Date,Player,Player_MLBAM_ID,Player_Type,Team,Opponent,Season,Game_ID,Game_Index,Team_ID,Opponent_ID,Is_Home,Opp_Starter_ID,Opp_Starter_Player,H,TB,R,HR,RBI,PA,AB,BB,SO,Batting_Order,Team_PA_share,wOBA,xwOBA,ISO,Barrel%,HardHit%,Opp_Pitcher_ERA_3,Opp_Pitcher_K9_3,Opp_Bullpen_ERA_7,Park_Factor,Wind_Out_MPH,Temp_F,Did_Not_Play,Rest_Days,Month_sin,Month_cos,DayOfWeek_sin,DayOfWeek_cos,Market_H,Market_TB,Market_R,Market_HR,Market_RBI,Synthetic_Market_H,Synthetic_Market_TB,Synthetic_Market_R,Synthetic_Market_HR,Synthetic_Market_RBI,Market_Source_H,Market_Source_TB,Market_Source_R,Market_Source_HR,Market_Source_RBI,Market_H_books,Market_TB_books,Market_R_books,Market_HR_books,Market_RBI_books,Market_H_over_price,Market_TB_over_price,Market_R_over_price,Market_HR_over_price,Market_RBI_over_price,Market_H_under_price,Market_TB_under_price,Market_R_under_price,Market_HR_under_price,Market_RBI_under_price,Market_H_line_std,Market_TB_line_std,Market_R_line_std,Market_HR_line_std,Market_RBI_line_std,Market_Fetched_At_UTC,H_market_gap,TB_market_gap,R_market_gap,HR_market_gap,RBI_market_gap,H_rolling_avg,TB_rolling_avg,R_rolling_avg,HR_rolling_avg,RBI_rolling_avg,H_lag1,TB_lag1,R_lag1,HR_lag1,RBI_lag1,Matchup_Network_Version,Matchup_Network_Batter_Support,Matchup_Network_Pitcher_Support,Pitcher_Profile_Uncertainty,Batter_Vs_Starter_Games,Matchup_Network_Confidence,Batter_Profile_H_Strength,Pitcher_Profile_H_Vulnerability,Batter_Vs_Starter_H_Lift,Archetype_Neighbor_H_Games,Archetype_Neighbor_H_Effective_Support,Archetype_Neighbor_H_Lift,Matchup_Network_H_Score,Matchup_Network_H_Adjustment,Batter_Profile_TB_Strength,Pitcher_Profile_TB_Vulnerability,Batter_Vs_Starter_TB_Lift,Archetype_Neighbor_TB_Games,Archetype_Neighbor_TB_Effective_Support,Archetype_Neighbor_TB_Lift,Matchup_Network_TB_Score,Matchup_Network_TB_Adjustment,Batter_Profile_R_Strength,Pitcher_Profile_R_Vulnerability,Batter_Vs_Starter_R_Lift,Archetype_Neighbor_R_Games,Archetype_Neighbor_R_Effective_Support,Archetype_Neighbor_R_Lift,Matchup_Network_R_Score,Matchup_Network_R_Adjustment,Batter_Profile_HR_Strength,Pitcher_Profile_HR_Vulnerability,Batter_Vs_Starter_HR_Lift,Archetype_Neighbor_HR_Games,Archetype_Neighbor_HR_Effective_Support,Archetype_Neighbor_HR_Lift,Matchup_Network_HR_Score,Matchup_Network_HR_Adjustment,Batter_Profile_RBI_Strength,Pitcher_Profile_RBI_Vulnerability,Batter_Vs_Starter_RBI_Lift,Archetype_Neighbor_RBI_Games,Archetype_Neighbor_RBI_Effective_Support,Archetype_Neighbor_RBI_Lift,Matchup_Network_RBI_Score,Matchup_Network_RBI_Adjustment
2026-03-02,Wyatt_Langford,694671,hitter,TEX,CLE,2026,831874,0,140,114,1,677944.0,Slade_Cecconi,1.0,4.0,1.0,1.0,2.0,2.0,2.0,0.0,0.0,2.0,0.0606060606060606,1.05,1.05,1.5,30.0,65.0,4.1,8.2,4.0,1.0611111111111111,5.0,84.0,0,2.0,1.0,6.123233995736766e-17,0.0,1.0,0.5,3.5,0.5,0.5,1.5,0.5,3.5,0.5,0.5,1.5,synthetic,synthetic,synthetic,synthetic,synthetic,0.0,0.0,0.0,0.0,0.0,-110.0,-110.0,-110.0,-110.0,-110.0,-110.0,-110.0,-110.0,-110.0,-110.0,0.0,0.0,0.0,0.0,0.0,2026-08-28T01:24:59.045926+00:00,0.517090909090909,1.7662651515151513,0.8306136363636367,0.7695555555555553,0.4732727272727275,1.0,4.0,1.0,1.0,2.0,1.0,4.0,1.0,1.0,2.0,,0.0,0.0,1.0,0.0,0.0,0.0,0.0,0.0,0.0,0.0,0.0,0.0,0.0,0.0,0.0,0.0,0.0,0.0,0.0,0.0,0.0,0.0,0.0,0.0,0.0,0.0,0.0,0.0,0.0,0.0,0.0,0.0,0.0,0.0,0.0,0.0,0.0,0.0,0.0,0.0,0.0,0.0,0.0,0.0,0.0
2026-03-05,Wyatt_Langford,694671,hitter,TEX,KC,2026,831733,1,140,118,0,666142.0,Cole_Ragans,2.0,5.0,2.0,1.0,3.0,3.0,2.0,1.0,0.0,2.0,0.0535714285714285,1.2266666666666668,1.2266666666666668,1.5,30.0,65.0,4.1,8.2,0.75,1.0611111111111111,19.0,70.0,0,3.0,1.0,6.123233995736766e-17,0.43388373911755823,-0.900968867902419,0.5,3.5,0.5,0.5,1.5,0.5,3.5,0.5,0.5,1.5,synthetic,synthetic,synthetic,synthetic,synthetic,0.0,0.0,0.0,0.0,0.0,-110.0,-110.0,-110.0,-110.0,-110.0,-110.0,-110.0,-110.0,-110.0,-110.0,0.0,0.0,0.0,0.0,0.0,2026-08-28T01:24:59.045926+00:00,0.31141666666666656,1.8380833333333344,0.7564166666666667,0.7695555555555553,0.35550000000000015,1.0,4.0,1.0,1.0,2.0,1.0,4.0,1.0,1.0,2.0,batter_pitcher_profile_network_v2,0.0333333333333333,0.0,1.0,0.0,0.0166666666666666,1.0,0.0,0.0,0.0,0.0,0.0,0.0,0.0,1.0,0.0,0.0,0.0,0.0,0.0,0.0,0.0,0.9375,0.0,0.0,0.0,0.0,0.0,0.0,0.0,1.0,0.0,0.0,0.0,0.0,0.0,0.0,0.0,0.9625,0.0,0.0,0.0,0.0,0.0,0.0,0.0
2026-03-07,Wyatt_Langford,694671,hitter,TEX,SF,2026,831726,2,140,137,0,687931.0,Carson_Whisenhunt,1.0,2.0,0.0,0.0,0.0,3.0,3.0,0.0,1.0,2.0,0.075,0.4233333333333333,0.4233333333333333,0.3333333333333333,28.33333333333333,65.0,21.6,10.800000000000002,8.95846153846154,1.038888888888889,-11.0,75.0,0,2.0,1.0,6.123233995736766e-17,-0.9749279121818236,-0.2225209339563146,1.5,4.5,1.5,0.5,2.5,1.5,4.5,1.5,0.5,2.5,synthetic,synthetic,synthetic,synthetic,synthetic,0.0,0.0,0.0,0.0,0.0,-110.0,-110.0,-110.0,-110.0,-110.0,-110.0,-110.0,-110.0,-110.0,-110.0,0.0,0.0,0.0,0.0,0.0,2026-08-28T01:24:59.045926+00:00,0.0339217948717947,-0.4606833333333338,0.21200641025641032,0.4666111111111111,0.05012307692307694,1.5,4.5,1.5,1.0,2.5,2.0,5.0,2.0,1.0,3.0,batter_pitcher_profile_network_v2,0.0666666666666666,0.0,1.0,0.0,0.0333333333333333,1.0,0.0,0.0,0.0,0.0,0.0,0.0,0.0,1.0,0.0,0.0,0.0,0.0,0.0,0.0,0.0,0.9375,0.0,0.0,0.0,0.0,0.0,0.0,0.0,1.0,0.0,0.0,0.0,0.0,0.0,0.0,0.0,0.9625,0.0,0.0,0.0,0.0,0.0,0.0,0.0
2026-03-08,Wyatt_Langford,694671,hitter,TEX,LAA,2026,831813,3,140,108,1,682989.0,Victor_Mederos,1.0,1.0,1.0,0.0,0.0,3.0,3.0,0.0,1.0,2.0,0.0769230769230769,0.2966666666666667,0.2966666666666667,0.0,0.0,35.6,4.1,8.2,7.386734693877551,1.0611111111111111,-18.0,84.0,0,1.0,1.0,6.123233995736766e-17,-0.7818314824680299,0.6234898018587334,1.5,3.5,0.5,0.5,1.5,1.5,3.5,0.5,0.5,1.5,synthetic,synthetic,synthetic,synthetic,synthetic,0.0,0.0,0.0,0.0,0.0,-110.0,-110.0,-110.0,-110.0,-110.0,-110.0,-110.0,-110.0,-110.0,-110.0,0.0,0.0,0.0,0.0,0.0,2026-08-28T01:24:59.045926+00:00,-0.09678702250130788,-0.8415833333333329,0.4661764782836212,-0.013777777777777833,-0.11086839351125066,1.3333333333333333,3.6666666666666665,1.0,0.6666666666666666,1.6666666666666667,1.0,2.0,0.0,0.0,0.0,batter_pitcher_profile_network_v2,0.1,0.0,1.0,0.0,0.05,0.9249999999999998,0.0,0.0,0.0,0.0,0.0,0.0,0.0,0.95,0.0,0.0,0.0,0.0,0.0,0.0,0.0,0.8875,0.0,0.0,0.0,0.0,0.0,0.0,0.0,1.0,0.0,0.0,0.0,0.0,0.0,0.0,0.0,0.9625,0.0,0.0,0.0,0.0,0.0,0.0,0.0
2026-03-10,Wyatt_Langford,694671,hitter,TEX,CHC,2026,831920,4,140,112,1,690990.0,,1.0,2.0,1.0,0.0,0.0,3.0,3.0,0.0,0.0,2.0,0.081081081081081,0.4233333333333333,0.4233333333333333,0.3333333333333333,28.33333333333333,65.0,4.1,8.2,8.571428571428571,1.0611111111111111,-5.0,73.0,0,2.0,1.0,6.123233995736766e-17,0.7818314824680298,0.6234898018587336,1.5,2.5,0.5,0.5,1.5,1.5,2.5,0.5,0.5,1.5,synthetic,synthetic,synthetic,synthetic,synthetic,0.0,0.0,0.0,0.0,0.0,-110.0,-110.0,-110.0,-110.0,-110.0,-110.0,-110.0,-110.0,-110.0,-110.0,0.0,0.0,0.0,0.0,0.0,2026-08-28T01:24:59.045926+00:00,-0.15170400348397073,0.06582703678296475,0.7401086385450386,0.023568122222222154,-0.2924466703549977,1.25,3.0,1.0,0.5,1.25,1.0,1.0,1.0,0.0,0.0,batter_pitcher_profile_network_v2,0.1333333333333333,0.05,0.9425,0.0,0.0783938541666666,0.7119318181818179,-0.7640000000000001,0.0,0.0,0.0,0.0,-0.0041700219696969,-0.0004170021969696,0.8079545454545453,-0.804,0.0,0.0,0.0,0.0,-0.0049802318181818,-0.000796837090909,0.7454545454545453,-0.7288888888888888,0.0,0.0,0.0,0.0,-0.0041657104377104,-0.0002082855218855,1.0,-0.804,0.0,0.0,0.0,0.0,-0.006164,-0.0001541,0.9625,-0.8344444444444444,0.0,0.0,0.0,0.0,-0.0061575046296296,-0.0003694502777777
2026-03-12,Wyatt_Langford,694671,hitter,TEX,ATH,2026,831936,5,140,133,1,669372.0,JT_Ginn,2.0,5.0,1.0,1.0,3.0,3.0,3.0,0.0,1.0,2.0,0.081081081081081,0.9966666666666668,0.9966666666666668,1.0,30.0,65.0,6.0,7.5,9.626159554730984,1.0611111111111111,0.0,86.0,0,2.0,1.0,6.123233995736766e-17,0.43388373911755823,-0.900968867902419,1.5,2.5,0.5,0.5,0.5,1.5,2.5,0.5,0.5,0.5,synthetic,synthetic,synthetic,synthetic,synthetic,0.0,0.0,0.0,0.0,0.0,-110.0,-110.0,-110.0,-110.0,-110.0,-110.0,-110.0,-110.0,-110.0,-110.0,0.0,0.0,0.0,0.0,0.0,2026-08-28T01:24:59.045926+00:00,-0.046668799666831795,1.1433690037485622,1.109626838752908,0.12535945945624882,0.7642060693708235,1.2,2.8,1.0,0.4,1.0,1.0,2.0,1.0,0.0,0.0,batter_pitcher_profile_network_v2,0.1666666666666666,0.1,0.758526988527661,0.0,0.1090413777238694,0.8580357142857145,0.22075,0.0,0.0,0.0,0.0,0.0076229562140625,0.0007622956214062,0.905357142857143,0.470875,0.0,0.0,0.0,0.0,0.017157061716803,0.0027451298746884,0.842857142857143,0.731125,0.0,0.0,0.0,0.0,0.0248006437505955,0.0012400321875297,1.0,0.7989999999999999,0.0,0.0,0.0,0.0,0.0321561560277331,0.0008039039006933,0.9625,0.6655,0.0,0.0,0.0,0.0,0.0257790047153808,0.0015467402829228
2026-03-13,Wyatt_Langford,694671,hitter,TEX,COL,2026,831731,6,140,115,0,500779.0,Jose_Quintana,0.0,0.0,1.0,0.0,0.0,3.0,2.0,1.0,1.0,2.0,0.0652173913043478,0.2299999999999999,0.2299999999999999,0.0,0.0,27.6,4.1,8.2,1.7092436974789915,1.0611111111111111,2.0,89.0,0,1.0,1.0,6.123233995736766e-17,-0.433883739117558,-0.9009688679024191,1.5,2.5,0.5,0.5,1.5,1.5,2.5,0.5,0.5,1.5,synthetic,synthetic,synthetic,synthetic,synthetic,0.0,0.0,0.0,0.0,0.0,-110.0,-110.0,-110.0,-110.0,-110.0,-110.0,-110.0,-110.0,-110.0,-110.0,0.0,0.0,0.0,0.0,0.0,2026-08-28T01:24:59.045926+00:00,-0.13242735355011548,0.12230072463768105,0.2708860979174278,-0.10044444444444445,-0.26584216295213725,1.4,3.0,1.0,0.4,1.2,2.0,5.0,1.0,1.0,3.0,batter_pitcher_profile_network_v2,0.2,0.0,1.0,0.0,0.1,0.7319852941176468,0.0,0.0,0.0,0.0,0.0,0.0,0.0,0.8213235294117646,0.0,0.0,0.0,0.0,0.0,0.0,0.0,0.7588235294117646,0.0,0.0,0.0,0.0,0.0,0.0,0.0,1.0,0.0,0.0,0.0,0.0,0.0,0.0,0.0,0.9625,0.0,0.0,0.0,0.0,0.0,0.0,0.0
2026-03-14,Wyatt_Langford,694671,hitter,TEX,SD,2026,831770,7,140,135,1,594835.0,,3.0,6.0,2.0,1.0,2.0,4.0,3.0,1.0,0.0,2.0,0.0655737704918032,1.1425,1.1425,1.0,30.0,65.0,4.1,8.2,0.9107142857142858,1.0611111111111111,-7.0,87.0,0,1.0,1.0,6.123233995736766e-17,-0.9749279121818236,-0.2225209339563146,0.5,1.5,0.5,0.5,0.5,0.5,1.5,0.5,0.5,0.5,synthetic,synthetic,synthetic,synthetic,synthetic,0.0,0.0,0.0,0.0,0.0,-110.0,-110.0,-110.0,-110.0,-110.0,-110.0,-110.0,-110.0,-110.0,-110.0,0.0,0.0,0.0,0.0,0.0,2026-08-28T01:24:59.045926+00:00,0.2748220140515222,1.413314890710382,0.6052836651053863,-0.015444444444444427,0.08040046838407489,1.0,2.0,0.8,0.2,0.6,0.0,0.0,1.0,0.0,0.0,batter_pitcher_profile_network_v2,0.2333333333333333,0.0,1.0,0.0,0.1166666666666666,0.6377182539682541,0.0,0.0,0.0,0.0,0.0,0.0,0.0,0.7579761904761906,0.0,0.0,0.0,0.0,0.0,0.0,0.0,0.7000000000000001,0.0,0.0,0.0,0.0,0.0,0.0,0.0,0.993968253968254,0.0,0.0,0.0,0.0,0.0,0.0,0.0,0.956468253968254,0.0,0.0,0.0,0.0,0.0,0.0,0.0
2026-03-16,Wyatt_Langford,694671,hitter,TEX,CWS,2026,831905,8,140,145,1,680732.0,Sean_Burke,1.0,2.0,0.0,0.0,0.0,4.0,2.0,2.0,0.0,2.0,0.1081081081081081,0.6625,0.6625,0.5,30.0,65.0,12.0,9.0,4.542857142857144,1.0611111111111111,-5.0,90.0,0,2.0,1.0,6.123233995736766e-17,0.0,1.0,1.5,2.5,1.5,0.5,0.5,1.5,2.5,1.5,0.5,0.5,synthetic,synthetic,synthetic,synthetic,synthetic,0.0,0.0,0.0,0.0,0.0,-110.0,-110.0,-110.0,-110.0,-110.0,-110.0,-110.0,-110.0,-110.0,-110.0,0.0,0.0,0.0,0.0,0.0,2026-08-28T01:24:59.045926+00:00,0.14938288963320456,0.9812066647207209,-0.02721965256685266,0.09982235555555552,0.7606419389446588,1.4,2.8,1.2,0.4,1.0,3.0,6.0,2.0,1.0,2.0,batter_pitcher_profile_network_v2,0.2666666666666666,0.05,0.9425,0.0,0.1450605208333333,0.76875,0.6360000000000001,0.0,0.0,0.0,0.0,0.00749685,0.000749685,0.8458333333333333,0.696,0.0,0.0,0.0,0.0,0.0090267333333333,0.0014442773333333,0.7833333333333334,0.4933333333333333,0.0,0.0,0.0,0.0,0.0059254814814814,0.000296274074074,1.0,0.696,0.0,0.0,0.0,0.0,0.010672,0.0002668,0.9625,0.6933333333333334,0.0,0.0,0.0,0.0,0.0102324444444444,0.0006139466666666
2026-03-18,Wyatt_Langford,694671,hitter,TEX,KC,2026,831833,9,140,118,1,608379.0,Michael_Wacha,1.0,4.0,1.0,1.0,3.0,4.0,4.0,0.0,0.0,2.0,0.0930232558139534,0.525,0.525,0.75,30.0,65.0,5.4,14.850000000000001,3.3642857142857143,1.0611111111111111,0.0,95.0,0,2.0,1.0,6.123233995736766e-17,0.9749279121818236,-0.22252093395631434,1.5,2.5,0.5,0.5,0.5,1.5,2.5,0.5,0.5,0.5,synthetic,synthetic,synthetic,synthetic,synthetic,0.0,0.0,0.0,0.0,0.0,-110.0,-110.0,-110.0,-110.0,-110.0,-110.0,-110.0,-110.0,-110.0,-110.0,0.0,0.0,0.0,0.0,0.0,2026-08-28T01:24:59.045926+00:00,-0.46966238135150995,0.7663097165566448,0.4115264605910749,0.06230395555555546,0.32289237422980377,1.4,3.0,1.0,0.4,1.0,1.0,2.0,0.0,0.0,0.0,batter_pitcher_profile_network_v2,0.3,0.05,0.9425,0.0,0.1617271874999999,0.8580357142857145,0.1274705882352941,0.0,0.0,0.0,0.0,0.0018867069721638,0.0001886706972163,0.905357142857143,0.3581691176470588,0.0,0.0,0.0,0.0,0.0055936742154674,0.0008949878744747,0.842857142857143,0.8293014705882352,0.0,0.0,0.0,0.0,0.0120574510241596,0.0006028725512079,1.0,0.576,0.0,0.0,0.0,0.0,0.0099359999999999,0.0002483999999999,0.9625,0.7857352941176471,0.0,0.0,0.0,0.0,0.013045661305147,0.0007827396783088
2026-03-20,Wyatt_Langford,694671,hitter,TEX,SF,2026,831749,10,140,137,1,702352.0,Spencer_Bivens,1.0,1.0,0.0,0.0,0.0,3.0,3.0,0.0,1.0,2.0,0.0833333333333333,0.2966666666666667,0.2966666666666667,0.0,0.0,35.6,4.1,8.2,1.6428571428571428,1.0611111111111111,0.0,101.0,0,2.0,1.0,6.123233995736766e-17,-0.433883739117558,-0.9009688679024191,1.5,3.5,0.5,0.5,1.5,1.5,3.5,0.5,0.5,1.5,synthetic,synthetic,synthetic,synthetic,synthetic,0.0,0.0,0.0,0.0,0.0,-110.0,-110.0,-110.0,-110.0,-110.0,-110.0,-110.0,-110.0,-110.0,-110.0,0.0,0.0,0.0,0.0,0.0,2026-08-28T01:24:59.045926+00:00,-0.19245238095238082,-0.7199166666666663,0.32705952380952374,0.039555555555555566,0.04414285714285704,1.4,3.4,1.0,0.6,1.6,1.0,4.0,1.0,1.0,3.0,batter_pitcher_profile_network_v2,0.3333333333333333,0.0,1.0,0.0,0.1666666666666666,0.9249999999999998,0.0,0.0,0.0,0.0,0.0,0.0,0.0,0.95,0.0,0.0,0.0,0.0,0.0,0.0,0.0,0.8875,0.0,0.0,0.0,0.0,0.0,0.0,0.0,1.0,0.0,0.0,0.0,0.0,0.0,0.0,0.0,0.9625,0.0,0.0,0.0,0.0,0.0,0.0,0.0
2026-03-23,Wyatt_Langford,694671,hitter,TEX,KC,2026,831838,11,140,118,1,608379.0,Michael_Wacha,1.0,1.0,0.0,0.0,0.0,4.0,4.0,0.0,0.0,2.0,0.1142857142857142,0.2225,0.2225,0.0,0.0,26.7,8.1,13.5,4.894662480376766,1.08,-4.0,77.0,0,3.0,1.0,6.123233995736766e-17,0.0,1.0,1.5,2.5,0.5,0.5,0.5,1.5,2.5,0.5,0.5,0.5,synthetic,synthetic,synthetic,synthetic,synthetic,0.0,0.0,0.0,0.0,0.0,-110.0,-110.0,-110.0,-110.0,-110.0,-110.0,-110.0,-110.0,-110.0,-110.0,0.0,0.0,0.0,0.0,0.0,2026-08-28T01:24:59.045926+00:00,-0.5204313650058984,-0.6083655240881662,0.22384522960304998,-0.19072758248949384,0.34314996225637184,1.2,2.6,0.8,0.4,1.0,1.0,1.0,0.0,0.0,0.0,batter_pitcher_profile_network_v2,0.3666666666666666,0.1,0.7598998779020105,1.0,0.2277745598290336,0.8580357142857145,0.4035882352941177,-0.0303030303030303,0.0,0.0,0.0,0.0038213577903116,0.0003821357790311,0.905357142857143,0.5239926470588236,0.0808080808080807,0.0,0.0,0.0,0.1128717244489595,0.0180594759118335,0.842857142857143,0.8350857843137256,0.0202020202020202,0.0,0.0,0.0,0.0797421116842344,0.0039871055842117,1.0,0.558,0.1111111111111111,0.0,0.0,0.0,0.1468967004202492,0.0036724175105062,0.9625,0.8655392156862747,0.1111111111111111,0.0,0.0,0.0,0.1711139706255593,0.0102668382375335
2026-03-24,Wyatt_Langford,694671,hitter,TEX,KC,2026,831837,12,140,118,1,607625.0,Seth_Lugo,0.0,0.0,0.0,0.0,0.0,2.0,1.0,1.0,0.0,2.0,0.054054054054054,0.345,0.345,0.0,0.0,41.4,4.1,8.2,4.766091051805338,1.08,0.0,74.0,0,1.0,1.0,6.123233995736766e-17,0.7818314824680298,0.6234898018587336,1.5,2.5,0.5,0.5,0.5,1.5,2.5,0.5,0.5,0.5,synthetic,synthetic,synthetic,synthetic,synthetic,0.0,0.0,0.0,0.0,0.0,-110.0,-110.0,-110.0,-110.0,-110.0,-110.0,-110.0,-110.0,-110.0,-110.0,0.0,0.0,0.0,0.0,0.0,2026-08-28T01:24:59.045926+00:00,-0.227496898468327,-0.513072972972973,0.07691266069837488,-0.19440000000000002,0.2923721201578344,1.4,2.8,0.6,0.4,1.0,1.0,1.0,0.0,0.0,0.0,batter_pitcher_profile_network_v2,0.4,0.0,1.0,0.0,0.2,0.8884437321937324,0.0,0.0,0.0,0.0,0.0,0.0,0.0,0.9235844017094016,0.0,0.0,0.0,0.0,0.0,0.0,0.0,0.8794871794871795,0.0,0.0,0.0,0.0,0.0,0.0,0.0,0.9754629629629632,0.0,0.0,0.0,0.0,0.0,0.0,0.0,0.9379629629629632,0.0,0.0,0.0,0.0,0.0,0.0,0.0
2026-03-26,Wyatt_Langford,694671,hitter,TEX,PHI,2026,823486,13,140,143,0,650911.0,Cristopher_Sánchez,0.0,0.0,0.0,0.0,0.0,4.0,4.0,0.0,2.0,2.0,0.1111111111111111,0.0,0.0,0.0,0.0,10.0,4.1,8.2,6.642857142857143,1.08,16.0,76.0,0,2.0,1.0,6.123233995736766e-17,0.43388373911755823,-0.900968867902419,0.5,1.5,0.5,0.5,0.5,0.5,1.5,0.5,0.5,0.5,synthetic,synthetic,synthetic,synthetic,synthetic,0.0,0.0,0.0,0.0,0.0,-110.0,-110.0,-110.0,-110.0,-110.0,-110.0,-110.0,-110.0,-110.0,-110.0,0.0,0.0,0.0,0.0,0.0,2026-08-28T01:24:59.045926+00:00,0.39278095238095245,-0.49001666666666677,-0.20310714285714282,-0.33440000000000003,0.077809523809524,0.8,1.6,0.2,0.2,0.6,0.0,0.0,0.0,0.0,0.0,batter_pitcher_profile_network_v2,0.4333333333333333,0.0,1.0,0.0,0.2166666666666666,0.9013047217010632,0.0,0.0,0.0,0.0,0.0,0.0,0.0,0.9312757973733584,0.0,0.0,0.0,0.0,0.0,0.0,0.0,0.8951219512195121,0.0,0.0,0.0,0.0,0.0,0.0,0.0,0.964871794871795,0.0,0.0,0.0,0.0,0.0,0.0,0.0,0.9273717948717948,0.0,0.0,0.0,0.0,0.0,0.0,0.0
2026-03-28,Wyatt_Langford,694671,hitter,TEX,PHI,2026,823488,14,140,143,0,605400.0,Aaron_Nola,1.0,1.0,1.0,0.0,0.0,5.0,5.0,0.0,1.0,2.0,0.119047619047619,0.178,0.178,0.0,0.0,21.36,3.375,10.5,7.714285714285714,1.08,-18.0,45.0,0,2.0,1.0,6.123233995736766e-17,-0.9749279121818236,-0.2225209339563146,0.5,1.5,0.5,0.5,0.5,0.5,1.5,0.5,0.5,0.5,synthetic,synthetic,synthetic,synthetic,synthetic,0.0,0.0,0.0,0.0,0.0,-110.0,-110.0,-110.0,-110.0,-110.0,-110.0,-110.0,-110.0,-110.0,-110.0,0.0,0.0,0.0,0.0,0.0,2026-08-28T01:24:59.045926+00:00,0.050412223317300775,-0.6507030639770651,-0.041787293948259974,-0.334641213615604,0.19380567726182485,0.6,1.2,0.2,0.2,0.6,0.0,0.0,0.0,0.0,0.0,batter_pitcher_profile_network_v2,0.4666666666666667,0.1,0.7983017449694043,0.0,0.2585541369574581,0.7412896825396825,-0.1756904761904762,0.0,0.0,0.0,0.0,-0.0122587192079443,-0.0012258719207944,0.8217658730158729,-0.1174107142857142,0.0,0.0,0.0,0.0,-0.0090816498566566,-0.001453063977065,0.8111111111111111,-0.0397083333333331,0.0,0.0,0.0,0.0,-0.0030315932509124,-0.0001515796625456,0.930873015873016,-0.1101190476190476,0.0,0.0,0.0,0.0,-0.0096485446241614,-0.000241213615604,0.8933730158730158,-0.0611666666666665,0.0,0.0,0.0,0.0,-0.0051434742076848,-0.000308608452461
2026-03-29,Wyatt_Langford,694671,hitter,TEX,PHI,2026,823487,15,140,143,0,666200.0,Jesús_Luzardo,0.0,0.0,0.0,0.0,0.0,5.0,5.0,0.0,1.0,2.0,0.1282051282051282,0.0,0.0,0.0,0.0,10.0,1.2,11.6,7.971428571428572,1.08,13.0,54.0,0,1.0,1.0,6.123233995736766e-17,-0.7818314824680299,0.6234898018587334,0.5,0.5,0.5,0.5,0.5,0.5,0.5,0.5,0.5,0.5,synthetic,synthetic,synthetic,synthetic,synthetic,0.0,0.0,0.0,0.0,0.0,-110.0,-110.0,-110.0,-110.0,-110.0,-110.0,-110.0,-110.0,-110.0,-110.0,0.0,0.0,0.0,0.0,0.0,2026-08-28T01:24:59.045926+00:00,0.19963540094641452,0.04244446308132088,0.022298853765969073,-0.47604039078777016,-0.24679436574105906,0.6,0.6,0.2,0.0,0.0,1.0,1.0,1.0,0.0,0.0,batter_pitcher_profile_network_v2,0.5,0.15,0.7783936474357247,0.0,0.2881970167283685,0.703572222222222,-0.3527470862470864,0.0,0.0,0.0,0.0,-0.0274994703893359,-0.0027499470389335,0.7948666666666666,-0.4403650932400934,0.0,0.0,0.0,0.0,-0.0387846057417444,-0.0062055369186791,0.7999999999999999,-0.577834595959596,0.0,0.0,0.0,0.0,-0.0512207268784231,-0.0025610363439211,0.9098222222222224,-0.6508764568764569,0.0,0.0,0.0,0.0,-0.0656156315108091,-0.0016403907877702,0.8723222222222222,-0.5405808080808081,0.0,0.0,0.0,0.0,-0.0522504180286425,-0.0031350250817185
2026-03-30,Wyatt_Langford,694671,hitter,TEX,BAL,2026,824863,16,140,110,0,605135.0,Chris_Bassitt,1.0,1.0,0.0,0.0,0.0,5.0,5.0,0.0,1.0,2.0,0.1136363636363636,0.178,0.178,0.0,0.0,21.36,1.5,5.75,1.6408591408591409,1.08,8.0,70.0,0,1.0,1.0,6.123233995736766e-17,0.0,1.0,0.5,0.5,0.5,0.5,0.5,0.5,0.5,0.5,0.5,0.5,synthetic,synthetic,synthetic,synthetic,synthetic,0.0,0.0,0.0,0.0,0.0,-110.0,-110.0,-110.0,-110.0,-110.0,-110.0,-110.0,-110.0,-110.0,-110.0,0.0,0.0,0.0,0.0,0.0,2026-08-28T01:24:59.045926+00:00,0.01849725469549357,-0.15324641296363117,-0.3520138793265375,-0.4747722762142308,-0.5,0.4,0.4,0.2,0.0,0.0,0.0,0.0,0.0,0.0,0.0,batter_pitcher_profile_network_v2,0.5333333333333333,0.1,0.8722747564417435,0.0,0.2909813009002553,0.6636275252525254,-0.0919999999999999,0.0,0.0,0.0,0.0,-0.0041589881766002,-0.00041589881766,0.7660445075757576,-0.2499999999999999,0.0,0.0,0.0,0.0,-0.0130457628408771,-0.0020873220545403,0.790909090909091,0.0413333333333334,0.0,0.0,0.0,0.0,0.0022269089737478,0.0001113454486873,0.8743993055555557,-0.2499999999999999,0.0,0.0,0.0,0.0,-0.0148910485692338,-0.0003722762142308,0.8460138888888888,-0.1586666666666666,0.0,0.0,0.0,0.0,-0.0091440513930155,-0.0005486430835809
2026-03-31,Wyatt_Langford,694671,hitter,TEX,BAL,2026,824861,17,140,110,0,621107.0,,2.0,4.0,1.0,0.0,1.0,5.0,5.0,0.0,1.0,2.0,0.1162790697674418,0.502,0.502,0.4,30.0,65.0,4.1,8.2,1.9163693449407737,1.08,17.0,82.0,0,1.0,1.0,6.123233995736766e-17,0.7818314824680298,0.6234898018587336,0.5,0.5,0.5,0.5,0.5,0.5,0.5,0.5,0.5,0.5,synthetic,synthetic,synthetic,synthetic,synthetic,0.0,0.0,0.0,0.0,0.0,-110.0,-110.0,-110.0,-110.0,-110.0,-110.0,-110.0,-110.0,-110.0,-110.0,0.0,0.0,0.0,0.0,0.0,2026-08-28T01:24:59.045926+00:00,0.09485663082550622,0.5941373026329804,-0.1639772062298927,-0.3034164083540377,-0.4192653553814245,0.4,0.4,0.2,0.0,0.0,1.0,1.0,0.0,0.0,0.0,batter_pitcher_profile_network_v2,0.5666666666666667,0.1,0.6544839310468094,0.0,0.3103159051780099,0.6364754901960785,-1.0,0.0,0.0,0.0,0.0,-0.1246170886359756,-0.0124617088635975,0.7466274509803921,-1.0,0.0,0.0,0.0,0.0,-0.1461840097066621,-0.0233894415530659,0.7833333333333334,-0.9333333333333332,0.0,0.0,0.0,0.0,-0.1431460276781626,-0.0071573013839081,0.8205441176470588,-1.0,0.0,0.0,0.0,0.0,-0.1606563341615098,-0.0040164083540377,0.8302254901960784,-0.9666666666666668,0.0,0.0,0.0,0.0,-0.1571334779162459,-0.0094280086749747
2026-04-01,Wyatt_Langford,694671,hitter,TEX,BAL,2026,824860,18,140,110,0,669432.0,Trevor_Rogers,0.0,0.0,0.0,0.0,0.0,4.0,4.0,0.0,1.0,2.0,0.1111111111111111,0.0,0.0,0.0,0.0,10.0,2.625,8.330357142857144,3.6038693449407737,1.08,5.0,81.0,0,1.0,0.8660254037844387,-0.4999999999999998,0.9749279121818236,-0.22252093395631434,0.5,1.5,0.5,0.5,0.5,0.5,1.5,0.5,0.5,0.5,synthetic,synthetic,synthetic,synthetic,synthetic,0.0,0.0,0.0,0.0,0.0,-110.0,-110.0,-110.0,-110.0,-110.0,-110.0,-110.0,-110.0,-110.0,-110.0,0.0,0.0,0.0,0.0,0.0,2026-08-28T01:24:59.045926+00:00,0.5692084398343402,-0.17585434384675436,-0.08589668292653097,-0.4739766959452138,-0.18451919513610282,0.8,1.2,0.4,0.0,0.2,2.0,4.0,1.0,0.0,1.0,batter_pitcher_profile_network_v2,0.6,0.2,0.8889534656257938,0.0,0.348220640092168,0.6397642450142447,0.2748366596638655,0.0,0.0,0.0,0.0,0.0117152317956641,0.0011715231795664,0.749895299145299,0.270485294117647,0.0,0.0,0.0,0.0,0.0135145176244529,0.0021623228199124,0.7769230769230767,0.4481232492997198,0.0,0.0,0.0,0.0,0.0231969965286067,0.0011598498264303,0.8725277777777778,0.2912573529411764,0.0,0.0,0.0,0.0,0.0169321621914509,0.0004233040547862,0.8431296296296296,0.4808315826330531,0.0,0.0,0.0,0.0,0.0270111825031963,0.0016206709501917
2026-04-03,Wyatt_Langford,694671,hitter,TEX,CIN,2026,822919,19,140,113,1,663903.0,Brady_Singer,2.0,5.0,0.0,0.0,1.0,4.0,4.0,0.0,0.0,2.0,0.1081081081081081,0.7225,0.7225,0.75,30.0,65.0,6.0,8.454545454545455,4.21789638932496,1.08,0.0,74.0,0,2.0,0.8660254037844387,-0.4999999999999998,-0.433883739117558,-0.9009688679024191,0.5,1.5,0.5,0.5,0.5,0.5,1.5,0.5,0.5,0.5,synthetic,synthetic,synthetic,synthetic,synthetic,0.0,0.0,0.0,0.0,0.0,-110.0,-110.0,-110.0,-110.0,-110.0,-110.0,-110.0,-110.0,-110.0,-110.0,0.0,0.0,0.0,0.0,0.0,2026-08-28T01:24:59.045926+00:00,0.2745335404565641,0.48911458916251416,0.20040670478736589,-0.2117878311687747,-0.09844779703340512,0.8,1.2,0.4,0.0,0.2,0.0,0.0,0.0,0.0,0.0,batter_pitcher_profile_network_v2,0.6333333333333333,0.3,0.713765413518278,0.0,0.3954357877198699,0.6015877828629544,0.4792025904203322,0.0,1.0,0.0,0.0,0.0522603869191953,0.0052260386919195,0.7227261632341723,0.2521394183773215,0.0,1.0,0.0,0.0,0.033034594427877,0.0052855351084603,0.7652173913043478,0.4571320055392636,0.0,1.0,0.0,0.0,0.0634133820980315,0.0031706691049015,0.8177967836257309,0.0302644183773216,0.0,1.0,0.0,0.0,0.0044867532490144,0.0001121688312253,0.8225116959064327,0.4216503747148908,0.0,1.0,0.0,0.0,0.0628708060868629,0.0037722483652117
2026-04-04,Wyatt_Langford,694671,hitter,TEX,CIN,2026,822920,20,140,113,1,695076.0,Rhett_Lowder,0.0,0.0,0.0,0.0,0.0,4.0,4.0,0.0,3.0,2.0,0.1142857142857142,0.0,0.0,0.0,0.0,10.0,3.1,9.6,4.110753532182104,1.08,0.0,74.0,0,1.0,0.8660254037844387,-0.4999999999999998,-0.9749279121818236,-0.2225209339563146,0.5,1.5,0.5,0.5,0.5,0.5,1.5,0.5,0.5,0.5,synthetic,synthetic,synthetic,synthetic,synthetic,0.0,0.0,0.0,0.0,0.0,-110.0,-110.0,-110.0,-110.0,-110.0,-110.0,-110.0,-110.0,-110.0,-110.0,0.0,0.0,0.0,0.0,0.0,2026-08-28T01:24:59.045926+00:00,0.6331776541241929,0.4582896344589793,-0.32507856639093413,-0.47582497057261247,-0.020795877067563473,1.0,2.0,0.2,0.0,0.4,2.0,5.0,0.0,0.0,1.0,batter_pitcher_profile_network_v2,0.6666666666666666,0.15,0.7010349376632187,0.0,0.3729518163537716,0.6493227549467275,0.0268522727272727,0.0,2.0,0.0,0.0,0.0034751283690891,0.0003475128369089,0.7555494292237442,-0.1311672077922078,0.0,2.0,0.0,0.0,-0.0197522846313794,-0.0031603655410207,0.7890410958904109,0.0805979437229438,0.0,2.0,0.0,0.0,0.0126751399992177,0.0006337569999608,0.8647194444444445,-0.3307207792207792,0.0,2.0,0.0,0.0,-0.0569988229045018,-0.0014249705726125,0.834511111111111,0.0266991341991342,0.0,2.0,0.0,0.0,0.004440772055523,0.0002664463233313
2026-04-05,Wyatt_Langford,694671,hitter,TEX,CIN,2026,822917,21,140,113,1,695505.0,Chase_Burns,0.0,0.0,0.0,0.0,0.0,4.0,4.0,0.0,1.0,2.0,0.1111111111111111,0.0,0.0,0.0,0.0,10.0,4.2,11.4,2.8250392464678176,1.08,0.0,68.0,0,1.0,0.8660254037844387,-0.4999999999999998,-0.7818314824680299,0.6234898018587334,0.5,1.5,0.5,0.5,0.5,0.5,1.5,0.5,0.5,0.5,synthetic,synthetic,synthetic,synthetic,synthetic,0.0,0.0,0.0,0.0,0.0,-110.0,-110.0,-110.0,-110.0,-110.0,-110.0,-110.0,-110.0,-110.0,-110.0,0.0,0.0,0.0,0.0,0.0,2026-08-28T01:24:59.045926+00:00,0.1747619384338457,-0.24852156059869235,-0.39519706155601314,-0.4752430102487169,-0.25084768490732134,1.0,2.0,0.2,0.0,0.4,0.0,0.0,0.0,0.0,0.0,batter_pitcher_profile_network_v2,0.7,0.25,0.7499323113330179,0.0,0.4145333229654263,0.5169977152477153,-0.4390060130940014,0.0,2.0,0.0,0.0,-0.039729647582003,-0.0039729647582003,0.6658124098124099,-0.3488291190539463,0.0,2.0,0.0,0.0,-0.0406555870751596,-0.0065048939320255,0.7129870129870131,-0.1921412398634227,0.0,2.0,0.0,0.0,-0.0239804775880814,-0.001199023879404,0.8155727513227514,-0.2361970768004251,0.0,2.0,0.0,0.0,-0.0337204099486782,-0.0008430102487169,0.8162671957671956,-0.2060291506615448,0.0,2.0,0.0,0.0,-0.0294385649563175,-0.001766313897379
2026-04-06,Wyatt_Langford,694671,hitter,TEX,SEA,2026,822918,22,140,136,1,669302.0,Logan_Gilbert,1.0,2.0,1.0,0.0,0.0,4.0,4.0,0.0,1.0,2.0,0.1290322580645161,0.3175,0.3175,0.25,21.25,49.35,6.75,12.9375,0.7959183673469388,1.08,0.0,70.0,0,1.0,0.8660254037844387,-0.4999999999999998,0.0,1.0,0.5,1.5,0.5,0.5,0.5,0.5,1.5,0.5,0.5,0.5,synthetic,synthetic,synthetic,synthetic,synthetic,0.0,0.0,0.0,0.0,0.0,-110.0,-110.0,-110.0,-110.0,-110.0,-110.0,-110.0,-110.0,-110.0,-110.0,0.0,0.0,0.0,0.0,0.0,2026-08-28T01:24:59.045926+00:00,-0.07964559862624515,0.09499305834323635,-0.29816338923199376,-0.35941546832102267,-0.23408526330029739,0.8,1.8,0.2,0.0,0.4,0.0,0.0,0.0,0.0,0.0,batter_pitcher_profile_network_v2,0.7333333333333333,0.25,0.825,0.0,0.4289010416666666,0.4901910774410773,-0.0028750000000001,0.0,3.0,0.0,0.0,-0.0001808600829475,-1.8086008294753843e-05,0.6465592031425365,-0.1081022727272728,0.0,3.0,0.0,0.0,-0.0089697966450968,-0.0014351674632154,0.7061728395061728,0.0187689393939394,0.0,3.0,0.0,0.0,0.0017009447873799,8.504723936899873e-05,0.7708939393939395,-0.2589545454545455,0.0,3.0,0.0,0.0,-0.0256187328409091,-0.0006404683210227,0.7996818181818182,0.0206060606060606,0.0,3.0,0.0,0.0,0.0021147141414141,0.0001268828484848
2026-04-07,Wyatt_Langford,694671,hitter,TEX,SEA,2026,822916,23,140,136,1,669923.0,George_Kirby,1.0,1.0,0.0,0.0,0.0,3.0,3.0,0.0,0.0,2.0,0.1071428571428571,0.2966666666666667,0.2966666666666667,0.0,0.0,35.6,3.0625,8.25,4.0,1.08,0.0,71.0,0,1.0,0.8660254037844387,-0.4999999999999998,0.7818314824680298,0.6234898018587336,0.5,1.5,0.5,0.5,0.5,0.5,1.5,0.5,0.5,0.5,synthetic,synthetic,synthetic,synthetic,synthetic,0.0,0.0,0.0,0.0,0.0,-110.0,-110.0,-110.0,-110.0,-110.0,-110.0,-110.0,-110.0,-110.0,-110.0,0.0,0.0,0.0,0.0,0.0,2026-08-28T01:24:59.045926+00:00,0.2579735229195387,-0.20715405569038103,-0.038153362029387516,-0.4747172950489329,-0.24374547085414006,0.6,1.4,0.2,0.0,0.2,1.0,2.0,1.0,0.0,0.0,batter_pitcher_profile_network_v2,0.7666666666666667,0.25,0.645564520281488,0.0,0.4510629198997128,0.4847983091787441,-0.108282913165266,0.0,4.0,0.0,0.0,-0.0142647708046143,-0.0014264770804614,0.6432862318840581,-0.0823806022408963,0.0,4.0,0.0,0.0,-0.0144003480648816,-0.002304055690381,0.7000000000000001,-0.1125080532212884,0.0,4.0,0.0,0.0,-0.0214005739210833,-0.0010700286960541,0.7895310990338166,-0.05915756302521,0.0,4.0,0.0,0.0,-0.0126918019573174,-0.0003172950489329,0.8035483091787439,-0.1332310924369746,0.0,4.0,0.0,0.0,-0.0290911809023339,-0.00174547085414
2026-04-08,Wyatt_Langford,694671,hitter,TEX,SEA,2026,822915,24,140,136,1,693433.0,Bryan_Woo,0.0,0.0,0.0,0.0,0.0,4.0,3.0,1.0,1.0,2.0,0.1290322580645161,0.1725,0.1725,0.0,0.0,20.7,1.5,9.071428571428571,0.7959183673469388,1.08,0.0,74.0,0,1.0,0.8660254037844387,-0.4999999999999998,0.9749279121818236,-0.22252093395631434,0.5,1.5,0.5,0.5,0.5,0.5,1.5,0.5,0.5,0.5,synthetic,synthetic,synthetic,synthetic,synthetic,0.0,0.0,0.0,0.0,0.0,-110.0,-110.0,-110.0,-110.0,-110.0,-110.0,-110.0,-110.0,-110.0,-110.0,0.0,0.0,0.0,0.0,0.0,2026-08-28T01:24:59.045926+00:00,0.2678661634656784,-0.2655976906260842,-0.382459922046564,-0.47717983301161726,-0.41981118618008423,0.8,1.6,0.2,0.0,0.2,1.0,1.0,0.0,0.0,0.0,batter_pitcher_profile_network_v2,0.8,0.25,0.849708737543635,0.0,0.4614776699127262,0.5075450336700338,-0.733578007518797,0.0,5.0,0.4528225620335264,-0.0095234806083629,-0.044765620116093,-0.0044765620116093,0.6582155934343435,-0.7920338345864661,0.0,5.0,0.4502725988390584,-0.0114456802614684,-0.0798494777033489,-0.0127759164325358,0.7170454545454547,-0.8016336996336996,0.0,5.0,0.3789617875205243,-0.0201188394945526,-0.0892297115040254,-0.0044614855752012,0.7615124421296295,-0.7920338345864661,0.0,5.0,0.4827782862379072,-0.0386755476359108,-0.1111933204646933,-0.0027798330116173,0.8007268518518518,-0.8232454212454212,0.0,5.0,0.3734092395520657,-0.0298582700217727,-0.1016506671883693,-0.0060990400313021
2026-04-10,Wyatt_Langford,694671,hitter,TEX,LAD,2026,823968,25,140,119,0,607192.0,Tyler_Glasnow,1.0,4.0,1.0,1.0,1.0,3.0,3.0,0.0,0.0,2.0,0.0769230769230769,0.7000000000000001,0.7000000000000001,1.0,30.0,65.0,2.6,14.1,4.8428571428571425,1.08,0.0,65.0,0,2.0,0.8660254037844387,-0.4999999999999998,-0.433883739117558,-0.9009688679024191,0.5,0.5,0.5,0.5,0.5,0.5,0.5,0.5,0.5,0.5,synthetic,synthetic,synthetic,synthetic,synthetic,0.0,0.0,0.0,0.0,0.0,-110.0,-110.0,-110.0,-110.0,-110.0,-110.0,-110.0,-110.0,-110.0,-110.0,0.0,0.0,0.0,0.0,0.0,2026-08-28T01:24:59.045926+00:00,-0.3530079817774301,1.351467482423725,0.04445475624514694,-0.15270286607946176,-0.25611413929286164,0.4,0.6,0.2,0.0,0.0,0.0,0.0,0.0,0.0,0.0,batter_pitcher_profile_network_v2,0.8333333333333334,0.3,0.7826902005953051,0.0,0.4929028017947892,0.4890632367149757,-0.5870467032967033,0.0,6.0,0.6684913140663051,-0.0179981147809223,-0.0519919056863892,-0.0051991905686389,0.6451262318840579,-0.576864010989011,0.0,6.0,0.7076629207506473,-0.0224983427777006,-0.1011407348517197,-0.0161825175762751,0.7108695652173913,-0.372426282051282,0.0,6.0,0.7272289623374877,-0.0392802140767726,-0.0872235564157424,-0.0043611778207871,0.7291130555555554,-0.5532032967032966,0.0,6.0,0.7533641107345275,-0.0590717950333135,-0.1321146431784742,-0.0033028660794618,0.7915088888888888,-0.3965631868131867,0.0,6.0,0.7210609960911313,-0.0512897597006196,-0.0953089149542877,-0.0057185348972572
2026-04-14,Wyatt_Langford,694671,hitter,TEX,ATH,2026,825022,26,140,133,0,605488.0,Jeffrey_Springs,0.0,0.0,0.0,0.0,0.0,4.0,3.0,1.0,1.0,2.0,0.1176470588235294,0.1725,0.1725,0.0,0.0,20.7,1.625,7.196428571428572,3.75,1.08,8.0,66.0,0,4.0,0.8660254037844387,-0.4999999999999998,0.7818314824680298,0.6234898018587336,0.5,1.5,0.5,0.5,0.5,0.5,1.5,0.5,0.5,0.5,synthetic,synthetic,synthetic,synthetic,synthetic,0.0,0.0,0.0,0.0,0.0,-110.0,-110.0,-110.0,-110.0,-110.0,-110.0,-110.0,-110.0,-110.0,-110.0,0.0,0.0,0.0,0.0,0.0,2026-08-28T01:24:59.045926+00:00,0.28917676437082573,0.018003616159783853,0.019888358366932257,-0.2367725362565427,-0.1251291451716851,0.6,1.4,0.4,0.2,0.2,1.0,4.0,1.0,1.0,1.0,batter_pitcher_profile_network_v2,0.8666666666666667,0.35,0.7885308152709876,0.0,0.5220250746285897,0.52265530814215,-0.5229893583712005,0.0,7.0,0.8783346221895014,-0.0163090916670623,-0.0500965019500065,-0.0050096501950006,0.6683895074224021,-0.5776185358092882,0.0,7.0,0.8899037949265063,-0.0059201607190707,-0.0796373254719381,-0.0127419720755101,0.726315789473684,-0.3055877786073778,0.0,7.0,0.9315327017217908,-0.0287606158076224,-0.0694387150142969,-0.0034719357507148,0.7686183226495726,-0.5505097959718899,0.0,7.0,0.9371676312896522,-0.0173526704635628,-0.0949014502617095,-0.0023725362565427,0.8019316239316239,-0.4413076295558873,0.0,7.0,0.8861357846140109,-0.0408994943538853,-0.0955347724692627,-0.0057320863481557
2026-04-15,Wyatt_Langford,694671,hitter,TEX,ATH,2026,825021,27,140,133,0,669372.0,JT_Ginn,2.0,2.0,1.0,0.0,0.0,4.0,4.0,0.0,0.0,3.0,0.1111111111111111,0.445,0.445,0.0,0.0,53.4,7.500000000000004,6.75,2.035714285714286,1.08,9.0,65.0,0,1.0,0.8660254037844387,-0.4999999999999998,0.9749279121818236,-0.22252093395631434,0.5,1.5,0.5,0.5,0.5,0.5,1.5,0.5,0.5,0.5,synthetic,synthetic,synthetic,synthetic,synthetic,0.0,0.0,0.0,0.0,0.0,-110.0,-110.0,-110.0,-110.0,-110.0,-110.0,-110.0,-110.0,-110.0,-110.0,0.0,0.0,0.0,0.0,0.0,2026-08-28T01:24:59.045926+00:00,0.10117130776084504,-0.402058302840375,-0.0655471857215405,-0.332691358871036,-0.28531055260573457,0.6,1.4,0.4,0.2,0.2,0.0,0.0,0.0,0.0,0.0,batter_pitcher_profile_network_v2,0.9,0.2,0.7303243566001207,1.0,0.5208570532632971,0.504904882154882,-0.1716527624917454,0.1111111111111111,8.0,1.139209154435358,-0.0212569312831761,0.0750940299894023,0.0075094029989402,0.6558409090909091,-0.0402763867488443,0.1111111111111111,8.0,1.1320593468628388,-0.0110271645737314,0.0731772739143227,0.0117083638262916,0.7202020202020202,0.3029803268765134,0.1069958847736625,8.0,1.0283997223413497,-0.0421874052497436,0.103341999854902,0.0051670999927451,0.7383557098765432,0.1721706471494608,0.1111111111111111,8.0,1.030483680436261,-0.0586373086815523,0.0683456451585601,0.001708641128964,0.7933518518518519,0.1834287732041971,0.1111111111111111,8.0,1.064694336971881,-0.0477747997934213,0.0956177740314079,0.0057370664418844
2026-04-16,Wyatt_Langford,694671,hitter,TEX,ATH,2026,825023,28,140,133,0,682052.0,Jacob_Lopez,1.0,1.0,1.0,0.0,0.0,6.0,5.0,1.0,1.0,2.0,0.1276595744680851,0.2633333333333333,0.2633333333333333,0.0,0.0,31.600000000000005,7.326923076923077,7.153846153846153,3.087662337662338,1.08,0.0,64.0,0,1.0,0.8660254037844387,-0.4999999999999998,0.43388373911755823,-0.900968867902419,0.5,1.5,0.5,0.5,0.5,0.5,1.5,0.5,0.5,0.5,synthetic,synthetic,synthetic,synthetic,synthetic,0.0,0.0,0.0,0.0,0.0,-110.0,-110.0,-110.0,-110.0,-110.0,-110.0,-110.0,-110.0,-110.0,-110.0,0.0,0.0,0.0,0.0,0.0,2026-08-28T01:24:59.045926+00:00,0.5534274731457285,-0.19048093059456273,0.05651269098454692,-0.3341465650158404,-0.2692007202043964,0.8,1.4,0.4,0.2,0.2,2.0,2.0,1.0,0.0,0.0,batter_pitcher_profile_network_v2,0.9333333333333332,0.25,0.8130290111773937,0.0,0.529267653199359,0.5378635382955771,0.2365615237253167,0.0,9.0,1.0887463861234532,-0.0025972066869379,0.0222037953012425,0.0022203795301242,0.6782307847896438,0.3651079796640141,0.0,9.0,0.99501817352384,0.0002116966886614,0.0435300880393011,0.0069648140862881,0.734668284789644,0.775582264957265,0.0,9.0,0.7689907917909652,-0.0255293743172322,0.0739035387661915,0.0036951769383095,0.7232309027777778,0.5529552018862364,0.0,9.0,0.8225830776872748,-0.0596501461710115,0.0101373993663847,0.0002534349841596,0.7958611111111111,0.6957905982905983,0.0,9.0,0.8022153698849547,-0.0335443349312565,0.0714750556336433,0.0042885033380186
2026-04-17,Wyatt_Langford,694671,hitter,TEX,SEA,2026,823152,29,140,136,0,669302.0,Logan_Gilbert,3.0,3.0,1.0,0.0,1.0,5.0,5.0,0.0,2.0,3.0,0.1111111111111111,0.534,0.534,0.0,0.0,64.08,4.241071428571429,8.875,5.142857142857143,1.08,0.0,55.0,0,1.0,0.8660254037844387,-0.4999999999999998,-0.433883739117558,-0.9009688679024191,0.5,1.5,0.5,0.5,0.5,0.5,1.5,0.5,0.5,0.5,synthetic,synthetic,synthetic,synthetic,synthetic,0.0,0.0,0.0,0.0,0.0,-110.0,-110.0,-110.0,-110.0,-110.0,-110.0,-110.0,-110.0,-110.0,-110.0,0.0,0.0,0.0,0.0,0.0,2026-08-28T01:24:59.045926+00:00,0.3406706825695064,-0.24059869367656872,0.40217710534307416,-0.3390300201402921,-0.11893421744015509,0.8,1.4,0.6,0.2,0.2,1.0,1.0,1.0,0.0,0.0,batter_pitcher_profile_network_v2,0.9666666666666668,0.35,0.7803170514309046,1.0,0.5911272397532333,0.5378490192976905,-0.0912628667628667,0.0076628352490421,9.0,1.2398259213153635,-0.0122376226306887,-0.003602698114461,-0.0003602698114461,0.6779137140145522,-0.1725368051260907,0.0102171136653895,9.0,1.2608827813051893,-0.0181791977858944,-0.0430126688118872,-0.0068820270099019,0.737117737003058,-0.1884359725371629,0.0996168582375478,9.0,1.1923497805525862,-0.0474931088362964,0.0116849640043398,0.0005842482002169,0.7007966954022988,-0.2879303236446093,-0.1111111111111111,9.0,1.2462536445162435,-0.0434441333861019,-0.1852008056116847,-0.0046300201402921,0.7921724137931033,-0.1619004787100024,-0.1111111111111111,9.0,1.2051641723378486,-0.0527822234517935,-0.165729020827984,-0.009943741249679
2026-04-18,Wyatt_Langford,694671,hitter,TEX,SEA,2026,823151,30,140,136,0,669923.0,George_Kirby,3.0,4.0,1.0,0.0,0.0,5.0,5.0,0.0,0.0,3.0,0.108695652173913,0.61,0.61,0.2,17.0,65.0,3.907608695652174,6.847826086956521,5.230519480519481,1.08,6.0,70.0,0,1.0,0.8660254037844387,-0.4999999999999998,-0.9749279121818236,-0.2225209339563146,1.5,1.5,0.5,0.5,0.5,1.5,1.5,0.5,0.5,0.5,synthetic,synthetic,synthetic,synthetic,synthetic,0.0,0.0,0.0,0.0,0.0,-110.0,-110.0,-110.0,-110.0,-110.0,-110.0,-110.0,-110.0,-110.0,-110.0,0.0,0.0,0.0,0.0,0.0,2026-08-28T01:24:59.045926+00:00,0.19916013602794425,0.6777573803777566,0.5642115585938252,-0.24663379542012814,0.19993271035535676,1.4,2.0,0.8,0.2,0.4,3.0,3.0,1.0,0.0,1.0,batter_pitcher_profile_network_v2,1.0,0.35,0.6101585818469693,1.0,0.6150894508033112,0.5108250487329435,-0.0595197520340053,0.0,10.0,1.4234070294636427,0.0142945919367102,-0.0118528087399469,-0.0011852808739946,0.6606133040935673,-0.0929764522943619,-0.0666666666666666,10.0,1.4421156880483594,0.0013765942653295,-0.0755516987259811,-0.0120882717961569,0.7092105263157896,-0.2473713465834787,-0.1111111111111111,10.0,1.3593243348179462,-0.0125723486848447,-0.1704187434255864,-0.0085209371712793,0.6918877314814813,-0.126172207011343,-0.1111111111111111,10.0,1.4403156342673702,-0.0658665751647182,-0.1893518168051316,-0.0047337954201282,0.7982592592592591,-0.2315917344241496,-0.1111111111111111,10.0,1.3757580365712134,-0.0383989025137399,-0.1903225104523151,-0.0114193506271389
2026-04-19,Wyatt_Langford,694671,hitter,TEX,SEA,2026,823150,31,140,136,0,693433.0,Bryan_Woo,1.0,1.0,1.0,0.0,0.0,4.0,4.0,0.0,1.0,3.0,0.1176470588235294,0.2225,0.2225,0.0,0.0,26.7,1.885714285714286,5.057142857142857,6.001948051948053,1.08,0.0,66.0,0,1.0,0.8660254037844387,-0.4999999999999998,-0.7818314824680299,0.6234898018587334,1.5,1.5,0.5,0.5,0.5,1.5,1.5,0.5,0.5,0.5,synthetic,synthetic,synthetic,synthetic,synthetic,0.0,0.0,0.0,0.0,0.0,-110.0,-110.0,-110.0,-110.0,-110.0,-110.0,-110.0,-110.0,-110.0,-110.0,0.0,0.0,0.0,0.0,0.0,2026-08-28T01:24:59.045926+00:00,0.5721953726899076,0.39945955542871614,0.3987629998126814,-0.4802658519162021,-0.16715616728937066,1.8,2.0,0.8,0.0,0.2,3.0,4.0,1.0,0.0,0.0,batter_pitcher_profile_network_v2,1.0,0.35,0.7577828653106118,1.0,0.6087600596498075,0.529381054131054,-0.4108233687841333,-0.1111111111111111,11.0,1.6305180602657234,0.0362556227921502,-0.1503324966812664,-0.0150332496681266,0.6671969373219372,-0.5638194524288588,-0.1111111111111111,11.0,1.5254289672192696,0.0184058693894384,-0.161162705041113,-0.025786032806578,0.7174145299145298,-0.6741690500143718,-0.1111111111111111,11.0,1.2624329206872855,0.0009110833044932,-0.2138939380473647,-0.0106946969023682,0.6625127314814814,-0.682877551020408,-0.1111111111111111,11.0,1.4099762233670914,-0.0273967906879458,-0.2346340766480857,-0.0058658519162021,0.7888148148148146,-0.6874466321739963,-0.1111111111111111,11.0,1.278976361061632,-0.0359208332698059,-0.2559418510540655,-0.0153565110632439
2026-04-21,Wyatt_Langford,694671,hitter,TEX,PIT,2026,822914,32,140,134,1,669387.0,Carmen_Mlodzinski,0.0,0.0,0.0,0.0,0.0,2.0,1.0,1.0,1.0,2.0,0.054054054054054,0.345,0.345,0.0,0.0,41.4,1.2857142857142854,6.839285714285714,3.8076923076923075,1.08,0.0,74.0,0,2.0,0.8660254037844387,-0.4999999999999998,0.7818314824680298,0.6234898018587336,1.5,2.5,0.5,0.5,0.5,1.5,2.5,0.5,0.5,0.5,synthetic,synthetic,synthetic,synthetic,synthetic,0.0,0.0,0.0,0.0,0.0,-110.0,-110.0,-110.0,-110.0,-110.0,-110.0,-110.0,-110.0,-110.0,-110.0,0.0,0.0,0.0,0.0,0.0,2026-08-28T01:24:59.045926+00:00,0.21029968331225235,-0.8855251363979686,0.42293331127397793,-0.4770223927389442,-0.30407695025480996,2.0,2.2,1.0,0.0,0.2,1.0,1.0,1.0,0.0,0.0,batter_pitcher_profile_network_v2,1.0,0.25,0.7219326584529105,0.0,0.5653908123348796,0.3477390929064656,0.0100126557128402,0.0,13.0,1.997841508356868,0.0453684312921966,0.0009681725938641,9.681725938641325e-05,0.4137720495919648,-0.2655172135866203,0.0,13.0,2.0508342542009244,0.0184823054948652,-0.0028260214062231,-0.0004521634249957,0.5139201977401129,-0.3646030328582308,0.0,13.0,1.903673042512989,0.010915141715508,-0.0411882443749126,-0.0020594122187456,0.4170775462962963,-0.6606595403192934,0.0,13.0,1.794281350321225,-0.0282752935625432,-0.1048957095577708,-0.0026223927389442,0.505476851851852,-0.3316471747724221,0.0,13.0,1.9367676866418264,-0.0384938036031335,-0.0754855534498804,-0.0045291332069928
2026-06-05,Wyatt_Langford,694671,hitter,TEX,CLE,2026,822892,33,140,114,1,800048.0,Parker_Messick,1.0,2.0,1.0,0.0,0.0,4.0,4.0,0.0,1.0,1.0,0.1333333333333333,0.3175,0.3175,0.25,21.25,49.35,1.8,9.176470588235295,5.4935064935064934,1.08,0.0,74.0,0,45.0,1.2246467991473532e-16,-1.0,-0.433883739117558,-0.9009688679024191,1.5,1.5,0.5,0.5,0.5,1.5,1.5,0.5,0.5,0.5,synthetic,synthetic,synthetic,synthetic,synthetic,0.0,0.0,0.0,0.0,0.0,-110.0,-110.0,-110.0,-110.0,-110.0,-110.0,-110.0,-110.0,-110.0,-110.0,0.0,0.0,0.0,0.0,0.0,2026-08-28T01:24:59.045926+00:00,-0.14099821794999512,0.09401869181560274,0.3312047716639738,-0.36138179552970867,-0.1377053155718035,1.6,1.8,0.8,0.0,0.2,0.0,0.0,0.0,0.0,0.0,batter_pitcher_profile_network_v2,1.0,0.75,0.4197041152247756,0.0,0.7239396844137237,0.3213274572649576,-0.3386666795747198,0.0,14.0,2.162222605969928,0.0268211465528825,-0.0631494827849001,-0.00631494827849,0.3701118233618236,-0.2855959923959169,0.0,14.0,2.2068589810756265,0.0112828484124578,-0.0444144261524846,-0.0071063081843975,0.4950678418803422,-0.3323836186171074,0.0,14.0,2.080588714923504,-0.0014219560328881,-0.0969110602270177,-0.0048455530113508,0.3253506944444443,-0.2492374594617851,0.0,14.0,2.1738339891109826,-0.0572158713159173,-0.1042718211883491,-0.0026067955297087,0.4575347222222224,-0.3333080198147122,0.0,14.0,2.0957961930953832,-0.0471318482424823,-0.1238440041188042,-0.0074306402471282
2026-06-06,Wyatt_Langford,694671,hitter,TEX,CLE,2026,822891,34,140,114,1,676440.0,Tanner_Bibee,0.0,0.0,0.0,0.0,0.0,3.0,2.0,1.0,0.0,5.0,0.1,0.2299999999999999,0.2299999999999999,0.0,0.0,27.6,8.875,7.375,4.85064935064935,1.08,0.0,74.0,0,1.0,1.2246467991473532e-16,-1.0,-0.9749279121818236,-0.2225209339563146,1.5,1.5,0.5,0.5,0.5,1.5,1.5,0.5,0.5,0.5,synthetic,synthetic,synthetic,synthetic,synthetic,0.0,0.0,0.0,0.0,0.0,-110.0,-110.0,-110.0,-110.0,-110.0,-110.0,-110.0,-110.0,-110.0,-110.0,0.0,0.0,0.0,0.0,0.0,2026-08-28T01:24:59.045926+00:00,0.028990383567366607,0.15380273454863724,0.3217518404659764,-0.4730250967923334,-0.22010260417463245,1.6,2.0,0.8,0.0,0.2,1.0,2.0,1.0,0.0,0.0,batter_pitcher_profile_network_v2,1.0,0.85,0.4639950247629083,0.0,0.7491865180465622,0.3357055280916513,0.4620660912160001,0.0,15.0,1.9860260361061977,0.038765921875902,0.0831440954139225,0.0083144095413922,0.3980614014438169,0.5363829921142904,0.0,15.0,1.7807386824767917,0.0255902431424591,0.1528295909289848,0.0244527345486375,0.5073056144067801,0.5197408247034292,0.0,15.0,1.8691206496309536,0.0180603998752249,0.1593874586701788,0.0079693729335089,0.3926828703703703,0.6177921744199204,0.0,15.0,1.5484795637409818,-0.0750367513961141,0.0549961283066668,0.0013749032076666,0.4889988425925931,0.6115197567856454,0.0,15.0,1.6688595572839484,-0.0411565482304352,0.1294154715483337,0.0077649282929
2026-06-07,Wyatt_Langford,694671,hitter,TEX,CLE,2026,822890,35,140,114,1,676282.0,Joey_Cantillo,1.0,4.0,1.0,1.0,1.0,4.0,4.0,0.0,2.0,1.0,0.0952380952380952,0.525,0.525,0.75,30.0,65.0,9.0,7.676470588235294,4.85064935064935,1.08,0.0,74.0,0,1.0,1.2246467991473532e-16,-1.0,-0.7818314824680299,0.6234898018587334,0.5,1.5,0.5,0.5,0.5,0.5,1.5,0.5,0.5,0.5,synthetic,synthetic,synthetic,synthetic,synthetic,0.0,0.0,0.0,0.0,0.0,-110.0,-110.0,-110.0,-110.0,-110.0,-110.0,-110.0,-110.0,-110.0,-110.0,0.0,0.0,0.0,0.0,0.0,2026-08-28T01:24:59.045926+00:00,0.4515898651626765,0.5057618332489304,0.24589851881613434,-0.21419900497603467,-0.280979302095763,1.0,1.4,0.6,0.0,0.0,0.0,0.0,0.0,0.0,0.0,batter_pitcher_profile_network_v2,1.0,0.75,0.4962125100843327,0.0,0.7169104756360019,0.2936592317953551,0.0667438298658113,0.0,16.0,3.201005863668241,0.0062210838215283,0.0098742054846729,0.0009874205484672,0.3403576977401134,0.1183257657289391,0.0,16.0,3.108448662849206,-0.0099350791344649,0.005386457805815,0.0008618332489304,0.4585556144067803,0.3930991353780571,0.0,16.0,2.7420042551727204,-0.0134906067582926,0.0773210256733378,0.0038660512836668,0.2958449074074074,0.2163160855942589,0.0,16.0,2.889453508264761,-0.1242005894493525,-0.0919601990413895,-0.0022990049760347,0.4116747685185191,0.3138826651199201,0.0,16.0,2.817723850558986,-0.0870591433062606,-0.0001961604705079,-1.1769628230476337e-05
2026-06-09,Wyatt_Langford,694671,hitter,TEX,KC,2026,824105,36,140,118,0,663568.0,,0.0,0.0,1.0,0.0,0.0,4.0,3.0,1.0,1.0,5.0,0.1081081081081081,0.1725,0.1725,0.0,0.0,20.7,4.1,8.2,3.7806122448979593,1.06,0.0,91.0,0,2.0,1.2246467991473532e-16,-1.0,0.7818314824680298,0.6234898018587336,0.5,1.5,0.5,0.5,0.5,0.5,1.5,0.5,0.5,0.5,synthetic,synthetic,synthetic,synthetic,synthetic,0.0,0.0,0.0,0.0,0.0,-110.0,-110.0,-110.0,-110.0,-110.0,-110.0,-110.0,-110.0,-110.0,-110.0,0.0,0.0,0.0,0.0,0.0,2026-08-28T01:24:59.045926+00:00,0.33815694257504947,0.023715335748937916,0.11262454486656703,-0.23832145750454153,-0.13040242985869538,0.6,1.4,0.6,0.2,0.2,1.0,4.0,1.0,1.0,1.0,batter_pitcher_profile_network_v2,1.0,0.3,0.8048431589842633,0.0,0.5754220139073283,0.1995041919545602,-0.0307694053366077,0.0,17.0,3.80802523717448,0.0162663712820703,-0.0011979947312123,-0.0001197994731212,0.2471247082166205,0.0414631033680397,0.0,17.0,3.7317685384069774,0.0527763832232395,0.081164260593026,0.0129862816948841,0.3573712359943984,-0.1151403912932965,0.0,17.0,3.5917518965522923,0.0430846152519595,0.0350543281090563,0.0017527164054528,0.2645949074074075,0.1719370966566304,0.0,17.0,3.5056174837784617,0.0902632969102322,0.0991416998183428,0.0024785424954585,0.3245567129629635,-0.0831591273111936,0.0,17.0,3.59168643789804,-0.0222698215893091,-0.0219696206454759,-0.0013181772387285
2026-06-10,Wyatt_Langford,694671,hitter,TEX,KC,2026,824103,37,140,118,0,607625.0,Seth_Lugo,1.0,1.0,1.0,0.0,0.0,5.0,5.0,0.0,2.0,5.0,0.1020408163265306,0.178,0.178,0.0,0.0,21.36,4.921052631578948,6.821052631578947,3.7806122448979593,1.06,12.0,88.0,0,1.0,1.2246467991473532e-16,-1.0,0.9749279121818236,-0.22252093395631434,0.5,1.5,0.5,0.5,0.5,0.5,1.5,0.5,0.5,0.5,synthetic,synthetic,synthetic,synthetic,synthetic,0.0,0.0,0.0,0.0,0.0,-110.0,-110.0,-110.0,-110.0,-110.0,-110.0,-110.0,-110.0,-110.0,-110.0,0.0,0.0,0.0,0.0,0.0,2026-08-28T01:24:59.045926+00:00,0.10191320420714622,-0.6805882380440488,0.10471113093857665,-0.3412931255253124,-0.29898527187030655,0.4,1.2,0.6,0.2,0.2,0.0,0.0,1.0,0.0,0.0,batter_pitcher_profile_network_v2,1.0,0.7,0.4837889635280942,1.0,0.7222650963774659,0.194865740740741,0.1294074281587924,-0.1037037037037037,18.0,3.886123289611929,0.0037152419799801,-0.0639198734315829,-0.0063919873431582,0.2422222222222224,0.0195166932570218,-0.1111111111111111,18.0,3.922473845234834,0.0401332246057691,-0.0197925592038769,-0.0031668094726203,0.338291666666667,0.0085695833897689,-0.1111111111111111,18.0,3.80379257556286,0.0501180172201963,-0.0308181975549985,-0.0015409098777499,0.2620393518518518,-0.1033846997048549,-0.0987654320987654,18.0,3.805330853357244,0.0675331088163304,-0.0197250210124999,-0.0004931255253124,0.3061157407407409,0.0083600281600524,-0.074074074074074,18.0,3.782013750513475,-0.0266186348617363,-0.0735980685867424,-0.0044158841152045
2026-06-11,Wyatt_Langford,694671,hitter,TEX,KC,2026,824101,38,140,118,0,608379.0,Michael_Wacha,0.0,0.0,0.0,0.0,0.0,5.0,5.0,0.0,1.0,1.0,0.1351351351351351,0.0,0.0,0.0,0.0,10.0,6.574789915966387,6.201680672268908,3.4499999999999997,1.06,0.0,84.0,0,1.0,1.2246467991473532e-16,-1.0,0.43388373911755823,-0.900968867902419,0.5,1.5,0.5,0.5,0.5,0.5,1.5,0.5,0.5,0.5,synthetic,synthetic,synthetic,synthetic,synthetic,0.0,0.0,0.0,0.0,0.0,-110.0,-110.0,-110.0,-110.0,-110.0,-110.0,-110.0,-110.0,-110.0,-110.0,0.0,0.0,0.0,0.0,0.0,2026-08-28T01:24:59.045926+00:00,0.43391861702512435,-0.4282391413578823,0.20701110821549307,-0.33453883145240526,-0.3174007439412504,0.6,1.4,0.8,0.2,0.2,1.0,1.0,1.0,0.0,0.0,batter_pitcher_profile_network_v2,1.0,0.8,0.4366297374532167,2.0,0.7747102857295848,-0.0177385961891639,-0.0281896052765265,0.0266666666666666,19.0,4.505901237354949,0.0257152393884261,0.0188733532325445,0.0018873353232544,0.0029029729109278,0.0050647559057433,0.1377777777777778,19.0,4.459145439509516,0.0554463064733592,0.1821455692159382,0.0291432910745501,0.1077578340220391,0.0535341516676296,0.0133333333333333,19.0,4.326991512968172,0.096989299637472,0.1098167589044585,0.0054908379452229,0.0771263888888888,0.0687641684383804,0.2,19.0,4.289589549405049,0.1037959159451181,0.2504467419037894,0.0062611685475947,0.0584631944444447,0.0358508400923467,0.2,19.0,4.3078145526176215,-0.0113397599039879,0.1363389523305146,0.0081803371398308
2026-06-12,Wyatt_Langford,694671,hitter,TEX,BOS,2026,824752,39,140,111,0,543243.0,Sonny_Gray,2.0,3.0,0.0,0.0,1.0,4.0,4.0,0.0,0.0,4.0,0.1212121212121212,0.54,0.54,0.25,21.25,65.0,4.171052631578948,7.921052631578948,5.957142857142857,1.08,0.0,82.0,0,1.0,1.2246467991473532e-16,-1.0,-0.433883739117558,-0.9009688679024191,0.5,0.5,0.5,0.5,0.5,0.5,0.5,0.5,0.5,0.5,synthetic,synthetic,synthetic,synthetic,synthetic,0.0,0.0,0.0,0.0,0.0,-110.0,-110.0,-110.0,-110.0,-110.0,-110.0,-110.0,-110.0,-110.0,-110.0,0.0,0.0,0.0,0.0,0.0,2026-08-28T01:24:59.045926+00:00,0.15014823422191848,0.6992859651439789,0.3114613663763357,-0.21702887087272937,-0.056280214157930775,0.4,1.0,0.6,0.2,0.2,0.0,0.0,0.0,0.0,0.0,batter_pitcher_profile_network_v2,1.0,0.7,0.563775873281143,0.0,0.6966562188661419,-0.1588564587128112,0.0043698339529533,0.0,20.0,5.1255437331789375,0.0028498565820635,0.0,0.0,-0.1459981329690346,-0.0186827913742226,0.0,20.0,5.0911226104263845,0.031094615184287,0.0454520548771409,0.0072723287803425,-0.0283828551912568,-0.0759048153921388,0.0,20.0,4.932866477408191,0.0634788150832193,0.0625390158384038,0.0031269507919201,-0.0494939814814814,-0.0445647600153375,0.0,20.0,4.957887584644305,0.0708073391537261,0.0698451650908251,0.0017461291272706,-0.0976884259259258,-0.0678480500030563,0.0,20.0,4.922945474271444,-0.03354077235056,-0.0280468593421378,-0.0016828115605282
2026-06-13,Wyatt_Langford,694671,hitter,TEX,BOS,2026,824749,40,140,111,0,624133.0,Ranger_Suarez,3.0,3.0,0.0,0.0,1.0,5.0,5.0,0.0,1.0,1.0,0.125,0.534,0.534,0.0,0.0,64.08,5.873684210526316,11.242105263157896,5.528571428571429,1.08,0.0,87.0,0,1.0,1.2246467991473532e-16,-1.0,-0.9749279121818236,-0.2225209339563146,0.5,1.5,0.5,0.5,0.5,0.5,1.5,0.5,0.5,0.5,synthetic,synthetic,synthetic,synthetic,synthetic,0.0,0.0,0.0,0.0,0.0,-110.0,-110.0,-110.0,-110.0,-110.0,-110.0,-110.0,-110.0,-110.0,-110.0,0.0,0.0,0.0,0.0,0.0,2026-08-28T01:24:59.045926+00:00,0.547610742568007,0.2001616217595652,0.3211103231515393,-0.3319534179572386,0.22457564460762836,0.8,1.6,0.6,0.2,0.4,2.0,3.0,0.0,0.0,1.0,batter_pitcher_profile_network_v2,1.0,0.7,0.5818839715073301,0.0,0.6951034494432464,-0.1566689587128112,-0.0371750399498096,0.0,21.0,5.633290713397081,0.0256628022553214,-0.0024351808362232,-0.0002435180836223,-0.1788453551912568,-0.1350384626018873,0.0,21.0,5.558715714665906,0.0680303713050528,0.0919476359972833,0.0147116217595653,-0.0339036885245901,-0.0918847956091062,0.0,21.0,5.425038640825739,0.0559375635142232,0.0546350344593577,0.0027317517229678,-0.1247543981481481,-0.2243377050261296,0.0,21.0,5.332839136748697,0.1095651432389604,0.0978632817104565,0.0024465820427614,-0.1421675925925924,-0.0921169785496225,0.0,21.0,5.412382993456905,0.0505691835734577,0.0324512196509461,0.0019470731790567
2026-06-14,Wyatt_Langford,694671,hitter,TEX,BOS,2026,824751,41,140,111,0,813349.0,Connelly_Early,1.0,4.0,2.0,1.0,1.0,5.0,4.0,1.0,1.0,1.0,0.1136363636363636,0.558,0.558,0.75,30.0,65.0,3.535714285714286,10.232142857142856,5.8500000000000005,1.08,12.0,81.0,0,1.0,1.2246467991473532e-16,-1.0,-0.7818314824680299,0.6234898018587334,1.5,1.5,0.5,0.5,0.5,1.5,1.5,0.5,0.5,0.5,synthetic,synthetic,synthetic,synthetic,synthetic,0.0,0.0,0.0,0.0,0.0,-110.0,-110.0,-110.0,-110.0,-110.0,-110.0,-110.0,-110.0,-110.0,-110.0,0.0,0.0,0.0,0.0,0.0,2026-08-28T01:24:59.045926+00:00,-0.02279385396938638,0.9780061189823872,0.20678061088379007,-0.20922157124298507,0.23542036712579428,1.2,1.4,0.4,0.0,0.4,3.0,3.0,0.0,0.0,1.0,batter_pitcher_profile_network_v2,1.0,0.8,0.4302885143508481,0.0,0.7378317255936169,-0.0981239247311826,-0.2323395814711605,0.0,22.0,5.940789076319288,0.0598475631941386,-0.0129883232436503,-0.001298832324365,-0.1323437275985661,-0.1093121786108628,0.0,22.0,6.072319294034471,0.0811829688170983,0.1135325618217406,0.0181652098914784,0.0236868279569894,-0.0755846053069737,0.0,22.0,5.931958747820683,0.0299958424340159,0.0289758540394381,0.0014487927019719,-0.1142062499999999,0.0295271071034228,0.0,22.0,5.908757717210181,0.1071371502805998,0.1071371502805998,0.0026784287570149,-0.094508333333333,-0.1004953195926879,0.0,22.0,5.903075270299226,0.0713035231460562,0.0480667248238426,0.0028840034894305
2026-06-15,Wyatt_Langford,694671,hitter,TEX,MIN,2026,822887,42,140,142,1,702474.0,,0.0,0.0,0.0,0.0,0.0,4.0,4.0,0.0,0.0,3.0,0.125,0.0,0.0,0.0,0.0,10.0,4.1,8.2,8.855287569573283,1.08,0.0,74.0,0,1.0,1.2246467991473532e-16,-1.0,0.0,1.0,1.5,2.5,0.5,0.5,0.5,1.5,2.5,0.5,0.5,0.5,synthetic,synthetic,synthetic,synthetic,synthetic,0.0,0.0,0.0,0.0,0.0,-110.0,-110.0,-110.0,-110.0,-110.0,-110.0,-110.0,-110.0,-110.0,-110.0,0.0,0.0,0.0,0.0,0.0,2026-08-28T01:24:59.045926+00:00,0.040085940548932886,-0.5251189280074597,0.45551288538609014,-0.2315281080180126,0.3681520954986679,1.4,2.2,0.6,0.2,0.6,1.0,4.0,2.0,1.0,1.0,batter_pitcher_profile_network_v2,1.0,0.05,0.9425,0.0,0.5117271875,-0.0584793981481481,-0.8195,0.0,23.0,4.256032509010519,0.0374299043058021,-0.0027556223399884,-0.0002755622339988,-0.0433291666666666,-0.85,0.0,23.0,4.117242356689147,0.075291275316139,0.1108191999533751,0.01773107199254,0.0751145833333332,-0.3386666666666665,0.0,23.0,6.086523225525119,0.0914328694679642,0.0899701381485198,0.0044985069074259,0.0374789351851851,-0.85,0.0,23.0,4.082364015756474,0.1167074622366734,0.1148756792794974,0.0028718919819874,0.0336039351851851,-0.5386666666666665,0.0,23.0,5.396312277344514,0.0766703682922626,0.0564619503333945,0.0033877170200036
2026-06-16,Wyatt_Langford,694671,hitter,TEX,MIN,2026,822888,43,140,142,1,805673.0,Zebby_Matthews,1.0,1.0,1.0,0.0,0.0,3.0,3.0,0.0,1.0,3.0,0.0857142857142857,0.2966666666666667,0.2966666666666667,0.0,0.0,35.6,9.203296703296704,7.7032967032967035,7.753246753246754,1.08,0.0,74.0,0,1.0,1.2246467991473532e-16,-1.0,0.7818314824680298,0.6234898018587336,1.5,1.5,0.5,0.5,0.5,1.5,1.5,0.5,0.5,0.5,synthetic,synthetic,synthetic,synthetic,synthetic,0.0,0.0,0.0,0.0,0.0,-110.0,-110.0,-110.0,-110.0,-110.0,-110.0,-110.0,-110.0,-110.0,-110.0,0.0,0.0,0.0,0.0,0.0,2026-08-28T01:24:59.045926+00:00,-0.31263496503496513,-0.1127921625648618,0.105403017371971,-0.3284233154279404,0.1967737353622686,1.2,2.0,0.4,0.2,0.6,0.0,0.0,0.0,0.0,0.0,batter_pitcher_profile_network_v2,1.0,0.45,0.7101560760020115,0.0,0.6183526463103891,-0.1071931813210852,0.2499114618277179,0.0,23.0,6.276087408655613,0.055408571040305,0.0,0.0,-0.0863574912510938,0.2850533968631258,0.0,23.0,6.134387435731923,0.0977409893130766,0.146611483969615,0.0234578374351384,0.0192459809711283,0.2118853954155678,0.0,23.0,6.328325182092047,0.0752982940646768,0.0764802608593342,0.0038240130429667,0.0258493055555555,0.3587448993261801,0.0,23.0,5.800814328356624,0.2363795713324289,0.239067382882384,0.0059766845720596,-0.0283381944444445,0.2695937287489012,0.0,23.0,6.145225833873367,0.0958088377762409,0.0718566283321806,0.0043113976999308
2026-06-18,Wyatt_Langford,694671,hitter,TEX,MIN,2026,822889,44,140,142,1,657746.0,Joe_Ryan,2.0,5.0,1.0,1.0,1.0,5.0,4.0,1.0,2.0,3.0,0.125,0.736,0.736,0.75,30.0,65.0,4.0,11.0,6.0,1.08,0.0,74.0,0,2.0,1.2246467991473532e-16,-1.0,0.43388373911755823,-0.900968867902419,1.5,2.5,0.5,0.5,0.5,1.5,2.5,0.5,0.5,0.5,synthetic,synthetic,synthetic,synthetic,synthetic,0.0,0.0,0.0,0.0,0.0,-110.0,-110.0,-110.0,-110.0,-110.0,-110.0,-110.0,-110.0,-110.0,-110.0,0.0,0.0,0.0,0.0,0.0,2026-08-28T01:24:59.045926+00:00,-0.21451517898359396,0.2905342876730366,0.5760065716593006,-0.06722906811536428,0.28612946410202,1.4,2.2,0.6,0.2,0.6,1.0,1.0,1.0,0.0,0.0,batter_pitcher_profile_network_v2,1.0,0.9,0.3879864808268805,0.0,0.7722244904888365,-0.0312475859788361,-0.3478251906117358,0.0,24.0,6.50403213873552,0.0460976420418909,-0.0066517898359418,-0.0006651789835941,-0.0266962301587303,-0.3289465218834317,0.0,24.0,6.545529115419423,0.096017516997632,0.1386517979564782,0.0221842876730365,0.0861711309523807,-0.3803835494747938,0.0,24.0,6.1701429457062575,0.0791920616787603,0.059131433186012,0.0029565716593006,0.035330787037037,-0.3129606294949802,0.0,24.0,6.434484719556764,0.1936043978241097,0.186837275385429,0.0046709318846357,0.0219071759259258,-0.3632482695097895,0.0,24.0,6.232405980027343,0.0804817534946926,0.0554910683670014,0.00332946410202
2026-06-19,Wyatt_Langford,694671,hitter,TEX,SD,2026,822886,45,140,135,1,681190.0,Randy_Vásquez,3.0,7.0,1.0,1.0,2.0,5.0,5.0,0.0,0.0,3.0,0.119047619047619,0.852,0.852,0.8,30.0,65.0,5.3999999999999995,7.05,1.3545918367346939,1.08,0.0,74.0,0,1.0,1.2246467991473532e-16,-1.0,-0.433883739117558,-0.9009688679024191,1.5,1.5,0.5,0.5,0.5,1.5,2.5,0.5,0.5,0.5,synthetic,real,real,real,synthetic,0.0,8.0,7.0,9.0,0.0,-110.0,129.420962,118.067428,499.216001,-110.0,-110.0,-173.357034,-159.681732,0.0,-110.0,0.0,0.0,0.0,0.0,0.0,2026-06-19T20:50:58.917955+00:00,-0.07049326067336836,2.2110553503351382,0.5304436786075579,0.18892815159105625,0.24400791580069503,1.4,2.6,0.8,0.4,0.6,2.0,5.0,1.0,1.0,1.0,batter_pitcher_profile_network_v2,1.0,0.8,0.4610289720504609,0.0,0.7348191607390548,0.0365284722222223,0.2148874482247694,0.0,25.0,7.211610421979657,0.0604180504931857,0.0042306585724381,0.0004230658572438,0.0874180555555556,0.2680693563389192,0.0,25.0,7.006998023494286,0.1124354250749894,0.1812834395946126,0.029005350335138,0.1709548611111113,0.1246410705307764,0.0,25.0,7.347483947349109,0.0957973424230108,0.1072817354164658,0.0053640867708232,0.1889937499999998,0.3211943563389192,0.0,25.0,6.725412920301767,0.3004085141025426,0.3331260636422473,0.0083281515910561,0.1819451388888889,0.1730636895783955,0.0,25.0,7.215557441890263,0.1035567476059792,0.0946387327326721,0.0056783239639603
2026-06-20,Wyatt_Langford,694671,hitter,TEX,SD,2026,822885,46,140,135,1,621111.0,Walker_Buehler,2.0,3.0,0.0,0.0,2.0,5.0,4.0,1.0,1.0,3.0,0.125,0.5700000000000001,0.5700000000000001,0.25,21.25,65.0,1.742857142857143,8.571428571428571,1.3545918367346939,1.08,0.0,74.0,0,1.0,1.2246467991473532e-16,-1.0,-0.9749279121818236,-0.2225209339563146,1.5,1.5,0.5,0.5,0.5,1.5,3.5,0.5,0.5,0.5,synthetic,real,real,real,synthetic,0.0,8.0,4.0,8.0,0.0,-110.0,137.927084,113.433706,540.864511,-110.0,-110.0,-182.755969,-155.0,0.0,-110.0,0.0,0.0,0.0,0.0,0.0,2026-06-20T11:58:55.263102+00:00,0.005590592480139156,2.221772413388203,0.512649291703482,0.17140525209629986,0.4674743984630715,1.4,3.4,1.0,0.6,0.8,3.0,7.0,1.0,1.0,2.0,batter_pitcher_profile_network_v2,1.0,0.9,0.3839635576584994,0.0,0.7726680177681504,0.2109107473544972,0.2946498650472334,0.0,26.0,7.5402143528814065,0.0788415568883928,0.0382834758217996,0.0038283475821799,0.2845926587301586,0.1645829284208793,0.0,26.0,7.945827346449368,0.1646069969004072,0.2757650836762704,0.0441224133882032,0.3505461309523809,0.2622591715712503,0.0,26.0,7.607402896807889,0.0867593412999217,0.1433939973349465,0.0071696998667473,0.3531141203703703,0.0392669171849242,0.0,26.0,8.016918788859575,0.3986683055537237,0.4072100838519937,0.0101802520962998,0.3932321759259259,0.2753748082753701,0.0,26.0,7.534515713488856,0.1498291245895311,0.179080110438944,0.0107448066263366
2026-06-21,Wyatt_Langford,694671,hitter,TEX,SD,2026,822883,47,140,135,1,593974.0,Wandy_Peralta,2.0,5.0,1.0,1.0,3.0,4.0,4.0,0.0,1.0,1.0,0.1142857142857142,0.7475,0.7475,0.75,30.0,65.0,0.0,3.0,1.9056122448979593,1.08,0.0,74.0,0,1.0,1.2246467991473532e-16,-1.0,-0.7818314824680299,0.6234898018587334,1.5,1.0,0.5,0.5,0.5,1.5,3.5,0.5,0.5,0.5,synthetic,real,real,real,synthetic,0.0,8.0,7.0,7.0,0.0,-110.0,-122.406898,127.648582,525.501972,-110.0,-110.0,-114.414414,-174.16282,0.0,-110.0,0.0,0.5345224838248488,0.0,0.0,0.0,2026-06-21T19:20:37.517202+00:00,0.2813169840617915,2.6854394678500006,0.24315399111877156,0.07299880985751406,0.6625100907444583,1.6,3.2,0.6,0.4,1.0,2.0,3.0,0.0,0.0,2.0,batter_pitcher_profile_network_v2,1.0,0.05,0.9425,0.0,0.5117271875,0.2842403769841268,-0.8000000000000002,0.0,27.0,5.566081513325691,0.0538068991083909,-0.0130750573412698,-0.0013075057341269,0.3630759920634919,-0.8400000000000001,0.0,27.0,5.34047809582663,0.1100846629861141,0.1475904240625045,0.0236144678500007,0.424046130952381,-1.0,0.0,27.0,4.153008549491063,0.0643502300072373,0.0399675774774754,0.0019983788738737,0.4315166666666665,-0.8400000000000001,0.0,27.0,5.329979757336732,0.2167946493005613,0.1959523943005613,0.004898809857514,0.4873951388888888,-1.0,0.0,27.0,4.15834289016904,0.0724664828606053,0.0263246416593429,0.0015794784995605
2026-06-22,Wyatt_Langford,694671,hitter,TEX,MIA,2026,823851,48,140,146,0,663969.0,Tyler_Phillips,0.0,0.0,0.0,0.0,0.0,5.0,4.0,1.0,1.0,2.0,0.1282051282051282,0.1379999999999999,0.1379999999999999,0.0,0.0,16.56,7.928571428571428,7.928571428571428,1.856832298136646,1.0766666666666669,0.0,72.0,0,1.0,1.2246467991473532e-16,-1.0,0.0,1.0,1.5,4.5,0.5,0.5,1.5,1.5,4.5,0.5,0.5,1.5,synthetic,synthetic,synthetic,synthetic,synthetic,0.0,0.0,0.0,0.0,0.0,-110.0,-110.0,-110.0,-110.0,-110.0,-110.0,-110.0,-110.0,-110.0,-110.0,0.0,0.0,0.0,0.0,0.0,2026-08-28T01:24:59.045926+00:00,0.3170215909436982,-1.0591656370462936,0.1824895551654998,0.05133284540059935,0.06895573249567644,2.0,4.2,0.8,0.6,1.6,2.0,5.0,1.0,1.0,3.0,batter_pitcher_profile_network_v2,1.0,0.25,0.8012206384897265,0.0,0.5629626179462521,0.3136138888888888,0.2002993178788454,0.0,27.0,8.593916586866127,0.0962755141340561,0.0124866531859843,0.0012486653185984,0.4137833333333334,0.1877033409220753,0.0,27.0,8.61058570600194,0.1550589138809904,0.2480272684606621,0.0396843629537059,0.4699583333333335,0.3324750851208717,0.0,27.0,8.075898493072057,0.0381304111051174,0.0691895744041184,0.0034594787202059,0.4752666666666666,0.1905474420456709,0.0,27.0,8.471520997821079,0.2539788552223287,0.2719804826906392,0.0067995120672659,0.5548638888888888,0.3115317330609466,0.0,27.0,8.131368594874168,0.1529612026434805,0.1490814469935569,0.0089448868196134
2026-06-23,Wyatt_Langford,694671,hitter,TEX,MIA,2026,823849,49,140,146,0,645261.0,Sandy_Alcantara,1.0,1.0,1.0,0.0,0.0,5.0,4.0,0.0,2.0,2.0,0.125,0.3219999999999999,0.3219999999999999,0.0,0.0,38.63999999999999,2.5535714285714284,8.625,2.713975155279503,1.0766666666666669,0.0,72.0,0,1.0,1.2246467991473532e-16,-1.0,0.7818314824680298,0.6234898018587336,1.5,3.5,0.5,0.5,1.5,1.5,3.5,0.5,0.5,1.5,synthetic,synthetic,synthetic,synthetic,synthetic,0.0,0.0,0.0,0.0,0.0,-110.0,-110.0,-110.0,-110.0,-110.0,-110.0,-110.0,-110.0,-110.0,-110.0,0.0,0.0,0.0,0.0,0.0,2026-08-28T01:24:59.045926+00:00,-0.10133132063304418,-0.8042093138801305,0.05392428193142751,-0.04939207717878713,-0.31804455846490876,1.8,4.0,0.6,0.6,1.6,0.0,0.0,0.0,0.0,0.0,batter_pitcher_profile_network_v2,1.0,0.95,0.3425479012335685,0.0,0.7926359879939434,0.3425970899470901,0.1839364616208032,0.0,28.0,8.789509762539574,0.0875741621547746,0.0414300648910857,0.0041430064891085,0.43714126984127,0.0876640080800049,0.0,28.0,8.979739331438648,0.147123133968629,0.2458792882491885,0.0393406861198701,0.4959523809523812,0.0187834223770687,0.0,28.0,8.91810083303068,0.0513858679761602,0.0575104833490501,0.0028755241674525,0.4776962962962964,0.0096174599628501,0.0,28.0,8.908837727513326,0.2399630966440761,0.2429835795151818,0.0060745894878795,0.5749185185185188,0.0609757166587982,0.0,28.0,8.865451906333698,0.1394182803365892,0.1276113961852636,0.0076566837711158
2026-06-24,Wyatt_Langford,694671,hitter,TEX,MIA,2026,823850,50,140,146,0,691587.0,Eury_Pérez,2.0,5.0,1.0,1.0,1.0,4.0,4.0,0.0,0.0,2.0,0.1290322580645161,0.7475,0.7475,0.75,30.0,65.0,3.4736842105263155,12.11842105263158,3.595607808340728,1.0766666666666669,0.0,72.0,0,1.0,1.2246467991473532e-16,-1.0,0.9749279121818236,-0.22252093395631434,1.5,3.5,0.5,0.5,1.5,1.5,3.5,0.5,0.5,1.5,synthetic,synthetic,synthetic,synthetic,synthetic,0.0,0.0,0.0,0.0,0.0,-110.0,-110.0,-110.0,-110.0,-110.0,-110.0,-110.0,-110.0,-110.0,-110.0,0.0,0.0,0.0,0.0,0.0,2026-08-28T01:24:59.045926+00:00,-0.23828204864142588,-0.0676474649051797,0.4776706096207264,0.07230130860311657,-0.2782914044453648,1.6,3.2,0.6,0.4,1.4,1.0,1.0,1.0,0.0,0.0,batter_pitcher_profile_network_v2,1.0,0.75,0.5194145950110998,0.0,0.7147787840833552,0.2217000929571299,-0.3124847211274152,0.0,29.0,9.089565977028965,0.0869496711892974,-0.0332939436498171,-0.0033293943649817,0.2925213582677163,-0.0918545587759721,0.0,29.0,9.793509671855618,0.1587099895247906,0.2251519330523056,0.0360243092883689,0.3982067749343829,0.1283198769773899,0.0,29.0,9.59531912271224,0.0441346026168265,0.0686914808479921,0.0034345740423996,0.3304333333333333,0.1560285057401569,0.0,29.0,9.48089287550765,0.185941459816615,0.2107190107913297,0.0052679752697832,0.4517493055555555,0.0877755221386802,0.0,29.0,9.627154398083968,0.1287307553029102,0.1156044942287966,0.0069362696537278
2026-06-25,Wyatt_Langford,694671,hitter,TEX,TOR,2026,822797,51,140,141,0,592332.0,Kevin_Gausman,1.0,4.0,1.0,1.0,3.0,5.0,5.0,0.0,1.0,2.0,0.1282051282051282,0.42,0.42,0.6,30.0,65.0,13.32857142857143,10.5,2.736943413729127,1.08,0.0,62.0,0,1.0,1.2246467991473532e-16,-1.0,0.43388373911755823,-0.900968867902419,1.5,2.5,0.5,0.5,1.5,1.5,2.5,0.5,0.5,1.5,synthetic,synthetic,synthetic,synthetic,synthetic,0.0,0.0,0.0,0.0,0.0,-110.0,-110.0,-110.0,-110.0,-110.0,-110.0,-110.0,-110.0,-110.0,-110.0,0.0,0.0,0.0,0.0,0.0,2026-08-28T01:24:59.045926+00:00,-0.22885714202157437,0.9204685068680631,0.253567528868187,0.1361769909682482,-0.3948982010238151,1.4,2.8,0.6,0.4,1.2,2.0,5.0,1.0,1.0,1.0,batter_pitcher_profile_network_v2,1.0,0.95,0.4102533669193671,0.0,0.7847567644247586,0.4396635571595218,0.0695584964552056,0.0,30.0,10.2768551542476,0.0819300064092768,0.0180358296772217,0.0018035829677221,0.512375087489064,0.0440686696995864,0.0,30.0,10.365117683423168,0.152866248440481,0.2426156679253907,0.0388185068680625,0.5932514763779528,0.0979902067299413,0.0,30.0,10.198038255568484,0.0343542892629155,0.0686379328653848,0.0034318966432692,0.4883037037037038,0.0482252230976447,0.0,30.0,10.219026441134982,0.2091919576749698,0.2230796387299264,0.0055769909682481,0.6411300925925927,0.1299097051118183,0.0,30.0,10.12039594648562,0.1230718295246626,0.1414232920083012,0.008485397520498
2026-06-26,Wyatt_Langford,694671,hitter,TEX,TOR,2026,822796,52,140,141,0,571578.0,Patrick_Corbin,3.0,4.0,1.0,0.0,0.0,5.0,5.0,0.0,0.0,1.0,0.1282051282051282,0.61,0.61,0.2,17.0,65.0,9.090909090909092,8.727272727272728,2.736943413729127,1.08,5.0,68.0,0,1.0,1.2246467991473532e-16,-1.0,-0.433883739117558,-0.9009688679024191,1.5,4.5,1.5,0.5,1.5,1.5,2.5,0.5,0.5,1.5,synthetic,real,real,real,synthetic,0.0,8.0,7.0,3.0,0.0,-110.0,125.0,240.0,976.923077,-110.0,-110.0,-185.0,-375.0,0.0,-110.0,0.0,0.9258200997725514,0.37796447300922725,0.0,0.0,2026-06-27T01:11:02.474098+00:00,-0.3799136198327244,-1.48275383045359,-0.5024539708207373,0.14588641459421103,0.12438141354494459,1.2,3.0,0.8,0.6,1.4,1.0,4.0,1.0,1.0,3.0,batter_pitcher_profile_network_v2,1.0,0.7,0.5287809066842306,0.0,0.6996570372518272,0.510705324074074,0.420135851839611,0.0,31.0,9.60030987182337,0.0507685963107987,0.1011074152020855,0.0101107415202085,0.6116097222222221,0.282403539156745,0.0,31.0,10.40533072617498,0.137807829592069,0.2881010596650595,0.0460961695464095,0.6671874999999999,0.2605105036106558,0.0,31.0,10.521252061900588,0.0163056540030723,0.098207939086895,0.0049103969543447,0.6274240740740742,0.1424250908808828,0.0,31.0,10.818098859987312,0.2693480069927428,0.3114565837684377,0.0077864145942109,0.7636740740740741,0.2800004461393914,0.0,31.0,10.42740913250806,0.1937642519166846,0.24608353482096,0.0147650120892576
2026-07-09,Wyatt_Langford,694671,hitter,TEX,LAA,2026,822877,53,140,108,1,672282.0,Reid_Detmers,1.0,1.0,0.0,0.0,1.0,5.0,5.0,0.0,3.0,2.0,0.131578947368421,0.178,0.178,0.0,0.0,21.36,6.558823529411764,9.235294117647058,8.057142857142857,1.08,0.0,74.0,0,13.0,-0.4999999999999997,-0.8660254037844388,0.43388373911755823,-0.900968867902419,1.5,2.5,0.5,0.5,0.5,1.5,2.5,0.5,0.5,0.5,synthetic,synthetic,synthetic,synthetic,synthetic,0.0,0.0,0.0,0.0,0.0,-110.0,-110.0,-110.0,-110.0,-110.0,-110.0,-110.0,-110.0,-110.0,-110.0,0.0,0.0,0.0,0.0,0.0,2026-08-28T01:24:59.045926+00:00,0.23546651457233048,-0.07169363421235841,0.5144356493778706,-0.19309388918791004,0.36234947842738685,1.4,2.8,0.8,0.4,0.8,3.0,4.0,1.0,0.0,0.0,batter_pitcher_profile_network_v2,1.0,1.0,0.3727969718444857,0.0,0.8043323709490505,0.5514761843238586,-0.3144243556775957,0.0,32.0,10.617243781143756,0.0486713387761314,-0.1087554646260996,-0.0108755464626099,0.6358010981912143,-0.3370810247862086,0.0,32.0,10.616931683520964,0.1390806128147421,0.0742009703832833,0.0118721552613253,0.7071705426356589,-0.1501873905548935,0.0,32.0,11.2066617521116,0.0493946977089664,-0.0172193432696553,-0.0008609671634827,0.6207724537037037,-0.333524059343444,0.0,32.0,10.525787913087417,0.1821021459776586,0.0522444324836039,0.00130611081209,0.7753037037037037,-0.1966007274879389,0.0,32.0,10.993277667611103,0.1353686444758319,0.0059248910830155,0.0003554934649809
2026-07-10,Wyatt_Langford,694671,hitter,TEX,HOU,2026,822878,54,140,117,1,686613.0,Hunter_Brown,1.0,4.0,2.0,1.0,1.0,4.0,3.0,1.0,1.0,2.0,0.1111111111111111,0.6975,0.6975,1.0,30.0,65.0,6.5,8.25,2.7373281130634077,1.08,0.0,74.0,0,1.0,-0.4999999999999997,-0.8660254037844388,-0.433883739117558,-0.9009688679024191,1.5,2.5,0.5,0.5,0.5,1.5,2.5,0.5,0.5,0.5,synthetic,synthetic,synthetic,synthetic,synthetic,0.0,0.0,0.0,0.0,0.0,-110.0,-110.0,-110.0,-110.0,-110.0,-110.0,-110.0,-110.0,-110.0,-110.0,0.0,0.0,0.0,0.0,0.0,2026-08-28T01:24:59.045926+00:00,-0.09854654940695085,1.0436326676519863,0.369114756438941,0.13207593305306442,0.5277588505591595,1.6,3.0,0.8,0.4,1.0,1.0,1.0,0.0,0.0,1.0,batter_pitcher_profile_network_v2,1.0,0.4,0.730089222029721,0.0,0.6042256281205437,0.4714195787390441,-0.571592048776032,0.0,33.0,9.630908939738426,0.0267664792060994,-0.0727300726282063,-0.0072730072628206,0.5819905216284985,-0.458886782974059,0.0,33.0,10.633515756539715,0.0971160372505504,0.0735895894915806,0.0117743343186528,0.653148854961832,-0.0072208927049078,0.0,33.0,12.281709894204049,-0.0012599992774975,-0.0025329842845938,-0.0001266492142296,0.6154983796296296,-0.3313829009864815,0.0,33.0,11.351171717862195,0.1140898463147275,0.0590373221225769,0.0014759330530644,0.7675296296296295,-0.1477527250030445,0.0,33.0,11.97813301131601,0.1291627905704622,0.0662629706553737,0.0039757782393224
2026-07-11,Wyatt_Langford,694671,hitter,TEX,HOU,2026,822875,55,140,117,1,663567.0,Peter_Lambert,1.0,1.0,0.0,0.0,0.0,4.0,3.0,1.0,0.0,2.0,0.1111111111111111,0.395,0.395,0.0,0.0,47.400000000000006,3.403361344537815,9.15126050420168,4.628084415584416,1.08,0.0,74.0,0,1.0,-0.4999999999999997,-0.8660254037844388,-0.9749279121818236,-0.2225209339563146,1.5,3.5,0.5,0.5,1.5,1.5,3.5,0.5,0.5,1.5,synthetic,synthetic,synthetic,synthetic,synthetic,0.0,0.0,0.0,0.0,0.0,-110.0,-110.0,-110.0,-110.0,-110.0,-110.0,-110.0,-110.0,-110.0,-110.0,0.0,0.0,0.0,0.0,0.0,2026-08-28T01:24:59.045926+00:00,-0.06760082559916669,-0.5034482804480755,0.7019472236293696,0.04728801413261141,-0.33575304553540763,1.6,3.6,1.0,0.6,1.2,1.0,4.0,2.0,1.0,1.0,batter_pitcher_profile_network_v2,1.0,0.75,0.3960510542696995,0.0,0.7261128093889713,0.4878269861464516,-0.2340115960765577,0.0,34.0,12.039399162580503,0.0211532090046949,-0.0689451034579292,-0.0068945103457929,0.6498516327396097,-0.1583713514185818,0.0,34.0,12.418184572931407,0.078181373182163,0.0551149138661927,0.0088183862185908,0.6614821882951653,-0.0735085598242113,0.0,34.0,12.461032194601296,-0.0397731652720158,-0.0691399429970307,-0.0034569971498515,0.7756557870370371,-0.0360434528678571,0.0,34.0,12.474555359413351,0.0844053548965243,0.0675205653044551,0.0016880141326113,0.8556037037037036,-0.1281190670705881,0.0,34.0,12.28905161928765,0.1032962035908222,0.0112677836450805,0.0006760670187048
2026-07-12,Wyatt_Langford,694671,hitter,TEX,HOU,2026,822876,56,140,117,1,664299.0,Cristian_Javier,1.0,1.0,1.0,0.0,0.0,5.0,5.0,0.0,0.0,2.0,0.125,0.178,0.178,0.0,0.0,21.36,4.5,9.0,4.628084415584416,1.08,0.0,74.0,0,1.0,-0.4999999999999997,-0.8660254037844388,-0.7818314824680299,0.6234898018587334,1.5,2.5,0.5,0.5,0.5,1.5,2.5,0.5,0.5,0.5,synthetic,synthetic,synthetic,synthetic,synthetic,0.0,0.0,0.0,0.0,0.0,-110.0,-110.0,-110.0,-110.0,-110.0,-110.0,-110.0,-110.0,-110.0,-110.0,0.0,0.0,0.0,0.0,0.0,2026-08-28T01:24:59.045926+00:00,-0.16434796566436893,-0.4822617346153666,0.1971542474867496,-0.18912533517502422,0.3291687777942639,1.4,2.8,0.8,0.4,1.0,1.0,1.0,0.0,0.0,0.0,batter_pitcher_profile_network_v2,1.0,0.35,0.7835145266528124,0.0,0.5889068146697607,0.4873806397306395,0.4149960506254707,0.0,35.0,11.175834587799969,0.0304407776088689,0.0437865771225435,0.0043786577122543,0.5934553030303028,0.3260114646668749,0.0,35.0,11.878941385821957,0.0907783428828208,0.1780516586539613,0.0284882653846338,0.6613636363636363,0.5819783036977169,0.0,35.0,10.184780529548618,-0.0513245702338628,0.0320005341505778,0.0016000267075288,0.6253872685185184,0.3145325042708352,0.0,35.0,11.946880978967272,0.1684028994264119,0.2109865929990348,0.0052746648249758,0.7799185185185185,0.4830859769650435,0.0,35.0,10.966477255985502,0.1215705108737784,0.1727426169173845,0.010364557015043
2026-07-17,Wyatt_Langford,694671,hitter,TEX,ATL,2026,824901,57,140,144,0,519242.0,Chris_Sale,0.0,0.0,0.0,0.0,0.0,3.0,3.0,0.0,1.0,2.0,0.09375,0.0,0.0,0.0,0.0,10.0,2.3000000000000003,11.799999999999999,2.365714285714286,1.08,5.0,75.0,0,5.0,-0.4999999999999997,-0.8660254037844388,-0.433883739117558,-0.9009688679024191,1.5,2.5,0.5,0.5,0.5,1.5,2.5,0.5,0.5,0.5,synthetic,synthetic,synthetic,synthetic,synthetic,0.0,0.0,0.0,0.0,0.0,-110.0,-110.0,-110.0,-110.0,-110.0,-110.0,-110.0,-110.0,-110.0,-110.0,0.0,0.0,0.0,0.0,0.0,2026-08-28T01:24:59.045926+00:00,-0.4549882991934846,-1.0111690205673005,0.0712535935034242,-0.3372213809834117,-0.304354284368371,1.4,2.2,0.8,0.2,0.4,1.0,1.0,1.0,0.0,0.0,batter_pitcher_profile_network_v2,1.0,1.0,0.3044640688793854,0.0,0.8127031515622752,0.5218014341409078,-0.3994150808919182,0.0,36.0,11.876716018793458,-0.0109033236700341,-0.1449603728872265,-0.0144960372887226,0.6164228696741855,-0.4214094407944017,0.0,36.0,11.848492664342787,0.0613094986925402,-0.0887126285456283,-0.0141940205673005,0.679981203007519,-0.4627323052409369,0.0,36.0,11.082147780023924,-0.0592925429463733,-0.2781424156458058,-0.0139071207822902,0.6256317129629629,-0.4748061799248363,0.0,36.0,11.3027347833963,0.0937563545932994,-0.1128552393364696,-0.0028213809834117,0.7776629629629628,-0.4582848414728209,0.0,36.0,11.141484584984331,0.0662882726992551,-0.198166644234755,-0.0118899986540853
2026-07-18,Wyatt_Langford,694671,hitter,TEX,ATL,2026,824899,58,140,144,0,702566.0,,2.0,2.0,1.0,0.0,1.0,5.0,5.0,0.0,2.0,2.0,0.1136363636363636,0.356,0.356,0.0,0.0,42.72,4.1,8.2,3.008571428571429,1.08,5.0,92.0,0,1.0,-0.4999999999999997,-0.8660254037844388,-0.9749279121818236,-0.2225209339563146,0.5,1.5,0.5,0.5,0.5,0.5,1.5,0.5,0.5,0.5,synthetic,synthetic,synthetic,synthetic,synthetic,0.0,0.0,0.0,0.0,0.0,-110.0,-110.0,-110.0,-110.0,-110.0,-110.0,-110.0,-110.0,-110.0,-110.0,0.0,0.0,0.0,0.0,0.0,2026-08-28T01:24:59.045926+00:00,0.3257883116883117,-0.43862012983284027,0.06646949640961641,-0.33222404439226383,-0.12718795426056806,0.8,1.4,0.6,0.2,0.4,0.0,0.0,0.0,0.0,0.0,batter_pitcher_profile_network_v2,1.0,0.0,1.0,0.0,0.5,0.4715510101010098,0.0,0.0,37.0,13.94972193789772,-0.0005929710771201,0.0,0.0,0.5815830808080806,0.0,0.0,37.0,14.078383233615028,0.051829004484378,0.077743506726567,0.0124389610762507,0.6613636363636363,0.0,0.0,37.0,13.995627652292503,-0.0738178640154625,-0.0738178640154625,-0.0036908932007731,0.6095576388888888,0.0,0.0,37.0,13.958907484902566,0.0870382243094507,0.0870382243094507,0.0021759556077362,0.7640888888888888,0.0,0.0,37.0,13.951992729328971,0.0654913483221527,0.0491185112416145,0.0029471106744968
2026-07-19,Wyatt_Langford,694671,hitter,TEX,ATL,2026,824897,59,140,144,0,656550.0,Grant_Holmes,3.0,7.0,2.0,1.0,2.0,5.0,5.0,0.0,0.0,2.0,0.1219512195121951,0.852,0.852,0.8,30.0,65.0,0.6000000000000006,7.2,3.8206015037593986,1.08,5.0,91.0,0,1.0,-0.4999999999999997,-0.8660254037844388,-0.7818314824680299,0.6234898018587334,0.5,1.5,0.5,0.5,0.5,0.5,1.5,0.5,0.5,0.5,synthetic,synthetic,synthetic,synthetic,synthetic,0.0,0.0,0.0,0.0,0.0,-110.0,-110.0,-110.0,-110.0,-110.0,-110.0,-110.0,-110.0,-110.0,-110.0,0.0,0.0,0.0,0.0,0.0,2026-08-28T01:24:59.045926+00:00,0.8313535555391767,1.1606733656394073,0.6632399137004854,-0.0543923507803486,0.23656836228903932,1.0,1.6,0.8,0.2,0.4,2.0,2.0,1.0,0.0,1.0,batter_pitcher_profile_network_v2,1.0,0.95,0.4310255632312213,0.0,0.7823394000789666,0.4409714023183486,-0.0188173730184406,0.0,37.0,13.965551679435766,-0.0195084245745768,-0.0047213062745952,-0.0004721306274595,0.5615398854961829,0.0982891210657669,0.0,37.0,13.858047601539417,0.0434502713572363,0.0965789620755638,0.0154526339320902,0.6423982188295164,0.2584669372294372,0.0,37.0,13.25733417270668,-0.0704457373296543,0.0240260385429919,0.0012013019271495,0.6136761574074073,0.2592266210657669,0.0,37.0,13.01094200582356,0.1097928344855791,0.2003059687860584,0.0050076492196514,0.7707074074074073,0.2104461038961038,0.0,37.0,13.432398683138771,0.0441478705315725,0.1253942159121319,0.0075236529547279
2026-07-20,Wyatt_Langford,694671,hitter,TEX,CWS,2026,822874,60,140,145,1,607200.0,Erick_Fedde,1.0,1.0,0.0,0.0,0.0,4.0,4.0,0.0,1.0,2.0,0.1142857142857142,0.2225,0.2225,0.0,0.0,26.7,2.9250000000000003,6.3,0.5142857142857143,1.08,0.0,74.0,0,1.0,-0.4999999999999997,-0.8660254037844388,0.0,1.0,1.5,2.5,0.5,0.5,0.5,1.5,2.5,0.5,0.5,0.5,synthetic,synthetic,synthetic,synthetic,synthetic,0.0,0.0,0.0,0.0,0.0,-110.0,-110.0,-110.0,-110.0,-110.0,-110.0,-110.0,-110.0,-110.0,-110.0,0.0,0.0,0.0,0.0,0.0,2026-08-28T01:24:59.045926+00:00,0.07253845946814375,0.007937986798538077,0.2858180548831092,-0.22497730396172577,0.17514482996480862,1.4,2.2,0.8,0.2,0.6,3.0,7.0,2.0,1.0,2.0,batter_pitcher_profile_network_v2,1.0,0.55,0.5448684561760554,0.0,0.6557894877651382,0.498564051456036,0.2894084201591815,0.0,38.0,13.49161035324716,0.0417036880281335,0.065670308967155,0.0065670308967155,0.6555189355385919,0.4396088507518512,0.0,38.0,12.339747727760296,0.0890750226467288,0.2647686674908592,0.0423629867985374,0.6847328244274808,0.399276138716356,0.0,38.0,13.059467400240528,-0.0248564329496023,0.0995753833764713,0.0049787691688235,0.7577668981481481,0.6416468942301121,0.0,38.0,10.367552730716753,0.1556143390338519,0.3769078415309699,0.0094226960382742,0.8402148148148147,0.3968395445134574,0.0,38.0,12.997991595017323,0.0927835762039961,0.2213424041753839,0.013280544250523
2026-07-21,Wyatt_Langford,694671,hitter,TEX,CWS,2026,822871,61,140,145,1,702273.0,Noah_Schultz,2.0,5.0,2.0,1.0,2.0,4.0,4.0,0.0,0.0,1.0,0.0930232558139534,0.7475,0.7475,0.75,30.0,65.0,5.0769230769230775,9.046153846153848,0.7714285714285715,1.08,0.0,74.0,0,1.0,-0.4999999999999997,-0.8660254037844388,0.7818314824680298,0.6234898018587336,1.5,2.5,0.5,0.5,0.5,1.5,2.5,0.5,0.5,0.5,synthetic,synthetic,synthetic,synthetic,synthetic,0.0,0.0,0.0,0.0,0.0,-110.0,-110.0,-110.0,-110.0,-110.0,-110.0,-110.0,-110.0,-110.0,-110.0,0.0,0.0,0.0,0.0,0.0,2026-08-28T01:24:59.045926+00:00,-0.3713905803463533,0.268554344224313,0.2908137339696557,-0.06737911860283308,-0.002971765697617701,1.4,2.2,0.8,0.2,0.6,1.0,1.0,0.0,0.0,0.0,batter_pitcher_profile_network_v2,1.0,0.55,0.6271596309219191,0.0,0.6502451198666357,0.4495873219373217,0.0546330717595725,0.0,39.0,14.984102125427174,0.064519534403512,0.0091578305768477,0.0009157830576847,0.6077967948717947,0.1290000024989304,0.0,39.0,14.8592199433232,0.1052945583430536,0.1871746804717232,0.0299479488754757,0.6657051282051281,0.4614682955932956,0.0,39.0,12.939473744176322,-0.0113771750972377,0.1031600614529163,0.0051580030726458,0.6937900462962961,0.2967353921093201,0.0,39.0,13.873888168455904,0.1040778405205204,0.1808352558866766,0.0045208813971669,0.8118629629629629,0.3705474802974803,0.0,39.0,13.600727997455438,0.0684817410114075,0.1635242815624086,0.0098114568937445
2026-07-22,Wyatt_Langford,694671,hitter,TEX,CWS,2026,822873,62,140,145,1,641743.0,Anthony_Kay,0.0,0.0,0.0,0.0,0.0,4.0,3.0,1.0,1.0,1.0,0.1142857142857142,0.1725,0.1725,0.0,0.0,20.7,3.3750000000000013,7.5,2.7,1.08,0.0,74.0,0,1.0,-0.4999999999999997,-0.8660254037844388,0.9749279121818236,-0.22252093395631434,1.5,2.5,0.5,0.5,0.5,1.5,2.5,0.5,0.5,0.5,synthetic,synthetic,synthetic,synthetic,synthetic,0.0,0.0,0.0,0.0,0.0,-110.0,-110.0,-110.0,-110.0,-110.0,-110.0,-110.0,-110.0,-110.0,-110.0,0.0,0.0,0.0,0.0,0.0,2026-08-28T01:24:59.045926+00:00,0.08971251712216155,0.17982587951107387,0.5010910151315273,-0.09286660546640679,0.5304677831878204,1.6,3.0,1.0,0.4,1.0,2.0,5.0,2.0,1.0,2.0,batter_pitcher_profile_network_v2,1.0,1.0,0.3548387334772872,0.0,0.8065322551490323,0.4926186609686607,0.0098331954430545,0.0,40.0,15.433342083825975,0.0534232929635767,0.0031251712216167,0.0003125171221616,0.6515553418803417,0.0409651227880101,0.0,40.0,15.477276272419044,0.0749819792106859,0.1296929969442127,0.020750879511074,0.6932692307692306,0.0766215034965036,0.0,40.0,15.34034942486014,-0.0249502320983842,0.0093203026305459,0.0004660151315272,0.7767252314814814,0.0856985143964017,0.0,40.0,15.187285681242486,0.0183911387781646,0.0613357813437289,0.0015333945335932,0.8477148148148147,0.0600291375291377,0.0,40.0,15.335987496586972,0.0077320243944861,0.0386297197970086,0.0023177831878205
2026-07-24,Wyatt_Langford,694671,hitter,TEX,SEA,2026,822872,63,140,136,1,682243.0,Bryce_Miller,1.0,4.0,1.0,1.0,1.0,4.0,4.0,0.0,1.0,2.0,0.1111111111111111,0.525,0.525,0.75,30.0,65.0,3.458823529411765,8.405042016806723,3.8220779220779226,1.08,0.0,74.0,0,2.0,-0.4999999999999997,-0.8660254037844388,-0.433883739117558,-0.9009688679024191,1.5,2.5,0.5,0.5,0.5,1.5,2.5,0.5,0.5,0.5,synthetic,synthetic,synthetic,synthetic,synthetic,0.0,0.0,0.0,0.0,0.0,-110.0,-110.0,-110.0,-110.0,-110.0,-110.0,-110.0,-110.0,-110.0,-110.0,0.0,0.0,0.0,0.0,0.0,2026-08-28T01:24:59.045926+00:00,-0.20572245995172667,0.5017264224504894,0.44591805692318853,0.06488330502126305,0.3540624468341862,1.6,3.0,1.0,0.4,1.0,0.0,0.0,0.0,0.0,0.0,batter_pitcher_profile_network_v2,1.0,0.5,0.622995077803584,0.0,0.6368415514845305,0.4967526936026933,-0.5386002618984813,0.0,41.0,13.346502135414752,-0.0124184199124032,-0.1008680932784088,-0.0100868093278408,0.6536724747474746,-0.3391298762105738,0.0,41.0,15.136496704215125,0.00360413827081,-0.0781681930177748,-0.0125069108828439,0.7011363636363634,-0.4784432788810591,0.0,41.0,13.25629772387024,-0.0872489816969047,-0.213716783614155,-0.0106858391807077,0.7690585648148147,-0.1518120510984662,0.0,41.0,15.833251931869306,-0.0846515854528954,-0.1286677991494804,-0.003216694978737,0.840048148148148,-0.433814168268204,0.0,41.0,13.79200536228418,-0.08810487977538,-0.2034685989396122,-0.0122081159363767
2026-07-25,Wyatt_Langford,694671,hitter,TEX,SEA,2026,822869,64,140,136,1,693433.0,Bryan_Woo,3.0,5.0,2.0,0.0,1.0,4.0,4.0,0.0,1.0,2.0,0.1052631578947368,0.8575,0.8575,0.5,30.0,65.0,3.747368421052631,8.868421052631579,3.471428571428572,1.08,0.0,74.0,0,1.0,-0.4999999999999997,-0.8660254037844388,-0.9749279121818236,-0.2225209339563146,1.5,3.5,0.5,0.5,0.5,1.5,3.5,0.5,0.5,0.5,synthetic,synthetic,synthetic,synthetic,synthetic,0.0,0.0,0.0,0.0,0.0,-110.0,-110.0,-110.0,-110.0,-110.0,-110.0,-110.0,-110.0,-110.0,-110.0,0.0,0.0,0.0,0.0,0.0,2026-08-28T01:24:59.045926+00:00,-0.2458493330140541,0.14876101752625948,0.7496993854490388,0.23912755721149925,0.5943953849030053,1.4,3.4,1.0,0.6,1.0,1.0,4.0,1.0,1.0,1.0,batter_pitcher_profile_network_v2,1.0,1.0,0.3098777239955012,2.0,0.849539978810551,0.5025489898989897,0.0467138388375992,-0.1533333333333333,40.0,16.189040919894982,0.0197000692955046,-0.0842226534488114,-0.0084222653448811,0.6580196969696968,-0.0039050941040022,-0.2,40.0,16.41415252804216,0.0188767916066099,-0.1044459430924607,-0.0167113508947937,0.7011363636363634,0.0521672340351943,-0.0933333333333333,40.0,16.23976999869859,-0.0616869645776341,-0.0975724413951679,-0.0048786220697584,0.7876152777777777,-0.0161197968640871,-0.2,40.0,16.21061542691329,-0.1191480098835539,-0.2588977115400349,-0.0064724427885008,0.8458444444444444,0.0920057867598935,-0.2,40.0,16.190014404898243,-0.0573039315391604,-0.1202586225438982,-0.0072155173526338
2026-07-26,Wyatt_Langford,694671,hitter,TEX,SEA,2026,822870,65,140,136,1,669302.0,Logan_Gilbert,1.0,1.0,0.0,0.0,0.0,4.0,4.0,0.0,0.0,2.0,0.1142857142857142,0.2225,0.2225,0.0,0.0,26.7,3.3000000000000003,10.113636363636365,2.7857142857142856,1.08,0.0,74.0,0,1.0,-0.4999999999999997,-0.8660254037844388,-0.7818314824680299,0.6234898018587334,1.5,2.5,0.5,0.5,0.5,1.5,2.5,0.5,0.5,0.5,synthetic,synthetic,synthetic,synthetic,synthetic,0.0,0.0,0.0,0.0,0.0,-110.0,-110.0,-110.0,-110.0,-110.0,-110.0,-110.0,-110.0,-110.0,-110.0,0.0,0.0,0.0,0.0,0.0,2026-08-28T01:24:59.045926+00:00,-0.03767028654891358,0.15638449267863752,0.5132888099661164,-0.2043101824315776,0.2308398467871784,1.4,3.0,1.0,0.4,0.8,3.0,5.0,2.0,0.0,1.0,batter_pitcher_profile_network_v2,1.0,1.0,0.2831538094726057,2.0,0.8528136583396058,0.49397261208577,-0.3372945534466321,0.1266666666666666,41.0,15.885634527091062,-0.027499543461036,-0.0381703979566673,-0.0038170397956667,0.653456432748538,-0.2310401680127083,-0.0266666666666666,41.0,16.609438034173795,-0.0214042174662493,-0.1574406707585198,-0.0251905073213631,0.6861842105263158,-0.2991691428562341,0.0799999999999999,41.0,15.629480703481386,-0.0866063666812798,-0.1824380863919613,-0.009121904319598,0.8452171296296297,-0.1258494900466066,-0.2,41.0,16.745946803701433,-0.1918408832713046,-0.3964072972631065,-0.0099101824315776,0.8596962962962963,-0.2680321372065166,-0.1333333333333333,41.0,15.905860274806276,-0.123387602388267,-0.3432644583089331,-0.0205958674985359
2026-07-27,Wyatt_Langford,694671,hitter,TEX,SEA,2026,822868,66,140,136,1,669923.0,George_Kirby,0.0,0.0,0.0,0.0,0.0,4.0,4.0,0.0,1.0,2.0,0.1111111111111111,0.0,0.0,0.0,0.0,10.0,1.75,9.125,3.1714285714285717,1.08,0.0,74.0,0,1.0,-0.4999999999999997,-0.8660254037844388,0.0,1.0,1.5,2.5,0.5,0.5,0.5,1.5,2.5,0.5,0.5,0.5,synthetic,synthetic,synthetic,synthetic,synthetic,0.0,0.0,0.0,0.0,0.0,-110.0,-110.0,-110.0,-110.0,-110.0,-110.0,-110.0,-110.0,-110.0,-110.0,0.0,0.0,0.0,0.0,0.0,2026-08-28T01:24:59.045926+00:00,-0.2412226210316677,-0.48672024026549865,0.12372073335753364,-0.20397736233195862,0.023494279316452094,1.4,3.0,1.0,0.4,0.8,1.0,1.0,0.0,0.0,0.0,batter_pitcher_profile_network_v2,1.0,1.0,0.3479113073588913,2.0,0.8448808648485358,0.5361784043441938,0.1115483692228239,0.1266666666666666,42.0,17.414922642086115,-0.0122910936719377,0.1243690277785598,0.0124369027778559,0.6804115288220552,-0.0318627352420851,-0.0133333333333333,42.0,17.93336348696524,-0.0041827501134669,-0.0293973349927005,-0.004703573598832,0.7237781954887217,-0.177902615267884,-0.1066666666666666,42.0,17.211792106477187,-0.076161034902846,-0.2320139042779001,-0.011600695213895,0.7872819444444444,-0.222425109991584,-0.2,42.0,17.122945468359966,-0.1341152814081449,-0.3830944932783454,-0.0095773623319586,0.8455111111111111,-0.1284608150006829,-0.2,42.0,17.457186150874794,-0.0979277657779075,-0.2790635986940554,-0.0167438159216433
2026-07-28,Wyatt_Langford,694671,hitter,TEX,TB,2026,822949,67,140,139,0,643377.0,Griffin_Jax,1.0,2.0,0.0,0.0,0.0,5.0,5.0,0.0,3.0,2.0,0.131578947368421,0.254,0.254,0.2,17.0,39.48,5.3,7.900000000000001,1.5,1.08,0.0,72.0,0,1.0,-0.4999999999999997,-0.8660254037844388,0.7818314824680298,0.6234898018587336,0.5,1.5,0.5,0.5,0.5,0.5,1.5,0.5,0.5,0.5,synthetic,synthetic,synthetic,synthetic,synthetic,0.0,0.0,0.0,0.0,0.0,-110.0,-110.0,-110.0,-110.0,-110.0,-110.0,-110.0,-110.0,-110.0,-110.0,0.0,0.0,0.0,0.0,0.0,2026-08-28T01:24:59.045926+00:00,0.3447087412258544,0.1176712406491558,-0.04518726299941023,-0.24654373028687493,-0.2252315325125186,1.0,2.0,0.6,0.2,0.4,0.0,0.0,0.0,0.0,0.0,batter_pitcher_profile_network_v2,1.0,0.8,0.4633858487144861,0.0,0.7345881868259804,0.5322154413812308,-0.1673344827586206,0.0,45.0,18.77446586207665,-0.0509844005429832,-0.0477897807239109,-0.004778978072391,0.677439306599833,-0.0810939655172413,0.0,45.0,19.145953679730464,-0.0510259987023721,-0.1060185617322488,-0.0169629698771598,0.7237781954887217,-0.1350968390804597,0.0,45.0,18.63830768479508,-0.0760645233962467,-0.1285347336724142,-0.0064267366836207,0.7833189814814814,-0.0012448275862068,0.0,45.0,18.92470106025297,-0.1852259605846334,-0.1857492114750006,-0.004643730286875,0.841548148148148,-0.1147448275862068,0.0,45.0,18.74032123162097,-0.1568742380572908,-0.1694729102963618,-0.0101683746177817
2026-07-29,Wyatt_Langford,694671,hitter,TEX,TB,2026,822947,68,140,139,0,668984.0,Casey_Legumina,0.0,0.0,0.0,0.0,0.0,4.0,4.0,0.0,2.0,1.0,0.125,0.0,0.0,0.0,0.0,10.0,4.5,6.0,2.2714285714285714,1.08,0.0,72.0,0,1.0,-0.4999999999999997,-0.8660254037844388,0.9749279121818236,-0.22252093395631434,1.5,1.5,0.5,0.5,0.5,1.5,2.5,0.5,0.5,0.5,synthetic,real,real,real,synthetic,0.0,8.0,7.0,6.0,0.0,-110.0,578.116343,510.204082,1385.489722,-110.0,-110.0,-500.0,-1100.0,0.0,-110.0,0.0,0.3535533905932738,0.37796447300922725,0.0,0.0,2026-07-30T00:28:52.112372+00:00,-0.2589978952180334,0.27570770160062485,-0.14354339923328657,-0.3431737084571699,-0.2733665423229509,1.2,2.4,0.6,0.2,0.4,1.0,2.0,0.0,0.0,0.0,batter_pitcher_profile_network_v2,1.0,0.15,0.8173357136978732,0.0,0.5374814562608016,0.5107310637705376,-0.0719999999999999,0.0,46.0,19.59506457915295,-0.0527110632699973,-0.0067170474184299,-0.0006717047418429,0.6636756474519634,-0.2941249999999999,0.0,46.0,18.8019844324888,-0.0822384258358519,-0.1590143649960945,-0.0254422983993751,0.7008145363408522,-0.2728749999999998,0.0,46.0,18.45784904589087,-0.0723647939364275,-0.1072965560943028,-0.0053648278047151,0.8148217592592593,-0.466,0.0,46.0,16.760984666175304,-0.2815894411215597,-0.3509483382867975,-0.0087737084571699,0.8457592592592591,-0.3718333333333332,0.0,46.0,17.615108537186817,-0.2109177497411075,-0.2156328482396596,-0.0129379708943795
2026-07-30,Wyatt_Langford,694671,hitter,TEX,TB,2026,822946,69,140,139,0,663556.0,Shane_McClanahan,1.0,2.0,0.0,0.0,1.0,5.0,4.0,1.0,1.0,1.0,0.131578947368421,0.392,0.392,0.25,21.25,58.29,3.6,5.968421052631579,2.2714285714285714,1.08,0.0,72.0,0,1.0,-0.4999999999999997,-0.8660254037844388,0.43388373911755823,-0.900968867902419,0.5,1.5,0.5,0.5,0.5,0.5,1.5,0.5,0.5,0.5,synthetic,synthetic,synthetic,synthetic,synthetic,0.0,0.0,0.0,0.0,0.0,-110.0,-110.0,-110.0,-110.0,-110.0,-110.0,-110.0,-110.0,-110.0,-110.0,0.0,0.0,0.0,0.0,0.0,2026-08-28T01:24:59.045926+00:00,0.46712099741909674,-0.03562681772758647,-0.05332064454379998,-0.3706614531435245,-0.29320169668053775,1.0,1.6,0.4,0.0,0.2,0.0,0.0,0.0,0.0,0.0,batter_pitcher_profile_network_v2,1.0,1.0,0.3608027313898953,0.0,0.8058016654047377,0.4765547138047136,-0.3218125659604739,0.0,46.0,18.494136348893644,-0.0640074152890041,-0.0980281210471263,-0.0098028121047126,0.6408914141414139,-0.3638578928852526,0.0,46.0,18.209674751588484,-0.0854665617048276,-0.2772564265868888,-0.0443610282539022,0.6821969696969696,-0.3310645712813368,0.0,46.0,17.972314826419183,-0.076267435601058,-0.2206309359887803,-0.011031546799439,0.8148217592592593,-0.3848935643480823,0.0,46.0,17.63893574203841,-0.274993301292521,-0.4754581257409805,-0.0118864531435245,0.8482592592592592,-0.3862659102101937,0.0,46.0,17.468872857422188,-0.2120855299912896,-0.3684994559538237,-0.0221099673572294
2026-07-31,Wyatt_Langford,694671,hitter,TEX,HOU,2026,824164,70,140,117,0,686613.0,Hunter_Brown,1.0,1.0,0.0,0.0,0.0,4.0,4.0,0.0,1.0,2.0,0.1142857142857142,0.2225,0.2225,0.0,0.0,26.7,4.071428571428571,7.571428571428572,3.9471428571428575,1.08,0.0,73.0,0,1.0,-0.4999999999999997,-0.8660254037844388,-0.433883739117558,-0.9009688679024191,0.5,0.5,0.5,0.5,0.5,0.5,0.5,0.5,0.5,0.5,synthetic,synthetic,synthetic,synthetic,synthetic,0.0,0.0,0.0,0.0,0.0,-110.0,-110.0,-110.0,-110.0,-110.0,-110.0,-110.0,-110.0,-110.0,-110.0,0.0,0.0,0.0,0.0,0.0,2026-08-28T01:24:59.045926+00:00,0.29939839741176555,0.49674694932146934,-0.34032778888395143,-0.48336224578142317,-0.10757431069666984,0.6,1.0,0.0,0.0,0.2,1.0,2.0,0.0,0.0,1.0,batter_pitcher_profile_network_v2,1.0,0.55,0.6428373017314704,1.0,0.6679388367958422,0.451854901141743,-0.5333142588287753,-0.037037037037037,46.0,16.85261337044932,-0.0578852729080737,-0.1164922163585343,-0.0116492216358534,0.6242177736006682,-0.4496420477086659,0.1037037037037036,46.0,17.881582737920148,-0.0934086604522988,-0.1551753167408166,-0.0248280506785306,0.6715538847117792,-0.0096614121067855,0.1111111111111111,46.0,19.994696673322267,-0.1051500454916938,-0.0161986348218845,-0.0008099317410942,0.8123365740740741,-0.3147573910563054,0.1111111111111111,46.0,18.84522543788809,-0.3584360182587598,-0.3584898312569314,-0.0089622457814232,0.848274074074074,-0.170801433566013,0.0444444444444444,46.0,19.661033857921435,-0.1814893697198315,-0.1513575592302133,-0.0090814535538127
2026-08-01,Wyatt_Langford,694671,hitter,TEX,HOU,2026,824162,71,140,117,0,669854.0,,1.0,4.0,1.0,1.0,1.0,5.0,5.0,0.0,2.0,2.0,0.131578947368421,0.42,0.42,0.6,30.0,65.0,4.1,8.2,3.9471428571428575,1.08,0.0,73.0,0,1.0,-0.8660254037844384,-0.5000000000000004,-0.9749279121818236,-0.2225209339563146,0.5,0.5,0.5,0.5,0.5,0.5,0.5,0.5,0.5,0.5,synthetic,synthetic,synthetic,synthetic,synthetic,0.0,0.0,0.0,0.0,0.0,-110.0,-110.0,-110.0,-110.0,-110.0,-110.0,-110.0,-110.0,-110.0,-110.0,0.0,0.0,0.0,0.0,0.0,2026-08-28T01:24:59.045926+00:00,0.3024603607349632,1.2063755547808146,-0.20391002423557503,-0.2492649060677804,-0.1731206750105307,0.6,1.0,0.0,0.0,0.2,1.0,1.0,0.0,0.0,0.0,batter_pitcher_profile_network_v2,1.0,0.1,0.7096998878352689,0.0,0.526306176374018,0.431815993265993,-0.2057926829268293,0.0,48.0,20.37834102433955,-0.006907367591771,-0.0257973951566337,-0.0025797395156633,0.6097047979797978,0.1741920731707315,0.0,48.0,19.96246582120385,-0.0328820916344049,-0.0184915984093836,-0.0029586557455013,0.6674242424242423,0.702515243902439,0.0,48.0,13.768267513956634,-0.032247485132608,0.1038671844614346,0.0051933592230717,0.7984921296296297,0.6699999999999999,0.0,48.0,13.917365368330184,-0.1499038204232857,0.0054037572887856,0.0001350939322196,0.8344296296296296,0.6033536585365854,0.0,48.0,15.173631562623608,-0.0663080650490801,0.0964223337843901,0.0057853400270634
2026-08-02,Wyatt_Langford,694671,hitter,TEX,HOU,2026,824163,72,140,117,0,663567.0,Peter_Lambert,0.0,0.0,0.0,0.0,0.0,4.0,3.0,1.0,2.0,2.0,0.1142857142857142,0.1725,0.1725,0.0,0.0,20.7,2.6999999999999997,10.1,3.922417582417583,1.08,0.0,73.0,0,1.0,-0.8660254037844384,-0.5000000000000004,-0.7818314824680299,0.6234898018587334,0.5,1.5,0.5,0.5,0.5,0.5,1.5,0.5,0.5,0.5,synthetic,synthetic,synthetic,synthetic,synthetic,0.0,0.0,0.0,0.0,0.0,-110.0,-110.0,-110.0,-110.0,-110.0,-110.0,-110.0,-110.0,-110.0,-110.0,0.0,0.0,0.0,0.0,0.0,2026-08-28T01:24:59.045926+00:00,0.3090570068621301,0.23682999808436445,-0.11054354498572344,-0.24595360488022389,0.0026061763564567686,0.8,1.8,0.2,0.2,0.4,1.0,4.0,1.0,1.0,1.0,batter_pitcher_profile_network_v2,1.0,0.95,0.294827925461628,1.0,0.816939400174403,0.4034069023569022,-0.3042404177724361,-0.0296296296296296,47.0,19.20551859284388,-0.0073253367065387,-0.1057302976790647,-0.0105730297679064,0.5907654040404039,-0.2560765779320675,-0.1111111111111111,47.0,19.646539905616898,-0.04027807436724,-0.2390312619727239,-0.0382450019156358,0.6484848484848484,-0.1856510746696998,-0.1111111111111111,47.0,19.594870449922404,-0.0489565851371112,-0.205788482132051,-0.0102894241066025,0.7984921296296297,-0.1830870181126544,-0.1111111111111111,47.0,19.72317574370792,-0.2871177064594449,-0.4621441952089579,-0.0115536048802239,0.8344296296296296,-0.2380819437441919,-0.1111111111111111,47.0,19.31914894112746,-0.1320695427206187,-0.3110783794070389,-0.0186647027644223
2026-08-03,Wyatt_Langford,694671,hitter,TEX,SF,2026,822867,73,140,137,1,657277.0,Logan_Webb,0.0,0.0,0.0,0.0,0.0,4.0,3.0,1.0,2.0,2.0,0.1111111111111111,0.1725,0.1725,0.0,0.0,20.7,4.3500000000000005,6.25,2.0969387755102042,1.08,0.0,74.0,0,1.0,-0.8660254037844384,-0.5000000000000004,0.0,1.0,0.5,1.5,0.5,0.5,0.5,0.5,1.5,0.5,0.5,0.5,synthetic,synthetic,synthetic,synthetic,synthetic,0.0,0.0,0.0,0.0,0.0,-110.0,-110.0,-110.0,-110.0,-110.0,-110.0,-110.0,-110.0,-110.0,-110.0,0.0,0.0,0.0,0.0,0.0,2026-08-28T01:24:59.045926+00:00,0.16473331030217653,-0.5593382349215358,-0.34189696772520517,-0.3451789441181953,-0.2440870931371511,0.6,1.4,0.2,0.2,0.4,0.0,0.0,0.0,0.0,0.0,batter_pitcher_profile_network_v2,1.0,1.0,0.3266904492211736,0.0,0.8099804199704062,0.3505516835016833,0.068738183576645,0.0,49.0,21.094959110550544,-0.0203980365981189,0.0162242594843501,0.001622425948435,0.5558588383838383,-0.0476813508563508,0.0,49.0,21.637356488892834,-0.0837137251509483,-0.1434160515929319,-0.0229465682548691,0.6106060606060606,-0.0813927233023386,0.0,49.0,21.36574680179972,-0.093915392621529,-0.1273781300143097,-0.0063689065007154,0.8024550925925926,-0.1314892897123666,0.0,49.0,21.309168990504336,-0.3601140123578301,-0.4311577647278127,-0.0107789441181953,0.8383925925925926,-0.0743089790551328,0.0,49.0,21.3736103334529,-0.1740858563443828,-0.1725116429888007,-0.010350698579328
2026-08-04,Wyatt_Langford,694671,hitter,TEX,SF,2026,822865,74,140,137,1,694918.0,Blade_Tidwell,0.0,0.0,1.0,0.0,0.0,5.0,4.0,1.0,0.0,2.0,0.1219512195121951,0.1379999999999999,0.1379999999999999,0.0,0.0,16.56,3.0,6.0,2.5255102040816326,1.08,0.0,74.0,0,1.0,-0.8660254037844384,-0.5000000000000004,0.7818314824680298,0.6234898018587336,0.5,1.5,0.5,0.5,0.5,0.5,1.5,0.5,0.5,0.5,synthetic,synthetic,synthetic,synthetic,synthetic,0.0,0.0,0.0,0.0,0.0,-110.0,-110.0,-110.0,-110.0,-110.0,-110.0,-110.0,-110.0,-110.0,-110.0,0.0,0.0,0.0,0.0,0.0,2026-08-28T01:24:59.045926+00:00,0.20868870084619207,-0.5652391892867287,-0.323061405693046,-0.34391619207554613,-0.21883751930788492,0.6,1.4,0.2,0.2,0.4,0.0,0.0,0.0,0.0,0.0,batter_pitcher_profile_network_v2,1.0,0.0,1.0,0.0,0.5,0.323672946254525,0.0,0.0,50.0,22.183517605009783,-0.0332552359021644,0.0,0.0,0.5374798036758562,0.0,0.0,50.0,22.397963929831302,-0.1048330041418573,-0.1572495062127859,-0.0251599209940457,0.5963659147869673,0.0,0.0,50.0,22.234451399769497,-0.0729090496498698,-0.0729090496498698,-0.0036454524824934,0.7969365740740741,0.0,0.0,50.0,22.20883504101663,-0.380647683021844,-0.380647683021844,-0.0095161920755461,0.8328740740740741,0.0,0.0,50.0,22.211440981076453,-0.1983925257401781,-0.1487943943051336,-0.008927663658308
2026-08-05,Wyatt_Langford,694671,hitter,TEX,SF,2026,822866,75,140,137,1,687931.0,Carson_Whisenhunt,1.0,2.0,1.0,0.0,0.0,4.0,3.0,1.0,1.0,1.0,0.1111111111111111,0.49,0.49,0.3333333333333333,28.33333333333333,65.0,8.858823529411765,9.01764705882353,2.61317254174397,1.08,0.0,74.0,0,1.0,-0.8660254037844384,-0.5000000000000004,0.9749279121818236,-0.22252093395631434,0.5,0.5,0.5,0.5,0.5,0.5,0.5,0.5,0.5,0.5,synthetic,synthetic,synthetic,synthetic,synthetic,0.0,0.0,0.0,0.0,0.0,-110.0,-110.0,-110.0,-110.0,-110.0,-110.0,-110.0,-110.0,-110.0,-110.0,0.0,0.0,0.0,0.0,0.0,2026-08-28T01:24:59.045926+00:00,-0.0925454343678489,0.7486893931811931,0.1386532280370838,-0.18712537570113036,-0.25704303726667954,0.4,1.0,0.4,0.2,0.2,0.0,0.0,1.0,0.0,0.0,batter_pitcher_profile_network_v2,1.0,0.3,0.7834495180456744,1.0,0.5949582302118215,0.3231127662907269,-0.0388700025464732,-0.0185185185185185,50.0,22.25439155643144,0.0079758921189165,-0.0192331642976468,-0.0019233164297646,0.5281807330827069,0.044177314107461,-0.0246913580246913,50.0,22.255526115513657,-0.0294980895493816,-0.0612121259508763,-0.0097939401521402,0.5838036497493735,0.3788837588065529,-0.1111111111111111,50.0,19.53509666710494,-0.0339270591578793,-0.0851079810022939,-0.0042553990501146,0.7352458333333334,0.1627040998217468,-0.1111111111111111,50.0,21.46709214844837,-0.2025065611932687,-0.2756816947118832,-0.006892042367797,0.7759229166666666,0.2881545921398862,-0.1111111111111111,50.0,20.47837455258027,-0.1184123428787765,-0.1394721836757463,-0.0083683310205447
2026-08-07,Wyatt_Langford,694671,hitter,TEX,BAL,2026,822863,76,140,110,1,669358.0,Shane_Baz,0.0,0.0,0.0,0.0,0.0,3.0,3.0,0.0,1.0,2.0,0.1071428571428571,0.0,0.0,0.0,0.0,10.0,1.6659919028340087,6.279352226720648,4.0,1.08,0.0,74.0,0,2.0,-0.8660254037844384,-0.5000000000000004,-0.433883739117558,-0.9009688679024191,0.5,1.5,0.5,0.5,0.5,0.5,1.5,0.5,0.5,0.5,synthetic,synthetic,synthetic,synthetic,synthetic,0.0,0.0,0.0,0.0,0.0,-110.0,-110.0,-110.0,-110.0,-110.0,-110.0,-110.0,-110.0,-110.0,-110.0,0.0,0.0,0.0,0.0,0.0,2026-08-28T01:24:59.045926+00:00,0.23572486666357684,-0.46238970136654167,0.04861629658686484,-0.341846252352179,-0.34069576220950154,0.4,1.2,0.6,0.2,0.2,1.0,2.0,1.0,0.0,0.0,batter_pitcher_profile_network_v2,1.0,1.0,0.3461758381929479,0.0,0.8075934598213639,0.2352903409090907,-0.0134896002626536,0.0,51.0,22.39640819893425,0.0517823315873352,-0.0020752200039064,-0.0002075220003906,0.4341139309764309,-0.1520817950086779,0.0,51.0,22.53255497926393,0.028611918393069,-0.0002481335408845,-3.9701366541523565e-05,0.4967414772727271,-0.1736363238627981,0.0,51.0,22.029135529196136,-0.0862801886509574,-0.1426740682627031,-0.0071337034131351,0.6869819444444444,-0.3133132306522422,0.0,51.0,21.243705482733723,-0.1571206333949031,-0.2978500940871602,-0.007446252352179,0.6950756944444444,-0.1953834360740192,0.0,51.0,21.949823878376165,-0.0970701483500618,-0.161596036825025,-0.0096957622095015
2026-08-08,Wyatt_Langford,694671,hitter,TEX,BAL,2026,822864,77,140,110,1,680694.0,Kyle_Bradish,0.0,0.0,1.0,0.0,0.0,4.0,2.0,1.0,0.0,2.0,0.1290322580645161,0.3525,0.3525,0.0,0.0,42.3,4.164285714285715,6.82142857142857,4.13265306122449,1.08,0.0,74.0,0,1.0,-0.8660254037844384,-0.5000000000000004,-0.9749279121818236,-0.2225209339563146,0.5,0.5,0.5,0.5,0.5,0.5,0.5,0.5,0.5,0.5,synthetic,synthetic,synthetic,synthetic,synthetic,0.0,0.0,0.0,0.0,0.0,-110.0,-110.0,-110.0,-110.0,-110.0,-110.0,-110.0,-110.0,-110.0,-110.0,0.0,0.0,0.0,0.0,0.0,2026-08-28T01:24:59.045926+00:00,-0.029697483885098352,-0.0472511503774809,0.012910046028124733,-0.47966623664456176,-0.3280152981720289,0.2,0.4,0.4,0.0,0.0,0.0,0.0,0.0,0.0,0.0,batter_pitcher_profile_network_v2,1.0,1.0,0.3935752423439543,0.0,0.8017870328128656,0.1178089565527063,-0.0013433388617939,0.0,52.0,23.1958950493478,0.0692574656919361,-9.597117488128386e-05,-9.597117488128387e-06,0.3209010327635325,-0.0673567041555932,0.0,52.0,23.48379687742529,0.0444494469928501,0.053566398850422,0.0085706238160675,0.376375801282051,0.1120610660807712,0.0,52.0,22.84467472922108,-0.0841422654871325,-0.0585650438878026,-0.0029282521943901,0.6043719907407407,-0.1297400029107799,0.0,52.0,23.122236364688536,-0.1630989583690631,-0.2106494657824741,-0.0052662366445618,0.5682469907407406,0.0597244478235097,0.0,52.0,23.028673428759,-0.0083276882948907,0.0143352213812619,0.0008601132828757
2026-08-09,Wyatt_Langford,694671,hitter,TEX,BAL,2026,822862,78,140,110,1,700249.0,,1.0,1.0,1.0,0.0,0.0,4.0,3.0,0.0,0.0,1.0,0.1,0.4024999999999999,0.4024999999999999,0.0,0.0,48.3,4.1,8.2,4.775510204081633,1.08,0.0,74.0,0,1.0,-0.8660254037844384,-0.5000000000000004,-0.7818314824680299,0.6234898018587334,0.5,0.5,0.5,0.5,0.5,0.5,0.5,0.5,0.5,0.5,synthetic,synthetic,synthetic,synthetic,synthetic,0.0,0.0,0.0,0.0,0.0,-110.0,-110.0,-110.0,-110.0,-110.0,-110.0,-110.0,-110.0,-110.0,-110.0,0.0,0.0,0.0,0.0,0.0,2026-08-28T01:24:59.045926+00:00,-0.11557959183673455,-0.042969041834146016,0.31298955314708865,-0.47502791524494836,-0.311760666268161,0.2,0.4,0.6,0.0,0.0,0.0,0.0,1.0,0.0,0.0,batter_pitcher_profile_network_v2,1.0,0.0,1.0,0.0,0.5,0.0806435363247858,0.0,0.0,53.0,23.995744696071892,0.0891561466733977,0.0,0.0,0.2323679131054127,0.0,0.0,53.0,24.1901950590344,0.0918998256910585,0.1378497385365878,0.022055958165854,0.3173774038461533,0.0,0.0,53.0,23.994415064865983,-0.0782191411398603,-0.0782191411398603,-0.003910957056993,0.4584645833333333,0.0,0.0,53.0,23.93617359235203,-0.0251166097979386,-0.0251166097979386,-0.0006279152449484,0.4372354166666664,0.0,0.0,53.0,23.98093291088273,0.0914183006168291,0.0685637254626218,0.0041138235277573
2026-08-10,Wyatt_Langford,694671,hitter,TEX,LAA,2026,823998,79,140,108,0,672282.0,Reid_Detmers,0.0,0.0,1.0,0.0,0.0,5.0,2.0,3.0,2.0,1.0,0.1162790697674418,0.414,0.414,0.0,0.0,49.68,4.012499999999999,12.525,7.714285714285714,1.08,0.0,81.0,0,1.0,-0.8660254037844384,-0.5000000000000004,0.0,1.0,0.5,0.5,0.5,0.5,0.5,0.5,0.5,0.5,0.5,0.5,synthetic,synthetic,synthetic,synthetic,synthetic,0.0,0.0,0.0,0.0,0.0,-110.0,-110.0,-110.0,-110.0,-110.0,-110.0,-110.0,-110.0,-110.0,-110.0,0.0,0.0,0.0,0.0,0.0,2026-08-28T01:24:59.045926+00:00,0.1155853757158497,0.23032652747950333,0.60976828227439,-0.4760362200181536,-0.1390187078108957,0.4,0.6,0.8,0.0,0.0,1.0,1.0,1.0,0.0,0.0,batter_pitcher_profile_network_v2,1.0,1.0,0.3801006714041263,1.0,0.8221876677529946,0.1531097545219636,-0.2879439716667579,0.0,51.0,22.271715585162045,0.0571010723184507,-0.0273295208038492,-0.0027329520803849,0.2890055770887165,-0.1542689502482121,-0.0691358024691358,51.0,23.26611381062161,0.0852291898865799,0.0524986455841061,0.0083997832934569,0.3858963178294571,-0.0274020030644216,-0.1111111111111111,51.0,23.11410675417868,-0.0949253460559531,-0.1781526269374473,-0.0089076313468723,0.4702201388888888,-0.0006016508989712,-0.1111111111111111,51.0,23.09731914900812,0.0113988335044725,-0.0654488007261478,-0.0016362200181536,0.4900638888888887,-0.0252793530282683,0.1111111111111111,51.0,23.122625281911574,0.0707391589890064,0.1220470071384507,0.007322820428307
2026-08-11,Wyatt_Langford,694671,hitter,TEX,LAA,2026,823997,80,140,108,0,696270.0,Ryan_Johnson,0.0,0.0,0.0,0.0,0.0,4.0,4.0,0.0,1.0,2.0,0.1081081081081081,0.0,0.0,0.0,0.0,10.0,11.304395604395603,6.31978021978022,7.959183673469388,1.08,0.0,83.0,0,1.0,-0.8660254037844384,-0.5000000000000004,0.7818314824680298,0.6234898018587336,0.5,0.5,0.5,0.5,0.5,0.5,0.5,0.5,0.5,0.5,synthetic,synthetic,synthetic,synthetic,synthetic,0.0,0.0,0.0,0.0,0.0,-110.0,-110.0,-110.0,-110.0,-110.0,-110.0,-110.0,-110.0,-110.0,-110.0,0.0,0.0,0.0,0.0,0.0,2026-08-28T01:24:59.045926+00:00,0.29782744722542953,-0.08623314466509507,0.3856228117388101,-0.470024368691153,-0.2564224857366658,0.4,0.6,0.8,0.0,0.0,0.0,0.0,1.0,0.0,0.0,batter_pitcher_profile_network_v2,1.0,0.6,0.6043124582776851,0.0,0.6655830343165902,0.1706153100775193,0.3155356584472438,0.0,52.0,21.743054390926314,0.0788652501921247,0.0213019235674605,0.002130192356746,0.3035722437553833,0.4256503674171357,0.0,52.0,20.22966274941076,0.0786756601415018,0.1691425080053178,0.0270628012808508,0.4073129844961241,0.5380449481074483,0.0,52.0,19.004506800226014,-0.0327677536125729,0.0539482369824886,0.0026974118491244,0.4743090277777776,0.5970045340838024,0.0,52.0,17.41088176952675,0.062980531994117,0.175025252353882,0.004375631308847,0.5100694444444444,0.533774114774115,0.0,52.0,18.9139697451495,0.1115412831706804,0.1913865909121604,0.0114831954547296
2026-08-12,Wyatt_Langford,694671,hitter,TEX,LAA,2026,823994,81,140,108,0,691946.0,,0.0,0.0,0.0,0.0,0.0,2.0,2.0,0.0,1.0,7.0,0.0571428571428571,0.0,0.0,0.0,0.0,10.0,4.1,8.2,8.23469387755102,1.08,8.0,78.0,0,1.0,-0.8660254037844384,-0.5000000000000004,0.9749279121818236,-0.22252093395631434,0.5,0.5,0.5,0.5,0.5,0.5,0.5,0.5,0.5,0.5,synthetic,synthetic,synthetic,synthetic,synthetic,0.0,0.0,0.0,0.0,0.0,-110.0,-110.0,-110.0,-110.0,-110.0,-110.0,-110.0,-110.0,-110.0,-110.0,0.0,0.0,0.0,0.0,0.0,2026-08-28T01:24:59.045926+00:00,-0.02155581677387186,-0.39397247334071545,0.01071981251135623,-0.4746398289495648,-0.3111118003261457,0.2,0.2,0.6,0.0,0.0,0.0,0.0,0.0,0.0,0.0,batter_pitcher_profile_network_v2,1.0,0.05,0.9425,0.0,0.5117271875,0.0121647555986218,-0.1463749999999999,0.0,53.0,24.871085933453205,0.0941912685122356,-0.000102385425793,-1.0238542579302536e-05,0.1233937876830318,-0.330625,0.0,53.0,23.81652870614622,0.097303582137373,0.1436095416205292,0.0229775266592846,0.2477768895348835,-0.1088749999999998,0.0,53.0,24.74471298227732,-0.0737464665651298,-0.0752976273238961,-0.0037648813661948,0.3164386574074075,-0.5025,0.0,53.0,21.187913794239982,-0.000450058525128,-0.0095931579825933,-0.0002398289495648,0.3181886574074073,-0.2744999999999998,0.0,53.0,23.769072809708565,0.0723297424352143,0.0492250966050565,0.0029535057963033
2026-08-13,Wyatt_Langford,694671,hitter,TEX,LAA,2026,823995,82,140,108,0,700712.0,Walbert_Ureña,1.0,1.0,0.0,0.0,0.0,4.0,4.0,0.0,2.0,2.0,0.1142857142857142,0.2225,0.2225,0.0,0.0,26.7,5.642857142857143,8.571428571428571,6.948979591836734,1.08,7.0,75.0,0,1.0,-0.8660254037844384,-0.5000000000000004,0.43388373911755823,-0.900968867902419,0.5,0.5,0.5,0.5,0.5,0.5,0.5,0.5,0.5,0.5,synthetic,synthetic,synthetic,synthetic,synthetic,0.0,0.0,0.0,0.0,0.0,-110.0,-110.0,-110.0,-110.0,-110.0,-110.0,-110.0,-110.0,-110.0,-110.0,0.0,0.0,0.0,0.0,0.0,2026-08-28T01:24:59.045926+00:00,-0.02389452618512411,-0.21779063282402017,0.19235427264296978,-0.4715058441071946,-0.23723497279536365,0.2,0.2,0.6,0.0,0.0,0.0,0.0,0.0,0.0,0.0,batter_pitcher_profile_network_v2,1.0,1.0,0.3540999804696779,0.0,0.8066227523924645,-0.0909118716931221,-0.4000253347748556,0.0,52.0,22.79951644694632,0.1068644884974566,-0.0234894795383155,-0.0023489479538315,-0.0003548280423284,-0.4344762306758032,0.0,52.0,22.44944037531933,0.1527095797378594,0.2289647948498749,0.0366343671759799,0.1338893849206343,-0.168320935190562,0.0,52.0,24.3243515628827,-0.0298378865085156,-0.0443941389773373,-0.0022197069488668,0.177318287037037,-0.4196306764032859,0.0,52.0,22.19053503695673,0.1638264888484642,0.1157662357122176,0.0028941558928054,0.1740682870370366,-0.3065325402713934,0.0,52.0,23.307699858561637,0.2051970640264552,0.1194341268799962,0.0071660476127997
2026-08-14,Wyatt_Langford,694671,hitter,TEX,ATH,2026,824968,83,140,133,0,695611.0,Gage_Jump,0.0,0.0,0.0,0.0,0.0,5.0,4.0,1.0,0.0,1.0,0.131578947368421,0.1379999999999999,0.1379999999999999,0.0,0.0,16.56,5.909090909090909,13.090909090909092,9.45779220779221,1.08,0.0,77.0,0,1.0,-0.8660254037844384,-0.5000000000000004,-0.433883739117558,-0.9009688679024191,0.5,0.5,0.5,0.5,0.5,0.5,0.5,0.5,0.5,0.5,synthetic,synthetic,synthetic,synthetic,synthetic,0.0,0.0,0.0,0.0,0.0,-110.0,-110.0,-110.0,-110.0,-110.0,-110.0,-110.0,-110.0,-110.0,-110.0,0.0,0.0,0.0,0.0,0.0,2026-08-28T01:24:59.045926+00:00,0.16325623861762317,0.03962687122044306,0.1782794524985407,-0.4702827328768693,-0.11331505357077953,0.4,0.4,0.4,0.0,0.0,1.0,1.0,0.0,0.0,0.0,batter_pitcher_profile_network_v2,1.0,0.8,0.5181001062322147,0.0,0.7292261895892429,-0.2289884259259263,-0.0299999352789425,0.0,52.0,25.38629682686437,0.1708626566959288,-0.0033104778018964,-0.0003310477801896,-0.118240740740741,-0.1298142499490921,0.0,52.0,25.541811229301224,0.209900647543619,0.3074541293382957,0.0491926606941273,0.0163124999999995,0.1355959762157681,0.0,52.0,24.863467995982155,0.0179414496078185,0.0190073684943997,0.0009503684247199,0.1133414351851851,-0.2362200417379483,0.0,52.0,24.671755807544056,0.1775928406703062,0.1646906849252311,0.0041172671231307,0.0867060185185182,0.0812564112108805,0.0,52.0,25.05451004454812,0.2323285046312053,0.1776415655724498,0.0106584939343469
2026-08-15,Wyatt_Langford,694671,hitter,TEX,ATH,2026,824966,84,140,133,0,669372.0,JT_Ginn,3.0,6.0,1.0,1.0,2.0,4.0,4.0,0.0,0.0,4.0,0.1081081081081081,0.97,0.97,0.75,30.0,65.0,2.000000000000005,6.81578947368421,9.107142857142858,1.08,9.0,85.0,0,1.0,-0.8660254037844384,-0.5000000000000004,-0.9749279121818236,-0.2225209339563146,0.5,0.5,0.5,0.5,0.5,0.5,0.5,0.5,0.5,0.5,synthetic,synthetic,synthetic,synthetic,synthetic,0.0,0.0,0.0,0.0,0.0,-110.0,-110.0,-110.0,-110.0,-110.0,-110.0,-110.0,-110.0,-110.0,-110.0,0.0,0.0,0.0,0.0,0.0,2026-08-28T01:24:59.045926+00:00,0.2017781047345788,1.0450992539962118,0.435011368860989,-0.20371898410606848,0.09967553600993295,0.2,0.2,0.2,0.0,0.0,0.0,0.0,0.0,0.0,0.0,batter_pitcher_profile_network_v2,1.0,1.0,0.3482130591438271,2.0,0.8448439002548812,-0.146599537037037,-0.1938761333295576,0.2,51.0,25.47677655991092,0.1678081885932701,0.1162961188082274,0.0116296118808227,-0.064574074074074,-0.1608777387568419,0.2,51.0,25.75711673502432,0.2058632017181318,0.4368449996384863,0.0698951999421578,0.0688125000000001,-0.0112351067325967,0.1733333333333333,51.0,25.68642504953722,-0.0125810292693655,0.103760195752598,0.0051880097876299,0.1115636574074072,-0.0836647559242239,0.2,51.0,25.535628512336512,0.1985030740611872,0.3272406357572619,0.0081810158939315,0.0790949074074074,-0.0891669736853865,0.2,51.0,25.60059774436521,0.2526619846854728,0.3197209669609158,0.0191832580176549
2026-08-16,Wyatt_Langford,694671,hitter,TEX,ATH,2026,824965,85,140,133,0,682052.0,Jacob_Lopez,0.0,0.0,1.0,0.0,0.0,4.0,3.0,1.0,0.0,1.0,0.1142857142857142,0.1725,0.1725,0.0,0.0,20.7,2.6196428571428574,12.042857142857144,7.607142857142857,1.08,0.0,85.0,0,1.0,-0.8660254037844384,-0.5000000000000004,-0.7818314824680299,0.6234898018587334,0.5,1.5,0.5,0.5,0.5,0.5,1.5,0.5,0.5,0.5,synthetic,synthetic,synthetic,synthetic,synthetic,0.0,0.0,0.0,0.0,0.0,-110.0,-110.0,-110.0,-110.0,-110.0,-110.0,-110.0,-110.0,-110.0,-110.0,0.0,0.0,0.0,0.0,0.0,2026-08-28T01:24:59.045926+00:00,0.7072494244267882,0.3635170460526038,0.10422907151958094,-0.22635156743138019,0.3768560028631256,0.8,1.4,0.2,0.2,0.4,3.0,6.0,1.0,1.0,2.0,batter_pitcher_profile_network_v2,1.0,0.9,0.4830926666458163,1.0,0.7804890335022988,-0.0768599537037036,0.1483550655725131,0.0185185185185185,51.0,25.33685621709361,0.1800947969100785,0.0137323395059797,0.0013732339505979,-0.027872685185185,0.2590525240711431,-0.0395061728395061,51.0,24.22058138225483,0.2547056302943531,0.3527627878287729,0.0564420460526036,0.1274062500000001,0.5148458274776071,0.1037037037037037,51.0,21.018694465354702,0.0941311545455815,0.2049385732487621,0.0102469286624381,0.0803136574074073,0.4238300664440245,-0.1111111111111111,51.0,21.730008474817254,0.3867361538878769,0.3219373027447922,0.0080484325686198,0.0905011574074075,0.4669750647657427,-0.0814814814814814,51.0,21.54898772579377,0.3036327128057178,0.1891476667663807,0.0113488600059828
2026-08-18,Wyatt_Langford,694671,hitter,TEX,WSH,2026,822859,86,140,120,1,800600.0,,2.0,2.0,2.0,0.0,0.0,5.0,4.0,1.0,0.0,1.0,0.1351351351351351,0.4939999999999999,0.4939999999999999,0.0,0.0,59.28,4.1,8.2,4.857247246724778,1.08,0.0,74.0,0,2.0,-0.8660254037844384,-0.5000000000000004,0.7818314824680298,0.6234898018587336,0.5,1.5,0.5,0.5,0.5,0.5,1.5,0.5,0.5,0.5,synthetic,synthetic,synthetic,synthetic,synthetic,0.0,0.0,0.0,0.0,0.0,-110.0,-110.0,-110.0,-110.0,-110.0,-110.0,-110.0,-110.0,-110.0,-110.0,0.0,0.0,0.0,0.0,0.0,2026-08-28T01:24:59.045926+00:00,0.3470681375325033,-0.3173693934099939,0.29001234517055674,-0.33022688724955807,0.040993042738778795,0.8,1.4,0.4,0.2,0.4,0.0,0.0,1.0,0.0,0.0,batter_pitcher_profile_network_v2,1.0,0.05,0.9425,0.0,0.5117271875,-0.1191967592592592,-0.3945263157894737,0.0,52.0,24.944061013477175,0.171859916642121,-0.0027040098513645,-0.0002704009851364,-0.0631018518518518,-0.5187039473684212,0.0,52.0,23.125821198506788,0.2017256911464309,0.3007064938902421,0.0481130390224387,0.0898541666666667,0.2591776315789473,0.0,52.0,25.468246307273123,0.0472551803499675,0.048594251280957,0.0024297125640478,0.0704247685185184,-0.5589999999999999,0.0,52.0,21.88943758990748,0.1691881381397831,0.1669245100176766,0.0041731127504419,0.0506643518518519,0.0672368421052631,0.0,52.0,26.726444359025383,0.2666668671240431,0.2001960247270175,0.012011761483621
2026-08-19,Wyatt_Langford,694671,hitter,TEX,WSH,2026,822860,87,140,120,1,676917.0,Cade_Cavalli,0.0,0.0,0.0,0.0,0.0,4.0,4.0,0.0,3.0,3.0,0.125,0.0,0.0,0.0,0.0,10.0,2.4999999999999996,9.25,4.857247246724778,1.08,0.0,74.0,0,1.0,-0.8660254037844384,-0.5000000000000004,0.9749279121818236,-0.22252093395631434,1.5,1.5,0.5,0.5,0.5,1.5,1.5,0.5,0.5,0.5,synthetic,synthetic,synthetic,synthetic,synthetic,0.0,0.0,0.0,0.0,0.0,-110.0,-110.0,-110.0,-110.0,-110.0,-110.0,-110.0,-110.0,-110.0,-110.0,0.0,0.0,0.0,0.0,0.0,2026-08-28T01:24:59.045926+00:00,-0.16867852065367894,-0.017510614375306988,0.3770870787285022,-0.3273782105817713,-0.11975335865372316,1.2,1.8,0.8,0.2,0.4,2.0,2.0,2.0,0.0,0.0,batter_pitcher_profile_network_v2,1.0,1.0,0.4127774098169942,0.0,0.7994347672974182,-0.0590689814814816,-0.1782849296536796,0.0,51.0,26.659255187238063,0.1621711114355298,-0.0061841052267043,-0.0006184105226704,-0.0130685185185186,-0.1085582251082251,0.0,51.0,27.009162616809512,0.2228028333398475,0.3333711601543312,0.0533393856246929,0.1532708333333331,-0.1087620129870129,0.0,51.0,26.48992369930079,-0.0307166455239414,-0.0405056721547337,-0.0020252836077366,0.0844692129629629,-0.0571648268398268,0.0,51.0,26.63242565570633,0.2837070796195012,0.2808715767291481,0.0070217894182287,0.1132921296296294,-0.080454834054834,0.0,51.0,26.64075604595412,0.2601206111838153,0.1897379835006317,0.0113842790100379
2026-08-20,Wyatt_Langford,694671,hitter,TEX,WSH,2026,822861,88,140,120,1,674841.0,Andrew_Alvarez,0.0,0.0,0.0,0.0,0.0,4.0,3.0,1.0,0.0,1.0,0.1176470588235294,0.1725,0.1725,0.0,0.0,20.7,2.5686919504643964,5.611068111455109,4.176574977817215,1.08,0.0,74.0,0,1.0,-0.8660254037844384,-0.5000000000000004,0.43388373911755823,-0.900968867902419,0.5,1.5,0.5,0.5,0.5,0.5,1.5,0.5,0.5,0.5,synthetic,synthetic,synthetic,synthetic,synthetic,0.0,0.0,0.0,0.0,0.0,-110.0,-110.0,-110.0,-110.0,-110.0,-110.0,-110.0,-110.0,-110.0,-110.0,0.0,0.0,0.0,0.0,0.0,2026-08-28T01:24:59.045926+00:00,0.5586337856194423,-0.3630875108976199,0.1666092894301341,-0.3306751431982461,-0.11335328163348396,1.0,1.6,0.8,0.2,0.4,0.0,0.0,0.0,0.0,0.0,batter_pitcher_profile_network_v2,1.0,0.55,0.5494811882618482,0.0,0.6554787049408579,-0.1116880291005294,-0.2418607809449682,0.0,51.0,26.94591838648661,0.1370041081855945,-0.0121698439107927,-0.0012169843910792,-0.0481478835978838,-0.3856277130723403,0.0,51.0,25.530640190490523,0.1812719896582893,0.263543130419288,0.042166900867086,0.1140248015873013,-0.2383677121040928,0.0,51.0,26.26785891806191,-0.0693500463671994,-0.081595071567473,-0.0040797535783736,0.0844692129629629,-0.504762987044943,0.0,51.0,23.17483175547256,0.1682030121229198,0.1489942720701562,0.0037248568017539,0.1107921296296294,-0.3397156953613227,0.0,51.0,25.29346811368508,0.2162760266795127,0.1452504716530793,0.0087150282991847
2026-08-21,Wyatt_Langford,694671,hitter,TEX,LAA,2026,822857,89,140,108,1,672282.0,Reid_Detmers,1.0,2.0,1.0,0.0,1.0,5.0,5.0,0.0,1.0,3.0,0.1219512195121951,0.254,0.254,0.2,17.0,39.48,2.7499999999999996,10.875,2.5897959183673467,1.08,0.0,74.0,0,1.0,-0.8660254037844384,-0.5000000000000004,-0.433883739117558,-0.9009688679024191,0.5,1.5,0.5,0.5,0.5,0.5,1.5,0.5,0.5,0.5,synthetic,synthetic,synthetic,synthetic,synthetic,0.0,0.0,0.0,0.0,0.0,-110.0,-110.0,-110.0,-110.0,-110.0,-110.0,-110.0,-110.0,-110.0,-110.0,0.0,0.0,0.0,0.0,0.0,2026-08-28T01:24:59.045926+00:00,0.23334106747224814,-0.08012655008075598,0.11885873039373984,-0.23800635557044164,-0.15761248751816848,1.0,1.6,0.8,0.2,0.4,0.0,0.0,0.0,0.0,0.0,batter_pitcher_profile_network_v2,1.0,1.0,0.356568626413613,2.0,0.8438203432643324,-0.0939849537037038,-0.4219322976809773,-0.0533333333333333,49.0,23.68792806589841,0.1847680325255939,-0.0616906194537252,-0.0061690619453725,-0.0421226851851852,-0.2727775048114483,-0.1288888888888889,49.0,25.464243318495846,0.2455139364113311,0.2734544888245445,0.0437527182119271,0.1188645833333331,-0.1645907122108101,-0.0266666666666666,49.0,25.587170088578315,-0.02411636498587,-0.0547920421998676,-0.0027396021099933,0.0763136574074074,-0.1147505440271346,-0.2,49.0,25.882364807228512,0.2970371900485306,0.1557457771823333,0.0038936444295583,0.0783761574074073,-0.1792316889718849,0.0666666666666666,49.0,25.570605804695877,0.2691613545036972,0.238051373618713,0.0142830824171227
2026-08-22,Wyatt_Langford,694671,hitter,TEX,LAA,2026,822858,90,140,108,1,696270.0,Ryan_Johnson,0.0,0.0,0.0,0.0,0.0,4.0,4.0,0.0,0.0,3.0,0.1290322580645161,0.0,0.0,0.0,0.0,10.0,2.4601648351648353,6.354395604395605,2.3142857142857145,1.08,0.0,74.0,0,1.0,-0.8660254037844384,-0.5000000000000004,-0.9749279121818236,-0.2225209339563146,0.5,0.5,0.5,0.5,0.5,0.5,0.5,0.5,0.5,0.5,synthetic,synthetic,synthetic,synthetic,synthetic,0.0,0.0,0.0,0.0,0.0,-110.0,-110.0,-110.0,-110.0,-110.0,-110.0,-110.0,-110.0,-110.0,-110.0,0.0,0.0,0.0,0.0,0.0,2026-08-28T01:24:59.045926+00:00,0.3269231467912451,0.3763787471631229,0.1180312992470246,-0.4647525897507679,-0.2158770449578945,0.6,0.8,0.8,0.0,0.2,1.0,2.0,1.0,0.0,1.0,batter_pitcher_profile_network_v2,1.0,0.7,0.5443796639193774,1.0,0.7170694438189134,-0.2206451388888891,0.2551688126825062,-0.0777777777777777,50.0,25.414071290950243,0.226796119574994,-0.0600592091524202,-0.006005920915242,-0.1856282407407409,0.4249012981836816,-0.0962962962962963,50.0,22.81763860614348,0.3113456862230491,0.3926595084791962,0.0628255213566714,-0.0174270833333336,0.5002889848246994,-0.1111111111111111,50.0,22.43932840934457,0.1055262376467185,0.0197273674289753,0.0009863683714487,-0.0270965277777778,0.6472227267551103,-0.0987654320987654,50.0,18.64178755316017,0.4621620723850574,0.3858964099692857,0.0096474102492321,-0.070784027777778,0.5024913657770803,-0.0666666666666666,50.0,22.08326083923462,0.3723442927063908,0.2277788973991472,0.0136667338439488
2026-08-23,Wyatt_Langford,694671,hitter,TEX,LAA,2026,822856,91,140,108,1,579328.0,,2.0,3.0,0.0,0.0,0.0,4.0,3.0,1.0,0.0,3.0,0.1176470588235294,0.7125,0.7125,0.3333333333333333,28.33333333333333,65.0,4.1,8.2,2.3142857142857145,1.08,0.0,74.0,0,1.0,-0.8660254037844384,-0.5000000000000004,-0.7818314824680299,0.6234898018587334,0.5,0.5,0.5,0.5,0.5,0.5,0.5,0.5,0.5,0.5,synthetic,synthetic,synthetic,synthetic,synthetic,0.0,0.0,0.0,0.0,0.0,-110.0,-110.0,-110.0,-110.0,-110.0,-110.0,-110.0,-110.0,-110.0,-110.0,0.0,0.0,0.0,0.0,0.0,2026-08-28T01:24:59.045926+00:00,0.08391260504201692,0.8124445446903157,0.22815628092949236,-0.31038921952087845,-0.17354405800633949,0.6,0.8,0.6,0.0,0.2,0.0,0.0,0.0,0.0,0.0,batter_pitcher_profile_network_v2,1.0,0.0,1.0,0.0,0.5,-0.2292782407407408,0.0,0.0,51.0,28.4218508467274,0.2165608260983914,0.0,0.0,-0.1980796296296297,0.0,0.0,51.0,28.58357615324135,0.2945789852292578,0.4418684778438867,0.0706989564550218,-0.0474791666666667,0.0,0.0,51.0,28.455376816079053,0.0316340219511934,0.0316340219511934,0.0015817010975596,-0.033281712962963,0.0,0.0,51.0,28.1843068477408,0.3937645524981986,0.3937645524981986,0.0098441138124549,-0.1144171296296297,0.0,0.0,51.0,28.40375890992574,0.3475270022867606,0.2606452517150704,0.0156387151029042
2026-08-24,Wyatt_Langford,694671,hitter,TEX,CWS,2026,824557,92,140,145,0,664353.0,José_Urquidy,2.0,5.0,2.0,1.0,2.0,6.0,5.0,1.0,1.0,3.0,0.1224489795918367,0.6133333333333334,0.6133333333333334,0.6,30.0,65.0,14.454545454545455,6.454545454545454,2.1072949933361835,1.08,-8.0,72.0,0,1.0,-0.8660254037844384,-0.5000000000000004,0.0,1.0,0.5,2.5,0.5,0.5,0.5,0.5,0.5,0.5,0.5,0.5,real,real,real,real,real,1.0,1.0,1.0,1.0,1.0,-230.0,220.0,110.0,450.0,185.0,0.0,0.0,0.0,0.0,0.0,0.7071067811865476,1.2909944487358056,0.7071067811865476,0.0,0.7071067811865476,2026-08-24T13:15:18.979782+00:00,0.4406311936728412,-0.35497723756348476,-0.08216477111119175,-0.2355502860424618,-0.20363361062010615,0.6,1.0,0.2,0.0,0.2,2.0,3.0,0.0,0.0,0.0,batter_pitcher_profile_network_v2,1.0,0.0,1.0,0.0,0.5,-0.2343824074074071,0.0,0.0,50.0,28.234747560038937,0.2160177999524982,0.0,0.0,-0.2313898148148145,0.0,0.0,50.0,28.419699706748293,0.3277436530092888,0.4916154795139332,0.0786584767222293,-0.058208333333333,0.0,0.0,50.0,28.31023950097425,0.122028632059029,0.122028632059029,0.0061014316029514,-0.0877956018518517,0.0,0.0,50.0,28.04068618361601,0.55398855830153,0.55398855830153,0.0138497139575382,-0.1567435185185182,0.0,0.0,50.0,28.26093533815314,0.4444808825129915,0.3333606618847436,0.0200016397130846
2026-08-25,Wyatt_Langford,694671,hitter,TEX,CWS,2026,824556,93,140,145,0,641743.0,Anthony_Kay,2.0,2.0,0.0,0.0,0.0,5.0,3.0,2.0,0.0,3.0,0.1136363636363636,0.632,0.632,0.0,0.0,65.0,3.6875000000000013,7.25,3.171936234448013,1.08,-7.0,78.0,0,1.0,-0.8660254037844384,-0.5000000000000004,0.7818314824680298,0.6234898018587336,0.5,2.5,0.5,0.5,0.5,0.5,1.5,0.5,0.5,0.5,real,real,real,real,real,1.0,1.0,1.0,1.0,1.0,-200.0,270.0,115.0,520.0,185.0,0.0,0.0,0.0,0.0,0.0,0.7071067811865476,1.2909944487358056,0.7071067811865476,0.0,0.7071067811865476,2026-08-25T13:13:35.689836+00:00,0.7252951447174587,-0.198855470513021,0.4991469805388654,-0.2253803946144941,0.4310124538636797,1.0,2.0,0.6,0.2,0.6,2.0,5.0,2.0,1.0,2.0,batter_pitcher_profile_network_v2,1.0,1.0,0.2749954414522127,1.0,0.8350630584221039,-0.1399860181539807,0.0007650949817694,-0.0814814814814814,48.0,27.249778461028427,0.191829436519631,-0.0519442587258308,-0.005194425872583,-0.1131795676582093,-0.0222762478793458,-0.1012345679012345,48.0,27.50666707435344,0.2775915512931146,0.3500226274754356,0.0560036203960697,0.0294151082677167,-0.0322334328493439,-0.1111111111111111,48.0,27.3337090978368,0.0518875057856936,-0.0196329873070716,-0.0009816493653535,0.0473618055555554,-0.0254717896400681,-0.0987654320987654,48.0,27.150689982991256,0.4246215914814795,0.3607842154202397,0.0090196053855059,-0.0285479166666663,-0.0265378910886215,-0.0666666666666666,48.0,27.30467681154217,0.3724938946761659,0.236321308415257,0.0141792785049154
2026-08-26,Wyatt_Langford,694671,hitter,TEX,CWS,2026,824555,94,140,145,0,680732.0,Sean_Burke,2.0,2.0,1.0,0.0,0.0,5.0,2.0,3.0,0.0,3.0,0.11627906976744186,0.7699999999999999,0.7699999999999999,0.0,0.0,65.0,5.197802197802198,6.813186813186814,4.28296107916851,1.08,0.0,83.0,0,1.0,-0.8660254037844384,-0.5000000000000004,0.9749279121818236,-0.22252093395631434,0.5,2.5,0.5,0.5,0.5,1.5,2.5,0.5,0.5,0.5,real,real,real,real,real,1.0,1.0,1.0,1.0,1.0,-210.0,210.0,120.0,360.0,175.0,0.0,0.0,0.0,0.0,0.0,0.7071067811865476,1.2909944487358056,0.7071067811865476,0.0,0.7071067811865476,2026-08-26T13:18:59.017498+00:00,1.0959930746297684,-0.2929530521037318,0.3514845861775737,-0.3230116030249852,0.21057412921203622,1.4,2.4,0.6,0.2,0.6,2.0,2.0,0.0,0.0,0.0,batter_pitcher_profile_network_v2,1.0,1.0,0.37222243343737477,1.0,0.8231527519039217,-0.08839513888888911,-0.31987525660969407,0.025925925925925918,49.0,27.132679453354665,0.1632034834975574,3.73956422921283e-05,3.73956422921283e-06,-0.12789675925925945,-0.24341370319033662,0.05185185185185184,49.0,27.90165315653426,0.27647933107456174,0.43075127318888373,0.0689202037102214,0.06513541666666638,-0.2488423559451235,-0.1111111111111111,49.0,27.071198031410603,0.017907967515837366,-0.0685019137565712,-0.0034250956878285606,-0.09013819444444443,-0.18511628939723312,-0.07407407407407408,49.0,27.771643458057664,0.5168340587554231,0.4555358790005908,0.01138839697501477,-0.08044375000000012,-0.24501333295661779,-0.059259259259259255,49.0,27.23611062816826,0.3747510587718359,0.2280314867849857,0.01368188920709914
