Date,Player,Player_MLBAM_ID,Player_Type,Team,Opponent,Season,Game_ID,Game_Index,Team_ID,Opponent_ID,Is_Home,Opp_Starter_ID,Opp_Starter_Player,H,TB,R,HR,RBI,PA,AB,BB,SO,Batting_Order,Team_PA_share,wOBA,xwOBA,ISO,Barrel%,HardHit%,Opp_Pitcher_ERA_3,Opp_Pitcher_K9_3,Opp_Bullpen_ERA_7,Park_Factor,Wind_Out_MPH,Temp_F,Did_Not_Play,Rest_Days,Month_sin,Month_cos,DayOfWeek_sin,DayOfWeek_cos,Market_H,Market_TB,Market_R,Market_HR,Market_RBI,Synthetic_Market_H,Synthetic_Market_TB,Synthetic_Market_R,Synthetic_Market_HR,Synthetic_Market_RBI,Market_Source_H,Market_Source_TB,Market_Source_R,Market_Source_HR,Market_Source_RBI,Market_H_books,Market_TB_books,Market_R_books,Market_HR_books,Market_RBI_books,Market_H_over_price,Market_TB_over_price,Market_R_over_price,Market_HR_over_price,Market_RBI_over_price,Market_H_under_price,Market_TB_under_price,Market_R_under_price,Market_HR_under_price,Market_RBI_under_price,Market_H_line_std,Market_TB_line_std,Market_R_line_std,Market_HR_line_std,Market_RBI_line_std,Market_Fetched_At_UTC,H_market_gap,TB_market_gap,R_market_gap,HR_market_gap,RBI_market_gap,H_rolling_avg,TB_rolling_avg,R_rolling_avg,HR_rolling_avg,RBI_rolling_avg,H_lag1,TB_lag1,R_lag1,HR_lag1,RBI_lag1,Matchup_Network_Version,Matchup_Network_Batter_Support,Matchup_Network_Pitcher_Support,Pitcher_Profile_Uncertainty,Batter_Vs_Starter_Games,Matchup_Network_Confidence,Batter_Profile_H_Strength,Pitcher_Profile_H_Vulnerability,Batter_Vs_Starter_H_Lift,Archetype_Neighbor_H_Games,Archetype_Neighbor_H_Effective_Support,Archetype_Neighbor_H_Lift,Matchup_Network_H_Score,Matchup_Network_H_Adjustment,Batter_Profile_TB_Strength,Pitcher_Profile_TB_Vulnerability,Batter_Vs_Starter_TB_Lift,Archetype_Neighbor_TB_Games,Archetype_Neighbor_TB_Effective_Support,Archetype_Neighbor_TB_Lift,Matchup_Network_TB_Score,Matchup_Network_TB_Adjustment,Batter_Profile_R_Strength,Pitcher_Profile_R_Vulnerability,Batter_Vs_Starter_R_Lift,Archetype_Neighbor_R_Games,Archetype_Neighbor_R_Effective_Support,Archetype_Neighbor_R_Lift,Matchup_Network_R_Score,Matchup_Network_R_Adjustment,Batter_Profile_HR_Strength,Pitcher_Profile_HR_Vulnerability,Batter_Vs_Starter_HR_Lift,Archetype_Neighbor_HR_Games,Archetype_Neighbor_HR_Effective_Support,Archetype_Neighbor_HR_Lift,Matchup_Network_HR_Score,Matchup_Network_HR_Adjustment,Batter_Profile_RBI_Strength,Pitcher_Profile_RBI_Vulnerability,Batter_Vs_Starter_RBI_Lift,Archetype_Neighbor_RBI_Games,Archetype_Neighbor_RBI_Effective_Support,Archetype_Neighbor_RBI_Lift,Matchup_Network_RBI_Score,Matchup_Network_RBI_Adjustment
2026-03-06,Brandon_Nimmo,607043,hitter,TEX,SEA,2026,831737,0,140,136,1,807739.0,Kade_Anderson,0.0,0.0,0.0,0.0,0.0,3.0,3.0,0.0,2.0,1.0,0.08333333333333333,0.0,0.0,0.0,0.0,10.0,4.1,8.2,14.292648741418764,1.0611111111111111,-4.0,68.0,0,2.0,1.0,6.123233995736766e-17,-0.433883739117558,-0.9009688679024191,0.5,0.5,0.5,0.5,0.5,0.5,0.5,0.5,0.5,0.5,synthetic,synthetic,synthetic,synthetic,synthetic,0.0,0.0,0.0,0.0,0.0,-110.0,-110.0,-110.0,-110.0,-110.0,-110.0,-110.0,-110.0,-110.0,-110.0,0.0,0.0,0.0,0.0,0.0,2026-08-07T03:26:40.888653+00:00,0.06753928299008394,-0.5,0.026382437070938236,-0.48044444444444445,0.019632437070938202,0.0,0.0,0.0,0.0,0.0,0.0,0.0,0.0,0.0,0.0,,0.0,0.0,1.0,0.0,0.0,0.0,0.0,0.0,0.0,0.0,0.0,0.0,0.0,0.0,0.0,0.0,0.0,0.0,0.0,0.0,0.0,0.0,0.0,0.0,0.0,0.0,0.0,0.0,0.0,0.0,0.0,0.0,0.0,0.0,0.0,0.0,0.0,0.0,0.0,0.0,0.0,0.0,0.0,0.0,0.0
2026-03-08,Brandon_Nimmo,607043,hitter,TEX,LAA,2026,831813,1,140,108,1,682989.0,Victor_Mederos,0.0,0.0,0.0,0.0,0.0,3.0,3.0,0.0,1.0,1.0,0.07692307692307693,0.0,0.0,0.0,0.0,10.0,4.1,8.2,5.461607142857143,1.0611111111111111,-18.0,84.0,0,2.0,1.0,6.123233995736766e-17,-0.7818314824680299,0.6234898018587334,0.5,0.5,0.5,0.5,0.5,0.5,0.5,0.5,0.5,0.5,synthetic,synthetic,synthetic,synthetic,synthetic,0.0,0.0,0.0,0.0,0.0,-110.0,-110.0,-110.0,-110.0,-110.0,-110.0,-110.0,-110.0,-110.0,-110.0,0.0,0.0,0.0,0.0,0.0,2026-08-07T03:26:40.888653+00:00,-0.22045879120879114,-0.5,-0.42324656593406595,-0.48044444444444445,-0.4294581043956044,0.0,0.0,0.0,0.0,0.0,0.0,0.0,0.0,0.0,0.0,batter_pitcher_profile_network_v2,0.03333333333333333,0.0,1.0,0.0,0.016666666666666666,-1.0,0.0,0.0,0.0,0.0,0.0,0.0,0.0,-1.0,0.0,0.0,0.0,0.0,0.0,0.0,0.0,-0.5,0.0,0.0,0.0,0.0,0.0,0.0,0.0,-0.95625,0.0,0.0,0.0,0.0,0.0,0.0,0.0,-0.6999999999999998,0.0,0.0,0.0,0.0,0.0,0.0,0.0
2026-03-09,Brandon_Nimmo,607043,hitter,TEX,SD,2026,831725,2,140,135,0,681190.0,Randy_Vásquez,1.0,3.0,0.0,0.0,1.0,3.0,2.0,1.0,0.0,1.0,0.08108108108108109,0.77,0.77,1.0,30.0,65.0,4.1,8.2,4.508241758241758,1.0722222222222222,0.0,78.0,0,1.0,1.0,6.123233995736766e-17,0.0,1.0,0.5,0.5,0.5,0.5,0.5,0.5,0.5,0.5,0.5,0.5,synthetic,synthetic,synthetic,synthetic,synthetic,0.0,0.0,0.0,0.0,0.0,-110.0,-110.0,-110.0,-110.0,-110.0,-110.0,-110.0,-110.0,-110.0,-110.0,0.0,0.0,0.0,0.0,0.0,2026-08-07T03:26:40.888653+00:00,-0.27514780714780707,1.0279572072072072,-0.04217574992574985,-0.1518888888888889,-0.2412365607365607,0.0,0.0,0.0,0.0,0.0,0.0,0.0,0.0,0.0,0.0,batter_pitcher_profile_network_v2,0.06666666666666667,0.0,1.0,0.0,0.03333333333333333,-1.0,0.0,0.0,0.0,0.0,0.0,0.0,0.0,-1.0,0.0,0.0,0.0,0.0,0.0,0.0,0.0,-0.5,0.0,0.0,0.0,0.0,0.0,0.0,0.0,-0.95625,0.0,0.0,0.0,0.0,0.0,0.0,0.0,-0.6999999999999998,0.0,0.0,0.0,0.0,0.0,0.0,0.0
2026-03-10,Brandon_Nimmo,607043,hitter,TEX,CHC,2026,831920,3,140,112,1,690990.0,Cade_Horton,1.0,1.0,1.0,0.0,0.0,3.0,2.0,1.0,1.0,1.0,0.08108108108108109,0.5266666666666667,0.5266666666666667,0.0,0.0,63.20000000000001,0.0,9.0,5.216662980981867,1.0611111111111111,-5.0,73.0,0,1.0,1.0,6.123233995736766e-17,0.7818314824680298,0.6234898018587336,0.5,0.5,0.5,0.5,0.5,0.5,0.5,0.5,0.5,0.5,synthetic,synthetic,synthetic,synthetic,synthetic,0.0,0.0,0.0,0.0,0.0,-110.0,-110.0,-110.0,-110.0,-110.0,-110.0,-110.0,-110.0,-110.0,-110.0,0.0,0.0,0.0,0.0,0.0,2026-08-07T03:26:40.888653+00:00,0.050851279041889796,0.7528870735405409,-0.14066114827948517,-0.48049920880208336,0.10782601059527497,0.3333333333333333,1.0,0.0,0.0,0.3333333333333333,1.0,3.0,0.0,0.0,1.0,batter_pitcher_profile_network_v2,0.1,0.05,0.9425,0.0,0.0617271875,-0.7688657407407407,-0.7640000000000001,0.0,0.0,0.0,0.0,-0.003377627199074074,-0.0003377627199074074,-0.3201388888888888,-0.804,0.0,0.0,0.0,0.0,-0.001480002083333333,-0.0002368003333333333,-0.34895833333333326,-0.7288888888888888,0.0,0.0,0.0,0.0,-0.0014625231481481477,-7.312615740740738e-05,0.47384259259259265,-0.804,0.0,0.0,0.0,0.0,-0.002190574305555556,-5.47643576388889e-05,0.08738425925925919,-0.8344444444444444,0.0,0.0,0.0,0.0,-0.00041927453060699554,-2.5156471836419732e-05
2026-03-12,Brandon_Nimmo,607043,hitter,TEX,ATH,2026,831936,4,140,133,1,669372.0,JT_Ginn,0.0,0.0,1.0,0.0,0.0,3.0,2.0,1.0,0.0,1.0,0.08108108108108109,0.22999999999999998,0.22999999999999998,0.0,0.0,27.599999999999998,6.0,7.5,6.203322640398192,1.0611111111111111,0.0,86.0,0,2.0,1.0,6.123233995736766e-17,0.43388373911755823,-0.900968867902419,0.5,0.5,0.5,0.5,0.5,0.5,0.5,0.5,0.5,0.5,synthetic,synthetic,synthetic,synthetic,synthetic,0.0,0.0,0.0,0.0,0.0,-110.0,-110.0,-110.0,-110.0,-110.0,-110.0,-110.0,-110.0,-110.0,-110.0,0.0,0.0,0.0,0.0,0.0,2026-08-07T03:26:40.888653+00:00,0.3396554281384502,0.33962387387387394,0.04561446178754147,-0.4801959934778024,-0.14793028794071483,0.5,1.0,0.25,0.0,0.25,1.0,1.0,1.0,0.0,0.0,batter_pitcher_profile_network_v2,0.13333333333333333,0.1,0.758526988527661,0.0,0.09237471105720282,-0.37670138888888843,0.22075,0.0,0.0,0.0,0.0,0.0,0.0,-0.03604166666666633,0.47087500000000004,0.0,0.0,0.0,0.0,0.0,0.0,0.030729166666667057,0.731125,0.0,0.0,0.0,0.0,0.0007233521093923785,3.616760546961893e-05,0.3863194444444445,0.7989999999999999,0.0,0.0,0.0,0.0,0.009938038665682195,0.00024845096664205486,0.4295486111111114,0.6655,0.0,0.0,0.0,0.0,0.009203811467070033,0.0005522286880242019
2026-03-13,Brandon_Nimmo,607043,hitter,TEX,COL,2026,831731,5,140,115,0,500779.0,Jose_Quintana,1.0,2.0,0.0,0.0,3.0,3.0,2.0,0.0,0.0,1.0,0.06521739130434782,0.6633333333333333,0.6633333333333333,0.5,30.0,65.0,4.1,8.2,7.041574524546661,1.0611111111111111,2.0,89.0,0,1.0,1.0,6.123233995736766e-17,-0.433883739117558,-0.9009688679024191,0.5,0.5,0.5,0.5,0.5,0.5,0.5,0.5,0.5,0.5,synthetic,synthetic,synthetic,synthetic,synthetic,0.0,0.0,0.0,0.0,0.0,-110.0,-110.0,-110.0,-110.0,-110.0,-110.0,-110.0,-110.0,-110.0,-110.0,0.0,0.0,0.0,0.0,0.0,2026-08-07T03:26:40.888653+00:00,0.12086587953259109,0.8533007246376811,0.4018359726041447,-0.28044444444444444,-0.02922562159875386,0.4,0.8,0.4,0.0,0.2,0.0,0.0,1.0,0.0,0.0,batter_pitcher_profile_network_v2,0.16666666666666666,0.0,1.0,0.0,0.08333333333333333,-0.230097222222222,0.0,0.0,0.0,0.0,0.0,0.0,0.0,-0.05991666666666646,0.0,0.0,0.0,0.0,0.0,0.0,0.0,0.09145833333333347,0.0,0.0,0.0,0.0,0.0,0.0,0.0,0.11219444444444453,0.0,0.0,0.0,0.0,0.0,0.0,0.0,0.2011527777777779,0.0,0.0,0.0,0.0,0.0,0.0,0.0
2026-03-14,Brandon_Nimmo,607043,hitter,TEX,SD,2026,831770,6,140,135,1,594835.0,Marco_Gonzales,4.0,11.0,5.0,2.0,4.0,5.0,4.0,1.0,0.0,1.0,0.08196721311475409,1.4100000000000001,1.4100000000000001,1.75,30.0,65.0,3.0,9.0,3.76993006993007,1.0611111111111111,-7.0,87.0,0,1.0,1.0,6.123233995736766e-17,-0.9749279121818236,-0.2225209339563146,0.5,1.5,0.5,0.5,0.5,0.5,1.5,0.5,0.5,0.5,synthetic,synthetic,synthetic,synthetic,synthetic,0.0,0.0,0.0,0.0,0.0,-110.0,-110.0,-110.0,-110.0,-110.0,-110.0,-110.0,-110.0,-110.0,-110.0,0.0,0.0,0.0,0.0,0.0,2026-08-07T03:26:40.888653+00:00,0.24128900607589132,2.2355915300546445,0.5300251920210939,0.032055555555555504,0.9388899461194544,0.6,1.2,0.4,0.0,0.8,1.0,2.0,0.0,0.0,3.0,batter_pitcher_profile_network_v2,0.2,0.0,1.0,0.0,0.1,0.2528703703703705,0.0,0.0,0.0,0.0,0.0,0.0,0.0,0.4205555555555557,0.0,0.0,0.0,0.0,0.0,0.0,0.0,0.5381944444444446,0.0,0.0,0.0,0.0,0.0,0.0,0.0,0.5299537037037036,0.0,0.0,0.0,0.0,0.0,0.0,0.0,0.6424537037037039,0.0,0.0,0.0,0.0,0.0,0.0,0.0
2026-03-16,Brandon_Nimmo,607043,hitter,TEX,CWS,2026,831905,7,140,145,1,680732.0,Sean_Burke,0.0,0.0,0.0,0.0,0.0,4.0,2.0,1.0,1.0,1.0,0.10810810810810811,0.3525,0.3525,0.0,0.0,42.3,12.0,9.0,5.8463126159554735,1.0611111111111111,-5.0,90.0,0,2.0,1.0,6.123233995736766e-17,0.0,1.0,1.5,3.5,1.5,0.5,1.5,1.5,3.5,1.5,0.5,1.5,synthetic,synthetic,synthetic,synthetic,synthetic,0.0,0.0,0.0,0.0,0.0,-110.0,-110.0,-110.0,-110.0,-110.0,-110.0,-110.0,-110.0,-110.0,-110.0,0.0,0.0,0.0,0.0,0.0,2026-08-07T03:26:40.888653+00:00,0.34128745732102694,0.3133457423207209,0.4254307754862121,-0.00026482227083335363,0.46068253245142765,1.4,3.4,1.4,0.4,1.6,4.0,11.0,5.0,2.0,4.0,batter_pitcher_profile_network_v2,0.23333333333333334,0.05,0.9425,0.0,0.12839385416666665,0.6047506901311249,0.6360000000000001,0.0,0.0,0.0,0.0,0.005160337638888889,0.0005160337638888889,0.7250983436853001,0.696,0.0,0.0,0.0,0.0,0.006770968333333331,0.001083354933333333,0.8277173913043478,0.4933333333333333,0.0,0.0,0.0,0.0,0.005478569444444444,0.0002739284722222222,0.7694246031746033,0.696,0.0,0.0,0.0,0.0,0.007184886944444444,0.0001796221736111111,0.8631746031746032,0.6933333333333334,0.0,0.0,0.0,0.0,0.008029441975308641,0.00048176651851851844
2026-03-18,Brandon_Nimmo,607043,hitter,TEX,KC,2026,831833,8,140,118,1,608379.0,Michael_Wacha,0.0,0.0,0.0,0.0,0.0,4.0,4.0,0.0,3.0,1.0,0.09302325581395349,0.0,0.0,0.0,0.0,10.0,5.3999999999999995,14.85,6.237414300439511,1.0611111111111111,0.0,95.0,0,2.0,1.0,6.123233995736766e-17,0.9749279121818236,-0.22252093395631434,1.5,2.5,1.5,0.5,1.5,1.5,2.5,1.5,0.5,1.5,synthetic,synthetic,synthetic,synthetic,synthetic,0.0,0.0,0.0,0.0,0.0,-110.0,-110.0,-110.0,-110.0,-110.0,-110.0,-110.0,-110.0,-110.0,-110.0,0.0,0.0,0.0,0.0,0.0,2026-08-07T03:26:40.888653+00:00,-0.63081634527142,-0.7742241521146978,-0.4676616387679797,-0.2002905054444445,-0.4191113587805211,1.2,2.8,1.4,0.4,1.4,0.0,0.0,0.0,0.0,0.0,batter_pitcher_profile_network_v2,0.26666666666666666,0.05,0.9425,0.0,0.14506052083333332,0.5605555555555557,0.1274705882352941,0.0,0.0,0.0,0.0,0.001095633311546841,0.0001095633311546841,0.6954745370370372,0.3581691176470588,0.0,0.0,0.0,0.0,0.003819495019573802,0.0006111192031318083,0.7995370370370372,0.8293014705882352,0.0,0.0,0.0,0.0,0.010166877689270153,0.0005083438844635076,0.6971875000000001,0.576,0.0,0.0,0.0,0.0,0.006157559999999999,0.000153939,0.86125,0.7857352941176471,0.0,0.0,0.0,0.0,0.010376289338235294,0.0006225773602941176
2026-03-20,Brandon_Nimmo,607043,hitter,TEX,SF,2026,831749,9,140,137,1,702352.0,Spencer_Bivens,0.0,0.0,0.0,0.0,0.0,4.0,3.0,1.0,1.0,1.0,0.1111111111111111,0.1725,0.1725,0.0,0.0,20.7,13.5,4.5,4.9344963791968395,1.0611111111111111,0.0,101.0,0,2.0,1.0,6.123233995736766e-17,-0.433883739117558,-0.9009688679024191,0.5,2.5,1.5,0.5,1.5,0.5,2.5,1.5,0.5,1.5,synthetic,synthetic,synthetic,synthetic,synthetic,0.0,0.0,0.0,0.0,0.0,-110.0,-110.0,-110.0,-110.0,-110.0,-110.0,-110.0,-110.0,-110.0,-110.0,0.0,0.0,0.0,0.0,0.0,2026-08-07T03:26:40.888653+00:00,0.7530465218345403,-0.8014583333333332,-0.543650181040158,-0.20044444444444448,-0.4118585143734914,1.0,2.6,1.2,0.4,1.4,0.0,0.0,0.0,0.0,0.0,batter_pitcher_profile_network_v2,0.3,0.0,1.0,0.0,0.15,0.2458846077260055,0.0,0.0,0.0,0.0,0.0,0.0,0.0,0.48224611708482673,0.0,0.0,0.0,0.0,0.0,0.0,0.0,0.6173387096774193,0.0,0.0,0.0,0.0,0.0,0.0,0.0,0.6011265432098766,0.0,0.0,0.0,0.0,0.0,0.0,0.0,0.8198765432098765,0.0,0.0,0.0,0.0,0.0,0.0,0.0
2026-03-23,Brandon_Nimmo,607043,hitter,TEX,KC,2026,831838,10,140,118,1,608379.0,Michael_Wacha,2.0,5.0,1.0,1.0,2.0,4.0,4.0,0.0,0.0,1.0,0.11428571428571428,0.7475,0.7475,0.75,30.0,65.0,8.1,13.5,6.705044955044955,1.08,-4.0,77.0,0,3.0,1.0,6.123233995736766e-17,0.0,1.0,0.5,2.5,0.5,0.5,1.5,0.5,2.5,0.5,0.5,1.5,synthetic,synthetic,synthetic,synthetic,synthetic,0.0,0.0,0.0,0.0,0.0,-110.0,-110.0,-110.0,-110.0,-110.0,-110.0,-110.0,-110.0,-110.0,-110.0,0.0,0.0,0.0,0.0,0.0,2026-08-07T03:26:40.888653+00:00,0.26949461814691844,0.3573259940749143,0.7343093202236097,0.06625430623593664,-0.14964456979412533,1.0,2.6,1.0,0.4,1.4,0.0,0.0,0.0,0.0,0.0,batter_pitcher_profile_network_v2,0.3333333333333333,0.1,0.7598998779020105,1.0,0.211107893162367,0.22813095238095238,0.40358823529411775,-0.07777777777777777,0.0,0.0,0.0,-0.06107180054879917,-0.006107180054879917,0.46864285714285714,0.5239926470588236,-0.1111111111111111,0.0,0.0,0.0,-0.07811878703178526,-0.012499005925085642,0.6196428571428572,0.8350857843137256,-0.1111111111111111,0.0,0.0,0.0,-0.05635855057276295,-0.0028179275286381476,0.5361666666666667,0.558,-0.1111111111111111,0.0,0.0,0.0,-0.07382775056253438,-0.0018456937640633595,0.7986666666666666,0.8655392156862747,-0.1111111111111111,0.0,0.0,0.0,-0.04244695910621983,-0.0025468175463731896
2026-03-24,Brandon_Nimmo,607043,hitter,TEX,KC,2026,831837,11,140,118,1,607625.0,Seth_Lugo,1.0,1.0,1.0,0.0,0.0,3.0,2.0,1.0,0.0,1.0,0.08108108108108109,0.5266666666666667,0.5266666666666667,0.0,0.0,63.20000000000001,4.1,8.2,5.056693306693306,1.08,0.0,74.0,0,1.0,1.0,6.123233995736766e-17,0.7818314824680298,0.6234898018587336,1.5,3.5,1.5,0.5,1.5,1.5,3.5,1.5,0.5,1.5,synthetic,synthetic,synthetic,synthetic,synthetic,0.0,0.0,0.0,0.0,0.0,-110.0,-110.0,-110.0,-110.0,-110.0,-110.0,-110.0,-110.0,-110.0,-110.0,0.0,0.0,0.0,0.0,0.0,2026-08-07T03:26:40.888653+00:00,-0.17214307854307842,-0.5938094594594592,-0.24058650583650576,0.045600000000000085,-0.1508139833139832,1.2,3.2,1.2,0.6,1.2,2.0,5.0,1.0,1.0,2.0,batter_pitcher_profile_network_v2,0.36666666666666664,0.0,1.0,0.0,0.18333333333333332,0.3544259906759903,0.0,0.0,0.0,0.0,0.0,0.0,0.0,0.5551223776223774,0.0,0.0,0.0,0.0,0.0,0.0,0.0,0.6855769230769229,0.0,0.0,0.0,0.0,0.0,0.0,0.0,0.6470833333333332,0.0,0.0,0.0,0.0,0.0,0.0,0.0,0.8260606060606059,0.0,0.0,0.0,0.0,0.0,0.0,0.0
2026-03-26,Brandon_Nimmo,607043,hitter,TEX,PHI,2026,823486,12,140,143,0,650911.0,Cristopher_Sánchez,0.0,0.0,0.0,0.0,0.0,4.0,3.0,1.0,1.0,1.0,0.1111111111111111,0.1725,0.1725,0.0,0.0,20.7,4.1,8.2,5.159916598218236,1.08,16.0,76.0,0,2.0,1.0,6.123233995736766e-17,0.43388373911755823,-0.900968867902419,0.5,1.5,0.5,0.5,0.5,0.5,1.5,0.5,0.5,0.5,synthetic,synthetic,synthetic,synthetic,synthetic,0.0,0.0,0.0,0.0,0.0,-110.0,-110.0,-110.0,-110.0,-110.0,-110.0,-110.0,-110.0,-110.0,-110.0,0.0,0.0,0.0,0.0,0.0,2026-08-07T03:26:40.888653+00:00,0.3374633305953961,-0.5203916666666666,0.09562082991091181,-0.33440000000000003,-0.08058750342242149,0.6,1.2,0.4,0.2,0.4,1.0,1.0,1.0,0.0,0.0,batter_pitcher_profile_network_v2,0.4,0.0,1.0,0.0,0.2,0.4374007936507935,0.0,0.0,0.0,0.0,0.0,0.0,0.0,0.6122023809523809,0.0,0.0,0.0,0.0,0.0,0.0,0.0,0.7267857142857141,0.0,0.0,0.0,0.0,0.0,0.0,0.0,0.6284722222222223,0.0,0.0,0.0,0.0,0.0,0.0,0.0,0.8472222222222222,0.0,0.0,0.0,0.0,0.0,0.0,0.0
2026-03-28,Brandon_Nimmo,607043,hitter,TEX,PHI,2026,823488,13,140,143,0,605400.0,Aaron_Nola,2.0,2.0,2.0,0.0,0.0,5.0,5.0,0.0,1.0,1.0,0.11904761904761904,0.356,0.356,0.0,0.0,42.72,3.375,10.5,6.039615846338535,1.08,-18.0,45.0,0,2.0,1.0,6.123233995736766e-17,-0.9749279121818236,-0.2225209339563146,0.5,1.5,0.5,0.5,0.5,0.5,1.5,0.5,0.5,0.5,synthetic,synthetic,synthetic,synthetic,synthetic,0.0,0.0,0.0,0.0,0.0,-110.0,-110.0,-110.0,-110.0,-110.0,-110.0,-110.0,-110.0,-110.0,-110.0,0.0,0.0,0.0,0.0,0.0,2026-08-07T03:26:40.888653+00:00,-0.01597419655339677,-0.5701197577630811,0.11040602009097855,-0.33453869165930017,0.027514939150887985,0.6,1.2,0.4,0.2,0.4,0.0,0.0,0.0,0.0,0.0,batter_pitcher_profile_network_v2,0.43333333333333335,0.1,0.7983017449694043,0.0,0.24188747029079147,0.40733602749907105,-0.1756904761904762,0.0,0.0,0.0,0.0,-0.006254970736047778,-0.0006254970736047778,0.590624303232999,-0.11741071428571428,0.0,0.0,0.0,0.0,-0.006060986019256685,-0.0009697577630810696,0.7190217391304348,-0.039708333333333165,0.0,0.0,0.0,0.0,-0.002495444518963205,-0.00012477222594816026,0.5763995726495726,-0.11011904761904762,0.0,0.0,0.0,0.0,-0.00554766637200672,-0.000138691659300168,0.8288034188034188,-0.061166666666666515,0.0,0.0,0.0,0.0,-0.004430886100645847,-0.0002658531660387508
2026-03-29,Brandon_Nimmo,607043,hitter,TEX,PHI,2026,823487,14,140,143,0,666200.0,Jesús_Luzardo,2.0,5.0,1.0,1.0,2.0,5.0,4.0,0.0,0.0,1.0,0.1282051282051282,0.742,0.742,0.75,30.0,65.0,1.2,11.6,6.296758703481393,1.08,13.0,54.0,0,1.0,1.0,6.123233995736766e-17,-0.7818314824680299,0.6234898018587334,0.5,1.5,0.5,0.5,0.5,0.5,1.5,0.5,0.5,0.5,synthetic,synthetic,synthetic,synthetic,synthetic,0.0,0.0,0.0,0.0,0.0,-110.0,-110.0,-110.0,-110.0,-110.0,-110.0,-110.0,-110.0,-110.0,-110.0,0.0,0.0,0.0,0.0,0.0,2026-08-07T03:26:40.888653+00:00,0.5458831148573187,1.0382060996643245,0.8810653130623523,-0.0728242540200954,0.16442145309847833,1.0,1.6,0.8,0.2,0.4,2.0,2.0,2.0,0.0,0.0,batter_pitcher_profile_network_v2,0.4666666666666667,0.15,0.7783936474357247,0.0,0.2715303500617019,0.41541853408029866,-0.3527470862470864,0.0,0.0,0.0,0.0,-0.015154384101423536,-0.0015154384101423537,0.5961533613445378,-0.4403650932400934,0.0,0.0,0.0,0.0,-0.0271493770979695,-0.00434390033567512,0.7232843137254901,-0.577834595959596,0.0,0.0,0.0,0.0,-0.04322167300357786,-0.002161083650178893,0.5492420634920636,-0.6508764568764569,0.0,0.0,0.0,0.0,-0.036970160803818354,-0.0009242540200954589,0.8304920634920635,-0.5405808080808081,0.0,0.0,0.0,0.0,-0.046428547413699624,-0.002785712844821977
2026-03-30,Brandon_Nimmo,607043,hitter,TEX,BAL,2026,824863,15,140,110,0,605135.0,Chris_Bassitt,3.0,3.0,2.0,0.0,1.0,5.0,5.0,0.0,1.0,1.0,0.11363636363636363,0.534,0.534,0.0,0.0,64.08,1.5,5.75,4.118609331844627,1.08,8.0,70.0,0,1.0,1.0,6.123233995736766e-17,0.0,1.0,1.5,2.5,0.5,0.5,0.5,1.5,2.5,0.5,0.5,0.5,synthetic,synthetic,synthetic,synthetic,synthetic,0.0,0.0,0.0,0.0,0.0,-110.0,-110.0,-110.0,-110.0,-110.0,-110.0,-110.0,-110.0,-110.0,-110.0,0.0,0.0,0.0,0.0,0.0,2026-08-07T03:26:40.888653+00:00,0.07772610164665217,0.07136062471774096,0.629664100039629,-0.09465134302659306,0.5702509906206334,1.4,2.6,1.0,0.4,0.8,2.0,5.0,1.0,1.0,2.0,batter_pitcher_profile_network_v2,0.5,0.1,0.8722747564417435,0.0,0.27431463423358865,0.5056021164021165,-0.09199999999999998,0.0,0.0,0.0,0.0,-0.0029705950592073937,-0.0002970595059207394,0.657773015873016,-0.24999999999999994,0.0,0.0,0.0,0.0,-0.010501777332303737,-0.001680284373168598,0.7714285714285715,0.041333333333333444,0.0,0.0,0.0,0.0,0.002036305311585924,0.00010181526557929621,0.6297092592592594,-0.24999999999999994,0.0,0.0,0.0,0.0,-0.010053721063722276,-0.0002513430265930569,0.8484592592592592,-0.1586666666666666,0.0,0.0,0.0,0.0,-0.008597326799359643,-0.0005158396079615786
2026-03-31,Brandon_Nimmo,607043,hitter,TEX,BAL,2026,824861,16,140,110,0,621107.0,Zach_Eflin,2.0,2.0,1.0,0.0,1.0,5.0,5.0,0.0,1.0,1.0,0.11627906976744186,0.356,0.356,0.0,0.0,42.72,0.0,12.65625,2.9476909644976876,1.08,17.0,82.0,0,1.0,1.0,6.123233995736766e-17,0.7818314824680298,0.6234898018587336,1.5,2.5,1.5,0.5,0.5,1.5,2.5,1.5,0.5,0.5,synthetic,synthetic,synthetic,synthetic,synthetic,0.0,0.0,0.0,0.0,0.0,-110.0,-110.0,-110.0,-110.0,-110.0,-110.0,-110.0,-110.0,-110.0,-110.0,0.0,0.0,0.0,0.0,0.0,2026-08-07T03:26:40.888653+00:00,0.012184007358412074,-0.5518790001399885,-0.26218143883887146,-0.33724450902600006,0.15669923225616977,1.6,2.2,1.2,0.2,0.6,3.0,3.0,2.0,0.0,1.0,batter_pitcher_profile_network_v2,0.5333333333333333,0.1,0.6544839310468094,0.0,0.2936492385113432,0.5195867486338797,-1.0,0.0,0.0,0.0,0.0,-0.09574697112967878,-0.009574697112967878,0.6683529713114753,-1.0,0.0,0.0,0.0,0.0,-0.1231609020377203,-0.019705744326035248,0.7706967213114754,-0.9333333333333333,0.0,0.0,0.0,0.0,-0.13255229941465427,-0.006627614970732713,0.6174479166666667,-1.0,0.0,0.0,0.0,0.0,-0.11378036104000208,-0.002844509026000052,0.8635416666666665,-0.9666666666666667,0.0,0.0,0.0,0.0,-0.15382503358710473,-0.009229502015226283
2026-04-01,Brandon_Nimmo,607043,hitter,TEX,BAL,2026,824860,17,140,110,0,669432.0,Trevor_Rogers,1.0,2.0,0.0,0.0,0.0,4.0,3.0,1.0,1.0,1.0,0.1111111111111111,0.49,0.49,0.3333333333333333,28.333333333333332,65.0,2.625,8.330357142857144,3.9545186955901244,1.08,5.0,81.0,0,1.0,0.8660254037844387,-0.4999999999999998,0.9749279121818236,-0.22252093395631434,1.5,2.5,1.5,0.5,0.5,1.5,2.5,1.5,0.5,0.5,synthetic,synthetic,synthetic,synthetic,synthetic,0.0,0.0,0.0,0.0,0.0,-110.0,-110.0,-110.0,-110.0,-110.0,-110.0,-110.0,-110.0,-110.0,-110.0,0.0,0.0,0.0,0.0,0.0,2026-08-07T03:26:40.888653+00:00,0.2629587487594005,-0.09169956189706596,-0.2769383057944128,-0.17996177615834558,0.38795910645899434,1.8,2.4,1.2,0.2,0.8,2.0,2.0,1.0,0.0,1.0,batter_pitcher_profile_network_v2,0.5666666666666667,0.2,0.8889534656257938,0.0,0.33155397342550136,0.518002525252525,0.2748366596638655,0.0,0.0,0.0,0.0,0.00895858078652596,0.000895858078652596,0.6672424242424241,0.270485294117647,0.0,0.0,0.0,0.0,0.011356904810003324,0.001817104769600532,0.7700757575757574,0.4481232492997198,0.0,0.0,0.0,0.0,0.021715188521617437,0.001085759426080872,0.5926683006535948,0.29125735294117644,0.0,0.0,0.0,0.0,0.010862286999507873,0.0002715571749876968,0.8628888888888888,0.4808315826330531,0.0,0.0,0.0,0.0,0.026108416880354583,0.001566505012821275
2026-04-03,Brandon_Nimmo,607043,hitter,TEX,CIN,2026,822919,18,140,113,1,663903.0,Brady_Singer,2.0,4.0,1.0,0.0,0.0,5.0,4.0,1.0,2.0,1.0,0.13513513513513514,0.64,0.64,0.5,30.0,65.0,6.0,8.454545454545455,4.217896389324961,1.08,0.0,74.0,0,2.0,0.8660254037844387,-0.4999999999999998,-0.433883739117558,-0.9009688679024191,1.5,2.5,1.5,0.5,0.5,1.5,2.5,1.5,0.5,0.5,synthetic,synthetic,synthetic,synthetic,synthetic,0.0,0.0,0.0,0.0,0.0,-110.0,-110.0,-110.0,-110.0,-110.0,-110.0,-110.0,-110.0,-110.0,-110.0,0.0,0.0,0.0,0.0,0.0,2026-08-07T03:26:40.888653+00:00,0.26931520993084557,0.45285646426361126,-0.28909178535412194,-0.13431511473658447,0.3166201154607171,2.0,2.8,1.2,0.2,0.8,1.0,2.0,0.0,0.0,0.0,batter_pitcher_profile_network_v2,0.6,0.3,0.713765413518278,0.0,0.37876912105320326,0.5198117283950618,0.4792025904203322,0.0,1.0,0.0,0.0,0.04277978436471063,0.004277978436471063,0.6695462962962964,0.2521394183773215,0.0,1.0,0.0,0.0,0.028993104350268677,0.004638896696042989,0.7625000000000001,0.4571320055392636,0.0,1.0,0.0,0.0,0.05986249818718929,0.0029931249093594647,0.6532608024691359,0.030264418377321634,0.0,1.0,0.0,0.0,0.0033954105366188017,8.488526341547004e-05,0.8760617283950617,0.42165037471489086,0.0,1.0,0.0,0.0,0.06343961792583529,0.003806377075550117
2026-04-04,Brandon_Nimmo,607043,hitter,TEX,CIN,2026,822920,19,140,113,1,695076.0,Rhett_Lowder,0.0,0.0,0.0,0.0,0.0,4.0,3.0,1.0,1.0,1.0,0.11428571428571428,0.1725,0.1725,0.0,0.0,20.7,3.1,9.6,4.110753532182104,1.08,0.0,74.0,0,1.0,0.8660254037844387,-0.4999999999999998,-0.9749279121818236,-0.2225209339563146,1.5,3.5,0.5,0.5,0.5,1.5,3.5,0.5,0.5,0.5,synthetic,synthetic,synthetic,synthetic,synthetic,0.0,0.0,0.0,0.0,0.0,-110.0,-110.0,-110.0,-110.0,-110.0,-110.0,-110.0,-110.0,-110.0,-110.0,0.0,0.0,0.0,0.0,0.0,2026-08-07T03:26:40.888653+00:00,0.3130750016378756,-0.8594882631415355,0.43171905923285925,-0.33551356337870947,0.1429569787534135,2.0,3.2,1.0,0.2,0.8,2.0,4.0,1.0,0.0,0.0,batter_pitcher_profile_network_v2,0.6333333333333333,0.15,0.7010349376632187,0.0,0.356285149687105,0.481597953216374,0.026852272727272725,0.0,2.0,0.0,0.0,0.002448603505912956,0.00024486035059129564,0.6450526315789472,-0.1311672077922078,0.0,2.0,0.0,0.0,-0.016020394634597562,-0.00256326314153561,0.7291666666666665,0.0805979437229438,0.0,2.0,0.0,0.0,0.011127652475080052,0.0005563826237540026,0.7113128654970761,-0.33072077922077925,0.0,2.0,0.0,0.0,-0.04454253514837911,-0.0011135633787094778,0.8878479532163742,0.02669913419913427,0.0,2.0,0.0,0.0,0.0044883690718026375,0.0002693021443081582
2026-04-05,Brandon_Nimmo,607043,hitter,TEX,CIN,2026,822917,20,140,113,1,695505.0,Chase_Burns,2.0,2.0,0.0,0.0,0.0,4.0,4.0,0.0,2.0,1.0,0.1111111111111111,0.445,0.445,0.0,0.0,53.4,4.2,11.4,2.825039246467818,1.08,0.0,68.0,0,1.0,0.8660254037844387,-0.4999999999999998,-0.7818314824680299,0.6234898018587334,1.5,2.5,0.5,0.5,0.5,1.5,2.5,0.5,0.5,0.5,synthetic,synthetic,synthetic,synthetic,synthetic,0.0,0.0,0.0,0.0,0.0,-110.0,-110.0,-110.0,-110.0,-110.0,-110.0,-110.0,-110.0,-110.0,-110.0,0.0,0.0,0.0,0.0,0.0,2026-08-07T03:26:40.888653+00:00,-0.4166363493736369,-0.9236277325984892,0.24359155495092033,-0.4750628338696411,-0.11738223275667659,1.6,2.2,0.8,0.0,0.4,0.0,0.0,0.0,0.0,0.0,batter_pitcher_profile_network_v2,0.6666666666666666,0.25,0.7499323113330179,0.0,0.3978666562987596,0.4606324191279886,-0.43900601309400145,0.0,2.0,0.0,0.0,-0.03371252565682789,-0.003371252565682789,0.6299086497890294,-0.3488291190539463,0.0,2.0,0.0,0.0,-0.036631662073891506,-0.005861065931822641,0.7245253164556961,-0.19214123986342274,0.0,2.0,0.0,0.0,-0.023208147449410816,-0.0011604073724705408,0.6733236111111113,-0.23619707680042515,0.0,2.0,0.0,0.0,-0.026513354785645152,-0.0006628338696411289,0.8738444444444444,-0.2060291506615448,0.0,2.0,0.0,0.0,-0.030014362445570087,-0.0018008617467342052
2026-04-06,Brandon_Nimmo,607043,hitter,TEX,SEA,2026,822918,21,140,136,1,669302.0,Logan_Gilbert,0.0,0.0,0.0,0.0,0.0,4.0,3.0,1.0,0.0,1.0,0.12903225806451613,0.1725,0.1725,0.0,0.0,20.7,6.75,12.9375,0.7959183673469388,1.08,0.0,70.0,0,1.0,0.8660254037844387,-0.4999999999999998,0.0,1.0,1.5,1.5,0.5,0.5,0.5,1.5,1.5,0.5,0.5,0.5,synthetic,synthetic,synthetic,synthetic,synthetic,0.0,0.0,0.0,0.0,0.0,-110.0,-110.0,-110.0,-110.0,-110.0,-110.0,-110.0,-110.0,-110.0,-110.0,0.0,0.0,0.0,0.0,0.0,2026-08-07T03:26:40.888653+00:00,-0.3916420858709937,0.1339271350690383,-0.2399190900027468,-0.4749081677244318,-0.4135806595629235,1.4,2.0,0.4,0.0,0.2,2.0,2.0,0.0,0.0,0.0,batter_pitcher_profile_network_v2,0.7,0.25,0.825,0.0,0.412234375,0.41379245553643157,-0.0028750000000001205,0.0,3.0,0.0,0.0,-0.00014573253043424314,-1.4573253043424314e-05,0.5904701026327533,-0.10810227272727282,0.0,3.0,0.0,0.0,-0.00781931710883307,-0.0012510907374132913,0.690210843373494,0.018768939393939414,0.0,3.0,0.0,0.0,0.001586929372318823,7.934646861594116e-05,0.6407777777777779,-0.2589545454545455,0.0,3.0,0.0,0.0,-0.020326708977272737,-0.0005081677244318185,0.8681587301587302,0.02060606060606064,0.0,3.0,0.0,0.0,0.002191443097643102,0.0001314865858585861
2026-04-07,Brandon_Nimmo,607043,hitter,TEX,SEA,2026,822916,22,140,136,1,669923.0,George_Kirby,0.0,0.0,0.0,0.0,0.0,4.0,4.0,0.0,0.0,1.0,0.14285714285714285,0.0,0.0,0.0,0.0,10.0,3.0625,8.25,4.0,1.08,0.0,71.0,0,1.0,0.8660254037844387,-0.4999999999999998,0.7818314824680298,0.6234898018587336,0.5,1.5,0.5,0.5,0.5,0.5,1.5,0.5,0.5,0.5,synthetic,synthetic,synthetic,synthetic,synthetic,0.0,0.0,0.0,0.0,0.0,-110.0,-110.0,-110.0,-110.0,-110.0,-110.0,-110.0,-110.0,-110.0,-110.0,0.0,0.0,0.0,0.0,0.0,2026-08-07T03:26:40.888653+00:00,0.4426589365096575,-0.45734520452132665,-0.2862976648136547,-0.4746165835169708,-0.4267154849945276,1.0,1.6,0.2,0.0,0.0,0.0,0.0,0.0,0.0,0.0,batter_pitcher_profile_network_v2,0.7333333333333333,0.25,0.645564520281488,0.0,0.4343962532330461,0.4409561999303375,-0.10828291316526607,0.0,4.0,0.0,0.0,-0.012410634903425937,-0.0012410634903425937,0.5823765238592823,-0.0823806022408963,0.0,4.0,0.0,0.0,-0.012470028258291226,-0.001995204521326596,0.7165229885057469,-0.1125080532212884,0.0,4.0,0.0,0.0,-0.020953296273093242,-0.0010476648136546621,0.5634255050505051,-0.05915756302521005,0.0,4.0,0.0,0.0,-0.008663340678832935,-0.00021658351697082336,0.8256414141414141,-0.13323109243697467,0.0,4.0,0.0,0.0,-0.028591416575459987,-0.0017154849945275991
2026-04-08,Brandon_Nimmo,607043,hitter,TEX,SEA,2026,822915,23,140,136,1,693433.0,Bryan_Woo,2.0,3.0,0.0,0.0,0.0,4.0,4.0,0.0,0.0,1.0,0.12903225806451613,0.54,0.54,0.25,21.25,65.0,1.5,9.071428571428571,0.7959183673469388,1.08,0.0,74.0,0,1.0,0.8660254037844387,-0.4999999999999998,0.9749279121818236,-0.22252093395631434,0.5,1.5,0.5,0.5,0.5,0.5,1.5,0.5,0.5,0.5,synthetic,synthetic,synthetic,synthetic,synthetic,0.0,0.0,0.0,0.0,0.0,-110.0,-110.0,-110.0,-110.0,-110.0,-110.0,-110.0,-110.0,-110.0,-110.0,0.0,0.0,0.0,0.0,0.0,2026-08-07T03:26:40.888653+00:00,0.12844990456562244,-0.1864214149995156,-0.1708240904536481,-0.36085442670867063,-0.4452688859002451,0.8,1.2,0.2,0.0,0.0,0.0,0.0,0.0,0.0,0.0,batter_pitcher_profile_network_v2,0.7666666666666667,0.25,0.849708737543635,0.0,0.44481100324605954,0.4605510829749958,-0.733578007518797,0.0,5.0,0.45282256203352644,-0.0027151477852084237,-0.03892820911665315,-0.0038928209116653152,0.571084779954345,-0.7920338345864661,0.0,5.0,0.4502725988390584,-0.010982585291236123,-0.06859150503729551,-0.010974640805967282,0.7405219780219778,-0.8016336996336996,0.0,5.0,0.3789617875205243,-0.03061337404745551,-0.09901307964570948,-0.0049506539822854745,0.4876304347826087,-0.7920338345864661,0.0,5.0,0.4827782862379072,-0.0386755476359108,-0.08317706834682484,-0.002079426708670621,0.7816521739130435,-0.8232454212454212,0.0,5.0,0.3734092395520657,-0.030178363321116793,-0.09677899585771715,-0.005806739751463029
2026-04-10,Brandon_Nimmo,607043,hitter,TEX,LAD,2026,823968,24,140,119,0,607192.0,Tyler_Glasnow,1.0,1.0,1.0,0.0,0.0,5.0,4.0,1.0,2.0,1.0,0.1282051282051282,0.316,0.316,0.0,0.0,37.92,2.6,14.1,5.164285714285714,1.08,0.0,65.0,0,2.0,0.8660254037844387,-0.4999999999999998,-0.433883739117558,-0.9009688679024191,0.5,0.5,0.5,0.5,0.5,0.5,0.5,0.5,0.5,0.5,synthetic,synthetic,synthetic,synthetic,synthetic,0.0,0.0,0.0,0.0,0.0,-110.0,-110.0,-110.0,-110.0,-110.0,-110.0,-110.0,-110.0,-110.0,-110.0,0.0,0.0,0.0,0.0,0.0,2026-08-07T03:26:40.888653+00:00,0.2872898712413845,0.7078427871833202,-0.20502265585463625,-0.4771304463219917,-0.2950467485384326,0.8,1.0,0.0,0.0,0.0,2.0,3.0,0.0,0.0,0.0,batter_pitcher_profile_network_v2,0.8,0.3,0.7826902005953051,0.0,0.4762361351281226,0.5039444444444445,-0.5870467032967033,0.0,6.0,0.6684913140663051,0.0049172312840502705,-0.05143095791582678,-0.005143095791582678,0.6015115740740742,-0.576864010989011,0.0,6.0,0.7076629207506473,-0.0056477015543132695,-0.06879508010425006,-0.01100721281668001,0.7625000000000001,-0.37242628205128203,0.0,6.0,0.7272289623374877,-0.05713961495385281,-0.10650806214766906,-0.005325403107383453,0.5214140625000001,-0.5532032967032966,0.0,6.0,0.7533641107345275,-0.05907179503331358,-0.1092178528796682,-0.002730446321991705,0.7928333333333334,-0.39656318681318675,0.0,6.0,0.7210609960911313,-0.056682457250436545,-0.09717108369915133,-0.005830265021949079
2026-04-11,Brandon_Nimmo,607043,hitter,TEX,LAD,2026,823967,25,140,119,0,686218.0,Emmet_Sheehan,3.0,10.0,2.0,2.0,3.0,4.0,4.0,0.0,0.0,1.0,0.12121212121212122,1.3675000000000002,1.3675000000000002,1.75,30.0,65.0,7.354010695187164,9.731550802139036,5.5928571428571425,1.08,10.0,67.0,0,1.0,0.8660254037844387,-0.4999999999999998,-0.9749279121818236,-0.2225209339563146,0.5,1.5,0.5,0.5,0.5,0.5,1.5,0.5,0.5,0.5,synthetic,synthetic,synthetic,synthetic,synthetic,0.0,0.0,0.0,0.0,0.0,-110.0,-110.0,-110.0,-110.0,-110.0,-110.0,-110.0,-110.0,-110.0,-110.0,0.0,0.0,0.0,0.0,0.0,2026-08-07T03:26:40.888653+00:00,0.5248513623054005,2.1313144571120044,0.6605576751742979,0.03733755387708804,0.04033512091339975,1.0,1.2,0.2,0.0,0.0,1.0,1.0,1.0,0.0,0.0,batter_pitcher_profile_network_v2,0.8333333333333334,0.2,0.8561234101588071,0.0,0.4656916431177759,0.46400111111111114,0.32345624310330184,0.0,7.0,0.8106030077568571,-0.0005177293138822006,0.017994651829149652,0.0017994651829149654,0.5544244444444445,0.37419370172311345,0.0,7.0,0.7833746328093116,-0.004391827177723667,0.01828637967729938,0.002925820748367901,0.7375,0.6531038961038961,0.0,7.0,0.6731658365332029,-0.03149925351687477,0.026250906083355383,0.0013125453041677691,0.4657719444444446,0.4561381461675579,0.0,7.0,0.7114706430713988,-0.05597075767619366,-0.030497844916479364,-0.0007624461229119842,0.7660844444444445,0.6083816738816739,0.0,7.0,0.6927509940541234,-0.05457847509800203,0.014946820418134804,0.0008968092250880882
2026-04-12,Brandon_Nimmo,607043,hitter,TEX,LAD,2026,823966,26,140,119,0,808963.0,Roki_Sasaki,2.0,2.0,0.0,0.0,2.0,5.0,5.0,0.0,0.0,1.0,0.11363636363636363,0.356,0.356,0.0,0.0,42.72,7.05,10.5,4.821428571428571,1.08,7.0,65.0,0,1.0,0.8660254037844387,-0.4999999999999998,-0.7818314824680299,0.6234898018587334,1.5,2.5,0.5,0.5,0.5,1.5,2.5,0.5,0.5,0.5,synthetic,synthetic,synthetic,synthetic,synthetic,0.0,0.0,0.0,0.0,0.0,-110.0,-110.0,-110.0,-110.0,-110.0,-110.0,-110.0,-110.0,-110.0,-110.0,0.0,0.0,0.0,0.0,0.0,2026-08-07T03:26:40.888653+00:00,-0.1489542641747228,0.8327967844691941,0.45648673460356626,0.008723737709673385,0.5833594480683872,1.2,2.8,0.6,0.4,0.6,3.0,10.0,2.0,2.0,3.0,batter_pitcher_profile_network_v2,0.8666666666666667,0.2,0.7793734478306633,0.0,0.4842386838614821,0.5036068376068378,0.18102159468438525,0.0,8.0,0.9880188089461124,0.010059653276980406,0.017431384226796937,0.0017431384226796937,0.6579935897435898,0.4241922757475082,0.0,8.0,0.8652047270911174,0.030486386034365393,0.09909922111428038,0.01585587537828486,0.7576923076923078,0.8299107142857143,0.0,8.0,0.6638404916696559,-0.006566132599428415,0.11366975700639152,0.005683487850319576,0.6476172542735043,0.7076744186046512,0.0,8.0,0.6307658238013367,0.03731769895102935,0.12494950838693283,0.003123737709673321,0.8670683760683761,0.7732142857142857,0.0,8.0,0.6934862753092882,-0.018664499320474637,0.11419426434324889,0.006851655860594933
2026-04-13,Brandon_Nimmo,607043,hitter,TEX,ATH,2026,825024,27,140,133,0,622663.0,Luis_Severino,0.0,0.0,0.0,0.0,0.0,5.0,5.0,0.0,4.0,1.0,0.11904761904761904,0.0,0.0,0.0,0.0,10.0,6.0,12.299999999999999,3.397058823529412,1.08,5.0,66.0,0,1.0,0.8660254037844387,-0.4999999999999998,0.0,1.0,1.5,3.5,0.5,0.5,0.5,1.5,3.5,0.5,0.5,0.5,synthetic,synthetic,synthetic,synthetic,synthetic,0.0,0.0,0.0,0.0,0.0,-110.0,-110.0,-110.0,-110.0,-110.0,-110.0,-110.0,-110.0,-110.0,-110.0,0.0,0.0,0.0,0.0,0.0,2026-08-07T03:26:40.888653+00:00,-0.15460137374131033,-1.211583707343598,-0.08894865226491733,-0.1961527129951674,0.5167431371701967,1.6,3.2,0.6,0.4,1.0,2.0,2.0,0.0,0.0,2.0,batter_pitcher_profile_network_v2,0.9,0.25,0.8266230627813846,0.0,0.5121846687023202,0.53779968475101,-0.1847513060709782,0.0,9.0,1.1484920694871836,0.011744585483653848,-0.015503933491533844,-0.0015503933491533845,0.6807436855816061,-0.20582274815348583,0.0,9.0,1.1551383214946602,0.005268255498985033,-0.013960670897488234,-0.0022337073435981175,0.7808486238532111,0.35811620879120887,0.0,9.0,1.055735278818128,-0.03466583228027386,0.008968131172241357,0.0004484065586120679,0.6308978909465021,-0.20104939650513404,0.0,9.0,1.1478282442681775,-0.05031624622113846,-0.07010851980669547,-0.0017527129951673869,0.8665267489711934,0.22507362637362646,0.0,9.0,1.093759586640397,-0.04301701611854942,-0.0018300667712354036,-0.00010980400627412421
2026-04-14,Brandon_Nimmo,607043,hitter,TEX,ATH,2026,825022,28,140,133,0,605488.0,Jeffrey_Springs,1.0,2.0,1.0,0.0,0.0,4.0,4.0,0.0,0.0,1.0,0.11764705882352941,0.3175,0.3175,0.25,21.25,49.35,1.625,7.196428571428572,3.75,1.08,8.0,66.0,0,1.0,0.8660254037844387,-0.4999999999999998,0.7818314824680298,0.6234898018587336,1.5,3.5,0.5,0.5,0.5,1.5,3.5,0.5,0.5,0.5,synthetic,synthetic,synthetic,synthetic,synthetic,0.0,0.0,0.0,0.0,0.0,-110.0,-110.0,-110.0,-110.0,-110.0,-110.0,-110.0,-110.0,-110.0,-110.0,0.0,0.0,0.0,0.0,0.0,2026-08-07T03:26:40.888653+00:00,-0.1701945914700056,-1.0629195577487733,0.09619688893485567,-0.08234405713437526,0.30002591696005265,1.6,3.2,0.6,0.4,1.0,0.0,0.0,0.0,0.0,0.0,batter_pitcher_profile_network_v2,0.9333333333333333,0.35,0.7885308152709876,0.0,0.555358407961923,0.4244212614870508,-0.5229893583712005,0.0,10.0,1.1498984824216698,0.0011065826735412586,-0.043810060358318956,-0.004381006035831895,0.6040341478696741,-0.5776185358092882,0.0,10.0,1.120763846208794,-0.01623771769410696,-0.09321966240042269,-0.01491514598406763,0.7142543859649122,-0.3055877786073778,0.0,10.0,1.1200170940709027,-0.05518839426280772,-0.09826810365582946,-0.004913405182791473,0.6023886408730159,-0.5505097959718899,0.0,10.0,1.1451098313184866,-0.07730986774322257,-0.142762285375008,-0.0035690571343752007,0.8530396825396825,-0.4413076295558873,0.0,10.0,1.0608255655692576,-0.08042145460617242,-0.1346170702736323,-0.008077024216417938
2026-04-15,Brandon_Nimmo,607043,hitter,TEX,ATH,2026,825021,29,140,133,0,669372.0,JT_Ginn,0.0,0.0,1.0,0.0,0.0,4.0,3.0,1.0,1.0,1.0,0.1111111111111111,0.1725,0.1725,0.0,0.0,20.7,7.500000000000004,6.75,2.0357142857142856,1.08,9.0,65.0,0,1.0,0.8660254037844387,-0.4999999999999998,0.9749279121818236,-0.22252093395631434,1.5,2.5,0.5,0.5,0.5,1.5,2.5,0.5,0.5,0.5,synthetic,synthetic,synthetic,synthetic,synthetic,0.0,0.0,0.0,0.0,0.0,-110.0,-110.0,-110.0,-110.0,-110.0,-110.0,-110.0,-110.0,-110.0,-110.0,0.0,0.0,0.0,0.0,0.0,2026-08-07T03:26:40.888653+00:00,-0.23398620683920446,-0.2805914089029353,0.19920693032924153,-0.196960739060964,0.16490295078543382,1.4,3.0,0.8,0.4,1.0,1.0,2.0,1.0,0.0,0.0,batter_pitcher_profile_network_v2,0.9666666666666667,0.2,0.7303243566001207,1.0,0.5541903865966304,0.45481786154945114,-0.17165276249174546,-0.1111111111111111,11.0,1.4871372569530332,0.0012774317614869285,-0.11648111601109402,-0.011648111601109403,0.6245085232807324,-0.0402763867488443,-0.1111111111111111,11.0,1.4741539291302161,0.000958516326587364,-0.10124838897667617,-0.016199742236268185,0.7328389830508475,0.30298032687651344,0.0689655172413793,11.0,1.3726211418444814,-0.04162376050310321,0.07592432087054307,0.003796216043527154,0.6229803639846743,0.17217064714946084,-0.1111111111111111,11.0,1.361147915737104,-0.034261382408974715,-0.1024295624385598,-0.0025607390609639954,0.85555938697318,0.1834287732041971,-0.1111111111111111,11.0,1.3981629572634318,-0.0663626592719729,-0.10499050278245306,-0.0062994301669471835
2026-04-16,Brandon_Nimmo,607043,hitter,TEX,ATH,2026,825023,30,140,133,0,682052.0,Jacob_Lopez,1.0,1.0,0.0,0.0,1.0,6.0,4.0,1.0,0.0,1.0,0.1276595744680851,0.3833333333333333,0.3833333333333333,0.0,0.0,46.0,7.326923076923077,7.153846153846153,3.0876623376623376,1.08,0.0,64.0,0,1.0,0.8660254037844387,-0.4999999999999998,0.43388373911755823,-0.900968867902419,1.5,2.5,0.5,0.5,0.5,1.5,2.5,0.5,0.5,0.5,synthetic,synthetic,synthetic,synthetic,synthetic,0.0,0.0,0.0,0.0,0.0,-110.0,-110.0,-110.0,-110.0,-110.0,-110.0,-110.0,-110.0,-110.0,-110.0,0.0,0.0,0.0,0.0,0.0,2026-08-07T03:26:40.888653+00:00,-0.4548385105496433,-0.5459363184993713,0.38894520009929434,-0.1929581938169984,0.31192811526020814,1.2,2.8,0.8,0.4,1.0,0.0,0.0,1.0,0.0,0.0,batter_pitcher_profile_network_v2,1.0,0.25,0.8130290111773937,0.0,0.5626009865326923,0.44186967213114736,0.23656152372531677,0.0,12.0,1.4493605895805282,0.0020016521579673983,0.019543958347523784,0.0019543958347523786,0.5966695962355797,0.3651079796640141,0.0,12.0,1.3408594237958382,0.012468334882754077,0.05943391363424792,0.009509426181479668,0.7297131147540983,0.775582264957265,0.0,12.0,1.1292292059573406,-0.023262986896995942,0.0825537210611414,0.00412768605305707,0.5672652777777779,0.5529552018862364,0.0,12.0,1.144000562454286,-0.0009753701963735391,0.05767224732006414,0.0014418061830016036,0.8250777777777778,0.6957905982905983,0.0,12.0,1.1576939767764487,-0.02273010615876591,0.0902889800437176,0.005417338802623056
2026-04-17,Brandon_Nimmo,607043,hitter,TEX,SEA,2026,823152,31,140,136,0,669302.0,Logan_Gilbert,1.0,4.0,1.0,1.0,1.0,5.0,4.0,1.0,2.0,1.0,0.1111111111111111,0.558,0.558,0.75,30.0,65.0,4.241071428571429,8.875,5.142857142857143,1.08,0.0,55.0,0,1.0,0.8660254037844387,-0.4999999999999998,-0.433883739117558,-0.9009688679024191,0.5,0.5,0.5,0.5,0.5,0.5,0.5,0.5,0.5,0.5,synthetic,synthetic,synthetic,synthetic,synthetic,0.0,0.0,0.0,0.0,0.0,-110.0,-110.0,-110.0,-110.0,-110.0,-110.0,-110.0,-110.0,-110.0,-110.0,0.0,0.0,0.0,0.0,0.0,2026-08-07T03:26:40.888653+00:00,0.33006892252569586,1.407786920353617,0.15839510806533041,-0.2172967468668383,0.318609899018354,0.8,1.0,0.4,0.0,0.6,1.0,1.0,0.0,0.0,1.0,batter_pitcher_profile_network_v2,1.0,0.35,0.7803170514309046,1.0,0.6077939064199,0.5343833333333334,-0.09126286676286671,-0.1111111111111111,12.0,1.5978119342606902,0.003014389493134702,-0.10962029855256644,-0.010962029855256645,0.6594564814814816,-0.17253680512609076,-0.1111111111111111,12.0,1.5840524884023066,-0.0061336262435146335,-0.13310258112322562,-0.0212964129797161,0.7825000000000001,-0.18843597253716293,-0.1111111111111111,12.0,1.4143269681519464,-0.03665597561861333,-0.16795498155053468,-0.008397749077526735,0.5805986111111112,-0.2879303236446093,-0.1111111111111111,12.0,1.512447491726153,-0.08023854579988651,-0.21586987467353427,-0.005396746866838357,0.8384111111111111,-0.16190047871000243,-0.1111111111111111,12.0,1.4571668720896775,-0.08613466404895583,-0.19332707985283223,-0.011599624791169934
2026-04-18,Brandon_Nimmo,607043,hitter,TEX,SEA,2026,823151,32,140,136,0,669923.0,George_Kirby,1.0,1.0,0.0,0.0,0.0,6.0,6.0,0.0,2.0,1.0,0.13043478260869565,0.14833333333333334,0.14833333333333334,0.0,0.0,17.8,3.907608695652174,6.847826086956521,5.23051948051948,1.08,6.0,70.0,0,1.0,0.8660254037844387,-0.4999999999999998,-0.9749279121818236,-0.2225209339563146,0.5,1.5,0.5,0.5,0.5,0.5,1.5,0.5,0.5,0.5,synthetic,synthetic,synthetic,synthetic,synthetic,0.0,0.0,0.0,0.0,0.0,-110.0,-110.0,-110.0,-110.0,-110.0,-110.0,-110.0,-110.0,-110.0,-110.0,0.0,0.0,0.0,0.0,0.0,2026-08-07T03:26:40.888653+00:00,0.39811160785520994,0.017366219324674415,0.2284674730708126,-0.23780309027034818,0.08456397089471601,0.6,1.4,0.6,0.2,0.4,1.0,4.0,1.0,1.0,1.0,batter_pitcher_profile_network_v2,1.0,0.35,0.6101585818469693,1.0,0.6150894508033112,0.536564727325751,-0.05951975203400531,-0.1111111111111111,13.0,1.7843979276020503,-0.001069391980972066,-0.1019033078585914,-0.01019033078585914,0.6811267935258093,-0.09297645229436197,-0.1111111111111111,13.0,1.7775880203610668,0.0074752698886346785,-0.10292852052513164,-0.016468563284021062,0.7703740157480314,-0.24737134658347879,-0.1111111111111111,13.0,1.5643499031360637,-0.03104847517704006,-0.19479320750902585,-0.009739660375451292,0.6780523148148148,-0.12617220701134307,-0.1111111111111111,13.0,1.7366711871592089,-0.013318893917641636,-0.13612361081392776,-0.0034030902703481945,0.8810037037037036,-0.23159173442414963,-0.1111111111111111,13.0,1.6084612363265365,-0.08252616112447006,-0.23088845798473676,-0.013853307479084205
2026-04-19,Brandon_Nimmo,607043,hitter,TEX,SEA,2026,823150,33,140,136,0,693433.0,Bryan_Woo,2.0,3.0,0.0,0.0,0.0,4.0,4.0,0.0,0.0,1.0,0.11764705882352941,0.54,0.54,0.25,21.25,65.0,1.885714285714286,5.057142857142857,6.001948051948053,1.08,0.0,66.0,0,1.0,0.8660254037844387,-0.4999999999999998,-0.7818314824680299,0.6234898018587334,0.5,1.5,0.5,0.5,0.5,0.5,1.5,0.5,0.5,0.5,synthetic,synthetic,synthetic,synthetic,synthetic,0.0,0.0,0.0,0.0,0.0,-110.0,-110.0,-110.0,-110.0,-110.0,-110.0,-110.0,-110.0,-110.0,-110.0,0.0,0.0,0.0,0.0,0.0,2026-08-07T03:26:40.888653+00:00,0.6306057619008019,0.18823321173425933,0.3228582793093947,-0.22487805798352622,0.06122226165594136,0.8,1.6,0.6,0.2,0.4,1.0,1.0,0.0,0.0,0.0,batter_pitcher_profile_network_v2,1.0,0.35,0.7577828653106118,1.0,0.6087600596498075,0.47842606837606805,-0.4108233687841333,0.09259259259259257,14.0,1.93091438959027,-0.02747626170303278,0.03377139542767498,0.0033771395427674984,0.6050312678062677,-0.5638194524288588,0.06419753086419754,14.0,1.7598901919883585,-0.03206107990172525,-0.07429610313146878,-0.011887376501035005,0.7432692307692306,-0.6741690500143718,-0.1111111111111111,14.0,1.359551074692403,-0.045461375742763446,-0.2644883481131001,-0.013224417405655007,0.5522375000000002,-0.682877551020408,-0.1111111111111111,14.0,1.5872867572221632,-0.05512506875875799,-0.2441223193410485,-0.006103057983526213,0.8204666666666667,-0.6874466321739963,-0.1111111111111111,14.0,1.3929779298717315,-0.09270633311726105,-0.303801368632197,-0.018228082117931817
2026-04-21,Brandon_Nimmo,607043,hitter,TEX,PIT,2026,822914,34,140,134,1,669387.0,Carmen_Mlodzinski,0.0,0.0,0.0,0.0,0.0,5.0,5.0,0.0,1.0,1.0,0.13513513513513514,0.0,0.0,0.0,0.0,10.0,1.2857142857142854,6.839285714285714,3.8076923076923075,1.08,0.0,74.0,0,2.0,0.8660254037844387,-0.4999999999999998,0.7818314824680298,0.6234898018587336,0.5,1.5,0.5,0.5,0.5,0.5,1.5,0.5,0.5,0.5,synthetic,synthetic,synthetic,synthetic,synthetic,0.0,0.0,0.0,0.0,0.0,-110.0,-110.0,-110.0,-110.0,-110.0,-110.0,-110.0,-110.0,-110.0,-110.0,0.0,0.0,0.0,0.0,0.0,2026-08-07T03:26:40.888653+00:00,0.7895350692127563,0.06752662786844854,-0.1845224754000776,-0.3395753327969432,-0.18222714954555896,1.0,1.8,0.4,0.2,0.4,2.0,3.0,0.0,0.0,0.0,batter_pitcher_profile_network_v2,1.0,0.25,0.7219326584529105,0.0,0.5653908123348796,0.5136640797285834,0.010012655712840296,0.0,16.0,2.3634029977132403,-0.011162476268026675,0.001430139707011378,0.00014301397070113782,0.6459399420412779,-0.26551721358662034,0.0,16.0,2.3565217107262404,-0.021085034163619912,-0.07931837311949423,-0.012690939699119077,0.7663167938931297,-0.3646030328582308,0.0,16.0,2.0757614332255843,-0.0808548090178509,-0.15854722109926583,-0.007927361054963292,0.6151437500000001,-0.6606595403192934,0.0,16.0,1.9767014415112252,-0.09400658101818549,-0.20701331187772884,-0.005175332796943221,0.8419666666666666,-0.3316471747724221,0.0,16.0,2.1415116683078343,-0.13048669665525753,-0.17551139748488936,-0.01053068384909336
2026-04-22,Brandon_Nimmo,607043,hitter,TEX,PIT,2026,822913,35,140,134,1,677952.0,Braxton_Ashcraft,1.0,2.0,1.0,0.0,0.0,4.0,4.0,0.0,1.0,1.0,0.11764705882352941,0.3175,0.3175,0.25,21.25,49.35,2.1588235294117646,13.105882352941174,2.0934065934065935,1.08,0.0,74.0,0,1.0,0.8660254037844387,-0.4999999999999998,0.9749279121818236,-0.22252093395631434,0.5,1.5,0.5,0.5,0.5,0.5,1.5,0.5,0.5,0.5,synthetic,synthetic,synthetic,synthetic,synthetic,0.0,0.0,0.0,0.0,0.0,-110.0,-110.0,-110.0,-110.0,-110.0,-110.0,-110.0,-110.0,-110.0,-110.0,0.0,0.0,0.0,0.0,0.0,2026-08-07T03:26:40.888653+00:00,0.09354713676894644,0.05508282066693648,-0.24851959588687134,-0.22513989981221577,-0.19825511595966322,1.0,1.8,0.2,0.2,0.4,0.0,0.0,0.0,0.0,0.0,batter_pitcher_profile_network_v2,1.0,0.3,0.7280476088083544,0.0,0.578244250376293,0.4901421748816487,-0.6178900183729407,0.0,17.0,2.1492079393638095,-0.019049475718293206,-0.08236185790846992,-0.008236185790846992,0.6297154622667782,-0.7449657728682871,0.0,17.0,1.9913619192758645,-0.03541830174448704,-0.1807047973022365,-0.02891276756835784,0.7549812030075189,-0.663803260192966,0.0,17.0,1.8806215453584771,-0.07971300944708669,-0.21600439349696238,-0.01080021967484812,0.6086252314814816,-0.9118804554079697,0.0,17.0,1.749200378126211,-0.10366419577992238,-0.2545959924886315,-0.006364899812215788,0.8354481481481482,-0.6896795829442888,0.0,17.0,1.8912423033177228,-0.13614637640191668,-0.2588064467743909,-0.015528386806463453
2026-04-23,Brandon_Nimmo,607043,hitter,TEX,PIT,2026,822912,36,140,134,1,696149.0,Bubba_Chandler,2.0,3.0,0.0,0.0,0.0,5.0,3.0,2.0,1.0,1.0,0.13157894736842105,0.708,0.708,0.3333333333333333,28.333333333333332,65.0,4.264423076923077,6.519230769230769,3.379120879120879,1.08,0.0,74.0,0,1.0,0.8660254037844387,-0.4999999999999998,0.43388373911755823,-0.900968867902419,0.5,1.5,0.5,0.5,0.5,0.5,1.5,0.5,0.5,0.5,synthetic,synthetic,synthetic,synthetic,synthetic,0.0,0.0,0.0,0.0,0.0,-110.0,-110.0,-110.0,-110.0,-110.0,-110.0,-110.0,-110.0,-110.0,-110.0,0.0,0.0,0.0,0.0,0.0,2026-08-07T03:26:40.888653+00:00,0.6361074174440386,0.7589037519303052,0.3216327727736378,-0.1836954001432441,-0.12950316879861307,1.0,2.0,0.4,0.2,0.2,1.0,2.0,1.0,0.0,0.0,batter_pitcher_profile_network_v2,1.0,0.3,0.7409337226204191,0.0,0.5777706856936996,0.4620419845218354,-0.5778580586080586,0.0,18.0,2.3997371614956884,-0.022324344118783337,-0.06916931890837033,-0.006916931890837034,0.5931378662244335,-0.4255970098741838,0.0,18.0,2.589042815128066,-0.03986151361187269,-0.12519036622506804,-0.020030458596010887,0.7401119402985076,-0.09621413972500915,0.0,18.0,2.5076870408700027,-0.08680698625919403,-0.1052548973323327,-0.005262744866616636,0.5588185185185187,-0.21472744465679253,0.0,18.0,2.573787489558552,-0.1073963583505817,-0.13848267239643122,-0.0034620668099107806,0.8088185185185186,-0.2540402266815309,0.0,18.0,2.5094392911168164,-0.12004880122469294,-0.1432675809986691,-0.008596054859920146
2026-04-24,Brandon_Nimmo,607043,hitter,TEX,ATH,2026,822909,37,140,133,1,622663.0,Luis_Severino,0.0,0.0,0.0,0.0,0.0,4.0,4.0,0.0,1.0,1.0,0.11428571428571428,0.0,0.0,0.0,0.0,10.0,6.0125,9.387500000000001,4.4643532937650585,1.08,0.0,74.0,0,1.0,0.8660254037844387,-0.4999999999999998,-0.433883739117558,-0.9009688679024191,1.5,1.5,0.5,0.5,0.5,1.5,1.5,0.5,0.5,0.5,synthetic,synthetic,synthetic,synthetic,synthetic,0.0,0.0,0.0,0.0,0.0,-110.0,-110.0,-110.0,-110.0,-110.0,-110.0,-110.0,-110.0,-110.0,-110.0,0.0,0.0,0.0,0.0,0.0,2026-08-07T03:26:40.888653+00:00,-0.21607137629288542,0.05050868482310045,-0.2990575413175639,-0.47572728159334104,-0.43582596445308375,1.2,1.8,0.2,0.0,0.0,2.0,3.0,0.0,0.0,0.0,batter_pitcher_profile_network_v2,1.0,0.35,0.7721998797186332,1.0,0.6081419301570636,0.39823052100608064,0.01929593349571107,-0.1111111111111111,18.0,2.6473940331896624,0.005394035958522303,-0.09670508043487819,-0.009670508043487819,0.44539318684355994,0.1646426321084401,-0.1111111111111111,18.0,2.442594854160519,0.02557839015511853,-0.04338321985562249,-0.006941315176899598,0.675392723880597,0.5992759054325956,-0.1111111111111111,18.0,1.8453944064652108,-0.014249892246085583,-0.02050412011633758,-0.001025206005816879,0.37930462962962963,0.35209861802393305,-0.1111111111111111,18.0,2.060257505641124,0.01494097861709156,-0.053091263733643486,-0.0013272815933410872,0.654936574074074,0.5107987927565393,-0.0962962962962963,18.0,1.9397157149680975,0.0023011816875054413,-0.007393819022277707,-0.0004436291413366624
2026-04-25,Brandon_Nimmo,607043,hitter,TEX,ATH,2026,822910,38,140,133,1,605488.0,Jeffrey_Springs,0.0,0.0,0.0,0.0,1.0,4.0,3.0,0.0,0.0,1.0,0.125,0.0,0.0,0.0,0.0,10.0,4.673684210526315,9.13984962406015,2.53578186519363,1.08,0.0,74.0,0,1.0,0.8660254037844387,-0.4999999999999998,-0.9749279121818236,-0.2225209339563146,0.5,1.5,0.5,0.5,0.5,0.5,1.5,0.5,0.5,0.5,synthetic,synthetic,synthetic,synthetic,synthetic,0.0,0.0,0.0,0.0,0.0,-110.0,-110.0,-110.0,-110.0,-110.0,-110.0,-110.0,-110.0,-110.0,-110.0,0.0,0.0,0.0,0.0,0.0,2026-08-07T03:26:40.888653+00:00,0.32467824197349393,-0.4805226631705408,-0.3800366638674535,-0.4776297387607266,-0.5,1.0,1.6,0.2,0.0,0.0,0.0,0.0,0.0,0.0,0.0,batter_pitcher_profile_network_v2,1.0,0.45,0.7179176179594587,1.0,0.6366747913099848,0.33486130804311776,-0.27927825962544167,-0.01481481481481481,19.0,2.8624698446431336,-0.017386479403362843,-0.039105514312438354,-0.003910551431243836,0.39235846462133783,-0.18983002206960983,0.00493827160493827,19.0,2.8645435133079036,-0.012457347646355102,-0.03545414481588004,-0.005672663170540806,0.6092989738805972,-0.03057250765803403,0.1037037037037037,19.0,2.638773069353086,-0.06533777885915838,0.01848485745730004,0.000924242872865002,0.3673416666666666,-0.042552975285984056,-0.1111111111111111,19.0,2.7025797203181274,-0.029340317407944204,-0.12918955042906521,-0.0032297387607266304,0.5915673611111111,-0.0856809384572543,-0.0962962962962963,19.0,2.6783239910041567,-0.06972118422762691,-0.149303080924809,-0.00895818485548854
2026-04-26,Brandon_Nimmo,607043,hitter,TEX,ATH,2026,822911,39,140,133,1,669372.0,JT_Ginn,1.0,1.0,0.0,0.0,0.0,5.0,5.0,0.0,1.0,1.0,0.1282051282051282,0.178,0.178,0.0,0.0,21.36,2.812500000000005,8.0625,1.348968678380443,1.08,0.0,74.0,0,1.0,0.8660254037844387,-0.4999999999999998,-0.7818314824680299,0.6234898018587334,0.5,0.5,0.5,0.5,0.5,0.5,0.5,0.5,0.5,0.5,synthetic,synthetic,synthetic,synthetic,synthetic,0.0,0.0,0.0,0.0,0.0,-110.0,-110.0,-110.0,-110.0,-110.0,-110.0,-110.0,-110.0,-110.0,-110.0,0.0,0.0,0.0,0.0,0.0,2026-08-07T03:26:40.888653+00:00,0.049276329851398404,0.20867186727942144,-0.3305329322698368,-0.4775490394322167,-0.2332391807132453,0.6,1.0,0.2,0.0,0.2,0.0,0.0,0.0,0.0,1.0,batter_pitcher_profile_network_v2,1.0,0.3,0.7071607282984412,2.0,0.6165118432350323,0.4188165319237146,-0.10985676265907482,-0.2,20.0,3.232509615766996,-0.03243267775460698,-0.18418955745357804,-0.018418955745357804,0.44832861387506906,0.15758409981263843,-0.2,20.0,2.9336216639768575,-0.01697412892678287,-0.17548832950361587,-0.02807813272057854,0.6652691231343284,0.3587014755740485,0.18666666666666668,20.0,2.6848179678767523,-0.07261267449941725,0.1566034454535902,0.00783017227267951,0.3673416666666666,0.500029488162153,-0.2,20.0,2.2234401551186846,-0.00903470962750522,-0.1259615772886684,-0.0031490394322167105,0.5915673611111111,0.28736450146401615,-0.18666666666666668,20.0,2.748453418988327,-0.02852502492429131,-0.13094742335830384,-0.00785684540149823
2026-04-27,Brandon_Nimmo,607043,hitter,TEX,NYY,2026,822906,40,140,147,1,608331.0,Max_Fried,1.0,1.0,0.0,0.0,0.0,4.0,4.0,0.0,0.0,1.0,0.1111111111111111,0.2225,0.2225,0.0,0.0,26.7,3.9375,7.3125,2.8149350649350646,1.08,0.0,74.0,0,1.0,0.8660254037844387,-0.4999999999999998,0.0,1.0,0.5,1.5,0.5,0.5,0.5,0.5,1.5,0.5,0.5,0.5,real,real,synthetic,synthetic,synthetic,1.0,1.0,0.0,0.0,0.0,-239.0,134.0,-110.0,-110.0,-110.0,177.0,-178.0,-110.0,-110.0,-110.0,0.0,0.0,0.0,0.0,0.0,2026-04-27T02:00:02.937037+00:00,0.409420134957191,-0.5187621165997018,-0.27048234667044013,-0.4777163024728223,-0.3286690116543438,0.8,1.2,0.2,0.0,0.2,1.0,1.0,0.0,0.0,0.0,batter_pitcher_profile_network_v2,1.0,0.45,0.6730475148792572,0.0,0.6203982557422809,0.4252527777777777,-0.38015663251491305,0.0,22.0,3.4628269661462916,-0.046379237904839665,-0.05285600973545051,-0.0052856009735450515,0.4527925925925926,-0.41181018105164235,0.0,22.0,3.3699742014085654,-0.04631683191776963,-0.13044031208147,-0.0208704499330352,0.6698935185185186,-0.4234287317472083,0.0,22.0,2.982950549290543,-0.07434121875684736,-0.16708199834386828,-0.008354099917193413,0.36758611111111117,-0.3666664017089193,0.0,22.0,3.2407009022474504,-0.08858496016435671,-0.13265209891289276,-0.003316302472822319,0.5926138888888891,-0.47233229199759946,0.0,22.0,2.9980068342633985,-0.09647515759885639,-0.16387385946272937,-0.009832431567763762
2026-04-28,Brandon_Nimmo,607043,hitter,TEX,NYY,2026,822908,41,140,147,1,693645.0,Cam_Schlittler,2.0,2.0,0.0,0.0,0.0,5.0,4.0,0.0,1.0,1.0,0.1282051282051282,0.5,0.5,0.0,0.0,60.0,2.1750000000000003,9.674999999999999,3.2435064935064934,1.08,0.0,74.0,0,1.0,0.8660254037844387,-0.4999999999999998,0.7818314824680298,0.6234898018587336,0.5,1.5,0.5,0.5,0.5,0.5,0.5,0.5,0.5,0.5,synthetic,real,real,real,synthetic,0.0,8.0,7.0,8.0,0.0,-110.0,48.875,120.0,565.625,-110.0,-110.0,-68.0,-161.6,0.0,-110.0,0.0,0.46291004988627577,0.0,0.0,0.0,2026-04-28T17:23:11.163256+00:00,0.3307970890275014,-0.4981499617102658,-0.205403275433736,-0.4775135225122009,-0.20507784388335393,0.8,1.0,0.0,0.0,0.2,1.0,1.0,0.0,0.0,0.0,batter_pitcher_profile_network_v2,1.0,0.45,0.6929386330869002,0.0,0.6193017578510847,0.33450509259259237,-0.7841911764705883,0.0,23.0,2.975606563215153,-0.026700210826786478,-0.08054709174296883,-0.008054709174296883,0.32444537037037025,-0.8357720588235296,0.0,23.0,2.809259473830458,-0.026990847409330655,-0.12374976068916252,-0.019799961710266004,0.5714560185185185,-0.9085416666666667,0.0,23.0,2.240354875957148,-0.05791754949253649,-0.21734123295044439,-0.01086706164752222,0.2159009259259258,-0.888529411764706,0.0,23.0,2.5823945421972194,-0.06563599113511258,-0.12454090048803643,-0.0031135225122009107,0.43936620370370383,-0.9199509803921568,0.0,23.0,2.322996134190077,-0.07945849693274641,-0.1837066554651562,-0.01102239932790937
2026-04-29,Brandon_Nimmo,607043,hitter,TEX,NYY,2026,822907,42,140,147,1,695684.0,Elmer_Rodríguez,1.0,1.0,0.0,0.0,0.0,3.0,2.0,1.0,0.0,1.0,0.08823529411764706,0.5266666666666667,0.5266666666666667,0.0,0.0,63.20000000000001,0.0,6.0,3.672077922077922,1.08,0.0,74.0,0,1.0,0.8660254037844387,-0.4999999999999998,0.9749279121818236,-0.22252093395631434,0.5,1.5,0.5,0.5,0.5,0.5,0.5,0.5,0.5,0.5,synthetic,real,real,synthetic,synthetic,0.0,8.0,7.0,0.0,0.0,-110.0,0.0,0.0,-110.0,-110.0,-110.0,0.0,0.0,-110.0,-110.0,0.0,0.0,0.7559289460184545,0.0,0.0,2026-04-30T03:22:26.750124+00:00,0.6201325084316969,-0.5045804869753447,-0.21334136742687415,-0.4765248629571461,-0.21689788867460758,0.8,0.8,0.0,0.0,0.2,2.0,2.0,0.0,0.0,0.0,batter_pitcher_profile_network_v2,1.0,0.05,0.9425,0.0,0.5117271875,0.31260214585022983,-0.47650000000000003,0.0,24.0,3.9083390306828645,-0.030894012994215524,-0.008564908043613985,-0.0008564908043613986,0.30900389970262243,-0.554,0.0,24.0,3.728673881874208,-0.037535404482546775,-0.0661464259488472,-0.010583428151815552,0.5552367700729929,-0.3733333333333333,0.0,24.0,3.5802627680862162,-0.07884893304921102,-0.0907680157134446,-0.00453840078567223,0.21471574074074068,-0.554,0.0,24.0,3.5644190169851235,-0.07815474836454796,-0.08499451828584426,-0.0021248629571461067,0.4342921296296297,-0.5733333333333334,0.0,24.0,3.384717429343542,-0.09794357396553924,-0.08777484434761122,-0.005266490660856673
2026-05-01,Brandon_Nimmo,607043,hitter,TEX,DET,2026,824287,43,140,116,0,656427.0,Jack_Flaherty,2.0,2.0,2.0,0.0,0.0,3.0,2.0,1.0,0.0,1.0,0.075,0.8233333333333333,0.8233333333333333,0.0,0.0,65.0,9.5,12.200000000000001,5.378474466709761,1.0666666666666667,5.0,48.0,0,2.0,0.49999999999999994,-0.8660254037844387,-0.433883739117558,-0.9009688679024191,0.5,1.5,2.5,0.5,0.5,0.5,0.5,0.5,0.5,0.5,synthetic,real,real,synthetic,synthetic,0.0,8.0,7.0,0.0,0.0,-110.0,0.0,0.0,-110.0,-110.0,-110.0,0.0,0.0,-110.0,-110.0,0.0,0.3535533905932738,0.7867957924694432,0.0,0.0,2026-05-02T00:15:33.012287+00:00,0.23061213540273395,-0.3978511876378379,-1.9732107295681305,-0.47787048180051317,-0.047296003540153675,1.0,1.0,0.0,0.0,0.2,1.0,1.0,0.0,0.0,0.0,batter_pitcher_profile_network_v2,1.0,0.4,0.7449704724856049,0.0,0.6034964468482054,0.40213152233115457,0.2492789034105746,0.0,24.0,3.430307096592518,-0.047270516830705,0.02556490067676932,0.002556490067676932,0.3798398420479302,0.38957093252481834,0.0,24.0,3.04601264621099,-0.027246870156024082,-0.0031324227364855836,-0.0005011876378376934,0.6364025735294117,0.7505036200165243,0.0,24.0,2.382276893014868,-0.04616354872389078,0.07564427526096286,0.0037822137630481433,0.2304564814814814,0.5733250715976661,0.0,24.0,2.553202845387508,-0.0018487588004704948,0.03184739464613935,0.0007961848661534838,0.5016821759259259,0.6917660372350674,0.0,24.0,2.4227636860188935,0.005996531326113563,0.09300455207263794,0.0055802731243582765
2026-05-03,Brandon_Nimmo,607043,hitter,TEX,DET,2026,824285,44,140,116,0,663947.0,Tyler_Holton,1.0,1.0,0.0,0.0,0.0,4.0,4.0,0.0,2.0,1.0,0.1111111111111111,0.2225,0.2225,0.0,0.0,26.7,12.0,3.0,4.136029411764706,1.0666666666666667,12.0,60.0,0,2.0,0.49999999999999994,-0.8660254037844387,-0.7818314824680299,0.6234898018587334,1.5,1.5,0.5,0.5,0.5,1.5,1.5,0.5,0.5,0.5,synthetic,synthetic,synthetic,synthetic,synthetic,0.0,0.0,0.0,0.0,0.0,-110.0,-110.0,-110.0,-110.0,-110.0,-110.0,-110.0,-110.0,-110.0,-110.0,0.0,0.0,0.0,0.0,0.0,2026-08-07T03:26:40.888653+00:00,0.1594411764705881,-0.2501892019765899,0.2096397618389072,-0.4800233644249113,-0.39198125770467596,1.4,1.4,0.4,0.0,0.0,2.0,2.0,2.0,0.0,0.0,batter_pitcher_profile_network_v2,1.0,0.0,1.0,0.0,0.5,0.49582105099502516,0.0,0.0,25.0,4.150555166990196,-0.03800864982357986,0.0,0.0,0.4559686636263131,0.0,0.0,25.0,4.07436929475333,-0.04123973045801383,-0.06185959568702075,-0.00989753530992332,0.7355508395522392,0.0,0.0,25.0,3.841435763377096,-0.045734174986562216,-0.045734174986562216,-0.002286708749328111,0.2387083333333333,0.0,0.0,25.0,3.8828795368796234,-0.054267910329784196,-0.054267910329784196,-0.001356697758244605,0.5780868055555559,0.0,0.0,25.0,3.865082675923676,-0.07109766576839849,-0.053323249326298866,-0.003199394959577932
2026-05-06,Brandon_Nimmo,607043,hitter,TEX,NYY,2026,823550,45,140,147,0,701542.0,Will_Warren,0.0,0.0,1.0,0.0,0.0,5.0,3.0,2.0,1.0,1.0,0.125,0.27599999999999997,0.27599999999999997,0.0,0.0,33.12,2.330827067669173,11.977443609022558,1.3681318681318682,1.08,11.0,67.0,0,3.0,0.49999999999999994,-0.8660254037844387,0.9749279121818236,-0.22252093395631434,1.5,1.5,0.5,0.5,0.5,1.5,1.5,0.5,0.5,0.5,synthetic,synthetic,synthetic,synthetic,synthetic,0.0,0.0,0.0,0.0,0.0,-110.0,-110.0,-110.0,-110.0,-110.0,-110.0,-110.0,-110.0,-110.0,-110.0,0.0,0.0,0.0,0.0,0.0,2026-08-07T03:26:40.888653+00:00,-0.4910029469867043,-0.35185100698760796,-0.17196593522201348,-0.47556696572378293,-0.5,1.4,1.4,0.4,0.0,0.0,1.0,1.0,0.0,0.0,0.0,batter_pitcher_profile_network_v2,1.0,0.6,0.4999221233939776,0.0,0.6732557239305427,0.34422411932609354,-0.6006414933621935,0.0,25.0,3.830834805286494,-0.018226101195838618,-0.10339374594184633,-0.010339374594184634,0.2872080548593711,-0.5313583569045017,0.0,25.0,3.8836929946763243,-0.02079280588842563,-0.1075062936725502,-0.01720100698760803,0.5970437030075194,-0.6604517766404976,0.0,25.0,3.1560418035802185,-0.05126057718820459,-0.248450572572138,-0.012422528628606901,0.08702314814814814,-0.464979046559674,0.0,25.0,3.777768804786763,-0.026443507529695147,-0.04667862895131763,-0.0011669657237829408,0.42564120370370406,-0.6532103973301528,0.0,25.0,3.2849291916849825,-0.0723950269897492,-0.1933345524246363,-0.011600073145478177
2026-05-07,Brandon_Nimmo,607043,hitter,TEX,NYY,2026,823551,46,140,147,0,621112.0,Paul_Blackburn,2.0,2.0,0.0,0.0,0.0,5.0,5.0,0.0,0.0,1.0,0.1282051282051282,0.356,0.356,0.0,0.0,42.72,1.0,5.0,0.9395604395604396,1.08,9.0,60.0,0,1.0,0.49999999999999994,-0.8660254037844387,0.43388373911755823,-0.900968867902419,1.5,1.5,0.5,0.5,0.5,1.5,1.5,0.5,0.5,0.5,synthetic,synthetic,synthetic,synthetic,synthetic,0.0,0.0,0.0,0.0,0.0,-110.0,-110.0,-110.0,-110.0,-110.0,-110.0,-110.0,-110.0,-110.0,-110.0,0.0,0.0,0.0,0.0,0.0,2026-08-07T03:26:40.888653+00:00,-0.45288937728937717,-0.5652602071657483,0.1355438436497639,-0.4747793295898577,-0.4899545224298234,1.2,1.2,0.6,0.0,0.0,0.0,0.0,1.0,0.0,0.0,batter_pitcher_profile_network_v2,1.0,0.0,1.0,0.0,0.5,0.29513245265942645,0.0,0.0,26.0,4.477115550605735,-0.024809227974455342,0.0,0.0,0.24635805485937073,0.0,0.0,26.0,4.4245079017523254,-0.025459196523951143,-0.03818879478592671,-0.006110207165748274,0.5486687030075188,0.0,0.0,26.0,4.1468195288526815,0.009547202665609374,0.009547202665609374,0.0004773601332804687,0.07555648148148143,0.0,0.0,26.0,4.254219067244408,-0.015173183594309253,-0.015173183594309253,-0.0003793295898577313,0.376549537037037,0.0,0.0,26.0,4.173059640444713,-0.03337278171280372,-0.025029586284602792,-0.0015017751770761674
2026-05-08,Brandon_Nimmo,607043,hitter,TEX,CHC,2026,822904,47,140,112,1,676962.0,Ben_Brown,0.0,0.0,0.0,0.0,0.0,4.0,3.0,1.0,1.0,1.0,0.12121212121212122,0.1725,0.1725,0.0,0.0,20.7,3.0,6.3,4.296846011131725,1.08,0.0,74.0,0,1.0,0.49999999999999994,-0.8660254037844387,-0.433883739117558,-0.9009688679024191,1.5,1.5,0.5,0.5,0.5,1.5,1.5,0.5,0.5,0.5,synthetic,synthetic,synthetic,synthetic,synthetic,0.0,0.0,0.0,0.0,0.0,-110.0,-110.0,-110.0,-110.0,-110.0,-110.0,-110.0,-110.0,-110.0,-110.0,0.0,0.0,0.0,0.0,0.0,2026-08-07T03:26:40.888653+00:00,-0.051317153207797395,-0.3822317435351701,0.05403233890385517,-0.47594792717034606,-0.386111808718716,1.2,1.2,0.6,0.0,0.0,2.0,2.0,0.0,0.0,0.0,batter_pitcher_profile_network_v2,1.0,0.1,0.8220008706826096,0.0,0.524930489334138,0.323327941381231,-0.48179166666666673,0.0,26.0,4.501470502023062,-0.02581494715561291,-0.027728118348847447,-0.0027728118348847447,0.2651550473405738,-0.6147916666666666,0.0,26.0,4.167954941147089,-0.03428221740173207,-0.08043987436754076,-0.012870379898806522,0.567465695488722,-0.07595833333333324,0.0,26.0,4.185912618564524,0.024427742094902366,0.01675531239992334,0.000837765619996167,0.07555648148148152,-0.6824999999999999,0.0,26.0,3.8337799160980754,-0.05273815255981691,-0.061917086813844564,-0.001547927170346114,0.3765495370370372,-0.1957499999999999,0.0,26.0,4.256447803151917,-0.03249665430645131,-0.037492730345946086,-0.002249563820756765
2026-05-09,Brandon_Nimmo,607043,hitter,TEX,CHC,2026,822905,48,140,112,1,665795.0,Edward_Cabrera,0.0,0.0,0.0,0.0,0.0,4.0,3.0,1.0,1.0,1.0,0.11764705882352941,0.1725,0.1725,0.0,0.0,20.7,4.373949579831932,9.84873949579832,3.502040816326531,1.08,0.0,74.0,0,1.0,0.49999999999999994,-0.8660254037844387,-0.9749279121818236,-0.2225209339563146,0.5,0.5,0.5,0.5,0.5,0.5,0.5,0.5,0.5,0.5,synthetic,synthetic,synthetic,synthetic,synthetic,0.0,0.0,0.0,0.0,0.0,-110.0,-110.0,-110.0,-110.0,-110.0,-110.0,-110.0,-110.0,-110.0,-110.0,0.0,0.0,0.0,0.0,0.0,2026-08-07T03:26:40.888653+00:00,0.3238180484022588,0.2266330828023313,0.0138210753351794,-0.47419863158884695,-0.4248182366032003,1.0,1.0,0.6,0.0,0.0,0.0,0.0,0.0,0.0,0.0,batter_pitcher_profile_network_v2,1.0,0.55,0.5937629209999973,0.0,0.6524952231976252,0.26061845064049,0.26751082229668177,0.0,26.0,3.8665912623417786,-0.009522532370723214,0.02832214068525208,0.002832214068525208,0.19001384363686985,0.3208982176158868,0.0,26.0,3.7109235459129706,-0.0003156713288515577,0.02429684104398232,0.0038874945670371716,0.5079344454887217,0.29328472354322743,0.0,26.0,3.771796763726781,0.036657908654712835,0.09717480802411457,0.004858740401205729,-0.023837037037037108,0.36801055938803867,0.0,26.0,3.540343971013183,0.008054736446121341,0.008054736446121341,0.00020136841115303355,0.28606226851851846,0.33938968134913455,0.0,26.0,3.6417676738256968,0.013563805138501448,0.049613023400043185,0.002976781404002591
2026-05-10,Brandon_Nimmo,607043,hitter,TEX,CHC,2026,822902,49,140,112,1,592791.0,Jameson_Taillon,0.0,0.0,0.0,0.0,0.0,4.0,4.0,0.0,0.0,1.0,0.12121212121212122,0.0,0.0,0.0,0.0,10.0,4.74453781512605,7.618487394957984,3.9306122448979592,1.08,0.0,74.0,0,1.0,0.49999999999999994,-0.8660254037844387,-0.7818314824680299,0.6234898018587334,0.5,0.5,0.5,0.5,0.5,0.5,0.5,0.5,0.5,0.5,synthetic,synthetic,synthetic,synthetic,synthetic,0.0,0.0,0.0,0.0,0.0,-110.0,-110.0,-110.0,-110.0,-110.0,-110.0,-110.0,-110.0,-110.0,-110.0,0.0,0.0,0.0,0.0,0.0,2026-08-07T03:26:40.888653+00:00,0.18531660912131132,-0.09533831364017842,-0.3084037406160677,-0.47421977036277185,-0.45032670959111126,0.6,0.6,0.2,0.0,0.0,0.0,0.0,0.0,0.0,0.0,batter_pitcher_profile_network_v2,1.0,0.5,0.6662568603417776,0.0,0.6341917673040661,0.19888939393939342,0.3667889908256881,0.0,27.0,3.951224273596975,-0.014769094969388784,0.024346708914739515,0.002434670891473952,0.09978552188552146,0.5596181192660551,0.0,27.0,3.3375980633044193,0.0027756663087822857,0.022800312476157648,0.0036480499961852237,0.4355151515151509,0.7278956422018349,0.0,27.0,3.096205165250484,0.045967715403679665,0.1517674882352333,0.007588374411761666,-0.14649444444444443,0.796,0.0,27.0,2.6571689015744093,0.007209185489123951,0.007209185489123951,0.0001802296372280988,0.15981111111111085,0.7457568807339451,0.0,27.0,2.9512368511813936,0.026904187891001304,0.05995372697560375,0.003597223618536225
2026-05-11,Brandon_Nimmo,607043,hitter,TEX,AZ,2026,822901,50,140,109,1,647336.0,Michael_Soroka,1.0,1.0,0.0,0.0,0.0,4.0,4.0,0.0,1.0,1.0,0.12903225806451613,0.2225,0.2225,0.0,0.0,26.7,9.073684210526316,8.442105263157893,1.0870129870129868,1.08,0.0,74.0,0,1.0,0.49999999999999994,-0.8660254037844387,0.0,1.0,0.5,0.5,0.5,0.5,0.5,0.5,0.5,0.5,0.5,0.5,synthetic,synthetic,synthetic,synthetic,synthetic,0.0,0.0,0.0,0.0,0.0,-110.0,-110.0,-110.0,-110.0,-110.0,-110.0,-110.0,-110.0,-110.0,-110.0,0.0,0.0,0.0,0.0,0.0,2026-08-07T03:26:40.888653+00:00,-0.0948075725613487,-0.1188935927382958,-0.3216760146008659,-0.4751492555289631,-0.4987557379080992,0.4,0.4,0.2,0.0,0.0,0.0,0.0,0.0,0.0,0.0,batter_pitcher_profile_network_v2,1.0,0.5,0.7028335831792363,0.0,0.6319514430302717,0.19817927188552142,0.29541281338077563,0.0,28.0,4.503955063889523,-0.03512810333351466,0.017397517611876703,0.0017397517611876705,0.09419019360269323,0.22731873866528826,0.0,28.0,4.649652713486177,-0.023291036200765,-0.028573865904671848,-0.0045718185447474954,0.422110795454545,0.4699234461838591,0.0,28.0,4.098984640123197,0.026407958720907156,0.08535381774388785,0.004267690887194393,-0.15045740740740743,0.1275367619211023,0.0,28.0,4.658086950060505,-0.029970221158525424,-0.029970221158525424,-0.0007492555289631357,0.13069189814814797,0.5016627872691305,0.0,28.0,3.956560452282682,0.0016726692242980635,0.020737701531680083,0.001244262091900805
2026-05-12,Brandon_Nimmo,607043,hitter,TEX,AZ,2026,822903,51,140,109,1,668678.0,Zac_Gallen,3.0,5.0,1.0,0.0,0.0,4.0,4.0,0.0,0.0,2.0,0.10526315789473684,0.8500000000000001,0.8500000000000001,0.5,30.0,65.0,6.909090909090909,7.954545454545454,0.3857142857142857,1.08,8.0,84.0,0,1.0,0.49999999999999994,-0.8660254037844387,0.7818314824680298,0.6234898018587336,0.5,0.5,0.5,0.5,0.5,0.5,0.5,0.5,0.5,0.5,synthetic,synthetic,synthetic,synthetic,synthetic,0.0,0.0,0.0,0.0,0.0,-110.0,-110.0,-110.0,-110.0,-110.0,-110.0,-110.0,-110.0,-110.0,-110.0,0.0,0.0,0.0,0.0,0.0,2026-08-07T03:26:40.888653+00:00,0.19218864079133058,1.0042074484831633,-0.18080618723024644,-0.2751701181898073,-0.3948461836085151,0.6,0.6,0.0,0.0,0.0,1.0,1.0,0.0,0.0,0.0,batter_pitcher_profile_network_v2,1.0,0.6,0.5834318841132589,0.0,0.6671177565176755,0.18425155723905665,0.6102450123406006,0.0,29.0,3.721401934261425,-0.020040515388325797,0.04683833318101978,0.004683833318101978,0.07790042087542041,0.5066282908268204,0.0,29.0,4.1520080623132385,-0.01883500595755326,-0.011811999611809627,-0.0018899199378895404,0.3993314393939388,0.30109128616481573,0.0,29.0,4.744039834235227,0.010444233052307338,0.06053039073341446,0.003026519536670723,-0.16034629629629632,0.39504740847387915,0.0,29.0,4.45027776613141,-0.030804727592292754,-0.030804727592292754,-0.0007701181898073189,0.08835509259259232,0.3759564822432471,0.0,29.0,4.56292174544254,-0.016702597906414193,0.0013104736926680613,7.862842156008367e-05
2026-05-13,Brandon_Nimmo,607043,hitter,TEX,AZ,2026,822900,52,140,109,1,669194.0,Ryne_Nelson,0.0,0.0,0.0,0.0,0.0,4.0,4.0,0.0,2.0,2.0,0.1111111111111111,0.0,0.0,0.0,0.0,10.0,4.579411764705882,7.667647058823529,0.3857142857142857,1.08,6.0,89.0,0,1.0,0.49999999999999994,-0.8660254037844387,0.9749279121818236,-0.22252093395631434,0.5,1.5,0.5,0.5,0.5,0.5,1.5,0.5,0.5,0.5,synthetic,synthetic,synthetic,synthetic,synthetic,0.0,0.0,0.0,0.0,0.0,-110.0,-110.0,-110.0,-110.0,-110.0,-110.0,-110.0,-110.0,-110.0,-110.0,0.0,0.0,0.0,0.0,0.0,2026-08-07T03:26:40.888653+00:00,0.6509672823381767,-0.03399916244765522,-0.370540981627374,-0.47545468219039105,-0.49857275076186863,0.8,1.2,0.2,0.0,0.0,3.0,5.0,1.0,0.0,0.0,batter_pitcher_profile_network_v2,1.0,0.6,0.6007839137594425,0.0,0.665842382338681,0.2994610479797975,0.09935038229128129,0.0,30.0,5.631122301097173,-0.01620608672177225,0.01187730517448325,0.0011877305174483252,0.20961569865319826,0.28269288753237143,0.0,30.0,5.245180189178523,0.0009687378616982531,0.025109401368822334,0.0040175042190115735,0.5221960227272722,0.4009381808278868,0.0,30.0,4.990150718958586,0.02488287909259742,0.10846608173823441,0.005423304086911721,-0.037688888888888834,0.5219289986434825,0.0,30.0,4.515585135813324,-0.04218728761564376,-0.04218728761564376,-0.001054682190391094,0.24273124999999982,0.4434613289760349,0.0,30.0,4.8421215791531695,-0.025579866396148693,0.023787487302189672,0.0014272492381313803
2026-05-15,Brandon_Nimmo,607043,hitter,TEX,HOU,2026,824194,53,140,117,0,681293.0,Spencer_Arrighetti,0.0,0.0,0.0,0.0,0.0,4.0,3.0,1.0,0.0,3.0,0.12903225806451613,0.1725,0.1725,0.0,0.0,20.7,1.557983193277311,8.47563025210084,2.2040816326530615,1.08,0.0,73.0,0,2.0,0.49999999999999994,-0.8660254037844387,-0.433883739117558,-0.9009688679024191,0.5,1.5,0.5,0.5,0.5,0.5,1.5,0.5,0.5,0.5,synthetic,synthetic,synthetic,synthetic,synthetic,0.0,0.0,0.0,0.0,0.0,-110.0,-110.0,-110.0,-110.0,-110.0,-110.0,-110.0,-110.0,-110.0,-110.0,0.0,0.0,0.0,0.0,0.0,2026-08-07T03:26:40.888653+00:00,0.20907710839847793,-0.6555913125919856,-0.32013580960642385,-0.47653296203400003,-0.48518295533343353,0.8,1.2,0.2,0.0,0.0,0.0,0.0,0.0,0.0,0.0,batter_pitcher_profile_network_v2,1.0,0.25,0.6612588397450105,0.0,0.567248948032809,0.24264286616161557,-0.573697244479187,0.0,31.0,5.26437515573414,-0.03917450527557609,-0.04715396990774558,-0.004715396990774558,0.1717369107744103,-0.6286854846589798,0.0,31.0,4.910383530383239,-0.03715749267894813,-0.09230961499023226,-0.01476953839843716,0.48015056818181767,-0.3338296218487393,0.0,31.0,5.252511147930318,0.0033855785663248375,-0.05091072800734435,-0.002545536400367218,-0.037688888888888994,-0.6705604846589799,0.0,31.0,4.515754988284128,-0.07675758454968461,-0.08531848136000295,-0.0021329620340000736,0.24023124999999967,-0.5067879551820726,0.0,31.0,4.823959647333807,-0.07565651987514288,-0.09798287416595954,-0.005878972449957572
2026-05-16,Brandon_Nimmo,607043,hitter,TEX,HOU,2026,824193,54,140,117,0,678906.0,Kai-Wei_Teng,0.0,0.0,0.0,0.0,0.0,5.0,5.0,0.0,2.0,2.0,0.12195121951219512,0.0,0.0,0.0,0.0,10.0,3.0,8.5,2.2040816326530615,1.08,0.0,73.0,0,1.0,0.49999999999999994,-0.8660254037844387,-0.9749279121818236,-0.2225209339563146,0.5,1.5,0.5,0.5,0.5,0.5,1.5,0.5,0.5,0.5,synthetic,synthetic,synthetic,synthetic,synthetic,0.0,0.0,0.0,0.0,0.0,-110.0,-110.0,-110.0,-110.0,-110.0,-110.0,-110.0,-110.0,-110.0,-110.0,0.0,0.0,0.0,0.0,0.0,2026-08-07T03:26:40.888653+00:00,0.2048218703029394,-0.7292085509154979,-0.4109174853906024,-0.4766747270993048,-0.5,0.8,1.2,0.2,0.0,0.0,0.0,0.0,0.0,0.0,0.0,batter_pitcher_profile_network_v2,1.0,0.15,0.7156995005480246,0.0,0.53934902167743,0.1726417087542084,0.5413333333333334,0.0,32.0,4.8186178345349155,-0.00046601656079375115,0.026569789805567946,0.0026569789805567946,0.09613274410774386,0.1195833333333334,0.0,32.0,6.071231216690156,-0.014800866071709143,-0.018933016392592716,-0.0030292826228148348,0.4029109848484844,0.1039722222222223,0.0,32.0,5.890537014100596,-0.002511860888873643,0.00939792782757298,0.000469896391378649,-0.11633587962962955,-0.2866666666666666,0.0,32.0,5.699290746599725,-0.08150777068309736,-0.09098908397219209,-0.0022747270993048025,0.14439675925925916,0.09355555555555571,0.0,32.0,5.839357880996577,-0.05996498890304687,-0.041133092389069294,-0.0024679855433441577
2026-05-17,Brandon_Nimmo,607043,hitter,TEX,HOU,2026,824192,55,140,117,0,663567.0,Peter_Lambert,1.0,2.0,0.0,0.0,1.0,4.0,4.0,0.0,0.0,2.0,0.10810810810810811,0.3175,0.3175,0.25,21.25,49.35,2.67032967032967,6.362637362637362,2.525510204081633,1.08,0.0,73.0,0,1.0,0.49999999999999994,-0.8660254037844387,-0.7818314824680299,0.6234898018587334,0.5,1.5,0.5,0.5,0.5,0.5,1.5,0.5,0.5,0.5,synthetic,synthetic,synthetic,synthetic,synthetic,0.0,0.0,0.0,0.0,0.0,-110.0,-110.0,-110.0,-110.0,-110.0,-110.0,-110.0,-110.0,-110.0,-110.0,0.0,0.0,0.0,0.0,0.0,2026-08-07T03:26:40.888653+00:00,0.30081719167420506,-0.3042150027272177,-0.23813767056648122,-0.36118895089804753,-0.4482046855019813,0.8,1.2,0.2,0.0,0.0,0.0,0.0,0.0,0.0,0.0,batter_pitcher_profile_network_v2,1.0,0.3,0.8060725732522339,0.0,0.5753768329329804,0.11621763468013441,-0.3210610760951912,0.0,32.0,6.111347931653154,-0.020090640795279294,-0.007236006094444168,-0.0007236006094444168,0.04887718855218835,-0.4552670761186218,0.0,32.0,5.63499378207651,-0.021265031933168598,-0.03621285488294847,-0.0057940567812717544,0.3394943181818181,-0.26245885727042434,0.0,32.0,5.573768554548234,0.01719163216398045,-8.793973558302026e-05,-4.396986779151013e-06,-0.12667662037037045,-0.5372167029842934,0.0,32.0,5.110976423836062,-0.08336073224458734,-0.0965580359219026,-0.002413950898047565,0.08547268518518518,-0.36457639458385716,0.0,32.0,5.364756447853465,-0.07783886056743508,-0.06442218068663512,-0.003865330841198107
2026-05-18,Brandon_Nimmo,607043,hitter,TEX,COL,2026,824357,56,140,115,0,500779.0,Jose_Quintana,0.0,0.0,0.0,0.0,0.0,5.0,4.0,1.0,2.0,2.0,0.12195121951219512,0.13799999999999998,0.13799999999999998,0.0,0.0,16.56,3.0588235294117645,4.0588235294117645,2.627825745682889,1.0477777777777777,-7.0,44.0,0,1.0,0.49999999999999994,-0.8660254037844387,0.0,1.0,0.5,1.5,0.5,0.5,0.5,0.5,1.5,0.5,0.5,0.5,synthetic,synthetic,synthetic,synthetic,synthetic,0.0,0.0,0.0,0.0,0.0,-110.0,-110.0,-110.0,-110.0,-110.0,-110.0,-110.0,-110.0,-110.0,-110.0,0.0,0.0,0.0,0.0,0.0,2026-08-07T03:26:40.888653+00:00,0.43161650252248207,-0.2528416364477586,-0.31266417012159664,-0.4834186474832669,-0.1748056428940209,0.8,1.4,0.2,0.0,0.2,1.0,2.0,0.0,0.0,1.0,batter_pitcher_profile_network_v2,1.0,0.45,0.6780812518174797,1.0,0.6388707709935615,-0.04270366161616174,0.45947886529546955,0.01481481481481481,33.0,5.249354102903827,0.025500740165736047,0.01243023149494429,0.0012430231494944292,-0.1908867003367004,0.3403683825139755,0.059259259259259255,33.0,5.689393799127662,0.061453959811777176,0.14190186569744295,0.02270429851159087,0.13845265151515151,0.4697584597489373,-0.059259259259259255,33.0,5.461463407710113,0.06150367472702138,0.032720120177860565,0.0016360060088930284,-0.33273333333333344,0.2824278087434837,-0.024691358024691357,33.0,5.706870323482422,0.07241559760534319,0.05169854511376937,0.0012924636278442343,-0.200948611111111,0.40360522659775333,0.1111111111111111,33.0,5.536053905275716,0.008774033394848509,0.09980726125821858,0.005988435675493115
2026-05-19,Brandon_Nimmo,607043,hitter,TEX,COL,2026,824356,57,140,115,0,671111.0,Sammy_Peralta,3.0,6.0,3.0,1.0,3.0,5.0,4.0,0.0,1.0,3.0,0.10416666666666667,0.9199999999999999,0.9199999999999999,0.75,30.0,65.0,6.0,6.0,3.356397174254318,1.0477777777777777,0.0,51.0,0,1.0,0.49999999999999994,-0.8660254037844387,0.7818314824680298,0.6234898018587336,0.5,0.5,0.5,0.5,0.5,0.5,0.5,0.5,0.5,0.5,synthetic,synthetic,synthetic,synthetic,synthetic,0.0,0.0,0.0,0.0,0.0,-110.0,-110.0,-110.0,-110.0,-110.0,-110.0,-110.0,-110.0,-110.0,-110.0,0.0,0.0,0.0,0.0,0.0,2026-08-07T03:26:40.888653+00:00,-0.17901911302982731,1.0703637632730996,-0.005733008143371188,-0.2205993340488625,-0.08917065682849074,0.2,0.4,0.0,0.0,0.2,0.0,0.0,0.0,0.0,0.0,batter_pitcher_profile_network_v2,1.0,0.0,1.0,0.0,0.5,-0.14100239898989927,0.0,0.0,34.0,6.692089956659584,0.020985209687384022,0.0,0.0,-0.2632821548821551,0.0,0.0,34.0,6.60385365909572,0.055960124749027514,0.08394018712354127,0.013430429939766604,0.05553219696969683,0.0,0.0,34.0,6.300169704319485,0.048942662878257916,0.048942662878257916,0.002447133143912896,-0.3424222222222224,0.0,0.0,34.0,6.333823549468358,0.06447108248994564,0.06447108248994564,0.0016117770622486411,-0.24492916666666678,0.0,0.0,34.0,6.261704934535567,0.03354409908429691,0.025158074313222683,0.001509484458793361
2026-05-20,Brandon_Nimmo,607043,hitter,TEX,COL,2026,824355,58,140,115,0,607536.0,Kyle_Freeland,1.0,1.0,0.0,0.0,0.0,3.0,3.0,0.0,0.0,3.0,0.07142857142857142,0.2966666666666667,0.2966666666666667,0.0,0.0,35.6,13.481118881118881,9.700699300699302,4.162111459968604,1.0477777777777777,-9.0,55.0,0,1.0,0.49999999999999994,-0.8660254037844387,0.9749279121818236,-0.22252093395631434,0.5,1.5,0.5,0.5,0.5,0.5,1.5,0.5,0.5,0.5,synthetic,synthetic,synthetic,synthetic,synthetic,0.0,0.0,0.0,0.0,0.0,-110.0,-110.0,-110.0,-110.0,-110.0,-110.0,-110.0,-110.0,-110.0,-110.0,0.0,0.0,0.0,0.0,0.0,2026-08-07T03:26:40.888653+00:00,0.468165587425894,0.42941545022042904,0.4535698253252878,-0.24483082310200882,0.6113957230905194,0.8,1.6,0.6,0.2,0.8,3.0,6.0,3.0,1.0,3.0,batter_pitcher_profile_network_v2,1.0,0.5,0.6511266897757328,0.0,0.6351184902512363,0.0987619107744106,0.4206677667042389,0.0,34.0,5.697495257982475,-0.0017644238942084113,0.014494273954481853,0.0014494273954481854,-0.024102861952862074,0.4160946973530856,0.0,34.0,5.738482263141372,0.01971715369623216,0.02957573054434824,0.004732116887095719,0.2765170454545453,0.4610318130699712,0.0,34.0,5.782249277806378,-0.013523757012809777,0.030951713203818114,0.0015475856601909058,-0.18455185185185186,0.3961427742761625,0.0,34.0,5.723784897771147,-0.004788479635906753,-0.004788479635906753,-0.00011971199089766882,-0.032892129629629535,0.5057059583691165,0.0,34.0,5.561111511867378,-0.015774442398024235,-0.011830831798518175,-0.0007098499079110905
2026-05-22,Brandon_Nimmo,607043,hitter,TEX,LAA,2026,824029,59,140,108,0,680570.0,Grayson_Rodriguez,2.0,6.0,1.0,1.0,2.0,5.0,5.0,0.0,1.0,3.0,0.1282051282051282,0.674,0.674,0.8,30.0,65.0,9.327272727272728,8.287012987012986,6.914123376623378,1.08,9.0,69.0,0,2.0,0.49999999999999994,-0.8660254037844387,-0.433883739117558,-0.9009688679024191,0.5,1.5,0.5,0.5,0.5,0.5,1.5,0.5,0.5,0.5,synthetic,synthetic,synthetic,synthetic,synthetic,0.0,0.0,0.0,0.0,0.0,-110.0,-110.0,-110.0,-110.0,-110.0,-110.0,-110.0,-110.0,-110.0,-110.0,0.0,0.0,0.0,0.0,0.0,2026-08-07T03:26:40.888653+00:00,0.6679994075187579,1.0587986885922684,0.4499593759290864,-0.06019066905210918,0.4482530058704993,1.0,1.8,0.6,0.2,0.8,1.0,1.0,0.0,0.0,0.0,batter_pitcher_profile_network_v2,1.0,0.2,0.7421508802709933,0.0,0.5518173034333607,0.08542640479219687,0.11663650901337458,0.0,35.0,6.863569913407486,-0.010448526732921746,0.002569166762669387,0.0002569166762669387,-0.05135739680520208,-0.04913944078309754,0.0,35.0,6.894645079176393,0.012303353839291846,0.01780430370167495,0.0028486885922679923,0.26080764949109425,0.4451045503004459,0.0,35.0,6.160868663265465,-0.004637934880165678,0.025294911189119064,0.0012647455594559532,-0.2518840277777778,-0.1497457840666796,0.0,35.0,6.537469482631924,-0.021901061694383325,-0.031626762084365954,-0.000790669052109149,-0.06685624999999992,0.3049273114944757,0.0,35.0,6.363472842182673,-0.031608749553341434,-0.023706562165006075,-0.0014223937299003644
2026-05-23,Brandon_Nimmo,607043,hitter,TEX,LAA,2026,824030,60,140,108,0,700712.0,Walbert_Ureña,1.0,2.0,0.0,0.0,0.0,5.0,5.0,0.0,1.0,2.0,0.125,0.254,0.254,0.2,17.0,39.480000000000004,1.7000000000000002,6.8999999999999995,7.685551948051949,1.08,0.0,68.0,0,1.0,0.49999999999999994,-0.8660254037844387,-0.9749279121818236,-0.2225209339563146,1.5,2.5,0.5,0.5,1.5,1.5,2.5,0.5,0.5,1.5,synthetic,synthetic,synthetic,synthetic,synthetic,0.0,0.0,0.0,0.0,0.0,-110.0,-110.0,-110.0,-110.0,-110.0,-110.0,-110.0,-110.0,-110.0,-110.0,0.0,0.0,0.0,0.0,0.0,2026-08-07T03:26:40.888653+00:00,0.16818916994241717,0.5811644532498152,0.5290570912082395,-0.0037182965127609546,-0.05354865870939518,1.4,3.0,0.8,0.4,1.2,2.0,6.0,1.0,1.0,2.0,batter_pitcher_profile_network_v2,1.0,0.35,0.7024752981604475,0.0,0.5923813715913708,0.1801739478114473,-0.44452096495054244,0.0,36.0,6.4197860622449126,-0.030968657271652402,-0.023829079796608872,-0.002382907979660887,0.08266102693602652,-0.4584895861181072,0.0,36.0,6.2530359122478885,-0.018672475366583962,-0.039284667188657196,-0.006285546750185151,0.3499753787878783,-0.2367527818425705,0.0,36.0,6.29432907919162,0.0012420720891509697,-0.023410123887159445,-0.0011705061943579722,-0.09172662037037047,-0.4206814875265579,0.0,36.0,6.09749471210757,-0.06125106922028366,-0.07273186051043741,-0.0018182965127609353,0.08435324074074046,-0.3741735564904578,0.0,36.0,5.9481062994074465,-0.07695142683808023,-0.06710426853321207,-0.004026256111992724
2026-05-24,Brandon_Nimmo,607043,hitter,TEX,LAA,2026,824028,61,140,108,0,672282.0,Reid_Detmers,0.0,0.0,0.0,0.0,0.0,4.0,3.0,1.0,2.0,3.0,0.12903225806451613,0.1725,0.1725,0.0,0.0,20.7,6.930481283422459,9.866310160427807,5.201785714285715,1.08,6.0,73.0,0,1.0,0.49999999999999994,-0.8660254037844387,-0.7818314824680299,0.6234898018587334,1.5,2.5,0.5,0.5,0.5,1.5,2.5,0.5,0.5,0.5,synthetic,synthetic,synthetic,synthetic,synthetic,0.0,0.0,0.0,0.0,0.0,-110.0,-110.0,-110.0,-110.0,-110.0,-110.0,-110.0,-110.0,-110.0,-110.0,0.0,0.0,0.0,0.0,0.0,2026-08-07T03:26:40.888653+00:00,-0.18832574432141636,-0.25114241521642766,0.21592716090352182,-0.19627415385796682,0.34825079264437553,1.4,3.0,0.8,0.4,1.0,1.0,2.0,0.0,0.0,0.0,batter_pitcher_profile_network_v2,1.0,0.6,0.5941116268232371,0.0,0.6663327954284921,0.12506734874187142,-0.09700251111293473,0.0,37.0,7.308045449575856,-0.03152363168798966,-0.0049241755962687525,-0.0004924175596268753,0.05601835595137103,-0.24020034659571565,0.0,37.0,7.044943402001186,-0.022695015483247736,-0.03950400639299383,-0.006320641022879013,0.29900493002544504,-0.002168487326132014,0.0,37.0,6.899258190102493,-0.0070922261277309466,-0.007355399441085229,-0.0003677699720542615,-0.044349768518518594,-0.3698244240864905,0.0,37.0,6.466235843657637,-0.06830892437435955,-0.07496615431867107,-0.0018741538579667768,0.07724398148148126,-0.04532116260288478,0.0,37.0,6.8169380808258,-0.049892729517195665,-0.03884047589635558,-0.002330428553781335
2026-05-25,Brandon_Nimmo,607043,hitter,TEX,HOU,2026,822899,62,140,117,1,837227.0,Tatsuya_Imai,0.0,0.0,0.0,0.0,0.0,4.0,2.0,2.0,1.0,3.0,0.13333333333333333,0.345,0.345,0.0,0.0,41.4,33.42857142857143,5.464285714285714,3.7285714285714286,1.08,0.0,74.0,0,1.0,0.49999999999999994,-0.8660254037844387,0.0,1.0,1.5,2.5,0.5,0.5,0.5,1.5,2.5,0.5,0.5,0.5,synthetic,synthetic,synthetic,synthetic,synthetic,0.0,0.0,0.0,0.0,0.0,-110.0,-110.0,-110.0,-110.0,-110.0,-110.0,-110.0,-110.0,-110.0,-110.0,0.0,0.0,0.0,0.0,0.0,2026-08-07T03:26:40.888653+00:00,-0.15575142242255025,-0.4437121722990529,0.24541266235583437,-0.19413219452812774,0.3332874930846915,1.4,3.0,0.8,0.4,1.0,0.0,0.0,0.0,0.0,0.0,batter_pitcher_profile_network_v2,1.0,0.4,0.7603077650307344,0.0,0.602744919513494,0.046936200142449994,-0.07110411140583553,0.0,38.0,7.734904736839819,-0.038112906233020355,-0.0007999385112155634,-7.999385112155635e-05,-0.06022802706552719,0.05395722811671089,0.0,38.0,7.561893939259882,-0.005050717912721613,-0.00757607686908242,-0.0012121722990531872,0.21472035256410246,0.6624353448275861,0.0,38.0,5.983150493439041,0.015588390345510664,0.049681818545259965,0.0024840909272629986,-0.19825717592592607,0.26311671087533156,0.0,38.0,6.929397880077693,0.010712218874890952,0.010712218874890952,0.0002678054718722738,-0.06288217592592607,0.5419827586206897,0.0,38.0,6.325428436107838,-0.009801740975110057,-0.007351305731332542,-0.00044107834387995253
2026-05-26,Brandon_Nimmo,607043,hitter,TEX,HOU,2026,822898,63,140,117,1,669920.0,Jason_Alexander,1.0,1.0,1.0,0.0,0.0,4.0,4.0,0.0,0.0,3.0,0.11428571428571428,0.2225,0.2225,0.0,0.0,26.7,10.961538461538462,6.961538461538463,2.442857142857143,1.08,0.0,74.0,0,1.0,0.49999999999999994,-0.8660254037844387,0.7818314824680298,0.6234898018587336,0.5,1.5,0.5,0.5,0.5,0.5,1.5,0.5,0.5,0.5,synthetic,synthetic,synthetic,synthetic,synthetic,0.0,0.0,0.0,0.0,0.0,-110.0,-110.0,-110.0,-110.0,-110.0,-110.0,-110.0,-110.0,-110.0,-110.0,0.0,0.0,0.0,0.0,0.0,2026-08-07T03:26:40.888653+00:00,0.28074399116136073,-0.2658361906368567,-0.2994450047490483,-0.3355809380458133,-0.20063048455735094,0.8,1.8,0.2,0.2,0.4,0.0,0.0,0.0,0.0,0.0,batter_pitcher_profile_network_v2,1.0,0.15,0.6390625000000001,0.0,0.5407572265625,0.10238634259259245,-0.3499848484848486,0.0,39.0,7.558155290646003,-0.035908663914629026,-0.012933714760018792,-0.0012933714760018792,-0.01706990740740751,-0.4817462121212122,0.0,39.0,6.992580285483361,-0.012234547541868403,-0.021319941480355428,-0.0034111906368568686,0.25528124999999974,-0.6446130952380952,0.0,39.0,5.4474302080187895,0.00513778416506488,-0.05425723783810887,-0.0027128618919054436,-0.18951643518518516,-0.5494545454545454,0.0,39.0,6.447243066208998,-0.009652859302149333,-0.047237521832531264,-0.0011809380458132816,-0.030460879629629692,-0.7167857142857144,0.0,39.0,5.252367186665959,-0.05445557327502432,-0.048722361670135446,-0.0029233417002081266
2026-05-27,Brandon_Nimmo,607043,hitter,TEX,HOU,2026,822897,64,140,117,1,681347.0,Mike_Burrows,1.0,1.0,0.0,0.0,1.0,4.0,4.0,0.0,1.0,3.0,0.11428571428571428,0.2225,0.2225,0.0,0.0,26.7,5.705882352941177,5.689075630252101,1.9285714285714286,1.08,0.0,74.0,0,1.0,0.49999999999999994,-0.8660254037844387,0.9749279121818236,-0.22252093395631434,0.5,1.5,0.5,0.5,0.5,0.5,1.5,0.5,0.5,0.5,synthetic,synthetic,synthetic,synthetic,synthetic,0.0,0.0,0.0,0.0,0.0,-110.0,-110.0,-110.0,-110.0,-110.0,-110.0,-110.0,-110.0,-110.0,-110.0,0.0,0.0,0.0,0.0,0.0,2026-08-07T03:26:40.888653+00:00,0.4656116147200652,-0.11865839184165328,-0.05470707555133808,-0.3342777673052849,-0.22460409769318318,0.8,1.8,0.4,0.2,0.4,1.0,1.0,1.0,0.0,0.0,batter_pitcher_profile_network_v2,1.0,0.65,0.5670176585452907,0.0,0.6823512189383312,0.041899074074073825,0.2880342776096452,0.0,39.0,7.335147383247941,-0.011929050143006126,0.005225390898129038,0.0005225390898129038,-0.08475740740740761,0.3060492056962645,0.0,39.0,7.226607554971483,0.015694200659776655,0.023541300989664983,0.0037666081583463975,0.1874166666666664,0.24859085277467635,0.0,39.0,7.444905102775725,-0.02538561675838907,-0.005212939598192721,-0.00026064697990963603,-0.2659412037037038,0.30709087236293126,0.0,39.0,7.0593806881167795,0.00488930778860281,0.00488930778860281,0.00012223269471507025,-0.11678148148148164,0.288382519441343,0.0,39.0,7.285390852493105,-0.02628153603899167,-0.019711152029243752,-0.0011826691217546252
2026-05-28,Brandon_Nimmo,607043,hitter,TEX,HOU,2026,822896,65,140,117,1,681293.0,Spencer_Arrighetti,0.0,0.0,0.0,0.0,0.0,4.0,3.0,0.0,0.0,3.0,0.1111111111111111,0.18,0.18,0.0,0.0,21.599999999999998,0.5294117647058824,7.692513368983957,2.5714285714285716,1.08,0.0,74.0,0,1.0,0.49999999999999994,-0.8660254037844387,0.43388373911755823,-0.900968867902419,0.5,0.5,0.5,0.5,0.5,0.5,0.5,0.5,0.5,0.5,synthetic,synthetic,synthetic,synthetic,synthetic,0.0,0.0,0.0,0.0,0.0,-110.0,-110.0,-110.0,-110.0,-110.0,-110.0,-110.0,-110.0,-110.0,-110.0,0.0,0.0,0.0,0.0,0.0,2026-08-07T03:26:40.888653+00:00,0.23994024536237057,0.22070803819590412,-0.32373872277330584,-0.47752595021514815,-0.19012209057263335,0.6,0.8,0.2,0.0,0.2,1.0,1.0,0.0,0.0,1.0,batter_pitcher_profile_network_v2,1.0,0.35,0.6131086637631096,1.0,0.6149629660411567,0.07499575860309116,-0.6751697162235184,-0.09999999999999999,39.0,6.2479550272727185,-0.017751764861400874,-0.10024562378907856,-0.010024562378907857,-0.05599696340040837,-0.7107707615196855,-0.09876543209876543,39.0,5.972078644448648,0.0038918374899929507,-0.08922059460893217,-0.014275295137429147,0.21711113845144342,-0.41195823784059066,-0.07407407407407407,39.0,6.6064868898329685,-0.02685442111690623,-0.12120302689468895,-0.006060151344734448,-0.25975601851851854,-0.7036279043768284,-0.04938271604938271,39.0,5.800941217382663,-0.014495423098905974,-0.12503800860592715,-0.003125950215148179,-0.08314837962962969,-0.6105296664120193,-0.059259259259259255,39.0,5.800812948073114,-0.05142255872554344,-0.10600309684547782,-0.006360185810728669
2026-05-29,Brandon_Nimmo,607043,hitter,TEX,KC,2026,822894,66,140,118,1,663568.0,Stephen_Kolek,1.0,4.0,1.0,1.0,2.0,4.0,4.0,0.0,2.0,3.0,0.10526315789473684,0.525,0.525,0.75,30.0,65.0,3.214285714285714,5.944862155388471,8.514795918367346,1.08,0.0,74.0,0,1.0,0.49999999999999994,-0.8660254037844387,-0.433883739117558,-0.9009688679024191,0.5,0.5,0.5,0.5,0.5,0.5,0.5,0.5,0.5,0.5,synthetic,synthetic,synthetic,synthetic,synthetic,0.0,0.0,0.0,0.0,0.0,-110.0,-110.0,-110.0,-110.0,-110.0,-110.0,-110.0,-110.0,-110.0,-110.0,0.0,0.0,0.0,0.0,0.0,2026-08-07T03:26:40.888653+00:00,0.2904279449444188,0.897496404943849,0.16064192677559963,-0.21211475161783805,0.04781165096764928,0.4,0.4,0.2,0.0,0.2,0.0,0.0,0.0,0.0,0.0,batter_pitcher_profile_network_v2,1.0,0.2,0.8796258414898013,0.0,0.5484491668834999,0.07419345654709819,-0.06452389214795229,0.0,41.0,8.574260522632555,-0.02648123899319881,-0.0005762612611475269,-5.7626126114752695e-05,-0.07856886847477408,0.007581092153460631,0.0,41.0,8.43397638973,0.006870985511651229,0.010306478267476844,0.001649036522796295,0.20268159448818884,-0.21072277419739818,0.0,41.0,7.734322422137311,-0.019447826287671385,-0.024588961802722492,-0.0012294480901361246,-0.3322733796296296,0.17473670439835862,0.0,41.0,7.949075813071893,-0.008590064713523858,-0.008590064713523858,-0.00021475161783809644,-0.1393115740740741,-0.1934055973266499,0.0,41.0,7.769701105370369,-0.044955990409092705,-0.0369603105821446,-0.002217618634928676
2026-05-30,Brandon_Nimmo,607043,hitter,TEX,KC,2026,822893,67,140,118,1,607625.0,Seth_Lugo,1.0,1.0,1.0,0.0,0.0,5.0,5.0,0.0,1.0,3.0,0.12195121951219512,0.178,0.178,0.0,0.0,21.36,5.421052631578948,6.321052631578947,8.882142857142856,1.08,0.0,74.0,0,1.0,0.49999999999999994,-0.8660254037844387,-0.9749279121818236,-0.2225209339563146,0.5,1.5,0.5,0.5,0.5,0.5,1.5,0.5,0.5,0.5,synthetic,synthetic,synthetic,synthetic,synthetic,0.0,0.0,0.0,0.0,0.0,-110.0,-110.0,-110.0,-110.0,-110.0,-110.0,-110.0,-110.0,-110.0,-110.0,0.0,0.0,0.0,0.0,0.0,2026-08-07T03:26:40.888653+00:00,0.5883952292339445,-0.08850987909117558,0.2805555112166481,-0.23873715934595613,0.5687493391475056,0.6,1.2,0.4,0.2,0.6,1.0,4.0,1.0,1.0,2.0,batter_pitcher_profile_network_v2,1.0,0.6,0.5615029302720798,1.0,0.6874795346250022,0.012354100529100527,0.08863891086225728,0.018518518518518514,42.0,8.559899517142693,-0.007049231183021729,0.01493853844250885,0.0014938538442508852,-0.09594325396825396,-0.11505626783050514,-0.022222222222222227,42.0,8.536913439055626,0.004666152274038023,-0.015191317490578147,-0.0024306107984925036,0.14076785714285708,-0.06639220170733992,0.1111111111111111,42.0,8.165462156400368,-0.03985538282329974,0.04279663548278717,0.0021398317741393585,-0.27775949074074063,-0.33266505622640946,-0.07407407407407408,42.0,7.788985514887201,-0.0751354183448691,-0.17348637383824453,-0.004337159345956114,-0.13377685185185179,-0.10282493777104866,-0.07407407407407407,42.0,8.059975165045552,-0.07423386710395402,-0.11954063093297813,-0.0071724378559786875
2026-05-31,Brandon_Nimmo,607043,hitter,TEX,KC,2026,822895,68,140,118,1,608379.0,Michael_Wacha,0.0,0.0,0.0,0.0,0.0,4.0,4.0,0.0,3.0,3.0,0.10526315789473684,0.0,0.0,0.0,0.0,10.0,2.857142857142857,8.642857142857142,10.596428571428572,1.08,0.0,74.0,0,1.0,0.49999999999999994,-0.8660254037844387,-0.7818314824680299,0.6234898018587334,0.5,1.5,0.5,0.5,0.5,0.5,1.5,0.5,0.5,0.5,synthetic,synthetic,synthetic,synthetic,synthetic,0.0,0.0,0.0,0.0,0.0,-110.0,-110.0,-110.0,-110.0,-110.0,-110.0,-110.0,-110.0,-110.0,-110.0,0.0,0.0,0.0,0.0,0.0,2026-08-07T03:26:40.888653+00:00,0.6525298321129434,-0.46381474738820794,0.3733353691144452,-0.33256104557830657,0.27388917331259,0.8,1.4,0.6,0.2,0.6,1.0,1.0,1.0,0.0,0.0,batter_pitcher_profile_network_v2,1.0,0.7,0.4925413524339335,2.0,0.7402645790287902,0.048144138232720866,-0.1274400611405303,0.02666666666666666,43.0,9.073241814403195,-0.02382287473528957,0.016787042933942477,0.0016787042933942477,-0.06678816710411199,-0.03993716078849993,0.15555555555555556,43.0,8.99162564287227,-0.007372475923160594,0.10367427619212141,0.016587884190739425,0.17372572178477688,0.03297729694287364,0.053333333333333344,43.0,8.700413242090764,-0.04006110380262939,0.002647231912963399,0.00013236159564816998,-0.2735520833333333,0.0921035018621025,0.2,43.0,8.552102119825406,-0.07569595837565465,0.07355817686773869,0.0018389544216934673,-0.10611111111111107,0.006850288910745111,0.2,43.0,8.604841533714662,-0.08171060128117502,0.08797118428251208,0.005278271056950725
2026-06-01,Brandon_Nimmo,607043,hitter,TEX,STL,2026,823050,69,140,138,0,700241.0,Michael_McGreevy,1.0,1.0,1.0,0.0,0.0,4.0,3.0,0.0,0.0,3.0,0.1111111111111111,0.40249999999999997,0.40249999999999997,0.0,0.0,48.3,6.05,6.6000000000000005,2.448812615955474,1.08,0.0,81.0,0,1.0,1.2246467991473532e-16,-1.0,0.0,1.0,0.5,1.5,0.5,0.5,0.5,0.5,1.5,0.5,0.5,0.5,synthetic,synthetic,synthetic,synthetic,synthetic,0.0,0.0,0.0,0.0,0.0,-110.0,-110.0,-110.0,-110.0,-110.0,-110.0,-110.0,-110.0,-110.0,-110.0,0.0,0.0,0.0,0.0,0.0,2026-08-07T03:26:40.888653+00:00,0.19226648102732702,-0.5634790166474968,-0.07664105662827242,-0.3366542160532741,-0.015012796381510707,0.6,1.2,0.4,0.2,0.6,0.0,0.0,0.0,0.0,0.0,batter_pitcher_profile_network_v2,1.0,0.7,0.5430528204937709,0.0,0.6984332206426591,-0.04043853893263341,-0.04655391523278021,0.0,44.0,9.634711023541675,-0.04245738186413326,-0.0008602361089193711,-8.602361089193712e-05,-0.12584328521434812,0.02135508806077876,0.0,44.0,9.486959574901555,-0.027447291586791475,-0.04117093738018721,-0.006587349980829954,0.11467060367454081,-0.2093243386395653,0.0,44.0,8.774884776914764,-0.05316548622769316,-0.06413374852092193,-0.003206687426046097,-0.2735520833333332,0.10341844422516237,0.0,44.0,9.063425683159734,-0.09016864213096402,-0.09016864213096402,-0.0022542160532741007,-0.10611111111111074,-0.16674157608248766,0.0,44.0,8.885138476636556,-0.07522231528529272,-0.06450156409918471,-0.003870093845951083
2026-06-02,Brandon_Nimmo,607043,hitter,TEX,STL,2026,823052,70,140,138,0,669160.0,Dustin_May,0.0,0.0,0.0,0.0,1.0,5.0,4.0,0.0,4.0,3.0,0.125,0.0,0.0,0.0,0.0,10.0,4.178571428571429,9.294642857142856,2.2945269016697596,1.08,-8.0,77.0,0,1.0,1.2246467991473532e-16,-1.0,0.7818314824680298,0.6234898018587336,0.5,1.5,0.5,0.5,0.5,0.5,1.5,0.5,0.5,0.5,synthetic,synthetic,synthetic,synthetic,synthetic,0.0,0.0,0.0,0.0,0.0,-110.0,-110.0,-110.0,-110.0,-110.0,-110.0,-110.0,-110.0,-110.0,-110.0,0.0,0.0,0.0,0.0,0.0,2026-08-07T03:26:40.888653+00:00,0.19306368364700743,-0.5933559148152363,-0.02076454268749145,-0.33871245666195027,-0.2642888139633602,0.6,1.2,0.6,0.2,0.4,1.0,1.0,1.0,0.0,0.0,batter_pitcher_profile_network_v2,1.0,0.7,0.5114653266233602,0.0,0.7011418482420468,0.025713392857143122,-0.10766662297330011,0.0,45.0,10.125378724187458,-0.039921809865933876,-0.0013524956264026296,-0.00013524956264026296,-0.07467440476190455,-0.28955682593803717,0.0,45.0,9.631252942257456,-0.03673242308101492,-0.06566196759522634,-0.010505914815236215,0.16822073412698435,-0.3663554773383966,0.0,45.0,8.667026843450834,-0.04471005362823026,-0.0748177554195876,-0.00374088777097938,-0.2635743055555555,-0.46544520386445853,0.0,45.0,8.550178307809986,-0.11256512763612528,-0.1724982664780098,-0.004312456661950246,-0.06589374999999988,-0.3836192733250186,0.0,45.0,8.647895589486643,-0.09498233291259495,-0.08358598411413748,-0.005015159046848248
2026-06-03,Brandon_Nimmo,607043,hitter,TEX,STL,2026,823051,71,140,138,0,669467.0,Andre_Pallante,1.0,1.0,0.0,0.0,0.0,4.0,4.0,0.0,0.0,3.0,0.10526315789473684,0.2225,0.2225,0.0,0.0,26.7,4.95,7.6499999999999995,2.9802411873840455,1.08,-6.0,79.0,0,1.0,1.2246467991473532e-16,-1.0,0.9749279121818236,-0.22252093395631434,0.5,1.5,0.5,0.5,0.5,0.5,1.5,0.5,0.5,0.5,synthetic,synthetic,synthetic,synthetic,synthetic,0.0,0.0,0.0,0.0,0.0,-110.0,-110.0,-110.0,-110.0,-110.0,-110.0,-110.0,-110.0,-110.0,-110.0,0.0,0.0,0.0,0.0,0.0,2026-08-07T03:26:40.888653+00:00,0.14317982293395848,-0.6530644235433055,-0.028810695952506293,-0.3372458616790039,0.11106570268369498,0.6,1.2,0.6,0.2,0.6,0.0,0.0,0.0,0.0,1.0,batter_pitcher_profile_network_v2,1.0,0.6,0.5840006404746859,0.0,0.6670759529251106,-0.12493695683872846,0.13118645982671567,0.0,46.0,10.396364529364071,-0.035064148604023196,0.0,0.0,-0.18180395888013992,0.10832440550395811,0.0,46.0,10.31874320010086,-0.036611633184825895,-0.05491744977723884,-0.008786791964358215,0.04765715223097132,0.07829768694550075,0.0,46.0,10.150351241608334,-0.07313896402265867,-0.07158668538153921,-0.003579334269076961,-0.26975949074074074,0.10270415835566914,0.0,46.0,9.965461877827487,-0.1138344671601556,-0.1138344671601556,-0.0028458616790038903,-0.10702685185185161,0.08134822560202801,0.0,46.0,10.050245750242764,-0.07746289710484366,-0.05809717282863275,-0.0034858303697179647
2026-06-05,Brandon_Nimmo,607043,hitter,TEX,CLE,2026,822892,72,140,114,1,800048.0,Parker_Messick,0.0,0.0,0.0,0.0,0.0,3.0,3.0,0.0,1.0,4.0,0.1,0.0,0.0,0.0,0.0,10.0,1.8,9.176470588235295,5.493506493506494,1.08,0.0,74.0,0,2.0,1.2246467991473532e-16,-1.0,-0.433883739117558,-0.9009688679024191,0.5,0.5,0.5,0.5,0.5,0.5,0.5,0.5,0.5,0.5,synthetic,synthetic,synthetic,synthetic,synthetic,0.0,0.0,0.0,0.0,0.0,-110.0,-110.0,-110.0,-110.0,-110.0,-110.0,-110.0,-110.0,-110.0,-110.0,0.0,0.0,0.0,0.0,0.0,2026-08-07T03:26:40.888653+00:00,0.27327041615610737,0.0029810656618698417,-0.1704800314534603,-0.4787443731249202,-0.2709415221637229,0.6,0.6,0.4,0.0,0.2,1.0,1.0,0.0,0.0,0.0,batter_pitcher_profile_network_v2,1.0,0.75,0.4197041152247756,0.0,0.7239396844137237,-0.15500750661375648,-0.3386666795747198,0.0,47.0,10.435811503587203,-0.026820485705392416,-0.030463141723877853,-0.0030463141723877855,-0.21058710317460305,-0.28559599239591693,0.0,47.0,10.534809163716512,-0.03868680085930188,-0.09293083961331325,-0.01486893433813012,0.006613591269841429,-0.3323836186171074,0.0,47.0,9.706499262652281,-0.07683148749614326,-0.07810712257570052,-0.003905356128785026,-0.28209282407407404,-0.24923745946178516,0.0,47.0,10.239350097914201,-0.13297542459411527,-0.17377492499680758,-0.00434437312492019,-0.1623289351851851,-0.33330801981471225,0.0,47.0,9.745722378089443,-0.09628919217542241,-0.10361411398412715,-0.006216846839047629
2026-06-06,Brandon_Nimmo,607043,hitter,TEX,CLE,2026,822891,73,140,114,1,676440.0,Tanner_Bibee,0.0,0.0,0.0,0.0,0.0,3.0,2.0,1.0,0.0,4.0,0.1,0.22999999999999998,0.22999999999999998,0.0,0.0,27.599999999999998,8.875,7.375,4.850649350649351,1.08,0.0,74.0,0,1.0,1.2246467991473532e-16,-1.0,-0.9749279121818236,-0.2225209339563146,0.5,0.5,0.5,0.5,0.5,0.5,0.5,0.5,0.5,0.5,synthetic,synthetic,synthetic,synthetic,synthetic,0.0,0.0,0.0,0.0,0.0,-110.0,-110.0,-110.0,-110.0,-110.0,-110.0,-110.0,-110.0,-110.0,-110.0,0.0,0.0,0.0,0.0,0.0,2026-08-07T03:26:40.888653+00:00,0.06467597402597414,-0.14584131500242448,-0.2047755188040603,-0.4771314524356738,-0.23117285974788088,0.4,0.4,0.2,0.0,0.2,0.0,0.0,0.0,0.0,0.0,batter_pitcher_profile_network_v2,1.0,0.85,0.4639950247629083,0.0,0.7491865180465622,-0.2812786706349208,0.4620660912160001,0.0,48.0,9.51029032682585,0.003522228467629358,0.0,0.0,-0.3110394841269842,0.5363829921142904,0.0,48.0,8.90349465491466,-0.013297145843435658,-0.019945718765153487,-0.003191315002424558,-0.11614434523809522,0.5197408247034292,0.0,48.0,9.398051810697629,-0.0911597267305568,-0.0911597267305568,-0.00455798633652784,-0.30179652777777777,0.6177921744199204,0.0,48.0,8.2732763244186,-0.10925809742695297,-0.10925809742695297,-0.0027314524356738244,-0.2613381944444443,0.6115197567856454,0.0,48.0,8.621303903601326,-0.07345171734107746,-0.05508878800580809,-0.003305327280348485
2026-06-07,Brandon_Nimmo,607043,hitter,TEX,CLE,2026,822890,74,140,114,1,676282.0,Joey_Cantillo,1.0,2.0,1.0,0.0,0.0,4.0,3.0,1.0,0.0,3.0,0.09523809523809523,0.49,0.49,0.3333333333333333,28.333333333333332,65.0,9.0,7.676470588235294,4.850649350649351,1.08,0.0,74.0,0,1.0,1.2246467991473532e-16,-1.0,-0.7818314824680299,0.6234898018587334,0.5,0.5,0.5,0.5,0.5,0.5,0.5,0.5,0.5,0.5,synthetic,synthetic,synthetic,synthetic,synthetic,0.0,0.0,0.0,0.0,0.0,-110.0,-110.0,-110.0,-110.0,-110.0,-110.0,-110.0,-110.0,-110.0,-110.0,0.0,0.0,0.0,0.0,0.0,2026-08-07T03:26:40.888653+00:00,0.04260244461420937,0.36135376962417454,-0.055880489075612216,-0.3238599218112196,-0.16023864366253698,0.4,0.4,0.2,0.0,0.2,0.0,0.0,0.0,0.0,0.0,batter_pitcher_profile_network_v2,1.0,0.75,0.4962125100843327,0.0,0.7169104756360019,-0.3816583002645506,0.0667438298658113,0.0,49.0,12.050747773085321,-0.0031320704636796123,0.0,0.0,-0.3955950396825399,0.11832576572893912,0.0,49.0,11.79026532722002,-0.03248429323260585,-0.04872643984890877,-0.007796230375825404,-0.23156101190476222,0.3930991353780571,0.0,49.0,10.75648353441917,-0.05325913216159467,-0.05325913216159467,-0.0026629566080797334,-0.3156483796296296,0.21631608559425897,0.0,49.0,11.148702699376269,-0.1450635391154512,-0.1450635391154512,-0.00362658847788628,-0.36421782407407416,0.31388266511992013,0.0,49.0,10.929226941718447,-0.10602469322232413,-0.07951851991674311,-0.004771111195004586
2026-06-09,Brandon_Nimmo,607043,hitter,TEX,KC,2026,824105,75,140,118,0,663568.0,Stephen_Kolek,2.0,2.0,0.0,0.0,0.0,4.0,4.0,0.0,1.0,4.0,0.10810810810810811,0.445,0.445,0.0,0.0,53.4,3.2571428571428576,7.095238095238095,3.7806122448979593,1.06,0.0,91.0,0,2.0,1.2246467991473532e-16,-1.0,0.7818314824680298,0.6234898018587336,0.5,0.5,0.5,0.5,0.5,0.5,0.5,0.5,0.5,0.5,synthetic,synthetic,synthetic,synthetic,synthetic,0.0,0.0,0.0,0.0,0.0,-110.0,-110.0,-110.0,-110.0,-110.0,-110.0,-110.0,-110.0,-110.0,-110.0,0.0,0.0,0.0,0.0,0.0,2026-08-07T03:26:40.888653+00:00,0.26036141518174094,0.36356217252052403,0.016432808281976352,-0.4829898628121147,-0.20809011740617722,0.4,0.6,0.2,0.0,0.2,1.0,2.0,1.0,0.0,0.0,batter_pitcher_profile_network_v2,1.0,0.3,0.8048431589842633,1.0,0.5941720139073283,-0.26893888888888895,-0.030769405336607786,0.03333333333333334,49.0,12.592265474681746,-0.00016112331304597296,0.028465778954748368,0.002846577895474837,-0.288687962962963,0.041463103368039794,0.1111111111111111,49.0,12.384438419002128,-0.04097888264838531,0.03880074041543666,0.006208118466469866,-0.14172222222222233,-0.11514039129329659,0.1111111111111111,49.0,11.79758172126709,-0.06336490798287166,0.033719596417241135,0.001685979820862057,-0.21847708333333327,0.17193709665663043,0.1111111111111111,49.0,11.733121964045704,-0.1878635768726028,-0.08759451248458817,-0.0021898628121147044,-0.2832444444444444,-0.08315912731119368,0.1111111111111111,49.0,11.8117128152922,-0.1443600215678787,-0.012597746436839821,-0.0007558647862103893
2026-06-10,Brandon_Nimmo,607043,hitter,TEX,KC,2026,824103,76,140,118,0,607625.0,Seth_Lugo,2.0,2.0,1.0,0.0,0.0,6.0,6.0,0.0,0.0,4.0,0.12244897959183673,0.2966666666666667,0.2966666666666667,0.0,0.0,35.6,4.921052631578948,6.821052631578947,3.7806122448979593,1.06,12.0,88.0,0,1.0,1.2246467991473532e-16,-1.0,0.9749279121818236,-0.22252093395631434,0.5,0.5,0.5,0.5,0.5,0.5,0.5,0.5,0.5,0.5,synthetic,synthetic,synthetic,synthetic,synthetic,0.0,0.0,0.0,0.0,0.0,-110.0,-110.0,-110.0,-110.0,-110.0,-110.0,-110.0,-110.0,-110.0,-110.0,0.0,0.0,0.0,0.0,0.0,2026-08-07T03:26:40.888653+00:00,0.6937673657985364,0.5381991205239733,-0.18399819053577965,-0.4875232500174602,-0.38237610328726435,0.8,1.0,0.2,0.0,0.0,2.0,2.0,0.0,0.0,0.0,batter_pitcher_profile_network_v2,1.0,0.7,0.48378896352809425,2.0,0.7410150963774659,-0.2434486111111112,0.1294074281587924,0.04666666666666666,50.0,12.211792743159952,-0.023772787667945505,0.0346217424823222,0.00346217424823222,-0.26637407407407415,0.01951669325702187,-0.03555555555555555,50.0,12.272908653236575,-0.04935254131782053,-0.10040728243945246,-0.016065165190312394,-0.12281250000000016,0.008569583389768945,0.2,50.0,11.877416703350507,-0.05300257101398015,0.09537632533882928,0.004768816266941464,-0.21096597222222213,-0.10338469970485496,-0.13333333333333336,50.0,11.762772619520463,-0.15875183631775147,-0.26893000069840844,-0.006723250017460211,-0.2560875,0.008360028160052435,-0.13333333333333333,50.0,11.783425196340612,-0.12159021506777622,-0.19011192553603845,-0.011406715532162307
2026-06-11,Brandon_Nimmo,607043,hitter,TEX,KC,2026,824101,77,140,118,0,608379.0,Michael_Wacha,2.0,4.0,0.0,0.0,1.0,4.0,4.0,0.0,0.0,4.0,0.10810810810810811,0.635,0.635,0.5,30.0,65.0,6.574789915966387,6.201680672268908,3.4499999999999997,1.06,0.0,84.0,0,1.0,1.2246467991473532e-16,-1.0,0.43388373911755823,-0.900968867902419,0.5,1.5,0.5,0.5,0.5,0.5,1.5,0.5,0.5,0.5,synthetic,synthetic,synthetic,synthetic,synthetic,0.0,0.0,0.0,0.0,0.0,-110.0,-110.0,-110.0,-110.0,-110.0,-110.0,-110.0,-110.0,-110.0,-110.0,0.0,0.0,0.0,0.0,0.0,2026-08-07T03:26:40.888653+00:00,0.80194854406278,0.41759136877522507,0.22913538155247082,-0.28002292266207507,-0.30091598780423623,1.0,1.2,0.4,0.0,0.0,2.0,2.0,1.0,0.0,0.0,batter_pitcher_profile_network_v2,1.0,0.8,0.4366297374532167,3.0,0.7934602857295848,-0.24807175925925923,-0.028189605276526565,-0.027272727272727296,51.0,12.879386129518819,0.017947366749971223,-0.02353007909360112,-0.0023530079093601122,-0.271324074074074,0.005064755905743375,0.07272727272727275,51.0,12.711285545603355,-0.023421909569745,0.01710821700731767,0.0027373147211708273,-0.1336597222222222,0.05353415166762966,-0.018181818181818177,51.0,12.329090449553654,-0.018556422934428076,-0.03161669327491186,-0.001580834663745593,-0.21360300925925918,0.06876416843838047,0.2727272727272727,51.0,12.208111037179062,-0.16482096159026105,0.031083093516995758,0.000777077337924894,-0.2698773148148147,0.03585084009234679,0.1818181818181818,51.0,12.22088632191929,-0.13082855874803698,0.032481284343810146,0.0019488770606286088
2026-06-12,Brandon_Nimmo,607043,hitter,TEX,BOS,2026,824752,78,140,111,0,543243.0,Sonny_Gray,0.0,0.0,0.0,0.0,0.0,4.0,4.0,0.0,3.0,3.0,0.12121212121212122,0.0,0.0,0.0,0.0,10.0,4.171052631578948,7.921052631578948,5.957142857142857,1.08,0.0,82.0,0,1.0,1.2246467991473532e-16,-1.0,-0.433883739117558,-0.9009688679024191,1.5,1.5,0.5,0.5,0.5,1.5,1.5,0.5,0.5,0.5,synthetic,synthetic,synthetic,synthetic,synthetic,0.0,0.0,0.0,0.0,0.0,-110.0,-110.0,-110.0,-110.0,-110.0,-110.0,-110.0,-110.0,-110.0,-110.0,0.0,0.0,0.0,0.0,0.0,2026-08-07T03:26:40.888653+00:00,0.11014823422191844,0.31789191575758813,-0.10914919528584477,-0.4791325053099589,-0.06317602698111607,1.4,2.0,0.4,0.0,0.2,2.0,4.0,0.0,0.0,1.0,batter_pitcher_profile_network_v2,1.0,0.7,0.563775873281143,0.0,0.6966562188661419,-0.13445453042328043,0.004369833952953372,0.0,52.0,13.914820902081148,-0.00423233184753626,0.0,0.0,-0.14664252645502637,-0.01868279137422264,0.0,52.0,13.767344577562932,-0.04554375610408337,-0.06951075378780262,-0.01112172060604842,-0.03126636904761898,-0.07590481539213881,0.0,52.0,13.239382514890565,-0.04863694065728706,-0.04967221740520658,-0.0024836108702603293,-0.09094560185185173,-0.044564760015337594,0.0,52.0,13.288315045806872,-0.1875322095701837,-0.1893002123983561,-0.004732505309958903,-0.14685532407407387,-0.06784805000305634,0.0,52.0,13.19112897499043,-0.14039635881385068,-0.10964373972855931,-0.006578624383713558
2026-06-13,Brandon_Nimmo,607043,hitter,TEX,BOS,2026,824749,79,140,111,0,624133.0,Ranger_Suarez,0.0,0.0,0.0,0.0,0.0,1.0,1.0,0.0,0.0,8.0,0.025,0.0,0.0,0.0,0.0,10.0,5.873684210526316,11.242105263157896,5.528571428571429,1.08,0.0,87.0,0,1.0,1.2246467991473532e-16,-1.0,-0.9749279121818236,-0.2225209339563146,1.5,1.5,0.5,0.5,0.5,1.5,1.5,0.5,0.5,0.5,synthetic,synthetic,synthetic,synthetic,synthetic,0.0,0.0,0.0,0.0,0.0,-110.0,-110.0,-110.0,-110.0,-110.0,-110.0,-110.0,-110.0,-110.0,-110.0,0.0,0.0,0.0,0.0,0.0,2026-08-07T03:26:40.888653+00:00,-0.4714925105849441,-0.3563404327684794,-0.30300405308931105,-0.4794701940451747,-0.3582737221372988,1.4,2.0,0.4,0.0,0.2,0.0,0.0,0.0,0.0,0.0,batter_pitcher_profile_network_v2,1.0,0.7,0.5818839715073301,0.0,0.6951034494432464,-0.22309755291005284,-0.037175039949809606,0.0,52.0,14.274149412089274,-0.028096632194413107,-0.0034677123657326555,-0.0003467712365732656,-0.2108597883597883,-0.13503846260188732,0.0,52.0,13.977494594883119,-0.0766064620394335,-0.12681520480299652,-0.020290432768479444,-0.10329265873015872,-0.09188479560910624,0.0,52.0,13.55600450382675,-0.06968414074717122,-0.07365249035764963,-0.003682624517882482,-0.09490856481481472,-0.22433770502612965,0.0,52.0,13.194898409844548,-0.19390541527798735,-0.2028077618069902,-0.0050701940451747555,-0.17597453703703697,-0.0921169785496225,0.0,52.0,13.493491995685158,-0.14879172953597145,-0.11837155943117106,-0.007102293565870263
2026-06-14,Brandon_Nimmo,607043,hitter,TEX,BOS,2026,824751,80,140,111,0,813349.0,Connelly_Early,2.0,4.0,0.0,0.0,2.0,5.0,5.0,0.0,0.0,3.0,0.11363636363636363,0.508,0.508,0.4,30.0,65.0,3.535714285714286,10.232142857142856,5.8500000000000005,1.08,12.0,81.0,0,1.0,1.2246467991473532e-16,-1.0,-0.7818314824680299,0.6234898018587334,1.5,1.5,0.5,0.5,0.5,1.5,1.5,0.5,0.5,0.5,synthetic,synthetic,synthetic,synthetic,synthetic,0.0,0.0,0.0,0.0,0.0,-110.0,-110.0,-110.0,-110.0,-110.0,-110.0,-110.0,-110.0,-110.0,-110.0,0.0,0.0,0.0,0.0,0.0,2026-08-07T03:26:40.888653+00:00,-0.44472673264305995,0.1969353419650639,0.025413792905223387,-0.30441773948411877,-0.08631415069813214,1.2,1.6,0.2,0.0,0.2,0.0,0.0,0.0,0.0,0.0,batter_pitcher_profile_network_v2,1.0,0.8,0.43028851435084814,0.0,0.7378317255936169,-0.24414865627822951,-0.23233958147116054,0.0,53.0,14.34297628788086,-0.045918485462482755,-0.03231710998038375,-0.003231710998038375,-0.22489385727190603,-0.10931217861086287,0.0,53.0,14.521536969666302,-0.09235280926455217,-0.15253479453653274,-0.02440556712584524,-0.13816006097560965,-0.0755846053069737,0.0,53.0,14.089088331428211,-0.08241113742548933,-0.08836050553189702,-0.004418025276594851,-0.09490856481481472,0.029527107103422896,0.0,53.0,14.067613461231167,-0.20070957936475073,-0.20070957936475073,-0.005017739484118769,-0.18847453703703676,-0.10049531959268795,0.0,53.0,13.972071063761094,-0.16006814564581695,-0.13084190557493117,-0.00785051433449587
2026-06-15,Brandon_Nimmo,607043,hitter,TEX,MIN,2026,822887,81,140,142,1,702474.0,Mike_Paredes,0.0,0.0,0.0,0.0,0.0,4.0,4.0,0.0,2.0,4.0,0.125,0.0,0.0,0.0,0.0,10.0,4.272727272727273,7.272727272727273,10.14100185528757,1.08,0.0,74.0,0,1.0,1.2246467991473532e-16,-1.0,0.0,1.0,1.5,1.5,0.5,0.5,0.5,1.5,1.5,0.5,0.5,0.5,synthetic,synthetic,synthetic,synthetic,synthetic,0.0,0.0,0.0,0.0,0.0,-110.0,-110.0,-110.0,-110.0,-110.0,-110.0,-110.0,-110.0,-110.0,-110.0,0.0,0.0,0.0,0.0,0.0,2026-08-07T03:26:40.888653+00:00,0.14144238747416948,0.31387219073902584,-0.035254543027827656,-0.4789291303264912,0.5824035422468734,1.2,2.0,0.2,0.0,0.6,2.0,4.0,0.0,0.0,2.0,batter_pitcher_profile_network_v2,1.0,0.05,0.9425,0.0,0.5117271875,-0.15095590651135,-0.8195,0.0,53.0,9.691389731733304,-0.03473942015239281,-0.00711323100969795,-0.0007113231009697951,-0.12587492532855427,-0.85,0.0,53.0,9.301655968742686,-0.0762227806037707,-0.12048630788108915,-0.019277809260974263,-0.059714045698924495,-0.3386666666666665,0.0,53.0,13.359173768402924,-0.08992988432754549,-0.09109271584412255,-0.0045546357922061275,0.013026620370370265,-0.85,0.0,53.0,9.074935221221685,-0.18052853698904778,-0.18116521305964964,-0.004529130326491241,-0.09932060185185161,-0.5386666666666665,0.0,53.0,11.854927085629562,-0.14359940246719308,-0.1107758419584195,-0.006646550517505169
2026-06-16,Brandon_Nimmo,607043,hitter,TEX,MIN,2026,822888,82,140,142,1,805673.0,Zebby_Matthews,2.0,3.0,0.0,0.0,0.0,3.0,3.0,0.0,0.0,4.0,0.08571428571428572,0.7200000000000001,0.7200000000000001,0.3333333333333333,28.333333333333332,65.0,9.203296703296703,7.7032967032967035,9.03896103896104,1.08,0.0,74.0,0,1.0,1.2246467991473532e-16,-1.0,0.7818314824680298,0.6234898018587336,0.5,1.5,0.5,0.5,0.5,0.5,1.5,0.5,0.5,0.5,synthetic,synthetic,synthetic,synthetic,synthetic,0.0,0.0,0.0,0.0,0.0,-110.0,-110.0,-110.0,-110.0,-110.0,-110.0,-110.0,-110.0,-110.0,-110.0,0.0,0.0,0.0,0.0,0.0,2026-08-07T03:26:40.888653+00:00,0.46679360639360645,0.2021824197173272,0.1300967346464852,-0.3250932834057736,0.37740285965326714,0.8,1.6,0.0,0.0,0.6,0.0,0.0,0.0,0.0,0.0,batter_pitcher_profile_network_v2,1.0,0.45,0.7101560760020115,0.0,0.6183526463103891,-0.35576848118279575,0.2499114618277179,0.0,52.0,14.183984795547026,0.02464807620211105,0.0,0.0,-0.32244750597371563,0.28505339686312586,0.0,52.0,13.859016519482156,-0.01694825117780256,-0.025422376766703836,-0.004067580282672614,-0.2635782930107527,0.21188539541556783,0.0,52.0,14.206188636751367,-0.05202634603133742,-0.05202634603133742,-0.002601317301566871,-0.11359375,0.35874489932618014,0.0,52.0,13.165149627806311,-0.19439800289761014,-0.19439800289761014,-0.0048599500724402535,-0.28781597222222216,0.2695937287489012,0.0,52.0,13.800177861256907,-0.14100427321744297,-0.10575320491308222,-0.006345192294784933
2026-06-18,Brandon_Nimmo,607043,hitter,TEX,MIN,2026,822889,83,140,142,1,657746.0,Joe_Ryan,1.0,1.0,0.0,0.0,0.0,5.0,5.0,0.0,0.0,4.0,0.125,0.178,0.178,0.0,0.0,21.36,4.0,11.0,7.285714285714286,1.08,0.0,74.0,0,2.0,1.2246467991473532e-16,-1.0,0.43388373911755823,-0.900968867902419,0.5,1.5,0.5,0.5,0.5,0.5,1.5,0.5,0.5,0.5,synthetic,synthetic,synthetic,synthetic,synthetic,0.0,0.0,0.0,0.0,0.0,-110.0,-110.0,-110.0,-110.0,-110.0,-110.0,-110.0,-110.0,-110.0,-110.0,0.0,0.0,0.0,0.0,0.0,2026-08-07T03:26:40.888653+00:00,0.5658149942440245,-0.11512769620782826,-0.20730335260750027,-0.4796388101109063,0.03536983175354169,0.8,1.4,0.0,0.0,0.4,2.0,3.0,0.0,0.0,0.0,batter_pitcher_profile_network_v2,1.0,0.9,0.38798648082688053,0.0,0.7722244904888365,-0.1767985828816624,-0.3478251906117358,0.0,52.0,14.110921775173997,-0.006063795876089611,-0.03763577184546946,-0.003763577184546946,-0.15828856142728115,-0.32894652188343176,0.0,52.0,14.045750017153823,-0.04699599511610431,-0.10236060129892681,-0.01637769620782829,-0.09701194105691077,-0.38038354947479386,0.0,52.0,12.988683803219883,-0.05219697013702311,-0.07478133786429053,-0.0037390668932145267,-0.010237268518518649,-0.31296062949498027,0.0,52.0,13.588848978897612,-0.20759159757877013,-0.2095524044362524,-0.00523881011090631,-0.13716782407407418,-0.3632482695097895,0.0,52.0,13.15141235214554,-0.14413849608503068,-0.13859804220287758,-0.008315882532172655
2026-06-19,Brandon_Nimmo,607043,hitter,TEX,SD,2026,822886,84,140,135,1,681190.0,Randy_Vásquez,2.0,4.0,1.0,0.0,1.0,5.0,5.0,0.0,1.0,4.0,0.11904761904761904,0.508,0.508,0.4,30.0,65.0,5.3999999999999995,7.05,1.9056122448979593,1.08,0.0,74.0,0,1.0,1.2246467991473532e-16,-1.0,-0.433883739117558,-0.9009688679024191,0.5,1.5,0.5,0.5,0.5,0.5,1.5,0.5,0.5,0.5,synthetic,real,real,real,synthetic,0.0,8.0,7.0,9.0,0.0,-110.0,111.385346,121.855679,445.958138,-110.0,-110.0,-143.964666,-167.058429,0.0,-110.0,0.0,0.3535533905932738,0.0,0.0,0.0,2026-06-19T20:50:58.917955+00:00,0.5402067334789189,0.3670287066594238,-0.3046575413947504,-0.30593457485128517,-0.13563186472096317,1.0,1.6,0.0,0.0,0.4,1.0,1.0,0.0,0.0,0.0,batter_pitcher_profile_network_v2,1.0,0.8,0.4610289720504609,1.0,0.7535691607390549,-0.16886771206690568,0.2148874482247694,0.01481481481481481,52.0,15.005403886774213,-0.012732295393896748,0.01082243683000341,0.001082243683000341,-0.15282816606929514,0.2680693563389192,0.1111111111111111,52.0,14.579528662862476,-0.055034239735751604,-0.0013830833786018099,-0.0002212933405762896,-0.09555779569892472,0.12464107053077646,-0.07407407407407407,52.0,15.080406050194972,-0.06765088864294908,-0.12176307279296614,-0.006088153639648307,-0.00999282407407415,0.32119435633891924,-0.07407407407407408,52.0,14.002008178181722,-0.20727080990138944,-0.2613829940514065,-0.0065345748512851635,-0.13862129629629621,0.17306368957839552,0.1111111111111111,52.0,14.813703611252672,-0.159612745319172,-0.038541282764353396,-0.002312476965861204
2026-06-20,Brandon_Nimmo,607043,hitter,TEX,SD,2026,822885,85,140,135,1,621111.0,Walker_Buehler,2.0,2.0,0.0,0.0,0.0,5.0,5.0,0.0,2.0,4.0,0.125,0.356,0.356,0.0,0.0,42.72,1.742857142857143,8.571428571428571,1.9056122448979593,1.08,0.0,74.0,0,1.0,1.2246467991473532e-16,-1.0,-0.9749279121818236,-0.2225209339563146,1.5,1.5,0.5,0.5,0.5,1.5,2.5,0.5,0.5,0.5,synthetic,real,real,real,synthetic,0.0,8.0,4.0,8.0,0.0,-110.0,102.098119,117.22978,475.579594,-110.0,-110.0,-132.897941,0.0,0.0,-110.0,0.0,0.3535533905932738,0.0,0.0,0.0,2026-06-20T11:58:55.263102+00:00,-0.11619693877550996,0.7247087662807128,-0.11040540393283699,-0.4799654968646815,0.1168016354340119,1.4,2.4,0.2,0.0,0.6,2.0,4.0,1.0,0.0,1.0,batter_pitcher_profile_network_v2,1.0,0.9,0.38396355765849943,0.0,0.7726680177681504,-0.04417207287933123,0.29464986504723345,0.0,52.0,15.001755734867437,-0.02180944960340698,0.0,0.0,-0.026111320191159068,0.1645829284208793,0.0,52.0,15.64500558256774,-0.06933847383036394,-0.1040077107455459,-0.016641233719287347,0.015686827956989044,0.26225917157125034,0.0,52.0,15.072688284330916,-0.07725470641384236,-0.07472032355469914,-0.003736016177734957,0.10412754629629628,0.039266917184924276,0.0,52.0,15.513197518534767,-0.22513870451757556,-0.22261987458726037,-0.00556549686468151,-0.013334259259259303,0.27537480827537014,0.0,52.0,14.859832278118827,-0.16175504024191553,-0.12131628018143664,-0.007278976810886198
2026-06-21,Brandon_Nimmo,607043,hitter,TEX,SD,2026,822883,86,140,135,1,593974.0,Wandy_Peralta,1.0,1.0,0.0,0.0,0.0,4.0,4.0,0.0,0.0,3.0,0.11428571428571428,0.2225,0.2225,0.0,0.0,26.7,0.0,3.0,2.4566326530612246,1.08,0.0,74.0,0,1.0,1.2246467991473532e-16,-1.0,-0.7818314824680299,0.6234898018587334,1.5,1.5,0.5,0.5,0.5,1.5,1.5,0.5,0.5,0.5,synthetic,real,real,real,synthetic,0.0,8.0,7.0,5.0,0.0,-110.0,-102.899815,142.268041,638.245591,-110.0,-110.0,-149.50495,-196.492411,0.0,-110.0,0.0,0.5175491695067657,0.0,0.0,0.0,2026-06-21T19:20:37.517202+00:00,0.16823069450207861,0.11883988736157192,-0.29967772891889544,-0.47973856623271416,-0.33889474130339603,1.4,2.0,0.2,0.0,0.2,2.0,2.0,0.0,0.0,0.0,batter_pitcher_profile_network_v2,1.0,0.05,0.9425,0.0,0.5117271875,-0.09448078703703702,-0.8000000000000002,0.0,52.0,10.570470040062487,-0.05140384322831137,-0.004346116203703703,-0.0004346116203703703,-0.07614675925925918,-0.8400000000000001,0.0,52.0,10.044840042458212,-0.0922777103453023,-0.14209445399017567,-0.022735112638428107,-0.016906249999999956,-1.0,0.0,52.0,7.593947661214436,-0.07171512206413415,-0.07268723143913415,-0.0036343615719567077,0.0394324074074075,-0.8400000000000001,0.0,52.0,9.830232408989806,-0.21163806403078977,-0.21354264930856756,-0.005338566232714189,-0.03350856481481471,-1.0,0.0,52.0,7.755221904752155,-0.12801709795213762,-0.09793956594095506,-0.005876373956457303
2026-06-22,Brandon_Nimmo,607043,hitter,TEX,MIA,2026,823851,87,140,146,0,663969.0,Tyler_Phillips,3.0,4.0,2.0,0.0,0.0,4.0,3.0,1.0,0.0,4.0,0.10256410256410256,0.9349999999999999,0.9349999999999999,0.3333333333333333,28.333333333333332,65.0,7.928571428571428,7.928571428571428,1.856832298136646,1.0766666666666667,0.0,72.0,0,1.0,1.2246467991473532e-16,-1.0,0.0,1.0,1.5,2.5,0.5,0.5,0.5,1.5,2.5,0.5,0.5,0.5,synthetic,synthetic,synthetic,synthetic,synthetic,0.0,0.0,0.0,0.0,0.0,-110.0,-110.0,-110.0,-110.0,-110.0,-110.0,-110.0,-110.0,-110.0,-110.0,0.0,0.0,0.0,0.0,0.0,2026-08-07T03:26:40.888653+00:00,-0.133919382067208,-0.1912419811715642,0.036052075801600414,-0.3282972061138174,-0.17098441337369957,1.6,2.2,0.2,0.0,0.2,1.0,1.0,0.0,0.0,0.0,batter_pitcher_profile_network_v2,1.0,0.25,0.8012206384897265,0.0,0.5629626179462521,-0.024934572879331218,0.20029931787884547,0.0,51.0,16.084547274199565,-0.049120613020753746,0.0,0.0,-0.02712243130227017,0.18770334092207536,0.0,51.0,16.0423090954147,-0.09600825488151783,-0.14401238232227676,-0.02304198117156428,0.03458266129032232,0.3324750851208717,0.0,51.0,15.206623907852338,-0.1026917066246174,-0.10040616672002267,-0.005020308336001134,0.04318796296296307,0.19054744204567092,0.0,51.0,15.689079370389585,-0.28152407065812646,-0.27988824455269556,-0.006997206113817389,-0.01743009259259263,0.3115317330609466,0.0,51.0,15.178954276862612,-0.17647584213147802,-0.1323568815986085,-0.00794141289591651
2026-06-23,Brandon_Nimmo,607043,hitter,TEX,MIA,2026,823849,88,140,146,0,645261.0,Sandy_Alcantara,2.0,7.0,1.0,1.0,2.0,5.0,5.0,0.0,2.0,3.0,0.125,0.744,0.744,1.0,30.0,65.0,2.5535714285714284,8.625,2.2854037267080747,1.0766666666666667,0.0,72.0,0,1.0,1.2246467991473532e-16,-1.0,0.7818314824680298,0.6234898018587336,1.5,2.5,0.5,0.5,0.5,1.5,2.5,0.5,0.5,0.5,synthetic,synthetic,synthetic,synthetic,synthetic,0.0,0.0,0.0,0.0,0.0,-110.0,-110.0,-110.0,-110.0,-110.0,-110.0,-110.0,-110.0,-110.0,-110.0,0.0,0.0,0.0,0.0,0.0,2026-08-07T03:26:40.888653+00:00,0.2973961452805558,1.0997842464050303,0.529251856652446,-0.15427901192174048,-0.17514488714488974,1.8,2.4,0.6,0.0,0.2,3.0,4.0,2.0,0.0,0.0,batter_pitcher_profile_network_v2,1.0,0.95,0.3425479012335685,0.0,0.7926359879939434,0.001102258355916829,0.18393646162080324,0.0,51.0,16.186884963786767,-0.034696018952771884,0.00013329545566025767,1.3329545566025767e-05,-0.03828306233062335,0.0876640080800049,0.0,51.0,16.41986841584552,-0.060690639979040145,-0.09103595996856022,-0.014565753594969635,0.0532947154471545,0.018783422377068787,0.0,51.0,16.189514609506013,-0.050024740783873964,-0.049366593659154794,-0.00246832968295774,-0.011325925925925944,0.009617459962850107,0.0,51.0,16.078329347529415,-0.15249381020295447,-0.15249381020295447,-0.0038123452550738617,-0.04996481481481469,0.06097571665879823,0.0,51.0,16.053831262263987,-0.05811274400652179,-0.04358455800489135,-0.0026150734802934806
2026-06-24,Brandon_Nimmo,607043,hitter,TEX,MIA,2026,823850,89,140,146,0,691587.0,Eury_Pérez,0.0,0.0,0.0,0.0,0.0,4.0,4.0,0.0,1.0,4.0,0.12903225806451613,0.0,0.0,0.0,0.0,10.0,3.4736842105263155,12.11842105263158,3.167036379769299,1.0766666666666667,0.0,72.0,0,1.0,1.2246467991473532e-16,-1.0,0.9749279121818236,-0.22252093395631434,1.5,3.5,0.5,0.5,0.5,1.5,3.5,0.5,0.5,0.5,synthetic,synthetic,synthetic,synthetic,synthetic,0.0,0.0,0.0,0.0,0.0,-110.0,-110.0,-110.0,-110.0,-110.0,-110.0,-110.0,-110.0,-110.0,-110.0,0.0,0.0,0.0,0.0,0.0,2026-08-07T03:26:40.888653+00:00,0.15945531059126727,-0.26445763118465626,0.1471182246188285,-0.2378902759063109,0.24359646748586827,2.0,3.6,0.8,0.2,0.6,2.0,7.0,1.0,1.0,2.0,batter_pitcher_profile_network_v2,1.0,0.75,0.5194145950110998,0.0,0.7147787840833552,0.029910185185185338,-0.31248472112741527,0.0,51.0,15.99354993836702,-0.05117488077484253,-0.004491779894308471,-0.0004491779894308471,0.06370000000000015,-0.09185455877597212,0.0,51.0,17.046919051164313,-0.04983725728095911,-0.07756785619442319,-0.012410856991107711,0.10979166666666679,0.1283198769773899,0.0,51.0,16.693209540832555,-0.05805549558601223,-0.051284790618538134,-0.002564239530926907,0.16831296296296308,0.15602850574015698,0.0,51.0,16.472717607979256,-0.109565320920945,-0.09694436958576871,-0.002423609239644218,0.11199351851851869,0.0877755221386802,0.0,51.0,16.646647861204475,-0.039572102398826775,-0.02495478310779367,-0.0014972869864676203
2026-06-25,Brandon_Nimmo,607043,hitter,TEX,TOR,2026,822797,90,140,141,0,592332.0,Kevin_Gausman,0.0,0.0,0.0,0.0,0.0,4.0,3.0,1.0,1.0,4.0,0.10256410256410256,0.1725,0.1725,0.0,0.0,20.7,13.32857142857143,10.5,2.4920454545454547,1.08,0.0,62.0,0,1.0,1.2246467991473532e-16,-1.0,0.43388373911755823,-0.900968867902419,1.5,2.5,0.5,0.5,0.5,1.5,2.5,0.5,0.5,0.5,synthetic,synthetic,synthetic,synthetic,synthetic,0.0,0.0,0.0,0.0,0.0,-110.0,-110.0,-110.0,-110.0,-110.0,-110.0,-110.0,-110.0,-110.0,-110.0,0.0,0.0,0.0,0.0,0.0,2026-08-07T03:26:40.888653+00:00,-0.4221489510489509,-0.672917862095223,-0.09243476500984965,-0.33399586142358945,-0.22285053911206498,1.6,2.8,0.6,0.2,0.4,0.0,0.0,0.0,0.0,0.0,batter_pitcher_profile_network_v2,1.0,0.95,0.41025336691936715,0.0,0.7847567644247586,-0.0955260454002391,0.06955849645520562,0.0,51.0,17.56681210426081,-0.005383400077803482,0.0,0.0,-0.09589946236559149,0.044068669699586456,0.0,51.0,17.555929635626583,0.020029741269903884,0.030044611904855828,0.004807137904776933,-0.02526612903225821,0.09799020672994133,0.0,51.0,17.179487256720126,-0.03785613935783228,-0.03785613935783228,-0.0018928069678916142,0.004192592592592647,0.0482252230976447,0.0,51.0,17.117154828673534,0.016046302943604023,0.01616554305642248,0.000404138576410562,-0.07583518518518514,0.12990970511181835,0.0,51.0,17.000991198400083,0.026262301006169917,0.01969672575462744,0.0011818035452776463
2026-06-26,Brandon_Nimmo,607043,hitter,TEX,TOR,2026,822796,91,140,141,0,571578.0,Patrick_Corbin,1.0,2.0,1.0,0.0,1.0,5.0,5.0,0.0,2.0,3.0,0.1282051282051282,0.254,0.254,0.2,17.0,39.480000000000004,9.090909090909092,8.727272727272728,2.4920454545454547,1.08,5.0,68.0,0,1.0,1.2246467991473532e-16,-1.0,-0.433883739117558,-0.9009688679024191,1.5,2.5,1.5,0.5,0.5,1.5,2.5,0.5,0.5,0.5,synthetic,real,real,real,synthetic,0.0,8.0,7.0,6.0,0.0,-110.0,167.246771,397.312731,1119.327333,-110.0,-110.0,-234.925373,-750.0,0.0,-110.0,0.0,0.3535533905932739,0.37796447300922725,0.0,0.0,2026-06-27T01:11:02.474098+00:00,-0.5398202797202797,-0.6134241394956681,-1.00582569249922,-0.24182329270738212,-0.16955873019840317,1.2,2.4,0.6,0.2,0.4,0.0,0.0,0.0,0.0,0.0,batter_pitcher_profile_network_v2,1.0,0.7,0.5287809066842306,0.0,0.6996570372518272,-0.12125136065943995,0.420135851839611,0.0,51.0,15.911933051471415,0.010622359506187637,0.0,0.0,-0.12978207994579946,0.282403539156745,0.0,51.0,17.116511120858473,0.031774418768049505,0.047661628152074254,0.007625860504331881,-0.04513694105691057,0.2605105036106558,0.0,51.0,17.249137169588973,-0.048328535299084,-0.048328535299084,-0.0024164267649542,-0.05255462962962964,0.14242509088088287,0.0,51.0,17.56512655634459,0.0030682917047123236,0.0030682917047123236,7.67072926178081e-05,-0.11134282407407398,0.28000044613939146,0.0,51.0,17.00910013804068,-0.0028940821090379892,-0.002170561581778492,-0.0001302336949067095
2026-06-27,Brandon_Nimmo,607043,hitter,TEX,TOR,2026,822794,92,140,141,0,656302.0,Dylan_Cease,1.0,1.0,1.0,0.0,0.0,5.0,4.0,1.0,1.0,4.0,0.11363636363636363,0.316,0.316,0.0,0.0,37.92,1.5588235294117645,13.935294117647056,2.4920454545454547,1.08,0.0,73.0,0,1.0,1.2246467991473532e-16,-1.0,-0.9749279121818236,-0.2225209339563146,1.5,1.5,0.5,0.5,0.5,1.5,2.5,0.5,0.5,0.5,synthetic,real,real,real,synthetic,0.0,8.0,7.0,8.0,0.0,-110.0,113.084877,142.998416,522.990728,-110.0,-110.0,-135.810704,-192.173913,0.0,-110.0,0.0,0.46291004988627577,0.0,0.0,0.0,2026-06-27T13:01:31.487963+00:00,-0.6617078196117743,0.5378860864343094,0.26582281819097364,-0.3356019642294253,0.12582442661011506,1.2,2.6,0.8,0.2,0.6,1.0,2.0,1.0,0.0,1.0,batter_pitcher_profile_network_v2,1.0,0.8,0.48740672506113214,0.0,0.732234140944009,-0.0955260454002391,-0.6951188993173548,0.0,51.0,12.725037040667337,-0.058739756694965124,-0.03403719790027766,-0.0034037197900277667,-0.09589946236559149,-0.6904689694657408,0.0,51.0,12.797365696093943,-0.04843397922306014,-0.10659264160375054,-0.017054822656600088,-0.02109946236559153,-0.41072600559060457,0.0,51.0,15.572989441798837,-0.0857832708601119,-0.09022545436234697,-0.004511272718117349,0.004192592592592647,-0.706338382873562,0.0,51.0,12.309873232545758,-0.046560581054277926,-0.0480785691770111,-0.0012019642294252776,-0.07333518518518514,-0.5106061266334351,0.0,51.0,14.443167871994222,-0.02361231775035085,-0.03690349589202241,-0.0022142097535213442
2026-06-28,Brandon_Nimmo,607043,hitter,TEX,TOR,2026,822795,93,140,141,0,669456.0,Shane_Bieber,0.0,0.0,1.0,0.0,0.0,4.0,2.0,2.0,0.0,4.0,0.10256410256410256,0.345,0.345,0.0,0.0,41.4,9.818181818181818,4.909090909090909,2.5250124875124875,1.08,0.0,74.0,0,1.0,1.2246467991473532e-16,-1.0,-0.7818314824680299,0.6234898018587334,0.5,1.5,0.5,0.5,0.5,0.5,1.5,0.5,0.5,0.5,synthetic,synthetic,synthetic,synthetic,synthetic,0.0,0.0,0.0,0.0,0.0,-110.0,-110.0,-110.0,-110.0,-110.0,-110.0,-110.0,-110.0,-110.0,-110.0,0.0,0.0,0.0,0.0,0.0,2026-08-07T03:26:40.888653+00:00,0.5107151848151847,0.04564782522926847,0.14204441934616563,-0.33572992215936254,-0.03683559931437691,0.8,2.0,0.6,0.2,0.6,1.0,1.0,1.0,0.0,0.0,batter_pitcher_profile_network_v2,1.0,0.05,0.9425,0.0,0.5117271875,-0.09426990740740747,0.9556818181818182,0.0,51.0,9.271867063195126,0.00276981484763107,0.0,0.0,-0.09597500000000005,0.9645454545454546,0.0,51.0,9.133545929411207,0.007282605121951762,0.010923907682927643,0.001747825229268423,-0.02202083333333338,0.6,0.0,51.0,14.647668092430806,-0.07873948520455916,-0.07873948520455916,-0.003936974260227958,0.002903703703703686,0.9645454545454546,0.0,51.0,9.412151359956907,-0.05335792974150524,-0.05319688637450187,-0.001329922159362547,-0.0788532407407408,0.8,0.0,51.0,11.970203131256698,-0.048924629008577414,-0.03669347175643306,-0.0022016083053859837
2026-07-04,Brandon_Nimmo,607043,hitter,TEX,DET,2026,822882,94,140,116,1,656427.0,Jack_Flaherty,0.0,0.0,0.0,0.0,0.0,4.0,4.0,0.0,1.0,4.0,0.125,0.0,0.0,0.0,0.0,10.0,3.8000000000000003,10.6,7.365306122448979,1.08,0.0,74.0,0,6.0,-0.4999999999999997,-0.8660254037844388,-0.9749279121818236,-0.2225209339563146,0.5,0.5,0.5,0.5,0.5,0.5,0.5,0.5,0.5,0.5,synthetic,synthetic,synthetic,synthetic,synthetic,0.0,0.0,0.0,0.0,0.0,-110.0,-110.0,-110.0,-110.0,-110.0,-110.0,-110.0,-110.0,-110.0,-110.0,0.0,0.0,0.0,0.0,0.0,2026-08-07T03:26:40.888653+00:00,0.04882110462125422,-0.095870801471653,0.22504315452705514,-0.4762561662110281,-0.1463618279231642,0.4,0.6,0.6,0.0,0.2,0.0,0.0,1.0,0.0,0.0,batter_pitcher_profile_network_v2,1.0,0.9,0.4505947501931113,1.0,0.7840719287912095,-0.07096087962962938,0.05021668937248891,0.1111111111111111,49.0,18.163729125626,-0.04485984444005707,0.08058859723295063,0.008058859723295063,-0.07657916666666645,0.04651436417076438,0.03209876543209877,49.0,18.21011460719247,-0.019774106339714874,-0.0063800091978310144,-0.0010208014716529623,-0.0032187499999997704,0.33464094473831435,0.1111111111111111,49.0,17.00163867766926,-0.11003162914082708,-0.02944303190787645,-0.0014721515953938225,0.00834814814814823,0.03766753318484892,-0.04938271604938271,49.0,17.877617443975325,-0.038602256874775254,-0.07424664844112466,-0.0018561662110281167,-0.058044212962962714,0.3093680574143707,-0.08148148148148147,49.0,16.997479298130084,-0.024027461496964483,-0.07711890076022049,-0.004627134045613229
2026-07-05,Brandon_Nimmo,607043,hitter,TEX,DET,2026,822879,95,140,116,1,663554.0,Casey_Mize,1.0,1.0,0.0,0.0,1.0,4.0,4.0,0.0,1.0,3.0,0.11428571428571428,0.2225,0.2225,0.0,0.0,26.7,4.046218487394958,9.390756302521009,7.365306122448979,1.08,0.0,74.0,0,1.0,-0.4999999999999997,-0.8660254037844388,-0.7818314824680299,0.6234898018587334,0.5,0.5,0.5,0.5,0.5,0.5,0.5,0.5,0.5,0.5,synthetic,synthetic,synthetic,synthetic,synthetic,0.0,0.0,0.0,0.0,0.0,-110.0,-110.0,-110.0,-110.0,-110.0,-110.0,-110.0,-110.0,-110.0,-110.0,0.0,0.0,0.0,0.0,0.0,2026-08-07T03:26:40.888653+00:00,0.08457138921121476,-0.017799455009015308,0.20035114680102173,-0.4756381188260907,-0.08759418921189188,0.4,0.6,0.6,0.0,0.2,0.0,0.0,0.0,0.0,0.0,batter_pitcher_profile_network_v2,1.0,0.75,0.5119803518842327,0.0,0.7154618051706361,-0.10959398148148113,-0.16884307191832326,0.0,50.0,18.579610430442376,-0.04423667854820635,-0.009030405606940614,-0.0009030405606940614,-0.10903055555555524,-0.23204577056250067,0.0,50.0,18.243604908791887,-0.03916227201295419,-0.0710903438063461,-0.011374455009015376,-0.028270833333332884,-0.12464094003173795,0.0,50.0,18.35776148202407,-0.09906355001224944,-0.1007831864285465,-0.005039159321427325,0.002162962962962981,-0.27476767609996,0.0,50.0,17.52604245069089,-0.04923471696078082,-0.04952475304362775,-0.001238118826090694,-0.08667731481481447,-0.14402272613380093,0.0,50.0,18.12971515502582,0.007911919004903754,-0.000158255572348308,-9.495334340898481e-06
2026-07-07,Brandon_Nimmo,607043,hitter,TEX,LAA,2026,822881,96,140,108,1,667755.0,José_Soriano,0.0,0.0,0.0,0.0,0.0,4.0,4.0,0.0,2.0,4.0,0.10526315789473684,0.0,0.0,0.0,0.0,10.0,9.200000000000001,13.0,5.228571428571429,1.08,0.0,74.0,0,2.0,-0.4999999999999997,-0.8660254037844388,0.7818314824680298,0.6234898018587336,0.5,0.5,0.5,0.5,0.5,0.5,0.5,0.5,0.5,0.5,synthetic,synthetic,synthetic,synthetic,synthetic,0.0,0.0,0.0,0.0,0.0,-110.0,-110.0,-110.0,-110.0,-110.0,-110.0,-110.0,-110.0,-110.0,-110.0,0.0,0.0,0.0,0.0,0.0,2026-08-07T03:26:40.888653+00:00,0.08087268624437438,0.1329482533715447,-0.051031276142813,-0.47575905078231423,0.02366017730687886,0.6,0.8,0.6,0.0,0.4,1.0,1.0,0.0,0.0,1.0,batter_pitcher_profile_network_v2,1.0,1.0,0.3919061076618318,0.0,0.8019915018114256,-0.13150717592592553,-0.17594544107498072,0.0,50.0,18.9433691118977,-0.06356997793528646,-0.01407013003745963,-0.001407013003745963,-0.12230138888888853,-0.13716184894247554,0.0,50.0,19.151959014546147,-0.054237428369026855,-0.09155696905942448,-0.014649115049507918,-0.04030208333333285,0.20462721518559124,0.0,50.0,18.94865974618716,-0.1168285303750567,-0.1168285303750567,-0.005841426518752835,0.004051851851851893,-0.05764796005358657,0.0,50.0,19.020714810109233,-0.05421999211693607,-0.05436203129257047,-0.0013590507823142619,-0.07859050925925884,0.1161318448152209,0.0,50.0,19.02357268174223,-0.012397062353403543,-0.009297796765052657,-0.0005578678059031594
2026-07-08,Brandon_Nimmo,607043,hitter,TEX,LAA,2026,822880,97,140,108,1,700712.0,Walbert_Ureña,0.0,0.0,0.0,0.0,0.0,2.0,1.0,1.0,0.0,4.0,0.058823529411764705,0.345,0.345,0.0,0.0,41.4,5.37556561085973,10.238009049773757,9.085714285714285,1.08,0.0,74.0,0,1.0,-0.4999999999999997,-0.8660254037844388,0.9749279121818236,-0.22252093395631434,0.5,0.5,0.5,0.5,0.5,0.5,0.5,0.5,0.5,0.5,synthetic,synthetic,synthetic,synthetic,synthetic,0.0,0.0,0.0,0.0,0.0,-110.0,-110.0,-110.0,-110.0,-110.0,-110.0,-110.0,-110.0,-110.0,-110.0,0.0,0.0,0.0,0.0,0.0,2026-08-07T03:26:40.888653+00:00,0.025864752952929115,-0.1534504961759563,0.1430218398868076,-0.4739634738658945,-0.03239786592323518,0.4,0.4,0.4,0.0,0.2,0.0,0.0,0.0,0.0,0.0,batter_pitcher_profile_network_v2,1.0,0.75,0.4666459518314362,1.0,0.7383769031754868,-0.22844004629629622,-0.41670883549990706,0.007407407407407405,49.0,17.380222080476873,-0.08404081856586589,-0.04533954222248624,-0.004533954222248625,-0.2552874999999999,-0.43883776989110795,0.0419753086419753,49.0,17.125329641883518,-0.05396073449420347,-0.10991118933502125,-0.017585790293603402,-0.13873958333333322,-0.205211562029024,-0.08148148148148147,49.0,18.550999717574317,-0.08269308137528467,-0.1576304291546026,-0.00788152145773013,-0.1538185185185185,-0.4193205543222457,-0.024691358024691357,49.0,16.937637609731112,0.06996873037540886,0.017461045364218462,0.00043652613410546156,-0.23802337962962955,-0.3305122107316188,-0.06666666666666667,49.0,17.39716158930989,0.068683714515959,-0.03933417995307907,-0.0023600507971847443
2026-07-09,Brandon_Nimmo,607043,hitter,TEX,LAA,2026,822877,98,140,108,1,672282.0,Reid_Detmers,2.0,5.0,2.0,1.0,1.0,4.0,4.0,0.0,0.0,3.0,0.10526315789473684,0.7475,0.7475,0.75,30.0,65.0,6.558823529411765,9.235294117647058,8.057142857142857,1.08,0.0,74.0,0,1.0,-0.4999999999999997,-0.8660254037844388,0.43388373911755823,-0.900968867902419,0.5,0.5,0.5,0.5,0.5,0.5,0.5,0.5,0.5,0.5,synthetic,synthetic,synthetic,synthetic,synthetic,0.0,0.0,0.0,0.0,0.0,-110.0,-110.0,-110.0,-110.0,-110.0,-110.0,-110.0,-110.0,-110.0,-110.0,0.0,0.0,0.0,0.0,0.0,2026-08-07T03:26:40.888653+00:00,-0.03890022095451856,0.8458998557389663,0.2559480505734928,-0.21132013494213148,0.09248808714760781,0.2,0.2,0.2,0.0,0.2,0.0,0.0,0.0,0.0,0.0,batter_pitcher_profile_network_v2,1.0,1.0,0.3727969718444857,1.0,0.8230823709490506,-0.1873193951123256,-0.31442435567759575,-0.09999999999999999,49.0,18.588958246107083,-0.05765443780381504,-0.10558071463143168,-0.010558071463143168,-0.2226163251366121,-0.3370810247862086,-0.10370370370370369,49.0,18.39610167639097,-0.029803991677647385,-0.1629532042630394,-0.026072512682086303,-0.10119757513661207,-0.15018739055489355,-0.07407407407407407,49.0,19.18895098421327,-0.047936484549024105,-0.10831342462036936,-0.005415671231018469,-0.14639629629629627,-0.33352405934344403,-0.024691358024691357,49.0,18.039120454600273,0.0707669590279751,0.023194602314740055,0.0005798650578685014,-0.20624699074074065,-0.19660072748793891,-0.06666666666666667,49.0,18.79055688973257,0.06362190799263566,-0.02347548989576026,-0.0014085293937456155
2026-07-10,Brandon_Nimmo,607043,hitter,TEX,HOU,2026,822878,99,140,117,1,686613.0,Hunter_Brown,2.0,3.0,1.0,0.0,1.0,4.0,4.0,0.0,1.0,4.0,0.1111111111111111,0.54,0.54,0.25,21.25,65.0,6.5,8.25,2.559761434217956,1.08,0.0,74.0,0,1.0,-0.4999999999999997,-0.8660254037844388,-0.433883739117558,-0.9009688679024191,0.5,1.5,0.5,0.5,0.5,0.5,1.5,0.5,0.5,0.5,synthetic,synthetic,synthetic,synthetic,synthetic,0.0,0.0,0.0,0.0,0.0,-110.0,-110.0,-110.0,-110.0,-110.0,-110.0,-110.0,-110.0,-110.0,-110.0,0.0,0.0,0.0,0.0,0.0,2026-08-07T03:26:40.888653+00:00,0.361095007538927,0.4941740156346359,0.275128691170066,-0.1162941076598506,0.061208275644756394,0.6,1.2,0.4,0.2,0.4,2.0,5.0,2.0,1.0,1.0,batter_pitcher_profile_network_v2,1.0,0.4,0.730089222029721,0.0,0.6042256281205437,0.03427450667881008,-0.571592048776032,0.0,50.0,16.609849191707955,-0.079498004579272,-0.005287831631247737,-0.0005287831631247737,-0.0003423041894352087,-0.45888678297405905,0.0,50.0,18.073778981409504,-0.0450105588915448,-0.06755823561685963,-0.010809317698697541,0.10460075136612043,-0.007220892704907875,0.0,50.0,20.679185998349162,-0.05198374429033531,-0.05218761081663867,-0.0026093805408319336,0.011474074074074105,-0.3313829009864815,0.0,50.0,19.02527107731711,0.10026197858324348,0.09923569360597742,0.0024808923401494357,-0.01186620370370347,-0.14775272500304454,0.0,50.0,20.026512540998418,0.03515401682477544,0.025892287786529168,0.00155353726719175
2026-07-11,Brandon_Nimmo,607043,hitter,TEX,HOU,2026,822875,100,140,117,1,663567.0,Peter_Lambert,0.0,0.0,0.0,0.0,0.0,3.0,3.0,0.0,3.0,4.0,0.08333333333333333,0.0,0.0,0.0,0.0,10.0,3.403361344537815,9.15126050420168,4.628084415584416,1.08,0.0,74.0,0,1.0,-0.4999999999999997,-0.8660254037844388,-0.9749279121818236,-0.2225209339563146,0.5,1.5,0.5,0.5,0.5,0.5,1.5,0.5,0.5,0.5,synthetic,synthetic,synthetic,synthetic,synthetic,0.0,0.0,0.0,0.0,0.0,-110.0,-110.0,-110.0,-110.0,-110.0,-110.0,-110.0,-110.0,-110.0,-110.0,0.0,0.0,0.0,0.0,0.0,2026-08-07T03:26:40.888653+00:00,0.630039551331693,0.014233482537331366,0.0321685284982024,-0.33319691541600116,0.1089012246743305,1.0,1.8,0.6,0.2,0.6,2.0,3.0,1.0,0.0,1.0,batter_pitcher_profile_network_v2,1.0,0.75,0.39605105426969955,1.0,0.7448628093889713,0.029774070279295656,-0.2340115960765577,0.0,49.0,19.977088462820337,-0.08279032839765274,-0.004208000815997142,-0.0004208000815997142,0.018353392531876147,-0.1583713514185818,0.027160493827160494,49.0,20.421884809862693,-0.0507043220041681,-0.05885323414167892,-0.009416517462668628,0.10989019808743186,-0.07350855982421131,-0.08888888888888889,49.0,20.416459554813308,-0.032788510906111144,-0.09971384562036859,-0.00498569228101843,0.07989884259259247,-0.03604345286785713,-0.04938271604938271,49.0,20.40094130760487,0.08433305015502804,0.04812338335995491,0.0012030845839988728,0.035204398148148255,-0.12811906707058815,0.1111111111111111,49.0,20.043441858547315,0.00015426259848425622,0.07495006491849453,0.0044970038951096716
2026-07-12,Brandon_Nimmo,607043,hitter,TEX,HOU,2026,822876,101,140,117,1,664299.0,Cristian_Javier,3.0,5.0,0.0,0.0,2.0,5.0,5.0,0.0,0.0,4.0,0.125,0.68,0.68,0.4,30.0,65.0,4.5,9.0,4.628084415584416,1.08,0.0,74.0,0,1.0,-0.4999999999999997,-0.8660254037844388,-0.7818314824680299,0.6234898018587334,0.5,1.5,0.5,0.5,0.5,0.5,1.5,0.5,0.5,0.5,synthetic,synthetic,synthetic,synthetic,synthetic,0.0,0.0,0.0,0.0,0.0,-110.0,-110.0,-110.0,-110.0,-110.0,-110.0,-110.0,-110.0,-110.0,-110.0,0.0,0.0,0.0,0.0,0.0,2026-08-07T03:26:40.888653+00:00,0.2837019558771099,0.3015106332869748,0.3217597951726323,-0.1581072522103692,0.06215886439231022,0.8,1.6,0.6,0.2,0.4,0.0,0.0,0.0,0.0,0.0,batter_pitcher_profile_network_v2,1.0,0.35,0.7835145266528124,0.0,0.5889068146697607,0.04770439814814803,0.41499605062547074,0.0,50.0,18.16643237039097,-0.058968263261720305,0.004285792537333514,0.0004285792537333514,0.030306944444444397,0.3260114646668749,0.0,50.0,19.194500981383374,-0.04159000498928301,-0.0602460419564071,-0.009639366713025135,0.12184375000000011,0.5819783036977169,0.0,50.0,16.996194542548874,-0.05323958774149703,-0.03788851213177073,-0.0018944256065885367,0.07989884259259247,0.31453250427083523,0.0,50.0,19.232397416204773,0.046269462121286666,0.05170991158523261,0.0012927477896308153,0.035204398148148255,0.4830859769650435,0.0,50.0,17.988080029868545,0.011860905327177198,0.012577393551489775,0.0007546436130893865
2026-07-17,Brandon_Nimmo,607043,hitter,TEX,ATL,2026,824901,102,140,144,0,519242.0,Chris_Sale,1.0,2.0,0.0,0.0,0.0,3.0,3.0,0.0,0.0,3.0,0.09375,0.42333333333333334,0.42333333333333334,0.3333333333333333,28.333333333333332,65.0,2.3000000000000003,11.799999999999999,3.7432653061224492,1.08,5.0,75.0,0,5.0,-0.4999999999999997,-0.8660254037844388,-0.433883739117558,-0.9009688679024191,1.5,2.5,0.5,0.5,0.5,1.5,2.5,0.5,0.5,0.5,synthetic,synthetic,synthetic,synthetic,synthetic,0.0,0.0,0.0,0.0,0.0,-110.0,-110.0,-110.0,-110.0,-110.0,-110.0,-110.0,-110.0,-110.0,-110.0,0.0,0.0,0.0,0.0,0.0,2026-08-07T03:26:40.888653+00:00,-0.1091424270994159,0.3659345593919676,0.1040817796212079,-0.17930139968485143,0.4916793168473368,1.4,2.6,0.6,0.2,0.8,3.0,5.0,0.0,0.0,2.0,batter_pitcher_profile_network_v2,1.0,1.0,0.30446406887938543,0.0,0.8127031515622752,0.13506494490358095,-0.3994150808919182,0.0,50.0,18.924513023578506,-0.1473858329903857,-0.03752206010980157,-0.003752206010980157,0.13021551882460952,-0.4214094407944017,0.0,50.0,18.753301547901657,-0.12284892070337278,-0.2224402538002056,-0.035590440608032896,0.2077627410468315,-0.46273230524093695,0.0,50.0,17.234422198537786,-0.028928576918805,-0.0957963803649562,-0.00478981901824781,0.18783402777777786,-0.4748061799248363,0.0,50.0,17.791290498313952,0.09930854907253613,0.03727734593927575,0.0009319336484818939,0.14694166666666642,-0.4582848414728209,0.0,50.0,17.393937566725302,-0.0205257238713769,-0.062232474313095684,-0.003733948458785741
2026-07-18,Brandon_Nimmo,607043,hitter,TEX,ATL,2026,824899,103,140,144,0,702566.0,Owen_Murphy,2.0,2.0,0.0,0.0,3.0,5.0,5.0,0.0,2.0,4.0,0.11363636363636363,0.356,0.356,0.0,0.0,42.72,4.5,10.5,3.1004081632653064,1.08,5.0,92.0,0,1.0,-0.4999999999999997,-0.8660254037844388,-0.9749279121818236,-0.2225209339563146,1.5,2.5,0.5,0.5,0.5,1.5,2.5,0.5,0.5,0.5,synthetic,synthetic,synthetic,synthetic,synthetic,0.0,0.0,0.0,0.0,0.0,-110.0,-110.0,-110.0,-110.0,-110.0,-110.0,-110.0,-110.0,-110.0,-110.0,0.0,0.0,0.0,0.0,0.0,2026-08-07T03:26:40.888653+00:00,-0.10153821892393289,-0.20916255028422848,0.05163284125192891,-0.332835997923671,0.14453451211022228,1.6,3.0,0.6,0.2,0.8,1.0,2.0,0.0,0.0,0.0,batter_pitcher_profile_network_v2,1.0,0.0,1.0,0.0,0.5,0.24816316192225246,0.0,0.0,51.0,21.839756225371488,-0.1450285719667972,0.0,0.0,0.24221926844199543,0.0,0.0,51.0,21.901957487128836,-0.12543108072974016,-0.18814662109461022,-0.030103459375137635,0.3119655647382916,0.0,0.0,51.0,21.832640434350104,-0.062387701863090304,-0.062387701863090304,-0.0031193850931545155,0.29119050925925927,0.0,0.0,51.0,21.616640438720975,0.06256008305315858,0.06256008305315858,0.0015640020763289645,0.2593259259259257,0.0,0.0,51.0,21.658268431496992,-0.04271688198681727,-0.03203766149011295,-0.001922259689406777
2026-07-19,Brandon_Nimmo,607043,hitter,TEX,ATL,2026,824897,104,140,144,0,656550.0,Grant_Holmes,0.0,0.0,0.0,0.0,0.0,5.0,3.0,2.0,1.0,4.0,0.12195121951219512,0.27599999999999997,0.27599999999999997,0.0,0.0,33.12,0.6000000000000006,7.2,2.534887218045113,1.08,5.0,91.0,0,1.0,-0.4999999999999997,-0.8660254037844388,-0.7818314824680299,0.6234898018587334,1.5,2.5,0.5,0.5,1.5,1.5,2.5,0.5,0.5,1.5,synthetic,synthetic,synthetic,synthetic,synthetic,0.0,0.0,0.0,0.0,0.0,-110.0,-110.0,-110.0,-110.0,-110.0,-110.0,-110.0,-110.0,-110.0,-110.0,0.0,0.0,0.0,0.0,0.0,2026-08-07T03:26:40.888653+00:00,0.18815808242427945,-0.6119019030084243,-0.26514750269777665,-0.4721771465469816,-0.14961643803729263,1.6,2.4,0.2,0.0,1.2,2.0,2.0,0.0,0.0,3.0,batter_pitcher_profile_network_v2,1.0,0.95,0.4310255632312213,0.0,0.7823394000789666,0.22325688798554638,-0.01881737301844061,0.0,50.0,21.619741831274226,-0.19661373877027086,-0.002390323137852403,-0.0002390323137852403,0.22958175248419146,0.09828912106576695,0.0,50.0,21.389114296606927,-0.14990373085278993,-0.21201646697338383,-0.03392263471574141,0.29883638211382113,0.2584669372294372,0.0,50.0,20.869601748976116,-0.08595520481491682,-0.042008003707963454,-0.0021004001853981726,0.29679050925925926,0.25922662106576694,0.0,50.0,20.135640923197364,0.04513952035298515,0.08891413812073537,0.0022228534530183844,0.28080092592592604,0.21044610389610385,0.0,50.0,20.91184281143989,-0.16872873781088882,-0.09292388476482918,-0.0055754330858897505
2026-07-20,Brandon_Nimmo,607043,hitter,TEX,CWS,2026,822874,105,140,145,1,607200.0,Erick_Fedde,0.0,0.0,0.0,0.0,0.0,4.0,4.0,0.0,3.0,4.0,0.11428571428571428,0.0,0.0,0.0,0.0,10.0,2.9250000000000003,6.3,0.5142857142857143,1.08,0.0,74.0,0,1.0,-0.4999999999999997,-0.8660254037844388,0.0,1.0,1.5,1.5,0.5,0.5,0.5,1.5,1.5,0.5,0.5,0.5,synthetic,synthetic,synthetic,synthetic,synthetic,0.0,0.0,0.0,0.0,0.0,-110.0,-110.0,-110.0,-110.0,-110.0,-110.0,-110.0,-110.0,-110.0,-110.0,0.0,0.0,0.0,0.0,0.0,2026-08-07T03:26:40.888653+00:00,-0.4879685956145736,-0.38737657911100376,-0.5,-0.47291462248814325,0.04095215452420098,1.2,1.8,0.0,0.0,1.0,0.0,0.0,0.0,0.0,0.0,batter_pitcher_profile_network_v2,1.0,0.55,0.5448684561760554,0.0,0.6557894877651382,0.15639181600955754,0.28940842015918156,0.0,51.0,20.630796326320954,-0.1695762883571236,0.02059975813997844,0.0020599758139978443,0.1549284946236556,0.43960885075185124,0.0,51.0,18.86777792906587,-0.12410946011417336,-0.15516611944377431,-0.02482657911100389,0.242811827956989,0.39927613871635603,0.0,51.0,20.31831531288345,-0.06392976790702969,-0.01980523392780295,-0.0009902616963901477,0.20199699074074043,0.6416468942301121,0.0,51.0,15.959592492153647,0.00042516348422944495,0.059415100474268165,0.0014853775118567041,0.21000740740740714,0.39683954451345743,0.0,51.0,20.037509457721427,-0.1875100069849922,-0.10270218650141347,-0.006162131190084808
2026-07-21,Brandon_Nimmo,607043,hitter,TEX,CWS,2026,822871,106,140,145,1,702273.0,Noah_Schultz,4.0,7.0,2.0,1.0,2.0,4.0,4.0,0.0,0.0,4.0,0.09302325581395349,1.1925,1.1925,0.75,30.0,65.0,5.0769230769230775,9.046153846153848,0.7714285714285715,1.08,0.0,74.0,0,1.0,-0.4999999999999997,-0.8660254037844388,0.7818314824680298,0.6234898018587336,1.5,1.5,0.5,0.5,0.5,1.5,1.5,0.5,0.5,0.5,synthetic,synthetic,synthetic,synthetic,synthetic,0.0,0.0,0.0,0.0,0.0,-110.0,-110.0,-110.0,-110.0,-110.0,-110.0,-110.0,-110.0,-110.0,-110.0,0.0,0.0,0.0,0.0,0.0,2026-08-07T03:26:40.888653+00:00,-0.6482759354957915,1.0231456756367026,-0.014590991008993637,-0.21064985000019093,0.385094983617558,1.2,1.8,0.0,0.0,1.0,0.0,0.0,0.0,0.0,0.0,batter_pitcher_profile_network_v2,1.0,0.55,0.6271596309219191,0.0,0.6502451198666357,0.014938037634408246,0.05463307175957258,0.0,51.0,22.301885064792923,-0.1493194189817179,0.0003042790824638911,3.042790824638911e-05,0.04692535842293874,0.12900000249893046,0.0,51.0,22.04057454136681,-0.11696595960704546,-0.1731919982008424,-0.027710719712134787,0.11905174731182758,0.4614682955932956,0.0,51.0,19.832929894132338,-0.08041776860053539,-0.05993443812007337,-0.0029967219060036687,0.18592291666666647,0.2967353921093201,0.0,51.0,20.62638310017177,0.029436430542852398,0.05000599999236259,0.0012501499998090648,0.12903749999999972,0.3705474802974803,0.0,51.0,20.545098858760344,-0.19314277331248975,-0.1270298965179996,-0.007621793791079975
2026-07-22,Brandon_Nimmo,607043,hitter,TEX,CWS,2026,822873,107,140,145,1,641743.0,Anthony_Kay,1.0,1.0,1.0,0.0,0.0,4.0,4.0,0.0,1.0,4.0,0.11428571428571428,0.2225,0.2225,0.0,0.0,26.7,3.3750000000000013,7.5,2.254945054945055,1.08,0.0,74.0,0,1.0,-0.4999999999999997,-0.8660254037844388,0.9749279121818236,-0.22252093395631434,1.5,2.5,0.5,0.5,0.5,1.5,2.5,0.5,0.5,0.5,synthetic,synthetic,synthetic,synthetic,synthetic,0.0,0.0,0.0,0.0,0.0,-110.0,-110.0,-110.0,-110.0,-110.0,-110.0,-110.0,-110.0,-110.0,-110.0,0.0,0.0,0.0,0.0,0.0,2026-08-07T03:26:40.888653+00:00,0.2156879453010354,-0.07041358397653008,0.08847378122445249,-0.23468873453543826,0.5107468639980441,1.4,2.2,0.4,0.2,1.0,4.0,7.0,2.0,1.0,2.0,batter_pitcher_profile_network_v2,1.0,1.0,0.3548387334772872,0.0,0.8065322551490323,0.14209197404371599,0.009833195443054592,0.0,52.0,22.760271354742144,-0.1621339460957252,0.0009014310323343277,9.014310323343277e-05,0.20956964936247738,0.04096512278801012,0.0,52.0,22.727508372434244,-0.15364492618267372,-0.224928649853318,-0.03598858397653088,0.27326895491803294,0.07662150349650368,0.0,52.0,22.806678020719975,-0.08147799652847791,-0.06796943045600748,-0.0033984715228003743,0.3343118055555555,0.08569851439640176,0.0,52.0,22.274520155554107,-0.0300332678848825,-0.01154938141753006,-0.00028873453543825153,0.33056875,0.060029137529137716,0.0,52.0,22.622715654949356,-0.24263409225442556,-0.16917314582013981,-0.010150388749208388
2026-07-24,Brandon_Nimmo,607043,hitter,TEX,SEA,2026,822872,108,140,136,1,682243.0,Bryce_Miller,2.0,3.0,1.0,0.0,0.0,4.0,4.0,0.0,1.0,4.0,0.1111111111111111,0.54,0.54,0.25,21.25,65.0,3.458823529411765,8.405042016806723,3.8220779220779226,1.08,0.0,74.0,0,2.0,-0.4999999999999997,-0.8660254037844388,-0.433883739117558,-0.9009688679024191,1.5,1.5,0.5,0.5,0.5,1.5,1.5,0.5,0.5,0.5,synthetic,synthetic,synthetic,synthetic,synthetic,0.0,0.0,0.0,0.0,0.0,-110.0,-110.0,-110.0,-110.0,-110.0,-110.0,-110.0,-110.0,-110.0,-110.0,0.0,0.0,0.0,0.0,0.0,2026-08-07T03:26:40.888653+00:00,-0.19238721453777874,0.4075755944340296,0.3228676830246823,-0.21991854136064704,0.35934654980096914,1.4,2.0,0.6,0.2,1.0,1.0,1.0,1.0,0.0,0.0,batter_pitcher_profile_network_v2,1.0,0.5,0.622995077803584,0.0,0.6368415514845305,0.037012833940497376,-0.5386002618984813,0.0,53.0,19.167875592131733,-0.15523516501834575,-0.007515639138928072,-0.0007515639138928073,0.09215423497267725,-0.33912987621057383,0.0,53.0,21.762958811465783,-0.1313440762802365,-0.20879836812064756,-0.03340773889930361,0.17543340163934393,-0.4784432788810591,0.0,53.0,18.821764813865098,-0.08808037911165242,-0.11972426158427915,-0.005986213079213958,0.2138766203703702,-0.1518120510984662,0.0,53.0,22.774747090414298,-0.03350066335234492,-0.04574165442588227,-0.0011435413606470568,0.21456064814814796,-0.433814168268204,0.0,53.0,19.649303928429266,-0.2070784075820332,-0.19040021615989805,-0.011424012969593883
2026-07-25,Brandon_Nimmo,607043,hitter,TEX,SEA,2026,822869,109,140,136,1,693433.0,Bryan_Woo,0.0,0.0,1.0,0.0,0.0,4.0,3.0,1.0,0.0,4.0,0.10526315789473684,0.1725,0.1725,0.0,0.0,20.7,3.747368421052631,8.868421052631579,3.471428571428572,1.08,0.0,74.0,0,1.0,-0.4999999999999997,-0.8660254037844388,-0.9749279121818236,-0.2225209339563146,1.5,2.5,0.5,0.5,0.5,1.5,2.5,0.5,0.5,0.5,synthetic,synthetic,synthetic,synthetic,synthetic,0.0,0.0,0.0,0.0,0.0,-110.0,-110.0,-110.0,-110.0,-110.0,-110.0,-110.0,-110.0,-110.0,-110.0,0.0,0.0,0.0,0.0,0.0,2026-08-07T03:26:40.888653+00:00,-0.08587436416569583,-0.6473530903177758,0.2181466913907537,-0.3376620531438031,-0.1882438340145483,1.4,2.2,0.8,0.2,0.4,2.0,3.0,1.0,0.0,0.0,batter_pitcher_profile_network_v2,1.0,1.0,0.3098777239955012,2.0,0.849539978810551,0.1976086141469335,0.04671383883759926,0.16666666666666666,53.0,23.403912362588454,-0.16374005598884744,0.11552703503477176,0.011552703503477176,0.23327673041894337,-0.0039050941040022656,0.14222222222222222,53.0,23.562888358640503,-0.14740986564524713,-0.1285966171176801,-0.02057545873882882,0.3176670081967211,0.05216723403519434,-0.18666666666666668,53.0,23.529687439241847,-0.12280764297758295,-0.23362632256086918,-0.01168131612804346,0.2964865740740741,-0.016119796864087172,-0.13333333333333336,53.0,23.19504862920083,-0.03985864044887434,-0.1304821257521242,-0.0032620531438031053,0.3345143518518518,0.09200578675989357,-0.2,53.0,23.317621922711368,-0.21710831397705832,-0.2725789378364577,-0.01635473627018746
2026-07-26,Brandon_Nimmo,607043,hitter,TEX,SEA,2026,822870,110,140,136,1,669302.0,Logan_Gilbert,1.0,1.0,1.0,0.0,0.0,4.0,4.0,0.0,1.0,4.0,0.11428571428571428,0.2225,0.2225,0.0,0.0,26.7,3.2999999999999994,10.113636363636365,2.7857142857142856,1.08,0.0,74.0,0,1.0,-0.4999999999999997,-0.8660254037844388,-0.7818314824680299,0.6234898018587334,1.5,2.5,0.5,0.5,0.5,1.5,2.5,0.5,0.5,0.5,synthetic,synthetic,synthetic,synthetic,synthetic,0.0,0.0,0.0,0.0,0.0,-110.0,-110.0,-110.0,-110.0,-110.0,-110.0,-110.0,-110.0,-110.0,-110.0,0.0,0.0,0.0,0.0,0.0,2026-08-07T03:26:40.888653+00:00,-0.468389051030498,-1.0625502000013458,0.3520569406963666,-0.33305247399194804,-0.19561345904337207,1.4,2.2,1.0,0.2,0.4,0.0,0.0,1.0,0.0,0.0,batter_pitcher_profile_network_v2,1.0,1.0,0.2831538094726057,2.0,0.8528136583396058,0.2473835648148146,-0.3372945534466321,-0.13333333333333336,53.0,22.402566747901055,-0.1936066281123575,-0.14535804277251133,-0.014535804277251133,0.27158194444444433,-0.23104016801270832,0.008888888888888887,53.0,23.42756417914197,-0.17433728827376047,-0.30078250000841134,-0.04812520000134581,0.36378124999999983,-0.29916914285623414,0.0,53.0,22.01555100701464,-0.1290595777531522,-0.20707547178695482,-0.010353773589347741,0.3004495370370371,-0.12584949004660662,0.2,53.0,23.61522564643108,-0.0473093675079589,0.053901040322077806,0.0013475260080519453,0.3636335648148147,-0.26803213720651664,-0.01333333333333333,53.0,22.403673200371912,-0.2298632501426613,-0.25081955548477297,-0.015049173329086377
2026-07-27,Brandon_Nimmo,607043,hitter,TEX,SEA,2026,822868,111,140,136,1,669923.0,George_Kirby,2.0,4.0,0.0,0.0,0.0,4.0,4.0,0.0,2.0,4.0,0.1111111111111111,0.635,0.635,0.5,30.0,65.0,1.75,9.125,3.1714285714285713,1.08,0.0,74.0,0,1.0,-0.4999999999999997,-0.8660254037844388,0.0,1.0,1.5,2.5,1.5,0.5,0.5,1.5,2.5,1.5,0.5,0.5,synthetic,synthetic,synthetic,synthetic,synthetic,0.0,0.0,0.0,0.0,0.0,-110.0,-110.0,-110.0,-110.0,-110.0,-110.0,-110.0,-110.0,-110.0,-110.0,0.0,0.0,0.0,0.0,0.0,2026-08-07T03:26:40.888653+00:00,-0.12507213055804778,-0.018977546815032387,-0.28299078158961,-0.13868645522859607,-0.05724109968199048,1.6,2.4,1.2,0.2,0.4,1.0,1.0,1.0,0.0,0.0,batter_pitcher_profile_network_v2,1.0,1.0,0.34791130735889136,2.0,0.8448808648485358,0.15454683393070465,0.1115483692228239,-0.12666666666666668,53.0,24.08045686105402,-0.1521372424575951,-0.07412606748524259,-0.007412606748524259,0.17280035842293887,-0.031862735242085154,-0.17777777777777778,53.0,24.693366029643812,-0.12902555502235308,-0.31694300092728966,-0.05071088014836635,0.2814059139784943,-0.177902615267884,-0.2,53.0,23.85230896559633,-0.14380765535096654,-0.31124420322077295,-0.015562210161038648,0.1925143518518519,-0.22242510999158407,-0.13333333333333336,53.0,23.61655290608416,-0.05367500062131405,-0.17145820914384385,-0.004286455228596097,0.2719796296296295,-0.12846081500068296,-0.18666666666666668,53.0,24.14867996350287,-0.15697561673057972,-0.266319915334764,-0.01597919492008584
2026-07-28,Brandon_Nimmo,607043,hitter,TEX,TB,2026,822949,112,140,139,0,643377.0,Griffin_Jax,0.0,0.0,0.0,0.0,0.0,4.0,4.0,0.0,2.0,4.0,0.10526315789473684,0.0,0.0,0.0,0.0,10.0,5.3,7.900000000000001,1.4999999999999996,1.08,0.0,72.0,0,1.0,-0.4999999999999997,-0.8660254037844388,0.7818314824680298,0.6234898018587336,1.5,1.5,0.5,0.5,0.5,1.5,1.5,0.5,0.5,0.5,synthetic,synthetic,synthetic,synthetic,synthetic,0.0,0.0,0.0,0.0,0.0,-110.0,-110.0,-110.0,-110.0,-110.0,-110.0,-110.0,-110.0,-110.0,-110.0,0.0,0.0,0.0,0.0,0.0,2026-08-07T03:26:40.888653+00:00,-0.2755986740028371,0.14338941508494396,-0.1138862834591306,-0.47610014424049796,-0.5,1.2,1.8,0.8,0.0,0.0,2.0,4.0,0.0,0.0,0.0,batter_pitcher_profile_network_v2,1.0,0.8,0.4633858487144861,0.0,0.7345881868259804,0.26752137096774153,-0.16733448275862067,0.0,53.0,24.819859489220217,-0.20389134343705487,-0.02402182774766682,-0.0024021827747666823,0.30217535842293874,-0.08109396551724135,0.0,53.0,25.1778015007396,-0.17543346282716268,-0.27629970835068063,-0.0442079533361089,0.4004684139784943,-0.13509683908045972,0.0,53.0,24.61333458846577,-0.17632534025905416,-0.20535724812998188,-0.010267862406499094,0.3191347222222221,-0.0012448275862068751,0.0,53.0,24.802077613071894,-0.06779259014706336,-0.06800576961991879,-0.0017001442404979699,0.426620833333333,-0.1147448275862068,0.0,53.0,24.700998623734602,-0.1670317309008822,-0.15154242064284293,-0.009092545238570575
2026-07-29,Brandon_Nimmo,607043,hitter,TEX,TB,2026,822947,113,140,139,0,668984.0,Casey_Legumina,1.0,2.0,0.0,0.0,0.0,4.0,4.0,0.0,1.0,3.0,0.125,0.3175,0.3175,0.25,21.25,49.35,4.5,6.0,2.271428571428571,1.08,0.0,72.0,0,1.0,-0.4999999999999997,-0.8660254037844388,0.9749279121818236,-0.22252093395631434,0.5,1.5,0.5,0.5,0.5,0.5,1.5,0.5,0.5,0.5,synthetic,real,real,real,synthetic,0.0,8.0,7.0,6.0,0.0,-110.0,456.626506,310.0,985.356304,-110.0,-110.0,0.0,0.0,0.0,-110.0,0.0,0.3535533905932738,0.37796447300922725,0.0,0.0,2026-07-30T00:28:52.112372+00:00,0.4655565384431226,-0.06756395437981277,0.006877883981039834,-0.36080658019793854,-0.4462857626605098,1.0,1.6,0.6,0.0,0.0,0.0,0.0,0.0,0.0,0.0,batter_pitcher_profile_network_v2,1.0,0.15,0.8173357136978732,0.0,0.5374814562608016,0.0891671296296296,-0.07199999999999998,0.0,53.0,25.273748817683572,-0.16122341402100043,-0.0011727108068691969,-0.00011727108068691969,0.13842685185185177,-0.29412499999999997,0.0,53.0,24.31599211406051,-0.14332921692772646,-0.2224309648738312,-0.03558895437981299,0.23014583333333322,-0.27287499999999987,0.0,53.0,23.80188921955525,-0.1798993838770135,-0.19137089180777356,-0.009568544590388679,0.2157782407407407,-0.466,0.0,53.0,21.819177404112594,-0.06289582800903606,-0.0812632079175432,-0.00203158019793858,0.27347268518518514,-0.37183333333333324,0.0,53.0,22.743894032296346,-0.17761609653725416,-0.15178652053230537,-0.009107191231938322
2026-07-30,Brandon_Nimmo,607043,hitter,TEX,TB,2026,822946,114,140,139,0,663556.0,Shane_McClanahan,0.0,0.0,0.0,0.0,0.0,4.0,2.0,2.0,0.0,3.0,0.10526315789473684,0.345,0.345,0.0,0.0,41.4,3.6,5.968421052631579,2.271428571428571,1.08,0.0,72.0,0,1.0,-0.4999999999999997,-0.8660254037844388,0.43388373911755823,-0.900968867902419,0.5,1.5,0.5,0.5,0.5,0.5,1.5,0.5,0.5,0.5,synthetic,synthetic,synthetic,synthetic,synthetic,0.0,0.0,0.0,0.0,0.0,-110.0,-110.0,-110.0,-110.0,-110.0,-110.0,-110.0,-110.0,-110.0,-110.0,0.0,0.0,0.0,0.0,0.0,2026-08-07T03:26:40.888653+00:00,0.44055005541188563,-0.22800018380350684,-0.1324294375725964,-0.4777223529609972,-0.46478705040461626,0.8,1.4,0.4,0.0,0.0,1.0,2.0,0.0,0.0,0.0,batter_pitcher_profile_network_v2,1.0,1.0,0.3608027313898953,0.0,0.8058016654047377,0.08213561081242512,-0.3218125659604739,0.0,52.0,23.776613198360323,-0.16416749385924986,-0.01689543585607994,-0.0016895435856079941,0.1558391726403822,-0.36385789288525267,0.0,52.0,23.43697224001174,-0.15436839908117336,-0.26779720140349794,-0.042847552224559673,0.23114079301075252,-0.3310645712813368,0.0,52.0,22.97644576149094,-0.17373591123477075,-0.2226489018278664,-0.011132445091393321,0.2883844907407407,-0.3848935643480823,0.0,52.0,22.744681750172504,-0.06194492537641917,-0.1328941184398886,-0.003322352960997215,0.3250164351851851,-0.38626591021019374,0.0,52.0,22.389446880707343,-0.17407015447599064,-0.21079921100425567,-0.012647952660255339
2026-07-31,Brandon_Nimmo,607043,hitter,TEX,HOU,2026,824164,115,140,117,0,686613.0,Hunter_Brown,0.0,0.0,0.0,0.0,0.0,4.0,4.0,0.0,1.0,4.0,0.11428571428571428,0.0,0.0,0.0,0.0,10.0,4.071428571428571,7.571428571428572,4.236428571428572,1.08,0.0,73.0,0,1.0,-0.4999999999999997,-0.8660254037844388,-0.433883739117558,-0.9009688679024191,0.5,1.5,0.5,0.5,0.5,0.5,1.5,0.5,0.5,0.5,synthetic,synthetic,synthetic,synthetic,synthetic,0.0,0.0,0.0,0.0,0.0,-110.0,-110.0,-110.0,-110.0,-110.0,-110.0,-110.0,-110.0,-110.0,-110.0,0.0,0.0,0.0,0.0,0.0,2026-08-07T03:26:40.888653+00:00,0.3257613594366784,-0.6324493664853938,-0.34296231569226976,-0.4782683931281508,-0.4490537597004656,0.8,1.4,0.2,0.0,0.0,0.0,0.0,0.0,0.0,0.0,batter_pitcher_profile_network_v2,1.0,0.55,0.6428373017314704,1.0,0.6679388367958422,0.0722440210027105,-0.5333142588287753,0.1037037037037037,52.0,21.548310343717958,-0.1515922177746156,0.07142311817630957,0.007142311817630958,0.11621082881662188,-0.4496420477086659,0.09135802469135802,52.0,22.89465702680627,-0.12883420347771146,-0.13687104053371124,-0.021899366485393798,0.21982494918699244,-0.009661412106785575,0.1111111111111111,52.0,25.628378847985154,-0.1611850751824209,-0.07067488527396759,-0.0035337442636983797,0.1858937499999999,-0.3147573910563054,-0.07407407407407408,52.0,24.09647730423162,-0.07299179828770903,-0.1547357251260319,-0.0038683931281507976,0.2616715277777781,-0.17080143356601304,0.1111111111111111,52.0,25.084748190397146,-0.150967412763773,-0.037919804531571025,-0.0022751882718942615
2026-08-01,Brandon_Nimmo,607043,hitter,TEX,HOU,2026,824162,116,140,117,0,669854.0,Ronel_Blanco,2.0,2.0,0.0,0.0,0.0,4.0,3.0,1.0,0.0,4.0,0.10526315789473684,0.6174999999999999,0.6174999999999999,0.0,0.0,65.0,8.075892857142858,11.089285714285714,4.236428571428572,1.08,0.0,73.0,0,1.0,-0.8660254037844385,-0.5000000000000004,-0.9749279121818236,-0.2225209339563146,0.5,1.5,0.5,0.5,0.5,0.5,1.5,0.5,0.5,0.5,synthetic,synthetic,synthetic,synthetic,synthetic,0.0,0.0,0.0,0.0,0.0,-110.0,-110.0,-110.0,-110.0,-110.0,-110.0,-110.0,-110.0,-110.0,-110.0,0.0,0.0,0.0,0.0,0.0,2026-08-07T03:26:40.888653+00:00,-0.006723359178318011,-0.4843761577632253,-0.1445436305152693,-0.4757090967333924,-0.27519247342939923,0.6,1.2,0.0,0.0,0.0,0.0,0.0,0.0,0.0,0.0,batter_pitcher_profile_network_v2,1.0,0.1,0.7096998878352689,0.0,0.526306176374018,0.03119963949605314,-0.20579268292682937,0.0,53.0,25.670662093021456,-0.10091052770952139,-0.001863917597717164,-0.0001863917597717164,0.07794914238008481,0.17419207317073157,0.0,53.0,25.06097920590709,-0.07699667946555204,-0.11155328865173808,-0.017848526184278093,0.16840215163934408,0.702515243902439,0.0,53.0,17.724692308228764,-0.14177673827802914,-0.10743276068132532,-0.005371638034066266,0.1737752314814814,0.6699999999999999,0.0,53.0,17.39455115067766,-0.08616333869334898,-0.05236386933569646,-0.0013090967333924115,0.19763634259259258,0.6033536585365854,0.0,53.0,19.305716405097996,-0.11400842468542216,-0.05088959475063915,-0.003053375685038349
2026-08-02,Brandon_Nimmo,607043,hitter,TEX,HOU,2026,824163,117,140,117,0,663567.0,Peter_Lambert,2.0,5.0,2.0,1.0,1.0,4.0,3.0,1.0,1.0,4.0,0.11428571428571428,0.92,0.92,1.0,30.0,65.0,2.6999999999999997,10.1,4.2117032967032975,1.08,0.0,73.0,0,1.0,-0.8660254037844385,-0.5000000000000004,-0.7818314824680299,0.6234898018587334,0.5,0.5,0.5,0.5,0.5,0.5,0.5,0.5,0.5,0.5,synthetic,synthetic,synthetic,synthetic,synthetic,0.0,0.0,0.0,0.0,0.0,-110.0,-110.0,-110.0,-110.0,-110.0,-110.0,-110.0,-110.0,-110.0,-110.0,0.0,0.0,0.0,0.0,0.0,2026-08-07T03:26:40.888653+00:00,0.3260861714277671,1.8757039582698494,0.022369610769468307,-0.1538969981328686,-0.1800809940921803,0.6,0.8,0.0,0.0,0.0,2.0,2.0,0.0,0.0,0.0,batter_pitcher_profile_network_v2,1.0,0.95,0.29482792546162806,2.0,0.835689400174403,0.10298899134790493,-0.3042404177724361,-0.10666666666666669,51.0,24.166965003908896,-0.10798185522576594,-0.09115293773698291,-0.009115293773698291,0.13796303126897363,-0.2560765779320675,-0.0977777777777778,51.0,24.67719822640109,-0.09013131122799956,-0.22341276081344472,-0.035746041730151154,0.24246465163934405,-0.18565107466969985,-0.2,51.0,24.605191599883756,-0.1380857977168197,-0.2993110813139331,-0.014965554065696655,0.18796041666666657,-0.1830870181126544,-0.13333333333333336,51.0,24.743294834054456,-0.06929089788835446,-0.17987992531474595,-0.004496998132868649,0.26942569444444436,-0.23808194374419195,0.02666666666666666,51.0,24.23918612151735,-0.1419557527844012,-0.13443598212241975,-0.008066158927345185
2026-08-03,Brandon_Nimmo,607043,hitter,TEX,SF,2026,822867,118,140,137,1,657277.0,Logan_Webb,0.0,0.0,0.0,0.0,0.0,4.0,4.0,0.0,1.0,4.0,0.1111111111111111,0.0,0.0,0.0,0.0,10.0,4.3500000000000005,6.25,2.0969387755102042,1.08,0.0,74.0,0,1.0,-0.8660254037844385,-0.5000000000000004,0.0,1.0,0.5,1.5,0.5,0.5,0.5,0.5,1.5,0.5,0.5,0.5,synthetic,synthetic,synthetic,synthetic,synthetic,0.0,0.0,0.0,0.0,0.0,-110.0,-110.0,-110.0,-110.0,-110.0,-110.0,-110.0,-110.0,-110.0,-110.0,0.0,0.0,0.0,0.0,0.0,2026-08-07T03:26:40.888653+00:00,0.7154351540991153,0.3172784109914344,-0.04733626650265155,-0.23760585064974032,-0.26994095605184576,1.0,1.8,0.4,0.2,0.2,2.0,5.0,2.0,1.0,1.0,batter_pitcher_profile_network_v2,1.0,1.0,0.3266904492211736,0.0,0.8099804199704062,0.07006378642987277,0.06873818357664509,0.0,53.0,26.134979754665896,-0.059669481644108104,0.003242697453737626,0.0003242697453737626,0.1618925242865819,-0.04768135085635086,0.0,53.0,26.744200362681553,-0.06613887801628333,-0.10440576463686942,-0.016704922341899107,0.2149936816939894,-0.08139272330233865,0.0,53.0,26.53227925925658,-0.0868819147600657,-0.09866410556323646,-0.004933205278161823,0.27372430555555555,-0.13148928971236662,0.0,53.0,26.355367294109847,-0.10400039352713342,-0.12823402598961353,-0.0032058506497403385,0.32029375000000015,-0.07430897905513284,0.0,53.0,26.49723998291917,-0.16651215807728748,-0.1409093582337117,-0.008454561494022702
2026-08-04,Brandon_Nimmo,607043,hitter,TEX,SF,2026,822865,119,140,137,1,694918.0,Blade_Tidwell,3.0,4.0,0.0,0.0,1.0,5.0,5.0,0.0,1.0,4.0,0.12195121951219512,0.61,0.61,0.2,17.0,65.0,3.0,6.0,2.5255102040816326,1.08,0.0,74.0,0,1.0,-0.8660254037844385,-0.5000000000000004,0.7818314824680298,0.6234898018587336,0.5,1.5,0.5,0.5,0.5,0.5,1.5,0.5,0.5,0.5,synthetic,synthetic,synthetic,synthetic,synthetic,0.0,0.0,0.0,0.0,0.0,-110.0,-110.0,-110.0,-110.0,-110.0,-110.0,-110.0,-110.0,-110.0,-110.0,0.0,0.0,0.0,0.0,0.0,2026-08-07T03:26:40.888653+00:00,0.3446887008461921,-0.0821067848799304,0.045433093935728475,-0.24105086341698245,-0.20802053945347876,0.8,1.4,0.4,0.2,0.2,0.0,0.0,0.0,0.0,0.0,batter_pitcher_profile_network_v2,1.0,0.0,1.0,0.0,0.5,-0.03568979759718434,0.0,0.0,53.0,27.006363981256676,-0.03768230542823982,0.0,0.0,-0.00041850704009816636,0.0,0.0,53.0,27.18360717864494,0.023218680886468963,0.034828021329703446,0.005572483412752551,0.09090487258953148,0.0,0.0,53.0,27.181426384341503,-0.05501905707438169,-0.05501905707438169,-0.0027509528537190847,0.08460393518518516,0.0,0.0,53.0,26.93490192350443,0.03396546332070005,0.03396546332070005,0.0008491365830175014,0.10809004629629627,0.0,0.0,53.0,27.08840543590642,-0.08245964008670667,-0.06184473006503,-0.0037106838039018
2026-08-05,Brandon_Nimmo,607043,hitter,TEX,SF,2026,822866,120,140,137,1,687931.0,Carson_Whisenhunt,2.0,5.0,2.0,1.0,2.0,4.0,3.0,1.0,0.0,3.0,0.1111111111111111,0.92,0.92,1.0,30.0,65.0,8.858823529411765,9.01764705882353,2.61317254174397,1.08,0.0,74.0,0,1.0,-0.8660254037844385,-0.5000000000000004,0.9749279121818236,-0.22252093395631434,1.5,2.5,0.5,0.5,0.5,1.5,2.5,0.5,0.5,0.5,synthetic,synthetic,synthetic,synthetic,synthetic,0.0,0.0,0.0,0.0,0.0,-110.0,-110.0,-110.0,-110.0,-110.0,-110.0,-110.0,-110.0,-110.0,-110.0,0.0,0.0,0.0,0.0,0.0,2026-08-07T03:26:40.888653+00:00,0.009309483085166104,1.0450920824275913,0.2171996139283604,-0.009030223532333403,0.17156008687482782,1.4,2.2,0.4,0.2,0.4,3.0,4.0,0.0,0.0,1.0,batter_pitcher_profile_network_v2,1.0,0.3,0.7834495180456744,0.0,0.5762082302118214,0.08125982468123824,-0.03887000254647326,0.0,52.0,26.985909111473713,-0.11212591685913162,-0.0006839897674957463,-6.839897674957463e-05,0.11007877200971443,0.04417731410746107,0.0,52.0,26.86138464911203,-0.04608226653028527,-0.06807031816089376,-0.010891250905743001,0.21036048497267731,0.3788837588065529,0.0,52.0,23.851246125113704,-0.06143980677393382,-0.04418026317676313,-0.0022090131588381567,0.15476597222222227,0.1627040998217468,0.0,52.0,25.835829004925326,0.0093380884187496,0.014791058706662015,0.0003697764676665504,0.2340854166666666,0.2881545921398862,0.0,52.0,24.843093993267917,-0.12536939780053608,-0.07942011465062482,-0.004765206879037489
