Date,Player,Player_MLBAM_ID,Player_Type,Team,Opponent,Season,Game_ID,Game_Index,Team_ID,Opponent_ID,Is_Home,Opp_Starter_ID,Opp_Starter_Player,H,TB,R,HR,RBI,PA,AB,BB,SO,Batting_Order,Team_PA_share,wOBA,xwOBA,ISO,Barrel%,HardHit%,Opp_Pitcher_ERA_3,Opp_Pitcher_K9_3,Opp_Bullpen_ERA_7,Park_Factor,Wind_Out_MPH,Temp_F,Did_Not_Play,Rest_Days,Month_sin,Month_cos,DayOfWeek_sin,DayOfWeek_cos,Market_H,Market_TB,Market_R,Market_HR,Market_RBI,Synthetic_Market_H,Synthetic_Market_TB,Synthetic_Market_R,Synthetic_Market_HR,Synthetic_Market_RBI,Market_Source_H,Market_Source_TB,Market_Source_R,Market_Source_HR,Market_Source_RBI,Market_H_books,Market_TB_books,Market_R_books,Market_HR_books,Market_RBI_books,Market_H_over_price,Market_TB_over_price,Market_R_over_price,Market_HR_over_price,Market_RBI_over_price,Market_H_under_price,Market_TB_under_price,Market_R_under_price,Market_HR_under_price,Market_RBI_under_price,Market_H_line_std,Market_TB_line_std,Market_R_line_std,Market_HR_line_std,Market_RBI_line_std,Market_Fetched_At_UTC,H_market_gap,TB_market_gap,R_market_gap,HR_market_gap,RBI_market_gap,H_rolling_avg,TB_rolling_avg,R_rolling_avg,HR_rolling_avg,RBI_rolling_avg,H_lag1,TB_lag1,R_lag1,HR_lag1,RBI_lag1,Matchup_Network_Version,Matchup_Network_Batter_Support,Matchup_Network_Pitcher_Support,Pitcher_Profile_Uncertainty,Batter_Vs_Starter_Games,Matchup_Network_Confidence,Batter_Profile_H_Strength,Pitcher_Profile_H_Vulnerability,Batter_Vs_Starter_H_Lift,Archetype_Neighbor_H_Games,Archetype_Neighbor_H_Effective_Support,Archetype_Neighbor_H_Lift,Matchup_Network_H_Score,Matchup_Network_H_Adjustment,Batter_Profile_TB_Strength,Pitcher_Profile_TB_Vulnerability,Batter_Vs_Starter_TB_Lift,Archetype_Neighbor_TB_Games,Archetype_Neighbor_TB_Effective_Support,Archetype_Neighbor_TB_Lift,Matchup_Network_TB_Score,Matchup_Network_TB_Adjustment,Batter_Profile_R_Strength,Pitcher_Profile_R_Vulnerability,Batter_Vs_Starter_R_Lift,Archetype_Neighbor_R_Games,Archetype_Neighbor_R_Effective_Support,Archetype_Neighbor_R_Lift,Matchup_Network_R_Score,Matchup_Network_R_Adjustment,Batter_Profile_HR_Strength,Pitcher_Profile_HR_Vulnerability,Batter_Vs_Starter_HR_Lift,Archetype_Neighbor_HR_Games,Archetype_Neighbor_HR_Effective_Support,Archetype_Neighbor_HR_Lift,Matchup_Network_HR_Score,Matchup_Network_HR_Adjustment,Batter_Profile_RBI_Strength,Pitcher_Profile_RBI_Vulnerability,Batter_Vs_Starter_RBI_Lift,Archetype_Neighbor_RBI_Games,Archetype_Neighbor_RBI_Effective_Support,Archetype_Neighbor_RBI_Lift,Matchup_Network_RBI_Score,Matchup_Network_RBI_Adjustment
2026-03-02,Ryan_Vilade,668723,hitter,TB,PIT,2026,831577,0,139,134,0,605182.0,Mike_Clevinger,0.0,0.0,1.0,0.0,0.0,3.0,2.0,1.0,0.0,3.0,0.08823529411764706,0.22999999999999998,0.22999999999999998,0.0,0.0,27.599999999999998,4.1,8.2,0.0,1.08,-10.0,81.0,0,2.0,1.0,6.123233995736766e-17,0.0,1.0,0.5,0.5,0.5,0.5,0.5,0.5,0.5,0.5,0.5,0.5,synthetic,synthetic,synthetic,synthetic,synthetic,0.0,0.0,0.0,0.0,0.0,-110.0,-110.0,-110.0,-110.0,-110.0,-110.0,-110.0,-110.0,-110.0,-110.0,0.0,0.0,0.0,0.0,0.0,2026-08-07T03:26:40.888653+00:00,-0.42722745098039205,-0.4034970588235294,0.2044264705882355,-0.4744,-0.5,0.0,0.0,1.0,0.0,0.0,0.0,0.0,1.0,0.0,0.0,,0.0,0.0,1.0,0.0,0.0,0.0,0.0,0.0,0.0,0.0,0.0,0.0,0.0,0.0,0.0,0.0,0.0,0.0,0.0,0.0,0.0,0.0,0.0,0.0,0.0,0.0,0.0,0.0,0.0,0.0,0.0,0.0,0.0,0.0,0.0,0.0,0.0,0.0,0.0,0.0,0.0,0.0,0.0,0.0,0.0
2026-03-03,Ryan_Vilade,668723,hitter,TB,PHI,2026,831532,1,139,143,1,660604.0,Alan_Rangel,2.0,3.0,1.0,0.0,0.0,3.0,3.0,0.0,0.0,6.0,0.08823529411764706,0.7200000000000001,0.7200000000000001,0.3333333333333333,28.333333333333332,65.0,4.1,8.2,6.428571428571429,1.0611111111111111,-12.0,82.0,0,1.0,1.0,6.123233995736766e-17,0.7818314824680298,0.6234898018587336,0.5,0.5,0.5,0.5,0.5,0.5,0.5,0.5,0.5,0.5,synthetic,synthetic,synthetic,synthetic,synthetic,0.0,0.0,0.0,0.0,0.0,-110.0,-110.0,-110.0,-110.0,-110.0,-110.0,-110.0,-110.0,-110.0,-110.0,0.0,0.0,0.0,0.0,0.0,2026-08-07T03:26:40.888653+00:00,-0.1744845938375349,0.2079362745098039,0.7653550420168069,-0.3262777777777778,-0.15180672268907558,0.0,0.0,1.0,0.0,0.0,0.0,0.0,1.0,0.0,0.0,batter_pitcher_profile_network_v2,0.03333333333333333,0.0,1.0,0.0,0.016666666666666666,-0.015555555555555559,0.0,0.0,0.0,0.0,0.0,0.0,0.0,-0.33666666666666667,0.0,0.0,0.0,0.0,0.0,0.0,0.0,-0.025000000000000022,0.0,0.0,0.0,0.0,0.0,0.0,0.0,-0.8718055555555556,0.0,0.0,0.0,0.0,0.0,0.0,0.0,-0.6905555555555556,0.0,0.0,0.0,0.0,0.0,0.0,0.0
2026-03-05,Ryan_Vilade,668723,hitter,TB,BAL,2026,831633,2,139,110,1,621107.0,Zach_Eflin,2.0,3.0,1.0,0.0,0.0,5.0,4.0,1.0,0.0,5.0,0.11904761904761904,0.5700000000000001,0.5700000000000001,0.25,21.25,65.0,4.1,8.2,3.1142857142857143,1.0611111111111111,10.0,87.0,0,2.0,1.0,6.123233995736766e-17,0.43388373911755823,-0.900968867902419,0.5,1.5,0.5,0.5,0.5,0.5,1.5,0.5,0.5,0.5,synthetic,synthetic,synthetic,synthetic,synthetic,0.0,0.0,0.0,0.0,0.0,-110.0,-110.0,-110.0,-110.0,-110.0,-110.0,-110.0,-110.0,-110.0,-110.0,0.0,0.0,0.0,0.0,0.0,2026-08-07T03:26:40.888653+00:00,0.7215714285714288,0.4240833333333336,0.5659642857142859,-0.3648194444444445,-0.3262857142857143,1.0,1.5,1.0,0.0,0.0,2.0,3.0,1.0,0.0,0.0,batter_pitcher_profile_network_v2,0.06666666666666667,0.0,1.0,0.0,0.03333333333333333,0.8922222222222222,0.0,0.0,0.0,0.0,0.0,0.0,0.0,0.7038888888888888,0.0,0.0,0.0,0.0,0.0,0.0,0.0,0.78125,0.0,0.0,0.0,0.0,0.0,0.0,0.0,0.4682638888888888,0.0,0.0,0.0,0.0,0.0,0.0,0.0,0.5026388888888889,0.0,0.0,0.0,0.0,0.0,0.0,0.0
2026-03-06,Ryan_Vilade,668723,hitter,TB,NYY,2026,831624,3,139,147,0,693645.0,Cam_Schlittler,1.0,1.0,0.0,0.0,0.0,3.0,3.0,0.0,1.0,3.0,0.09375,0.2966666666666667,0.2966666666666667,0.0,0.0,35.6,4.1,8.2,2.53125,1.08,0.0,82.0,0,1.0,1.0,6.123233995736766e-17,-0.433883739117558,-0.9009688679024191,1.5,1.5,0.5,0.5,0.5,1.5,1.5,0.5,0.5,0.5,synthetic,synthetic,synthetic,synthetic,synthetic,0.0,0.0,0.0,0.0,0.0,-110.0,-110.0,-110.0,-110.0,-110.0,-110.0,-110.0,-110.0,-110.0,-110.0,0.0,0.0,0.0,0.0,0.0,2026-08-07T03:26:40.888653+00:00,-0.1265375000000002,0.29252500000000015,0.3746041666666666,-0.4744,-0.4671875,1.3333333333333333,2.0,1.0,0.0,0.0,2.0,3.0,1.0,0.0,0.0,batter_pitcher_profile_network_v2,0.1,0.0,1.0,0.0,0.05,0.9614814814814815,0.0,0.0,0.0,0.0,0.0,0.0,0.0,0.8137037037037036,0.0,0.0,0.0,0.0,0.0,0.0,0.0,0.7708333333333333,0.0,0.0,0.0,0.0,0.0,0.0,0.0,0.6781481481481481,0.0,0.0,0.0,0.0,0.0,0.0,0.0,0.6350925925925924,0.0,0.0,0.0,0.0,0.0,0.0,0.0
2026-03-08,Ryan_Vilade,668723,hitter,TB,ATL,2026,831520,4,139,144,1,693821.0,Bryce_Elder,0.0,0.0,0.0,0.0,1.0,3.0,3.0,0.0,1.0,8.0,0.06818181818181818,0.0,0.0,0.0,0.0,10.0,0.0,3.0,2.7,1.0611111111111111,0.0,82.0,0,2.0,1.0,6.123233995736766e-17,-0.7818314824680299,0.6234898018587334,1.5,1.5,0.5,0.5,0.5,1.5,1.5,0.5,0.5,0.5,synthetic,synthetic,synthetic,synthetic,synthetic,0.0,0.0,0.0,0.0,0.0,-110.0,-110.0,-110.0,-110.0,-110.0,-110.0,-110.0,-110.0,-110.0,-110.0,0.0,0.0,0.0,0.0,0.0,2026-08-07T03:26:40.888653+00:00,-0.10285647823569022,-0.31299866940471355,-0.16252622679924245,-0.4804793620115741,-0.5,1.25,1.75,0.75,0.0,0.0,1.0,1.0,0.0,0.0,0.0,batter_pitcher_profile_network_v2,0.13333333333333333,0.05,0.9425,0.0,0.07839385416666667,0.9144444444444445,0.35600000000000004,0.0,0.0,0.0,0.0,0.002495823703703704,0.0002495823703703704,0.6771527777777777,-0.04399999999999994,0.0,0.0,0.0,0.0,-0.00022842620370370337,-3.654819259259254e-05,0.796875,-0.6066666666666665,0.0,0.0,0.0,0.0,-0.0037063541666666655,-0.0001853177083333333,0.33488715277777764,-0.5439999999999999,0.0,0.0,0.0,0.0,-0.0013967026851851843,-3.4917567129629606e-05,0.4821527777777777,-0.5066666666666665,0.0,0.0,0.0,0.0,-0.0018728956790123447,-0.00011237374074074068
2026-03-10,Ryan_Vilade,668723,hitter,TB,MIN,2026,831618,5,139,142,1,657746.0,Joe_Ryan,1.0,1.0,2.0,0.0,1.0,2.0,1.0,1.0,0.0,2.0,0.045454545454545456,0.79,0.79,0.0,0.0,65.0,4.1,8.2,5.120604395604396,1.0611111111111111,0.0,85.0,0,2.0,1.0,6.123233995736766e-17,0.7818314824680298,0.6234898018587336,0.5,1.5,0.5,0.5,0.5,0.5,1.5,0.5,0.5,0.5,synthetic,synthetic,synthetic,synthetic,synthetic,0.0,0.0,0.0,0.0,0.0,-110.0,-110.0,-110.0,-110.0,-110.0,-110.0,-110.0,-110.0,-110.0,-110.0,0.0,0.0,0.0,0.0,0.0,2026-08-07T03:26:40.888653+00:00,0.4043090243090244,-0.3392803030303029,0.32855294705294713,-0.48044444444444445,0.049484765234765304,1.0,1.4,0.6,0.0,0.2,0.0,0.0,0.0,0.0,1.0,batter_pitcher_profile_network_v2,0.16666666666666666,0.0,1.0,0.0,0.08333333333333333,0.6433651960784312,0.0,0.0,0.0,0.0,0.0,0.0,0.0,0.4021879084967319,0.0,0.0,0.0,0.0,0.0,0.0,0.0,0.5402573529411764,0.0,0.0,0.0,0.0,0.0,0.0,0.0,0.03193749999999994,0.0,0.0,0.0,0.0,0.0,0.0,0.0,0.15745833333333334,0.0,0.0,0.0,0.0,0.0,0.0,0.0
2026-03-11,Ryan_Vilade,668723,hitter,TB,ATL,2026,831574,6,139,144,0,675911.0,Spencer_Strider,0.0,0.0,0.0,0.0,0.0,2.0,2.0,0.0,0.0,9.0,0.05555555555555555,0.0,0.0,0.0,0.0,10.0,7.7142857142857135,15.428571428571427,4.531417830290011,1.08,10.0,86.0,0,1.0,1.0,6.123233995736766e-17,0.9749279121818236,-0.22252093395631434,1.5,1.5,0.5,0.5,0.5,1.5,1.5,0.5,0.5,0.5,synthetic,synthetic,synthetic,synthetic,synthetic,0.0,0.0,0.0,0.0,0.0,-110.0,-110.0,-110.0,-110.0,-110.0,-110.0,-110.0,-110.0,-110.0,-110.0,0.0,0.0,0.0,0.0,0.0,2026-08-07T03:26:40.888653+00:00,-0.6761051915503041,-0.4106833333333333,0.21532089151450062,-0.4744,-0.06909577515216603,1.2,1.6,0.8,0.0,0.4,1.0,1.0,2.0,0.0,1.0,batter_pitcher_profile_network_v2,0.2,0.0,1.0,0.0,0.1,0.8734576023391812,0.0,0.0,0.0,0.0,0.0,0.0,0.0,0.5452217348927874,0.0,0.0,0.0,0.0,0.0,0.0,0.0,0.7805921052631579,0.0,0.0,0.0,0.0,0.0,0.0,0.0,-0.06817708333333349,0.0,0.0,0.0,0.0,0.0,0.0,0.0,0.3112499999999999,0.0,0.0,0.0,0.0,0.0,0.0,0.0
2026-03-13,Ryan_Vilade,668723,hitter,TB,BOS,2026,831616,7,139,111,0,670912.0,Johan_Oviedo,0.0,0.0,0.0,0.0,0.0,3.0,2.0,1.0,0.0,7.0,0.075,0.22999999999999998,0.22999999999999998,0.0,0.0,27.599999999999998,0.0,12.0,7.744292858843942,1.08,-8.0,77.0,0,2.0,1.0,6.123233995736766e-17,-0.433883739117558,-0.9009688679024191,0.5,0.5,0.5,0.5,0.5,0.5,0.5,0.5,0.5,0.5,synthetic,synthetic,synthetic,synthetic,synthetic,0.0,0.0,0.0,0.0,0.0,-110.0,-110.0,-110.0,-110.0,-110.0,-110.0,-110.0,-110.0,-110.0,-110.0,0.0,0.0,0.0,0.0,0.0,2026-08-07T03:26:40.888653+00:00,0.19773305052997303,0.20136363706134253,0.13859532429799137,-0.47447537456380207,0.023346334439592886,0.8,1.0,0.6,0.0,0.4,0.0,0.0,0.0,0.0,0.0,batter_pitcher_profile_network_v2,0.23333333333333334,0.05,0.9425,0.0,0.12839385416666665,0.7204067460317459,-0.7125,0.0,0.0,0.0,0.0,-0.006886638237847222,-0.0006886638237847222,0.390813492063492,-0.8181250000000001,0.0,0.0,0.0,0.0,-0.004289768366608796,-0.0006863629386574073,0.6138392857142856,-0.896875,0.0,0.0,0.0,0.0,-0.0073863728841145814,-0.0003693186442057291,-0.22698908730158734,-0.9900000000000001,0.0,0.0,0.0,0.0,-0.0030149825520833337,-7.537456380208335e-05,0.09838293650793636,-0.8625,0.0,0.0,0.0,0.0,-0.001138475043402776,-6.830850260416656e-05
2026-03-16,Ryan_Vilade,668723,hitter,TB,ATL,2026,831557,8,139,144,0,519242.0,Chris_Sale,0.0,0.0,0.0,0.0,0.0,3.0,3.0,0.0,0.0,4.0,0.08108108108108109,0.0,0.0,0.0,0.0,10.0,3.0,6.0,4.476315789473685,1.08,25.0,82.0,0,3.0,1.0,6.123233995736766e-17,0.0,1.0,0.5,0.5,0.5,0.5,0.5,0.5,0.5,0.5,0.5,0.5,synthetic,synthetic,synthetic,synthetic,synthetic,0.0,0.0,0.0,0.0,0.0,-110.0,-110.0,-110.0,-110.0,-110.0,-110.0,-110.0,-110.0,-110.0,-110.0,0.0,0.0,0.0,0.0,0.0,2026-08-07T03:26:40.888653+00:00,0.1283353981101505,-0.266830783015015,-0.24135456196992283,-0.4744653492990451,-0.20183887969034903,0.4,0.4,0.4,0.0,0.4,0.0,0.0,0.0,0.0,0.0,batter_pitcher_profile_network_v2,0.26666666666666666,0.05,0.9425,0.0,0.14506052083333332,0.6256770833333334,0.37550000000000006,0.0,0.0,0.0,0.0,0.003602440086805556,0.00036024400868055564,0.2897222222222222,-0.02999999999999997,0.0,0.0,0.0,0.0,-0.00013327222222222208,-2.1323555555555534e-05,0.49921875000000016,-0.21558974358974353,0.0,0.0,0.0,0.0,-0.0016502721153846154,-8.251360576923077e-05,-0.32165364583333345,-0.5299999999999999,0.0,0.0,0.0,0.0,-0.002613971961805556,-6.53492990451389e-05,-0.03109374999999998,-0.21046153846153837,0.0,0.0,0.0,0.0,-0.00010034192307692296,-6.020515384615377e-06
2026-03-17,Ryan_Vilade,668723,hitter,TB,NYY,2026,831609,9,139,147,1,701542.0,Will_Warren,0.0,0.0,0.0,0.0,0.0,2.0,0.0,1.0,0.0,5.0,0.05714285714285714,0.705,0.705,0.0,0.0,65.0,1.0,5.704545454545454,3.8628371628371627,1.0611111111111111,-7.0,56.0,0,1.0,1.0,6.123233995736766e-17,0.7818314824680298,0.6234898018587336,0.5,0.5,0.5,0.5,0.5,0.5,0.5,0.5,0.5,0.5,synthetic,synthetic,synthetic,synthetic,synthetic,0.0,0.0,0.0,0.0,0.0,-110.0,-110.0,-110.0,-110.0,-110.0,-110.0,-110.0,-110.0,-110.0,-110.0,0.0,0.0,0.0,0.0,0.0,2026-08-07T03:26:40.888653+00:00,-0.18495316821900876,-0.10927167784943631,0.07483388178400185,-0.4806459174626538,-0.05001718014553891,0.2,0.2,0.4,0.0,0.4,0.0,0.0,0.0,0.0,0.0,batter_pitcher_profile_network_v2,0.3,0.15,0.7354216373809743,0.0,0.1889866274131246,0.41846450617283965,-0.4734955654101996,0.0,0.0,0.0,0.0,-0.01572715338555894,-0.001572715338555894,0.09896604938271614,-0.4018085735402808,0.0,0.0,0.0,0.0,-0.003156319892310323,-0.0005050111827696517,0.28715277777777803,-0.708989898989899,0.0,0.0,0.0,0.0,-0.01615952715712725,-0.0008079763578563625,-0.41701003086419763,-0.2434752402069475,0.0,0.0,0.0,0.0,-0.008058920728374478,-0.00020147301820936194,-0.2528317901234567,-0.7134343434343433,0.0,0.0,0.0,0.0,-0.014317304789951212,-0.0008590382873970726
2026-03-19,Ryan_Vilade,668723,hitter,TB,PHI,2026,831551,10,139,143,0,641835.0,Tim_Mayza,1.0,4.0,1.0,1.0,1.0,3.0,3.0,0.0,1.0,5.0,0.1,0.7000000000000001,0.7000000000000001,1.0,30.0,65.0,6.0,0.0,3.0817669172932334,1.08,-10.0,71.0,0,2.0,1.0,6.123233995736766e-17,0.43388373911755823,-0.900968867902419,0.5,0.5,0.5,0.5,0.5,0.5,0.5,0.5,0.5,0.5,synthetic,synthetic,synthetic,synthetic,synthetic,0.0,0.0,0.0,0.0,0.0,-110.0,-110.0,-110.0,-110.0,-110.0,-110.0,-110.0,-110.0,-110.0,-110.0,0.0,0.0,0.0,0.0,0.0,2026-08-07T03:26:40.888653+00:00,0.21267067669172945,1.1448500000000001,0.08783834586466166,-0.14939999999999998,-0.17531165413533828,0.2,0.2,0.4,0.0,0.2,0.0,0.0,0.0,0.0,0.0,batter_pitcher_profile_network_v2,0.3333333333333333,0.0,1.0,0.0,0.16666666666666666,0.6222430555555556,0.0,0.0,0.0,0.0,0.0,0.0,0.0,0.25656944444444446,0.0,0.0,0.0,0.0,0.0,0.0,0.0,0.5078125,0.0,0.0,0.0,0.0,0.0,0.0,0.0,-0.4321840277777778,0.0,0.0,0.0,0.0,0.0,0.0,0.0,-0.0644236111111111,0.0,0.0,0.0,0.0,0.0,0.0,0.0
2026-03-21,Ryan_Vilade,668723,hitter,TB,MIN,2026,831599,11,139,142,1,657746.0,Joe_Ryan,1.0,1.0,0.0,0.0,0.0,3.0,3.0,0.0,0.0,3.0,0.1,0.2966666666666667,0.2966666666666667,0.0,0.0,35.6,1.125,6.75,5.452040816326531,1.0611111111111111,-8.0,76.0,0,2.0,1.0,6.123233995736766e-17,-0.9749279121818236,-0.2225209339563146,0.5,0.5,0.5,0.5,0.5,0.5,0.5,0.5,0.5,0.5,synthetic,synthetic,synthetic,synthetic,synthetic,0.0,0.0,0.0,0.0,0.0,-110.0,-110.0,-110.0,-110.0,-110.0,-110.0,-110.0,-110.0,-110.0,-110.0,0.0,0.0,0.0,0.0,0.0,2026-08-07T03:26:40.888653+00:00,0.12646879777652897,0.6822173511690393,0.020296822195215003,-0.24197016854998088,-0.012607514273620668,0.2,0.8,0.2,0.2,0.2,1.0,4.0,1.0,1.0,1.0,batter_pitcher_profile_network_v2,0.36666666666666664,0.1,0.7877341719019273,1.0,0.2274335897275347,0.7869823232323235,-0.2271105990783411,0.0404040404040404,0.0,0.0,0.0,0.02220498456801055,0.002220498456801055,0.5732070707070708,-0.43469412442396316,-0.006734006734006728,0.0,0.0,0.0,-0.025412388526838588,-0.004065982164294174,0.6857954545454549,-0.4450739247311828,0.1111111111111111,0.0,0.0,0.0,0.07556229424443468,0.0037781147122217342,0.015628156565656463,-0.6872142857142858,-0.06734006734006734,0.0,0.0,0.0,-0.061028964221456004,-0.0015257241055364002,0.31501262626262644,-0.5225268817204302,0.1111111111111111,0.0,0.0,0.0,0.08650741516754491,0.0051904449100526944
2026-03-22,Ryan_Vilade,668723,hitter,TB,TOR,2026,831592,12,139,141,0,656302.0,Dylan_Cease,0.0,0.0,0.0,0.0,0.0,3.0,3.0,0.0,1.0,9.0,0.09090909090909091,0.0,0.0,0.0,0.0,10.0,0.0,9.0,5.285321821036106,1.08,-4.0,73.0,0,1.0,1.0,6.123233995736766e-17,-0.7818314824680299,0.6234898018587334,0.5,0.5,0.5,0.5,0.5,0.5,0.5,0.5,0.5,0.5,synthetic,synthetic,synthetic,synthetic,synthetic,0.0,0.0,0.0,0.0,0.0,-110.0,-110.0,-110.0,-110.0,-110.0,-110.0,-110.0,-110.0,-110.0,-110.0,0.0,0.0,0.0,0.0,0.0,2026-08-07T03:26:40.888653+00:00,0.12158945401735266,0.254453389460613,-0.3671616207845761,-0.3344291211545139,-0.28615746795085145,0.4,1.0,0.2,0.2,0.2,1.0,1.0,0.0,0.0,0.0,batter_pitcher_profile_network_v2,0.4,0.05,0.9425,0.0,0.21172718750000002,0.7499942129629631,-0.6916666666666668,0.0,0.0,0.0,0.0,-0.011931157937885805,-0.0011931157937885807,0.517002314814815,-0.7722916666666668,0.0,0.0,0.0,0.0,-0.009183361325713738,-0.0014693378121141982,0.6554687500000003,-0.959375,0.0,0.0,0.0,0.0,-0.014463327636718756,-0.0007231663818359378,-0.06029224537037038,-0.8400000000000001,0.0,0.0,0.0,0.0,-0.0011648461805555557,-2.9121154513888895e-05,0.2548553240740743,-0.9458333333333334,0.0,0.0,0.0,0.0,-0.005544165195794758,-0.00033264991174768545
2026-03-23,Ryan_Vilade,668723,hitter,TB,PHI,2026,831547,13,139,143,0,666200.0,Jesús_Luzardo,1.0,1.0,0.0,0.0,0.0,4.0,4.0,0.0,1.0,2.0,0.09090909090909091,0.2225,0.2225,0.0,0.0,26.7,0.0,12.0,3.8742023125039493,1.08,-6.0,76.0,0,1.0,1.0,6.123233995736766e-17,0.0,1.0,0.5,0.5,0.5,0.5,0.5,0.5,0.5,0.5,0.5,0.5,synthetic,synthetic,synthetic,synthetic,synthetic,0.0,0.0,0.0,0.0,0.0,-110.0,-110.0,-110.0,-110.0,-110.0,-110.0,-110.0,-110.0,-110.0,-110.0,0.0,0.0,0.0,0.0,0.0,2026-08-07T03:26:40.888653+00:00,-0.21337551160211182,0.21127781113205468,-0.24683223429179785,-0.3348048191656332,-0.28998249293601286,0.4,1.0,0.2,0.2,0.2,0.0,0.0,0.0,0.0,0.0,batter_pitcher_profile_network_v2,0.43333333333333335,0.1,0.7320495128834866,0.0,0.24269906013384396,0.5959896536212327,-0.536592741935484,0.0,0.0,0.0,0.0,-0.03713301071966877,-0.0037133010719668774,0.36679937022042286,-0.6999798387096775,0.0,0.0,0.0,0.0,-0.02981197587920371,-0.004769916140672594,0.4719382591093118,-0.8076276881720431,0.0,0.0,0.0,0.0,-0.0442560892489973,-0.002212804462449865,-0.1464129273504274,-0.9525000000000001,0.0,0.0,0.0,0.0,-0.01619276662532788,-0.00040481916563319705,0.06492521367521376,-0.7775537634408604,0.0,0.0,0.0,0.0,-0.0058616578383536245,-0.0003516994703012175
2026-03-26,Ryan_Vilade,668723,hitter,TB,STL,2026,823081,14,139,138,0,669461.0,Matthew_Liberatore,0.0,0.0,0.0,0.0,0.0,3.0,3.0,0.0,0.0,2.0,0.06,0.0,0.0,0.0,0.0,10.0,3.0,11.700000000000001,2.1214285714285714,1.08,16.0,91.0,0,3.0,1.0,6.123233995736766e-17,0.43388373911755823,-0.900968867902419,0.5,1.5,0.5,0.5,0.5,0.5,1.5,0.5,0.5,0.5,synthetic,synthetic,synthetic,synthetic,synthetic,0.0,0.0,0.0,0.0,0.0,-110.0,-110.0,-110.0,-110.0,-110.0,-110.0,-110.0,-110.0,-110.0,-110.0,0.0,0.0,0.0,0.0,0.0,2026-08-07T03:26:40.888653+00:00,0.03372030795792946,-0.6548834643199938,-0.4944547366004045,-0.33446016380810106,-0.4803756301518384,0.6,1.2,0.2,0.2,0.2,1.0,1.0,0.0,0.0,0.0,batter_pitcher_profile_network_v2,0.4666666666666667,0.15,0.7803581248407891,0.0,0.2714942527893838,0.49592509920634936,-0.4072561274509803,0.0,0.0,0.0,0.0,-0.020701682325467284,-0.0020701682325467287,0.2736954365079366,-0.23469852941176467,0.0,0.0,0.0,0.0,-0.006584151999961098,-0.0010534643199937757,0.4013764880952383,-0.42593382352941167,0.0,0.0,0.0,0.0,-0.017523303436661097,-0.0008761651718330549,-0.20697668650793646,-0.11343627450980388,0.0,0.0,0.0,0.0,-0.0024065523240439893,-6.0163808101099735e-05,0.0036631944444447118,-0.31332352941176456,0.0,0.0,0.0,0.0,-0.00011764538778244914,-7.058723266946948e-06
2026-03-30,Ryan_Vilade,668723,hitter,TB,MIL,2026,823809,15,139,158,0,690986.0,Kyle_Harrison,0.0,0.0,0.0,0.0,0.0,3.0,3.0,0.0,3.0,2.0,0.08571428571428572,0.0,0.0,0.0,0.0,10.0,6.3173076923076925,9.836538461538462,2.768571428571429,1.0733333333333333,0.0,64.0,0,4.0,1.0,6.123233995736766e-17,0.0,1.0,0.5,1.5,0.5,0.5,0.5,0.5,1.5,0.5,0.5,0.5,synthetic,synthetic,synthetic,synthetic,synthetic,0.0,0.0,0.0,0.0,0.0,-110.0,-110.0,-110.0,-110.0,-110.0,-110.0,-110.0,-110.0,-110.0,-110.0,0.0,0.0,0.0,0.0,0.0,2026-08-07T03:26:40.888653+00:00,-0.07575316225350182,-0.7679632716474917,-0.42804110151240277,-0.33653333333333335,-0.41777142857142857,0.6,1.2,0.2,0.2,0.2,0.0,0.0,0.0,0.0,0.0,batter_pitcher_profile_network_v2,0.5,0.15,0.8440312374899901,0.0,0.2869909260111214,0.40649768518518525,0.25159574468085094,0.0,0.0,0.0,0.0,0.007975703472307845,0.0007975703472307845,0.1778101851851852,0.4447473404255319,0.0,0.0,0.0,0.0,0.006167052203177041,0.0009867283525083266,0.30649305555555567,0.6529476950354609,0.0,0.0,0.0,0.0,0.015606541180516095,0.0007803270590258048,-0.2718356481481481,0.6,0.0,0.0,0.0,0.0,0.0,0.0,-0.126696759259259,0.7488475177304964,0.0,0.0,0.0,0.0,0.0,0.0
2026-03-31,Ryan_Vilade,668723,hitter,TB,MIL,2026,823807,16,139,158,0,605540.0,Brandon_Woodruff,0.0,0.0,0.0,0.0,0.0,1.0,0.0,1.0,0.0,8.0,0.027777777777777776,0.69,0.69,0.0,0.0,65.0,4.5,12.75,2.982857142857143,1.0733333333333333,0.0,65.0,0,1.0,1.0,6.123233995736766e-17,0.7818314824680298,0.6234898018587336,0.5,0.5,0.5,0.5,0.5,0.5,0.5,0.5,0.5,0.5,synthetic,synthetic,synthetic,synthetic,synthetic,0.0,0.0,0.0,0.0,0.0,-110.0,-110.0,-110.0,-110.0,-110.0,-110.0,-110.0,-110.0,-110.0,-110.0,0.0,0.0,0.0,0.0,0.0,2026-08-07T03:26:40.888653+00:00,-0.43013044048386173,-0.01771666666666677,-0.2994543593410186,-0.47653333333333336,-0.4041904761904762,0.4,0.4,0.0,0.0,0.0,0.0,0.0,0.0,0.0,0.0,batter_pitcher_profile_network_v2,0.5333333333333333,0.1,0.7565382507055738,0.0,0.2923990730955234,0.09387369791666664,0.018000000000000002,0.0,0.0,0.0,0.0,0.00021940468519227065,2.1940468519227067e-05,-0.06233940972222225,0.263125,0.0,0.0,0.0,0.0,0.0,0.0,0.06018880208333334,0.39098611111111115,0.0,0.0,0.0,0.0,0.0030556703224856024,0.00015278351612428012,-0.32858723958333336,0.435,0.0,0.0,0.0,0.0,0.0,0.0,-0.24498046875000007,0.45105555555555554,0.0,0.0,0.0,0.0,0.0,0.0
2026-04-01,Ryan_Vilade,668723,hitter,TB,MIL,2026,823806,17,139,158,0,694819.0,Jacob_Misiorowski,0.0,0.0,0.0,0.0,0.0,1.0,1.0,0.0,1.0,9.0,0.027777777777777776,0.0,0.0,0.0,0.0,10.0,4.86923076923077,13.176923076923076,1.3757142857142857,1.0733333333333333,0.0,62.0,0,1.0,0.8660254037844387,-0.4999999999999998,0.9749279121818236,-0.22252093395631434,0.5,0.5,0.5,0.5,0.5,0.5,0.5,0.5,0.5,0.5,synthetic,synthetic,synthetic,synthetic,synthetic,0.0,0.0,0.0,0.0,0.0,-110.0,-110.0,-110.0,-110.0,-110.0,-110.0,-110.0,-110.0,-110.0,-110.0,0.0,0.0,0.0,0.0,0.0,2026-08-07T03:26:40.888653+00:00,-0.5,-0.4525325464323571,-0.5,-0.4770145517547663,-0.5,0.2,0.2,0.0,0.0,0.0,0.0,0.0,0.0,0.0,0.0,batter_pitcher_profile_network_v2,0.5666666666666667,0.2,0.830674129566733,0.0,0.33298181715894837,0.22812887655062036,-0.5407552447552447,0.0,0.0,0.0,0.0,-0.011836736656533401,-0.0011836736656533403,0.03598297652394307,-0.5718126456876457,0.0,0.0,0.0,0.0,-0.0019742485355644704,-0.00031587976569031527,0.19021296018407385,-0.13675534188034177,0.0,0.0,0.0,0.0,-0.0024959471623002714,-0.0001247973581150136,-0.34271446078431383,-0.5853543123543123,0.0,0.0,0.0,0.0,-0.019248736857317518,-0.00048121842143293797,-0.143033088235294,-0.2621278166278166,0.0,0.0,0.0,0.0,-0.0035974983977663413,-0.00021584990386598046
2026-04-03,Ryan_Vilade,668723,hitter,TB,MIN,2026,823732,18,139,142,0,641927.0,Bailey_Ober,0.0,0.0,0.0,0.0,0.0,1.0,1.0,0.0,1.0,1.0,0.02564102564102564,0.0,0.0,0.0,0.0,10.0,5.769230769230769,2.8269230769230766,5.517857142857143,1.08,-9.0,38.0,0,2.0,0.8660254037844387,-0.4999999999999998,-0.433883739117558,-0.9009688679024191,0.5,0.5,0.5,0.5,0.5,0.5,0.5,0.5,0.5,0.5,synthetic,synthetic,synthetic,synthetic,synthetic,0.0,0.0,0.0,0.0,0.0,-110.0,-110.0,-110.0,-110.0,-110.0,-110.0,-110.0,-110.0,-110.0,-110.0,0.0,0.0,0.0,0.0,0.0,2026-08-07T03:26:40.888653+00:00,-0.09393935646721885,-0.45135,-0.4849814737210305,-0.4744,-0.4869532967032967,0.2,0.2,0.0,0.0,0.0,0.0,0.0,0.0,0.0,0.0,batter_pitcher_profile_network_v2,0.6,0.25,0.7604565889643271,0.0,0.3642110169629675,0.07171489197530873,0.5823097165991905,0.0,1.0,0.0,0.0,0.006002039723415186,0.0006002039723415186,-0.09522762345679006,0.5300986842105264,0.0,1.0,0.0,0.0,0.0,0.0,0.03151041666666676,0.30019348852901495,0.0,1.0,0.0,0.0,0.0013595365684008704,6.797682842004352e-05,-0.38922260802469144,0.46447368421052637,0.0,1.0,0.0,0.0,0.0,0.0,-0.259627700617284,0.3310377867746291,0.0,1.0,0.0,0.0,0.0,0.0
2026-04-07,Ryan_Vilade,668723,hitter,TB,CHC,2026,822999,19,139,112,1,665871.0,Javier_Assad,1.0,1.0,0.0,0.0,1.0,2.0,2.0,0.0,0.0,3.0,0.05555555555555555,0.445,0.445,0.0,0.0,53.4,3.8571428571428568,11.571428571428571,5.128852350656862,1.08,0.0,69.0,0,4.0,0.8660254037844387,-0.4999999999999998,0.7818314824680298,0.6234898018587336,0.5,0.5,0.5,0.5,0.5,0.5,0.5,0.5,0.5,0.5,synthetic,synthetic,synthetic,synthetic,synthetic,0.0,0.0,0.0,0.0,0.0,-110.0,-110.0,-110.0,-110.0,-110.0,-110.0,-110.0,-110.0,-110.0,-110.0,0.0,0.0,0.0,0.0,0.0,2026-08-07T03:26:40.888653+00:00,-0.49468400121182077,-0.3424333333333333,-0.2420573824671569,-0.4744,-0.3377240491338236,0.0,0.0,0.0,0.0,0.0,0.0,0.0,0.0,0.0,0.0,batter_pitcher_profile_network_v2,0.6333333333333333,0.0,1.0,0.0,0.31666666666666665,-0.07237927846577209,0.0,0.0,2.0,0.0,0.0,0.0,0.0,-0.21538979188166482,0.0,0.0,2.0,0.0,0.0,0.0,0.0,-0.09000419246646002,0.0,0.0,2.0,0.0,0.0,0.0,0.0,-0.4308351608187135,0.0,0.0,2.0,0.0,0.0,0.0,0.0,-0.35000182748537995,0.0,0.0,2.0,0.0,0.0,0.0,0.0
2026-04-11,Ryan_Vilade,668723,hitter,TB,NYY,2026,822996,20,139,147,1,608331.0,Max_Fried,1.0,1.0,0.0,0.0,0.0,4.0,4.0,0.0,0.0,2.0,0.10256410256410256,0.2225,0.2225,0.0,0.0,26.7,1.3499999999999999,6.266165413533834,3.545427786499215,1.08,0.0,72.0,0,4.0,0.8660254037844387,-0.4999999999999998,-0.9749279121818236,-0.2225209339563146,0.5,0.5,0.5,0.5,0.5,0.5,0.5,0.5,0.5,0.5,synthetic,synthetic,synthetic,synthetic,synthetic,0.0,0.0,0.0,0.0,0.0,-110.0,-110.0,-110.0,-110.0,-110.0,-110.0,-110.0,-110.0,-110.0,-110.0,0.0,0.0,0.0,0.0,0.0,2026-08-07T03:26:40.888653+00:00,0.06633580613919343,-0.12907636355648572,-0.37439731538671384,-0.4751001751528205,-0.1339441055307633,0.2,0.2,0.0,0.0,0.2,1.0,1.0,0.0,0.0,1.0,batter_pitcher_profile_network_v2,0.6666666666666666,0.3,0.7296709466355584,0.0,0.41151792604447657,0.0014024829664570915,-0.35338942015232266,0.0,2.0,0.0,0.0,-8.932079981078648e-05,-8.932079981078648e-06,-0.16734047431865823,-0.38368009387988955,0.0,2.0,0.0,0.0,-0.011571022228035887,-0.001851363556485742,-0.0062033215408804215,-0.4378326782866256,0.0,2.0,0.0,0.0,-0.0004894788488755095,-2.4473942443775477e-05,-0.4441753472222223,-0.3498732756980713,0.0,2.0,0.0,0.0,-0.028007006112819675,-0.0007001751528204919,-0.30188368055555553,-0.48429101161995897,0.0,2.0,0.0,0.0,-0.026347991185145327,-0.0015808794711087196
2026-04-14,Ryan_Vilade,668723,hitter,TB,CWS,2026,824616,21,139,145,0,702273.0,Noah_Schultz,3.0,4.0,3.0,0.0,1.0,5.0,5.0,0.0,1.0,4.0,0.11627906976744186,0.61,0.61,0.2,17.0,65.0,0.0,7.7142857142857135,3.275510204081633,1.08,-21.0,77.0,0,3.0,0.8660254037844387,-0.4999999999999998,0.7818314824680298,0.6234898018587336,0.5,0.5,0.5,0.5,0.5,0.5,0.5,0.5,0.5,0.5,synthetic,synthetic,synthetic,synthetic,synthetic,0.0,0.0,0.0,0.0,0.0,-110.0,-110.0,-110.0,-110.0,-110.0,-110.0,-110.0,-110.0,-110.0,-110.0,0.0,0.0,0.0,0.0,0.0,2026-08-07T03:26:40.888653+00:00,0.16263635500711926,0.42612674418604657,-0.17746286188894161,-0.38189999999999996,-0.17348030374940676,0.4,0.4,0.0,0.0,0.2,1.0,1.0,0.0,0.0,0.0,batter_pitcher_profile_network_v2,0.7,0.0,1.0,0.0,0.35,0.0322243107769423,0.0,0.0,3.0,0.0,0.0,0.0,0.0,-0.15782929546087446,0.0,0.0,3.0,0.0,0.0,0.0,0.0,0.007534461152882227,0.0,0.0,3.0,0.0,0.0,0.0,0.0,-0.47037202380952386,0.0,0.0,3.0,0.0,0.0,0.0,0.0,-0.3301388888888889,0.0,0.0,3.0,0.0,0.0,0.0,0.0
2026-04-15,Ryan_Vilade,668723,hitter,TB,CWS,2026,824615,22,139,145,0,680732.0,Sean_Burke,0.0,0.0,0.0,0.0,0.0,1.0,1.0,0.0,0.0,3.0,0.025,0.0,0.0,0.0,0.0,10.0,3.9499999999999997,9.05,4.056122448979592,1.08,-14.0,73.0,0,1.0,0.8660254037844387,-0.4999999999999998,0.9749279121818236,-0.22252093395631434,0.5,1.5,0.5,0.5,0.5,0.5,1.5,0.5,0.5,0.5,synthetic,synthetic,synthetic,synthetic,synthetic,0.0,0.0,0.0,0.0,0.0,-110.0,-110.0,-110.0,-110.0,-110.0,-110.0,-110.0,-110.0,-110.0,-110.0,0.0,0.0,0.0,0.0,0.0,2026-08-07T03:26:40.888653+00:00,0.6622066626145806,-0.27230865137403737,0.2250998300097291,-0.47469125904842135,-0.12879387755102034,1.0,1.2,0.6,0.0,0.4,3.0,4.0,3.0,0.0,1.0,batter_pitcher_profile_network_v2,0.7333333333333333,0.25,0.7342600892695017,0.0,0.43167995143278814,0.10408082844574773,-0.010633949029693661,0.0,3.0,0.0,0.0,-0.00021568677936566587,-2.156867793656659e-05,-0.08472894265232975,-0.09790498597147529,0.0,3.0,0.0,0.0,-0.0016165710877336622,-0.00025865137403738596,0.10488911290322595,0.042765932117527924,0.0,3.0,0.0,0.0,0.0008741512149894261,4.3707560749471305e-05,-0.4069460227272728,-0.14690764554594332,0.0,3.0,0.0,0.0,-0.011650361936854458,-0.00029125904842136147,-0.22419507575757552,0.026892705167173337,0.0,3.0,0.0,0.0,0.0,0.0
2026-04-16,Ryan_Vilade,668723,hitter,TB,CWS,2026,824614,23,139,145,0,673929.0,Jordan_Leasure,0.0,0.0,0.0,0.0,0.0,2.0,1.0,1.0,0.0,5.0,0.043478260869565216,0.345,0.345,0.0,0.0,41.4,0.0,12.0,4.494434137291281,1.08,15.0,66.0,0,1.0,0.8660254037844387,-0.4999999999999998,0.43388373911755823,-0.900968867902419,0.5,1.5,0.5,0.5,0.5,0.5,1.5,0.5,0.5,0.5,synthetic,synthetic,synthetic,synthetic,synthetic,0.0,0.0,0.0,0.0,0.0,-110.0,-110.0,-110.0,-110.0,-110.0,-110.0,-110.0,-110.0,-110.0,-110.0,0.0,0.0,0.0,0.0,0.0,2026-08-07T03:26:40.888653+00:00,0.10675707563657888,-0.6566217391304349,0.0200043155602162,-0.4744,-0.14164785835282723,1.0,1.2,0.6,0.0,0.4,0.0,0.0,0.0,0.0,0.0,batter_pitcher_profile_network_v2,0.7666666666666667,0.0,1.0,0.0,0.38333333333333336,0.044428916494133844,0.0,0.0,4.0,0.0,0.0,0.0,0.0,-0.14392339544513458,0.0,0.0,4.0,0.0,0.0,0.0,0.0,0.05380003450655635,0.0,0.0,4.0,0.0,0.0,0.0,0.0,-0.4405510265700484,0.0,0.0,4.0,0.0,0.0,0.0,0.0,-0.2932185990338163,0.0,0.0,4.0,0.0,0.0,0.0,0.0
2026-04-17,Ryan_Vilade,668723,hitter,TB,PIT,2026,823397,24,139,134,0,696149.0,Bubba_Chandler,0.0,0.0,0.0,0.0,0.0,1.0,1.0,0.0,0.0,9.0,0.029411764705882353,0.0,0.0,0.0,0.0,10.0,3.7644230769230766,9.173076923076925,4.021978021978022,1.08,2.0,77.0,0,1.0,0.8660254037844387,-0.4999999999999998,-0.433883739117558,-0.9009688679024191,0.5,1.5,0.5,0.5,0.5,0.5,1.5,0.5,0.5,0.5,synthetic,synthetic,synthetic,synthetic,synthetic,0.0,0.0,0.0,0.0,0.0,-110.0,-110.0,-110.0,-110.0,-110.0,-110.0,-110.0,-110.0,-110.0,-110.0,0.0,0.0,0.0,0.0,0.0,2026-08-07T03:26:40.888653+00:00,0.2589197763675659,-0.828797170986131,-0.25109756880265827,-0.4746797984018105,-0.2858296501718385,1.0,1.2,0.6,0.0,0.4,0.0,0.0,0.0,0.0,0.0,batter_pitcher_profile_network_v2,0.8,0.25,0.7575241578932814,0.0,0.4643008226645183,0.07764155982905949,-0.6246562937062938,0.0,4.0,0.0,0.0,-0.009407924753558462,-0.0009407924753558462,-0.12639868233618257,-0.3988805436498985,0.0,4.0,0.0,0.0,-0.009780112780966075,-0.0015648180449545721,0.07536057692307667,-0.00724210090984273,0.0,4.0,0.0,0.0,-0.00010586861942244577,-5.293430971122289e-06,-0.4568185763888889,-0.12629989848860823,0.0,4.0,0.0,0.0,-0.01119193607242075,-0.00027979840181051877,-0.2907291666666667,-0.15272597187758472,0.0,4.0,0.0,0.0,-0.008613109414287749,-0.0005167865648572649
2026-04-18,Ryan_Vilade,668723,hitter,TB,PIT,2026,823394,25,139,134,0,694973.0,Paul_Skenes,0.0,0.0,0.0,0.0,0.0,1.0,1.0,0.0,0.0,3.0,0.017857142857142856,0.0,0.0,0.0,0.0,10.0,1.5736842105263158,8.842105263157896,4.021978021978022,1.08,17.0,81.0,0,1.0,0.8660254037844387,-0.4999999999999998,-0.9749279121818236,-0.2225209339563146,0.5,0.5,0.5,0.5,0.5,0.5,0.5,0.5,0.5,0.5,synthetic,synthetic,synthetic,synthetic,synthetic,0.0,0.0,0.0,0.0,0.0,-110.0,-110.0,-110.0,-110.0,-110.0,-110.0,-110.0,-110.0,-110.0,-110.0,0.0,0.0,0.0,0.0,0.0,2026-08-07T03:26:40.888653+00:00,0.1419202862515494,0.02976663482943198,-0.2076519662370751,-0.4751233732883504,-0.4359013868033269,0.8,1.0,0.6,0.0,0.2,0.0,0.0,0.0,0.0,0.0,batter_pitcher_profile_network_v2,0.8333333333333334,0.3,0.7345181487650837,0.0,0.4946731246995498,0.024947222222222176,-0.3084473684210527,0.0,5.0,0.6665243064541697,-0.014451166580075071,-0.0017023813634339593,-0.00017023813634339596,-0.17843888888888895,-0.28536573576799146,0.0,5.0,0.6903143755820129,-0.019087117428675263,-0.0398960323160494,-0.006383365170567904,-0.0012083333333334223,0.1626897601145722,0.0,5.0,0.7062064867649231,-0.040017346719524616,-0.040017346719524616,-0.0020008673359762307,-0.48574027777777784,-0.1312841031149302,0.0,5.0,0.7064864591282558,-0.014826788641129468,-0.028934931534018285,-0.0007233732883504571,-0.3704694444444445,0.05677139276763341,0.0,5.0,0.7060975361053052,-0.02222862004951174,-0.016671465037133806,-0.0010002879022280283
2026-04-21,Ryan_Vilade,668723,hitter,TB,CIN,2026,822995,26,139,113,1,695505.0,Chase_Burns,1.0,2.0,0.0,0.0,0.0,3.0,3.0,0.0,0.0,6.0,0.07142857142857142,0.42333333333333334,0.42333333333333334,0.3333333333333333,28.333333333333332,65.0,3.3125,7.625,0.32142857142857145,1.08,0.0,72.0,0,3.0,0.8660254037844387,-0.4999999999999998,0.7818314824680298,0.6234898018587336,0.5,0.5,0.5,0.5,0.5,0.5,0.5,0.5,0.5,0.5,synthetic,synthetic,synthetic,synthetic,synthetic,0.0,0.0,0.0,0.0,0.0,-110.0,-110.0,-110.0,-110.0,-110.0,-110.0,-110.0,-110.0,-110.0,-110.0,0.0,0.0,0.0,0.0,0.0,2026-08-07T03:26:40.888653+00:00,-0.04446961125681281,0.5539061496469722,-0.12284099035361423,-0.3206695054195987,-0.4317235097123351,0.6,0.8,0.6,0.0,0.2,0.0,0.0,0.0,0.0,0.0,batter_pitcher_profile_network_v2,0.8666666666666667,0.4,0.7397749621754943,0.0,0.5370843601867341,-0.02324108623548944,-0.2736241883116883,0.0,6.0,0.8576070964418568,-0.021179189565641483,-0.0014342078062235103,-0.00014342078062235103,-0.22617425692052576,-0.13867410714285713,0.0,6.0,0.8741829497591639,-0.025466984869748924,-0.04527406470642453,-0.007243850353027925,-0.04786763298890184,-0.09271049783549773,0.0,6.0,0.9123036741684942,-0.04891418814838952,-0.04991504516752198,-0.002495752258376099,-0.5124372329059829,0.01891517857142858,0.0,6.0,0.8761284158921695,-0.017446883450615028,-0.017446883450615028,-0.0004361720862653757,-0.4298450854700855,-0.09899025974025964,0.0,6.0,0.909336712953478,-0.027092398112642826,-0.029915638062727998,-0.0017949382837636797
2026-04-22,Ryan_Vilade,668723,hitter,TB,CIN,2026,822993,27,139,113,1,682227.0,Brandon_Williamson,2.0,2.0,1.0,0.0,1.0,3.0,2.0,1.0,0.0,4.0,0.08571428571428572,0.8233333333333333,0.8233333333333333,0.0,0.0,65.0,2.8125,5.175,1.8642857142857143,1.08,0.0,72.0,0,1.0,0.8660254037844387,-0.4999999999999998,0.9749279121818236,-0.22252093395631434,0.5,0.5,0.5,0.5,0.5,0.5,0.5,0.5,0.5,0.5,synthetic,synthetic,synthetic,synthetic,synthetic,0.0,0.0,0.0,0.0,0.0,-110.0,-110.0,-110.0,-110.0,-110.0,-110.0,-110.0,-110.0,-110.0,-110.0,0.0,0.0,0.0,0.0,0.0,2026-08-07T03:26:40.888653+00:00,0.028745527620119282,0.3855879730360974,-0.17216591613575583,-0.47492102979749046,-0.3542274189047966,0.2,0.4,0.0,0.0,0.0,1.0,2.0,0.0,0.0,0.0,batter_pitcher_profile_network_v2,0.9,0.35,0.6965042486044798,0.0,0.5426373803410829,0.04111809229864774,-0.12693833897195247,0.0,7.0,1.0941141982913134,-0.013633022609817316,-0.0014256761797601652,-0.00014256761797601652,-0.15704952968841865,-0.05272693168176363,0.0,7.0,1.1083120236933954,-0.011667210736863767,-0.019762668524391434,-0.0031620269639026297,-0.01125992063492079,-0.04375295118047215,0.0,7.0,1.168062522105017,-0.05913613690418054,-0.05927070366749767,-0.0029635351833748836,-0.42231610082304527,0.0930451271417658,0.0,7.0,1.106257622276404,-0.02084119189961884,-0.02084119189961884,-0.000521029797490471,-0.3748585390946502,-0.12575050020008,0.0,7.0,1.1600535501862947,-0.03264800263870346,-0.03736174365137053,-0.002241704619082232
2026-04-27,Ryan_Vilade,668723,hitter,TB,CLE,2026,824446,28,139,114,0,800048.0,Parker_Messick,3.0,3.0,0.0,0.0,2.0,4.0,4.0,0.0,1.0,4.0,0.10810810810810811,0.6675,0.6675,0.0,0.0,65.0,2.5500000000000003,8.025,1.3928571428571428,1.08,13.0,71.0,0,5.0,0.8660254037844387,-0.4999999999999998,0.0,1.0,0.5,0.5,0.5,0.5,0.5,0.5,0.5,0.5,0.5,0.5,real,synthetic,synthetic,synthetic,synthetic,1.0,0.0,0.0,0.0,0.0,-154.0,-110.0,-110.0,-110.0,-110.0,116.0,-110.0,-110.0,-110.0,-110.0,0.0,0.0,0.0,0.0,0.0,2026-04-27T02:00:02.937037+00:00,0.30592349132522034,0.5895123175502035,0.014967699459899952,-0.4760541753386564,-0.1026886008349841,0.6,0.8,0.2,0.0,0.2,2.0,2.0,1.0,0.0,1.0,batter_pitcher_profile_network_v2,0.9333333333333333,0.4,0.6396782687834661,0.0,0.5753224314962768,0.16309618938899784,-0.3390587468564068,0.0,8.0,1.3242686834838304,0.005697762781386039,-0.018597133079844213,-0.0018597133079844214,-0.06428177321156761,-0.32143901429184807,0.0,8.0,1.3358516465566548,-0.0018954943017960271,-0.009792103149065912,-0.001566736503850546,0.13534124266144826,-0.4242223389355741,0.0,8.0,1.228670209116467,-0.036018871750561794,-0.05532747798347058,-0.0027663738991735294,-0.42754588293650797,-0.2968854428632766,0.0,8.0,1.3128422570006386,-0.02347969605045714,-0.06616701354625631,-0.001654175338656408,-0.2715972222222222,-0.4196092436974788,0.0,8.0,1.2728647010391991,-0.009266919196822035,-0.045276551882941024,-0.0027165931129764613
2026-05-01,Ryan_Vilade,668723,hitter,TB,SF,2026,822990,29,139,137,1,592662.0,Robbie_Ray,0.0,0.0,0.0,0.0,0.0,3.0,3.0,0.0,0.0,3.0,0.10714285714285714,0.0,0.0,0.0,0.0,10.0,3.3000000000000003,9.500000000000002,1.8857142857142857,1.08,0.0,72.0,0,4.0,0.49999999999999994,-0.8660254037844387,-0.433883739117558,-0.9009688679024191,1.5,1.0,0.5,0.5,0.5,1.5,1.5,0.5,0.5,0.5,synthetic,real,real,real,synthetic,0.0,8.0,7.0,2.0,0.0,-110.0,116.0,190.0,825.0,-110.0,-110.0,-170.0,0.0,0.0,-110.0,0.0,0.5345224838248488,0.7559289460184545,0.0,0.0,2026-05-02T00:15:33.012287+00:00,-0.2012948139417452,0.30563569004622604,-0.4596892503091087,-0.4760768752636562,0.15512369345548593,1.2,1.4,0.2,0.0,0.6,3.0,3.0,0.0,0.0,2.0,batter_pitcher_profile_network_v2,0.9666666666666667,0.5,0.5342929236698926,0.0,0.6256078917585524,0.21125850562272958,-0.6613790816326531,0.0,9.0,1.4089310319076365,0.03893685555129964,-0.0629005203698325,-0.006290052036983251,-0.025992094591232615,-0.45120510204081643,0.0,9.0,1.5500036672168538,0.020126806319293568,0.024910562788913383,0.003985690046226141,0.1859463632631736,-0.3091680272108843,0.0,9.0,1.578627964327646,-0.048618840682490665,-0.07449929189645922,-0.003724964594822961,-0.432414990421456,-0.20433010204081636,0.0,9.0,1.617022387287439,-0.0272988670989432,-0.06707501054625002,-0.0016768752636562507,-0.21560464559386966,-0.4013321428571428,0.0,9.0,1.5570354839785179,0.04833815336327829,-0.0027003471704720935,-0.00016202083022832562
2026-05-02,Ryan_Vilade,668723,hitter,TB,SF,2026,822988,30,139,137,1,694738.0,Landen_Roupp,0.0,0.0,0.0,0.0,0.0,2.0,2.0,0.0,0.0,5.0,0.05714285714285714,0.0,0.0,0.0,0.0,10.0,1.7739130434782606,9.54782608695652,1.8857142857142857,1.08,0.0,72.0,0,1.0,0.49999999999999994,-0.8660254037844387,-0.9749279121818236,-0.2225209339563146,1.5,0.5,0.5,0.5,0.5,1.5,1.5,0.5,0.5,0.5,synthetic,real,real,real,synthetic,0.0,1.0,1.0,1.0,0.0,-110.0,105.0,250.0,1550.0,-110.0,-110.0,-140.0,-350.0,0.0,-110.0,0.0,0.0,0.0,0.0,0.0,2026-05-02T16:59:46.553036+00:00,-0.6948289457438532,0.32574752486353553,-0.5,-0.47773811310421904,-0.2249659288501027,1.2,1.4,0.2,0.0,0.6,0.0,0.0,0.0,0.0,0.0,batter_pitcher_profile_network_v2,1.0,0.55,0.6166268980718506,0.0,0.650954762742409,0.17846874999999998,-0.5748133136657312,0.0,10.0,1.8451014002146204,0.02480594465072865,-0.03932879491265234,-0.0039328794912652345,-0.06232175925925926,-0.6169861330015153,0.0,10.0,1.7787941769023876,0.004400575362489932,-0.00814046960290292,-0.001302475136464467,0.13828125000000005,-0.3461745846278866,0.0,10.0,1.9227420663651422,-0.061857529706137025,-0.08020939088128878,-0.004010469544064439,-0.4573298611111112,-0.6078184789730793,0.0,10.0,1.6566352897262318,-0.02695694566667293,-0.1335245241687621,-0.0033381131042190524,-0.27889236111111104,-0.47843465571793403,0.0,10.0,1.8655544614825343,0.03594679945660794,-0.02419405226361794,-0.0014516431358170764
2026-05-03,Ryan_Vilade,668723,hitter,TB,SF,2026,822987,31,139,137,1,641816.0,Tyler_Mahle,0.0,0.0,0.0,0.0,1.0,4.0,3.0,0.0,2.0,4.0,0.10256410256410256,0.0,0.0,0.0,0.0,10.0,9.0,8.442857142857143,1.8857142857142857,1.08,0.0,72.0,0,1.0,0.49999999999999994,-0.8660254037844387,-0.7818314824680299,0.6234898018587334,1.5,1.5,0.5,0.5,0.5,1.5,1.5,0.5,0.5,0.5,synthetic,synthetic,synthetic,synthetic,synthetic,0.0,0.0,0.0,0.0,0.0,-110.0,-110.0,-110.0,-110.0,-110.0,-110.0,-110.0,-110.0,-110.0,-110.0,0.0,0.0,0.0,0.0,0.0,2026-08-07T03:26:40.888653+00:00,-0.5694795059812618,-0.6241694146950248,-0.4743623104325018,-0.4752173136150204,-0.1696583754746736,1.2,1.4,0.2,0.0,0.6,0.0,0.0,0.0,0.0,0.0,batter_pitcher_profile_network_v2,1.0,0.5,0.6911606636127614,0.0,0.6326664093537183,0.13128831165025762,-0.14825209665955946,0.0,11.0,2.2035347816962485,0.014737163399959627,-0.006011177028735182,-0.0006011177028735183,-0.10070748359118631,-0.0074286879096581715,0.0,11.0,2.1519447835428442,-0.0032601943869085253,-0.0051213418439049994,-0.0008194146950247999,0.07790941455696185,0.2282488095238094,0.0,11.0,2.074060832694756,-0.05806788585898636,-0.05257587897970644,-0.002628793948985322,-0.4638483796296297,0.170828587222617,0.0,11.0,2.069916121492312,-0.03269254460081582,-0.03269254460081582,-0.0008173136150203955,-0.32645254629629633,0.1424386243386242,0.0,11.0,2.0848433237019504,0.009789458316163461,0.007342093737122596,0.0004405256242273557
2026-05-04,Ryan_Vilade,668723,hitter,TB,TOR,2026,822984,32,139,141,1,641778.0,Eric_Lauer,1.0,4.0,1.0,1.0,3.0,2.0,2.0,0.0,0.0,3.0,0.058823529411764705,1.05,1.05,1.5,30.0,65.0,4.292307692307693,4.892307692307693,3.3537105751391465,1.08,0.0,72.0,0,1.0,0.49999999999999994,-0.8660254037844387,0.0,1.0,0.5,0.5,0.5,0.5,0.5,0.5,0.5,0.5,0.5,0.5,synthetic,synthetic,synthetic,synthetic,synthetic,0.0,0.0,0.0,0.0,0.0,-110.0,-110.0,-110.0,-110.0,-110.0,-110.0,-110.0,-110.0,-110.0,-110.0,0.0,0.0,0.0,0.0,0.0,2026-08-07T03:26:40.888653+00:00,0.4670702932921419,2.3525713715450114,0.13215482777440557,-0.02490066627334797,0.4636762797186601,1.0,1.0,0.2,0.0,0.8,0.0,0.0,0.0,0.0,1.0,batter_pitcher_profile_network_v2,1.0,0.35,0.7741274965753734,0.0,0.5893092835843309,-0.08071180555555596,0.4829300545982988,0.0,12.0,1.5398062014457838,0.0077876215951645615,0.0,0.0,-0.28688657407407436,0.6412680494347875,0.0,12.0,1.364840618127946,-0.003391344052648021,-0.005087016078972032,-0.0008139225726355251,-0.09817708333333369,0.7481101008779579,0.0,12.0,1.44718635704691,-0.03796696082750618,-0.03796696082750618,-0.0018983480413753092,-0.5672048611111111,0.8503454303871687,0.0,12.0,1.1885513103765308,-0.02002665093392022,-0.02002665093392022,-0.0005006662733480055,-0.4696006944444446,0.75444277283563,0.0,12.0,1.2954368928000801,0.018095119410386294,0.01357133955778972,0.0008142803734673832
2026-05-05,Ryan_Vilade,668723,hitter,TB,TOR,2026,822986,33,139,141,1,592332.0,Kevin_Gausman,0.0,0.0,0.0,0.0,0.0,0.0,0.0,0.0,0.0,9.0,0.0,0.0,0.0,0.0,0.0,10.0,4.017647058823529,4.408823529411765,3.669294990723562,1.08,0.0,72.0,0,1.0,0.49999999999999994,-0.8660254037844387,0.7818314824680298,0.6234898018587336,0.5,1.5,0.5,0.5,1.5,0.5,1.5,0.5,0.5,1.5,synthetic,synthetic,synthetic,synthetic,synthetic,0.0,0.0,0.0,0.0,0.0,-110.0,-110.0,-110.0,-110.0,-110.0,-110.0,-110.0,-110.0,-110.0,-110.0,0.0,0.0,0.0,0.0,0.0,2026-08-07T03:26:40.888653+00:00,0.42104641594665515,-0.17593500976570908,-0.42462269912470973,-0.23589435025542838,-0.31429515919766704,0.8,1.4,0.2,0.2,1.2,1.0,4.0,1.0,1.0,3.0,batter_pitcher_profile_network_v2,1.0,0.5,0.655916495213599,0.0,0.634825114668167,-0.03627998737373775,-0.2810736004546748,0.0,13.0,2.7284612058835296,0.019262431080933604,-0.003508738783657796,-0.00035087387836577966,-0.15712647306397332,-0.2129997513498154,0.0,13.0,2.728480423204687,0.005239627459040145,-0.003656311035681273,-0.0005850097657090036,-0.0002225378787881621,-0.34450571895424836,0.0,13.0,2.6229477653955637,-0.05672259385907142,-0.056748973217756335,-0.002837448660887817,-0.39819444444444446,-0.13898103154305202,0.0,13.0,2.6948684366862525,-0.04073192166171728,-0.059774010217135395,-0.001494350255428385,-0.2804340277777778,-0.32665245808468313,0.0,13.0,2.6807803367034584,0.025139252848799143,-0.01266514556408705,-0.000759908733845223
2026-05-06,Ryan_Vilade,668723,hitter,TB,TOR,2026,822985,34,139,141,1,571578.0,Patrick_Corbin,0.0,0.0,0.0,0.0,0.0,3.0,2.0,1.0,0.0,2.0,0.08823529411764706,0.22999999999999998,0.22999999999999998,0.0,0.0,27.599999999999998,3.0107142857142857,6.621428571428571,4.955009276437848,1.08,0.0,72.0,0,1.0,0.49999999999999994,-0.8660254037844387,0.9749279121818236,-0.22252093395631434,0.5,0.5,0.5,0.5,0.5,0.5,0.5,0.5,0.5,0.5,synthetic,synthetic,synthetic,synthetic,synthetic,0.0,0.0,0.0,0.0,0.0,-110.0,-110.0,-110.0,-110.0,-110.0,-110.0,-110.0,-110.0,-110.0,-110.0,0.0,0.0,0.0,0.0,0.0,2026-08-07T03:26:40.888653+00:00,-0.05609850849430664,0.09420965917594493,-0.19292963259749418,-0.3352950677670419,0.172690374424311,0.2,0.8,0.2,0.2,0.8,0.0,0.0,0.0,0.0,0.0,batter_pitcher_profile_network_v2,1.0,0.25,0.6887068053771286,0.0,0.5664083540853254,-0.06599095970970957,0.10261387690211213,0.0,14.0,2.7150677313765135,0.016503519835577435,0.0,0.0,-0.18596465215215205,0.0696647569838746,0.0,14.0,2.8620641444776727,0.00711132499780966,0.01066698749671449,0.0017067179994743184,-0.07382460585585568,-0.02740702614379082,0.0,14.0,3.0636292532077873,-0.061501496615220794,-0.06213134015243842,-0.0031065670076219215,-0.40767592592592594,0.03161328639563933,0.0,14.0,2.9801284011113096,-0.03580271068167597,-0.03580271068167597,-0.0008950677670418992,-0.35317939814814797,-0.0031954248366012836,0.0,14.0,2.998998813296037,0.026584077104322403,0.01958674533442757,0.0011752047200656542
2026-05-07,Ryan_Vilade,668723,hitter,TB,BOS,2026,824767,35,139,111,0,687562.0,Jake_Bennett,1.0,1.0,0.0,0.0,0.0,3.0,3.0,0.0,0.0,2.0,0.07142857142857142,0.2966666666666667,0.2966666666666667,0.0,0.0,35.6,17.7,5.400000000000001,3.3189560439560437,1.08,16.0,62.0,0,1.0,0.49999999999999994,-0.8660254037844387,0.43388373911755823,-0.900968867902419,0.5,0.5,0.5,0.5,0.5,0.5,0.5,0.5,0.5,0.5,synthetic,synthetic,synthetic,synthetic,synthetic,0.0,0.0,0.0,0.0,0.0,-110.0,-110.0,-110.0,-110.0,-110.0,-110.0,-110.0,-110.0,-110.0,-110.0,0.0,0.0,0.0,0.0,0.0,2026-08-07T03:26:40.888653+00:00,-0.13168477504229903,0.10789418338992574,-0.25796679768625574,-0.3348231163094686,0.09302407698217918,0.2,0.8,0.2,0.2,0.8,0.0,0.0,0.0,0.0,0.0,batter_pitcher_profile_network_v2,1.0,0.15,0.9175,0.0,0.5356409375,0.024744901151151175,0.7689772727272728,0.0,15.0,1.4511297130420893,0.006037516230444092,0.0015698319945922504,0.00015698319945922504,-0.11854197947947942,0.520959595959596,0.0,15.0,2.156487335245486,0.015600764124690728,0.023401146187036093,0.0037441833899257747,0.007250844594594658,0.518888888888889,0.0,15.0,2.4114395907778867,-0.03693572758684573,-0.03662533101449213,-0.0018312665507246063,-0.4011574074074074,0.24873737373737367,0.0,15.0,2.900078105880016,-0.016924652378744947,-0.016924652378744947,-0.0004231163094686237,-0.31061921296296285,0.5588888888888889,0.0,15.0,2.1830464553097433,0.06836166187504487,0.05127124640628365,0.003076274784377019
2026-05-08,Ryan_Vilade,668723,hitter,TB,BOS,2026,824768,36,139,111,0,813349.0,Connelly_Early,0.0,0.0,0.0,0.0,0.0,4.0,4.0,0.0,1.0,2.0,0.125,0.0,0.0,0.0,0.0,10.0,6.3374999999999995,6.3,3.5347402597402597,1.08,5.0,58.0,0,1.0,0.49999999999999994,-0.8660254037844387,-0.433883739117558,-0.9009688679024191,0.5,0.5,0.5,0.5,0.5,0.5,0.5,0.5,0.5,0.5,synthetic,synthetic,synthetic,synthetic,synthetic,0.0,0.0,0.0,0.0,0.0,-110.0,-110.0,-110.0,-110.0,-110.0,-110.0,-110.0,-110.0,-110.0,-110.0,0.0,0.0,0.0,0.0,0.0,2026-08-07T03:26:40.888653+00:00,0.16739298617920095,0.28869319830424744,-0.3432873389004776,-0.3364109130962123,0.07435095449017048,0.4,1.0,0.2,0.2,0.8,1.0,1.0,0.0,0.0,0.0,batter_pitcher_profile_network_v2,1.0,0.5,0.6278868591592173,0.0,0.6365419298764979,-0.04998032407407431,-0.25806478599137195,0.0,15.0,3.207159729332862,0.008085218592503012,-0.004799575437427453,-0.0004799575437427453,-0.18296990740740757,-0.22409286608913476,0.0,15.0,3.2170597128481075,-0.008398356141707801,-0.027855010598453307,-0.004456801695752529,-0.07984375000000024,-0.13816509845875505,0.0,15.0,3.2420353513805695,-0.04138202713931116,-0.04548703774981029,-0.0022743518874905146,-0.4120462962962963,-0.16300766708415962,0.0,15.0,3.1860982595980585,-0.05544291010870747,-0.0804365238484923,-0.0020109130962123077,-0.39345254629629633,-0.21167567059805856,0.0,15.0,3.2232914190562876,0.03274251457133451,-0.006434308280709743,-0.0003860584968425846
2026-05-10,Ryan_Vilade,668723,hitter,TB,BOS,2026,824765,37,139,111,0,801139.0,Payton_Tolle,1.0,1.0,0.0,0.0,0.0,2.0,2.0,0.0,1.0,5.0,0.05714285714285714,0.445,0.445,0.0,0.0,53.4,2.4285714285714284,11.5,3.5347402597402597,1.08,4.0,69.0,0,2.0,0.49999999999999994,-0.8660254037844387,-0.7818314824680299,0.6234898018587334,0.5,0.5,0.5,0.5,0.5,0.5,0.5,0.5,0.5,0.5,synthetic,synthetic,synthetic,synthetic,synthetic,0.0,0.0,0.0,0.0,0.0,-110.0,-110.0,-110.0,-110.0,-110.0,-110.0,-110.0,-110.0,-110.0,-110.0,0.0,0.0,0.0,0.0,0.0,2026-08-07T03:26:40.888653+00:00,-0.2814533030304796,0.2694829599223446,-0.21466540224984015,-0.33708179670118493,-0.009440010421335743,0.4,1.0,0.2,0.2,0.6,0.0,0.0,0.0,0.0,0.0,batter_pitcher_profile_network_v2,1.0,0.15,0.8708478359553296,0.0,0.5364981710143208,-0.08309720719095713,-0.8475256064690027,0.0,16.0,2.759995604303003,-0.010155627331145195,-0.009095800867566822,-0.0009095800867566822,-0.20504782948532943,-0.7708810395462042,0.0,16.0,2.803106349319827,-0.02729449524537541,-0.0613565004853462,-0.009817040077655393,-0.09358833874458877,-0.5356958066808812,0.0,16.0,3.1166996353797387,-0.051573276410906914,-0.05804830473706316,-0.0029024152368531584,-0.4120462962962963,-0.6716273082029206,0.0,16.0,2.7910485425938303,-0.07153009865070231,-0.1072718680473969,-0.002681796701184923,-0.3884525462962963,-0.6317654584221748,0.0,16.0,3.027090638344247,0.0005488339600433022,-0.03128372347247994,-0.0018770234083487966
2026-05-12,Ryan_Vilade,668723,hitter,TB,TOR,2026,822817,38,139,141,0,571578.0,Patrick_Corbin,2.0,6.0,1.0,1.0,1.0,5.0,4.0,1.0,1.0,4.0,0.10416666666666667,0.812,0.812,1.0,30.0,65.0,3.535714285714285,5.383928571428572,3.8265734265734266,1.08,0.0,68.0,0,2.0,0.49999999999999994,-0.8660254037844387,0.7818314824680298,0.6234898018587336,0.5,0.5,0.5,0.5,0.5,0.5,0.5,0.5,0.5,0.5,synthetic,synthetic,synthetic,synthetic,synthetic,0.0,0.0,0.0,0.0,0.0,-110.0,-110.0,-110.0,-110.0,-110.0,-110.0,-110.0,-110.0,-110.0,-110.0,0.0,0.0,0.0,0.0,0.0,2026-08-07T03:26:40.888653+00:00,0.2360892667820248,1.453206479834827,-0.05819099262643174,-0.15179799312780107,-0.2380677543618402,0.4,0.4,0.0,0.0,0.0,1.0,1.0,0.0,0.0,0.0,batter_pitcher_profile_network_v2,1.0,0.3,0.6842414841889217,1.0,0.5986041254560571,-0.09986007553606235,0.1475418134995933,-0.06296296296296296,15.0,2.9358228868464735,-0.000926082059260223,-0.05302241709483642,-0.005302241709483642,-0.2094545565302144,0.05444297235023038,-0.06172839506172839,15.0,3.201444690799226,-0.009484492783099615,-0.0662095010323322,-0.010593520165173152,-0.10005756578947364,-0.0536964737507906,-0.044444444444444446,15.0,3.4135020417235453,-0.04326920264414376,-0.08239327910206173,-0.004119663955103087,-0.40249074074074076,-0.03134331797235021,-0.04938271604938271,15.0,3.351559135645067,-0.05035009713971593,-0.0959197251120445,-0.0023979931278011127,-0.3525428240740739,-0.047399430740037926,-0.07407407407407407,15.0,3.364338756350003,0.03473153083415221,-0.04160709484185878,-0.002496425690511527
2026-05-18,Ryan_Vilade,668723,hitter,TB,BAL,2026,822980,39,139,110,1,669432.0,Trevor_Rogers,3.0,5.0,1.0,0.0,3.0,5.0,3.0,1.0,0.0,4.0,0.10416666666666667,0.818,0.818,0.6666666666666666,30.0,65.0,12.9,8.850000000000001,4.258928571428571,1.08,0.0,72.0,0,6.0,0.49999999999999994,-0.8660254037844387,0.0,1.0,0.5,1.5,0.5,0.5,0.5,0.5,1.5,0.5,0.5,0.5,synthetic,synthetic,synthetic,synthetic,synthetic,0.0,0.0,0.0,0.0,0.0,-110.0,-110.0,-110.0,-110.0,-110.0,-110.0,-110.0,-110.0,-110.0,-110.0,0.0,0.0,0.0,0.0,0.0,2026-08-07T03:26:40.888653+00:00,0.5161766546139528,1.5141681923098935,0.23821958226139006,0.00757954241559311,0.0869381158214233,0.8,1.6,0.2,0.2,0.2,2.0,6.0,1.0,1.0,1.0,batter_pitcher_profile_network_v2,1.0,0.5,0.6768278795083249,0.0,0.6335442923801151,0.008562589031339184,0.4620032872377826,0.0,17.0,2.5436324939319555,0.0015737306769917701,0.0012784509014320663,0.00012784509014320664,-0.04347524928774914,0.41221811496542826,0.0,17.0,2.817903246306905,0.015284134624553991,0.022926201936830988,0.0036681923098929583,0.03611618589743615,0.49605671608265944,0.0,17.0,2.8533506908093913,-0.018326773389140523,-0.012536926200770654,-0.0006268463100385327,-0.2133703703703704,0.35248934138052257,0.0,17.0,3.167719665117046,0.012515029957059253,0.012515029957059253,0.0003128757489264814,-0.1279224537037035,0.5543546720575022,0.0,17.0,2.540211788289018,0.06870416111099233,0.05152812083324425,0.003091687249994655
2026-05-20,Ryan_Vilade,668723,hitter,TB,BAL,2026,822977,40,139,110,1,669358.0,Shane_Baz,0.0,0.0,1.0,0.0,0.0,4.0,2.0,2.0,0.0,4.0,0.12121212121212122,0.345,0.345,0.0,0.0,41.4,7.14705882352941,7.046218487394957,7.436126373626373,1.08,0.0,72.0,0,2.0,0.49999999999999994,-0.8660254037844387,0.9749279121818236,-0.22252093395631434,1.5,2.5,0.5,0.5,0.5,1.5,2.5,0.5,0.5,0.5,synthetic,synthetic,synthetic,synthetic,synthetic,0.0,0.0,0.0,0.0,0.0,-110.0,-110.0,-110.0,-110.0,-110.0,-110.0,-110.0,-110.0,-110.0,-110.0,0.0,0.0,0.0,0.0,0.0,2026-08-07T03:26:40.888653+00:00,0.30673102446784517,0.0006583239370510086,0.2862449178320372,-0.3355379368995155,0.8525894296604757,1.4,2.6,0.4,0.2,0.8,3.0,5.0,1.0,0.0,3.0,batter_pitcher_profile_network_v2,1.0,0.55,0.5308764140833553,0.0,0.6567322016011339,0.05175115740740761,0.1435099735725365,0.0,18.0,3.606992364203939,0.019867371439910363,0.0034840904405336747,0.0003484090440533675,0.034752314814815,0.02988794092382723,0.0,18.0,3.885796496226134,0.017986353554161394,0.02746679733383942,0.004394687573414307,0.09594328703703724,0.14290786187496723,0.0,18.0,3.8975861469338464,-0.02220564847926525,-0.015773471531085062,-0.0007886735765542532,-0.08628703703703705,-0.06939090523001887,0.0,18.0,4.008028941276256,-0.042708581804634625,-0.045517475980621364,-0.001137936899515534,-0.0433877314814814,0.11455850290060823,0.0,18.0,3.823789729615426,0.08305903186005939,0.06229427389504454,0.0037376564337026725
2026-05-22,Ryan_Vilade,668723,hitter,TB,NYY,2026,823546,41,139,147,0,543037.0,Gerrit_Cole,0.0,0.0,0.0,0.0,1.0,1.0,0.0,0.0,0.0,6.0,0.02631578947368421,0.0,0.0,0.0,0.0,10.0,2.7,8.100000000000001,3.720351077493935,1.08,10.0,66.0,0,2.0,0.49999999999999994,-0.8660254037844387,-0.433883739117558,-0.9009688679024191,1.5,2.5,0.5,0.5,0.5,1.5,2.5,0.5,0.5,0.5,synthetic,synthetic,synthetic,synthetic,synthetic,0.0,0.0,0.0,0.0,0.0,-110.0,-110.0,-110.0,-110.0,-110.0,-110.0,-110.0,-110.0,-110.0,-110.0,0.0,0.0,0.0,0.0,0.0,2026-08-07T03:26:40.888653+00:00,-0.6182975442884919,-1.07509007248414,-0.09985144216355984,-0.33337591721346316,-0.02813773672320663,1.2,2.4,0.6,0.2,0.8,0.0,0.0,1.0,0.0,0.0,batter_pitcher_profile_network_v2,1.0,0.1,0.8590165042944955,0.0,0.5244770478223925,0.04544012533875329,0.21468749999999998,0.0,19.0,3.8722027237881047,0.012813563333628743,0.001375354187682937,0.00013753541876829371,-0.04948899051490519,0.376125,0.0,19.0,3.603661938799271,0.04801285587748728,0.07201928381623092,0.011523085410596948,0.06134781504065051,-0.007374999999999882,0.0,19.0,4.4133827817779725,0.004525971089987,0.004462184498026849,0.00022310922490134246,-0.2637777777777779,0.39175000000000004,0.0,19.0,3.7431855247934713,0.04096331146147262,0.04096331146147262,0.0010240827865368154,-0.18973263888888878,0.18950000000000009,0.0,19.0,4.114288687659874,0.0866075773565319,0.06495568301739893,0.0038973409810439358
2026-05-24,Ryan_Vilade,668723,hitter,TB,NYY,2026,823544,42,139,147,0,677960.0,Ryan_Weathers,1.0,1.0,0.0,0.0,0.0,4.0,3.0,1.0,1.0,4.0,0.1111111111111111,0.395,0.395,0.0,0.0,47.400000000000006,4.3598684210526315,11.200657894736842,4.455044955044955,1.08,0.0,57.0,0,2.0,0.49999999999999994,-0.8660254037844387,-0.7818314824680299,0.6234898018587334,1.5,2.5,0.5,0.5,0.5,1.5,2.5,0.5,0.5,0.5,synthetic,synthetic,synthetic,synthetic,synthetic,0.0,0.0,0.0,0.0,0.0,-110.0,-110.0,-110.0,-110.0,-110.0,-110.0,-110.0,-110.0,-110.0,-110.0,0.0,0.0,0.0,0.0,0.0,2026-08-07T03:26:40.888653+00:00,-0.6614310965350438,-0.8056376183774114,0.1422209733094144,-0.33363977726960614,0.5238147112851719,1.2,2.4,0.6,0.2,1.0,0.0,0.0,0.0,0.0,1.0,batter_pitcher_profile_network_v2,1.0,0.6,0.6266265751587663,0.0,0.6639429467258307,-0.0233113425925926,0.190408432432002,0.0,19.0,3.9221182080658883,0.019816518933910083,0.0,0.0,-0.10435416666666664,0.24547640216094746,0.0,19.0,3.9285073639417707,0.044287701205230505,0.06643155180784575,0.010629048289255321,-0.00494791666666658,0.37643196003060586,0.0,19.0,3.864918170430433,0.029374511143331245,0.029374511143331245,0.0014687255571665624,-0.2732592592592593,0.2740877834839048,0.0,19.0,4.023930215575272,0.030408909215755734,0.030408909215755734,0.0007602227303938934,-0.24247800925925903,0.4514878938827459,0.0,19.0,3.5102544210475273,0.10879548591682976,0.08159661443762233,0.004895796866257339
2026-05-26,Ryan_Vilade,668723,hitter,TB,BAL,2026,824837,43,139,110,0,669358.0,Shane_Baz,1.0,1.0,0.0,0.0,0.0,1.0,1.0,0.0,0.0,5.0,0.027777777777777776,0.89,0.89,0.0,0.0,65.0,5.000000000000001,7.928571428571428,7.376432496075354,1.08,2.0,74.0,0,2.0,0.49999999999999994,-0.8660254037844387,0.7818314824680298,0.6234898018587336,1.5,2.5,0.5,0.5,0.5,1.5,2.5,0.5,0.5,0.5,synthetic,synthetic,synthetic,synthetic,synthetic,0.0,0.0,0.0,0.0,0.0,-110.0,-110.0,-110.0,-110.0,-110.0,-110.0,-110.0,-110.0,-110.0,-110.0,0.0,0.0,0.0,0.0,0.0,2026-08-07T03:26:40.888653+00:00,-0.28976126221826104,-0.5456724885989614,0.446607796499783,-0.33540422530147007,0.553272005472057,1.2,2.4,0.6,0.2,1.0,1.0,1.0,0.0,0.0,0.0,batter_pitcher_profile_network_v2,1.0,0.6,0.4910775410736262,1.0,0.6926558007310886,0.0562465277777779,0.06124372873449482,-0.07777777777777777,19.0,4.145220066732079,0.029825183268699238,-0.05623323966037254,-0.005623323966037254,-0.03918904320987644,-0.0064179466299398025,-0.07901234567901234,19.0,4.310519345626952,0.03454058712526947,-0.007223887076843606,-0.001155821932294977,0.07451581790123475,0.1114201261131553,0.1111111111111111,19.0,4.320410718717985,-0.03633956743133459,0.05072343392030649,0.0025361716960153246,-0.2594074074074075,-0.05320429414767023,-0.04938271604938271,19.0,4.381308907664168,0.003671655456436551,-0.04016901205880112,-0.001004225301470028,-0.17102199074074056,0.07382704100677231,-0.1037037037037037,19.0,4.235625160049752,0.05383604238188793,-0.03693809997295725,-0.002216285998377435
2026-05-27,Ryan_Vilade,668723,hitter,TB,BAL,2026,824836,44,139,110,0,694346.0,Trey_Gibson,0.0,0.0,0.0,0.0,2.0,4.0,3.0,1.0,0.0,6.0,0.10256410256410256,0.1725,0.1725,0.0,0.0,20.7,4.928571428571428,5.035714285714286,7.135361067503925,1.08,2.0,80.0,0,1.0,0.49999999999999994,-0.8660254037844387,0.9749279121818236,-0.22252093395631434,0.5,1.5,0.5,0.5,0.5,0.5,1.5,0.5,0.5,0.5,synthetic,synthetic,synthetic,synthetic,synthetic,0.0,0.0,0.0,0.0,0.0,-110.0,-110.0,-110.0,-110.0,-110.0,-110.0,-110.0,-110.0,-110.0,-110.0,0.0,0.0,0.0,0.0,0.0,2026-08-07T03:26:40.888653+00:00,0.8534019492345715,-0.3930019271889327,-0.004387265878720847,-0.47293099945087025,0.28227081261121223,1.0,1.4,0.4,0.0,0.8,1.0,1.0,0.0,0.0,0.0,batter_pitcher_profile_network_v2,1.0,0.1,0.6208113426972761,0.0,0.5273950610519583,0.19092361111111109,0.0834285714285714,0.0,21.0,4.9695971415596905,0.02095838175755114,0.006039900508978857,0.0006039900508978857,0.07031944444444439,0.4125714285714286,0.0,21.0,4.291664847296234,0.04567884132585465,0.0795192050691701,0.012723072811067215,0.21093749999999983,0.4394285714285714,0.0,21.0,4.5251047319459285,0.004630488826021632,0.03977823030627364,0.0019889115153136822,-0.24522222222222226,0.9125714285714285,0.0,21.0,2.6154787281477816,0.05876002196518836,0.05876002196518836,0.0014690005491297092,-0.06199305555555567,0.38228571428571423,0.0,21.0,4.521923828813168,0.04749721379180413,0.0356229103438531,0.002137374620631186
2026-05-29,Ryan_Vilade,668723,hitter,TB,LAA,2026,822978,45,139,108,1,700712.0,Walbert_Ureña,0.0,0.0,0.0,0.0,0.0,4.0,4.0,0.0,0.0,4.0,0.10256410256410256,0.0,0.0,0.0,0.0,10.0,1.8,8.0,1.3499999999999999,1.08,0.0,72.0,0,2.0,0.49999999999999994,-0.8660254037844387,-0.433883739117558,-0.9009688679024191,0.5,0.5,0.5,0.5,0.5,0.5,0.5,0.5,0.5,0.5,synthetic,synthetic,synthetic,synthetic,synthetic,0.0,0.0,0.0,0.0,0.0,-110.0,-110.0,-110.0,-110.0,-110.0,-110.0,-110.0,-110.0,-110.0,-110.0,0.0,0.0,0.0,0.0,0.0,2026-08-07T03:26:40.888653+00:00,-0.11552326296124477,-0.25059821678561245,-0.5,-0.47631666285470037,0.11924078612900557,0.4,0.4,0.2,0.0,0.6,0.0,0.0,0.0,0.0,2.0,batter_pitcher_profile_network_v2,1.0,0.4,0.66844063739047,0.0,0.607246408767867,0.2279542164791372,-0.4444488795518207,0.0,21.0,4.725477782247445,-0.00790384389572739,-0.03359160397142318,-0.0033591603971423185,0.10012842827004206,-0.48606592182327474,0.0,21.0,4.623943898912292,-0.019443124483389633,-0.04530135491007782,-0.007248216785612452,0.23605551160337526,-0.25497853535353515,0.0,21.0,4.963095120186603,-0.03240236608028351,-0.05235862193611497,-0.0026179310968057487,-0.24125925925925926,-0.4920318309141838,0.0,21.0,4.483716860613774,-0.03730801899493517,-0.07666651418801573,-0.0019166628547003933,-0.04037384259259276,-0.3939873737373735,0.0,21.0,4.674762653949994,-0.07907013094076086,-0.0645766414396515,-0.0038745984863790897
2026-05-30,Ryan_Vilade,668723,hitter,TB,LAA,2026,822975,46,139,108,1,672282.0,Reid_Detmers,0.0,0.0,0.0,0.0,1.0,3.0,3.0,0.0,1.0,4.0,0.07317073170731707,0.0,0.0,0.0,0.0,10.0,5.669117647058823,12.661764705882353,5.8500000000000005,1.08,0.0,72.0,0,1.0,0.49999999999999994,-0.8660254037844387,-0.9749279121818236,-0.2225209339563146,0.5,0.5,0.5,0.5,0.5,0.5,0.5,0.5,0.5,0.5,synthetic,synthetic,synthetic,synthetic,synthetic,0.0,0.0,0.0,0.0,0.0,-110.0,-110.0,-110.0,-110.0,-110.0,-110.0,-110.0,-110.0,-110.0,-110.0,0.0,0.0,0.0,0.0,0.0,2026-08-07T03:26:40.888653+00:00,-0.21253832061609768,-0.2848483128195173,-0.4409369643778912,-0.47645037902504206,-0.009952956819122505,0.4,0.4,0.0,0.0,0.6,0.0,0.0,0.0,0.0,0.0,batter_pitcher_profile_network_v2,1.0,0.65,0.5639784217817938,0.0,0.6825932181656247,0.3762928240740738,-0.2485331313158175,0.0,22.0,5.3044288736951595,-0.008027103833613023,-0.04077727598402861,-0.004077727598402861,0.19902083333333304,-0.32734513598805676,0.0,22.0,5.2458443531893915,-0.020232364314655017,-0.05875469902442208,-0.009400751843907533,0.339114583333333,-0.0988103583966585,0.0,22.0,5.4413848334967465,-0.03303150092527443,-0.04764172658221458,-0.002382086329110729,-0.24125925925925934,-0.3887471630150838,0.0,22.0,5.041405307743931,-0.04112119747692005,-0.08201516100168324,-0.002050379025042081,-0.03787384259259284,-0.13513355659485668,0.0,22.0,5.351620990063746,-0.07484095762193838,-0.05836228844879085,-0.003501737306927451
2026-06-01,Ryan_Vilade,668723,hitter,TB,DET,2026,822974,47,139,116,1,680744.0,Ty_Madden,1.0,4.0,1.0,1.0,3.0,3.0,3.0,0.0,1.0,5.0,0.07142857142857142,0.7000000000000001,0.7000000000000001,1.0,30.0,65.0,1.5,6.699999999999999,9.857142857142858,1.08,0.0,72.0,0,2.0,1.2246467991473532e-16,-1.0,0.0,1.0,0.5,0.5,0.5,0.5,0.5,0.5,0.5,0.5,0.5,0.5,synthetic,synthetic,synthetic,synthetic,synthetic,0.0,0.0,0.0,0.0,0.0,-110.0,-110.0,-110.0,-110.0,-110.0,-110.0,-110.0,-110.0,-110.0,-110.0,0.0,0.0,0.0,0.0,0.0,2026-08-07T03:26:40.888653+00:00,0.2498285857453667,1.238436347922274,0.13553229402786637,-0.1504485004350568,0.5618748480536029,0.4,0.4,0.0,0.0,0.6,0.0,0.0,0.0,0.0,1.0,batter_pitcher_profile_network_v2,1.0,0.1,0.7526813046263745,0.0,0.5257796540183269,0.22099867321589867,0.45304354469060343,0.0,23.0,4.483228825111439,0.017246368720932884,0.024762047929856274,0.0024762047929856278,0.07462720189701885,0.13019165393430093,0.0,23.0,5.582705780391901,0.0016745106179903181,0.004914674514210865,0.0007863479222737383,0.1868737296747966,0.5330925324675326,0.0,23.0,4.707888535975762,-0.006135109815682114,0.018503023414470042,0.0009251511707235021,-0.2616296296296296,-0.08632620320855615,0.0,23.0,5.8912666148440485,-0.03635420284480036,-0.04194001740227267,-0.0010485004350568167,-0.158869212962963,0.3763961038961039,0.0,23.0,5.065000295229625,0.0003934488102218056,0.0002950866076663542,1.7705196459981252e-05
2026-06-02,Ryan_Vilade,668723,hitter,TB,DET,2026,822971,48,139,116,1,656427.0,Jack_Flaherty,1.0,2.0,0.0,0.0,0.0,4.0,4.0,0.0,3.0,6.0,0.12121212121212122,0.3175,0.3175,0.25,21.25,49.35,6.288235294117647,13.06470588235294,10.588235294117649,1.08,0.0,72.0,0,1.0,1.2246467991473532e-16,-1.0,0.7818314824680298,0.6234898018587336,0.5,0.5,0.5,0.5,1.5,0.5,0.5,0.5,0.5,1.5,synthetic,synthetic,synthetic,synthetic,synthetic,0.0,0.0,0.0,0.0,0.0,-110.0,-110.0,-110.0,-110.0,-110.0,-110.0,-110.0,-110.0,-110.0,-110.0,0.0,0.0,0.0,0.0,0.0,2026-08-07T03:26:40.888653+00:00,0.17460351576676614,1.1530101884602708,0.2840329318016084,-0.12048424113676687,0.26955069340643134,0.4,1.0,0.2,0.2,1.2,1.0,4.0,1.0,1.0,3.0,batter_pitcher_profile_network_v2,1.0,0.7,0.5815816429394332,0.0,0.6951293741179436,0.3554297288359787,0.20581951205239982,0.0,23.0,5.318340034421704,-0.007141994163596596,0.030609132712223684,0.0030609132712223685,0.2548343253968252,0.25669811777612883,0.0,23.0,5.248633923373335,-0.01357422796575268,0.007009700603963189,0.0011215520966341103,0.31777529761904744,0.5544066265410423,0.0,23.0,4.62283184965636,-0.02333769086409543,0.050377887369061514,0.002518894368453076,-0.07250925925925936,0.31360009619339513,0.0,23.0,5.200111213860044,-0.06836964547067362,-0.06836964547067362,-0.0017092411367668405,0.04191782407407388,0.5467672380518337,0.0,23.0,4.443728915746533,-0.02737593372379332,-0.010942097415095685,-0.0006565258449057411
2026-06-05,Ryan_Vilade,668723,hitter,TB,MIA,2026,823860,49,139,146,0,687473.0,Ryan_Gusto,2.0,2.0,0.0,0.0,2.0,5.0,5.0,0.0,1.0,6.0,0.11363636363636363,0.356,0.356,0.0,0.0,42.72,6.75,11.25,4.933082706766917,1.0766666666666667,0.0,72.0,0,3.0,1.2246467991473532e-16,-1.0,-0.433883739117558,-0.9009688679024191,0.5,1.5,0.5,0.5,1.5,0.5,1.5,0.5,0.5,1.5,synthetic,synthetic,synthetic,synthetic,synthetic,0.0,0.0,0.0,0.0,0.0,-110.0,-110.0,-110.0,-110.0,-110.0,-110.0,-110.0,-110.0,-110.0,-110.0,0.0,0.0,0.0,0.0,0.0,2026-08-07T03:26:40.888653+00:00,0.023335429482797876,-0.30631194365167413,-0.133308763922368,-0.3383872448261988,-0.49646055248037047,0.4,1.2,0.2,0.2,1.2,1.0,2.0,0.0,0.0,0.0,batter_pitcher_profile_network_v2,1.0,0.0,1.0,0.0,0.5,0.3470324872286075,0.0,0.0,24.0,6.207529765900726,-0.025016999278783467,0.0,0.0,0.2766312260536396,0.0,0.0,24.0,6.270632029644627,-0.04022021976076314,-0.06033032964114471,-0.009652852742583153,0.34362428160919506,0.0,0.0,24.0,6.314092389481471,-0.07389434885064103,-0.07389434885064103,-0.0036947174425320515,0.004304398148148189,0.0,0.0,24.0,6.30824239293462,-0.11682312638128434,-0.11682312638128434,-0.0029205781595321085,0.13112731481481468,0.0,0.0,24.0,6.20403136010664,-0.14557892122399754,-0.10918419091799816,-0.00655105145507989
2026-06-07,Ryan_Vilade,668723,hitter,TB,MIA,2026,823857,50,139,146,0,645261.0,Sandy_Alcantara,1.0,1.0,0.0,0.0,0.0,3.0,3.0,0.0,1.0,7.0,0.09375,0.2966666666666667,0.2966666666666667,0.0,0.0,35.6,8.521008403361344,5.760504201680672,4.7126745435016115,1.0766666666666667,0.0,72.0,0,2.0,1.2246467991473532e-16,-1.0,-0.7818314824680299,0.6234898018587334,0.5,1.5,0.5,0.5,1.5,0.5,1.5,0.5,0.5,1.5,synthetic,synthetic,synthetic,synthetic,synthetic,0.0,0.0,0.0,0.0,0.0,-110.0,-110.0,-110.0,-110.0,-110.0,-110.0,-110.0,-110.0,-110.0,-110.0,0.0,0.0,0.0,0.0,0.0,2026-08-07T03:26:40.888653+00:00,0.6756699845499814,-0.10309396251144842,-0.21164818494376308,-0.3383389525804465,-0.2290577551589621,0.8,1.6,0.2,0.2,1.2,2.0,2.0,0.0,0.0,2.0,batter_pitcher_profile_network_v2,1.0,0.8,0.42306989127749517,0.0,0.7385391506548055,0.30710925925925897,0.22062498407200903,0.0,24.0,5.77371568656406,-0.020187218526354894,0.03909046227283727,0.003909046227283728,0.24721388888888868,0.11226928744207569,0.0,24.0,6.10821844313835,-0.03575395870901134,-0.03761851569655271,-0.006018962511448434,0.2949444444444442,0.034176456694762845,0.0,24.0,6.3156663764813725,-0.07228712122621651,-0.06647157571020622,-0.003323578785510311,0.0003488425925925187,0.02488795832815169,0.0,24.0,6.291180750282627,-0.1148964454468039,-0.11489143655119192,-0.0028722859137797984,0.10419259259259235,0.07342487441628183,0.0,24.0,6.167156378997553,-0.16014010241863255,-0.1156913722340457,-0.006941482334042742
2026-06-08,Ryan_Vilade,668723,hitter,TB,BOS,2026,822972,51,139,111,1,813349.0,Connelly_Early,1.0,1.0,0.0,0.0,0.0,3.0,2.0,1.0,0.0,4.0,0.07894736842105263,0.5266666666666667,0.5266666666666667,0.0,0.0,63.20000000000001,3.6710526315789473,8.743421052631579,4.2857142857142865,1.08,0.0,72.0,0,1.0,1.2246467991473532e-16,-1.0,0.0,1.0,0.5,1.5,0.5,0.5,1.5,0.5,1.5,0.5,0.5,1.5,synthetic,synthetic,synthetic,synthetic,synthetic,0.0,0.0,0.0,0.0,0.0,-110.0,-110.0,-110.0,-110.0,-110.0,-110.0,-110.0,-110.0,-110.0,-110.0,0.0,0.0,0.0,0.0,0.0,2026-08-07T03:26:40.888653+00:00,0.4709383273853216,-0.050653730860015234,-0.09973948932984089,-0.33889748949250437,-0.5262942564732611,1.0,1.8,0.2,0.2,1.2,1.0,1.0,0.0,0.0,0.0,batter_pitcher_profile_network_v2,1.0,0.75,0.45373015633997626,1.0,0.7395635418862647,0.2725323892009985,-0.26716601143600194,-0.08888888888888889,24.0,6.327590060245054,-0.03282990389445511,-0.10438489657285047,-0.010438489657285048,0.22649751872659152,-0.14450791887329564,-0.0962962962962963,24.0,6.5628217567727685,-0.05189327080177106,-0.1657141073487815,-0.02651425717580504,0.25555793539325816,-0.15974628766131643,-0.06666666666666667,24.0,6.429307831126719,-0.08755226218500368,-0.15831108985496595,-0.007915554492748297,0.0036451388888887708,-0.00705570174791339,-0.07407407407407408,24.0,6.606525629862281,-0.12604367253683513,-0.17989957970017406,-0.004497489492504352,0.10580486111111075,-0.17696150172859473,-0.1111111111111111,24.0,6.350271573112596,-0.19916950065094985,-0.24036793370222537,-0.014422076022133521
2026-06-09,Ryan_Vilade,668723,hitter,TB,BOS,2026,822969,52,139,111,1,801139.0,Payton_Tolle,3.0,4.0,1.0,0.0,0.0,4.0,4.0,0.0,0.0,4.0,0.1111111111111111,0.7625,0.7625,0.25,21.25,65.0,2.785714285714286,11.5,4.671428571428572,1.08,0.0,72.0,0,1.0,1.2246467991473532e-16,-1.0,0.7818314824680298,0.6234898018587336,1.5,1.5,0.5,0.5,0.5,1.5,1.5,0.5,0.5,0.5,synthetic,synthetic,synthetic,synthetic,synthetic,0.0,0.0,0.0,0.0,0.0,-110.0,-110.0,-110.0,-110.0,-110.0,-110.0,-110.0,-110.0,-110.0,-110.0,0.0,0.0,0.0,0.0,0.0,2026-08-07T03:26:40.888653+00:00,-0.4603725120403912,0.5157245463109166,0.09148912636029383,-0.2244498610825793,0.4635119325413487,1.2,2.0,0.2,0.2,1.0,1.0,1.0,0.0,0.0,0.0,batter_pitcher_profile_network_v2,1.0,0.4,0.6786377668682094,1.0,0.6254967494234578,0.2882871408045976,-0.5522745739140726,0.029629629629629634,26.0,6.351461224592366,-0.029746105971519925,-0.026296548975338726,-0.0026296548975338727,0.2207414272030651,-0.5493714734933665,-0.01481481481481481,26.0,6.358800238975056,-0.07149534970233602,-0.15864866889010543,-0.02538378702241687,0.250649066091954,-0.5200031830914182,-0.044444444444444446,26.0,6.059834509076169,-0.044957171663359094,-0.1241460442226953,-0.0062073022111347655,-0.046813194444444456,-0.5372892542420296,-0.07407407407407408,26.0,6.250168082585811,-0.15673969853770015,-0.22699444330317223,-0.005674861082579306,0.07131875000000008,-0.5607796982429334,-0.1111111111111111,26.0,5.964649715135105,-0.2246566164352917,-0.2746027116124431,-0.016476162696746587
2026-06-10,Ryan_Vilade,668723,hitter,TB,BOS,2026,822970,53,139,111,1,687562.0,Jake_Bennett,0.0,0.0,0.0,0.0,1.0,4.0,3.0,0.0,0.0,4.0,0.10526315789473684,0.0,0.0,0.0,0.0,10.0,6.45,5.962500000000001,4.671428571428572,1.08,0.0,72.0,0,1.0,1.2246467991473532e-16,-1.0,0.9749279121818236,-0.22252093395631434,1.5,1.5,0.5,0.5,0.5,1.5,1.5,0.5,0.5,0.5,synthetic,synthetic,synthetic,synthetic,synthetic,0.0,0.0,0.0,0.0,0.0,-110.0,-110.0,-110.0,-110.0,-110.0,-110.0,-110.0,-110.0,-110.0,-110.0,0.0,0.0,0.0,0.0,0.0,2026-08-07T03:26:40.888653+00:00,0.3682266944062318,0.3092302783452976,-0.19148292377856924,-0.47978953695089915,-0.1762353475427451,1.6,2.0,0.2,0.0,0.4,3.0,4.0,1.0,0.0,0.0,batter_pitcher_profile_network_v2,1.0,0.2,0.8900000000000001,1.0,0.566945,0.43997037037037023,0.8143198729582576,0.018518518518518514,27.0,4.053100091603872,0.019501250375534893,0.056910427771593664,0.005691042777159367,0.36210277777777766,0.45982917422867503,-0.024691358024691353,27.0,6.09494834198868,-0.006517717321464756,-0.014794312973469342,-0.002367090075755095,0.41119444444444436,0.44359913793103445,-0.05185185185185185,27.0,6.614399081788534,-0.01978323106585979,-0.04871862594732534,-0.002435931297366267,0.0357967592592593,0.11941969147005446,-0.07407407407407408,27.0,7.551779862209645,-0.1460517102100675,-0.21558147803596697,-0.005389536950899175,0.22622037037037035,0.450301724137931,-0.1111111111111111,27.0,6.373669296133847,-0.15485721753220946,-0.2099374966397382,-0.012596249798384291
2026-06-12,Ryan_Vilade,668723,hitter,TB,LAA,2026,824020,54,139,108,0,691951.0,Sam_Aldegheri,0.0,0.0,0.0,0.0,0.0,4.0,3.0,1.0,2.0,4.0,0.1,0.1725,0.1725,0.0,0.0,20.7,1.5,5.8125,2.264640638864241,1.08,0.0,80.0,0,2.0,1.2246467991473532e-16,-1.0,-0.433883739117558,-0.9009688679024191,1.5,1.5,0.5,0.5,0.5,1.5,1.5,0.5,0.5,0.5,synthetic,synthetic,synthetic,synthetic,synthetic,0.0,0.0,0.0,0.0,0.0,-110.0,-110.0,-110.0,-110.0,-110.0,-110.0,-110.0,-110.0,-110.0,-110.0,0.0,0.0,0.0,0.0,0.0,2026-08-07T03:26:40.888653+00:00,-0.25195616479405425,-0.4366577382322012,-0.3628686613467467,-0.4786606429590065,0.04627057928733358,1.4,1.6,0.2,0.0,0.6,0.0,0.0,0.0,0.0,1.0,batter_pitcher_profile_network_v2,1.0,0.05,0.9425,0.0,0.5117271875,0.3907094001610307,0.3041111111111111,0.0,28.0,6.8008345030593755,-0.0016060451506287393,0.006832096513760289,0.0006832096513760289,0.31870966183574884,0.0013194444444444287,0.0,28.0,7.756190675293558,-0.05056919588905854,-0.07582961395125756,-0.01213273823220121,0.35496105072463785,0.1064953703703704,0.0,28.0,7.741875652753139,-0.03668746404160363,-0.03451386579917501,-0.0017256932899587505,0.024167129629629587,-0.23999999999999994,0.0,28.0,7.660527719502152,-0.1700922119713729,-0.17042571836026177,-0.0042606429590065446,0.16427824074074088,0.0029074074074074557,0.0,28.0,7.687035755834768,-0.2514022323977525,-0.18852421093130906,-0.011311452655878542
2026-06-15,Ryan_Vilade,668723,hitter,TB,LAD,2026,823938,55,139,119,0,641778.0,Eric_Lauer,2.0,5.0,1.0,1.0,2.0,4.0,4.0,0.0,0.0,4.0,0.10810810810810811,0.7475,0.7475,0.75,30.0,65.0,2.844537815126051,5.2899159663865545,9.281633583807496,1.08,9.0,71.0,0,3.0,1.2246467991473532e-16,-1.0,0.0,1.0,0.5,1.5,0.5,0.5,0.5,0.5,1.5,0.5,0.5,0.5,synthetic,synthetic,synthetic,synthetic,synthetic,0.0,0.0,0.0,0.0,0.0,-110.0,-110.0,-110.0,-110.0,-110.0,-110.0,-110.0,-110.0,-110.0,-110.0,0.0,0.0,0.0,0.0,0.0,2026-08-07T03:26:40.888653+00:00,0.7582796182565541,0.5132032624722065,0.3217898448953591,-0.21264501234327216,0.15666997272625938,1.0,1.2,0.2,0.0,0.2,0.0,0.0,0.0,0.0,0.0,batter_pitcher_profile_network_v2,1.0,0.55,0.6521984002785781,1.0,0.6673081327812309,0.3589018396686161,0.37342519160049353,0.018518518518518514,27.0,6.291943547968968,-0.0007052504593189712,0.06191154304662913,0.006191154304662914,0.30262653508771925,0.5648205376374416,0.1111111111111111,27.0,5.427950757700499,-0.02530807621933653,0.11327630261345314,0.018124208418152505,0.3466869517543861,0.48274343524950947,0.1111111111111111,27.0,6.3425885232121475,-0.03765818161688713,0.11233898977535767,0.005616949488767883,0.028130092592592516,0.8084044748355093,0.1111111111111111,27.0,4.20161407500261,-0.12949847349609883,-0.029800493730887417,-0.0007450123432721855,0.19339745370370368,0.5304839747020054,0.1111111111111111,27.0,5.896503443133999,-0.2098914723381817,-0.029947359987508165,-0.00179684159925049
2026-06-16,Ryan_Vilade,668723,hitter,TB,LAD,2026,823939,56,139,119,0,680736.0,Justin_Wrobleski,0.0,0.0,0.0,0.0,0.0,3.0,3.0,0.0,0.0,5.0,0.1,0.0,0.0,0.0,0.0,10.0,3.0,6.5,7.436913086913086,1.08,0.0,70.0,0,1.0,1.2246467991473532e-16,-1.0,0.7818314824680298,0.6234898018587336,1.5,1.5,0.5,0.5,0.5,1.5,1.5,0.5,0.5,0.5,synthetic,synthetic,synthetic,synthetic,synthetic,0.0,0.0,0.0,0.0,0.0,-110.0,-110.0,-110.0,-110.0,-110.0,-110.0,-110.0,-110.0,-110.0,-110.0,0.0,0.0,0.0,0.0,0.0,2026-08-07T03:26:40.888653+00:00,0.017594808723080613,0.4268519467109946,0.05571301987194277,-0.23971742267775764,0.4094736192003803,1.2,2.0,0.4,0.2,0.6,2.0,5.0,1.0,1.0,2.0,batter_pitcher_profile_network_v2,1.0,0.65,0.5836787354541951,0.0,0.6810245806894597,0.5076166761148906,0.018215538194930405,0.0,29.0,7.9271343665980485,-0.02100608215045319,0.003849519132237557,0.0003849519132237557,0.47631451247165535,-0.07695693090022557,0.0,29.0,8.0637186346188,-0.06898485628060565,-0.11873783305628255,-0.01899805328900521,0.4997325680272109,-0.2195472432771846,0.0,29.0,7.778035296101913,-0.05197604036678382,-0.0976526894742298,-0.0048826344737114905,0.18600046296296296,-0.1270604077214176,0.0,29.0,7.997159580785955,-0.2028578639918848,-0.2126969071103055,-0.005317422677757638,0.38527824074074074,-0.21054200045157756,0.0,29.0,7.751261680022325,-0.28768410980259557,-0.24953391908790268,-0.01497203514527416
2026-06-17,Ryan_Vilade,668723,hitter,TB,LAD,2026,823940,57,139,119,0,660271.0,Shohei_Ohtani,0.0,0.0,0.0,0.0,0.0,1.0,1.0,0.0,1.0,5.0,0.02564102564102564,0.0,0.0,0.0,0.0,10.0,1.8499999999999999,9.200000000000001,7.051198801198801,1.08,4.0,78.0,0,1.0,1.2246467991473532e-16,-1.0,0.9749279121818236,-0.22252093395631434,0.5,1.5,0.5,0.5,0.5,0.5,1.5,0.5,0.5,0.5,synthetic,synthetic,synthetic,synthetic,synthetic,0.0,0.0,0.0,0.0,0.0,-110.0,-110.0,-110.0,-110.0,-110.0,-110.0,-110.0,-110.0,-110.0,-110.0,0.0,0.0,0.0,0.0,0.0,2026-08-07T03:26:40.888653+00:00,0.3585801118957157,-0.5117897703887115,-0.2038651198195786,-0.3407158761146986,-0.022546827384262502,1.0,1.8,0.4,0.2,0.6,0.0,0.0,0.0,0.0,0.0,batter_pitcher_profile_network_v2,1.0,0.65,0.4396590029633367,0.0,0.6924921518890443,0.4255101946334091,-0.8483305823730924,0.0,30.0,5.4556094168086515,-0.05043142013238212,-0.20226814511210703,-0.020226814511210705,0.38497191987906276,-0.8192160731270043,0.0,30.0,5.580662431121301,-0.10068727974954207,-0.3277485649294478,-0.05243977038871165,0.42452423469387773,-0.6971192494269417,0.0,30.0,5.89030046575231,-0.06382547883392364,-0.22965504374421988,-0.011482752187210996,0.08264398148148143,-0.7678647217756529,0.0,30.0,5.698372903716785,-0.21707614232717234,-0.25263504458794406,-0.006315876114698602,0.27789398148148153,-0.7942814115891039,0.0,30.0,5.432861521755445,-0.2853267373415277,-0.3376768933008118,-0.020260613598048708
2026-06-21,Ryan_Vilade,668723,hitter,TB,WSH,2026,822968,58,139,120,1,674841.0,Andrew_Alvarez,1.0,4.0,1.0,1.0,1.0,4.0,4.0,0.0,2.0,5.0,0.1111111111111111,0.525,0.525,0.75,30.0,65.0,2.892857142857143,9.964285714285714,3.7172932330827075,1.08,0.0,72.0,0,4.0,1.2246467991473532e-16,-1.0,-0.7818314824680299,0.6234898018587334,0.5,0.5,0.5,0.5,0.5,0.5,0.5,0.5,0.5,0.5,synthetic,real,real,real,synthetic,0.0,8.0,7.0,8.0,0.0,-110.0,274.192764,372.358941,1757.727563,-110.0,-110.0,-353.833049,-675.431947,0.0,-110.0,0.0,0.5175491695067657,0.0,0.0,0.0,2026-06-21T19:20:37.517202+00:00,-0.10680047393008313,1.2427779558534664,-0.09476645150037172,-0.07847384918664779,0.07313156684541655,0.4,1.0,0.2,0.2,0.6,0.0,0.0,0.0,0.0,0.0,batter_pitcher_profile_network_v2,1.0,0.2,0.614441945520419,0.0,0.5549461723347497,0.2332527777777775,-0.4089642857142858,0.0,31.0,8.214498284451201,-0.03645463195681042,-0.03677917539105788,-0.003677917539105788,0.23223240740740714,-0.48166071428571433,0.0,31.0,7.960059404880076,-0.1023124362253751,-0.196596109249168,-0.03145537747986688,0.23143749999999974,-0.36827976190476186,0.0,31.0,8.165122404407112,-0.04975970526820128,-0.0826222630901428,-0.00413111315450714,0.06227361111111111,-0.6053214285714286,0.0,31.0,7.179712898226553,-0.24842014406725177,-0.26295396746591215,-0.0065738491866478045,0.13495416666666657,-0.43973809523809526,0.0,31.0,7.873806574930911,-0.3228203722365634,-0.264996024589759,-0.015899761475385542
2026-06-22,Ryan_Vilade,668723,hitter,TB,KC,2026,822964,59,139,118,1,608379.0,Michael_Wacha,1.0,2.0,0.0,0.0,0.0,4.0,4.0,0.0,2.0,5.0,0.12121212121212122,0.3175,0.3175,0.25,21.25,49.35,5.331932773109243,3.415966386554622,5.09025974025974,1.08,0.0,72.0,0,1.0,1.2246467991473532e-16,-1.0,0.0,1.0,0.5,1.5,0.5,0.5,0.5,0.5,1.5,0.5,0.5,0.5,synthetic,synthetic,synthetic,synthetic,synthetic,0.0,0.0,0.0,0.0,0.0,-110.0,-110.0,-110.0,-110.0,-110.0,-110.0,-110.0,-110.0,-110.0,-110.0,0.0,0.0,0.0,0.0,0.0,2026-08-07T03:26:40.888653+00:00,0.5701003372637725,0.6346813712038499,0.1416823446644846,0.014459082769505915,0.2555710032315063,0.6,1.8,0.4,0.4,0.6,1.0,4.0,1.0,1.0,1.0,batter_pitcher_profile_network_v2,1.0,0.9,0.39959885671638007,0.0,0.7709442260470192,0.17340902777777797,0.0038209807262432234,0.0,32.0,8.78783688575849,0.018625173830864695,0.0003978213262896498,3.978213262896498e-05,0.24046157407407426,0.0042677528861248745,0.0,32.0,8.880690144564976,-0.055441038173483795,-0.08254540724866834,-0.013207265159786935,0.1786770833333336,-0.03816268082575487,0.0,32.0,9.013495563530093,-0.05456428829980929,-0.05865830151550458,-0.0029329150757752293,0.1997736111111112,0.019264899004846386,0.0,32.0,8.87150616564678,-0.27294740413233753,-0.27063668921976497,-0.006765917230494124,0.17667291666666696,-0.04228844186076249,0.0,32.0,8.84793760477271,-0.2548509888880256,-0.1956239721155891,-0.011737438326935346
2026-06-24,Ryan_Vilade,668723,hitter,TB,KC,2026,822965,60,139,118,1,702070.0,Noah_Cameron,0.0,0.0,0.0,0.0,1.0,4.0,4.0,0.0,1.0,4.0,0.10526315789473684,0.0,0.0,0.0,0.0,10.0,4.56923076923077,7.792307692307692,6.054545454545455,1.08,0.0,72.0,0,2.0,1.2246467991473532e-16,-1.0,0.9749279121818236,-0.22252093395631434,0.5,2.5,0.5,0.5,0.5,0.5,2.5,0.5,0.5,0.5,synthetic,synthetic,synthetic,synthetic,synthetic,0.0,0.0,0.0,0.0,0.0,-110.0,-110.0,-110.0,-110.0,-110.0,-110.0,-110.0,-110.0,-110.0,-110.0,0.0,0.0,0.0,0.0,0.0,2026-08-07T03:26:40.888653+00:00,0.5038177937012984,-0.8535528306700726,-0.13479951846800425,-0.20167266351188073,0.03040905805409644,0.8,2.2,0.4,0.4,0.6,1.0,2.0,0.0,0.0,0.0,batter_pitcher_profile_network_v2,1.0,0.85,0.42170056986724,0.0,0.7535904281625736,0.16421430889652558,0.1524615104472691,0.0,33.0,9.145530492495627,0.02128643886319696,0.014478513629349172,0.0014478513629349174,0.26172682321496765,0.10064450191609646,0.0,33.0,9.400468144167386,-0.04828129408518606,-0.0571887443195329,-0.009150199091125265,0.19566108247422692,0.061292410505800796,0.0,33.0,9.669088823434157,-0.06510268154626553,-0.05816740285290738,-0.002908370142645369,0.2765872685185185,0.040931664078258635,0.0,33.0,9.560575592789135,-0.2974535707772109,-0.2909065404752291,-0.007272663511880728,0.2608824074074074,0.10188362672201703,0.0,33.0,9.389103594472642,-0.2673321777566904,-0.18512813928978233,-0.01110768835738694
2026-06-30,Ryan_Vilade,668723,hitter,TB,KC,2026,824096,61,139,118,0,702070.0,Noah_Cameron,1.0,4.0,2.0,1.0,1.0,5.0,3.0,1.0,1.0,4.0,0.1111111111111111,0.702,0.702,1.0,30.0,65.0,7.56923076923077,7.292307692307692,9.835714285714285,1.06,0.0,93.0,0,6.0,1.2246467991473532e-16,-1.0,0.7818314824680298,0.6234898018587336,0.5,1.5,0.5,0.5,0.5,0.5,1.5,0.5,0.5,0.5,synthetic,synthetic,synthetic,synthetic,synthetic,0.0,0.0,0.0,0.0,0.0,-110.0,-110.0,-110.0,-110.0,-110.0,-110.0,-110.0,-110.0,-110.0,-110.0,0.0,0.0,0.0,0.0,0.0,2026-08-07T03:26:40.888653+00:00,0.35892240711079226,0.7452473447682864,0.3174518046765531,-0.02550677356634251,0.46159250635509974,0.4,1.2,0.2,0.2,0.4,0.0,0.0,0.0,0.0,1.0,batter_pitcher_profile_network_v2,1.0,0.9,0.3985754971094183,1.0,0.7898070514436867,0.14195563973063974,0.14829950625106722,-0.08518518518518518,33.0,9.159447420520493,0.021042383508322188,-0.046907797023946124,-0.004690779702394613,0.24688771043771046,0.06916317790998357,-0.10864197530864196,33.0,9.479616836829305,-0.05218171570536882,-0.1439749285315426,-0.023035988565046815,0.18082196969696987,0.038348782708268615,-0.059259259259259255,33.0,9.696522223742496,-0.06640937758351945,-0.10367819218322423,-0.0051839096091612115,0.2765872685185185,-0.022044315792787216,-0.1111111111111111,33.0,9.632887705985436,-0.3069053122241176,-0.3882709426537018,-0.009706773566342546,0.26088240740740765,0.07160287590726108,0.05925925925925927,33.0,9.44960347963321,-0.302673447037383,-0.17433124328802374,-0.010459874597281423
2026-07-04,Ryan_Vilade,668723,hitter,TB,HOU,2026,824171,62,139,117,0,686613.0,Hunter_Brown,0.0,0.0,0.0,0.0,0.0,5.0,5.0,0.0,1.0,4.0,0.11363636363636363,0.0,0.0,0.0,0.0,10.0,2.5294117647058822,9.705882352941176,2.308462732919255,1.08,0.0,73.0,0,4.0,-0.4999999999999997,-0.8660254037844388,-0.9749279121818236,-0.2225209339563146,0.5,1.5,0.5,0.5,0.5,0.5,1.5,0.5,0.5,0.5,synthetic,synthetic,synthetic,synthetic,synthetic,0.0,0.0,0.0,0.0,0.0,-110.0,-110.0,-110.0,-110.0,-110.0,-110.0,-110.0,-110.0,-110.0,-110.0,0.0,0.0,0.0,0.0,0.0,2026-08-07T03:26:40.888653+00:00,0.1305477372799836,0.2753795502996439,0.0948425525900135,-0.10329240226793995,0.006024400479519021,0.6,2.0,0.6,0.4,0.6,1.0,4.0,2.0,1.0,1.0,batter_pitcher_profile_network_v2,1.0,0.35,0.7202340447292295,0.0,0.5916199653322343,0.3101555555555561,-0.8384650608444817,0.0,35.0,7.108159223906208,-0.05162634739079393,-0.07275442268515653,-0.007275442268515653,0.4496629629629633,-0.7692306508934508,0.0,35.0,7.68076912162687,-0.12449265187115678,-0.28350849244540727,-0.04536135879126516,0.34275000000000055,-0.3763289600012666,0.0,35.0,10.105397368217414,-0.054161943133250796,-0.09024804475535096,-0.004512402237767548,0.4657076388888889,-0.6943430609653932,0.0,35.0,8.153129283800363,-0.26523072872397574,-0.35569609071759967,-0.008892402267939992,0.4669611111111115,-0.5362465259485087,0.0,35.0,9.127017153995604,-0.3073731285036917,-0.30058499671345884,-0.01803509980280753
2026-07-05,Ryan_Vilade,668723,hitter,TB,HOU,2026,824172,63,139,117,0,663567.0,Peter_Lambert,0.0,0.0,0.0,0.0,0.0,2.0,2.0,0.0,1.0,4.0,0.06060606060606061,0.0,0.0,0.0,0.0,10.0,3.831932773109243,8.117647058823529,2.565605590062112,1.08,0.0,73.0,0,1.0,-0.4999999999999997,-0.8660254037844388,-0.7818314824680299,0.6234898018587334,0.5,1.5,0.5,0.5,0.5,0.5,1.5,0.5,0.5,0.5,synthetic,synthetic,synthetic,synthetic,synthetic,0.0,0.0,0.0,0.0,0.0,-110.0,-110.0,-110.0,-110.0,-110.0,-110.0,-110.0,-110.0,-110.0,-110.0,0.0,0.0,0.0,0.0,0.0,2026-08-07T03:26:40.888653+00:00,0.008302680794917805,-0.3107765006642793,-0.23506054304321283,-0.19792454155444938,-0.19417216674372068,0.6,2.0,0.6,0.4,0.6,0.0,0.0,0.0,0.0,0.0,batter_pitcher_profile_network_v2,1.0,0.7,0.4331240522309416,0.0,0.7078596125211968,0.12209707838906875,-0.1825402621174657,0.0,36.0,10.959511613697098,-0.0184821052792406,-0.012634322906326182,-0.0012634322906326183,0.18925978065444093,-0.09956543223325066,0.0,36.0,11.17365069002954,-0.049579956285000046,-0.08505199278810811,-0.013608318846097298,0.14033292880258919,-0.0008794447253584747,0.0,36.0,11.311783363722952,-0.009019217173372984,-0.00908917819909495,-0.00045445890995474754,0.21408726851851853,0.03349783937168766,0.0,36.0,11.101242876430694,-0.14504699089089393,-0.14098166217797545,-0.0035245415544493865,0.17096574074074097,-0.055311029087498416,0.0,36.0,11.119409482570532,-0.18674535293697686,-0.1454195586592269,-0.008725173519553613
2026-07-09,Ryan_Vilade,668723,hitter,TB,NYY,2026,822954,64,139,147,1,621112.0,Paul_Blackburn,0.0,0.0,0.0,0.0,0.0,4.0,4.0,0.0,1.0,5.0,0.10256410256410256,0.0,0.0,0.0,0.0,10.0,0.0,11.25,1.4502100840336136,1.08,0.0,72.0,0,4.0,-0.4999999999999997,-0.8660254037844388,0.43388373911755823,-0.900968867902419,0.5,1.5,0.5,0.5,0.5,0.5,1.5,0.5,0.5,0.5,synthetic,synthetic,synthetic,synthetic,synthetic,0.0,0.0,0.0,0.0,0.0,-110.0,-110.0,-110.0,-110.0,-110.0,-110.0,-110.0,-110.0,-110.0,-110.0,0.0,0.0,0.0,0.0,0.0,2026-08-07T03:26:40.888653+00:00,-0.27077178698714943,-0.7697800886397952,-0.37696033879479024,-0.33951134731664045,-0.33893871532487196,0.4,1.2,0.4,0.2,0.4,0.0,0.0,0.0,0.0,0.0,batter_pitcher_profile_network_v2,1.0,0.05,0.9425,0.0,0.5117271875,0.10094589947089949,-0.20000000000000004,0.0,37.0,11.4768351993864,-0.03696029571698495,-0.0011608778439153443,-0.00011608778439153443,0.17515899470899476,-0.29999999999999993,0.0,37.0,11.320186561251555,-0.09144437422665935,-0.1401880539987192,-0.022430088639795072,0.13456547619047637,-0.09999999999999998,0.0,37.0,11.819004255221515,-0.028258493056707575,-0.029032244544802813,-0.0014516122272401407,0.21408726851851853,-0.29999999999999993,0.0,37.0,11.258278536315308,-0.20076088728367278,-0.20445389266561723,-0.005111347316640431,0.17596574074074098,-0.30000000000000004,0.0,37.0,11.141314114993596,-0.24183288000601355,-0.18441006903228793,-0.011064604141937275
2026-07-11,Ryan_Vilade,668723,hitter,TB,SEA,2026,822953,65,139,136,1,669302.0,Logan_Gilbert,1.0,4.0,1.0,1.0,3.0,1.0,1.0,0.0,0.0,4.0,0.02702702702702703,2.1,2.1,3.0,30.0,65.0,2.1879699248120303,9.65311004784689,2.4395604395604393,1.08,0.0,72.0,0,2.0,-0.4999999999999997,-0.8660254037844388,-0.9749279121818236,-0.2225209339563146,0.5,0.5,0.5,0.5,0.5,0.5,0.5,0.5,0.5,0.5,synthetic,synthetic,synthetic,synthetic,synthetic,0.0,0.0,0.0,0.0,0.0,-110.0,-110.0,-110.0,-110.0,-110.0,-110.0,-110.0,-110.0,-110.0,-110.0,0.0,0.0,0.0,0.0,0.0,2026-08-07T03:26:40.888653+00:00,-0.39909810532958745,4.442757836431347,0.7409655182095285,0.48532535132738086,0.2501522474903509,0.2,0.8,0.4,0.2,0.4,0.0,0.0,0.0,0.0,0.0,batter_pitcher_profile_network_v2,1.0,1.0,0.31404673075720957,0.0,0.8115292754822419,0.03292075471698111,-0.3637469237335291,0.0,37.0,10.95312479762951,-0.04592095164902402,-0.008214169160569362,-0.0008214169160569362,0.12287679944095044,-0.25558211809360143,0.0,37.0,11.466812581100749,-0.08732869470638618,-0.15253548176354118,-0.02440567708216659,0.0769638364779876,-0.3221692333212,0.0,37.0,11.10507732614725,-0.03932268434642438,-0.056331156450950756,-0.002816557822547538,0.20756875000000002,-0.15047036312671397,0.0,37.0,11.670851549110862,-0.1895616060461708,-0.21098594690476544,-0.0052746486726191364,0.13840555555555584,-0.30189651441023607,0.0,37.0,11.133482986288362,-0.2419964359180499,-0.21015930452424733,-0.01260955827145484
2026-07-17,Ryan_Vilade,668723,hitter,TB,BOS,2026,824737,66,139,111,0,700842.0,Eduardo_Rivera,0.0,0.0,1.0,0.0,0.0,4.0,3.0,1.0,0.0,4.0,0.11428571428571428,0.1725,0.1725,0.0,0.0,20.7,0.0,5.154545454545455,1.4661654135338347,1.08,0.0,84.0,0,6.0,-0.4999999999999997,-0.8660254037844388,-0.433883739117558,-0.9009688679024191,0.5,1.5,0.5,0.5,0.5,0.5,1.5,0.5,0.5,0.5,synthetic,synthetic,synthetic,synthetic,synthetic,0.0,0.0,0.0,0.0,0.0,-110.0,-110.0,-110.0,-110.0,-110.0,-110.0,-110.0,-110.0,-110.0,-110.0,0.0,0.0,0.0,0.0,0.0,2026-08-07T03:26:40.888653+00:00,0.2469786579855987,0.12793361905964473,0.011181439587918285,-0.09800564430938774,0.4815869379920218,0.4,1.6,0.6,0.4,0.8,1.0,4.0,1.0,1.0,3.0,batter_pitcher_profile_network_v2,1.0,0.05,0.9425,0.0,0.5117271875,0.29114807692307687,-0.6017272727272728,0.0,38.0,10.359518300413836,-0.04565850408468234,-0.010073524951486012,-0.0010073524951486011,0.497648717948718,-0.6621818181818182,0.0,38.0,9.870869536895091,-0.08379028649157359,-0.14463363087722053,-0.023141380940355286,0.4171570512820514,-0.43999999999999984,0.0,38.0,11.252400575115779,-0.024482548378034798,-0.03503662177547069,-0.0017518310887735347,0.5351243055555556,-0.6621818181818182,0.0,38.0,9.648827415253153,-0.12385067120316144,-0.14422577237550993,-0.0036056443093877484,0.6017250000000001,-0.6399999999999999,0.0,38.0,9.782542829127216,-0.16761608632599925,-0.14785554474449944,-0.008871332684669966
2026-07-17,Ryan_Vilade,668723,hitter,TB,BOS,2026,824766,67,139,111,0,687562.0,Jake_Bennett,1.0,1.0,0.0,0.0,0.0,4.0,4.0,0.0,0.0,4.0,0.125,0.2225,0.2225,0.0,0.0,26.7,1.2562929061784895,5.483164432821184,1.4661654135338347,1.08,-10.0,82.0,0,0.0,-0.4999999999999997,-0.8660254037844388,-0.433883739117558,-0.9009688679024191,0.5,0.5,0.5,0.5,0.5,0.5,0.5,0.5,0.5,0.5,synthetic,synthetic,synthetic,synthetic,synthetic,0.0,0.0,0.0,0.0,0.0,-110.0,-110.0,-110.0,-110.0,-110.0,-110.0,-110.0,-110.0,-110.0,-110.0,0.0,0.0,0.0,0.0,0.0,2026-08-07T03:26:40.888653+00:00,-0.040576655882396284,0.10209611048227096,-0.08232384507400797,-0.3415897352416833,-0.10871821598430897,0.2,0.8,0.4,0.2,0.6,0.0,0.0,1.0,0.0,0.0,batter_pitcher_profile_network_v2,1.0,0.5,0.7250000000000001,2.0,0.6680937499999999,0.356324982193732,0.20937126974220788,-0.053333333333333344,37.0,11.434230890246521,-0.00232592631357188,-0.025483841160237917,-0.002548384116023792,0.5462219017094015,0.006314451560389754,-0.14222222222222222,37.0,12.356378804280315,-0.032099928698347525,-0.16986805948580677,-0.027178889517729083,0.4735392628205127,0.03121432162421868,-0.14666666666666667,37.0,12.494483067594649,-0.04270714689812252,-0.16514231501399443,-0.008257115750699722,0.5390872685185186,-0.11770701308607492,-0.2,37.0,12.4471808039555,-0.09763946282056843,-0.287589409667331,-0.007189735241683275,0.630844212962963,0.05420043273532982,-0.09333333333333332,37.0,12.232262555617792,-0.1446812254436674,-0.1796081110166785,-0.01077648666100071
2026-07-18,Ryan_Vilade,668723,hitter,TB,BOS,2026,824738,68,139,111,0,663776.0,Patrick_Sandoval,1.0,2.0,1.0,0.0,0.0,3.0,3.0,0.0,1.0,4.0,0.07894736842105263,0.42333333333333334,0.42333333333333334,0.3333333333333333,28.333333333333332,65.0,2.076923076923077,10.384615384615385,1.0601503759398496,1.08,10.0,71.0,0,1.0,-0.4999999999999997,-0.8660254037844388,-0.9749279121818236,-0.2225209339563146,0.5,0.5,0.5,0.5,0.5,0.5,0.5,0.5,0.5,0.5,synthetic,synthetic,synthetic,synthetic,synthetic,0.0,0.0,0.0,0.0,0.0,-110.0,-110.0,-110.0,-110.0,-110.0,-110.0,-110.0,-110.0,-110.0,-110.0,0.0,0.0,0.0,0.0,0.0,2026-08-07T03:26:40.888653+00:00,-0.14291176229703895,0.8115405570037979,-0.1859543139442708,-0.18419621225126537,-0.12152655714048383,0.4,1.0,0.4,0.2,0.6,1.0,1.0,0.0,0.0,0.0,batter_pitcher_profile_network_v2,1.0,0.05,0.9425,0.0,0.5117271875,0.3643328791055205,-0.257595141700405,0.0,39.0,12.436693632184559,-0.027970975376680536,-0.005396396828109926,-0.0005396396828109926,0.5445558700209643,-0.5113719635627532,0.0,39.0,11.27731208447887,-0.08024183229327851,-0.1363748081999468,-0.021819969311991486,0.46538364779874214,-0.6124512483130904,0.0,39.0,10.137617984993177,-0.0639880799302242,-0.08037700570245745,-0.004018850285122873,0.5291983796296297,-0.8806153846153846,0.0,39.0,7.844728612078843,-0.13171899322689762,-0.15851515671728222,-0.003962878917932055,0.5885074074074076,-0.5929885290148448,0.0,39.0,10.38490612028675,-0.18160459136246448,-0.15626968667723773,-0.009376181200634263
2026-07-24,Ryan_Vilade,668723,hitter,TB,CLE,2026,822952,69,139,114,1,676282.0,Joey_Cantillo,1.0,4.0,1.0,1.0,2.0,3.0,2.0,1.0,1.0,7.0,0.06818181818181818,0.93,0.93,1.5,30.0,65.0,3.0,13.799999999999999,3.250549450549452,1.08,0.0,72.0,0,6.0,-0.4999999999999997,-0.8660254037844388,-0.433883739117558,-0.9009688679024191,0.5,1.5,0.5,0.5,0.5,0.5,1.5,0.5,0.5,0.5,synthetic,synthetic,synthetic,synthetic,synthetic,0.0,0.0,0.0,0.0,0.0,-110.0,-110.0,-110.0,-110.0,-110.0,-110.0,-110.0,-110.0,-110.0,-110.0,0.0,0.0,0.0,0.0,0.0,2026-08-07T03:26:40.888653+00:00,-0.1007955241139965,1.837421475349947,0.4312766385143285,0.11554434564194382,0.13527859893851935,0.6,1.4,0.6,0.2,0.6,1.0,2.0,1.0,0.0,0.0,batter_pitcher_profile_network_v2,1.0,1.0,0.40451866892563276,0.0,0.8004464630566099,0.2933653133903137,-0.006379257784405498,0.0,39.0,12.596565829432832,0.0030641303111041875,-0.0011144152991396723,-0.00011144152991396725,0.4864478632478635,-0.01988311794287414,0.0,39.0,12.81117577598141,0.0030769113135192755,-0.001144188153739784,-0.00018307010459836542,0.38298397435897463,0.2498601445536262,0.0,39.0,12.127696021476329,-0.04518155474647511,0.011801501555298938,0.000590075077764947,0.5267678240740742,-0.021506401695734527,0.0,39.0,12.86504418204909,0.004519962472766082,-0.0022261743222506333,-5.5654358056265836e-05,0.5318268518518521,0.186477707482688,0.0,39.0,12.194640335021269,-0.11053472041208372,-0.02384486284619127,-0.0014306917707714762
2026-07-26,Ryan_Vilade,668723,hitter,TB,CLE,2026,822950,70,139,114,1,800048.0,Parker_Messick,1.0,1.0,0.0,0.0,0.0,4.0,4.0,0.0,2.0,2.0,0.13333333333333333,0.2225,0.2225,0.0,0.0,26.7,1.0294117647058825,6.676470588235294,4.412637362637364,1.08,0.0,72.0,0,2.0,-0.4999999999999997,-0.8660254037844388,-0.7818314824680299,0.6234898018587334,0.5,2.5,0.5,0.5,0.5,0.5,2.5,0.5,0.5,0.5,synthetic,synthetic,synthetic,synthetic,synthetic,0.0,0.0,0.0,0.0,0.0,-110.0,-110.0,-110.0,-110.0,-110.0,-110.0,-110.0,-110.0,-110.0,-110.0,0.0,0.0,0.0,0.0,0.0,2026-08-07T03:26:40.888653+00:00,0.5349409687945419,-0.4304559241325725,0.3526460762024295,-0.09722146837904544,0.6454124164085286,0.8,2.2,0.8,0.4,1.0,1.0,4.0,1.0,1.0,2.0,batter_pitcher_profile_network_v2,1.0,1.0,0.2995421588026,1.0,0.8320560855466815,0.25808665577342044,-0.3334097195507707,0.1111111111111111,39.0,12.621391776736074,0.002180658435169586,0.011923370341456359,0.0011923370341456359,0.4660398692810458,-0.29920812861282675,0.1111111111111111,39.0,12.93034015083672,0.030189214857341065,0.019806724171417024,0.003169075867426724,0.3570759803921569,-0.27051830860979215,-0.08148148148148147,39.0,12.838860942686189,-0.021610389792021567,-0.14221583858877812,-0.007110791929438906,0.5267678240740742,-0.2494021864286725,-0.1111111111111111,39.0,13.078915391091499,0.051362134207909436,-0.11285873516181769,-0.0028214683790454423,0.5406601851851852,-0.30140740568331104,0.1111111111111111,39.0,12.640251321710073,-0.07227788979355401,-0.09615752872232641,-0.0057694517233395845
2026-07-28,Ryan_Vilade,668723,hitter,TB,TEX,2026,822949,71,139,140,1,615698.0,Cal_Quantrill,0.0,0.0,0.0,0.0,0.0,2.0,2.0,0.0,1.0,6.0,0.06060606060606061,0.0,0.0,0.0,0.0,10.0,7.0,3.75,4.514128728414444,1.08,0.0,72.0,0,2.0,-0.4999999999999997,-0.8660254037844388,0.7818314824680298,0.6234898018587336,0.5,1.5,0.5,0.5,0.5,0.5,1.5,0.5,0.5,0.5,synthetic,synthetic,synthetic,synthetic,synthetic,0.0,0.0,0.0,0.0,0.0,-110.0,-110.0,-110.0,-110.0,-110.0,-110.0,-110.0,-110.0,-110.0,-110.0,0.0,0.0,0.0,0.0,0.0,2026-08-07T03:26:40.888653+00:00,0.578840705391495,-0.37562920881991224,-0.1559603643737298,-0.3301838664201544,-0.22190414213652931,0.8,1.6,0.6,0.2,0.4,1.0,1.0,0.0,0.0,0.0,batter_pitcher_profile_network_v2,1.0,0.3,0.8126171113052344,0.0,0.5751363211595326,0.16124821623093666,0.5354863855950813,0.0,41.0,10.502040807728761,0.05574879054056451,0.016179804973414744,0.0016179804973414744,0.39762442810457505,0.6161833003952569,0.0,41.0,9.755930648205796,0.09247199153014193,0.1846185812391855,0.029538972998269682,0.29342095588235284,0.22780513468013466,0.0,41.0,13.723860751690726,0.01186605981593971,0.024391256838233767,0.0012195628419116884,0.5213233796296297,0.7036517347386911,0.0,41.0,9.032505368586328,0.09990765931389177,0.16864534319382282,0.00421613357984557,0.5223511574074075,0.3583249158249158,0.0,41.0,12.5443199915287,0.0002740161167591974,0.03527823616701957,0.002116694170021174
2026-07-29,Ryan_Vilade,668723,hitter,TB,TEX,2026,822947,72,139,140,1,669022.0,MacKenzie_Gore,1.0,4.0,1.0,1.0,2.0,3.0,3.0,0.0,1.0,4.0,0.10344827586206896,0.7000000000000001,0.7000000000000001,1.0,30.0,65.0,5.197058823529413,9.705882352941176,3.03061224489796,1.08,0.0,72.0,0,1.0,-0.4999999999999997,-0.8660254037844388,0.9749279121818236,-0.22252093395631434,0.5,4.5,1.5,0.5,0.5,0.5,1.5,0.5,0.5,0.5,synthetic,real,real,synthetic,synthetic,0.0,8.0,7.0,0.0,0.0,-110.0,211.472742,462.14511,-110.0,-110.0,-110.0,-309.756098,-950.0,-110.0,-110.0,0.0,0.0,0.37796447300922725,0.0,0.0,2026-07-30T00:28:52.112372+00:00,0.1430887590415182,-1.9755151520349696,-0.8984348179055849,-0.009713178972425018,-0.03460833790321294,0.8,1.6,0.4,0.2,0.4,0.0,0.0,0.0,0.0,0.0,batter_pitcher_profile_network_v2,1.0,1.0,0.31670102721470994,0.0,0.811204124166198,0.13340698265012588,0.002496214788059125,0.0,42.0,14.286235701654764,0.033482285562479695,0.0002275470875050023,2.275470875050023e-05,0.3790636057173679,-0.039052289486562045,0.0,42.0,14.554413829485389,0.039532265229241345,0.049183317022818696,0.00786933072365099,0.270693466828479,0.1842483237092385,0.0,42.0,14.131783854584475,0.0047154336991017485,0.038794845266201715,0.001939742263310086,0.5213233796296297,-0.05489852842461512,0.0,42.0,14.61376299745987,0.007028780064275711,-0.01252715889700283,-0.00031317897242507075,0.5198511574074075,0.1557656540927193,0.0,42.0,14.00163524524988,-0.0025317510980954155,0.0534312906349325,0.00320587743809595
2026-07-31,Ryan_Vilade,668723,hitter,TB,CWS,2026,822945,73,139,145,1,607200.0,Erick_Fedde,0.0,0.0,0.0,0.0,0.0,1.0,1.0,0.0,1.0,4.0,0.029411764705882353,0.0,0.0,0.0,0.0,10.0,3.5769230769230766,8.134615384615385,3.397058823529412,1.08,0.0,72.0,0,2.0,-0.4999999999999997,-0.8660254037844388,-0.433883739117558,-0.9009688679024191,0.5,2.5,0.5,0.5,0.5,0.5,2.5,0.5,0.5,0.5,synthetic,synthetic,synthetic,synthetic,synthetic,0.0,0.0,0.0,0.0,0.0,-110.0,-110.0,-110.0,-110.0,-110.0,-110.0,-110.0,-110.0,-110.0,-110.0,0.0,0.0,0.0,0.0,0.0,2026-08-07T03:26:40.888653+00:00,0.26998998371990746,-0.6092171368153498,-0.0877501170430659,-0.08647871307140848,0.2854564590458484,0.8,2.2,0.6,0.4,0.8,1.0,4.0,1.0,1.0,2.0,batter_pitcher_profile_network_v2,1.0,0.65,0.5503647117533959,0.0,0.6836772098266358,0.17548119553376895,0.3214648465748934,0.0,43.0,13.39568276134067,0.052983957473078463,0.025364392251864654,0.0025364392251864655,0.41612851307189536,0.5332393086951073,0.0,43.0,11.437180530494595,0.09188186173840347,0.23759510078641494,0.03801521612582639,0.32609865196078425,0.44833753456497694,0.0,43.0,13.029885537784581,0.02602466716541071,0.09176236502103409,0.004588118251051705,0.5715918981481483,0.7853186813186813,0.0,43.0,8.773381997014,0.11501838154267359,0.31685147714365974,0.007921286928591493,0.5733488425925926,0.4791637386207437,0.0,43.0,12.439174345158294,0.057858645397386325,0.16692137625433295,0.010015282575259977
2026-08-01,Ryan_Vilade,668723,hitter,TB,CWS,2026,822944,74,139,145,1,663855.0,Jordan_Hicks,0.0,0.0,0.0,0.0,0.0,3.0,3.0,0.0,3.0,6.0,0.1,0.0,0.0,0.0,0.0,10.0,0.0,12.0,1.789915966386555,1.08,0.0,72.0,0,1.0,-0.8660254037844385,-0.5000000000000004,-0.9749279121818236,-0.2225209339563146,0.5,1.5,0.5,0.5,0.5,0.5,1.5,0.5,0.5,0.5,synthetic,synthetic,synthetic,synthetic,synthetic,0.0,0.0,0.0,0.0,0.0,-110.0,-110.0,-110.0,-110.0,-110.0,-110.0,-110.0,-110.0,-110.0,-110.0,0.0,0.0,0.0,0.0,0.0,2026-08-07T03:26:40.888653+00:00,-0.16233669467787115,-0.3660970462768205,-0.37082570309308116,-0.19369068524785144,-0.04115693917075253,0.6,1.8,0.4,0.4,0.8,0.0,0.0,0.0,0.0,0.0,batter_pitcher_profile_network_v2,1.0,0.05,0.9425,0.0,0.5117271875,-0.011445547385620931,0.12499999999999992,0.0,44.0,15.154920155769723,0.05278771632661133,0.0,0.0,0.265090931372549,-0.06000000000000005,0.0,44.0,15.761587062217657,0.05083034965540433,0.0753309607698712,0.012052953723179391,0.13888051470588236,0.5,0.0,44.0,12.992767357818352,0.014577156954028196,0.018569971751822314,0.0009284985875911158,0.5512215277777778,-0.06000000000000005,0.0,44.0,15.707022714335851,0.030274304356777592,0.02837259008594426,0.0007093147521486065,0.4256868055555556,0.30000000000000004,0.0,44.0,14.44438197408164,0.0068150370259914385,0.012454375165326912,0.0007472625099196147
2026-08-02,Ryan_Vilade,668723,hitter,TB,CWS,2026,822943,75,139,145,1,641743.0,Anthony_Kay,2.0,2.0,0.0,0.0,0.0,4.0,4.0,0.0,0.0,4.0,0.10526315789473684,0.445,0.445,0.0,0.0,53.4,4.387500000000001,10.0875,1.5450180072028814,1.08,0.0,72.0,0,1.0,-0.8660254037844385,-0.5000000000000004,-0.7818314824680299,0.6234898018587334,0.5,0.5,0.5,0.5,0.5,0.5,0.5,0.5,0.5,0.5,synthetic,synthetic,synthetic,synthetic,synthetic,0.0,0.0,0.0,0.0,0.0,-110.0,-110.0,-110.0,-110.0,-110.0,-110.0,-110.0,-110.0,-110.0,-110.0,0.0,0.0,0.0,0.0,0.0,2026-08-07T03:26:40.888653+00:00,-0.2053261008756488,0.34393312959898026,-0.24136134564867157,-0.33354078077193205,-0.18525316785265583,0.4,1.0,0.2,0.2,0.4,0.0,0.0,0.0,0.0,0.0,batter_pitcher_profile_network_v2,1.0,1.0,0.35416879755591935,0.0,0.8066143222993999,-0.16141508067473453,-0.053270644872369106,0.0,44.0,15.629619180622129,0.04701580931155938,-0.005553299356939576,-0.0005553299356939577,0.159989328932893,-0.034374163572801,0.0,44.0,15.743781586085639,0.05272517043217536,0.07553600736204755,0.012085761177927607,0.021803217821781823,-0.013574029465158337,0.0,44.0,15.881087701834064,-0.01468536052192566,-0.014876499123681127,-0.0007438249561840564,0.5472585648148148,-0.001352850208745651,0.0,44.0,15.668921804480494,0.034846915977866606,0.03436876912271696,0.0008592192280679241,0.3940675925925924,-0.032958630079597664,0.0,44.0,15.678580431627207,0.03799419228557206,0.020107635049825205,0.0012064581029895122
2026-08-04,Ryan_Vilade,668723,hitter,TB,COL,2026,824321,76,139,115,0,687312.0,Gabriel_Hughes,0.0,0.0,0.0,0.0,0.0,3.0,3.0,0.0,0.0,5.0,0.061224489795918366,0.0,0.0,0.0,0.0,10.0,3.525,7.575,6.354395604395605,1.0477777777777777,-9.0,76.0,0,2.0,-0.8660254037844385,-0.5000000000000004,0.7818314824680298,0.6234898018587336,0.5,1.5,0.5,0.5,0.5,0.5,1.5,0.5,0.5,0.5,synthetic,synthetic,synthetic,synthetic,synthetic,0.0,0.0,0.0,0.0,0.0,-110.0,-110.0,-110.0,-110.0,-110.0,-110.0,-110.0,-110.0,-110.0,-110.0,0.0,0.0,0.0,0.0,0.0,2026-08-07T03:26:40.888653+00:00,0.46732624372105314,-0.5306557324574499,-0.31364015070970797,-0.34902785572382183,-0.13662817290011303,0.6,1.2,0.2,0.2,0.4,2.0,2.0,0.0,0.0,0.0,batter_pitcher_profile_network_v2,1.0,0.2,0.685702882939548,0.0,0.5532002793679811,-0.08044517326732692,-0.14485511363636366,0.0,45.0,16.40765038061407,0.04207615426755166,-0.0036624712143760985,-0.00036624712143760985,0.22766988448844871,-0.3895227272727273,0.0,45.0,15.37422544702427,0.0073475864532509495,-0.01685130404953783,-0.002696208647926053,0.10524071782178199,-0.3663409090909091,0.0,45.0,15.172019652189555,-0.05293835660620209,-0.06505576144690618,-0.0032527880723453094,0.563332638888889,-0.646625,0.0,45.0,12.62982960405437,-0.05818235533886133,-0.17266978450842643,-0.004316744612710661,0.4750375,-0.39522348484848474,0.0,45.0,14.9425707888368,-0.04016604392530752,-0.08913255199822163,-0.0053479531198932975
2026-08-05,Ryan_Vilade,668723,hitter,TB,COL,2026,824322,77,139,115,0,608372.0,Tomoyuki_Sugano,0.0,0.0,0.0,0.0,0.0,0.0,0.0,0.0,0.0,7.0,0.0,0.0,0.0,0.0,0.0,10.0,2.9960526315789475,5.133552631578947,6.1779250161603105,1.0477777777777777,-10.0,69.0,0,1.0,-0.8660254037844385,-0.5000000000000004,0.9749279121818236,-0.22252093395631434,0.5,1.5,0.5,0.5,0.5,0.5,1.5,0.5,0.5,0.5,synthetic,synthetic,synthetic,synthetic,synthetic,0.0,0.0,0.0,0.0,0.0,-110.0,-110.0,-110.0,-110.0,-110.0,-110.0,-110.0,-110.0,-110.0,-110.0,0.0,0.0,0.0,0.0,0.0,2026-08-07T03:26:40.888653+00:00,0.1800393690674651,-0.8451136780706866,-0.4161616692542951,-0.3375527874381909,-0.20130479856902556,0.6,1.2,0.2,0.2,0.4,0.0,0.0,0.0,0.0,0.0,batter_pitcher_profile_network_v2,1.0,1.0,0.3100297756567012,0.0,0.8120213524820541,-0.04331646039603976,0.4365297799887293,0.0,46.0,13.57767293101108,0.053515898923758194,0.0,0.0,0.2524223597359735,0.5330644414660437,0.0,46.0,12.589997502927906,0.061868726771385926,0.18564367872487642,0.029702988595980227,0.12582652640264014,0.27595483684701955,0.0,46.0,15.755474247715233,-0.02011584997228457,0.003841598753787659,0.00019207993768938296,0.563332638888889,0.6542449970215993,0.0,46.0,11.338544498355438,0.032039204110309784,0.2863329469168105,0.007158323672920262,0.47253750000000005,0.36060761462479735,0.0,46.0,14.776567960420916,0.08321487452393848,0.17998251038264834,0.0107989506229589
