snapshot_time,snapshot_date,book,book_key,game_id,player_id,player,player_raw,market,line,over_odds,under_odds,no_vig_over,no_vig_under,open_line,current_line,close_line,close_over_odds,close_under_odds,close_status,team,opponent,source,is_valid_over_odds,is_valid_under_odds,is_two_sided,is_valid_american_odds
2026-05-09T15:10:32.201011+00:00,2026-05-09,BetRivers,betrivers,2977862,4387,Shai_Gilgeous-Alexander,Shai Gilgeous-Alexander,PTS,29.5,-115.0,-117.0,0.49800439034124927,0.5019956096587508,29.5,29.5,29.5,-115.0,-117.0,provisional_current_snapshot_not_closing,OKC,@LAL,rotowire_current_board,True,True,True,True
2026-05-09T15:10:32.201011+00:00,2026-05-09,Caesars,caesars,2977862,4387,Shai_Gilgeous-Alexander,Shai Gilgeous-Alexander,PTS,29.5,-110.0,-122.0,0.48800959232613905,0.511990407673861,29.5,29.5,29.5,-110.0,-122.0,provisional_current_snapshot_not_closing,OKC,@LAL,rotowire_current_board,True,True,True,True
2026-05-09T15:10:32.201011+00:00,2026-05-09,DraftKings,draftkings,2977862,4387,Shai_Gilgeous-Alexander,Shai Gilgeous-Alexander,PTS,29.5,-109.0,-117.0,0.4916850288945246,0.5083149711054754,29.5,29.5,29.5,-109.0,-117.0,provisional_current_snapshot_not_closing,OKC,@LAL,rotowire_current_board,True,True,True,True
2026-05-09T15:10:32.201011+00:00,2026-05-09,Fanatics,fanatics,2977862,4387,Shai_Gilgeous-Alexander,Shai Gilgeous-Alexander,PTS,29.5,-115.0,-115.0,0.5,0.5,29.5,29.5,29.5,-115.0,-115.0,provisional_current_snapshot_not_closing,OKC,@LAL,rotowire_current_board,True,True,True,True
2026-05-09T15:10:32.201011+00:00,2026-05-09,FanDuel,fanduel,2977862,4387,Shai_Gilgeous-Alexander,Shai Gilgeous-Alexander,PTS,29.5,-111.0,-118.0,0.4928711096627016,0.5071288903372982,29.5,29.5,29.5,-111.0,-118.0,provisional_current_snapshot_not_closing,OKC,@LAL,rotowire_current_board,True,True,True,True
2026-05-09T15:10:32.201011+00:00,2026-05-09,Hard Rock,hardrock,2977862,4387,Shai_Gilgeous-Alexander,Shai Gilgeous-Alexander,PTS,29.5,-110.0,-120.0,0.48987854251012153,0.5101214574898786,29.5,29.5,29.5,-110.0,-120.0,provisional_current_snapshot_not_closing,OKC,@LAL,rotowire_current_board,True,True,True,True
2026-05-09T15:10:32.201011+00:00,2026-05-09,BetMGM,mgm,2977862,4387,Shai_Gilgeous-Alexander,Shai Gilgeous-Alexander,PTS,29.5,-115.0,-115.0,0.5,0.5,29.5,29.5,29.5,-115.0,-115.0,provisional_current_snapshot_not_closing,OKC,@LAL,rotowire_current_board,True,True,True,True
2026-05-09T15:10:32.201011+00:00,2026-05-09,theScore,thescore,2977862,4387,Shai_Gilgeous-Alexander,Shai Gilgeous-Alexander,PTS,29.5,-110.0,-120.0,0.48987854251012153,0.5101214574898786,29.5,29.5,29.5,-110.0,-120.0,provisional_current_snapshot_not_closing,OKC,@LAL,rotowire_current_board,True,True,True,True
2026-05-09T15:10:32.201011+00:00,2026-05-09,BetRivers,betrivers,2977854,5336,Cade_Cunningham,Cade Cunningham,PTS,27.5,-107.0,-127.0,0.4802285578710111,0.519771442128989,27.5,27.5,27.5,-107.0,-127.0,provisional_current_snapshot_not_closing,DET,@CLE,rotowire_current_board,True,True,True,True
2026-05-09T15:10:32.201011+00:00,2026-05-09,Caesars,caesars,2977854,5336,Cade_Cunningham,Cade Cunningham,PTS,26.5,-125.0,-106.0,0.5191532258064516,0.4808467741935484,26.5,26.5,26.5,-125.0,-106.0,provisional_current_snapshot_not_closing,DET,@CLE,rotowire_current_board,True,True,True,True
2026-05-09T15:10:32.201011+00:00,2026-05-09,DraftKings,draftkings,2977854,5336,Cade_Cunningham,Cade Cunningham,PTS,26.5,-124.0,-103.0,0.5217643644805572,0.47823563551944287,26.5,26.5,26.5,-124.0,-103.0,provisional_current_snapshot_not_closing,DET,@CLE,rotowire_current_board,True,True,True,True
2026-05-09T15:10:32.201011+00:00,2026-05-09,Fanatics,fanatics,2977854,5336,Cade_Cunningham,Cade Cunningham,PTS,26.5,-120.0,-110.0,0.5101214574898786,0.48987854251012153,26.5,26.5,26.5,-120.0,-110.0,provisional_current_snapshot_not_closing,DET,@CLE,rotowire_current_board,True,True,True,True
2026-05-09T15:10:32.201011+00:00,2026-05-09,FanDuel,fanduel,2977854,5336,Cade_Cunningham,Cade Cunningham,PTS,26.5,-122.0,-108.0,0.5141838223374939,0.48581617766250607,26.5,26.5,26.5,-122.0,-108.0,provisional_current_snapshot_not_closing,DET,@CLE,rotowire_current_board,True,True,True,True
2026-05-09T15:10:32.201011+00:00,2026-05-09,Hard Rock,hardrock,2977854,5336,Cade_Cunningham,Cade Cunningham,PTS,27.5,100.0,-125.0,0.47368421052631576,0.5263157894736842,27.5,27.5,27.5,100.0,-125.0,provisional_current_snapshot_not_closing,DET,@CLE,rotowire_current_board,True,True,True,True
2026-05-09T15:10:32.201011+00:00,2026-05-09,BetMGM,mgm,2977854,5336,Cade_Cunningham,Cade Cunningham,PTS,27.5,-105.0,-125.0,0.4796954314720812,0.5203045685279188,27.5,27.5,27.5,-105.0,-125.0,provisional_current_snapshot_not_closing,DET,@CLE,rotowire_current_board,True,True,True,True
2026-05-09T15:10:32.201011+00:00,2026-05-09,theScore,thescore,2977854,5336,Cade_Cunningham,Cade Cunningham,PTS,26.5,-125.0,-105.0,0.5203045685279188,0.4796954314720812,26.5,26.5,26.5,-125.0,-105.0,provisional_current_snapshot_not_closing,DET,@CLE,rotowire_current_board,True,True,True,True
2026-05-09T15:10:32.201011+00:00,2026-05-09,BetRivers,betrivers,2977854,4166,Donovan_Mitchell,Donovan Mitchell,PTS,26.5,-108.0,-127.0,0.4813476792586193,0.5186523207413807,26.5,26.5,26.5,-108.0,-127.0,provisional_current_snapshot_not_closing,CLE,DET,rotowire_current_board,True,True,True,True
2026-05-09T15:10:32.201011+00:00,2026-05-09,Caesars,caesars,2977854,4166,Donovan_Mitchell,Donovan Mitchell,PTS,26.5,-112.0,-118.0,0.4939310568053083,0.5060689431946916,26.5,26.5,26.5,-112.0,-118.0,provisional_current_snapshot_not_closing,CLE,DET,rotowire_current_board,True,True,True,True
2026-05-09T15:10:32.201011+00:00,2026-05-09,DraftKings,draftkings,2977854,4166,Donovan_Mitchell,Donovan Mitchell,PTS,26.5,-112.0,-112.0,0.5,0.5,26.5,26.5,26.5,-112.0,-112.0,provisional_current_snapshot_not_closing,CLE,DET,rotowire_current_board,True,True,True,True
2026-05-09T15:10:32.201011+00:00,2026-05-09,Fanatics,fanatics,2977854,4166,Donovan_Mitchell,Donovan Mitchell,PTS,26.5,-115.0,-115.0,0.5,0.5,26.5,26.5,26.5,-115.0,-115.0,provisional_current_snapshot_not_closing,CLE,DET,rotowire_current_board,True,True,True,True
2026-05-09T15:10:32.201011+00:00,2026-05-09,FanDuel,fanduel,2977854,4166,Donovan_Mitchell,Donovan Mitchell,PTS,26.5,-106.0,-122.0,0.483560743054414,0.5164392569455861,26.5,26.5,26.5,-106.0,-122.0,provisional_current_snapshot_not_closing,CLE,DET,rotowire_current_board,True,True,True,True
2026-05-09T15:10:32.201011+00:00,2026-05-09,Hard Rock,hardrock,2977854,4166,Donovan_Mitchell,Donovan Mitchell,PTS,26.5,-115.0,-115.0,0.5,0.5,26.5,26.5,26.5,-115.0,-115.0,provisional_current_snapshot_not_closing,CLE,DET,rotowire_current_board,True,True,True,True
2026-05-09T15:10:32.201011+00:00,2026-05-09,BetMGM,mgm,2977854,4166,Donovan_Mitchell,Donovan Mitchell,PTS,25.5,-130.0,100.0,0.5306122448979592,0.4693877551020409,25.5,25.5,25.5,-130.0,100.0,provisional_current_snapshot_not_closing,CLE,DET,rotowire_current_board,True,True,True,True
2026-05-09T15:10:32.201011+00:00,2026-05-09,theScore,thescore,2977854,4166,Donovan_Mitchell,Donovan Mitchell,PTS,26.5,-110.0,-120.0,0.48987854251012153,0.5101214574898786,26.5,26.5,26.5,-110.0,-120.0,provisional_current_snapshot_not_closing,CLE,DET,rotowire_current_board,True,True,True,True
2026-05-09T15:10:32.201011+00:00,2026-05-09,BetRivers,betrivers,2977862,2344,LeBron_James,LeBron James,PTS,21.5,-108.0,-127.0,0.4813476792586193,0.5186523207413807,21.5,21.5,21.5,-108.0,-127.0,provisional_current_snapshot_not_closing,LAL,OKC,rotowire_current_board,True,True,True,True
2026-05-09T15:10:32.201011+00:00,2026-05-09,Caesars,caesars,2977862,2344,LeBron_James,LeBron James,PTS,22.5,-118.0,-113.0,0.5050233081498151,0.4949766918501849,22.5,22.5,22.5,-118.0,-113.0,provisional_current_snapshot_not_closing,LAL,OKC,rotowire_current_board,True,True,True,True
2026-05-09T15:10:32.201011+00:00,2026-05-09,DraftKings,draftkings,2977862,2344,LeBron_James,LeBron James,PTS,22.5,-114.0,-112.0,0.5020774472328402,0.4979225527671597,22.5,22.5,22.5,-114.0,-112.0,provisional_current_snapshot_not_closing,LAL,OKC,rotowire_current_board,True,True,True,True
2026-05-09T15:10:32.201011+00:00,2026-05-09,Fanatics,fanatics,2977862,2344,LeBron_James,LeBron James,PTS,22.5,-105.0,-125.0,0.4796954314720812,0.5203045685279188,22.5,22.5,22.5,-105.0,-125.0,provisional_current_snapshot_not_closing,LAL,OKC,rotowire_current_board,True,True,True,True
2026-05-09T15:10:32.201011+00:00,2026-05-09,FanDuel,fanduel,2977862,2344,LeBron_James,LeBron James,PTS,22.5,-114.0,-114.0,0.5,0.5,22.5,22.5,22.5,-114.0,-114.0,provisional_current_snapshot_not_closing,LAL,OKC,rotowire_current_board,True,True,True,True
2026-05-09T15:10:32.201011+00:00,2026-05-09,Hard Rock,hardrock,2977862,2344,LeBron_James,LeBron James,PTS,22.5,-115.0,-115.0,0.5,0.5,22.5,22.5,22.5,-115.0,-115.0,provisional_current_snapshot_not_closing,LAL,OKC,rotowire_current_board,True,True,True,True
2026-05-09T15:10:32.201011+00:00,2026-05-09,BetMGM,mgm,2977862,2344,LeBron_James,LeBron James,PTS,22.5,-105.0,-125.0,0.4796954314720812,0.5203045685279188,22.5,22.5,22.5,-105.0,-125.0,provisional_current_snapshot_not_closing,LAL,OKC,rotowire_current_board,True,True,True,True
2026-05-09T15:10:32.201011+00:00,2026-05-09,theScore,thescore,2977862,2344,LeBron_James,LeBron James,PTS,22.5,-115.0,-115.0,0.5,0.5,22.5,22.5,22.5,-115.0,-115.0,provisional_current_snapshot_not_closing,LAL,OKC,rotowire_current_board,True,True,True,True
2026-05-09T15:10:32.201011+00:00,2026-05-09,BetRivers,betrivers,2977862,5334,Austin_Reaves,Austin Reaves,PTS,21.5,-109.0,-125.0,0.4842053307008884,0.5157946692991116,21.5,21.5,21.5,-109.0,-125.0,provisional_current_snapshot_not_closing,LAL,OKC,rotowire_current_board,True,True,True,True
2026-05-09T15:10:32.201011+00:00,2026-05-09,Caesars,caesars,2977862,5334,Austin_Reaves,Austin Reaves,PTS,21.5,-118.0,-113.0,0.5050233081498151,0.4949766918501849,21.5,21.5,21.5,-118.0,-113.0,provisional_current_snapshot_not_closing,LAL,OKC,rotowire_current_board,True,True,True,True
2026-05-09T15:10:32.201011+00:00,2026-05-09,DraftKings,draftkings,2977862,5334,Austin_Reaves,Austin Reaves,PTS,21.5,-114.0,-111.0,0.5031375502008032,0.4968624497991968,21.5,21.5,21.5,-114.0,-111.0,provisional_current_snapshot_not_closing,LAL,OKC,rotowire_current_board,True,True,True,True
2026-05-09T15:10:32.201011+00:00,2026-05-09,Fanatics,fanatics,2977862,5334,Austin_Reaves,Austin Reaves,PTS,21.5,-115.0,-115.0,0.5,0.5,21.5,21.5,21.5,-115.0,-115.0,provisional_current_snapshot_not_closing,LAL,OKC,rotowire_current_board,True,True,True,True
2026-05-09T15:10:32.201011+00:00,2026-05-09,FanDuel,fanduel,2977862,5334,Austin_Reaves,Austin Reaves,PTS,21.5,-114.0,-114.0,0.5,0.5,21.5,21.5,21.5,-114.0,-114.0,provisional_current_snapshot_not_closing,LAL,OKC,rotowire_current_board,True,True,True,True
2026-05-09T15:10:32.201011+00:00,2026-05-09,Hard Rock,hardrock,2977862,5334,Austin_Reaves,Austin Reaves,PTS,21.5,-115.0,-115.0,0.5,0.5,21.5,21.5,21.5,-115.0,-115.0,provisional_current_snapshot_not_closing,LAL,OKC,rotowire_current_board,True,True,True,True
2026-05-09T15:10:32.201011+00:00,2026-05-09,BetMGM,mgm,2977862,5334,Austin_Reaves,Austin Reaves,PTS,21.5,-111.0,-118.0,0.4928711096627016,0.5071288903372982,21.5,21.5,21.5,-111.0,-118.0,provisional_current_snapshot_not_closing,LAL,OKC,rotowire_current_board,True,True,True,True
2026-05-09T15:10:32.201011+00:00,2026-05-09,theScore,thescore,2977862,5334,Austin_Reaves,Austin Reaves,PTS,21.5,-115.0,-115.0,0.5,0.5,21.5,21.5,21.5,-115.0,-115.0,provisional_current_snapshot_not_closing,LAL,OKC,rotowire_current_board,True,True,True,True
2026-05-09T15:10:32.201011+00:00,2026-05-09,BetRivers,betrivers,2977854,3018,James_Harden,James Harden,PTS,19.5,-121.0,-112.0,0.5089278628680263,0.49107213713197356,19.5,19.5,19.5,-121.0,-112.0,provisional_current_snapshot_not_closing,CLE,DET,rotowire_current_board,True,True,True,True
2026-05-09T15:10:32.201011+00:00,2026-05-09,Caesars,caesars,2977854,3018,James_Harden,James Harden,PTS,19.5,-118.0,-113.0,0.5050233081498151,0.4949766918501849,19.5,19.5,19.5,-118.0,-113.0,provisional_current_snapshot_not_closing,CLE,DET,rotowire_current_board,True,True,True,True
2026-05-09T15:10:32.201011+00:00,2026-05-09,DraftKings,draftkings,2977854,3018,James_Harden,James Harden,PTS,19.5,-107.0,-119.0,0.487517163899638,0.512482836100362,19.5,19.5,19.5,-107.0,-119.0,provisional_current_snapshot_not_closing,CLE,DET,rotowire_current_board,True,True,True,True
2026-05-09T15:10:32.201011+00:00,2026-05-09,Fanatics,fanatics,2977854,3018,James_Harden,James Harden,PTS,18.5,-125.0,-105.0,0.5203045685279188,0.4796954314720812,18.5,18.5,18.5,-125.0,-105.0,provisional_current_snapshot_not_closing,CLE,DET,rotowire_current_board,True,True,True,True
2026-05-09T15:10:32.201011+00:00,2026-05-09,FanDuel,fanduel,2977854,3018,James_Harden,James Harden,PTS,19.5,-108.0,-120.0,0.4876847290640395,0.5123152709359606,19.5,19.5,19.5,-108.0,-120.0,provisional_current_snapshot_not_closing,CLE,DET,rotowire_current_board,True,True,True,True
2026-05-09T15:10:32.201011+00:00,2026-05-09,Hard Rock,hardrock,2977854,3018,James_Harden,James Harden,PTS,19.5,-115.0,-115.0,0.5,0.5,19.5,19.5,19.5,-115.0,-115.0,provisional_current_snapshot_not_closing,CLE,DET,rotowire_current_board,True,True,True,True
2026-05-09T15:10:32.201011+00:00,2026-05-09,BetMGM,mgm,2977854,3018,James_Harden,James Harden,PTS,19.5,-125.0,-105.0,0.5203045685279188,0.4796954314720812,19.5,19.5,19.5,-125.0,-105.0,provisional_current_snapshot_not_closing,CLE,DET,rotowire_current_board,True,True,True,True
2026-05-09T15:10:32.201011+00:00,2026-05-09,theScore,thescore,2977854,3018,James_Harden,James Harden,PTS,19.5,-110.0,-120.0,0.48987854251012153,0.5101214574898786,19.5,19.5,19.5,-110.0,-120.0,provisional_current_snapshot_not_closing,CLE,DET,rotowire_current_board,True,True,True,True
2026-05-09T15:10:32.201011+00:00,2026-05-09,BetRivers,betrivers,2977854,3211,Tobias_Harris,Tobias Harris,PTS,17.5,-122.0,-112.0,0.5098564895126951,0.4901435104873048,17.5,17.5,17.5,-122.0,-112.0,provisional_current_snapshot_not_closing,DET,@CLE,rotowire_current_board,True,True,True,True
2026-05-09T15:10:32.201011+00:00,2026-05-09,Caesars,caesars,2977854,3211,Tobias_Harris,Tobias Harris,PTS,18.5,-110.0,-121.0,0.48893805309734506,0.5110619469026548,18.5,18.5,18.5,-110.0,-121.0,provisional_current_snapshot_not_closing,DET,@CLE,rotowire_current_board,True,True,True,True
2026-05-09T15:10:32.201011+00:00,2026-05-09,DraftKings,draftkings,2977854,3211,Tobias_Harris,Tobias Harris,PTS,18.5,-110.0,-115.0,0.4947698744769875,0.5052301255230125,18.5,18.5,18.5,-110.0,-115.0,provisional_current_snapshot_not_closing,DET,@CLE,rotowire_current_board,True,True,True,True
2026-05-09T15:10:32.201011+00:00,2026-05-09,Fanatics,fanatics,2977854,3211,Tobias_Harris,Tobias Harris,PTS,18.5,-105.0,-125.0,0.4796954314720812,0.5203045685279188,18.5,18.5,18.5,-105.0,-125.0,provisional_current_snapshot_not_closing,DET,@CLE,rotowire_current_board,True,True,True,True
2026-05-09T15:10:32.201011+00:00,2026-05-09,FanDuel,fanduel,2977854,3211,Tobias_Harris,Tobias Harris,PTS,18.5,-106.0,-125.0,0.4808467741935484,0.5191532258064516,18.5,18.5,18.5,-106.0,-125.0,provisional_current_snapshot_not_closing,DET,@CLE,rotowire_current_board,True,True,True,True
2026-05-09T15:10:32.201011+00:00,2026-05-09,Hard Rock,hardrock,2977854,3211,Tobias_Harris,Tobias Harris,PTS,18.5,-110.0,-120.0,0.48987854251012153,0.5101214574898786,18.5,18.5,18.5,-110.0,-120.0,provisional_current_snapshot_not_closing,DET,@CLE,rotowire_current_board,True,True,True,True
2026-05-09T15:10:32.201011+00:00,2026-05-09,BetMGM,mgm,2977854,3211,Tobias_Harris,Tobias Harris,PTS,17.5,-140.0,105.0,0.5445920303605313,0.4554079696394686,17.5,17.5,17.5,-140.0,105.0,provisional_current_snapshot_not_closing,DET,@CLE,rotowire_current_board,True,True,True,True
2026-05-09T15:10:32.201011+00:00,2026-05-09,theScore,thescore,2977854,3211,Tobias_Harris,Tobias Harris,PTS,18.5,-105.0,-125.0,0.4796954314720812,0.5203045685279188,18.5,18.5,18.5,-105.0,-125.0,provisional_current_snapshot_not_closing,DET,@CLE,rotowire_current_board,True,True,True,True
2026-05-09T15:10:32.201011+00:00,2026-05-09,BetRivers,betrivers,2977862,5697,Chet_Holmgren,Chet Holmgren,PTS,16.5,-106.0,-129.0,0.4773835745752045,0.5226164254247954,16.5,16.5,16.5,-106.0,-129.0,provisional_current_snapshot_not_closing,OKC,@LAL,rotowire_current_board,True,True,True,True
2026-05-09T15:10:32.201011+00:00,2026-05-09,Caesars,caesars,2977862,5697,Chet_Holmgren,Chet Holmgren,PTS,16.5,-117.0,-114.0,0.5030135004821601,0.4969864995178399,16.5,16.5,16.5,-117.0,-114.0,provisional_current_snapshot_not_closing,OKC,@LAL,rotowire_current_board,True,True,True,True
2026-05-09T15:10:32.201011+00:00,2026-05-09,DraftKings,draftkings,2977862,5697,Chet_Holmgren,Chet Holmgren,PTS,16.5,-108.0,-118.0,0.4896023956080519,0.510397604391948,16.5,16.5,16.5,-108.0,-118.0,provisional_current_snapshot_not_closing,OKC,@LAL,rotowire_current_board,True,True,True,True
2026-05-09T15:10:32.201011+00:00,2026-05-09,Fanatics,fanatics,2977862,5697,Chet_Holmgren,Chet Holmgren,PTS,16.5,-115.0,-115.0,0.5,0.5,16.5,16.5,16.5,-115.0,-115.0,provisional_current_snapshot_not_closing,OKC,@LAL,rotowire_current_board,True,True,True,True
2026-05-09T15:10:32.201011+00:00,2026-05-09,FanDuel,fanduel,2977862,5697,Chet_Holmgren,Chet Holmgren,PTS,16.5,-120.0,-110.0,0.5101214574898786,0.48987854251012153,16.5,16.5,16.5,-120.0,-110.0,provisional_current_snapshot_not_closing,OKC,@LAL,rotowire_current_board,True,True,True,True
2026-05-09T15:10:32.201011+00:00,2026-05-09,Hard Rock,hardrock,2977862,5697,Chet_Holmgren,Chet Holmgren,PTS,16.5,-120.0,-110.0,0.5101214574898786,0.48987854251012153,16.5,16.5,16.5,-120.0,-110.0,provisional_current_snapshot_not_closing,OKC,@LAL,rotowire_current_board,True,True,True,True
2026-05-09T15:10:32.201011+00:00,2026-05-09,BetMGM,mgm,2977862,5697,Chet_Holmgren,Chet Holmgren,PTS,16.5,-120.0,-110.0,0.5101214574898786,0.48987854251012153,16.5,16.5,16.5,-120.0,-110.0,provisional_current_snapshot_not_closing,OKC,@LAL,rotowire_current_board,True,True,True,True
2026-05-09T15:10:32.201011+00:00,2026-05-09,theScore,thescore,2977862,5697,Chet_Holmgren,Chet Holmgren,PTS,16.5,-120.0,-110.0,0.5101214574898786,0.48987854251012153,16.5,16.5,16.5,-120.0,-110.0,provisional_current_snapshot_not_closing,OKC,@LAL,rotowire_current_board,True,True,True,True
2026-05-09T15:10:32.201011+00:00,2026-05-09,BetRivers,betrivers,2977862,6289,Ajay_Mitchell,Ajay Mitchell,PTS,16.5,-121.0,-113.0,0.5078823946715012,0.49211760532849874,16.5,16.5,16.5,-121.0,-113.0,provisional_current_snapshot_not_closing,OKC,@LAL,rotowire_current_board,True,True,True,True
2026-05-09T15:10:32.201011+00:00,2026-05-09,Caesars,caesars,2977862,6289,Ajay_Mitchell,Ajay Mitchell,PTS,16.5,-121.0,-111.0,0.5099876153569574,0.4900123846430426,16.5,16.5,16.5,-121.0,-111.0,provisional_current_snapshot_not_closing,OKC,@LAL,rotowire_current_board,True,True,True,True
2026-05-09T15:10:32.201011+00:00,2026-05-09,DraftKings,draftkings,2977862,6289,Ajay_Mitchell,Ajay Mitchell,PTS,16.5,-113.0,-112.0,0.5010457625700661,0.4989542374299339,16.5,16.5,16.5,-113.0,-112.0,provisional_current_snapshot_not_closing,OKC,@LAL,rotowire_current_board,True,True,True,True
2026-05-09T15:10:32.201011+00:00,2026-05-09,Fanatics,fanatics,2977862,6289,Ajay_Mitchell,Ajay Mitchell,PTS,16.5,-115.0,-115.0,0.5,0.5,16.5,16.5,16.5,-115.0,-115.0,provisional_current_snapshot_not_closing,OKC,@LAL,rotowire_current_board,True,True,True,True
2026-05-09T15:10:32.201011+00:00,2026-05-09,FanDuel,fanduel,2977862,6289,Ajay_Mitchell,Ajay Mitchell,PTS,16.5,-114.0,-114.0,0.5,0.5,16.5,16.5,16.5,-114.0,-114.0,provisional_current_snapshot_not_closing,OKC,@LAL,rotowire_current_board,True,True,True,True
2026-05-09T15:10:32.201011+00:00,2026-05-09,Hard Rock,hardrock,2977862,6289,Ajay_Mitchell,Ajay Mitchell,PTS,16.5,-120.0,-110.0,0.5101214574898786,0.48987854251012153,16.5,16.5,16.5,-120.0,-110.0,provisional_current_snapshot_not_closing,OKC,@LAL,rotowire_current_board,True,True,True,True
2026-05-09T15:10:32.201011+00:00,2026-05-09,BetMGM,mgm,2977862,6289,Ajay_Mitchell,Ajay Mitchell,PTS,16.5,-120.0,-110.0,0.5101214574898786,0.48987854251012153,16.5,16.5,16.5,-120.0,-110.0,provisional_current_snapshot_not_closing,OKC,@LAL,rotowire_current_board,True,True,True,True
2026-05-09T15:10:32.201011+00:00,2026-05-09,theScore,thescore,2977862,6289,Ajay_Mitchell,Ajay Mitchell,PTS,16.5,-115.0,-115.0,0.5,0.5,16.5,16.5,16.5,-115.0,-115.0,provisional_current_snapshot_not_closing,OKC,@LAL,rotowire_current_board,True,True,True,True
2026-05-09T15:10:32.201011+00:00,2026-05-09,BetRivers,betrivers,2977854,5355,Evan_Mobley,Evan Mobley,PTS,14.5,-130.0,-104.0,0.5257731958762887,0.4742268041237114,14.5,14.5,14.5,-130.0,-104.0,provisional_current_snapshot_not_closing,CLE,DET,rotowire_current_board,True,True,True,True
2026-05-09T15:10:32.201011+00:00,2026-05-09,Caesars,caesars,2977854,5355,Evan_Mobley,Evan Mobley,PTS,15.5,-113.0,-118.0,0.4949766918501849,0.5050233081498151,15.5,15.5,15.5,-113.0,-118.0,provisional_current_snapshot_not_closing,CLE,DET,rotowire_current_board,True,True,True,True
2026-05-09T15:10:32.201011+00:00,2026-05-09,DraftKings,draftkings,2977854,5355,Evan_Mobley,Evan Mobley,PTS,15.5,-103.0,-124.0,0.47823563551944287,0.5217643644805572,15.5,15.5,15.5,-103.0,-124.0,provisional_current_snapshot_not_closing,CLE,DET,rotowire_current_board,True,True,True,True
2026-05-09T15:10:32.201011+00:00,2026-05-09,Fanatics,fanatics,2977854,5355,Evan_Mobley,Evan Mobley,PTS,15.5,-110.0,-120.0,0.48987854251012153,0.5101214574898786,15.5,15.5,15.5,-110.0,-120.0,provisional_current_snapshot_not_closing,CLE,DET,rotowire_current_board,True,True,True,True
2026-05-09T15:10:32.201011+00:00,2026-05-09,FanDuel,fanduel,2977854,5355,Evan_Mobley,Evan Mobley,PTS,15.5,-108.0,-122.0,0.48581617766250607,0.5141838223374939,15.5,15.5,15.5,-108.0,-122.0,provisional_current_snapshot_not_closing,CLE,DET,rotowire_current_board,True,True,True,True
2026-05-09T15:10:32.201011+00:00,2026-05-09,Hard Rock,hardrock,2977854,5355,Evan_Mobley,Evan Mobley,PTS,15.5,-110.0,-120.0,0.48987854251012153,0.5101214574898786,15.5,15.5,15.5,-110.0,-120.0,provisional_current_snapshot_not_closing,CLE,DET,rotowire_current_board,True,True,True,True
2026-05-09T15:10:32.201011+00:00,2026-05-09,BetMGM,mgm,2977854,5355,Evan_Mobley,Evan Mobley,PTS,15.5,-110.0,-120.0,0.48987854251012153,0.5101214574898786,15.5,15.5,15.5,-110.0,-120.0,provisional_current_snapshot_not_closing,CLE,DET,rotowire_current_board,True,True,True,True
2026-05-09T15:10:32.201011+00:00,2026-05-09,theScore,thescore,2977854,5355,Evan_Mobley,Evan Mobley,PTS,15.5,-110.0,-120.0,0.48987854251012153,0.5101214574898786,15.5,15.5,15.5,-110.0,-120.0,provisional_current_snapshot_not_closing,CLE,DET,rotowire_current_board,True,True,True,True
2026-05-09T15:10:32.201011+00:00,2026-05-09,BetRivers,betrivers,2977854,5703,Jalen_Duren,Jalen Duren,PTS,13.5,-112.0,-122.0,0.4901435104873048,0.5098564895126951,13.5,13.5,13.5,-112.0,-122.0,provisional_current_snapshot_not_closing,DET,@CLE,rotowire_current_board,True,True,True,True
2026-05-09T15:10:32.201011+00:00,2026-05-09,Caesars,caesars,2977854,5703,Jalen_Duren,Jalen Duren,PTS,13.5,-113.0,-118.0,0.4949766918501849,0.5050233081498151,13.5,13.5,13.5,-113.0,-118.0,provisional_current_snapshot_not_closing,DET,@CLE,rotowire_current_board,True,True,True,True
2026-05-09T15:10:32.201011+00:00,2026-05-09,DraftKings,draftkings,2977854,5703,Jalen_Duren,Jalen Duren,PTS,13.5,-107.0,-118.0,0.48848215781537946,0.5115178421846206,13.5,13.5,13.5,-107.0,-118.0,provisional_current_snapshot_not_closing,DET,@CLE,rotowire_current_board,True,True,True,True
2026-05-09T15:10:32.201011+00:00,2026-05-09,Fanatics,fanatics,2977854,5703,Jalen_Duren,Jalen Duren,PTS,13.5,-110.0,-120.0,0.48987854251012153,0.5101214574898786,13.5,13.5,13.5,-110.0,-120.0,provisional_current_snapshot_not_closing,DET,@CLE,rotowire_current_board,True,True,True,True
2026-05-09T15:10:32.201011+00:00,2026-05-09,FanDuel,fanduel,2977854,5703,Jalen_Duren,Jalen Duren,PTS,13.5,-114.0,-114.0,0.5,0.5,13.5,13.5,13.5,-114.0,-114.0,provisional_current_snapshot_not_closing,DET,@CLE,rotowire_current_board,True,True,True,True
2026-05-09T15:10:32.201011+00:00,2026-05-09,Hard Rock,hardrock,2977854,5703,Jalen_Duren,Jalen Duren,PTS,13.5,-115.0,-115.0,0.5,0.5,13.5,13.5,13.5,-115.0,-115.0,provisional_current_snapshot_not_closing,DET,@CLE,rotowire_current_board,True,True,True,True
2026-05-09T15:10:32.201011+00:00,2026-05-09,BetMGM,mgm,2977854,5703,Jalen_Duren,Jalen Duren,PTS,13.5,-105.0,-125.0,0.4796954314720812,0.5203045685279188,13.5,13.5,13.5,-105.0,-125.0,provisional_current_snapshot_not_closing,DET,@CLE,rotowire_current_board,True,True,True,True
2026-05-09T15:10:32.201011+00:00,2026-05-09,theScore,thescore,2977854,5703,Jalen_Duren,Jalen Duren,PTS,13.5,-115.0,-115.0,0.5,0.5,13.5,13.5,13.5,-115.0,-115.0,provisional_current_snapshot_not_closing,DET,@CLE,rotowire_current_board,True,True,True,True
2026-05-09T15:10:32.201011+00:00,2026-05-09,BetRivers,betrivers,2977862,4778,Rui_Hachimura,Rui Hachimura,PTS,13.5,-120.0,-114.0,0.5059101654846335,0.4940898345153664,13.5,13.5,13.5,-120.0,-114.0,provisional_current_snapshot_not_closing,LAL,OKC,rotowire_current_board,True,True,True,True
2026-05-09T15:10:32.201011+00:00,2026-05-09,Caesars,caesars,2977862,4778,Rui_Hachimura,Rui Hachimura,PTS,13.5,-115.0,-115.0,0.5,0.5,13.5,13.5,13.5,-115.0,-115.0,provisional_current_snapshot_not_closing,LAL,OKC,rotowire_current_board,True,True,True,True
2026-05-09T15:10:32.201011+00:00,2026-05-09,DraftKings,draftkings,2977862,4778,Rui_Hachimura,Rui Hachimura,PTS,13.5,-102.0,-124.0,0.4770335727409387,0.5229664272590613,13.5,13.5,13.5,-102.0,-124.0,provisional_current_snapshot_not_closing,LAL,OKC,rotowire_current_board,True,True,True,True
2026-05-09T15:10:32.201011+00:00,2026-05-09,Fanatics,fanatics,2977862,4778,Rui_Hachimura,Rui Hachimura,PTS,13.5,-115.0,-115.0,0.5,0.5,13.5,13.5,13.5,-115.0,-115.0,provisional_current_snapshot_not_closing,LAL,OKC,rotowire_current_board,True,True,True,True
2026-05-09T15:10:32.201011+00:00,2026-05-09,FanDuel,fanduel,2977862,4778,Rui_Hachimura,Rui Hachimura,PTS,13.5,-114.0,-114.0,0.5,0.5,13.5,13.5,13.5,-114.0,-114.0,provisional_current_snapshot_not_closing,LAL,OKC,rotowire_current_board,True,True,True,True
2026-05-09T15:10:32.201011+00:00,2026-05-09,Hard Rock,hardrock,2977862,4778,Rui_Hachimura,Rui Hachimura,PTS,13.5,-115.0,-115.0,0.5,0.5,13.5,13.5,13.5,-115.0,-115.0,provisional_current_snapshot_not_closing,LAL,OKC,rotowire_current_board,True,True,True,True
2026-05-09T15:10:32.201011+00:00,2026-05-09,BetMGM,mgm,2977862,4778,Rui_Hachimura,Rui Hachimura,PTS,13.5,-115.0,-115.0,0.5,0.5,13.5,13.5,13.5,-115.0,-115.0,provisional_current_snapshot_not_closing,LAL,OKC,rotowire_current_board,True,True,True,True
2026-05-09T15:10:32.201011+00:00,2026-05-09,theScore,thescore,2977862,4778,Rui_Hachimura,Rui Hachimura,PTS,13.5,-115.0,-115.0,0.5,0.5,13.5,13.5,13.5,-115.0,-115.0,provisional_current_snapshot_not_closing,LAL,OKC,rotowire_current_board,True,True,True,True
2026-05-09T15:10:32.201011+00:00,2026-05-09,BetRivers,betrivers,2977854,4122,Jarrett_Allen,Jarrett Allen,PTS,11.5,-115.0,-118.0,0.4970261697065821,0.5029738302934179,11.5,11.5,11.5,-115.0,-118.0,provisional_current_snapshot_not_closing,CLE,DET,rotowire_current_board,True,True,True,True
2026-05-09T15:10:32.201011+00:00,2026-05-09,Caesars,caesars,2977854,4122,Jarrett_Allen,Jarrett Allen,PTS,11.5,-110.0,-121.0,0.48893805309734506,0.5110619469026548,11.5,11.5,11.5,-110.0,-121.0,provisional_current_snapshot_not_closing,CLE,DET,rotowire_current_board,True,True,True,True
2026-05-09T15:10:32.201011+00:00,2026-05-09,DraftKings,draftkings,2977854,4122,Jarrett_Allen,Jarrett Allen,PTS,11.5,-105.0,-121.0,0.4833368048323266,0.5166631951676735,11.5,11.5,11.5,-105.0,-121.0,provisional_current_snapshot_not_closing,CLE,DET,rotowire_current_board,True,True,True,True
2026-05-09T15:10:32.201011+00:00,2026-05-09,Fanatics,fanatics,2977854,4122,Jarrett_Allen,Jarrett Allen,PTS,11.5,100.0,-130.0,0.4693877551020409,0.5306122448979592,11.5,11.5,11.5,100.0,-130.0,provisional_current_snapshot_not_closing,CLE,DET,rotowire_current_board,True,True,True,True
2026-05-09T15:10:32.201011+00:00,2026-05-09,FanDuel,fanduel,2977854,4122,Jarrett_Allen,Jarrett Allen,PTS,11.5,-102.0,-130.0,0.4718423169750604,0.5281576830249397,11.5,11.5,11.5,-102.0,-130.0,provisional_current_snapshot_not_closing,CLE,DET,rotowire_current_board,True,True,True,True
2026-05-09T15:10:32.201011+00:00,2026-05-09,Hard Rock,hardrock,2977854,4122,Jarrett_Allen,Jarrett Allen,PTS,11.5,-110.0,-120.0,0.48987854251012153,0.5101214574898786,11.5,11.5,11.5,-110.0,-120.0,provisional_current_snapshot_not_closing,CLE,DET,rotowire_current_board,True,True,True,True
2026-05-09T15:10:32.201011+00:00,2026-05-09,BetMGM,mgm,2977854,4122,Jarrett_Allen,Jarrett Allen,PTS,10.5,-135.0,100.0,0.5346534653465347,0.4653465346534653,10.5,10.5,10.5,-135.0,100.0,provisional_current_snapshot_not_closing,CLE,DET,rotowire_current_board,True,True,True,True
2026-05-09T15:10:32.201011+00:00,2026-05-09,theScore,thescore,2977854,4122,Jarrett_Allen,Jarrett Allen,PTS,11.5,-105.0,-125.0,0.4796954314720812,0.5203045685279188,11.5,11.5,11.5,-105.0,-125.0,provisional_current_snapshot_not_closing,CLE,DET,rotowire_current_board,True,True,True,True
2026-05-09T15:10:32.201011+00:00,2026-05-09,BetRivers,betrivers,2977854,4470,Duncan_Robinson,Duncan Robinson,PTS,11.5,-110.0,-124.0,0.4861878453038673,0.5138121546961325,11.5,11.5,11.5,-110.0,-124.0,provisional_current_snapshot_not_closing,DET,@CLE,rotowire_current_board,True,True,True,True
2026-05-09T15:10:32.201011+00:00,2026-05-09,Caesars,caesars,2977854,4470,Duncan_Robinson,Duncan Robinson,PTS,11.5,-112.0,-120.0,0.4920127795527157,0.5079872204472844,11.5,11.5,11.5,-112.0,-120.0,provisional_current_snapshot_not_closing,DET,@CLE,rotowire_current_board,True,True,True,True
2026-05-09T15:10:32.201011+00:00,2026-05-09,DraftKings,draftkings,2977854,4470,Duncan_Robinson,Duncan Robinson,PTS,11.5,-108.0,-118.0,0.4896023956080519,0.510397604391948,11.5,11.5,11.5,-108.0,-118.0,provisional_current_snapshot_not_closing,DET,@CLE,rotowire_current_board,True,True,True,True
2026-05-09T15:10:32.201011+00:00,2026-05-09,Fanatics,fanatics,2977854,4470,Duncan_Robinson,Duncan Robinson,PTS,11.5,-110.0,-120.0,0.48987854251012153,0.5101214574898786,11.5,11.5,11.5,-110.0,-120.0,provisional_current_snapshot_not_closing,DET,@CLE,rotowire_current_board,True,True,True,True
2026-05-09T15:10:32.201011+00:00,2026-05-09,FanDuel,fanduel,2977854,4470,Duncan_Robinson,Duncan Robinson,PTS,11.5,-106.0,-125.0,0.4808467741935484,0.5191532258064516,11.5,11.5,11.5,-106.0,-125.0,provisional_current_snapshot_not_closing,DET,@CLE,rotowire_current_board,True,True,True,True
2026-05-09T15:10:32.201011+00:00,2026-05-09,Hard Rock,hardrock,2977854,4470,Duncan_Robinson,Duncan Robinson,PTS,11.5,-115.0,-115.0,0.5,0.5,11.5,11.5,11.5,-115.0,-115.0,provisional_current_snapshot_not_closing,DET,@CLE,rotowire_current_board,True,True,True,True
2026-05-09T15:10:32.201011+00:00,2026-05-09,BetMGM,mgm,2977854,4470,Duncan_Robinson,Duncan Robinson,PTS,11.5,-115.0,-115.0,0.5,0.5,11.5,11.5,11.5,-115.0,-115.0,provisional_current_snapshot_not_closing,DET,@CLE,rotowire_current_board,True,True,True,True
2026-05-09T15:10:32.201011+00:00,2026-05-09,theScore,thescore,2977854,4470,Duncan_Robinson,Duncan Robinson,PTS,11.5,-110.0,-120.0,0.48987854251012153,0.5101214574898786,11.5,11.5,11.5,-110.0,-120.0,provisional_current_snapshot_not_closing,DET,@CLE,rotowire_current_board,True,True,True,True
2026-05-09T15:10:32.201011+00:00,2026-05-09,BetRivers,betrivers,2977862,3575,Marcus_Smart,Marcus Smart,PTS,11.5,-115.0,-118.0,0.4970261697065821,0.5029738302934179,11.5,11.5,11.5,-115.0,-118.0,provisional_current_snapshot_not_closing,LAL,OKC,rotowire_current_board,True,True,True,True
2026-05-09T15:10:32.201011+00:00,2026-05-09,Caesars,caesars,2977862,3575,Marcus_Smart,Marcus Smart,PTS,11.5,-121.0,-111.0,0.5099876153569574,0.4900123846430426,11.5,11.5,11.5,-121.0,-111.0,provisional_current_snapshot_not_closing,LAL,OKC,rotowire_current_board,True,True,True,True
2026-05-09T15:10:32.201011+00:00,2026-05-09,DraftKings,draftkings,2977862,3575,Marcus_Smart,Marcus Smart,PTS,11.5,-116.0,-110.0,0.5062344139650873,0.4937655860349127,11.5,11.5,11.5,-116.0,-110.0,provisional_current_snapshot_not_closing,LAL,OKC,rotowire_current_board,True,True,True,True
2026-05-09T15:10:32.201011+00:00,2026-05-09,Fanatics,fanatics,2977862,3575,Marcus_Smart,Marcus Smart,PTS,11.5,-115.0,-115.0,0.5,0.5,11.5,11.5,11.5,-115.0,-115.0,provisional_current_snapshot_not_closing,LAL,OKC,rotowire_current_board,True,True,True,True
2026-05-09T15:10:32.201011+00:00,2026-05-09,FanDuel,fanduel,2977862,3575,Marcus_Smart,Marcus Smart,PTS,11.5,-120.0,-110.0,0.5101214574898786,0.48987854251012153,11.5,11.5,11.5,-120.0,-110.0,provisional_current_snapshot_not_closing,LAL,OKC,rotowire_current_board,True,True,True,True
2026-05-09T15:10:32.201011+00:00,2026-05-09,Hard Rock,hardrock,2977862,3575,Marcus_Smart,Marcus Smart,PTS,11.5,-120.0,-110.0,0.5101214574898786,0.48987854251012153,11.5,11.5,11.5,-120.0,-110.0,provisional_current_snapshot_not_closing,LAL,OKC,rotowire_current_board,True,True,True,True
2026-05-09T15:10:32.201011+00:00,2026-05-09,BetMGM,mgm,2977862,3575,Marcus_Smart,Marcus Smart,PTS,11.5,-105.0,-125.0,0.4796954314720812,0.5203045685279188,11.5,11.5,11.5,-105.0,-125.0,provisional_current_snapshot_not_closing,LAL,OKC,rotowire_current_board,True,True,True,True
2026-05-09T15:10:32.201011+00:00,2026-05-09,theScore,thescore,2977862,3575,Marcus_Smart,Marcus Smart,PTS,11.5,-120.0,-110.0,0.5101214574898786,0.48987854251012153,11.5,11.5,11.5,-120.0,-110.0,provisional_current_snapshot_not_closing,LAL,OKC,rotowire_current_board,True,True,True,True
2026-05-09T15:10:32.201011+00:00,2026-05-09,BetRivers,betrivers,2977854,6336,Daniss_Jenkins,Daniss Jenkins,PTS,10.5,-120.0,-114.0,0.5059101654846335,0.4940898345153664,10.5,10.5,10.5,-120.0,-114.0,provisional_current_snapshot_not_closing,DET,@CLE,rotowire_current_board,True,True,True,True
2026-05-09T15:10:32.201011+00:00,2026-05-09,Caesars,caesars,2977854,6336,Daniss_Jenkins,Daniss Jenkins,PTS,10.5,-113.0,-118.0,0.4949766918501849,0.5050233081498151,10.5,10.5,10.5,-113.0,-118.0,provisional_current_snapshot_not_closing,DET,@CLE,rotowire_current_board,True,True,True,True
2026-05-09T15:10:32.201011+00:00,2026-05-09,DraftKings,draftkings,2977854,6336,Daniss_Jenkins,Daniss Jenkins,PTS,10.5,-102.0,-125.0,0.47614107883817425,0.5238589211618258,10.5,10.5,10.5,-102.0,-125.0,provisional_current_snapshot_not_closing,DET,@CLE,rotowire_current_board,True,True,True,True
2026-05-09T15:10:32.201011+00:00,2026-05-09,Fanatics,fanatics,2977854,6336,Daniss_Jenkins,Daniss Jenkins,PTS,10.5,-105.0,-125.0,0.4796954314720812,0.5203045685279188,10.5,10.5,10.5,-105.0,-125.0,provisional_current_snapshot_not_closing,DET,@CLE,rotowire_current_board,True,True,True,True
2026-05-09T15:10:32.201011+00:00,2026-05-09,FanDuel,fanduel,2977854,6336,Daniss_Jenkins,Daniss Jenkins,PTS,10.5,-102.0,-130.0,0.4718423169750604,0.5281576830249397,10.5,10.5,10.5,-102.0,-130.0,provisional_current_snapshot_not_closing,DET,@CLE,rotowire_current_board,True,True,True,True
2026-05-09T15:10:32.201011+00:00,2026-05-09,Hard Rock,hardrock,2977854,6336,Daniss_Jenkins,Daniss Jenkins,PTS,10.5,-105.0,-125.0,0.4796954314720812,0.5203045685279188,10.5,10.5,10.5,-105.0,-125.0,provisional_current_snapshot_not_closing,DET,@CLE,rotowire_current_board,True,True,True,True
2026-05-09T15:10:32.201011+00:00,2026-05-09,BetMGM,mgm,2977854,6336,Daniss_Jenkins,Daniss Jenkins,PTS,10.5,-115.0,-115.0,0.5,0.5,10.5,10.5,10.5,-115.0,-115.0,provisional_current_snapshot_not_closing,DET,@CLE,rotowire_current_board,True,True,True,True
2026-05-09T15:10:32.201011+00:00,2026-05-09,theScore,thescore,2977854,6336,Daniss_Jenkins,Daniss Jenkins,PTS,10.5,-105.0,-125.0,0.4796954314720812,0.5203045685279188,10.5,10.5,10.5,-105.0,-125.0,provisional_current_snapshot_not_closing,DET,@CLE,rotowire_current_board,True,True,True,True
2026-05-09T15:10:32.201011+00:00,2026-05-09,BetRivers,betrivers,2977862,4372,Deandre_Ayton,Deandre Ayton,PTS,8.5,-127.0,-107.0,0.519771442128989,0.4802285578710111,8.5,8.5,8.5,-127.0,-107.0,provisional_current_snapshot_not_closing,LAL,OKC,rotowire_current_board,True,True,True,True
2026-05-09T15:10:32.201011+00:00,2026-05-09,Caesars,caesars,2977862,4372,Deandre_Ayton,Deandre Ayton,PTS,8.5,-136.0,102.0,0.5379072681704261,0.46209273182957394,8.5,8.5,8.5,-136.0,102.0,provisional_current_snapshot_not_closing,LAL,OKC,rotowire_current_board,True,True,True,True
2026-05-09T15:10:32.201011+00:00,2026-05-09,DraftKings,draftkings,2977862,4372,Deandre_Ayton,Deandre Ayton,PTS,8.5,-117.0,-108.0,0.5094197437829691,0.4905802562170309,8.5,8.5,8.5,-117.0,-108.0,provisional_current_snapshot_not_closing,LAL,OKC,rotowire_current_board,True,True,True,True
2026-05-09T15:10:32.201011+00:00,2026-05-09,Fanatics,fanatics,2977862,4372,Deandre_Ayton,Deandre Ayton,PTS,8.5,-130.0,100.0,0.5306122448979592,0.4693877551020409,8.5,8.5,8.5,-130.0,100.0,provisional_current_snapshot_not_closing,LAL,OKC,rotowire_current_board,True,True,True,True
2026-05-09T15:10:32.201011+00:00,2026-05-09,FanDuel,fanduel,2977862,4372,Deandre_Ayton,Deandre Ayton,PTS,8.5,-130.0,-102.0,0.5281576830249397,0.4718423169750604,8.5,8.5,8.5,-130.0,-102.0,provisional_current_snapshot_not_closing,LAL,OKC,rotowire_current_board,True,True,True,True
2026-05-09T15:10:32.201011+00:00,2026-05-09,Hard Rock,hardrock,2977862,4372,Deandre_Ayton,Deandre Ayton,PTS,9.5,100.0,-130.0,0.4693877551020409,0.5306122448979592,9.5,9.5,9.5,100.0,-130.0,provisional_current_snapshot_not_closing,LAL,OKC,rotowire_current_board,True,True,True,True
2026-05-09T15:10:32.201011+00:00,2026-05-09,BetMGM,mgm,2977862,4372,Deandre_Ayton,Deandre Ayton,PTS,9.5,-118.0,-111.0,0.5071288903372982,0.4928711096627016,9.5,9.5,9.5,-118.0,-111.0,provisional_current_snapshot_not_closing,LAL,OKC,rotowire_current_board,True,True,True,True
2026-05-09T15:10:32.201011+00:00,2026-05-09,theScore,thescore,2977862,4372,Deandre_Ayton,Deandre Ayton,PTS,8.5,-130.0,100.0,0.5306122448979592,0.4693877551020409,8.5,8.5,8.5,-130.0,100.0,provisional_current_snapshot_not_closing,LAL,OKC,rotowire_current_board,True,True,True,True
2026-05-09T15:10:32.201011+00:00,2026-05-09,BetRivers,betrivers,2977854,4947,Max_Strus,Max Strus,PTS,8.5,-130.0,-105.0,0.5246062992125985,0.4753937007874017,8.5,8.5,8.5,-130.0,-105.0,provisional_current_snapshot_not_closing,CLE,DET,rotowire_current_board,True,True,True,True
2026-05-09T15:10:32.201011+00:00,2026-05-09,Caesars,caesars,2977854,4947,Max_Strus,Max Strus,PTS,8.5,-134.0,100.0,0.5338645418326693,0.4661354581673307,8.5,8.5,8.5,-134.0,100.0,provisional_current_snapshot_not_closing,CLE,DET,rotowire_current_board,True,True,True,True
2026-05-09T15:10:32.201011+00:00,2026-05-09,DraftKings,draftkings,2977854,4947,Max_Strus,Max Strus,PTS,8.5,-121.0,-105.0,0.5166631951676735,0.4833368048323266,8.5,8.5,8.5,-121.0,-105.0,provisional_current_snapshot_not_closing,CLE,DET,rotowire_current_board,True,True,True,True
2026-05-09T15:10:32.201011+00:00,2026-05-09,Fanatics,fanatics,2977854,4947,Max_Strus,Max Strus,PTS,8.5,-130.0,100.0,0.5306122448979592,0.4693877551020409,8.5,8.5,8.5,-130.0,100.0,provisional_current_snapshot_not_closing,CLE,DET,rotowire_current_board,True,True,True,True
2026-05-09T15:10:32.201011+00:00,2026-05-09,FanDuel,fanduel,2977854,4947,Max_Strus,Max Strus,PTS,8.5,-136.0,102.0,0.5379072681704261,0.46209273182957394,8.5,8.5,8.5,-136.0,102.0,provisional_current_snapshot_not_closing,CLE,DET,rotowire_current_board,True,True,True,True
2026-05-09T15:10:32.201011+00:00,2026-05-09,Hard Rock,hardrock,2977854,4947,Max_Strus,Max Strus,PTS,9.5,-105.0,-125.0,0.4796954314720812,0.5203045685279188,9.5,9.5,9.5,-105.0,-125.0,provisional_current_snapshot_not_closing,CLE,DET,rotowire_current_board,True,True,True,True
2026-05-09T15:10:32.201011+00:00,2026-05-09,theScore,thescore,2977854,4947,Max_Strus,Max Strus,PTS,9.5,100.0,-130.0,0.4693877551020409,0.5306122448979592,9.5,9.5,9.5,100.0,-130.0,provisional_current_snapshot_not_closing,CLE,DET,rotowire_current_board,True,True,True,True
2026-05-09T15:10:32.201011+00:00,2026-05-09,BetRivers,betrivers,2977854,5932,Ausar_Thompson,Ausar Thompson,PTS,9.5,-107.0,-125.0,0.481981981981982,0.5180180180180181,9.5,9.5,9.5,-107.0,-125.0,provisional_current_snapshot_not_closing,DET,@CLE,rotowire_current_board,True,True,True,True
2026-05-09T15:10:32.201011+00:00,2026-05-09,Caesars,caesars,2977854,5932,Ausar_Thompson,Ausar Thompson,PTS,9.5,-108.0,-124.0,0.4839948783610755,0.5160051216389244,9.5,9.5,9.5,-108.0,-124.0,provisional_current_snapshot_not_closing,DET,@CLE,rotowire_current_board,True,True,True,True
2026-05-09T15:10:32.201011+00:00,2026-05-09,DraftKings,draftkings,2977854,5932,Ausar_Thompson,Ausar Thompson,PTS,9.5,-106.0,-121.0,0.48448874917273327,0.5155112508272668,9.5,9.5,9.5,-106.0,-121.0,provisional_current_snapshot_not_closing,DET,@CLE,rotowire_current_board,True,True,True,True
2026-05-09T15:10:32.201011+00:00,2026-05-09,Fanatics,fanatics,2977854,5932,Ausar_Thompson,Ausar Thompson,PTS,9.5,100.0,-130.0,0.4693877551020409,0.5306122448979592,9.5,9.5,9.5,100.0,-130.0,provisional_current_snapshot_not_closing,DET,@CLE,rotowire_current_board,True,True,True,True
2026-05-09T15:10:32.201011+00:00,2026-05-09,FanDuel,fanduel,2977854,5932,Ausar_Thompson,Ausar Thompson,PTS,9.5,100.0,-130.0,0.4693877551020409,0.5306122448979592,9.5,9.5,9.5,100.0,-130.0,provisional_current_snapshot_not_closing,DET,@CLE,rotowire_current_board,True,True,True,True
2026-05-09T15:10:32.201011+00:00,2026-05-09,Hard Rock,hardrock,2977854,5932,Ausar_Thompson,Ausar Thompson,PTS,9.5,-105.0,-125.0,0.4796954314720812,0.5203045685279188,9.5,9.5,9.5,-105.0,-125.0,provisional_current_snapshot_not_closing,DET,@CLE,rotowire_current_board,True,True,True,True
2026-05-09T15:10:32.201011+00:00,2026-05-09,BetMGM,mgm,2977854,5932,Ausar_Thompson,Ausar Thompson,PTS,9.5,-105.0,-125.0,0.4796954314720812,0.5203045685279188,9.5,9.5,9.5,-105.0,-125.0,provisional_current_snapshot_not_closing,DET,@CLE,rotowire_current_board,True,True,True,True
2026-05-09T15:10:32.201011+00:00,2026-05-09,theScore,thescore,2977854,5932,Ausar_Thompson,Ausar Thompson,PTS,9.5,-105.0,-125.0,0.4796954314720812,0.5203045685279188,9.5,9.5,9.5,-105.0,-125.0,provisional_current_snapshot_not_closing,DET,@CLE,rotowire_current_board,True,True,True,True
2026-05-09T15:10:32.201011+00:00,2026-05-09,BetRivers,betrivers,2977862,4147,Isaiah_Hartenstein,Isaiah Hartenstein,PTS,7.5,-132.0,-104.0,0.5274208712002507,0.4725791287997492,7.5,7.5,7.5,-132.0,-104.0,provisional_current_snapshot_not_closing,OKC,@LAL,rotowire_current_board,True,True,True,True
2026-05-09T15:10:32.201011+00:00,2026-05-09,Caesars,caesars,2977862,4147,Isaiah_Hartenstein,Isaiah Hartenstein,PTS,7.5,-136.0,102.0,0.5379072681704261,0.46209273182957394,7.5,7.5,7.5,-136.0,102.0,provisional_current_snapshot_not_closing,OKC,@LAL,rotowire_current_board,True,True,True,True
2026-05-09T15:10:32.201011+00:00,2026-05-09,DraftKings,draftkings,2977862,4147,Isaiah_Hartenstein,Isaiah Hartenstein,PTS,7.5,-141.0,111.0,0.5524688492321405,0.44753115076785943,7.5,7.5,7.5,-141.0,111.0,provisional_current_snapshot_not_closing,OKC,@LAL,rotowire_current_board,True,True,True,True
2026-05-09T15:10:32.201011+00:00,2026-05-09,Fanatics,fanatics,2977862,4147,Isaiah_Hartenstein,Isaiah Hartenstein,PTS,7.5,-130.0,100.0,0.5306122448979592,0.4693877551020409,7.5,7.5,7.5,-130.0,100.0,provisional_current_snapshot_not_closing,OKC,@LAL,rotowire_current_board,True,True,True,True
2026-05-09T15:10:32.201011+00:00,2026-05-09,FanDuel,fanduel,2977862,4147,Isaiah_Hartenstein,Isaiah Hartenstein,PTS,7.5,-136.0,102.0,0.5379072681704261,0.46209273182957394,7.5,7.5,7.5,-136.0,102.0,provisional_current_snapshot_not_closing,OKC,@LAL,rotowire_current_board,True,True,True,True
2026-05-09T15:10:32.201011+00:00,2026-05-09,Hard Rock,hardrock,2977862,4147,Isaiah_Hartenstein,Isaiah Hartenstein,PTS,8.5,100.0,-130.0,0.4693877551020409,0.5306122448979592,8.5,8.5,8.5,100.0,-130.0,provisional_current_snapshot_not_closing,OKC,@LAL,rotowire_current_board,True,True,True,True
2026-05-09T15:10:32.201011+00:00,2026-05-09,BetMGM,mgm,2977862,4147,Isaiah_Hartenstein,Isaiah Hartenstein,PTS,8.5,105.0,-140.0,0.4554079696394686,0.5445920303605313,8.5,8.5,8.5,105.0,-140.0,provisional_current_snapshot_not_closing,OKC,@LAL,rotowire_current_board,True,True,True,True
2026-05-09T15:10:32.201011+00:00,2026-05-09,theScore,thescore,2977862,4147,Isaiah_Hartenstein,Isaiah Hartenstein,PTS,8.5,100.0,-130.0,0.4693877551020409,0.5306122448979592,8.5,8.5,8.5,100.0,-130.0,provisional_current_snapshot_not_closing,OKC,@LAL,rotowire_current_board,True,True,True,True
2026-05-09T15:10:32.201011+00:00,2026-05-09,BetRivers,betrivers,2977862,4123,Luke_Kennard,Luke Kennard,PTS,8.5,-121.0,-113.0,0.5078823946715012,0.49211760532849874,8.5,8.5,8.5,-121.0,-113.0,provisional_current_snapshot_not_closing,LAL,OKC,rotowire_current_board,True,True,True,True
2026-05-09T15:10:32.201011+00:00,2026-05-09,Caesars,caesars,2977862,4123,Luke_Kennard,Luke Kennard,PTS,8.5,-114.0,-117.0,0.4969864995178399,0.5030135004821601,8.5,8.5,8.5,-114.0,-117.0,provisional_current_snapshot_not_closing,LAL,OKC,rotowire_current_board,True,True,True,True
2026-05-09T15:10:32.201011+00:00,2026-05-09,DraftKings,draftkings,2977862,4123,Luke_Kennard,Luke Kennard,PTS,8.5,-103.0,-123.0,0.4791397221410989,0.520860277858901,8.5,8.5,8.5,-103.0,-123.0,provisional_current_snapshot_not_closing,LAL,OKC,rotowire_current_board,True,True,True,True
2026-05-09T15:10:32.201011+00:00,2026-05-09,Fanatics,fanatics,2977862,4123,Luke_Kennard,Luke Kennard,PTS,8.5,-115.0,-115.0,0.5,0.5,8.5,8.5,8.5,-115.0,-115.0,provisional_current_snapshot_not_closing,LAL,OKC,rotowire_current_board,True,True,True,True
2026-05-09T15:10:32.201011+00:00,2026-05-09,FanDuel,fanduel,2977862,4123,Luke_Kennard,Luke Kennard,PTS,8.5,-112.0,-118.0,0.4939310568053083,0.5060689431946916,8.5,8.5,8.5,-112.0,-118.0,provisional_current_snapshot_not_closing,LAL,OKC,rotowire_current_board,True,True,True,True
2026-05-09T15:10:32.201011+00:00,2026-05-09,Hard Rock,hardrock,2977862,4123,Luke_Kennard,Luke Kennard,PTS,8.5,-115.0,-115.0,0.5,0.5,8.5,8.5,8.5,-115.0,-115.0,provisional_current_snapshot_not_closing,LAL,OKC,rotowire_current_board,True,True,True,True
2026-05-09T15:10:32.201011+00:00,2026-05-09,BetMGM,mgm,2977862,4123,Luke_Kennard,Luke Kennard,PTS,8.5,-120.0,-111.0,0.5090470446320868,0.49095295536791317,8.5,8.5,8.5,-120.0,-111.0,provisional_current_snapshot_not_closing,LAL,OKC,rotowire_current_board,True,True,True,True
2026-05-09T15:10:32.201011+00:00,2026-05-09,theScore,thescore,2977862,4123,Luke_Kennard,Luke Kennard,PTS,8.5,-115.0,-115.0,0.5,0.5,8.5,8.5,8.5,-115.0,-115.0,provisional_current_snapshot_not_closing,LAL,OKC,rotowire_current_board,True,True,True,True
2026-05-09T15:10:32.201011+00:00,2026-05-09,BetRivers,betrivers,2977862,6266,Jared_McCain,Jared McCain,PTS,6.5,-103.0,-134.0,0.4697879307656324,0.5302120692343677,6.5,6.5,6.5,-103.0,-134.0,provisional_current_snapshot_not_closing,OKC,@LAL,rotowire_current_board,True,True,True,True
2026-05-09T15:10:32.201011+00:00,2026-05-09,Caesars,caesars,2977862,6266,Jared_McCain,Jared McCain,PTS,6.5,102.0,-135.0,0.4628717746700807,0.5371282253299192,6.5,6.5,6.5,102.0,-135.0,provisional_current_snapshot_not_closing,OKC,@LAL,rotowire_current_board,True,True,True,True
2026-05-09T15:10:32.201011+00:00,2026-05-09,DraftKings,draftkings,2977862,6266,Jared_McCain,Jared McCain,PTS,6.5,-103.0,-123.0,0.4791397221410989,0.520860277858901,6.5,6.5,6.5,-103.0,-123.0,provisional_current_snapshot_not_closing,OKC,@LAL,rotowire_current_board,True,True,True,True
2026-05-09T15:10:32.201011+00:00,2026-05-09,Fanatics,fanatics,2977862,6266,Jared_McCain,Jared McCain,PTS,5.5,-130.0,100.0,0.5306122448979592,0.4693877551020409,5.5,5.5,5.5,-130.0,100.0,provisional_current_snapshot_not_closing,OKC,@LAL,rotowire_current_board,True,True,True,True
2026-05-09T15:10:32.201011+00:00,2026-05-09,FanDuel,fanduel,2977862,6266,Jared_McCain,Jared McCain,PTS,6.5,100.0,-132.0,0.4677419354838709,0.532258064516129,6.5,6.5,6.5,100.0,-132.0,provisional_current_snapshot_not_closing,OKC,@LAL,rotowire_current_board,True,True,True,True
2026-05-09T15:10:32.201011+00:00,2026-05-09,Hard Rock,hardrock,2977862,6266,Jared_McCain,Jared McCain,PTS,6.5,-110.0,-120.0,0.48987854251012153,0.5101214574898786,6.5,6.5,6.5,-110.0,-120.0,provisional_current_snapshot_not_closing,OKC,@LAL,rotowire_current_board,True,True,True,True
2026-05-09T15:10:32.201011+00:00,2026-05-09,BetMGM,mgm,2977862,6266,Jared_McCain,Jared McCain,PTS,7.5,125.0,-165.0,0.4165029469548134,0.5834970530451867,7.5,7.5,7.5,125.0,-165.0,provisional_current_snapshot_not_closing,OKC,@LAL,rotowire_current_board,True,True,True,True
2026-05-09T15:10:32.201011+00:00,2026-05-09,theScore,thescore,2977862,6266,Jared_McCain,Jared McCain,PTS,6.5,100.0,-130.0,0.4693877551020409,0.5306122448979592,6.5,6.5,6.5,100.0,-130.0,provisional_current_snapshot_not_closing,OKC,@LAL,rotowire_current_board,True,True,True,True
2026-05-09T15:10:32.201011+00:00,2026-05-09,BetRivers,betrivers,2977854,6277,Jaylon_Tyson,Jaylon Tyson,PTS,7.5,102.0,-137.0,0.461322848133297,0.5386771518667031,7.5,7.5,7.5,102.0,-137.0,provisional_current_snapshot_not_closing,CLE,DET,rotowire_current_board,True,True,True,True
2026-05-09T15:10:32.201011+00:00,2026-05-09,Caesars,caesars,2977854,6277,Jaylon_Tyson,Jaylon Tyson,PTS,7.5,-111.0,-121.0,0.4900123846430426,0.5099876153569574,7.5,7.5,7.5,-111.0,-121.0,provisional_current_snapshot_not_closing,CLE,DET,rotowire_current_board,True,True,True,True
2026-05-09T15:10:32.201011+00:00,2026-05-09,DraftKings,draftkings,2977854,6277,Jaylon_Tyson,Jaylon Tyson,PTS,7.5,-103.0,-122.0,0.48005542492442055,0.5199445750755795,7.5,7.5,7.5,-103.0,-122.0,provisional_current_snapshot_not_closing,CLE,DET,rotowire_current_board,True,True,True,True
2026-05-09T15:10:32.201011+00:00,2026-05-09,Fanatics,fanatics,2977854,6277,Jaylon_Tyson,Jaylon Tyson,PTS,7.5,-105.0,-125.0,0.4796954314720812,0.5203045685279188,7.5,7.5,7.5,-105.0,-125.0,provisional_current_snapshot_not_closing,CLE,DET,rotowire_current_board,True,True,True,True
2026-05-09T15:10:32.201011+00:00,2026-05-09,FanDuel,fanduel,2977854,6277,Jaylon_Tyson,Jaylon Tyson,PTS,7.5,-106.0,-125.0,0.4808467741935484,0.5191532258064516,7.5,7.5,7.5,-106.0,-125.0,provisional_current_snapshot_not_closing,CLE,DET,rotowire_current_board,True,True,True,True
2026-05-09T15:10:32.201011+00:00,2026-05-09,Hard Rock,hardrock,2977854,6277,Jaylon_Tyson,Jaylon Tyson,PTS,7.5,-110.0,-120.0,0.48987854251012153,0.5101214574898786,7.5,7.5,7.5,-110.0,-120.0,provisional_current_snapshot_not_closing,CLE,DET,rotowire_current_board,True,True,True,True
2026-05-09T15:10:32.201011+00:00,2026-05-09,theScore,thescore,2977854,6277,Jaylon_Tyson,Jaylon Tyson,PTS,7.5,-110.0,-120.0,0.48987854251012153,0.5101214574898786,7.5,7.5,7.5,-110.0,-120.0,provisional_current_snapshot_not_closing,CLE,DET,rotowire_current_board,True,True,True,True
2026-05-09T15:10:32.201011+00:00,2026-05-09,Caesars,caesars,2977862,3952,Alex_Caruso,Alex Caruso,PTS,6.5,-106.0,-127.0,0.4790936604014018,0.5209063395985983,6.5,6.5,6.5,-106.0,-127.0,provisional_current_snapshot_not_closing,OKC,@LAL,rotowire_current_board,True,True,True,True
2026-05-09T15:10:32.201011+00:00,2026-05-09,DraftKings,draftkings,2977862,3952,Alex_Caruso,Alex Caruso,PTS,6.5,-103.0,-123.0,0.4791397221410989,0.520860277858901,6.5,6.5,6.5,-103.0,-123.0,provisional_current_snapshot_not_closing,OKC,@LAL,rotowire_current_board,True,True,True,True
2026-05-09T15:10:32.201011+00:00,2026-05-09,Fanatics,fanatics,2977862,3952,Alex_Caruso,Alex Caruso,PTS,6.5,100.0,-130.0,0.4693877551020409,0.5306122448979592,6.5,6.5,6.5,100.0,-130.0,provisional_current_snapshot_not_closing,OKC,@LAL,rotowire_current_board,True,True,True,True
2026-05-09T15:10:32.201011+00:00,2026-05-09,FanDuel,fanduel,2977862,3952,Alex_Caruso,Alex Caruso,PTS,5.5,-132.0,100.0,0.532258064516129,0.4677419354838709,5.5,5.5,5.5,-132.0,100.0,provisional_current_snapshot_not_closing,OKC,@LAL,rotowire_current_board,True,True,True,True
2026-05-09T15:10:32.201011+00:00,2026-05-09,Hard Rock,hardrock,2977862,3952,Alex_Caruso,Alex Caruso,PTS,6.5,100.0,-130.0,0.4693877551020409,0.5306122448979592,6.5,6.5,6.5,100.0,-130.0,provisional_current_snapshot_not_closing,OKC,@LAL,rotowire_current_board,True,True,True,True
2026-05-09T15:10:32.201011+00:00,2026-05-09,BetMGM,mgm,2977862,3952,Alex_Caruso,Alex Caruso,PTS,6.5,-120.0,-111.0,0.5090470446320868,0.49095295536791317,6.5,6.5,6.5,-120.0,-111.0,provisional_current_snapshot_not_closing,OKC,@LAL,rotowire_current_board,True,True,True,True
2026-05-09T15:10:32.201011+00:00,2026-05-09,theScore,thescore,2977862,3952,Alex_Caruso,Alex Caruso,PTS,6.5,100.0,-130.0,0.4693877551020409,0.5306122448979592,6.5,6.5,6.5,100.0,-130.0,provisional_current_snapshot_not_closing,OKC,@LAL,rotowire_current_board,True,True,True,True
2026-05-09T15:10:32.201011+00:00,2026-05-09,BetRivers,betrivers,2977862,4808,Luguentz_Dort,Luguentz Dort,PTS,6.5,-120.0,-114.0,0.5059101654846335,0.4940898345153664,6.5,6.5,6.5,-120.0,-114.0,provisional_current_snapshot_not_closing,OKC,@LAL,rotowire_current_board,True,True,True,True
2026-05-09T15:10:32.201011+00:00,2026-05-09,Caesars,caesars,2977862,4808,Luguentz_Dort,Luguentz Dort,PTS,6.5,-125.0,-107.0,0.5180180180180181,0.481981981981982,6.5,6.5,6.5,-125.0,-107.0,provisional_current_snapshot_not_closing,OKC,@LAL,rotowire_current_board,True,True,True,True
2026-05-09T15:10:32.201011+00:00,2026-05-09,DraftKings,draftkings,2977862,4808,Luguentz_Dort,Luguentz Dort,PTS,6.5,-113.0,-113.0,0.5,0.5,6.5,6.5,6.5,-113.0,-113.0,provisional_current_snapshot_not_closing,OKC,@LAL,rotowire_current_board,True,True,True,True
2026-05-09T15:10:32.201011+00:00,2026-05-09,Fanatics,fanatics,2977862,4808,Luguentz_Dort,Luguentz Dort,PTS,6.5,-115.0,-115.0,0.5,0.5,6.5,6.5,6.5,-115.0,-115.0,provisional_current_snapshot_not_closing,OKC,@LAL,rotowire_current_board,True,True,True,True
2026-05-09T15:10:32.201011+00:00,2026-05-09,FanDuel,fanduel,2977862,4808,Luguentz_Dort,Luguentz Dort,PTS,6.5,-112.0,-118.0,0.4939310568053083,0.5060689431946916,6.5,6.5,6.5,-112.0,-118.0,provisional_current_snapshot_not_closing,OKC,@LAL,rotowire_current_board,True,True,True,True
2026-05-09T15:10:32.201011+00:00,2026-05-09,Hard Rock,hardrock,2977862,4808,Luguentz_Dort,Luguentz Dort,PTS,6.5,-120.0,-110.0,0.5101214574898786,0.48987854251012153,6.5,6.5,6.5,-120.0,-110.0,provisional_current_snapshot_not_closing,OKC,@LAL,rotowire_current_board,True,True,True,True
2026-05-09T15:10:32.201011+00:00,2026-05-09,BetMGM,mgm,2977862,4808,Luguentz_Dort,Luguentz Dort,PTS,6.5,-135.0,100.0,0.5346534653465347,0.4653465346534653,6.5,6.5,6.5,-135.0,100.0,provisional_current_snapshot_not_closing,OKC,@LAL,rotowire_current_board,True,True,True,True
2026-05-09T15:10:32.201011+00:00,2026-05-09,theScore,thescore,2977862,4808,Luguentz_Dort,Luguentz Dort,PTS,6.5,-115.0,-115.0,0.5,0.5,6.5,6.5,6.5,-115.0,-115.0,provisional_current_snapshot_not_closing,OKC,@LAL,rotowire_current_board,True,True,True,True
2026-05-09T15:10:32.201011+00:00,2026-05-09,Fanatics,fanatics,2977854,3444,Dennis_Schroder,Dennis Schroder,PTS,6.5,-110.0,-120.0,0.48987854251012153,0.5101214574898786,6.5,6.5,6.5,-110.0,-120.0,provisional_current_snapshot_not_closing,CLE,DET,rotowire_current_board,True,True,True,True
2026-05-09T15:10:32.201011+00:00,2026-05-09,Hard Rock,hardrock,2977854,3444,Dennis_Schroder,Dennis Schroder,PTS,6.5,-115.0,-115.0,0.5,0.5,6.5,6.5,6.5,-115.0,-115.0,provisional_current_snapshot_not_closing,CLE,DET,rotowire_current_board,True,True,True,True
2026-05-09T15:10:32.201011+00:00,2026-05-09,BetRivers,betrivers,2977862,5898,Cason_Wallace,Cason Wallace,PTS,6.5,-122.0,-112.0,0.5098564895126951,0.4901435104873048,6.5,6.5,6.5,-122.0,-112.0,provisional_current_snapshot_not_closing,OKC,@LAL,rotowire_current_board,True,True,True,True
2026-05-09T15:10:32.201011+00:00,2026-05-09,Caesars,caesars,2977862,5898,Cason_Wallace,Cason Wallace,PTS,6.5,-110.0,-121.0,0.48893805309734506,0.5110619469026548,6.5,6.5,6.5,-110.0,-121.0,provisional_current_snapshot_not_closing,OKC,@LAL,rotowire_current_board,True,True,True,True
2026-05-09T15:10:32.201011+00:00,2026-05-09,DraftKings,draftkings,2977862,5898,Cason_Wallace,Cason Wallace,PTS,6.5,-108.0,-118.0,0.4896023956080519,0.510397604391948,6.5,6.5,6.5,-108.0,-118.0,provisional_current_snapshot_not_closing,OKC,@LAL,rotowire_current_board,True,True,True,True
2026-05-09T15:10:32.201011+00:00,2026-05-09,Fanatics,fanatics,2977862,5898,Cason_Wallace,Cason Wallace,PTS,6.5,-105.0,-125.0,0.4796954314720812,0.5203045685279188,6.5,6.5,6.5,-105.0,-125.0,provisional_current_snapshot_not_closing,OKC,@LAL,rotowire_current_board,True,True,True,True
2026-05-09T15:10:32.201011+00:00,2026-05-09,FanDuel,fanduel,2977862,5898,Cason_Wallace,Cason Wallace,PTS,6.5,100.0,-132.0,0.4677419354838709,0.532258064516129,6.5,6.5,6.5,100.0,-132.0,provisional_current_snapshot_not_closing,OKC,@LAL,rotowire_current_board,True,True,True,True
2026-05-09T15:10:32.201011+00:00,2026-05-09,Hard Rock,hardrock,2977862,5898,Cason_Wallace,Cason Wallace,PTS,6.5,-105.0,-125.0,0.4796954314720812,0.5203045685279188,6.5,6.5,6.5,-105.0,-125.0,provisional_current_snapshot_not_closing,OKC,@LAL,rotowire_current_board,True,True,True,True
2026-05-09T15:10:32.201011+00:00,2026-05-09,BetMGM,mgm,2977862,5898,Cason_Wallace,Cason Wallace,PTS,6.5,-120.0,-110.0,0.5101214574898786,0.48987854251012153,6.5,6.5,6.5,-120.0,-110.0,provisional_current_snapshot_not_closing,OKC,@LAL,rotowire_current_board,True,True,True,True
2026-05-09T15:10:32.201011+00:00,2026-05-09,theScore,thescore,2977862,5898,Cason_Wallace,Cason Wallace,PTS,6.5,-105.0,-125.0,0.4796954314720812,0.5203045685279188,6.5,6.5,6.5,-105.0,-125.0,provisional_current_snapshot_not_closing,OKC,@LAL,rotowire_current_board,True,True,True,True
2026-05-09T15:10:32.201011+00:00,2026-05-09,Caesars,caesars,2977862,4771,Jaxson_Hayes,Jaxson Hayes,PTS,4.5,-129.0,-104.0,0.5249341737812177,0.47506582621878246,4.5,4.5,4.5,-129.0,-104.0,provisional_current_snapshot_not_closing,LAL,OKC,rotowire_current_board,True,True,True,True
2026-05-09T15:10:32.201011+00:00,2026-05-09,DraftKings,draftkings,2977862,4771,Jaxson_Hayes,Jaxson Hayes,PTS,4.5,-118.0,-108.0,0.510397604391948,0.4896023956080519,4.5,4.5,4.5,-118.0,-108.0,provisional_current_snapshot_not_closing,LAL,OKC,rotowire_current_board,True,True,True,True
2026-05-09T15:10:32.201011+00:00,2026-05-09,Fanatics,fanatics,2977862,4771,Jaxson_Hayes,Jaxson Hayes,PTS,4.5,-140.0,105.0,0.5445920303605313,0.4554079696394686,4.5,4.5,4.5,-140.0,105.0,provisional_current_snapshot_not_closing,LAL,OKC,rotowire_current_board,True,True,True,True
2026-05-09T15:10:32.201011+00:00,2026-05-09,FanDuel,fanduel,2977862,4771,Jaxson_Hayes,Jaxson Hayes,PTS,4.5,-122.0,-104.0,0.5187593796898449,0.48124062031015497,4.5,4.5,4.5,-122.0,-104.0,provisional_current_snapshot_not_closing,LAL,OKC,rotowire_current_board,True,True,True,True
2026-05-09T15:10:32.201011+00:00,2026-05-09,Hard Rock,hardrock,2977862,4771,Jaxson_Hayes,Jaxson Hayes,PTS,4.5,-125.0,-105.0,0.5203045685279188,0.4796954314720812,4.5,4.5,4.5,-125.0,-105.0,provisional_current_snapshot_not_closing,LAL,OKC,rotowire_current_board,True,True,True,True
2026-05-09T15:10:32.201011+00:00,2026-05-09,BetMGM,mgm,2977862,4771,Jaxson_Hayes,Jaxson Hayes,PTS,5.5,-110.0,-120.0,0.48987854251012153,0.5101214574898786,5.5,5.5,5.5,-110.0,-120.0,provisional_current_snapshot_not_closing,LAL,OKC,rotowire_current_board,True,True,True,True
2026-05-09T15:10:32.201011+00:00,2026-05-09,theScore,thescore,2977862,4771,Jaxson_Hayes,Jaxson Hayes,PTS,4.5,-125.0,-105.0,0.5203045685279188,0.4796954314720812,4.5,4.5,4.5,-125.0,-105.0,provisional_current_snapshot_not_closing,LAL,OKC,rotowire_current_board,True,True,True,True
2026-05-09T15:10:32.201011+00:00,2026-05-09,BetRivers,betrivers,2977854,4893,Dean_Wade,Dean Wade,PTS,4.5,-124.0,-110.0,0.5138121546961325,0.4861878453038673,4.5,4.5,4.5,-124.0,-110.0,provisional_current_snapshot_not_closing,CLE,DET,rotowire_current_board,True,True,True,True
2026-05-09T15:10:32.201011+00:00,2026-05-09,Caesars,caesars,2977854,4893,Dean_Wade,Dean Wade,PTS,4.5,-136.0,102.0,0.5379072681704261,0.46209273182957394,4.5,4.5,4.5,-136.0,102.0,provisional_current_snapshot_not_closing,CLE,DET,rotowire_current_board,True,True,True,True
2026-05-09T15:10:32.201011+00:00,2026-05-09,DraftKings,draftkings,2977854,4893,Dean_Wade,Dean Wade,PTS,4.5,-123.0,-104.0,0.519675254742772,0.480324745257228,4.5,4.5,4.5,-123.0,-104.0,provisional_current_snapshot_not_closing,CLE,DET,rotowire_current_board,True,True,True,True
2026-05-09T15:10:32.201011+00:00,2026-05-09,Fanatics,fanatics,2977854,4893,Dean_Wade,Dean Wade,PTS,4.5,-140.0,105.0,0.5445920303605313,0.4554079696394686,4.5,4.5,4.5,-140.0,105.0,provisional_current_snapshot_not_closing,CLE,DET,rotowire_current_board,True,True,True,True
2026-05-09T15:10:32.201011+00:00,2026-05-09,FanDuel,fanduel,2977854,4893,Dean_Wade,Dean Wade,PTS,4.5,-128.0,100.0,0.5289256198347108,0.4710743801652893,4.5,4.5,4.5,-128.0,100.0,provisional_current_snapshot_not_closing,CLE,DET,rotowire_current_board,True,True,True,True
2026-05-09T15:10:32.201011+00:00,2026-05-09,Hard Rock,hardrock,2977854,4893,Dean_Wade,Dean Wade,PTS,5.5,100.0,-130.0,0.4693877551020409,0.5306122448979592,5.5,5.5,5.5,100.0,-130.0,provisional_current_snapshot_not_closing,CLE,DET,rotowire_current_board,True,True,True,True
2026-05-09T15:10:32.201011+00:00,2026-05-09,BetMGM,mgm,2977854,4893,Dean_Wade,Dean Wade,PTS,4.5,-135.0,100.0,0.5346534653465347,0.4653465346534653,4.5,4.5,4.5,-135.0,100.0,provisional_current_snapshot_not_closing,CLE,DET,rotowire_current_board,True,True,True,True
2026-05-09T15:10:32.201011+00:00,2026-05-09,theScore,thescore,2977854,4893,Dean_Wade,Dean Wade,PTS,4.5,-125.0,-105.0,0.5203045685279188,0.4796954314720812,4.5,4.5,4.5,-125.0,-105.0,provisional_current_snapshot_not_closing,CLE,DET,rotowire_current_board,True,True,True,True
2026-05-09T15:10:32.201011+00:00,2026-05-09,Fanatics,fanatics,2977862,5291,Isaiah_Joe,Isaiah Joe,PTS,3.5,-115.0,-115.0,0.5,0.5,3.5,3.5,3.5,-115.0,-115.0,provisional_current_snapshot_not_closing,OKC,@LAL,rotowire_current_board,True,True,True,True
2026-05-09T15:10:32.201011+00:00,2026-05-09,Hard Rock,hardrock,2977862,5291,Isaiah_Joe,Isaiah Joe,PTS,3.5,-125.0,-105.0,0.5203045685279188,0.4796954314720812,3.5,3.5,3.5,-125.0,-105.0,provisional_current_snapshot_not_closing,OKC,@LAL,rotowire_current_board,True,True,True,True
2026-05-09T15:10:32.201011+00:00,2026-05-09,Caesars,caesars,2977862,5694,Jake_LaRavia,Jake LaRavia,PTS,3.5,-107.0,-127.0,0.4802285578710111,0.519771442128989,3.5,3.5,3.5,-107.0,-127.0,provisional_current_snapshot_not_closing,LAL,OKC,rotowire_current_board,True,True,True,True
2026-05-09T15:10:32.201011+00:00,2026-05-09,DraftKings,draftkings,2977862,5694,Jake_LaRavia,Jake LaRavia,PTS,3.5,-107.0,-119.0,0.487517163899638,0.512482836100362,3.5,3.5,3.5,-107.0,-119.0,provisional_current_snapshot_not_closing,LAL,OKC,rotowire_current_board,True,True,True,True
2026-05-09T15:10:32.201011+00:00,2026-05-09,Fanatics,fanatics,2977862,5694,Jake_LaRavia,Jake LaRavia,PTS,3.5,100.0,-130.0,0.4693877551020409,0.5306122448979592,3.5,3.5,3.5,100.0,-130.0,provisional_current_snapshot_not_closing,LAL,OKC,rotowire_current_board,True,True,True,True
2026-05-09T15:10:32.201011+00:00,2026-05-09,FanDuel,fanduel,2977862,5694,Jake_LaRavia,Jake LaRavia,PTS,3.5,-106.0,-125.0,0.4808467741935484,0.5191532258064516,3.5,3.5,3.5,-106.0,-125.0,provisional_current_snapshot_not_closing,LAL,OKC,rotowire_current_board,True,True,True,True
2026-05-09T15:10:32.201011+00:00,2026-05-09,Hard Rock,hardrock,2977862,5694,Jake_LaRavia,Jake LaRavia,PTS,3.5,-110.0,-120.0,0.48987854251012153,0.5101214574898786,3.5,3.5,3.5,-110.0,-120.0,provisional_current_snapshot_not_closing,LAL,OKC,rotowire_current_board,True,True,True,True
2026-05-09T15:10:32.201011+00:00,2026-05-09,BetMGM,mgm,2977862,5694,Jake_LaRavia,Jake LaRavia,PTS,3.5,-120.0,-110.0,0.5101214574898786,0.48987854251012153,3.5,3.5,3.5,-120.0,-110.0,provisional_current_snapshot_not_closing,LAL,OKC,rotowire_current_board,True,True,True,True
2026-05-09T15:10:32.201011+00:00,2026-05-09,theScore,thescore,2977862,5694,Jake_LaRavia,Jake LaRavia,PTS,3.5,-110.0,-120.0,0.48987854251012153,0.5101214574898786,3.5,3.5,3.5,-110.0,-120.0,provisional_current_snapshot_not_closing,LAL,OKC,rotowire_current_board,True,True,True,True
2026-05-09T15:10:32.201011+00:00,2026-05-09,Caesars,caesars,2977854,5137,Isaiah_Stewart,Isaiah Stewart,PTS,3.5,-109.0,-122.0,0.4869204764971024,0.5130795235028978,3.5,3.5,3.5,-109.0,-122.0,provisional_current_snapshot_not_closing,DET,@CLE,rotowire_current_board,True,True,True,True
2026-05-09T15:10:32.201011+00:00,2026-05-09,DraftKings,draftkings,2977854,5137,Isaiah_Stewart,Isaiah Stewart,PTS,3.5,-112.0,-113.0,0.4989542374299339,0.5010457625700661,3.5,3.5,3.5,-112.0,-113.0,provisional_current_snapshot_not_closing,DET,@CLE,rotowire_current_board,True,True,True,True
2026-05-09T15:10:32.201011+00:00,2026-05-09,Fanatics,fanatics,2977854,5137,Isaiah_Stewart,Isaiah Stewart,PTS,3.5,-105.0,-125.0,0.4796954314720812,0.5203045685279188,3.5,3.5,3.5,-105.0,-125.0,provisional_current_snapshot_not_closing,DET,@CLE,rotowire_current_board,True,True,True,True
2026-05-09T15:10:32.201011+00:00,2026-05-09,FanDuel,fanduel,2977854,5137,Isaiah_Stewart,Isaiah Stewart,PTS,3.5,-108.0,-122.0,0.48581617766250607,0.5141838223374939,3.5,3.5,3.5,-108.0,-122.0,provisional_current_snapshot_not_closing,DET,@CLE,rotowire_current_board,True,True,True,True
2026-05-09T15:10:32.201011+00:00,2026-05-09,Hard Rock,hardrock,2977854,5137,Isaiah_Stewart,Isaiah Stewart,PTS,3.5,-110.0,-120.0,0.48987854251012153,0.5101214574898786,3.5,3.5,3.5,-110.0,-120.0,provisional_current_snapshot_not_closing,DET,@CLE,rotowire_current_board,True,True,True,True
2026-05-09T15:10:32.201011+00:00,2026-05-09,BetMGM,mgm,2977854,5137,Isaiah_Stewart,Isaiah Stewart,PTS,3.5,-110.0,-120.0,0.48987854251012153,0.5101214574898786,3.5,3.5,3.5,-110.0,-120.0,provisional_current_snapshot_not_closing,DET,@CLE,rotowire_current_board,True,True,True,True
2026-05-09T15:10:32.201011+00:00,2026-05-09,theScore,thescore,2977854,5137,Isaiah_Stewart,Isaiah Stewart,PTS,3.5,-110.0,-120.0,0.48987854251012153,0.5101214574898786,3.5,3.5,3.5,-110.0,-120.0,provisional_current_snapshot_not_closing,DET,@CLE,rotowire_current_board,True,True,True,True
2026-05-09T15:10:32.201011+00:00,2026-05-09,Caesars,caesars,2977862,5690,Jaylin_Williams,Jaylin Williams,PTS,3.5,-124.0,-107.0,0.5171246675799823,0.48287533242001773,3.5,3.5,3.5,-124.0,-107.0,provisional_current_snapshot_not_closing,OKC,@LAL,rotowire_current_board,True,True,True,True
2026-05-09T15:10:32.201011+00:00,2026-05-09,DraftKings,draftkings,2977862,5690,Jaylin_Williams,Jaylin Williams,PTS,3.5,-122.0,-104.0,0.5187593796898449,0.48124062031015497,3.5,3.5,3.5,-122.0,-104.0,provisional_current_snapshot_not_closing,OKC,@LAL,rotowire_current_board,True,True,True,True
2026-05-09T15:10:32.201011+00:00,2026-05-09,Fanatics,fanatics,2977862,5690,Jaylin_Williams,Jaylin Williams,PTS,3.5,-125.0,-105.0,0.5203045685279188,0.4796954314720812,3.5,3.5,3.5,-125.0,-105.0,provisional_current_snapshot_not_closing,OKC,@LAL,rotowire_current_board,True,True,True,True
2026-05-09T15:10:32.201011+00:00,2026-05-09,Hard Rock,hardrock,2977862,5690,Jaylin_Williams,Jaylin Williams,PTS,3.5,-125.0,-105.0,0.5203045685279188,0.4796954314720812,3.5,3.5,3.5,-125.0,-105.0,provisional_current_snapshot_not_closing,OKC,@LAL,rotowire_current_board,True,True,True,True
2026-05-09T15:10:32.201011+00:00,2026-05-09,BetMGM,mgm,2977862,5690,Jaylin_Williams,Jaylin Williams,PTS,3.5,-111.0,-120.0,0.49095295536791317,0.5090470446320868,3.5,3.5,3.5,-111.0,-120.0,provisional_current_snapshot_not_closing,OKC,@LAL,rotowire_current_board,True,True,True,True
2026-05-09T15:10:32.201011+00:00,2026-05-09,BetRivers,betrivers,2977854,5703,Jalen_Duren,Jalen Duren,TRB,11.5,-108.0,-124.0,0.4839948783610755,0.5160051216389244,11.5,11.5,11.5,-108.0,-124.0,provisional_current_snapshot_not_closing,DET,@CLE,rotowire_current_board,True,True,True,True
2026-05-09T15:10:32.201011+00:00,2026-05-09,Caesars,caesars,2977854,5703,Jalen_Duren,Jalen Duren,TRB,10.5,-128.0,-105.0,0.5229174970107613,0.47708250298923877,10.5,10.5,10.5,-128.0,-105.0,provisional_current_snapshot_not_closing,DET,@CLE,rotowire_current_board,True,True,True,True
2026-05-09T15:10:32.201011+00:00,2026-05-09,DraftKings,draftkings,2977854,5703,Jalen_Duren,Jalen Duren,TRB,10.5,-134.0,103.0,0.5375676850717362,0.4624323149282637,10.5,10.5,10.5,-134.0,103.0,provisional_current_snapshot_not_closing,DET,@CLE,rotowire_current_board,True,True,True,True
2026-05-09T15:10:32.201011+00:00,2026-05-09,Fanatics,fanatics,2977854,5703,Jalen_Duren,Jalen Duren,TRB,10.5,-120.0,-110.0,0.5101214574898786,0.48987854251012153,10.5,10.5,10.5,-120.0,-110.0,provisional_current_snapshot_not_closing,DET,@CLE,rotowire_current_board,True,True,True,True
2026-05-09T15:10:32.201011+00:00,2026-05-09,FanDuel,fanduel,2977854,5703,Jalen_Duren,Jalen Duren,TRB,10.5,-138.0,104.0,0.5418848167539267,0.4581151832460733,10.5,10.5,10.5,-138.0,104.0,provisional_current_snapshot_not_closing,DET,@CLE,rotowire_current_board,True,True,True,True
2026-05-09T15:10:32.201011+00:00,2026-05-09,Hard Rock,hardrock,2977854,5703,Jalen_Duren,Jalen Duren,TRB,10.5,-130.0,100.0,0.5306122448979592,0.4693877551020409,10.5,10.5,10.5,-130.0,100.0,provisional_current_snapshot_not_closing,DET,@CLE,rotowire_current_board,True,True,True,True
2026-05-09T15:10:32.201011+00:00,2026-05-09,BetMGM,mgm,2977854,5703,Jalen_Duren,Jalen Duren,TRB,10.5,-111.0,-120.0,0.49095295536791317,0.5090470446320868,10.5,10.5,10.5,-111.0,-120.0,provisional_current_snapshot_not_closing,DET,@CLE,rotowire_current_board,True,True,True,True
2026-05-09T15:10:32.201011+00:00,2026-05-09,theScore,thescore,2977854,5703,Jalen_Duren,Jalen Duren,TRB,10.5,-125.0,-105.0,0.5203045685279188,0.4796954314720812,10.5,10.5,10.5,-125.0,-105.0,provisional_current_snapshot_not_closing,DET,@CLE,rotowire_current_board,True,True,True,True
2026-05-09T15:10:32.201011+00:00,2026-05-09,BetRivers,betrivers,2977862,4372,Deandre_Ayton,Deandre Ayton,TRB,8.5,-127.0,-108.0,0.5186523207413807,0.4813476792586193,8.5,8.5,8.5,-127.0,-108.0,provisional_current_snapshot_not_closing,LAL,OKC,rotowire_current_board,True,True,True,True
2026-05-09T15:10:32.201011+00:00,2026-05-09,Caesars,caesars,2977862,4372,Deandre_Ayton,Deandre Ayton,TRB,8.5,-130.0,100.0,0.5306122448979592,0.4693877551020409,8.5,8.5,8.5,-130.0,100.0,provisional_current_snapshot_not_closing,LAL,OKC,rotowire_current_board,True,True,True,True
2026-05-09T15:10:32.201011+00:00,2026-05-09,DraftKings,draftkings,2977862,4372,Deandre_Ayton,Deandre Ayton,TRB,9.5,109.0,-140.0,0.45061960195268497,0.5493803980473151,9.5,9.5,9.5,109.0,-140.0,provisional_current_snapshot_not_closing,LAL,OKC,rotowire_current_board,True,True,True,True
2026-05-09T15:10:32.201011+00:00,2026-05-09,Fanatics,fanatics,2977862,4372,Deandre_Ayton,Deandre Ayton,TRB,8.5,-130.0,100.0,0.5306122448979592,0.4693877551020409,8.5,8.5,8.5,-130.0,100.0,provisional_current_snapshot_not_closing,LAL,OKC,rotowire_current_board,True,True,True,True
2026-05-09T15:10:32.201011+00:00,2026-05-09,FanDuel,fanduel,2977862,4372,Deandre_Ayton,Deandre Ayton,TRB,8.5,-122.0,-108.0,0.5141838223374939,0.48581617766250607,8.5,8.5,8.5,-122.0,-108.0,provisional_current_snapshot_not_closing,LAL,OKC,rotowire_current_board,True,True,True,True
2026-05-09T15:10:32.201011+00:00,2026-05-09,Hard Rock,hardrock,2977862,4372,Deandre_Ayton,Deandre Ayton,TRB,8.5,-140.0,110.0,0.550561797752809,0.449438202247191,8.5,8.5,8.5,-140.0,110.0,provisional_current_snapshot_not_closing,LAL,OKC,rotowire_current_board,True,True,True,True
2026-05-09T15:10:32.201011+00:00,2026-05-09,BetMGM,mgm,2977862,4372,Deandre_Ayton,Deandre Ayton,TRB,8.5,-150.0,110.0,0.5575221238938053,0.4424778761061947,8.5,8.5,8.5,-150.0,110.0,provisional_current_snapshot_not_closing,LAL,OKC,rotowire_current_board,True,True,True,True
2026-05-09T15:10:32.201011+00:00,2026-05-09,theScore,thescore,2977862,4372,Deandre_Ayton,Deandre Ayton,TRB,8.5,-120.0,-110.0,0.5101214574898786,0.48987854251012153,8.5,8.5,8.5,-120.0,-110.0,provisional_current_snapshot_not_closing,LAL,OKC,rotowire_current_board,True,True,True,True
2026-05-09T15:10:32.201011+00:00,2026-05-09,BetRivers,betrivers,2977862,4147,Isaiah_Hartenstein,Isaiah Hartenstein,TRB,8.5,-132.0,-104.0,0.5274208712002507,0.4725791287997492,8.5,8.5,8.5,-132.0,-104.0,provisional_current_snapshot_not_closing,OKC,@LAL,rotowire_current_board,True,True,True,True
2026-05-09T15:10:32.201011+00:00,2026-05-09,Caesars,caesars,2977862,4147,Isaiah_Hartenstein,Isaiah Hartenstein,TRB,8.5,-129.0,-105.0,0.523767082590612,0.47623291740938806,8.5,8.5,8.5,-129.0,-105.0,provisional_current_snapshot_not_closing,OKC,@LAL,rotowire_current_board,True,True,True,True
2026-05-09T15:10:32.201011+00:00,2026-05-09,DraftKings,draftkings,2977862,4147,Isaiah_Hartenstein,Isaiah Hartenstein,TRB,8.5,-121.0,-108.0,0.513255567338282,0.48674443266171785,8.5,8.5,8.5,-121.0,-108.0,provisional_current_snapshot_not_closing,OKC,@LAL,rotowire_current_board,True,True,True,True
2026-05-09T15:10:32.201011+00:00,2026-05-09,Fanatics,fanatics,2977862,4147,Isaiah_Hartenstein,Isaiah Hartenstein,TRB,8.5,-115.0,-115.0,0.5,0.5,8.5,8.5,8.5,-115.0,-115.0,provisional_current_snapshot_not_closing,OKC,@LAL,rotowire_current_board,True,True,True,True
2026-05-09T15:10:32.201011+00:00,2026-05-09,FanDuel,fanduel,2977862,4147,Isaiah_Hartenstein,Isaiah Hartenstein,TRB,8.5,-130.0,-102.0,0.5281576830249397,0.4718423169750604,8.5,8.5,8.5,-130.0,-102.0,provisional_current_snapshot_not_closing,OKC,@LAL,rotowire_current_board,True,True,True,True
2026-05-09T15:10:32.201011+00:00,2026-05-09,Hard Rock,hardrock,2977862,4147,Isaiah_Hartenstein,Isaiah Hartenstein,TRB,8.5,-125.0,-105.0,0.5203045685279188,0.4796954314720812,8.5,8.5,8.5,-125.0,-105.0,provisional_current_snapshot_not_closing,OKC,@LAL,rotowire_current_board,True,True,True,True
2026-05-09T15:10:32.201011+00:00,2026-05-09,BetMGM,mgm,2977862,4147,Isaiah_Hartenstein,Isaiah Hartenstein,TRB,8.5,-135.0,100.0,0.5346534653465347,0.4653465346534653,8.5,8.5,8.5,-135.0,100.0,provisional_current_snapshot_not_closing,OKC,@LAL,rotowire_current_board,True,True,True,True
2026-05-09T15:10:32.201011+00:00,2026-05-09,theScore,thescore,2977862,4147,Isaiah_Hartenstein,Isaiah Hartenstein,TRB,8.5,-125.0,-105.0,0.5203045685279188,0.4796954314720812,8.5,8.5,8.5,-125.0,-105.0,provisional_current_snapshot_not_closing,OKC,@LAL,rotowire_current_board,True,True,True,True
2026-05-09T15:10:32.201011+00:00,2026-05-09,BetRivers,betrivers,2977862,5697,Chet_Holmgren,Chet Holmgren,TRB,8.5,-127.0,-108.0,0.5186523207413807,0.4813476792586193,8.5,8.5,8.5,-127.0,-108.0,provisional_current_snapshot_not_closing,OKC,@LAL,rotowire_current_board,True,True,True,True
2026-05-09T15:10:32.201011+00:00,2026-05-09,Caesars,caesars,2977862,5697,Chet_Holmgren,Chet Holmgren,TRB,8.5,-117.0,-114.0,0.5030135004821601,0.4969864995178399,8.5,8.5,8.5,-117.0,-114.0,provisional_current_snapshot_not_closing,OKC,@LAL,rotowire_current_board,True,True,True,True
2026-05-09T15:10:32.201011+00:00,2026-05-09,DraftKings,draftkings,2977862,5697,Chet_Holmgren,Chet Holmgren,TRB,8.5,-125.0,-105.0,0.5203045685279188,0.4796954314720812,8.5,8.5,8.5,-125.0,-105.0,provisional_current_snapshot_not_closing,OKC,@LAL,rotowire_current_board,True,True,True,True
2026-05-09T15:10:32.201011+00:00,2026-05-09,Fanatics,fanatics,2977862,5697,Chet_Holmgren,Chet Holmgren,TRB,8.5,-115.0,-115.0,0.5,0.5,8.5,8.5,8.5,-115.0,-115.0,provisional_current_snapshot_not_closing,OKC,@LAL,rotowire_current_board,True,True,True,True
2026-05-09T15:10:32.201011+00:00,2026-05-09,FanDuel,fanduel,2977862,5697,Chet_Holmgren,Chet Holmgren,TRB,8.5,-114.0,-114.0,0.5,0.5,8.5,8.5,8.5,-114.0,-114.0,provisional_current_snapshot_not_closing,OKC,@LAL,rotowire_current_board,True,True,True,True
2026-05-09T15:10:32.201011+00:00,2026-05-09,Hard Rock,hardrock,2977862,5697,Chet_Holmgren,Chet Holmgren,TRB,8.5,-120.0,-110.0,0.5101214574898786,0.48987854251012153,8.5,8.5,8.5,-120.0,-110.0,provisional_current_snapshot_not_closing,OKC,@LAL,rotowire_current_board,True,True,True,True
2026-05-09T15:10:32.201011+00:00,2026-05-09,BetMGM,mgm,2977862,5697,Chet_Holmgren,Chet Holmgren,TRB,8.5,-125.0,-105.0,0.5203045685279188,0.4796954314720812,8.5,8.5,8.5,-125.0,-105.0,provisional_current_snapshot_not_closing,OKC,@LAL,rotowire_current_board,True,True,True,True
2026-05-09T15:10:32.201011+00:00,2026-05-09,theScore,thescore,2977862,5697,Chet_Holmgren,Chet Holmgren,TRB,8.5,-115.0,-115.0,0.5,0.5,8.5,8.5,8.5,-115.0,-115.0,provisional_current_snapshot_not_closing,OKC,@LAL,rotowire_current_board,True,True,True,True
2026-05-09T15:10:32.201011+00:00,2026-05-09,BetRivers,betrivers,2977854,5355,Evan_Mobley,Evan Mobley,TRB,8.5,-107.0,-127.0,0.4802285578710111,0.519771442128989,8.5,8.5,8.5,-107.0,-127.0,provisional_current_snapshot_not_closing,CLE,DET,rotowire_current_board,True,True,True,True
2026-05-09T15:10:32.201011+00:00,2026-05-09,Caesars,caesars,2977854,5355,Evan_Mobley,Evan Mobley,TRB,8.5,-105.0,-127.0,0.47794265089231996,0.5220573491076799,8.5,8.5,8.5,-105.0,-127.0,provisional_current_snapshot_not_closing,CLE,DET,rotowire_current_board,True,True,True,True
2026-05-09T15:10:32.201011+00:00,2026-05-09,DraftKings,draftkings,2977854,5355,Evan_Mobley,Evan Mobley,TRB,8.5,-102.0,-128.0,0.4735298908617039,0.5264701091382962,8.5,8.5,8.5,-102.0,-128.0,provisional_current_snapshot_not_closing,CLE,DET,rotowire_current_board,True,True,True,True
2026-05-09T15:10:32.201011+00:00,2026-05-09,Fanatics,fanatics,2977854,5355,Evan_Mobley,Evan Mobley,TRB,8.5,100.0,-130.0,0.4693877551020409,0.5306122448979592,8.5,8.5,8.5,100.0,-130.0,provisional_current_snapshot_not_closing,CLE,DET,rotowire_current_board,True,True,True,True
2026-05-09T15:10:32.201011+00:00,2026-05-09,FanDuel,fanduel,2977854,5355,Evan_Mobley,Evan Mobley,TRB,8.5,-104.0,-128.0,0.47591522157996147,0.5240847784200385,8.5,8.5,8.5,-104.0,-128.0,provisional_current_snapshot_not_closing,CLE,DET,rotowire_current_board,True,True,True,True
2026-05-09T15:10:32.201011+00:00,2026-05-09,Hard Rock,hardrock,2977854,5355,Evan_Mobley,Evan Mobley,TRB,8.5,-110.0,-120.0,0.48987854251012153,0.5101214574898786,8.5,8.5,8.5,-110.0,-120.0,provisional_current_snapshot_not_closing,CLE,DET,rotowire_current_board,True,True,True,True
2026-05-09T15:10:32.201011+00:00,2026-05-09,BetMGM,mgm,2977854,5355,Evan_Mobley,Evan Mobley,TRB,8.5,105.0,-140.0,0.4554079696394686,0.5445920303605313,8.5,8.5,8.5,105.0,-140.0,provisional_current_snapshot_not_closing,CLE,DET,rotowire_current_board,True,True,True,True
2026-05-09T15:10:32.201011+00:00,2026-05-09,theScore,thescore,2977854,5355,Evan_Mobley,Evan Mobley,TRB,8.5,-105.0,-125.0,0.4796954314720812,0.5203045685279188,8.5,8.5,8.5,-105.0,-125.0,provisional_current_snapshot_not_closing,CLE,DET,rotowire_current_board,True,True,True,True
2026-05-09T15:10:32.201011+00:00,2026-05-09,BetRivers,betrivers,2977854,4122,Jarrett_Allen,Jarrett Allen,TRB,7.5,-107.0,-125.0,0.481981981981982,0.5180180180180181,7.5,7.5,7.5,-107.0,-125.0,provisional_current_snapshot_not_closing,CLE,DET,rotowire_current_board,True,True,True,True
2026-05-09T15:10:32.201011+00:00,2026-05-09,Caesars,caesars,2977854,4122,Jarrett_Allen,Jarrett Allen,TRB,7.5,-108.0,-121.0,0.48674443266171785,0.513255567338282,7.5,7.5,7.5,-108.0,-121.0,provisional_current_snapshot_not_closing,CLE,DET,rotowire_current_board,True,True,True,True
2026-05-09T15:10:32.201011+00:00,2026-05-09,DraftKings,draftkings,2977854,4122,Jarrett_Allen,Jarrett Allen,TRB,7.5,-108.0,-121.0,0.48674443266171785,0.513255567338282,7.5,7.5,7.5,-108.0,-121.0,provisional_current_snapshot_not_closing,CLE,DET,rotowire_current_board,True,True,True,True
2026-05-09T15:10:32.201011+00:00,2026-05-09,Fanatics,fanatics,2977854,4122,Jarrett_Allen,Jarrett Allen,TRB,7.5,100.0,-130.0,0.4693877551020409,0.5306122448979592,7.5,7.5,7.5,100.0,-130.0,provisional_current_snapshot_not_closing,CLE,DET,rotowire_current_board,True,True,True,True
2026-05-09T15:10:32.201011+00:00,2026-05-09,FanDuel,fanduel,2977854,4122,Jarrett_Allen,Jarrett Allen,TRB,7.5,-106.0,-122.0,0.483560743054414,0.5164392569455861,7.5,7.5,7.5,-106.0,-122.0,provisional_current_snapshot_not_closing,CLE,DET,rotowire_current_board,True,True,True,True
2026-05-09T15:10:32.201011+00:00,2026-05-09,Hard Rock,hardrock,2977854,4122,Jarrett_Allen,Jarrett Allen,TRB,7.5,-105.0,-125.0,0.4796954314720812,0.5203045685279188,7.5,7.5,7.5,-105.0,-125.0,provisional_current_snapshot_not_closing,CLE,DET,rotowire_current_board,True,True,True,True
2026-05-09T15:10:32.201011+00:00,2026-05-09,BetMGM,mgm,2977854,4122,Jarrett_Allen,Jarrett Allen,TRB,7.5,-110.0,-120.0,0.48987854251012153,0.5101214574898786,7.5,7.5,7.5,-110.0,-120.0,provisional_current_snapshot_not_closing,CLE,DET,rotowire_current_board,True,True,True,True
2026-05-09T15:10:32.201011+00:00,2026-05-09,theScore,thescore,2977854,4122,Jarrett_Allen,Jarrett Allen,TRB,7.5,-110.0,-120.0,0.48987854251012153,0.5101214574898786,7.5,7.5,7.5,-110.0,-120.0,provisional_current_snapshot_not_closing,CLE,DET,rotowire_current_board,True,True,True,True
2026-05-09T15:10:32.201011+00:00,2026-05-09,BetRivers,betrivers,2977854,3211,Tobias_Harris,Tobias Harris,TRB,6.5,118.0,-159.0,0.42766090948119284,0.5723390905188072,6.5,6.5,6.5,118.0,-159.0,provisional_current_snapshot_not_closing,DET,@CLE,rotowire_current_board,True,True,True,True
2026-05-09T15:10:32.201011+00:00,2026-05-09,Caesars,caesars,2977854,3211,Tobias_Harris,Tobias Harris,TRB,6.5,106.0,-141.0,0.4534678056674068,0.5465321943325933,6.5,6.5,6.5,106.0,-141.0,provisional_current_snapshot_not_closing,DET,@CLE,rotowire_current_board,True,True,True,True
2026-05-09T15:10:32.201011+00:00,2026-05-09,DraftKings,draftkings,2977854,3211,Tobias_Harris,Tobias Harris,TRB,5.5,-149.0,113.0,0.5603580698130197,0.4396419301869802,5.5,5.5,5.5,-149.0,113.0,provisional_current_snapshot_not_closing,DET,@CLE,rotowire_current_board,True,True,True,True
2026-05-09T15:10:32.201011+00:00,2026-05-09,Fanatics,fanatics,2977854,3211,Tobias_Harris,Tobias Harris,TRB,6.5,115.0,-150.0,0.43668122270742354,0.5633187772925764,6.5,6.5,6.5,115.0,-150.0,provisional_current_snapshot_not_closing,DET,@CLE,rotowire_current_board,True,True,True,True
2026-05-09T15:10:32.201011+00:00,2026-05-09,FanDuel,fanduel,2977854,3211,Tobias_Harris,Tobias Harris,TRB,6.5,104.0,-136.0,0.45964474914303516,0.5403552508569648,6.5,6.5,6.5,104.0,-136.0,provisional_current_snapshot_not_closing,DET,@CLE,rotowire_current_board,True,True,True,True
2026-05-09T15:10:32.201011+00:00,2026-05-09,Hard Rock,hardrock,2977854,3211,Tobias_Harris,Tobias Harris,TRB,6.5,105.0,-135.0,0.4592085979482169,0.5407914020517831,6.5,6.5,6.5,105.0,-135.0,provisional_current_snapshot_not_closing,DET,@CLE,rotowire_current_board,True,True,True,True
2026-05-09T15:10:32.201011+00:00,2026-05-09,BetMGM,mgm,2977854,3211,Tobias_Harris,Tobias Harris,TRB,6.5,105.0,-140.0,0.4554079696394686,0.5445920303605313,6.5,6.5,6.5,105.0,-140.0,provisional_current_snapshot_not_closing,DET,@CLE,rotowire_current_board,True,True,True,True
2026-05-09T15:10:32.201011+00:00,2026-05-09,theScore,thescore,2977854,3211,Tobias_Harris,Tobias Harris,TRB,6.5,110.0,-145.0,0.4458598726114649,0.554140127388535,6.5,6.5,6.5,110.0,-145.0,provisional_current_snapshot_not_closing,DET,@CLE,rotowire_current_board,True,True,True,True
2026-05-09T15:10:32.201011+00:00,2026-05-09,BetRivers,betrivers,2977862,2344,LeBron_James,LeBron James,TRB,6.5,-104.0,-132.0,0.4725791287997492,0.5274208712002507,6.5,6.5,6.5,-104.0,-132.0,provisional_current_snapshot_not_closing,LAL,OKC,rotowire_current_board,True,True,True,True
2026-05-09T15:10:32.201011+00:00,2026-05-09,Caesars,caesars,2977862,2344,LeBron_James,LeBron James,TRB,6.5,-107.0,-125.0,0.481981981981982,0.5180180180180181,6.5,6.5,6.5,-107.0,-125.0,provisional_current_snapshot_not_closing,LAL,OKC,rotowire_current_board,True,True,True,True
2026-05-09T15:10:32.201011+00:00,2026-05-09,DraftKings,draftkings,2977862,2344,LeBron_James,LeBron James,TRB,6.5,-106.0,-125.0,0.4808467741935484,0.5191532258064516,6.5,6.5,6.5,-106.0,-125.0,provisional_current_snapshot_not_closing,LAL,OKC,rotowire_current_board,True,True,True,True
2026-05-09T15:10:32.201011+00:00,2026-05-09,Fanatics,fanatics,2977862,2344,LeBron_James,LeBron James,TRB,6.5,100.0,-130.0,0.4693877551020409,0.5306122448979592,6.5,6.5,6.5,100.0,-130.0,provisional_current_snapshot_not_closing,LAL,OKC,rotowire_current_board,True,True,True,True
2026-05-09T15:10:32.201011+00:00,2026-05-09,FanDuel,fanduel,2977862,2344,LeBron_James,LeBron James,TRB,6.5,-106.0,-125.0,0.4808467741935484,0.5191532258064516,6.5,6.5,6.5,-106.0,-125.0,provisional_current_snapshot_not_closing,LAL,OKC,rotowire_current_board,True,True,True,True
2026-05-09T15:10:32.201011+00:00,2026-05-09,Hard Rock,hardrock,2977862,2344,LeBron_James,LeBron James,TRB,6.5,-110.0,-120.0,0.48987854251012153,0.5101214574898786,6.5,6.5,6.5,-110.0,-120.0,provisional_current_snapshot_not_closing,LAL,OKC,rotowire_current_board,True,True,True,True
2026-05-09T15:10:32.201011+00:00,2026-05-09,BetMGM,mgm,2977862,2344,LeBron_James,LeBron James,TRB,6.5,-111.0,-118.0,0.4928711096627016,0.5071288903372982,6.5,6.5,6.5,-111.0,-118.0,provisional_current_snapshot_not_closing,LAL,OKC,rotowire_current_board,True,True,True,True
2026-05-09T15:10:32.201011+00:00,2026-05-09,theScore,thescore,2977862,2344,LeBron_James,LeBron James,TRB,6.5,-105.0,-125.0,0.4796954314720812,0.5203045685279188,6.5,6.5,6.5,-105.0,-125.0,provisional_current_snapshot_not_closing,LAL,OKC,rotowire_current_board,True,True,True,True
2026-05-09T15:10:32.201011+00:00,2026-05-09,BetRivers,betrivers,2977854,5932,Ausar_Thompson,Ausar Thompson,TRB,6.5,-121.0,-113.0,0.5078823946715012,0.49211760532849874,6.5,6.5,6.5,-121.0,-113.0,provisional_current_snapshot_not_closing,DET,@CLE,rotowire_current_board,True,True,True,True
2026-05-09T15:10:32.201011+00:00,2026-05-09,Caesars,caesars,2977854,5932,Ausar_Thompson,Ausar Thompson,TRB,6.5,-137.0,104.0,0.5411245353159851,0.4588754646840148,6.5,6.5,6.5,-137.0,104.0,provisional_current_snapshot_not_closing,DET,@CLE,rotowire_current_board,True,True,True,True
2026-05-09T15:10:32.201011+00:00,2026-05-09,DraftKings,draftkings,2977854,5932,Ausar_Thompson,Ausar Thompson,TRB,6.5,-143.0,109.0,0.5515529555059332,0.44844704449406686,6.5,6.5,6.5,-143.0,109.0,provisional_current_snapshot_not_closing,DET,@CLE,rotowire_current_board,True,True,True,True
2026-05-09T15:10:32.201011+00:00,2026-05-09,Fanatics,fanatics,2977854,5932,Ausar_Thompson,Ausar Thompson,TRB,6.5,-125.0,-105.0,0.5203045685279188,0.4796954314720812,6.5,6.5,6.5,-125.0,-105.0,provisional_current_snapshot_not_closing,DET,@CLE,rotowire_current_board,True,True,True,True
2026-05-09T15:10:32.201011+00:00,2026-05-09,FanDuel,fanduel,2977854,5932,Ausar_Thompson,Ausar Thompson,TRB,6.5,-128.0,-104.0,0.5240847784200385,0.47591522157996147,6.5,6.5,6.5,-128.0,-104.0,provisional_current_snapshot_not_closing,DET,@CLE,rotowire_current_board,True,True,True,True
2026-05-09T15:10:32.201011+00:00,2026-05-09,Hard Rock,hardrock,2977854,5932,Ausar_Thompson,Ausar Thompson,TRB,6.5,-135.0,105.0,0.5407914020517831,0.4592085979482169,6.5,6.5,6.5,-135.0,105.0,provisional_current_snapshot_not_closing,DET,@CLE,rotowire_current_board,True,True,True,True
2026-05-09T15:10:32.201011+00:00,2026-05-09,BetMGM,mgm,2977854,5932,Ausar_Thompson,Ausar Thompson,TRB,6.5,-140.0,105.0,0.5445920303605313,0.4554079696394686,6.5,6.5,6.5,-140.0,105.0,provisional_current_snapshot_not_closing,DET,@CLE,rotowire_current_board,True,True,True,True
2026-05-09T15:10:32.201011+00:00,2026-05-09,theScore,thescore,2977854,5932,Ausar_Thompson,Ausar Thompson,TRB,6.5,-125.0,-105.0,0.5203045685279188,0.4796954314720812,6.5,6.5,6.5,-125.0,-105.0,provisional_current_snapshot_not_closing,DET,@CLE,rotowire_current_board,True,True,True,True
2026-05-09T15:10:32.201011+00:00,2026-05-09,BetRivers,betrivers,2977854,5336,Cade_Cunningham,Cade Cunningham,TRB,5.5,112.0,-150.0,0.44014084507042256,0.5598591549295775,5.5,5.5,5.5,112.0,-150.0,provisional_current_snapshot_not_closing,DET,@CLE,rotowire_current_board,True,True,True,True
2026-05-09T15:10:32.201011+00:00,2026-05-09,Caesars,caesars,2977854,5336,Cade_Cunningham,Cade Cunningham,TRB,5.5,111.0,-148.0,0.4426358249446706,0.5573641750553295,5.5,5.5,5.5,111.0,-148.0,provisional_current_snapshot_not_closing,DET,@CLE,rotowire_current_board,True,True,True,True
2026-05-09T15:10:32.201011+00:00,2026-05-09,DraftKings,draftkings,2977854,5336,Cade_Cunningham,Cade Cunningham,TRB,5.5,113.0,-149.0,0.4396419301869802,0.5603580698130197,5.5,5.5,5.5,113.0,-149.0,provisional_current_snapshot_not_closing,DET,@CLE,rotowire_current_board,True,True,True,True
2026-05-09T15:10:32.201011+00:00,2026-05-09,Fanatics,fanatics,2977854,5336,Cade_Cunningham,Cade Cunningham,TRB,5.5,120.0,-165.0,0.42197452229299365,0.5780254777070064,5.5,5.5,5.5,120.0,-165.0,provisional_current_snapshot_not_closing,DET,@CLE,rotowire_current_board,True,True,True,True
2026-05-09T15:10:32.201011+00:00,2026-05-09,FanDuel,fanduel,2977854,5336,Cade_Cunningham,Cade Cunningham,TRB,5.5,116.0,-152.0,0.4342431761786601,0.56575682382134,5.5,5.5,5.5,116.0,-152.0,provisional_current_snapshot_not_closing,DET,@CLE,rotowire_current_board,True,True,True,True
2026-05-09T15:10:32.201011+00:00,2026-05-09,Hard Rock,hardrock,2977854,5336,Cade_Cunningham,Cade Cunningham,TRB,5.5,110.0,-145.0,0.4458598726114649,0.554140127388535,5.5,5.5,5.5,110.0,-145.0,provisional_current_snapshot_not_closing,DET,@CLE,rotowire_current_board,True,True,True,True
2026-05-09T15:10:32.201011+00:00,2026-05-09,BetMGM,mgm,2977854,5336,Cade_Cunningham,Cade Cunningham,TRB,5.5,105.0,-145.0,0.45182111572153066,0.5481788842784694,5.5,5.5,5.5,105.0,-145.0,provisional_current_snapshot_not_closing,DET,@CLE,rotowire_current_board,True,True,True,True
2026-05-09T15:10:32.201011+00:00,2026-05-09,theScore,thescore,2977854,5336,Cade_Cunningham,Cade Cunningham,TRB,5.5,115.0,-150.0,0.43668122270742354,0.5633187772925764,5.5,5.5,5.5,115.0,-150.0,provisional_current_snapshot_not_closing,DET,@CLE,rotowire_current_board,True,True,True,True
2026-05-09T15:10:32.201011+00:00,2026-05-09,BetRivers,betrivers,2977854,3018,James_Harden,James Harden,TRB,4.5,-155.0,114.0,0.5653656042270325,0.4346343957729675,4.5,4.5,4.5,-155.0,114.0,provisional_current_snapshot_not_closing,CLE,DET,rotowire_current_board,True,True,True,True
2026-05-09T15:10:32.201011+00:00,2026-05-09,Caesars,caesars,2977854,3018,James_Harden,James Harden,TRB,5.5,113.0,-140.0,0.4459308807134894,0.5540691192865106,5.5,5.5,5.5,113.0,-140.0,provisional_current_snapshot_not_closing,CLE,DET,rotowire_current_board,True,True,True,True
2026-05-09T15:10:32.201011+00:00,2026-05-09,DraftKings,draftkings,2977854,3018,James_Harden,James Harden,TRB,5.5,113.0,-150.0,0.4389815627743635,0.5610184372256365,5.5,5.5,5.5,113.0,-150.0,provisional_current_snapshot_not_closing,CLE,DET,rotowire_current_board,True,True,True,True
2026-05-09T15:10:32.201011+00:00,2026-05-09,Fanatics,fanatics,2977854,3018,James_Harden,James Harden,TRB,4.5,-165.0,120.0,0.5780254777070064,0.42197452229299365,4.5,4.5,4.5,-165.0,120.0,provisional_current_snapshot_not_closing,CLE,DET,rotowire_current_board,True,True,True,True
2026-05-09T15:10:32.201011+00:00,2026-05-09,FanDuel,fanduel,2977854,3018,James_Harden,James Harden,TRB,5.5,116.0,-152.0,0.4342431761786601,0.56575682382134,5.5,5.5,5.5,116.0,-152.0,provisional_current_snapshot_not_closing,CLE,DET,rotowire_current_board,True,True,True,True
2026-05-09T15:10:32.201011+00:00,2026-05-09,Hard Rock,hardrock,2977854,3018,James_Harden,James Harden,TRB,5.5,115.0,-150.0,0.43668122270742354,0.5633187772925764,5.5,5.5,5.5,115.0,-150.0,provisional_current_snapshot_not_closing,CLE,DET,rotowire_current_board,True,True,True,True
2026-05-09T15:10:32.201011+00:00,2026-05-09,BetMGM,mgm,2977854,3018,James_Harden,James Harden,TRB,4.5,-150.0,110.0,0.5575221238938053,0.4424778761061947,4.5,4.5,4.5,-150.0,110.0,provisional_current_snapshot_not_closing,CLE,DET,rotowire_current_board,True,True,True,True
2026-05-09T15:10:32.201011+00:00,2026-05-09,theScore,thescore,2977854,3018,James_Harden,James Harden,TRB,5.5,115.0,-150.0,0.43668122270742354,0.5633187772925764,5.5,5.5,5.5,115.0,-150.0,provisional_current_snapshot_not_closing,CLE,DET,rotowire_current_board,True,True,True,True
2026-05-09T15:10:32.201011+00:00,2026-05-09,BetRivers,betrivers,2977854,4166,Donovan_Mitchell,Donovan Mitchell,TRB,3.5,-175.0,125.0,0.5887850467289719,0.41121495327102797,3.5,3.5,3.5,-175.0,125.0,provisional_current_snapshot_not_closing,CLE,DET,rotowire_current_board,True,True,True,True
2026-05-09T15:10:32.201011+00:00,2026-05-09,Caesars,caesars,2977854,4166,Donovan_Mitchell,Donovan Mitchell,TRB,3.5,-152.0,113.0,0.5623176323468112,0.43768236765318885,3.5,3.5,3.5,-152.0,113.0,provisional_current_snapshot_not_closing,CLE,DET,rotowire_current_board,True,True,True,True
2026-05-09T15:10:32.201011+00:00,2026-05-09,DraftKings,draftkings,2977854,4166,Donovan_Mitchell,Donovan Mitchell,TRB,3.5,-160.0,121.0,0.576271186440678,0.42372881355932207,3.5,3.5,3.5,-160.0,121.0,provisional_current_snapshot_not_closing,CLE,DET,rotowire_current_board,True,True,True,True
2026-05-09T15:10:32.201011+00:00,2026-05-09,Fanatics,fanatics,2977854,4166,Donovan_Mitchell,Donovan Mitchell,TRB,3.5,-150.0,115.0,0.5633187772925764,0.43668122270742354,3.5,3.5,3.5,-150.0,115.0,provisional_current_snapshot_not_closing,CLE,DET,rotowire_current_board,True,True,True,True
2026-05-09T15:10:32.201011+00:00,2026-05-09,FanDuel,fanduel,2977854,4166,Donovan_Mitchell,Donovan Mitchell,TRB,3.5,-154.0,118.0,0.5692871193108593,0.43071288068914054,3.5,3.5,3.5,-154.0,118.0,provisional_current_snapshot_not_closing,CLE,DET,rotowire_current_board,True,True,True,True
2026-05-09T15:10:32.201011+00:00,2026-05-09,Hard Rock,hardrock,2977854,4166,Donovan_Mitchell,Donovan Mitchell,TRB,4.5,120.0,-160.0,0.4248366013071895,0.5751633986928104,4.5,4.5,4.5,120.0,-160.0,provisional_current_snapshot_not_closing,CLE,DET,rotowire_current_board,True,True,True,True
2026-05-09T15:10:32.201011+00:00,2026-05-09,BetMGM,mgm,2977854,4166,Donovan_Mitchell,Donovan Mitchell,TRB,3.5,-150.0,110.0,0.5575221238938053,0.4424778761061947,3.5,3.5,3.5,-150.0,110.0,provisional_current_snapshot_not_closing,CLE,DET,rotowire_current_board,True,True,True,True
2026-05-09T15:10:32.201011+00:00,2026-05-09,theScore,thescore,2977854,4166,Donovan_Mitchell,Donovan Mitchell,TRB,4.5,125.0,-165.0,0.4165029469548134,0.5834970530451867,4.5,4.5,4.5,125.0,-165.0,provisional_current_snapshot_not_closing,CLE,DET,rotowire_current_board,True,True,True,True
2026-05-09T15:10:32.201011+00:00,2026-05-09,BetRivers,betrivers,2977862,5334,Austin_Reaves,Austin Reaves,TRB,4.5,104.0,-141.0,0.45588680387409203,0.544113196125908,4.5,4.5,4.5,104.0,-141.0,provisional_current_snapshot_not_closing,LAL,OKC,rotowire_current_board,True,True,True,True
2026-05-09T15:10:32.201011+00:00,2026-05-09,Caesars,caesars,2977862,5334,Austin_Reaves,Austin Reaves,TRB,4.5,100.0,-132.0,0.4677419354838709,0.532258064516129,4.5,4.5,4.5,100.0,-132.0,provisional_current_snapshot_not_closing,LAL,OKC,rotowire_current_board,True,True,True,True
2026-05-09T15:10:32.201011+00:00,2026-05-09,DraftKings,draftkings,2977862,5334,Austin_Reaves,Austin Reaves,TRB,4.5,-107.0,-123.0,0.4837800575807955,0.5162199424192044,4.5,4.5,4.5,-107.0,-123.0,provisional_current_snapshot_not_closing,LAL,OKC,rotowire_current_board,True,True,True,True
2026-05-09T15:10:32.201011+00:00,2026-05-09,Fanatics,fanatics,2977862,5334,Austin_Reaves,Austin Reaves,TRB,4.5,100.0,-130.0,0.4693877551020409,0.5306122448979592,4.5,4.5,4.5,100.0,-130.0,provisional_current_snapshot_not_closing,LAL,OKC,rotowire_current_board,True,True,True,True
2026-05-09T15:10:32.201011+00:00,2026-05-09,FanDuel,fanduel,2977862,5334,Austin_Reaves,Austin Reaves,TRB,4.5,102.0,-136.0,0.46209273182957394,0.5379072681704261,4.5,4.5,4.5,102.0,-136.0,provisional_current_snapshot_not_closing,LAL,OKC,rotowire_current_board,True,True,True,True
2026-05-09T15:10:32.201011+00:00,2026-05-09,Hard Rock,hardrock,2977862,5334,Austin_Reaves,Austin Reaves,TRB,4.5,105.0,-135.0,0.4592085979482169,0.5407914020517831,4.5,4.5,4.5,105.0,-135.0,provisional_current_snapshot_not_closing,LAL,OKC,rotowire_current_board,True,True,True,True
2026-05-09T15:10:32.201011+00:00,2026-05-09,BetMGM,mgm,2977862,5334,Austin_Reaves,Austin Reaves,TRB,4.5,-110.0,-120.0,0.48987854251012153,0.5101214574898786,4.5,4.5,4.5,-110.0,-120.0,provisional_current_snapshot_not_closing,LAL,OKC,rotowire_current_board,True,True,True,True
2026-05-09T15:10:32.201011+00:00,2026-05-09,theScore,thescore,2977862,5334,Austin_Reaves,Austin Reaves,TRB,4.5,100.0,-130.0,0.4693877551020409,0.5306122448979592,4.5,4.5,4.5,100.0,-130.0,provisional_current_snapshot_not_closing,LAL,OKC,rotowire_current_board,True,True,True,True
2026-05-09T15:10:32.201011+00:00,2026-05-09,BetRivers,betrivers,2977854,6277,Jaylon_Tyson,Jaylon Tyson,TRB,3.5,-118.0,-114.0,0.5039916972696792,0.496008302730321,3.5,3.5,3.5,-118.0,-114.0,provisional_current_snapshot_not_closing,CLE,DET,rotowire_current_board,True,True,True,True
2026-05-09T15:10:32.201011+00:00,2026-05-09,Caesars,caesars,2977854,6277,Jaylon_Tyson,Jaylon Tyson,TRB,3.5,-154.0,118.0,0.5692871193108593,0.43071288068914054,3.5,3.5,3.5,-154.0,118.0,provisional_current_snapshot_not_closing,CLE,DET,rotowire_current_board,True,True,True,True
2026-05-09T15:10:32.201011+00:00,2026-05-09,DraftKings,draftkings,2977854,6277,Jaylon_Tyson,Jaylon Tyson,TRB,4.5,118.0,-156.0,0.4294725540195947,0.5705274459804054,4.5,4.5,4.5,118.0,-156.0,provisional_current_snapshot_not_closing,CLE,DET,rotowire_current_board,True,True,True,True
2026-05-09T15:10:32.201011+00:00,2026-05-09,Fanatics,fanatics,2977854,6277,Jaylon_Tyson,Jaylon Tyson,TRB,3.5,-165.0,120.0,0.5780254777070064,0.42197452229299365,3.5,3.5,3.5,-165.0,120.0,provisional_current_snapshot_not_closing,CLE,DET,rotowire_current_board,True,True,True,True
2026-05-09T15:10:32.201011+00:00,2026-05-09,FanDuel,fanduel,2977854,6277,Jaylon_Tyson,Jaylon Tyson,TRB,3.5,-154.0,118.0,0.5692871193108593,0.43071288068914054,3.5,3.5,3.5,-154.0,118.0,provisional_current_snapshot_not_closing,CLE,DET,rotowire_current_board,True,True,True,True
2026-05-09T15:10:32.201011+00:00,2026-05-09,Hard Rock,hardrock,2977854,6277,Jaylon_Tyson,Jaylon Tyson,TRB,4.5,125.0,-160.0,0.4193548387096774,0.5806451612903226,4.5,4.5,4.5,125.0,-160.0,provisional_current_snapshot_not_closing,CLE,DET,rotowire_current_board,True,True,True,True
2026-05-09T15:10:32.201011+00:00,2026-05-09,theScore,thescore,2977854,6277,Jaylon_Tyson,Jaylon Tyson,TRB,4.5,110.0,-145.0,0.4458598726114649,0.554140127388535,4.5,4.5,4.5,110.0,-145.0,provisional_current_snapshot_not_closing,CLE,DET,rotowire_current_board,True,True,True,True
2026-05-09T15:10:32.201011+00:00,2026-05-09,BetRivers,betrivers,2977862,4387,Shai_Gilgeous-Alexander,Shai Gilgeous-Alexander,TRB,3.5,-143.0,106.0,0.5479742549946055,0.4520257450053946,3.5,3.5,3.5,-143.0,106.0,provisional_current_snapshot_not_closing,OKC,@LAL,rotowire_current_board,True,True,True,True
2026-05-09T15:10:32.201011+00:00,2026-05-09,Caesars,caesars,2977862,4387,Shai_Gilgeous-Alexander,Shai Gilgeous-Alexander,TRB,3.5,-157.0,116.0,0.5688787492451184,0.4311212507548815,3.5,3.5,3.5,-157.0,116.0,provisional_current_snapshot_not_closing,OKC,@LAL,rotowire_current_board,True,True,True,True
2026-05-09T15:10:32.201011+00:00,2026-05-09,DraftKings,draftkings,2977862,4387,Shai_Gilgeous-Alexander,Shai Gilgeous-Alexander,TRB,3.5,-149.0,115.0,0.5626591727408448,0.43734082725915513,3.5,3.5,3.5,-149.0,115.0,provisional_current_snapshot_not_closing,OKC,@LAL,rotowire_current_board,True,True,True,True
2026-05-09T15:10:32.201011+00:00,2026-05-09,Fanatics,fanatics,2977862,4387,Shai_Gilgeous-Alexander,Shai Gilgeous-Alexander,TRB,3.5,-145.0,110.0,0.554140127388535,0.4458598726114649,3.5,3.5,3.5,-145.0,110.0,provisional_current_snapshot_not_closing,OKC,@LAL,rotowire_current_board,True,True,True,True
2026-05-09T15:10:32.201011+00:00,2026-05-09,FanDuel,fanduel,2977862,4387,Shai_Gilgeous-Alexander,Shai Gilgeous-Alexander,TRB,3.5,-174.0,134.0,0.5977450231957249,0.402254976804275,3.5,3.5,3.5,-174.0,134.0,provisional_current_snapshot_not_closing,OKC,@LAL,rotowire_current_board,True,True,True,True
2026-05-09T15:10:32.201011+00:00,2026-05-09,Hard Rock,hardrock,2977862,4387,Shai_Gilgeous-Alexander,Shai Gilgeous-Alexander,TRB,3.5,-145.0,115.0,0.5599461158509206,0.4400538841490795,3.5,3.5,3.5,-145.0,115.0,provisional_current_snapshot_not_closing,OKC,@LAL,rotowire_current_board,True,True,True,True
2026-05-09T15:10:32.201011+00:00,2026-05-09,BetMGM,mgm,2977862,4387,Shai_Gilgeous-Alexander,Shai Gilgeous-Alexander,TRB,3.5,-150.0,110.0,0.5575221238938053,0.4424778761061947,3.5,3.5,3.5,-150.0,110.0,provisional_current_snapshot_not_closing,OKC,@LAL,rotowire_current_board,True,True,True,True
2026-05-09T15:10:32.201011+00:00,2026-05-09,theScore,thescore,2977862,4387,Shai_Gilgeous-Alexander,Shai Gilgeous-Alexander,TRB,3.5,-140.0,105.0,0.5445920303605313,0.4554079696394686,3.5,3.5,3.5,-140.0,105.0,provisional_current_snapshot_not_closing,OKC,@LAL,rotowire_current_board,True,True,True,True
2026-05-09T15:10:32.201011+00:00,2026-05-09,BetRivers,betrivers,2977862,4778,Rui_Hachimura,Rui Hachimura,TRB,3.5,-124.0,-110.0,0.5138121546961325,0.4861878453038673,3.5,3.5,3.5,-124.0,-110.0,provisional_current_snapshot_not_closing,LAL,OKC,rotowire_current_board,True,True,True,True
2026-05-09T15:10:32.201011+00:00,2026-05-09,Caesars,caesars,2977862,4778,Rui_Hachimura,Rui Hachimura,TRB,3.5,-125.0,-102.0,0.5238589211618258,0.47614107883817425,3.5,3.5,3.5,-125.0,-102.0,provisional_current_snapshot_not_closing,LAL,OKC,rotowire_current_board,True,True,True,True
2026-05-09T15:10:32.201011+00:00,2026-05-09,DraftKings,draftkings,2977862,4778,Rui_Hachimura,Rui Hachimura,TRB,3.5,-126.0,-104.0,0.5223540887660543,0.4776459112339457,3.5,3.5,3.5,-126.0,-104.0,provisional_current_snapshot_not_closing,LAL,OKC,rotowire_current_board,True,True,True,True
2026-05-09T15:10:32.201011+00:00,2026-05-09,Fanatics,fanatics,2977862,4778,Rui_Hachimura,Rui Hachimura,TRB,3.5,-125.0,-105.0,0.5203045685279188,0.4796954314720812,3.5,3.5,3.5,-125.0,-105.0,provisional_current_snapshot_not_closing,LAL,OKC,rotowire_current_board,True,True,True,True
2026-05-09T15:10:32.201011+00:00,2026-05-09,FanDuel,fanduel,2977862,4778,Rui_Hachimura,Rui Hachimura,TRB,3.5,-122.0,-104.0,0.5187593796898449,0.48124062031015497,3.5,3.5,3.5,-122.0,-104.0,provisional_current_snapshot_not_closing,LAL,OKC,rotowire_current_board,True,True,True,True
2026-05-09T15:10:32.201011+00:00,2026-05-09,Hard Rock,hardrock,2977862,4778,Rui_Hachimura,Rui Hachimura,TRB,3.5,-125.0,-105.0,0.5203045685279188,0.4796954314720812,3.5,3.5,3.5,-125.0,-105.0,provisional_current_snapshot_not_closing,LAL,OKC,rotowire_current_board,True,True,True,True
2026-05-09T15:10:32.201011+00:00,2026-05-09,BetMGM,mgm,2977862,4778,Rui_Hachimura,Rui Hachimura,TRB,3.5,-150.0,110.0,0.5575221238938053,0.4424778761061947,3.5,3.5,3.5,-150.0,110.0,provisional_current_snapshot_not_closing,LAL,OKC,rotowire_current_board,True,True,True,True
2026-05-09T15:10:32.201011+00:00,2026-05-09,theScore,thescore,2977862,4778,Rui_Hachimura,Rui Hachimura,TRB,3.5,-125.0,-105.0,0.5203045685279188,0.4796954314720812,3.5,3.5,3.5,-125.0,-105.0,provisional_current_snapshot_not_closing,LAL,OKC,rotowire_current_board,True,True,True,True
2026-05-09T15:10:32.201011+00:00,2026-05-09,Caesars,caesars,2977862,4771,Jaxson_Hayes,Jaxson Hayes,TRB,3.5,-137.0,100.0,0.5362035225048923,0.4637964774951076,3.5,3.5,3.5,-137.0,100.0,provisional_current_snapshot_not_closing,LAL,OKC,rotowire_current_board,True,True,True,True
2026-05-09T15:10:32.201011+00:00,2026-05-09,DraftKings,draftkings,2977862,4771,Jaxson_Hayes,Jaxson Hayes,TRB,3.5,-138.0,105.0,0.5430984833941255,0.45690151660587436,3.5,3.5,3.5,-138.0,105.0,provisional_current_snapshot_not_closing,LAL,OKC,rotowire_current_board,True,True,True,True
2026-05-09T15:10:32.201011+00:00,2026-05-09,Fanatics,fanatics,2977862,4771,Jaxson_Hayes,Jaxson Hayes,TRB,3.5,-130.0,100.0,0.5306122448979592,0.4693877551020409,3.5,3.5,3.5,-130.0,100.0,provisional_current_snapshot_not_closing,LAL,OKC,rotowire_current_board,True,True,True,True
2026-05-09T15:10:32.201011+00:00,2026-05-09,FanDuel,fanduel,2977862,4771,Jaxson_Hayes,Jaxson Hayes,TRB,3.5,-140.0,108.0,0.5481927710843374,0.45180722891566266,3.5,3.5,3.5,-140.0,108.0,provisional_current_snapshot_not_closing,LAL,OKC,rotowire_current_board,True,True,True,True
2026-05-09T15:10:32.201011+00:00,2026-05-09,Hard Rock,hardrock,2977862,4771,Jaxson_Hayes,Jaxson Hayes,TRB,3.5,-145.0,110.0,0.554140127388535,0.4458598726114649,3.5,3.5,3.5,-145.0,110.0,provisional_current_snapshot_not_closing,LAL,OKC,rotowire_current_board,True,True,True,True
2026-05-09T15:10:32.201011+00:00,2026-05-09,BetMGM,mgm,2977862,4771,Jaxson_Hayes,Jaxson Hayes,TRB,3.5,-140.0,105.0,0.5445920303605313,0.4554079696394686,3.5,3.5,3.5,-140.0,105.0,provisional_current_snapshot_not_closing,LAL,OKC,rotowire_current_board,True,True,True,True
2026-05-09T15:10:32.201011+00:00,2026-05-09,theScore,thescore,2977862,4771,Jaxson_Hayes,Jaxson Hayes,TRB,3.5,-140.0,105.0,0.5445920303605313,0.4554079696394686,3.5,3.5,3.5,-140.0,105.0,provisional_current_snapshot_not_closing,LAL,OKC,rotowire_current_board,True,True,True,True
2026-05-09T15:10:32.201011+00:00,2026-05-09,BetRivers,betrivers,2977862,6289,Ajay_Mitchell,Ajay Mitchell,TRB,3.5,-110.0,-122.0,0.48800959232613905,0.511990407673861,3.5,3.5,3.5,-110.0,-122.0,provisional_current_snapshot_not_closing,OKC,@LAL,rotowire_current_board,True,True,True,True
2026-05-09T15:10:32.201011+00:00,2026-05-09,Caesars,caesars,2977862,6289,Ajay_Mitchell,Ajay Mitchell,TRB,3.5,-104.0,-129.0,0.47506582621878246,0.5249341737812177,3.5,3.5,3.5,-104.0,-129.0,provisional_current_snapshot_not_closing,OKC,@LAL,rotowire_current_board,True,True,True,True
2026-05-09T15:10:32.201011+00:00,2026-05-09,DraftKings,draftkings,2977862,6289,Ajay_Mitchell,Ajay Mitchell,TRB,3.5,105.0,-138.0,0.45690151660587436,0.5430984833941255,3.5,3.5,3.5,105.0,-138.0,provisional_current_snapshot_not_closing,OKC,@LAL,rotowire_current_board,True,True,True,True
2026-05-09T15:10:32.201011+00:00,2026-05-09,Fanatics,fanatics,2977862,6289,Ajay_Mitchell,Ajay Mitchell,TRB,3.5,100.0,-130.0,0.4693877551020409,0.5306122448979592,3.5,3.5,3.5,100.0,-130.0,provisional_current_snapshot_not_closing,OKC,@LAL,rotowire_current_board,True,True,True,True
2026-05-09T15:10:32.201011+00:00,2026-05-09,FanDuel,fanduel,2977862,6289,Ajay_Mitchell,Ajay Mitchell,TRB,3.5,-108.0,-120.0,0.4876847290640395,0.5123152709359606,3.5,3.5,3.5,-108.0,-120.0,provisional_current_snapshot_not_closing,OKC,@LAL,rotowire_current_board,True,True,True,True
2026-05-09T15:10:32.201011+00:00,2026-05-09,Hard Rock,hardrock,2977862,6289,Ajay_Mitchell,Ajay Mitchell,TRB,3.5,-105.0,-125.0,0.4796954314720812,0.5203045685279188,3.5,3.5,3.5,-105.0,-125.0,provisional_current_snapshot_not_closing,OKC,@LAL,rotowire_current_board,True,True,True,True
2026-05-09T15:10:32.201011+00:00,2026-05-09,BetMGM,mgm,2977862,6289,Ajay_Mitchell,Ajay Mitchell,TRB,3.5,-105.0,-125.0,0.4796954314720812,0.5203045685279188,3.5,3.5,3.5,-105.0,-125.0,provisional_current_snapshot_not_closing,OKC,@LAL,rotowire_current_board,True,True,True,True
2026-05-09T15:10:32.201011+00:00,2026-05-09,theScore,thescore,2977862,6289,Ajay_Mitchell,Ajay Mitchell,TRB,3.5,100.0,-130.0,0.4693877551020409,0.5306122448979592,3.5,3.5,3.5,100.0,-130.0,provisional_current_snapshot_not_closing,OKC,@LAL,rotowire_current_board,True,True,True,True
2026-05-09T15:10:32.201011+00:00,2026-05-09,BetRivers,betrivers,2977862,3575,Marcus_Smart,Marcus Smart,TRB,3.5,128.0,-175.0,0.40801186943620177,0.5919881305637983,3.5,3.5,3.5,128.0,-175.0,provisional_current_snapshot_not_closing,LAL,OKC,rotowire_current_board,True,True,True,True
2026-05-09T15:10:32.201011+00:00,2026-05-09,Caesars,caesars,2977862,3575,Marcus_Smart,Marcus Smart,TRB,3.5,123.0,-164.0,0.41923394524550595,0.580766054754494,3.5,3.5,3.5,123.0,-164.0,provisional_current_snapshot_not_closing,LAL,OKC,rotowire_current_board,True,True,True,True
2026-05-09T15:10:32.201011+00:00,2026-05-09,DraftKings,draftkings,2977862,3575,Marcus_Smart,Marcus Smart,TRB,2.5,-176.0,133.0,0.597714552238806,0.40228544776119407,2.5,2.5,2.5,-176.0,133.0,provisional_current_snapshot_not_closing,LAL,OKC,rotowire_current_board,True,True,True,True
2026-05-09T15:10:32.201011+00:00,2026-05-09,Fanatics,fanatics,2977862,3575,Marcus_Smart,Marcus Smart,TRB,3.5,125.0,-175.0,0.41121495327102797,0.5887850467289719,3.5,3.5,3.5,125.0,-175.0,provisional_current_snapshot_not_closing,LAL,OKC,rotowire_current_board,True,True,True,True
2026-05-09T15:10:32.201011+00:00,2026-05-09,FanDuel,fanduel,2977862,3575,Marcus_Smart,Marcus Smart,TRB,3.5,130.0,-172.0,0.4074295985620132,0.5925704014379869,3.5,3.5,3.5,130.0,-172.0,provisional_current_snapshot_not_closing,LAL,OKC,rotowire_current_board,True,True,True,True
2026-05-09T15:10:32.201011+00:00,2026-05-09,Hard Rock,hardrock,2977862,3575,Marcus_Smart,Marcus Smart,TRB,3.5,130.0,-165.0,0.4111714507370054,0.5888285492629945,3.5,3.5,3.5,130.0,-165.0,provisional_current_snapshot_not_closing,LAL,OKC,rotowire_current_board,True,True,True,True
2026-05-09T15:10:32.201011+00:00,2026-05-09,BetMGM,mgm,2977862,3575,Marcus_Smart,Marcus Smart,TRB,3.5,110.0,-150.0,0.4424778761061947,0.5575221238938053,3.5,3.5,3.5,110.0,-150.0,provisional_current_snapshot_not_closing,LAL,OKC,rotowire_current_board,True,True,True,True
2026-05-09T15:10:32.201011+00:00,2026-05-09,theScore,thescore,2977862,3575,Marcus_Smart,Marcus Smart,TRB,3.5,125.0,-165.0,0.4165029469548134,0.5834970530451867,3.5,3.5,3.5,125.0,-165.0,provisional_current_snapshot_not_closing,LAL,OKC,rotowire_current_board,True,True,True,True
2026-05-09T15:10:32.201011+00:00,2026-05-09,BetRivers,betrivers,2977854,4947,Max_Strus,Max Strus,TRB,3.5,-159.0,117.0,0.5712133503302815,0.42878664966971836,3.5,3.5,3.5,-159.0,117.0,provisional_current_snapshot_not_closing,CLE,DET,rotowire_current_board,True,True,True,True
2026-05-09T15:10:32.201011+00:00,2026-05-09,Caesars,caesars,2977854,4947,Max_Strus,Max Strus,TRB,3.5,-137.0,103.0,0.5399040981537924,0.4600959018462076,3.5,3.5,3.5,-137.0,103.0,provisional_current_snapshot_not_closing,CLE,DET,rotowire_current_board,True,True,True,True
2026-05-09T15:10:32.201011+00:00,2026-05-09,DraftKings,draftkings,2977854,4947,Max_Strus,Max Strus,TRB,3.5,-134.0,102.0,0.5363398589205041,0.46366014107949594,3.5,3.5,3.5,-134.0,102.0,provisional_current_snapshot_not_closing,CLE,DET,rotowire_current_board,True,True,True,True
2026-05-09T15:10:32.201011+00:00,2026-05-09,Fanatics,fanatics,2977854,4947,Max_Strus,Max Strus,TRB,3.5,-130.0,100.0,0.5306122448979592,0.4693877551020409,3.5,3.5,3.5,-130.0,100.0,provisional_current_snapshot_not_closing,CLE,DET,rotowire_current_board,True,True,True,True
2026-05-09T15:10:32.201011+00:00,2026-05-09,FanDuel,fanduel,2977854,4947,Max_Strus,Max Strus,TRB,3.5,-154.0,118.0,0.5692871193108593,0.43071288068914054,3.5,3.5,3.5,-154.0,118.0,provisional_current_snapshot_not_closing,CLE,DET,rotowire_current_board,True,True,True,True
2026-05-09T15:10:32.201011+00:00,2026-05-09,Hard Rock,hardrock,2977854,4947,Max_Strus,Max Strus,TRB,3.5,-145.0,110.0,0.554140127388535,0.4458598726114649,3.5,3.5,3.5,-145.0,110.0,provisional_current_snapshot_not_closing,CLE,DET,rotowire_current_board,True,True,True,True
2026-05-09T15:10:32.201011+00:00,2026-05-09,theScore,thescore,2977854,4947,Max_Strus,Max Strus,TRB,3.5,-130.0,100.0,0.5306122448979592,0.4693877551020409,3.5,3.5,3.5,-130.0,100.0,provisional_current_snapshot_not_closing,CLE,DET,rotowire_current_board,True,True,True,True
2026-05-09T15:10:32.201011+00:00,2026-05-09,BetRivers,betrivers,2977854,4893,Dean_Wade,Dean Wade,TRB,3.5,-130.0,-104.0,0.5257731958762887,0.4742268041237114,3.5,3.5,3.5,-130.0,-104.0,provisional_current_snapshot_not_closing,CLE,DET,rotowire_current_board,True,True,True,True
2026-05-09T15:10:32.201011+00:00,2026-05-09,Caesars,caesars,2977854,4893,Dean_Wade,Dean Wade,TRB,3.5,-124.0,-108.0,0.5160051216389244,0.4839948783610755,3.5,3.5,3.5,-124.0,-108.0,provisional_current_snapshot_not_closing,CLE,DET,rotowire_current_board,True,True,True,True
2026-05-09T15:10:32.201011+00:00,2026-05-09,DraftKings,draftkings,2977854,4893,Dean_Wade,Dean Wade,TRB,3.5,-117.0,-112.0,0.5050908202329559,0.494909179767044,3.5,3.5,3.5,-117.0,-112.0,provisional_current_snapshot_not_closing,CLE,DET,rotowire_current_board,True,True,True,True
2026-05-09T15:10:32.201011+00:00,2026-05-09,Fanatics,fanatics,2977854,4893,Dean_Wade,Dean Wade,TRB,3.5,-120.0,-110.0,0.5101214574898786,0.48987854251012153,3.5,3.5,3.5,-120.0,-110.0,provisional_current_snapshot_not_closing,CLE,DET,rotowire_current_board,True,True,True,True
2026-05-09T15:10:32.201011+00:00,2026-05-09,FanDuel,fanduel,2977854,4893,Dean_Wade,Dean Wade,TRB,3.5,-122.0,-106.0,0.5164392569455861,0.483560743054414,3.5,3.5,3.5,-122.0,-106.0,provisional_current_snapshot_not_closing,CLE,DET,rotowire_current_board,True,True,True,True
2026-05-09T15:10:32.201011+00:00,2026-05-09,Hard Rock,hardrock,2977854,4893,Dean_Wade,Dean Wade,TRB,3.5,-125.0,-105.0,0.5203045685279188,0.4796954314720812,3.5,3.5,3.5,-125.0,-105.0,provisional_current_snapshot_not_closing,CLE,DET,rotowire_current_board,True,True,True,True
2026-05-09T15:10:32.201011+00:00,2026-05-09,BetMGM,mgm,2977854,4893,Dean_Wade,Dean Wade,TRB,3.5,-110.0,-120.0,0.48987854251012153,0.5101214574898786,3.5,3.5,3.5,-110.0,-120.0,provisional_current_snapshot_not_closing,CLE,DET,rotowire_current_board,True,True,True,True
2026-05-09T15:10:32.201011+00:00,2026-05-09,theScore,thescore,2977854,4893,Dean_Wade,Dean Wade,TRB,3.5,-125.0,-105.0,0.5203045685279188,0.4796954314720812,3.5,3.5,3.5,-125.0,-105.0,provisional_current_snapshot_not_closing,CLE,DET,rotowire_current_board,True,True,True,True
2026-05-09T15:10:32.201011+00:00,2026-05-09,Caesars,caesars,2977862,5690,Jaylin_Williams,Jaylin Williams,TRB,3.5,-103.0,-130.0,0.4730431309904154,0.5269568690095846,3.5,3.5,3.5,-103.0,-130.0,provisional_current_snapshot_not_closing,OKC,@LAL,rotowire_current_board,True,True,True,True
2026-05-09T15:10:32.201011+00:00,2026-05-09,DraftKings,draftkings,2977862,5690,Jaylin_Williams,Jaylin Williams,TRB,3.5,-103.0,-125.0,0.4773429454170958,0.5226570545829042,3.5,3.5,3.5,-103.0,-125.0,provisional_current_snapshot_not_closing,OKC,@LAL,rotowire_current_board,True,True,True,True
2026-05-09T15:10:32.201011+00:00,2026-05-09,Fanatics,fanatics,2977862,5690,Jaylin_Williams,Jaylin Williams,TRB,3.5,110.0,-145.0,0.4458598726114649,0.554140127388535,3.5,3.5,3.5,110.0,-145.0,provisional_current_snapshot_not_closing,OKC,@LAL,rotowire_current_board,True,True,True,True
2026-05-09T15:10:32.201011+00:00,2026-05-09,Hard Rock,hardrock,2977862,5690,Jaylin_Williams,Jaylin Williams,TRB,3.5,-105.0,-125.0,0.4796954314720812,0.5203045685279188,3.5,3.5,3.5,-105.0,-125.0,provisional_current_snapshot_not_closing,OKC,@LAL,rotowire_current_board,True,True,True,True
2026-05-09T15:10:32.201011+00:00,2026-05-09,BetMGM,mgm,2977862,5690,Jaylin_Williams,Jaylin Williams,TRB,3.5,105.0,-145.0,0.45182111572153066,0.5481788842784694,3.5,3.5,3.5,105.0,-145.0,provisional_current_snapshot_not_closing,OKC,@LAL,rotowire_current_board,True,True,True,True
2026-05-09T15:10:32.201011+00:00,2026-05-09,DraftKings,draftkings,2977862,3952,Alex_Caruso,Alex Caruso,TRB,2.5,-131.0,100.0,0.5314401622718052,0.4685598377281947,2.5,2.5,2.5,-131.0,100.0,provisional_current_snapshot_not_closing,OKC,@LAL,rotowire_current_board,True,True,True,True
2026-05-09T15:10:32.201011+00:00,2026-05-09,Fanatics,fanatics,2977862,3952,Alex_Caruso,Alex Caruso,TRB,2.5,-115.0,-115.0,0.5,0.5,2.5,2.5,2.5,-115.0,-115.0,provisional_current_snapshot_not_closing,OKC,@LAL,rotowire_current_board,True,True,True,True
2026-05-09T15:10:32.201011+00:00,2026-05-09,Hard Rock,hardrock,2977862,3952,Alex_Caruso,Alex Caruso,TRB,2.5,-130.0,100.0,0.5306122448979592,0.4693877551020409,2.5,2.5,2.5,-130.0,100.0,provisional_current_snapshot_not_closing,OKC,@LAL,rotowire_current_board,True,True,True,True
2026-05-09T15:10:32.201011+00:00,2026-05-09,BetMGM,mgm,2977862,3952,Alex_Caruso,Alex Caruso,TRB,2.5,-140.0,105.0,0.5445920303605313,0.4554079696394686,2.5,2.5,2.5,-140.0,105.0,provisional_current_snapshot_not_closing,OKC,@LAL,rotowire_current_board,True,True,True,True
2026-05-09T15:10:32.201011+00:00,2026-05-09,BetRivers,betrivers,2977862,4808,Luguentz_Dort,Luguentz Dort,TRB,2.5,-157.0,114.0,0.5665958379709265,0.43340416202907345,2.5,2.5,2.5,-157.0,114.0,provisional_current_snapshot_not_closing,OKC,@LAL,rotowire_current_board,True,True,True,True
2026-05-09T15:10:32.201011+00:00,2026-05-09,DraftKings,draftkings,2977862,4808,Luguentz_Dort,Luguentz Dort,TRB,2.5,-122.0,-108.0,0.5141838223374939,0.48581617766250607,2.5,2.5,2.5,-122.0,-108.0,provisional_current_snapshot_not_closing,OKC,@LAL,rotowire_current_board,True,True,True,True
2026-05-09T15:10:32.201011+00:00,2026-05-09,Fanatics,fanatics,2977862,4808,Luguentz_Dort,Luguentz Dort,TRB,2.5,-115.0,-115.0,0.5,0.5,2.5,2.5,2.5,-115.0,-115.0,provisional_current_snapshot_not_closing,OKC,@LAL,rotowire_current_board,True,True,True,True
2026-05-09T15:10:32.201011+00:00,2026-05-09,FanDuel,fanduel,2977862,4808,Luguentz_Dort,Luguentz Dort,TRB,2.5,-120.0,-110.0,0.5101214574898786,0.48987854251012153,2.5,2.5,2.5,-120.0,-110.0,provisional_current_snapshot_not_closing,OKC,@LAL,rotowire_current_board,True,True,True,True
2026-05-09T15:10:32.201011+00:00,2026-05-09,Hard Rock,hardrock,2977862,4808,Luguentz_Dort,Luguentz Dort,TRB,2.5,-125.0,-105.0,0.5203045685279188,0.4796954314720812,2.5,2.5,2.5,-125.0,-105.0,provisional_current_snapshot_not_closing,OKC,@LAL,rotowire_current_board,True,True,True,True
2026-05-09T15:10:32.201011+00:00,2026-05-09,BetMGM,mgm,2977862,4808,Luguentz_Dort,Luguentz Dort,TRB,2.5,-150.0,110.0,0.5575221238938053,0.4424778761061947,2.5,2.5,2.5,-150.0,110.0,provisional_current_snapshot_not_closing,OKC,@LAL,rotowire_current_board,True,True,True,True
2026-05-09T15:10:32.201011+00:00,2026-05-09,theScore,thescore,2977862,4808,Luguentz_Dort,Luguentz Dort,TRB,2.5,-120.0,-110.0,0.5101214574898786,0.48987854251012153,2.5,2.5,2.5,-120.0,-110.0,provisional_current_snapshot_not_closing,OKC,@LAL,rotowire_current_board,True,True,True,True
2026-05-09T15:10:32.201011+00:00,2026-05-09,DraftKings,draftkings,2977854,6336,Daniss_Jenkins,Daniss Jenkins,TRB,2.5,-112.0,-117.0,0.494909179767044,0.5050908202329559,2.5,2.5,2.5,-112.0,-117.0,provisional_current_snapshot_not_closing,DET,@CLE,rotowire_current_board,True,True,True,True
2026-05-09T15:10:32.201011+00:00,2026-05-09,Fanatics,fanatics,2977854,6336,Daniss_Jenkins,Daniss Jenkins,TRB,2.5,-115.0,-115.0,0.5,0.5,2.5,2.5,2.5,-115.0,-115.0,provisional_current_snapshot_not_closing,DET,@CLE,rotowire_current_board,True,True,True,True
2026-05-09T15:10:32.201011+00:00,2026-05-09,FanDuel,fanduel,2977854,6336,Daniss_Jenkins,Daniss Jenkins,TRB,2.5,-120.0,-110.0,0.5101214574898786,0.48987854251012153,2.5,2.5,2.5,-120.0,-110.0,provisional_current_snapshot_not_closing,DET,@CLE,rotowire_current_board,True,True,True,True
2026-05-09T15:10:32.201011+00:00,2026-05-09,Hard Rock,hardrock,2977854,6336,Daniss_Jenkins,Daniss Jenkins,TRB,2.5,-115.0,-115.0,0.5,0.5,2.5,2.5,2.5,-115.0,-115.0,provisional_current_snapshot_not_closing,DET,@CLE,rotowire_current_board,True,True,True,True
2026-05-09T15:10:32.201011+00:00,2026-05-09,BetMGM,mgm,2977854,6336,Daniss_Jenkins,Daniss Jenkins,TRB,2.5,-105.0,-125.0,0.4796954314720812,0.5203045685279188,2.5,2.5,2.5,-105.0,-125.0,provisional_current_snapshot_not_closing,DET,@CLE,rotowire_current_board,True,True,True,True
2026-05-09T15:10:32.201011+00:00,2026-05-09,theScore,thescore,2977854,6336,Daniss_Jenkins,Daniss Jenkins,TRB,2.5,-115.0,-115.0,0.5,0.5,2.5,2.5,2.5,-115.0,-115.0,provisional_current_snapshot_not_closing,DET,@CLE,rotowire_current_board,True,True,True,True
2026-05-09T15:10:32.201011+00:00,2026-05-09,BetRivers,betrivers,2977862,4123,Luke_Kennard,Luke Kennard,TRB,2.5,-134.0,-103.0,0.5302120692343677,0.4697879307656324,2.5,2.5,2.5,-134.0,-103.0,provisional_current_snapshot_not_closing,LAL,OKC,rotowire_current_board,True,True,True,True
2026-05-09T15:10:32.201011+00:00,2026-05-09,Fanatics,fanatics,2977862,4123,Luke_Kennard,Luke Kennard,TRB,2.5,-120.0,-110.0,0.5101214574898786,0.48987854251012153,2.5,2.5,2.5,-120.0,-110.0,provisional_current_snapshot_not_closing,LAL,OKC,rotowire_current_board,True,True,True,True
2026-05-09T15:10:32.201011+00:00,2026-05-09,Hard Rock,hardrock,2977862,4123,Luke_Kennard,Luke Kennard,TRB,2.5,-120.0,-110.0,0.5101214574898786,0.48987854251012153,2.5,2.5,2.5,-120.0,-110.0,provisional_current_snapshot_not_closing,LAL,OKC,rotowire_current_board,True,True,True,True
2026-05-09T15:10:32.201011+00:00,2026-05-09,BetMGM,mgm,2977862,4123,Luke_Kennard,Luke Kennard,TRB,2.5,-145.0,105.0,0.5481788842784694,0.45182111572153066,2.5,2.5,2.5,-145.0,105.0,provisional_current_snapshot_not_closing,LAL,OKC,rotowire_current_board,True,True,True,True
2026-05-09T15:10:32.201011+00:00,2026-05-09,Fanatics,fanatics,2977862,5694,Jake_LaRavia,Jake LaRavia,TRB,2.5,125.0,-175.0,0.41121495327102797,0.5887850467289719,2.5,2.5,2.5,125.0,-175.0,provisional_current_snapshot_not_closing,LAL,OKC,rotowire_current_board,True,True,True,True
2026-05-09T15:10:32.201011+00:00,2026-05-09,Hard Rock,hardrock,2977862,5694,Jake_LaRavia,Jake LaRavia,TRB,2.5,125.0,-160.0,0.4193548387096774,0.5806451612903226,2.5,2.5,2.5,125.0,-160.0,provisional_current_snapshot_not_closing,LAL,OKC,rotowire_current_board,True,True,True,True
2026-05-09T15:10:32.201011+00:00,2026-05-09,BetMGM,mgm,2977862,5694,Jake_LaRavia,Jake LaRavia,TRB,2.5,110.0,-150.0,0.4424778761061947,0.5575221238938053,2.5,2.5,2.5,110.0,-150.0,provisional_current_snapshot_not_closing,LAL,OKC,rotowire_current_board,True,True,True,True
2026-05-09T15:10:32.201011+00:00,2026-05-09,BetRivers,betrivers,2977854,4470,Duncan_Robinson,Duncan Robinson,TRB,2.5,-109.0,-125.0,0.4842053307008884,0.5157946692991116,2.5,2.5,2.5,-109.0,-125.0,provisional_current_snapshot_not_closing,DET,@CLE,rotowire_current_board,True,True,True,True
2026-05-09T15:10:32.201011+00:00,2026-05-09,DraftKings,draftkings,2977854,4470,Duncan_Robinson,Duncan Robinson,TRB,2.5,110.0,-142.0,0.4479822288041465,0.5520177711958534,2.5,2.5,2.5,110.0,-142.0,provisional_current_snapshot_not_closing,DET,@CLE,rotowire_current_board,True,True,True,True
2026-05-09T15:10:32.201011+00:00,2026-05-09,Fanatics,fanatics,2977854,4470,Duncan_Robinson,Duncan Robinson,TRB,2.5,110.0,-145.0,0.4458598726114649,0.554140127388535,2.5,2.5,2.5,110.0,-145.0,provisional_current_snapshot_not_closing,DET,@CLE,rotowire_current_board,True,True,True,True
2026-05-09T15:10:32.201011+00:00,2026-05-09,FanDuel,fanduel,2977854,4470,Duncan_Robinson,Duncan Robinson,TRB,2.5,102.0,-136.0,0.46209273182957394,0.5379072681704261,2.5,2.5,2.5,102.0,-136.0,provisional_current_snapshot_not_closing,DET,@CLE,rotowire_current_board,True,True,True,True
2026-05-09T15:10:32.201011+00:00,2026-05-09,Hard Rock,hardrock,2977854,4470,Duncan_Robinson,Duncan Robinson,TRB,2.5,110.0,-140.0,0.449438202247191,0.550561797752809,2.5,2.5,2.5,110.0,-140.0,provisional_current_snapshot_not_closing,DET,@CLE,rotowire_current_board,True,True,True,True
2026-05-09T15:10:32.201011+00:00,2026-05-09,BetMGM,mgm,2977854,4470,Duncan_Robinson,Duncan Robinson,TRB,2.5,100.0,-135.0,0.4653465346534653,0.5346534653465347,2.5,2.5,2.5,100.0,-135.0,provisional_current_snapshot_not_closing,DET,@CLE,rotowire_current_board,True,True,True,True
2026-05-09T15:10:32.201011+00:00,2026-05-09,theScore,thescore,2977854,4470,Duncan_Robinson,Duncan Robinson,TRB,2.5,105.0,-140.0,0.4554079696394686,0.5445920303605313,2.5,2.5,2.5,105.0,-140.0,provisional_current_snapshot_not_closing,DET,@CLE,rotowire_current_board,True,True,True,True
2026-05-09T15:10:32.201011+00:00,2026-05-09,DraftKings,draftkings,2977854,5137,Isaiah_Stewart,Isaiah Stewart,TRB,2.5,-120.0,-109.0,0.5112107623318386,0.4887892376681614,2.5,2.5,2.5,-120.0,-109.0,provisional_current_snapshot_not_closing,DET,@CLE,rotowire_current_board,True,True,True,True
2026-05-09T15:10:32.201011+00:00,2026-05-09,Fanatics,fanatics,2977854,5137,Isaiah_Stewart,Isaiah Stewart,TRB,2.5,-120.0,-110.0,0.5101214574898786,0.48987854251012153,2.5,2.5,2.5,-120.0,-110.0,provisional_current_snapshot_not_closing,DET,@CLE,rotowire_current_board,True,True,True,True
2026-05-09T15:10:32.201011+00:00,2026-05-09,FanDuel,fanduel,2977854,5137,Isaiah_Stewart,Isaiah Stewart,TRB,2.5,-128.0,-104.0,0.5240847784200385,0.47591522157996147,2.5,2.5,2.5,-128.0,-104.0,provisional_current_snapshot_not_closing,DET,@CLE,rotowire_current_board,True,True,True,True
2026-05-09T15:10:32.201011+00:00,2026-05-09,Hard Rock,hardrock,2977854,5137,Isaiah_Stewart,Isaiah Stewart,TRB,2.5,-130.0,100.0,0.5306122448979592,0.4693877551020409,2.5,2.5,2.5,-130.0,100.0,provisional_current_snapshot_not_closing,DET,@CLE,rotowire_current_board,True,True,True,True
2026-05-09T15:10:32.201011+00:00,2026-05-09,BetMGM,mgm,2977854,5137,Isaiah_Stewart,Isaiah Stewart,TRB,2.5,-115.0,-115.0,0.5,0.5,2.5,2.5,2.5,-115.0,-115.0,provisional_current_snapshot_not_closing,DET,@CLE,rotowire_current_board,True,True,True,True
2026-05-09T15:10:32.201011+00:00,2026-05-09,theScore,thescore,2977854,5137,Isaiah_Stewart,Isaiah Stewart,TRB,2.5,-120.0,-110.0,0.5101214574898786,0.48987854251012153,2.5,2.5,2.5,-120.0,-110.0,provisional_current_snapshot_not_closing,DET,@CLE,rotowire_current_board,True,True,True,True
2026-05-09T15:10:32.201011+00:00,2026-05-09,BetRivers,betrivers,2977862,5898,Cason_Wallace,Cason Wallace,TRB,2.5,-129.0,-106.0,0.5226164254247954,0.4773835745752045,2.5,2.5,2.5,-129.0,-106.0,provisional_current_snapshot_not_closing,OKC,@LAL,rotowire_current_board,True,True,True,True
2026-05-09T15:10:32.201011+00:00,2026-05-09,DraftKings,draftkings,2977862,5898,Cason_Wallace,Cason Wallace,TRB,2.5,-119.0,-111.0,0.5080942166821806,0.4919057833178194,2.5,2.5,2.5,-119.0,-111.0,provisional_current_snapshot_not_closing,OKC,@LAL,rotowire_current_board,True,True,True,True
2026-05-09T15:10:32.201011+00:00,2026-05-09,Fanatics,fanatics,2977862,5898,Cason_Wallace,Cason Wallace,TRB,2.5,-115.0,-115.0,0.5,0.5,2.5,2.5,2.5,-115.0,-115.0,provisional_current_snapshot_not_closing,OKC,@LAL,rotowire_current_board,True,True,True,True
2026-05-09T15:10:32.201011+00:00,2026-05-09,FanDuel,fanduel,2977862,5898,Cason_Wallace,Cason Wallace,TRB,2.5,-114.0,-114.0,0.5,0.5,2.5,2.5,2.5,-114.0,-114.0,provisional_current_snapshot_not_closing,OKC,@LAL,rotowire_current_board,True,True,True,True
2026-05-09T15:10:32.201011+00:00,2026-05-09,Hard Rock,hardrock,2977862,5898,Cason_Wallace,Cason Wallace,TRB,2.5,-120.0,-110.0,0.5101214574898786,0.48987854251012153,2.5,2.5,2.5,-120.0,-110.0,provisional_current_snapshot_not_closing,OKC,@LAL,rotowire_current_board,True,True,True,True
2026-05-09T15:10:32.201011+00:00,2026-05-09,BetMGM,mgm,2977862,5898,Cason_Wallace,Cason Wallace,TRB,2.5,-120.0,-110.0,0.5101214574898786,0.48987854251012153,2.5,2.5,2.5,-120.0,-110.0,provisional_current_snapshot_not_closing,OKC,@LAL,rotowire_current_board,True,True,True,True
2026-05-09T15:10:32.201011+00:00,2026-05-09,theScore,thescore,2977862,5898,Cason_Wallace,Cason Wallace,TRB,2.5,-110.0,-120.0,0.48987854251012153,0.5101214574898786,2.5,2.5,2.5,-110.0,-120.0,provisional_current_snapshot_not_closing,OKC,@LAL,rotowire_current_board,True,True,True,True
2026-05-09T15:10:32.201011+00:00,2026-05-09,BetRivers,betrivers,2977854,5336,Cade_Cunningham,Cade Cunningham,AST,9.5,-105.0,-129.0,0.47623291740938806,0.523767082590612,9.5,9.5,9.5,-105.0,-129.0,provisional_current_snapshot_not_closing,DET,@CLE,rotowire_current_board,True,True,True,True
2026-05-09T15:10:32.201011+00:00,2026-05-09,Caesars,caesars,2977854,5336,Cade_Cunningham,Cade Cunningham,AST,9.5,102.0,-136.0,0.46209273182957394,0.5379072681704261,9.5,9.5,9.5,102.0,-136.0,provisional_current_snapshot_not_closing,DET,@CLE,rotowire_current_board,True,True,True,True
2026-05-09T15:10:32.201011+00:00,2026-05-09,DraftKings,draftkings,2977854,5336,Cade_Cunningham,Cade Cunningham,AST,9.5,100.0,-131.0,0.4685598377281947,0.5314401622718052,9.5,9.5,9.5,100.0,-131.0,provisional_current_snapshot_not_closing,DET,@CLE,rotowire_current_board,True,True,True,True
2026-05-09T15:10:32.201011+00:00,2026-05-09,Fanatics,fanatics,2977854,5336,Cade_Cunningham,Cade Cunningham,AST,9.5,105.0,-140.0,0.4554079696394686,0.5445920303605313,9.5,9.5,9.5,105.0,-140.0,provisional_current_snapshot_not_closing,DET,@CLE,rotowire_current_board,True,True,True,True
2026-05-09T15:10:32.201011+00:00,2026-05-09,FanDuel,fanduel,2977854,5336,Cade_Cunningham,Cade Cunningham,AST,9.5,104.0,-136.0,0.45964474914303516,0.5403552508569648,9.5,9.5,9.5,104.0,-136.0,provisional_current_snapshot_not_closing,DET,@CLE,rotowire_current_board,True,True,True,True
2026-05-09T15:10:32.201011+00:00,2026-05-09,Hard Rock,hardrock,2977854,5336,Cade_Cunningham,Cade Cunningham,AST,9.5,100.0,-130.0,0.4693877551020409,0.5306122448979592,9.5,9.5,9.5,100.0,-130.0,provisional_current_snapshot_not_closing,DET,@CLE,rotowire_current_board,True,True,True,True
2026-05-09T15:10:32.201011+00:00,2026-05-09,BetMGM,mgm,2977854,5336,Cade_Cunningham,Cade Cunningham,AST,8.5,-145.0,105.0,0.5481788842784694,0.45182111572153066,8.5,8.5,8.5,-145.0,105.0,provisional_current_snapshot_not_closing,DET,@CLE,rotowire_current_board,True,True,True,True
2026-05-09T15:10:32.201011+00:00,2026-05-09,theScore,thescore,2977854,5336,Cade_Cunningham,Cade Cunningham,AST,9.5,100.0,-130.0,0.4693877551020409,0.5306122448979592,9.5,9.5,9.5,100.0,-130.0,provisional_current_snapshot_not_closing,DET,@CLE,rotowire_current_board,True,True,True,True
2026-05-09T15:10:32.201011+00:00,2026-05-09,BetRivers,betrivers,2977862,2344,LeBron_James,LeBron James,AST,7.5,-130.0,-105.0,0.5246062992125985,0.4753937007874017,7.5,7.5,7.5,-130.0,-105.0,provisional_current_snapshot_not_closing,LAL,OKC,rotowire_current_board,True,True,True,True
2026-05-09T15:10:32.201011+00:00,2026-05-09,Caesars,caesars,2977862,2344,LeBron_James,LeBron James,AST,7.5,-118.0,-113.0,0.5050233081498151,0.4949766918501849,7.5,7.5,7.5,-118.0,-113.0,provisional_current_snapshot_not_closing,LAL,OKC,rotowire_current_board,True,True,True,True
2026-05-09T15:10:32.201011+00:00,2026-05-09,DraftKings,draftkings,2977862,2344,LeBron_James,LeBron James,AST,7.5,-119.0,-111.0,0.5080942166821806,0.4919057833178194,7.5,7.5,7.5,-119.0,-111.0,provisional_current_snapshot_not_closing,LAL,OKC,rotowire_current_board,True,True,True,True
2026-05-09T15:10:32.201011+00:00,2026-05-09,Fanatics,fanatics,2977862,2344,LeBron_James,LeBron James,AST,7.5,-115.0,-115.0,0.5,0.5,7.5,7.5,7.5,-115.0,-115.0,provisional_current_snapshot_not_closing,LAL,OKC,rotowire_current_board,True,True,True,True
2026-05-09T15:10:32.201011+00:00,2026-05-09,FanDuel,fanduel,2977862,2344,LeBron_James,LeBron James,AST,7.5,-113.0,-114.0,0.49896830637173983,0.50103169362826,7.5,7.5,7.5,-113.0,-114.0,provisional_current_snapshot_not_closing,LAL,OKC,rotowire_current_board,True,True,True,True
2026-05-09T15:10:32.201011+00:00,2026-05-09,Hard Rock,hardrock,2977862,2344,LeBron_James,LeBron James,AST,7.5,-115.0,-115.0,0.5,0.5,7.5,7.5,7.5,-115.0,-115.0,provisional_current_snapshot_not_closing,LAL,OKC,rotowire_current_board,True,True,True,True
2026-05-09T15:10:32.201011+00:00,2026-05-09,BetMGM,mgm,2977862,2344,LeBron_James,LeBron James,AST,7.5,-130.0,-105.0,0.5246062992125985,0.4753937007874017,7.5,7.5,7.5,-130.0,-105.0,provisional_current_snapshot_not_closing,LAL,OKC,rotowire_current_board,True,True,True,True
2026-05-09T15:10:32.201011+00:00,2026-05-09,theScore,thescore,2977862,2344,LeBron_James,LeBron James,AST,7.5,-115.0,-115.0,0.5,0.5,7.5,7.5,7.5,-115.0,-115.0,provisional_current_snapshot_not_closing,LAL,OKC,rotowire_current_board,True,True,True,True
2026-05-09T15:10:32.201011+00:00,2026-05-09,BetRivers,betrivers,2977862,4387,Shai_Gilgeous-Alexander,Shai Gilgeous-Alexander,AST,6.5,-132.0,-104.0,0.5274208712002507,0.4725791287997492,6.5,6.5,6.5,-132.0,-104.0,provisional_current_snapshot_not_closing,OKC,@LAL,rotowire_current_board,True,True,True,True
2026-05-09T15:10:32.201011+00:00,2026-05-09,Caesars,caesars,2977862,4387,Shai_Gilgeous-Alexander,Shai Gilgeous-Alexander,AST,6.5,-130.0,100.0,0.5306122448979592,0.4693877551020409,6.5,6.5,6.5,-130.0,100.0,provisional_current_snapshot_not_closing,OKC,@LAL,rotowire_current_board,True,True,True,True
2026-05-09T15:10:32.201011+00:00,2026-05-09,DraftKings,draftkings,2977862,4387,Shai_Gilgeous-Alexander,Shai Gilgeous-Alexander,AST,6.5,-132.0,100.0,0.532258064516129,0.4677419354838709,6.5,6.5,6.5,-132.0,100.0,provisional_current_snapshot_not_closing,OKC,@LAL,rotowire_current_board,True,True,True,True
2026-05-09T15:10:32.201011+00:00,2026-05-09,Fanatics,fanatics,2977862,4387,Shai_Gilgeous-Alexander,Shai Gilgeous-Alexander,AST,6.5,-140.0,105.0,0.5445920303605313,0.4554079696394686,6.5,6.5,6.5,-140.0,105.0,provisional_current_snapshot_not_closing,OKC,@LAL,rotowire_current_board,True,True,True,True
2026-05-09T15:10:32.201011+00:00,2026-05-09,FanDuel,fanduel,2977862,4387,Shai_Gilgeous-Alexander,Shai Gilgeous-Alexander,AST,6.5,-144.0,108.0,0.5510744774801295,0.44892552251987045,6.5,6.5,6.5,-144.0,108.0,provisional_current_snapshot_not_closing,OKC,@LAL,rotowire_current_board,True,True,True,True
2026-05-09T15:10:32.201011+00:00,2026-05-09,Hard Rock,hardrock,2977862,4387,Shai_Gilgeous-Alexander,Shai Gilgeous-Alexander,AST,6.5,-135.0,105.0,0.5407914020517831,0.4592085979482169,6.5,6.5,6.5,-135.0,105.0,provisional_current_snapshot_not_closing,OKC,@LAL,rotowire_current_board,True,True,True,True
2026-05-09T15:10:32.201011+00:00,2026-05-09,BetMGM,mgm,2977862,4387,Shai_Gilgeous-Alexander,Shai Gilgeous-Alexander,AST,6.5,-120.0,-110.0,0.5101214574898786,0.48987854251012153,6.5,6.5,6.5,-120.0,-110.0,provisional_current_snapshot_not_closing,OKC,@LAL,rotowire_current_board,True,True,True,True
2026-05-09T15:10:32.201011+00:00,2026-05-09,theScore,thescore,2977862,4387,Shai_Gilgeous-Alexander,Shai Gilgeous-Alexander,AST,6.5,-130.0,100.0,0.5306122448979592,0.4693877551020409,6.5,6.5,6.5,-130.0,100.0,provisional_current_snapshot_not_closing,OKC,@LAL,rotowire_current_board,True,True,True,True
2026-05-09T15:10:32.201011+00:00,2026-05-09,BetRivers,betrivers,2977854,3018,James_Harden,James Harden,AST,6.5,-139.0,102.0,0.5401900804186387,0.45980991958136136,6.5,6.5,6.5,-139.0,102.0,provisional_current_snapshot_not_closing,CLE,DET,rotowire_current_board,True,True,True,True
2026-05-09T15:10:32.201011+00:00,2026-05-09,Caesars,caesars,2977854,3018,James_Harden,James Harden,AST,6.5,-122.0,-109.0,0.5130795235028978,0.4869204764971024,6.5,6.5,6.5,-122.0,-109.0,provisional_current_snapshot_not_closing,CLE,DET,rotowire_current_board,True,True,True,True
2026-05-09T15:10:32.201011+00:00,2026-05-09,DraftKings,draftkings,2977854,3018,James_Harden,James Harden,AST,6.5,-117.0,-110.0,0.5072254335260115,0.49277456647398843,6.5,6.5,6.5,-117.0,-110.0,provisional_current_snapshot_not_closing,CLE,DET,rotowire_current_board,True,True,True,True
2026-05-09T15:10:32.201011+00:00,2026-05-09,Fanatics,fanatics,2977854,3018,James_Harden,James Harden,AST,6.5,-115.0,-115.0,0.5,0.5,6.5,6.5,6.5,-115.0,-115.0,provisional_current_snapshot_not_closing,CLE,DET,rotowire_current_board,True,True,True,True
2026-05-09T15:10:32.201011+00:00,2026-05-09,FanDuel,fanduel,2977854,3018,James_Harden,James Harden,AST,6.5,-120.0,-110.0,0.5101214574898786,0.48987854251012153,6.5,6.5,6.5,-120.0,-110.0,provisional_current_snapshot_not_closing,CLE,DET,rotowire_current_board,True,True,True,True
2026-05-09T15:10:32.201011+00:00,2026-05-09,Hard Rock,hardrock,2977854,3018,James_Harden,James Harden,AST,6.5,-125.0,-105.0,0.5203045685279188,0.4796954314720812,6.5,6.5,6.5,-125.0,-105.0,provisional_current_snapshot_not_closing,CLE,DET,rotowire_current_board,True,True,True,True
2026-05-09T15:10:32.201011+00:00,2026-05-09,BetMGM,mgm,2977854,3018,James_Harden,James Harden,AST,6.5,-115.0,-115.0,0.5,0.5,6.5,6.5,6.5,-115.0,-115.0,provisional_current_snapshot_not_closing,CLE,DET,rotowire_current_board,True,True,True,True
2026-05-09T15:10:32.201011+00:00,2026-05-09,theScore,thescore,2977854,3018,James_Harden,James Harden,AST,6.5,-125.0,-110.0,0.5147058823529411,0.48529411764705876,6.5,6.5,6.5,-125.0,-110.0,provisional_current_snapshot_not_closing,CLE,DET,rotowire_current_board,True,True,True,True
2026-05-09T15:10:32.201011+00:00,2026-05-09,BetRivers,betrivers,2977862,5334,Austin_Reaves,Austin Reaves,AST,5.5,-109.0,-124.0,0.48509894301835804,0.5149010569816419,5.5,5.5,5.5,-109.0,-124.0,provisional_current_snapshot_not_closing,LAL,OKC,rotowire_current_board,True,True,True,True
2026-05-09T15:10:32.201011+00:00,2026-05-09,Caesars,caesars,2977862,5334,Austin_Reaves,Austin Reaves,AST,5.5,-137.0,108.0,0.5459422177944669,0.45405778220553294,5.5,5.5,5.5,-137.0,108.0,provisional_current_snapshot_not_closing,LAL,OKC,rotowire_current_board,True,True,True,True
2026-05-09T15:10:32.201011+00:00,2026-05-09,DraftKings,draftkings,2977862,5334,Austin_Reaves,Austin Reaves,AST,5.5,-143.0,108.0,0.5503663681444749,0.4496336318555252,5.5,5.5,5.5,-143.0,108.0,provisional_current_snapshot_not_closing,LAL,OKC,rotowire_current_board,True,True,True,True
2026-05-09T15:10:32.201011+00:00,2026-05-09,Fanatics,fanatics,2977862,5334,Austin_Reaves,Austin Reaves,AST,5.5,-140.0,105.0,0.5445920303605313,0.4554079696394686,5.5,5.5,5.5,-140.0,105.0,provisional_current_snapshot_not_closing,LAL,OKC,rotowire_current_board,True,True,True,True
2026-05-09T15:10:32.201011+00:00,2026-05-09,FanDuel,fanduel,2977862,5334,Austin_Reaves,Austin Reaves,AST,5.5,-140.0,108.0,0.5481927710843374,0.45180722891566266,5.5,5.5,5.5,-140.0,108.0,provisional_current_snapshot_not_closing,LAL,OKC,rotowire_current_board,True,True,True,True
2026-05-09T15:10:32.201011+00:00,2026-05-09,Hard Rock,hardrock,2977862,5334,Austin_Reaves,Austin Reaves,AST,5.5,-130.0,100.0,0.5306122448979592,0.4693877551020409,5.5,5.5,5.5,-130.0,100.0,provisional_current_snapshot_not_closing,LAL,OKC,rotowire_current_board,True,True,True,True
2026-05-09T15:10:32.201011+00:00,2026-05-09,BetMGM,mgm,2977862,5334,Austin_Reaves,Austin Reaves,AST,5.5,-145.0,105.0,0.5481788842784694,0.45182111572153066,5.5,5.5,5.5,-145.0,105.0,provisional_current_snapshot_not_closing,LAL,OKC,rotowire_current_board,True,True,True,True
2026-05-09T15:10:32.201011+00:00,2026-05-09,theScore,thescore,2977862,5334,Austin_Reaves,Austin Reaves,AST,5.5,-145.0,110.0,0.554140127388535,0.4458598726114649,5.5,5.5,5.5,-145.0,110.0,provisional_current_snapshot_not_closing,LAL,OKC,rotowire_current_board,True,True,True,True
2026-05-09T15:10:32.201011+00:00,2026-05-09,BetRivers,betrivers,2977854,6336,Daniss_Jenkins,Daniss Jenkins,AST,3.5,102.0,-136.0,0.46209273182957394,0.5379072681704261,3.5,3.5,3.5,102.0,-136.0,provisional_current_snapshot_not_closing,DET,@CLE,rotowire_current_board,True,True,True,True
2026-05-09T15:10:32.201011+00:00,2026-05-09,Caesars,caesars,2977854,6336,Daniss_Jenkins,Daniss Jenkins,AST,3.5,107.0,-143.0,0.45082651527800965,0.5491734847219903,3.5,3.5,3.5,107.0,-143.0,provisional_current_snapshot_not_closing,DET,@CLE,rotowire_current_board,True,True,True,True
2026-05-09T15:10:32.201011+00:00,2026-05-09,DraftKings,draftkings,2977854,6336,Daniss_Jenkins,Daniss Jenkins,AST,3.5,107.0,-140.0,0.4530011325028312,0.5469988674971688,3.5,3.5,3.5,107.0,-140.0,provisional_current_snapshot_not_closing,DET,@CLE,rotowire_current_board,True,True,True,True
2026-05-09T15:10:32.201011+00:00,2026-05-09,Fanatics,fanatics,2977854,6336,Daniss_Jenkins,Daniss Jenkins,AST,3.5,100.0,-130.0,0.4693877551020409,0.5306122448979592,3.5,3.5,3.5,100.0,-130.0,provisional_current_snapshot_not_closing,DET,@CLE,rotowire_current_board,True,True,True,True
2026-05-09T15:10:32.201011+00:00,2026-05-09,FanDuel,fanduel,2977854,6336,Daniss_Jenkins,Daniss Jenkins,AST,3.5,106.0,-138.0,0.4556942636133875,0.5443057363866126,3.5,3.5,3.5,106.0,-138.0,provisional_current_snapshot_not_closing,DET,@CLE,rotowire_current_board,True,True,True,True
2026-05-09T15:10:32.201011+00:00,2026-05-09,Hard Rock,hardrock,2977854,6336,Daniss_Jenkins,Daniss Jenkins,AST,3.5,110.0,-140.0,0.449438202247191,0.550561797752809,3.5,3.5,3.5,110.0,-140.0,provisional_current_snapshot_not_closing,DET,@CLE,rotowire_current_board,True,True,True,True
2026-05-09T15:10:32.201011+00:00,2026-05-09,BetMGM,mgm,2977854,6336,Daniss_Jenkins,Daniss Jenkins,AST,3.5,105.0,-140.0,0.4554079696394686,0.5445920303605313,3.5,3.5,3.5,105.0,-140.0,provisional_current_snapshot_not_closing,DET,@CLE,rotowire_current_board,True,True,True,True
2026-05-09T15:10:32.201011+00:00,2026-05-09,theScore,thescore,2977854,6336,Daniss_Jenkins,Daniss Jenkins,AST,3.5,105.0,-140.0,0.4554079696394686,0.5445920303605313,3.5,3.5,3.5,105.0,-140.0,provisional_current_snapshot_not_closing,DET,@CLE,rotowire_current_board,True,True,True,True
2026-05-09T15:10:32.201011+00:00,2026-05-09,BetRivers,betrivers,2977862,6289,Ajay_Mitchell,Ajay Mitchell,AST,3.5,-112.0,-121.0,0.49107213713197356,0.5089278628680263,3.5,3.5,3.5,-112.0,-121.0,provisional_current_snapshot_not_closing,OKC,@LAL,rotowire_current_board,True,True,True,True
2026-05-09T15:10:32.201011+00:00,2026-05-09,Caesars,caesars,2977862,6289,Ajay_Mitchell,Ajay Mitchell,AST,3.5,-124.0,-108.0,0.5160051216389244,0.4839948783610755,3.5,3.5,3.5,-124.0,-108.0,provisional_current_snapshot_not_closing,OKC,@LAL,rotowire_current_board,True,True,True,True
2026-05-09T15:10:32.201011+00:00,2026-05-09,DraftKings,draftkings,2977862,6289,Ajay_Mitchell,Ajay Mitchell,AST,3.5,-119.0,-110.0,0.5091687041564792,0.49083129584352075,3.5,3.5,3.5,-119.0,-110.0,provisional_current_snapshot_not_closing,OKC,@LAL,rotowire_current_board,True,True,True,True
2026-05-09T15:10:32.201011+00:00,2026-05-09,Fanatics,fanatics,2977862,6289,Ajay_Mitchell,Ajay Mitchell,AST,3.5,-125.0,-105.0,0.5203045685279188,0.4796954314720812,3.5,3.5,3.5,-125.0,-105.0,provisional_current_snapshot_not_closing,OKC,@LAL,rotowire_current_board,True,True,True,True
2026-05-09T15:10:32.201011+00:00,2026-05-09,FanDuel,fanduel,2977862,6289,Ajay_Mitchell,Ajay Mitchell,AST,3.5,-128.0,100.0,0.5289256198347108,0.4710743801652893,3.5,3.5,3.5,-128.0,100.0,provisional_current_snapshot_not_closing,OKC,@LAL,rotowire_current_board,True,True,True,True
2026-05-09T15:10:32.201011+00:00,2026-05-09,Hard Rock,hardrock,2977862,6289,Ajay_Mitchell,Ajay Mitchell,AST,3.5,-125.0,-105.0,0.5203045685279188,0.4796954314720812,3.5,3.5,3.5,-125.0,-105.0,provisional_current_snapshot_not_closing,OKC,@LAL,rotowire_current_board,True,True,True,True
2026-05-09T15:10:32.201011+00:00,2026-05-09,BetMGM,mgm,2977862,6289,Ajay_Mitchell,Ajay Mitchell,AST,3.5,-130.0,-105.0,0.5246062992125985,0.4753937007874017,3.5,3.5,3.5,-130.0,-105.0,provisional_current_snapshot_not_closing,OKC,@LAL,rotowire_current_board,True,True,True,True
2026-05-09T15:10:32.201011+00:00,2026-05-09,theScore,thescore,2977862,6289,Ajay_Mitchell,Ajay Mitchell,AST,3.5,-115.0,-115.0,0.5,0.5,3.5,3.5,3.5,-115.0,-115.0,provisional_current_snapshot_not_closing,OKC,@LAL,rotowire_current_board,True,True,True,True
2026-05-09T15:10:32.201011+00:00,2026-05-09,BetRivers,betrivers,2977854,4166,Donovan_Mitchell,Donovan Mitchell,AST,3.5,-141.0,104.0,0.544113196125908,0.45588680387409203,3.5,3.5,3.5,-141.0,104.0,provisional_current_snapshot_not_closing,CLE,DET,rotowire_current_board,True,True,True,True
2026-05-09T15:10:32.201011+00:00,2026-05-09,Caesars,caesars,2977854,4166,Donovan_Mitchell,Donovan Mitchell,AST,3.5,-159.0,120.0,0.5745729303547964,0.4254270696452037,3.5,3.5,3.5,-159.0,120.0,provisional_current_snapshot_not_closing,CLE,DET,rotowire_current_board,True,True,True,True
2026-05-09T15:10:32.201011+00:00,2026-05-09,DraftKings,draftkings,2977854,4166,Donovan_Mitchell,Donovan Mitchell,AST,3.5,-160.0,121.0,0.576271186440678,0.42372881355932207,3.5,3.5,3.5,-160.0,121.0,provisional_current_snapshot_not_closing,CLE,DET,rotowire_current_board,True,True,True,True
2026-05-09T15:10:32.201011+00:00,2026-05-09,Fanatics,fanatics,2977854,4166,Donovan_Mitchell,Donovan Mitchell,AST,3.5,-175.0,125.0,0.5887850467289719,0.41121495327102797,3.5,3.5,3.5,-175.0,125.0,provisional_current_snapshot_not_closing,CLE,DET,rotowire_current_board,True,True,True,True
2026-05-09T15:10:32.201011+00:00,2026-05-09,FanDuel,fanduel,2977854,4166,Donovan_Mitchell,Donovan Mitchell,AST,3.5,-166.0,128.0,0.5872641509433962,0.41273584905660377,3.5,3.5,3.5,-166.0,128.0,provisional_current_snapshot_not_closing,CLE,DET,rotowire_current_board,True,True,True,True
2026-05-09T15:10:32.201011+00:00,2026-05-09,Hard Rock,hardrock,2977854,4166,Donovan_Mitchell,Donovan Mitchell,AST,3.5,-155.0,120.0,0.5721476510067114,0.4278523489932886,3.5,3.5,3.5,-155.0,120.0,provisional_current_snapshot_not_closing,CLE,DET,rotowire_current_board,True,True,True,True
2026-05-09T15:10:32.201011+00:00,2026-05-09,BetMGM,mgm,2977854,4166,Donovan_Mitchell,Donovan Mitchell,AST,3.5,-160.0,120.0,0.5751633986928104,0.4248366013071895,3.5,3.5,3.5,-160.0,120.0,provisional_current_snapshot_not_closing,CLE,DET,rotowire_current_board,True,True,True,True
2026-05-09T15:10:32.201011+00:00,2026-05-09,theScore,thescore,2977854,4166,Donovan_Mitchell,Donovan Mitchell,AST,3.5,-150.0,115.0,0.5633187772925764,0.43668122270742354,3.5,3.5,3.5,-150.0,115.0,provisional_current_snapshot_not_closing,CLE,DET,rotowire_current_board,True,True,True,True
2026-05-09T15:10:32.201011+00:00,2026-05-09,BetRivers,betrivers,2977854,5355,Evan_Mobley,Evan Mobley,AST,3.5,118.0,-157.0,0.4288622634582652,0.5711377365417348,3.5,3.5,3.5,118.0,-157.0,provisional_current_snapshot_not_closing,CLE,DET,rotowire_current_board,True,True,True,True
2026-05-09T15:10:32.201011+00:00,2026-05-09,Caesars,caesars,2977854,5355,Evan_Mobley,Evan Mobley,AST,3.5,114.0,-152.0,0.43652993348115304,0.563470066518847,3.5,3.5,3.5,114.0,-152.0,provisional_current_snapshot_not_closing,CLE,DET,rotowire_current_board,True,True,True,True
2026-05-09T15:10:32.201011+00:00,2026-05-09,DraftKings,draftkings,2977854,5355,Evan_Mobley,Evan Mobley,AST,3.5,109.0,-142.0,0.4491629236423029,0.550837076357697,3.5,3.5,3.5,109.0,-142.0,provisional_current_snapshot_not_closing,CLE,DET,rotowire_current_board,True,True,True,True
2026-05-09T15:10:32.201011+00:00,2026-05-09,Fanatics,fanatics,2977854,5355,Evan_Mobley,Evan Mobley,AST,3.5,115.0,-150.0,0.43668122270742354,0.5633187772925764,3.5,3.5,3.5,115.0,-150.0,provisional_current_snapshot_not_closing,CLE,DET,rotowire_current_board,True,True,True,True
2026-05-09T15:10:32.201011+00:00,2026-05-09,FanDuel,fanduel,2977854,5355,Evan_Mobley,Evan Mobley,AST,3.5,124.0,-160.0,0.4204398447606727,0.5795601552393274,3.5,3.5,3.5,124.0,-160.0,provisional_current_snapshot_not_closing,CLE,DET,rotowire_current_board,True,True,True,True
2026-05-09T15:10:32.201011+00:00,2026-05-09,Hard Rock,hardrock,2977854,5355,Evan_Mobley,Evan Mobley,AST,3.5,120.0,-155.0,0.4278523489932886,0.5721476510067114,3.5,3.5,3.5,120.0,-155.0,provisional_current_snapshot_not_closing,CLE,DET,rotowire_current_board,True,True,True,True
2026-05-09T15:10:32.201011+00:00,2026-05-09,BetMGM,mgm,2977854,5355,Evan_Mobley,Evan Mobley,AST,2.5,-175.0,130.0,0.5940959409594095,0.4059040590405904,2.5,2.5,2.5,-175.0,130.0,provisional_current_snapshot_not_closing,CLE,DET,rotowire_current_board,True,True,True,True
2026-05-09T15:10:32.201011+00:00,2026-05-09,theScore,thescore,2977854,5355,Evan_Mobley,Evan Mobley,AST,3.5,115.0,-150.0,0.43668122270742354,0.5633187772925764,3.5,3.5,3.5,115.0,-150.0,provisional_current_snapshot_not_closing,CLE,DET,rotowire_current_board,True,True,True,True
2026-05-09T15:10:32.201011+00:00,2026-05-09,BetRivers,betrivers,2977862,3575,Marcus_Smart,Marcus Smart,AST,3.5,-132.0,-104.0,0.5274208712002507,0.4725791287997492,3.5,3.5,3.5,-132.0,-104.0,provisional_current_snapshot_not_closing,LAL,OKC,rotowire_current_board,True,True,True,True
2026-05-09T15:10:32.201011+00:00,2026-05-09,Caesars,caesars,2977862,3575,Marcus_Smart,Marcus Smart,AST,3.5,-148.0,112.0,0.5585303332383936,0.44146966676160637,3.5,3.5,3.5,-148.0,112.0,provisional_current_snapshot_not_closing,LAL,OKC,rotowire_current_board,True,True,True,True
2026-05-09T15:10:32.201011+00:00,2026-05-09,DraftKings,draftkings,2977862,3575,Marcus_Smart,Marcus Smart,AST,3.5,-154.0,117.0,0.5681594069842565,0.43184059301574346,3.5,3.5,3.5,-154.0,117.0,provisional_current_snapshot_not_closing,LAL,OKC,rotowire_current_board,True,True,True,True
2026-05-09T15:10:32.201011+00:00,2026-05-09,Fanatics,fanatics,2977862,3575,Marcus_Smart,Marcus Smart,AST,3.5,-150.0,115.0,0.5633187772925764,0.43668122270742354,3.5,3.5,3.5,-150.0,115.0,provisional_current_snapshot_not_closing,LAL,OKC,rotowire_current_board,True,True,True,True
2026-05-09T15:10:32.201011+00:00,2026-05-09,FanDuel,fanduel,2977862,3575,Marcus_Smart,Marcus Smart,AST,3.5,-140.0,108.0,0.5481927710843374,0.45180722891566266,3.5,3.5,3.5,-140.0,108.0,provisional_current_snapshot_not_closing,LAL,OKC,rotowire_current_board,True,True,True,True
2026-05-09T15:10:32.201011+00:00,2026-05-09,Hard Rock,hardrock,2977862,3575,Marcus_Smart,Marcus Smart,AST,3.5,-150.0,115.0,0.5633187772925764,0.43668122270742354,3.5,3.5,3.5,-150.0,115.0,provisional_current_snapshot_not_closing,LAL,OKC,rotowire_current_board,True,True,True,True
2026-05-09T15:10:32.201011+00:00,2026-05-09,BetMGM,mgm,2977862,3575,Marcus_Smart,Marcus Smart,AST,3.5,-150.0,110.0,0.5575221238938053,0.4424778761061947,3.5,3.5,3.5,-150.0,110.0,provisional_current_snapshot_not_closing,LAL,OKC,rotowire_current_board,True,True,True,True
2026-05-09T15:10:32.201011+00:00,2026-05-09,theScore,thescore,2977862,3575,Marcus_Smart,Marcus Smart,AST,3.5,-145.0,110.0,0.554140127388535,0.4458598726114649,3.5,3.5,3.5,-145.0,110.0,provisional_current_snapshot_not_closing,LAL,OKC,rotowire_current_board,True,True,True,True
2026-05-09T15:10:32.201011+00:00,2026-05-09,BetRivers,betrivers,2977854,5932,Ausar_Thompson,Ausar Thompson,AST,3.5,123.0,-162.0,0.4203703109456728,0.5796296890543273,3.5,3.5,3.5,123.0,-162.0,provisional_current_snapshot_not_closing,DET,@CLE,rotowire_current_board,True,True,True,True
2026-05-09T15:10:32.201011+00:00,2026-05-09,Caesars,caesars,2977854,5932,Ausar_Thompson,Ausar Thompson,AST,3.5,120.0,-159.0,0.4254270696452037,0.5745729303547964,3.5,3.5,3.5,120.0,-159.0,provisional_current_snapshot_not_closing,DET,@CLE,rotowire_current_board,True,True,True,True
2026-05-09T15:10:32.201011+00:00,2026-05-09,DraftKings,draftkings,2977854,5932,Ausar_Thompson,Ausar Thompson,AST,3.5,119.0,-155.0,0.4289679535705274,0.5710320464294727,3.5,3.5,3.5,119.0,-155.0,provisional_current_snapshot_not_closing,DET,@CLE,rotowire_current_board,True,True,True,True
2026-05-09T15:10:32.201011+00:00,2026-05-09,Fanatics,fanatics,2977854,5932,Ausar_Thompson,Ausar Thompson,AST,3.5,120.0,-165.0,0.42197452229299365,0.5780254777070064,3.5,3.5,3.5,120.0,-165.0,provisional_current_snapshot_not_closing,DET,@CLE,rotowire_current_board,True,True,True,True
2026-05-09T15:10:32.201011+00:00,2026-05-09,FanDuel,fanduel,2977854,5932,Ausar_Thompson,Ausar Thompson,AST,3.5,124.0,-160.0,0.4204398447606727,0.5795601552393274,3.5,3.5,3.5,124.0,-160.0,provisional_current_snapshot_not_closing,DET,@CLE,rotowire_current_board,True,True,True,True
2026-05-09T15:10:32.201011+00:00,2026-05-09,Hard Rock,hardrock,2977854,5932,Ausar_Thompson,Ausar Thompson,AST,3.5,120.0,-155.0,0.4278523489932886,0.5721476510067114,3.5,3.5,3.5,120.0,-155.0,provisional_current_snapshot_not_closing,DET,@CLE,rotowire_current_board,True,True,True,True
2026-05-09T15:10:32.201011+00:00,2026-05-09,BetMGM,mgm,2977854,5932,Ausar_Thompson,Ausar Thompson,AST,3.5,115.0,-155.0,0.43348916277093075,0.5665108372290693,3.5,3.5,3.5,115.0,-155.0,provisional_current_snapshot_not_closing,DET,@CLE,rotowire_current_board,True,True,True,True
2026-05-09T15:10:32.201011+00:00,2026-05-09,theScore,thescore,2977854,5932,Ausar_Thompson,Ausar Thompson,AST,3.5,120.0,-160.0,0.4248366013071895,0.5751633986928104,3.5,3.5,3.5,120.0,-160.0,provisional_current_snapshot_not_closing,DET,@CLE,rotowire_current_board,True,True,True,True
2026-05-09T15:10:32.201011+00:00,2026-05-09,DraftKings,draftkings,2977862,3952,Alex_Caruso,Alex Caruso,AST,1.5,-163.0,124.0,0.5812901993249697,0.4187098006750303,1.5,1.5,1.5,-163.0,124.0,provisional_current_snapshot_not_closing,OKC,@LAL,rotowire_current_board,True,True,True,True
2026-05-09T15:10:32.201011+00:00,2026-05-09,Fanatics,fanatics,2977862,3952,Alex_Caruso,Alex Caruso,AST,1.5,-165.0,120.0,0.5780254777070064,0.42197452229299365,1.5,1.5,1.5,-165.0,120.0,provisional_current_snapshot_not_closing,OKC,@LAL,rotowire_current_board,True,True,True,True
2026-05-09T15:10:32.201011+00:00,2026-05-09,Hard Rock,hardrock,2977862,3952,Alex_Caruso,Alex Caruso,AST,1.5,-150.0,115.0,0.5633187772925764,0.43668122270742354,1.5,1.5,1.5,-150.0,115.0,provisional_current_snapshot_not_closing,OKC,@LAL,rotowire_current_board,True,True,True,True
2026-05-09T15:10:32.201011+00:00,2026-05-09,DraftKings,draftkings,2977854,5703,Jalen_Duren,Jalen Duren,AST,2.5,143.0,-189.0,0.3862242238764083,0.6137757761235918,2.5,2.5,2.5,143.0,-189.0,provisional_current_snapshot_not_closing,DET,@CLE,rotowire_current_board,True,True,True,True
2026-05-09T15:10:32.201011+00:00,2026-05-09,Fanatics,fanatics,2977854,5703,Jalen_Duren,Jalen Duren,AST,2.5,130.0,-190.0,0.3988995873452545,0.6011004126547456,2.5,2.5,2.5,130.0,-190.0,provisional_current_snapshot_not_closing,DET,@CLE,rotowire_current_board,True,True,True,True
2026-05-09T15:10:32.201011+00:00,2026-05-09,FanDuel,fanduel,2977854,5703,Jalen_Duren,Jalen Duren,AST,1.5,-180.0,140.0,0.6067415730337079,0.39325842696629215,1.5,1.5,1.5,-180.0,140.0,provisional_current_snapshot_not_closing,DET,@CLE,rotowire_current_board,True,True,True,True
2026-05-09T15:10:32.201011+00:00,2026-05-09,Hard Rock,hardrock,2977854,5703,Jalen_Duren,Jalen Duren,AST,1.5,-180.0,140.0,0.6067415730337079,0.39325842696629215,1.5,1.5,1.5,-180.0,140.0,provisional_current_snapshot_not_closing,DET,@CLE,rotowire_current_board,True,True,True,True
2026-05-09T15:10:32.201011+00:00,2026-05-09,BetMGM,mgm,2977854,5703,Jalen_Duren,Jalen Duren,AST,1.5,-160.0,120.0,0.5751633986928104,0.4248366013071895,1.5,1.5,1.5,-160.0,120.0,provisional_current_snapshot_not_closing,DET,@CLE,rotowire_current_board,True,True,True,True
2026-05-09T15:10:32.201011+00:00,2026-05-09,theScore,thescore,2977854,5703,Jalen_Duren,Jalen Duren,AST,1.5,-180.0,135.0,0.6017069701280228,0.3982930298719772,1.5,1.5,1.5,-180.0,135.0,provisional_current_snapshot_not_closing,DET,@CLE,rotowire_current_board,True,True,True,True
2026-05-09T15:10:32.201011+00:00,2026-05-09,BetRivers,betrivers,2977862,4147,Isaiah_Hartenstein,Isaiah Hartenstein,AST,2.5,-134.0,100.0,0.5338645418326693,0.4661354581673307,2.5,2.5,2.5,-134.0,100.0,provisional_current_snapshot_not_closing,OKC,@LAL,rotowire_current_board,True,True,True,True
2026-05-09T15:10:32.201011+00:00,2026-05-09,DraftKings,draftkings,2977862,4147,Isaiah_Hartenstein,Isaiah Hartenstein,AST,2.5,-138.0,105.0,0.5430984833941255,0.45690151660587436,2.5,2.5,2.5,-138.0,105.0,provisional_current_snapshot_not_closing,OKC,@LAL,rotowire_current_board,True,True,True,True
2026-05-09T15:10:32.201011+00:00,2026-05-09,Fanatics,fanatics,2977862,4147,Isaiah_Hartenstein,Isaiah Hartenstein,AST,2.5,-130.0,100.0,0.5306122448979592,0.4693877551020409,2.5,2.5,2.5,-130.0,100.0,provisional_current_snapshot_not_closing,OKC,@LAL,rotowire_current_board,True,True,True,True
2026-05-09T15:10:32.201011+00:00,2026-05-09,FanDuel,fanduel,2977862,4147,Isaiah_Hartenstein,Isaiah Hartenstein,AST,2.5,-128.0,-104.0,0.5240847784200385,0.47591522157996147,2.5,2.5,2.5,-128.0,-104.0,provisional_current_snapshot_not_closing,OKC,@LAL,rotowire_current_board,True,True,True,True
2026-05-09T15:10:32.201011+00:00,2026-05-09,Hard Rock,hardrock,2977862,4147,Isaiah_Hartenstein,Isaiah Hartenstein,AST,2.5,-130.0,100.0,0.5306122448979592,0.4693877551020409,2.5,2.5,2.5,-130.0,100.0,provisional_current_snapshot_not_closing,OKC,@LAL,rotowire_current_board,True,True,True,True
2026-05-09T15:10:32.201011+00:00,2026-05-09,BetMGM,mgm,2977862,4147,Isaiah_Hartenstein,Isaiah Hartenstein,AST,2.5,-140.0,105.0,0.5445920303605313,0.4554079696394686,2.5,2.5,2.5,-140.0,105.0,provisional_current_snapshot_not_closing,OKC,@LAL,rotowire_current_board,True,True,True,True
2026-05-09T15:10:32.201011+00:00,2026-05-09,theScore,thescore,2977862,4147,Isaiah_Hartenstein,Isaiah Hartenstein,AST,2.5,-130.0,100.0,0.5306122448979592,0.4693877551020409,2.5,2.5,2.5,-130.0,100.0,provisional_current_snapshot_not_closing,OKC,@LAL,rotowire_current_board,True,True,True,True
2026-05-09T15:10:32.201011+00:00,2026-05-09,BetRivers,betrivers,2977862,4123,Luke_Kennard,Luke Kennard,AST,1.5,-165.0,120.0,0.5780254777070064,0.42197452229299365,1.5,1.5,1.5,-165.0,120.0,provisional_current_snapshot_not_closing,LAL,OKC,rotowire_current_board,True,True,True,True
2026-05-09T15:10:32.201011+00:00,2026-05-09,Fanatics,fanatics,2977862,4123,Luke_Kennard,Luke Kennard,AST,2.5,135.0,-210.0,0.38581207218419417,0.6141879278158058,2.5,2.5,2.5,135.0,-210.0,provisional_current_snapshot_not_closing,LAL,OKC,rotowire_current_board,True,True,True,True
2026-05-09T15:10:32.201011+00:00,2026-05-09,Hard Rock,hardrock,2977862,4123,Luke_Kennard,Luke Kennard,AST,1.5,-185.0,140.0,0.6090534979423868,0.39094650205761317,1.5,1.5,1.5,-185.0,140.0,provisional_current_snapshot_not_closing,LAL,OKC,rotowire_current_board,True,True,True,True
2026-05-09T15:10:32.201011+00:00,2026-05-09,BetMGM,mgm,2977862,4123,Luke_Kennard,Luke Kennard,AST,2.5,130.0,-175.0,0.4059040590405904,0.5940959409594095,2.5,2.5,2.5,130.0,-175.0,provisional_current_snapshot_not_closing,LAL,OKC,rotowire_current_board,True,True,True,True
2026-05-09T15:10:32.201011+00:00,2026-05-09,DraftKings,draftkings,2977854,4470,Duncan_Robinson,Duncan Robinson,AST,2.5,137.0,-181.0,0.3957913714664,0.6042086285336,2.5,2.5,2.5,137.0,-181.0,provisional_current_snapshot_not_closing,DET,@CLE,rotowire_current_board,True,True,True,True
2026-05-09T15:10:32.201011+00:00,2026-05-09,Fanatics,fanatics,2977854,4470,Duncan_Robinson,Duncan Robinson,AST,2.5,135.0,-210.0,0.38581207218419417,0.6141879278158058,2.5,2.5,2.5,135.0,-210.0,provisional_current_snapshot_not_closing,DET,@CLE,rotowire_current_board,True,True,True,True
2026-05-09T15:10:32.201011+00:00,2026-05-09,FanDuel,fanduel,2977854,4470,Duncan_Robinson,Duncan Robinson,AST,1.5,-194.0,148.0,0.6207038910104242,0.37929610898957583,1.5,1.5,1.5,-194.0,148.0,provisional_current_snapshot_not_closing,DET,@CLE,rotowire_current_board,True,True,True,True
2026-05-09T15:10:32.201011+00:00,2026-05-09,Hard Rock,hardrock,2977854,4470,Duncan_Robinson,Duncan Robinson,AST,2.5,140.0,-180.0,0.39325842696629215,0.6067415730337079,2.5,2.5,2.5,140.0,-180.0,provisional_current_snapshot_not_closing,DET,@CLE,rotowire_current_board,True,True,True,True
2026-05-09T15:10:32.201011+00:00,2026-05-09,BetMGM,mgm,2977854,4470,Duncan_Robinson,Duncan Robinson,AST,1.5,-160.0,120.0,0.5751633986928104,0.4248366013071895,1.5,1.5,1.5,-160.0,120.0,provisional_current_snapshot_not_closing,DET,@CLE,rotowire_current_board,True,True,True,True
2026-05-09T15:10:32.201011+00:00,2026-05-09,theScore,thescore,2977854,4470,Duncan_Robinson,Duncan Robinson,AST,2.5,145.0,-195.0,0.3817534778388871,0.6182465221611129,2.5,2.5,2.5,145.0,-195.0,provisional_current_snapshot_not_closing,DET,@CLE,rotowire_current_board,True,True,True,True
2026-05-09T15:10:32.201011+00:00,2026-05-09,Fanatics,fanatics,2977854,3444,Dennis_Schroder,Dennis Schroder,AST,2.5,-115.0,-115.0,0.5,0.5,2.5,2.5,2.5,-115.0,-115.0,provisional_current_snapshot_not_closing,CLE,DET,rotowire_current_board,True,True,True,True
2026-05-09T15:10:32.201011+00:00,2026-05-09,Hard Rock,hardrock,2977854,3444,Dennis_Schroder,Dennis Schroder,AST,2.5,-130.0,100.0,0.5306122448979592,0.4693877551020409,2.5,2.5,2.5,-130.0,100.0,provisional_current_snapshot_not_closing,CLE,DET,rotowire_current_board,True,True,True,True
2026-05-09T15:10:32.201011+00:00,2026-05-09,BetRivers,betrivers,2977862,5898,Cason_Wallace,Cason Wallace,AST,1.5,-182.0,130.0,0.5974878675421068,0.4025121324578932,1.5,1.5,1.5,-182.0,130.0,provisional_current_snapshot_not_closing,OKC,@LAL,rotowire_current_board,True,True,True,True
2026-05-09T15:10:32.201011+00:00,2026-05-09,DraftKings,draftkings,2977862,5898,Cason_Wallace,Cason Wallace,AST,1.5,-187.0,141.0,0.6109371399135114,0.38906286008648855,1.5,1.5,1.5,-187.0,141.0,provisional_current_snapshot_not_closing,OKC,@LAL,rotowire_current_board,True,True,True,True
2026-05-09T15:10:32.201011+00:00,2026-05-09,Fanatics,fanatics,2977862,5898,Cason_Wallace,Cason Wallace,AST,1.5,-210.0,135.0,0.6141879278158058,0.38581207218419417,1.5,1.5,1.5,-210.0,135.0,provisional_current_snapshot_not_closing,OKC,@LAL,rotowire_current_board,True,True,True,True
2026-05-09T15:10:32.201011+00:00,2026-05-09,FanDuel,fanduel,2977862,5898,Cason_Wallace,Cason Wallace,AST,1.5,-188.0,146.0,0.6162456028141988,0.383754397185801,1.5,1.5,1.5,-188.0,146.0,provisional_current_snapshot_not_closing,OKC,@LAL,rotowire_current_board,True,True,True,True
2026-05-09T15:10:32.201011+00:00,2026-05-09,Hard Rock,hardrock,2977862,5898,Cason_Wallace,Cason Wallace,AST,2.5,140.0,-185.0,0.39094650205761317,0.6090534979423868,2.5,2.5,2.5,140.0,-185.0,provisional_current_snapshot_not_closing,OKC,@LAL,rotowire_current_board,True,True,True,True
2026-05-09T15:10:32.201011+00:00,2026-05-09,BetMGM,mgm,2977862,5898,Cason_Wallace,Cason Wallace,AST,1.5,-165.0,125.0,0.5834970530451867,0.4165029469548134,1.5,1.5,1.5,-165.0,125.0,provisional_current_snapshot_not_closing,OKC,@LAL,rotowire_current_board,True,True,True,True
2026-05-09T15:10:32.201011+00:00,2026-05-09,theScore,thescore,2977862,5898,Cason_Wallace,Cason Wallace,AST,1.5,-190.0,140.0,0.6112600536193029,0.38873994638069703,1.5,1.5,1.5,-190.0,140.0,provisional_current_snapshot_not_closing,OKC,@LAL,rotowire_current_board,True,True,True,True
2026-05-09T15:10:32.201011+00:00,2026-05-09,Fanatics,fanatics,2977854,4122,Jarrett_Allen,Jarrett Allen,AST,1.5,110.0,-145.0,0.4458598726114649,0.554140127388535,1.5,1.5,1.5,110.0,-145.0,provisional_current_snapshot_not_closing,CLE,DET,rotowire_current_board,True,True,True,True
2026-05-09T15:10:32.201011+00:00,2026-05-09,Hard Rock,hardrock,2977854,4122,Jarrett_Allen,Jarrett Allen,AST,1.5,120.0,-150.0,0.4310344827586207,0.5689655172413793,1.5,1.5,1.5,120.0,-150.0,provisional_current_snapshot_not_closing,CLE,DET,rotowire_current_board,True,True,True,True
2026-05-09T15:10:32.201011+00:00,2026-05-09,BetMGM,mgm,2977854,4122,Jarrett_Allen,Jarrett Allen,AST,1.5,140.0,-190.0,0.38873994638069703,0.6112600536193029,1.5,1.5,1.5,140.0,-190.0,provisional_current_snapshot_not_closing,CLE,DET,rotowire_current_board,True,True,True,True
2026-05-09T15:10:32.201011+00:00,2026-05-09,theScore,thescore,2977854,4122,Jarrett_Allen,Jarrett Allen,AST,1.5,115.0,-150.0,0.43668122270742354,0.5633187772925764,1.5,1.5,1.5,115.0,-150.0,provisional_current_snapshot_not_closing,CLE,DET,rotowire_current_board,True,True,True,True
2026-05-09T15:10:32.201011+00:00,2026-05-09,DraftKings,draftkings,2977862,4808,Luguentz_Dort,Luguentz Dort,AST,0.5,-226.0,169.0,0.6509411739512175,0.3490588260487826,0.5,0.5,0.5,-226.0,169.0,provisional_current_snapshot_not_closing,OKC,@LAL,rotowire_current_board,True,True,True,True
2026-05-09T15:10:32.201011+00:00,2026-05-09,Fanatics,fanatics,2977862,4808,Luguentz_Dort,Luguentz Dort,AST,1.5,160.0,-275.0,0.3440366972477064,0.6559633027522935,1.5,1.5,1.5,160.0,-275.0,provisional_current_snapshot_not_closing,OKC,@LAL,rotowire_current_board,True,True,True,True
2026-05-09T15:10:32.201011+00:00,2026-05-09,Hard Rock,hardrock,2977862,4808,Luguentz_Dort,Luguentz Dort,AST,1.5,170.0,-225.0,0.34852546916890076,0.6514745308310992,1.5,1.5,1.5,170.0,-225.0,provisional_current_snapshot_not_closing,OKC,@LAL,rotowire_current_board,True,True,True,True
2026-05-09T15:10:32.201011+00:00,2026-05-09,DraftKings,draftkings,2977862,4778,Rui_Hachimura,Rui Hachimura,AST,0.5,-205.0,154.0,0.6306164466513261,0.36938355334867384,0.5,0.5,0.5,-205.0,154.0,provisional_current_snapshot_not_closing,LAL,OKC,rotowire_current_board,True,True,True,True
2026-05-09T15:10:32.201011+00:00,2026-05-09,Fanatics,fanatics,2977862,4778,Rui_Hachimura,Rui Hachimura,AST,1.5,150.0,-240.0,0.3617021276595745,0.6382978723404256,1.5,1.5,1.5,150.0,-240.0,provisional_current_snapshot_not_closing,LAL,OKC,rotowire_current_board,True,True,True,True
2026-05-09T15:10:32.201011+00:00,2026-05-09,Hard Rock,hardrock,2977862,4778,Rui_Hachimura,Rui Hachimura,AST,0.5,-220.0,165.0,0.6456256921373201,0.35437430786268,0.5,0.5,0.5,-220.0,165.0,provisional_current_snapshot_not_closing,LAL,OKC,rotowire_current_board,True,True,True,True
2026-05-09T15:10:32.201011+00:00,2026-05-09,BetMGM,mgm,2977862,4778,Rui_Hachimura,Rui Hachimura,AST,1.5,175.0,-235.0,0.3414012738853503,0.6585987261146496,1.5,1.5,1.5,175.0,-235.0,provisional_current_snapshot_not_closing,LAL,OKC,rotowire_current_board,True,True,True,True
2026-05-09T15:10:32.201011+00:00,2026-05-09,DraftKings,draftkings,2977854,3211,Tobias_Harris,Tobias Harris,AST,1.5,-136.0,103.0,0.5391345102327761,0.46086548976722386,1.5,1.5,1.5,-136.0,103.0,provisional_current_snapshot_not_closing,DET,@CLE,rotowire_current_board,True,True,True,True
2026-05-09T15:10:32.201011+00:00,2026-05-09,Fanatics,fanatics,2977854,3211,Tobias_Harris,Tobias Harris,AST,1.5,-145.0,110.0,0.554140127388535,0.4458598726114649,1.5,1.5,1.5,-145.0,110.0,provisional_current_snapshot_not_closing,DET,@CLE,rotowire_current_board,True,True,True,True
2026-05-09T15:10:32.201011+00:00,2026-05-09,FanDuel,fanduel,2977854,3211,Tobias_Harris,Tobias Harris,AST,1.5,-136.0,104.0,0.5403552508569648,0.45964474914303516,1.5,1.5,1.5,-136.0,104.0,provisional_current_snapshot_not_closing,DET,@CLE,rotowire_current_board,True,True,True,True
2026-05-09T15:10:32.201011+00:00,2026-05-09,Hard Rock,hardrock,2977854,3211,Tobias_Harris,Tobias Harris,AST,1.5,-140.0,110.0,0.550561797752809,0.449438202247191,1.5,1.5,1.5,-140.0,110.0,provisional_current_snapshot_not_closing,DET,@CLE,rotowire_current_board,True,True,True,True
2026-05-09T15:10:32.201011+00:00,2026-05-09,BetMGM,mgm,2977854,3211,Tobias_Harris,Tobias Harris,AST,1.5,-145.0,105.0,0.5481788842784694,0.45182111572153066,1.5,1.5,1.5,-145.0,105.0,provisional_current_snapshot_not_closing,DET,@CLE,rotowire_current_board,True,True,True,True
2026-05-09T15:10:32.201011+00:00,2026-05-09,theScore,thescore,2977854,3211,Tobias_Harris,Tobias Harris,AST,1.5,-140.0,105.0,0.5445920303605313,0.4554079696394686,1.5,1.5,1.5,-140.0,105.0,provisional_current_snapshot_not_closing,DET,@CLE,rotowire_current_board,True,True,True,True
2026-05-09T15:10:32.201011+00:00,2026-05-09,DraftKings,draftkings,2977862,5697,Chet_Holmgren,Chet Holmgren,AST,1.5,-117.0,-112.0,0.5050908202329559,0.494909179767044,1.5,1.5,1.5,-117.0,-112.0,provisional_current_snapshot_not_closing,OKC,@LAL,rotowire_current_board,True,True,True,True
2026-05-09T15:10:32.201011+00:00,2026-05-09,Fanatics,fanatics,2977862,5697,Chet_Holmgren,Chet Holmgren,AST,1.5,-125.0,-105.0,0.5203045685279188,0.4796954314720812,1.5,1.5,1.5,-125.0,-105.0,provisional_current_snapshot_not_closing,OKC,@LAL,rotowire_current_board,True,True,True,True
2026-05-09T15:10:32.201011+00:00,2026-05-09,FanDuel,fanduel,2977862,5697,Chet_Holmgren,Chet Holmgren,AST,1.5,-128.0,-102.0,0.5264701091382962,0.4735298908617039,1.5,1.5,1.5,-128.0,-102.0,provisional_current_snapshot_not_closing,OKC,@LAL,rotowire_current_board,True,True,True,True
2026-05-09T15:10:32.201011+00:00,2026-05-09,Hard Rock,hardrock,2977862,5697,Chet_Holmgren,Chet Holmgren,AST,1.5,-120.0,-110.0,0.5101214574898786,0.48987854251012153,1.5,1.5,1.5,-120.0,-110.0,provisional_current_snapshot_not_closing,OKC,@LAL,rotowire_current_board,True,True,True,True
2026-05-09T15:10:32.201011+00:00,2026-05-09,BetMGM,mgm,2977862,5697,Chet_Holmgren,Chet Holmgren,AST,1.5,-115.0,-115.0,0.5,0.5,1.5,1.5,1.5,-115.0,-115.0,provisional_current_snapshot_not_closing,OKC,@LAL,rotowire_current_board,True,True,True,True
2026-05-09T15:10:32.201011+00:00,2026-05-09,theScore,thescore,2977862,5697,Chet_Holmgren,Chet Holmgren,AST,1.5,-120.0,-110.0,0.5101214574898786,0.48987854251012153,1.5,1.5,1.5,-120.0,-110.0,provisional_current_snapshot_not_closing,OKC,@LAL,rotowire_current_board,True,True,True,True
2026-05-09T15:10:32.201011+00:00,2026-05-09,DraftKings,draftkings,2977854,4947,Max_Strus,Max Strus,AST,1.5,-160.0,122.0,0.577373211963589,0.4226267880364109,1.5,1.5,1.5,-160.0,122.0,provisional_current_snapshot_not_closing,CLE,DET,rotowire_current_board,True,True,True,True
2026-05-09T15:10:32.201011+00:00,2026-05-09,Fanatics,fanatics,2977854,4947,Max_Strus,Max Strus,AST,1.5,-150.0,115.0,0.5633187772925764,0.43668122270742354,1.5,1.5,1.5,-150.0,115.0,provisional_current_snapshot_not_closing,CLE,DET,rotowire_current_board,True,True,True,True
2026-05-09T15:10:32.201011+00:00,2026-05-09,FanDuel,fanduel,2977854,4947,Max_Strus,Max Strus,AST,1.5,-142.0,110.0,0.5520177711958534,0.4479822288041465,1.5,1.5,1.5,-142.0,110.0,provisional_current_snapshot_not_closing,CLE,DET,rotowire_current_board,True,True,True,True
2026-05-09T15:10:32.201011+00:00,2026-05-09,Hard Rock,hardrock,2977854,4947,Max_Strus,Max Strus,AST,1.5,-145.0,115.0,0.5599461158509206,0.4400538841490795,1.5,1.5,1.5,-145.0,115.0,provisional_current_snapshot_not_closing,CLE,DET,rotowire_current_board,True,True,True,True
2026-05-09T15:10:32.201011+00:00,2026-05-09,theScore,thescore,2977854,4947,Max_Strus,Max Strus,AST,1.5,-145.0,110.0,0.554140127388535,0.4458598726114649,1.5,1.5,1.5,-145.0,110.0,provisional_current_snapshot_not_closing,CLE,DET,rotowire_current_board,True,True,True,True
2026-05-09T15:10:32.201011+00:00,2026-05-09,Fanatics,fanatics,2977854,6277,Jaylon_Tyson,Jaylon Tyson,AST,1.5,-110.0,-120.0,0.48987854251012153,0.5101214574898786,1.5,1.5,1.5,-110.0,-120.0,provisional_current_snapshot_not_closing,CLE,DET,rotowire_current_board,True,True,True,True
2026-05-09T15:10:32.201011+00:00,2026-05-09,DraftKings,draftkings,2977862,5690,Jaylin_Williams,Jaylin Williams,AST,1.5,103.0,-136.0,0.46086548976722386,0.5391345102327761,1.5,1.5,1.5,103.0,-136.0,provisional_current_snapshot_not_closing,OKC,@LAL,rotowire_current_board,True,True,True,True
2026-05-09T15:10:32.201011+00:00,2026-05-09,Fanatics,fanatics,2977862,5690,Jaylin_Williams,Jaylin Williams,AST,1.5,105.0,-140.0,0.4554079696394686,0.5445920303605313,1.5,1.5,1.5,105.0,-140.0,provisional_current_snapshot_not_closing,OKC,@LAL,rotowire_current_board,True,True,True,True
2026-05-09T15:10:32.201011+00:00,2026-05-09,Hard Rock,hardrock,2977862,5690,Jaylin_Williams,Jaylin Williams,AST,1.5,100.0,-130.0,0.4693877551020409,0.5306122448979592,1.5,1.5,1.5,100.0,-130.0,provisional_current_snapshot_not_closing,OKC,@LAL,rotowire_current_board,True,True,True,True
2026-05-09T15:10:32.201011+00:00,2026-05-09,BetMGM,mgm,2977862,5690,Jaylin_Williams,Jaylin Williams,AST,1.5,100.0,-135.0,0.4653465346534653,0.5346534653465347,1.5,1.5,1.5,100.0,-135.0,provisional_current_snapshot_not_closing,OKC,@LAL,rotowire_current_board,True,True,True,True
2026-05-09T15:10:32.201011+00:00,2026-05-09,DraftKings,draftkings,2977862,4372,Deandre_Ayton,Deandre Ayton,AST,0.5,-122.0,-108.0,0.5141838223374939,0.48581617766250607,0.5,0.5,0.5,-122.0,-108.0,provisional_current_snapshot_not_closing,LAL,OKC,rotowire_current_board,True,True,True,True
2026-05-09T15:10:32.201011+00:00,2026-05-09,Fanatics,fanatics,2977862,4372,Deandre_Ayton,Deandre Ayton,AST,0.5,-140.0,105.0,0.5445920303605313,0.4554079696394686,0.5,0.5,0.5,-140.0,105.0,provisional_current_snapshot_not_closing,LAL,OKC,rotowire_current_board,True,True,True,True
2026-05-09T15:10:32.201011+00:00,2026-05-09,Hard Rock,hardrock,2977862,4372,Deandre_Ayton,Deandre Ayton,AST,0.5,-125.0,-105.0,0.5203045685279188,0.4796954314720812,0.5,0.5,0.5,-125.0,-105.0,provisional_current_snapshot_not_closing,LAL,OKC,rotowire_current_board,True,True,True,True
2026-05-09T15:10:32.201011+00:00,2026-05-09,BetMGM,mgm,2977862,4372,Deandre_Ayton,Deandre Ayton,AST,0.5,-150.0,110.0,0.5575221238938053,0.4424778761061947,0.5,0.5,0.5,-150.0,110.0,provisional_current_snapshot_not_closing,LAL,OKC,rotowire_current_board,True,True,True,True
2026-05-09T15:10:32.201011+00:00,2026-05-09,Fanatics,fanatics,2977854,4893,Dean_Wade,Dean Wade,AST,0.5,-175.0,125.0,0.5887850467289719,0.41121495327102797,0.5,0.5,0.5,-175.0,125.0,provisional_current_snapshot_not_closing,CLE,DET,rotowire_current_board,True,True,True,True
