Date,Player,Player_MLBAM_ID,Player_Type,Team,Opponent,Season,Game_ID,Game_Index,Team_ID,Opponent_ID,Is_Home,Opp_Starter_ID,Opp_Starter_Player,H,TB,R,HR,RBI,PA,AB,BB,SO,Batting_Order,Team_PA_share,wOBA,xwOBA,ISO,Barrel%,HardHit%,Opp_Pitcher_ERA_3,Opp_Pitcher_K9_3,Opp_Bullpen_ERA_7,Park_Factor,Wind_Out_MPH,Temp_F,Did_Not_Play,Rest_Days,Month_sin,Month_cos,DayOfWeek_sin,DayOfWeek_cos,Market_H,Market_TB,Market_R,Market_HR,Market_RBI,Synthetic_Market_H,Synthetic_Market_TB,Synthetic_Market_R,Synthetic_Market_HR,Synthetic_Market_RBI,Market_Source_H,Market_Source_TB,Market_Source_R,Market_Source_HR,Market_Source_RBI,Market_H_books,Market_TB_books,Market_R_books,Market_HR_books,Market_RBI_books,Market_H_over_price,Market_TB_over_price,Market_R_over_price,Market_HR_over_price,Market_RBI_over_price,Market_H_under_price,Market_TB_under_price,Market_R_under_price,Market_HR_under_price,Market_RBI_under_price,Market_H_line_std,Market_TB_line_std,Market_R_line_std,Market_HR_line_std,Market_RBI_line_std,Market_Fetched_At_UTC,H_market_gap,TB_market_gap,R_market_gap,HR_market_gap,RBI_market_gap,H_rolling_avg,TB_rolling_avg,R_rolling_avg,HR_rolling_avg,RBI_rolling_avg,H_lag1,TB_lag1,R_lag1,HR_lag1,RBI_lag1,Matchup_Network_Version,Matchup_Network_Batter_Support,Matchup_Network_Pitcher_Support,Pitcher_Profile_Uncertainty,Batter_Vs_Starter_Games,Matchup_Network_Confidence,Batter_Profile_H_Strength,Pitcher_Profile_H_Vulnerability,Batter_Vs_Starter_H_Lift,Archetype_Neighbor_H_Games,Archetype_Neighbor_H_Effective_Support,Archetype_Neighbor_H_Lift,Matchup_Network_H_Score,Matchup_Network_H_Adjustment,Batter_Profile_TB_Strength,Pitcher_Profile_TB_Vulnerability,Batter_Vs_Starter_TB_Lift,Archetype_Neighbor_TB_Games,Archetype_Neighbor_TB_Effective_Support,Archetype_Neighbor_TB_Lift,Matchup_Network_TB_Score,Matchup_Network_TB_Adjustment,Batter_Profile_R_Strength,Pitcher_Profile_R_Vulnerability,Batter_Vs_Starter_R_Lift,Archetype_Neighbor_R_Games,Archetype_Neighbor_R_Effective_Support,Archetype_Neighbor_R_Lift,Matchup_Network_R_Score,Matchup_Network_R_Adjustment,Batter_Profile_HR_Strength,Pitcher_Profile_HR_Vulnerability,Batter_Vs_Starter_HR_Lift,Archetype_Neighbor_HR_Games,Archetype_Neighbor_HR_Effective_Support,Archetype_Neighbor_HR_Lift,Matchup_Network_HR_Score,Matchup_Network_HR_Adjustment,Batter_Profile_RBI_Strength,Pitcher_Profile_RBI_Vulnerability,Batter_Vs_Starter_RBI_Lift,Archetype_Neighbor_RBI_Games,Archetype_Neighbor_RBI_Effective_Support,Archetype_Neighbor_RBI_Lift,Matchup_Network_RBI_Score,Matchup_Network_RBI_Adjustment
2026-03-03,Jazz_Chisholm_Jr,665862,hitter,GBR,MIL,2026,831855,0,821,158,0,694819.0,Jacob_Misiorowski,0.0,0.0,1.0,0.0,0.0,3.0,1.0,2.0,0.0,2.0,0.06818181818181818,0.45999999999999996,0.45999999999999996,0.0,0.0,55.199999999999996,4.1,8.2,3.0,1.0722222222222222,-3.0,82.0,0,2.0,1.0,6.123233995736766e-17,0.7818314824680298,0.6234898018587336,0.5,0.5,0.5,0.5,0.5,0.5,0.5,0.5,0.5,0.5,synthetic,synthetic,synthetic,synthetic,synthetic,0.0,0.0,0.0,0.0,0.0,-110.0,-110.0,-110.0,-110.0,-110.0,-110.0,-110.0,-110.0,-110.0,-110.0,0.0,0.0,0.0,0.0,0.0,2026-08-07T03:26:40.888653+00:00,-0.3357727272727272,-0.3256287878787879,0.46565909090909097,-0.4768888888888889,-0.4248181818181818,0.0,0.0,1.0,0.0,0.0,0.0,0.0,1.0,0.0,0.0,,0.0,0.0,1.0,0.0,0.0,0.0,0.0,0.0,0.0,0.0,0.0,0.0,0.0,0.0,0.0,0.0,0.0,0.0,0.0,0.0,0.0,0.0,0.0,0.0,0.0,0.0,0.0,0.0,0.0,0.0,0.0,0.0,0.0,0.0,0.0,0.0,0.0,0.0,0.0,0.0,0.0,0.0,0.0,0.0,0.0
2026-03-11,Jazz_Chisholm_Jr,665862,hitter,NYY,TOR,2026,831620,1,147,141,1,641778.0,Eric_Lauer,0.0,0.0,0.0,0.0,0.0,2.0,2.0,0.0,0.0,5.0,0.05405405405405406,0.0,0.0,0.0,0.0,10.0,3.8571428571428568,7.7142857142857135,4.202881152460985,1.08,-8.0,81.0,0,8.0,1.0,6.123233995736766e-17,0.9749279121818236,-0.22252093395631434,0.5,0.5,0.5,0.5,0.5,0.5,0.5,0.5,0.5,0.5,synthetic,synthetic,synthetic,synthetic,synthetic,0.0,0.0,0.0,0.0,0.0,-110.0,-110.0,-110.0,-110.0,-110.0,-110.0,-110.0,-110.0,-110.0,-110.0,0.0,0.0,0.0,0.0,0.0,2026-08-07T03:26:40.888653+00:00,-0.2850406481571083,-0.5,0.22498993370878528,-0.47441543535590275,-0.5,0.0,0.0,1.0,0.0,0.0,0.0,0.0,1.0,0.0,0.0,batter_pitcher_profile_network_v2,0.03333333333333333,0.05,0.9425,0.0,0.028393854166666666,0.991111111111111,0.1698506493506493,0.0,0.0,0.0,0.0,0.000322653326118326,3.22653326118326e-05,0.4933333333333333,-0.17085227272727277,0.0,0.0,0.0,0.0,-0.0001615503156565657,-2.584805050505051e-05,0.9375,-0.13614772727272723,0.0,0.0,0.0,0.0,-0.00024464044744318175,-1.2232022372159088e-05,-0.5651388888888889,-0.57,0.0,0.0,0.0,0.0,-0.000617414236111111,-1.5435355902777776e-05,0.35361111111111104,-0.1745,0.0,0.0,0.0,0.0,-0.00011826818287037034,-7.0960909722222195e-06
2026-03-14,Jazz_Chisholm_Jr,665862,hitter,NYY,PHI,2026,831514,2,147,143,1,669060.0,Bryse_Wilson,0.0,0.0,0.0,0.0,0.0,3.0,1.0,2.0,1.0,5.0,0.08108108108108109,0.45999999999999996,0.45999999999999996,0.0,0.0,55.199999999999996,12.0,9.0,4.611886333480761,1.08,0.0,80.0,0,3.0,1.0,6.123233995736766e-17,-0.9749279121818236,-0.2225209339563146,0.5,0.5,0.5,0.5,0.5,0.5,0.5,0.5,0.5,0.5,synthetic,synthetic,synthetic,synthetic,synthetic,0.0,0.0,0.0,0.0,0.0,-110.0,-110.0,-110.0,-110.0,-110.0,-110.0,-110.0,-110.0,-110.0,-110.0,0.0,0.0,0.0,0.0,0.0,2026-08-07T03:26:40.888653+00:00,-0.29792462413824694,-0.3078094594594594,0.07250647883620032,-0.4744,-0.3290543319746106,0.0,0.0,0.5,0.0,0.0,0.0,0.0,0.0,0.0,0.0,batter_pitcher_profile_network_v2,0.06666666666666667,0.05,0.9425,0.0,0.04506052083333333,0.039999999999999966,0.7000000000000001,0.0,0.0,0.0,0.0,0.00010733333333333325,1.0733333333333326e-05,-0.29500000000000004,0.76,0.0,0.0,0.0,0.0,0.0,0.0,-0.05625000000000002,1.0,0.0,0.0,0.0,0.0,0.0,0.0,-0.81625,0.76,0.0,0.0,0.0,0.0,0.0,0.0,-0.6537499999999999,1.0,0.0,0.0,0.0,0.0,0.0,0.0
2026-03-18,Jazz_Chisholm_Jr,665862,hitter,NYY,BOS,2026,831607,3,147,111,1,813349.0,Connelly_Early,0.0,0.0,0.0,0.0,0.0,3.0,3.0,0.0,3.0,6.0,0.1,0.0,0.0,0.0,0.0,10.0,1.2272727272727273,6.136363636363637,8.378959276018099,1.08,-6.0,62.0,0,4.0,1.0,6.123233995736766e-17,0.9749279121818236,-0.22252093395631434,0.5,0.5,0.5,0.5,0.5,0.5,0.5,0.5,0.5,0.5,synthetic,synthetic,synthetic,synthetic,synthetic,0.0,0.0,0.0,0.0,0.0,-110.0,-110.0,-110.0,-110.0,-110.0,-110.0,-110.0,-110.0,-110.0,-110.0,0.0,0.0,0.0,0.0,0.0,2026-08-07T03:26:40.888653+00:00,-0.060395323608788465,-0.4941699878741285,-0.08516090190994674,-0.47468236212674003,-0.25670055762555,0.0,0.0,0.3333333333333333,0.0,0.0,0.0,0.0,0.0,0.0,0.0,batter_pitcher_profile_network_v2,0.1,0.1,0.7566375441383826,0.0,0.07573119008430482,0.36224537037037013,-0.15371774193548396,0.0,0.0,0.0,0.0,-0.001355128313305874,-0.00013551283133058742,-0.013472222222222455,-0.381025293255132,0.0,0.0,0.0,0.0,-0.0001249242133036175,-1.99878741285788e-05,0.2656249999999998,-0.5946462609970674,0.0,0.0,0.0,0.0,-0.003843980883699949,-0.00019219904418499745,-0.7325462962962963,-0.6335454545454545,0.0,0.0,0.0,0.0,-0.01129448506960293,-0.0002823621267400732,-0.2752546296296298,-0.6183357771260997,0.0,0.0,0.0,0.0,-0.0041420237742496435,-0.0002485214264549786
2026-03-19,Jazz_Chisholm_Jr,665862,hitter,NYY,BAL,2026,832062,4,147,110,1,665152.0,Dean_Kremer,0.0,0.0,0.0,0.0,0.0,3.0,2.0,1.0,1.0,3.0,0.08571428571428572,0.22999999999999998,0.22999999999999998,0.0,0.0,27.599999999999998,0.0,4.5,6.814285714285715,1.08,-11.0,68.0,0,1.0,1.0,6.123233995736766e-17,0.43388373911755823,-0.900968867902419,0.5,0.5,0.5,0.5,0.5,0.5,0.5,0.5,0.5,0.5,synthetic,synthetic,synthetic,synthetic,synthetic,0.0,0.0,0.0,0.0,0.0,-110.0,-110.0,-110.0,-110.0,-110.0,-110.0,-110.0,-110.0,-110.0,-110.0,0.0,0.0,0.0,0.0,0.0,2026-08-07T03:26:40.888653+00:00,-0.03402857142857135,-0.40625,-0.07803571428571421,-0.4744,-0.28248571428571423,0.0,0.0,0.25,0.0,0.0,0.0,0.0,0.0,0.0,0.0,batter_pitcher_profile_network_v2,0.13333333333333333,0.0,1.0,0.0,0.06666666666666667,-0.8600000000000001,0.0,0.0,0.0,0.0,0.0,0.0,0.0,-0.895,0.0,0.0,0.0,0.0,0.0,0.0,0.0,-0.71875,0.0,0.0,0.0,0.0,0.0,0.0,0.0,-0.81625,0.0,0.0,0.0,0.0,0.0,0.0,0.0,-0.6912499999999999,0.0,0.0,0.0,0.0,0.0,0.0,0.0
2026-03-20,Jazz_Chisholm_Jr,665862,hitter,NYY,BAL,2026,831603,5,147,110,1,621107.0,Zach_Eflin,1.0,2.0,0.0,0.0,0.0,3.0,3.0,0.0,0.0,6.0,0.0967741935483871,0.42333333333333334,0.42333333333333334,0.3333333333333333,28.333333333333332,65.0,0.0,13.5,7.3243788819875775,1.08,-6.0,76.0,0,1.0,1.0,6.123233995736766e-17,-0.433883739117558,-0.9009688679024191,0.5,0.5,0.5,0.5,0.5,0.5,0.5,0.5,0.5,0.5,synthetic,synthetic,synthetic,synthetic,synthetic,0.0,0.0,0.0,0.0,0.0,-110.0,-110.0,-110.0,-110.0,-110.0,-110.0,-110.0,-110.0,-110.0,-110.0,0.0,0.0,0.0,0.0,0.0,2026-08-07T03:26:40.888653+00:00,-0.41086325279696045,0.09145061891039419,0.005523094637013282,-0.3204303659346065,-0.18629847623216234,0.0,0.0,0.2,0.0,0.0,0.0,0.0,0.0,0.0,0.0,batter_pitcher_profile_network_v2,0.16666666666666666,0.05,0.9425,0.0,0.09506052083333333,-0.8711111111111112,-0.994,0.0,0.0,0.0,0.0,-0.008298059259259258,-0.0008298059259259259,-0.9033333333333333,-0.994,0.0,0.0,0.0,0.0,-0.008605002777777777,-0.0013768004444444442,-0.7,-0.6399999999999999,0.0,0.0,0.0,0.0,-0.004293333333333332,-0.0002146666666666666,-0.8273611111111111,-0.994,0.0,0.0,0.0,0.0,-0.007881304050925925,-0.00019703260127314814,-0.691111111111111,-0.815,0.0,0.0,0.0,0.0,-0.005397865740740739,-0.0003238719444444443
2026-03-22,Jazz_Chisholm_Jr,665862,hitter,NYY,PHI,2026,831493,6,147,143,1,605400.0,Aaron_Nola,1.0,1.0,1.0,0.0,1.0,3.0,2.0,1.0,0.0,6.0,0.07894736842105263,0.5266666666666667,0.5266666666666667,0.0,0.0,63.20000000000001,0.0,12.0,3.767059455361092,1.08,-3.0,78.0,0,2.0,1.0,6.123233995736766e-17,-0.7818314824680299,0.6234898018587334,0.5,0.5,0.5,0.5,0.5,0.5,0.5,0.5,0.5,0.5,synthetic,synthetic,synthetic,synthetic,synthetic,0.0,0.0,0.0,0.0,0.0,-110.0,-110.0,-110.0,-110.0,-110.0,-110.0,-110.0,-110.0,-110.0,-110.0,0.0,0.0,0.0,0.0,0.0,2026-08-07T03:26:40.888653+00:00,-0.21876540153303187,0.24681417288441698,-0.2660087673473994,-0.47453180377604165,-0.3541206129410097,0.2,0.4,0.0,0.0,0.0,1.0,2.0,0.0,0.0,0.0,batter_pitcher_profile_network_v2,0.2,0.05,0.9425,0.0,0.1117271875,-0.4993532135076258,-0.9875000000000002,0.0,0.0,0.0,0.0,-0.005670779930895976,-0.0005670779930895976,-0.5744144880174296,-0.9900000000000001,0.0,0.0,0.0,0.0,-0.006539708946078436,-0.0010463534313725497,-0.43841911764705926,-1.0,0.0,0.0,0.0,0.0,-0.0050418198529411816,-0.00025209099264705907,-0.46307870370370374,-0.9900000000000001,0.0,0.0,0.0,0.0,-0.005272151041666668,-0.0001318037760416667,-0.4575231481481483,-1.0,0.0,0.0,0.0,0.0,-0.005261516203703706,-0.00031569097222222236
2026-03-23,Jazz_Chisholm_Jr,665862,hitter,NYY,CHC,2026,831780,7,147,112,0,684007.0,Shota_Imanaga,1.0,1.0,0.0,0.0,1.0,3.0,3.0,0.0,0.0,5.0,0.06818181818181818,0.2966666666666667,0.2966666666666667,0.0,0.0,35.6,6.472402597402598,8.722402597402597,5.078222365869425,1.0277777777777777,0.0,93.0,0,1.0,1.0,6.123233995736766e-17,0.0,1.0,0.5,0.5,0.5,0.5,0.5,0.5,0.5,0.5,0.5,0.5,synthetic,synthetic,synthetic,synthetic,synthetic,0.0,0.0,0.0,0.0,0.0,-110.0,-110.0,-110.0,-110.0,-110.0,-110.0,-110.0,-110.0,-110.0,-110.0,0.0,0.0,0.0,0.0,0.0,2026-08-07T03:26:40.888653+00:00,0.16323603749191984,0.09153787878787878,-0.06226312413077123,-0.49111111111111116,-0.07390706352471055,0.4,0.6,0.2,0.0,0.2,1.0,1.0,1.0,0.0,1.0,batter_pitcher_profile_network_v2,0.23333333333333334,0.15,0.8612500000000001,0.0,0.15334119791666667,-0.12731150793650808,0.2247669552669551,0.0,0.0,0.0,0.0,0.0,0.0,-0.30799603174603185,0.45275450937950923,0.0,0.0,0.0,0.0,0.0,0.0,-0.1290178571428573,0.4368873857623857,0.0,0.0,0.0,0.0,0.0,0.0,-0.481031746031746,0.7114350649350649,0.0,0.0,0.0,0.0,0.0,0.0,-0.27879960317460317,0.5814475709475708,0.0,0.0,0.0,0.0,0.0,0.0
2026-03-24,Jazz_Chisholm_Jr,665862,hitter,NYY,CHC,2026,831779,8,147,112,0,665795.0,Edward_Cabrera,0.0,0.0,0.0,0.0,0.0,2.0,1.0,1.0,0.0,2.0,0.05,0.345,0.345,0.0,0.0,41.4,7.8181818181818175,8.704545454545455,5.456373626373627,1.0277777777777777,0.0,91.0,0,1.0,1.0,6.123233995736766e-17,0.7818314824680298,0.6234898018587336,0.5,0.5,0.5,0.5,0.5,0.5,0.5,0.5,0.5,0.5,synthetic,synthetic,synthetic,synthetic,synthetic,0.0,0.0,0.0,0.0,0.0,-110.0,-110.0,-110.0,-110.0,-110.0,-110.0,-110.0,-110.0,-110.0,-110.0,0.0,0.0,0.0,0.0,0.0,2026-08-07T03:26:40.888653+00:00,0.279194338994339,0.21743333333333326,-0.14968131868131868,-0.49111111111111116,0.07411868131868138,0.6,0.8,0.2,0.0,0.4,1.0,1.0,0.0,0.0,1.0,batter_pitcher_profile_network_v2,0.26666666666666666,0.15,0.7891628013303733,0.0,0.17133246685888773,-0.014193085748792383,0.5681347402597403,0.0,0.0,0.0,0.0,0.0,0.0,-0.24594353864734309,0.5465600649350649,0.0,0.0,0.0,0.0,0.0,0.0,-0.052072010869565324,0.45505681818181815,0.0,0.0,0.0,0.0,0.0,0.0,-0.5328298611111112,0.48093506493506494,0.0,0.0,0.0,0.0,0.0,0.0,-0.3041840277777779,0.5875757575757575,0.0,0.0,0.0,0.0,0.0,0.0
2026-03-25,Jazz_Chisholm_Jr,665862,hitter,NYY,SF,2026,823244,9,147,137,0,657277.0,Logan_Webb,1.0,1.0,1.0,0.0,0.0,4.0,3.0,0.0,0.0,6.0,0.1,0.40249999999999997,0.40249999999999997,0.0,0.0,48.3,7.730769230769231,7.615384615384615,4.168367346938775,1.08,19.0,63.0,0,1.0,1.0,6.123233995736766e-17,0.9749279121818236,-0.22252093395631434,0.5,0.5,0.5,0.5,0.5,0.5,0.5,0.5,0.5,0.5,synthetic,synthetic,synthetic,synthetic,synthetic,0.0,0.0,0.0,0.0,0.0,-110.0,-110.0,-110.0,-110.0,-110.0,-110.0,-110.0,-110.0,-110.0,-110.0,0.0,0.0,0.0,0.0,0.0,2026-08-07T03:26:40.888653+00:00,0.11029689823984035,0.1829749999999999,-0.1594318654166666,-0.4744,-0.07423163265306115,0.6,0.8,0.2,0.0,0.4,0.0,0.0,0.0,0.0,0.0,batter_pitcher_profile_network_v2,0.3,0.1,0.8051348441529859,0.0,0.17513709815912593,0.07455246913580227,0.6075034965034964,0.0,0.0,0.0,0.0,0.002647684648533714,0.0002647684648533714,-0.19209876543209897,0.409548951048951,0.0,0.0,0.0,0.0,0.0,0.0,0.03888888888888866,0.21788461538461537,0.0,0.0,0.0,0.0,0.0004953447278918782,2.476723639459391e-05,-0.5659567901234569,0.17204895104895102,0.0,0.0,0.0,0.0,0.0,0.0,-0.28077160493827186,0.3516346153846154,0.0,0.0,0.0,0.0,0.0,0.0
2026-03-27,Jazz_Chisholm_Jr,665862,hitter,NYY,SF,2026,823243,10,147,137,0,592662.0,Robbie_Ray,1.0,1.0,0.0,0.0,0.0,4.0,4.0,0.0,2.0,6.0,0.10810810810810811,0.2225,0.2225,0.0,0.0,26.7,0.6,11.4,3.525510204081633,1.08,6.0,64.0,0,2.0,1.0,6.123233995736766e-17,-0.433883739117558,-0.9009688679024191,0.5,0.5,0.5,0.5,0.5,0.5,0.5,0.5,0.5,0.5,synthetic,synthetic,synthetic,synthetic,synthetic,0.0,0.0,0.0,0.0,0.0,-110.0,-110.0,-110.0,-110.0,-110.0,-110.0,-110.0,-110.0,-110.0,-110.0,0.0,0.0,0.0,0.0,0.0,2026-08-07T03:26:40.888653+00:00,0.18592970831800726,0.3738890407611185,-0.012737274032443735,-0.4752297573096954,-0.15169678263176067,0.8,1.0,0.4,0.0,0.4,1.0,1.0,1.0,0.0,0.0,batter_pitcher_profile_network_v2,0.3333333333333333,0.2,0.7270291206088354,0.0,0.21885445321175018,0.22964619252873525,-0.8341250000000001,0.0,0.0,0.0,0.0,-0.017429520975102444,-0.0017429520975102445,-0.0875275383141766,-0.7376905737704919,0.0,0.0,0.0,0.0,-0.00587508308084668,-0.0009400132929354688,0.15318426724137899,-0.5079542349726776,0.0,0.0,0.0,0.0,-0.007080009054834303,-0.00035400045274171514,-0.5847916666666668,-0.6237561475409836,0.0,0.0,0.0,0.0,-0.03319029238781805,-0.0008297573096954513,-0.24421875000000026,-0.6430908469945354,0.0,0.0,0.0,0.0,-0.014290466182958806,-0.0008574279709775283
2026-03-28,Jazz_Chisholm_Jr,665862,hitter,NYY,SF,2026,823241,11,147,137,0,641816.0,Tyler_Mahle,0.0,0.0,0.0,0.0,0.0,4.0,4.0,0.0,2.0,6.0,0.11428571428571428,0.0,0.0,0.0,0.0,10.0,0.6,7.8999999999999995,3.6006493506493507,1.08,0.0,61.0,0,1.0,1.0,6.123233995736766e-17,-0.9749279121818236,-0.2225209339563146,0.5,0.5,0.5,0.5,0.5,0.5,0.5,0.5,0.5,0.5,synthetic,synthetic,synthetic,synthetic,synthetic,0.0,0.0,0.0,0.0,0.0,-110.0,-110.0,-110.0,-110.0,-110.0,-110.0,-110.0,-110.0,-110.0,-110.0,0.0,0.0,0.0,0.0,0.0,2026-08-07T03:26:40.888653+00:00,0.3605429961323442,0.15510328815934005,-0.26321950876171973,-0.4751507853938096,-0.20756518479253927,0.8,0.8,0.4,0.0,0.4,1.0,1.0,0.0,0.0,0.0,batter_pitcher_profile_network_v2,0.36666666666666664,0.2,0.7241184377413892,0.0,0.23559243160866927,0.029589646464646045,-0.7226785714285715,0.0,1.0,0.0,0.0,-0.0021631122696315927,-0.00021631122696315927,-0.23539141414141443,-0.6159636118598383,0.0,1.0,0.0,0.0,-0.014666949004124387,-0.002346711840659902,-0.001041666666666989,-0.3751100628930817,0.0,1.0,0.0,0.0,-3.952588374544836e-05,-1.9762941872724183e-06,-0.622020202020202,-0.4772843665768194,0.0,1.0,0.0,0.0,-0.03003141575238566,-0.0007507853938096415,-0.3077209595959598,-0.5341666666666666,0.0,1.0,0.0,0.0,-0.016627538750113646,-0.0009976523250068187
2026-03-30,Jazz_Chisholm_Jr,665862,hitter,NYY,SEA,2026,823159,12,147,136,0,622491.0,Luis_Castillo,1.0,2.0,0.0,0.0,0.0,4.0,4.0,0.0,1.0,6.0,0.11764705882352941,0.3175,0.3175,0.25,21.25,49.35,3.9,6.45,7.9772727272727275,1.08,0.0,48.0,0,2.0,1.0,6.123233995736766e-17,0.0,1.0,0.5,0.5,0.5,0.5,0.5,0.5,0.5,0.5,0.5,0.5,synthetic,synthetic,synthetic,synthetic,synthetic,0.0,0.0,0.0,0.0,0.0,-110.0,-110.0,-110.0,-110.0,-110.0,-110.0,-110.0,-110.0,-110.0,-110.0,0.0,0.0,0.0,0.0,0.0,2026-08-07T03:26:40.888653+00:00,0.2765987522281641,0.3399955882352941,0.006473930481283419,-0.35877499999999996,-0.024533422459893095,0.6,0.6,0.2,0.0,0.2,0.0,0.0,0.0,0.0,0.0,batter_pitcher_profile_network_v2,0.4,0.2,0.8646084991547898,0.0,0.24881709177070765,-0.22632882882882907,0.7691310975609756,0.0,2.0,0.0,0.0,0.0,0.0,-0.43019144144144167,0.8224142530487806,0.0,2.0,0.0,0.0,0.0,0.0,-0.22894144144144168,0.7264322916666667,0.0,2.0,0.0,0.0,0.0,0.0,-0.6601736111111112,0.8478048780487806,0.0,2.0,0.0,0.0,0.0,0.0,-0.45166666666666694,0.8505208333333334,0.0,2.0,0.0,0.0,0.0,0.0
2026-03-31,Jazz_Chisholm_Jr,665862,hitter,NYY,SEA,2026,823158,13,147,136,0,669302.0,Logan_Gilbert,1.0,1.0,0.0,0.0,1.0,4.0,4.0,0.0,2.0,6.0,0.1111111111111111,0.2225,0.2225,0.0,0.0,26.7,3.9375,11.0625,5.873376623376624,1.08,0.0,53.0,0,1.0,1.0,6.123233995736766e-17,0.7818314824680298,0.6234898018587336,0.5,0.5,0.5,0.5,0.5,0.5,0.5,0.5,0.5,0.5,synthetic,synthetic,synthetic,synthetic,synthetic,0.0,0.0,0.0,0.0,0.0,-110.0,-110.0,-110.0,-110.0,-110.0,-110.0,-110.0,-110.0,-110.0,-110.0,0.0,0.0,0.0,0.0,0.0,2026-08-07T03:26:40.888653+00:00,0.1153076017188539,0.39353719979899293,-0.15931011559654207,-0.4745331592423072,-0.3020801194335137,0.6,0.8,0.2,0.0,0.0,1.0,2.0,0.0,0.0,0.0,batter_pitcher_profile_network_v2,0.43333333333333335,0.2,0.8422243272572936,0.0,0.266032170648863,-0.2061111762559935,-0.16732998251748255,0.0,3.0,0.0,0.0,-0.0023579654954444256,-0.00023579654954444256,-0.38250716593704415,-0.13649475524475527,0.0,3.0,0.0,0.0,-0.0035695845896274287,-0.0005711335343403886,-0.22021282833020656,-0.13808173076923064,0.0,3.0,0.0,0.0,-0.002078935307466151,-0.00010394676537330756,-0.5305795940170941,-0.14683129370629372,0.0,3.0,0.0,0.0,-0.00532636969228898,-0.0001331592423072245,-0.39516292735042746,-0.10216826923076909,0.0,3.0,0.0,0.0,-0.002760287816859658,-0.0001656172690115795
2026-04-01,Jazz_Chisholm_Jr,665862,hitter,NYY,SEA,2026,823157,14,147,136,0,669923.0,George_Kirby,1.0,1.0,0.0,0.0,0.0,4.0,4.0,0.0,2.0,6.0,0.11764705882352941,0.2225,0.2225,0.0,0.0,26.7,2.3482142857142856,7.821428571428572,5.444805194805196,1.08,0.0,47.0,0,1.0,0.8660254037844387,-0.4999999999999998,0.9749279121818236,-0.22252093395631434,0.5,0.5,0.5,0.5,0.5,0.5,0.5,0.5,0.5,0.5,synthetic,synthetic,synthetic,synthetic,synthetic,0.0,0.0,0.0,0.0,0.0,-110.0,-110.0,-110.0,-110.0,-110.0,-110.0,-110.0,-110.0,-110.0,-110.0,0.0,0.0,0.0,0.0,0.0,2026-08-07T03:26:40.888653+00:00,0.3772629295087767,0.3832866127642146,-0.17310539611403297,-0.4748200390625598,-0.020893423639772812,0.8,1.0,0.2,0.0,0.2,1.0,1.0,0.0,0.0,1.0,batter_pitcher_profile_network_v2,0.4666666666666667,0.2,0.6305308210683295,0.0,0.2878853282171593,-0.31969246031746024,-0.14495847792558317,0.0,4.0,0.0,0.0,-0.007990261825908913,-0.0007990261825908913,-0.46929563492063486,-0.151313439849624,0.0,4.0,0.0,0.0,-0.012243596694246971,-0.0019589754710795156,-0.3063988095238095,-0.2672586996336995,0.0,4.0,0.0,0.0,-0.014118999438795996,-0.0007059499719397999,-0.563702876984127,-0.17286792702911116,0.0,4.0,0.0,0.0,-0.01680156250239453,-0.0004200390625598633,-0.43427579365079366,-0.27525549450549436,0.0,4.0,0.0,0.0,-0.02061040927505316,-0.0012366245565031896
2026-04-03,Jazz_Chisholm_Jr,665862,hitter,NYY,MIA,2026,823568,15,147,146,1,691587.0,Eury_Pérez,1.0,2.0,1.0,0.0,0.0,4.0,3.0,1.0,1.0,6.0,0.0975609756097561,0.49,0.49,0.3333333333333333,28.333333333333332,65.0,2.4857142857142858,10.178571428571429,0.5142857142857143,1.08,8.0,58.0,0,2.0,0.8660254037844387,-0.4999999999999998,-0.433883739117558,-0.9009688679024191,0.5,0.5,0.5,0.5,0.5,0.5,0.5,0.5,0.5,0.5,synthetic,synthetic,synthetic,synthetic,synthetic,0.0,0.0,0.0,0.0,0.0,-110.0,-110.0,-110.0,-110.0,-110.0,-110.0,-110.0,-110.0,-110.0,-110.0,0.0,0.0,0.0,0.0,0.0,2026-08-07T03:26:40.888653+00:00,0.08272998745948235,0.883774329290306,-0.42616994483688886,-0.3202333333333333,-0.36969050919204405,0.8,1.0,0.0,0.0,0.2,1.0,1.0,0.0,0.0,0.0,batter_pitcher_profile_network_v2,0.5,0.2,0.8428188168575947,0.0,0.29935093898698895,-0.41557440476190477,-0.6309926900584796,0.0,5.0,0.4758765779406161,0.007649755053249912,-0.020608371630495743,-0.0020608371630495745,-0.5428088624338624,-0.1853354218880535,0.0,5.0,0.5036333297181952,0.005636498261581494,0.0005483995278261038,8.774392445217661e-05,-0.3793898809523809,-0.13120899470899464,0.0,5.0,0.5427566456342218,-0.017309006655188194,-0.021221196389344745,-0.0010610598194672374,-0.5924097222222222,0.29035902255639096,0.0,5.0,0.43312334418889314,0.0,0.0,0.0,-0.46817361111111105,-0.10875529100529095,0.0,5.0,0.506887970443811,0.002302012780678083,-0.002275037056715598,-0.00013650222340293587
2026-04-04,Jazz_Chisholm_Jr,665862,hitter,NYY,MIA,2026,823569,16,147,146,1,676974.0,Max_Meyer,0.0,0.0,0.0,0.0,0.0,5.0,5.0,0.0,2.0,6.0,0.11904761904761904,0.0,0.0,0.0,0.0,10.0,1.8,13.0,1.2214285714285715,1.08,0.0,52.0,0,1.0,0.8660254037844387,-0.4999999999999998,-0.9749279121818236,-0.2225209339563146,0.5,1.5,0.5,0.5,0.5,0.5,1.5,0.5,0.5,0.5,synthetic,synthetic,synthetic,synthetic,synthetic,0.0,0.0,0.0,0.0,0.0,-110.0,-110.0,-110.0,-110.0,-110.0,-110.0,-110.0,-110.0,-110.0,-110.0,0.0,0.0,0.0,0.0,0.0,2026-08-07T03:26:40.888653+00:00,-0.026224422933921743,-0.4524327905890291,-0.3653848206182175,-0.47514579642690913,-0.45726327472852246,0.8,1.2,0.2,0.0,0.2,1.0,2.0,1.0,0.0,0.0,batter_pitcher_profile_network_v2,0.5333333333333333,0.15,0.8699519052838329,0.0,0.30318130040707625,-0.327121535966981,-0.799909090909091,0.0,6.0,0.5542813218868937,0.009206786049239673,-0.018148991243979076,-0.0018148991243979078,-0.4326817184224318,-0.8729431818181819,0.0,6.0,0.488086272698603,0.004619934490195138,-0.01926744118143033,-0.003082790589028853,-0.31382972189465397,-0.7463598484848485,0.0,6.0,0.5280769988253726,-0.007879035686484967,-0.024124983792921863,-0.0012062491896460933,-0.4353320312500001,-0.988,0.0,6.0,0.3846658721138995,0.0,-0.029831857076365674,-0.0007457964269091419,-0.3538216145833334,-0.8036515151515151,0.0,6.0,0.5109398755898211,-0.0033638374832323506,-0.02224505499918459,-0.0013347032999510753
2026-04-05,Jazz_Chisholm_Jr,665862,hitter,NYY,MIA,2026,823566,17,147,146,1,664126.0,Pete_Fairbanks,1.0,2.0,0.0,0.0,2.0,5.0,5.0,0.0,0.0,6.0,0.11363636363636363,0.254,0.254,0.2,17.0,39.480000000000004,0.0,15.0,3.15,1.08,0.0,55.0,0,1.0,0.8660254037844387,-0.4999999999999998,-0.7818314824680299,0.6234898018587334,0.5,1.5,0.5,0.5,0.5,0.5,1.5,0.5,0.5,0.5,synthetic,synthetic,synthetic,synthetic,synthetic,0.0,0.0,0.0,0.0,0.0,-110.0,-110.0,-110.0,-110.0,-110.0,-110.0,-110.0,-110.0,-110.0,-110.0,0.0,0.0,0.0,0.0,0.0,2026-08-07T03:26:40.888653+00:00,-0.18122121212121212,-0.3776865335836517,-0.2751600496471823,-0.38189999999999996,-0.2896057510683031,0.8,1.2,0.2,0.0,0.2,0.0,0.0,0.0,0.0,0.0,batter_pitcher_profile_network_v2,0.5666666666666667,0.0,1.0,0.0,0.2833333333333333,-0.45786137874690136,0.0,0.0,6.0,0.5444682595366984,0.014031397522620769,0.0,0.0,-0.542566627225603,0.0,0.0,6.0,0.5920781642871364,0.013635655522663593,0.02045348328399539,0.0032725573254392625,-0.4387328853955377,0.0,0.0,6.0,0.6411388057888836,-0.005837356580010847,-0.005837356580010847,-0.00029186782900054233,-0.47912785947712433,0.0,0.0,6.0,0.6085129790528181,0.0,0.0,0.0,-0.45766952614379086,0.0,0.0,6.0,0.6040764465628217,0.0012863398962930923,0.0009647549222198192,5.788529533318915e-05
2026-04-07,Jazz_Chisholm_Jr,665862,hitter,NYY,ATH,2026,823567,18,147,133,1,650644.0,Aaron_Civale,1.0,1.0,0.0,0.0,0.0,4.0,4.0,0.0,1.0,6.0,0.10810810810810811,0.2225,0.2225,0.0,0.0,26.7,5.7,9.549999999999999,4.529711884753902,1.08,16.0,43.0,0,2.0,0.8660254037844387,-0.4999999999999998,0.7818314824680298,0.6234898018587336,0.5,1.5,0.5,0.5,0.5,0.5,1.5,0.5,0.5,0.5,synthetic,synthetic,synthetic,synthetic,synthetic,0.0,0.0,0.0,0.0,0.0,-110.0,-110.0,-110.0,-110.0,-110.0,-110.0,-110.0,-110.0,-110.0,-110.0,0.0,0.0,0.0,0.0,0.0,2026-08-07T03:26:40.888653+00:00,0.22234072764240853,-0.3581540712438316,-0.23037243338644692,-0.4744,0.3550847348648549,0.8,1.2,0.2,0.0,0.6,1.0,2.0,0.0,0.0,2.0,batter_pitcher_profile_network_v2,0.6,0.2,0.8367927061281571,0.0,0.3494985786998601,-0.3732924933862433,0.24786333732057403,0.0,6.0,0.4663373388818182,0.012195276793913417,0.0,0.0,-0.4699635141093474,0.4223343301435406,0.0,6.0,0.45917684828763544,0.01257031125881049,0.018855466888215735,0.0030168747021145177,-0.39028025793650795,0.2484930223285488,0.0,6.0,0.5708062013809145,-0.003984876807165781,-0.003984876807165781,-0.00019924384035828908,-0.41687384259259264,0.5530909090909091,0.0,6.0,0.46138558057985724,0.0,0.0,0.0,-0.442545138888889,0.4223417065390751,0.0,6.0,0.4690227069494049,-0.006355433510564807,-0.004766575132923606,-0.0002859945079754163
2026-04-08,Jazz_Chisholm_Jr,665862,hitter,NYY,ATH,2026,823564,19,147,133,1,622663.0,Luis_Severino,0.0,0.0,0.0,0.0,0.0,4.0,2.0,2.0,2.0,6.0,0.1111111111111111,0.345,0.345,0.0,0.0,41.4,5.3999999999999995,12.299999999999999,6.243997599039616,1.08,0.0,44.0,0,1.0,0.8660254037844387,-0.4999999999999998,0.9749279121818236,-0.22252093395631434,0.5,1.5,0.5,0.5,0.5,0.5,1.5,0.5,0.5,0.5,synthetic,synthetic,synthetic,synthetic,synthetic,0.0,0.0,0.0,0.0,0.0,-110.0,-110.0,-110.0,-110.0,-110.0,-110.0,-110.0,-110.0,-110.0,-110.0,0.0,0.0,0.0,0.0,0.0,2026-08-07T03:26:40.888653+00:00,0.16222821585314717,-0.4403368735306534,-0.07362226034254293,-0.4744,0.024907647946473932,0.8,1.2,0.2,0.0,0.4,1.0,1.0,0.0,0.0,0.0,batter_pitcher_profile_network_v2,0.6333333333333333,0.2,0.8592293551913877,0.0,0.36561554746447766,-0.3859612245788603,-0.07701811594202887,0.0,7.0,0.669963583516326,0.015312557605092212,-0.002650214417709202,-0.0002650214417709202,-0.48782746355939627,-0.052820652173913,0.0,7.0,0.6975381184613375,0.011655659900713197,0.015186207100081662,0.002429793136013066,-0.4015979313956536,0.4885018115942031,0.0,7.0,0.5832412586273923,-0.006442805890475563,-0.006442805890475563,-0.0003221402945237782,-0.447264985380117,0.006101449275362346,0.0,7.0,0.6969661185208197,0.0,0.0,0.0,-0.4678187134502926,0.3726594202898552,0.0,7.0,0.6042737074815753,-0.010197748270524599,-0.007648311202893449,-0.00045889867217360693
2026-04-09,Jazz_Chisholm_Jr,665862,hitter,NYY,ATH,2026,823565,20,147,133,1,605488.0,Jeffrey_Springs,0.0,0.0,0.0,0.0,0.0,1.0,1.0,0.0,0.0,4.0,0.03125,0.0,0.0,0.0,0.0,10.0,1.625,8.625,5.922569027611045,1.08,10.0,50.0,0,1.0,0.8660254037844387,-0.4999999999999998,0.43388373911755823,-0.900968867902419,0.5,0.5,0.5,0.5,0.5,0.5,0.5,0.5,0.5,0.5,synthetic,synthetic,synthetic,synthetic,synthetic,0.0,0.0,0.0,0.0,0.0,-110.0,-110.0,-110.0,-110.0,-110.0,-110.0,-110.0,-110.0,-110.0,-110.0,0.0,0.0,0.0,0.0,0.0,2026-08-07T03:26:40.888653+00:00,-0.03385979529036848,0.04749234648409473,-0.3605329604298072,-0.4751127394089275,-0.18965094501041435,0.6,1.0,0.2,0.0,0.4,0.0,0.0,0.0,0.0,0.0,batter_pitcher_profile_network_v2,0.6666666666666666,0.3,0.8088314832491601,0.0,0.40860877632392667,-0.41527275039123684,-0.3495637755102041,0.0,8.0,0.7970745306238318,0.010874206948435664,-0.0185005639481042,-0.0018500563948104201,-0.5100600743348986,-0.44265306122448983,0.0,8.0,0.7715190462458581,0.005505370988757147,-0.020516584474407053,-0.0032826535159051285,-0.4250795187793432,-0.13933843537414958,0.0,8.0,0.8411464769161925,-0.008179639534794123,-0.015728236207189487,-0.0007864118103594744,-0.46645034722222234,-0.47957908163265306,0.0,8.0,0.7130527543164422,0.0,-0.028509576357101326,-0.0007127394089275332,-0.46310138888888913,-0.2648784013605442,0.0,8.0,0.7884799061877686,-0.013142326632858697,-0.025489939849443415,-0.0015293963909666047
2026-04-10,Jazz_Chisholm_Jr,665862,hitter,NYY,TB,2026,822997,21,147,139,0,571927.0,Steven_Matz,0.0,0.0,0.0,0.0,0.0,4.0,4.0,0.0,1.0,6.0,0.11428571428571428,0.0,0.0,0.0,0.0,10.0,2.9,7.6000000000000005,6.326785714285713,1.08,0.0,72.0,0,1.0,0.8660254037844387,-0.4999999999999998,-0.433883739117558,-0.9009688679024191,0.5,0.5,0.5,0.5,0.5,0.5,0.5,0.5,0.5,0.5,synthetic,synthetic,synthetic,synthetic,synthetic,0.0,0.0,0.0,0.0,0.0,-110.0,-110.0,-110.0,-110.0,-110.0,-110.0,-110.0,-110.0,-110.0,-110.0,0.0,0.0,0.0,0.0,0.0,2026-08-07T03:26:40.888653+00:00,0.12129917766813847,-0.11250396338068208,-0.3852391120062094,-0.4752425109983965,-0.0736328071727328,0.4,0.6,0.0,0.0,0.4,0.0,0.0,0.0,0.0,0.0,batter_pitcher_profile_network_v2,0.7,0.2,0.8024441013409755,0.0,0.4003401195171461,-0.4713895502645504,-0.43549662162162167,0.0,9.0,0.963937319428005,0.004719184649490336,-0.028389175699567927,-0.002838917569956793,-0.5649814814814815,-0.47625337837837833,0.0,9.0,0.9395545852229341,-1.4767319522383162e-06,-0.03721227112926317,-0.005953963380682107,-0.47983134920634934,-0.5462871621621621,0.0,9.0,0.869859252139229,-0.010318818812293316,-0.04656795440990185,-0.0023283977204950927,-0.5004222883597884,-0.4869797297297297,0.0,9.0,0.8886559606744091,0.0,-0.03370043993585955,-0.0008425109983964887,-0.5355363756613757,-0.5893671171171171,0.0,9.0,0.8452858503414857,-0.016738255877775807,-0.05620154811697428,-0.0033720928870184567
2026-04-11,Jazz_Chisholm_Jr,665862,hitter,NYY,TB,2026,822996,22,147,139,0,607259.0,Nick_Martinez,1.0,2.0,1.0,0.0,0.0,5.0,5.0,0.0,1.0,6.0,0.1111111111111111,0.254,0.254,0.2,17.0,39.480000000000004,10.5,3.5,4.933928571428571,1.08,0.0,72.0,0,1.0,0.8660254037844387,-0.4999999999999998,-0.9749279121818236,-0.2225209339563146,0.5,0.5,0.5,0.5,0.5,0.5,0.5,0.5,0.5,0.5,synthetic,synthetic,synthetic,synthetic,synthetic,0.0,0.0,0.0,0.0,0.0,-110.0,-110.0,-110.0,-110.0,-110.0,-110.0,-110.0,-110.0,-110.0,-110.0,0.0,0.0,0.0,0.0,0.0,2026-08-07T03:26:40.888653+00:00,0.2687571428571429,0.24660548643691982,-0.31736793507040706,-0.38189999999999996,-0.06800275160292696,0.4,0.6,0.0,0.0,0.4,0.0,0.0,0.0,0.0,0.0,batter_pitcher_profile_network_v2,0.7333333333333333,0.25,0.8279873787865704,0.0,0.4288095531913279,-0.5302599681020739,0.857197398190045,0.0,10.0,0.46665080504261747,0.007287909804289543,0.0,0.0,-0.6201467969165341,0.90022907239819,0.0,10.0,0.48159426793049787,0.009675637931609835,0.014513456897414753,0.0023221531035863604,-0.5424182615629988,0.7266826923076922,0.0,10.0,0.6898584788569969,-0.010287272836713324,-0.010287272836713324,-0.0005143636418356662,-0.5313058712121214,0.9519117647058823,0.0,10.0,0.5101261664456946,0.0,0.0,0.0,-0.6059318181818184,0.8374999999999999,0.0,10.0,0.5804074242601209,-0.01257437424493997,-0.009430780683704978,-0.0005658468410222986
2026-04-12,Jazz_Chisholm_Jr,665862,hitter,NYY,TB,2026,822998,23,147,139,0,656876.0,Drew_Rasmussen,1.0,2.0,0.0,0.0,0.0,4.0,4.0,0.0,0.0,5.0,0.11428571428571428,0.3175,0.3175,0.25,21.25,49.35,4.905882352941176,7.588235294117648,2.5232142857142854,1.08,0.0,72.0,0,1.0,0.8660254037844387,-0.4999999999999998,-0.7818314824680299,0.6234898018587334,0.5,0.5,0.5,0.5,0.5,0.5,0.5,0.5,0.5,0.5,synthetic,synthetic,synthetic,synthetic,synthetic,0.0,0.0,0.0,0.0,0.0,-110.0,-110.0,-110.0,-110.0,-110.0,-110.0,-110.0,-110.0,-110.0,-110.0,0.0,0.0,0.0,0.0,0.0,2026-08-07T03:26:40.888653+00:00,0.1125834733893557,0.619183924038988,-0.12086527162318794,-0.35877499999999996,-0.43809127371457807,0.4,0.6,0.2,0.0,0.0,1.0,2.0,1.0,0.0,0.0,batter_pitcher_profile_network_v2,0.7666666666666667,0.25,0.8086967844093695,0.0,0.44606699431079644,-0.5087944847020934,0.18363730650154803,0.0,11.0,1.033343020447471,0.007779092147192755,0.0,0.0,-0.5918650026838433,0.35911153250774003,0.0,11.0,0.9751791461075757,0.011912183495783059,0.017868275243674587,0.002858924038987934,-0.5331699543746646,0.026644711042311725,0.0,11.0,1.2000560541258176,-0.008019718178045535,-0.008019718178045535,-0.00040098590890227676,-0.4803167270531401,0.49907863777089784,0.0,11.0,0.9377400046822733,0.0,0.0,0.0,-0.5884100241545893,0.13479164086687315,0.0,11.0,1.1110901145386818,-0.0200441777842748,-0.015033133338206101,-0.000901988000292366
2026-04-13,Jazz_Chisholm_Jr,665862,hitter,NYY,LAA,2026,823563,24,147,108,1,579328.0,Yusei_Kikuchi,1.0,1.0,1.0,0.0,0.0,5.0,5.0,0.0,2.0,6.0,0.10869565217391304,0.178,0.178,0.0,0.0,21.36,6.5971153846153845,9.689423076923077,8.34673469387755,1.08,15.0,77.0,0,1.0,0.8660254037844387,-0.4999999999999998,0.0,1.0,0.5,0.5,0.5,0.5,0.5,0.5,0.5,0.5,0.5,0.5,synthetic,synthetic,synthetic,synthetic,synthetic,0.0,0.0,0.0,0.0,0.0,-110.0,-110.0,-110.0,-110.0,-110.0,-110.0,-110.0,-110.0,-110.0,-110.0,0.0,0.0,0.0,0.0,0.0,2026-08-07T03:26:40.888653+00:00,0.25558084260460046,0.37416004762636534,-0.06339989993508155,-0.47452430820217795,-0.19546461135403437,0.4,0.8,0.2,0.0,0.0,1.0,2.0,0.0,0.0,0.0,batter_pitcher_profile_network_v2,0.8,0.2,0.7985671996079484,0.0,0.45043510360960526,-0.44123609409041387,0.21124403874893022,0.0,12.0,1.168640057031055,0.011636683166151225,0.0,0.0,-0.5270929670479303,0.06999678520336691,0.0,12.0,1.2433601344404748,0.011309981051884428,0.016964971577826643,0.002714395452452263,-0.4973322610294118,0.2500011781289872,0.0,12.0,1.28150463991718,-0.006863127361788832,-0.006863127361788832,-0.0003431563680894416,-0.41344733796296296,-0.07463102378539709,0.0,12.0,1.2362606300097225,0.0,-0.004972328087119038,-0.00012430820217797597,-0.5562034143518519,0.21360838786681496,0.0,12.0,1.2337572338139056,-0.022831844542969736,-0.0171238834072273,-0.001027433004433638
2026-04-14,Jazz_Chisholm_Jr,665862,hitter,NYY,LAA,2026,823562,25,147,108,1,672282.0,Reid_Detmers,0.0,0.0,0.0,0.0,0.0,1.0,1.0,0.0,1.0,1.0,0.03125,0.0,0.0,0.0,0.0,10.0,5.3901098901098905,10.354945054945055,9.658163265306124,1.08,0.0,81.0,0,1.0,0.8660254037844387,-0.4999999999999998,0.7818314824680298,0.6234898018587336,0.5,0.5,0.5,0.5,0.5,0.5,0.5,0.5,0.5,0.5,synthetic,synthetic,synthetic,synthetic,synthetic,0.0,0.0,0.0,0.0,0.0,-110.0,-110.0,-110.0,-110.0,-110.0,-110.0,-110.0,-110.0,-110.0,-110.0,0.0,0.0,0.0,0.0,0.0,2026-08-07T03:26:40.888653+00:00,0.31468778206838466,0.18725115548190563,0.12477074732885096,-0.47513187377066185,-0.2748838129054324,0.6,1.0,0.4,0.0,0.0,1.0,1.0,1.0,0.0,0.0,batter_pitcher_profile_network_v2,0.8333333333333334,0.25,0.8256998596431988,0.0,0.4788796084650937,-0.4894424999999999,-0.1259871363930187,0.0,13.0,1.3797753342538865,0.008924065200478535,-0.008956624632741697,-0.0008956624632741698,-0.5675961111111111,-0.30592580801551383,0.0,13.0,1.3422374184974737,0.0021316906597780264,-0.02202402823808937,-0.003523844518094299,-0.5332541666666668,-0.0044107142857140735,0.0,13.0,1.4651417186683995,-0.004906685839289687,-0.005248318729106259,-0.000262415936455313,-0.439055,-0.4590508080155138,0.0,13.0,1.2157933099459497,0.0,-0.029274950826474865,-0.0007318737706618716,-0.5815258333333334,-0.0871190476190474,0.0,13.0,1.397869953395197,-0.024454593059697497,-0.02569960284564366,-0.0015419761707386197
2026-04-15,Jazz_Chisholm_Jr,665862,hitter,NYY,LAA,2026,823561,26,147,108,1,686799.0,Jack_Kochanowicz,1.0,1.0,2.0,0.0,0.0,4.0,3.0,1.0,2.0,6.0,0.11428571428571428,0.395,0.395,0.0,0.0,47.400000000000006,4.178571428571429,6.813025210084034,8.372448979591837,1.08,0.0,83.0,0,1.0,0.8660254037844387,-0.4999999999999998,0.9749279121818236,-0.22252093395631434,0.5,0.5,0.5,0.5,0.5,0.5,0.5,0.5,0.5,0.5,synthetic,synthetic,synthetic,synthetic,synthetic,0.0,0.0,0.0,0.0,0.0,-110.0,-110.0,-110.0,-110.0,-110.0,-110.0,-110.0,-110.0,-110.0,-110.0,0.0,0.0,0.0,0.0,0.0,2026-08-07T03:26:40.888653+00:00,0.42784071876086216,0.3103468029046149,0.19071580229253637,-0.4750447551567384,-0.12518897957463926,0.6,1.0,0.4,0.0,0.0,0.0,0.0,0.0,0.0,0.0,batter_pitcher_profile_network_v2,0.8666666666666667,0.3,0.7994848583817225,0.0,0.5089522647878051,-0.571817803724054,-0.4836431177122012,0.0,14.0,1.4118695920363937,0.0004111752654114141,-0.04805979918609642,-0.0048059799186096425,-0.636344703907204,-0.44132974200802666,0.0,14.0,1.423693079162139,-0.00435236030597824,-0.055332481846156786,-0.008853197095385085,-0.5861361034798537,-0.25218296593999906,0.0,14.0,1.547227061268327,-0.012445927711807374,-0.0381329337411129,-0.0019066466870556451,-0.4675475427350428,-0.31741669852976573,0.0,14.0,1.4364251254694493,0.0,-0.025790206269536806,-0.0006447551567384202,-0.627206997863248,-0.3969655746356513,0.0,14.0,1.4222671474550084,-0.02478602999187835,-0.06185714257051898,-0.003711428554231139
2026-04-16,Jazz_Chisholm_Jr,665862,hitter,NYY,LAA,2026,823560,27,147,108,1,608718.0,Brent_Suter,0.0,0.0,0.0,0.0,0.0,4.0,2.0,2.0,0.0,7.0,0.1111111111111111,0.345,0.345,0.0,0.0,41.4,1.2857142857142856,8.493506493506493,8.951020408163265,1.08,10.0,87.0,0,1.0,0.8660254037844387,-0.4999999999999998,0.43388373911755823,-0.900968867902419,0.5,1.5,0.5,0.5,0.5,0.5,1.5,0.5,0.5,0.5,synthetic,synthetic,synthetic,synthetic,synthetic,0.0,0.0,0.0,0.0,0.0,-110.0,-110.0,-110.0,-110.0,-110.0,-110.0,-110.0,-110.0,-110.0,-110.0,0.0,0.0,0.0,0.0,0.0,2026-08-07T03:26:40.888653+00:00,0.6617654916512059,-0.4408901720088474,0.717005721335038,-0.4744,-0.11259997345542638,0.8,1.2,0.8,0.0,0.0,1.0,1.0,2.0,0.0,0.0,batter_pitcher_profile_network_v2,0.9,0.0,1.0,0.0,0.45,-0.5762840724496427,0.0,0.0,15.0,1.6567751850146522,0.009992906135177525,0.0,0.0,-0.6386554310158112,0.0,0.0,15.0,1.663352660495897,0.00781872774091334,0.01172809161137001,0.0018764946578192015,-0.5771582602339184,0.0,0.0,15.0,1.78204461756761,0.019094018537495167,0.019094018537495167,0.0009547009268747584,-0.4785385802469137,0.0,0.0,15.0,1.6445677382792352,0.0,0.0,0.0,-0.6016828703703704,0.0,0.0,15.0,1.7027599146208807,-0.029281345116806738,-0.021961008837605052,-0.001317660530256303
2026-04-17,Jazz_Chisholm_Jr,665862,hitter,NYY,KC,2026,823559,28,147,118,1,608379.0,Michael_Wacha,0.0,0.0,0.0,0.0,0.0,4.0,2.0,2.0,1.0,7.0,0.11764705882352941,0.345,0.345,0.0,0.0,41.4,0.4285714285714286,7.410714285714286,4.207792207792208,1.08,0.0,74.0,0,1.0,0.8660254037844387,-0.4999999999999998,-0.433883739117558,-0.9009688679024191,0.5,0.5,0.5,0.5,0.5,0.5,0.5,0.5,0.5,0.5,synthetic,synthetic,synthetic,synthetic,synthetic,0.0,0.0,0.0,0.0,0.0,-110.0,-110.0,-110.0,-110.0,-110.0,-110.0,-110.0,-110.0,-110.0,-110.0,0.0,0.0,0.0,0.0,0.0,2026-08-07T03:26:40.888653+00:00,0.1977764873926562,0.17686354169322382,0.08022270525931474,-0.4744,-0.34199810581530216,0.6,0.8,0.6,0.0,0.0,0.0,0.0,0.0,0.0,0.0,batter_pitcher_profile_network_v2,0.9333333333333333,0.3,0.8303192932642391,0.0,0.5411524326392059,-0.5145335723304474,-0.16452681841967554,0.0,15.0,1.690036427292459,0.010411044424556906,-0.013406631039061334,-0.0013406631039061334,-0.5985557810245311,-0.08869498953427517,0.0,15.0,1.684553424981439,0.007659051230142492,0.0030809591120612573,0.0004929534579298011,-0.5323055330086581,0.08471871184371195,0.0,15.0,1.7651358510832071,0.0219560150411451,0.0219560150411451,0.0010978007520572551,-0.49112549603174604,0.04519924123495562,0.0,15.0,1.6325381524395242,0.0,0.0,0.0,-0.5906753472222224,0.04050396825396835,0.0,15.0,1.693845122753785,-0.027570164030736005,-0.020677623023052004,-0.0012406573813831202
2026-04-18,Jazz_Chisholm_Jr,665862,hitter,NYY,KC,2026,823558,29,147,118,1,702070.0,Noah_Cameron,0.0,0.0,0.0,0.0,0.0,5.0,4.0,1.0,3.0,7.0,0.11627906976744186,0.13799999999999998,0.13799999999999998,0.0,0.0,16.56,3.9419117647058823,7.89705882352941,5.4935064935064934,1.08,0.0,66.0,0,1.0,0.8660254037844387,-0.4999999999999998,-0.9749279121818236,-0.2225209339563146,0.5,0.5,0.5,0.5,0.5,0.5,0.5,0.5,0.5,0.5,synthetic,synthetic,synthetic,synthetic,synthetic,0.0,0.0,0.0,0.0,0.0,-110.0,-110.0,-110.0,-110.0,-110.0,-110.0,-110.0,-110.0,-110.0,-110.0,0.0,0.0,0.0,0.0,0.0,2026-08-07T03:26:40.888653+00:00,0.05088421778859553,-0.16192083351172454,0.02864824941920796,-0.4744,-0.3413831019259355,0.4,0.4,0.6,0.0,0.0,0.0,0.0,0.0,0.0,0.0,batter_pitcher_profile_network_v2,0.9666666666666667,0.3,0.7709756605752787,0.0,0.5599999778071918,-0.49382432438715945,0.4575816119089776,0.0,16.0,1.4458142726185426,0.013432400054675333,0.0,0.0,-0.5857433554662801,0.4746127450980392,0.0,16.0,1.4613039405177113,0.018135092925953635,0.02720263938893045,0.004352422302228872,-0.5153551849681959,0.42724610083721337,0.0,16.0,1.6952063012617102,0.016225936738130435,0.016225936738130435,0.0008112968369065218,-0.502844348659004,0.4973029624893436,0.0,16.0,1.4886853210819764,0.0,0.0,0.0,-0.5805993773946362,0.4940124051850395,0.0,16.0,1.5388873241094796,-0.026724725506040704,-0.02004354412953053,-0.0012026126477718317
2026-04-21,Jazz_Chisholm_Jr,665862,hitter,NYY,BOS,2026,824773,30,147,111,0,813349.0,Connelly_Early,2.0,2.0,0.0,0.0,0.0,4.0,4.0,0.0,1.0,7.0,0.10256410256410256,0.445,0.445,0.0,0.0,53.4,2.692307692307692,8.961538461538462,3.778195488721805,1.08,9.0,47.0,0,3.0,0.8660254037844387,-0.4999999999999998,0.7818314824680298,0.6234898018587336,0.5,0.5,0.5,0.5,0.5,0.5,0.5,0.5,0.5,0.5,synthetic,synthetic,synthetic,synthetic,synthetic,0.0,0.0,0.0,0.0,0.0,-110.0,-110.0,-110.0,-110.0,-110.0,-110.0,-110.0,-110.0,-110.0,-110.0,0.0,0.0,0.0,0.0,0.0,2026-08-07T03:26:40.888653+00:00,-0.3326788652686653,-0.20048820634399694,-0.04166526006660082,-0.4778386717399754,-0.36156740017511196,0.2,0.2,0.4,0.0,0.0,0.0,0.0,0.0,0.0,0.0,batter_pitcher_profile_network_v2,1.0,0.35,0.6270509385941845,1.0,0.6143651910077743,-0.57394375,-0.5783369988220736,-0.05555555555555555,17.0,1.745809092540864,0.0017595480949923283,-0.1689899250984526,-0.01689899250984526,-0.646600462962963,-0.6465748300207256,-0.05185185185185184,17.0,1.6361084999528341,-0.007048393818551436,-0.20867628964998133,-0.033388206343997015,-0.5786655092592594,-0.5131213382388755,-0.059259259259259255,17.0,1.7307041024465457,0.01283097350410802,-0.14611607466920737,-0.007305803733460368,-0.5229819444444446,-0.7052035613640091,0.0,17.0,1.4827717767172925,0.0,-0.13754686959901716,-0.003438671739975429,-0.6107493055555557,-0.6323408656020595,-0.037037037037037035,17.0,1.5752586879226533,-0.02539355915517776,-0.19320932044311373,-0.011592559226586823
2026-04-22,Jazz_Chisholm_Jr,665862,hitter,NYY,BOS,2026,824774,31,147,111,0,624133.0,Ranger_Suarez,0.0,0.0,0.0,0.0,0.0,4.0,4.0,0.0,1.0,7.0,0.11764705882352941,0.0,0.0,0.0,0.0,10.0,3.0,6.0,3.7228298017771704,1.08,12.0,47.0,0,1.0,0.8660254037844387,-0.4999999999999998,0.9749279121818236,-0.22252093395631434,0.5,0.5,0.5,0.5,0.5,0.5,0.5,0.5,0.5,0.5,synthetic,synthetic,synthetic,synthetic,synthetic,0.0,0.0,0.0,0.0,0.0,-110.0,-110.0,-110.0,-110.0,-110.0,-110.0,-110.0,-110.0,-110.0,-110.0,0.0,0.0,0.0,0.0,0.0,2026-08-07T03:26:40.888653+00:00,0.4042543685416752,0.17966671010910074,-0.26201916521926416,-0.4744,-0.47001401418482897,0.6,0.6,0.4,0.0,0.0,2.0,2.0,0.0,0.0,0.0,batter_pitcher_profile_network_v2,1.0,0.3,0.7395170928920413,0.0,0.5778227468362175,-0.6013264589704386,0.3849219965427831,0.0,18.0,1.8150730768874035,0.010431779131623348,0.0,0.0,-0.665327824498811,0.3230632382598675,0.0,18.0,1.9032745217679647,0.010608841140860883,0.015913261711291322,0.002546121873806612,-0.6019970374617738,0.25708119658119666,0.0,18.0,2.171717741769196,0.017081011484604565,0.017081011484604565,0.0008540505742302283,-0.5236486111111112,0.3043132382598675,0.0,18.0,1.9389766991118877,0.0,0.0,0.0,-0.6161034722222223,0.3102756410256412,0.0,18.0,2.005630324769758,-0.03352101000351249,-0.02514075750263437,-0.0015084454501580623
2026-04-23,Jazz_Chisholm_Jr,665862,hitter,NYY,BOS,2026,824770,32,147,111,0,801139.0,Payton_Tolle,2.0,5.0,2.0,1.0,1.0,4.0,4.0,0.0,1.0,7.0,0.10256410256410256,0.7475,0.7475,0.75,30.0,65.0,0.0,16.125,3.401401230348599,1.08,0.0,59.0,0,1.0,0.8660254037844387,-0.4999999999999998,0.43388373911755823,-0.900968867902419,0.5,0.5,0.5,0.5,0.5,0.5,0.5,0.5,0.5,0.5,synthetic,synthetic,synthetic,synthetic,synthetic,0.0,0.0,0.0,0.0,0.0,-110.0,-110.0,-110.0,-110.0,-110.0,-110.0,-110.0,-110.0,-110.0,-110.0,0.0,0.0,0.0,0.0,0.0,2026-08-07T03:26:40.888653+00:00,-0.49702472001682524,0.9930440117850139,-0.14226783949823718,-0.21189999999999998,-0.27981848594433023,0.4,0.4,0.0,0.0,0.0,0.0,0.0,0.0,0.0,0.0,batter_pitcher_profile_network_v2,1.0,0.0,1.0,0.0,0.5,-0.6152738926426431,0.0,0.0,19.0,2.3253164408956994,0.006713158347107457,0.0,0.0,-0.674626113613614,0.0,0.0,19.0,2.326497687236541,7.921577089163906e-05,0.0001188236563374586,1.9011785013993376e-05,-0.6154619932432435,0.0,0.0,19.0,2.4815375383999494,0.011126595071270298,0.011126595071270298,0.0005563297535635149,-0.5236486111111112,0.0,0.0,19.0,2.296228101606588,0.0,0.0,0.0,-0.6186034722222223,0.0,0.0,19.0,2.3683202535058285,-0.03897626838099618,-0.029232201285747134,-0.001753932077144828
2026-04-24,Jazz_Chisholm_Jr,665862,hitter,NYY,HOU,2026,824204,33,147,117,0,621121.0,Lance_McCullers_Jr,3.0,6.0,3.0,1.0,4.0,5.0,4.0,1.0,1.0,6.0,0.11627906976744186,0.914,0.914,0.75,30.0,65.0,8.803846153846154,8.169230769230769,4.706632653061225,1.08,0.0,73.0,0,1.0,0.8660254037844387,-0.4999999999999998,-0.433883739117558,-0.9009688679024191,0.5,1.5,0.5,0.5,0.5,0.5,1.5,0.5,0.5,0.5,synthetic,synthetic,synthetic,synthetic,synthetic,0.0,0.0,0.0,0.0,0.0,-110.0,-110.0,-110.0,-110.0,-110.0,-110.0,-110.0,-110.0,-110.0,-110.0,0.0,0.0,0.0,0.0,0.0,2026-08-07T03:26:40.888653+00:00,0.5904673335523836,1.3978592763984476,0.5767340535948235,0.02692878139293664,0.14706776723063553,0.8,1.4,0.4,0.2,0.2,2.0,5.0,2.0,1.0,1.0,batter_pitcher_profile_network_v2,1.0,0.35,0.7556591059038034,0.0,0.5901011158343744,-0.5597630291005298,0.07273215295733684,0.0,19.0,2.291649620456004,-0.004947135278241719,0.0,0.0,-0.5772469576719581,-0.030405537214885862,0.0,19.0,2.3349396430157467,-0.0182554156854379,-0.031671673672496486,-0.005067467787599438,-0.5590863095238099,0.26291982177486406,0.0,19.0,2.3556373577936336,-0.011184139304291109,-0.011184139304291109,-0.0005592069652145554,-0.38251898148148167,-0.11900847839135638,0.0,19.0,2.298740775388995,-0.035725613286102784,-0.046848744282535035,-0.0011712186070633758,-0.5130467592592595,0.19838550804937383,0.0,19.0,2.2867747628884305,-0.049067810420832615,-0.03680085781562446,-0.002208051468937468
2026-04-25,Jazz_Chisholm_Jr,665862,hitter,NYY,HOU,2026,824203,34,147,117,0,681347.0,Mike_Burrows,0.0,0.0,0.0,0.0,1.0,5.0,4.0,1.0,1.0,5.0,0.1111111111111111,0.13799999999999998,0.13799999999999998,0.0,0.0,16.56,7.258928571428572,7.6875,6.0727040816326525,1.08,0.0,73.0,0,1.0,0.8660254037844387,-0.4999999999999998,-0.9749279121818236,-0.2225209339563146,1.5,2.5,0.5,0.5,0.5,1.5,2.5,0.5,0.5,0.5,synthetic,synthetic,synthetic,synthetic,synthetic,0.0,0.0,0.0,0.0,0.0,-110.0,-110.0,-110.0,-110.0,-110.0,-110.0,-110.0,-110.0,-110.0,-110.0,0.0,0.0,0.0,0.0,0.0,2026-08-07T03:26:40.888653+00:00,0.2095998299319728,0.034714681966301786,0.7478237499236053,-0.09385460713227473,1.0035287350766064,1.4,2.6,1.0,0.4,1.0,3.0,6.0,3.0,1.0,4.0,batter_pitcher_profile_network_v2,1.0,0.4,0.7001563843165621,0.0,0.6056923371684885,-0.3209271198830409,0.26408516909898744,0.0,20.0,2.3506653863130373,0.011996891053379748,0.0,0.0,-0.3388532651072124,0.15250065857063821,0.0,20.0,2.458278501799003,0.010963952637367602,0.016445928956051403,0.0026313486329682246,-0.33092872807017537,0.11346551815606083,0.0,20.0,2.668305515609844,0.030770916839452066,0.030770916839452066,0.0015385458419726033,-0.22464861111111117,-0.001127214992580134,0.0,20.0,2.51151449463682,0.021891643292987047,0.02181571470901053,0.0005453928677252633,-0.29688472222222223,0.14794588214073515,0.0,20.0,2.5351394416812614,0.01837476285127203,0.013781072138454024,0.0008268643283072414
2026-04-26,Jazz_Chisholm_Jr,665862,hitter,NYY,HOU,2026,824202,35,147,117,0,681293.0,Spencer_Arrighetti,2.0,2.0,1.0,0.0,0.0,4.0,4.0,0.0,2.0,5.0,0.1111111111111111,0.445,0.445,0.0,0.0,53.4,3.9499999999999997,10.174999999999999,6.394132653061225,1.08,0.0,73.0,0,1.0,0.8660254037844387,-0.4999999999999998,-0.7818314824680299,0.6234898018587334,1.5,2.5,0.5,0.5,1.5,1.5,2.5,0.5,0.5,1.5,synthetic,synthetic,synthetic,synthetic,synthetic,0.0,0.0,0.0,0.0,0.0,-110.0,-110.0,-110.0,-110.0,-110.0,-110.0,-110.0,-110.0,-110.0,-110.0,0.0,0.0,0.0,0.0,0.0,2026-08-07T03:26:40.888653+00:00,-0.32675850508967574,-0.6803715248514954,0.5101825295668723,-0.1951827055746393,-0.23546090823373644,1.4,2.6,1.0,0.4,1.2,0.0,0.0,0.0,0.0,1.0,batter_pitcher_profile_network_v2,1.0,0.1,0.7813702108712484,0.0,0.5254282149168272,-0.3208510057471263,-0.6900419580419581,0.0,21.0,2.170704337684397,0.007356310963677656,-0.04840477878791622,-0.004840477878791622,-0.34169881864623236,-0.745173951048951,0.0,21.0,2.083352308039864,-0.007074493834481676,-0.06628036365518,-0.0106048581848288,-0.3322909482758619,-0.3160801282051281,0.0,21.0,2.7097152713893604,0.0024807486706484422,-0.020482061723782016,-0.001024103086189101,-0.2287375000000001,-0.7728181818181817,0.0,21.0,2.002589291998575,0.007339511164749373,-0.03130822298556994,-0.0007827055746392486,-0.3118902777777777,-0.510551282051282,0.0,21.0,2.3810772216345275,-0.005452973650103807,-0.03890345922440327,-0.002334207553464196
2026-04-27,Jazz_Chisholm_Jr,665862,hitter,NYY,TEX,2026,822906,36,147,140,0,683004.0,Jack_Leiter,1.0,4.0,1.0,1.0,1.0,4.0,4.0,0.0,0.0,5.0,0.10526315789473684,0.525,0.525,0.75,30.0,65.0,7.479144385026738,7.860962566844919,2.142857142857143,1.08,0.0,74.0,0,1.0,0.8660254037844387,-0.4999999999999998,0.0,1.0,0.5,1.5,1.5,0.5,1.5,1.5,2.5,1.5,0.5,1.5,real,real,synthetic,synthetic,synthetic,1.0,1.0,0.0,0.0,0.0,-188.0,136.0,-110.0,-110.0,-110.0,140.0,-181.0,-110.0,-110.0,-110.0,0.0,0.0,0.0,0.0,0.0,2026-04-27T02:00:02.937037+00:00,0.8992124083802122,1.5391168963027648,-0.3965691509029745,0.06835355615583072,-0.5872466601286332,1.4,2.6,1.2,0.4,1.2,2.0,2.0,1.0,0.0,0.0,batter_pitcher_profile_network_v2,1.0,0.4,0.6925150595207673,0.0,0.6060667620834824,-0.3775247150997152,-0.05087655039132352,0.0,21.0,2.793110610372459,-0.004341606520689527,-0.00590591097090778,-0.000590591097090778,-0.4023856125356126,0.08659184850349545,0.0,21.0,2.762788450948636,-0.0030436338261998494,-0.004565450739299775,-0.000730472118287964,-0.36941987179487173,0.11011310354181207,0.0,21.0,2.929488710561153,0.0031282601359999343,0.0031282601359999343,0.00015641300679999673,-0.3160199074074075,0.18692181744759484,0.0,21.0,2.6708570850942785,0.010142246233228477,0.010142246233228477,0.00025355615583071194,-0.34330462962962954,0.16342185095382034,0.0,21.0,2.7864896770980208,0.02935575653998045,0.022016817404985338,0.0013210090442991203
2026-04-28,Jazz_Chisholm_Jr,665862,hitter,NYY,TEX,2026,822908,37,147,140,0,594798.0,Jacob_deGrom,0.0,0.0,0.0,0.0,0.0,4.0,4.0,0.0,1.0,5.0,0.12121212121212122,0.0,0.0,0.0,0.0,10.0,1.0294117647058822,12.044117647058824,2.142857142857143,1.08,0.0,74.0,0,1.0,0.8660254037844387,-0.4999999999999998,0.7818314824680298,0.6234898018587336,1.5,3.5,1.5,0.5,1.5,1.5,3.5,1.5,0.5,1.5,synthetic,synthetic,synthetic,synthetic,synthetic,0.0,0.0,0.0,0.0,0.0,-110.0,-110.0,-110.0,-110.0,-110.0,-110.0,-110.0,-110.0,-110.0,-110.0,0.0,0.0,0.0,0.0,0.0,2026-08-07T03:26:40.888653+00:00,-0.29705105702991674,-0.8085155684763956,-0.5397518436533397,0.04669719934087979,-0.4329408899154641,1.6,3.4,1.4,0.6,1.4,1.0,4.0,1.0,1.0,1.0,batter_pitcher_profile_network_v2,1.0,0.3,0.7056825612575064,0.0,0.5790661658737867,-0.3681376098556182,-0.6590976921742148,0.0,22.0,2.4125732617264357,0.005031620519495797,-0.07141278573079805,-0.007141278573079806,-0.34403494978028876,-0.4518644710096427,0.0,22.0,2.75846376288432,0.007464150688257337,-0.03455753025020007,-0.005529204840032011,-0.35959004237288134,-0.4642178852366904,0.0,22.0,2.6762773104189854,0.0016903889185848774,-0.04743947046939703,-0.002371973523469852,-0.17785324074074083,-0.30316424977070466,0.0,22.0,2.8904666254412974,0.05975720035732313,0.04388797363519036,0.0010971993408797592,-0.27788101851851865,-0.4570257760921477,0.0,22.0,2.6501652949132852,0.013632797318261187,-0.027153360062925083,-0.001629201603775505
2026-04-29,Jazz_Chisholm_Jr,665862,hitter,NYY,TEX,2026,822907,38,147,140,0,543135.0,Nathan_Eovaldi,0.0,0.0,0.0,0.0,0.0,4.0,4.0,0.0,1.0,5.0,0.12121212121212122,0.0,0.0,0.0,0.0,10.0,4.2,6.3,3.0,1.08,0.0,74.0,0,1.0,0.8660254037844387,-0.4999999999999998,0.9749279121818236,-0.22252093395631434,1.5,2.5,0.5,0.5,1.5,1.5,2.5,0.5,0.5,1.5,synthetic,synthetic,synthetic,synthetic,synthetic,0.0,0.0,0.0,0.0,0.0,-110.0,-110.0,-110.0,-110.0,-110.0,-110.0,-110.0,-110.0,-110.0,-110.0,0.0,0.0,0.0,0.0,0.0,2026-08-07T03:26:40.888653+00:00,-0.38041818181818177,-0.978963671228336,0.11042961559786546,-0.19290151866994798,-0.6816868257779423,1.2,2.4,1.0,0.4,1.2,0.0,0.0,0.0,0.0,0.0,batter_pitcher_profile_network_v2,1.0,0.45,0.6960761201403949,0.0,0.6191288038772608,-0.44358273809523824,0.33827983061130923,0.0,23.0,2.8316426678237465,-0.0017117423762691123,0.0,0.0,-0.4033625661375662,0.4298799909202024,0.0,23.0,2.7230408372009838,0.016761218366781596,0.025141827550172392,0.004022692408027583,-0.42618154761904775,0.2545889888317788,0.0,23.0,3.215453917072226,0.019046857411855588,0.019046857411855588,0.0009523428705927794,-0.18733472222222228,0.4992671268425325,0.0,23.0,2.632441507881729,0.059939253202080746,0.059939253202080746,0.0014984813300520188,-0.328126388888889,0.3592228885081542,0.0,23.0,2.968029890339023,0.061504881702292985,0.04612866127671974,0.002767719676603184
2026-05-01,Jazz_Chisholm_Jr,665862,hitter,NYY,BAL,2026,823557,39,147,110,1,700249.0,Cade_Povich,1.0,1.0,0.0,0.0,0.0,4.0,3.0,1.0,1.0,6.0,0.1,0.395,0.395,0.0,0.0,47.400000000000006,4.883823529411765,7.808823529411765,4.979220779220779,1.08,0.0,63.0,0,2.0,0.49999999999999994,-0.8660254037844387,-0.433883739117558,-0.9009688679024191,0.5,1.5,0.5,0.5,0.5,0.5,1.5,0.5,0.5,0.5,synthetic,synthetic,synthetic,synthetic,synthetic,0.0,0.0,0.0,0.0,0.0,-110.0,-110.0,-110.0,-110.0,-110.0,-110.0,-110.0,-110.0,-110.0,-110.0,0.0,0.0,0.0,0.0,0.0,2026-08-07T03:26:40.888653+00:00,0.13191567674574067,-0.5743578002310109,0.004871430449774228,-0.3330913951264456,-0.034287620330674784,0.6,1.2,0.4,0.2,0.4,0.0,0.0,0.0,0.0,0.0,batter_pitcher_profile_network_v2,1.0,0.15,0.9175,0.0,0.5356409375,-0.518807040097949,-0.20528321678321682,0.0,24.0,3.4008092521744793,-0.010551333473616758,-0.008786446191689622,-0.0008786446191689622,-0.46406456994184253,-0.18602996023584262,0.0,24.0,3.4215462192162818,-0.0034093557204223786,-0.012236251443817979,-0.0019578002310108767,-0.4997238292011017,0.1181942959001783,0.0,24.0,3.6201457970913897,-0.001792170225296806,-0.001792170225296806,-8.96085112648403e-05,-0.1989643518518519,-0.039951528863293576,0.0,24.0,3.4363659344229274,0.052999981670954696,0.05234419494217819,0.001308604873554455,-0.3900685185185185,-0.015335115864527599,0.0,24.0,3.5093078802908,0.03735445223606144,0.027522345138102727,0.0016513407082861635
2026-05-02,Jazz_Chisholm_Jr,665862,hitter,NYY,BAL,2026,823554,40,147,110,1,680694.0,Kyle_Bradish,1.0,1.0,0.0,0.0,1.0,4.0,3.0,1.0,0.0,5.0,0.10256410256410256,0.395,0.395,0.0,0.0,47.400000000000006,3.3625000000000003,7.7375,4.336363636363637,1.08,8.0,63.0,0,1.0,0.49999999999999994,-0.8660254037844387,-0.9749279121818236,-0.2225209339563146,0.5,1.5,0.5,0.5,0.5,0.5,1.5,0.5,0.5,0.5,synthetic,synthetic,synthetic,synthetic,synthetic,0.0,0.0,0.0,0.0,0.0,-110.0,-110.0,-110.0,-110.0,-110.0,-110.0,-110.0,-110.0,-110.0,-110.0,0.0,0.0,0.0,0.0,0.0,2026-08-07T03:26:40.888653+00:00,0.3895826379760051,-0.31041927572634265,-0.013696321265801947,-0.33380687355035765,-0.20045334921632174,0.8,1.4,0.4,0.2,0.2,1.0,1.0,0.0,0.0,0.0,batter_pitcher_profile_network_v2,1.0,0.4,0.6926866003647258,0.0,0.6060583565821285,-0.5512258589684726,-0.04916230076741451,0.0,24.0,3.4507468260822254,-0.012441133212141301,-0.008328049144379637,-0.0008328049144379637,-0.48591322696663614,-0.16941750295159394,0.0,24.0,3.432100369897295,-0.0032145042882297096,-0.030120473289641687,-0.0048192757263426705,-0.5217912362258954,-0.024336985930735848,0.0,24.0,3.634107612723507,0.008997073086634418,0.0050945537049385614,0.0002547276852469281,-0.19929768518518526,-0.3060652302243211,0.0,24.0,3.2465229374663345,0.04247058897855699,0.02372505798569426,0.0005931264496423566,-0.3914956018518519,-0.11435592532467527,0.0,24.0,3.467242679779272,0.031968593052962846,0.010218072501862584,0.0006130843501117551
2026-05-03,Jazz_Chisholm_Jr,665862,hitter,NYY,BAL,2026,823555,41,147,110,1,694346.0,Trey_Gibson,1.0,1.0,1.0,0.0,1.0,5.0,3.0,1.0,0.0,5.0,0.11627906976744186,0.316,0.316,0.0,0.0,37.92,4.5,2.25,5.271428571428572,1.08,0.0,60.0,0,1.0,0.49999999999999994,-0.8660254037844387,-0.7818314824680299,0.6234898018587334,0.5,1.5,0.5,0.5,0.5,0.5,1.5,0.5,0.5,0.5,synthetic,synthetic,synthetic,synthetic,synthetic,0.0,0.0,0.0,0.0,0.0,-110.0,-110.0,-110.0,-110.0,-110.0,-110.0,-110.0,-110.0,-110.0,-110.0,0.0,0.0,0.0,0.0,0.0,2026-08-07T03:26:40.888653+00:00,0.5723540420819493,-0.45042933437283694,-0.12088860466664203,-0.3338831078052925,0.13638282972845528,0.6,1.2,0.2,0.2,0.4,1.0,1.0,0.0,0.0,1.0,batter_pitcher_profile_network_v2,1.0,0.05,0.9425,0.0,0.5117271875,-0.45641947122742554,0.032,0.0,25.0,3.694247758882489,-0.008718756424474824,0.0,0.0,-0.4172784129170491,0.374,0.0,25.0,3.314687989898347,-0.0010669939953472196,-0.0016004909930208294,-0.0002560785588833327,-0.464791838842975,0.44800000000000006,0.0,25.0,3.4194064676300644,0.009566777099052912,0.009566777099052912,0.0004783388549526456,-0.19163101851851855,0.874,0.0,25.0,2.185263542378011,0.02067568778829908,0.02067568778829908,0.000516892194707477,-0.36867268518518503,0.34800000000000003,0.0,25.0,3.493791242014451,0.050382558011443423,0.03778691850858257,0.002267215110514954
2026-05-04,Jazz_Chisholm_Jr,665862,hitter,NYY,BAL,2026,823552,42,147,110,1,669358.0,Shane_Baz,1.0,1.0,2.0,0.0,0.0,5.0,4.0,1.0,1.0,5.0,0.12195121951219512,0.316,0.316,0.0,0.0,37.92,4.424148606811145,8.071207430340557,8.357142857142858,1.08,13.0,70.0,0,1.0,0.49999999999999994,-0.8660254037844387,0.0,1.0,0.5,0.5,0.5,0.5,0.5,0.5,0.5,0.5,0.5,0.5,synthetic,synthetic,synthetic,synthetic,synthetic,0.0,0.0,0.0,0.0,0.0,-110.0,-110.0,-110.0,-110.0,-110.0,-110.0,-110.0,-110.0,-110.0,-110.0,0.0,0.0,0.0,0.0,0.0,2026-08-07T03:26:40.888653+00:00,0.45972696878494657,0.17981914761939977,0.17839670773046268,-0.4741039245354813,0.29557278915933183,0.6,0.6,0.2,0.0,0.4,1.0,1.0,1.0,0.0,1.0,batter_pitcher_profile_network_v2,1.0,0.4,0.6789722224966848,0.0,0.6067303610976624,-0.3298829462659382,0.0739012860204811,0.0,25.0,3.672500825410098,-0.01699478455468165,0.0,0.0,-0.32328122343655136,-0.10904986731534713,0.0,25.0,3.72079299946091,-0.009961639777538108,-0.026259900549482785,-0.004201584087917246,-0.3546335382513661,-0.0921662995157576,0.0,25.0,3.863790915239951,-0.02288655757553508,-0.033379434240921685,-0.0016689717120460844,-0.1812902777777778,-0.31375453764501743,0.0,25.0,3.49823227441063,0.030103286361185172,0.01184301858074787,0.00029607546451869676,-0.30974861111111096,-0.09100558523004329,0.0,25.0,3.742553278330425,0.023199476837514204,0.00835020259745706,0.0005010121558474236
2026-05-05,Jazz_Chisholm_Jr,665862,hitter,NYY,TEX,2026,823553,43,147,140,1,594798.0,Jacob_deGrom,1.0,4.0,1.0,1.0,1.0,4.0,4.0,0.0,1.0,5.0,0.1111111111111111,0.525,0.525,0.75,30.0,65.0,1.0294117647058822,10.044117647058824,3.0267857142857144,1.08,0.0,76.0,0,1.0,0.49999999999999994,-0.8660254037844387,0.7818314824680298,0.6234898018587336,0.5,0.5,0.5,0.5,0.5,0.5,0.5,0.5,0.5,0.5,synthetic,synthetic,synthetic,synthetic,synthetic,0.0,0.0,0.0,0.0,0.0,-110.0,-110.0,-110.0,-110.0,-110.0,-110.0,-110.0,-110.0,-110.0,-110.0,0.0,0.0,0.0,0.0,0.0,2026-08-07T03:26:40.888653+00:00,0.2814752743249189,1.268665556472232,0.4028323631001618,-0.21374018299282643,-0.08980711684292186,0.8,0.8,0.6,0.0,0.4,1.0,1.0,2.0,0.0,0.0,batter_pitcher_profile_network_v2,1.0,0.35,0.6783738481346904,1.0,0.6121647212612252,-0.32633822831978343,-0.6963019438627662,-0.08518518518518518,25.0,2.789678007796195,0.004477721390504934,-0.1445693856023516,-0.014456938560235161,-0.33867363369467046,-0.5331841265632467,-0.08888888888888888,25.0,3.215959353666957,-0.0014176262106499237,-0.1347986053818827,-0.021567776861101232,-0.34125025406504067,-0.5679095175107078,-0.1111111111111111,25.0,3.041036869686178,-0.004564548196017644,-0.16013845228248041,-0.00800692261412402,-0.24776319444444453,-0.4124665339706539,-0.07407407407407408,25.0,3.421654656133743,0.02142294600695798,-0.07360731971305776,-0.001840182992826444,-0.3300340277777776,-0.55896661627614,-0.08888888888888889,25.0,3.0404314359064357,-0.0061650800356563935,-0.13855115373123822,-0.008313069223874293
2026-05-06,Jazz_Chisholm_Jr,665862,hitter,NYY,TEX,2026,823550,44,147,140,1,543135.0,Nathan_Eovaldi,0.0,0.0,0.0,0.0,0.0,3.0,3.0,0.0,1.0,5.0,0.0967741935483871,0.0,0.0,0.0,0.0,10.0,4.2,6.3,3.7982142857142853,1.08,11.0,67.0,0,1.0,0.49999999999999994,-0.8660254037844387,0.9749279121818236,-0.22252093395631434,0.5,1.5,0.5,0.5,0.5,0.5,1.5,0.5,0.5,0.5,synthetic,synthetic,synthetic,synthetic,synthetic,0.0,0.0,0.0,0.0,0.0,-110.0,-110.0,-110.0,-110.0,-110.0,-110.0,-110.0,-110.0,-110.0,-110.0,0.0,0.0,0.0,0.0,0.0,2026-08-07T03:26:40.888653+00:00,0.5798184813414451,0.044258157899091266,0.12648627549738223,-0.2351186369207039,0.07635054328342128,1.0,1.6,0.8,0.2,0.6,1.0,4.0,1.0,1.0,1.0,batter_pitcher_profile_network_v2,1.0,0.5,0.6673058633730666,1.0,0.6528775158683997,-0.2375506549232158,0.20754143424240873,-0.08518518518518518,26.0,3.6315679585964924,0.0016443793889075742,-0.07101487936588988,-0.007101487936588988,-0.2178137082204155,0.27954876460632927,-0.0962962962962963,26.0,3.54560066421895,0.011563203746360507,-0.06293288409842171,-0.010069261455747474,-0.2558729674796748,0.11063339853182674,-0.1111111111111111,26.0,4.001121302490959,0.010429650334728676,-0.08219845318599725,-0.004109922659299862,-0.0960780092592593,0.33245824736495,-0.09876543209876543,26.0,3.4169555115578736,0.053590615190267823,-0.028745476828155217,-0.0007186369207038805,-0.20423425925925937,0.1995917318651601,-0.08888888888888889,26.0,3.779904860070875,0.04621169675107581,-0.03944371025327389,-0.0023666226151964334
2026-05-07,Jazz_Chisholm_Jr,665862,hitter,NYY,TEX,2026,823551,45,147,140,1,669022.0,MacKenzie_Gore,1.0,1.0,0.0,0.0,0.0,5.0,5.0,0.0,1.0,5.0,0.11627906976744186,0.178,0.178,0.0,0.0,21.36,7.254545454545455,9.654545454545454,3.7982142857142853,1.08,9.0,60.0,0,1.0,0.49999999999999994,-0.8660254037844387,0.43388373911755823,-0.900968867902419,0.5,1.5,0.5,0.5,0.5,0.5,1.5,0.5,0.5,0.5,synthetic,synthetic,synthetic,synthetic,synthetic,0.0,0.0,0.0,0.0,0.0,-110.0,-110.0,-110.0,-110.0,-110.0,-110.0,-110.0,-110.0,-110.0,-110.0,0.0,0.0,0.0,0.0,0.0,2026-08-07T03:26:40.888653+00:00,0.13857478962553893,-0.5320995459778011,0.11175753467056448,-0.33363050355983287,-0.0042779026542372756,0.8,1.4,0.8,0.2,0.6,0.0,0.0,0.0,0.0,0.0,batter_pitcher_profile_network_v2,1.0,0.5,0.6482186104767335,0.0,0.6352966101083001,-0.2531929530965396,-0.069991952106156,0.0,28.0,4.445345386517438,-0.014241945699776137,-0.006234083005658992,-0.0006234083005658992,-0.23493789465695236,-0.09403169943549908,0.0,28.0,4.478077877393642,-0.010761930959067583,-0.02391431352404736,-0.003826290163847578,-0.27393118169398945,0.3709892920108657,0.0,28.0,4.209622375944727,-0.026296150442531467,-0.026296150442531467,-0.0013148075221265734,-0.10226319444444454,-0.0716173593339762,0.0,28.0,4.426072158727448,0.0333562411629111,0.03077985760668523,0.0007694964401671308,-0.23786736111111131,0.27831691468430053,0.0,28.0,4.284254167554971,0.014826600300817052,0.011119950225612789,0.0006671970135367673
2026-05-08,Jazz_Chisholm_Jr,665862,hitter,NYY,MIL,2026,823794,46,147,158,0,694819.0,Jacob_Misiorowski,0.0,0.0,0.0,0.0,0.0,4.0,4.0,0.0,2.0,5.0,0.125,0.0,0.0,0.0,0.0,10.0,2.1,14.4,2.777534887472776,1.0733333333333333,0.0,67.0,0,1.0,0.49999999999999994,-0.8660254037844387,-0.433883739117558,-0.9009688679024191,0.5,1.5,0.5,0.5,0.5,0.5,1.5,0.5,0.5,0.5,synthetic,synthetic,synthetic,synthetic,synthetic,0.0,0.0,0.0,0.0,0.0,-110.0,-110.0,-110.0,-110.0,-110.0,-110.0,-110.0,-110.0,-110.0,-110.0,0.0,0.0,0.0,0.0,0.0,2026-08-07T03:26:40.888653+00:00,0.028936754604169557,-0.485154740718301,-0.023581201465532997,-0.33912579477496096,-0.24298318027599558,0.8,1.4,0.8,0.2,0.4,1.0,1.0,0.0,0.0,0.0,batter_pitcher_profile_network_v2,1.0,0.5,0.6351884206923128,1.0,0.6548447092325959,-0.30735891485998174,-0.6943929391504018,-0.08148148148148147,29.0,3.620498780058064,0.0015226070188160345,-0.1444797422807479,-0.01444797422807479,-0.30421026422764214,-0.6230391695369306,-0.09135802469135802,29.0,3.848312934851413,-0.0003775382934084112,-0.14440462948938035,-0.023104740718300855,-0.3190998475609753,-0.3177032561551216,0.1111111111111111,29.0,4.557783161986939,-0.028018462723609323,0.02584108321656497,0.0012920541608282487,-0.2014122685185185,-0.5339688959050899,-0.09876543209876543,29.0,4.054961630082636,0.016286302178463354,-0.1036984576651048,-0.0025924614416276202,-0.3223081018518516,-0.4084194667687204,-0.08888888888888889,29.0,4.269785281002126,-0.013734715637568203,-0.13099874416057333,-0.007859924649634399
2026-05-09,Jazz_Chisholm_Jr,665862,hitter,NYY,MIL,2026,823792,47,147,158,0,690986.0,Kyle_Harrison,1.0,1.0,0.0,0.0,0.0,4.0,3.0,1.0,2.0,6.0,0.0975609756097561,0.395,0.395,0.0,0.0,47.400000000000006,1.5,11.5,2.2265144793095106,1.0733333333333333,0.0,69.0,0,1.0,0.49999999999999994,-0.8660254037844387,-0.9749279121818236,-0.2225209339563146,0.5,1.5,0.5,0.5,0.5,0.5,1.5,0.5,0.5,0.5,synthetic,synthetic,synthetic,synthetic,synthetic,0.0,0.0,0.0,0.0,0.0,-110.0,-110.0,-110.0,-110.0,-110.0,-110.0,-110.0,-110.0,-110.0,-110.0,0.0,0.0,0.0,0.0,0.0,2026-08-07T03:26:40.888653+00:00,-0.14315552880977644,-0.5852648403770336,-0.010401812112571907,-0.3366309903195352,-0.31353517609155135,0.6,1.2,0.6,0.2,0.2,0.0,0.0,0.0,0.0,0.0,batter_pitcher_profile_network_v2,1.0,0.45,0.7128868986855663,0.0,0.6182021097099581,-0.31485591605950214,-0.2762643008203498,0.0,30.0,4.916060470162964,-0.017247629689342212,-0.024974087951650938,-0.002497408795165094,-0.3092082650273224,-0.15168844178223306,0.0,30.0,5.069827330854777,-0.02019490216817619,-0.04375891089304552,-0.007001425742887283,-0.3157645150273222,-0.06065853975809063,0.0,30.0,5.262453912214914,-0.04758799587558231,-0.0530873069268031,-0.002654365346340155,-0.2014122685185185,-0.06293469926726303,0.0,30.0,5.0452419873822585,-0.0002668852988453157,-0.0039062794480725195,-9.765698620181299e-05,-0.3173081018518516,-0.041123859119368056,0.0,30.0,5.136522841276001,-0.01928480411271135,-0.018210122901667476,-0.0010926073741000485
2026-05-10,Jazz_Chisholm_Jr,665862,hitter,NYY,MIL,2026,823793,48,147,158,0,701656.0,Logan_Henderson,1.0,2.0,0.0,0.0,1.0,4.0,4.0,0.0,2.0,5.0,0.1111111111111111,0.3175,0.3175,0.25,21.25,49.35,4.0,13.0,2.0588126159554734,1.0733333333333333,0.0,64.0,0,1.0,0.49999999999999994,-0.8660254037844387,-0.7818314824680299,0.6234898018587334,0.5,1.5,0.5,0.5,0.5,0.5,1.5,0.5,0.5,0.5,synthetic,synthetic,synthetic,synthetic,synthetic,0.0,0.0,0.0,0.0,0.0,-110.0,-110.0,-110.0,-110.0,-110.0,-110.0,-110.0,-110.0,-110.0,-110.0,0.0,0.0,0.0,0.0,0.0,2026-08-07T03:26:40.888653+00:00,-0.08807962070913222,-0.16708053309602655,-0.29173876269968946,-0.2221042382310372,-0.3291136189015943,0.6,1.2,0.2,0.2,0.2,1.0,1.0,0.0,0.0,0.0,batter_pitcher_profile_network_v2,1.0,0.1,0.8292634942638305,0.0,0.524841522195268,-0.36096447237526796,-0.373,0.0,31.0,5.060323707497462,-0.011739285159492864,-0.022987920140178496,-0.00229879201401785,-0.349675080348944,-0.564125,0.0,31.0,4.612357817057969,-0.013958902951851832,-0.054617915183499226,-0.008738866429359877,-0.3315632747933886,-0.32443055555555556,0.0,31.0,5.15569199246102,-0.06272187080880393,-0.08108786994926274,-0.004054393497463137,-0.24827060185185168,-0.736,0.0,31.0,3.9634898795320734,-0.016637998600772464,-0.04783619590815235,-0.0011959048977038089,-0.3079789351851851,-0.31227777777777777,0.0,31.0,5.100755887044313,0.00031818688082768887,-0.016181939433909994,-0.0009709163660345996
2026-05-11,Jazz_Chisholm_Jr,665862,hitter,NYY,BAL,2026,824844,49,147,110,0,687064.0,Brandon_Young,0.0,0.0,0.0,0.0,0.0,4.0,4.0,0.0,3.0,5.0,0.11764705882352941,0.0,0.0,0.0,0.0,10.0,6.088235294117648,6.647058823529412,5.349254317111461,1.08,-4.0,62.0,0,1.0,0.49999999999999994,-0.8660254037844387,0.0,1.0,0.5,0.5,0.5,0.5,0.5,0.5,0.5,0.5,0.5,0.5,synthetic,synthetic,synthetic,synthetic,synthetic,0.0,0.0,0.0,0.0,0.0,-110.0,-110.0,-110.0,-110.0,-110.0,-110.0,-110.0,-110.0,-110.0,-110.0,0.0,0.0,0.0,0.0,0.0,2026-08-07T03:26:40.888653+00:00,0.36695840797857615,0.2955184527894861,-0.42052826282346434,-0.474896874617645,-0.09142924650677353,0.6,0.8,0.0,0.0,0.2,1.0,2.0,0.0,0.0,1.0,batter_pitcher_profile_network_v2,1.0,0.2,0.7545932093704,0.0,0.5515124663704252,-0.3697131523569021,0.29692378241619233,0.0,31.0,4.760989750214083,-0.01740301664860344,0.0,0.0,-0.33480845959595934,0.2622171884882986,0.0,31.0,4.918290536644184,-0.02334223102420025,-0.03501334653630038,-0.005602135445808061,-0.3302452651515147,0.22402242778831982,0.0,31.0,5.356710996099609,-0.05952545593368927,-0.05952545593368927,-0.0029762727966844635,-0.17764212962962972,0.24867552182163194,0.0,31.0,4.95819511030361,-0.01987498470580108,-0.01987498470580108,-0.000496874617645027,-0.262402546296296,0.22572717689226246,0.0,31.0,5.212935393164002,-0.005442300862604714,-0.0040817256469535355,-0.00024490353881721213
2026-05-12,Jazz_Chisholm_Jr,665862,hitter,NYY,BAL,2026,824843,50,147,110,0,669432.0,Trevor_Rogers,0.0,0.0,0.0,0.0,0.0,1.0,1.0,0.0,0.0,5.0,0.02564102564102564,0.0,0.0,0.0,0.0,10.0,10.971428571428573,10.457142857142857,2.043131868131868,1.08,8.0,65.0,0,1.0,0.49999999999999994,-0.8660254037844387,0.7818314824680298,0.6234898018587336,0.5,0.5,0.5,0.5,0.5,0.5,0.5,0.5,0.5,0.5,synthetic,synthetic,synthetic,synthetic,synthetic,0.0,0.0,0.0,0.0,0.0,-110.0,-110.0,-110.0,-110.0,-110.0,-110.0,-110.0,-110.0,-110.0,-110.0,0.0,0.0,0.0,0.0,0.0,2026-08-07T03:26:40.888653+00:00,-0.2170395604395604,-0.08634919166236477,-0.5,-0.4750206726904574,-0.5,0.6,0.8,0.0,0.0,0.2,0.0,0.0,0.0,0.0,0.0,batter_pitcher_profile_network_v2,1.0,0.45,0.7121340420530489,0.0,0.6182436109318257,-0.4626470175237219,0.40692377212665165,0.0,32.0,4.572483692118805,-0.023354684678785802,0.0,0.0,-0.40731683884297504,0.29960187609075034,0.0,32.0,4.948836394957501,-0.029163298593186695,-0.04374494788978004,-0.006999191662364806,-0.4155939221763084,0.38294528588049537,0.0,32.0,5.10484874992487,-0.06238376796702681,-0.06238376796702681,-0.003119188398351341,-0.18927175925925918,0.1824389179755671,0.0,32.0,5.214911983101331,-0.024826907618296486,-0.024826907618296486,-0.0006206726904574122,-0.3243446759259258,0.4406536192138286,0.0,32.0,4.811340133991017,-0.008230217005759032,-0.006172662754319274,-0.00037035976525915645
2026-05-13,Jazz_Chisholm_Jr,665862,hitter,NYY,BAL,2026,824841,51,147,110,0,680694.0,Kyle_Bradish,1.0,2.0,0.0,0.0,0.0,3.0,3.0,0.0,1.0,5.0,0.0967741935483871,0.42333333333333334,0.42333333333333334,0.3333333333333333,28.333333333333332,65.0,6.835714285714285,9.085714285714287,1.5288461538461537,1.08,14.0,71.0,0,1.0,0.49999999999999994,-0.8660254037844387,0.9749279121818236,-0.22252093395631434,0.5,0.5,0.5,0.5,0.5,0.5,0.5,0.5,0.5,0.5,synthetic,synthetic,synthetic,synthetic,synthetic,0.0,0.0,0.0,0.0,0.0,-110.0,-110.0,-110.0,-110.0,-110.0,-110.0,-110.0,-110.0,-110.0,-110.0,0.0,0.0,0.0,0.0,0.0,2026-08-07T03:26:40.888653+00:00,-0.17017197950301788,0.45163290852133,-0.41006558955030964,-0.32304622274214356,-0.336192566795373,0.4,0.6,0.0,0.0,0.2,0.0,0.0,0.0,0.0,0.0,batter_pitcher_profile_network_v2,1.0,0.5,0.6511167903615052,1.0,0.6538690965903579,-0.4626470175237219,-0.008938419913420124,0.029629629629629634,32.0,5.376781365074045,-0.03406087135581077,0.023018241127212697,0.00230182411272127,-0.40731683884297504,-0.08406684704184716,-0.017283950617283952,32.0,5.476709986841756,-0.03750025219931815,-0.08246569270942918,-0.013194510833508668,-0.4155939221763084,0.11985978835978832,-0.1111111111111111,32.0,5.642737562466339,-0.06880557836272896,-0.16053428893836813,-0.008026714446918408,-0.18927175925925918,-0.1670529581529582,-0.09876543209876543,32.0,5.419495425318978,-0.01994781331444,-0.11251557635241079,-0.0028128894088102698,-0.3243446759259258,0.04608664021164019,0.1111111111111111,32.0,5.532682973725616,-0.043223305224941215,0.05931123165693326,0.0035586738994159953
2026-05-15,Jazz_Chisholm_Jr,665862,hitter,NYY,NYM,2026,823629,52,147,121,0,605280.0,Clay_Holmes,3.0,4.0,1.0,0.0,2.0,5.0,4.0,1.0,0.0,5.0,0.12195121951219512,0.748,0.748,0.25,21.25,65.0,1.5088235294117645,8.876470588235295,2.5714285714285716,1.08,0.0,66.0,0,2.0,0.49999999999999994,-0.8660254037844387,-0.433883739117558,-0.9009688679024191,0.5,0.5,0.5,0.5,0.5,0.5,0.5,0.5,0.5,0.5,synthetic,synthetic,synthetic,synthetic,synthetic,0.0,0.0,0.0,0.0,0.0,-110.0,-110.0,-110.0,-110.0,-110.0,-110.0,-110.0,-110.0,-110.0,-110.0,0.0,0.0,0.0,0.0,0.0,2026-08-07T03:26:40.888653+00:00,0.16179823468356613,1.0466003114170623,-0.1479254437112062,-0.3603416508565007,-0.16603522907378054,0.6,1.0,0.0,0.0,0.2,1.0,2.0,0.0,0.0,0.0,batter_pitcher_profile_network_v2,1.0,0.45,0.5183449699430784,0.0,0.6289262335318878,-0.38932152777777795,-0.4037111624169512,0.0,34.0,5.537607664542607,-0.027356550369837297,-0.0757033811140551,-0.00757033811140551,-0.32182824074074085,-0.4340696140533627,0.0,34.0,5.524896085972227,-0.03772827536442941,-0.12387762681409197,-0.019820420290254714,-0.3420729166666669,-0.4854672933275873,0.0,34.0,5.155253418128131,-0.08612203221320591,-0.1661081773600116,-0.00830540886800058,-0.08591527777777773,-0.42757922943797794,0.0,34.0,5.523542524288456,-0.044972153388081824,-0.06266603426002858,-0.0015666508565007145,-0.21446041666666674,-0.551957677942972,0.0,34.0,4.870052615067757,-0.04445316916353901,-0.09035486319251004,-0.005421291791550603
2026-05-16,Jazz_Chisholm_Jr,665862,hitter,NYY,NYM,2026,823627,53,147,121,0,623211.0,Huascar_Brazobán,2.0,3.0,1.0,0.0,0.0,5.0,5.0,0.0,2.0,5.0,0.12195121951219512,0.43200000000000005,0.43200000000000005,0.2,17.0,60.84,9.0,5.571428571428572,0.9183673469387755,1.08,10.0,75.0,0,1.0,0.49999999999999994,-0.8660254037844387,-0.9749279121818236,-0.2225209339563146,0.5,1.5,0.5,0.5,0.5,0.5,1.5,0.5,0.5,0.5,synthetic,synthetic,synthetic,synthetic,synthetic,0.0,0.0,0.0,0.0,0.0,-110.0,-110.0,-110.0,-110.0,-110.0,-110.0,-110.0,-110.0,-110.0,-110.0,0.0,0.0,0.0,0.0,0.0,2026-08-07T03:26:40.888653+00:00,0.862498224655716,0.5085354704025531,-0.13215421659407772,-0.3834988210552742,0.2518504649264085,1.0,1.6,0.2,0.0,0.6,3.0,4.0,1.0,0.0,2.0,batter_pitcher_profile_network_v2,1.0,0.1,0.675,0.0,0.52673125,-0.27657800925925974,0.19999999999999998,0.0,35.0,5.953603677982493,-0.03011614319293549,0.0,0.0,-0.22868379629629662,0.0,0.0,35.0,6.3385611834311835,-0.03202192210318552,-0.04803288315477827,-0.007685261304764524,-0.2286145833333338,0.5,0.0,35.0,5.452427529410254,-0.08162241052764914,-0.08162241052764914,-0.004081120526382457,-0.06401550925925922,0.0,0.0,35.0,6.323524792227739,-0.06395284221096899,-0.06395284221096899,-0.0015988210552742247,-0.12880023148148176,0.30000000000000004,0.0,35.0,5.965830200768744,-0.046278590374924114,-0.03470894278119309,-0.002082536566871585
2026-05-17,Jazz_Chisholm_Jr,665862,hitter,NYY,NYM,2026,823628,54,147,121,0,642547.0,Freddy_Peralta,2.0,2.0,1.0,0.0,0.0,5.0,3.0,2.0,1.0,5.0,0.1111111111111111,0.632,0.632,0.0,0.0,65.0,1.5,7.100000000000001,1.2537710736468501,1.08,2.0,85.0,0,1.0,0.49999999999999994,-0.8660254037844387,-0.7818314824680299,0.6234898018587334,1.5,1.5,0.5,0.5,0.5,1.5,1.5,0.5,0.5,0.5,synthetic,synthetic,synthetic,synthetic,synthetic,0.0,0.0,0.0,0.0,0.0,-110.0,-110.0,-110.0,-110.0,-110.0,-110.0,-110.0,-110.0,-110.0,-110.0,0.0,0.0,0.0,0.0,0.0,2026-08-07T03:26:40.888653+00:00,-0.1787003993177163,0.3254112529400268,0.10678194857579726,-0.47620918421697134,-0.14025064615263294,1.2,1.8,0.4,0.0,0.4,2.0,3.0,1.0,0.0,0.0,batter_pitcher_profile_network_v2,1.0,0.55,0.5564310638252784,0.0,0.6550104570747719,-0.3090852808386899,-0.358707976661731,0.0,35.0,5.977869717262996,-0.019632818885806983,-0.04917908930256854,-0.0049179089302568545,-0.25029234771962044,-0.3521904775472247,0.0,35.0,6.067908250013346,-0.0279830952082855,-0.08107550245816575,-0.01297208039330652,-0.24278632920110202,-0.24379963842239516,0.0,35.0,6.255030523371987,-0.09887671596704127,-0.1251321021309079,-0.006256605106545395,-0.07220787037037035,-0.33306971483536024,0.0,35.0,6.090896390998513,-0.06169942274553586,-0.0723673686788546,-0.001809184216971365,-0.1120134259259261,-0.297849779665333,0.0,35.0,6.025295000424723,-0.029287431990287507,-0.036764441694036636,-0.002205866501642198
2026-05-18,Jazz_Chisholm_Jr,665862,hitter,NYY,TOR,2026,823549,55,147,141,1,571578.0,Patrick_Corbin,2.0,5.0,1.0,1.0,2.0,4.0,4.0,0.0,1.0,6.0,0.10526315789473684,0.7475,0.7475,0.75,30.0,65.0,4.3269230769230775,3.504807692307692,3.750727213962508,1.08,-10.0,80.0,0,1.0,0.49999999999999994,-0.8660254037844387,0.0,1.0,1.5,2.5,0.5,0.5,0.5,1.5,2.5,0.5,0.5,0.5,synthetic,synthetic,synthetic,synthetic,synthetic,0.0,0.0,0.0,0.0,0.0,-110.0,-110.0,-110.0,-110.0,-110.0,-110.0,-110.0,-110.0,-110.0,-110.0,0.0,0.0,0.0,0.0,0.0,2026-08-07T03:26:40.888653+00:00,0.345925546048379,0.3814975635086002,0.4077420479806474,-0.2139322318076891,0.012085672870233433,1.6,2.2,0.6,0.0,0.4,2.0,2.0,1.0,0.0,0.0,batter_pitcher_profile_network_v2,1.0,0.35,0.6624462059465976,0.0,0.5940976189200396,-0.19572224900520363,0.32485576231986457,0.0,36.0,5.875042450705931,-0.038619947351244834,0.0,0.0,-0.1607589684726049,0.13420261782831136,0.0,36.0,6.479322122311324,-0.04364502046855243,-0.06546753070282865,-0.010474804912452585,-0.132833505509642,-0.007667204061111585,0.0,36.0,6.9196641263282785,-0.08567404772215276,-0.0860178332969322,-0.00430089166484661,-0.05604490740740736,-0.06641387877032812,0.0,36.0,6.727285346837929,-0.08003284318339872,-0.08128927230756497,-0.002032231807689124,-0.027142129629629766,0.014043396845917905,0.0,36.0,6.743691911964421,-0.05533692249116735,-0.04150269186837551,-0.002490161512102531
2026-05-19,Jazz_Chisholm_Jr,665862,hitter,NYY,TOR,2026,823548,56,147,141,1,656302.0,Dylan_Cease,0.0,0.0,1.0,0.0,0.0,4.0,3.0,1.0,2.0,5.0,0.11428571428571428,0.1725,0.1725,0.0,0.0,20.7,1.7142857142857144,11.142857142857144,3.750727213962508,1.08,16.0,90.0,0,1.0,0.49999999999999994,-0.8660254037844387,0.7818314824680298,0.6234898018587336,1.5,3.5,0.5,0.5,0.5,1.5,3.5,0.5,0.5,0.5,synthetic,synthetic,synthetic,synthetic,synthetic,0.0,0.0,0.0,0.0,0.0,-110.0,-110.0,-110.0,-110.0,-110.0,-110.0,-110.0,-110.0,-110.0,-110.0,0.0,0.0,0.0,0.0,0.0,2026-08-07T03:26:40.888653+00:00,0.2946828113038198,-0.7248223604188171,0.2414638158744511,-0.23738017121129962,0.43982940853471675,2.0,3.2,0.8,0.2,0.8,2.0,5.0,1.0,1.0,2.0,batter_pitcher_profile_network_v2,1.0,0.55,0.5888896947179465,0.0,0.6528235568183783,-0.04084826015531688,-0.756312830920556,0.0,37.0,5.063610810687465,-0.009379955617696124,-0.012700867784901008,-0.0012700867784901009,0.01703511051373932,-0.8401636357677287,0.0,37.0,4.693750135692293,-0.02898305110618546,-0.04935850261760841,-0.007897360418817344,0.020151545698924356,-0.6154973899732049,0.0,37.0,5.457110362869178,-0.06885180335814917,-0.07395089647349,-0.0036975448236745002,0.101825462962963,-0.9643478727155197,0.0,37.0,4.059166167789489,-0.07883780271301111,-0.11920684845198465,-0.0029801712112996165,0.16223865740740712,-0.7112763391030578,0.0,37.0,5.020933273619653,-0.04467800647462462,-0.0809492027234811,-0.004856952163408867
2026-05-20,Jazz_Chisholm_Jr,665862,hitter,NYY,TOR,2026,823547,57,147,141,1,702056.0,Trey_Yesavage,2.0,2.0,0.0,0.0,0.0,4.0,4.0,0.0,0.0,4.0,0.12121212121212122,0.445,0.445,0.0,0.0,53.4,1.75,12.0,3.4540239172592115,1.08,7.0,72.0,0,1.0,0.49999999999999994,-0.8660254037844387,0.9749279121818236,-0.22252093395631434,1.5,2.5,0.5,0.5,0.5,1.5,2.5,0.5,0.5,0.5,synthetic,synthetic,synthetic,synthetic,synthetic,0.0,0.0,0.0,0.0,0.0,-110.0,-110.0,-110.0,-110.0,-110.0,-110.0,-110.0,-110.0,-110.0,-110.0,0.0,0.0,0.0,0.0,0.0,2026-08-07T03:26:40.888653+00:00,-0.2496158191290645,-0.5467721554379605,0.5252736238978652,-0.33755295750603687,0.19551502615369454,1.8,2.8,1.0,0.2,0.8,0.0,0.0,1.0,0.0,0.0,batter_pitcher_profile_network_v2,1.0,0.2,0.7465198765763974,0.0,0.5517102630238783,-0.08318506571087225,-0.48623366326096223,0.0,38.0,6.525102474936719,-0.02314402001230543,-0.0102526066791792,-0.00102526066791792,-0.018194056152927185,-0.6381789059174117,0.0,38.0,6.029595848089977,-0.04818701674381069,-0.07522369875998156,-0.01203579180159705,-0.021567204301075407,-0.5526800411522633,0.0,38.0,6.143755483327681,-0.03007547075952316,-0.03309689384736279,-0.0016548446923681398,0.09193657407407411,-0.840918103448276,0.0,38.0,5.07538584933168,-0.10652146559179351,-0.12611830024147472,-0.0031529575060368683,0.11990185185185176,-0.6434079218106996,0.0,38.0,5.731276269939191,-0.06796285822864692,-0.07052707091200947,-0.004231624254720567
2026-05-21,Jazz_Chisholm_Jr,665862,hitter,NYY,TOR,2026,823545,58,147,141,1,680755.0,Braydon_Fisher,0.0,0.0,0.0,0.0,0.0,4.0,4.0,0.0,4.0,4.0,0.125,0.0,0.0,0.0,0.0,10.0,3.0,10.799999999999999,2.7733516483516487,1.08,0.0,64.0,0,1.0,0.49999999999999994,-0.8660254037844387,0.43388373911755823,-0.900968867902419,1.5,2.5,0.5,0.5,0.5,1.5,2.5,0.5,0.5,0.5,synthetic,synthetic,synthetic,synthetic,synthetic,0.0,0.0,0.0,0.0,0.0,-110.0,-110.0,-110.0,-110.0,-110.0,-110.0,-110.0,-110.0,-110.0,-110.0,0.0,0.0,0.0,0.0,0.0,2026-08-07T03:26:40.888653+00:00,-0.1035826007326004,-0.7149147468548542,-0.01670851606553403,-0.33731115173922027,-0.23903767727864478,1.6,2.4,0.8,0.2,0.4,2.0,2.0,0.0,0.0,0.0,batter_pitcher_profile_network_v2,1.0,0.05,0.9425,0.0,0.5117271875,-0.06415728793309439,0.12100000000000002,0.0,39.0,6.947360181128322,-0.05629262090452669,0.0,0.0,-0.0023607228195937826,-0.17587499999999995,0.0,39.0,7.305118340698284,-0.06692052953039997,-0.10040466784283898,-0.016064746854854237,0.001349462365591414,-0.6431249999999998,0.0,39.0,5.83247076688686,-0.03247206696575619,-0.03252196966232877,-0.0016260984831164386,0.0963810185185185,-0.5039999999999999,0.0,39.0,6.640438999333008,-0.11365294765214422,-0.11644606956881089,-0.0029111517392202725,0.14142962962962963,-0.5774999999999999,0.0,39.0,6.15045444085638,-0.0760773075087539,-0.06175432827045431,-0.0037052596962272584
2026-05-22,Jazz_Chisholm_Jr,665862,hitter,NYY,TB,2026,823546,59,147,139,1,607259.0,Nick_Martinez,2.0,4.0,0.0,0.0,1.0,4.0,4.0,0.0,0.0,6.0,0.10526315789473684,0.6275000000000001,0.6275000000000001,0.5,30.0,65.0,1.1294117647058823,5.988235294117647,5.771136006850293,1.08,10.0,66.0,0,1.0,0.49999999999999994,-0.8660254037844387,-0.433883739117558,-0.9009688679024191,1.5,1.5,0.5,0.5,0.5,1.5,1.5,0.5,0.5,0.5,synthetic,synthetic,synthetic,synthetic,synthetic,0.0,0.0,0.0,0.0,0.0,-110.0,-110.0,-110.0,-110.0,-110.0,-110.0,-110.0,-110.0,-110.0,-110.0,0.0,0.0,0.0,0.0,0.0,2026-08-07T03:26:40.888653+00:00,-0.3147628156599407,0.4963445556346251,0.30732528838650996,-0.13864216917154087,0.07152020210566667,1.2,1.8,0.6,0.2,0.4,0.0,0.0,0.0,0.0,0.0,batter_pitcher_profile_network_v2,1.0,0.6,0.5524483225592862,1.0,0.6881450482918925,-0.21682522401433663,0.38486390364220807,0.0,38.0,5.956794714078509,-0.061928274616482766,0.0,0.0,-0.11469181600955769,0.2857230010207405,0.027160493827160494,38.0,6.368873892131173,-0.07083764097073553,-0.08517382991517472,-0.013627812786427955,-0.11965524193548359,0.16920383341083478,0.1037037037037037,38.0,7.172132164649735,-0.07525913849646619,0.005238181932533836,0.00026190909662669184,0.08475138888888895,0.20877553725262452,-0.1111111111111111,38.0,6.581394950349626,-0.0913586247068795,-0.16968676686163717,-0.0042421691715409295,0.08198750000000028,0.2112116836523807,-0.1111111111111111,38.0,6.8523143036837855,-0.07480559440422581,-0.13460119868430878,-0.008076071921058527
2026-05-24,Jazz_Chisholm_Jr,665862,hitter,NYY,TB,2026,823544,60,147,139,1,656876.0,Drew_Rasmussen,1.0,1.0,0.0,0.0,0.0,3.0,3.0,0.0,1.0,6.0,0.10344827586206896,0.2966666666666667,0.2966666666666667,0.0,0.0,35.6,4.125,6.625,5.012894248608535,1.08,0.0,57.0,0,2.0,0.49999999999999994,-0.8660254037844387,-0.7818314824680299,0.6234898018587334,1.5,2.5,0.5,0.5,0.5,1.5,2.5,0.5,0.5,0.5,synthetic,synthetic,synthetic,synthetic,synthetic,0.0,0.0,0.0,0.0,0.0,-110.0,-110.0,-110.0,-110.0,-110.0,-110.0,-110.0,-110.0,-110.0,-110.0,0.0,0.0,0.0,0.0,0.0,2026-08-07T03:26:40.888653+00:00,-0.14218418873509275,-0.4468822340339029,-0.05122342724768064,-0.33894022968322707,0.22748653094993898,1.2,2.2,0.4,0.2,0.6,2.0,4.0,0.0,0.0,1.0,batter_pitcher_profile_network_v2,1.0,0.6,0.5788543107716988,1.0,0.6862042081582802,-0.04513281955736224,-0.00043667385650022865,-0.007407407407407405,39.0,7.398051983141972,-0.05813389652475082,-0.005855908633422099,-0.0005855908633422099,0.049584293134598,0.10537292376298403,0.017283950617283952,39.0,7.3058451831832985,-0.06888719006680805,-0.08748594547051786,-0.013997751275282857,0.022870172764227537,-0.08172798144449439,-0.1111111111111111,39.0,7.795874127604784,-0.07409137291457704,-0.16259267861961926,-0.008129633930980963,0.20894212962962966,0.20729310448587565,-0.1111111111111111,39.0,6.971945632563146,-0.11213583168341883,-0.18160918732908266,-0.004540229683227067,0.21048032407407397,-0.015150839543557303,-0.1111111111111111,39.0,7.595288369506878,-0.07710945216819186,-0.14688923157134942,-0.008813353894280965
2026-05-25,Jazz_Chisholm_Jr,665862,hitter,NYY,KC,2026,824107,61,147,118,0,608379.0,Michael_Wacha,1.0,2.0,1.0,0.0,0.0,4.0,3.0,1.0,0.0,6.0,0.1111111111111111,0.49,0.49,0.3333333333333333,28.333333333333332,65.0,2.0,9.071428571428571,5.150510204081633,1.06,0.0,83.0,0,1.0,0.49999999999999994,-0.8660254037844387,0.0,1.0,0.5,1.5,0.5,0.5,0.5,0.5,1.5,0.5,0.5,0.5,synthetic,synthetic,synthetic,synthetic,synthetic,0.0,0.0,0.0,0.0,0.0,-110.0,-110.0,-110.0,-110.0,-110.0,-110.0,-110.0,-110.0,-110.0,-110.0,0.0,0.0,0.0,0.0,0.0,2026-08-07T03:26:40.888653+00:00,0.5796307882221203,0.10877543051362615,-0.057425025943680985,-0.3318963044078566,-0.1310972310369628,1.0,1.4,0.2,0.0,0.2,1.0,1.0,0.0,0.0,0.0,batter_pitcher_profile_network_v2,1.0,0.65,0.5241829255263225,1.0,0.7045119345549666,-0.0818539579538558,-0.12422919293820936,-0.1111111111111111,40.0,7.83046791515053,-0.03483846950171695,-0.08951524703049894,-0.008951524703049895,0.020433781117182515,-0.042047401369122675,-0.1111111111111111,40.0,7.905059992370742,-0.060392498262676564,-0.17567439262316953,-0.028107902819707126,-0.014773394808743512,0.05225081817090016,-0.1111111111111111,40.0,8.156438236193814,-0.09933389375934598,-0.18401072295525278,-0.00920053614776264,0.20234953703703698,0.08443825436858225,-0.1111111111111111,40.0,7.676841185127863,-0.13397184415139496,-0.21051884298093246,-0.005262971074523312,0.17975578703703673,0.0238935777337417,-0.1111111111111111,40.0,7.968831273405115,-0.09625369931771804,-0.1548234651285197,-0.009289407907711182
2026-05-26,Jazz_Chisholm_Jr,665862,hitter,NYY,KC,2026,824106,62,147,118,0,663559.0,Bailey_Falter,2.0,5.0,2.0,1.0,1.0,6.0,5.0,1.0,1.0,7.0,0.10909090909090909,0.6133333333333334,0.6133333333333334,0.6,30.0,65.0,31.5,3.0,5.793367346938775,1.06,0.0,82.0,0,1.0,0.49999999999999994,-0.8660254037844387,0.7818314824680298,0.6234898018587336,1.5,1.5,0.5,0.5,0.5,1.5,1.5,0.5,0.5,0.5,synthetic,synthetic,synthetic,synthetic,synthetic,0.0,0.0,0.0,0.0,0.0,-110.0,-110.0,-110.0,-110.0,-110.0,-110.0,-110.0,-110.0,-110.0,-110.0,0.0,0.0,0.0,0.0,0.0,2026-08-07T03:26:40.888653+00:00,0.04696630355525566,0.8871581907772197,0.17493064219288357,-0.25870317588013564,-0.05665168005558702,1.2,1.8,0.2,0.0,0.2,1.0,2.0,1.0,0.0,0.0,batter_pitcher_profile_network_v2,1.0,0.1,0.819553977055322,0.0,0.5249604637810723,0.04071245066788087,1.0,0.0,42.0,3.7276517083433296,-0.04674193767551209,0.007346399807350505,0.0007346399807350505,0.1406015103217971,0.8071428571428572,0.0,42.0,4.8598440518511765,-0.05956484678906548,-0.06886926218783448,-0.011019081950053519,0.09342674180327853,0.8133333333333335,0.0,42.0,5.1829562610671,-0.09922364582134577,-0.08551207883867996,-0.004275603941933998,0.3057060185185184,0.6142857142857143,0.0,42.0,6.055682913659523,-0.15001314541931818,-0.11612703520542524,-0.002903175880135631,0.2968622685185183,0.8295238095238094,0.0,42.0,5.01044526923548,-0.09504651672912347,-0.0268492748905826,-0.0016109564934349558
2026-05-29,Jazz_Chisholm_Jr,665862,hitter,NYY,ATH,2026,825002,63,147,133,0,622663.0,Luis_Severino,0.0,0.0,0.0,0.0,0.0,5.0,5.0,0.0,1.0,5.0,0.11904761904761904,0.0,0.0,0.0,0.0,10.0,4.482142857142857,10.035714285714286,4.449689440993789,1.08,3.0,72.0,0,3.0,0.49999999999999994,-0.8660254037844387,-0.433883739117558,-0.9009688679024191,1.5,2.5,0.5,0.5,0.5,1.5,2.5,0.5,0.5,0.5,synthetic,synthetic,synthetic,synthetic,synthetic,0.0,0.0,0.0,0.0,0.0,-110.0,-110.0,-110.0,-110.0,-110.0,-110.0,-110.0,-110.0,-110.0,-110.0,0.0,0.0,0.0,0.0,0.0,2026-08-07T03:26:40.888653+00:00,-0.2506235363599758,-0.3174331639943899,0.19366362720925023,-0.2403858850249711,-0.007935844931329872,1.2,2.4,0.6,0.2,0.4,2.0,5.0,2.0,1.0,1.0,batter_pitcher_profile_network_v2,1.0,0.65,0.593121905864763,1.0,0.6990226682455183,0.03750686977299894,-0.027121338879977926,-0.1111111111111111,41.0,8.352442039203941,-0.052644925752155694,-0.08892066380679844,-0.008892066380679844,0.12432093787335732,0.02567041353002774,-0.1111111111111111,41.0,8.378187453251138,-0.07554100060909974,-0.20051977496493814,-0.0320831639943901,0.07501075268817226,0.2411838874402435,-0.1111111111111111,41.0,8.269942784036793,-0.11027111248261207,-0.1914168968087866,-0.009570844840439331,0.28695601851851843,0.0792191423435871,-0.1111111111111111,41.0,8.228274159917001,-0.1601779479754295,-0.23943540099884317,-0.00598588502497108,0.26229629629629647,0.19296001738374632,-0.1111111111111111,41.0,8.20425615861431,-0.11878894470227465,-0.15700528301699157,-0.009420316981019495
2026-05-30,Jazz_Chisholm_Jr,665862,hitter,NYY,ATH,2026,825000,64,147,133,0,669372.0,JT_Ginn,1.0,1.0,0.0,0.0,0.0,5.0,5.0,0.0,0.0,5.0,0.12195121951219512,0.178,0.178,0.0,0.0,21.36,3.321428571428576,10.392857142857142,5.0925465838509325,1.08,6.0,80.0,0,1.0,0.49999999999999994,-0.8660254037844387,-0.9749279121818236,-0.2225209339563146,1.5,2.5,0.5,0.5,0.5,1.5,2.5,0.5,0.5,0.5,synthetic,synthetic,synthetic,synthetic,synthetic,0.0,0.0,0.0,0.0,0.0,-110.0,-110.0,-110.0,-110.0,-110.0,-110.0,-110.0,-110.0,-110.0,-110.0,0.0,0.0,0.0,0.0,0.0,2026-08-07T03:26:40.888653+00:00,-0.47321700105304476,-0.9145482119256887,0.05450395713870537,-0.3366645564756736,-0.07098981190398618,1.2,2.4,0.6,0.2,0.4,0.0,0.0,0.0,0.0,0.0,batter_pitcher_profile_network_v2,1.0,0.6,0.6326241184131587,0.0,0.6635021272966328,-0.11615516726403827,-0.22128949087088626,0.0,43.0,8.838363820382341,-0.03494132042219772,-0.009442999471519001,-0.0009442999471519002,-0.057290173237753914,-0.12604500844762467,0.0,43.0,9.01651432799806,-0.05018534993126563,-0.07793089770628614,-0.012468943633005783,-0.09636424731182791,0.11292724867724892,0.0,43.0,9.171032424293372,-0.048638172784144014,-0.048638172784144014,-0.002431908639207201,0.12908564814814805,0.028682555654939518,0.0,43.0,8.880210776251126,-0.09194247053830944,-0.09058225902694529,-0.0022645564756736325,0.04613425925925925,0.015542989417989615,0.0,43.0,9.074925191677927,-0.0321684704602862,-0.023862920714571637,-0.001431775242874298
2026-06-02,Jazz_Chisholm_Jr,665862,hitter,NYY,CLE,2026,823541,65,147,114,1,676282.0,Joey_Cantillo,1.0,1.0,1.0,0.0,0.0,4.0,4.0,0.0,2.0,7.0,0.10256410256410256,0.2225,0.2225,0.0,0.0,26.7,8.4,7.076470588235293,5.467346938775511,1.08,0.0,75.0,0,3.0,1.2246467991473532e-16,-1.0,0.7818314824680298,0.6234898018587336,0.5,1.5,0.5,0.5,0.5,0.5,1.5,0.5,0.5,0.5,synthetic,synthetic,synthetic,synthetic,synthetic,0.0,0.0,0.0,0.0,0.0,-110.0,-110.0,-110.0,-110.0,-110.0,-110.0,-110.0,-110.0,-110.0,-110.0,0.0,0.0,0.0,0.0,0.0,2026-08-07T03:26:40.888653+00:00,0.6607062455751531,-0.1508539552540935,0.05211099249871565,-0.3368470075297045,-0.19671453474337447,1.0,1.8,0.6,0.2,0.2,1.0,1.0,0.0,0.0,0.0,batter_pitcher_profile_network_v2,1.0,0.7,0.5569847933614847,0.0,0.6972385539692527,-0.07830212066905617,0.011904079030942066,0.0,44.0,9.27556792578795,-0.05141152769584623,0.0,0.0,-0.030795549581839905,0.0691505311279624,0.0,44.0,9.272673953899044,-0.06512064689205753,-0.09768097033808629,-0.015628955254093805,-0.06870295698924718,0.3312294846133448,0.0,44.0,8.873595399431554,-0.07224247341658377,-0.07224247341658377,-0.0036121236708291887,0.13086342592592579,0.17562698040332475,0.0,44.0,8.963443909156148,-0.10806218539949561,-0.09788030118817906,-0.0024470075297044766,0.0537453703703704,0.2483883010384655,0.0,44.0,8.99043056731227,-0.017824757071634275,-0.007454438292244736,-0.00044726629753468416
2026-06-03,Jazz_Chisholm_Jr,665862,hitter,NYY,CLE,2026,823540,66,147,114,1,668909.0,Gavin_Williams,1.0,4.0,1.0,1.0,1.0,4.0,4.0,0.0,2.0,5.0,0.12121212121212122,0.525,0.525,0.75,30.0,65.0,1.4285714285714286,9.339285714285714,5.081632653061225,1.08,11.0,76.0,0,1.0,1.2246467991473532e-16,-1.0,0.9749279121818236,-0.22252093395631434,0.5,1.5,0.5,0.5,0.5,0.5,1.5,0.5,0.5,0.5,synthetic,synthetic,synthetic,synthetic,synthetic,0.0,0.0,0.0,0.0,0.0,-110.0,-110.0,-110.0,-110.0,-110.0,-110.0,-110.0,-110.0,-110.0,-110.0,0.0,0.0,0.0,0.0,0.0,2026-08-07T03:26:40.888653+00:00,0.5622965318330682,0.9045850868697229,0.5122053795695063,-0.0751690824765417,-0.10432576282281641,1.0,1.8,0.8,0.2,0.2,1.0,1.0,1.0,0.0,0.0,batter_pitcher_profile_network_v2,1.0,0.8,0.45974803672400016,0.0,0.734944692401048,-0.12063892622461148,-0.29453437910404356,0.0,45.0,9.56135134105169,-0.03119183934270459,-0.019196400902467707,-0.0019196400902467708,-0.06602471624850637,-0.20224922598693335,0.0,45.0,9.821469509023546,-0.06468447197973126,-0.10424093433696406,-0.01667854949391425,-0.11875504032258032,-0.1860015398972872,0.0,45.0,9.868399558232177,-0.030137095695300677,-0.042070516216556324,-0.002103525810827816,0.12097453703703698,-0.1242589968764212,0.0,45.0,9.802240785267502,-0.12264213721100774,-0.13076329906166864,-0.0032690824765417162,0.006408564814815082,-0.17119527305092602,0.0,45.0,9.787162206371287,-0.031495263929944735,-0.02421416702220279,-0.0014528500213321673
2026-06-04,Jazz_Chisholm_Jr,665862,hitter,NYY,CLE,2026,823542,67,147,114,1,677944.0,Slade_Cecconi,0.0,0.0,1.0,0.0,1.0,3.0,1.0,1.0,1.0,5.0,0.10344827586206896,0.22999999999999998,0.22999999999999998,0.0,0.0,27.599999999999998,4.695104895104895,6.713286713286713,5.217996289424861,1.08,3.0,87.0,0,1.0,1.2246467991473532e-16,-1.0,0.43388373911755823,-0.900968867902419,0.5,2.5,0.5,0.5,0.5,0.5,2.5,0.5,0.5,0.5,synthetic,synthetic,synthetic,synthetic,synthetic,0.0,0.0,0.0,0.0,0.0,-110.0,-110.0,-110.0,-110.0,-110.0,-110.0,-110.0,-110.0,-110.0,-110.0,0.0,0.0,0.0,0.0,0.0,2026-08-07T03:26:40.888653+00:00,0.7261911480965668,-0.46793192882391166,0.3359375960859452,-0.09349667742868883,0.09056357098503653,1.0,2.2,0.8,0.4,0.4,1.0,4.0,1.0,1.0,1.0,batter_pitcher_profile_network_v2,1.0,0.8,0.48413261447891376,0.0,0.7325550037810664,-0.18112279719235336,0.19489851166232094,0.0,46.0,9.803060243235452,-0.035772750138576725,0.0,0.0,-0.10634729689366756,0.13346564782851736,0.0,46.0,10.173544579272177,-0.021031025272046835,-0.03154653790807025,-0.00504744606529124,-0.15907762096774158,0.07249567092400669,0.0,46.0,10.698179468905582,-0.011140919430096576,-0.011140919430096576,-0.0005570459715048288,0.12097453703703709,0.05069125758461493,0.0,46.0,10.356350395759172,0.03296942275928195,0.036132902852446094,0.0009033225713111524,0.006408564814815151,0.09730258149311238,0.0,46.0,10.465151930610109,-0.00023814805431770987,0.00014306833334042432,8.58410000042546e-06
2026-06-05,Jazz_Chisholm_Jr,665862,hitter,NYY,BOS,2026,823538,68,147,111,1,543243.0,Sonny_Gray,0.0,0.0,1.0,0.0,0.0,4.0,4.0,0.0,1.0,5.0,0.10810810810810811,0.0,0.0,0.0,0.0,10.0,3.25,11.0,2.802197802197803,1.08,0.0,85.0,0,1.0,1.2246467991473532e-16,-1.0,-0.433883739117558,-0.9009688679024191,0.5,1.5,0.5,0.5,0.5,0.5,1.5,0.5,0.5,0.5,synthetic,synthetic,synthetic,synthetic,synthetic,0.0,0.0,0.0,0.0,0.0,-110.0,-110.0,-110.0,-110.0,-110.0,-110.0,-110.0,-110.0,-110.0,-110.0,0.0,0.0,0.0,0.0,0.0,2026-08-07T03:26:40.888653+00:00,0.0003073703290750185,-0.752762322531106,-0.03363520897506167,-0.3341973822776906,-0.09376100873160764,0.6,1.2,0.6,0.2,0.4,0.0,0.0,1.0,0.0,1.0,batter_pitcher_profile_network_v2,1.0,0.65,0.5969842866380614,0.0,0.6799651261764443,-0.14942217140921382,-0.07186943319838054,0.0,47.0,11.007757454554673,-0.05548442762654748,-0.004327940110894518,-0.00043279401108945186,-0.07828144760614247,-0.1241867408906882,0.0,47.0,11.100593799086141,-0.04516461947053683,-0.07166485365724985,-0.011466376585159976,-0.12152566056910533,-0.13881123481781363,0.0,47.0,11.185374273893622,-0.007427782769388241,-0.014226306023362612,-0.0007113153011681306,0.1274930555555555,-0.17538866396761124,0.0,47.0,10.929524713693597,0.01711647743794863,0.008104708892376602,0.00020261772230941507,0.0464687500000002,-0.14472469635627516,0.0,47.0,11.033781808790154,0.0034797136248348307,-0.00010056627721797586,-6.033976633078551e-06
2026-06-07,Jazz_Chisholm_Jr,665862,hitter,NYY,BOS,2026,823537,69,147,111,1,624133.0,Ranger_Suarez,1.0,4.0,1.0,1.0,3.0,4.0,4.0,0.0,3.0,7.0,0.11428571428571428,0.525,0.525,0.75,30.0,65.0,6.092307692307692,10.476923076923079,0.42857142857142855,1.08,14.0,81.0,0,2.0,1.2246467991473532e-16,-1.0,-0.7818314824680299,0.6234898018587334,0.5,1.5,0.5,0.5,0.5,0.5,1.5,0.5,0.5,0.5,synthetic,synthetic,synthetic,synthetic,synthetic,0.0,0.0,0.0,0.0,0.0,-110.0,-110.0,-110.0,-110.0,-110.0,-110.0,-110.0,-110.0,-110.0,-110.0,0.0,0.0,0.0,0.0,0.0,2026-08-07T03:26:40.888653+00:00,-0.0863951183051152,0.372871183188072,0.24749434006377968,-0.07396489852615162,-0.21231984301602697,0.6,1.2,0.8,0.2,0.4,0.0,0.0,1.0,0.0,0.0,batter_pitcher_profile_network_v2,1.0,0.65,0.6134088199772663,1.0,0.6974073227093103,-0.14942217140921382,-0.01625289868502543,-0.1074074074074074,47.0,11.263198304657069,-0.06819029128703945,-0.08758488268485079,-0.00875848826848508,-0.07828144760614247,-0.09729744972222346,-0.1111111111111111,47.0,11.411374438767613,-0.05840118471825411,-0.1801801050745503,-0.028828816811928046,-0.12152566056910533,-0.021069959640660853,-0.1111111111111111,47.0,11.620317364459314,-0.018060921488510337,-0.10868462729583679,-0.00543423136479184,0.1274930555555555,-0.1629224497222234,-0.09876543209876543,47.0,11.252731040212492,0.005108639907412936,-0.08259594104606612,-0.002064898526151653,0.0464687500000002,-0.028925351797523594,-0.08888888888888889,47.0,11.451795186206562,-0.0069958514184164855,-0.07747357407663973,-0.004648414444598383
2026-06-08,Jazz_Chisholm_Jr,665862,hitter,NYY,CLE,2026,824427,70,147,114,0,668909.0,Gavin_Williams,0.0,0.0,0.0,0.0,0.0,5.0,4.0,1.0,0.0,5.0,0.12195121951219512,0.13799999999999998,0.13799999999999998,0.0,0.0,16.56,2.1160714285714284,9.214285714285714,4.850649350649351,1.08,0.0,81.0,0,1.0,1.2246467991473532e-16,-1.0,0.0,1.0,0.5,1.5,0.5,0.5,0.5,0.5,1.5,0.5,0.5,0.5,synthetic,synthetic,synthetic,synthetic,synthetic,0.0,0.0,0.0,0.0,0.0,-110.0,-110.0,-110.0,-110.0,-110.0,-110.0,-110.0,-110.0,-110.0,-110.0,0.0,0.0,0.0,0.0,0.0,2026-08-07T03:26:40.888653+00:00,0.31114798089160167,0.2539083568443612,0.4187278774417935,-0.09636908059734056,0.7968108181378113,0.6,1.8,1.0,0.4,1.0,1.0,4.0,1.0,1.0,3.0,batter_pitcher_profile_network_v2,1.0,0.85,0.42744008671265465,1.0,0.7717428009710449,-0.18492092931345977,-0.2609606720949249,0.0037037037037037025,48.0,11.020315524705858,-0.06883283335530853,-0.024986667696801634,-0.0024986667696801634,-0.045709631887985436,-0.13686097221497293,0.1111111111111111,48.0,11.380826327270219,-0.10886514173728518,-0.08757734289347584,-0.014012374862956135,-0.14613440040650377,-0.11747342908177744,0.0962962962962963,48.0,11.521142063846384,-0.06116204628981968,-0.0022625335207988873,-0.00011312667603994436,0.271511574074074,-0.02232015588844232,0.1111111111111111,48.0,11.32040678983838,-0.15459563442067734,-0.07876322389362204,-0.0019690805973405514,0.12944560185185214,-0.0947353338436822,0.1111111111111111,48.0,11.411111708379995,-0.04162525658672737,0.0410619409833685,0.00246371645900211
2026-06-09,Jazz_Chisholm_Jr,665862,hitter,NYY,CLE,2026,824429,71,147,114,0,677944.0,Slade_Cecconi,1.0,4.0,2.0,1.0,1.0,4.0,3.0,1.0,1.0,5.0,0.10256410256410256,0.6975,0.6975,1.0,30.0,65.0,4.376923076923077,7.076923076923077,2.793506493506494,1.08,10.0,86.0,0,1.0,1.2246467991473532e-16,-1.0,0.7818314824680298,0.6234898018587336,0.5,1.5,0.5,0.5,0.5,0.5,1.5,0.5,0.5,0.5,synthetic,synthetic,synthetic,synthetic,synthetic,0.0,0.0,0.0,0.0,0.0,-110.0,-110.0,-110.0,-110.0,-110.0,-110.0,-110.0,-110.0,-110.0,-110.0,0.0,0.0,0.0,0.0,0.0,2026-08-07T03:26:40.888653+00:00,0.04950965465518764,0.9873853381812996,0.3301739245482307,0.128385781594077,0.36012872700649323,0.4,1.6,0.8,0.4,1.0,0.0,0.0,0.0,0.0,0.0,batter_pitcher_profile_network_v2,1.0,0.85,0.45678153014306494,1.0,0.7686876231738534,-0.2249710200119473,0.1793174475649579,-0.1037037037037037,48.0,11.24481130748083,-0.058136691893939114,-0.07553682008149225,-0.007553682008149225,-0.08050043309438458,0.10608350615064559,-0.1111111111111111,48.0,11.693834924154235,-0.05912705275780541,-0.1696228863668784,-0.027139661818700544,-0.18425436827956976,0.04580600688195089,0.0962962962962963,48.0,12.172910159232265,-0.09228472009007968,-0.02214338715726545,-0.0011071693578632725,0.2600893518518519,0.01672999612199235,-0.1111111111111111,48.0,11.862383398019572,-0.010000132192683074,-0.08856873623692474,-0.0022142184059231185,0.0830442129629631,0.06745894384470162,0.1111111111111111,48.0,11.969639278632528,-0.03223355002894328,0.05980029526306503,0.0035880177157839015
2026-06-10,Jazz_Chisholm_Jr,665862,hitter,NYY,CLE,2026,824428,72,147,114,0,800048.0,Parker_Messick,1.0,3.0,2.0,0.0,3.0,5.0,4.0,1.0,1.0,7.0,0.11363636363636363,0.462,0.462,0.5,30.0,65.0,2.188235294117647,7.694117647058824,3.1149350649350653,1.08,0.0,81.0,0,1.0,1.2246467991473532e-16,-1.0,0.9749279121818236,-0.22252093395631434,0.5,1.5,0.5,0.5,0.5,0.5,1.5,0.5,0.5,0.5,synthetic,synthetic,synthetic,synthetic,synthetic,0.0,0.0,0.0,0.0,0.0,-110.0,-110.0,-110.0,-110.0,-110.0,-110.0,-110.0,-110.0,-110.0,-110.0,0.0,0.0,0.0,0.0,0.0,2026-08-07T03:26:40.888653+00:00,0.16861267875852748,0.8628861064245625,0.6180455601421433,0.10486690770040297,0.4741448132182491,0.4,1.6,1.0,0.4,1.0,1.0,4.0,2.0,1.0,1.0,batter_pitcher_profile_network_v2,1.0,0.8,0.3853892987925709,0.0,0.742231848718328,-0.1986450767841012,-0.27774425770308125,0.0,49.0,12.59160208147628,-0.06737083867639777,-0.033909626980552,-0.0033909626980552,0.017927664859981957,-0.1964224789915966,0.0,49.0,12.962247044758525,-0.07253548584654085,-0.11096751666466642,-0.017754802666346627,-0.13894918699186984,-0.25073681139122306,0.0,49.0,12.720535987914998,-0.013247387975976375,-0.03466022572856301,-0.0017330112864281507,0.43886898148148146,-0.124179831932773,0.0,49.0,13.003887342094032,0.004171777709155441,-0.029323691983880306,-0.0007330922995970077,0.23204259259259258,-0.24064752567693737,0.0,49.0,12.674188124243429,0.027131234952319658,-0.013971727747798122,-0.0008383036648678873
2026-06-12,Jazz_Chisholm_Jr,665862,hitter,NYY,TOR,2026,822803,73,147,141,0,702056.0,Trey_Yesavage,1.0,1.0,0.0,0.0,0.0,5.0,4.0,1.0,2.0,5.0,0.12195121951219512,0.316,0.316,0.0,0.0,37.92,6.026470588235294,7.747058823529412,3.789185239313117,1.08,0.0,77.0,0,2.0,1.2246467991473532e-16,-1.0,-0.433883739117558,-0.9009688679024191,0.5,2.5,1.5,0.5,1.5,0.5,2.5,1.5,0.5,1.5,synthetic,synthetic,synthetic,synthetic,synthetic,0.0,0.0,0.0,0.0,0.0,-110.0,-110.0,-110.0,-110.0,-110.0,-110.0,-110.0,-110.0,-110.0,-110.0,0.0,0.0,0.0,0.0,0.0,2026-08-07T03:26:40.888653+00:00,0.33287933437679873,-0.5612437507303571,-0.27016103515738066,-0.19964050302804853,0.06148172443223765,0.6,2.2,1.2,0.4,1.4,1.0,3.0,2.0,0.0,3.0,batter_pitcher_profile_network_v2,1.0,0.4,0.6865681605010829,1.0,0.625108160135447,-0.16732378048780502,-0.4525251030686841,0.1111111111111111,48.0,12.124703681949248,-0.06536041792409594,0.06996573297817726,0.006996573297817727,0.07842210930442628,-0.5138337300238013,0.012345679012345684,48.0,11.681377029015623,-0.0704559359520899,-0.10790301523546635,-0.017264482437674616,-0.12407418699187006,-0.30427784625410853,-0.1111111111111111,48.0,12.912161830668573,0.06895455748010244,-0.03657667416804876,-0.001828833708402438,0.555148611111111,-0.5550728918735123,-0.1111111111111111,48.0,11.168846924255497,-0.01933851274727643,-0.20962012112194145,-0.005240503028048536,0.29753055555555535,-0.4194982219766519,-0.1111111111111111,48.0,12.094010124047834,0.06171009814898314,-0.08653619466266341,-0.005192171679759805
2026-06-13,Jazz_Chisholm_Jr,665862,hitter,NYY,TOR,2026,822802,74,147,141,0,592332.0,Kevin_Gausman,0.0,0.0,0.0,0.0,0.0,4.0,3.0,1.0,1.0,5.0,0.11764705882352941,0.1725,0.1725,0.0,0.0,20.7,5.0,10.0,3.4537815126050426,1.08,11.0,71.0,0,1.0,1.2246467991473532e-16,-1.0,-0.9749279121818236,-0.2225209339563146,0.5,2.5,0.5,0.5,1.5,0.5,2.5,0.5,0.5,1.5,synthetic,synthetic,synthetic,synthetic,synthetic,0.0,0.0,0.0,0.0,0.0,-110.0,-110.0,-110.0,-110.0,-110.0,-110.0,-110.0,-110.0,-110.0,-110.0,0.0,0.0,0.0,0.0,0.0,2026-08-07T03:26:40.888653+00:00,0.30044824223888456,-0.779356434522531,0.22584868084821164,-0.19298594908452,-0.47608688583544256,0.8,2.4,1.0,0.4,1.4,1.0,1.0,0.0,0.0,0.0,batter_pitcher_profile_network_v2,1.0,0.85,0.41995368793568827,0.0,0.7537723222436965,-0.22897734468339315,-0.07861878264081504,0.0,49.0,13.696545304818683,-0.06783996433164018,-0.010441947359055114,-0.0010441947359055115,-0.0214049581839905,-0.09827223582672631,0.0,49.0,13.830168127904745,-0.041278338147489206,-0.06313764223640833,-0.010102022757825332,-0.18152486559139802,-0.19899253430932112,0.0,49.0,13.687793197345108,0.08693870886057362,0.0659862220062466,0.00329931110031233,0.4076189814814815,-0.12472944606931391,0.0,49.0,13.707006362557264,0.08605280328649628,0.05656203661920182,0.0014140509154800455,0.19202175925925916,-0.15341358102989613,0.0,49.0,13.720734726600869,0.06991874592747606,0.03535162263057888,0.0021210973578347325
2026-06-14,Jazz_Chisholm_Jr,665862,hitter,NYY,TOR,2026,822801,75,147,141,0,571578.0,Patrick_Corbin,0.0,0.0,1.0,0.0,0.0,3.0,0.0,3.0,0.0,5.0,0.06976744186046512,0.69,0.69,0.0,0.0,65.0,8.0,6.0,2.8109243697478994,1.08,0.0,68.0,0,1.0,1.2246467991473532e-16,-1.0,-0.7818314824680299,0.6234898018587334,0.5,1.5,0.5,0.5,0.5,0.5,1.5,0.5,0.5,0.5,synthetic,synthetic,synthetic,synthetic,synthetic,0.0,0.0,0.0,0.0,0.0,-110.0,-110.0,-110.0,-110.0,-110.0,-110.0,-110.0,-110.0,-110.0,-110.0,0.0,0.0,0.0,0.0,0.0,2026-08-07T03:26:40.888653+00:00,0.12411158100730002,-0.23184499607265852,0.2922569006398559,-0.3314333170077715,0.1874215282889229,0.6,1.6,0.8,0.2,0.8,0.0,0.0,0.0,0.0,0.0,batter_pitcher_profile_network_v2,1.0,0.6,0.5689640028500602,1.0,0.6869311457905206,-0.19066458333333366,0.3689689346221494,0.1111111111111111,48.0,11.922462375581874,-0.10350524165733455,0.08716466682500335,0.008716466682500335,0.009258796296296078,0.25539983885623424,0.1111111111111111,48.0,12.946621492568246,-0.08871030111963464,-0.04488151615179013,-0.007181042584286422,-0.1388854166666669,0.22874753704900774,0.0962962962962963,48.0,13.576585301255673,0.0355313969171594,0.11107410816549564,0.005553705408274782,0.4115819444444444,0.155052616634012,0.1111111111111111,48.0,13.52940944062923,0.00399529008017207,0.11866731968914003,0.0029666829922285008,0.22364097222222218,0.24098629366276436,0.1111111111111111,48.0,13.344542996648043,0.004557607655402896,0.11381330289368177,0.006828798173620906
2026-06-16,Jazz_Chisholm_Jr,665862,hitter,NYY,CWS,2026,823535,76,147,145,1,663436.0,Davis_Martin,1.0,1.0,1.0,0.0,0.0,5.0,4.0,1.0,2.0,4.0,0.10869565217391304,0.316,0.316,0.0,0.0,37.92,4.357142857142858,6.785714285714285,3.2970295232717595,1.08,8.0,72.0,0,2.0,1.2246467991473532e-16,-1.0,0.7818314824680298,0.6234898018587336,0.5,1.5,0.5,0.5,0.5,0.5,1.5,0.5,0.5,0.5,synthetic,synthetic,synthetic,synthetic,synthetic,0.0,0.0,0.0,0.0,0.0,-110.0,-110.0,-110.0,-110.0,-110.0,-110.0,-110.0,-110.0,-110.0,-110.0,0.0,0.0,0.0,0.0,0.0,2026-08-07T03:26:40.888653+00:00,0.16987531082812402,-0.37002915957160143,0.433944698114368,-0.3373451528490998,0.13479567792177716,0.6,1.6,1.0,0.2,0.8,0.0,0.0,1.0,0.0,0.0,batter_pitcher_profile_network_v2,1.0,0.8,0.45161942257485643,0.0,0.7357412965876641,-0.08788373419150883,-0.3256504704740716,0.0,49.0,13.809514851287002,-0.07647284840858157,-0.01569431179350885,-0.0015694311793508853,0.09334849819331509,-0.47904320186218463,0.0,49.0,12.859282401138925,-0.06521340718936475,-0.12234257340946625,-0.0195748117455146,-0.0307512703252035,-0.5136320340182203,0.0,49.0,12.258647886850401,0.04039558635571022,0.03173400423298753,0.0015867002116493765,0.4277449074074074,-0.6539126308315438,0.0,49.0,11.160905578076564,0.03558020966416846,-0.11780611396399322,-0.0029451528490998307,0.31697060185185166,-0.5386767183264841,0.0,49.0,12.014485214255865,0.0430244198474891,-0.06136475330554528,-0.0036818851983327163
2026-06-17,Jazz_Chisholm_Jr,665862,hitter,NYY,CWS,2026,823536,77,147,145,1,641743.0,Anthony_Kay,1.0,4.0,1.0,1.0,1.0,5.0,5.0,0.0,2.0,6.0,0.11904761904761904,0.42000000000000004,0.42000000000000004,0.6,30.0,65.0,6.300000000000002,9.0,3.344944341372913,1.08,0.0,72.0,0,1.0,1.2246467991473532e-16,-1.0,0.9749279121818236,-0.22252093395631434,0.5,0.5,0.5,0.5,0.5,0.5,0.5,0.5,0.5,0.5,synthetic,synthetic,synthetic,synthetic,synthetic,0.0,0.0,0.0,0.0,0.0,-110.0,-110.0,-110.0,-110.0,-110.0,-110.0,-110.0,-110.0,-110.0,-110.0,0.0,0.0,0.0,0.0,0.0,2026-08-07T03:26:40.888653+00:00,0.21786444032158314,1.1763792554790222,0.3567577270882404,-0.24709970920079494,0.052484653995237385,0.6,1.0,0.8,0.0,0.6,1.0,1.0,1.0,0.0,0.0,batter_pitcher_profile_network_v2,1.0,0.85,0.42099991569545187,0.0,0.7536633837782111,-0.022362492532855355,0.18874787314612368,0.0,50.0,14.277234748902908,-0.1041002206576063,0.0,0.0,0.14666883213859028,0.2283615001800094,0.0,50.0,14.082620845101,-0.09322326733105565,-0.12044215325610998,-0.019270744520977597,0.04289684139784958,0.3344670820783905,0.0,50.0,13.755738673745178,-0.013097050432476201,-0.0047897996081059675,-0.00023948998040529838,0.43808564814814815,0.29563879903058415,0.0,50.0,13.497522584563056,0.017022369527569085,0.09201163196820235,0.002300290799205059,0.37839467592592596,0.33051353801708777,0.0,50.0,13.616775132953398,-0.0023845917413335468,0.07062394877652636,0.004237436926591582
2026-06-18,Jazz_Chisholm_Jr,665862,hitter,NYY,CWS,2026,823533,78,147,145,1,663542.0,Bryan_Hudson,0.0,0.0,0.0,0.0,0.0,1.0,1.0,0.0,0.0,5.0,0.03225806451612903,0.0,0.0,0.0,0.0,10.0,3.0,0.0,3.870918367346939,1.08,0.0,86.0,0,1.0,1.2246467991473532e-16,-1.0,0.43388373911755823,-0.900968867902419,0.5,1.5,0.5,0.5,0.5,0.5,1.5,0.5,0.5,0.5,synthetic,synthetic,synthetic,synthetic,synthetic,0.0,0.0,0.0,0.0,0.0,-110.0,-110.0,-110.0,-110.0,-110.0,-110.0,-110.0,-110.0,-110.0,-110.0,0.0,0.0,0.0,0.0,0.0,2026-08-07T03:26:40.888653+00:00,0.6266338497481405,-0.28565915235635253,-0.07584495689829429,-0.23164372326338417,-0.26647708015904026,0.6,1.2,0.6,0.2,0.2,1.0,4.0,1.0,1.0,1.0,batter_pitcher_profile_network_v2,1.0,0.2,0.7868750000000001,0.0,0.5507215625,-0.0032465277777780077,-0.3214230769230769,0.0,51.0,14.983568563727532,-0.08759786843133693,-0.0002223978444678308,-2.2239784446783083e-05,0.20231712962962947,0.09096153846153848,0.0,51.0,15.486700049188174,-0.09234376560925917,-0.13459349254978395,-0.021534958807965434,0.05771874999999971,-0.14394444444444435,0.0,51.0,15.758755860731576,-0.01395002608780917,-0.015720731119276174,-0.0007860365559638088,0.5633541666666667,0.5909615384615384,0.0,51.0,11.27591316300737,0.039297356992176256,0.11025106946463215,0.0027562767366158037,0.44105902777777783,-0.12172222222222215,0.0,51.0,15.684097878903263,-0.006043642511470539,-0.01597470662258341,-0.0009584823973550046
2026-06-19,Jazz_Chisholm_Jr,665862,hitter,NYY,CIN,2026,823534,79,147,113,1,695076.0,Rhett_Lowder,1.0,4.0,2.0,1.0,1.0,4.0,3.0,1.0,0.0,5.0,0.1111111111111111,0.6975,0.6975,1.0,30.0,65.0,3.5294117647058822,8.176470588235295,3.6469780219780223,1.08,15.0,77.0,0,1.0,1.2246467991473532e-16,-1.0,-0.433883739117558,-0.9009688679024191,0.5,0.5,0.5,0.5,0.5,0.5,0.5,0.5,0.5,0.5,synthetic,synthetic,synthetic,synthetic,synthetic,0.0,0.0,0.0,0.0,0.0,-110.0,-110.0,-110.0,-110.0,-110.0,-110.0,-110.0,-110.0,-110.0,-110.0,0.0,0.0,0.0,0.0,0.0,2026-08-07T03:26:40.888653+00:00,0.006788924800689489,1.634845162633514,0.2553219794518927,-0.00963022364149968,-0.13136295127995856,0.4,1.0,0.6,0.2,0.2,0.0,0.0,0.0,0.0,0.0,batter_pitcher_profile_network_v2,1.0,0.6,0.6300692693954031,0.0,0.6636899086994379,-0.02994235731633286,0.23851069243634604,0.0,51.0,14.608603605154949,-0.08546791023226537,0.0,0.0,0.15712484820886446,0.016141865275852214,0.0,51.0,15.728541619249473,-0.0715137118635304,-0.1063323168738688,-0.01701317069981901,0.02097438524590145,0.39630640097415704,0.0,51.0,13.875924939985836,-0.03111340191123846,-0.02803843294016925,-0.0014019216470084626,0.4865405092592592,-0.13886070674060869,0.0,51.0,15.577127120844304,0.01578407722578368,-0.009208945659987866,-0.00023022364149969667,0.35934953703703687,0.2911203584501516,0.0,51.0,14.574828809863032,0.023321904474522526,0.056191349241227935,0.003371480954473676
2026-06-20,Jazz_Chisholm_Jr,665862,hitter,NYY,CIN,2026,823532,80,147,113,1,671096.0,Andrew_Abbott,0.0,0.0,0.0,0.0,0.0,4.0,4.0,0.0,1.0,7.0,0.10256410256410256,0.0,0.0,0.0,0.0,10.0,3.6,8.5,2.6826923076923075,1.08,16.0,79.0,0,1.0,1.2246467991473532e-16,-1.0,-0.9749279121818236,-0.2225209339563146,0.5,1.5,0.5,0.5,0.5,0.5,1.5,0.5,0.5,0.5,synthetic,synthetic,synthetic,synthetic,synthetic,0.0,0.0,0.0,0.0,0.0,-110.0,-110.0,-110.0,-110.0,-110.0,-110.0,-110.0,-110.0,-110.0,-110.0,0.0,0.0,0.0,0.0,0.0,2026-08-07T03:26:40.888653+00:00,0.2278916403800284,0.17472268721754203,0.3296076656506306,-0.09109768626631476,-0.09897542570828455,0.6,1.8,1.0,0.4,0.4,1.0,4.0,2.0,1.0,1.0,batter_pitcher_profile_network_v2,1.0,1.0,0.28899336092535055,0.0,0.8145983132866446,0.18435987780813523,0.23507462463544593,0.0,51.0,14.938602918181623,-0.09793769729684695,0.030813839697720172,0.0030813839697720175,0.3905099802671519,0.26205737504264137,0.0,51.0,14.804288548007705,-0.08987152985366682,-0.062045704890362915,-0.009927312782458066,0.2132310450819665,0.30717126517273574,0.0,51.0,14.922014386052265,-0.05672421201734151,-0.01015437929507939,-0.0005077189647539695,0.6756608796296296,0.29077199768415085,0.0,51.0,14.451363293460503,-0.007594135496718229,0.13209254934740844,0.003302313733685211,0.5647719907407402,0.292749095361415,0.0,51.0,14.860485300389197,0.00491675098017522,0.12124290486192167,0.0072745742917153
2026-06-21,Jazz_Chisholm_Jr,665862,hitter,NYY,CIN,2026,823531,81,147,113,1,695505.0,Chase_Burns,1.0,1.0,0.0,0.0,0.0,4.0,4.0,0.0,1.0,5.0,0.1111111111111111,0.2225,0.2225,0.0,0.0,26.7,2.125,12.637500000000001,3.004120879120879,1.08,-6.0,79.0,0,1.0,1.2246467991473532e-16,-1.0,-0.7818314824680299,0.6234898018587334,0.5,1.5,0.5,0.5,0.5,0.5,1.5,0.5,0.5,0.5,synthetic,synthetic,synthetic,synthetic,synthetic,0.0,0.0,0.0,0.0,0.0,-110.0,-110.0,-110.0,-110.0,-110.0,-110.0,-110.0,-110.0,-110.0,-110.0,0.0,0.0,0.0,0.0,0.0,2026-08-07T03:26:40.888653+00:00,-0.10361462918418352,-0.31178225527241765,0.08475619734806983,-0.1994418004879837,-0.1840210176019358,0.6,1.8,0.8,0.4,0.4,0.0,0.0,0.0,0.0,0.0,batter_pitcher_profile_network_v2,1.0,0.9,0.3043447586728672,0.0,0.7814459903563165,0.17796643518518512,-0.5630812708102109,0.0,51.0,13.58395133982939,-0.08806066698125586,-0.06971131015685321,-0.006971131015685321,0.3862476851851852,-0.419572090534327,0.0,51.0,15.06228815541358,-0.11605277388266573,-0.2868161787859436,-0.04589058860575098,0.20896874999999998,-0.40902353601818076,0.0,51.0,14.788296575582198,-0.07203709638333554,-0.13149693215948327,-0.006574846607974164,0.6756608796296296,-0.29272741398446167,0.0,51.0,15.802174413401444,-0.06408222185897282,-0.20167201951934743,-0.005041800487983686,0.5647719907407408,-0.4282469187675069,0.0,51.0,14.607234453121015,-0.012190661942718457,-0.17739547041077472,-0.010643728224646484
2026-06-22,Jazz_Chisholm_Jr,665862,hitter,NYY,DET,2026,824261,82,147,116,0,664285.0,Framber_Valdez,1.0,1.0,0.0,0.0,0.0,4.0,4.0,0.0,2.0,6.0,0.10810810810810811,0.2225,0.2225,0.0,0.0,26.7,3.0,7.2,2.0774436090225565,1.0666666666666667,-13.0,75.0,0,1.0,1.2246467991473532e-16,-1.0,0.0,1.0,0.5,1.5,0.5,0.5,0.5,0.5,1.5,0.5,0.5,0.5,synthetic,synthetic,synthetic,synthetic,synthetic,0.0,0.0,0.0,0.0,0.0,-110.0,-110.0,-110.0,-110.0,-110.0,-110.0,-110.0,-110.0,-110.0,-110.0,0.0,0.0,0.0,0.0,0.0,2026-08-07T03:26:40.888653+00:00,0.24999812762688467,-0.16202267895123912,-0.10196926302051657,-0.20116859470040538,-0.22345512547373558,0.6,1.8,0.6,0.4,0.4,1.0,1.0,0.0,0.0,0.0,batter_pitcher_profile_network_v2,1.0,0.9,0.39559278093038447,0.0,0.7713858959024251,0.14235019841269866,0.1528168380708761,0.0,51.0,16.531514087296166,-0.11280764479886529,0.013147976803966115,0.0013147976803966116,0.3325945767195769,0.04086258929115227,0.0,51.0,17.17750072327282,-0.11569175581405479,-0.16532333128308357,-0.02645173300529337,0.1765505952380954,0.10639954661991495,0.0,51.0,17.188838524440932,-0.11500692491449503,-0.10365319375721403,-0.005182659687860702,0.5784895833333334,-0.03997915655207811,0.0,51.0,17.172398828471216,-0.08609867790812069,-0.10007712134954566,-0.0025019280337386417,0.4935208333333335,0.08681175960487139,0.0,51.0,17.10793808132603,-0.03924740240190888,-0.003540684333310142,-0.00021244105999860852
2026-06-23,Jazz_Chisholm_Jr,665862,hitter,NYY,DET,2026,824262,83,147,116,0,663554.0,Casey_Mize,2.0,5.0,2.0,1.0,2.0,4.0,4.0,0.0,1.0,5.0,0.10810810810810811,0.7475,0.7475,0.75,30.0,65.0,2.8285714285714287,8.22857142857143,2.9345864661654133,1.0666666666666667,0.0,74.0,0,1.0,1.2246467991473532e-16,-1.0,0.7818314824680298,0.6234898018587336,0.5,1.5,0.5,0.5,0.5,0.5,1.5,0.5,0.5,0.5,synthetic,synthetic,synthetic,synthetic,synthetic,0.0,0.0,0.0,0.0,0.0,-110.0,-110.0,-110.0,-110.0,-110.0,-110.0,-110.0,-110.0,-110.0,-110.0,0.0,0.0,0.0,0.0,0.0,2026-08-07T03:26:40.888653+00:00,0.22680314378100863,0.6055896120116624,0.11140120711430068,-0.08062271572979657,-0.1588472857267399,0.6,1.2,0.4,0.2,0.2,1.0,1.0,0.0,0.0,0.0,batter_pitcher_profile_network_v2,1.0,0.65,0.5697134984455163,0.0,0.6821365626862758,-0.01632754629629639,-0.10057949880821013,0.0,51.0,17.721799501067082,-0.06074044914381834,-0.000706623559555275,-7.06623559555275e-05,0.19366898148148137,-0.18115475189824132,0.0,51.0,17.769071547110265,-0.08614187794886499,-0.1443090127649474,-0.023089442042391585,0.02861458333333322,-0.046195214476322966,0.0,51.0,17.992797809416164,-0.10781787105957374,-0.10838664820372643,-0.005419332410186321,0.5020648148148148,-0.23476052112901055,0.0,51.0,17.410478266496717,-0.12752624506659443,-0.17824196252519686,-0.0044560490631299216,0.37936689814814817,-0.07983303498914347,0.0,51.0,17.859266638032317,0.018225678427290337,0.0006375971642379966,3.8255829854279795e-05
2026-06-24,Jazz_Chisholm_Jr,665862,hitter,NYY,DET,2026,824259,84,147,116,0,669373.0,Tarik_Skubal,0.0,0.0,0.0,0.0,0.0,4.0,4.0,0.0,1.0,6.0,0.12121212121212122,0.0,0.0,0.0,0.0,10.0,3.7310924369747904,9.80672268907563,2.528571428571429,1.0666666666666667,-6.0,74.0,0,1.0,1.2246467991473532e-16,-1.0,0.9749279121818236,-0.22252093395631434,0.5,2.5,0.5,0.5,0.5,0.5,2.5,0.5,0.5,0.5,synthetic,synthetic,synthetic,synthetic,synthetic,0.0,0.0,0.0,0.0,0.0,-110.0,-110.0,-110.0,-110.0,-110.0,-110.0,-110.0,-110.0,-110.0,-110.0,0.0,0.0,0.0,0.0,0.0,2026-08-07T03:26:40.888653+00:00,0.5623717883302854,-0.4370930821930128,0.22265470351429995,-0.10478947924344295,0.19938025832411344,1.0,2.2,0.8,0.4,0.6,2.0,5.0,2.0,1.0,2.0,batter_pitcher_profile_network_v2,1.0,0.5,0.6091489605594818,0.0,0.6376896261657318,0.052997804659498556,-0.297743161718836,0.0,51.0,17.325117046786552,-0.03503477306913834,-0.006167525406085542,-0.0006167525406085543,0.2869726105137399,-0.2822632004330117,0.0,51.0,17.659332828010516,-0.07767156688589984,-0.1481669909790562,-0.023706718556648992,0.10228696236559182,-0.43086926810025317,0.0,51.0,16.023828068055913,-0.087797105199866,-0.10502281283088603,-0.005251140641544302,0.591313888888889,-0.29944387728890687,0.0,51.0,17.43135141409882,-0.17570633729950216,-0.2449125030710516,-0.006122812576776291,0.4727513888888893,-0.36752046897361557,0.0,51.0,16.659466548079294,-0.011538750516023728,-0.0765627941652097,-0.0045937676499125816
2026-06-25,Jazz_Chisholm_Jr,665862,hitter,NYY,BOS,2026,824747,85,147,111,0,813349.0,Connelly_Early,1.0,1.0,1.0,0.0,0.0,4.0,3.0,1.0,0.0,7.0,0.10526315789473684,0.395,0.395,0.0,0.0,47.400000000000006,5.642857142857142,9.285714285714286,5.6020408163265305,1.08,3.0,85.0,0,1.0,1.2246467991473532e-16,-1.0,0.43388373911755823,-0.900968867902419,0.5,1.5,0.5,0.5,0.5,0.5,1.5,0.5,0.5,0.5,synthetic,synthetic,synthetic,synthetic,synthetic,0.0,0.0,0.0,0.0,0.0,-110.0,-110.0,-110.0,-110.0,-110.0,-110.0,-110.0,-110.0,-110.0,-110.0,0.0,0.0,0.0,0.0,0.0,2026-08-07T03:26:40.888653+00:00,0.33256505524173263,-0.4701010143088704,0.02235488792588325,-0.34111312816878425,-0.006947503346055706,0.8,1.4,0.4,0.2,0.4,0.0,0.0,0.0,0.0,0.0,batter_pitcher_profile_network_v2,1.0,0.9,0.38485422314488527,2.0,0.8100698218982764,-0.06789879177958431,-0.11270611441116932,0.039999999999999994,50.0,18.062876255755594,-0.020250496997271723,0.022989614357890684,0.0022989614357890684,0.18712179313459815,-0.012459876144223898,-0.10222222222222221,50.0,18.29500658705022,-0.06622448851602451,-0.17155239206201886,-0.027448382729923018,-0.017619410569105626,0.05911708563162506,-0.2,50.0,18.229974054646895,-0.06908921444174647,-0.207574636756235,-0.010378731837811751,0.5709435185185187,0.10855789193557663,-0.2,50.0,17.80436881963461,-0.1681667009908463,-0.2685251267513705,-0.006713128168784263,0.36271435185185197,0.04242807898158349,-0.2,50.0,18.179907481404424,-0.01328647314706583,-0.13898363077654657,-0.008339017846592795
2026-06-26,Jazz_Chisholm_Jr,665862,hitter,NYY,BOS,2026,824743,86,147,111,0,801139.0,Payton_Tolle,0.0,0.0,0.0,0.0,0.0,3.0,3.0,0.0,1.0,6.0,0.09375,0.0,0.0,0.0,0.0,10.0,5.3,6.1000000000000005,5.387755102040816,1.08,5.0,78.0,0,1.0,1.2246467991473532e-16,-1.0,-0.433883739117558,-0.9009688679024191,0.5,1.5,0.5,0.5,0.5,0.5,1.5,0.5,0.5,0.5,synthetic,synthetic,synthetic,synthetic,synthetic,0.0,0.0,0.0,0.0,0.0,-110.0,-110.0,-110.0,-110.0,-110.0,-110.0,-110.0,-110.0,-110.0,-110.0,0.0,0.0,0.0,0.0,0.0,2026-08-07T03:26:40.888653+00:00,0.7152005176011633,-0.3599136419229565,0.06972797551559518,-0.3352794083456213,-0.13598131207775177,1.0,1.6,0.6,0.2,0.4,1.0,1.0,1.0,0.0,0.0,batter_pitcher_profile_network_v2,1.0,0.55,0.5947362678280119,1.0,0.6711796439550878,-0.0953357554200539,-0.2713779151684279,0.1111111111111111,51.0,18.29567420151687,0.022119077359530774,0.07811146852863829,0.00781114685286383,0.10641227416440857,-0.2699756726830828,0.1111111111111111,51.0,18.507380774233184,-0.01354684060462012,0.05663348798152114,0.009061358077043382,-0.07172129065040617,-0.2898623115390356,0.1111111111111111,51.0,18.044402111836856,-0.05086690211241853,0.02930440827108726,0.0014652204135543632,0.42692500000000017,-0.25957097919649275,0.1111111111111111,51.0,18.393990700011795,-0.07886254423192932,-0.035176333824852815,-0.0008794083456213204,0.23728958333333375,-0.3015984226501467,0.1111111111111111,51.0,17.952066860572106,0.0401185667790805,0.08968221367012365,0.005380932820207419
2026-06-27,Jazz_Chisholm_Jr,665862,hitter,NYY,BOS,2026,824745,87,147,111,0,687562.0,Jake_Bennett,0.0,0.0,0.0,0.0,0.0,1.0,1.0,0.0,1.0,7.0,0.03125,0.0,0.0,0.0,0.0,10.0,3.525,9.7125,4.928571428571429,1.08,-9.0,75.0,0,1.0,1.2246467991473532e-16,-1.0,-0.9749279121818236,-0.2225209339563146,0.5,1.5,0.5,0.5,0.5,0.5,1.5,0.5,0.5,0.5,synthetic,synthetic,synthetic,synthetic,synthetic,0.0,0.0,0.0,0.0,0.0,-110.0,-110.0,-110.0,-110.0,-110.0,-110.0,-110.0,-110.0,-110.0,-110.0,0.0,0.0,0.0,0.0,0.0,2026-08-07T03:26:40.888653+00:00,0.1265220238095237,-0.7076225851413855,-0.18558726615121518,-0.33727827834769175,-0.2360476746986026,0.8,1.4,0.6,0.2,0.4,0.0,0.0,0.0,0.0,0.0,batter_pitcher_profile_network_v2,1.0,0.35,0.8075000000000001,0.0,0.5878784375,-0.1019639647844569,0.33483170475652096,0.0,51.0,16.82566652812317,-0.008574143281818592,0.0,0.0,0.09687155434122624,0.0028429399176289755,0.0,51.0,19.235304220880117,-0.026691947756891547,-0.03998490713365883,-0.006397585141385413,-0.09323770491803307,0.06854264246682276,0.0,51.0,19.14683609169761,-0.04281675159573179,-0.04281675159573179,-0.0021408375797865894,0.42296203703703716,-0.3061222240167972,0.0,51.0,18.307924440233343,-0.09020660361307312,-0.11513113390767026,-0.0028782783476917566,0.20567037037037036,0.0944886807181889,0.0,51.0,18.963578729901723,0.03442881542662439,0.029562564547098425,0.0017737538728259054
2026-06-28,Jazz_Chisholm_Jr,665862,hitter,NYY,BOS,2026,824744,88,147,111,0,543243.0,Sonny_Gray,0.0,0.0,0.0,0.0,0.0,3.0,3.0,0.0,2.0,1.0,0.08108108108108109,0.0,0.0,0.0,0.0,10.0,2.2142857142857144,9.928571428571429,4.928571428571429,1.08,-5.0,72.0,0,1.0,1.2246467991473532e-16,-1.0,-0.7818314824680299,0.6234898018587334,0.5,1.5,0.5,0.5,0.5,0.5,1.5,0.5,0.5,0.5,synthetic,synthetic,synthetic,synthetic,synthetic,0.0,0.0,0.0,0.0,0.0,-110.0,-110.0,-110.0,-110.0,-110.0,-110.0,-110.0,-110.0,-110.0,-110.0,0.0,0.0,0.0,0.0,0.0,2026-08-07T03:26:40.888653+00:00,0.032137436760971694,-0.7811717588347564,-0.06221500382349293,-0.3385997696188693,-0.1826710711364879,0.6,1.2,0.6,0.2,0.4,0.0,0.0,0.0,0.0,0.0,batter_pitcher_profile_network_v2,1.0,0.85,0.4227033736536133,1.0,0.7722360112183175,-0.23924328120136953,-0.09412270120008961,-0.07777777777777777,51.0,18.798683125908283,0.0532988543347301,-0.06832704809169905,-0.006832704809169906,-0.008348607220666094,-0.07511782295566008,-0.1111111111111111,51.0,19.067078183111104,0.00975782985961594,-0.06476437109560582,-0.01036229937529693,-0.21421481092436975,-0.17264744314236985,0.07407407407407408,51.0,18.69329762360755,-0.062456935577792125,-0.03111474828453069,-0.0015557374142265345,0.40688796296296303,-0.07049418535348023,-0.1111111111111111,51.0,18.91751508477461,-0.07239297336583443,-0.1679907847547716,-0.004199769618869291,0.124700462962963,-0.1538809808353762,-0.1111111111111111,51.0,18.726327631763347,0.043467030751257685,-0.057516565273511205,-0.003450993916410672
2026-06-29,Jazz_Chisholm_Jr,665862,hitter,NYY,DET,2026,823529,89,147,116,1,663554.0,Casey_Mize,0.0,0.0,0.0,0.0,0.0,1.0,1.0,0.0,1.0,4.0,0.03225806451612903,0.0,0.0,0.0,0.0,10.0,4.046218487394958,9.605042016806722,3.6,1.08,0.0,83.0,0,1.0,1.2246467991473532e-16,-1.0,0.0,1.0,0.5,0.5,0.5,0.5,0.5,0.5,0.5,0.5,0.5,0.5,synthetic,synthetic,synthetic,synthetic,synthetic,0.0,0.0,0.0,0.0,0.0,-110.0,-110.0,-110.0,-110.0,-110.0,-110.0,-110.0,-110.0,-110.0,-110.0,0.0,0.0,0.0,0.0,0.0,2026-08-07T03:26:40.888653+00:00,-0.2823471256825264,-0.4440495161393622,-0.4759975251052411,-0.4781523595959169,-0.4964605197695922,0.2,0.2,0.2,0.0,0.0,0.0,0.0,0.0,0.0,0.0,batter_pitcher_profile_network_v2,1.0,0.7,0.5258921205192644,1.0,0.7186547506654731,-0.18449680634023835,-0.04476413715481247,0.1111111111111111,51.0,19.291042156784258,0.010188867279310763,0.08085620319099968,0.008085620319099969,0.02814904268675468,-0.12713238280895445,0.1111111111111111,51.0,19.500619569518875,-0.05507225479654236,0.00046673380640521733,7.467740902483477e-05,-0.16105049435028237,-0.016344672349371436,0.1111111111111111,51.0,19.500432667546466,-0.11137750988719299,-0.027853727911273704,-0.0013926863955636853,0.4068879629629631,-0.19330562842298954,0.1111111111111111,51.0,19.15379934656945,-0.19757581356473802,-0.15009438383667723,-0.0037523595959169306,0.1347004629629631,-0.03422113433767553,0.1111111111111111,51.0,19.43070835857701,-0.03145999782358273,0.058991337173463526,0.0035394802304078115
2026-07-01,Jazz_Chisholm_Jr,665862,hitter,NYY,DET,2026,823530,90,147,116,1,675512.0,Troy_Melton,2.0,3.0,1.0,0.0,0.0,5.0,5.0,0.0,2.0,5.0,0.12195121951219512,0.43200000000000005,0.43200000000000005,0.2,17.0,60.84,3.4,8.5,5.1000000000000005,1.08,2.0,95.0,0,2.0,-0.4999999999999997,-0.8660254037844388,0.9749279121818236,-0.22252093395631434,0.5,0.5,0.5,0.5,0.5,0.5,0.5,0.5,0.5,0.5,synthetic,synthetic,synthetic,synthetic,synthetic,0.0,0.0,0.0,0.0,0.0,-110.0,-110.0,-110.0,-110.0,-110.0,-110.0,-110.0,-110.0,-110.0,-110.0,0.0,0.0,0.0,0.0,0.0,2026-08-07T03:26:40.888653+00:00,0.01003758657504894,0.09347021782494869,-0.06418694544267178,-0.3838128590548716,-0.2631599977010401,0.2,0.2,0.2,0.0,0.0,0.0,0.0,0.0,0.0,0.0,batter_pitcher_profile_network_v2,1.0,0.3,0.6994474699517228,0.0,0.5792953054792742,-0.3546863627214168,-0.24677857621535032,0.0,52.0,19.655742516976364,0.0681038485672507,-0.02630706107877974,-0.002630706107877974,-0.13916097020933954,0.06352956103100384,0.0,52.0,20.08356818940881,0.021872858823464996,0.03280928823519749,0.005249486117631599,-0.3134125905797098,-0.1805832890627515,0.0,52.0,19.989102577222315,-0.08689924604320816,-0.10390964056075466,-0.005195482028037733,0.28026759259259254,0.45372352654824516,0.0,52.0,16.251101258973424,-0.11473382427268394,-0.07651436219486564,-0.0019128590548716411,-0.016346990740740572,-0.15563357641907336,0.0,52.0,20.0591785550475,0.04158326726344995,0.03042280254363959,0.0018253681526183754
2026-07-03,Jazz_Chisholm_Jr,665862,hitter,NYY,MIN,2026,823527,91,147,142,1,702474.0,Mike_Paredes,0.0,0.0,0.0,0.0,0.0,4.0,4.0,0.0,1.0,6.0,0.12121212121212122,0.0,0.0,0.0,0.0,10.0,4.173214285714286,3.0107142857142857,6.253246753246754,1.08,11.0,92.0,0,2.0,-0.4999999999999997,-0.8660254037844388,-0.433883739117558,-0.9009688679024191,0.5,0.5,0.5,0.5,0.5,0.5,0.5,0.5,0.5,0.5,synthetic,synthetic,synthetic,synthetic,synthetic,0.0,0.0,0.0,0.0,0.0,-110.0,-110.0,-110.0,-110.0,-110.0,-110.0,-110.0,-110.0,-110.0,-110.0,0.0,0.0,0.0,0.0,0.0,2026-08-07T03:26:40.888653+00:00,0.7341759740259741,0.32024925195927856,-0.11557253572604592,-0.4765026784446675,-0.335838813225918,0.4,0.6,0.2,0.0,0.0,2.0,3.0,1.0,0.0,0.0,batter_pitcher_profile_network_v2,1.0,0.2,0.7077764461345488,0.0,0.5526594770697035,-0.3398161502849004,0.3543951465201465,0.0,52.0,17.543967505504384,0.028497193278347367,0.0,0.0,-0.11082033475783479,0.36230654761904757,0.0,52.0,17.597975111551474,-0.003184935018157392,-0.004777402527236088,-0.0007643844043577742,-0.2975136217948718,0.0689723748473749,0.0,52.0,20.170295054290413,-0.11424292231312709,-0.11424292231312709,-0.005712146115656355,0.33940740740740744,0.38882898351648354,0.0,52.0,17.208160761504505,-0.12267230017991551,-0.08410713778670112,-0.0021026784446675282,0.029403935185185207,0.12400976800976807,0.0,52.0,19.87985876078028,0.041988025854322805,0.03255657610482828,0.0019533945662896968
2026-07-04,Jazz_Chisholm_Jr,665862,hitter,NYY,MIN,2026,823526,92,147,142,1,805673.0,Zebby_Matthews,1.0,1.0,0.0,0.0,0.0,4.0,3.0,1.0,2.0,6.0,0.1,0.395,0.395,0.0,0.0,47.400000000000006,2.285714285714286,7.214285714285714,6.896103896103896,1.08,10.0,95.0,0,1.0,-0.4999999999999997,-0.8660254037844388,-0.9749279121818236,-0.2225209339563146,0.5,0.5,0.5,0.5,0.5,0.5,0.5,0.5,0.5,0.5,synthetic,synthetic,synthetic,synthetic,synthetic,0.0,0.0,0.0,0.0,0.0,-110.0,-110.0,-110.0,-110.0,-110.0,-110.0,-110.0,-110.0,-110.0,-110.0,0.0,0.0,0.0,0.0,0.0,2026-08-07T03:26:40.888653+00:00,0.25252987012987027,0.06208553054018762,-0.03070526442433852,-0.4767505657758445,-0.21013470671360956,0.4,0.6,0.2,0.0,0.0,0.0,0.0,0.0,0.0,0.0,batter_pitcher_profile_network_v2,1.0,0.6,0.5957126796328509,0.0,0.6662151180469854,-0.4636961360398864,0.17023466565811612,0.0,52.0,19.21975269164101,0.05671071257088801,0.0,0.0,-0.23186378205128222,0.22093314013307075,0.0,52.0,19.02919409189586,0.027023043917448333,0.0405345658761725,0.006485530540187599,-0.41908947649572664,0.07718211369009241,0.0,52.0,20.08889450615208,-0.0702091845906686,-0.0702091845906686,-0.0035104592295334305,0.23605092592592597,0.2938276436791701,0.0,52.0,18.224934250483354,-0.122063307173021,-0.094022631033781,-0.002350565775844525,-0.09520254629629618,0.1433124328390286,0.0,52.0,19.722273747424197,0.04355774402656955,0.032668308019927164,0.0019600984811956297
2026-07-05,Jazz_Chisholm_Jr,665862,hitter,NYY,MIN,2026,823525,93,147,142,1,657746.0,Joe_Ryan,1.0,1.0,0.0,0.0,0.0,2.0,2.0,0.0,0.0,6.0,0.06451612903225806,0.445,0.445,0.0,0.0,53.4,2.0,12.450000000000001,4.324675324675325,1.08,-6.0,77.0,0,1.0,-0.4999999999999997,-0.8660254037844388,-0.7818314824680299,0.6234898018587334,0.5,0.5,0.5,0.5,0.5,0.5,0.5,0.5,0.5,0.5,synthetic,synthetic,synthetic,synthetic,synthetic,0.0,0.0,0.0,0.0,0.0,-110.0,-110.0,-110.0,-110.0,-110.0,-110.0,-110.0,-110.0,-110.0,-110.0,0.0,0.0,0.0,0.0,0.0,2026-08-07T03:26:40.888653+00:00,0.01233313872284858,0.3087073944949309,-0.18018730030322583,-0.4753554748449595,-0.36721301370780535,0.6,0.8,0.2,0.0,0.0,1.0,1.0,0.0,0.0,0.0,batter_pitcher_profile_network_v2,1.0,1.0,0.27560524601731934,0.0,0.8162383573628784,-0.5536156904186798,-0.38382021453231435,0.0,53.0,18.915165276621096,0.09323119785045104,-0.1539258394158388,-0.01539258394158388,-0.34008484299516917,-0.34133468578620246,0.0,53.0,19.498276169142883,0.07837558151126936,0.033473634948157124,0.00535578159170514,-0.49440081521739154,-0.3894428823104828,0.0,53.0,18.685071262637017,-0.004752180043814106,-0.1442277823527461,-0.007211389117637306,0.11078240740740744,-0.33098491514400064,0.0,53.0,19.36865564743909,-0.011657389895618634,-0.03821899379838061,-0.0009554748449595153,-0.18356134259259263,-0.3690051911789844,0.0,53.0,18.90903921791436,0.06947264166027413,0.0030375386082151443,0.00018225231649290864
2026-07-06,Jazz_Chisholm_Jr,665862,hitter,NYY,TB,2026,822958,94,147,139,0,643377.0,Griffin_Jax,0.0,0.0,1.0,0.0,0.0,3.0,2.0,1.0,2.0,6.0,0.09375,0.22999999999999998,0.22999999999999998,0.0,0.0,27.599999999999998,2.6999999999999997,9.700000000000001,3.428571428571428,1.08,0.0,72.0,0,1.0,-0.4999999999999997,-0.8660254037844388,0.0,1.0,0.5,0.5,0.5,0.5,0.5,0.5,0.5,0.5,0.5,0.5,synthetic,synthetic,synthetic,synthetic,synthetic,0.0,0.0,0.0,0.0,0.0,-110.0,-110.0,-110.0,-110.0,-110.0,-110.0,-110.0,-110.0,-110.0,-110.0,0.0,0.0,0.0,0.0,0.0,2026-08-07T03:26:40.888653+00:00,0.2823555743913484,0.37181599018245426,-0.3039688544879775,-0.47604423651150224,-0.44238205028498695,0.8,1.0,0.2,0.0,0.0,1.0,1.0,0.0,0.0,0.0,batter_pitcher_profile_network_v2,1.0,0.6,0.5942318694861821,0.0,0.6663239575927656,-0.4697342923280425,-0.13989530812324927,0.0,53.0,20.999867149965954,0.06230422735514384,-0.026664494181752586,-0.0026664494181752587,-0.27046329365079375,-0.017275210084033564,0.0,53.0,21.273670958456666,0.03997637548174127,0.05806868864033953,0.009290990182454325,-0.4131889880952382,-0.20685737628384673,0.0,53.0,20.846389470149433,-0.06076703335725868,-0.09544851833097705,-0.004772425916548853,0.1268564814814815,0.07334978991596644,0.0,53.0,20.802442874014833,-0.06954509082262883,-0.06576946046009002,-0.0016442365115022506,-0.10509143518518513,-0.16099544817927156,0.0,53.0,21.0258565696239,0.007806570120625543,-0.0010103618926390273,-6.062171355834164e-05
2026-07-07,Jazz_Chisholm_Jr,665862,hitter,NYY,TB,2026,822956,95,147,139,0,693855.0,Ian_Seymour,1.0,1.0,1.0,0.0,0.0,4.0,4.0,0.0,2.0,7.0,0.10810810810810811,0.2225,0.2225,0.0,0.0,26.7,2.3000000000000003,9.549999999999999,3.6428571428571423,1.08,0.0,72.0,0,1.0,-0.4999999999999997,-0.8660254037844388,0.7818314824680298,0.6234898018587336,0.5,0.5,0.5,0.5,0.5,0.5,0.5,0.5,0.5,0.5,synthetic,synthetic,synthetic,synthetic,synthetic,0.0,0.0,0.0,0.0,0.0,-110.0,-110.0,-110.0,-110.0,-110.0,-110.0,-110.0,-110.0,-110.0,-110.0,0.0,0.0,0.0,0.0,0.0,2026-08-07T03:26:40.888653+00:00,0.17816191119993185,0.24668415652912956,-0.021478661797273257,-0.47577125536302967,-0.4175353492572029,0.8,1.0,0.4,0.0,0.0,0.0,0.0,1.0,0.0,0.0,batter_pitcher_profile_network_v2,1.0,0.2,0.7324310079718972,0.0,0.5520554403046886,-0.548719718013468,-0.2750272168568919,0.0,53.0,20.654620879877196,0.08221496369755198,-0.040379600999394076,-0.004037960099939408,-0.32148320707070693,0.07002710711150134,0.0,53.0,21.137574090723074,0.04939626031281433,0.07409439046922149,0.011855102475075438,-0.4668589015151513,-0.12273320895522377,0.0,53.0,21.344700423455876,-0.0839232430738973,-0.09925470312693255,-0.004962735156346628,0.12916759259259258,0.41680882352941184,0.0,53.0,17.727740137679532,-0.06925564536929117,-0.05485021452118704,-0.001371255363029676,-0.09769699074074055,-0.00850746268656706,0.0,53.0,21.356954496339327,-0.01222217957531124,-0.009389025586586514,-0.0005633415351951909
2026-07-09,Jazz_Chisholm_Jr,665862,hitter,NYY,TB,2026,822954,96,147,139,0,656876.0,Drew_Rasmussen,0.0,0.0,0.0,0.0,1.0,5.0,3.0,1.0,0.0,6.0,0.1111111111111111,0.13799999999999998,0.13799999999999998,0.0,0.0,16.56,4.0,6.2,3.564935064935064,1.08,0.0,72.0,0,2.0,-0.4999999999999997,-0.8660254037844388,0.43388373911755823,-0.900968867902419,0.5,0.5,0.5,0.5,0.5,0.5,0.5,0.5,0.5,0.5,synthetic,synthetic,synthetic,synthetic,synthetic,0.0,0.0,0.0,0.0,0.0,-110.0,-110.0,-110.0,-110.0,-110.0,-110.0,-110.0,-110.0,-110.0,-110.0,0.0,0.0,0.0,0.0,0.0,2026-08-07T03:26:40.888653+00:00,0.3528280266239697,0.10280170514078824,-0.0673198232917801,-0.4796426710919638,-0.450916766612988,0.6,0.6,0.4,0.0,0.0,1.0,1.0,1.0,0.0,0.0,batter_pitcher_profile_network_v2,1.0,1.0,0.3875531171644428,2.0,0.8400247431473556,-0.548719718013468,-0.22970748770336025,0.08000000000000002,53.0,20.62023809317233,0.07867202501155211,-0.021693759734328383,-0.0021693759734328385,-0.32148320707070693,-0.14415721893007166,0.02666666666666666,53.0,21.141632302054184,0.05124828700062865,0.0669898237965937,0.010718371807454993,-0.4668589015151513,-0.27953958147959296,-0.2,53.0,20.290204342153885,-0.06564850670056803,-0.28433153077066575,-0.014216576538533289,0.12916759259259258,-0.045593419853859125,-0.2,53.0,20.981332654550883,-0.06734471450744273,-0.2097068436785513,-0.005242671091963783,-0.09769699074074055,-0.23742016269591323,-0.17333333333333334,53.0,20.55961606417693,-0.003612429750378247,-0.1371697754401315,-0.00823018652640789
2026-07-10,Jazz_Chisholm_Jr,665862,hitter,NYY,WSH,2026,822709,97,147,120,0,687223.0,Carson_Palmquist,1.0,4.0,1.0,1.0,2.0,4.0,4.0,0.0,1.0,7.0,0.1,0.525,0.525,0.75,30.0,65.0,12.0,12.0,5.6035714285714295,1.08,5.0,79.0,0,1.0,-0.4999999999999997,-0.8660254037844388,-0.433883739117558,-0.9009688679024191,0.5,0.5,0.5,0.5,0.5,0.5,0.5,0.5,0.5,0.5,synthetic,synthetic,synthetic,synthetic,synthetic,0.0,0.0,0.0,0.0,0.0,-110.0,-110.0,-110.0,-110.0,-110.0,-110.0,-110.0,-110.0,-110.0,-110.0,0.0,0.0,0.0,0.0,0.0,2026-08-07T03:26:40.888653+00:00,0.022876190476190605,1.0301291244829878,0.09418204574184563,-0.2125204834326309,0.058324985196050894,0.6,0.6,0.4,0.0,0.2,0.0,0.0,0.0,0.0,1.0,batter_pitcher_profile_network_v2,1.0,0.1,0.9253077650307344,0.0,0.5236649798783735,-0.54447388013013,0.17499999999999996,0.0,54.0,20.72526070318247,0.07495765920066452,0.0,0.0,-0.38298104354354334,-0.21562500000000007,0.0,54.0,21.852169596987473,0.0709000895050026,0.10018202801867297,0.016029124482987676,-0.49117201576576563,-0.00937500000000005,0.0,54.0,22.017265078325206,-0.06958657558815587,-0.06993051373451747,-0.003496525686725874,-0.026273148148147997,-0.7,0.0,54.0,16.035037244942014,-0.02344565719683173,-0.024819337305236385,-0.0006204834326309096,-0.23707523148148124,0.037499999999999964,0.0,54.0,21.871236583840663,0.0010314170550940046,0.0007735627913205035,4.6413767479230204e-05
2026-07-11,Jazz_Chisholm_Jr,665862,hitter,NYY,WSH,2026,822711,98,147,120,0,676571.0,PJ_Poulin,0.0,0.0,0.0,0.0,0.0,4.0,4.0,0.0,3.0,7.0,0.10526315789473684,0.0,0.0,0.0,0.0,10.0,4.5,4.5,6.075000000000002,1.08,-3.0,86.0,0,1.0,-0.4999999999999997,-0.8660254037844388,-0.9749279121818236,-0.2225209339563146,0.5,1.5,0.5,0.5,0.5,0.5,1.5,0.5,0.5,0.5,synthetic,synthetic,synthetic,synthetic,synthetic,0.0,0.0,0.0,0.0,0.0,-110.0,-110.0,-110.0,-110.0,-110.0,-110.0,-110.0,-110.0,-110.0,-110.0,0.0,0.0,0.0,0.0,0.0,2026-08-07T03:26:40.888653+00:00,0.593519198547154,-0.18073105900168263,0.10080839928296614,-0.23784177632212006,0.36024123804413555,0.6,1.2,0.6,0.2,0.6,1.0,4.0,1.0,1.0,2.0,batter_pitcher_profile_network_v2,1.0,0.55,0.6143150984988964,0.0,0.6511105202386369,-0.4773454034391534,-0.19649902121995158,0.0,53.0,21.554568691639385,0.06641702406136234,-0.03617643558109333,-0.0036176435581093333,-0.2767966269841269,-0.04224542909717332,0.0,53.0,21.98105467400002,0.01830486230498194,0.022947328607903678,0.0036715725772645887,-0.43318898809523804,-0.36180429292929284,0.0,53.0,20.3918741930368,-0.06601533924151508,-0.12646359328804868,-0.006323179664402434,0.12507870370370375,0.15254623756949337,0.0,53.0,20.980157374988018,-0.14503003097636238,-0.13767105288480241,-0.0034417763221200603,-0.12020254629629604,-0.3318737373737373,0.0,53.0,20.664932981648136,-0.03055754521183932,-0.03830392733458611,-0.0022982356400751665
2026-07-12,Jazz_Chisholm_Jr,665862,hitter,NYY,WSH,2026,822708,99,147,120,0,676917.0,Cade_Cavalli,2.0,3.0,1.0,0.0,1.0,4.0,4.0,0.0,0.0,5.0,0.1111111111111111,0.54,0.54,0.25,21.25,65.0,4.857142857142857,12.928571428571429,5.490584415584417,1.08,-7.0,83.0,0,1.0,-0.4999999999999997,-0.8660254037844388,-0.7818314824680299,0.6234898018587334,0.5,0.5,0.5,0.5,0.5,0.5,0.5,0.5,0.5,0.5,synthetic,synthetic,synthetic,synthetic,synthetic,0.0,0.0,0.0,0.0,0.0,-110.0,-110.0,-110.0,-110.0,-110.0,-110.0,-110.0,-110.0,-110.0,-110.0,0.0,0.0,0.0,0.0,0.0,2026-08-07T03:26:40.888653+00:00,-0.1327668084830384,0.6778490823911556,0.2589922382218023,-0.22315264480169322,0.17987906815150756,0.4,1.0,0.6,0.2,0.6,0.0,0.0,0.0,0.0,0.0,batter_pitcher_profile_network_v2,1.0,1.0,0.4260720128264154,0.0,0.7978061784287641,-0.5443096891534388,-0.11827821074661538,0.0,53.0,21.8754811525236,0.06194454135201279,-0.03694947011177077,-0.003694947011177077,-0.32143948412698387,-0.21939843219001232,0.0,53.0,21.817967896566667,0.013924158702885651,-0.019589068388610995,-0.0031342509421777593,-0.4861651785714283,-0.14217271734964987,0.0,53.0,21.898180700373352,-0.026070078960002123,-0.06573965114837378,-0.0032869825574186893,0.12507870370370375,-0.33396484750323735,0.0,53.0,20.70199531697652,-0.15113173520003825,-0.17510579206772958,-0.0043776448016932396,-0.125202546296296,-0.1438224659962083,0.0,53.0,21.905454938590356,-0.03770529156719125,-0.038613654906335886,-0.002316819294380153
2026-07-17,Jazz_Chisholm_Jr,665862,hitter,NYY,LAD,2026,823524,100,147,119,1,808963.0,Roki_Sasaki,1.0,1.0,0.0,0.0,0.0,4.0,4.0,0.0,2.0,6.0,0.11764705882352941,0.2225,0.2225,0.0,0.0,26.7,9.75,7.0,4.21113172541744,1.08,7.0,81.0,0,5.0,-0.4999999999999997,-0.8660254037844388,-0.433883739117558,-0.9009688679024191,0.5,1.5,0.5,0.5,0.5,0.5,1.5,0.5,0.5,0.5,synthetic,synthetic,synthetic,synthetic,synthetic,0.0,0.0,0.0,0.0,0.0,-110.0,-110.0,-110.0,-110.0,-110.0,-110.0,-110.0,-110.0,-110.0,-110.0,0.0,0.0,0.0,0.0,0.0,2026-08-07T03:26:40.888653+00:00,0.6684531121539528,0.04864693040083923,0.16223285560347844,-0.33457305956822225,0.3288512253113637,0.8,1.6,0.6,0.2,0.8,2.0,3.0,1.0,0.0,1.0,batter_pitcher_profile_network_v2,1.0,0.9,0.39996476576325357,0.0,0.7709038845746012,-0.4416757605820107,0.2084970903967199,0.0,54.0,21.077917568187743,0.061876180149711336,0.0,0.0,-0.28732242063492064,0.4403601213466545,0.0,54.0,18.299094192180462,0.0475055923564381,0.07125838853465716,0.011401342165545145,-0.41222172619047615,0.6392715280640825,0.0,54.0,15.21361772892951,0.006319504299187451,0.006319504299187451,0.0003159752149593726,0.04981828703703714,0.7127108431314314,0.0,54.0,13.834482623969357,-0.028227253771393873,-0.006922382728890387,-0.00017305956822225967,-0.16218171296296266,0.6431565893064272,0.0,54.0,15.09894304078753,0.04870439697824675,0.036528297733685065,0.0021916978640211036
2026-07-19,Jazz_Chisholm_Jr,665862,hitter,NYY,LAD,2026,823521,101,147,119,1,694361.0,Will_Klein,1.0,4.0,1.0,1.0,1.0,4.0,4.0,0.0,2.0,6.0,0.10810810810810811,0.525,0.525,0.75,30.0,65.0,1.8,9.6,3.109090909090909,1.08,0.0,76.0,0,2.0,-0.4999999999999997,-0.8660254037844388,-0.7818314824680299,0.6234898018587334,0.5,1.5,0.5,0.5,0.5,0.5,1.5,0.5,0.5,0.5,synthetic,synthetic,synthetic,synthetic,synthetic,0.0,0.0,0.0,0.0,0.0,-110.0,-110.0,-110.0,-110.0,-110.0,-110.0,-110.0,-110.0,-110.0,-110.0,0.0,0.0,0.0,0.0,0.0,2026-08-07T03:26:40.888653+00:00,0.316314984734434,0.7911734871799725,-0.007470081372744242,-0.07299660533515412,0.1925999219298863,0.8,1.6,0.4,0.2,0.8,1.0,1.0,0.0,0.0,0.0,batter_pitcher_profile_network_v2,1.0,0.1,0.8722747564417435,0.0,0.5243146342335886,-0.5031190065065064,-0.10907142857142868,0.0,54.0,23.0660189148319,0.05177569561090615,-0.007009038814546995,-0.0007009038814546996,-0.3256243993993993,0.20051785714285705,0.0,54.0,21.891966227071997,0.03424763802465847,0.0513714570369877,0.008219433125918033,-0.44389245495495494,0.34933928571428574,0.0,54.0,20.195947267348128,-0.012816860870120132,-0.012816860870120132,-0.0006408430435060066,0.05357384259259279,0.484,0.0,54.0,18.2104991901258,-0.04717609573941617,-0.04386421340616671,-0.0010966053351541677,-0.14360324074074055,0.4069285714285715,0.0,54.0,19.411102296704854,0.0335609186712354,0.025170689003426554,0.0015102413402055931
2026-07-19,Jazz_Chisholm_Jr,665862,hitter,NYY,LAD,2026,823523,102,147,119,1,808967.0,Yoshinobu_Yamamoto,1.0,2.0,1.0,0.0,0.0,3.0,3.0,0.0,1.0,6.0,0.1,0.42333333333333334,0.42333333333333334,0.3333333333333333,28.333333333333332,65.0,4.0,9.285714285714286,3.109090909090909,1.08,15.0,76.0,0,0.0,-0.4999999999999997,-0.8660254037844388,-0.7818314824680299,0.6234898018587334,0.5,2.5,0.5,0.5,0.5,0.5,2.5,0.5,0.5,0.5,synthetic,synthetic,synthetic,synthetic,synthetic,0.0,0.0,0.0,0.0,0.0,-110.0,-110.0,-110.0,-110.0,-110.0,-110.0,-110.0,-110.0,-110.0,-110.0,0.0,0.0,0.0,0.0,0.0,2026-08-07T03:26:40.888653+00:00,0.4442083296315136,0.14255952471656874,0.1913259344446443,0.058810439113408663,0.3113099075893492,1.0,2.4,0.6,0.4,0.8,1.0,4.0,1.0,1.0,1.0,batter_pitcher_profile_network_v2,1.0,0.9,0.4446327217170526,0.0,0.765979242430695,-0.5620590402902906,-0.40374685574519215,0.0,54.0,21.322384069533474,0.055494388628341336,-0.12602925779741786,-0.012602925779741786,-0.3870705330330332,-0.3158470675802714,0.0,54.0,22.157691300617763,0.03780400508401043,-0.011190470521446366,-0.0017904752834314187,-0.4987587274774777,-0.37954225899935745,0.0,54.0,21.1925179761283,0.030892146757416684,-0.07423888686469009,-0.0037119443432345046,0.022323842592592628,-0.1997695788924886,0.0,54.0,22.45899101783913,-0.035772372535181715,-0.03824910213032123,-0.0009562275532580309,-0.18959282407407418,-0.3788663540219819,0.0,54.0,21.208683572379517,0.05886434282384804,0.004256035580060748,0.00025536213480364484
2026-07-20,Jazz_Chisholm_Jr,665862,hitter,NYY,PIT,2026,823522,103,147,134,1,677952.0,Braxton_Ashcraft,2.0,8.0,2.0,2.0,5.0,4.0,4.0,0.0,2.0,5.0,0.1111111111111111,1.05,1.05,1.5,30.0,65.0,6.029411764705883,11.305882352941177,5.416317799847213,1.08,0.0,79.0,0,1.0,-0.4999999999999997,-0.8660254037844388,0.0,1.0,0.5,1.5,0.5,0.5,0.5,0.5,1.5,0.5,0.5,0.5,synthetic,synthetic,synthetic,synthetic,synthetic,0.0,0.0,0.0,0.0,0.0,-110.0,-110.0,-110.0,-110.0,-110.0,-110.0,-110.0,-110.0,-110.0,-110.0,0.0,0.0,0.0,0.0,0.0,2026-08-07T03:26:40.888653+00:00,0.4702963074218022,2.3182800636344054,0.6807796990274697,0.11436689256521693,0.2028187738432483,1.0,2.0,0.6,0.2,0.4,1.0,2.0,1.0,0.0,0.0,batter_pitcher_profile_network_v2,1.0,1.0,0.33933290337836486,0.0,0.8084317193361503,-0.5900138230547062,-0.20854019703313567,0.0,54.0,23.237034190675743,0.056810397214093734,-0.08128953591694223,-0.008128953591694223,-0.41835520302412504,-0.16244476824306253,0.0,54.0,23.50238826572478,0.06241883016642526,0.04872956438169982,0.007796730301071971,-0.5167193233944953,-0.1100456603778586,0.0,54.0,23.315396505443353,0.07184350828418287,0.03427618070218025,0.0017138090351090124,-0.0009400462962962791,-0.1286987832323559,0.0,54.0,23.167446283314426,-0.04924436802651784,-0.04932429739132485,-0.0012331074347831214,-0.20662060185185172,-0.07633804082039963,0.0,54.0,23.352037440491014,0.17692132854142734,0.12227028640368189,0.007336217184220913
2026-07-22,Jazz_Chisholm_Jr,665862,hitter,NYY,PIT,2026,823518,104,147,134,1,656605.0,Mitch_Keller,0.0,0.0,0.0,0.0,0.0,5.0,5.0,0.0,1.0,6.0,0.11904761904761904,0.0,0.0,0.0,0.0,10.0,7.0,5.5,4.559174942704354,1.08,14.0,83.0,0,2.0,-0.4999999999999997,-0.8660254037844388,0.9749279121818236,-0.22252093395631434,1.5,3.5,0.5,0.5,1.5,1.5,3.5,0.5,0.5,1.5,synthetic,synthetic,synthetic,synthetic,synthetic,0.0,0.0,0.0,0.0,0.0,-110.0,-110.0,-110.0,-110.0,-110.0,-110.0,-110.0,-110.0,-110.0,-110.0,0.0,0.0,0.0,0.0,0.0,2026-08-07T03:26:40.888653+00:00,0.17676699770817428,-0.1116467267018022,0.4565189903323109,0.14385234889946896,0.3334982113347864,1.4,3.6,1.0,0.6,1.4,2.0,8.0,2.0,2.0,5.0,batter_pitcher_profile_network_v2,1.0,1.0,0.36051587976688915,0.0,0.805836804728556,-0.4844104166666663,0.3496743113545464,0.0,54.0,20.58859721926161,0.04565900031211988,0.0,0.0,-0.22256157407407373,0.2551550943198976,0.0,54.0,22.192883647334412,0.040430305409155716,0.06064545811373358,0.009703273298197373,-0.4034062499999995,0.3610292124855767,0.0,54.0,20.829208287749708,0.03620486394186194,0.03620486394186194,0.001810243197093097,0.24033958333333336,0.2188696139705526,0.0,54.0,22.499520920523434,-0.10354484755009273,-0.06990604402124231,-0.001747651100531058,0.025450694444444685,0.3641523929804821,0.0,54.0,20.79283071937661,0.1374191668115633,0.10899106999281578,0.0065394641995689465
2026-07-22,Jazz_Chisholm_Jr,665862,hitter,NYY,PIT,2026,823519,105,147,134,1,696149.0,Bubba_Chandler,1.0,1.0,0.0,0.0,0.0,3.0,3.0,0.0,0.0,5.0,0.10344827586206896,0.2966666666666667,0.2966666666666667,0.0,0.0,35.6,6.654135338345864,6.6992481203007515,4.559174942704354,1.08,15.0,82.0,0,0.0,-0.4999999999999997,-0.8660254037844388,0.9749279121818236,-0.22252093395631434,0.5,2.5,0.5,0.5,1.5,0.5,2.5,0.5,0.5,1.5,synthetic,synthetic,synthetic,synthetic,synthetic,0.0,0.0,0.0,0.0,0.0,-110.0,-110.0,-110.0,-110.0,-110.0,-110.0,-110.0,-110.0,-110.0,-110.0,0.0,0.0,0.0,0.0,0.0,2026-08-07T03:26:40.888653+00:00,0.5356865959633907,-0.48907967946640074,0.2011609152467908,-0.057107548558757715,-0.5323911688939086,1.0,3.0,0.8,0.6,1.2,0.0,0.0,0.0,0.0,0.0,batter_pitcher_profile_network_v2,1.0,0.95,0.41948623679425845,0.0,0.7836822891930681,-0.5020617397213725,-0.05216246423003723,0.0,54.0,24.46969441790255,0.05072573476205053,-0.015202945803205225,-0.0015202945803205227,-0.23945103635745815,-0.027121956468507097,0.0,54.0,24.670705370150472,0.03503339859275271,0.04878002057637369,0.007804803292219791,-0.4364380733944951,0.35399302506941843,0.0,54.0,21.42943306247776,0.018813477173988038,0.018813477173988038,0.0009406738586994019,0.23637662037037044,0.07041336294181236,0.0,54.0,24.066312792285775,-0.11796405566392303,-0.1083019423503079,-0.002707548558757698,-0.008668518518518152,0.23070217740357074,0.0,54.0,22.89538504291366,0.133220256824011,0.09991519261800826,0.005994911557080495
2026-07-25,Jazz_Chisholm_Jr,665862,hitter,NYY,PHI,2026,823435,106,147,143,0,641835.0,Tim_Mayza,0.0,0.0,0.0,0.0,0.0,4.0,4.0,0.0,4.0,7.0,0.11428571428571428,0.0,0.0,0.0,0.0,10.0,19.5,6.0,3.490909090909091,1.08,0.0,81.0,0,3.0,-0.4999999999999997,-0.8660254037844388,-0.9749279121818236,-0.2225209339563146,0.5,2.5,0.5,0.5,1.5,0.5,2.5,0.5,0.5,1.5,synthetic,synthetic,synthetic,synthetic,synthetic,0.0,0.0,0.0,0.0,0.0,-110.0,-110.0,-110.0,-110.0,-110.0,-110.0,-110.0,-110.0,-110.0,-110.0,0.0,0.0,0.0,0.0,0.0,2026-08-07T03:26:40.888653+00:00,0.6724213896324354,-0.4812647688980709,-0.022515639366181395,-0.05853034004790725,-0.6631849795818079,1.0,3.0,0.8,0.6,1.2,1.0,1.0,0.0,0.0,0.0,batter_pitcher_profile_network_v2,1.0,0.2,0.805625,0.0,0.5502621875,-0.5703117397213726,-0.7470740740740742,0.0,54.0,17.68428035168128,0.04431316327326438,-0.08281640670595046,-0.008281640670595046,-0.29678436969079164,-0.8354212962962964,0.0,54.0,15.739940388060198,0.02081735236869976,-0.016967305612944905,-0.002714768898071185,-0.5101880733944952,-0.6664058641975309,0.0,54.0,18.353895638454006,0.06986412973578729,0.003778121767280665,0.00018890608836403326,0.2254877314814815,-0.961,0.0,54.0,12.945719218715553,-0.12309376204403942,-0.1652136019162906,-0.004130340047907265,-0.07691851851851828,-0.7314135802469136,0.0,54.0,17.244769054178718,0.12279309698660396,0.08115943121228954,0.004869565872737372
2026-07-27,Jazz_Chisholm_Jr,665862,hitter,NYY,CWS,2026,824570,107,147,145,0,702273.0,Noah_Schultz,2.0,3.0,2.0,0.0,2.0,4.0,4.0,0.0,2.0,6.0,0.1,0.54,0.54,0.25,21.25,65.0,7.090909090909091,5.836363636363636,3.7763736263736263,1.08,0.0,74.0,0,2.0,-0.4999999999999997,-0.8660254037844388,0.0,1.0,0.5,2.5,0.5,0.5,0.5,0.5,2.5,0.5,0.5,0.5,synthetic,synthetic,synthetic,synthetic,synthetic,0.0,0.0,0.0,0.0,0.0,-110.0,-110.0,-110.0,-110.0,-110.0,-110.0,-110.0,-110.0,-110.0,-110.0,0.0,0.0,0.0,0.0,0.0,2026-08-07T03:26:40.888653+00:00,0.3706367632367633,-0.5810541706069909,0.15670473970058107,-0.08155214618414469,0.3599928656661894,0.8,2.2,0.6,0.4,1.0,0.0,0.0,0.0,0.0,0.0,batter_pitcher_profile_network_v2,1.0,0.6,0.6026453025246719,0.0,0.6657055702644366,-0.6819537037037038,0.23744157627325777,0.0,54.0,22.823533886865338,0.04458239293098939,0.0,0.0,-0.38085185185185194,0.25962958487590837,0.0,54.0,22.891981646253747,0.025399289137537275,0.03809893370630591,0.006095829393008946,-0.6104166666666666,0.5312717370190196,0.0,54.0,18.95992727655501,0.0827211676379931,0.0827211676379931,0.004136058381899655,0.21514699074074067,0.3514897627415211,0.0,54.0,21.7033261223356,-0.1411345902835714,-0.11108584736578628,-0.0027771461841446573,-0.13584259259259265,0.47748468168305125,0.0,54.0,19.82892236803648,0.10164854105573426,0.07623640579180069,0.004574184347508041
2026-07-28,Jazz_Chisholm_Jr,665862,hitter,NYY,CWS,2026,824569,108,147,145,0,641743.0,Anthony_Kay,0.0,0.0,0.0,0.0,0.0,4.0,3.0,1.0,2.0,7.0,0.10810810810810811,0.1725,0.1725,0.0,0.0,20.7,3.825000000000001,8.4,5.137718164188753,1.08,15.0,73.0,0,1.0,-0.4999999999999997,-0.8660254037844388,0.7818314824680298,0.6234898018587336,0.5,2.5,0.5,0.5,1.5,0.5,2.5,0.5,0.5,1.5,synthetic,synthetic,synthetic,synthetic,synthetic,0.0,0.0,0.0,0.0,0.0,-110.0,-110.0,-110.0,-110.0,-110.0,-110.0,-110.0,-110.0,-110.0,-110.0,0.0,0.0,0.0,0.0,0.0,2026-08-07T03:26:40.888653+00:00,0.7219166930435481,-0.4796685543757815,0.43477693226878256,-0.19427496248717807,-0.07546753109247528,1.0,2.4,0.8,0.4,1.4,2.0,3.0,2.0,0.0,2.0,batter_pitcher_profile_network_v2,1.0,1.0,0.34858693462967427,1.0,0.8260481005078649,-0.6644537037037035,-0.005595504156285125,0.029629629629629634,53.0,24.104192214762204,0.040194897139199354,0.017557142237457028,0.0017557142237457028,-0.3901574074074073,0.02785516558992794,0.1111111111111111,53.0,24.22725829423098,0.03339563396347574,0.12501494731352883,0.020002391570164615,-0.5879166666666663,0.054707921379695795,0.1037037037037037,53.0,23.735865438723838,0.09106942691881036,0.16099615686257124,0.008049807843128563,0.158636574074074,0.06951703194937497,0.1111111111111111,53.0,23.753028214698197,-0.07710374252327039,0.005001500512878329,0.00012503751282195823,-0.14750925925925906,0.03129106270074035,0.1111111111111111,53.0,23.877047039862546,0.11702523957450912,0.1626904260491971,0.009761425562951825
2026-07-29,Jazz_Chisholm_Jr,665862,hitter,NYY,CWS,2026,824567,109,147,145,0,663436.0,Davis_Martin,1.0,1.0,0.0,0.0,0.0,5.0,5.0,0.0,2.0,6.0,0.10416666666666667,0.178,0.178,0.0,0.0,21.36,6.679411764705883,5.947058823529411,4.880575307045896,1.08,9.0,75.0,0,1.0,-0.4999999999999997,-0.8660254037844388,0.9749279121818236,-0.22252093395631434,0.5,0.5,0.5,0.5,0.5,0.5,0.5,0.5,0.5,0.5,synthetic,synthetic,synthetic,synthetic,synthetic,0.0,0.0,0.0,0.0,0.0,-110.0,-110.0,-110.0,-110.0,-110.0,-110.0,-110.0,-110.0,-110.0,-110.0,0.0,0.0,0.0,0.0,0.0,2026-08-07T03:26:40.888653+00:00,0.2860747299474873,0.09002813958262534,-0.10762444504373647,-0.4764543349900266,-0.10023634993022434,0.6,0.8,0.4,0.0,0.4,0.0,0.0,0.0,0.0,0.0,batter_pitcher_profile_network_v2,1.0,1.0,0.3587697184323088,1.0,0.8248007094920422,-0.6353344907407409,0.08529293590648572,0.029629629629629634,54.0,24.63811321731415,0.02067513576143485,0.020129921754552728,0.002012992175455273,-0.3656226851851853,-0.12009054449343796,-0.03456790123456789,54.0,25.21270838434749,0.04912720639683839,0.022050872391408516,0.0035281395826253625,-0.5597395833333334,-0.030244449738138404,0.1037037037037037,54.0,24.834242352676153,0.06933646343893447,0.12893579207937506,0.006446789603968753,0.16259953703703695,-0.3163175963292911,-0.1111111111111111,54.0,23.331111648996764,0.02629426478759085,-0.08217339960106403,-0.0020543349900266007,-0.12089004629629643,-0.04462034966614415,-0.1111111111111111,54.0,24.912147863753322,0.12381446417253664,0.013914745291347161,0.0008348847174808297
2026-07-30,Jazz_Chisholm_Jr,665862,hitter,NYY,CWS,2026,824568,110,147,145,0,680732.0,Sean_Burke,1.0,1.0,0.0,0.0,0.0,5.0,3.0,2.0,1.0,6.0,0.11627906976744186,0.454,0.454,0.0,0.0,54.480000000000004,1.4285714285714286,11.107142857142856,3.397058823529412,1.08,0.0,84.0,0,1.0,-0.4999999999999997,-0.8660254037844388,0.43388373911755823,-0.900968867902419,0.5,0.5,0.5,0.5,0.5,0.5,0.5,0.5,0.5,0.5,synthetic,synthetic,synthetic,synthetic,synthetic,0.0,0.0,0.0,0.0,0.0,-110.0,-110.0,-110.0,-110.0,-110.0,-110.0,-110.0,-110.0,-110.0,-110.0,0.0,0.0,0.0,0.0,0.0,2026-08-07T03:26:40.888653+00:00,0.29122676656699154,0.4973878666462349,-0.016478394031925192,-0.4712648062045972,-0.0737600442429232,0.8,1.0,0.4,0.0,0.4,1.0,1.0,0.0,0.0,0.0,batter_pitcher_profile_network_v2,1.0,1.0,0.32421457601383485,0.0,0.8102837144383053,-0.7272578703703702,-0.22982759021175114,0.0,55.0,25.82194226213265,0.040295876977984355,-0.11295342741848471,-0.011295342741848471,-0.5121268518518516,-0.20436703694620778,0.0,55.0,26.11237136167506,0.08657397746506312,0.0591320153761775,0.0094611224601884,-0.6571458333333331,-0.1299515735370998,0.0,55.0,25.857778536930127,0.1518508768331803,0.09414073769254937,0.004707036884627469,-0.022313425925925917,-0.18553257748674823,0.0,55.0,25.678049710444906,0.1282054138788883,0.12540775181611075,0.003135193795402769,-0.296146759259259,-0.1361508978614241,0.0,55.0,25.919812511292896,0.13506033050582397,0.07404714223490955,0.004442828534094573
2026-08-01,Jazz_Chisholm_Jr,665862,hitter,NYY,CHC,2026,824649,111,147,112,0,656849.0,David_Peterson,0.0,0.0,0.0,0.0,0.0,4.0,4.0,0.0,3.0,5.0,0.1111111111111111,0.0,0.0,0.0,0.0,10.0,1.658823529411766,4.588235294117646,2.4646458583433373,1.0522222222222224,-21.0,71.0,0,2.0,-0.8660254037844385,-0.5000000000000004,-0.9749279121818236,-0.2225209339563146,0.5,0.5,0.5,0.5,0.5,0.5,0.5,0.5,0.5,0.5,synthetic,synthetic,synthetic,synthetic,synthetic,0.0,0.0,0.0,0.0,0.0,-110.0,-110.0,-110.0,-110.0,-110.0,-110.0,-110.0,-110.0,-110.0,-110.0,0.0,0.0,0.0,0.0,0.0,2026-08-07T03:26:40.888653+00:00,0.5095740696278512,0.2797929363510566,-0.3076430953964031,-0.4806350963283868,-0.2622743142813405,0.8,1.0,0.4,0.0,0.4,1.0,1.0,0.0,0.0,0.0,batter_pitcher_profile_network_v2,1.0,0.85,0.4555011511405033,0.0,0.7500709426374951,-0.644575462962963,0.3477532893187161,0.0,55.0,23.312350850113628,0.012219592852131282,0.0,0.0,-0.4430212962962963,0.14840884099469376,0.0,55.0,26.101599687865793,0.0630955681294023,0.09464335219410344,0.015142936351056551,-0.5678541666666667,0.36419047987011355,0.0,55.0,23.421569819576895,0.1274922337286007,0.1274922337286007,0.006374611686430035,-0.005839351851851839,-0.012362807049998883,0.0,55.0,26.595807324549654,0.10619101021682172,0.10615170242008196,0.002653792560502049,-0.21096435185185178,0.32029266795205014,0.0,55.0,24.04389682511036,0.10726058077390917,0.08044543558043188,0.0048267261348259125
2026-08-02,Jazz_Chisholm_Jr,665862,hitter,NYY,CHC,2026,824648,112,147,112,0,607067.0,Colin_Rea,0.0,0.0,0.0,0.0,0.0,4.0,4.0,0.0,1.0,6.0,0.11764705882352941,0.0,0.0,0.0,0.0,10.0,4.3999999999999995,7.0,2.4646458583433373,1.0522222222222224,-13.0,71.0,0,1.0,-0.8660254037844385,-0.5000000000000004,-0.7818314824680299,0.6234898018587334,0.5,0.5,0.5,0.5,0.5,0.5,0.5,0.5,0.5,0.5,synthetic,synthetic,synthetic,synthetic,synthetic,0.0,0.0,0.0,0.0,0.0,-110.0,-110.0,-110.0,-110.0,-110.0,-110.0,-110.0,-110.0,-110.0,-110.0,0.0,0.0,0.0,0.0,0.0,2026-08-07T03:26:40.888653+00:00,0.2585936774709886,0.14452513660222654,-0.30968616736539634,-0.48143812554185794,-0.2548785328537708,0.8,1.0,0.4,0.0,0.4,0.0,0.0,0.0,0.0,0.0,batter_pitcher_profile_network_v2,1.0,1.0,0.3021022768939494,0.0,0.8129924710804912,-0.6832085648148146,0.2833635964814695,0.0,55.0,24.616201005523823,0.020447367420139008,0.0,0.0,-0.47547268518518504,0.30194862737485234,0.0,55.0,24.607794057642487,0.05307450708444015,0.07961176062666023,0.012737881700265637,-0.6054062499999998,0.244691858790801,0.0,55.0,25.29154559528133,0.12192491199579604,0.12192491199579604,0.006096245599789802,-0.012024537037037007,0.33898231334367196,0.0,55.0,23.940805088575832,0.0740305338812354,0.0740305338812354,0.001850763347030885,-0.2470974537037035,0.25729996940698513,0.0,55.0,25.1820016551534,0.10080517894648314,0.07560388420986236,0.0045362330525917415
2026-08-03,Jazz_Chisholm_Jr,665862,hitter,NYY,STL,2026,823520,113,147,138,1,700241.0,Michael_McGreevy,0.0,0.0,0.0,0.0,0.0,4.0,4.0,0.0,0.0,6.0,0.10810810810810811,0.0,0.0,0.0,0.0,10.0,14.968421052631578,7.389473684210526,5.098051948051948,1.08,0.0,80.0,0,1.0,-0.8660254037844385,-0.5000000000000004,0.0,1.0,0.5,0.5,0.5,0.5,0.5,0.5,0.5,0.5,0.5,0.5,synthetic,synthetic,synthetic,synthetic,synthetic,0.0,0.0,0.0,0.0,0.0,-110.0,-110.0,-110.0,-110.0,-110.0,-110.0,-110.0,-110.0,-110.0,-110.0,0.0,0.0,0.0,0.0,0.0,2026-08-07T03:26:40.888653+00:00,0.11376731263047068,-0.2287616543072698,-0.4474133056557498,-0.47298546338494984,-0.4081310645845709,0.4,0.4,0.0,0.0,0.0,0.0,0.0,0.0,0.0,0.0,batter_pitcher_profile_network_v2,1.0,1.0,0.3715434089484663,0.0,0.8044859324038128,-0.7218416666666665,0.3971279334700386,0.0,55.0,23.513656602061914,0.008783302846771653,0.0,0.0,-0.5079240740740739,0.33159011306675773,0.0,55.0,24.81325132005117,0.03555954849448388,0.05333932274172582,0.008534291638676132,-0.6429583333333333,0.20704285192147034,0.0,55.0,26.307775749574194,0.09435761450873124,0.09435761450873124,0.004717880725436562,-0.01820972222222217,0.3022374344953292,0.0,55.0,25.09789182228568,0.05658146460200446,0.05658146460200446,0.0014145366150501116,-0.2832305555555554,0.2597288638262323,0.0,55.0,25.817012852232555,0.06291561950436794,0.04718671462827596,0.0028312028776965575
2026-08-04,Jazz_Chisholm_Jr,665862,hitter,NYY,STL,2026,823517,114,147,138,1,690928.0,Hunter_Dobbins,1.0,4.0,1.0,1.0,1.0,3.0,3.0,0.0,2.0,6.0,0.0967741935483871,0.7000000000000001,0.7000000000000001,1.0,30.0,65.0,4.050000000000001,7.1499999999999995,5.511317254174398,1.08,0.0,80.0,0,1.0,-0.8660254037844385,-0.5000000000000004,0.7818314824680298,0.6234898018587336,0.5,0.5,0.5,0.5,0.5,0.5,0.5,0.5,0.5,0.5,synthetic,synthetic,synthetic,synthetic,synthetic,0.0,0.0,0.0,0.0,0.0,-110.0,-110.0,-110.0,-110.0,-110.0,-110.0,-110.0,-110.0,-110.0,-110.0,0.0,0.0,0.0,0.0,0.0,2026-08-07T03:26:40.888653+00:00,0.125610754683105,1.2904599243029753,-0.05220627903266317,-0.14401372182493588,-0.18716941053135394,0.4,0.4,0.0,0.0,0.0,0.0,0.0,0.0,0.0,0.0,batter_pitcher_profile_network_v2,1.0,0.2,0.7208476928744649,0.0,0.5523392315245756,-0.8512224537037036,0.02316270419510698,0.0,56.0,28.219415200898133,0.05521588351886891,0.0,0.0,-0.6687226851851852,-0.045627415829434775,0.0,56.0,28.59322196740925,0.11039711713004623,0.15707815592585292,0.02513250494813647,-0.7789479166666666,0.06829091251885383,0.0,56.0,28.016455318064764,0.17084748775298353,0.17084748775298353,0.008542374387649177,-0.17608009259259255,-0.10573770994708183,0.0,56.0,27.993855531799944,0.22064847000968088,0.21545112700256353,0.005386278175064089,-0.4726113425925924,0.030901206636500894,0.0,56.0,28.20137101280354,0.1435172254893977,0.10763791911704826,0.006458275147022895
2026-08-05,Jazz_Chisholm_Jr,665862,hitter,NYY,STL,2026,823516,115,147,138,1,669467.0,Andre_Pallante,0.0,0.0,0.0,0.0,1.0,4.0,2.0,2.0,1.0,6.0,0.10256410256410256,0.345,0.345,0.0,0.0,41.4,2.6348684210526314,6.537124060150376,4.985343228200372,1.08,0.0,77.0,0,1.0,-0.8660254037844385,-0.5000000000000004,0.9749279121818236,-0.22252093395631434,0.5,0.5,0.5,0.5,0.5,0.5,0.5,0.5,0.5,0.5,synthetic,synthetic,synthetic,synthetic,synthetic,0.0,0.0,0.0,0.0,0.0,-110.0,-110.0,-110.0,-110.0,-110.0,-110.0,-110.0,-110.0,-110.0,-110.0,0.0,0.0,0.0,0.0,0.0,2026-08-07T03:26:40.888653+00:00,0.2697267568897269,0.8540294840356515,-0.0037706674353960024,-0.23204644509821387,-0.019911721659452597,0.4,1.0,0.2,0.2,0.2,1.0,4.0,1.0,1.0,1.0,batter_pitcher_profile_network_v2,1.0,1.0,0.31467387408041625,0.0,0.811452450425149,-0.7287687500000001,0.08492927869094855,0.0,56.0,27.751089017211036,0.019251620978304122,0.0,0.0,-0.496500462962963,-0.029822793323225204,0.0,56.0,28.359355275602375,0.048971280135482284,0.06330927522281914,0.010129484035651061,-0.6518645833333334,-0.12858254828247073,0.0,56.0,27.601259846504753,0.12207098417528339,0.06462803847632306,0.0032314019238161534,0.013040277777777762,-0.12669779332322517,0.0,56.0,27.653945357301215,0.09527447436520174,0.09414219607144517,0.002353554901786129,-0.26932430555555564,-0.1204356184579093,0.0,56.0,27.739908969115746,0.1119888099665671,0.06176220525240279,0.003705732315144167
