Date,Player,Player_MLBAM_ID,Player_Type,Team,Opponent,Season,Game_ID,Game_Index,Team_ID,Opponent_ID,Is_Home,Opp_Starter_ID,Opp_Starter_Player,H,TB,R,HR,RBI,PA,AB,BB,SO,Batting_Order,Team_PA_share,wOBA,xwOBA,ISO,Barrel%,HardHit%,Opp_Pitcher_ERA_3,Opp_Pitcher_K9_3,Opp_Bullpen_ERA_7,Park_Factor,Wind_Out_MPH,Temp_F,Did_Not_Play,Rest_Days,Month_sin,Month_cos,DayOfWeek_sin,DayOfWeek_cos,Market_H,Market_TB,Market_R,Market_HR,Market_RBI,Synthetic_Market_H,Synthetic_Market_TB,Synthetic_Market_R,Synthetic_Market_HR,Synthetic_Market_RBI,Market_Source_H,Market_Source_TB,Market_Source_R,Market_Source_HR,Market_Source_RBI,Market_H_books,Market_TB_books,Market_R_books,Market_HR_books,Market_RBI_books,Market_H_over_price,Market_TB_over_price,Market_R_over_price,Market_HR_over_price,Market_RBI_over_price,Market_H_under_price,Market_TB_under_price,Market_R_under_price,Market_HR_under_price,Market_RBI_under_price,Market_H_line_std,Market_TB_line_std,Market_R_line_std,Market_HR_line_std,Market_RBI_line_std,Market_Fetched_At_UTC,H_market_gap,TB_market_gap,R_market_gap,HR_market_gap,RBI_market_gap,H_rolling_avg,TB_rolling_avg,R_rolling_avg,HR_rolling_avg,RBI_rolling_avg,H_lag1,TB_lag1,R_lag1,HR_lag1,RBI_lag1,Matchup_Network_Version,Matchup_Network_Batter_Support,Matchup_Network_Pitcher_Support,Pitcher_Profile_Uncertainty,Batter_Vs_Starter_Games,Matchup_Network_Confidence,Batter_Profile_H_Strength,Pitcher_Profile_H_Vulnerability,Batter_Vs_Starter_H_Lift,Archetype_Neighbor_H_Games,Archetype_Neighbor_H_Effective_Support,Archetype_Neighbor_H_Lift,Matchup_Network_H_Score,Matchup_Network_H_Adjustment,Batter_Profile_TB_Strength,Pitcher_Profile_TB_Vulnerability,Batter_Vs_Starter_TB_Lift,Archetype_Neighbor_TB_Games,Archetype_Neighbor_TB_Effective_Support,Archetype_Neighbor_TB_Lift,Matchup_Network_TB_Score,Matchup_Network_TB_Adjustment,Batter_Profile_R_Strength,Pitcher_Profile_R_Vulnerability,Batter_Vs_Starter_R_Lift,Archetype_Neighbor_R_Games,Archetype_Neighbor_R_Effective_Support,Archetype_Neighbor_R_Lift,Matchup_Network_R_Score,Matchup_Network_R_Adjustment,Batter_Profile_HR_Strength,Pitcher_Profile_HR_Vulnerability,Batter_Vs_Starter_HR_Lift,Archetype_Neighbor_HR_Games,Archetype_Neighbor_HR_Effective_Support,Archetype_Neighbor_HR_Lift,Matchup_Network_HR_Score,Matchup_Network_HR_Adjustment,Batter_Profile_RBI_Strength,Pitcher_Profile_RBI_Vulnerability,Batter_Vs_Starter_RBI_Lift,Archetype_Neighbor_RBI_Games,Archetype_Neighbor_RBI_Effective_Support,Archetype_Neighbor_RBI_Lift,Matchup_Network_RBI_Score,Matchup_Network_RBI_Adjustment
2026-03-06,Cody_Bellinger,641355,hitter,NYY,TB,2026,831624,0,147,139,1,671212.0,,1.0,1.0,0.0,0.0,0.0,3.0,3.0,0.0,1.0,3.0,0.088235294117647,0.2966666666666667,0.2966666666666667,0.0,0.0,35.6,4.1,8.2,3.2399999999999998,1.08,0.0,82.0,0,2.0,1.0,6.123233995736766e-17,-0.433883739117558,-0.9009688679024191,0.5,0.5,0.5,0.5,0.5,0.5,0.5,0.5,0.5,0.5,synthetic,synthetic,synthetic,synthetic,synthetic,0.0,0.0,0.0,0.0,0.0,-110.0,-110.0,-110.0,-110.0,-110.0,-110.0,-110.0,-110.0,-110.0,-110.0,0.0,0.0,0.0,0.0,0.0,2026-08-28T01:24:59.045926+00:00,0.5270392156862744,0.38650294117647055,-0.3769068627450981,-0.4744,-0.4382352941176471,1.0,1.0,0.0,0.0,0.0,1.0,1.0,0.0,0.0,0.0,,0.0,0.0,1.0,0.0,0.0,0.0,0.0,0.0,0.0,0.0,0.0,0.0,0.0,0.0,0.0,0.0,0.0,0.0,0.0,0.0,0.0,0.0,0.0,0.0,0.0,0.0,0.0,0.0,0.0,0.0,0.0,0.0,0.0,0.0,0.0,0.0,0.0,0.0,0.0,0.0,0.0,0.0,0.0,0.0,0.0
2026-03-09,Cody_Bellinger,641355,hitter,NYY,PIT,2026,831517,1,147,134,1,664353.0,José_Urquidy,1.0,2.0,0.0,0.0,1.0,3.0,3.0,0.0,0.0,3.0,0.0833333333333333,0.4233333333333333,0.4233333333333333,0.3333333333333333,28.33333333333333,65.0,0.0,9.0,1.8499999999999999,1.08,9.0,82.0,0,3.0,1.0,6.123233995736766e-17,0.0,1.0,0.5,0.5,0.5,0.5,0.5,0.5,0.5,0.5,0.5,0.5,synthetic,synthetic,synthetic,synthetic,synthetic,0.0,0.0,0.0,0.0,0.0,-110.0,-110.0,-110.0,-110.0,-110.0,-110.0,-110.0,-110.0,-110.0,-110.0,0.0,0.0,0.0,0.0,0.0,2026-08-28T01:24:59.045926+00:00,0.4241762998783143,0.8380212097270834,-0.3829318073293976,-0.32026349519791664,-0.4755278522322444,1.0,1.0,0.0,0.0,0.0,1.0,1.0,0.0,0.0,0.0,batter_pitcher_profile_network_v2,0.0333333333333333,0.05,0.9425,0.0,0.0283938541666666,-0.5131249999999997,-0.5799090909090909,0.0,0.0,0.0,0.0,-0.0005703345501893,-5.703345501893936e-05,-0.6095833333333331,-0.6889431818181818,0.0,0.0,0.0,0.0,-0.0008049392057291,-0.0001287902729166,-0.248958333333333,-0.6346022727272727,0.0,0.0,0.0,0.0,-0.0003028132546164,-1.5140662730823844e-05,-0.7829166666666666,-0.804,0.0,0.0,0.0,0.0,-0.0012064745833333,-3.016186458333333e-05,-0.3318749999999999,-0.7297727272727272,0.0,0.0,0.0,0.0,-0.0004642038707386,-2.785223224431817e-05
2026-03-11,Cody_Bellinger,641355,hitter,NYY,TOR,2026,831620,2,147,141,1,641778.0,Eric_Lauer,0.0,0.0,0.0,0.0,0.0,3.0,3.0,0.0,0.0,3.0,0.081081081081081,0.0,0.0,0.0,0.0,10.0,3.8571428571428568,7.714285714285715,4.178571428571429,1.08,-8.0,81.0,0,2.0,1.0,6.123233995736766e-17,0.9749279121818236,-0.22252093395631434,0.5,1.5,0.5,0.5,0.5,0.5,1.5,0.5,0.5,0.5,synthetic,synthetic,synthetic,synthetic,synthetic,0.0,0.0,0.0,0.0,0.0,-110.0,-110.0,-110.0,-110.0,-110.0,-110.0,-110.0,-110.0,-110.0,-110.0,0.0,0.0,0.0,0.0,0.0,2026-08-28T01:24:59.045926+00:00,0.5737203866720761,-0.30485680388980474,-0.5,-0.4744280066927083,0.011261853668464439,1.0,1.5,0.0,0.0,0.5,1.0,2.0,0.0,0.0,1.0,batter_pitcher_profile_network_v2,0.0666666666666666,0.05,0.9425,0.0,0.0450605208333333,0.5522916666666666,0.1698506493506493,0.0,0.0,0.0,0.0,0.000359593876488,3.595938764880951e-05,0.4518055555555555,-0.1708522727272727,0.0,0.0,0.0,0.0,-0.0002959026896569,-4.734443034511786e-05,0.5239583333333333,-0.1361477272727272,0.0,0.0,0.0,0.0,-0.0002734536556976,-1.3672682784880044e-05,0.5127083333333332,-0.57,0.0,0.0,0.0,0.0,-0.0011202677083333,-2.8006692708333324e-05,0.4502083333333332,-0.1745,0.0,0.0,0.0,0.0,-0.0003011518576388,-1.8069111458333325e-05
2026-03-13,Cody_Bellinger,641355,hitter,NYY,ATL,2026,831563,3,147,144,0,800311.0,Didier_Fuentes,1.0,1.0,0.0,0.0,1.0,3.0,3.0,0.0,2.0,3.0,0.0833333333333333,0.2966666666666667,0.2966666666666667,0.0,0.0,35.6,4.1,8.2,3.182142857142857,1.08,0.0,79.0,0,2.0,1.0,6.123233995736766e-17,-0.433883739117558,-0.9009688679024191,0.5,0.5,0.5,0.5,0.5,0.5,0.5,0.5,0.5,0.5,synthetic,synthetic,synthetic,synthetic,synthetic,0.0,0.0,0.0,0.0,0.0,-110.0,-110.0,-110.0,-110.0,-110.0,-110.0,-110.0,-110.0,-110.0,-110.0,0.0,0.0,0.0,0.0,0.0,2026-08-28T01:24:59.045926+00:00,0.13685238095238095,0.24114999999999998,-0.3859761904761905,-0.4744,-0.22022619047619052,0.6666666666666666,1.0,0.0,0.0,0.3333333333333333,0.0,0.0,0.0,0.0,0.0,batter_pitcher_profile_network_v2,0.1,0.0,1.0,0.0,0.05,0.0863657407407405,0.0,0.0,0.0,0.0,0.0,0.0,0.0,-0.0869907407407409,0.0,0.0,0.0,0.0,0.0,0.0,0.0,-0.012152777777778,0.0,0.0,0.0,0.0,0.0,0.0,0.0,-0.0514814814814814,0.0,0.0,0.0,0.0,0.0,0.0,0.0,-0.3629398148148148,0.0,0.0,0.0,0.0,0.0,0.0,0.0
2026-03-14,Cody_Bellinger,641355,hitter,NYY,PHI,2026,831514,4,147,143,1,669060.0,Bryse_Wilson,1.0,3.0,1.0,0.0,0.0,3.0,3.0,0.0,1.0,3.0,0.081081081081081,0.54,0.54,0.6666666666666666,30.0,65.0,12.0,9.0,4.35,1.08,0.0,80.0,0,1.0,1.0,6.123233995736766e-17,-0.9749279121818236,-0.2225209339563146,0.5,0.5,0.5,0.5,0.5,0.5,0.5,0.5,0.5,0.5,synthetic,synthetic,synthetic,synthetic,synthetic,0.0,0.0,0.0,0.0,0.0,-110.0,-110.0,-110.0,-110.0,-110.0,-110.0,-110.0,-110.0,-110.0,-110.0,0.0,0.0,0.0,0.0,0.0,2026-08-28T01:24:59.045926+00:00,0.3415891891891891,1.2881905405405405,-0.19658783783783795,-0.23273333333333335,0.18185135135135122,0.75,1.0,0.0,0.0,0.5,1.0,1.0,0.0,0.0,1.0,batter_pitcher_profile_network_v2,0.1333333333333333,0.05,0.9425,0.0,0.0783938541666666,-0.3760069444444446,0.7000000000000001,0.0,0.0,0.0,0.0,0.0,0.0,-0.4415972222222223,0.76,0.0,0.0,0.0,0.0,0.0,0.0,-0.2796875000000001,1.0,0.0,0.0,0.0,0.0,0.0,0.0,-0.2624652777777778,0.76,0.0,0.0,0.0,0.0,0.0,0.0,-0.3739236111111111,1.0,0.0,0.0,0.0,0.0,0.0,0.0
2026-03-15,Cody_Bellinger,641355,hitter,NYY,DET,2026,831611,5,147,116,1,664285.0,Framber_Valdez,0.0,0.0,0.0,0.0,0.0,2.0,2.0,0.0,0.0,3.0,0.0555555555555555,0.0,0.0,0.0,0.0,10.0,0.0,9.0,0.6,1.08,7.0,77.0,0,1.0,1.0,6.123233995736766e-17,-0.7818314824680299,0.6234898018587334,0.5,1.5,0.5,0.5,0.5,0.5,1.5,0.5,0.5,0.5,synthetic,synthetic,synthetic,synthetic,synthetic,0.0,0.0,0.0,0.0,0.0,-110.0,-110.0,-110.0,-110.0,-110.0,-110.0,-110.0,-110.0,-110.0,-110.0,0.0,0.0,0.0,0.0,0.0,2026-08-28T01:24:59.045926+00:00,0.17398369108314038,-0.25470889189699086,-0.4452500957709419,-0.47448830402777775,-0.42579233474681716,0.8,1.4,0.2,0.0,0.4,1.0,3.0,1.0,0.0,0.0,batter_pitcher_profile_network_v2,0.1666666666666666,0.05,0.9425,0.0,0.0950605208333333,-0.1251805555555554,-0.6916666666666668,0.0,0.0,0.0,0.0,-0.0008297558352623,-8.297558352623449e-05,0.0215833333333334,-0.7722916666666668,0.0,0.0,0.0,0.0,-0.0001597410228587,-2.5558563657407568e-05,0.0002083333333335,-0.959375,0.0,0.0,0.0,0.0,-1.915418836807131e-06,-9.577094184035657e-08,0.4387777777777777,-0.8400000000000001,0.0,0.0,0.0,0.0,-0.0035321611111111,-8.830402777777779e-05,0.2310694444444445,-0.9458333333333334,0.0,0.0,0.0,0.0,-0.0020944680025077,-0.0001256680801504
2026-03-18,Cody_Bellinger,641355,hitter,NYY,BOS,2026,831607,6,147,111,1,813349.0,Connelly_Early,0.0,0.0,0.0,0.0,0.0,2.0,1.0,0.0,0.0,4.0,0.0666666666666666,0.36,0.36,0.0,0.0,43.2,1.2272727272727273,6.136363636363637,7.961538461538462,1.08,-6.0,62.0,0,3.0,1.0,6.123233995736766e-17,0.9749279121818236,-0.22252093395631434,0.5,1.5,0.5,0.5,0.5,0.5,1.5,0.5,0.5,0.5,synthetic,synthetic,synthetic,synthetic,synthetic,0.0,0.0,0.0,0.0,0.0,-110.0,-110.0,-110.0,-110.0,-110.0,-110.0,-110.0,-110.0,-110.0,-110.0,0.0,0.0,0.0,0.0,0.0,2026-08-28T01:24:59.045926+00:00,0.2818232031148479,-0.6251695392495209,-0.015481659471526188,-0.47453028666418046,0.06322595635512751,0.6,1.2,0.2,0.0,0.4,0.0,0.0,0.0,0.0,0.0,batter_pitcher_profile_network_v2,0.2,0.1,0.7566375441383826,0.0,0.1257311900843048,-0.2942510893246191,-0.1537177419354839,0.0,0.0,0.0,0.0,-0.0022015352850869,-0.0002201535285086,-0.2087908496732029,-0.381025293255132,0.0,0.0,0.0,0.0,-0.0038721203095053,-0.0006195392495208,-0.2132352941176474,-0.5946462609970674,0.0,0.0,0.0,0.0,-0.0061716509689854,-0.0003085825484492,0.1690046296296295,-0.6335454545454545,0.0,0.0,0.0,0.0,-0.005211466567223,-0.0001302866641805,-0.1389814814814816,-0.6183357771260997,0.0,0.0,0.0,0.0,-0.0041827786965931,-0.0002509667217955
2026-03-20,Cody_Bellinger,641355,hitter,NYY,BAL,2026,831603,7,147,110,1,621107.0,,0.0,0.0,0.0,0.0,0.0,3.0,3.0,0.0,0.0,3.0,0.0967741935483871,0.0,0.0,0.0,0.0,10.0,4.1,8.2,5.332792207792209,1.08,-6.0,76.0,0,2.0,1.0,6.123233995736766e-17,-0.433883739117558,-0.9009688679024191,0.5,0.5,0.5,0.5,0.5,0.5,0.5,0.5,0.5,0.5,synthetic,synthetic,synthetic,synthetic,synthetic,0.0,0.0,0.0,0.0,0.0,-110.0,-110.0,-110.0,-110.0,-110.0,-110.0,-110.0,-110.0,-110.0,-110.0,0.0,0.0,0.0,0.0,0.0,2026-08-28T01:24:59.045926+00:00,0.04713175416072435,-0.0019607822258629337,-0.2967090123183692,-0.4744096713668981,-0.2766398590895002,0.4,0.8,0.2,0.0,0.2,0.0,0.0,0.0,0.0,0.0,batter_pitcher_profile_network_v2,0.2333333333333333,0.05,0.9425,0.0,0.1283938541666666,-0.1284717000835424,-0.994,0.0,0.0,0.0,0.0,-0.0017133200042641,-0.0001713320004264,-0.1350657894736844,-0.994,0.0,0.0,0.0,0.0,-0.0018012598793859,-0.0002882015807017,-0.0794407894736844,-0.6399999999999999,0.0,0.0,0.0,0.0,-0.0006821315789473,-3.41065789473685e-05,0.0290079365079363,-0.994,0.0,0.0,0.0,0.0,-0.0003868546759259,-9.6713668981481e-06,-0.1309623015873018,-0.815,0.0,0.0,0.0,0.0,-0.0014320182002314,-8.5921092013889e-05
2026-03-22,Cody_Bellinger,641355,hitter,NYY,PHI,2026,831493,8,147,143,1,605400.0,Aaron_Nola,0.0,0.0,0.0,0.0,0.0,3.0,3.0,0.0,0.0,3.0,0.0789473684210526,0.0,0.0,0.0,0.0,10.0,0.0,12.0,4.714285714285714,1.08,-3.0,78.0,0,2.0,1.0,6.123233995736766e-17,-0.7818314824680299,0.6234898018587334,0.5,0.5,0.5,0.5,0.5,0.5,0.5,0.5,0.5,0.5,synthetic,synthetic,synthetic,synthetic,synthetic,0.0,0.0,0.0,0.0,0.0,-110.0,-110.0,-110.0,-110.0,-110.0,-110.0,-110.0,-110.0,-110.0,-110.0,0.0,0.0,0.0,0.0,0.0,2026-08-28T01:24:59.045926+00:00,-0.18462592663282057,-0.021765556684210596,-0.3502146555486728,-0.4744463372135416,-0.3287777958281119,0.4,0.8,0.2,0.0,0.2,0.0,0.0,0.0,0.0,0.0,batter_pitcher_profile_network_v2,0.2666666666666666,0.05,0.9425,0.0,0.1450605208333333,-0.2091272095959599,-0.9875000000000002,0.0,0.0,0.0,0.0,-0.0031665344986321,-0.0003166534498632,-0.2577746212121215,-0.99,0.0,0.0,0.0,0.0,-0.00391301875,-0.000626083,-0.1990767045454549,-1.0,0.0,0.0,0.0,0.0,-0.0030525094696969,-0.0001526254734848,-0.1221006944444444,-0.99,0.0,0.0,0.0,0.0,-0.0018534885416666,-4.633721354166669e-05,-0.3632465277777779,-1.0,0.0,0.0,0.0,0.0,-0.0055697800925925,-0.0003341868055555
2026-03-23,Cody_Bellinger,641355,hitter,NYY,CHC,2026,831780,9,147,112,0,684007.0,Shota_Imanaga,0.0,0.0,0.0,0.0,1.0,3.0,2.0,0.0,1.0,3.0,0.0681818181818181,0.0,0.0,0.0,0.0,10.0,6.472402597402598,8.722402597402597,2.9502551020408165,1.0277777777777777,0.0,93.0,0,1.0,1.0,6.123233995736766e-17,0.0,1.0,0.5,0.5,0.5,0.5,0.5,0.5,0.5,0.5,0.5,0.5,synthetic,synthetic,synthetic,synthetic,synthetic,0.0,0.0,0.0,0.0,0.0,-110.0,-110.0,-110.0,-110.0,-110.0,-110.0,-110.0,-110.0,-110.0,-110.0,0.0,0.0,0.0,0.0,0.0,2026-08-28T01:24:59.045926+00:00,-0.1978826530612246,-0.1819621212121213,-0.4518281539888684,-0.49111111111111116,-0.5,0.2,0.6,0.2,0.0,0.0,0.0,0.0,0.0,0.0,0.0,batter_pitcher_profile_network_v2,0.3,0.15,0.8612500000000001,0.0,0.18667453125,-0.1773611111111113,0.2247669552669551,0.0,0.0,0.0,0.0,0.0,0.0,-0.2718518518518519,0.4527545093795092,0.0,0.0,0.0,0.0,0.0,0.0,-0.1694444444444445,0.4368873857623857,0.0,0.0,0.0,0.0,0.0,0.0,-0.2396296296296297,0.7114350649350649,0.0,0.0,0.0,0.0,0.0,0.0,-0.4475,0.5814475709475708,0.0,0.0,0.0,0.0,0.0,0.0
2026-03-24,Cody_Bellinger,641355,hitter,NYY,CHC,2026,831779,10,147,112,0,665795.0,Edward_Cabrera,1.0,1.0,0.0,0.0,0.0,2.0,2.0,0.0,1.0,3.0,0.05,0.445,0.445,0.0,0.0,53.4,7.8181818181818175,8.704545454545455,4.0,1.0277777777777777,0.0,91.0,0,1.0,1.0,6.123233995736766e-17,0.7818314824680298,0.6234898018587336,0.5,0.5,0.5,0.5,0.5,0.5,0.5,0.5,0.5,0.5,synthetic,synthetic,synthetic,synthetic,synthetic,0.0,0.0,0.0,0.0,0.0,-110.0,-110.0,-110.0,-110.0,-110.0,-110.0,-110.0,-110.0,-110.0,-110.0,0.0,0.0,0.0,0.0,0.0,2026-08-28T01:24:59.045926+00:00,-0.32706060606060616,-0.3735666666666667,-0.3055,-0.49111111111111116,-0.10469999999999996,0.0,0.0,0.0,0.0,0.2,0.0,0.0,0.0,0.0,1.0,batter_pitcher_profile_network_v2,0.3333333333333333,0.15,0.7891628013303733,0.0,0.204665800192221,-0.2710039682539684,0.5681347402597403,0.0,0.0,0.0,0.0,0.0,0.0,-0.3594285714285715,0.5465600649350649,0.0,0.0,0.0,0.0,0.0,0.0,-0.2151785714285715,0.4550568181818181,0.0,0.0,0.0,0.0,0.0,0.0,-0.3336527777777778,0.4809350649350649,0.0,0.0,0.0,0.0,0.0,0.0,-0.4988611111111111,0.5875757575757575,0.0,0.0,0.0,0.0,0.0,0.0
2026-03-25,Cody_Bellinger,641355,hitter,NYY,SF,2026,823244,11,147,137,0,657277.0,Logan_Webb,1.0,1.0,1.0,0.0,0.0,5.0,5.0,0.0,2.0,3.0,0.125,0.178,0.178,0.0,0.0,21.36,7.730769230769231,7.615384615384615,5.228571428571429,1.08,19.0,63.0,0,1.0,1.0,6.123233995736766e-17,0.9749279121818236,-0.22252093395631434,0.5,0.5,0.5,0.5,0.5,0.5,0.5,0.5,0.5,0.5,synthetic,synthetic,synthetic,synthetic,synthetic,0.0,0.0,0.0,0.0,0.0,-110.0,-110.0,-110.0,-110.0,-110.0,-110.0,-110.0,-110.0,-110.0,-110.0,0.0,0.0,0.0,0.0,0.0,2026-08-28T01:24:59.045926+00:00,0.057190293040293105,-0.12274999999999991,-0.29642142857142856,-0.4744,-0.19517142857142855,0.2,0.2,0.0,0.0,0.2,1.0,1.0,0.0,0.0,0.0,batter_pitcher_profile_network_v2,0.3666666666666666,0.1,0.8051348441529859,0.0,0.2084704314924592,-0.3271590909090908,0.6075034965034964,0.0,0.0,0.0,0.0,0.0,0.0,-0.4137878787878787,0.409548951048951,0.0,0.0,0.0,0.0,0.0,0.0,-0.2681818181818181,0.2178846153846153,0.0,0.0,0.0,0.0,0.0,0.0,-0.3667424242424242,0.172048951048951,0.0,0.0,0.0,0.0,0.0,0.0,-0.4970454545454545,0.3516346153846154,0.0,0.0,0.0,0.0,0.0,0.0
2026-03-27,Cody_Bellinger,641355,hitter,NYY,SF,2026,823243,12,147,137,0,592662.0,Robbie_Ray,1.0,1.0,0.0,0.0,0.0,4.0,3.0,1.0,0.0,3.0,0.1081081081081081,0.395,0.395,0.0,0.0,47.400000000000006,0.6,11.4,4.371428571428572,1.08,6.0,64.0,0,2.0,1.0,6.123233995736766e-17,-0.433883739117558,-0.9009688679024191,0.5,0.5,0.5,0.5,0.5,0.5,0.5,0.5,0.5,0.5,synthetic,synthetic,synthetic,synthetic,synthetic,0.0,0.0,0.0,0.0,0.0,-110.0,-110.0,-110.0,-110.0,-110.0,-110.0,-110.0,-110.0,-110.0,-110.0,0.0,0.0,0.0,0.0,0.0,2026-08-28T01:24:59.045926+00:00,-0.05453259275091754,0.07390559081288373,0.025847172610005686,-0.47512190561026535,-0.19500614294159957,0.4,0.4,0.2,0.0,0.2,1.0,1.0,1.0,0.0,0.0,batter_pitcher_profile_network_v2,0.4,0.2,0.7270291206088354,0.0,0.2521877865450835,-0.4438002645502645,-0.8341250000000001,0.0,0.0,0.0,0.0,-0.040419878603127,-0.0040419878603127,-0.5081230158730159,-0.7376905737704919,0.0,0.0,0.0,0.0,-0.0409278952573146,-0.0065484632411703,-0.3391369047619047,-0.5079542349726776,0.0,0.0,0.0,0.0,-0.0188094435527841,-0.0009404721776392,-0.4239837962962963,-0.6237561475409836,0.0,0.0,0.0,0.0,-0.0288762244106169,-0.0007219056102654,-0.5251990740740741,-0.6430908469945354,0.0,0.0,0.0,0.0,-0.036878444136055,-0.0022127066481633
2026-03-28,Cody_Bellinger,641355,hitter,NYY,SF,2026,823241,13,147,137,0,641816.0,Tyler_Mahle,2.0,4.0,1.0,0.0,0.0,4.0,3.0,1.0,0.0,3.0,0.1142857142857142,0.8,0.8,0.6666666666666666,30.0,65.0,0.6,7.8999999999999995,4.371428571428572,1.08,0.0,61.0,0,1.0,1.0,6.123233995736766e-17,-0.9749279121818236,-0.2225209339563146,0.5,0.5,0.5,0.5,0.5,0.5,0.5,0.5,0.5,0.5,synthetic,synthetic,synthetic,synthetic,synthetic,0.0,0.0,0.0,0.0,0.0,-110.0,-110.0,-110.0,-110.0,-110.0,-110.0,-110.0,-110.0,-110.0,-110.0,0.0,0.0,0.0,0.0,0.0,2026-08-28T01:24:59.045926+00:00,0.25263861943753085,1.1881221094216323,0.11669332634609197,-0.23337547552083837,-0.0660468898502905,0.6,0.6,0.2,0.0,0.2,1.0,1.0,0.0,0.0,0.0,batter_pitcher_profile_network_v2,0.4333333333333333,0.2,0.7241184377413892,0.0,0.2689257649420026,-0.3416688034188033,-0.7226785714285715,0.0,1.0,0.0,0.0,-0.029518567529453,-0.0029518567529453,-0.4522051282051281,-0.6159636118598383,0.0,1.0,0.0,0.0,-0.0332993161147974,-0.0053278905783675,-0.280128205128205,-0.3751100628930817,0.0,1.0,0.0,0.0,-0.0125620445067313,-0.0006281022253365,-0.4501623931623932,-0.4772843665768194,0.0,1.0,0.0,0.0,-0.0256856875002013,-0.000642142187505,-0.5267649572649573,-0.5341666666666666,0.0,1.0,0.0,0.0,-0.0336386403619844,-0.002018318421719
2026-03-30,Cody_Bellinger,641355,hitter,NYY,SEA,2026,823159,14,147,136,0,622491.0,Luis_Castillo,0.0,0.0,0.0,0.0,0.0,4.0,4.0,0.0,1.0,3.0,0.1176470588235294,0.0,0.0,0.0,0.0,10.0,3.9000000000000004,6.45,3.4967532467532467,1.08,0.0,48.0,0,2.0,1.0,6.123233995736766e-17,0.0,1.0,0.5,1.5,0.5,0.5,0.5,0.5,1.5,0.5,0.5,0.5,synthetic,synthetic,synthetic,synthetic,synthetic,0.0,0.0,0.0,0.0,0.0,-110.0,-110.0,-110.0,-110.0,-110.0,-110.0,-110.0,-110.0,-110.0,-110.0,0.0,0.0,0.0,0.0,0.0,2026-08-28T01:24:59.045926+00:00,0.6493779730073848,-0.046879411764706,-0.09417704354469064,-0.4744,-0.34380939648586706,1.0,1.4,0.4,0.0,0.2,2.0,4.0,1.0,0.0,0.0,batter_pitcher_profile_network_v2,0.4666666666666667,0.2,0.8646084991547898,0.0,0.282150425104041,-0.104997831303064,0.7691310975609756,0.0,2.0,0.0,0.0,0.0,0.0,-0.1780170727205612,0.8224142530487806,0.0,2.0,0.0,0.0,0.0,0.0,-0.053419850498339,0.7264322916666667,0.0,2.0,0.0,0.0,0.0,0.0,-0.186311507936508,0.8478048780487806,0.0,2.0,0.0,0.0,0.0,0.0,-0.2561329365079365,0.8505208333333334,0.0,2.0,0.0,0.0,0.0,0.0
2026-03-31,Cody_Bellinger,641355,hitter,NYY,SEA,2026,823158,15,147,136,0,669302.0,Logan_Gilbert,2.0,2.0,2.0,0.0,0.0,4.0,3.0,1.0,0.0,3.0,0.1111111111111111,0.6174999999999999,0.6174999999999999,0.0,0.0,65.0,3.9375,11.0625,2.4448051948051948,1.08,0.0,53.0,0,1.0,1.0,6.123233995736766e-17,0.7818314824680298,0.6234898018587336,0.5,1.5,0.5,0.5,0.5,0.5,1.5,0.5,0.5,0.5,synthetic,synthetic,synthetic,synthetic,synthetic,0.0,0.0,0.0,0.0,0.0,-110.0,-110.0,-110.0,-110.0,-110.0,-110.0,-110.0,-110.0,-110.0,-110.0,0.0,0.0,0.0,0.0,0.0,2026-08-28T01:24:59.045926+00:00,0.11010843691809735,-0.3366385401455054,0.04452443140301121,-0.474473132912137,-0.3550228110190842,1.0,1.4,0.4,0.0,0.0,0.0,0.0,0.0,0.0,0.0,batter_pitcher_profile_network_v2,0.5,0.2,0.8422243272572936,0.0,0.2993655039821963,-0.2212860323089046,-0.1673299825174825,0.0,3.0,0.0,0.0,-0.0029210420744377,-0.0002921042074437,-0.2884030338849487,-0.1364947552447552,0.0,3.0,0.0,0.0,-0.0031054592427414,-0.0004968734788386,-0.1667650709219858,-0.1380817307692306,0.0,3.0,0.0,0.0,-0.001816566744967,-9.082833724835095e-05,-0.2525481481481482,-0.1468312937062937,0.0,3.0,0.0,0.0,-0.0029253164854818,-7.313291213704594e-05,-0.3716731481481482,-0.102168269230769,0.0,3.0,0.0,0.0,-0.0029956237668444,-0.0001797374260106
2026-04-01,Cody_Bellinger,641355,hitter,NYY,SEA,2026,823157,16,147,136,0,669923.0,George_Kirby,0.0,0.0,1.0,0.0,0.0,4.0,3.0,1.0,1.0,3.0,0.1176470588235294,0.1725,0.1725,0.0,0.0,20.7,2.3482142857142856,7.821428571428572,2.0162337662337664,1.08,0.0,47.0,0,1.0,0.8660254037844387,-0.4999999999999998,0.9749279121818236,-0.22252093395631434,1.5,1.5,0.5,0.5,0.5,1.5,1.5,0.5,0.5,0.5,synthetic,synthetic,synthetic,synthetic,synthetic,0.0,0.0,0.0,0.0,0.0,-110.0,-110.0,-110.0,-110.0,-110.0,-110.0,-110.0,-110.0,-110.0,-110.0,0.0,0.0,0.0,0.0,0.0,2026-08-28T01:24:59.045926+00:00,-0.3472003461117823,-0.1260280395415232,0.32267108594971217,-0.4746318975629771,-0.5,1.2,1.6,0.8,0.0,0.0,2.0,2.0,2.0,0.0,0.0,batter_pitcher_profile_network_v2,0.5333333333333333,0.2,0.6305308210683295,0.0,0.3212186615504926,-0.0418163551879088,-0.1449584779255831,0.0,4.0,0.0,0.0,-0.0011944466029269,-0.0001194446602926,-0.1621651858660133,-0.151313439849624,0.0,4.0,0.0,0.0,-0.0048351736051092,-0.0007736277768174,0.0003404564950977,-0.2672586996336995,0.0,4.0,0.0,0.0,-1.7929592465043318e-05,-8.964796232521659e-07,-0.272310763888889,-0.1728679270291111,0.0,4.0,0.0,0.0,-0.009275902519086,-0.0002318975629771,-0.265884982638889,-0.2752554945054943,0.0,4.0,0.0,0.0,-0.0144213776259146,-0.0008652826575548
2026-04-03,Cody_Bellinger,641355,hitter,NYY,MIA,2026,823568,17,147,146,1,691587.0,Eury_Pérez,1.0,2.0,1.0,0.0,0.0,5.0,4.0,1.0,0.0,3.0,0.1219512195121951,0.392,0.392,0.25,21.25,58.29,2.4857142857142858,10.178571428571429,0.6857142857142857,1.08,8.0,58.0,0,2.0,0.8660254037844387,-0.4999999999999998,-0.433883739117558,-0.9009688679024191,0.5,1.5,0.5,0.5,0.5,0.5,1.5,0.5,0.5,0.5,synthetic,synthetic,synthetic,synthetic,synthetic,0.0,0.0,0.0,0.0,0.0,-110.0,-110.0,-110.0,-110.0,-110.0,-110.0,-110.0,-110.0,-110.0,-110.0,0.0,0.0,0.0,0.0,0.0,2026-08-28T01:24:59.045926+00:00,0.12295823593955701,-0.12268141463834392,0.24443102372763803,-0.35877499999999996,-0.49852701468448285,1.0,1.4,0.8,0.0,0.0,0.0,0.0,1.0,0.0,0.0,batter_pitcher_profile_network_v2,0.5666666666666667,0.2,0.8428188168575947,0.0,0.3326842723203222,-0.0966850118835416,-0.6309926900584796,0.0,5.0,0.4758765779406161,0.0207878034211163,-0.0054339007670311,-0.0005433900767031,-0.2171549316696377,-0.1853354218880535,0.0,5.0,0.5036333297181952,0.0152975429958729,0.0193615853396192,0.003097853654339,-0.0459547682709449,-0.1312089947089946,0.0,5.0,0.5427566456342218,0.0432725166379704,0.0427354571311583,0.0021367728565579,-0.318702614379085,0.2903590225563909,0.0,5.0,0.4331233441888931,0.0,0.0,0.0,-0.3160187908496732,-0.1087552910052909,0.0,5.0,0.506887970443811,-0.0143042487507688,-0.0137893852756443,-0.0008273631165386
2026-04-04,Cody_Bellinger,641355,hitter,NYY,MIA,2026,823569,18,147,146,1,676974.0,Max_Meyer,1.0,4.0,1.0,1.0,3.0,5.0,3.0,1.0,0.0,3.0,0.119047619047619,0.558,0.558,1.0,30.0,65.0,1.8,13.0,1.2214285714285715,1.08,0.0,52.0,0,1.0,0.8660254037844387,-0.4999999999999998,-0.9749279121818236,-0.2225209339563146,0.5,1.5,0.5,0.5,0.5,0.5,1.5,0.5,0.5,0.5,synthetic,synthetic,synthetic,synthetic,synthetic,0.0,0.0,0.0,0.0,0.0,-110.0,-110.0,-110.0,-110.0,-110.0,-110.0,-110.0,-110.0,-110.0,-110.0,0.0,0.0,0.0,0.0,0.0,2026-08-28T01:24:59.045926+00:00,0.11155464478770094,1.2536931958740385,0.48673800635940545,-0.14984907056599878,-0.4260791704466478,1.0,1.6,1.0,0.0,0.0,1.0,2.0,1.0,0.0,0.0,batter_pitcher_profile_network_v2,0.6,0.15,0.8699519052838329,0.0,0.3365146337404096,0.0057407407407407,-0.799909090909091,0.0,6.0,0.5542813218868937,0.022823967946772,-0.0003583140277538,-3.583140277538819e-05,-0.1242052469135802,-0.8729431818181819,0.0,6.0,0.488086272698603,0.0220701230783111,0.0246449742127395,0.0039431958740383,0.0312499999999999,-0.7463598484848485,0.0,6.0,0.5280769988253726,0.0421514809395635,0.0403315557595366,0.0020165777879768,-0.2330034722222222,-0.988,0.0,6.0,0.3846658721138995,0.0,-0.0179628226399526,-0.0004490705659988,-0.2493055555555556,-0.8036515151515151,0.0,6.0,0.5109398755898211,-0.0136131492563219,-0.0258433169679399,-0.0015505990180763
2026-04-05,Cody_Bellinger,641355,hitter,NYY,MIA,2026,823566,19,147,146,1,664126.0,Pete_Fairbanks,0.0,0.0,1.0,0.0,0.0,5.0,2.0,3.0,0.0,3.0,0.1136363636363636,0.414,0.414,0.0,0.0,49.68,0.0,15.0,3.15,1.08,0.0,55.0,0,1.0,0.8660254037844387,-0.4999999999999998,-0.7818314824680299,0.6234898018587334,0.5,1.5,0.5,0.5,0.5,0.5,1.5,0.5,0.5,0.5,synthetic,synthetic,synthetic,synthetic,synthetic,0.0,0.0,0.0,0.0,0.0,-110.0,-110.0,-110.0,-110.0,-110.0,-110.0,-110.0,-110.0,-110.0,-110.0,0.0,0.0,0.0,0.0,0.0,2026-08-28T01:24:59.045926+00:00,-0.0412212121212121,0.2617015498649904,0.49760613313394,-0.23482335152118677,0.5089742258745016,0.8,1.6,1.0,0.2,0.6,1.0,4.0,1.0,1.0,3.0,batter_pitcher_profile_network_v2,0.6333333333333333,0.0,1.0,0.0,0.3166666666666666,0.1367720985155194,0.0,0.0,6.0,0.5444682595366984,0.0130377331840443,0.0,0.0,0.0750629779577147,0.0,0.0,6.0,0.5920781642871364,0.011086003225339,0.0166290048380085,0.0026606407740813,0.1476324224021591,0.0,0.0,6.0,0.6411388057888836,0.0494862990424351,0.0494862990424351,0.0024743149521217,0.0157730263157894,0.0,0.0,6.0,0.6085129790528181,-0.0169340608474739,-0.0169340608474739,-0.0004233515211868,-0.0487828947368421,0.0,0.0,6.0,0.6040764465628217,-0.0302697280413786,-0.022702296031034,-0.001362137761862
2026-04-07,Cody_Bellinger,641355,hitter,NYY,ATH,2026,823567,20,147,133,1,650644.0,Aaron_Civale,1.0,1.0,1.0,0.0,0.0,4.0,4.0,0.0,1.0,3.0,0.1081081081081081,0.2225,0.2225,0.0,0.0,26.7,5.7,9.549999999999999,4.465426170468187,1.08,16.0,43.0,0,2.0,0.8660254037844387,-0.4999999999999998,0.7818314824680298,0.6234898018587336,0.5,1.5,1.5,0.5,0.5,0.5,1.5,1.5,0.5,0.5,synthetic,synthetic,synthetic,synthetic,synthetic,0.0,0.0,0.0,0.0,0.0,-110.0,-110.0,-110.0,-110.0,-110.0,-110.0,-110.0,-110.0,-110.0,-110.0,0.0,0.0,0.0,0.0,0.0,2026-08-28T01:24:59.045926+00:00,0.08034273199453656,-0.39140691880332246,-0.4211452089765473,-0.3347085435253811,0.03114083775379506,0.8,1.6,1.2,0.2,0.6,0.0,0.0,1.0,0.0,0.0,batter_pitcher_profile_network_v2,0.6666666666666666,0.2,0.8367927061281571,0.0,0.3828319120331934,0.2126287698412699,0.247863337320574,0.0,6.0,0.4663373388818182,0.0087601614463699,0.0057343292355688,0.0005734329235568,0.115480753968254,0.4223343301435406,0.0,6.0,0.4591768482876354,0.0038123964762968,0.0110251696413977,0.0017640271426236,0.2105029761904762,0.2484930223285488,0.0,6.0,0.5708062013809145,0.0391539042631268,0.0448453256765425,0.0022422662838271,-0.0219642361111112,0.5530909090909091,0.0,6.0,0.4613855805798572,-0.0123417410152445,-0.0123417410152445,-0.0003085435253811,-0.0333236111111111,0.4223417065390751,0.0,6.0,0.4690227069494049,-0.0225690201055453,-0.016926765079159,-0.0010156059047495
2026-04-08,Cody_Bellinger,641355,hitter,NYY,ATH,2026,823564,21,147,133,1,622663.0,Luis_Severino,1.0,1.0,0.0,0.0,1.0,4.0,4.0,0.0,1.0,3.0,0.1111111111111111,0.2225,0.2225,0.0,0.0,26.7,5.400000000000001,12.300000000000002,6.179711884753901,1.08,0.0,44.0,0,1.0,0.8660254037844387,-0.4999999999999998,0.9749279121818236,-0.22252093395631434,0.5,1.5,0.5,0.5,0.5,0.5,1.5,0.5,0.5,0.5,synthetic,synthetic,synthetic,synthetic,synthetic,0.0,0.0,0.0,0.0,0.0,-110.0,-110.0,-110.0,-110.0,-110.0,-110.0,-110.0,-110.0,-110.0,-110.0,0.0,0.0,0.0,0.0,0.0,2026-08-28T01:24:59.045926+00:00,0.023792635304673015,-0.37069775789572224,0.5403364013707839,-0.334835653452918,0.12016946739920431,0.6,1.4,1.0,0.2,0.6,1.0,1.0,1.0,0.0,0.0,batter_pitcher_profile_network_v2,0.7,0.2,0.8592293551913877,0.0,0.398948880797811,0.1702041416416413,-0.0770181159420288,0.0,7.0,0.669963583516326,0.0181431744890509,-0.0012917341881631,-0.0001291734188163,0.0693988810238808,-0.052820652173913,0.0,7.0,0.6975381184613375,0.0135487635395953,0.0199619298184028,0.0031939087709444,0.1767563545688543,0.4885018115942031,0.0,7.0,0.5832412586273923,0.0360076749593993,0.0445161426617779,0.0022258071330888,-0.0682662037037037,0.0061014492753623,0.0,7.0,0.6969661185208197,-0.0174261381167236,-0.0174261381167236,-0.000435653452918,-0.0713912037037037,0.3726594202898552,0.0,7.0,0.6042737074815753,-0.0273954112257243,-0.0205465584192932,-0.0012327935051575
2026-04-09,Cody_Bellinger,641355,hitter,NYY,ATH,2026,823565,22,147,133,1,605488.0,Jeffrey_Springs,0.0,0.0,0.0,0.0,0.0,4.0,4.0,0.0,0.0,3.0,0.125,0.0,0.0,0.0,0.0,10.0,1.625,8.625,6.179711884753901,1.08,10.0,50.0,0,1.0,0.8660254037844387,-0.4999999999999998,0.43388373911755823,-0.900968867902419,0.5,1.5,0.5,0.5,0.5,0.5,1.5,0.5,0.5,0.5,synthetic,synthetic,synthetic,synthetic,synthetic,0.0,0.0,0.0,0.0,0.0,-110.0,-110.0,-110.0,-110.0,-110.0,-110.0,-110.0,-110.0,-110.0,-110.0,0.0,0.0,0.0,0.0,0.0,2026-08-28T01:24:59.045926+00:00,0.3914421455807101,-0.33056714074881666,0.16760479095713177,-0.3350104030041401,0.3655488010535971,0.8,1.6,0.8,0.2,0.8,1.0,1.0,0.0,0.0,1.0,batter_pitcher_profile_network_v2,0.7333333333333333,0.3,0.8088314832491601,0.0,0.44194210965726,0.1318894230769231,-0.3495637755102041,0.0,8.0,0.7970745306238318,0.0241844443435981,-0.0064632980944591,-0.0006463298094459,0.0276750194250194,-0.4426530612244898,0.0,8.0,0.7715190462458581,0.0189901742669445,0.0267678703198955,0.0042828592511832,0.1504130244755245,-0.1393384353741495,0.0,8.0,0.8411464769161925,0.0503220857850487,0.0473839343887372,0.0023691967194368,-0.1103589015151515,-0.479579081632653,0.0,8.0,0.7130527543164422,-0.0169964363707795,-0.0244161201656046,-0.0006104030041401,-0.1034981060606059,-0.2648784013605442,0.0,8.0,0.7884799061877686,-0.0268044263914632,-0.0239465530683024,-0.0014367931840981
2026-04-10,Cody_Bellinger,641355,hitter,NYY,TB,2026,822997,23,147,139,0,571927.0,Steven_Matz,0.0,0.0,0.0,0.0,1.0,4.0,3.0,0.0,2.0,3.0,0.1142857142857142,0.0,0.0,0.0,0.0,10.0,2.9,7.6000000000000005,6.326785714285714,1.08,0.0,72.0,0,1.0,0.8660254037844387,-0.4999999999999998,-0.433883739117558,-0.9009688679024191,0.5,1.5,0.5,0.5,0.5,0.5,1.5,0.5,0.5,0.5,synthetic,synthetic,synthetic,synthetic,synthetic,0.0,0.0,0.0,0.0,0.0,-110.0,-110.0,-110.0,-110.0,-110.0,-110.0,-110.0,-110.0,-110.0,-110.0,0.0,0.0,0.0,0.0,0.0,2026-08-28T01:24:59.045926+00:00,0.2595282688764956,-0.7321020620935537,0.03253934408198933,-0.3351888672373331,0.19929443659827384,0.6,1.2,0.6,0.2,0.8,0.0,0.0,0.0,0.0,0.0,batter_pitcher_profile_network_v2,0.7666666666666667,0.2,0.8024441013409755,0.0,0.4336734528504794,0.09245381171203,-0.4354966216216216,0.0,9.0,0.963937319428005,0.0174830436713764,-0.0060982636159955,-0.0006098263615995,-0.022122982208083,-0.4762533783783783,0.0,9.0,0.939554585222934,0.0112636076042764,0.0152996119152912,0.0024479379064465,0.0987659066808059,-0.5462871621621621,0.0,9.0,0.869859252139229,0.0371730972505699,0.0290011673540757,0.0014500583677037,-0.1568589975845412,-0.4869797297297297,0.0,9.0,0.8886559606744091,-0.0199851279033723,-0.0315546894933244,-0.0007888672373331,-0.1854867149758454,-0.5893671171171171,0.0,9.0,0.8452858503414857,-0.032253286737511,-0.0407474852668633,-0.0024448491160118
2026-04-11,Cody_Bellinger,641355,hitter,NYY,TB,2026,822996,24,147,139,0,607259.0,Nick_Martinez,2.0,2.0,0.0,0.0,0.0,5.0,5.0,0.0,1.0,3.0,0.1111111111111111,0.356,0.356,0.0,0.0,42.72,10.5,3.5,4.933928571428572,1.08,0.0,72.0,0,1.0,0.8660254037844387,-0.4999999999999998,-0.9749279121818236,-0.2225209339563146,0.5,0.5,0.5,0.5,0.5,0.5,0.5,0.5,0.5,0.5,synthetic,synthetic,synthetic,synthetic,synthetic,0.0,0.0,0.0,0.0,0.0,-110.0,-110.0,-110.0,-110.0,-110.0,-110.0,-110.0,-110.0,-110.0,-110.0,0.0,0.0,0.0,0.0,0.0,2026-08-28T01:24:59.045926+00:00,0.2687571428571429,-0.07494012791422516,0.02593228245411605,-0.4746831740284155,0.12259275658117963,0.4,0.4,0.4,0.0,0.4,0.0,0.0,0.0,0.0,1.0,batter_pitcher_profile_network_v2,0.8,0.25,0.8279873787865704,0.0,0.4621428865246613,-0.0311775005383293,0.857197398190045,0.0,10.0,0.4666508050426174,-0.0008431704074282,0.0,0.0,-0.1260924849267874,0.90022907239819,0.0,10.0,0.4815942679304978,-0.0046810885314937,-0.0070216327972406,-0.0011234612475585,-0.0068986191860467,0.7266826923076922,0.0,10.0,0.6898584788569969,0.0137170776537492,0.0137170776537492,0.0006858538826874,-0.1994840856481481,0.9519117647058823,0.0,10.0,0.5101261664456946,-0.011326961136623,-0.011326961136623,-0.0002831740284155,-0.2606429398148148,0.8374999999999999,0.0,10.0,0.5804074242601209,-0.0126741923759083,-0.0095056442819312,-0.0005703386569158
2026-04-12,Cody_Bellinger,641355,hitter,NYY,TB,2026,822998,25,147,139,0,656876.0,Drew_Rasmussen,1.0,1.0,0.0,0.0,1.0,4.0,4.0,0.0,1.0,4.0,0.1142857142857142,0.2225,0.2225,0.0,0.0,26.7,4.905882352941176,7.588235294117648,2.523214285714286,1.08,0.0,72.0,0,1.0,0.8660254037844387,-0.4999999999999998,-0.7818314824680299,0.6234898018587334,0.5,0.5,0.5,0.5,0.5,0.5,0.5,0.5,0.5,0.5,synthetic,synthetic,synthetic,synthetic,synthetic,0.0,0.0,0.0,0.0,0.0,-110.0,-110.0,-110.0,-110.0,-110.0,-110.0,-110.0,-110.0,-110.0,-110.0,0.0,0.0,0.0,0.0,0.0,2026-08-28T01:24:59.045926+00:00,0.5245834733893555,0.39822291236112184,-0.30113744160003914,-0.4748832064973444,-0.19486948653744507,0.8,0.8,0.2,0.0,0.4,2.0,2.0,0.0,0.0,0.0,batter_pitcher_profile_network_v2,0.8333333333333334,0.25,0.8086967844093695,0.0,0.4794003276441297,-0.0189929792429792,0.183637306501548,0.0,11.0,1.033343020447471,0.0124079939298604,0.0,0.0,-0.1247156898656899,0.35911153250774,0.0,11.0,0.9751791461075756,0.002699634838008,0.004049452257012,0.0006479123611219,0.0087120879120877,0.0266447110423117,0.0,11.0,1.2000560541258176,0.0314998761022924,0.0315368822849354,0.0015768441142467,-0.2241569444444445,0.4990786377708978,0.0,11.0,0.9377400046822733,-0.0193282598937763,-0.0193282598937763,-0.0004832064973444,-0.2529444444444445,0.1347916408668731,0.0,11.0,1.1110901145386818,-0.0262266849590967,-0.0196700137193225,-0.0011802008231593
2026-04-13,Cody_Bellinger,641355,hitter,NYY,LAA,2026,823563,26,147,108,1,579328.0,,1.0,1.0,0.0,0.0,0.0,5.0,5.0,0.0,0.0,3.0,0.108695652173913,0.178,0.178,0.0,0.0,21.36,4.1,8.2,8.346734693877552,1.08,15.0,77.0,0,1.0,0.8660254037844387,-0.4999999999999998,0.0,1.0,0.5,0.5,0.5,0.5,0.5,0.5,0.5,0.5,0.5,0.5,synthetic,synthetic,synthetic,synthetic,synthetic,0.0,0.0,0.0,0.0,0.0,-110.0,-110.0,-110.0,-110.0,-110.0,-110.0,-110.0,-110.0,-110.0,-110.0,0.0,0.0,0.0,0.0,0.0,2026-08-28T01:24:59.045926+00:00,0.6020519964507542,0.23230475714816412,-0.16010971176271244,-0.47508137505263187,0.3728832654366634,0.8,0.8,0.0,0.0,0.6,1.0,1.0,0.0,0.0,1.0,batter_pitcher_profile_network_v2,0.8666666666666667,0.2,0.7985671996079484,0.0,0.4837684369429386,-0.0434259024966262,0.2112440387489302,0.0,12.0,1.168640057031055,0.0148282112348019,0.0,0.0,-0.1520809435447594,0.0699967852033669,0.0,12.0,1.2433601344404748,0.0035796040593797,0.0053694060890695,0.0008591049742511,-0.0141736251686911,0.2500011781289872,0.0,12.0,1.28150463991718,0.0189406360855927,0.0189406360855927,0.0009470318042796,-0.2537780448717949,-0.074631023785397,0.0,12.0,1.2362606300097223,-0.023948599532107,-0.027255002105277,-0.0006813750526319,-0.2776482371794873,0.2136083878668149,0.0,12.0,1.2337572338139056,-0.0151012491941362,-0.0113259368956022,-0.0006795562137361
2026-04-15,Cody_Bellinger,641355,hitter,NYY,LAA,2026,823561,27,147,108,1,686799.0,Jack_Kochanowicz,1.0,2.0,0.0,0.0,0.0,4.0,3.0,1.0,0.0,4.0,0.1142857142857142,0.49,0.49,0.3333333333333333,28.33333333333333,65.0,4.178571428571429,6.813025210084034,8.372448979591837,1.08,0.0,83.0,0,2.0,0.8660254037844387,-0.4999999999999998,0.9749279121818236,-0.22252093395631434,0.5,0.5,0.5,0.5,0.5,0.5,0.5,0.5,0.5,0.5,synthetic,synthetic,synthetic,synthetic,synthetic,0.0,0.0,0.0,0.0,0.0,-110.0,-110.0,-110.0,-110.0,-110.0,-110.0,-110.0,-110.0,-110.0,-110.0,0.0,0.0,0.0,0.0,0.0,2026-08-28T01:24:59.045926+00:00,0.7083724020006852,0.7773811236835104,0.010169793263480886,-0.32123928647566846,0.17681913385906467,0.8,0.8,0.0,0.0,0.4,1.0,1.0,0.0,0.0,0.0,batter_pitcher_profile_network_v2,0.9,0.3,0.7994848583817225,0.0,0.5256189314544717,-0.0314272119341565,-0.4836431177122012,0.0,13.0,1.2808585814117828,0.014244766200413,-0.0027429667878636,-0.0002742966787863,-0.1558945473251029,-0.4413297420080266,0.0,13.0,1.2792783833224537,0.0059070553810882,-0.0035554769780592,-0.0005688763164894,-0.0114236111111112,-0.252182965939999,0.0,13.0,1.4082350823834002,0.0264667725380824,0.0259468856777855,0.0012973442838892,-0.2834025205761316,-0.3174166985297657,0.0,13.0,1.2922318234276204,-0.0240042146623676,-0.0402381256934046,-0.0010059531423351,-0.3076154835390945,-0.3969655746356513,0.0,13.0,1.2874865274380525,-0.0195800100723351,-0.036721918675453,-0.0022033151205271
2026-04-16,Cody_Bellinger,641355,hitter,NYY,LAA,2026,823560,28,147,108,1,608718.0,Brent_Suter,1.0,1.0,1.0,0.0,0.0,4.0,3.0,1.0,1.0,3.0,0.1111111111111111,0.395,0.395,0.0,0.0,47.400000000000006,1.2857142857142856,8.493506493506494,8.951020408163266,1.08,10.0,87.0,0,1.0,0.8660254037844387,-0.4999999999999998,0.43388373911755823,-0.900968867902419,0.5,1.5,0.5,0.5,0.5,0.5,1.5,0.5,0.5,0.5,synthetic,synthetic,synthetic,synthetic,synthetic,0.0,0.0,0.0,0.0,0.0,-110.0,-110.0,-110.0,-110.0,-110.0,-110.0,-110.0,-110.0,-110.0,-110.0,0.0,0.0,0.0,0.0,0.0,2026-08-28T01:24:59.045926+00:00,0.797765491651206,-0.2782744372239996,-0.007650889434736352,-0.4750703175725165,0.1746213055328566,1.0,1.2,0.0,0.0,0.4,1.0,2.0,0.0,0.0,0.0,batter_pitcher_profile_network_v2,0.9333333333333332,0.0,1.0,0.0,0.4666666666666667,0.0395355044261293,0.0,0.0,14.0,1.512044168157442,0.0176439316521584,0.0,0.0,-0.0840246108058608,0.0,0.0,14.0,1.528282488256004,0.0083009560111126,0.0124514340166689,0.001992229442667,0.0454776213369962,0.0,0.0,14.0,1.635259638368312,0.0159618031420069,0.0159618031420069,0.0007980901571003,-0.2046798115079364,0.0,0.0,14.0,1.52285390986831,-0.0268127029006623,-0.0268127029006623,-0.0006703175725165,-0.2421128472222221,0.0,0.0,14.0,1.5569593551349947,-0.0243640342660768,-0.0182730256995576,-0.0010963815419734
2026-04-17,Cody_Bellinger,641355,hitter,NYY,KC,2026,823559,29,147,118,1,608379.0,Michael_Wacha,1.0,1.0,1.0,0.0,0.0,4.0,4.0,0.0,1.0,3.0,0.1176470588235294,0.2225,0.2225,0.0,0.0,26.7,0.4285714285714286,7.410714285714286,4.207792207792208,1.08,0.0,74.0,0,1.0,0.8660254037844387,-0.4999999999999998,-0.433883739117558,-0.9009688679024191,1.5,1.5,0.5,0.5,0.5,1.5,1.5,0.5,0.5,0.5,synthetic,synthetic,synthetic,synthetic,synthetic,0.0,0.0,0.0,0.0,0.0,-110.0,-110.0,-110.0,-110.0,-110.0,-110.0,-110.0,-110.0,-110.0,-110.0,0.0,0.0,0.0,0.0,0.0,2026-08-28T01:24:59.045926+00:00,-0.25301694235027816,-0.36469919065152356,-0.06376513943155215,-0.4750444074841478,-0.24247358351543774,1.2,1.4,0.2,0.0,0.2,1.0,1.0,1.0,0.0,0.0,batter_pitcher_profile_network_v2,0.9666666666666668,0.3,0.8303192932642391,0.0,0.5578190993058726,0.049688936781609,-0.1645268184196755,0.0,14.0,1.5434425814616397,0.0163532396092893,-0.0013409284684056,-0.0001340928468405,-0.0816262771392082,-0.0886949895342751,0.0,14.0,1.5437957068409722,0.0093550964762219,0.01284513195739,0.0020552211131824,0.0606804757343548,0.0847187118437119,0.0,14.0,1.619381205211035,0.008855907768148,0.009699121223809,0.0004849560611904,-0.2239772509578543,0.0451992412349556,0.0,14.0,1.5154449777764754,-0.0257762993659124,-0.0257762993659124,-0.0006444074841478,-0.2286108716475095,0.0405039682539683,0.0,14.0,1.5491674697218825,-0.0214696684781938,-0.0161022513586453,-0.0009661350815187
2026-04-18,Cody_Bellinger,641355,hitter,NYY,KC,2026,823558,30,147,118,1,702070.0,Noah_Cameron,3.0,9.0,2.0,2.0,5.0,5.0,4.0,1.0,0.0,3.0,0.1162790697674418,1.156,1.156,1.5,30.0,65.0,3.9419117647058823,7.89705882352941,4.0,1.08,0.0,66.0,0,1.0,0.8660254037844387,-0.4999999999999998,-0.9749279121818236,-0.2225209339563146,0.5,1.5,0.5,0.5,0.5,0.5,1.5,0.5,0.5,0.5,synthetic,synthetic,synthetic,synthetic,synthetic,0.0,0.0,0.0,0.0,0.0,-110.0,-110.0,-110.0,-110.0,-110.0,-110.0,-110.0,-110.0,-110.0,-110.0,0.0,0.0,0.0,0.0,0.0,2026-08-28T01:24:59.045926+00:00,0.5394206874487053,1.7287383686285738,0.5657561823514123,-0.024989170752262202,0.025596002705399967,1.0,1.2,0.4,0.0,0.2,1.0,1.0,1.0,0.0,0.0,batter_pitcher_profile_network_v2,1.0,0.3,0.7709756605752787,0.0,0.5766666444738585,0.0264061507936507,0.4575816119089776,0.0,15.0,1.3373660592269487,0.0180064123376161,0.0027672940036991,0.0002767294003699,-0.1066579365079365,0.4746127450980392,0.0,15.0,1.3758960039306305,0.0037984351771974,0.0056976527657962,0.0009116244425273,0.0425684523809522,0.4272461008372133,0.0,15.0,1.570823795248724,0.0097257762092594,0.0138910888887156,0.0006945544444357,-0.249654861111111,0.4973029624893436,0.0,15.0,1.4235805937669137,-0.0235668300904907,-0.0235668300904907,-0.0005891707522622,-0.2488319444444444,0.4940124051850395,0.0,15.0,1.4301651172179324,-0.0210707409135929,-0.0158030556851947,-0.0009481833411116
2026-04-19,Cody_Bellinger,641355,hitter,NYY,KC,2026,823556,31,147,118,1,666142.0,Cole_Ragans,1.0,2.0,2.0,0.0,0.0,5.0,3.0,2.0,0.0,3.0,0.1219512195121951,0.53,0.53,0.3333333333333333,28.33333333333333,65.0,13.5,13.5,5.4935064935064934,1.08,14.0,42.0,0,1.0,0.8660254037844387,-0.4999999999999998,-0.7818314824680299,0.6234898018587334,1.5,2.5,0.5,0.5,0.5,1.5,2.5,0.5,0.5,0.5,synthetic,synthetic,synthetic,synthetic,synthetic,0.0,0.0,0.0,0.0,0.0,-110.0,-110.0,-110.0,-110.0,-110.0,-110.0,-110.0,-110.0,-110.0,-110.0,0.0,0.0,0.0,0.0,0.0,2026-08-28T01:24:59.045926+00:00,-0.2317644862903061,1.1779304882857762,0.7017207765168851,0.16186882228597277,1.2673566179832638,1.4,2.8,0.8,0.4,1.0,3.0,9.0,2.0,2.0,5.0,batter_pitcher_profile_network_v2,1.0,0.4,0.7772887582067101,0.0,0.6019128508478712,0.2060825292397659,0.2528045948616601,0.0,16.0,1.7057313318476282,0.0393553548589745,0.0116029461984072,0.0011602946198407,0.142070760233918,0.2642826910408432,0.0,16.0,1.7391981281831672,0.0511325830817643,0.0850609786153654,0.0136097565784584,0.2326721491228069,0.6165625000000001,0.0,16.0,1.542497429372737,0.0307888358940091,0.0627383051238959,0.0031369152561947,-0.0075159722222222,0.2649455698287221,0.0,16.0,1.77666376923799,0.0840862247722476,0.0840862247722476,0.0021021556193061,0.0123763888888888,0.5918844696969697,0.0,16.0,1.5124756400335266,0.0704171628368888,0.0544443193599619,0.0032666591615977
2026-04-21,Cody_Bellinger,641355,hitter,NYY,BOS,2026,824773,32,147,111,0,813349.0,Connelly_Early,1.0,1.0,1.0,0.0,0.0,4.0,3.0,1.0,0.0,5.0,0.1025641025641025,0.395,0.395,0.0,0.0,47.400000000000006,2.692307692307692,8.961538461538462,3.1353383458646618,1.08,9.0,47.0,0,2.0,0.8660254037844387,-0.4999999999999998,0.7818314824680298,0.6234898018587336,1.5,2.5,1.5,0.5,0.5,1.5,2.5,1.5,0.5,0.5,synthetic,synthetic,synthetic,synthetic,synthetic,0.0,0.0,0.0,0.0,0.0,-110.0,-110.0,-110.0,-110.0,-110.0,-110.0,-110.0,-110.0,-110.0,-110.0,0.0,0.0,0.0,0.0,0.0,2026-08-28T01:24:59.045926+00:00,-0.39771397222500804,-0.18794750279416528,-0.28768004431684147,-0.1964887252782922,0.27706152085405644,1.4,3.0,1.2,0.4,1.0,1.0,2.0,2.0,0.0,0.0,batter_pitcher_profile_network_v2,1.0,0.35,0.6270509385941845,1.0,0.6143651910077743,0.2312796455938695,-0.5783369988220736,-0.0888888888888888,17.0,1.7557690875374026,0.0228909186638795,-0.1221981375190202,-0.012219813751902,0.1618318007662832,-0.6465748300207256,-0.0987654320987654,17.0,1.6206764200163797,0.019800225112942,-0.089671892463532,-0.0143475027941651,0.2590998563218388,-0.5131213382388755,-0.1111111111111111,17.0,1.6927297427197734,0.0264205547748613,-0.1135546168168777,-0.0056777308408438,-0.0075159722222222,-0.7052035613640091,-0.074074074074074,17.0,1.4496106009329404,-0.0213111269360944,-0.0835490111316901,-0.0020887252782922,0.0279319444444442,-0.6323408656020595,-0.0962962962962963,17.0,1.527090073071398,-0.0161150819204079,-0.0970130175760215,-0.0058207810545612
2026-04-22,Cody_Bellinger,641355,hitter,NYY,BOS,2026,824774,33,147,111,0,624133.0,Ranger_Suarez,0.0,0.0,0.0,0.0,0.0,4.0,4.0,0.0,1.0,3.0,0.1176470588235294,0.0,0.0,0.0,0.0,10.0,3.0,6.0,2.729323308270677,1.08,12.0,47.0,0,1.0,0.8660254037844387,-0.4999999999999998,0.9749279121818236,-0.22252093395631434,1.5,2.5,1.5,0.5,0.5,1.5,2.5,1.5,0.5,0.5,synthetic,synthetic,synthetic,synthetic,synthetic,0.0,0.0,0.0,0.0,0.0,-110.0,-110.0,-110.0,-110.0,-110.0,-110.0,-110.0,-110.0,-110.0,-110.0,0.0,0.0,0.0,0.0,0.0,2026-08-28T01:24:59.045926+00:00,-0.2284033974143398,-0.5828522876686215,-0.48830772829277413,-0.19264783158978743,0.1641834627821228,1.4,2.8,1.4,0.4,1.0,1.0,1.0,1.0,0.0,0.0,batter_pitcher_profile_network_v2,1.0,0.3,0.7395170928920413,0.0,0.5778227468362175,0.3074328347578343,0.3849219965427831,0.0,18.0,1.9394587163295387,0.0400887503037889,0.0308249378424487,0.0030824937842448,0.2247271367521364,0.3230632382598675,0.0,18.0,2.0437999165782266,0.0541721240855915,0.1001695256005297,0.0160271240960847,0.3279604700854698,0.2570811965811966,0.0,18.0,2.251591708321058,0.0628542862087747,0.0848162435209014,0.004240812176045,0.0063358796296295,0.3043132382598675,0.0,18.0,2.095737419636738,0.0695845013868505,0.0700867364085074,0.0017521684102126,0.0943879629629627,0.3102756410256412,0.0,18.0,2.1059648292533844,0.0423698129257009,0.0394059365353062,0.0023643561921183
2026-04-23,Cody_Bellinger,641355,hitter,NYY,BOS,2026,824770,34,147,111,0,801139.0,Payton_Tolle,1.0,1.0,0.0,0.0,2.0,2.0,2.0,0.0,0.0,1.0,0.0512820512820512,0.445,0.445,0.0,0.0,53.4,0.0,16.125,2.729323308270677,1.08,0.0,59.0,0,1.0,0.8660254037844387,-0.4999999999999998,0.43388373911755823,-0.900968867902419,1.5,2.5,1.5,0.5,0.5,1.5,2.5,1.5,0.5,0.5,synthetic,synthetic,synthetic,synthetic,synthetic,0.0,0.0,0.0,0.0,0.0,-110.0,-110.0,-110.0,-110.0,-110.0,-110.0,-110.0,-110.0,-110.0,-110.0,0.0,0.0,0.0,0.0,0.0,2026-08-28T01:24:59.045926+00:00,-1.0552924522845577,-0.7269427105214057,-0.5773661552979356,-0.19375762038160904,0.21800289250508986,1.2,2.6,1.2,0.4,1.0,0.0,0.0,0.0,0.0,0.0,batter_pitcher_profile_network_v2,1.0,0.0,1.0,0.0,0.5,0.2910846829880726,0.0,0.0,19.0,2.4116226976128736,0.0297723956420257,0.0,0.0,0.2047975047080977,0.0,0.0,19.0,2.4212491117266723,0.0339887061608106,0.0509830592412159,0.0081572894785945,0.2966002824858755,0.0,0.0,19.0,2.509174547885946,0.0410458934629221,0.0410458934629221,0.0020522946731461,-0.0031456018518519,0.0,0.0,19.0,2.404264214719133,0.0256951847356433,0.0256951847356433,0.000642379618391,0.0416425925925923,0.0,0.0,19.0,2.401627180851881,0.0162007729747524,0.0121505797310643,0.0007290347838638
2026-04-24,Cody_Bellinger,641355,hitter,NYY,HOU,2026,824204,35,147,117,0,621121.0,Lance_McCullers_Jr,1.0,1.0,1.0,0.0,0.0,5.0,5.0,0.0,1.0,3.0,0.1162790697674418,0.178,0.178,0.0,0.0,21.36,8.803846153846154,8.169230769230769,4.5146103896103895,1.08,0.0,73.0,0,1.0,0.8660254037844387,-0.4999999999999998,-0.433883739117558,-0.9009688679024191,1.5,2.5,0.5,0.5,1.5,1.5,2.5,0.5,0.5,1.5,synthetic,synthetic,synthetic,synthetic,synthetic,0.0,0.0,0.0,0.0,0.0,-110.0,-110.0,-110.0,-110.0,-110.0,-110.0,-110.0,-110.0,-110.0,-110.0,0.0,0.0,0.0,0.0,0.0,2026-08-28T01:24:59.045926+00:00,-0.2846792772071627,-0.634807368403242,0.30080089831526535,-0.1942083315055959,-0.10463418827371807,1.2,2.6,1.0,0.4,1.4,1.0,1.0,0.0,0.0,2.0,batter_pitcher_profile_network_v2,1.0,0.35,0.7556591059038034,0.0,0.5901011158343744,0.3006395655270654,0.0727321529573368,0.0,19.0,2.3875195780517062,0.030726633427537,0.0053427977848729,0.0005342797784872,0.1618742165242164,-0.0304055372148858,0.0,19.0,2.424105788157527,0.0402429406985363,0.0591617963169456,0.0094658874107113,0.305591346153846,0.262919821774864,0.0,19.0,2.4366982508019976,0.0585431996376647,0.0781750185553855,0.0039087509277692,-0.1345252314814814,-0.1190084783913563,0.0,19.0,2.380798902771408,0.0115785502863228,0.0076667397761656,0.0001916684944041,-0.0270634259259259,0.1983855080493738,0.0,19.0,2.363344505114323,0.0109134710944677,0.0081851033208508,0.000491106199251
2026-04-25,Cody_Bellinger,641355,hitter,NYY,HOU,2026,824203,36,147,117,0,681347.0,Mike_Burrows,0.0,0.0,1.0,0.0,1.0,5.0,2.0,3.0,0.0,4.0,0.1111111111111111,0.414,0.414,0.0,0.0,49.68,7.258928571428572,7.6875,4.273538961038961,1.08,0.0,73.0,0,1.0,0.8660254037844387,-0.4999999999999998,-0.9749279121818236,-0.2225209339563146,0.5,0.5,0.5,0.5,0.5,0.5,0.5,0.5,0.5,0.5,synthetic,synthetic,synthetic,synthetic,synthetic,0.0,0.0,0.0,0.0,0.0,-110.0,-110.0,-110.0,-110.0,-110.0,-110.0,-110.0,-110.0,-110.0,-110.0,0.0,0.0,0.0,0.0,0.0,2026-08-28T01:24:59.045926+00:00,0.45210040477245117,0.4751211865798042,0.4134860823285652,-0.47401670459253337,-0.052775570362456725,0.8,1.0,0.8,0.0,0.4,1.0,1.0,1.0,0.0,0.0,batter_pitcher_profile_network_v2,1.0,0.4,0.7001563843165621,0.0,0.6056923371684885,0.3115745370370371,0.2640851690989874,0.0,20.0,2.4669614619161155,0.0294641590575894,0.0246717966422608,0.002467179664226,0.1744592592592593,0.1525006585706382,0.0,20.0,2.578343862941329,0.0398394652264735,0.0677365827904434,0.0108378532464709,0.3261458333333333,0.1134655181560608,0.0,20.0,2.718593961703508,0.0560865809461287,0.0671826855323426,0.0033591342766171,-0.130317824074074,-0.0011272149925801,0.0,20.0,2.61931651902406,0.0153758621879316,0.0153318162986652,0.0003832954074666,0.0031023148148148,0.1479458821407351,0.0,20.0,2.600632387713441,-0.0072764959804449,-0.0053197513511919,-0.0003191850810715
2026-04-26,Cody_Bellinger,641355,hitter,NYY,HOU,2026,824202,37,147,117,0,681293.0,Spencer_Arrighetti,0.0,0.0,0.0,0.0,0.0,4.0,4.0,0.0,1.0,4.0,0.1111111111111111,0.0,0.0,0.0,0.0,10.0,3.9499999999999997,10.174999999999999,4.273538961038961,1.08,0.0,73.0,0,1.0,0.8660254037844387,-0.4999999999999998,-0.7818314824680299,0.6234898018587334,0.5,0.5,0.5,0.5,0.5,0.5,0.5,0.5,0.5,0.5,synthetic,synthetic,synthetic,synthetic,synthetic,0.0,0.0,0.0,0.0,0.0,-110.0,-110.0,-110.0,-110.0,-110.0,-110.0,-110.0,-110.0,-110.0,-110.0,0.0,0.0,0.0,0.0,0.0,2026-08-28T01:24:59.045926+00:00,0.04421870285833862,-0.11481827853745968,0.055252710411732076,-0.4762332775248786,0.11715048219406254,0.6,0.6,0.6,0.0,0.6,0.0,0.0,1.0,0.0,1.0,batter_pitcher_profile_network_v2,1.0,0.1,0.7813702108712484,0.0,0.5254282149168272,0.3340446589882564,-0.6900419580419581,0.0,21.0,2.1710392348466154,0.0093136468787256,-0.0503952224988663,-0.0050395222498866,0.1911393405600722,-0.745173951048951,0.0,21.0,2.0585490512829208,0.0007532110180835,-0.0300100741924574,-0.0048016118707931,0.3402342479674796,-0.3160801282051281,0.0,21.0,2.687937610157327,0.0400269755960653,0.016515247195679,0.0008257623597839,-0.127917824074074,-0.7728181818181817,0.0,21.0,1.9619886700515632,-0.0517179677839213,-0.0733311009951444,-0.0018332775248786,0.0108773148148149,-0.510551282051282,0.0,21.0,2.338933268389728,-0.0471174188844589,-0.0365522087425386,-0.0021931325245523
2026-04-27,Cody_Bellinger,641355,hitter,NYY,TEX,2026,822906,38,147,140,0,683004.0,Jack_Leiter,0.0,0.0,0.0,0.0,0.0,4.0,4.0,0.0,1.0,4.0,0.1052631578947368,0.0,0.0,0.0,0.0,10.0,7.479144385026738,7.860962566844919,2.142857142857143,1.08,0.0,74.0,0,1.0,0.8660254037844387,-0.4999999999999998,0.0,1.0,0.5,1.5,0.5,0.5,0.5,0.5,0.5,0.5,0.5,0.5,real,real,synthetic,synthetic,synthetic,1.0,1.0,0.0,0.0,0.0,-224.0,122.0,-110.0,-110.0,-110.0,166.0,-162.0,-110.0,-110.0,-110.0,0.0,0.0,0.0,0.0,0.0,2026-04-27T02:00:02.937037+00:00,-0.06067841672912905,-1.2344452351483837,-0.3240961555774735,-0.4737567497237733,-0.1540451738062789,0.4,0.4,0.4,0.0,0.6,0.0,0.0,0.0,0.0,0.0,batter_pitcher_profile_network_v2,1.0,0.4,0.6925150595207673,0.0,0.6060667620834824,0.3077366338112305,-0.0508765503913235,0.0,21.0,2.8723528295114407,0.0118224748968666,-0.0048141620643192,-0.0004814162064319,0.1736006571087216,0.0865918485034954,0.0,21.0,2.872562250222396,0.0217409936787651,0.0372337276910238,0.0059573964305638,0.3185288978494625,0.110113103541812,0.0,21.0,2.97909013983091,0.056803376652436,0.0675881666460216,0.003379408332301,-0.1279178240740741,0.1869218174475948,0.0,21.0,2.8127812833979564,0.0257300110490682,0.0257300110490682,0.0006432502762267,0.0083773148148148,0.1634218509538203,0.0,21.0,2.8553910920834245,-6.138035403798133e-05,0.0003749227775569,2.2495366653416887e-05
2026-04-28,Cody_Bellinger,641355,hitter,NYY,TEX,2026,822908,39,147,140,0,594798.0,Jacob_deGrom,1.0,2.0,0.0,0.0,1.0,4.0,4.0,0.0,1.0,4.0,0.1212121212121212,0.3175,0.3175,0.25,21.25,49.35,1.0294117647058822,12.044117647058824,2.142857142857143,1.08,0.0,74.0,0,1.0,0.8660254037844387,-0.4999999999999998,0.7818314824680298,0.6234898018587336,0.5,1.0,0.5,0.5,0.5,0.5,0.5,0.5,0.5,0.5,synthetic,real,real,real,synthetic,0.0,8.0,7.0,8.0,0.0,-110.0,-19.125,139.85714285714286,499.125,-110.0,-110.0,67.2,-193.0,0.0,-110.0,0.0,0.5345224838248488,0.0,0.0,0.0,2026-04-28T17:23:11.163256+00:00,-0.25137720695582827,-0.2849906196902071,-0.13394951379233616,-0.360002831775715,-0.04267706040334224,0.4,0.4,0.4,0.0,0.6,0.0,0.0,0.0,0.0,0.0,batter_pitcher_profile_network_v2,1.0,0.3,0.7056825612575064,0.0,0.5790661658737867,0.281849537037037,-0.6590976921742148,0.0,22.0,2.415326537316523,-0.0016320404422818,-0.0546742849899105,-0.005467428498991,0.1563425925925926,-0.4518644710096427,0.0,22.0,2.7694416529452788,-0.0064687331827194,-0.0304953503365218,-0.0048792560538434,0.2971041666666666,-0.4642178852366904,0.0,22.0,2.6412204131150965,0.0166997022168828,-0.0238928732493216,-0.001194643662466,-0.127917824074074,-0.3031642497707046,0.0,22.0,2.930368220250076,-0.0376996080355716,-0.0491132710286035,-0.001227831775715,0.0058773148148149,-0.4570257760921477,0.0,22.0,2.612154372886494,-0.0570652978539608,-0.0435895348608996,-0.0026153720916539
2026-04-29,Cody_Bellinger,641355,hitter,NYY,TEX,2026,822907,40,147,140,0,543135.0,Nathan_Eovaldi,1.0,1.0,0.0,0.0,0.0,4.0,4.0,0.0,1.0,4.0,0.1212121212121212,0.2225,0.2225,0.0,0.0,26.7,4.2,6.3,3.0,1.08,0.0,74.0,0,1.0,0.8660254037844387,-0.4999999999999998,0.9749279121818236,-0.22252093395631434,0.5,1.5,0.5,0.5,0.5,0.5,0.5,0.5,0.5,0.5,synthetic,real,real,synthetic,synthetic,0.0,8.0,7.0,0.0,0.0,-110.0,0.0,0.0,-110.0,-110.0,-110.0,0.0,0.0,-110.0,-110.0,0.0,0.0,0.7559289460184545,0.0,0.0,2026-04-30T03:22:26.750124+00:00,0.21914948823181524,-0.7112333752237117,-0.13932992564020968,-0.47340159259853726,-0.0009355871419505224,0.4,0.6,0.4,0.0,0.4,1.0,2.0,0.0,0.0,1.0,batter_pitcher_profile_network_v2,1.0,0.45,0.6960761201403949,0.0,0.6191288038772608,0.3470114087301592,0.3382798306113092,0.0,23.0,2.9534080665223423,-0.0039355188547912,0.0356767004999719,0.0035676700499971,0.2271789021164025,0.4298799909202024,0.0,23.0,2.870978407094413,0.0119958823168027,0.0476749275790751,0.007627988412652,0.3553258928571434,0.2545889888317788,0.0,23.0,3.294820374558622,0.0288624524654961,0.0563560326503539,0.0028178016325176,-0.0511041666666667,0.4992671268425325,0.0,23.0,2.800447777899718,0.0399362960585109,0.0399362960585109,0.0009984074014627,0.0850868055555558,0.3592228885081542,0.0,23.0,3.078119037136784,0.0047019994219735,0.0128159718765825,0.0007689583125949
2026-05-01,Cody_Bellinger,641355,hitter,NYY,BAL,2026,823557,41,147,110,1,700249.0,,2.0,4.0,0.0,0.0,1.0,5.0,4.0,1.0,2.0,4.0,0.125,0.646,0.646,0.5,30.0,65.0,4.1,8.2,4.268694463431306,1.08,0.0,63.0,0,2.0,0.49999999999999994,-0.8660254037844387,-0.433883739117558,-0.9009688679024191,0.5,4.5,0.5,0.5,0.5,0.5,0.5,0.5,0.5,0.5,synthetic,real,real,real,synthetic,0.0,8.0,7.0,8.0,0.0,-110.0,18.25,200.0,731.25,-110.0,-110.0,-137.33333333333334,-307.5,0.0,-110.0,0.0,0.0,0.0,0.0,0.0,2026-05-02T00:15:33.012287+00:00,0.125034276170766,-3.0667440087515203,0.031209858813644575,-0.2751380092607051,0.03157763825453819,0.4,0.6,0.2,0.0,0.4,1.0,1.0,0.0,0.0,0.0,batter_pitcher_profile_network_v2,1.0,0.15,0.9175,0.0,0.5356409375,0.313045138888889,-0.2052832167832168,0.0,24.0,3.457769589816467,-0.0066635322529683,-0.0053016903315304,-0.000530169033153,0.1975300925925927,-0.1860299602358426,0.0,24.0,3.48083014425243,-0.0087873114581288,-0.0162125546969997,-0.0025940087515199,0.3191875000000003,0.1181942959001783,0.0,24.0,3.6714044672136135,0.0013903061412202,0.0045027128415878,0.0002251356420793,-0.0609930555555556,-0.0399515288632935,0.0,24.0,3.535943951194052,-0.0293193372480994,-0.0295203704282072,-0.0007380092607051,0.0427500000000002,-0.0153351158645275,0.0,24.0,3.53939489582449,-0.0367519958849172,-0.0276180819504526,-0.0016570849170271
2026-05-02,Cody_Bellinger,641355,hitter,NYY,BAL,2026,823554,42,147,110,1,680694.0,Kyle_Bradish,4.0,11.0,3.0,2.0,4.0,4.0,4.0,0.0,0.0,4.0,0.1025641025641025,1.59,1.59,1.75,30.0,65.0,3.3625000000000003,7.7375,3.625837320574163,1.08,8.0,63.0,0,1.0,0.49999999999999994,-0.8660254037844387,-0.9749279121818236,-0.2225209339563146,0.5,1.5,0.5,0.5,0.5,0.5,1.5,0.5,0.5,0.5,synthetic,real,real,real,synthetic,0.0,8.0,7.0,8.0,0.0,-110.0,100.625,124.28571428571429,573.125,-110.0,-110.0,-136.5,-167.0,0.0,-110.0,0.0,0.3535533905932738,0.0,0.0,0.0,2026-05-02T16:59:46.553036+00:00,0.5013939012667024,2.7439758314166163,0.3622429882167072,0.03663810002490364,0.41499466475944236,0.8,1.4,0.0,0.0,0.4,2.0,4.0,0.0,0.0,1.0,batter_pitcher_profile_network_v2,1.0,0.4,0.6926866003647258,0.0,0.6060583565821285,0.397458101851852,-0.0491623007674145,0.0,24.0,3.530230869981996,-0.0136006158150206,-0.0060048899216163,-0.0006004889921616,0.3028745370370372,-0.1694175029515939,0.0,24.0,3.4946151520033304,-0.0235464082268521,-0.0510885536461527,-0.0081741685833844,0.4027708333333336,-0.0243369859307358,0.0,24.0,3.657113117101038,0.0124194151872809,0.009407059144596,0.0004703529572298,0.0614199074074073,-0.3060652302243211,0.0,24.0,3.2857716982857603,-0.0526989686444009,-0.0584759990038579,-0.0014618999750964,0.1663296296296298,-0.1143559253246752,0.0,24.0,3.47751837567721,-0.0569303438798678,-0.0485430980775081,-0.0029125858846504
2026-05-03,Cody_Bellinger,641355,hitter,NYY,BAL,2026,823555,43,147,110,1,694346.0,,1.0,2.0,0.0,0.0,0.0,5.0,4.0,1.0,0.0,4.0,0.1162790697674418,0.392,0.392,0.25,21.25,58.29,4.1,8.2,4.989473684210526,1.08,0.0,60.0,0,1.0,0.49999999999999994,-0.8660254037844387,-0.7818314824680299,0.6234898018587334,1.5,3.5,0.5,0.5,1.5,1.5,3.5,0.5,0.5,1.5,synthetic,synthetic,synthetic,synthetic,synthetic,0.0,0.0,0.0,0.0,0.0,-110.0,-110.0,-110.0,-110.0,-110.0,-110.0,-110.0,-110.0,-110.0,-110.0,0.0,0.0,0.0,0.0,0.0,2026-08-28T01:24:59.045926+00:00,0.3636822441247085,0.7798400353270756,0.5954961775977701,0.12266581425857659,0.16764093259236312,1.6,3.6,0.6,0.4,1.2,4.0,11.0,3.0,2.0,4.0,batter_pitcher_profile_network_v2,1.0,0.05,0.9425,0.0,0.5117271875,0.5782474537037039,0.032,0.0,25.0,3.7848518594795806,0.0143505087348946,0.0010639753148148,0.0001063975314814,0.5786662037037039,0.374,0.0,25.0,3.45930273037764,0.0242592352805204,0.0488330696314288,0.0078132911410286,0.6268333333333336,0.448,0.0,25.0,3.5354794502585083,0.0470700829386749,0.0632173096053416,0.003160865480267,0.330438425925926,0.874,0.0,25.0,2.3308707225971874,0.0410263872481577,0.0576325703430651,0.0014408142585766,0.492952314814815,0.348,0.0,25.0,3.6016890384442166,0.0051383063590826,0.0137177055887564,0.0008230623353253
2026-05-04,Cody_Bellinger,641355,hitter,NYY,BAL,2026,823552,44,147,110,1,669358.0,Shane_Baz,1.0,3.0,1.0,0.0,3.0,5.0,4.0,0.0,0.0,3.0,0.1219512195121951,0.324,0.324,0.5,30.0,61.38,4.424148606811145,8.071207430340557,8.075187969924812,1.08,13.0,70.0,0,1.0,0.49999999999999994,-0.8660254037844387,0.0,1.0,1.5,3.5,0.5,0.5,1.5,1.5,3.5,0.5,0.5,1.5,synthetic,synthetic,synthetic,synthetic,synthetic,0.0,0.0,0.0,0.0,0.0,-110.0,-110.0,-110.0,-110.0,-110.0,-110.0,-110.0,-110.0,-110.0,-110.0,0.0,0.0,0.0,0.0,0.0,2026-08-28T01:24:59.045926+00:00,0.2656832711458399,0.042411838008420855,0.30842229541084654,0.006429411098194726,-0.3334733342538496,1.8,4.0,0.6,0.4,1.2,1.0,2.0,0.0,0.0,0.0,batter_pitcher_profile_network_v2,1.0,0.4,0.6789722224966848,0.0,0.6067303610976624,0.5203502045650299,0.0739012860204811,0.0,25.0,3.76851813250899,0.0224969048013604,0.0123449784961493,0.0012344978496149,0.4995924203273038,-0.1090498673153471,0.0,25.0,3.7950239636407255,0.039956109392308,0.0424444143818986,0.0067911063011037,0.5488919573643407,-0.0921662995157576,0.0,25.0,3.874480727838783,0.0573277901450738,0.0410872065848006,0.00205436032924,0.2631094907407408,-0.3137545376450174,0.0,25.0,3.5357551104509546,0.0596778637247717,0.0331764439277894,0.0008294110981947,0.3937449074074072,-0.0910055852300432,0.0,25.0,3.757325808517364,-0.003492530449331,-0.0141227816071954,-0.0008473668964317
2026-05-05,Cody_Bellinger,641355,hitter,NYY,TEX,2026,823553,45,147,140,1,594798.0,Jacob_deGrom,2.0,4.0,0.0,0.0,3.0,4.0,3.0,1.0,0.0,3.0,0.1111111111111111,0.8075,0.8075,0.6666666666666666,30.0,65.0,1.0294117647058822,10.044117647058824,3.0267857142857144,1.08,0.0,76.0,0,1.0,0.49999999999999994,-0.8660254037844387,0.7818314824680298,0.6234898018587336,1.5,4.5,0.5,0.5,1.5,1.5,4.5,0.5,0.5,1.5,synthetic,synthetic,synthetic,synthetic,synthetic,0.0,0.0,0.0,0.0,0.0,-110.0,-110.0,-110.0,-110.0,-110.0,-110.0,-110.0,-110.0,-110.0,-110.0,0.0,0.0,0.0,0.0,0.0,2026-08-28T01:24:59.045926+00:00,-0.03794144551167267,-0.30212113464396584,0.5662529926441686,0.04495809732690237,0.2965364277125815,1.8,4.2,0.8,0.4,1.6,1.0,3.0,1.0,0.0,3.0,batter_pitcher_profile_network_v2,1.0,0.35,0.6783738481346904,1.0,0.6121647212612252,0.6195010327635325,-0.6963019438627662,0.0,25.0,2.789546950158204,0.0089117072498081,-0.13873658396827,-0.0138736583968269,0.6110009971509969,-0.5331841265632467,0.0123456790123456,25.0,3.2147057086187365,0.0317807230721237,-0.0467466748581221,-0.0074794679772995,0.6315560897435893,-0.5679095175107078,-0.1111111111111111,25.0,3.0006133987951302,0.0493737252533422,-0.1592258614023426,-0.0079612930701171,0.3883891203703705,-0.4124665339706539,-0.1111111111111111,25.0,3.437781756704773,0.0524239280387254,-0.0923427735905727,-0.0023085693397643,0.5016912037037035,-0.55896661627614,0.0518518518518518,25.0,2.9953456997949166,0.0018058338677475,-0.0453254111395215,-0.0027195246683712
2026-05-06,Cody_Bellinger,641355,hitter,NYY,TEX,2026,823550,46,147,140,1,543135.0,Nathan_Eovaldi,1.0,1.0,0.0,0.0,0.0,4.0,3.0,1.0,0.0,3.0,0.1290322580645161,0.395,0.395,0.0,0.0,47.400000000000006,4.2,6.3,3.7982142857142853,1.08,11.0,67.0,0,1.0,0.49999999999999994,-0.8660254037844387,0.9749279121818236,-0.22252093395631434,1.5,4.5,0.5,0.5,2.5,1.5,4.5,0.5,0.5,2.5,synthetic,synthetic,synthetic,synthetic,synthetic,0.0,0.0,0.0,0.0,0.0,-110.0,-110.0,-110.0,-110.0,-110.0,-110.0,-110.0,-110.0,-110.0,-110.0,0.0,0.0,0.0,0.0,0.0,2026-08-28T01:24:59.045926+00:00,0.4588081635866543,-0.7369997511745887,0.2701277850247731,-0.19392292728129334,-0.35814262998135327,2.0,4.8,0.8,0.4,2.2,2.0,4.0,0.0,0.0,3.0,batter_pitcher_profile_network_v2,1.0,0.5,0.6673058633730666,1.0,0.6528775158683997,0.6472093660968662,0.2075414342424087,0.0,26.0,3.742697748524823,0.021976026505648,0.0446883946991074,0.0044688394699107,0.6810472934472935,0.2795487646063292,-0.0666666666666666,26.0,3.68185860777399,0.0435619823552024,0.073106393868498,0.0116970230189596,0.6671810897435898,0.1106333985318267,-0.1111111111111111,26.0,4.050829310846663,0.1007996253254335,0.0327285115553667,0.0016364255777683,0.5154724537037038,0.33245824736495,-0.1111111111111111,26.0,3.5764003711214225,0.0546961971955458,0.0190829087482687,0.0004770727187067,0.5849550925925927,0.1995917318651601,-0.1111111111111111,26.0,3.856737956384924,0.0429297803939724,-0.0215879958489807,-0.0012952797509388
2026-05-07,Cody_Bellinger,641355,hitter,NYY,TEX,2026,823551,47,147,140,1,669022.0,MacKenzie_Gore,3.0,5.0,2.0,0.0,2.0,5.0,4.0,1.0,0.0,3.0,0.1162790697674418,0.818,0.818,0.5,30.0,65.0,7.254545454545455,9.654545454545456,3.7982142857142853,1.08,9.0,60.0,0,1.0,0.49999999999999994,-0.8660254037844387,0.43388373911755823,-0.900968867902419,1.5,4.5,0.5,0.5,1.5,1.5,4.5,0.5,0.5,1.5,synthetic,synthetic,synthetic,synthetic,synthetic,0.0,0.0,0.0,0.0,0.0,-110.0,-110.0,-110.0,-110.0,-110.0,-110.0,-110.0,-110.0,-110.0,-110.0,0.0,0.0,0.0,0.0,0.0,2026-08-28T01:24:59.045926+00:00,-0.04257061804330253,-0.7624066880281144,0.49348216954892454,0.005484928007218781,0.1414931101848087,1.8,4.2,0.8,0.4,2.0,1.0,1.0,0.0,0.0,0.0,batter_pitcher_profile_network_v2,1.0,0.5,0.6482186104767335,0.0,0.6352966101083001,0.7183923254985756,-0.069991952106156,0.0,28.0,4.52187638240096,0.0139639283874547,-0.0176881596940768,-0.0017688159694076,0.7355072293447295,-0.094031699435499,0.0,28.0,4.555201102719369,0.0239970663238271,0.0116660486614904,0.0018665677858384,0.728130608974359,0.3709892920108657,0.0,28.0,4.3118959980444895,0.0731703120711987,0.1681965471246733,0.0084098273562336,0.5253613425925927,-0.0716173593339762,0.0,28.0,4.518738267965139,0.008632892273823,-0.0046028797112543,-0.0001150719927813,0.6272918981481485,0.2783169146843005,0.0,28.0,4.377973358187457,-0.0277056742571511,0.0406368308763823,0.0024382098525829
2026-05-08,Cody_Bellinger,641355,hitter,NYY,MIL,2026,823794,48,147,158,0,694819.0,Jacob_Misiorowski,0.0,0.0,0.0,0.0,0.0,4.0,4.0,0.0,1.0,4.0,0.125,0.0,0.0,0.0,0.0,10.0,2.1,14.4,2.3802411873840446,1.0733333333333333,0.0,67.0,0,1.0,0.49999999999999994,-0.8660254037844387,-0.433883739117558,-0.9009688679024191,1.5,2.5,0.5,0.5,1.5,1.5,2.5,0.5,0.5,1.5,synthetic,synthetic,synthetic,synthetic,synthetic,0.0,0.0,0.0,0.0,0.0,-110.0,-110.0,-110.0,-110.0,-110.0,-110.0,-110.0,-110.0,-110.0,-110.0,0.0,0.0,0.0,0.0,0.0,2026-08-28T01:24:59.045926+00:00,-0.16811504246853937,0.07229054824127923,0.11626142043868315,-0.47965064304513677,-0.12532951200165998,1.6,3.0,0.6,0.0,1.6,3.0,5.0,2.0,0.0,2.0,batter_pitcher_profile_network_v2,1.0,0.5,0.6351884206923128,0.0,0.6360947092325958,0.7740337606837606,-0.6943929391504018,0.0,29.0,3.6205089868964695,0.0306812145930766,-0.1960802329723457,-0.0196080232972345,0.8002947293447292,-0.6230391695369306,0.0,29.0,3.835530394010148,0.0476859592194688,-0.1103715734920048,-0.0176594517587207,0.8048076923076922,-0.3177032561551216,0.0,29.0,4.535823249713819,0.0732659030132663,-0.0200127786103817,-0.001000638930519,0.5718569444444443,-0.5339688959050899,0.0,29.0,4.047566999305114,-0.0132957786976969,-0.1246923884721387,-0.0031173097118034,0.7087666666666668,-0.4084194667687204,0.0,29.0,4.236347973669859,-0.0001191348119693,-0.1056928561810396,-0.0063415713708623
2026-05-09,Cody_Bellinger,641355,hitter,NYY,MIL,2026,823792,49,147,158,0,690986.0,Kyle_Harrison,1.0,1.0,0.0,0.0,0.0,5.0,4.0,1.0,1.0,4.0,0.1219512195121951,0.316,0.316,0.0,0.0,37.92,1.5,11.5,1.6088126159554732,1.0733333333333333,0.0,69.0,0,1.0,0.49999999999999994,-0.8660254037844387,-0.9749279121818236,-0.2225209339563146,1.5,2.5,0.5,0.5,1.5,1.5,2.5,0.5,0.5,1.5,synthetic,synthetic,synthetic,synthetic,synthetic,0.0,0.0,0.0,0.0,0.0,-110.0,-110.0,-110.0,-110.0,-110.0,-110.0,-110.0,-110.0,-110.0,-110.0,0.0,0.0,0.0,0.0,0.0,2026-08-28T01:24:59.045926+00:00,-0.5906572486426745,-0.711516714426297,-0.027447506726750615,-0.475833089676543,-0.3858701440644783,1.4,2.6,0.6,0.0,1.6,0.0,0.0,0.0,0.0,0.0,batter_pitcher_profile_network_v2,1.0,0.45,0.7128868986855663,0.0,0.6182021097099581,0.6486095553402236,-0.2762643008203498,0.0,30.0,4.962866199971407,0.0247608268046893,-0.0514471263048674,-0.0051447126304867,0.6317449504737292,-0.151688441782233,0.0,30.0,5.135791041098168,0.0502697018888212,0.0478909616649128,0.007662553866386,0.6857822189922477,-0.0606585397580906,0.0,30.0,5.278747784570006,0.0900100059275415,0.0780665178021945,0.0039033258901097,0.382736574074074,-0.062934699267263,0.0,30.0,5.139819388519768,0.0349255576004237,0.0280097462716199,0.0007002436567904,0.5301567129629627,-0.041123859119368,0.0,30.0,5.161275866678739,0.0188926873662115,0.0079098498567781,0.0004745909914066
2026-05-10,Cody_Bellinger,641355,hitter,NYY,MIL,2026,823793,50,147,158,0,701656.0,Logan_Henderson,1.0,1.0,1.0,0.0,0.0,4.0,2.0,2.0,0.0,4.0,0.1111111111111111,0.5675,0.5675,0.0,0.0,65.0,4.0,13.0,1.4159554730983304,1.0733333333333333,0.0,64.0,0,1.0,0.49999999999999994,-0.8660254037844387,-0.7818314824680299,0.6234898018587334,1.5,2.5,0.5,0.5,0.5,1.5,2.5,0.5,0.5,0.5,synthetic,synthetic,synthetic,synthetic,synthetic,0.0,0.0,0.0,0.0,0.0,-110.0,-110.0,-110.0,-110.0,-110.0,-110.0,-110.0,-110.0,-110.0,-110.0,0.0,0.0,0.0,0.0,0.0,2026-08-28T01:24:59.045926+00:00,-0.5713218816869923,-0.7284866868760316,-0.04273473358838864,-0.47755965581327775,0.2567044471118499,1.4,2.2,0.4,0.0,1.0,1.0,1.0,0.0,0.0,0.0,batter_pitcher_profile_network_v2,1.0,0.1,0.8292634942638305,0.0,0.524841522195268,0.600892565676141,-0.373,0.0,31.0,5.09393614087356,0.011345916412548,-0.038267672775922,-0.0038267672775922,0.5968484388458224,-0.564125,0.0,31.0,4.606887265314795,0.0273034096011076,-0.016531376308531,-0.0026450202093649,0.6355273740310076,-0.3244305555555555,0.0,31.0,5.132985364370204,0.0670530760348388,0.0318498551338964,0.0015924927566948,0.3783810185185184,-0.736,0.0,31.0,3.926741972496297,0.0064952421651394,-0.0410528991977765,-0.0010263224799444,0.5040094907407406,-0.3122777777777777,0.0,31.0,5.078675904797739,-0.0088366715256085,-0.0334998868288903,-0.0020099932097334
2026-05-11,Cody_Bellinger,641355,hitter,NYY,BAL,2026,824844,51,147,110,0,687064.0,Brandon_Young,0.0,0.0,0.0,0.0,0.0,4.0,2.0,2.0,1.0,4.0,0.1176470588235294,0.345,0.345,0.0,0.0,41.4,6.088235294117648,6.647058823529412,8.343131868131868,1.08,-4.0,62.0,0,1.0,0.49999999999999994,-0.8660254037844387,0.0,1.0,1.5,1.5,0.5,0.5,0.5,1.5,1.5,0.5,0.5,0.5,synthetic,synthetic,synthetic,synthetic,synthetic,0.0,0.0,0.0,0.0,0.0,-110.0,-110.0,-110.0,-110.0,-110.0,-110.0,-110.0,-110.0,-110.0,-110.0,0.0,0.0,0.0,0.0,0.0,2026-08-28T01:24:59.045926+00:00,-0.10022616035225984,-0.17415430452281533,0.4633527051704889,-0.47316181558869846,0.13941722281515456,1.2,1.6,0.6,0.0,0.4,1.0,1.0,1.0,0.0,0.0,batter_pitcher_profile_network_v2,1.0,0.2,0.7545932093704,0.0,0.5515124663704252,0.6944600183031867,0.2969237824161923,0.0,31.0,4.879897656628635,0.0177654019856434,0.0506032962834778,0.0050603296283477,0.6699921726959517,0.2622171884882986,0.0,31.0,5.052657433878479,0.0274036701571628,0.0842194202618147,0.0134751072418903,0.7154280523255812,0.2240224277883198,0.0,31.0,5.429817169971069,0.1098845331544751,0.1492163529249697,0.0074608176462484,0.3925662037037036,0.2486755218216319,0.0,31.0,5.108635850800733,0.0255703715365644,0.049527376452062,0.0012381844113015,0.5660071759259259,0.2257271768922624,0.0,31.0,5.295447032769835,-0.0105233157460324,0.0234614705348431,0.0014076882320905
2026-05-12,Cody_Bellinger,641355,hitter,NYY,BAL,2026,824843,52,147,110,0,669432.0,Trevor_Rogers,0.0,0.0,1.0,0.0,1.0,4.0,4.0,0.0,0.0,4.0,0.1025641025641025,0.0,0.0,0.0,0.0,10.0,10.971428571428573,10.457142857142857,5.257417582417582,1.08,8.0,65.0,0,1.0,0.49999999999999994,-0.8660254037844387,0.7818314824680298,0.6234898018587336,0.5,1.5,0.5,0.5,0.5,0.5,1.5,0.5,0.5,0.5,synthetic,synthetic,synthetic,synthetic,synthetic,0.0,0.0,0.0,0.0,0.0,-110.0,-110.0,-110.0,-110.0,-110.0,-110.0,-110.0,-110.0,-110.0,-110.0,0.0,0.0,0.0,0.0,0.0,2026-08-28T01:24:59.045926+00:00,0.3050167020319753,-0.6081778864100937,-0.037723933026017564,-0.47343159464250595,-0.13323611226882098,1.0,1.4,0.6,0.0,0.4,0.0,0.0,0.0,0.0,0.0,batter_pitcher_profile_network_v2,1.0,0.45,0.7121340420530489,0.0,0.6182436109318257,0.717769046080965,0.4069237721266516,0.0,32.0,4.697877180227187,0.0185445047413155,0.0840791082318417,0.0084079108231841,0.6893880060292853,0.2996018760907503,0.0,32.0,5.087147522963995,0.0235795443559113,0.0948257099369145,0.0151721135899063,0.7383968023255818,0.3829452858804953,0.0,32.0,5.209351296359655,0.1070897894516042,0.1884883724466849,0.0094244186223342,0.398010648148148,0.1824389179755671,0.0,32.0,5.356159622097588,0.0178335094326508,0.0387362142997613,0.000968405357494,0.5893162037037041,0.4406536192138286,0.0,32.0,4.936367596392438,-0.0046140556306867,0.0712937332485891,0.0042776239949153
2026-05-13,Cody_Bellinger,641355,hitter,NYY,BAL,2026,824841,53,147,110,0,680694.0,Kyle_Bradish,0.0,0.0,0.0,0.0,0.0,4.0,4.0,0.0,0.0,4.0,0.1290322580645161,0.0,0.0,0.0,0.0,10.0,6.835714285714285,9.085714285714287,1.4002747252747254,1.08,14.0,71.0,0,1.0,0.49999999999999994,-0.8660254037844387,0.9749279121818236,-0.22252093395631434,0.5,0.5,0.5,0.5,0.5,0.5,0.5,0.5,0.5,0.5,synthetic,synthetic,synthetic,synthetic,synthetic,0.0,0.0,0.0,0.0,0.0,-110.0,-110.0,-110.0,-110.0,-110.0,-110.0,-110.0,-110.0,-110.0,-110.0,0.0,0.0,0.0,0.0,0.0,2026-08-28T01:24:59.045926+00:00,-0.12124826860048571,-0.2215129054797596,-0.1876635899008729,-0.47728939371174867,-0.2740380783222065,0.4,0.4,0.4,0.0,0.2,0.0,0.0,1.0,0.0,1.0,batter_pitcher_profile_network_v2,1.0,0.5,0.6511167903615052,1.0,0.6538690965903579,0.7177690460809651,-0.0089384199134201,0.1111111111111111,32.0,5.461865276470762,-0.0392880351730096,0.0894903731940102,0.008949037319401,0.6893880060292854,-0.0840668470418471,0.1111111111111111,32.0,5.555743947720522,-0.0771150784791402,-0.0441633205388202,-0.0070661312862112,0.7383968023255818,0.1198597883597883,0.1111111111111111,32.0,5.694338251948842,0.0172342738565422,0.1398405734820123,0.0069920286741006,0.3980106481481482,-0.1670529581529582,0.1111111111111111,32.0,5.490583706628602,-0.1841076135069493,-0.1155757484699484,-0.0028893937117487,0.5893162037037042,0.0460866402116401,0.1111111111111111,32.0,5.575845043592208,-0.1081334331154349,0.0201041655031036,0.0012062499301862
2026-05-15,Cody_Bellinger,641355,hitter,NYY,NYM,2026,823629,54,147,121,0,605280.0,Clay_Holmes,1.0,2.0,1.0,0.0,1.0,5.0,5.0,0.0,1.0,4.0,0.1219512195121951,0.254,0.254,0.2,17.0,39.48,1.5088235294117647,8.876470588235295,2.5714285714285716,1.08,0.0,66.0,0,2.0,0.49999999999999994,-0.8660254037844387,-0.433883739117558,-0.9009688679024191,0.5,0.5,0.5,0.5,0.5,0.5,0.5,0.5,0.5,0.5,synthetic,synthetic,synthetic,synthetic,synthetic,0.0,0.0,0.0,0.0,0.0,-110.0,-110.0,-110.0,-110.0,-110.0,-110.0,-110.0,-110.0,-110.0,-110.0,0.0,0.0,0.0,0.0,0.0,2026-08-28T01:24:59.045926+00:00,-0.12171893170284359,0.1065017299093639,-0.15349964408168937,-0.3844218489289989,-0.31907508168866333,0.4,0.4,0.4,0.0,0.2,0.0,0.0,0.0,0.0,0.0,batter_pitcher_profile_network_v2,1.0,0.45,0.5183449699430784,0.0,0.6289262335318878,0.7759085809646862,-0.4037111624169512,0.0,34.0,5.567258358956643,-0.0125454948464366,-0.1508750449781525,-0.0150875044978152,0.728147695951766,-0.4340696140533627,0.0,34.0,5.538755532790396,-0.0052557348734186,-0.1601187612372078,-0.0256190017979532,0.7771564922480625,-0.4854672933275873,0.0,34.0,5.118841960026042,0.0181285799037513,-0.1635921847696748,-0.0081796092384837,0.398010648148148,-0.4275792294379779,0.0,34.0,5.5365503748782965,-0.0189053809503224,-0.1008739571599564,-0.0025218489289989,0.5893162037037042,-0.551957677942972,0.0,34.0,4.8253469274165655,-0.0191299728164184,-0.1710190734405581,-0.0102611444064334
2026-05-16,Cody_Bellinger,641355,hitter,NYY,NYM,2026,823627,55,147,121,0,623211.0,Huascar_Brazobán,0.0,0.0,0.0,0.0,0.0,5.0,5.0,0.0,2.0,3.0,0.1219512195121951,0.0,0.0,0.0,0.0,10.0,9.0,5.571428571428572,0.9183673469387755,1.08,10.0,75.0,0,1.0,0.49999999999999994,-0.8660254037844387,-0.9749279121818236,-0.2225209339563146,0.5,0.5,0.5,0.5,0.5,0.5,0.5,0.5,0.5,0.5,synthetic,synthetic,synthetic,synthetic,synthetic,0.0,0.0,0.0,0.0,0.0,-110.0,-110.0,-110.0,-110.0,-110.0,-110.0,-110.0,-110.0,-110.0,-110.0,0.0,0.0,0.0,0.0,0.0,2026-08-28T01:24:59.045926+00:00,0.1794371429319862,0.17897461493787503,-0.08018831779483393,-0.475127472858372,-0.17014616426525586,0.4,0.6,0.6,0.0,0.4,1.0,2.0,1.0,0.0,1.0,batter_pitcher_profile_network_v2,1.0,0.1,0.675,0.0,0.52673125,0.7598335809646859,0.1999999999999999,0.0,35.0,6.06398389280936,-0.0064149561684814,0.0493891827627045,0.0049389182762704,0.7283865848406549,0.0,0.0,35.0,6.433312607921316,-0.011858819872675,-0.0177882298090125,-0.002846116769442,0.7580314922480624,0.5,0.0,35.0,5.576957853498025,0.0665154479669224,0.1896955654572325,0.0094847782728616,0.4466023148148147,0.0,0.0,35.0,6.431560905340283,-0.0290989143348801,-0.0290989143348801,-0.000727472858372,0.5899078703703706,0.3,0.0,35.0,6.064056688690847,-0.0428917066711748,0.02534723735773,0.0015208342414638
2026-05-17,Cody_Bellinger,641355,hitter,NYY,NYM,2026,823628,56,147,121,0,642547.0,Freddy_Peralta,1.0,1.0,2.0,0.0,0.0,5.0,2.0,3.0,0.0,4.0,0.1111111111111111,0.592,0.592,0.0,0.0,65.0,1.5,7.100000000000001,1.2537710736468501,1.08,2.0,85.0,0,1.0,0.49999999999999994,-0.8660254037844387,-0.7818314824680299,0.6234898018587334,0.5,0.5,0.5,0.5,0.5,0.5,0.5,0.5,0.5,0.5,synthetic,synthetic,synthetic,synthetic,synthetic,0.0,0.0,0.0,0.0,0.0,-110.0,-110.0,-110.0,-110.0,-110.0,-110.0,-110.0,-110.0,-110.0,-110.0,0.0,0.0,0.0,0.0,0.0,2026-08-28T01:24:59.045926+00:00,-0.144852028151716,0.016000863972694734,-0.04134320253234308,-0.4768929780629382,-0.1550714049666176,0.2,0.4,0.4,0.0,0.4,0.0,0.0,0.0,0.0,0.0,batter_pitcher_profile_network_v2,1.0,0.55,0.5564310638252784,0.0,0.6550104570747719,0.6957085292022792,-0.358707976661731,0.0,35.0,6.01336751073854,0.00840345795802,-0.1106953776425665,-0.0110695377642566,0.6789405626780626,-0.3521904775472247,0.0,35.0,6.095838811382504,0.0024494494050863,-0.1023904335039915,-0.0163824693606386,0.7034847756410257,-0.2437996384223951,0.0,35.0,6.242181114633023,0.0284410885047313,-0.0476351242937129,-0.0023817562146856,0.4404171296296295,-0.3330697148353602,0.0,35.0,6.124115001226887,-0.0346521692491765,-0.0997191225175315,-0.0024929780629382,0.5537747685185185,-0.297849779665333,0.0,35.0,6.005180217618302,-0.0141521031909172,-0.08377708859378,-0.0050266253156268
2026-05-18,Cody_Bellinger,641355,hitter,NYY,TOR,2026,823549,57,147,141,1,571578.0,Patrick_Corbin,2.0,5.0,1.0,1.0,2.0,4.0,4.0,0.0,0.0,4.0,0.1052631578947368,0.7475,0.7475,0.75,30.0,65.0,4.3269230769230775,3.504807692307692,3.750727213962508,1.08,-10.0,80.0,0,1.0,0.49999999999999994,-0.8660254037844387,0.0,1.0,0.5,0.5,0.5,0.5,0.5,0.5,0.5,0.5,0.5,0.5,synthetic,synthetic,synthetic,synthetic,synthetic,0.0,0.0,0.0,0.0,0.0,-110.0,-110.0,-110.0,-110.0,-110.0,-110.0,-110.0,-110.0,-110.0,-110.0,0.0,0.0,0.0,0.0,0.0,2026-08-28T01:24:59.045926+00:00,0.3983937149711788,1.2612626974392156,0.7024215928826842,-0.21334785716842086,0.012569526600158754,0.4,0.6,0.8,0.0,0.4,1.0,1.0,2.0,0.0,0.0,batter_pitcher_profile_network_v2,1.0,0.35,0.6624462059465976,0.0,0.5940976189200396,0.7722464921652422,0.3248557623198645,0.0,36.0,5.995934330939562,0.0033659134914951,0.0846816892280008,0.0084681689228,0.7428127849002849,0.1342026178283113,0.0,36.0,6.596645166944007,-0.0170568737165013,0.008064556363519,0.001290329018163,0.7811097756410258,-0.0076672040611115,0.0,36.0,6.945831224622139,0.0495946501273609,0.0475730647438064,0.0023786532371903,0.4565800925925926,-0.0664138787703281,0.0,36.0,6.821098256805074,-0.0476785569910887,-0.0579142867368396,-0.0014478571684209,0.6303127314814817,0.0140433968459179,0.0,36.0,6.779975577113413,-0.0485685315971171,-0.0334384630362885,-0.0020063077821773
2026-05-19,Cody_Bellinger,641355,hitter,NYY,TOR,2026,823548,58,147,141,1,656302.0,Dylan_Cease,1.0,1.0,0.0,0.0,0.0,4.0,3.0,1.0,0.0,4.0,0.1142857142857142,0.395,0.395,0.0,0.0,47.400000000000006,1.7142857142857144,11.142857142857144,3.7507272139625085,1.08,16.0,90.0,0,1.0,0.49999999999999994,-0.8660254037844387,0.7818314824680298,0.6234898018587336,0.5,1.5,0.5,0.5,0.5,0.5,1.5,0.5,0.5,0.5,synthetic,synthetic,synthetic,synthetic,synthetic,0.0,0.0,0.0,0.0,0.0,-110.0,-110.0,-110.0,-110.0,-110.0,-110.0,-110.0,-110.0,-110.0,-110.0,0.0,0.0,0.0,0.0,0.0,2026-08-28T01:24:59.045926+00:00,0.4557715536933804,0.34512965228077963,0.367978921491369,-0.2409483789236488,0.36100181624452454,0.8,1.6,0.8,0.2,0.6,2.0,5.0,1.0,1.0,2.0,batter_pitcher_profile_network_v2,1.0,0.55,0.5888896947179465,0.0,0.6528235568183783,0.7777152421652421,-0.756312830920556,0.0,37.0,5.059408864242918,0.0019597586505405,-0.2418134438892941,-0.0241813443889294,0.7764354700854701,-0.8401636357677287,0.0,37.0,4.662545607428434,-0.0131726114464227,-0.2879396732451287,-0.0460703477192206,0.7881410256410256,-0.6154973899732049,0.0,37.0,5.4152244154477,0.008280308690159,-0.191148784135129,-0.0095574392067564,0.5110939814814816,-0.9643478727155196,0.0,37.0,4.006007172360686,-0.0593102366659969,-0.2619351569459532,-0.0065483789236488,0.6705037037037038,-0.7112763391030578,0.0,37.0,4.97115591316438,-0.0593489590892322,-0.2405757408933463,-0.0144345444536007
2026-05-20,Cody_Bellinger,641355,hitter,NYY,TOR,2026,823547,59,147,141,1,702056.0,Trey_Yesavage,1.0,2.0,1.0,0.0,0.0,4.0,4.0,0.0,1.0,3.0,0.1212121212121212,0.3175,0.3175,0.25,21.25,49.35,1.75,12.0,3.4540239172592115,1.08,7.0,72.0,0,1.0,0.49999999999999994,-0.8660254037844387,0.9749279121818236,-0.22252093395631434,0.5,1.5,0.5,0.5,0.5,0.5,1.5,0.5,0.5,0.5,synthetic,synthetic,synthetic,synthetic,synthetic,0.0,0.0,0.0,0.0,0.0,-110.0,-110.0,-110.0,-110.0,-110.0,-110.0,-110.0,-110.0,-110.0,-110.0,0.0,0.0,0.0,0.0,0.0,2026-08-28T01:24:59.045926+00:00,0.3374685264415973,0.20109824667850984,0.19329884565418587,-0.2236542367690551,0.014530419986672372,1.0,1.8,0.8,0.2,0.6,1.0,1.0,0.0,0.0,0.0,batter_pitcher_profile_network_v2,1.0,0.2,0.7465198765763974,0.0,0.5517102630238783,0.8065613960113959,-0.4862336632609622,0.0,38.0,6.544797907253844,0.0032127010130258,-0.0994091509725613,-0.0099409150972561,0.7956662393162393,-0.6381789059174117,0.0,38.0,6.015090880117387,-0.0258189699684499,-0.1674399355320432,-0.0267903896851269,0.8073717948717948,-0.5526800411522633,0.0,38.0,6.1039284460660586,0.0030150051599616,-0.1100924587209516,-0.0055046229360475,0.5110939814814816,-0.840918103448276,0.0,38.0,5.028905233387467,-0.086226709446452,-0.1951694707622042,-0.0048792367690551,0.6705037037037038,-0.6434079218106996,0.0,38.0,5.682779635064475,-0.0978897432113412,-0.182770507029046,-0.0109662304217427
2026-05-21,Cody_Bellinger,641355,hitter,NYY,TOR,2026,823545,60,147,141,1,680755.0,Braydon_Fisher,0.0,0.0,0.0,0.0,0.0,4.0,2.0,2.0,0.0,3.0,0.125,0.345,0.345,0.0,0.0,41.4,3.0,10.799999999999999,2.7733516483516487,1.08,0.0,64.0,0,1.0,0.49999999999999994,-0.8660254037844387,0.43388373911755823,-0.900968867902419,0.5,1.5,0.5,0.5,0.5,0.5,1.5,0.5,0.5,0.5,synthetic,synthetic,synthetic,synthetic,synthetic,0.0,0.0,0.0,0.0,0.0,-110.0,-110.0,-110.0,-110.0,-110.0,-110.0,-110.0,-110.0,-110.0,-110.0,0.0,0.0,0.0,0.0,0.0,2026-08-28T01:24:59.045926+00:00,0.3489844009281189,0.07590223415025021,0.32329622227511745,-0.3370813024384889,-0.13816757366807741,1.0,1.8,0.8,0.2,0.4,1.0,2.0,1.0,0.0,0.0,batter_pitcher_profile_network_v2,1.0,0.05,0.9425,0.0,0.5117271875,0.8149502849002848,0.121,0.0,39.0,7.049115193013187,0.0048485528504358,0.0056700166071937,0.0005670016607193,0.819319017094017,-0.1758749999999999,0.0,39.0,7.366376896574692,-0.029883611308921,-0.0531110365609376,-0.00849776584975,0.8073717948717948,-0.6431249999999998,0.0,39.0,5.790002818580342,0.0024291538213747,-0.0274272028492983,-0.0013713601424649,0.5817224537037038,-0.5039999999999999,0.0,39.0,6.638491293702482,-0.0903937808312259,-0.1072520975395592,-0.0026813024384889,0.699725925925926,-0.5774999999999999,0.0,39.0,6.104437054116336,-0.1098008809776293,-0.1055859347609998,-0.0063351560856599
2026-05-22,Cody_Bellinger,641355,hitter,NYY,TB,2026,823546,61,147,139,1,607259.0,Nick_Martinez,2.0,3.0,1.0,0.0,0.0,4.0,4.0,0.0,0.0,4.0,0.1052631578947368,0.54,0.54,0.25,21.25,65.0,1.1294117647058823,5.988235294117647,4.262894248608534,1.08,10.0,66.0,0,1.0,0.49999999999999994,-0.8660254037844387,-0.433883739117558,-0.9009688679024191,0.5,1.5,0.5,0.5,0.5,0.5,1.5,0.5,0.5,0.5,synthetic,synthetic,synthetic,synthetic,synthetic,0.0,0.0,0.0,0.0,0.0,-110.0,-110.0,-110.0,-110.0,-110.0,-110.0,-110.0,-110.0,-110.0,-110.0,0.0,0.0,0.0,0.0,0.0,2026-08-28T01:24:59.045926+00:00,0.5101152117520218,0.1966021579966981,0.3352555496852382,-0.2167286024254706,-0.02246301998438116,1.0,1.8,0.8,0.2,0.4,0.0,0.0,0.0,0.0,0.0,batter_pitcher_profile_network_v2,1.0,0.6,0.5524483225592862,1.0,0.6881450482918925,0.7305220068906121,0.384863903642208,0.1111111111111111,38.0,6.081177496933808,0.0313535089585635,0.21207697741633,0.021207697741633,0.644360658914729,0.2857230010207405,0.0222222222222222,38.0,6.505779555414515,0.0419215792586588,0.1625299348477829,0.0260047895756452,0.7121356589147293,0.1692038334108347,-0.1111111111111111,38.0,7.233914946247507,0.1069040709306029,0.0745851661488604,0.003729258307443,0.3417317129629629,0.2087755372526245,-0.074074074074074,38.0,6.726506553072664,0.1074233152317924,0.0818559029811774,0.0020463975745294,0.4936518518518523,0.2112116836523807,-0.1111111111111111,38.0,6.9316790088418365,0.043950712509119,-0.0066201016503067,-0.0003972060990184
2026-05-24,Cody_Bellinger,641355,hitter,NYY,TB,2026,823544,62,147,139,1,656876.0,Drew_Rasmussen,1.0,1.0,0.0,0.0,0.0,3.0,3.0,0.0,1.0,4.0,0.1034482758620689,0.2966666666666667,0.2966666666666667,0.0,0.0,35.6,4.125,6.625,4.370037105751392,1.08,0.0,57.0,0,2.0,0.49999999999999994,-0.8660254037844387,-0.7818314824680299,0.6234898018587334,1.5,2.5,0.5,0.5,0.5,1.5,2.5,0.5,0.5,0.5,synthetic,synthetic,synthetic,synthetic,synthetic,0.0,0.0,0.0,0.0,0.0,-110.0,-110.0,-110.0,-110.0,-110.0,-110.0,-110.0,-110.0,-110.0,-110.0,0.0,0.0,0.0,0.0,0.0,2026-08-28T01:24:59.045926+00:00,-0.16703390187027534,-0.5610835481876644,0.21407360929729402,-0.3328669221153096,-0.08909087815695105,1.2,2.2,0.6,0.2,0.4,2.0,3.0,1.0,0.0,0.0,batter_pitcher_profile_network_v2,1.0,0.6,0.5788543107716988,1.0,0.6862042081582802,0.728573726851852,-0.0004366738565002,0.0037037037037037,39.0,7.484298731481278,0.0495747963484244,0.0027898171576104,0.000278981715761,0.6375525462962963,0.105372923762984,-0.0543209876543209,39.0,7.418665055929162,0.0588969397863366,0.0737558410684773,0.0118009345709563,0.7075729166666667,-0.0817279814444943,-0.1111111111111111,39.0,7.808396670444367,0.1382735496155334,0.026205195137018,0.0013102597568509,0.3209851851851852,0.2072931044858756,-0.074074074074074,39.0,7.116846909121622,0.0917770025610643,0.0613231153876182,0.0015330778846904,0.4856657407407408,-0.0151508395435573,0.0666666666666666,39.0,7.625413875345134,-0.0048817982830553,0.0458682356947726,0.0027520941416863
2026-05-25,Cody_Bellinger,641355,hitter,NYY,KC,2026,824107,63,147,118,0,608379.0,Michael_Wacha,1.0,4.0,1.0,1.0,1.0,4.0,4.0,0.0,1.0,4.0,0.1111111111111111,0.525,0.525,0.75,30.0,65.0,2.0,9.071428571428571,4.50765306122449,1.06,0.0,83.0,0,1.0,0.49999999999999994,-0.8660254037844387,0.0,1.0,0.5,1.5,0.5,0.5,0.5,0.5,1.5,0.5,0.5,0.5,synthetic,synthetic,synthetic,synthetic,synthetic,0.0,0.0,0.0,0.0,0.0,-110.0,-110.0,-110.0,-110.0,-110.0,-110.0,-110.0,-110.0,-110.0,-110.0,0.0,0.0,0.0,0.0,0.0,2026-08-28T01:24:59.045926+00:00,0.5591492485312128,0.6555616507308684,0.09819789959300351,-0.2175184992353637,-0.2849809550655154,1.0,1.4,0.4,0.0,0.0,1.0,1.0,0.0,0.0,0.0,batter_pitcher_profile_network_v2,1.0,0.65,0.5241829255263225,1.0,0.7045119345549666,0.6768752588218141,-0.1242291929382093,0.0037037037037037,40.0,7.899195378632202,0.0473891293398412,-0.0371877867967165,-0.0037187786796716,0.5999912219305922,-0.0420474013691226,-0.0543209876543209,40.0,7.992054528343925,0.0478023279722097,0.0183019837345943,0.0029283173975351,0.6629768700787402,0.0522508181709001,0.1037037037037037,40.0,8.194324544195638,0.1307904041929316,0.2263049306355801,0.011315246531779,0.3166148148148149,0.0844382543685822,-0.074074074074074,40.0,7.801511103459896,0.0749905649733862,0.0312600305854549,0.0007815007646363,0.4644550925925927,0.0238935777337417,-0.1111111111111111,40.0,8.00721742971369,-0.0170330592302715,-0.0921712465567773,-0.0055302747934066
2026-05-26,Cody_Bellinger,641355,hitter,NYY,KC,2026,824106,64,147,118,0,663559.0,,2.0,5.0,1.0,1.0,3.0,5.0,5.0,0.0,0.0,3.0,0.0909090909090909,0.5980000000000001,0.5980000000000001,0.6,30.0,65.0,4.1,8.2,5.793367346938775,1.06,0.0,82.0,0,1.0,0.49999999999999994,-0.8660254037844387,0.7818314824680298,0.6234898018587336,0.5,1.5,0.5,0.5,0.5,0.5,1.5,0.5,0.5,0.5,synthetic,synthetic,synthetic,synthetic,synthetic,0.0,0.0,0.0,0.0,0.0,-110.0,-110.0,-110.0,-110.0,-110.0,-110.0,-110.0,-110.0,-110.0,-110.0,0.0,0.0,0.0,0.0,0.0,2026-08-28T01:24:59.045926+00:00,0.637467450790747,1.298548109769854,0.4555800559473375,-0.011652937377218897,0.08352934185581773,1.0,2.0,0.6,0.2,0.2,1.0,4.0,1.0,1.0,1.0,batter_pitcher_profile_network_v2,1.0,0.1,0.819553977055322,0.0,0.5249604637810723,0.7738081291921846,1.0,0.0,42.0,3.828967824993031,0.0278096353693912,0.1396305994349913,0.0139630599434991,0.7329773330417033,0.8071428571428572,0.0,42.0,4.99923124174526,0.025185753518388,0.1445336406070453,0.0231253824971272,0.7614143700787404,0.8133333333333335,0.0,42.0,5.33821465349512,0.1225774025853924,0.2343246810988831,0.0117162340549441,0.4744851851851852,0.6142857142857143,0.0,42.0,6.2223685990445565,0.1132879980776481,0.1658825049112472,0.0041470626227811,0.6238879629629632,0.8295238095238094,0.0,42.0,5.173460511263073,-0.0233619854815843,0.0758647266631346,0.004551883599788
2026-05-27,Cody_Bellinger,641355,hitter,NYY,KC,2026,824104,65,147,118,0,702070.0,Noah_Cameron,0.0,0.0,0.0,0.0,0.0,4.0,4.0,0.0,2.0,4.0,0.1052631578947368,0.0,0.0,0.0,0.0,10.0,3.75,9.0,7.154711884753902,1.06,0.0,84.0,0,1.0,0.49999999999999994,-0.8660254037844387,0.9749279121818236,-0.22252093395631434,1.5,2.5,0.5,0.5,0.5,1.5,2.5,0.5,0.5,0.5,synthetic,synthetic,synthetic,synthetic,synthetic,0.0,0.0,0.0,0.0,0.0,-110.0,-110.0,-110.0,-110.0,-110.0,-110.0,-110.0,-110.0,-110.0,-110.0,0.0,0.0,0.0,0.0,0.0,2026-08-28T01:24:59.045926+00:00,-0.03323283348001693,-0.1652237701756687,0.20573694343806848,-0.09931268016569572,0.7183804194405787,1.2,2.6,0.6,0.4,0.8,2.0,5.0,1.0,1.0,3.0,batter_pitcher_profile_network_v2,1.0,0.6,0.5133292418192472,1.0,0.6910203007262854,0.7976596866096866,0.3598115001656244,0.1111111111111111,41.0,7.323000579387394,0.0057731059844367,0.2237518235789725,0.0223751823578972,0.7925512108262108,0.2675536587199077,0.1111111111111111,41.0,7.788738755376004,-0.0382696571178045,0.1298678837704905,0.0207788614032784,0.7839743589743589,0.3235035380486188,0.1111111111111111,41.0,7.970430769535883,0.0848928608932165,0.2923954050600981,0.0146197702530049,0.5975314814814816,0.1692251703478146,0.1111111111111111,41.0,8.097813824312325,-0.0737919189330775,0.0594927933721732,0.0014873198343043,0.689337037037037,0.3513346104000401,0.1111111111111111,41.0,7.670549247786693,-0.139133936779915,0.0975891919778865,0.0058553515186731
2026-05-29,Cody_Bellinger,641355,hitter,NYY,ATH,2026,825002,66,147,133,0,622663.0,Luis_Severino,1.0,1.0,1.0,0.0,0.0,5.0,4.0,1.0,1.0,4.0,0.119047619047619,0.316,0.316,0.0,0.0,37.92,4.482142857142857,10.035714285714286,4.449689440993789,1.08,3.0,72.0,0,2.0,0.49999999999999994,-0.8660254037844387,-0.433883739117558,-0.9009688679024191,1.5,2.5,0.5,0.5,0.5,1.5,2.5,0.5,0.5,0.5,synthetic,synthetic,synthetic,synthetic,synthetic,0.0,0.0,0.0,0.0,0.0,-110.0,-110.0,-110.0,-110.0,-110.0,-110.0,-110.0,-110.0,-110.0,-110.0,0.0,0.0,0.0,0.0,0.0,2026-08-28T01:24:59.045926+00:00,-0.5225574523308046,-0.7295760644984881,0.11199581479179543,-0.1959945709556073,0.20945920498185389,1.2,2.6,0.6,0.4,0.8,0.0,0.0,0.0,0.0,0.0,batter_pitcher_profile_network_v2,1.0,0.65,0.593121905864763,1.0,0.6990226682455183,0.7485060831180017,-0.0271213388799779,0.0,42.0,8.825439950477495,0.0153427137097515,-0.0082598235150859,-0.0008259823515085,0.757088931955211,0.0256704135300277,-0.0716049382716049,42.0,8.900940968229879,-0.0106885292823488,-0.0651629031155515,-0.0104260644984882,0.7463968023255814,0.2411838874402435,-0.1111111111111111,42.0,8.789894067614815,0.1144878876280431,0.0992268548421184,0.0049613427421059,0.593324074074074,0.0792191423435871,-0.1111111111111111,42.0,8.79477395003932,0.0055995961373657,-0.0637828382242955,-0.0015945709556073,0.6728310185185186,0.1929600173837463,0.0518518518518518,42.0,8.715807588773576,-0.0993987356681424,0.0195788822027391,0.0011747329321643
2026-05-30,Cody_Bellinger,641355,hitter,NYY,ATH,2026,825000,67,147,133,0,669372.0,JT_Ginn,0.0,0.0,1.0,0.0,1.0,5.0,3.0,2.0,0.0,4.0,0.1219512195121951,0.2759999999999999,0.2759999999999999,0.0,0.0,33.12,3.321428571428576,10.392857142857144,5.0925465838509325,1.08,6.0,80.0,0,1.0,0.49999999999999994,-0.8660254037844387,-0.9749279121818236,-0.2225209339563146,0.5,2.5,0.5,0.5,0.5,0.5,2.5,0.5,0.5,0.5,synthetic,synthetic,synthetic,synthetic,synthetic,0.0,0.0,0.0,0.0,0.0,-110.0,-110.0,-110.0,-110.0,-110.0,-110.0,-110.0,-110.0,-110.0,-110.0,0.0,0.0,0.0,0.0,0.0,2026-08-28T01:24:59.045926+00:00,0.5260301343210589,-0.8560196661202528,0.26834856122671225,-0.19490483134683034,0.227622973627425,1.0,2.2,0.6,0.4,0.8,1.0,1.0,1.0,0.0,0.0,batter_pitcher_profile_network_v2,1.0,0.6,0.6326241184131587,0.0,0.6635021272966328,0.7007890934539189,-0.2212894908708862,0.0,44.0,9.22336610772942,0.0001117532247798,-0.0569716457304817,-0.0056971645730481,0.722192420327304,-0.1260450084476246,0.0,44.0,9.476082829335532,-0.0362071461625494,-0.0877524864223117,-0.0140403978275698,0.708641957364341,0.1129272486772489,0.0,44.0,9.64997434781134,0.1208546589960021,0.1502539089759971,0.0075126954487998,0.5889685185185186,0.0286825556549395,0.0,44.0,9.432343356053876,-0.0263993795751257,-0.0201932538732154,-0.0005048313468303,0.6541837962962963,0.0155429894179896,0.0,44.0,9.5149949680543,-0.0987359504047622,-0.0703164951910537,-0.0042189897114632
2026-05-31,Cody_Bellinger,641355,hitter,NYY,ATH,2026,825001,68,147,133,0,682052.0,Jacob_Lopez,2.0,2.0,1.0,0.0,1.0,5.0,4.0,1.0,1.0,4.0,0.119047619047619,0.4939999999999999,0.4939999999999999,0.0,0.0,59.28,5.115584415584416,4.764935064935066,4.063975155279503,1.08,0.0,83.0,0,1.0,0.49999999999999994,-0.8660254037844387,-0.7818314824680299,0.6234898018587334,0.5,1.5,0.5,0.5,0.5,0.5,1.5,0.5,0.5,0.5,synthetic,synthetic,synthetic,synthetic,synthetic,0.0,0.0,0.0,0.0,0.0,-110.0,-110.0,-110.0,-110.0,-110.0,-110.0,-110.0,-110.0,-110.0,-110.0,0.0,0.0,0.0,0.0,0.0,2026-08-28T01:24:59.045926+00:00,0.5172162247319798,0.0018548698763047877,0.4700706589196446,-0.1903472678892515,0.5456239479021847,0.8,2.0,0.8,0.4,1.0,0.0,0.0,1.0,0.0,1.0,batter_pitcher_profile_network_v2,1.0,0.55,0.62084907599925,0.0,0.6506702935045505,0.7688135327635328,0.3946523282486964,0.0,45.0,8.472416281756297,-0.0149995734789797,0.1150397176755291,0.0115039717675529,0.7733204415954417,0.5672876704234737,0.0,45.0,7.502983471570514,-0.0571174902893676,0.0806554367269062,0.012904869876305,0.7647435897435897,0.7842517977128799,0.0,45.0,6.524783419582787,0.1010416744299032,0.3284380231133907,0.0164219011556695,0.5975314814814816,0.7961870067066597,0.0,45.0,5.9636018315994725,-0.0182705550074753,0.1621092844299404,0.0040527321107485,0.689337037037037,0.7429557062674521,0.0,45.0,6.711544223906905,-0.0983481721519428,0.1204198356368245,0.0072251901382094
2026-06-02,Cody_Bellinger,641355,hitter,NYY,CLE,2026,823541,69,147,114,1,676282.0,Joey_Cantillo,2.0,2.0,0.0,0.0,0.0,5.0,5.0,0.0,0.0,3.0,0.1282051282051282,0.356,0.356,0.0,0.0,42.72,8.4,7.076470588235293,5.895918367346939,1.08,0.0,75.0,0,2.0,1.2246467991473532e-16,-1.0,0.7818314824680298,0.6234898018587336,0.5,1.5,0.5,0.5,0.5,0.5,1.5,0.5,0.5,0.5,synthetic,synthetic,synthetic,synthetic,synthetic,0.0,0.0,0.0,0.0,0.0,-110.0,-110.0,-110.0,-110.0,-110.0,-110.0,-110.0,-110.0,-110.0,-110.0,0.0,0.0,0.0,0.0,0.0,2026-08-28T01:24:59.045926+00:00,0.8559584582894408,-0.046650900005098084,0.5010070088485468,-0.3345497805829204,0.5978498950443685,1.0,1.6,0.8,0.2,1.0,2.0,2.0,1.0,0.0,1.0,batter_pitcher_profile_network_v2,1.0,0.7,0.5569847933614847,0.0,0.6972385539692527,0.7908087786259542,0.011904079030942,0.0,46.0,10.09695404995645,-0.0338920365222678,0.0041704787912298,0.0004170478791229,0.7895049264913769,0.0691505311279624,0.0,46.0,10.11440574929654,-0.0807112671241985,-0.0968806250318637,-0.0155009000050981,0.767239185750636,0.3312294846133448,0.0,46.0,9.730264972302184,0.0898681320060557,0.2024525788547716,0.0101226289427385,0.6157833333333333,0.1756269804033247,0.0,46.0,9.818962671510276,-0.0539025060522074,-0.0059912233168193,-0.0001497805829204,0.7075888888888888,0.2483883010384655,0.0,46.0,9.824787693234766,-0.1374895610691507,-0.0252542348701599,-0.0015152540922095
2026-06-03,Cody_Bellinger,641355,hitter,NYY,CLE,2026,823540,70,147,114,1,668909.0,Gavin_Williams,0.0,0.0,0.0,0.0,2.0,4.0,2.0,0.0,0.0,4.0,0.1212121212121212,0.0,0.0,0.0,0.0,10.0,1.4285714285714286,9.339285714285714,5.5102040816326525,1.08,11.0,76.0,0,1.0,1.2246467991473532e-16,-1.0,0.9749279121818236,-0.22252093395631434,0.5,0.5,0.5,0.5,0.5,0.5,0.5,0.5,0.5,0.5,synthetic,synthetic,synthetic,synthetic,synthetic,0.0,0.0,0.0,0.0,0.0,-110.0,-110.0,-110.0,-110.0,-110.0,-110.0,-110.0,-110.0,-110.0,-110.0,0.0,0.0,0.0,0.0,0.0,2026-08-28T01:24:59.045926+00:00,0.7083038169360489,0.3962436033262208,-0.012997885276545718,-0.47741371834383817,-0.11297905800996338,1.0,1.0,0.6,0.0,0.4,2.0,2.0,0.0,0.0,0.0,batter_pitcher_profile_network_v2,1.0,0.8,0.4597480367240001,0.0,0.734944692401048,0.8204489898989897,-0.2945343791040435,0.0,47.0,10.159065159177684,-0.0338102251093206,-0.1305521213012305,-0.013055212130123,0.7916993265993264,-0.2022492259869333,0.0,47.0,10.468198366835813,-0.0788715006190999,-0.2048127064838473,-0.0327700330374155,0.7928030303030303,-0.1860015398972872,0.0,47.0,10.382152105862206,0.039959709061513,-0.0397072417090214,-0.001985362085451,0.5510881944444443,-0.1242589968764212,0.0,47.0,10.474838060378785,-0.0835535401310774,-0.1205487337535306,-0.0030137183438382,0.6868,-0.171195273050926,0.0,47.0,10.31736491242971,-0.1382988252172259,-0.1672452772841778,-0.0100347166370506
2026-06-04,Cody_Bellinger,641355,hitter,NYY,CLE,2026,823542,71,147,114,1,677944.0,Slade_Cecconi,1.0,1.0,0.0,0.0,0.0,3.0,3.0,0.0,0.0,4.0,0.1034482758620689,0.2966666666666667,0.2966666666666667,0.0,0.0,35.6,4.695104895104895,6.713286713286713,5.21799628942486,1.08,3.0,87.0,0,1.0,1.2246467991473532e-16,-1.0,0.43388373911755823,-0.900968867902419,0.5,0.5,0.5,0.5,0.5,0.5,0.5,0.5,0.5,0.5,synthetic,synthetic,synthetic,synthetic,synthetic,0.0,0.0,0.0,0.0,0.0,-110.0,-110.0,-110.0,-110.0,-110.0,-110.0,-110.0,-110.0,-110.0,-110.0,0.0,0.0,0.0,0.0,0.0,2026-08-28T01:24:59.045926+00:00,0.5946635318613138,0.24788288189493368,0.11760292242809423,-0.47671922605660777,0.5382671634700775,1.0,1.0,0.6,0.0,0.8,0.0,0.0,0.0,0.0,2.0,batter_pitcher_profile_network_v2,1.0,0.8,0.4841326144789137,0.0,0.7325550037810664,0.8426728956228955,0.1948985116623209,0.0,48.0,10.71432474853627,-0.0335331100009438,0.0847238376474721,0.0084723837647472,0.8059998316498316,0.1334656478285173,0.0,48.0,11.050527220783644,-0.1004650150765551,-0.0952039709152853,-0.0152326353464456,0.8075757575757574,0.0724956709240066,0.0,48.0,11.403595404925095,0.018630432967615,0.0488322740795553,0.0024416137039777,0.5449030092592593,0.0506912575846149,0.0,48.0,11.146484071914752,-0.1070182377125204,-0.092769042264315,-0.0023192260566078,0.6781148148148148,0.0973025814931123,0.0,48.0,11.202456213359056,-0.1406691353853013,-0.0714637235826435,-0.0042878234149586
2026-06-05,Cody_Bellinger,641355,hitter,NYY,BOS,2026,823538,72,147,111,1,543243.0,Sonny_Gray,0.0,0.0,0.0,0.0,0.0,4.0,3.0,1.0,1.0,4.0,0.1081081081081081,0.1725,0.1725,0.0,0.0,20.7,3.25,11.0,2.802197802197803,1.08,0.0,85.0,0,1.0,1.2246467991473532e-16,-1.0,-0.433883739117558,-0.9009688679024191,0.5,0.5,0.5,0.5,0.5,0.5,0.5,0.5,0.5,0.5,synthetic,synthetic,synthetic,synthetic,synthetic,0.0,0.0,0.0,0.0,0.0,-110.0,-110.0,-110.0,-110.0,-110.0,-110.0,-110.0,-110.0,-110.0,-110.0,0.0,0.0,0.0,0.0,0.0,2026-08-28T01:24:59.045926+00:00,0.4102371371298785,0.32590358924139273,-0.19955781517754906,-0.47856755381821336,0.06161177475607382,1.0,1.0,0.4,0.0,0.8,1.0,1.0,0.0,0.0,0.0,batter_pitcher_profile_network_v2,1.0,0.65,0.5969842866380614,0.0,0.6799651261764443,0.8641703703703705,-0.0718694331983805,0.0,49.0,11.774493922419632,-0.0270396576759396,-0.0250302721028579,-0.0025030272102857,0.7847018518518518,-0.1241867408906882,0.0,49.0,11.80897720827186,-0.0839236326008228,-0.1651591550791332,-0.0264254648126613,0.8291666666666666,-0.1388112348178136,0.0,49.0,11.734850865413012,-0.023792269007577,-0.0701784300731095,-0.0035089215036554,0.4277641203703705,-0.1753886639676112,0.0,49.0,11.563901263836662,-0.1364659078752009,-0.1667021527285388,-0.0041675538182134,0.6255592592592593,-0.1447246963562751,0.0,49.0,11.58503343165661,-0.1376456903063833,-0.1397208414825235,-0.0083832504889514
2026-06-07,Cody_Bellinger,641355,hitter,NYY,BOS,2026,823537,73,147,111,1,624133.0,Ranger_Suarez,2.0,5.0,1.0,1.0,1.0,4.0,4.0,0.0,1.0,3.0,0.1142857142857142,0.7475,0.7475,0.75,30.0,65.0,6.092307692307692,10.476923076923079,0.42857142857142855,1.08,14.0,81.0,0,2.0,1.2246467991473532e-16,-1.0,-0.7818314824680299,0.6234898018587334,0.5,0.5,0.5,0.5,0.5,0.5,0.5,0.5,0.5,0.5,synthetic,synthetic,synthetic,synthetic,synthetic,0.0,0.0,0.0,0.0,0.0,-110.0,-110.0,-110.0,-110.0,-110.0,-110.0,-110.0,-110.0,-110.0,-110.0,0.0,0.0,0.0,0.0,0.0,2026-08-28T01:24:59.045926+00:00,0.18559612886160537,1.3668199660860665,-0.10973542727558522,-0.2117295742359146,-0.011404517581333151,1.0,1.0,0.2,0.0,0.6,0.0,0.0,0.0,0.0,0.0,batter_pitcher_profile_network_v2,1.0,0.65,0.6134088199772663,1.0,0.6974073227093103,0.6388716702279198,-0.0162528986850254,-0.1037037037037037,48.0,11.996760285211622,0.0287176329751377,-0.0876724110176436,-0.0087672411017643,0.4737419159544156,-0.0972974497222234,-0.1111111111111111,48.0,12.051808813228265,0.0257812326181529,-0.0687814619620837,-0.0110050339139334,0.5668421474358971,-0.0210699596406608,-0.1111111111111111,48.0,12.155256125159315,0.0734710396049167,-0.02077997408313,-0.0010389987041565,0.1488567129629629,-0.1629224497222234,-0.074074074074074,48.0,11.791138422336584,0.0759485608707657,0.0068170305634187,0.0001704257640854,0.2645233796296296,-0.0289253517975235,-0.1111111111111111,48.0,12.003558386259389,-0.0206129121497651,-0.1080514834984086,-0.0064830890099045
2026-06-08,Cody_Bellinger,641355,hitter,NYY,CLE,2026,824427,74,147,114,0,668909.0,Gavin_Williams,2.0,2.0,0.0,0.0,2.0,5.0,5.0,0.0,1.0,4.0,0.1219512195121951,0.356,0.356,0.0,0.0,42.72,2.1160714285714284,9.214285714285714,4.207792207792208,1.08,0.0,81.0,0,1.0,1.2246467991473532e-16,-1.0,0.0,1.0,0.5,1.5,0.5,0.5,0.5,0.5,1.5,0.5,0.5,0.5,synthetic,synthetic,synthetic,synthetic,synthetic,0.0,0.0,0.0,0.0,0.0,-110.0,-110.0,-110.0,-110.0,-110.0,-110.0,-110.0,-110.0,-110.0,-110.0,0.0,0.0,0.0,0.0,0.0,2026-08-28T01:24:59.045926+00:00,0.6823901038319768,0.37424653722652534,0.0019510758249456917,-0.2338186615613872,0.23417261290658842,1.0,1.6,0.2,0.2,0.6,2.0,5.0,1.0,1.0,1.0,batter_pitcher_profile_network_v2,1.0,0.85,0.4274400867126546,1.0,0.7717428009710449,0.6610002476313519,-0.2609606720949249,-0.1074074074074074,48.0,11.444137202492954,0.0378958247177803,-0.1754225811501947,-0.0175422581150194,0.5332986218776914,-0.1368609722149729,-0.1111111111111111,48.0,11.883014135961403,0.0483355877186321,-0.0485887155049496,-0.0077741944807919,0.6161981589147284,-0.1174734290817774,-0.1111111111111111,48.0,11.855354477387614,0.0678066473648725,-0.0529414230006124,-0.0026470711500306,0.2266023148148148,-0.0223201558884423,-0.0987654320987654,48.0,11.8660881450235,0.0966402989760634,0.0232535375445148,0.0005813384386128,0.3630189814814812,-0.0947353338436822,0.1111111111111111,48.0,11.797211637610612,-0.1112960053520196,-0.0238605271560592,-0.0014316316293635
2026-06-09,Cody_Bellinger,641355,hitter,NYY,CLE,2026,824429,75,147,114,0,677944.0,Slade_Cecconi,0.0,0.0,0.0,0.0,0.0,4.0,3.0,1.0,0.0,4.0,0.1025641025641025,0.1725,0.1725,0.0,0.0,20.7,4.376923076923077,7.076923076923077,2.1506493506493505,1.08,10.0,86.0,0,1.0,1.2246467991473532e-16,-1.0,0.7818314824680298,0.6234898018587336,0.5,1.5,0.5,0.5,0.5,0.5,1.5,0.5,0.5,0.5,synthetic,synthetic,synthetic,synthetic,synthetic,0.0,0.0,0.0,0.0,0.0,-110.0,-110.0,-110.0,-110.0,-110.0,-110.0,-110.0,-110.0,-110.0,-110.0,0.0,0.0,0.0,0.0,0.0,2026-08-28T01:24:59.045926+00:00,0.7254827312863323,-0.13030851003273858,-0.36282156142956257,-0.3343824110381441,0.4868957349356292,1.0,1.6,0.2,0.2,1.0,2.0,2.0,0.0,0.0,2.0,batter_pitcher_profile_network_v2,1.0,0.85,0.4567815301430649,1.0,0.7686876231738534,0.6296860357450473,0.1793174475649579,0.0,48.0,12.005044831208426,0.0370683748954005,0.0613368033728141,0.0061336803372814,0.4780132213608958,0.1060835061506455,-0.0469135802469135,48.0,12.404256855980275,0.0519854949973979,0.071353062295385,0.0114164899672616,0.5986516472868217,0.0458060068819508,-0.1111111111111111,48.0,12.675332610346032,0.0818402926071998,0.0158040361440163,0.0007902018072008,0.1134412037037038,0.0167299961219923,-0.0987654320987654,48.0,12.467587692873696,0.0716124285980594,0.0007035584742368,1.758896185592232e-05,0.3166078703703704,0.0674589438447016,-0.1111111111111111,48.0,12.527107085236786,0.0923932567998026,-3.5286870381831537e-05,-2.117212222909892e-06
2026-06-10,Cody_Bellinger,641355,hitter,NYY,CLE,2026,824428,76,147,114,0,800048.0,Parker_Messick,1.0,2.0,1.0,0.0,0.0,5.0,4.0,1.0,0.0,3.0,0.1136363636363636,0.392,0.392,0.25,21.25,58.29,2.188235294117647,7.694117647058824,2.472077922077922,1.08,0.0,81.0,0,1.0,1.2246467991473532e-16,-1.0,0.9749279121818236,-0.22252093395631434,0.5,1.5,0.5,0.5,0.5,0.5,1.5,0.5,0.5,0.5,synthetic,synthetic,synthetic,synthetic,synthetic,0.0,0.0,0.0,0.0,0.0,-110.0,-110.0,-110.0,-110.0,-110.0,-110.0,-110.0,-110.0,-110.0,-110.0,0.0,0.0,0.0,0.0,0.0,2026-08-28T01:24:59.045926+00:00,0.4054012035366664,-0.003757394650117707,-0.20674832442921404,-0.21809657873175992,-0.004921277775211674,1.0,1.6,0.2,0.2,0.6,0.0,0.0,0.0,0.0,0.0,batter_pitcher_profile_network_v2,1.0,0.8,0.3853892987925709,0.0,0.742231848718328,0.5206744616709731,-0.2777442577030812,0.0,49.0,13.045316357862648,0.0319306301106227,-0.0888815220563046,-0.0088881522056304,0.3400363695090437,-0.1964224789915966,0.0,49.0,13.453135381641246,0.0569572892222947,0.044385601618583,0.0071016962589732,0.4754224806201547,-0.250736811391223,0.0,49.0,13.022742411664918,-0.0044155421526082,-0.0776807742985674,-0.0038840387149283,-0.030049537037037,-0.124179831932773,0.0,49.0,13.511791254819656,0.0294302991153079,0.0271368507296049,0.0006784212682401,0.1495407407407405,-0.2406475256769373,0.0,49.0,12.99640787944947,0.1459006176252661,0.0873077080754775,0.0052384624845286
2026-06-12,Cody_Bellinger,641355,hitter,NYY,TOR,2026,822803,77,147,141,0,702056.0,Trey_Yesavage,1.0,4.0,1.0,1.0,2.0,5.0,5.0,0.0,0.0,4.0,0.1219512195121951,0.42,0.42,0.6,30.0,65.0,6.026470588235294,7.747058823529412,3.9894957983193273,1.08,0.0,77.0,0,2.0,1.2246467991473532e-16,-1.0,-0.433883739117558,-0.9009688679024191,0.5,1.5,0.5,0.5,0.5,0.5,1.5,0.5,0.5,0.5,synthetic,synthetic,synthetic,synthetic,synthetic,0.0,0.0,0.0,0.0,0.0,-110.0,-110.0,-110.0,-110.0,-110.0,-110.0,-110.0,-110.0,-110.0,-110.0,0.0,0.0,0.0,0.0,0.0,2026-08-28T01:24:59.045926+00:00,0.5990330636760781,0.8423112146402745,0.15727462428263894,-0.1113331822948484,0.0825686167573978,1.0,1.8,0.4,0.2,0.6,1.0,2.0,1.0,0.0,0.0,batter_pitcher_profile_network_v2,1.0,0.4,0.6865681605010829,1.0,0.625108160135447,0.5278481125356123,-0.4525251030686841,0.0074074074074074,48.0,12.36320291042452,0.0334004385173184,-0.0686211976315136,-0.0068621197631513,0.3624326923076921,-0.5138337300238013,0.0345679012345678,48.0,11.852418184996726,0.0506902757086727,0.0468155183309824,0.0074904829329571,0.4814118589743587,-0.3042778462541085,0.0962962962962963,48.0,13.088465413160712,-0.0274667532881168,0.0078259556261336,0.0003912977813066,0.0362233796296296,-0.5550728918735123,-0.0987654320987654,48.0,11.292275312051324,0.0122620784394659,-0.0773272917939366,-0.0019331822948484,0.1764699074074072,-0.4194982219766519,-0.1111111111111111,48.0,12.196261315603158,0.1265170172004881,-0.0220134550818355,-0.0013208073049101
2026-06-13,Cody_Bellinger,641355,hitter,NYY,TOR,2026,822802,78,147,141,0,592332.0,Kevin_Gausman,1.0,1.0,1.0,0.0,0.0,4.0,4.0,0.0,1.0,3.0,0.1176470588235294,0.2225,0.2225,0.0,0.0,26.7,5.0,10.0,3.6680672268907557,1.08,11.0,71.0,0,1.0,1.2246467991473532e-16,-1.0,-0.9749279121818236,-0.2225209339563146,1.5,2.5,0.5,0.5,0.5,1.5,2.5,0.5,0.5,0.5,synthetic,synthetic,synthetic,synthetic,synthetic,0.0,0.0,0.0,0.0,0.0,-110.0,-110.0,-110.0,-110.0,-110.0,-110.0,-110.0,-110.0,-110.0,-110.0,0.0,0.0,0.0,0.0,0.0,2026-08-28T01:24:59.045926+00:00,-0.42007857093957934,-0.1858676527535188,0.16351536264638777,-0.09589299120030337,0.601608638212078,1.2,2.6,0.6,0.4,1.0,1.0,4.0,1.0,1.0,2.0,batter_pitcher_profile_network_v2,1.0,0.85,0.4199536879356882,0.0,0.7537723222436965,0.4698064458689455,-0.078618782640815,0.0,49.0,14.233951105230243,0.0782280017176443,-0.0214243648579793,-0.0021424364857979,0.3196271367521364,-0.0982722358267263,0.0,49.0,14.30673346822844,0.082507848701537,0.1055422438199175,0.0168867590111868,0.4067868589743584,-0.1989925343093211,0.0,49.0,13.94012408792272,0.0219874703669058,-0.0249658563159434,-0.0012482928157971,0.0487233796296295,-0.1247294460693139,0.0,49.0,14.143306934828358,-0.0561945672745389,-0.0597196480121362,-0.0014929912003034,0.1267615740740737,-0.1534135810298961,0.0,49.0,14.014407761867824,0.1506476329980317,0.1017055948511627,0.0061023356910697
2026-06-14,Cody_Bellinger,641355,hitter,NYY,TOR,2026,822801,79,147,141,0,571578.0,Patrick_Corbin,0.0,0.0,0.0,0.0,0.0,5.0,5.0,0.0,0.0,4.0,0.1162790697674418,0.0,0.0,0.0,0.0,10.0,8.0,6.0,2.8109243697478985,1.08,0.0,68.0,0,1.0,1.2246467991473532e-16,-1.0,-0.7818314824680299,0.6234898018587334,0.5,1.5,0.5,0.5,0.5,0.5,1.5,0.5,0.5,0.5,synthetic,synthetic,synthetic,synthetic,synthetic,0.0,0.0,0.0,0.0,0.0,-110.0,-110.0,-110.0,-110.0,-110.0,-110.0,-110.0,-110.0,-110.0,-110.0,0.0,0.0,0.0,0.0,0.0,2026-08-28T01:24:59.045926+00:00,0.6125698402955664,-0.19193813887640365,-0.0052460122472733905,-0.3356488648278281,0.0380198741041986,1.0,1.8,0.6,0.2,0.8,1.0,1.0,1.0,0.0,0.0,batter_pitcher_profile_network_v2,1.0,0.6,0.5689640028500602,1.0,0.6869311457905206,0.5084395477207976,0.3689689346221494,0.1111111111111111,49.0,12.823460944575562,0.054511635234336,0.168026329475109,0.0168026329475109,0.3520785256410255,0.2553998388562342,0.1111111111111111,49.0,13.77664133744095,0.034530475264472,0.177719480859686,0.0284351169375497,0.4526722756410255,0.2287475370490077,0.0962962962962963,49.0,14.278271961611168,0.018747343528085,0.1389228271670998,0.0069461413583549,0.0549085648148147,0.155052616634012,0.1111111111111111,49.0,14.261617818784988,-0.1407889782838808,-0.0499545931131257,-0.0012488648278281,0.1678946759259258,0.2409862936627643,0.1111111111111111,49.0,14.070905170082249,0.0767377424448694,0.1621578261715355,0.0097294695702921
2026-06-16,Cody_Bellinger,641355,hitter,NYY,CWS,2026,823535,80,147,145,1,663436.0,Davis_Martin,3.0,3.0,2.0,0.0,2.0,4.0,4.0,0.0,0.0,2.0,0.0869565217391304,0.6675,0.6675,0.0,0.0,65.0,4.357142857142858,6.785714285714285,4.020962732919255,1.08,8.0,72.0,0,2.0,1.2246467991473532e-16,-1.0,0.7818314824680298,0.6234898018587336,0.5,1.5,0.5,0.5,0.5,0.5,1.5,0.5,0.5,0.5,synthetic,synthetic,synthetic,synthetic,synthetic,0.0,0.0,0.0,0.0,0.0,-110.0,-110.0,-110.0,-110.0,-110.0,-110.0,-110.0,-110.0,-110.0,-110.0,0.0,0.0,0.0,0.0,0.0,2026-08-28T01:24:59.045926+00:00,0.15985830281081892,-0.3394367678030048,0.25203289499573645,-0.3364441841129874,-0.014460290079142568,0.6,1.4,0.6,0.2,0.4,0.0,0.0,0.0,0.0,0.0,batter_pitcher_profile_network_v2,1.0,0.8,0.4516194225748564,0.0,0.7357412965876641,0.4808616274928773,-0.3256504704740716,0.0,51.0,14.382338317992168,0.0637363407754428,-0.0858724584342535,-0.0085872458434253,0.3240537393162391,-0.4790432018621846,0.0,51.0,13.281056199714758,0.0591759703800616,0.0036356903616558,0.0005817104578649,0.408486378205128,-0.5136320340182203,0.0,51.0,12.544720335803484,-0.0140525254983159,-0.1291091808306144,-0.0064554590415307,0.044567824074074,-0.6539126308315438,0.0,51.0,11.437165960053,-0.0657856554016436,-0.0817673645194983,-0.0020441841129874,0.1089706018518518,-0.5386767183264841,0.0,51.0,12.279184885637134,0.1091577261139323,0.0496783951612897,0.0029807037096773
2026-06-17,Cody_Bellinger,641355,hitter,NYY,CWS,2026,823536,81,147,145,1,641743.0,Anthony_Kay,3.0,7.0,2.0,1.0,2.0,5.0,4.0,1.0,1.0,4.0,0.119047619047619,0.99,0.99,1.0,30.0,65.0,6.300000000000002,9.0,5.446428571428571,1.08,0.0,72.0,0,1.0,1.2246467991473532e-16,-1.0,0.9749279121818236,-0.22252093395631434,1.5,1.5,0.5,0.5,0.5,1.5,1.5,0.5,0.5,0.5,synthetic,synthetic,synthetic,synthetic,synthetic,0.0,0.0,0.0,0.0,0.0,-110.0,-110.0,-110.0,-110.0,-110.0,-110.0,-110.0,-110.0,-110.0,-110.0,0.0,0.0,0.0,0.0,0.0,2026-08-28T01:24:59.045926+00:00,-0.004661718514304303,1.8491410431888444,1.0681173559200627,-0.01215954333185787,0.7836593706978936,1.2,2.0,1.0,0.2,0.8,3.0,3.0,2.0,0.0,2.0,batter_pitcher_profile_network_v2,1.0,0.85,0.4209999156954518,0.0,0.7536633837782111,0.4954449608262108,0.1887478731461236,0.0,51.0,15.070300601808674,0.0673930156187209,0.0541447196188628,0.0054144719618862,0.3365537393162392,0.2283615001800094,0.0,51.0,14.88834183963342,0.0411296250819561,0.1061940199302761,0.0169910431888441,0.4355697115384614,0.3344670820783905,0.0,51.0,14.498276722600512,0.0065676547545417,0.0909185469726802,0.004545927348634,0.044567824074074,0.2956387990305841,0.0,51.0,14.286975745587208,-0.1180106256382325,-0.1103817332743162,-0.0027595433318579,0.1285539351851852,0.3305135380170877,0.0,51.0,14.377624274904411,0.0413751210143943,0.0556323687744156,0.0033379421264649
2026-06-18,Cody_Bellinger,641355,hitter,NYY,CWS,2026,823533,82,147,145,1,663542.0,Bryan_Hudson,0.0,0.0,0.0,0.0,0.0,4.0,4.0,0.0,1.0,3.0,0.1290322580645161,0.0,0.0,0.0,0.0,10.0,3.0,0.0,5.767857142857143,1.08,0.0,86.0,0,1.0,1.2246467991473532e-16,-1.0,0.43388373911755823,-0.900968867902419,1.5,2.5,1.5,0.5,1.5,1.5,2.5,1.5,0.5,1.5,synthetic,synthetic,synthetic,synthetic,synthetic,0.0,0.0,0.0,0.0,0.0,-110.0,-110.0,-110.0,-110.0,-110.0,-110.0,-110.0,-110.0,-110.0,-110.0,0.0,0.0,0.0,0.0,0.0,2026-08-28T01:24:59.045926+00:00,0.8006708812675876,0.3892150917015167,-0.31554126062072596,-0.09550938741647419,-0.21483834248671263,1.6,3.0,1.2,0.4,1.2,3.0,7.0,2.0,1.0,2.0,batter_pitcher_profile_network_v2,1.0,0.2,0.7868750000000001,0.0,0.5507215625,0.60155119628216,-0.3214230769230769,0.0,51.0,15.364392542952192,0.0568534201135363,-0.0412082380153733,-0.0041208238015373,0.4953807357930448,0.0909615384615384,0.0,51.0,16.12349151465552,0.0421887485196419,0.0728866618441584,0.0116618658950653,0.558709208015267,-0.1439444444444443,0.0,51.0,16.122957532013835,-0.0081550881757042,-0.0252952584974728,-0.0012647629248736,0.2220585648148148,0.5909615384615384,0.0,51.0,11.989089379937402,-0.0723434793103525,-0.0443754966589714,-0.0011093874164742,0.3146905092592591,-0.1217222222222221,0.0,51.0,16.072445864839842,0.0559263972417486,0.0337810814426524,0.0020268648865591
2026-06-19,Cody_Bellinger,641355,hitter,NYY,CIN,2026,823534,83,147,113,1,695076.0,Rhett_Lowder,0.0,0.0,0.0,0.0,0.0,4.0,3.0,1.0,0.0,3.0,0.1111111111111111,0.1725,0.1725,0.0,0.0,20.7,3.5294117647058822,8.176470588235295,3.6469780219780215,1.08,15.0,77.0,0,1.0,1.2246467991473532e-16,-1.0,-0.433883739117558,-0.9009688679024191,1.5,1.5,0.5,0.5,0.5,1.5,2.5,0.5,0.5,0.5,synthetic,real,real,real,synthetic,0.0,8.0,7.0,9.0,0.0,-110.0,104.394047,-119.918708,340.061205,-110.0,-110.0,-141.947628,-116.537663,0.0,-110.0,0.0,0.0,0.0,0.0,0.0,2026-06-19T20:50:58.917955+00:00,-0.30815601629772527,-0.029641008425149717,0.25036743627002356,-0.3376109406083062,0.12107179886594477,1.4,2.2,1.0,0.2,0.8,0.0,0.0,0.0,0.0,0.0,batter_pitcher_profile_network_v2,1.0,0.6,0.6300692693954031,0.0,0.6636899086994379,0.5729252420836867,0.238510692436346,0.0,51.0,15.29820152859952,0.0605248384686156,0.0505505890158516,0.0050550589015851,0.476296766327396,0.0161418652758522,0.0,51.0,16.275574167717583,0.0428983125521902,0.0671916140094805,0.0107506582415168,0.5437919052162848,0.396306400974157,0.0,51.0,14.506892379216394,0.0481475927970549,0.1278707034224513,0.0063935351711225,0.2220585648148148,-0.1388607067406086,0.0,51.0,15.965815301411729,-0.1170307328467933,-0.1284376243322481,-0.0032109406083062,0.3171905092592591,0.2911203584501516,0.0,51.0,15.18295855693162,0.0723700719018651,0.0884371850062842,0.005306231100377
2026-06-20,Cody_Bellinger,641355,hitter,NYY,CIN,2026,823532,84,147,113,1,671096.0,Andrew_Abbott,2.0,2.0,1.0,0.0,0.0,4.0,4.0,0.0,2.0,4.0,0.1025641025641025,0.445,0.445,0.0,0.0,53.4,3.6,8.5,2.6826923076923075,1.08,16.0,79.0,0,1.0,1.2246467991473532e-16,-1.0,-0.9749279121818236,-0.2225209339563146,1.5,1.5,0.5,0.5,0.5,1.5,1.5,0.5,0.5,0.5,synthetic,real,real,real,synthetic,0.0,8.0,6.0,8.0,0.0,-110.0,112.769104,-110.1054,385.268572,-110.0,-110.0,-150.264274,-125.0,0.0,-110.0,0.0,0.0,0.0,0.0,0.0,2026-06-20T11:58:55.263102+00:00,-0.4971271955184027,-0.029354497000924518,0.20463528041403667,-0.33594597066345233,0.14585580366165896,1.2,2.0,0.8,0.2,0.8,0.0,0.0,0.0,0.0,0.0,batter_pitcher_profile_network_v2,1.0,1.0,0.2889933609253505,0.0,0.8145983132866446,0.6020444550466502,0.2350746246354459,0.0,51.0,15.650844755857744,0.0474814071549881,0.100625480713408,0.0100625480713408,0.5008314885496187,0.2620573750426413,0.0,51.0,15.545074581840549,0.0283948001941534,0.1359093937442233,0.0217455029990757,0.5803023218829519,0.3071712651727357,0.0,51.0,15.555317855788392,0.0286594194842171,0.1553979159730425,0.0077698957986521,0.2260215277777779,0.2907719976841508,0.0,51.0,15.17373666898442,-0.1085667027116979,-0.0618388265380927,-0.0015459706634523,0.3488097222222227,0.292749095361415,0.0,51.0,15.523100001808771,0.0499909163639856,0.1100967276943171,0.006605803661659
2026-06-21,Cody_Bellinger,641355,hitter,NYY,CIN,2026,823531,85,147,113,1,695505.0,Chase_Burns,1.0,1.0,0.0,0.0,0.0,4.0,3.0,1.0,1.0,3.0,0.1111111111111111,0.395,0.395,0.0,0.0,47.400000000000006,2.125,12.637500000000001,3.004120879120879,1.08,-6.0,79.0,0,1.0,1.2246467991473532e-16,-1.0,-0.7818314824680299,0.6234898018587334,1.5,1.5,0.5,0.5,0.5,1.5,2.5,0.5,0.5,0.5,synthetic,real,real,real,synthetic,0.0,8.0,7.0,7.0,0.0,-110.0,-101.532289,198.039522,646.850166,-110.0,-110.0,-134.008143,-269.831053,0.0,-110.0,0.0,0.0,0.0,0.0,0.0,2026-06-21T19:20:37.517202+00:00,-0.16025129196495302,0.4482006341912834,0.4678060018360626,-0.33930386220972564,0.1486006891203666,1.6,2.4,1.0,0.2,0.8,2.0,2.0,1.0,0.0,0.0,batter_pitcher_profile_network_v2,1.0,0.9,0.3043447586728672,0.0,0.7814459903563165,0.6026848290598293,-0.5630812708102109,0.0,51.0,13.830003334368946,0.0472772306466207,-0.2360779379645476,-0.0236077937964547,0.493104700854701,-0.419572090534327,0.0,51.0,15.380703309677774,0.0312312063123579,-0.0970793696378128,-0.01553269914205,0.59036858974359,-0.4090235360181807,0.0,51.0,14.976863936893963,0.0399822622203197,-0.1280008423996284,-0.0064000421199814,0.1813854166666667,-0.2927274139844616,0.0,51.0,16.192790215575904,-0.1592176410294595,-0.196154488389025,-0.0049038622097256,0.3626527777777779,-0.4282469187675069,0.0,51.0,14.791444458815606,0.1046733334646726,-0.0295336917057346,-0.001772021502344
2026-06-22,Cody_Bellinger,641355,hitter,NYY,DET,2026,824261,86,147,116,0,664285.0,Framber_Valdez,0.0,0.0,0.0,0.0,0.0,4.0,3.0,1.0,0.0,4.0,0.1081081081081081,0.1725,0.1725,0.0,0.0,20.7,3.0,7.2,2.077443609022556,1.0666666666666669,-13.0,75.0,0,1.0,1.2246467991473532e-16,-1.0,0.0,1.0,1.5,1.5,0.5,0.5,0.5,1.5,1.5,0.5,0.5,0.5,synthetic,synthetic,synthetic,synthetic,synthetic,0.0,0.0,0.0,0.0,0.0,-110.0,-110.0,-110.0,-110.0,-110.0,-110.0,-110.0,-110.0,-110.0,-110.0,0.0,0.0,0.0,0.0,0.0,2026-08-28T01:24:59.045926+00:00,-0.34460996826238643,-0.042034889371025175,-0.10448501643932806,-0.34522558673269044,-0.23986954878182598,1.2,2.0,0.6,0.2,0.4,1.0,1.0,0.0,0.0,0.0,batter_pitcher_profile_network_v2,1.0,0.9,0.3955927809303844,1.0,0.7901358959024252,0.6994091838931954,0.1528168380708761,-0.1111111111111111,51.0,17.18324990758839,0.0324221526669134,-0.0129329820887458,-0.0012932982088745,0.5697141472868217,0.0408625892911522,-0.1111111111111111,51.0,17.789988601290574,0.0091251257999689,-0.0497746464067451,-0.0079639434250792,0.6854433139534881,0.1063995466199149,-0.1111111111111111,51.0,17.6653363773298,0.0294847331700562,-0.0039682621334436,-0.0001984131066721,0.1952372685185186,-0.0399791565520781,-0.1111111111111111,51.0,17.728560348501762,-0.1801062173716021,-0.2623568026409542,-0.0065589200660238,0.4366087962962962,0.0868117596048713,-0.1111111111111111,51.0,17.600364597371914,0.0366797514325681,-0.0271144061348163,-0.0016268643680889
2026-06-23,Cody_Bellinger,641355,hitter,NYY,DET,2026,824262,87,147,116,0,663554.0,Casey_Mize,0.0,0.0,0.0,0.0,0.0,4.0,2.0,2.0,1.0,3.0,0.1081081081081081,0.345,0.345,0.0,0.0,41.4,2.8285714285714287,8.228571428571428,2.9345864661654133,1.0666666666666669,0.0,74.0,0,1.0,1.2246467991473532e-16,-1.0,0.7818314824680298,0.6234898018587336,0.5,0.5,0.5,0.5,0.5,0.5,0.5,0.5,0.5,0.5,synthetic,synthetic,synthetic,synthetic,synthetic,0.0,0.0,0.0,0.0,0.0,-110.0,-110.0,-110.0,-110.0,-110.0,-110.0,-110.0,-110.0,-110.0,-110.0,0.0,0.0,0.0,0.0,0.0,2026-08-28T01:24:59.045926+00:00,0.08419839920594452,0.02795707661779856,-0.20926959639868692,-0.4843271856611368,-0.41547198262522445,0.6,0.6,0.2,0.0,0.0,0.0,0.0,0.0,0.0,0.0,batter_pitcher_profile_network_v2,1.0,0.65,0.5697134984455163,0.0,0.6821365626862758,0.6181909722222223,-0.1005794988082101,0.0,51.0,18.21954360991856,0.0272916264511271,-0.0267540693101993,-0.0026754069310199,0.5025486111111112,-0.1811547518982413,0.0,51.0,18.20425944871035,-0.0055388176585909,-0.0474811089765978,-0.0075969774362556,0.6043645833333333,-0.0461952144763229,0.0,51.0,18.35282408067656,0.0777103434683038,0.0656972815365257,0.0032848640768262,0.1788298611111112,-0.2347605211290105,0.0,51.0,17.789495803006567,-0.2083563895189326,-0.2264207597788112,-0.0056605189944702,0.3590243055555556,-0.0798330349891434,0.0,51.0,18.207849864864563,0.0200784718325408,0.0027259821894971,0.0001635589313698
2026-06-24,Cody_Bellinger,641355,hitter,NYY,DET,2026,824259,88,147,116,0,669373.0,Tarik_Skubal,1.0,2.0,0.0,0.0,0.0,4.0,4.0,0.0,1.0,4.0,0.1212121212121212,0.3175,0.3175,0.25,21.25,49.35,3.7310924369747904,9.80672268907563,2.528571428571428,1.0666666666666669,-6.0,74.0,0,1.0,1.2246467991473532e-16,-1.0,0.9749279121818236,-0.22252093395631434,0.5,0.5,0.5,0.5,0.5,0.5,0.5,0.5,0.5,0.5,synthetic,synthetic,synthetic,synthetic,synthetic,0.0,0.0,0.0,0.0,0.0,-110.0,-110.0,-110.0,-110.0,-110.0,-110.0,-110.0,-110.0,-110.0,-110.0,0.0,0.0,0.0,0.0,0.0,2026-08-28T01:24:59.045926+00:00,0.004920195787805781,0.3408730350741983,-0.2412132013479546,-0.36531845345315384,-0.4261090916241823,0.6,0.6,0.2,0.0,0.0,0.0,0.0,0.0,0.0,0.0,batter_pitcher_profile_network_v2,1.0,0.5,0.6091489605594818,0.0,0.6376896261657318,0.521455439814815,-0.297743161718836,0.0,51.0,17.65020703529318,0.0511504899375148,-0.0606834508308822,-0.0060683450830882,0.3740659722222224,-0.2822632004330117,0.0,51.0,17.957049686657644,0.0416136812014694,0.0211524919410106,0.0033843987105617,0.5135312500000002,-0.4308692681002531,0.0,51.0,16.10758353784955,0.0916006802197227,0.0051190899240279,0.0002559544962013,0.0325891203703705,-0.2994438772889068,0.0,51.0,17.674574827614563,-0.0872573075964701,-0.0910714714594884,-0.0022767867864872,0.2315856481481485,-0.3675204689736155,0.0,51.0,16.770036707359456,0.1036191144548766,0.0444480400298621,0.0026668824017917
2026-06-25,Cody_Bellinger,641355,hitter,NYY,BOS,2026,824747,89,147,111,0,813349.0,Connelly_Early,0.0,0.0,0.0,0.0,0.0,4.0,4.0,0.0,2.0,4.0,0.1052631578947368,0.0,0.0,0.0,0.0,10.0,5.642857142857142,9.285714285714286,5.6020408163265305,1.08,3.0,85.0,0,1.0,1.2246467991473532e-16,-1.0,0.43388373911755823,-0.900968867902419,0.5,0.5,0.5,0.5,0.5,0.5,0.5,0.5,0.5,0.5,synthetic,synthetic,synthetic,synthetic,synthetic,0.0,0.0,0.0,0.0,0.0,-110.0,-110.0,-110.0,-110.0,-110.0,-110.0,-110.0,-110.0,-110.0,-110.0,0.0,0.0,0.0,0.0,0.0,2026-08-28T01:24:59.045926+00:00,0.46000300429378504,0.40250043904046395,-0.2773430029683853,-0.47961918425768535,-0.39363522142635765,0.8,1.0,0.2,0.0,0.0,1.0,2.0,0.0,0.0,0.0,batter_pitcher_profile_network_v2,1.0,0.9,0.3848542231448852,2.0,0.8100698218982764,0.4815787037037039,-0.1127061144111693,-0.1,51.0,18.64133974956168,0.0513632909163301,-0.1026308951215848,-0.0102630895121584,0.3627500000000002,-0.0124598761442238,-0.1555555555555555,51.0,18.931859652518835,0.0357569490818109,-0.0568558086286793,-0.0090969293805886,0.4753020833333335,0.059117085631625,-0.0133333333333333,51.0,18.76081230128736,0.0954152492526588,0.1034675453583973,0.0051733772679198,0.095550925925926,0.1085578919355766,-0.2,51.0,18.473831235548623,-0.0766627364690979,-0.2087673703074183,-0.0052191842576854,0.2393391203703707,0.0424280789815834,-0.2,51.0,18.7255185658363,0.0757242710197307,-0.0754455987815797,-0.0045267359268947
2026-06-26,Cody_Bellinger,641355,hitter,NYY,BOS,2026,824743,90,147,111,0,801139.0,Payton_Tolle,0.0,0.0,0.0,0.0,0.0,4.0,4.0,0.0,0.0,3.0,0.125,0.0,0.0,0.0,0.0,10.0,5.3,6.1000000000000005,5.387755102040816,1.08,5.0,78.0,0,1.0,1.2246467991473532e-16,-1.0,-0.433883739117558,-0.9009688679024191,0.5,1.5,0.5,0.5,0.5,0.5,0.5,0.5,0.5,0.5,synthetic,real,real,real,synthetic,0.0,8.0,7.0,5.0,0.0,-110.0,602.024712,565.853659,1829.088037,-110.0,-110.0,-753.061224,-1400.0,0.0,-110.0,0.0,0.3535533905932738,0.0,0.0,0.0,2026-06-27T01:11:02.474098+00:00,0.20131752731645325,-1.0969065678155547,-0.3883757190462662,-0.4795106852683785,-0.3694822382930363,0.4,0.6,0.0,0.0,0.0,0.0,0.0,0.0,0.0,0.0,batter_pitcher_profile_network_v2,1.0,0.55,0.5947362678280119,1.0,0.6711796439550878,0.3914056712962965,-0.2713779151684279,0.0037037037037037,52.0,18.70921287360467,0.0469853505242515,-0.0400934343184614,-0.0040093434318461,0.2752395833333334,-0.2699756726830828,-0.0444444444444444,52.0,18.899653993059463,0.0351329126082663,-0.0128535488472166,-0.0020565678155546,0.3962395833333335,-0.2898623115390356,-0.1111111111111111,52.0,18.282718137926125,0.0948735105226079,-0.040269482966141,-0.002013474148307,0.0187372685185185,-0.2595709791964927,-0.1111111111111111,52.0,18.763961365762064,-0.1138598899996747,-0.2044274107351431,-0.0051106852683785,0.1576296296296299,-0.3015984226501467,0.1111111111111111,52.0,18.18471327952497,0.0660047539261341,0.1188334434153823,0.0071300066049229
2026-06-27,Cody_Bellinger,641355,hitter,NYY,BOS,2026,824745,91,147,111,0,687562.0,Jake_Bennett,1.0,1.0,0.0,0.0,0.0,4.0,2.0,2.0,0.0,4.0,0.125,0.5675,0.5675,0.0,0.0,65.0,3.525,9.7125,4.928571428571429,1.08,-9.0,75.0,0,1.0,1.2246467991473532e-16,-1.0,-0.9749279121818236,-0.2225209339563146,0.5,1.5,0.5,0.5,0.5,0.5,0.5,0.5,0.5,0.5,synthetic,real,real,real,synthetic,0.0,8.0,7.0,8.0,0.0,-110.0,105.027524,110.678647,583.581775,-110.0,-110.0,-138.115245,-149.795918,0.0,-110.0,0.0,0.0,0.0,0.0,0.0,2026-06-27T13:01:31.487963+00:00,-0.14154191553373235,-0.9631113827749289,-0.10281061635175864,-0.47863590913778076,-0.22973331126335245,0.2,0.4,0.0,0.0,0.0,0.0,0.0,0.0,0.0,0.0,batter_pitcher_profile_network_v2,1.0,0.35,0.8075000000000001,0.0,0.5878784375,0.3294635416666665,0.3348317047565209,0.0,52.0,17.570094365590034,0.0236110327659386,0.0212356065674389,0.0021235606567438,0.223392361111111,0.0028429399176289,0.0,52.0,19.84481562206672,0.0014335684183405,0.0022726076566947,0.0003636172250711,0.3357187499999998,0.0685426424668227,0.0,52.0,19.65575008984616,0.0832866172201463,0.087716244393398,0.0043858122196699,0.0071076388888889,-0.3061222240167972,0.0,52.0,18.723474879691835,-0.1690175228130788,-0.1694363655112325,-0.0042359091377808,0.0981874999999999,0.0944886807181889,0.0,52.0,19.50646177101311,-0.0115342012595111,-0.006864711532065,-0.0004118826919239
2026-06-28,Cody_Bellinger,641355,hitter,NYY,BOS,2026,824744,92,147,111,0,543243.0,Sonny_Gray,0.0,0.0,0.0,0.0,0.0,4.0,4.0,0.0,2.0,4.0,0.1081081081081081,0.0,0.0,0.0,0.0,10.0,2.2142857142857144,9.928571428571429,4.928571428571429,1.08,-5.0,72.0,0,1.0,1.2246467991473532e-16,-1.0,-0.7818314824680299,0.6234898018587334,0.5,0.5,0.5,0.5,0.5,0.5,0.5,0.5,0.5,0.5,synthetic,synthetic,synthetic,synthetic,synthetic,0.0,0.0,0.0,0.0,0.0,-110.0,-110.0,-110.0,-110.0,-110.0,-110.0,-110.0,-110.0,-110.0,-110.0,0.0,0.0,0.0,0.0,0.0,2026-08-28T01:24:59.045926+00:00,0.07351090280494732,0.02232561209239714,-0.44044931569801865,-0.4804169311622283,-0.4235463784790871,0.4,0.6,0.0,0.0,0.0,1.0,1.0,0.0,0.0,0.0,batter_pitcher_profile_network_v2,1.0,0.85,0.4227033736536133,1.0,0.7722360112183175,0.3334739583333335,-0.0941227012000896,-0.1037037037037037,51.0,19.161408701421728,0.0617510676925615,-0.0918896849492404,-0.009188968494924,0.2094687500000001,-0.07511782295566,-0.1111111111111111,51.0,19.415329594084632,0.0405049880454392,-0.0273652622603554,-0.0043784419616568,0.3367083333333335,-0.1726474431423698,-0.1037037037037037,51.0,18.9204034234034,0.1104470486825139,0.0031179331438758,0.0001558966571937,-0.0551319444444443,-0.0704941853534802,-0.1111111111111111,51.0,19.22403604855872,-0.1593945175106389,-0.240677246489135,-0.0060169311622283,0.0788645833333336,-0.1538809808353762,-0.1111111111111111,51.0,18.97074185859948,0.0233914558867204,-0.0685014173798958,-0.0041100850427937
2026-06-29,Cody_Bellinger,641355,hitter,NYY,DET,2026,823529,93,147,116,1,663554.0,Casey_Mize,0.0,0.0,0.0,0.0,0.0,4.0,4.0,0.0,1.0,2.0,0.1290322580645161,0.0,0.0,0.0,0.0,10.0,4.046218487394958,9.605042016806722,3.599999999999999,1.08,0.0,83.0,0,1.0,1.2246467991473532e-16,-1.0,0.0,1.0,0.5,0.5,0.5,0.5,0.5,0.5,0.5,0.5,0.5,0.5,synthetic,synthetic,synthetic,synthetic,synthetic,0.0,0.0,0.0,0.0,0.0,-110.0,-110.0,-110.0,-110.0,-110.0,-110.0,-110.0,-110.0,-110.0,-110.0,0.0,0.0,0.0,0.0,0.0,2026-08-28T01:24:59.045926+00:00,-0.020347396191516376,-0.09700552473313895,-0.46040249017048757,-0.480970723298294,-0.4665236019028402,0.4,0.6,0.0,0.0,0.0,0.0,0.0,0.0,0.0,0.0,batter_pitcher_profile_network_v2,1.0,0.7,0.5258921205192644,1.0,0.7186547506654731,0.2559738641257535,-0.0447641371548124,-0.0999999999999999,51.0,19.662247058294824,0.0614615098353576,-0.081727147060189,-0.0081727147060189,0.1487711563307494,-0.1271323828089544,-0.1111111111111111,51.0,19.81335185606941,0.0351644635805704,-0.0409921908724413,-0.0065587505395906,0.2645801841085272,-0.0163446723493714,-0.1037037037037037,51.0,19.76974753565621,0.0865078938845793,0.0053372933644448,0.0002668646682222,-0.0646134259259259,-0.1933056284229895,-0.1111111111111111,51.0,19.39847623940059,-0.1721354741886658,-0.2628289319317617,-0.006570723298294,0.0261192129629631,-0.0342211343376755,-0.1111111111111111,51.0,19.72453211032748,-0.003417867406348,-0.0877589564451866,-0.0052655373867111
2026-07-01,Cody_Bellinger,641355,hitter,NYY,DET,2026,823530,94,147,116,1,675512.0,Troy_Melton,0.0,0.0,0.0,0.0,0.0,5.0,5.0,0.0,2.0,3.0,0.1219512195121951,0.0,0.0,0.0,0.0,10.0,3.4,8.5,5.1,1.08,2.0,95.0,0,2.0,-0.4999999999999997,-0.8660254037844388,0.9749279121818236,-0.22252093395631434,0.5,0.5,0.5,0.5,0.5,0.5,0.5,0.5,0.5,0.5,synthetic,synthetic,synthetic,synthetic,synthetic,0.0,0.0,0.0,0.0,0.0,-110.0,-110.0,-110.0,-110.0,-110.0,-110.0,-110.0,-110.0,-110.0,-110.0,0.0,0.0,0.0,0.0,0.0,2026-08-28T01:24:59.045926+00:00,0.011488686818001415,-0.3307158862859854,-0.400161878274662,-0.475717695970544,-0.39408160614095566,0.2,0.2,0.0,0.0,0.0,0.0,0.0,0.0,0.0,0.0,batter_pitcher_profile_network_v2,1.0,0.3,0.6994474699517228,0.0,0.5792953054792742,0.1590409937553831,-0.2467785762153503,0.0,52.0,19.88991108731695,0.0574663199391262,-0.0117960586492547,-0.0011796058649254,0.0157850452196382,0.0635295610310038,0.0,52.0,20.48448738807736,0.0642298255714935,0.0966461375418597,0.0154633820066975,0.1703093507751938,-0.1805832890627515,0.0,52.0,20.13348554473177,0.0978352026899726,0.0885917027994458,0.0044295851399722,-0.2224837962962962,0.4537235265482451,0.0,52.0,16.74969186892664,-0.0527078388217614,-0.0527078388217614,-0.001317695970544,-0.1308136574074072,-0.1556335764190733,0.0,52.0,20.246899083734355,0.0193532578313807,0.0083959952117163,0.0005037597127029
2026-07-03,Cody_Bellinger,641355,hitter,NYY,MIN,2026,823527,95,147,142,1,702474.0,,0.0,0.0,0.0,0.0,0.0,4.0,3.0,1.0,0.0,4.0,0.1212121212121212,0.1725,0.1725,0.0,0.0,20.7,4.1,8.2,6.814285714285715,1.08,11.0,92.0,0,2.0,-0.4999999999999997,-0.8660254037844388,-0.433883739117558,-0.9009688679024191,0.5,0.5,0.5,0.5,0.5,0.5,0.5,0.5,0.5,0.5,synthetic,synthetic,synthetic,synthetic,synthetic,0.0,0.0,0.0,0.0,0.0,-110.0,-110.0,-110.0,-110.0,-110.0,-110.0,-110.0,-110.0,-110.0,-110.0,0.0,0.0,0.0,0.0,0.0,2026-08-28T01:24:59.045926+00:00,0.08115324675324687,-0.24001919348911777,-0.22776107246629734,-0.4725636404747181,-0.2525974983388356,0.2,0.2,0.0,0.0,0.0,0.0,0.0,0.0,0.0,0.0,batter_pitcher_profile_network_v2,1.0,0.2,0.7077764461345488,0.0,0.5526594770697035,-0.0066772448320412,0.3543951465201465,0.0,53.0,18.1797617566898,0.0922148727186634,0.0,0.0,-0.1546690891472867,0.3623065476190475,0.0,53.0,18.21698004814525,0.1222590422801914,0.1833885634202871,0.0293421701472459,0.0235913275193798,0.0689723748473749,0.0,53.0,20.64879804074842,0.1429718903208728,0.1434473818428848,0.0071723690921442,-0.3616041666666665,0.3888289835164835,0.0,53.0,17.774825228554032,0.0734543810112794,0.0734543810112794,0.0018363595252819,-0.285892361111111,0.124009768009768,0.0,53.0,20.392314131052025,0.1198391422538703,0.0898793566904028,0.0053927614014241
2026-07-04,Cody_Bellinger,641355,hitter,NYY,MIN,2026,823526,96,147,142,1,805673.0,Zebby_Matthews,1.0,2.0,0.0,0.0,1.0,5.0,5.0,0.0,1.0,3.0,0.125,0.254,0.254,0.2,17.0,39.48,2.285714285714286,7.214285714285714,7.457142857142857,1.08,10.0,95.0,0,1.0,-0.4999999999999997,-0.8660254037844388,-0.9749279121818236,-0.2225209339563146,0.5,0.5,0.5,0.5,0.5,0.5,0.5,0.5,0.5,0.5,synthetic,synthetic,synthetic,synthetic,synthetic,0.0,0.0,0.0,0.0,0.0,-110.0,-110.0,-110.0,-110.0,-110.0,-110.0,-110.0,-110.0,-110.0,-110.0,0.0,0.0,0.0,0.0,0.0,2026-08-28T01:24:59.045926+00:00,0.17627602042580914,0.041195712151523844,-0.1364262909610432,-0.37997540466962887,-0.1914906692785628,0.2,0.2,0.0,0.0,0.0,0.0,0.0,0.0,0.0,0.0,batter_pitcher_profile_network_v2,1.0,0.6,0.5957126796328509,0.0,0.6662151180469854,0.0805815030146422,0.1702346656581161,0.0,53.0,19.798466028468614,0.0903183560364334,0.0055459185438067,0.0005545918543806,-0.0913746770025842,0.2209331401330707,0.0,53.0,19.60937151020148,0.1239404672980162,0.1859107009470244,0.0297457121515239,0.0863614341085268,0.0771821136900924,0.0,53.0,20.543485095969327,0.132636523043275,0.1353313236362789,0.0067665661818139,-0.3576412037037036,0.2938276436791701,0.0,53.0,18.78073058514544,0.0769838132148454,0.0769838132148454,0.0019245953303711,-0.2617731481481482,0.1433124328390286,0.0,53.0,20.20978068126615,0.1211597303176513,0.0908697977382384,0.0054521878642943
2026-07-05,Cody_Bellinger,641355,hitter,NYY,MIN,2026,823525,97,147,142,1,657746.0,Joe_Ryan,1.0,1.0,0.0,0.0,0.0,4.0,4.0,0.0,1.0,4.0,0.1290322580645161,0.2225,0.2225,0.0,0.0,26.7,2.0,12.450000000000001,4.885714285714286,1.08,-6.0,77.0,0,1.0,-0.4999999999999997,-0.8660254037844388,-0.7818314824680299,0.6234898018587334,0.5,0.5,0.5,0.5,0.5,0.5,0.5,0.5,0.5,0.5,synthetic,synthetic,synthetic,synthetic,synthetic,0.0,0.0,0.0,0.0,0.0,-110.0,-110.0,-110.0,-110.0,-110.0,-110.0,-110.0,-110.0,-110.0,-110.0,0.0,0.0,0.0,0.0,0.0,2026-08-28T01:24:59.045926+00:00,-0.12899914824770708,0.19230303912081115,-0.2881353984185758,-0.4742369411846712,-0.033024076890045106,0.2,0.4,0.0,0.0,0.2,1.0,2.0,0.0,0.0,1.0,batter_pitcher_profile_network_v2,1.0,1.0,0.2756052460173193,0.0,0.8162383573628784,0.0721176141257533,-0.3838202145323143,0.0,53.0,19.04934668310493,0.0948068067858556,-0.0200513903111724,-0.0020051390311172,-0.0848024547803619,-0.3413346857862024,0.0,53.0,19.59199704439507,0.1249156184751544,0.1664050832147475,0.0266248133143596,0.0789031007751935,-0.3894428823104828,0.0,53.0,18.72360700245175,0.1397242265039788,0.1174648426883929,0.0058732421344196,-0.3072717592592592,-0.3309849151440006,0.0,53.0,19.403077892301333,0.0801949776350525,0.0065223526131525,0.0001630588153288,-0.2510703703703704,-0.3690051911789844,0.0,53.0,18.94803948383463,0.1161115924220291,0.0199712223394943,0.0011982733403696
2026-07-06,Cody_Bellinger,641355,hitter,NYY,TB,2026,822958,98,147,139,0,643377.0,Griffin_Jax,0.0,0.0,0.0,0.0,0.0,4.0,4.0,0.0,3.0,4.0,0.125,0.0,0.0,0.0,0.0,10.0,2.6999999999999997,9.700000000000001,3.4285714285714284,1.08,0.0,72.0,0,1.0,-0.4999999999999997,-0.8660254037844388,0.0,1.0,0.5,0.5,0.5,0.5,0.5,0.5,0.5,0.5,0.5,0.5,synthetic,synthetic,synthetic,synthetic,synthetic,0.0,0.0,0.0,0.0,0.0,-110.0,-110.0,-110.0,-110.0,-110.0,-110.0,-110.0,-110.0,-110.0,-110.0,0.0,0.0,0.0,0.0,0.0,2026-08-28T01:24:59.045926+00:00,0.058800021224574506,0.07026407641250554,-0.4861747948791112,-0.4728786215803173,-0.33416827294145396,0.4,0.6,0.0,0.0,0.2,1.0,1.0,0.0,0.0,0.0,batter_pitcher_profile_network_v2,1.0,0.6,0.5942318694861821,0.0,0.6663239575927656,0.0280987268518519,-0.1398953081232492,0.0,54.0,21.4264225939505,0.079621941670863,-0.0015950258494915,-0.0001595025849491,-0.1158326388888887,-0.0172752100840335,0.0,54.0,21.7151663589192,0.1051832887114746,0.1569629775781594,0.0251140764125055,0.0421458333333334,-0.2068573762838467,0.0,54.0,21.1148123694637,0.1664702320281229,0.1629326738463498,0.0081466336923174,-0.3096495370370369,0.0733497899159664,0.0,54.0,21.224489026620144,0.060855136787311,0.060855136787311,0.0015213784196827,-0.2637502314814813,-0.1609954481792715,0.0,54.0,21.323666076246653,0.1208211887977682,0.0733859271662444,0.0044031556299746
2026-07-07,Cody_Bellinger,641355,hitter,NYY,TB,2026,822956,99,147,139,0,693855.0,Ian_Seymour,1.0,1.0,0.0,0.0,0.0,4.0,4.0,0.0,2.0,5.0,0.1081081081081081,0.2225,0.2225,0.0,0.0,26.7,2.3000000000000003,9.549999999999999,3.642857142857143,1.08,0.0,72.0,0,1.0,-0.4999999999999997,-0.8660254037844388,0.7818314824680298,0.6234898018587336,0.5,0.5,0.5,0.5,0.5,0.5,0.5,0.5,0.5,0.5,synthetic,synthetic,synthetic,synthetic,synthetic,0.0,0.0,0.0,0.0,0.0,-110.0,-110.0,-110.0,-110.0,-110.0,-110.0,-110.0,-110.0,-110.0,-110.0,0.0,0.0,0.0,0.0,0.0,2026-08-28T01:24:59.045926+00:00,-0.09072804077308844,0.017785244476098527,-0.38222737902088544,-0.47307550750258287,-0.2741873753723184,0.4,0.6,0.0,0.0,0.2,0.0,0.0,0.0,0.0,0.0,batter_pitcher_profile_network_v2,1.0,0.2,0.7324310079718972,0.0,0.5520554403046886,-0.126094274934383,-0.2750272168568919,0.0,54.0,20.97083398018018,0.1162037858231393,-0.0092791207295986,-0.0009279120729598,-0.2338711832895886,0.0700271071115013,0.0,54.0,21.611370498105487,0.1289841267585186,0.1934761901377779,0.0309561904220444,-0.0972454888451441,-0.1227332089552237,0.0,54.0,21.651706245444625,0.2089644554543792,0.2057709524008259,0.0102885476200412,-0.3279013888888888,0.4168088235294118,0.0,54.0,18.234313733623587,0.0529796998966853,0.0529796998966853,0.0013244924974171,-0.3565437499999996,-0.008507462686567,0.0,54.0,21.729337978200256,0.1518517576122048,0.1130772058281564,0.0067846323496893
2026-07-08,Cody_Bellinger,641355,hitter,NYY,TB,2026,822957,100,147,139,0,663556.0,Shane_McClanahan,0.0,0.0,0.0,0.0,0.0,4.0,4.0,0.0,2.0,4.0,0.125,0.0,0.0,0.0,0.0,10.0,2.6363636363636362,6.454545454545454,3.5649350649350646,1.08,0.0,72.0,0,1.0,-0.4999999999999997,-0.8660254037844388,0.9749279121818236,-0.22252093395631434,0.5,0.5,0.5,0.5,0.5,0.5,0.5,0.5,0.5,0.5,synthetic,synthetic,synthetic,synthetic,synthetic,0.0,0.0,0.0,0.0,0.0,-110.0,-110.0,-110.0,-110.0,-110.0,-110.0,-110.0,-110.0,-110.0,-110.0,0.0,0.0,0.0,0.0,0.0,2026-08-28T01:24:59.045926+00:00,0.358226351960643,0.19079570671618173,-0.47888115119179986,-0.47500260229250246,-0.329630541044718,0.6,0.8,0.0,0.0,0.2,1.0,1.0,0.0,0.0,0.0,batter_pitcher_profile_network_v2,1.0,0.95,0.3941893789502463,0.0,0.786626211024665,-0.2164101190476187,-0.3402230239415225,0.0,54.0,20.422405174008148,0.1357436715116833,-0.0446044457615354,-0.0044604445761535,-0.2982845238095235,-0.3855631762335822,0.0,54.0,20.10187829771119,0.1366389661296364,0.1352856669761366,0.0216457067161818,-0.1697192460317457,-0.2844558941848789,0.0,54.0,20.70752977382125,0.2016890182337253,0.1724419112289399,0.0086220955614469,-0.3338347222222221,-0.4091854880615392,0.0,54.0,19.539065527431152,0.0586498352630822,-0.024104091700103,-0.0006026022925025,-0.384445833333333,-0.3452511450809363,0.0,54.0,20.16903983247548,0.1543838571086422,0.0353784284754794,0.0021227057085287
2026-07-09,Cody_Bellinger,641355,hitter,NYY,TB,2026,822954,101,147,139,0,656876.0,Drew_Rasmussen,2.0,2.0,1.0,0.0,1.0,5.0,5.0,0.0,0.0,4.0,0.1111111111111111,0.356,0.356,0.0,0.0,42.72,4.0,6.2,3.5649350649350646,1.08,0.0,72.0,0,1.0,-0.4999999999999997,-0.8660254037844388,0.43388373911755823,-0.900968867902419,0.5,0.5,0.5,0.5,0.5,0.5,0.5,0.5,0.5,0.5,synthetic,synthetic,synthetic,synthetic,synthetic,0.0,0.0,0.0,0.0,0.0,-110.0,-110.0,-110.0,-110.0,-110.0,-110.0,-110.0,-110.0,-110.0,-110.0,0.0,0.0,0.0,0.0,0.0,2026-08-28T01:24:59.045926+00:00,0.21481560543934897,0.1970077649242945,-0.30524612980572646,-0.47548671143324556,-0.23141046958522282,0.6,0.8,0.0,0.0,0.2,0.0,0.0,0.0,0.0,0.0,batter_pitcher_profile_network_v2,1.0,1.0,0.3875531171644428,2.0,0.8400247431473556,-0.2759339285714284,-0.2297074877033602,0.0533333333333333,53.0,21.33122628305991,0.1159502512669055,-0.0018179715805363,-0.0001817971580536,-0.3379670634920633,-0.1441572189300716,-0.0222222222222222,53.0,21.844580807119343,0.1252724043260958,0.1426526974435081,0.0228244315909613,-0.2135684523809522,-0.2795395814795929,-0.12,53.0,20.86996040233754,0.198959116766099,0.0791423389504076,0.0039571169475203,-0.3338347222222221,-0.0455934198538591,-0.1333333333333333,53.0,21.632032421073188,0.0583569336602102,-0.0434684573298278,-0.0010867114332456,-0.386945833333333,-0.2374201626959132,0.0666666666666666,53.0,21.17717279451889,0.2328197282887145,0.1646018416892876,0.0098761105013572
2026-07-10,Cody_Bellinger,641355,hitter,NYY,WSH,2026,822709,102,147,120,0,687223.0,Carson_Palmquist,2.0,2.0,0.0,0.0,0.0,4.0,4.0,0.0,0.0,5.0,0.1,0.445,0.445,0.0,0.0,53.4,12.0,12.0,6.182142857142859,1.08,5.0,79.0,0,1.0,-0.4999999999999997,-0.8660254037844388,-0.433883739117558,-0.9009688679024191,0.5,0.5,0.5,0.5,0.5,0.5,0.5,0.5,0.5,0.5,synthetic,synthetic,synthetic,synthetic,synthetic,0.0,0.0,0.0,0.0,0.0,-110.0,-110.0,-110.0,-110.0,-110.0,-110.0,-110.0,-110.0,-110.0,-110.0,0.0,0.0,0.0,0.0,0.0,2026-08-28T01:24:59.045926+00:00,0.4620190476190478,0.5092357227543625,0.12394047401233699,-0.4742285071477765,0.07207204319965999,0.8,0.8,0.2,0.0,0.2,2.0,2.0,1.0,0.0,1.0,batter_pitcher_profile_network_v2,1.0,0.1,0.9253077650307344,0.0,0.5236649798783735,-0.2520883101851854,0.1749999999999999,0.0,55.0,21.732588952271453,0.1245609328991386,0.0,0.0,-0.3202020833333335,-0.215625,0.0,55.0,22.790641588304787,0.1165035240556207,0.1695982672147662,0.0271357227543626,-0.1940729166666669,-0.009375,0.0,55.0,22.91394574727215,0.1868025206653761,0.1866666231038808,0.009333331155194,-0.3311976851851851,-0.7,0.0,55.0,16.77178164877722,0.0241762408151319,0.0068597140889418,0.0001714928522235,-0.3756560185185186,0.0374999999999999,0.0,55.0,22.769352485606216,0.1969977853892669,0.1477483390419502,0.008864900342517
2026-07-11,Cody_Bellinger,641355,hitter,NYY,WSH,2026,822711,103,147,120,0,676571.0,PJ_Poulin,1.0,2.0,0.0,0.0,0.0,4.0,4.0,0.0,0.0,5.0,0.1052631578947368,0.3175,0.3175,0.25,21.25,49.35,4.5,4.5,6.653571428571431,1.08,-3.0,86.0,0,1.0,-0.4999999999999997,-0.8660254037844388,-0.9749279121818236,-0.2225209339563146,0.5,0.5,0.5,0.5,0.5,0.5,0.5,0.5,0.5,0.5,synthetic,synthetic,synthetic,synthetic,synthetic,0.0,0.0,0.0,0.0,0.0,-110.0,-110.0,-110.0,-110.0,-110.0,-110.0,-110.0,-110.0,-110.0,-110.0,0.0,0.0,0.0,0.0,0.0,2026-08-28T01:24:59.045926+00:00,1.0309841956880075,0.8640529922895139,-0.059565671718702806,-0.3599425125727421,-0.10093655464671963,1.0,1.0,0.2,0.0,0.2,2.0,2.0,0.0,0.0,0.0,batter_pitcher_profile_network_v2,1.0,0.55,0.6143150984988964,0.0,0.6511105202386369,-0.1709407407407407,-0.1964990212199515,0.0,54.0,22.436193323378195,0.0567629830853877,-0.0129550356011337,-0.0012955035601133,-0.257525,-0.0422454290971733,0.0,54.0,22.85168870377276,0.0427165754898284,0.0598788991778832,0.0095806238684613,-0.1317812499999999,-0.3618042929292928,0.0,54.0,21.11679502729401,0.1333726370022426,0.1149835581071475,0.0057491779053573,-0.3190865740740741,0.1525462375694933,0.0,54.0,21.784157328058857,-0.0467005029096859,-0.0467005029096859,-0.0011675125727421,-0.328805324074074,-0.3318737373737373,0.0,54.0,21.415346184835503,0.1526799839902996,0.0724233373416393,0.0043454002404983
2026-07-12,Cody_Bellinger,641355,hitter,NYY,WSH,2026,822708,104,147,120,0,676917.0,Cade_Cavalli,2.0,3.0,2.0,0.0,0.0,4.0,3.0,1.0,0.0,4.0,0.1111111111111111,0.7125,0.7125,0.3333333333333333,28.33333333333333,65.0,4.857142857142857,12.92857142857143,6.069155844155846,1.08,-7.0,83.0,0,1.0,-0.4999999999999997,-0.8660254037844388,-0.7818314824680299,0.6234898018587334,1.5,1.5,0.5,0.5,0.5,1.5,1.5,0.5,0.5,0.5,synthetic,synthetic,synthetic,synthetic,synthetic,0.0,0.0,0.0,0.0,0.0,-110.0,-110.0,-110.0,-110.0,-110.0,-110.0,-110.0,-110.0,-110.0,-110.0,0.0,0.0,0.0,0.0,0.0,2026-08-28T01:24:59.045926+00:00,-0.4233555590465581,0.4009290003947592,0.14817597936335425,-0.3204316780756945,-0.0030469779684694775,1.2,1.4,0.2,0.0,0.2,1.0,2.0,0.0,0.0,0.0,batter_pitcher_profile_network_v2,1.0,1.0,0.4260720128264154,0.0,0.7978061784287641,-0.2101484953703704,-0.1182782107466153,0.0,55.0,23.009384378776307,0.0804964072961367,-0.0142655471755385,-0.0014265547175538,-0.3308131944444445,-0.2193984321900123,0.0,55.0,22.88138751384061,0.0874398685828949,0.0895041691339117,0.0143206670614258,-0.1970416666666668,-0.1421727173496498,0.0,55.0,22.933747173174044,0.1779417325775315,0.1618637431112375,0.0080931871555618,-0.400143287037037,-0.3339648475032373,0.0,55.0,21.67762704591719,0.0687623834716506,-0.0079337896944516,-0.0001983447423612,-0.4414766203703704,-0.1438224659962083,0.0,55.0,22.92712457083484,0.1836673554951851,0.1013093859511921,0.0060785631570715
2026-07-14,Cody_Bellinger,641355,hitter,AL,NL,2026,823443,105,159,160,0,650911.0,Cristopher_Sánchez,1.0,1.0,0.0,0.0,2.0,3.0,3.0,0.0,0.0,6.0,0.081081081081081,0.2966666666666667,0.2966666666666667,0.0,0.0,35.6,8.957142857142857,7.757142857142857,4.0,1.08,4.0,88.0,0,2.0,-0.4999999999999997,-0.8660254037844388,0.7818314824680298,0.6234898018587336,1.5,1.5,0.5,0.5,0.5,1.5,1.5,0.5,0.5,0.5,synthetic,synthetic,synthetic,synthetic,synthetic,0.0,0.0,0.0,0.0,0.0,-110.0,-110.0,-110.0,-110.0,-110.0,-110.0,-110.0,-110.0,-110.0,-110.0,0.0,0.0,0.0,0.0,0.0,2026-08-28T01:24:59.045926+00:00,0.008454425291645418,0.17288783557997256,0.2931041726923652,-0.4740758058647614,-0.26442368950775064,1.4,1.8,0.6,0.0,0.2,2.0,3.0,2.0,0.0,0.0,batter_pitcher_profile_network_v2,1.0,1.0,0.3853181992581633,0.0,0.802798520590875,-0.1261466025080198,-0.0787921343755653,0.0,55.0,23.55092808454384,0.104637638225217,-0.0061095437373408,-0.000610954373734,-0.2410733522892971,-0.152162591720807,0.0,55.0,23.66942541580403,0.0908540430265511,0.1137330939964517,0.0181972950394322,-0.1143576115485564,-0.1576884142545907,0.0,55.0,23.40929895257932,0.1515913545349031,0.1405068772707281,0.0070253438635364,-0.308905324074074,-0.2704661631493784,0.0,55.0,22.71915999310768,0.0643234695925446,0.0129677654095475,0.0003241941352386,-0.3534574074074073,-0.108630874572051,0.0,55.0,23.526080319097584,0.2142456171067894,0.1370826523483027,0.0082249591408981
2026-07-17,Cody_Bellinger,641355,hitter,NYY,LAD,2026,823524,106,147,119,1,808963.0,Roki_Sasaki,1.0,1.0,0.0,0.0,0.0,4.0,4.0,0.0,2.0,4.0,0.1176470588235294,0.2225,0.2225,0.0,0.0,26.7,9.75,6.999999999999999,3.7519480519480526,1.08,7.0,81.0,0,3.0,-0.4999999999999997,-0.8660254037844388,-0.433883739117558,-0.9009688679024191,1.5,1.5,0.5,0.5,0.5,1.5,1.5,0.5,0.5,0.5,synthetic,synthetic,synthetic,synthetic,synthetic,0.0,0.0,0.0,0.0,0.0,-110.0,-110.0,-110.0,-110.0,-110.0,-110.0,-110.0,-110.0,-110.0,-110.0,0.0,0.0,0.0,0.0,0.0,2026-08-28T01:24:59.045926+00:00,0.05408576521517716,0.022393976917155056,0.02664785721449703,-0.4722338426660386,0.33463112940943374,1.6,2.0,0.6,0.0,0.6,1.0,1.0,0.0,0.0,2.0,batter_pitcher_profile_network_v2,1.0,0.9,0.3999647657632535,0.0,0.7709038845746012,-0.1081447420634921,0.2084970903967199,0.0,55.0,22.59839879042572,0.0804683916835142,0.0,0.0,-0.2251631613756614,0.4403601213466545,0.0,55.0,19.624655461129176,0.0714516195077542,0.1071774292616314,0.017148388681861,-0.107325892857143,0.6392715280640825,0.0,55.0,16.40604988759009,0.1538032099889493,0.1538032099889493,0.0076901604994474,-0.3033868055555556,0.7127108431314314,0.0,55.0,14.86293765458504,0.0866462933584581,0.0866462933584581,0.0021661573339614,-0.33733125,0.6431565893064272,0.0,55.0,16.312290136274626,0.1540174585680141,0.1155130939260106,0.0069307856355606
2026-07-19,Cody_Bellinger,641355,hitter,NYY,LAD,2026,823521,107,147,119,1,694361.0,Will_Klein,2.0,2.0,0.0,0.0,1.0,4.0,3.0,1.0,1.0,4.0,0.1081081081081081,0.6174999999999999,0.6174999999999999,0.0,0.0,65.0,1.8,9.600000000000001,3.7519480519480526,1.08,0.0,76.0,0,2.0,-0.4999999999999997,-0.8660254037844388,-0.7818314824680299,0.6234898018587334,1.5,1.5,0.5,0.5,0.5,1.5,1.5,0.5,0.5,0.5,synthetic,synthetic,synthetic,synthetic,synthetic,0.0,0.0,0.0,0.0,0.0,-110.0,-110.0,-110.0,-110.0,-110.0,-110.0,-110.0,-110.0,-110.0,-110.0,0.0,0.0,0.0,0.0,0.0,2026-08-28T01:24:59.045926+00:00,-0.24956276731727312,0.06801079113854547,0.10542751331939437,-0.4724052130482822,-0.014076685377819309,1.4,1.8,0.4,0.0,0.4,1.0,1.0,0.0,0.0,0.0,batter_pitcher_profile_network_v2,1.0,0.1,0.8722747564417435,0.0,0.5243146342335886,-0.2102777777777774,-0.1090714285714286,0.0,55.0,24.53814313949353,0.0800253486192684,-0.0029294164744739,-0.0002929416474473,-0.316296296296296,0.200517857142857,0.0,55.0,23.24032457842507,0.0809655711853796,0.1214483567780694,0.0194317370844911,-0.1829166666666663,0.3493392857142857,0.0,55.0,21.490017471057715,0.1847778901155106,0.1847778901155106,0.0092388945057755,-0.3773263888888888,0.484,0.0,55.0,19.239067939544384,0.0797914780687139,0.0797914780687139,0.0019947869517178,-0.394583333333333,0.4069285714285715,0.0,55.0,20.664119584990125,0.1542394864365097,0.1156796148273822,0.0069407768896429
2026-07-19,Cody_Bellinger,641355,hitter,NYY,LAD,2026,823523,108,147,119,1,808967.0,Yoshinobu_Yamamoto,0.0,0.0,0.0,0.0,0.0,3.0,3.0,0.0,2.0,4.0,0.1,0.0,0.0,0.0,0.0,10.0,4.0,9.285714285714286,3.7519480519480526,1.08,15.0,76.0,0,0.0,-0.4999999999999997,-0.8660254037844388,-0.7818314824680299,0.6234898018587334,1.5,1.5,0.5,0.5,0.5,1.5,1.5,0.5,0.5,0.5,synthetic,synthetic,synthetic,synthetic,synthetic,0.0,0.0,0.0,0.0,0.0,-110.0,-110.0,-110.0,-110.0,-110.0,-110.0,-110.0,-110.0,-110.0,-110.0,0.0,0.0,0.0,0.0,0.0,2026-08-28T01:24:59.045926+00:00,-0.11036280306592472,-0.08970544916541034,-0.24564616324690036,-0.47051930213097,0.08336846943453158,1.4,1.8,0.4,0.0,0.6,2.0,2.0,0.0,0.0,1.0,batter_pitcher_profile_network_v2,1.0,0.9,0.4446327217170526,0.0,0.765979242430695,-0.2180079525089605,-0.4037468557451921,0.0,54.0,22.3231103307226,0.0345013569170959,-0.0488834419146583,-0.0048883441914658,-0.3576303016726403,-0.3158470675802714,0.0,54.0,23.18195274666065,0.077007184481936,0.0527784427161859,0.0084445508345897,-0.170240255376344,-0.3795422589993574,0.0,54.0,22.17962592104683,0.1960128351614159,0.1601286831139419,0.008006434155697,-0.4960763888888889,-0.1997695788924886,0.0,54.0,23.47315668415808,0.2102653514710782,0.1552279147612021,0.00388069786903,-0.4157812499999997,-0.3788663540219819,0.0,54.0,22.18102461660428,0.1871141823070086,0.0528511139521498,0.0031710668371289
2026-07-20,Cody_Bellinger,641355,hitter,NYY,PIT,2026,823522,109,147,134,1,677952.0,Braxton_Ashcraft,1.0,1.0,2.0,0.0,0.0,4.0,4.0,0.0,1.0,4.0,0.1111111111111111,0.2225,0.2225,0.0,0.0,26.7,6.029411764705883,11.305882352941177,4.383609022556391,1.08,0.0,79.0,0,1.0,-0.4999999999999997,-0.8660254037844388,0.0,1.0,1.5,1.5,0.5,0.5,0.5,1.5,1.5,0.5,0.5,0.5,synthetic,synthetic,synthetic,synthetic,synthetic,0.0,0.0,0.0,0.0,0.0,-110.0,-110.0,-110.0,-110.0,-110.0,-110.0,-110.0,-110.0,-110.0,-110.0,0.0,0.0,0.0,0.0,0.0,2026-08-28T01:24:59.045926+00:00,-0.5709304884990535,-0.5001904651670931,-0.0746970611964719,-0.4702340513931256,0.038181810121999726,1.2,1.4,0.4,0.0,0.6,0.0,0.0,0.0,0.0,0.0,batter_pitcher_profile_network_v2,1.0,1.0,0.3393329033783648,0.0,0.8084317193361503,-0.2937673328816623,-0.2085401970331356,0.0,54.0,24.31092595062179,0.049526336690022,-0.04047398420917,-0.004047398420917,-0.4148325429087626,-0.1624447682430625,0.0,54.0,24.550201372492378,0.0867687544109653,0.0856325093723362,0.0137012014995737,-0.2450431910569108,-0.1100456603778586,0.0,54.0,24.31268192693577,0.2377652626569283,0.2199497535141705,0.0109974876757085,-0.5022615740740741,-0.1286987832323559,0.0,54.0,24.138286559479205,0.2093437649785779,0.1666379442749793,0.0041659486068744,-0.459414351851852,-0.0763380408203996,0.0,54.0,24.35088136159265,0.1772199868687713,0.1097448721252255,0.0065846923275135
2026-07-22,Cody_Bellinger,641355,hitter,NYY,PIT,2026,823518,110,147,134,1,656605.0,Mitch_Keller,1.0,1.0,0.0,0.0,0.0,5.0,4.0,1.0,3.0,4.0,0.119047619047619,0.316,0.316,0.0,0.0,37.92,7.0,5.5,4.383609022556391,1.08,14.0,83.0,0,2.0,-0.4999999999999997,-0.8660254037844388,0.9749279121818236,-0.22252093395631434,0.5,0.5,0.5,0.5,0.5,0.5,0.5,0.5,0.5,0.5,synthetic,synthetic,synthetic,synthetic,synthetic,0.0,0.0,0.0,0.0,0.0,-110.0,-110.0,-110.0,-110.0,-110.0,-110.0,-110.0,-110.0,-110.0,-110.0,0.0,0.0,0.0,0.0,0.0,2026-08-28T01:24:59.045926+00:00,0.7577443609022558,0.44758271593294197,0.26663021299501266,-0.4690603980270593,0.07575869051611706,1.0,1.0,0.4,0.0,0.6,1.0,1.0,2.0,0.0,0.0,batter_pitcher_profile_network_v2,1.0,1.0,0.3605158797668891,0.0,0.805836804728556,-0.2928691370673948,0.3496743113545464,0.0,54.0,21.648427702560696,0.0342405826324075,0.0,0.0,-0.4075377580449299,0.2551550943198976,0.0,54.0,23.15471177563368,0.0780529830539254,0.1170794745808882,0.0187327159329421,-0.2326477117486335,0.3610292124855767,0.0,54.0,21.63353174593541,0.2179952373438634,0.2179952373438634,0.0108997618671931,-0.4960763888888889,0.2188696139705526,0.0,54.0,23.297369161505937,0.2135840789176295,0.2135840789176295,0.0053396019729407,-0.4232812499999998,0.3641523929804821,0.0,54.0,21.61016058546236,0.1506275419621682,0.1129706564716261,0.0067782393882975
2026-07-22,Cody_Bellinger,641355,hitter,NYY,PIT,2026,823519,111,147,134,1,696149.0,Bubba_Chandler,1.0,2.0,1.0,0.0,0.0,3.0,2.0,1.0,0.0,4.0,0.1034482758620689,0.6533333333333333,0.6533333333333333,0.5,30.0,65.0,6.654135338345864,6.6992481203007515,4.383609022556391,1.08,15.0,82.0,0,0.0,-0.4999999999999997,-0.8660254037844388,0.9749279121818236,-0.22252093395631434,0.5,0.5,0.5,0.5,0.5,0.5,0.5,0.5,0.5,0.5,synthetic,synthetic,synthetic,synthetic,synthetic,0.0,0.0,0.0,0.0,0.0,-110.0,-110.0,-110.0,-110.0,-110.0,-110.0,-110.0,-110.0,-110.0,-110.0,0.0,0.0,0.0,0.0,0.0,2026-08-28T01:24:59.045926+00:00,0.668856807650468,1.1862702772535494,0.15582545852949692,-0.26936375879288255,-0.10987045254451822,1.0,1.0,0.4,0.0,0.2,1.0,1.0,0.0,0.0,0.0,batter_pitcher_profile_network_v2,1.0,0.95,0.4194862367942584,0.0,0.7836822891930681,-0.4383754968383021,-0.0521624642300372,0.0,55.0,25.83490914865483,0.0781393968826985,-0.0132744608732473,-0.0013274460873247,-0.5151416892502262,-0.027121956468507,0.0,55.0,25.966179432039365,0.099801990312769,0.1415922500760625,0.02265476001217,-0.3546981707317076,0.3539930250694184,0.0,55.0,22.55253163140912,0.2843369296427447,0.2843369296427447,0.0142168464821372,-0.5061060185185186,0.0704133629418123,0.0,55.0,25.23215344114804,0.2014496482846961,0.2014496482846961,0.0050362412071174,-0.4845712962962963,0.2307021774035707,0.0,55.0,24.0870182471664,0.2287538647526498,0.1715653985644873,0.0102939239138692
2026-07-24,Cody_Bellinger,641355,hitter,NYY,PHI,2026,823434,112,147,143,0,666200.0,Jesús_Luzardo,1.0,1.0,0.0,0.0,0.0,4.0,3.0,1.0,1.0,4.0,0.125,0.395,0.395,0.0,0.0,47.400000000000006,0.6,11.914285714285713,4.1454545454545455,1.08,9.0,80.0,0,2.0,-0.4999999999999997,-0.8660254037844388,-0.433883739117558,-0.9009688679024191,0.5,1.5,0.5,0.5,0.5,0.5,1.5,0.5,0.5,0.5,synthetic,synthetic,synthetic,synthetic,synthetic,0.0,0.0,0.0,0.0,0.0,-110.0,-110.0,-110.0,-110.0,-110.0,-110.0,-110.0,-110.0,-110.0,-110.0,0.0,0.0,0.0,0.0,0.0,2026-08-28T01:24:59.045926+00:00,0.40845532296736975,-0.25058306563183597,0.29588372394636575,-0.4712532654731026,-0.17834295848583986,1.0,1.2,0.6,0.0,0.2,1.0,2.0,1.0,0.0,0.0,batter_pitcher_profile_network_v2,1.0,1.0,0.320506535631095,0.0,0.8107379493851908,-0.4726067646158557,-0.4296837823847941,0.0,55.0,23.972580444243786,0.1199741988816554,-0.1379857313652678,-0.0137985731365267,-0.5820366085093359,-0.434180875781881,0.0,55.0,23.872561845100456,0.1749633769402252,0.0907308398010251,0.014516934368164,-0.4120792011019284,-0.350120864661654,0.0,55.0,24.285217359270217,0.360255569580229,0.2622199334727693,0.0131109966736384,-0.5686060185185186,-0.4839544265065186,0.0,55.0,22.60761378845814,0.3128519846332522,0.1258693810758995,0.0031467345268974,-0.5778351851851851,-0.3716913443027858,0.0,55.0,24.083811413292988,0.3253480282108079,0.0980719040238815,0.0058843142414328
2026-07-25,Cody_Bellinger,641355,hitter,NYY,PHI,2026,823435,113,147,143,0,641835.0,Tim_Mayza,2.0,3.0,0.0,0.0,1.0,4.0,4.0,0.0,0.0,4.0,0.1142857142857142,0.54,0.54,0.25,21.25,65.0,19.5,6.0,4.1454545454545455,1.08,0.0,81.0,0,1.0,-0.4999999999999997,-0.8660254037844388,-0.9749279121818236,-0.2225209339563146,0.5,0.5,0.5,0.5,0.5,0.5,0.5,0.5,0.5,0.5,synthetic,synthetic,synthetic,synthetic,synthetic,0.0,0.0,0.0,0.0,0.0,-110.0,-110.0,-110.0,-110.0,-110.0,-110.0,-110.0,-110.0,-110.0,-110.0,0.0,0.0,0.0,0.0,0.0,2026-08-28T01:24:59.045926+00:00,0.5650596372844927,0.843529935054864,0.222321181506833,-0.3553950315371641,-0.2807813754119849,0.8,1.0,0.6,0.0,0.0,1.0,1.0,0.0,0.0,0.0,batter_pitcher_profile_network_v2,1.0,0.2,0.805625,0.0,0.5502621875,-0.4011507460973373,-0.7470740740740742,0.0,55.0,19.20830979350651,0.0920855882169022,-0.0582521120035565,-0.0058252112003556,-0.5222727196204472,-0.8354212962962964,0.0,55.0,17.201460150991355,0.1360392381496637,0.1192495940929003,0.019079935054864,-0.3380167011019287,-0.6664058641975309,0.0,55.0,19.99301496073795,0.3097532802903839,0.2659690846821151,0.0132984542341057,-0.5547541666666668,-0.961,0.0,55.0,14.353541991306338,0.2388236963545839,0.1351987385134381,0.0033799684628359,-0.5063791666666668,-0.7314135802469136,0.0,55.0,18.804285280793923,0.2858970612019801,0.1424316219214664,0.0085458973152879
2026-08-23,Cody_Bellinger,641355,hitter,NYY,TOR,2026,823507,114,147,141,1,667755.0,José_Soriano,1.0,1.0,1.0,0.0,0.0,4.0,4.0,0.0,2.0,4.0,0.1025641025641025,0.2225,0.2225,0.0,0.0,26.7,2.7310924369747895,4.987394957983193,2.7500927643784783,1.08,0.0,79.0,0,29.0,-0.8660254037844384,-0.5000000000000004,-0.7818314824680299,0.6234898018587334,1.5,1.5,0.5,0.5,0.5,1.5,1.5,0.5,0.5,0.5,synthetic,synthetic,synthetic,synthetic,synthetic,0.0,0.0,0.0,0.0,0.0,-110.0,-110.0,-110.0,-110.0,-110.0,-110.0,-110.0,-110.0,-110.0,-110.0,0.0,0.0,0.0,0.0,0.0,2026-08-28T01:24:59.045926+00:00,-0.048863473221456344,0.05416526625656215,-0.032683756240174555,-0.4661549720272219,-0.16052721396520664,1.2,1.6,0.6,0.0,0.2,2.0,3.0,0.0,0.0,1.0,batter_pitcher_profile_network_v2,1.0,1.0,0.3968256373754214,0.0,0.8013888594215108,-0.3311495886899298,0.0370856129324,0.0,55.0,26.39536040813321,0.0790014619003639,0.0,0.0,-0.4466685529537804,-0.0051920699393294,0.0,55.0,26.7322846398788,0.1400586709979673,0.208689164103515,0.0333902662565624,-0.2691104511019285,0.1327827687261222,0.0,55.0,25.66354904297898,0.3491167262026468,0.3491167262026468,0.0174558363101323,-0.476107175925926,-0.042842179109635,0.0,55.0,26.307631441688414,0.3421043492179007,0.3298011189111276,0.0082450279727781,-0.4155446759259259,0.0801381180711003,0.0,55.0,26.04774124465982,0.2578391822329957,0.1933793866747468,0.0116027632004848
2026-08-25,Cody_Bellinger,641355,hitter,NYY,HOU,2026,823505,115,147,117,1,814490.0,,1.0,4.0,1.0,1.0,3.0,5.0,5.0,0.0,0.0,4.0,0.125,0.42,0.42,0.6,30.0,65.0,4.1,8.2,4.905494505494507,1.08,9.0,77.0,0,2.0,-0.8660254037844384,-0.5000000000000004,0.7818314824680298,0.6234898018587336,0.5,2.5,0.5,0.5,0.5,1.5,1.5,0.5,0.5,0.5,real,real,real,real,real,1.0,1.0,1.0,1.0,1.0,-195.0,250.0,105.0,430.0,145.0,0.0,0.0,0.0,0.0,0.0,0.7071067811865476,1.2909944487358056,0.7071067811865476,0.0,0.7071067811865476,2026-08-25T13:13:35.689836+00:00,0.759584396336251,-0.3966000309227895,0.22484434350608107,-0.24238849669654688,-0.1280031017808948,1.2,1.6,0.4,0.0,0.2,1.0,1.0,1.0,0.0,0.0,batter_pitcher_profile_network_v2,1.0,0.05,0.9425,0.0,0.5117271875,-0.3734863942454853,-0.3657121212121212,0.0,55.0,25.59883996024289,0.0951819141805879,-0.0078538388352945,-0.0007853838835294,-0.481897719620447,-0.5022916666666667,0.0,55.0,23.65016929650617,0.1311535774904986,0.1828123067325643,0.0292499690772102,-0.3066625344352619,0.0249886363636364,0.0,55.0,26.792967999922663,0.366392364627117,0.366392364627117,0.0183196182313558,-0.4859960648148148,-0.57,0.0,55.0,21.984881427403334,0.2963886531624313,0.2804601321381258,0.0070115033034531,-0.4553814814814814,-0.1614696969696969,0.0,55.0,26.73017163410169,0.243907833628006,0.17870288240633,0.0107221729443798
2026-08-26,Cody_Bellinger,641355,hitter,NYY,HOU,2026,823506,116,147,117,1,663567.0,Peter_Lambert,1.0,2.0,1.0,0.0,2.0,5.0,5.0,0.0,0.0,4.0,0.12195121951219512,0.254,0.254,0.2,17.0,39.480000000000004,9.763636363636364,7.854545454545455,5.1350863422292,1.08,0.0,78.0,0,1.0,-0.8660254037844384,-0.5000000000000004,0.9749279121818236,-0.22252093395631434,0.5,2.5,0.5,0.5,0.5,1.5,2.5,0.5,0.5,0.5,real,real,real,real,real,1.0,1.0,1.0,1.0,1.0,-210.0,260.0,120.0,500.0,155.0,0.0,0.0,0.0,0.0,0.0,0.7071067811865476,1.2909944487358056,0.7071067811865476,0.0,0.7071067811865476,2026-08-26T13:18:59.017498+00:00,0.7828879892607292,-0.17567357572376663,0.26634853338859477,-0.13798810401155331,0.7104509773042169,1.2,2.2,0.6,0.2,0.8,1.0,4.0,1.0,1.0,3.0,batter_pitcher_profile_network_v2,1.0,1.0,0.3526887500225433,0.0,0.8067956281222384,-0.3247093882817245,-0.19616487458570933,0.0,55.0,26.972487897633627,0.09927818606586564,-0.04123151050759684,-0.004123151050759684,-0.40647539465695215,-0.17211735498552433,0.0,55.0,27.1499016010484,0.09771495001267838,0.10128557855572255,0.01620569256891561,-0.27623326502732254,-0.051305556864302826,0.0,55.0,26.90877945540849,0.31888748402577044,0.30971359383537583,0.015485679691768792,-0.36072754629629633,-0.1068662866094559,0.0,55.0,26.78268158628187,0.1814294379418809,0.15647583953786914,0.003911895988446728,-0.3952171296296295,-0.10515349133723734,0.0,55.0,26.92008416067518,0.10435781349538252,0.05136710077358869,0.0030820260464153215
