Date,Player,Player_MLBAM_ID,Player_Type,Team,Opponent,Season,Game_ID,Game_Index,Team_ID,Opponent_ID,Is_Home,Opp_Starter_ID,Opp_Starter_Player,H,TB,R,HR,RBI,PA,AB,BB,SO,Batting_Order,Team_PA_share,wOBA,xwOBA,ISO,Barrel%,HardHit%,Opp_Pitcher_ERA_3,Opp_Pitcher_K9_3,Opp_Bullpen_ERA_7,Park_Factor,Wind_Out_MPH,Temp_F,Did_Not_Play,Rest_Days,Month_sin,Month_cos,DayOfWeek_sin,DayOfWeek_cos,Market_H,Market_TB,Market_R,Market_HR,Market_RBI,Synthetic_Market_H,Synthetic_Market_TB,Synthetic_Market_R,Synthetic_Market_HR,Synthetic_Market_RBI,Market_Source_H,Market_Source_TB,Market_Source_R,Market_Source_HR,Market_Source_RBI,Market_H_books,Market_TB_books,Market_R_books,Market_HR_books,Market_RBI_books,Market_H_over_price,Market_TB_over_price,Market_R_over_price,Market_HR_over_price,Market_RBI_over_price,Market_H_under_price,Market_TB_under_price,Market_R_under_price,Market_HR_under_price,Market_RBI_under_price,Market_H_line_std,Market_TB_line_std,Market_R_line_std,Market_HR_line_std,Market_RBI_line_std,Market_Fetched_At_UTC,H_market_gap,TB_market_gap,R_market_gap,HR_market_gap,RBI_market_gap,H_rolling_avg,TB_rolling_avg,R_rolling_avg,HR_rolling_avg,RBI_rolling_avg,H_lag1,TB_lag1,R_lag1,HR_lag1,RBI_lag1,Matchup_Network_Version,Matchup_Network_Batter_Support,Matchup_Network_Pitcher_Support,Pitcher_Profile_Uncertainty,Batter_Vs_Starter_Games,Matchup_Network_Confidence,Batter_Profile_H_Strength,Pitcher_Profile_H_Vulnerability,Batter_Vs_Starter_H_Lift,Archetype_Neighbor_H_Games,Archetype_Neighbor_H_Effective_Support,Archetype_Neighbor_H_Lift,Matchup_Network_H_Score,Matchup_Network_H_Adjustment,Batter_Profile_TB_Strength,Pitcher_Profile_TB_Vulnerability,Batter_Vs_Starter_TB_Lift,Archetype_Neighbor_TB_Games,Archetype_Neighbor_TB_Effective_Support,Archetype_Neighbor_TB_Lift,Matchup_Network_TB_Score,Matchup_Network_TB_Adjustment,Batter_Profile_R_Strength,Pitcher_Profile_R_Vulnerability,Batter_Vs_Starter_R_Lift,Archetype_Neighbor_R_Games,Archetype_Neighbor_R_Effective_Support,Archetype_Neighbor_R_Lift,Matchup_Network_R_Score,Matchup_Network_R_Adjustment,Batter_Profile_HR_Strength,Pitcher_Profile_HR_Vulnerability,Batter_Vs_Starter_HR_Lift,Archetype_Neighbor_HR_Games,Archetype_Neighbor_HR_Effective_Support,Archetype_Neighbor_HR_Lift,Matchup_Network_HR_Score,Matchup_Network_HR_Adjustment,Batter_Profile_RBI_Strength,Pitcher_Profile_RBI_Vulnerability,Batter_Vs_Starter_RBI_Lift,Archetype_Neighbor_RBI_Games,Archetype_Neighbor_RBI_Effective_Support,Archetype_Neighbor_RBI_Lift,Matchup_Network_RBI_Score,Matchup_Network_RBI_Adjustment
2026-03-03,Xander_Bogaerts,593428,hitter,NED,BAL,2026,831445,0,878,110,0,669432.0,Trevor_Rogers,1.0,1.0,0.0,0.0,0.0,4.0,4.0,0.0,1.0,3.0,0.0888888888888888,0.2225,0.2225,0.0,0.0,26.7,4.1,8.2,0.0,1.08,8.0,82.0,0,2.0,1.0,6.123233995736766e-17,0.7818314824680298,0.6234898018587336,0.5,0.5,0.5,0.5,0.5,0.5,0.5,0.5,0.5,0.5,synthetic,synthetic,synthetic,synthetic,synthetic,0.0,0.0,0.0,0.0,0.0,-110.0,-110.0,-110.0,-110.0,-110.0,-110.0,-110.0,-110.0,-110.0,-110.0,0.0,0.0,0.0,0.0,0.0,2026-08-26T14:02:39.082451+00:00,0.39839999999999975,0.3538416666666666,-0.5,-0.4744,-0.5,1.0,1.0,0.0,0.0,0.0,1.0,1.0,0.0,0.0,0.0,,0.0,0.0,1.0,0.0,0.0,0.0,0.0,0.0,0.0,0.0,0.0,0.0,0.0,0.0,0.0,0.0,0.0,0.0,0.0,0.0,0.0,0.0,0.0,0.0,0.0,0.0,0.0,0.0,0.0,0.0,0.0,0.0,0.0,0.0,0.0,0.0,0.0,0.0,0.0,0.0,0.0,0.0,0.0,0.0,0.0
2026-03-04,Xander_Bogaerts,593428,hitter,NED,TB,2026,831432,1,878,139,0,663765.0,Jake_Woodford,1.0,1.0,2.0,0.0,1.0,4.0,4.0,0.0,1.0,3.0,0.0888888888888888,0.2225,0.2225,0.0,0.0,26.7,4.1,8.2,2.4,1.0611111111111111,-13.0,83.0,0,1.0,1.0,6.123233995736766e-17,0.9749279121818236,-0.22252093395631434,0.5,0.5,0.5,0.5,0.5,0.5,0.5,0.5,0.5,0.5,synthetic,synthetic,synthetic,synthetic,synthetic,0.0,0.0,0.0,0.0,0.0,-110.0,-110.0,-110.0,-110.0,-110.0,-110.0,-110.0,-110.0,-110.0,-110.0,0.0,0.0,0.0,0.0,0.0,2026-08-26T14:02:39.082451+00:00,0.48999999999999977,0.34477499999999994,-0.45887500000000014,-0.48044444444444445,-0.5,1.0,1.0,0.0,0.0,0.0,1.0,1.0,0.0,0.0,0.0,batter_pitcher_profile_network_v2,0.0333333333333333,0.0,1.0,0.0,0.0166666666666666,-0.5693055555555556,0.0,0.0,0.0,0.0,0.0,0.0,0.0,-0.7066666666666667,0.0,0.0,0.0,0.0,0.0,0.0,0.0,-0.3875,0.0,0.0,0.0,0.0,0.0,0.0,0.0,-0.8818055555555555,0.0,0.0,0.0,0.0,0.0,0.0,0.0,-0.7005555555555555,0.0,0.0,0.0,0.0,0.0,0.0,0.0
2026-03-14,Xander_Bogaerts,593428,hitter,SD,CLE,2026,831877,2,135,114,1,671106.0,Logan_Allen,2.0,2.0,1.0,0.0,1.0,3.0,2.0,1.0,0.0,2.0,0.0769230769230769,0.8233333333333333,0.8233333333333333,0.0,0.0,65.0,4.1,8.2,1.5306122448979593,1.0722222222222222,6.0,87.0,0,10.0,1.0,6.123233995736766e-17,-0.9749279121818236,-0.2225209339563146,0.5,0.5,0.5,0.5,0.5,0.5,0.5,0.5,0.5,0.5,synthetic,synthetic,synthetic,synthetic,synthetic,0.0,0.0,0.0,0.0,0.0,-110.0,-110.0,-110.0,-110.0,-110.0,-110.0,-110.0,-110.0,-110.0,-110.0,0.0,0.0,0.0,0.0,0.0,2026-08-26T14:02:39.082451+00:00,0.46163474620617484,0.6074166666666665,0.7430370225013083,-0.4768888888888889,0.12099215070643632,1.0,1.0,1.0,0.0,0.5,1.0,1.0,2.0,0.0,1.0,batter_pitcher_profile_network_v2,0.0666666666666666,0.0,1.0,0.0,0.0333333333333333,-0.5693055555555556,0.0,0.0,0.0,0.0,0.0,0.0,0.0,-0.7066666666666667,0.0,0.0,0.0,0.0,0.0,0.0,0.0,-0.3875,0.0,0.0,0.0,0.0,0.0,0.0,0.0,-0.8818055555555555,0.0,0.0,0.0,0.0,0.0,0.0,0.0,-0.7005555555555555,0.0,0.0,0.0,0.0,0.0,0.0,0.0
2026-03-16,Xander_Bogaerts,593428,hitter,SD,SF,2026,831751,3,135,137,1,641816.0,Tyler_Mahle,0.0,0.0,0.0,0.0,0.0,3.0,2.0,1.0,1.0,2.0,0.0909090909090909,0.2299999999999999,0.2299999999999999,0.0,0.0,27.6,0.0,10.5,2.1883116883116887,1.0722222222222222,0.0,88.0,0,2.0,1.0,6.123233995736766e-17,0.0,1.0,1.5,1.5,0.5,0.5,0.5,1.5,1.5,0.5,0.5,0.5,synthetic,synthetic,synthetic,synthetic,synthetic,0.0,0.0,0.0,0.0,0.0,-110.0,-110.0,-110.0,-110.0,-110.0,-110.0,-110.0,-110.0,-110.0,-110.0,0.0,0.0,0.0,0.0,0.0,2026-08-26T14:02:39.082451+00:00,-0.23617068124937912,-0.29819610428863363,0.32688798379388906,-0.4772640286483998,0.10551650091982778,1.3333333333333333,1.3333333333333333,1.0,0.0,0.6666666666666666,2.0,2.0,1.0,0.0,1.0,batter_pitcher_profile_network_v2,0.1,0.1,0.6922747564417433,0.0,0.0765196342335886,0.5282281144781142,-0.6190000000000001,0.0,0.0,0.0,0.0,-0.0100617908487717,-0.0010061790848771,0.1701767676767674,-0.659,0.0,0.0,0.0,0.0,-0.003451030591837,-0.0005521648946939,0.7037878787878786,-0.2983333333333332,0.0,0.0,0.0,0.0,-0.0064611033429982,-0.0003230551671499,-0.7399537037037036,-0.659,0.0,0.0,0.0,0.0,-0.0150055903804383,-0.0003751397595109,0.1537962962962963,-0.4983333333333333,0.0,0.0,0.0,0.0,-0.0023584623030174,-0.000141507738181
2026-03-17,Xander_Bogaerts,593428,hitter,SD,SEA,2026,831769,4,135,136,0,622491.0,Luis_Castillo,1.0,4.0,1.0,1.0,1.0,3.0,3.0,0.0,0.0,5.0,0.0769230769230769,0.7000000000000001,0.7000000000000001,1.0,30.0,65.0,19.575,10.8,5.817857142857143,1.0722222222222222,0.0,92.0,0,1.0,1.0,6.123233995736766e-17,0.7818314824680298,0.6234898018587336,0.5,0.5,0.5,0.5,0.5,0.5,0.5,0.5,0.5,0.5,synthetic,synthetic,synthetic,synthetic,synthetic,0.0,0.0,0.0,0.0,0.0,-110.0,-110.0,-110.0,-110.0,-110.0,-110.0,-110.0,-110.0,-110.0,-110.0,0.0,0.0,0.0,0.0,0.0,2026-08-26T14:02:39.082451+00:00,0.3866956479594985,1.6119166666666667,0.4198222766178382,-0.1518888888888889,0.1383799676953098,1.0,1.0,0.75,0.0,0.5,0.0,0.0,0.0,0.0,0.0,batter_pitcher_profile_network_v2,0.1333333333333333,0.1,0.9048980922332764,0.0,0.090581665036809,0.2841889880952379,0.6598214285714287,0.0,0.0,0.0,0.0,0.0023777250162307,0.000237772501623,-0.0122767857142858,0.7278571428571429,0.0,0.0,0.0,0.0,0.0,0.0,0.5181919642857141,0.7802469135802469,0.0,0.0,0.0,0.0,0.0051268510380821,0.0002563425519041,-0.7729166666666667,0.7278571428571429,0.0,0.0,0.0,0.0,0.0,0.0,0.0377604166666666,0.8901234567901235,0.0,0.0,0.0,0.0,0.000426201515238,2.5572090914280134e-05
2026-03-19,Xander_Bogaerts,593428,hitter,SD,CWS,2026,831907,5,135,145,1,686563.0,,2.0,2.0,1.0,0.0,0.0,3.0,3.0,0.0,1.0,6.0,0.0681818181818181,0.5933333333333334,0.5933333333333334,0.0,0.0,65.0,4.1,8.2,5.207142857142857,1.0722222222222222,0.0,97.0,0,2.0,1.0,6.123233995736766e-17,0.43388373911755823,-0.900968867902419,0.5,1.5,0.5,0.5,0.5,0.5,1.5,0.5,0.5,0.5,synthetic,synthetic,synthetic,synthetic,synthetic,0.0,0.0,0.0,0.0,0.0,-110.0,-110.0,-110.0,-110.0,-110.0,-110.0,-110.0,-110.0,-110.0,-110.0,0.0,0.0,0.0,0.0,0.0,2026-08-26T14:02:39.082451+00:00,0.6425129870129869,0.2863712121212121,0.4813495670995671,-0.23688888888888893,0.29353896103896104,1.0,1.6,0.8,0.2,0.6,1.0,4.0,1.0,1.0,1.0,batter_pitcher_profile_network_v2,0.1666666666666666,0.0,1.0,0.0,0.0833333333333333,0.5786519607843136,0.0,0.0,0.0,0.0,0.0,0.0,0.0,0.5604901960784313,0.0,0.0,0.0,0.0,0.0,0.0,0.0,0.6963235294117646,0.0,0.0,0.0,0.0,0.0,0.0,0.0,0.1904166666666667,0.0,0.0,0.0,0.0,0.0,0.0,0.0,0.5966666666666667,0.0,0.0,0.0,0.0,0.0,0.0,0.0
2026-03-20,Xander_Bogaerts,593428,hitter,SD,COL,2026,831864,6,135,115,1,675848.0,Juan_Mejia,0.0,0.0,0.0,0.0,0.0,2.0,2.0,0.0,1.0,6.0,0.0588235294117647,0.0,0.0,0.0,0.0,10.0,0.0,0.0,16.463265306122448,1.0722222222222222,0.0,98.0,0,1.0,1.0,6.123233995736766e-17,-0.433883739117558,-0.9009688679024191,1.5,1.5,0.5,0.5,0.5,1.5,1.5,0.5,0.5,0.5,synthetic,synthetic,synthetic,synthetic,synthetic,0.0,0.0,0.0,0.0,0.0,-110.0,-110.0,-110.0,-110.0,-110.0,-110.0,-110.0,-110.0,-110.0,-110.0,0.0,0.0,0.0,0.0,0.0,2026-08-26T14:02:39.082451+00:00,0.7696678671468589,-0.14684803921568634,0.8340309123649461,-0.3368888888888889,0.5073397358943579,1.2,1.8,1.0,0.2,0.6,2.0,2.0,1.0,0.0,0.0,batter_pitcher_profile_network_v2,0.2,0.0,1.0,0.0,0.1,0.532638888888889,0.0,0.0,0.0,0.0,0.0,0.0,0.0,0.4638888888888889,0.0,0.0,0.0,0.0,0.0,0.0,0.0,0.6062500000000001,0.0,0.0,0.0,0.0,0.0,0.0,0.0,0.0638888888888888,0.0,0.0,0.0,0.0,0.0,0.0,0.0,0.5368055555555555,0.0,0.0,0.0,0.0,0.0,0.0,0.0
2026-03-22,Xander_Bogaerts,593428,hitter,SD,AZ,2026,831947,7,135,109,1,605452.0,Joe_Ross,0.0,0.0,0.0,0.0,0.0,3.0,3.0,0.0,1.0,5.0,0.0857142857142857,0.0,0.0,0.0,0.0,10.0,4.1,8.2,4.992150706436421,1.0722222222222222,0.0,94.0,0,2.0,1.0,6.123233995736766e-17,-0.7818314824680299,0.6234898018587334,0.5,1.5,0.5,0.5,0.5,0.5,1.5,0.5,0.5,0.5,synthetic,synthetic,synthetic,synthetic,synthetic,0.0,0.0,0.0,0.0,0.0,-110.0,-110.0,-110.0,-110.0,-110.0,-110.0,-110.0,-110.0,-110.0,-110.0,0.0,0.0,0.0,0.0,0.0,2026-08-26T14:02:39.082451+00:00,0.5056860282574569,-0.5214833333333335,-0.09164246467817899,-0.3368888888888889,-0.1705924646781789,1.0,1.6,0.6,0.2,0.4,0.0,0.0,0.0,0.0,0.0,batter_pitcher_profile_network_v2,0.2333333333333333,0.0,1.0,0.0,0.1166666666666666,0.3732233044733042,0.0,0.0,0.0,0.0,0.0,0.0,0.0,0.3032467532467531,0.0,0.0,0.0,0.0,0.0,0.0,0.0,0.5157467532467531,0.0,0.0,0.0,0.0,0.0,0.0,0.0,-0.1137896825396825,0.0,0.0,0.0,0.0,0.0,0.0,0.0,0.4067460317460317,0.0,0.0,0.0,0.0,0.0,0.0,0.0
2026-03-23,Xander_Bogaerts,593428,hitter,SD,SEA,2026,831735,8,135,136,1,622491.0,Luis_Castillo,1.0,2.0,0.0,0.0,0.0,1.0,1.0,0.0,0.0,6.0,0.025,1.27,1.27,1.0,30.0,65.0,14.549999999999999,7.95,7.222402597402597,1.0722222222222222,0.0,92.0,0,1.0,1.0,6.123233995736766e-17,0.0,1.0,0.5,1.5,0.5,0.5,0.5,0.5,1.5,0.5,0.5,0.5,synthetic,synthetic,synthetic,synthetic,synthetic,0.0,0.0,0.0,0.0,0.0,-110.0,-110.0,-110.0,-110.0,-110.0,-110.0,-110.0,-110.0,-110.0,-110.0,0.0,0.0,0.0,0.0,0.0,2026-08-26T14:02:39.082451+00:00,0.23834154148918962,0.9525869133015505,0.508051132337062,-0.009273524340305594,0.12098278216615777,0.6,1.2,0.4,0.2,0.2,0.0,0.0,0.0,0.0,0.0,batter_pitcher_profile_network_v2,0.2666666666666666,0.15,0.88306247497998,1.0,0.1883570603555762,0.0812065972222223,0.8730769230769232,0.0138888888888888,0.0,0.0,0.0,0.0152877092641918,0.0015287709264191,0.0294270833333334,0.8984615384615385,0.1111111111111111,0.0,0.0,0.0,0.1054390414680246,0.0168702466348839,0.2160156250000001,0.7658914728682171,0.0833333333333333,0.0,0.0,0.0,0.0836200493386392,0.0041810024669319,-0.247048611111111,0.8984615384615385,0.1111111111111111,0.0,0.0,0.0,0.1046145819433322,0.0026153645485833,0.1124565972222223,0.8829457364341086,0.1111111111111111,0.0,0.0,0.0,0.1077108716004642,0.0064626522960278
2026-03-26,Xander_Bogaerts,593428,hitter,SD,DET,2026,823325,9,135,116,1,669373.0,Tarik_Skubal,2.0,3.0,0.0,0.0,1.0,4.0,4.0,0.0,0.0,2.0,0.1111111111111111,0.54,0.54,0.25,21.25,65.0,1.9285714285714284,13.5,2.3934065934065933,1.08,0.0,74.0,0,3.0,1.0,6.123233995736766e-17,0.43388373911755823,-0.900968867902419,0.5,1.5,0.5,0.5,0.5,0.5,1.5,0.5,0.5,0.5,synthetic,synthetic,synthetic,synthetic,synthetic,0.0,0.0,0.0,0.0,0.0,-110.0,-110.0,-110.0,-110.0,-110.0,-110.0,-110.0,-110.0,-110.0,-110.0,0.0,0.0,0.0,0.0,0.0,2026-08-26T14:02:39.082451+00:00,0.08802461171777753,0.3326092314911928,0.009185217083956254,-0.21876259300595235,-0.24493058943526663,0.8,1.6,0.4,0.2,0.2,1.0,2.0,0.0,0.0,0.0,batter_pitcher_profile_network_v2,0.3,0.05,0.9425,0.0,0.1617271874999999,0.351822174738841,-0.733218487394958,0.0,0.0,0.0,0.0,-0.0044498535181968,-0.0004449853518196,0.4536324786324784,-0.298797268907563,0.0,0.0,0.0,0.0,-0.0023381365133793,-0.0003741018421407,0.4841880341880339,-0.5629926470588235,0.0,0.0,0.0,0.0,-0.0047022517274698,-0.0002351125863734,0.2797067901234568,0.1028571428571428,0.0,0.0,0.0,0.0,0.0004962797619047,1.240699404761905e-05,0.583179012345679,-0.4433235294117646,0.0,0.0,0.0,0.0,-0.0044597628710511,-0.000267585772263
2026-03-27,Xander_Bogaerts,593428,hitter,SD,DET,2026,823324,10,135,116,1,664285.0,Framber_Valdez,1.0,1.0,0.0,0.0,0.0,4.0,4.0,0.0,0.0,2.0,0.1111111111111111,0.2225,0.2225,0.0,0.0,26.7,0.4736842105263157,6.6947368421052635,2.821978021978022,1.08,0.0,66.0,0,1.0,1.0,6.123233995736766e-17,-0.433883739117558,-0.9009688679024191,0.5,1.5,0.5,0.5,0.5,0.5,1.5,0.5,0.5,0.5,synthetic,synthetic,synthetic,synthetic,synthetic,0.0,0.0,0.0,0.0,0.0,-110.0,-110.0,-110.0,-110.0,-110.0,-110.0,-110.0,-110.0,-110.0,-110.0,0.0,0.0,0.0,0.0,0.0,2026-08-26T14:02:39.082451+00:00,0.6839000588028719,-0.09738419966613221,-0.27391837944225916,-0.4750688022318856,-0.16116158450909263,1.0,1.4,0.2,0.0,0.2,2.0,3.0,0.0,0.0,1.0,batter_pitcher_profile_network_v2,0.3333333333333333,0.15,0.6899074245729937,0.0,0.2064896177401379,0.4948611111111112,-0.1255539462350969,0.0,0.0,0.0,0.0,-0.0064221997098583,-0.0006422199709858,0.5570833333333334,-0.3790794630309625,0.0,0.0,0.0,0.0,-0.0218283312466593,-0.0034925329994654,0.5750000000000001,-0.7208889701104614,0.0,0.0,0.0,0.0,-0.0428456108232077,-0.0021422805411603,0.3815798611111112,-0.6782692778457773,0.0,0.0,0.0,0.0,-0.0267520892754252,-0.0006688022318856,0.6261111111111111,-0.6894460688758934,0.0,0.0,0.0,0.0,-0.0446192045776761,-0.0026771522746605
2026-03-28,Xander_Bogaerts,593428,hitter,SD,DET,2026,823323,11,135,116,1,656427.0,Jack_Flaherty,0.0,0.0,0.0,0.0,0.0,4.0,4.0,0.0,0.0,5.0,0.1142857142857142,0.0,0.0,0.0,0.0,10.0,5.571428571428572,8.657142857142857,2.4362637362637365,1.08,0.0,71.0,0,1.0,1.0,6.123233995736766e-17,-0.9749279121818236,-0.2225209339563146,0.5,1.5,0.5,0.5,0.5,0.5,1.5,0.5,0.5,0.5,synthetic,synthetic,synthetic,synthetic,synthetic,0.0,0.0,0.0,0.0,0.0,-110.0,-110.0,-110.0,-110.0,-110.0,-110.0,-110.0,-110.0,-110.0,-110.0,0.0,0.0,0.0,0.0,0.0,2026-08-26T14:02:39.082451+00:00,0.32428025872724353,-0.5917734720013003,-0.499466844055476,-0.4741636090427036,-0.3999104228460217,0.8,1.2,0.0,0.0,0.2,1.0,1.0,0.0,0.0,0.0,batter_pitcher_profile_network_v2,0.3666666666666666,0.15,0.8298340211663756,0.0,0.2205851331944011,0.5670357991681519,0.3637257113371667,0.0,0.0,0.0,0.0,0.0128685213383702,0.001286852133837,0.5612477718360069,0.4955452049240751,0.0,0.0,0.0,0.0,0.0173532999918746,0.0027765279986999,0.6451871657754009,0.2648831699346407,0.0,0.0,0.0,0.0,0.0106631188904809,0.000533155944524,0.2564993686868688,0.590827067669173,0.0,0.0,0.0,0.0,0.0094556382918596,0.0002363909572964,0.5657323232323233,0.4138006535947715,0.0,0.0,0.0,0.0,0.0146065056798612,0.0008763903407916
2026-03-30,Xander_Bogaerts,593428,hitter,SD,SF,2026,823320,12,135,137,1,694738.0,Landen_Roupp,1.0,1.0,0.0,0.0,0.0,4.0,4.0,0.0,0.0,5.0,0.125,0.2225,0.2225,0.0,0.0,26.7,5.375,11.125,4.114285714285715,1.08,6.0,68.0,0,2.0,1.0,6.123233995736766e-17,0.0,1.0,0.5,1.5,0.5,0.5,0.5,0.5,1.5,0.5,0.5,0.5,synthetic,synthetic,synthetic,synthetic,synthetic,0.0,0.0,0.0,0.0,0.0,-110.0,-110.0,-110.0,-110.0,-110.0,-110.0,-110.0,-110.0,-110.0,-110.0,0.0,0.0,0.0,0.0,0.0,2026-08-26T14:02:39.082451+00:00,0.12658187535978505,-0.6263602320226191,-0.3480152199501454,-0.47457540904733847,-0.23820043679127684,0.8,1.2,0.0,0.0,0.2,0.0,0.0,0.0,0.0,0.0,batter_pitcher_profile_network_v2,0.4,0.25,0.7368480938292008,0.0,0.2649340271264807,0.6078484405458087,-0.295323024948025,0.0,0.0,0.0,0.0,-0.0188955321164357,-0.0018895532116435,0.5505409356725144,-0.3920631496881497,0.0,0.0,0.0,0.0,-0.0227202001413705,-0.0036352320226192,0.68547149122807,-0.0982646396396394,0.0,0.0,0.0,0.0,-0.007090113288622,-0.0003545056644311,0.136802662037037,-0.4872489604989605,0.0,0.0,0.0,0.0,-0.0070163618935417,-0.0001754090473385,0.4905787037037036,-0.2145427927927926,0.0,0.0,0.0,0.0,-0.0110787084260445,-0.0006647225055626
2026-03-31,Xander_Bogaerts,593428,hitter,SD,SF,2026,823322,13,135,137,1,657277.0,Logan_Webb,0.0,0.0,0.0,0.0,1.0,4.0,4.0,0.0,1.0,5.0,0.1111111111111111,0.0,0.0,0.0,0.0,10.0,8.753846153846155,9.276923076923078,1.1142857142857143,1.08,0.0,67.0,0,1.0,1.0,6.123233995736766e-17,0.7818314824680298,0.6234898018587336,0.5,1.5,0.5,0.5,0.5,0.5,1.5,0.5,0.5,0.5,synthetic,synthetic,synthetic,synthetic,synthetic,0.0,0.0,0.0,0.0,0.0,-110.0,-110.0,-110.0,-110.0,-110.0,-110.0,-110.0,-110.0,-110.0,-110.0,0.0,0.0,0.0,0.0,0.0,2026-08-26T14:02:39.082451+00:00,0.3537532508610365,-0.47329959562726875,-0.4997650126421603,-0.47442389141012714,-0.47026634596172107,1.0,1.4,0.0,0.0,0.2,1.0,1.0,0.0,0.0,0.0,batter_pitcher_profile_network_v2,0.4333333333333333,0.15,0.8305314844788392,0.0,0.253905650639368,0.6243765262515268,0.4277484407484407,0.0,1.0,0.0,0.0,0.0196130946909505,0.001961309469095,0.5250045787545792,0.11624331493297,0.0,1.0,0.0,0.0,0.0044816939962382,0.0007170710393981,0.6796359890109898,0.0941644562334217,0.0,1.0,0.0,0.0,0.0046997471567953,0.0002349873578397,0.0497943376068376,-0.2613428919635817,0.0,1.0,0.0,0.0,-0.0009556564050865,-2.3891410127162983e-05,0.41153311965812,0.1945092838196287,0.0,1.0,0.0,0.0,0.0058783609554433,0.0003527016573265
2026-04-01,Xander_Bogaerts,593428,hitter,SD,SF,2026,823321,14,135,137,1,605288.0,Adrian_Houser,0.0,0.0,0.0,0.0,1.0,5.0,4.0,1.0,1.0,2.0,0.1282051282051282,0.1379999999999999,0.1379999999999999,0.0,0.0,16.56,4.2,9.1,1.1142857142857143,1.08,0.0,70.0,0,1.0,0.8660254037844387,-0.4999999999999998,0.9749279121818236,-0.22252093395631434,0.5,0.5,0.5,0.5,0.5,0.5,0.5,0.5,0.5,0.5,synthetic,synthetic,synthetic,synthetic,synthetic,0.0,0.0,0.0,0.0,0.0,-110.0,-110.0,-110.0,-110.0,-110.0,-110.0,-110.0,-110.0,-110.0,-110.0,0.0,0.0,0.0,0.0,0.0,2026-08-26T14:02:39.082451+00:00,0.12261673478086332,0.21818657609367575,-0.5,-0.4744,-0.11315975114482602,0.8,1.0,0.0,0.0,0.4,0.0,0.0,0.0,0.0,1.0,batter_pitcher_profile_network_v2,0.4666666666666667,0.15,0.7137285185685645,0.0,0.272718571804636,0.4461831435472742,-0.1928571428571429,0.0,1.0,0.0,0.0,-0.0114956558543711,-0.0011495655854371,0.3555175983436855,-0.0741428571428571,0.0,1.0,0.0,0.0,-0.0035213994145266,-0.0005634239063242,0.4959045031055904,-0.001095238095238,0.0,1.0,0.0,0.0,-7.25590285624121e-05,-3.627951428120605e-06,-0.0380381944444443,0.0722857142857143,0.0,1.0,0.0,0.0,0.0,0.0,0.2346924603174607,-0.0229999999999999,0.0,1.0,0.0,0.0,-0.0007211271390423,-4.326762834253874e-05
2026-04-03,Xander_Bogaerts,593428,hitter,SD,BOS,2026,824786,15,135,111,0,543243.0,Sonny_Gray,0.0,0.0,0.0,0.0,0.0,4.0,4.0,0.0,0.0,2.0,0.125,0.0,0.0,0.0,0.0,10.0,5.05,10.950000000000001,11.11015037593985,1.08,6.0,56.0,0,2.0,0.8660254037844387,-0.4999999999999998,-0.433883739117558,-0.9009688679024191,0.5,0.5,0.5,0.5,0.5,0.5,0.5,0.5,0.5,0.5,synthetic,synthetic,synthetic,synthetic,synthetic,0.0,0.0,0.0,0.0,0.0,-110.0,-110.0,-110.0,-110.0,-110.0,-110.0,-110.0,-110.0,-110.0,-110.0,0.0,0.0,0.0,0.0,0.0,2026-08-26T14:02:39.082451+00:00,0.08869672187610933,-0.2185586362077213,-0.0896994773599944,-0.4744,0.3417481603946487,0.4,0.4,0.0,0.0,0.4,0.0,0.0,0.0,0.0,1.0,batter_pitcher_profile_network_v2,0.5,0.2,0.6947331001940336,0.0,0.3029790390452461,0.3495545206971679,-0.0673417359667358,0.0,1.0,0.0,0.0,-0.0035929316148477,-0.0003592931614847,0.2552375816993466,0.0467435031185032,0.0,1.0,0.0,0.0,0.0018210237017422,0.0002913637922787,0.409384803921569,0.1738006756756757,0.0,1.0,0.0,0.0,0.0108600768602637,0.0005430038430131,-0.109300462962963,0.1373685031185032,0.0,1.0,0.0,0.0,0.0,0.0,0.1340398148148151,0.1960360360360361,0.0,1.0,0.0,0.0,0.004010693294267,0.000240641597656
2026-04-04,Xander_Bogaerts,593428,hitter,SD,BOS,2026,824782,16,135,111,0,813349.0,Connelly_Early,0.0,0.0,0.0,0.0,0.0,4.0,4.0,0.0,1.0,5.0,0.1025641025641025,0.0,0.0,0.0,0.0,10.0,1.3806818181818183,8.393181818181818,10.467293233082708,1.08,-13.0,43.0,0,1.0,0.8660254037844387,-0.4999999999999998,-0.9749279121818236,-0.2225209339563146,0.5,0.5,0.5,0.5,0.5,0.5,0.5,0.5,0.5,0.5,synthetic,synthetic,synthetic,synthetic,synthetic,0.0,0.0,0.0,0.0,0.0,-110.0,-110.0,-110.0,-110.0,-110.0,-110.0,-110.0,-110.0,-110.0,-110.0,0.0,0.0,0.0,0.0,0.0,2026-08-26T14:02:39.082451+00:00,-0.04089481900514369,-0.37015403836295596,-0.182202397114829,-0.47493083039354805,0.12296926848505862,0.2,0.2,0.0,0.0,0.4,0.0,0.0,0.0,0.0,0.0,batter_pitcher_profile_network_v2,0.5333333333333333,0.2,0.720973500758104,0.0,0.3190028158980931,0.2808805239898987,-0.5813588861643274,0.0,2.0,0.0,0.0,-0.0243002152192523,-0.0024300215219252,0.1705094696969695,-0.690671103809823,0.0,2.0,0.0,0.0,-0.0175252397684744,-0.0028040383629559,0.3205563446969695,-0.6489393939393938,0.0,2.0,0.0,0.0,-0.0309565599946721,-0.0015478279997336,-0.1762105034722221,-0.8097292024013723,0.0,2.0,0.0,0.0,-0.0212332157419267,-0.0005308303935481,0.0016475694444444,-0.7326395113102859,0.0,2.0,0.0,0.0,-0.0001796297410248,-1.077778446148892e-05
2026-04-05,Xander_Bogaerts,593428,hitter,SD,BOS,2026,824781,17,135,111,0,624133.0,Ranger_Suarez,3.0,4.0,0.0,0.0,0.0,4.0,3.0,1.0,0.0,6.0,0.1025641025641025,0.935,0.935,0.3333333333333333,28.33333333333333,65.0,9.307692307692308,6.846153846153847,3.01015037593985,1.08,2.0,47.0,0,1.0,0.8660254037844387,-0.4999999999999998,-0.7818314824680299,0.6234898018587334,0.5,0.5,0.5,0.5,0.5,0.5,0.5,0.5,0.5,0.5,synthetic,synthetic,synthetic,synthetic,synthetic,0.0,0.0,0.0,0.0,0.0,-110.0,-110.0,-110.0,-110.0,-110.0,-110.0,-110.0,-110.0,-110.0,-110.0,0.0,0.0,0.0,0.0,0.0,2026-08-26T14:02:39.082451+00:00,-0.23889794583138668,0.45443751998545034,-0.0484217495394591,-0.32023333333333337,0.030622903412377056,0.2,0.2,0.0,0.0,0.4,0.0,0.0,0.0,0.0,0.0,batter_pitcher_profile_network_v2,0.5666666666666667,0.15,0.7408460217967736,0.0,0.3222202876828176,0.1559587487537385,0.8009816849816851,0.0,3.0,0.0,0.0,0.0183450066948102,0.001834500669481,0.0528646560319041,0.8352673992673993,0.0,3.0,0.0,0.0,0.0064844999090646,0.0010375199854503,0.1872837736789628,0.6108072174738841,0.0,3.0,0.0,0.0,0.0167992486555858,0.0008399624327792,-0.2352487745098038,0.8352673992673993,0.0,3.0,0.0,0.0,0.0,0.0,-0.1223749999999999,0.7824121557454891,0.0,3.0,0.0,0.0,0.0,0.0
2026-04-06,Xander_Bogaerts,593428,hitter,SD,PIT,2026,823401,18,135,134,0,696149.0,Bubba_Chandler,2.0,2.0,0.0,0.0,0.0,5.0,4.0,1.0,0.0,5.0,0.119047619047619,0.4939999999999999,0.4939999999999999,0.0,0.0,59.28,1.5999999999999999,13.953846153846152,2.7857142857142856,1.08,12.0,52.0,0,1.0,0.8660254037844387,-0.4999999999999998,0.0,1.0,0.5,0.5,0.5,0.5,0.5,0.5,0.5,0.5,0.5,0.5,synthetic,synthetic,synthetic,synthetic,synthetic,0.0,0.0,0.0,0.0,0.0,-110.0,-110.0,-110.0,-110.0,-110.0,-110.0,-110.0,-110.0,-110.0,-110.0,0.0,0.0,0.0,0.0,0.0,2026-08-26T14:02:39.082451+00:00,0.12802348059419155,0.7992032214476168,-0.27360527853316424,-0.47473090726892786,-0.09393945816925503,0.6,0.8,0.0,0.0,0.4,3.0,4.0,0.0,0.0,0.0,batter_pitcher_profile_network_v2,0.6,0.15,0.6676205621689691,0.0,0.3402324721701452,0.3660704365079365,-0.882974358974359,0.0,3.0,0.0,0.0,-0.0644611647540567,-0.0064461164754056,0.2470901675485008,-0.7288927263212978,0.0,3.0,0.0,0.0,-0.0359173659523944,-0.0057467785523831,0.3917113095238093,-0.3433246118960403,0.0,3.0,0.0,0.0,-0.0268198563775687,-0.0013409928188784,-0.1154664351851851,-0.5748110936682366,0.0,3.0,0.0,0.0,-0.0132362907571194,-0.0003309072689279,0.0693310185185183,-0.5125082853654283,0.0,3.0,0.0,0.0,-0.0070862075828226,-0.0004251724549693
2026-04-07,Xander_Bogaerts,593428,hitter,SD,PIT,2026,823402,19,135,134,0,694973.0,Paul_Skenes,1.0,4.0,1.0,1.0,1.0,4.0,4.0,0.0,1.0,5.0,0.125,0.525,0.525,0.75,30.0,65.0,23.099999999999998,11.25,3.3367346938775513,1.08,9.0,41.0,0,1.0,0.8660254037844387,-0.4999999999999998,0.7818314824680298,0.6234898018587336,0.5,1.5,0.5,0.5,0.5,0.5,1.5,0.5,0.5,0.5,synthetic,synthetic,synthetic,synthetic,synthetic,0.0,0.0,0.0,0.0,0.0,-110.0,-110.0,-110.0,-110.0,-110.0,-110.0,-110.0,-110.0,-110.0,-110.0,0.0,0.0,0.0,0.0,0.0,2026-08-26T14:02:39.082451+00:00,0.37938162474231296,0.6905703273595294,-0.21952039602798068,-0.2121389545178759,-0.18563085157359333,1.0,1.2,0.0,0.0,0.2,2.0,2.0,0.0,0.0,0.0,batter_pitcher_profile_network_v2,0.6333333333333333,0.2,0.7852758133063238,0.0,0.3674274092406617,0.4560682834537324,-0.2801866028708134,0.0,3.0,0.0,0.0,-0.0173776301278914,-0.0017377630127891,0.2993691090471276,-0.4344061004784689,0.0,3.0,0.0,0.0,-0.0176854540029433,-0.0028296726404709,0.4510694014447884,0.2096022727272727,0.0,3.0,0.0,0.0,0.012857385562837,0.0006428692781418,-0.1426684941520467,-0.4926447368421052,0.0,3.0,0.0,0.0,-0.009558180715036,-0.0002389545178759,0.0935540935672514,0.0424621212121212,0.0,3.0,0.0,0.0,0.0005402288754851,3.241373252910682e-05
2026-04-08,Xander_Bogaerts,593428,hitter,SD,PIT,2026,823403,20,135,134,0,656605.0,Mitch_Keller,1.0,1.0,1.0,0.0,0.0,5.0,5.0,0.0,1.0,5.0,0.1219512195121951,0.178,0.178,0.0,0.0,21.36,1.8181818181818183,7.590909090909091,3.3367346938775513,1.08,-8.0,46.0,0,1.0,0.8660254037844387,-0.4999999999999998,0.9749279121818236,-0.22252093395631434,1.5,1.5,0.5,0.5,0.5,1.5,1.5,0.5,0.5,0.5,synthetic,synthetic,synthetic,synthetic,synthetic,0.0,0.0,0.0,0.0,0.0,-110.0,-110.0,-110.0,-110.0,-110.0,-110.0,-110.0,-110.0,-110.0,-110.0,0.0,0.0,0.0,0.0,0.0,2026-08-26T14:02:39.082451+00:00,-0.42148593768273246,0.4098281489523641,-0.1463231201053179,-0.23438945862269367,-0.1331663620435113,1.2,2.0,0.2,0.2,0.2,1.0,4.0,1.0,1.0,1.0,batter_pitcher_profile_network_v2,0.6666666666666666,0.25,0.8232348084312042,0.0,0.3956217673251276,0.4870638888888889,-0.0716927361853834,0.0,4.0,0.0,0.0,-0.0041149690864017,-0.0004114969086401,0.3927666666666667,-0.0125017268270946,0.0,4.0,0.0,0.0,-0.0005786422184564,-9.258275495303512e-05,0.4844861111111112,0.1862238005050505,0.0,4.0,0.0,0.0,0.0106321723087764,0.0005316086154388,0.0422774305555556,0.0846336898395721,0.0,4.0,0.0,0.0,0.0004216550922521,1.054137730630451e-05,0.2258138888888889,0.1141578282828282,0.0,4.0,0.0,0.0,0.0030378186044959,0.0001822691162697
2026-04-09,Xander_Bogaerts,593428,hitter,SD,COL,2026,823319,21,135,115,1,623474.0,Jimmy_Herget,2.0,5.0,2.0,1.0,4.0,6.0,6.0,0.0,1.0,5.0,0.12,0.4983333333333333,0.4983333333333333,0.5,30.0,65.0,1.8,6.300000000000001,2.4919480519480524,1.08,0.0,69.0,0,1.0,0.8660254037844387,-0.4999999999999998,0.43388373911755823,-0.900968867902419,1.5,2.5,0.5,0.5,0.5,1.5,2.5,0.5,0.5,0.5,synthetic,synthetic,synthetic,synthetic,synthetic,0.0,0.0,0.0,0.0,0.0,-110.0,-110.0,-110.0,-110.0,-110.0,-110.0,-110.0,-110.0,-110.0,-110.0,0.0,0.0,0.0,0.0,0.0,2026-08-26T14:02:39.082451+00:00,-0.14913677963767724,-0.1440846050780129,0.11365146105540203,-0.13438240700098514,-0.2420258936657692,1.4,2.2,0.4,0.2,0.2,1.0,1.0,1.0,0.0,0.0,batter_pitcher_profile_network_v2,0.7,0.05,0.9425,0.0,0.3617271875,0.4270205026455027,0.4181111111111111,0.0,5.0,0.4565167133105422,-0.0092330855470562,0.0071863161773405,0.000718631617734,0.3284457671957673,0.6153194444444444,0.0,5.0,0.3393046602289857,-0.0055255127895835,-0.0001537817375838,-2.460507801341772e-05,0.4308035714285714,0.4964953703703704,0.0,5.0,0.522062308984635,0.0118053503484998,0.0204145024933204,0.001020725124666,-0.0099090608465607,0.874,0.0,5.0,0.2289137587680012,0.0007037199605923,0.0007037199605923,1.759299901480834e-05,0.1633101851851851,0.4929074074074073,0.0,5.0,0.4864541282221192,-0.0097265785584574,-0.0040549377195332,-0.0002432962631719
2026-04-10,Xander_Bogaerts,593428,hitter,SD,COL,2026,823318,22,135,115,1,608372.0,Tomoyuki_Sugano,0.0,0.0,0.0,0.0,0.0,4.0,4.0,0.0,0.0,5.0,0.1212121212121212,0.0,0.0,0.0,0.0,10.0,2.5274725274725274,7.84065934065934,1.334805194805195,1.08,0.0,64.0,0,1.0,0.8660254037844387,-0.4999999999999998,-0.433883739117558,-0.9009688679024191,1.5,3.5,0.5,0.5,0.5,1.5,3.5,0.5,0.5,0.5,synthetic,synthetic,synthetic,synthetic,synthetic,0.0,0.0,0.0,0.0,0.0,-110.0,-110.0,-110.0,-110.0,-110.0,-110.0,-110.0,-110.0,-110.0,-110.0,0.0,0.0,0.0,0.0,0.0,2026-08-26T14:02:39.082451+00:00,0.11617633144449613,-0.789069568299094,0.17721155362067786,-0.09415164980528357,0.7343726799578487,1.8,3.2,0.8,0.4,1.0,2.0,5.0,2.0,1.0,4.0,batter_pitcher_profile_network_v2,0.7333333333333333,0.2,0.708617674391794,0.0,0.4193055336440677,0.4652524111597905,-0.1104518859518859,0.0,5.0,0.6538015403912292,-0.0162491452035068,-0.0109806082989668,-0.0010980608298966,0.3931691158573688,0.0405110261360261,0.0,5.0,0.5898781454567666,-0.0109489751041644,-0.0130200291420659,-0.0020832046627305,0.4689992926250455,-0.1772001658251657,0.0,5.0,0.6161037012654561,-0.0023612951538357,-0.0201195769370957,-0.0010059788468547,0.1095754419191919,0.1733657558657559,0.0,5.0,0.519636822598105,0.0058748009682444,0.0099340077886571,0.0002483501947164,0.2492771464646465,-0.1634107514107513,0.0,5.0,0.6241274423399148,-0.0309063043781229,-0.0318839054644301,-0.0019130343278658
2026-04-12,Xander_Bogaerts,593428,hitter,SD,COL,2026,823317,23,135,115,1,607536.0,Kyle_Freeland,1.0,1.0,0.0,0.0,0.0,4.0,1.0,3.0,0.0,5.0,0.1052631578947368,0.74,0.74,0.0,0.0,65.0,4.1,8.2,3.4764378478664204,1.08,0.0,67.0,0,2.0,0.8660254037844387,-0.4999999999999998,-0.7818314824680299,0.6234898018587334,1.5,2.5,0.5,0.5,0.5,1.5,2.5,0.5,0.5,0.5,synthetic,synthetic,synthetic,synthetic,synthetic,0.0,0.0,0.0,0.0,0.0,-110.0,-110.0,-110.0,-110.0,-110.0,-110.0,-110.0,-110.0,-110.0,-110.0,0.0,0.0,0.0,0.0,0.0,2026-08-26T14:02:39.082451+00:00,-0.5146905103575812,-0.6745787599130926,0.39016172888888967,-0.19416809136178703,0.4041956362968542,1.2,2.4,0.8,0.4,1.0,0.0,0.0,0.0,0.0,0.0,batter_pitcher_profile_network_v2,0.7666666666666667,0.3,0.7157756837881835,0.0,0.4620285769541176,0.4096185240712972,-0.2485153645548383,0.0,6.0,0.7916644145922002,-0.0235160377273653,-0.022181997108345,-0.0022181997108345,0.3263439113776442,-0.2772444104023051,0.0,6.0,0.7599264005497827,-0.0167569186164829,-0.0448508020884073,-0.0071761283341451,0.3987412543728131,-0.3462339181286549,0.0,6.0,0.7025593029327205,-0.0107513330419029,-0.0408348490359998,-0.0020417424517999,0.0535129830917875,-0.3128213334792282,0.0,6.0,0.7159084408908901,0.0129240809974961,0.0092763455285212,0.000231908638213,0.149776570048309,-0.3770672514619881,0.0,6.0,0.7125969476535196,-0.0372743703019747,-0.0402621630112909,-0.0024157297806774
2026-04-14,Xander_Bogaerts,593428,hitter,SD,SEA,2026,823315,24,135,136,1,693433.0,Bryan_Woo,3.0,3.0,0.0,0.0,3.0,4.0,4.0,0.0,0.0,5.0,0.1142857142857142,0.6675,0.6675,0.0,0.0,65.0,1.5999999999999999,8.27142857142857,1.3316326530612244,1.08,0.0,66.0,0,2.0,0.8660254037844387,-0.4999999999999998,0.7818314824680298,0.6234898018587336,0.5,2.5,0.5,0.5,0.5,0.5,2.5,0.5,0.5,0.5,synthetic,synthetic,synthetic,synthetic,synthetic,0.0,0.0,0.0,0.0,0.0,-110.0,-110.0,-110.0,-110.0,-110.0,-110.0,-110.0,-110.0,-110.0,-110.0,0.0,0.0,0.0,0.0,0.0,2026-08-26T14:02:39.082451+00:00,0.40560615127407496,-0.6850120753082092,0.25227352929595903,-0.19422598582870204,0.28473645226676525,1.0,2.2,0.8,0.4,1.0,1.0,1.0,0.0,0.0,0.0,batter_pitcher_profile_network_v2,0.8,0.3,0.7956230819881498,0.0,0.4757608517369355,0.5188654545685796,-0.6075764530454797,0.0,7.0,0.8731466799923862,-0.0201530098075591,-0.0515439294361206,-0.005154392943612,0.3997336055148554,-0.7015333600765017,0.0,7.0,0.8060150605404437,-0.0145877095155825,-0.0677317206763078,-0.0108370753082092,0.5118661286630035,-0.7467891733389521,0.0,7.0,0.6824527188851746,-0.0211626110203782,-0.0836620671420442,-0.0041831033571022,0.0275853587962961,-0.7461959706959707,0.0,7.0,0.7596944375344867,0.0103260961023185,0.0069605668519217,0.000174014171298,0.2214265046296295,-0.7782696305660908,0.0,7.0,0.701291199388499,-0.0401024864632847,-0.0582530064382664,-0.0034951803862959
2026-04-15,Xander_Bogaerts,593428,hitter,SD,SEA,2026,823314,25,135,136,1,676106.0,Emerson_Hancock,2.0,5.0,1.0,1.0,2.0,4.0,4.0,0.0,0.0,3.0,0.1052631578947368,0.7475,0.7475,0.75,30.0,65.0,2.2500000000000004,9.75,2.25,1.08,0.0,64.0,0,1.0,0.8660254037844387,-0.4999999999999998,0.9749279121818236,-0.22252093395631434,1.5,1.5,0.5,0.5,1.5,1.5,1.5,0.5,0.5,1.5,synthetic,synthetic,synthetic,synthetic,synthetic,0.0,0.0,0.0,0.0,0.0,-110.0,-110.0,-110.0,-110.0,-110.0,-110.0,-110.0,-110.0,-110.0,-110.0,0.0,0.0,0.0,0.0,0.0,2026-08-26T14:02:39.082451+00:00,-0.10031326297415322,1.3997234236716638,0.22254820261053132,-0.0719094583980352,0.09815047102388474,1.4,2.0,0.6,0.2,1.4,3.0,3.0,0.0,0.0,3.0,batter_pitcher_profile_network_v2,0.8333333333333334,0.25,0.7635866482609295,0.0,0.4807818255636757,0.6065894005847954,-0.2747535441227248,0.0,8.0,1.146692974237765,-0.0031888502949312,-0.0328343841274956,-0.0032834384127495,0.4563133040935673,-0.4456559327677206,0.0,8.0,1.092875370205138,-0.007661314655044,-0.0515559046836805,-0.0082489447493888,0.5832313596491229,-0.5248631287097781,0.0,8.0,0.9902474931290116,-0.0288591434166756,-0.0891675267367432,-0.0044583763368371,0.0037319444444443,-0.6482010358605041,0.0,8.0,0.9891344740840896,9.82438941985746e-05,-0.0003783359214097,-9.458398035244992e-06,0.2648569444444443,-0.4813300531084036,0.0,8.0,1.0343172876144875,0.0026208596091001,-0.0231500443387648,-0.0013890026603258
2026-04-16,Xander_Bogaerts,593428,hitter,SD,SEA,2026,823313,26,135,136,1,622491.0,Luis_Castillo,0.0,0.0,0.0,0.0,0.0,4.0,4.0,0.0,1.0,5.0,0.1081081081081081,0.0,0.0,0.0,0.0,10.0,8.754545454545454,9.472727272727274,4.660714285714286,1.08,9.0,66.0,0,1.0,0.8660254037844387,-0.4999999999999998,0.43388373911755823,-0.900968867902419,1.5,2.5,0.5,0.5,1.5,1.5,2.5,0.5,0.5,1.5,synthetic,synthetic,synthetic,synthetic,synthetic,0.0,0.0,0.0,0.0,0.0,-110.0,-110.0,-110.0,-110.0,-110.0,-110.0,-110.0,-110.0,-110.0,-110.0,0.0,0.0,0.0,0.0,0.0,2026-08-26T14:02:39.082451+00:00,0.03203651489301107,-0.014157376631359853,0.06627433993273302,-0.0897677088023725,0.11135152352203215,1.6,2.8,0.6,0.4,1.8,2.0,5.0,1.0,1.0,2.0,batter_pitcher_profile_network_v2,0.8666666666666667,0.35,0.7542592540421191,2.0,0.5609944678162775,0.7009459984459983,0.6654044462481962,-0.0076923076923077,9.0,0.6087825371499067,-0.0044524229216122,0.0925872151521777,0.0092587215152177,0.5801214063714063,0.5715974025974025,0.1846153846153846,9.0,0.6667943633769821,-0.0086248690352924,0.2196160582161637,0.0351385693145862,0.6737325174825174,0.5894910413660414,0.0461538461538461,9.0,0.7357349366860975,0.0003801600099186,0.1254481886160506,0.0062724094308025,0.1403672542735041,0.4290874819624819,0.2,9.0,0.7659705118282581,-0.0029617447642638,0.1852916479051023,0.0046322911976275,0.3949465811965811,0.6842364117364118,-0.0461538461538461,9.0,0.6106550302416507,-0.0187461772593281,0.0030112350197099,0.0001806741011825
2026-04-17,Xander_Bogaerts,593428,hitter,SD,LAA,2026,824048,27,135,108,0,667755.0,José_Soriano,0.0,0.0,0.0,0.0,0.0,3.0,2.0,1.0,0.0,5.0,0.088235294117647,0.2299999999999999,0.2299999999999999,0.0,0.0,27.6,0.375,10.035714285714286,8.882142857142858,1.08,9.0,74.0,0,1.0,0.8660254037844387,-0.4999999999999998,-0.433883739117558,-0.9009688679024191,1.5,1.5,0.5,0.5,0.5,1.5,1.5,0.5,0.5,0.5,synthetic,synthetic,synthetic,synthetic,synthetic,0.0,0.0,0.0,0.0,0.0,-110.0,-110.0,-110.0,-110.0,-110.0,-110.0,-110.0,-110.0,-110.0,-110.0,0.0,0.0,0.0,0.0,0.0,2026-08-26T14:02:39.082451+00:00,-0.39720804336504023,-0.3054086721418281,-0.030873137390205363,-0.333780563035034,0.5008414493968918,1.2,1.8,0.2,0.2,1.0,0.0,0.0,0.0,0.0,0.0,batter_pitcher_profile_network_v2,0.9,0.3,0.6107767650481928,0.0,0.5325539538844789,0.60808020196572,-0.7893452380952383,0.0,10.0,1.0868895659401323,0.0113729560469111,-0.1681392571798135,-0.0168139257179813,0.4917756901993689,-0.7890572196620584,0.0,10.0,1.1122110833645282,0.0159885918475165,-0.1119475832393659,-0.0179116133182985,0.581341019417476,-0.633712877624168,0.0,10.0,1.1443325363926888,-0.0190830083373541,-0.1481350167116687,-0.0074067508355834,0.0914699074074072,-0.7584120583717359,0.0,10.0,1.1486790770854416,0.0490785116569028,0.0247774785986423,0.000619436964966,0.3045138888888889,-0.7555408346134153,0.0,10.0,1.0758212787258008,0.0401173506818664,-0.0505066557100664,-0.0030303993426039
2026-04-18,Xander_Bogaerts,593428,hitter,SD,LAA,2026,824049,28,135,108,0,579328.0,Yusei_Kikuchi,1.0,1.0,0.0,0.0,0.0,4.0,4.0,0.0,0.0,5.0,0.1025641025641025,0.2225,0.2225,0.0,0.0,26.7,4.1,8.2,8.239285714285716,1.08,0.0,75.0,0,1.0,0.8660254037844387,-0.4999999999999998,-0.9749279121818236,-0.2225209339563146,1.5,1.5,0.5,0.5,0.5,1.5,1.5,0.5,0.5,0.5,synthetic,synthetic,synthetic,synthetic,synthetic,0.0,0.0,0.0,0.0,0.0,-110.0,-110.0,-110.0,-110.0,-110.0,-110.0,-110.0,-110.0,-110.0,-110.0,0.0,0.0,0.0,0.0,0.0,2026-08-26T14:02:39.082451+00:00,-0.28425807509747436,-0.2752817991027594,-0.03855888959008963,-0.334735356063747,0.4865966665977184,1.2,1.8,0.2,0.2,1.0,0.0,0.0,0.0,0.0,0.0,batter_pitcher_profile_network_v2,0.9333333333333332,0.25,0.7897379519917778,0.0,0.5299809418869185,0.5955804507337528,0.3708607011180539,0.0,11.0,1.1712571797836595,-0.0177867845716503,0.0433459889519946,0.0043345988951994,0.4663228137166817,0.3653654534463357,0.0,11.0,1.1363927182887557,-0.0225272009726929,-0.0003549943922453,-5.679910275925182e-05,0.5622950359389042,0.6615046635463303,0.0,11.0,0.9359542186801932,-0.0105741787393416,0.0624211092971098,0.0031210554648554,0.05304935515873,0.3865460090018913,0.0,11.0,1.0850027222045595,-0.0174384371105603,-0.0134142425498819,-0.000335356063747,0.2634623015873016,0.6181327499660834,0.0,11.0,0.925475759613284,-0.0366792127785258,0.0044499378007991,0.0002669962680479
2026-04-19,Xander_Bogaerts,593428,hitter,SD,LAA,2026,824047,29,135,108,0,700712.0,Walbert_Ureña,1.0,1.0,1.0,0.0,1.0,4.0,2.0,2.0,1.0,5.0,0.1176470588235294,0.5675,0.5675,0.0,0.0,65.0,1.5,10.5,9.525000000000002,1.08,0.0,78.0,0,1.0,0.8660254037844387,-0.4999999999999998,-0.7818314824680299,0.6234898018587334,1.5,1.5,0.5,0.5,0.5,1.5,1.5,0.5,0.5,0.5,synthetic,synthetic,synthetic,synthetic,synthetic,0.0,0.0,0.0,0.0,0.0,-110.0,-110.0,-110.0,-110.0,-110.0,-110.0,-110.0,-110.0,-110.0,-110.0,0.0,0.0,0.0,0.0,0.0,2026-08-26T14:02:39.082451+00:00,-0.17885927645920874,0.03384787364165587,0.2289134334384637,-0.3334933093390833,0.6725527928832296,1.2,1.8,0.2,0.2,1.0,1.0,1.0,0.0,0.0,0.0,batter_pitcher_profile_network_v2,0.9666666666666668,0.05,0.9425,0.0,0.4950605208333333,0.5867188044235461,-0.8791666666666668,0.0,12.0,1.241477904180898,-0.0005580803703757,-0.0286711959646377,-0.0028671195964637,0.444231757227447,-0.9222916666666668,0.0,12.0,1.2291402203895418,0.0041499337629296,-0.0165482162102412,-0.0026477145936385,0.5459427246603973,-0.748263888888889,0.0,12.0,1.2862135035739497,-0.0262309090904394,-0.0489372135836682,-0.0024468606791834,0.0169336685823754,-0.99,0.0,12.0,1.1834928839751753,0.037199443884588,0.0362676264366714,0.0009066906609167,0.2237655651340998,-0.8402777777777779,0.0,12.0,1.235056021222811,0.0294870189968575,0.0116641951126444,0.0006998517067586
2026-04-21,Xander_Bogaerts,593428,hitter,SD,COL,2026,824369,30,135,115,0,623474.0,Jimmy_Herget,1.0,1.0,0.0,0.0,0.0,4.0,4.0,0.0,2.0,5.0,0.1111111111111111,0.2225,0.2225,0.0,0.0,26.7,3.0,6.0,3.4071428571428575,1.0477777777777777,8.0,82.0,0,2.0,0.8660254037844387,-0.4999999999999998,0.7818314824680298,0.6234898018587336,0.5,1.5,0.5,0.5,0.5,0.5,1.5,0.5,0.5,0.5,synthetic,synthetic,synthetic,synthetic,synthetic,0.0,0.0,0.0,0.0,0.0,-110.0,-110.0,-110.0,-110.0,-110.0,-110.0,-110.0,-110.0,-110.0,-110.0,0.0,0.0,0.0,0.0,0.0,2026-08-26T14:02:39.082451+00:00,0.5347220995178421,-0.3732220568952769,-0.0009364407924231655,-0.3430613545369686,0.1473624835573657,0.8,1.4,0.4,0.2,0.6,1.0,1.0,1.0,0.0,1.0,batter_pitcher_profile_network_v2,1.0,0.1,0.7147747564417434,1.0,0.5449940092335886,0.6099922027290453,-0.0396666666666667,0.1111111111111111,12.0,1.6337644489969758,-0.0110950134732739,0.0883638523212796,0.0088363852321279,0.4554083820662771,0.3067083333333333,0.1111111111111111,12.0,1.3444138839804882,-0.0228353990289831,0.1008517277378542,0.0161362764380566,0.5608991228070179,0.0297361111111111,0.1111111111111111,12.0,1.5601433607124506,-0.0283941972778826,0.071628327008678,0.0035814163504339,-0.0025891203703704,0.739,0.1111111111111111,12.0,0.8699625841541929,-0.0292750012810609,0.0659902629657026,0.0016497565741425,0.2437129629629632,0.0377222222222222,0.1111111111111111,12.0,1.513218622122663,-0.0285460691818459,0.076477900559267,0.004588674033556
2026-04-22,Xander_Bogaerts,593428,hitter,SD,COL,2026,824367,31,135,115,0,608372.0,Tomoyuki_Sugano,2.0,2.0,0.0,0.0,0.0,4.0,4.0,0.0,0.0,5.0,0.1081081081081081,0.445,0.445,0.0,0.0,53.4,5.25,6.25,3.567857142857143,1.0477777777777777,0.0,78.0,0,1.0,0.8660254037844387,-0.4999999999999998,0.9749279121818236,-0.22252093395631434,0.5,0.5,0.5,0.5,0.5,0.5,0.5,0.5,0.5,0.5,synthetic,synthetic,synthetic,synthetic,synthetic,0.0,0.0,0.0,0.0,0.0,-110.0,-110.0,-110.0,-110.0,-110.0,-110.0,-110.0,-110.0,-110.0,-110.0,0.0,0.0,0.0,0.0,0.0,2026-08-26T14:02:39.082451+00:00,0.3554766492725788,0.20060506363615338,-0.1493882762387963,-0.4873112239970152,-0.2241267101347042,0.6,0.6,0.2,0.0,0.2,1.0,1.0,0.0,0.0,0.0,batter_pitcher_profile_network_v2,1.0,0.3,0.7132493912283988,1.0,0.5975380848723564,0.5770974658869399,0.2383463693169575,-0.1074074074074074,11.0,1.3335795599912543,-0.0074521422666197,-0.052565553606257,-0.0052565553606257,0.4334785575048736,0.3945726944624003,-0.1086419753086419,11.0,1.1428524869739949,-0.015996403423233,-0.0680145234452124,-0.0108823237512339,0.5264692982456145,0.1372194121238239,-0.0814814814814814,11.0,1.3966823389668774,-0.0208633249950537,-0.0699469919573955,-0.0034973495978697,-0.0025891203703704,0.5403447532859298,-0.0987654320987654,11.0,0.9660608733502024,-0.0193996072273577,-0.1040045154361675,-0.0026001128859041,0.2362129629629632,0.211034188034188,-0.1111111111111111,11.0,1.3054984269137642,-0.0289227813541969,-0.102578373544942,-0.0061547024126965
2026-04-23,Xander_Bogaerts,593428,hitter,SD,COL,2026,824368,32,135,115,0,663372.0,Ryan_Feltner,2.0,5.0,3.0,1.0,2.0,5.0,3.0,2.0,0.0,5.0,0.108695652173913,0.874,0.874,1.0,30.0,65.0,7.8088235294117645,6.209558823529412,3.9535714285714287,1.0477777777777777,-8.0,64.0,0,1.0,0.8660254037844387,-0.4999999999999998,0.43388373911755823,-0.900968867902419,0.5,0.5,0.5,0.5,0.5,0.5,0.5,0.5,0.5,0.5,synthetic,synthetic,synthetic,synthetic,synthetic,0.0,0.0,0.0,0.0,0.0,-110.0,-110.0,-110.0,-110.0,-110.0,-110.0,-110.0,-110.0,-110.0,-110.0,0.0,0.0,0.0,0.0,0.0,2026-08-26T14:02:39.082451+00:00,0.7334630531043957,1.9986579495375354,0.11294581528770442,-0.16072020100931333,-0.06938728066859295,1.0,1.0,0.2,0.0,0.2,2.0,2.0,0.0,0.0,0.0,batter_pitcher_profile_network_v2,1.0,0.3,0.781860845019803,0.0,0.5762666139455223,0.6523290082846009,0.5445497914561382,0.0,13.0,1.3125354551375796,-0.0080787303689286,0.0774886177569039,0.0077488617756903,0.4906375487329439,0.6409651541872905,0.0,13.0,1.1775264138077253,-0.0229048127997931,0.0342435251893079,0.0054789640302892,0.5901178728070181,0.5746404379492616,0.0,13.0,1.3368558611586008,-0.0167577650779946,0.0572144424000555,0.0028607221200027,0.0072997685185185,0.7400361001332365,0.0,13.0,1.055156725957615,-0.0415420037614638,-0.0403635959280893,-0.0010090898982022,0.2785497685185188,0.6642556781895019,0.0,13.0,1.1927307377343208,-0.0558589693633918,-0.0015323175614348,-9.19390536860909e-05
2026-04-25,Xander_Bogaerts,593428,hitter,SD,AZ,2026,825093,33,135,109,0,668678.0,Zac_Gallen,0.0,0.0,1.0,0.0,0.0,4.0,3.0,1.0,3.0,5.0,0.1052631578947368,0.1725,0.1725,0.0,0.0,20.7,3.458823529411765,5.788235294117648,4.177222777222778,1.08,0.0,84.0,0,2.0,0.8660254037844387,-0.4999999999999998,-0.9749279121818236,-0.2225209339563146,1.5,1.5,0.5,0.5,0.5,1.5,1.5,0.5,0.5,0.5,synthetic,synthetic,synthetic,synthetic,synthetic,0.0,0.0,0.0,0.0,0.0,-110.0,-110.0,-110.0,-110.0,-110.0,-110.0,-110.0,-110.0,-110.0,-110.0,0.0,0.0,0.0,0.0,0.0,2026-08-26T14:02:39.082451+00:00,0.14645609335412568,0.5466858583623897,0.539198729635674,-0.23352930260193472,0.3209333531553479,1.4,2.0,0.8,0.2,0.6,2.0,5.0,3.0,1.0,2.0,batter_pitcher_profile_network_v2,1.0,0.45,0.6881897613195231,0.0,0.6195635394072613,0.6676580060664116,0.7193414838157485,0.0,14.0,1.2728144589009431,0.0042160937628845,0.1497543819916722,0.0149754381991672,0.5717087324393362,0.594213546529723,0.0,14.0,1.414594862934646,0.0021463669108202,0.1091468121333559,0.0174634899413369,0.6090779454022992,0.2739169389978214,0.0,14.0,1.7904647567537164,0.0295988245865859,0.081620236543338,0.0040810118271669,0.1760497685185185,0.4417829909741674,0.0,14.0,1.5420065496433808,0.0105766072512915,0.034827895922612,0.0008706973980653,0.3717719907407411,0.3732919389978214,0.0,14.0,1.656694095881294,-0.0236362509628418,0.0255456768333096,0.0015327406099985
2026-04-26,Xander_Bogaerts,593428,hitter,SD,AZ,2026,825094,34,135,109,0,669194.0,Ryne_Nelson,1.0,1.0,1.0,0.0,0.0,4.0,4.0,0.0,1.0,5.0,0.1,0.2225,0.2225,0.0,0.0,26.7,73.09191176470588,15.584558823529411,4.991508491508491,1.08,0.0,85.0,0,1.0,0.8660254037844387,-0.4999999999999998,-0.7818314824680299,0.6234898018587334,1.5,1.5,0.5,0.5,0.5,1.5,1.5,0.5,0.5,0.5,synthetic,synthetic,synthetic,synthetic,synthetic,0.0,0.0,0.0,0.0,0.0,-110.0,-110.0,-110.0,-110.0,-110.0,-110.0,-110.0,-110.0,-110.0,-110.0,0.0,0.0,0.0,0.0,0.0,2026-08-26T14:02:39.082451+00:00,-0.7430407003306869,-0.2766597675993643,0.4507459702477,-0.3341914486253801,0.04979828146424903,1.2,1.8,1.0,0.2,0.6,0.0,0.0,1.0,0.0,0.0,batter_pitcher_profile_network_v2,1.0,0.45,0.6755196270857251,0.0,0.6202619805568994,0.5964827279202285,0.0926683661707071,0.0,15.0,2.1126038424372493,-0.0071116342472518,0.0179356785211062,0.0017935678521106,0.5224483618233623,0.2285341711149338,0.0,15.0,2.022265477653802,-0.0201395860014316,0.0085327025039737,0.0013652324006357,0.5581404914529919,0.3853451138519924,0.0,15.0,1.9981763589327368,0.0511227419822524,0.1209109134455086,0.0060455456722754,0.1734942129629629,0.3977882033729983,0.0,15.0,1.8742233188721389,-0.0140516176596266,0.0083420549847989,0.0002085513746199,0.3608310185185189,0.4271932321315623,0.0,15.0,1.906434582568845,-0.0472923632475892,0.0145476148137411,0.0008728568888244
2026-04-27,Xander_Bogaerts,593428,hitter,SD,CHC,2026,823311,35,135,112,1,571510.0,Matthew_Boyd,2.0,2.0,1.0,0.0,0.0,5.0,5.0,0.0,0.0,5.0,0.1219512195121951,0.356,0.356,0.0,0.0,42.72,6.724216959511078,14.235676088617263,5.877551020408164,1.08,0.0,64.0,0,1.0,0.8660254037844387,-0.4999999999999998,0.0,1.0,0.5,1.5,0.5,0.5,0.5,1.5,1.5,0.5,0.5,0.5,real,real,synthetic,synthetic,synthetic,1.0,1.0,0.0,0.0,0.0,-221.0,143.0,-110.0,-110.0,-110.0,164.0,-192.0,-110.0,-110.0,-110.0,0.0,0.0,0.0,0.0,0.0,2026-04-27T02:00:02.937037+00:00,0.4338663877393887,-0.05531565224529089,0.5954598643591154,-0.33447388260881994,0.021426710589320552,1.2,1.8,1.0,0.2,0.4,1.0,1.0,1.0,0.0,0.0,batter_pitcher_profile_network_v2,1.0,0.2,0.8234279326771847,0.0,0.549826015649409,0.4852284016007533,0.1805048288675739,0.0,16.0,2.3770812261910117,-0.0085903807519905,0.0154652533766507,0.001546525337665,0.3643883788449467,0.2869477301021417,0.0,16.0,2.285807561697605,-0.0178765659352614,-0.008352399703801,-0.0013363839526081,0.4503200918079098,0.3998100028451335,0.0,16.0,2.282775053602715,0.0756850626640065,0.1074755350668255,0.0053737767533412,-0.0094409722222222,0.3351344584972035,0.0,16.0,2.218052818035001,-0.0029553043527961,-0.0029553043527961,-7.388260881990345e-05,0.1936770833333336,0.4981561962607713,0.0,16.0,2.135256445786448,-0.0597251157205051,-0.0277579096238172,-0.001665474577429
2026-04-28,Xander_Bogaerts,593428,hitter,SD,CHC,2026,823310,36,135,112,1,665795.0,Edward_Cabrera,1.0,4.0,2.0,1.0,1.0,4.0,3.0,1.0,2.0,4.0,0.1142857142857142,0.6975,0.6975,1.0,30.0,65.0,4.585714285714286,6.542857142857144,6.841836734693878,1.08,0.0,66.0,0,1.0,0.8660254037844387,-0.4999999999999998,0.7818314824680298,0.6234898018587336,1.5,1.0,0.5,0.5,0.5,1.5,1.5,1.5,0.5,0.5,synthetic,real,real,real,synthetic,0.0,8.0,7.0,8.0,0.0,-110.0,-14.25,140.28571428571428,687.5,-110.0,-110.0,65.4,-187.4,0.0,-110.0,0.0,0.5345224838248488,0.0,0.0,0.0,2026-04-28T17:23:11.163256+00:00,0.13455842740672685,2.0578729536487916,0.9607188725627216,-0.009656150391927576,0.16278825191713475,1.4,2.0,1.2,0.2,0.4,2.0,2.0,1.0,0.0,0.0,batter_pitcher_profile_network_v2,1.0,0.45,0.6386592585592403,0.0,0.6222939083719219,0.4826196759259261,0.2844855888679418,0.0,17.0,2.426607436242843,-0.0023932575365098,0.0496114849516275,0.0049611484951627,0.3553689814814816,0.3007926883000413,0.0,17.0,2.3940089504365822,-0.0151332437426117,0.0159247103049455,0.0025479536487912,0.4326562500000002,0.2917504475960359,0.0,17.0,2.485675029822636,0.0794295222596888,0.1250407165605512,0.0062520358280275,-0.017692824074074,0.3390528234351764,0.0,17.0,2.333113667963944,-0.0102460156771044,-0.0102460156771044,-0.0002561503919276,0.1508141203703705,0.3136479701185584,0.0,17.0,2.4042299607850794,-0.0662027770900987,-0.0325597469593191,-0.0019535848175591
2026-04-29,Xander_Bogaerts,593428,hitter,SD,CHC,2026,823312,37,135,112,1,592791.0,Jameson_Taillon,0.0,0.0,0.0,0.0,0.0,4.0,4.0,0.0,1.0,4.0,0.1212121212121212,0.0,0.0,0.0,0.0,10.0,5.8999999999999995,9.4,6.841836734693878,1.08,0.0,70.0,0,1.0,0.8660254037844387,-0.4999999999999998,0.9749279121818236,-0.22252093395631434,1.5,1.5,0.5,0.5,0.5,1.5,2.5,1.5,0.5,0.5,synthetic,real,real,synthetic,synthetic,0.0,8.0,7.0,0.0,0.0,-110.0,0.0,0.0,-110.0,-110.0,-110.0,0.0,0.0,-110.0,-110.0,0.0,0.0,0.7559289460184545,0.0,0.0,2026-04-30T03:22:26.750124+00:00,-0.25353669856709216,0.5908360998898146,0.9875760491081487,-0.0917563183983176,0.2619498503530707,1.2,2.4,1.6,0.4,0.6,1.0,4.0,2.0,1.0,1.0,batter_pitcher_profile_network_v2,1.0,0.4,0.7349028802579274,0.0,0.6039897588673615,0.5821678126897388,0.4454503676470588,0.0,18.0,2.5637749759402477,-0.0113924595603863,0.0687468053000133,0.0068746805300013,0.5122513812993319,0.6070588235294118,0.0,18.0,2.3465114516509167,0.0026360099979478,0.0863903970386125,0.013822463526178,0.5525768442622949,0.8168504901960785,0.0,18.0,2.048476783171568,0.1204811992084639,0.2401387929236391,0.0120069396461819,0.1714275462962962,0.788125,0.0,18.0,2.0629583116187806,0.0699309638198345,0.1057472640672984,0.0026436816016824,0.3587365740740741,0.8178921568627452,0.0,18.0,2.0582846991241017,-0.0523185593478731,0.0385426512153714,0.0023125590729222
2026-05-01,Xander_Bogaerts,593428,hitter,SD,CWS,2026,823309,38,135,145,1,702273.0,Noah_Schultz,0.0,0.0,0.0,0.0,0.0,4.0,3.0,1.0,1.0,5.0,0.1111111111111111,0.1725,0.1725,0.0,0.0,20.7,3.6769230769230767,10.36923076923077,2.0714285714285716,1.08,0.0,66.0,0,2.0,0.49999999999999994,-0.8660254037844387,-0.433883739117558,-0.9009688679024191,0.5,1.5,0.5,0.5,0.5,0.5,1.5,0.5,0.5,0.5,synthetic,real,real,real,synthetic,0.0,8.0,7.0,8.0,0.0,-110.0,57.0,119.71428571428571,728.125,-110.0,-110.0,-79.0,-161.6,0.0,-110.0,0.0,0.46291004988627577,0.0,0.0,0.0,2026-05-02T00:15:33.012287+00:00,0.04493371076931563,-0.5493778394163864,0.1478605760991546,-0.3336541600252419,-0.3740797429387574,0.8,1.4,1.0,0.2,0.2,0.0,0.0,0.0,0.0,0.0,batter_pitcher_profile_network_v2,1.0,0.15,0.7263462458210317,0.0,0.5391533877330386,0.5864161133694671,-0.6145440356744706,0.0,19.0,2.2246133648355544,-0.0061996803608884,-0.0986189362628888,-0.0098618936262888,0.5150835817524841,-0.5677871210914689,0.0,19.0,2.229887844484814,-0.0007542654718955,-0.0811635796857484,-0.0129861727497197,0.5595757113821138,-0.112063492063492,0.0,19.0,2.865627655927181,0.0704432324405435,0.0532829505545181,0.0026641475277259,0.1714275462962961,-0.4590569623613103,0.0,19.0,2.313346601989168,0.0513687835474261,0.0298335989903278,0.0007458399747581,0.361236574074074,-0.2903174603174603,0.0,19.0,2.5582592258555814,-0.0299088909246787,-0.0511306362808798,-0.0030678381768527
2026-05-02,Xander_Bogaerts,593428,hitter,SD,CWS,2026,823308,39,135,145,1,680732.0,Sean_Burke,0.0,0.0,0.0,0.0,0.0,4.0,3.0,1.0,3.0,5.0,0.1142857142857142,0.1725,0.1725,0.0,0.0,20.7,3.25,4.261363636363637,2.9285714285714284,1.08,0.0,66.0,0,1.0,0.49999999999999994,-0.8660254037844387,-0.9749279121818236,-0.2225209339563146,0.5,1.5,0.5,0.5,0.5,0.5,1.5,0.5,0.5,0.5,synthetic,real,real,real,synthetic,0.0,8.0,7.0,8.0,0.0,-110.0,55.625,125.28571428571429,691.25,-110.0,-110.0,-52.8,-167.6,0.0,-110.0,0.0,0.46291004988627577,0.0,0.0,0.0,2026-05-02T16:59:46.553036+00:00,0.40144070810855415,-0.5309322588968757,0.07010208772530457,-0.333043130470947,-0.3271187313972225,0.8,1.4,0.8,0.2,0.2,0.0,0.0,0.0,0.0,0.0,batter_pitcher_profile_network_v2,1.0,0.35,0.7141338262795307,0.0,0.5918815121982651,0.3925350198412697,0.2049117916025211,0.0,19.0,3.026457222395734,-0.0168197123242738,0.0229936611721229,0.0022993661172122,0.2845316798941798,0.2164909653416493,0.0,19.0,2.968735524533173,-0.003436204323176,0.0124546318945276,0.0019927411031244,0.3421800595238093,0.211611093018768,0.0,19.0,3.013222472345967,0.1002710146027946,0.1209703259346658,0.0060485162967332,-0.0137298611111111,0.2650060362636351,0.0,19.0,2.8785848880586027,0.0542747811621209,0.0542747811621209,0.001356869529053,0.1014437499999997,0.2270617431369713,0.0,19.0,2.9331717574932634,-0.0687195827046411,-0.0449550470965645,-0.0026973028257938
2026-05-03,Xander_Bogaerts,593428,hitter,SD,CWS,2026,823307,40,135,145,1,641743.0,Anthony_Kay,2.0,2.0,1.0,0.0,1.0,4.0,4.0,0.0,0.0,5.0,0.1212121212121212,0.445,0.445,0.0,0.0,53.4,10.670454545454547,3.4431818181818183,2.607142857142857,1.08,0.0,66.0,0,1.0,0.49999999999999994,-0.8660254037844387,-0.7818314824680299,0.6234898018587334,0.5,1.5,0.5,0.5,0.5,0.5,1.5,0.5,0.5,0.5,synthetic,synthetic,synthetic,synthetic,synthetic,0.0,0.0,0.0,0.0,0.0,-110.0,-110.0,-110.0,-110.0,-110.0,-110.0,-110.0,-110.0,-110.0,-110.0,0.0,0.0,0.0,0.0,0.0,2026-08-26T14:02:39.082451+00:00,0.3045356029766886,-0.52500258622726,0.08580789808430922,-0.33349518585968274,-0.25393799611961804,0.6,1.2,0.6,0.2,0.2,0.0,0.0,0.0,0.0,0.0,batter_pitcher_profile_network_v2,1.0,0.45,0.640045071814265,0.0,0.6222175154162386,0.2332481481481481,0.3764339155690965,0.0,20.0,3.116952669117336,-0.0214456532364944,0.0316049475158035,0.0031604947515803,0.1494037037037036,0.4179227920772038,0.0,20.0,3.0586434286809325,-0.0077594624159739,0.0108361088068977,0.0017337774091036,0.2137499999999998,0.628690629024905,0.0,20.0,2.8321880764457323,0.0960979629629842,0.1444696499978735,0.0072234824998936,-0.0923768518518518,0.4956040050949554,0.0,20.0,2.946732415471189,0.0361925656126921,0.0361925656126921,0.0009048141403173,0.0106092592592591,0.604791467289205,0.0,20.0,2.852899225662357,-0.0773148929546798,-0.0556765587035912,-0.0033405935222154
2026-05-04,Xander_Bogaerts,593428,hitter,SD,SF,2026,823228,41,135,137,0,686790.0,Trevor_McDonald,0.0,0.0,0.0,0.0,0.0,3.0,3.0,0.0,0.0,5.0,0.0967741935483871,0.0,0.0,0.0,0.0,10.0,28.5,14.0,1.9792207792207797,1.08,0.0,58.0,0,1.0,0.49999999999999994,-0.8660254037844387,0.0,1.0,0.5,1.5,0.5,0.5,0.5,0.5,1.5,0.5,0.5,0.5,synthetic,synthetic,synthetic,synthetic,synthetic,0.0,0.0,0.0,0.0,0.0,-110.0,-110.0,-110.0,-110.0,-110.0,-110.0,-110.0,-110.0,-110.0,-110.0,0.0,0.0,0.0,0.0,0.0,2026-08-26T14:02:39.082451+00:00,-0.04483977098170644,-0.47363036580416074,-0.08499543835276624,-0.33390683138431754,-0.150779986304848,0.6,1.2,0.6,0.2,0.4,2.0,2.0,1.0,0.0,1.0,batter_pitcher_profile_network_v2,1.0,0.0,1.0,0.0,0.5,0.2755849537037037,0.0,0.0,21.0,3.519959960937625,-0.0002877075756504,0.0,0.0,0.1846328703703703,0.0,0.0,21.0,3.420953067297592,0.0001758951708363,0.0002638427562544,4.221484100071974e-05,0.2471354166666666,0.0,0.0,21.0,3.39001795198548,0.0671607763045417,0.0671607763045417,0.003358038815227,-0.082487962962963,0.0,0.0,21.0,3.287371877043679,0.0197267446273002,0.0197267446273002,0.0004931686156825,0.0479460648148147,0.0,0.0,21.0,3.3015802591442203,-0.0566105973064515,-0.0424579479798386,-0.0025474768787903
2026-05-05,Xander_Bogaerts,593428,hitter,SD,SF,2026,823227,42,135,137,0,657277.0,Logan_Webb,2.0,5.0,1.0,1.0,2.0,5.0,4.0,1.0,0.0,6.0,0.1162790697674418,0.736,0.736,0.75,30.0,65.0,3.214285714285715,7.714285714285714,2.622077922077923,1.08,11.0,59.0,0,1.0,0.49999999999999994,-0.8660254037844387,0.7818314824680298,0.6234898018587336,0.5,0.5,0.5,0.5,0.5,0.5,0.5,0.5,0.5,0.5,synthetic,synthetic,synthetic,synthetic,synthetic,0.0,0.0,0.0,0.0,0.0,-110.0,-110.0,-110.0,-110.0,-110.0,-110.0,-110.0,-110.0,-110.0,-110.0,0.0,0.0,0.0,0.0,0.0,2026-08-26T14:02:39.082451+00:00,-0.09446955652417838,0.98822460195624,-0.033670116658526705,-0.21373504863843668,-0.166202005743598,0.4,0.4,0.2,0.0,0.2,0.0,0.0,0.0,0.0,0.0,batter_pitcher_profile_network_v2,1.0,0.45,0.6551380855138831,1.0,0.6401355130360472,0.2705849537037034,0.2057649572649572,-0.1074074074074074,21.0,3.5492837860355197,-0.0039620928357424,-0.0696862025114919,-0.0069686202511491,0.1812995370370368,0.0106586885336884,-0.1111111111111111,21.0,3.4289743629886305,1.4873657888222523e-05,-0.0912633889362893,-0.0146021422298062,0.2438020833333331,0.0433875245125245,-0.1111111111111111,21.0,3.428092427346283,0.0715913638790997,-0.0167128133879932,-0.0008356406693996,-0.082487962962963,-0.1856481296481296,-0.1111111111111111,21.0,3.0645809510554884,0.0238312946539831,-0.0734019455374709,-0.0018350486384367,0.0479460648148147,0.047497372997373,0.0962962962962963,21.0,3.344565549698616,-0.0595270980437102,0.0358318684332386,0.0021499121059943
2026-05-06,Xander_Bogaerts,593428,hitter,SD,SF,2026,823226,43,135,137,0,605288.0,Adrian_Houser,1.0,4.0,1.0,1.0,2.0,1.0,1.0,0.0,0.0,4.0,0.0263157894736842,2.1,2.1,3.0,30.0,65.0,10.046218487394958,4.065126050420168,3.4792207792207797,1.08,0.0,67.0,0,1.0,0.49999999999999994,-0.8660254037844387,0.9749279121818236,-0.22252093395631434,0.5,1.5,0.5,0.5,0.5,0.5,1.5,0.5,0.5,0.5,synthetic,synthetic,synthetic,synthetic,synthetic,0.0,0.0,0.0,0.0,0.0,-110.0,-110.0,-110.0,-110.0,-110.0,-110.0,-110.0,-110.0,-110.0,-110.0,0.0,0.0,0.0,0.0,0.0,2026-08-26T14:02:39.082451+00:00,0.5849065803233935,4.535647542231982,0.9383388743083521,0.589469353283766,0.7737628534539809,0.8,1.4,0.4,0.2,0.6,2.0,5.0,1.0,1.0,2.0,batter_pitcher_profile_network_v2,1.0,0.45,0.6465633133143872,1.0,0.6406081973535445,0.3646555555555556,0.5993112105196482,-0.1111111111111111,22.0,3.3373985227096923,-0.0005671022142124,-0.0142349218407836,-0.0014234921840783,0.3115425925925925,0.5502512406311374,-0.1111111111111111,22.0,3.4220784802258084,0.0091777541603162,-0.0171206242080102,-0.0027392998732816,0.3392499999999999,0.5060765352204534,-0.1111111111111111,22.0,3.571349866766419,0.1001942566503554,0.0693988122094167,0.0034699406104708,0.0691972222222222,0.5230998587215897,-0.1111111111111111,22.0,3.414556400367923,0.033456503025856,-0.0452258686493623,-0.001130646716234,0.1970166666666666,0.5600160243326812,0.0814814814814814,22.0,3.460905310398252,-0.0557826547129921,0.06424076786482,0.0038544460718892
2026-05-07,Xander_Bogaerts,593428,hitter,SD,STL,2026,823306,44,135,138,1,669461.0,Matthew_Liberatore,1.0,1.0,0.0,0.0,1.0,3.0,3.0,0.0,1.0,5.0,0.1,0.2966666666666667,0.2966666666666667,0.0,0.0,35.6,6.0588235294117645,6.817647058823529,4.252319109461967,1.08,0.0,64.0,0,1.0,0.49999999999999994,-0.8660254037844387,0.43388373911755823,-0.900968867902419,0.5,2.5,0.5,0.5,0.5,0.5,2.5,0.5,0.5,0.5,synthetic,synthetic,synthetic,synthetic,synthetic,0.0,0.0,0.0,0.0,0.0,-110.0,-110.0,-110.0,-110.0,-110.0,-110.0,-110.0,-110.0,-110.0,-110.0,0.0,0.0,0.0,0.0,0.0,2026-08-26T14:02:39.082451+00:00,0.5758251738515252,-0.4158876838515546,0.19957086331213436,-0.09009801726727179,0.6299787495467599,1.0,2.2,0.6,0.4,1.0,1.0,4.0,1.0,1.0,2.0,batter_pitcher_profile_network_v2,1.0,0.5,0.6572480940620068,0.0,0.6347435542387021,0.6030753839205059,0.2845321753219586,0.0,23.0,4.0873761385213765,-0.0023110576475981,0.0588142908088944,0.0058814290808894,0.7191496386630533,0.3993321728497425,0.0,23.0,3.946603923998216,0.020888749905951,0.1297644759277794,0.0207623161484447,0.6143292682926829,0.2492934585796042,0.0,23.0,4.07792452245458,0.0882729626995029,0.1407648234473863,0.0070382411723693,0.5083175925925927,0.5034141106487857,0.0,23.0,3.746830765472201,0.08437106781363,0.1720793093091317,0.0043019827327282,0.6726925925925926,0.3215552209400507,0.0,23.0,3.989895284204077,-0.0152355751737866,0.0627132345610297,0.0037627940736617
2026-05-08,Xander_Bogaerts,593428,hitter,SD,STL,2026,823303,45,135,138,1,700241.0,Michael_McGreevy,0.0,0.0,0.0,0.0,0.0,4.0,4.0,0.0,2.0,2.0,0.1333333333333333,0.0,0.0,0.0,0.0,10.0,2.6176470588235294,6.088235294117648,3.39517625231911,1.08,0.0,68.0,0,1.0,0.49999999999999994,-0.8660254037844387,-0.433883739117558,-0.9009688679024191,1.5,2.5,0.5,0.5,1.5,1.5,2.5,0.5,0.5,1.5,synthetic,synthetic,synthetic,synthetic,synthetic,0.0,0.0,0.0,0.0,0.0,-110.0,-110.0,-110.0,-110.0,-110.0,-110.0,-110.0,-110.0,-110.0,-110.0,0.0,0.0,0.0,0.0,0.0,2026-08-26T14:02:39.082451+00:00,-0.22829142272024172,-0.8294297478252861,-0.08596241052529258,-0.1921028277149066,-0.495350237590199,1.2,2.4,0.6,0.4,1.2,1.0,1.0,0.0,0.0,1.0,batter_pitcher_profile_network_v2,1.0,0.5,0.5480220850934538,0.0,0.641433647288026,0.6000486225895316,-0.1506849789915965,0.0,24.0,4.115797013236729,-0.005405246756798,-0.0408670810712391,-0.0040867081071239,0.7177194520967247,-0.0381747899159662,0.0,24.0,4.197476682046458,0.0095901491678811,0.0020015760919615,0.0003202521747138,0.6076101928374655,-0.3535306722689074,0.0,24.0,3.507379936986964,0.0076643887597087,-0.0894244628249601,-0.004471223141248,0.5153694444444444,0.1055752100840338,0.0,24.0,4.196383926337614,0.0672946657685275,0.091886891403738,0.0022971722850934,0.6797444444444444,-0.3039473389355741,0.0,24.0,3.526123852164856,0.0154187712537264,-0.0818175034359105,-0.0049090502061546
2026-05-09,Xander_Bogaerts,593428,hitter,SD,STL,2026,823304,46,135,138,1,669160.0,Dustin_May,0.0,0.0,0.0,0.0,0.0,4.0,4.0,0.0,1.0,5.0,0.125,0.0,0.0,0.0,0.0,10.0,3.0625,5.3125,2.8441558441558437,1.08,0.0,68.0,0,1.0,0.49999999999999994,-0.8660254037844387,-0.9749279121818236,-0.2225209339563146,0.5,1.5,0.5,0.5,0.5,0.5,1.5,0.5,0.5,0.5,synthetic,synthetic,synthetic,synthetic,synthetic,0.0,0.0,0.0,0.0,0.0,-110.0,-110.0,-110.0,-110.0,-110.0,-110.0,-110.0,-110.0,-110.0,-110.0,0.0,0.0,0.0,0.0,0.0,2026-08-26T14:02:39.082451+00:00,0.3706922502148652,-0.23903212439581378,-0.2832013303890585,-0.19592039338714684,0.169267171449474,0.8,2.0,0.4,0.4,1.0,0.0,0.0,0.0,0.0,0.0,batter_pitcher_profile_network_v2,1.0,0.5,0.6002255678769142,0.0,0.638236183967539,0.5380651515151512,0.1116208318960291,0.0,25.0,4.775665885920994,-0.03056263827153,0.0240101644863142,0.0024010164486314,0.6763971380471377,-0.1942731426147435,0.0,25.0,4.2782265589237145,-0.0157370662233438,-0.0761382774738368,-0.0121821243958138,0.5787878787878786,-0.3930264846962082,0.0,25.0,3.7618483108425114,-0.022242177730367,-0.1131824519370125,-0.0056591225968506,0.5153694444444444,-0.5260727657303212,0.0,25.0,3.231637268884189,0.0475718397434857,-0.0608157354858742,-0.0015203933871468,0.6872444444444443,-0.3853600274097761,0.0,25.0,3.676812905630309,-0.0130695147665333,-0.1156770126386367,-0.0069406207583182
2026-05-10,Xander_Bogaerts,593428,hitter,SD,STL,2026,823305,47,135,138,1,681517.0,Kyle_Leahy,2.0,3.0,1.0,0.0,0.0,4.0,4.0,0.0,1.0,5.0,0.1025641025641025,0.54,0.54,0.25,21.25,65.0,4.6499999999999995,7.95,3.4870129870129865,1.08,0.0,68.0,0,1.0,0.49999999999999994,-0.8660254037844387,-0.7818314824680299,0.6234898018587334,0.5,1.5,0.5,0.5,0.5,0.5,1.5,0.5,0.5,0.5,synthetic,synthetic,synthetic,synthetic,synthetic,0.0,0.0,0.0,0.0,0.0,-110.0,-110.0,-110.0,-110.0,-110.0,-110.0,-110.0,-110.0,-110.0,-110.0,0.0,0.0,0.0,0.0,0.0,2026-08-26T14:02:39.082451+00:00,0.2357344699470314,0.29466947483915873,0.028203407018085436,-0.07734160065804052,0.34738709997962713,0.8,2.0,0.4,0.4,1.0,0.0,0.0,0.0,0.0,0.0,batter_pitcher_profile_network_v2,1.0,0.55,0.603159428684545,0.0,0.6518621334923788,0.5380651515151512,0.3083801112973299,0.0,26.0,5.046125354361797,-0.0518615717168465,0.0658471969728135,0.0065847196972813,0.6763971380471377,0.2831318326906076,0.0,26.0,4.985607308989871,-0.0380846973217594,0.0188717177447428,0.0030194748391588,0.5787878787878786,0.287382575757576,0.0,26.0,4.889611503113285,0.0314318671575786,0.0974397687333392,0.0048719884366669,0.5153694444444444,0.2442523281861031,0.0,26.0,4.81775513365661,0.0073816084783845,0.0573359736783807,0.0014333993419595,0.6872444444444443,0.3175008190008191,0.0,26.0,4.809966995710908,-0.0394308176325556,0.0570177668932212,0.0034210660135932
2026-05-12,Xander_Bogaerts,593428,hitter,SD,MIL,2026,823790,48,135,158,0,687075.0,Brandon_Sproat,1.0,1.0,1.0,0.0,0.0,4.0,4.0,0.0,1.0,5.0,0.1081081081081081,0.2225,0.2225,0.0,0.0,26.7,4.456730769230769,9.461538461538462,1.3867346938775513,1.0733333333333333,0.0,66.0,0,2.0,0.49999999999999994,-0.8660254037844387,0.7818314824680298,0.6234898018587336,0.5,1.5,0.5,0.5,0.5,0.5,1.5,0.5,0.5,0.5,synthetic,synthetic,synthetic,synthetic,synthetic,0.0,0.0,0.0,0.0,0.0,-110.0,-110.0,-110.0,-110.0,-110.0,-110.0,-110.0,-110.0,-110.0,-110.0,0.0,0.0,0.0,0.0,0.0,2026-08-26T14:02:39.082451+00:00,0.3462220402012546,0.0287993022725217,-0.10202058876083969,-0.33531389600248307,-0.11813596052885311,0.8,1.6,0.4,0.2,0.6,2.0,3.0,1.0,0.0,0.0,batter_pitcher_profile_network_v2,1.0,0.35,0.686688659497285,0.0,0.5930582237240539,0.5070734159779612,0.0657127065847538,0.0,27.0,5.4684275842322245,-0.0204900563277019,0.0104398993749013,0.0010439899374901,0.6499489439853074,0.2551511529808773,0.0,27.0,5.390058731754829,-0.0130960029858252,0.0323140513654251,0.005170248218468,0.5581267217630852,0.5465221546825879,0.0,27.0,4.821461033299555,0.0504602812073854,0.1460292065813293,0.0073014603290664,0.4946229166666666,0.4909533183352081,0.0,27.0,4.920664535801325,-0.0273060182736754,0.0487774932340144,0.0012194373308503,0.6802999999999999,0.5048210391970236,0.0,27.0,4.916724817412042,-0.0625301452017453,0.0607028273689017,0.0036421696421341
2026-05-13,Xander_Bogaerts,593428,hitter,SD,MIL,2026,823791,49,135,158,0,694819.0,Jacob_Misiorowski,0.0,0.0,1.0,0.0,0.0,4.0,3.0,1.0,1.0,5.0,0.1176470588235294,0.1725,0.1725,0.0,0.0,20.7,1.5,14.5,1.7373840445269018,1.0733333333333333,0.0,65.0,0,1.0,0.49999999999999994,-0.8660254037844387,0.9749279121818236,-0.22252093395631434,0.5,0.5,0.5,0.5,0.5,0.5,0.5,0.5,0.5,0.5,synthetic,synthetic,synthetic,synthetic,synthetic,0.0,0.0,0.0,0.0,0.0,-110.0,-110.0,-110.0,-110.0,-110.0,-110.0,-110.0,-110.0,-110.0,-110.0,0.0,0.0,0.0,0.0,0.0,2026-08-26T14:02:39.082451+00:00,-0.03758239023254861,0.327491788564903,-0.11472962063988396,-0.47991002680281536,-0.39094128195844235,0.8,1.0,0.4,0.0,0.2,1.0,1.0,1.0,0.0,0.0,batter_pitcher_profile_network_v2,1.0,0.55,0.5950987238360796,0.0,0.6524052234815442,0.4578166666666666,-0.7670543290789926,0.0,28.0,3.118112613475299,-0.0112218276101312,-0.1421892848421298,-0.0142189284842129,0.6161055555555556,-0.6950809017215966,0.0,28.0,3.3863667597759486,-0.017960018454584,-0.2003362479399449,-0.0320537996703911,0.5333333333333334,-0.3983349078051992,0.0,28.0,4.453725181590434,-0.0631629730050067,-0.1491823396775202,-0.007459116983876,0.4825562499999999,-0.6030545564301169,0.0,28.0,3.636888385676417,-0.0172383313352142,-0.1350677387792835,-0.003376693469482,0.6682333333333331,-0.4960824788066938,0.0,28.0,4.018790188776032,-0.0635548212199953,-0.1818904226876345,-0.010913425361258
2026-05-14,Xander_Bogaerts,593428,hitter,SD,MIL,2026,823789,50,135,158,0,690986.0,Kyle_Harrison,0.0,0.0,0.0,0.0,0.0,3.0,3.0,0.0,0.0,1.0,0.0789473684210526,0.0,0.0,0.0,0.0,10.0,2.0,13.0,3.66595547309833,1.0733333333333333,-8.0,63.0,0,1.0,0.49999999999999994,-0.8660254037844387,0.43388373911755823,-0.900968867902419,0.5,0.5,0.5,0.5,0.5,0.5,0.5,0.5,0.5,0.5,synthetic,synthetic,synthetic,synthetic,synthetic,0.0,0.0,0.0,0.0,0.0,-110.0,-110.0,-110.0,-110.0,-110.0,-110.0,-110.0,-110.0,-110.0,-110.0,0.0,0.0,0.0,0.0,0.0,2026-08-26T14:02:39.082451+00:00,-0.21713563560681975,-0.029796570347650486,0.01370243878013544,-0.47645210172853175,-0.5,0.6,0.8,0.6,0.0,0.0,0.0,0.0,1.0,0.0,0.0,batter_pitcher_profile_network_v2,1.0,0.5,0.6815335063574204,0.0,0.633256072735608,0.419388425925926,-0.2765139757301523,0.0,29.0,5.3100069475499145,-0.0187759994848781,-0.0369315277636703,-0.003693152776367,0.5328416666666668,-0.1329000205676677,0.0,29.0,5.574389177003448,-0.0077031699892004,-0.034106854146499,-0.0054570966634398,0.5050208333333331,0.0201776429452901,0.0,29.0,5.770473938912387,0.0003744033054956,0.003619618293852,0.0001809809146926,0.3286488425925928,-0.0238926676264912,0.0,29.0,5.521878060665984,0.0057499578636396,0.0032492641920644,8.123160480161142e-05,0.5673050925925925,0.0188396304675717,0.0,29.0,5.64604969055823,-0.085438759014128,-0.0606753572397353,-0.0036405214343841
2026-05-15,Xander_Bogaerts,593428,hitter,SD,SEA,2026,823140,51,135,136,0,676106.0,Emerson_Hancock,2.0,2.0,0.0,0.0,0.0,4.0,4.0,0.0,0.0,5.0,0.1142857142857142,0.445,0.445,0.0,0.0,53.4,3.928571428571429,10.0,3.0,1.08,-12.0,53.0,0,1.0,0.49999999999999994,-0.8660254037844387,-0.433883739117558,-0.9009688679024191,0.5,0.5,0.5,0.5,0.5,0.5,0.5,0.5,0.5,0.5,synthetic,synthetic,synthetic,synthetic,synthetic,0.0,0.0,0.0,0.0,0.0,-110.0,-110.0,-110.0,-110.0,-110.0,-110.0,-110.0,-110.0,-110.0,-110.0,0.0,0.0,0.0,0.0,0.0,2026-08-26T14:02:39.082451+00:00,-0.0740698255459385,0.22317701225239328,0.0899766203055149,-0.47337386231992906,-0.3766523435545427,0.6,0.8,0.6,0.0,0.0,0.0,0.0,0.0,0.0,0.0,batter_pitcher_profile_network_v2,1.0,0.5,0.6469860305719592,1.0,0.6541221056274675,0.4082904817953545,-0.1123792911907369,0.1111111111111111,29.0,5.868606405913553,-0.0296765945480174,0.0753017445406179,0.0075301744540617,0.5201479755178906,-0.039670900485057,0.1111111111111111,29.0,5.9211553923557,-0.0333223642473271,0.0342313265774592,0.0054770122523934,0.5010243644067796,-0.1877903679653679,0.0888888888888888,29.0,5.612538125624871,-0.0304527536146722,0.0095324061103014,0.000476620305515,0.3244414351851853,0.0026586449694883,0.1111111111111111,29.0,5.776333486358995,-0.0507582175976115,0.0410455072028372,0.0010261376800709,0.5471393518518518,-0.1056502164502163,0.1111111111111111,29.0,5.661042446060533,-0.1292873413096251,-0.0258723925757111,-0.0015523435545426
2026-05-16,Xander_Bogaerts,593428,hitter,SD,SEA,2026,823139,52,135,136,0,669302.0,Logan_Gilbert,1.0,1.0,1.0,0.0,0.0,4.0,4.0,0.0,1.0,5.0,0.1111111111111111,0.2225,0.2225,0.0,0.0,26.7,2.6,8.9,2.142857142857143,1.08,0.0,57.0,0,1.0,0.49999999999999994,-0.8660254037844387,-0.9749279121818236,-0.2225209339563146,0.5,1.5,0.5,0.5,0.5,0.5,1.5,0.5,0.5,0.5,synthetic,synthetic,synthetic,synthetic,synthetic,0.0,0.0,0.0,0.0,0.0,-110.0,-110.0,-110.0,-110.0,-110.0,-110.0,-110.0,-110.0,-110.0,-110.0,0.0,0.0,0.0,0.0,0.0,2026-08-26T14:02:39.082451+00:00,0.5038637027264885,-0.3547304965391833,-0.08032183051483843,-0.4735104509191452,-0.49069926997785757,1.0,1.2,0.6,0.0,0.0,2.0,2.0,0.0,0.0,0.0,batter_pitcher_profile_network_v2,1.0,0.6,0.5900574614871494,0.0,0.6666307765806945,0.4159417145593866,-0.0733427268333938,0.0,31.0,6.419409443215276,0.0007145888445938,-0.0125058298779729,-0.0012505829877972,0.488687068965517,-0.0064092429106473,0.0,31.0,6.430574433082242,0.0140275334100505,0.0197573132967719,0.0031611701274835,0.5000079022988502,-0.1036566180235534,0.0,31.0,6.266430187366846,0.0094532112036193,-0.0117937531539137,-0.0005896876576956,0.213895138888889,0.0287722087022559,0.0,31.0,6.246134421103432,0.0330590802793526,0.0355819632341928,0.0008895490808548,0.490898611111111,-0.0462843061955964,0.0,31.0,6.232968354448962,-0.0377763987099741,-0.0376465631230242,-0.0022587937873814
2026-05-17,Xander_Bogaerts,593428,hitter,SD,SEA,2026,823138,53,135,136,0,669923.0,George_Kirby,0.0,0.0,1.0,0.0,0.0,4.0,3.0,1.0,2.0,5.0,0.1,0.1725,0.1725,0.0,0.0,20.7,2.5159663865546222,8.989915966386555,1.7142857142857142,1.08,-5.0,61.0,0,1.0,0.49999999999999994,-0.8660254037844387,-0.7818314824680299,0.6234898018587334,0.5,0.5,0.5,0.5,0.5,0.5,0.5,0.5,0.5,0.5,synthetic,synthetic,synthetic,synthetic,synthetic,0.0,0.0,0.0,0.0,0.0,-110.0,-110.0,-110.0,-110.0,-110.0,-110.0,-110.0,-110.0,-110.0,-110.0,0.0,0.0,0.0,0.0,0.0,2026-08-26T14:02:39.082451+00:00,0.20917744416858386,0.21075662334968304,-0.007879508603212904,-0.4752644006992833,-0.5,0.8,0.8,0.6,0.0,0.0,1.0,1.0,1.0,0.0,0.0,batter_pitcher_profile_network_v2,1.0,0.6,0.4600686206405256,0.0,0.6761849563829214,0.422247230204342,-0.0277000995820052,0.0,32.0,6.897375411222438,-0.0086934380996473,-0.0063151941685046,-0.0006315194168504,0.4995867337164749,-0.1600572536550339,0.0,32.0,6.596629099724671,-0.0075437344253973,-0.0544898540644816,-0.008718376650317,0.5160082614942527,-0.3131983688031467,0.0,32.0,6.145223160735081,-0.0171159856078009,-0.1043758863499753,-0.0052187943174987,0.2200803240740741,-0.3200947978246452,0.0,32.0,5.907294705835019,0.0034602840335513,-0.0345760279713327,-0.0008644006992833,0.5270317129629628,-0.3031932156818275,0.0,32.0,6.04020257133472,-0.0608169620445144,-0.1318896739763672,-0.007913380438582
2026-05-18,Xander_Bogaerts,593428,hitter,SD,LAD,2026,823301,54,135,119,1,808967.0,Yoshinobu_Yamamoto,1.0,1.0,0.0,0.0,0.0,3.0,3.0,0.0,1.0,5.0,0.1034482758620689,0.2966666666666667,0.2966666666666667,0.0,0.0,35.6,5.6684210526315795,10.189473684210528,1.7678571428571435,1.08,0.0,66.0,0,1.0,0.49999999999999994,-0.8660254037844387,0.0,1.0,0.5,0.5,0.5,0.5,0.5,0.5,0.5,0.5,0.5,0.5,synthetic,synthetic,synthetic,synthetic,synthetic,0.0,0.0,0.0,0.0,0.0,-110.0,-110.0,-110.0,-110.0,-110.0,-110.0,-110.0,-110.0,-110.0,-110.0,0.0,0.0,0.0,0.0,0.0,2026-08-26T14:02:39.082451+00:00,-0.09821690330133592,0.007598637473347991,0.07027307412566453,-0.47473093786366416,-0.49972658997141167,0.6,0.6,0.6,0.0,0.0,0.0,0.0,1.0,0.0,0.0,batter_pitcher_profile_network_v2,1.0,0.45,0.5978655377965232,0.0,0.6245426622289667,0.2584242337164754,-0.2495289447298857,0.0,33.0,6.9006255663380776,-0.025022373198009,-0.0259313698900327,-0.0025931369890032,0.3732402298850577,-0.1042383225119126,0.0,33.0,7.174133057063459,-0.0208900540790668,-0.0469804985501961,-0.0075168797680313,0.3664985632183909,-0.241226348417073,0.0,33.0,6.828553979496664,-0.0120731954552525,-0.0476255454013257,-0.0023812772700662,0.2036729166666668,0.0424008284314835,0.0,33.0,7.091359710308058,-0.0167103077078467,-0.0132375145465697,-0.0003309378636642,0.427863888888889,-0.1927554364673874,0.0,33.0,6.819940644273251,-0.0841045157942237,-0.0962436588010318,-0.0057746195280619
2026-05-19,Xander_Bogaerts,593428,hitter,SD,LAD,2026,823302,55,135,119,1,686218.0,Emmet_Sheehan,0.0,0.0,0.0,0.0,0.0,4.0,4.0,0.0,1.0,5.0,0.1081081081081081,0.0,0.0,0.0,0.0,10.0,4.214285714285714,12.642857142857144,0.48214285714285765,1.08,0.0,71.0,0,1.0,0.49999999999999994,-0.8660254037844387,0.7818314824680298,0.6234898018587336,0.5,0.5,0.5,0.5,0.5,0.5,0.5,0.5,0.5,0.5,synthetic,synthetic,synthetic,synthetic,synthetic,0.0,0.0,0.0,0.0,0.0,-110.0,-110.0,-110.0,-110.0,-110.0,-110.0,-110.0,-110.0,-110.0,-110.0,0.0,0.0,0.0,0.0,0.0,2026-08-26T14:02:39.082451+00:00,0.03599339255243639,0.15039610576924456,-0.41606162444692674,-0.474991057249275,-0.4994719812258957,0.8,0.8,0.4,0.0,0.0,1.0,1.0,0.0,0.0,0.0,batter_pitcher_profile_network_v2,1.0,0.5,0.6764624206228347,0.0,0.6335666767368514,0.1538190519323667,-0.0941167092968951,0.0,34.0,7.579976715858939,0.0064534710567345,-0.0046838350933972,-0.0004683835093397,0.2922951086956519,0.0194537351451437,0.0,34.0,7.636340738306796,-0.002509590931343,-0.0019246767800592,-0.0003079482848094,0.2705430253623184,0.1213854414333517,0.0,34.0,7.536786872325586,0.0066753604828548,0.0173003295942841,0.0008650164797142,0.1927840277777778,0.1253973625961242,0.0,34.0,7.415336734456534,-0.0314636843308319,-0.023642289971,-0.000591057249275,0.3628951388888887,0.1396738401261621,0.0,34.0,7.4463184089568815,-0.0101317635599355,0.0088003129017397,0.0005280187741043
2026-05-20,Xander_Bogaerts,593428,hitter,SD,LAD,2026,823299,56,135,119,1,660271.0,,0.0,0.0,0.0,0.0,0.0,4.0,4.0,0.0,1.0,5.0,0.125,0.0,0.0,0.0,0.0,10.0,4.1,8.2,0.0,1.08,0.0,74.0,0,1.0,0.49999999999999994,-0.8660254037844387,0.9749279121818236,-0.22252093395631434,0.5,0.5,0.5,0.5,0.5,0.5,0.5,0.5,0.5,0.5,synthetic,synthetic,synthetic,synthetic,synthetic,0.0,0.0,0.0,0.0,0.0,-110.0,-110.0,-110.0,-110.0,-110.0,-110.0,-110.0,-110.0,-110.0,-110.0,0.0,0.0,0.0,0.0,0.0,2026-08-26T14:02:39.082451+00:00,0.1378914054439555,0.021366567430773364,-0.42403736008632936,-0.4742254216450877,-0.5,0.8,0.8,0.4,0.0,0.0,0.0,0.0,0.0,0.0,0.0,batter_pitcher_profile_network_v2,1.0,0.45,0.651714351097771,0.0,0.6215742463957354,-0.0081704307568439,-0.9087383250412612,0.0,35.0,4.221149407038513,-0.0087978851446504,-0.0025859455604457,-0.0002585945560445,0.1097573671497584,-0.8764632939708868,0.0,35.0,4.308646491505575,-0.0100946433217222,-0.0486464535576665,-0.0077834325692266,0.1086476449275361,-0.7667231689945104,0.0,35.0,4.9833309064936016,-0.0567340784266378,-0.0857472017265868,-0.0042873600863293,0.0349136574074074,-0.8330943915318624,0.0,35.0,4.467303585755294,0.0171135002033182,0.0069831341964933,0.0001745783549123,0.1710143518518518,-0.8449904454172746,0.0,35.0,4.451460897107384,0.0101044047306496,-0.0427508859712794,-0.0025650531582767
2026-05-22,Xander_Bogaerts,593428,hitter,SD,ATH,2026,823298,57,135,133,1,605488.0,Jeffrey_Springs,0.0,0.0,0.0,0.0,1.0,4.0,3.0,0.0,1.0,5.0,0.1176470588235294,0.0,0.0,0.0,0.0,10.0,4.0249999999999995,6.75,4.767857142857144,1.08,0.0,66.0,0,2.0,0.49999999999999994,-0.8660254037844387,-0.433883739117558,-0.9009688679024191,0.5,0.5,0.5,0.5,0.5,0.5,0.5,0.5,0.5,0.5,synthetic,synthetic,synthetic,synthetic,synthetic,0.0,0.0,0.0,0.0,0.0,-110.0,-110.0,-110.0,-110.0,-110.0,-110.0,-110.0,-110.0,-110.0,-110.0,0.0,0.0,0.0,0.0,0.0,2026-08-26T14:02:39.082451+00:00,0.08120840477895985,-0.2223364873361176,-0.19075351959635806,-0.4736656562594427,-0.41524739263547517,0.4,0.4,0.4,0.0,0.0,0.0,0.0,0.0,0.0,0.0,batter_pitcher_profile_network_v2,1.0,0.7,0.5263888812357944,0.0,0.6998621534340306,-0.0081704307568439,-0.0354663228267715,0.0,36.0,8.138123331184797,0.014106323810354,-0.0001372407258092,-1.3724072580920304e-05,0.1097573671497584,-0.0002756629875181,0.0,36.0,8.107649029532938,0.0189384048515986,0.0283932776786772,0.0045429244285883,0.1086476449275361,0.0422999313760592,0.0,36.0,8.061037315491527,-0.0048100333978223,-0.0026334171372469,-0.0001316708568623,0.0349136574074074,0.0607440738545871,0.0,36.0,7.893176582612076,0.0283693162111005,0.0293737496222957,0.0007343437405573,0.1710143518518518,0.0352421828380475,0.0,36.0,7.942352023885314,0.0185676465020301,0.0167801507532855,0.0010068090451971
2026-05-24,Xander_Bogaerts,593428,hitter,SD,ATH,2026,823297,58,135,133,1,665622.0,Luis_Medina,2.0,2.0,0.0,0.0,0.0,4.0,3.0,1.0,0.0,5.0,0.1081081081081081,0.6174999999999999,0.6174999999999999,0.0,0.0,65.0,0.0,6.0,6.439285714285716,1.08,0.0,66.0,0,2.0,0.49999999999999994,-0.8660254037844387,-0.7818314824680299,0.6234898018587334,0.5,0.5,0.5,0.5,0.5,0.5,0.5,0.5,0.5,0.5,synthetic,synthetic,synthetic,synthetic,synthetic,0.0,0.0,0.0,0.0,0.0,-110.0,-110.0,-110.0,-110.0,-110.0,-110.0,-110.0,-110.0,-110.0,-110.0,0.0,0.0,0.0,0.0,0.0,2026-08-26T14:02:39.082451+00:00,0.03555701415701429,-0.08392049541026403,0.0906611020862641,-0.47433563534578954,0.13835116452106322,0.2,0.2,0.2,0.0,0.2,0.0,0.0,0.0,0.0,1.0,batter_pitcher_profile_network_v2,1.0,0.0,1.0,0.0,0.5,-0.072968247126437,0.0,0.0,37.0,8.670467166526908,-0.004758131517239,0.0,0.0,0.0596267241379309,0.0,0.0,37.0,8.623557038769802,-0.0020814561013258,-0.0031221841519887,-0.0004995494643181,0.0531975574712641,0.0,0.0,37.0,8.571529071523933,-0.0378879968847596,-0.0378879968847596,-0.0018943998442379,0.0283951388888889,0.0,0.0,37.0,8.381236387915836,0.0025745861684169,0.0025745861684169,6.436465421042349e-05,0.1334541666666666,0.0,0.0,37.0,8.444923294664914,0.022260970480939,0.0166957278607043,0.0010017436716422
2026-05-25,Xander_Bogaerts,593428,hitter,SD,PHI,2026,823296,59,135,143,1,666200.0,Jesús_Luzardo,0.0,0.0,0.0,0.0,0.0,4.0,4.0,0.0,0.0,3.0,0.1142857142857142,0.0,0.0,0.0,0.0,10.0,6.0,10.499999999999998,5.089285714285714,1.08,0.0,67.0,0,1.0,0.49999999999999994,-0.8660254037844387,0.0,1.0,0.5,0.5,0.5,0.5,0.5,0.5,0.5,0.5,0.5,0.5,synthetic,synthetic,synthetic,synthetic,synthetic,0.0,0.0,0.0,0.0,0.0,-110.0,-110.0,-110.0,-110.0,-110.0,-110.0,-110.0,-110.0,-110.0,-110.0,0.0,0.0,0.0,0.0,0.0,2026-08-26T14:02:39.082451+00:00,0.3223009089347857,0.16654305400024771,-0.4176311479828449,-0.47476354291113476,-0.2678120687420332,0.6,0.6,0.0,0.0,0.2,2.0,2.0,0.0,0.0,0.0,batter_pitcher_profile_network_v2,1.0,0.65,0.5967610009661328,0.0,0.6799829052980717,-0.0011788952745851,-0.0810509052710769,0.0,37.0,8.61029598271563,-0.0220609617950792,-3.852969976181406e-05,-3.852969976181406e-06,0.1196406130268198,-0.195160948200691,0.0,37.0,8.302034524060657,-0.0225020762326496,-0.0431684124984514,-0.0069069459997522,0.1230933908045975,-0.1192645205897374,0.0,37.0,8.44599119352613,-0.0509888535560951,-0.0569086739426119,-0.0028454336971305,0.0425803240740741,-0.3590462574790416,0.0,37.0,7.467399517256111,-0.0083768752366101,-0.0145417164453933,-0.0003635429111348,0.2027435185185185,-0.0937726821017649,0.0,37.0,8.343478227546896,0.0174138573493063,0.0053940923946859,0.0003236455436811
2026-05-26,Xander_Bogaerts,593428,hitter,SD,PHI,2026,823294,60,135,143,1,605400.0,Aaron_Nola,1.0,1.0,0.0,0.0,0.0,4.0,4.0,0.0,0.0,2.0,0.1176470588235294,0.2225,0.2225,0.0,0.0,26.7,9.237662337662337,7.207792207792207,5.089285714285714,1.08,0.0,64.0,0,1.0,0.49999999999999994,-0.8660254037844387,0.7818314824680298,0.6234898018587336,0.5,0.5,0.5,0.5,0.5,0.5,0.5,0.5,0.5,0.5,synthetic,synthetic,synthetic,synthetic,synthetic,0.0,0.0,0.0,0.0,0.0,-110.0,-110.0,-110.0,-110.0,-110.0,-110.0,-110.0,-110.0,-110.0,-110.0,0.0,0.0,0.0,0.0,0.0,2026-08-26T14:02:39.082451+00:00,0.06185632798573981,-0.12481173477857399,-0.2769212549230894,-0.474251117913584,-0.19345090232998546,0.4,0.4,0.0,0.0,0.2,0.0,0.0,0.0,0.0,0.0,batter_pitcher_profile_network_v2,1.0,0.6,0.5615786921900825,0.0,0.668723966124029,-0.0719820961047253,0.3485110065684328,0.0,38.0,8.424384875413425,-0.0076867613989104,0.0,0.0,0.0549770593869732,0.334819306768014,0.0,38.0,8.492020851455488,0.002714362100327,0.0121417311633245,0.0019426769861319,0.0465721982758621,0.4297877934390057,0.0,38.0,8.051911272433301,0.0163077928323708,0.0250833048995591,0.0012541652449779,0.0222099537037036,0.2950309209412423,0.0,38.0,8.450909758480321,0.0030824738696289,0.005955283456641,0.000148882086416,0.1046127314814815,0.4707638433077721,0.0,38.0,7.870717547839256,0.0596975839675617,0.0663645129876373,0.0039818707792582
2026-05-27,Xander_Bogaerts,593428,hitter,SD,PHI,2026,823295,61,135,143,1,650911.0,Cristopher_Sánchez,1.0,1.0,0.0,0.0,0.0,4.0,4.0,0.0,2.0,5.0,0.1176470588235294,0.2225,0.2225,0.0,0.0,26.7,0.0,9.583333333333334,4.660714285714286,1.08,0.0,67.0,0,1.0,0.49999999999999994,-0.8660254037844387,0.9749279121818236,-0.22252093395631434,0.5,0.5,0.5,0.5,0.5,0.5,0.5,0.5,0.5,0.5,synthetic,synthetic,synthetic,synthetic,synthetic,0.0,0.0,0.0,0.0,0.0,-110.0,-110.0,-110.0,-110.0,-110.0,-110.0,-110.0,-110.0,-110.0,-110.0,0.0,0.0,0.0,0.0,0.0,2026-08-26T14:02:39.082451+00:00,0.21580451161852177,0.12197756864242837,-0.33543517557912406,-0.47555853500446377,-0.22024228081113412,0.6,0.6,0.0,0.0,0.2,1.0,1.0,0.0,0.0,0.0,batter_pitcher_profile_network_v2,1.0,0.55,0.590435574674905,0.0,0.6527194031562783,-0.0073269236909322,-0.4395523481168644,0.0,39.0,8.139080655417777,-0.0359964493846483,-0.0013190294730453,-0.0001319029473045,0.0980805076628352,-0.5658653838169968,0.0,39.0,7.3159090402917295,-0.0484627651479283,-0.0954251224554111,-0.0152680195928657,0.089675646551724,-0.6177202429702429,0.0,39.0,6.979043642611653,-0.0939360785822211,-0.1166236796497093,-0.0058311839824854,0.0222099537037037,-0.7687370054386183,0.0,39.0,5.93825615556457,-0.03934865555866,-0.0463414001785543,-0.0011585350044638,0.1046127314814813,-0.6133621348621348,0.0,39.0,6.852569832208998,0.0043523957229567,-0.023015604555318,-0.001380936273319
2026-05-29,Xander_Bogaerts,593428,hitter,SD,WSH,2026,822732,62,135,120,0,687606.0,Paxton_Schultz,0.0,0.0,1.0,0.0,1.0,5.0,4.0,0.0,1.0,3.0,0.1162790697674418,0.0,0.0,0.0,0.0,10.0,57.0,10.5,2.419422941590429,1.08,11.0,78.0,0,2.0,0.49999999999999994,-0.8660254037844387,-0.433883739117558,-0.9009688679024191,0.5,0.5,0.5,0.5,0.5,0.5,0.5,0.5,0.5,0.5,synthetic,synthetic,synthetic,synthetic,synthetic,0.0,0.0,0.0,0.0,0.0,-110.0,-110.0,-110.0,-110.0,-110.0,-110.0,-110.0,-110.0,-110.0,-110.0,0.0,0.0,0.0,0.0,0.0,2026-08-26T14:02:39.082451+00:00,0.2657738168884233,0.15637161165621494,-0.5,-0.4754130054839993,-0.39866756362354666,0.8,0.8,0.0,0.0,0.2,1.0,1.0,0.0,0.0,0.0,batter_pitcher_profile_network_v2,1.0,0.0,1.0,0.0,0.5,-0.1143189016602809,0.0,0.0,40.0,9.837690152419006,0.0004404041543783,0.0,0.0,0.0197478927203065,0.0,0.0,40.0,9.746639475180285,-0.0135630522076314,-0.0203445783114472,-0.0032551325298315,0.004853448275862,0.0,0.0,40.0,9.664165494926367,-0.0633976697552755,-0.0633976697552755,-0.0031698834877637,0.0123210648148148,0.0,0.0,40.0,9.41654739138923,-0.0405202193599726,-0.0405202193599726,-0.0010130054839993,0.0622759259259259,0.0,0.0,40.0,9.529242523703942,0.0137134055648968,0.0102850541736726,0.0006171032504203
2026-05-30,Xander_Bogaerts,593428,hitter,SD,WSH,2026,822731,63,135,120,0,656492.0,Foster_Griffin,1.0,4.0,1.0,1.0,1.0,4.0,3.0,1.0,0.0,6.0,0.1025641025641025,0.6975,0.6975,1.0,30.0,65.0,9.230769230769232,10.846153846153847,3.062280084447572,1.08,-10.0,71.0,0,1.0,0.49999999999999994,-0.8660254037844387,-0.9749279121818236,-0.2225209339563146,0.5,0.5,0.5,0.5,0.5,0.5,0.5,0.5,0.5,0.5,synthetic,synthetic,synthetic,synthetic,synthetic,0.0,0.0,0.0,0.0,0.0,-110.0,-110.0,-110.0,-110.0,-110.0,-110.0,-110.0,-110.0,-110.0,-110.0,0.0,0.0,0.0,0.0,0.0,2026-08-26T14:02:39.082451+00:00,0.07903070881795726,1.5245682705892007,0.0896141055469376,-0.14795096088096688,-0.012705394725208041,0.8,0.8,0.2,0.0,0.2,0.0,0.0,1.0,0.0,1.0,batter_pitcher_profile_network_v2,1.0,0.7,0.5510176955386846,0.0,0.6977502326075578,-0.2944751915708815,-0.1756266647260024,0.0,40.0,9.59688956725533,0.022670090002103,-0.0232203302148392,-0.0023220330214839,-0.1957760536398469,-0.0896588910143781,0.0,40.0,9.665594747891216,0.0304343041621085,0.0377704411825058,0.0060432705892009,-0.1722399425287358,-0.0949715545413273,0.0,40.0,9.582303401696052,-0.0147689526878376,-0.0221133581242044,-0.0011056679062102,-0.1767993055555555,0.0133833275286682,0.0,40.0,9.42111992209474,0.0579615647613242,0.0579615647613242,0.0014490391190331,-0.1638861111111111,-0.0912091373227842,0.0,40.0,9.433672095647657,0.0381754951926234,0.0219202739504815,0.0013152164370288
2026-05-31,Xander_Bogaerts,593428,hitter,SD,WSH,2026,822729,64,135,120,0,641793.0,Zack_Littell,1.0,1.0,1.0,0.0,0.0,4.0,3.0,1.0,0.0,4.0,0.1212121212121212,0.395,0.395,0.0,0.0,47.400000000000006,1.62857142857143,6.6000000000000005,2.984693877551021,1.08,0.0,71.0,0,1.0,0.49999999999999994,-0.8660254037844387,-0.7818314824680299,0.6234898018587334,0.5,1.5,0.5,0.5,0.5,0.5,1.5,0.5,0.5,0.5,synthetic,synthetic,synthetic,synthetic,synthetic,0.0,0.0,0.0,0.0,0.0,-110.0,-110.0,-110.0,-110.0,-110.0,-110.0,-110.0,-110.0,-110.0,-110.0,0.0,0.0,0.0,0.0,0.0,2026-08-26T14:02:39.082451+00:00,0.321969573283859,0.02631025269674092,0.09576879872952448,-0.231776888095245,0.05247957668695513,0.6,1.2,0.4,0.2,0.4,1.0,4.0,1.0,1.0,1.0,batter_pitcher_profile_network_v2,1.0,0.45,0.6707192582071377,0.0,0.6205266008913315,-0.1045225255427839,0.6225085671945909,0.0,41.0,7.829608388898777,0.0354106601200871,0.0,0.0,0.0162541187739465,0.744936498564416,0.0,41.0,7.030529935543228,0.0621195510522683,0.0971663520819033,0.0155466163331045,-0.013313936781609,0.7242087887067395,0.0,41.0,7.185450283135833,0.0761366424940158,0.0761366424940158,0.0038068321247007,0.0083581018518519,0.912542372881356,0.0,41.0,5.903884384749286,0.1024130117684632,0.1049244761902004,0.002623111904755,0.0099171296296297,0.7783014571949,0.0,41.0,6.898177020462454,0.0677096607728277,0.0533238043991604,0.0031994282639496
2026-06-02,Xander_Bogaerts,593428,hitter,SD,PHI,2026,823460,65,135,143,0,605400.0,Aaron_Nola,0.0,0.0,0.0,0.0,0.0,4.0,3.0,1.0,3.0,6.0,0.1176470588235294,0.1725,0.1725,0.0,0.0,20.7,8.30909090909091,7.136363636363636,2.80422077922078,1.08,-8.0,75.0,0,2.0,1.2246467991473532e-16,-1.0,0.7818314824680298,0.6234898018587336,0.5,1.5,0.5,0.5,0.5,0.5,1.5,0.5,0.5,0.5,synthetic,synthetic,synthetic,synthetic,synthetic,0.0,0.0,0.0,0.0,0.0,-110.0,-110.0,-110.0,-110.0,-110.0,-110.0,-110.0,-110.0,-110.0,-110.0,0.0,0.0,0.0,0.0,0.0,2026-08-26T14:02:39.082451+00:00,0.43961984561287115,-0.3761095469170226,0.0648956121010047,-0.3333157617493634,-0.19054460206487955,0.8,1.4,0.6,0.2,0.4,1.0,1.0,1.0,0.0,0.0,batter_pitcher_profile_network_v2,1.0,0.65,0.526413359352637,1.0,0.7043343362615463,-0.0393720226692209,0.2870570891156027,0.0296296296296296,41.0,9.585026169538594,0.0286891218827882,0.0226135312496686,0.0022613531249668,0.0651183429118774,0.3002915951055112,-0.0123456790123456,41.0,9.505216405152504,0.054877976168658,0.0821554052980211,0.0131448648476833,0.0447482040229884,0.3568240108407113,-0.1037037037037037,41.0,9.21219417952612,0.0880710712814444,0.0164855804463723,0.0008242790223186,0.0160247685185186,0.2965984132873295,-0.0987654320987654,41.0,9.273626924504317,0.1164970476745423,0.0433695300254653,0.0010842382506366,0.0452400462962962,0.4036232532649538,-0.074074074074074,41.0,8.984068703643795,0.0669908404023188,0.0023569632935164,0.0001414177976109
2026-06-03,Xander_Bogaerts,593428,hitter,SD,PHI,2026,823456,66,135,143,0,650911.0,Cristopher_Sánchez,0.0,0.0,0.0,0.0,1.0,4.0,3.0,0.0,1.0,5.0,0.1111111111111111,0.18,0.18,0.0,0.0,21.6,0.0,10.44047619047619,2.3220779220779226,1.08,0.0,83.0,0,1.0,1.2246467991473532e-16,-1.0,0.9749279121818236,-0.22252093395631434,0.5,1.5,0.5,0.5,0.5,0.5,1.5,0.5,0.5,0.5,synthetic,synthetic,synthetic,synthetic,synthetic,0.0,0.0,0.0,0.0,0.0,-110.0,-110.0,-110.0,-110.0,-110.0,-110.0,-110.0,-110.0,-110.0,-110.0,0.0,0.0,0.0,0.0,0.0,2026-08-26T14:02:39.082451+00:00,0.003787750459140149,-0.6557690587838557,-0.0993834253912726,-0.3353425170491583,-0.222714031714275,0.6,1.2,0.6,0.2,0.4,0.0,0.0,0.0,0.0,0.0,batter_pitcher_profile_network_v2,1.0,0.6,0.5578742828090368,1.0,0.6877462402135358,-0.1788607085346218,-0.4666025603223747,0.037037037037037,42.0,8.854538104011237,0.0156526723968794,-0.0080489023350052,-0.0008048902335005,-0.033650966183575,-0.5965810267089292,-0.0074074074074074,42.0,7.823999150930267,0.0149622408093639,0.007797549267569,0.001247607882811,-0.0802065217391307,-0.6688873204252461,-0.0962962962962963,42.0,7.27229511590488,-0.0060180100913824,-0.1047464299033744,-0.0052373214951687,0.007869212962963,-0.8068461195881861,-0.0987654320987654,42.0,6.163491732225475,0.0420385454143476,-0.0377006819663339,-0.0009425170491583,-0.0021759259259261,-0.6589086052549675,-0.074074074074074,42.0,7.175177113010102,0.0225640415043004,-0.0414099080806324,-0.0024845944848379
2026-06-04,Xander_Bogaerts,593428,hitter,SD,PHI,2026,823457,67,135,143,0,554430.0,Zack_Wheeler,0.0,0.0,0.0,0.0,0.0,4.0,4.0,0.0,1.0,6.0,0.1142857142857142,0.0,0.0,0.0,0.0,10.0,1.9999999999999998,8.428571428571429,2.9649350649350654,1.08,0.0,87.0,0,1.0,1.2246467991473532e-16,-1.0,0.43388373911755823,-0.900968867902419,0.5,0.5,0.5,0.5,0.5,0.5,0.5,0.5,0.5,0.5,synthetic,synthetic,synthetic,synthetic,synthetic,0.0,0.0,0.0,0.0,0.0,-110.0,-110.0,-110.0,-110.0,-110.0,-110.0,-110.0,-110.0,-110.0,-110.0,0.0,0.0,0.0,0.0,0.0,2026-08-26T14:02:39.082451+00:00,0.014516012460747518,0.15222580714526068,-0.166298538276349,-0.3307165061321889,0.05774914055526936,0.4,1.0,0.6,0.2,0.6,0.0,0.0,0.0,0.0,1.0,batter_pitcher_profile_network_v2,1.0,0.35,0.6493616742930381,0.0,0.594658618214686,-0.2377948369565221,-0.4460885237640304,0.0,44.0,9.804472533846951,0.0236911972414719,-0.0371948537475024,-0.0037194853747502,-0.1580993357487925,-0.3043052214371498,0.0,44.0,10.407964561898863,0.0561454423186524,0.0673487946578804,0.0107758071452608,-0.1554986413043482,-0.4471089615271945,0.0,44.0,9.58285680448628,0.0384722416394366,0.0140941695379578,0.0007047084768978,-0.176954861111111,-0.1298387580225156,0.0,44.0,10.570587675819915,0.1553958804156217,0.1473397547124467,0.0036834938678111,-0.1770520833333335,-0.4381811159987392,0.0,44.0,9.43388164700061,0.0385457130991782,0.0017064551419368,0.0001023873085162
2026-06-05,Xander_Bogaerts,593428,hitter,SD,NYM,2026,823293,68,135,121,1,681035.0,Christian_Scott,0.0,0.0,0.0,0.0,0.0,3.0,3.0,0.0,1.0,6.0,0.09375,0.0,0.0,0.0,0.0,10.0,2.85,11.197058823529412,1.7570604395604394,1.08,0.0,67.0,0,1.0,1.2246467991473532e-16,-1.0,-0.433883739117558,-0.9009688679024191,0.5,0.5,0.5,0.5,0.5,0.5,0.5,0.5,0.5,0.5,synthetic,synthetic,synthetic,synthetic,synthetic,0.0,0.0,0.0,0.0,0.0,-110.0,-110.0,-110.0,-110.0,-110.0,-110.0,-110.0,-110.0,-110.0,-110.0,0.0,0.0,0.0,0.0,0.0,2026-08-26T14:02:39.082451+00:00,-0.2949529336764106,0.12278890770404916,-0.37794520772715695,-0.3328817631069521,-0.32223178581212975,0.4,1.0,0.4,0.2,0.4,0.0,0.0,0.0,0.0,0.0,batter_pitcher_profile_network_v2,1.0,0.35,0.7063581650007275,0.0,0.5922148936755938,-0.2377948369565221,-0.4193598276917604,0.0,45.0,10.203909042902104,0.0181216200481471,-0.0292824341569108,-0.002928243415691,-0.1580993357487926,-0.5346184110396295,0.0,45.0,9.30161952901682,0.0322292385608796,0.0235244231503079,0.0037639077040492,-0.1596653079710149,-0.1236803740014523,0.0,45.0,11.13724872571932,0.0723340877570484,0.0665354058964221,0.0033267702948211,-0.176954861111111,-0.6592711888174072,0.0,45.0,8.187576193317355,0.0949860967938283,0.0607294757219174,0.0015182368930479,-0.1795520833333335,-0.2533177196804647,0.0,45.0,10.563867864700924,0.0325899481345773,0.0110865368308052,0.0006651922098483
2026-06-06,Xander_Bogaerts,593428,hitter,SD,NYM,2026,823292,69,135,121,1,690997.0,Nolan_McLean,0.0,0.0,0.0,0.0,0.0,3.0,2.0,1.0,1.0,6.0,0.0967741935483871,0.2299999999999999,0.2299999999999999,0.0,0.0,27.6,10.076470588235294,9.247058823529413,1.460357142857143,1.08,0.0,68.0,0,1.0,1.2246467991473532e-16,-1.0,-0.9749279121818236,-0.2225209339563146,0.5,0.5,0.5,0.5,0.5,0.5,0.5,0.5,0.5,0.5,synthetic,synthetic,synthetic,synthetic,synthetic,0.0,0.0,0.0,0.0,0.0,-110.0,-110.0,-110.0,-110.0,-110.0,-110.0,-110.0,-110.0,-110.0,-110.0,0.0,0.0,0.0,0.0,0.0,2026-08-26T14:02:39.082451+00:00,-0.3367686882143507,-0.26169857878231895,-0.38995661044504676,-0.4710537614182417,-0.4001777054475535,0.2,0.2,0.2,0.0,0.2,0.0,0.0,0.0,0.0,0.0,batter_pitcher_profile_network_v2,1.0,0.6,0.6107118783993215,0.0,0.6651126769376499,-0.2743511208577002,-0.3265958756172456,0.0,46.0,10.933166603184397,0.016824663199942,-0.0348809726829489,-0.0034880972682948,-0.1875921052631581,-0.2404523875535174,0.0,46.0,11.121868646931691,0.0470147460721134,0.0529625116427652,0.0084740018628424,-0.2011337719298249,-0.0173072608524722,0.0,46.0,11.489992578756109,0.0781561118369559,0.0768009708225686,0.0038400485411284,-0.180917824074074,-0.1135955034955463,0.0,46.0,11.015067699713631,0.1418499791497031,0.1338495432703353,0.0033462385817583,-0.2111712962962964,-0.0583308115771099,0.0,46.0,11.283918876693065,0.028571022863411,0.0166330966114359,0.0009979857966861
2026-06-07,Xander_Bogaerts,593428,hitter,SD,NYM,2026,823291,70,135,121,1,623211.0,Huascar_Brazobán,1.0,1.0,0.0,0.0,0.0,4.0,4.0,0.0,1.0,5.0,0.1081081081081081,0.2225,0.2225,0.0,0.0,26.7,3.6,13.5,2.0228571428571427,1.08,0.0,70.0,0,1.0,1.2246467991473532e-16,-1.0,-0.7818314824680299,0.6234898018587334,0.5,0.5,0.5,0.5,0.5,0.5,0.5,0.5,0.5,0.5,synthetic,synthetic,synthetic,synthetic,synthetic,0.0,0.0,0.0,0.0,0.0,-110.0,-110.0,-110.0,-110.0,-110.0,-110.0,-110.0,-110.0,-110.0,-110.0,0.0,0.0,0.0,0.0,0.0,2026-08-26T14:02:39.082451+00:00,-0.5,-0.37057335953369575,-0.46778272726141623,-0.4706663294991273,-0.3608587873851215,0.0,0.0,0.0,0.0,0.2,0.0,0.0,0.0,0.0,0.0,batter_pitcher_profile_network_v2,1.0,0.25,0.7667705098312485,0.0,0.564017653136418,-0.2046071677318908,-0.0085,0.0,47.0,12.117672635489862,0.0237499189054232,-0.0004056236160273,-4.0562361602734384e-05,-0.1392859513274333,0.1379428571428571,0.0,47.0,11.813817981102174,0.0608232767177093,0.091234915076564,0.0145975864122502,-0.1553172013274331,0.4740571428571428,0.0,47.0,10.29307718557222,0.114663987590208,0.114663987590208,0.0057331993795104,-0.1783622685185184,0.4450857142857142,0.0,47.0,10.274547740738267,0.1493468200349113,0.1493468200349113,0.0037336705008727,-0.2027303240740736,0.3354857142857143,0.0,47.0,11.012679193022471,0.0247382297085838,0.0185536722814378,0.0011132203368862
2026-06-08,Xander_Bogaerts,593428,hitter,SD,CIN,2026,823289,71,135,113,1,671096.0,Andrew_Abbott,2.0,3.0,2.0,0.0,0.0,4.0,4.0,0.0,0.0,5.0,0.1081081081081081,0.54,0.54,0.25,21.25,65.0,3.5625,6.1875,8.461224489795919,1.08,0.0,68.0,0,1.0,1.2246467991473532e-16,-1.0,0.0,1.0,0.5,0.5,0.5,0.5,0.5,0.5,0.5,0.5,0.5,0.5,synthetic,synthetic,synthetic,synthetic,synthetic,0.0,0.0,0.0,0.0,0.0,-110.0,-110.0,-110.0,-110.0,-110.0,-110.0,-110.0,-110.0,-110.0,-110.0,0.0,0.0,0.0,0.0,0.0,2026-08-26T14:02:39.082451+00:00,0.25639289851075575,0.3420863418008421,0.030292040682622368,-0.3551818548542818,0.057659676675423266,0.2,0.2,0.0,0.0,0.2,1.0,1.0,0.0,0.0,0.0,batter_pitcher_profile_network_v2,1.0,0.9,0.3659876810369346,0.0,0.774649858165678,-0.2801298139954112,0.465626592479786,0.0,48.0,10.399472848095524,0.0615915685907092,0.0,0.0,-0.1966390117994099,0.4287326248407943,0.0,48.0,10.675769905687376,0.0849261989449501,0.1273892984174252,0.020382287746788,-0.2191598451327433,0.5887770882759435,0.0,48.0,9.645585388872298,0.1452919995322049,0.1452919995322049,0.0072645999766102,-0.1882511574074073,0.4261848016217969,0.0,48.0,10.53385984240558,0.1437258058287284,0.1437258058287284,0.0035931451457182,-0.2450671296296294,0.5788732844061106,0.0,48.0,9.73020888215994,0.0547403788998281,0.0410552841748711,0.0024633170504922
2026-06-12,Xander_Bogaerts,593428,hitter,SD,BAL,2026,824826,72,135,110,0,669358.0,Shane_Baz,1.0,1.0,0.0,0.0,0.0,4.0,3.0,1.0,0.0,4.0,0.1052631578947368,0.395,0.395,0.0,0.0,47.400000000000006,1.815126050420169,8.016806722689076,3.641679748822606,1.08,9.0,89.0,0,4.0,1.2246467991473532e-16,-1.0,-0.433883739117558,-0.9009688679024191,0.5,0.5,0.5,0.5,0.5,0.5,0.5,0.5,0.5,0.5,synthetic,synthetic,synthetic,synthetic,synthetic,0.0,0.0,0.0,0.0,0.0,-110.0,-110.0,-110.0,-110.0,-110.0,-110.0,-110.0,-110.0,-110.0,-110.0,0.0,0.0,0.0,0.0,0.0,2026-08-26T14:02:39.082451+00:00,0.47791149490271045,0.6175553174652286,0.24937714307853776,-0.472076108665635,-0.36739602274818317,0.6,0.8,0.4,0.0,0.0,2.0,3.0,2.0,0.0,0.0,batter_pitcher_profile_network_v2,1.0,0.75,0.4492683337918661,0.0,0.7212234718328723,-0.1737318469785574,-0.0054558134519575,0.0,49.0,12.87482380168585,0.0413765104539209,-0.0005220102100313,-5.220102100313117e-05,-0.0916483918128654,-0.0873583139606429,0.0,49.0,12.652348216507754,0.053805984246816,0.0762996815261002,0.012207949044176,-0.1130581140350876,-0.0202552482222408,0.0,49.0,12.558405681924224,0.0944927204209747,0.0932315338007797,0.0046615766900389,-0.1056412037037036,-0.1611616886162903,0.0,49.0,11.981020951665544,0.1023320333490966,0.0929556533746013,0.002323891334365,-0.1251134259259257,-0.0509307532727458,0.0,49.0,12.360900986711709,0.0320239079178424,0.0205086021079345,0.001230516126476
2026-06-13,Xander_Bogaerts,593428,hitter,SD,BAL,2026,824828,73,135,110,0,694346.0,,0.0,0.0,2.0,0.0,0.0,3.0,1.0,1.0,1.0,4.0,0.0697674418604651,0.47,0.47,0.0,0.0,56.4,4.1,8.2,3.641679748822606,1.08,0.0,86.0,0,1.0,1.2246467991473532e-16,-1.0,-0.9749279121818236,-0.2225209339563146,0.5,0.5,0.5,0.5,0.5,0.5,0.5,0.5,0.5,0.5,synthetic,synthetic,synthetic,synthetic,synthetic,0.0,0.0,0.0,0.0,0.0,-110.0,-110.0,-110.0,-110.0,-110.0,-110.0,-110.0,-110.0,-110.0,-110.0,0.0,0.0,0.0,0.0,0.0,2026-08-26T14:02:39.082451+00:00,0.39862532948778795,0.4762853702741161,-0.029688634597494934,-0.4690852069791902,-0.3837978728430535,0.8,1.0,0.4,0.0,0.0,1.0,1.0,0.0,0.0,0.0,batter_pitcher_profile_network_v2,1.0,0.2,0.6603345281432542,0.0,0.5538218040604903,-0.2372571288102262,0.3116977483301012,0.0,49.0,12.499537462901973,0.085710461305684,0.0,0.0,-0.1960973451327434,0.3772744290023702,0.0,49.0,12.107380370109857,0.1331221823437016,0.1996832735155524,0.0319493237624883,-0.1776806784660767,0.378764248006895,0.0,49.0,12.09582779428634,0.1814080243437767,0.1814080243437767,0.0090704012171888,-0.2496597222222222,0.5239891725921139,0.0,49.0,10.998472409559202,0.2125917208323952,0.2125917208323952,0.0053147930208098,-0.241361111111111,0.3242930941607412,0.0,49.0,12.301904798117944,0.0904806241757606,0.0678604681318204,0.0040716280879092
2026-06-14,Xander_Bogaerts,593428,hitter,SD,BAL,2026,824823,74,135,110,0,669432.0,Trevor_Rogers,0.0,0.0,0.0,0.0,0.0,4.0,3.0,1.0,0.0,4.0,0.1025641025641025,0.1725,0.1725,0.0,0.0,20.7,4.117647058823529,4.676470588235294,4.146781789638932,1.08,9.0,87.0,0,1.0,1.2246467991473532e-16,-1.0,-0.7818314824680299,0.6234898018587334,0.5,0.5,0.5,0.5,0.5,0.5,0.5,0.5,0.5,0.5,synthetic,synthetic,synthetic,synthetic,synthetic,0.0,0.0,0.0,0.0,0.0,-110.0,-110.0,-110.0,-110.0,-110.0,-110.0,-110.0,-110.0,-110.0,-110.0,0.0,0.0,0.0,0.0,0.0,2026-08-26T14:02:39.082451+00:00,0.511221040075049,0.2505905083171299,0.405709436998957,-0.4667779471093368,-0.408209928659814,0.8,1.0,0.8,0.0,0.0,0.0,0.0,2.0,0.0,0.0,batter_pitcher_profile_network_v2,1.0,0.75,0.5018302094115832,1.0,0.7351443495103108,-0.450150161030596,0.5200310169201185,0.0444444444444444,50.0,11.22853205425497,0.1064072769166306,0.0333740046535907,0.003337400465359,-0.5831062801932367,0.4531377137332107,0.0172839506172839,50.0,11.75069058404333,0.1759954315963698,0.2769719269820623,0.0443155083171299,-0.4318840579710146,0.4646342506138258,-0.0888888888888888,50.0,11.718713157275596,0.1770395750320051,0.1102915657248236,0.0055145782862411,-0.6715949074074075,0.3971577754616057,-0.0246913580246913,50.0,11.916443616199734,0.3234232293229689,0.3048821156265296,0.0076220528906632,-0.6835740740740741,0.5241429954697929,-0.037037037037037,50.0,11.304159364642125,0.1500954994563211,0.0847599540475818,0.0050855972428549
2026-06-15,Xander_Bogaerts,593428,hitter,SD,STL,2026,823046,75,135,138,0,669160.0,Dustin_May,0.0,0.0,0.0,0.0,0.0,3.0,3.0,0.0,2.0,5.0,0.1071428571428571,0.0,0.0,0.0,0.0,10.0,2.0168067226890756,11.621848739495798,4.0,1.08,0.0,76.0,0,1.0,1.2246467991473532e-16,-1.0,0.0,1.0,0.5,0.5,0.5,0.5,0.5,0.5,0.5,0.5,0.5,0.5,synthetic,synthetic,synthetic,synthetic,synthetic,0.0,0.0,0.0,0.0,0.0,-110.0,-110.0,-110.0,-110.0,-110.0,-110.0,-110.0,-110.0,-110.0,-110.0,0.0,0.0,0.0,0.0,0.0,2026-08-26T14:02:39.082451+00:00,0.10158711651765162,0.13917216807420585,0.00724636841550963,-0.47341954159601596,-0.470131667738968,0.8,1.0,0.8,0.0,0.0,0.0,0.0,0.0,0.0,0.0,batter_pitcher_profile_network_v2,1.0,0.8,0.4063225633640186,1.0,0.7589303887903263,-0.4160322477650061,-0.1670709530452497,-0.0629629629629629,50.0,13.167623260455157,0.0811489792107192,-0.0855377984089189,-0.0085537798408918,-0.5608208812260534,-0.3512856514542576,-0.0543209876543209,50.0,12.046079003610108,0.1264462435270261,0.0345135504637874,0.0055221680742059,-0.4096264367816091,-0.3889288710082188,-0.0888888888888888,50.0,11.51388280460706,0.0270126392596211,-0.1300726316898067,-0.0065036315844903,-0.6771134259259259,-0.5314939847875908,-0.0246913580246913,50.0,10.316442594189102,0.2702339959202487,0.0392183361593615,0.000980458403984,-0.6915925925925925,-0.4110514555492815,-0.0296296296296296,50.0,11.176274138146754,0.1832142025593422,-0.0521944623161319,-0.0031316677389679
2026-06-16,Xander_Bogaerts,593428,hitter,SD,STL,2026,823045,76,135,138,0,669467.0,Andre_Pallante,0.0,0.0,0.0,0.0,0.0,4.0,4.0,0.0,1.0,4.0,0.1290322580645161,0.0,0.0,0.0,0.0,10.0,5.529411764705881,8.147058823529411,5.752319109461967,1.08,10.0,77.0,0,1.0,1.2246467991473532e-16,-1.0,0.7818314824680298,0.6234898018587336,0.5,0.5,0.5,0.5,0.5,0.5,0.5,0.5,0.5,0.5,synthetic,synthetic,synthetic,synthetic,synthetic,0.0,0.0,0.0,0.0,0.0,-110.0,-110.0,-110.0,-110.0,-110.0,-110.0,-110.0,-110.0,-110.0,-110.0,0.0,0.0,0.0,0.0,0.0,2026-08-26T14:02:39.082451+00:00,0.2548172425568468,0.06735482081194821,0.14225755883013536,-0.46672930590134665,-0.3459719480195589,0.6,0.8,0.8,0.0,0.0,0.0,0.0,0.0,0.0,0.0,batter_pitcher_profile_network_v2,1.0,0.7,0.5038164749614908,0.0,0.7017977372720521,-0.4230599838969403,0.0172058021492111,0.0,51.0,14.374180858707517,0.0739239291691504,0.0,0.0,-0.565506038647343,0.016502361968759,0.0,51.0,14.228344391611063,0.1408399791895698,0.2112599687843547,0.0338015950054967,-0.4268115942028985,-0.0014733102918586,0.0,51.0,14.013052602800595,0.0665311769737901,0.0662191639149357,0.0033109581957467,-0.6771134259259259,0.0446273619687591,0.0,51.0,13.720766866995476,0.3068277639461328,0.3068277639461328,0.0076706940986533,-0.6990925925925926,-0.0120445468509984,0.0,51.0,13.829617210063876,0.1760186774848047,0.1278360170578634,0.0076701610234718
2026-06-17,Xander_Bogaerts,593428,hitter,SD,STL,2026,823044,77,135,138,0,681517.0,Kyle_Leahy,2.0,2.0,0.0,0.0,1.0,5.0,4.0,0.0,0.0,6.0,0.1162790697674418,0.5,0.5,0.0,0.0,60.0,5.342307692307692,6.519230769230769,5.323747680890539,1.08,0.0,85.0,0,1.0,1.2246467991473532e-16,-1.0,0.9749279121818236,-0.22252093395631434,0.5,0.5,0.5,0.5,0.5,0.5,0.5,0.5,0.5,0.5,synthetic,synthetic,synthetic,synthetic,synthetic,0.0,0.0,0.0,0.0,0.0,-110.0,-110.0,-110.0,-110.0,-110.0,-110.0,-110.0,-110.0,-110.0,-110.0,0.0,0.0,0.0,0.0,0.0,2026-08-26T14:02:39.082451+00:00,0.07370790427748841,-0.08529697169951056,0.10782081342915051,-0.467180080056074,-0.23347126465204748,0.2,0.2,0.4,0.0,0.0,0.0,0.0,0.0,0.0,0.0,batter_pitcher_profile_network_v2,1.0,0.85,0.4500745301478644,1.0,0.7693859895483537,-0.4230599838969403,0.2327258892349878,0.1111111111111111,50.0,14.003382601588472,0.0563693857410255,0.0805596961193258,0.0080559696119325,-0.565506038647343,0.1720084449820798,0.1111111111111111,50.0,14.092898406365157,0.1216113863972957,0.2629767757152693,0.042076284114443,-0.4226449275362318,0.1692628241344345,0.1111111111111111,50.0,13.95190944395865,0.0668763334336108,0.1474360295529366,0.0073718014776468,-0.6771134259259259,0.0913763828351872,-0.0246913580246913,50.0,13.783025037270535,0.3066989524502251,0.2887967977570416,0.007219919943926,-0.6965925925925925,0.1817734173547735,-0.0296296296296296,50.0,13.798578893917432,0.1752471198849614,0.1099527542819009,0.006597165256914
2026-06-19,Xander_Bogaerts,593428,hitter,SD,TEX,2026,822886,78,135,140,0,594798.0,Jacob_deGrom,0.0,0.0,1.0,0.0,0.0,4.0,3.0,1.0,1.0,6.0,0.1,0.1725,0.1725,0.0,0.0,20.7,1.0,10.299999999999999,6.5265306122448985,1.08,0.0,74.0,0,2.0,1.2246467991473532e-16,-1.0,-0.433883739117558,-0.9009688679024191,0.5,1.0,0.5,0.5,0.5,0.5,0.5,0.5,0.5,0.5,synthetic,real,real,real,synthetic,0.0,8.0,7.0,7.0,0.0,-110.0,-100.411481,187.93962,731.257058,-110.0,-110.0,-106.970845,-257.954545,0.0,-110.0,0.0,0.5345224838248488,0.0,0.0,0.0,2026-06-19T20:50:58.917955+00:00,0.25858054769624184,-0.36085184164083206,-0.04074798749962816,-0.46728626663305456,0.0024601006619602295,0.4,0.4,0.4,0.0,0.2,2.0,2.0,0.0,0.0,1.0,batter_pitcher_profile_network_v2,1.0,0.75,0.5046598895381444,0.0,0.716134372648683,-0.3855565134099616,-0.3602795546525997,0.0,52.0,13.769031495787605,0.062850781470775,-0.0688067679355421,-0.0068806767935542,-0.5580191570881226,-0.1563037548809381,0.0,52.0,14.916900603937558,0.1441073644481514,0.1729572397448005,0.027673158359168,-0.4089080459770114,-0.2236384870562314,0.0,52.0,14.350518034636552,0.0313072905300718,-0.0139903622374635,-0.0006995181118731,-0.7412048611111111,0.0358591000086518,0.0,52.0,14.833495141652724,0.2845493346778193,0.2845493346778193,0.0071137333669454,-0.7267777777777777,-0.1688218466776825,0.0,52.0,14.436575383532189,0.1651143126159668,0.063059500828588,0.0037835700497152
2026-06-20,Xander_Bogaerts,593428,hitter,SD,TEX,2026,822885,79,135,140,0,669022.0,MacKenzie_Gore,1.0,1.0,0.0,0.0,0.0,5.0,4.0,1.0,1.0,4.0,0.1162790697674418,0.316,0.316,0.0,0.0,37.92,5.4857142857142875,11.100000000000001,6.955102040816327,1.08,0.0,74.0,0,1.0,1.2246467991473532e-16,-1.0,-0.9749279121818236,-0.2225209339563146,0.5,1.0,0.5,0.5,0.5,0.5,0.5,0.5,0.5,0.5,synthetic,real,real,real,synthetic,0.0,8.0,3.0,7.0,0.0,-110.0,-103.866288,168.931262,761.897621,-110.0,-110.0,109.220986,-235.0,0.0,-110.0,0.0,0.5345224838248488,0.0,0.0,0.0,2026-06-20T11:58:55.263102+00:00,-0.015781919848052495,-0.5599769259469642,0.11841849465404908,-0.4697499896164757,-0.0705162313458012,0.4,0.4,0.2,0.0,0.2,0.0,0.0,1.0,0.0,0.0,batter_pitcher_profile_network_v2,1.0,0.9,0.5008253202164665,0.0,0.7597840084461345,-0.3877787356321838,-0.1196591466469601,0.0,53.0,15.692720231426987,0.0906027985296396,-0.0231623403884508,-0.002316234038845,-0.5596858237547891,-0.1768969075771293,0.0,53.0,15.389598541225014,0.1420991301087762,0.1637270616686825,0.0261963298669892,-0.4089080459770114,0.12152944519199,0.0,53.0,15.58231577568918,0.1120352941251211,0.1120352941251211,0.005601764706256,-0.7434270833333332,-0.2024368290430979,0.0,53.0,14.772299166741522,0.2611247177940944,0.1860004153409736,0.0046500103835243,-0.7289999999999999,0.0448573247731418,0.0,53.0,15.503277132749195,0.1596551237082402,0.1197413427811802,0.0071844805668708
2026-06-21,Xander_Bogaerts,593428,hitter,SD,TEX,2026,822883,80,135,140,0,543135.0,Nathan_Eovaldi,2.0,2.0,1.0,0.0,1.0,4.0,3.0,1.0,1.0,6.0,0.1111111111111111,0.6174999999999999,0.6174999999999999,0.0,0.0,65.0,5.403361344537815,7.659663865546219,6.205102040816327,1.08,0.0,74.0,0,1.0,1.2246467991473532e-16,-1.0,-0.7818314824680299,0.6234898018587334,0.5,1.0,0.5,0.5,0.5,0.5,0.5,0.5,0.5,0.5,synthetic,real,real,real,synthetic,0.0,8.0,7.0,1.0,0.0,-110.0,0.0,0.0,1100.0,-110.0,-110.0,0.0,0.0,0.0,-110.0,0.0,0.5345224838248488,0.0,0.0,0.0,2026-06-21T19:20:37.517202+00:00,0.39695422168867556,-0.1548818461765713,0.08047510028090721,-0.4680922517889788,-0.024415182392233392,0.6,0.6,0.2,0.0,0.2,1.0,1.0,0.0,0.0,0.0,batter_pitcher_profile_network_v2,1.0,0.85,0.396732576782637,0.0,0.7561902204425079,-0.3747696581196579,0.0785119067532225,0.0,53.0,16.443974547721325,0.0949571759731565,0.0,0.0,-0.5504816239316238,0.1928726210389369,0.0,53.0,16.083024131615772,0.1552492520420647,0.232873878063097,0.0372598204900955,-0.4044871794871794,0.0675061970917909,0.0,53.0,16.195144999181593,0.1168999648018188,0.1168999648018188,0.0058449982400909,-0.7370493055555555,0.3116374314654772,0.0,53.0,15.1647657160421,0.2523099284408501,0.2523099284408501,0.0063077482110212,-0.7226222222222222,0.1368653993034812,0.0,53.0,15.983551242889886,0.1425121977840779,0.1068841483380584,0.0064130489002835
2026-06-22,Xander_Bogaerts,593428,hitter,SD,ATL,2026,823288,81,135,144,1,656550.0,Grant_Holmes,0.0,0.0,0.0,0.0,0.0,4.0,1.0,3.0,0.0,6.0,0.1176470588235294,0.5175,0.5175,0.0,0.0,62.1,7.954545454545456,6.636363636363638,1.3285714285714287,1.08,0.0,69.0,0,1.0,1.2246467991473532e-16,-1.0,0.0,1.0,0.5,0.5,0.5,0.5,0.5,0.5,0.5,0.5,0.5,0.5,synthetic,synthetic,synthetic,synthetic,synthetic,0.0,0.0,0.0,0.0,0.0,-110.0,-110.0,-110.0,-110.0,-110.0,-110.0,-110.0,-110.0,-110.0,-110.0,0.0,0.0,0.0,0.0,0.0,2026-08-26T14:02:39.082451+00:00,0.6513325184619303,0.6917019209902684,0.058670124029972404,-0.46833668507064896,0.005508110003994204,1.0,1.0,0.4,0.0,0.4,2.0,2.0,1.0,0.0,1.0,batter_pitcher_profile_network_v2,1.0,0.8,0.5119242359577862,0.0,0.729831424876137,-0.3460940717200252,0.002127801848579,0.0,53.0,17.00939950612903,0.0796350202083265,0.0,0.0,-0.5232735169491526,0.1185256216348101,0.0,53.0,16.841920626254396,0.1404430531457266,0.2106645797185899,0.0337063327549743,-0.3781714336158193,0.2907062506155238,0.0,53.0,16.05012224775053,0.1326251696750781,0.1326251696750781,0.0066312584837539,-0.7166789351851851,0.2768434999730891,0.0,53.0,15.885965018084743,0.2425325971740426,0.2425325971740426,0.006063314929351,-0.6686858796296297,0.2486371358776405,0.0,53.0,16.181680035835036,0.1439243866433807,0.1079432899825355,0.0064765973989521
2026-06-23,Xander_Bogaerts,593428,hitter,SD,ATL,2026,823286,82,135,144,1,702275.0,JR_Ritchie,0.0,0.0,1.0,0.0,0.0,4.0,3.0,1.0,2.0,6.0,0.1,0.1725,0.1725,0.0,0.0,20.7,6.75,8.4,1.3285714285714287,1.08,0.0,70.0,0,1.0,1.2246467991473532e-16,-1.0,0.7818314824680298,0.6234898018587336,0.5,0.5,0.5,0.5,0.5,0.5,0.5,0.5,0.5,0.5,synthetic,synthetic,synthetic,synthetic,synthetic,0.0,0.0,0.0,0.0,0.0,-110.0,-110.0,-110.0,-110.0,-110.0,-110.0,-110.0,-110.0,-110.0,-110.0,0.0,0.0,0.0,0.0,0.0,2026-08-26T14:02:39.082451+00:00,0.2618761904761905,0.24274689571372698,-0.29282889341773755,-0.4686368187242895,-0.2792793845078506,1.0,1.0,0.4,0.0,0.4,0.0,0.0,0.0,0.0,0.0,batter_pitcher_profile_network_v2,1.0,0.35,0.6806195929652894,0.0,0.5933184349516132,-0.3322989328311362,0.0586448367808661,0.0,54.0,17.595862116503106,0.1093982584808614,0.0,0.0,-0.5117943502824859,0.2652072970213726,0.0,54.0,16.871457510373954,0.1636328988071954,0.2454493482107931,0.0392718957137269,-0.368744350282486,0.5321241714634571,0.0,54.0,14.754188670910606,0.1423507030738236,0.1423507030738236,0.0071175351536911,-0.7134567129629629,0.5743780486553595,0.0,54.0,14.19724115283146,0.230527251028423,0.230527251028423,0.0057631812757105,-0.6573907407407407,0.4332965570843722,0.0,54.0,15.642127530758652,0.1320454236350646,0.0990340677262985,0.0059420440635779
2026-06-24,Xander_Bogaerts,593428,hitter,SD,ATL,2026,823284,83,135,144,1,527048.0,Martín_Pérez,2.0,2.0,0.0,0.0,1.0,4.0,4.0,0.0,0.0,4.0,0.1111111111111111,0.445,0.445,0.0,0.0,53.4,2.8625000000000003,7.75,1.3285714285714287,1.08,0.0,71.0,0,1.0,1.2246467991473532e-16,-1.0,0.9749279121818236,-0.22252093395631434,0.5,0.5,0.5,0.5,0.5,0.5,0.5,0.5,0.5,0.5,synthetic,synthetic,synthetic,synthetic,synthetic,0.0,0.0,0.0,0.0,0.0,-110.0,-110.0,-110.0,-110.0,-110.0,-110.0,-110.0,-110.0,-110.0,-110.0,0.0,0.0,0.0,0.0,0.0,2026-08-26T14:02:39.082451+00:00,0.04056125826668633,0.11158549438985577,0.1519879592560871,-0.4719687111487403,-0.32698621026161534,0.6,0.6,0.6,0.0,0.2,0.0,0.0,1.0,0.0,0.0,batter_pitcher_profile_network_v2,1.0,0.6,0.5395505412237701,0.0,0.6703430352200529,-0.3735924827369742,-0.1636393872635719,0.0,54.0,17.25628612574191,0.1080928235699459,-0.0281493220950411,-0.0028149322095041,-0.5408974576271186,-0.2509363620757818,0.0,54.0,16.578755901007227,0.1306321323641373,0.1334510066032655,0.0213521610565224,-0.3993057909604521,-0.2588387732613383,0.0,54.0,16.159039706051608,0.0487778884318151,0.0011877565503106,5.938782751553317e-05,-0.7156789351851851,-0.3123055254999063,0.0,54.0,15.490158525436694,0.2001668363332998,0.0972515540503912,0.0024312888512597,-0.6669046296296296,-0.3266168212509622,0.0,54.0,15.459081323175951,0.1208071206383286,-0.0096908059475592,-0.0005814483568535
2026-06-26,Xander_Bogaerts,593428,hitter,SD,LAD,2026,823285,84,135,119,1,808963.0,Roki_Sasaki,0.0,0.0,1.0,0.0,0.0,4.0,3.0,1.0,0.0,6.0,0.1052631578947368,0.1725,0.1725,0.0,0.0,20.7,6.434389140271494,10.231415643180348,2.9571428571428586,1.08,0.0,70.0,0,2.0,1.2246467991473532e-16,-1.0,-0.433883739117558,-0.9009688679024191,0.5,1.0,0.5,0.5,0.5,0.5,0.5,0.5,0.5,0.5,synthetic,real,real,real,synthetic,0.0,8.0,7.0,8.0,0.0,-110.0,108.025421,176.990622,769.46813,-110.0,-110.0,-106.180098,-241.547502,0.0,-110.0,0.0,0.5345224838248488,0.0,0.0,0.0,2026-06-27T01:11:02.474098+00:00,0.5231851075652936,0.027091311301552512,-0.20261773366919544,-0.468688648097494,-0.032866832147575076,1.0,1.0,0.4,0.0,0.4,2.0,2.0,0.0,0.0,1.0,batter_pitcher_profile_network_v2,1.0,0.75,0.4737567714956284,0.0,0.7189735966188391,-0.2581824662586314,0.1321352079293257,0.0,54.0,17.805662712261537,0.108510107444418,0.0,0.0,-0.455378742937853,0.2928722049396682,0.0,54.0,17.00952716273844,0.1577872620020836,0.2366808930031254,0.0378689428805,-0.2975058262711863,0.5176698028891045,0.0,54.0,15.199533863254793,0.185370890525864,0.185370890525864,0.0092685445262932,-0.703567824074074,0.4909190799396682,0.0,54.0,15.24128732880236,0.2284540761002409,0.2284540761002409,0.005711351902506,-0.610053935185185,0.5122270945557712,0.0,54.0,15.24504955695097,0.1052566958015896,0.0789425218511922,0.0047365513110715
2026-06-27,Xander_Bogaerts,593428,hitter,SD,LAD,2026,823283,85,135,119,1,808967.0,Yoshinobu_Yamamoto,0.0,0.0,0.0,0.0,0.0,3.0,3.0,0.0,0.0,6.0,0.0769230769230769,0.0,0.0,0.0,0.0,10.0,2.235,7.02,4.242857142857145,1.08,0.0,69.0,0,1.0,1.2246467991473532e-16,-1.0,-0.9749279121818236,-0.2225209339563146,0.5,1.0,0.5,0.5,0.5,0.5,0.5,0.5,0.5,0.5,synthetic,real,real,real,synthetic,0.0,8.0,7.0,8.0,0.0,-110.0,113.805866,192.896514,787.774256,-110.0,-110.0,-110.466154,-269.863014,0.0,-110.0,0.0,0.5345224838248488,0.0,0.0,0.0,2026-06-27T13:01:31.487963+00:00,0.2711135239989575,-0.5083689762539587,-0.014806569930111424,-0.4717370400284109,-0.22609184410375582,0.8,0.8,0.6,0.0,0.4,0.0,0.0,1.0,0.0,0.0,batter_pitcher_profile_network_v2,1.0,0.75,0.488942271108702,1.0,0.736328428841888,-0.2438866752256457,-0.4275380960025348,0.0481481481481481,53.0,15.429585383112707,0.0520627855476788,-0.0174435145891826,-0.0017443514589182,-0.4497571661998132,-0.334571377937618,0.0222222222222222,53.0,16.118238111926996,0.1026596361636109,0.0936313984127585,0.0149810237460413,-0.2955057773109243,-0.4695591675702678,-0.0814814814814814,53.0,14.266070796926204,0.0391235967558503,-0.0924500799209132,-0.0046225039960456,-0.7090863425925925,-0.2217469243857055,-0.0246913580246913,53.0,16.296333908811533,0.2052579520380193,0.1065183988635668,0.0026629599715891,-0.6336800925925925,-0.4514683205757323,-0.0518518518518518,53.0,14.31970591054124,0.0753843408446678,-0.1282706618025255,-0.0076962397081515
2026-06-28,Xander_Bogaerts,593428,hitter,SD,LAD,2026,823281,86,135,119,1,686218.0,Emmet_Sheehan,2.0,2.0,0.0,0.0,1.0,4.0,4.0,0.0,1.0,6.0,0.1081081081081081,0.445,0.445,0.0,0.0,53.4,11.699999999999998,12.9,4.114285714285716,1.08,0.0,70.0,0,1.0,1.2246467991473532e-16,-1.0,-0.7818314824680299,0.6234898018587334,0.5,0.5,0.5,0.5,0.5,0.5,0.5,0.5,0.5,0.5,synthetic,synthetic,synthetic,synthetic,synthetic,0.0,0.0,0.0,0.0,0.0,-110.0,-110.0,-110.0,-110.0,-110.0,-110.0,-110.0,-110.0,-110.0,-110.0,0.0,0.0,0.0,0.0,0.0,2026-08-26T14:02:39.082451+00:00,-0.2526129802819346,-0.009170985013767396,0.004103352120419901,-0.4696862839987232,-0.18952968644822038,0.4,0.4,0.4,0.0,0.2,0.0,0.0,0.0,0.0,0.0,batter_pitcher_profile_network_v2,1.0,0.8,0.5363511747249298,1.0,0.7461875848769569,-0.2182493016321404,0.1258030722951295,-0.0629629629629629,53.0,18.26398843853188,0.0979537566449423,-0.0483666110561551,-0.0048366611056155,-0.432665583804143,0.2679911211017728,-0.0518518518518518,53.0,17.652881492141432,0.1426998883854956,0.1742185058261156,0.0278749609321785,-0.2825808615819207,0.39742288944671,-0.0814814814814814,53.0,16.67133888917877,0.1560490886945592,0.0934570037983583,0.0046728501899179,-0.7090863425925925,0.4262101649889202,-0.0246913580246913,53.0,16.334003200951294,0.2075159385044697,0.1885486400510755,0.0047137160012768,-0.6361800925925924,0.4418083387675041,-0.0518518518518518,53.0,16.287546541027496,0.0780171623885873,0.0186815450393127,0.0011208927023587
2026-06-29,Xander_Bogaerts,593428,hitter,SD,CHC,2026,824662,87,135,112,0,684007.0,Shota_Imanaga,2.0,3.0,1.0,0.0,1.0,4.0,3.0,1.0,0.0,7.0,0.1052631578947368,0.7125,0.7125,0.3333333333333333,28.33333333333333,65.0,2.7794117647058822,8.038235294117646,7.606825239977415,1.0522222222222224,15.0,91.0,0,1.0,1.2246467991473532e-16,-1.0,0.0,1.0,0.5,0.5,0.5,0.5,0.5,0.5,0.5,0.5,0.5,0.5,synthetic,synthetic,synthetic,synthetic,synthetic,0.0,0.0,0.0,0.0,0.0,-110.0,-110.0,-110.0,-110.0,-110.0,-110.0,-110.0,-110.0,-110.0,-110.0,0.0,0.0,0.0,0.0,0.0,2026-08-26T14:02:39.082451+00:00,0.7672722288565164,1.0252179994980362,0.312465762280011,-0.32418029561006567,0.3595050024396841,0.8,0.8,0.4,0.0,0.4,2.0,2.0,0.0,0.0,1.0,batter_pitcher_profile_network_v2,1.0,1.0,0.371448419077269,0.0,0.8044975686630345,-0.1372793942247328,-0.0261751677664553,0.0,54.0,19.127624630441847,0.064654931726228,-0.0022585814196111,-0.0002258581419611,-0.3649850282485873,0.2530642576217249,0.0,54.0,18.43804501796597,0.1263706850429873,0.189556027564481,0.0303289644103169,-0.2033100282485872,0.1475333838440616,0.0,54.0,18.5973081245353,0.0973584266754378,0.0973584266754378,0.0048679213337718,-0.6930122685185184,0.5554455505279035,0.0,54.0,15.809960358713225,0.1976770644862606,0.1976770644862606,0.0049419266121565,-0.5577101851851849,0.2212295127532911,0.0,54.0,18.304417115662005,0.0583170390356193,0.0437377792767145,0.0026242667566028
2026-06-30,Xander_Bogaerts,593428,hitter,SD,CHC,2026,824661,88,135,112,0,571510.0,Matthew_Boyd,1.0,1.0,1.0,0.0,0.0,4.0,4.0,0.0,0.0,7.0,0.0952380952380952,0.2225,0.2225,0.0,0.0,26.7,4.749999999999999,8.071428571428571,4.801630434782609,1.0522222222222224,19.0,92.0,0,1.0,1.2246467991473532e-16,-1.0,0.7818314824680298,0.6234898018587336,1.5,1.5,0.5,0.5,0.5,1.5,1.5,0.5,0.5,0.5,synthetic,synthetic,synthetic,synthetic,synthetic,0.0,0.0,0.0,0.0,0.0,-110.0,-110.0,-110.0,-110.0,-110.0,-110.0,-110.0,-110.0,-110.0,-110.0,0.0,0.0,0.0,0.0,0.0,2026-08-26T14:02:39.082451+00:00,-0.07467921495109375,-0.08606036010470297,0.035964416517845654,-0.4793355065316631,0.1955024512360879,1.2,1.4,0.4,0.0,0.6,2.0,3.0,1.0,0.0,1.0,batter_pitcher_profile_network_v2,1.0,0.35,0.7391452908526226,1.0,0.6095591456546938,0.0187768871625866,0.2009197375089512,0.1111111111111111,53.0,19.268662346820143,0.0735063961847203,0.0976032956236364,0.0097603295623636,-0.2163101616446953,0.1597467923034717,0.0839506172839506,53.0,19.45115785117745,0.1117407815481091,0.2406123326789405,0.0384979732286304,-0.0610298375706212,0.368847393565147,0.1111111111111111,53.0,18.14749458784867,0.1185387127491572,0.2151578955743029,0.0107578947787151,-0.5896557870370369,0.0919813813445677,-0.0246913580246913,53.0,18.87536676147398,0.1796062238057276,0.1581352942890286,0.0039533823572257,-0.4131557870370367,0.3957338090902612,-0.0592592592592592,53.0,17.9501658168143,0.1058387410524913,0.0278488249492908,0.0016709294969574
2026-07-01,Xander_Bogaerts,593428,hitter,SD,CHC,2026,824660,89,135,112,0,607067.0,Colin_Rea,0.0,0.0,0.0,0.0,0.0,3.0,2.0,1.0,1.0,6.0,0.073170731707317,0.2299999999999999,0.2299999999999999,0.0,0.0,27.6,3.1714285714285713,5.373214285714286,4.801630434782609,1.0522222222222224,12.0,92.0,0,1.0,-0.4999999999999997,-0.8660254037844388,0.9749279121818236,-0.22252093395631434,0.5,1.5,0.5,0.5,0.5,0.5,1.5,0.5,0.5,0.5,synthetic,synthetic,synthetic,synthetic,synthetic,0.0,0.0,0.0,0.0,0.0,-110.0,-110.0,-110.0,-110.0,-110.0,-110.0,-110.0,-110.0,-110.0,-110.0,0.0,0.0,0.0,0.0,0.0,2026-08-26T14:02:39.082451+00:00,0.7420321453820129,-0.5152360071416645,0.14389776543614863,-0.4786463650313592,-0.12137568139710941,1.0,1.2,0.6,0.0,0.4,1.0,1.0,1.0,0.0,0.0,batter_pitcher_profile_network_v2,1.0,0.8,0.4276964534961172,0.0,0.7380857475573805,-0.0530124646892652,0.3163700626595867,0.0,54.0,18.673717558297135,0.106602213912757,0.0,0.0,-0.2763240505335842,0.3249042672553693,0.0,54.0,18.772756788060494,0.1418536965303272,0.2127805447954908,0.0340448871672785,-0.1475923375706212,0.3220155077680939,0.0,54.0,18.66916332685747,0.0874224349159773,0.0874224349159773,0.0043711217457988,-0.6038409722222221,0.356262025876059,0.0,54.0,18.291587659125597,0.1857009543011842,0.1857009543011842,0.0046425238575296,-0.4924451388888887,0.3348244158140709,0.0,54.0,18.566509397014496,0.0998670305767845,0.0749002729325884,0.0044940163759553
2026-07-02,Xander_Bogaerts,593428,hitter,SD,LAD,2026,823935,90,135,119,0,808963.0,Roki_Sasaki,1.0,2.0,1.0,0.0,0.0,4.0,4.0,0.0,1.0,7.0,0.0975609756097561,0.3175,0.3175,0.25,21.25,49.35,8.684389140271493,7.445701357466063,3.3214285714285725,1.08,8.0,71.0,0,1.0,-0.4999999999999997,-0.8660254037844388,0.43388373911755823,-0.900968867902419,0.5,1.5,0.5,0.5,0.5,0.5,1.5,0.5,0.5,0.5,synthetic,synthetic,synthetic,synthetic,synthetic,0.0,0.0,0.0,0.0,0.0,-110.0,-110.0,-110.0,-110.0,-110.0,-110.0,-110.0,-110.0,-110.0,-110.0,0.0,0.0,0.0,0.0,0.0,2026-08-26T14:02:39.082451+00:00,0.38503069457778294,-0.2849751005321446,-0.12642050818849393,-0.35457723008014297,-0.1429793702322008,1.0,1.2,0.4,0.0,0.4,0.0,0.0,0.0,0.0,0.0,batter_pitcher_profile_network_v2,1.0,0.8,0.4461239291475563,1.0,0.7550298549435395,-0.0507076032763531,0.0568358925135041,-0.074074074074074,54.0,19.93800032099513,0.0874133232921343,-0.0535601455239835,-0.0053560145523983,-0.2678553774928773,0.2384487452540698,-0.0617283950617283,54.0,19.374899046938776,0.133769445160554,0.1560207131375113,0.0249633141020018,-0.1379708867521366,0.4305788102420456,0.1111111111111111,54.0,17.895025770020045,0.0637844611497206,0.1441246794356959,0.0072062339717847,-0.5973224537037036,0.4503972746658345,-0.0246913580246913,54.0,17.654414681746815,0.1857641786356093,0.1679107967942814,0.004197769919857,-0.4573849537037035,0.4083851827910653,-0.0592592592592592,54.0,18.10282576847857,0.1008529080988593,0.0327915646549576,0.0019674938792974
2026-07-03,Xander_Bogaerts,593428,hitter,SD,LAD,2026,823933,91,135,119,0,660271.0,,1.0,2.0,0.0,0.0,1.0,4.0,4.0,0.0,0.0,7.0,0.1081081081081081,0.3175,0.3175,0.25,21.25,49.35,4.1,8.2,2.6785714285714297,1.08,4.0,73.0,0,1.0,-0.4999999999999997,-0.8660254037844388,-0.433883739117558,-0.9009688679024191,1.5,1.5,0.5,0.5,0.5,1.5,1.5,0.5,0.5,0.5,synthetic,synthetic,synthetic,synthetic,synthetic,0.0,0.0,0.0,0.0,0.0,-110.0,-110.0,-110.0,-110.0,-110.0,-110.0,-110.0,-110.0,-110.0,-110.0,0.0,0.0,0.0,0.0,0.0,2026-08-26T14:02:39.082451+00:00,-0.3802982496965088,0.20562811110649837,0.10461411296440015,-0.3633686268052724,-0.17834090450509532,1.2,1.6,0.6,0.0,0.4,1.0,2.0,1.0,0.0,0.0,batter_pitcher_profile_network_v2,1.0,0.75,0.3720783499335209,1.0,0.7470653015998577,-0.0605158297720794,-0.7925396982340427,-0.074074074074074,55.0,12.33818280105746,0.0082282726515958,-0.0809335909161858,-0.0080933590916185,-0.2536951210826207,-0.7978019053712858,-0.0641975308641975,55.0,11.69150427718748,0.0142926646659801,-0.1496933934222233,-0.0239509429475557,-0.149859241452991,-0.6847096011337364,-0.1037037037037037,55.0,12.95935749847892,-0.0825376111841061,-0.2181134936077504,-0.0109056746803875,-0.5266939814814815,-0.7855270494635047,-0.0246913580246913,55.0,11.188690815272004,0.0929856786583586,-0.1837450722108975,-0.0045936268052724,-0.4193085648148145,-0.7737351775026126,-0.0592592592592592,55.0,11.48846485532944,0.02239509459381,-0.2275768511467001,-0.013654611068802
2026-07-04,Xander_Bogaerts,593428,hitter,SD,LAD,2026,823932,92,135,119,0,808967.0,Yoshinobu_Yamamoto,1.0,1.0,0.0,0.0,0.0,3.0,2.0,1.0,1.0,6.0,0.09375,0.5266666666666667,0.5266666666666667,0.0,0.0,63.20000000000001,2.86,7.52,2.6785714285714297,1.08,0.0,77.0,0,1.0,-0.4999999999999997,-0.8660254037844388,-0.9749279121818236,-0.2225209339563146,0.5,1.5,0.5,0.5,0.5,0.5,1.5,0.5,0.5,0.5,synthetic,synthetic,synthetic,synthetic,synthetic,0.0,0.0,0.0,0.0,0.0,-110.0,-110.0,-110.0,-110.0,-110.0,-110.0,-110.0,-110.0,-110.0,-110.0,0.0,0.0,0.0,0.0,0.0,2026-08-26T14:02:39.082451+00:00,0.5203920841199141,0.014704065265420896,0.07200235108205688,-0.47235389948879125,0.033260686959381225,1.0,1.6,0.6,0.0,0.4,1.0,2.0,0.0,0.0,1.0,batter_pitcher_profile_network_v2,1.0,0.8,0.4657597164243925,2.0,0.7718555477904094,0.0258297898860402,-0.3770768256495604,-0.0333333333333333,54.0,18.118188649377046,0.0494998589111588,-0.0296327302294337,-0.0029632730229433,-0.1754323005698003,-0.2844564432021069,-0.0533333333333333,54.0,18.566603126437958,0.0716607969844581,0.0417441579088802,0.0066790652654208,-0.1018116987179482,-0.4049022388887492,-0.1866666666666666,54.0,16.684855335942824,-0.0505300936059308,-0.2093577402636268,-0.0104678870131813,-0.4560655092592593,-0.1681904175610812,-0.0444444444444444,54.0,18.464532668786774,0.1553958128122851,0.0818440204483516,0.0020461005112087,-0.3837321759259254,-0.3874716833331936,-0.12,54.0,16.67408213897195,0.047219395374911,-0.1319647411531746,-0.0079178844691904
2026-07-05,Xander_Bogaerts,593428,hitter,SD,LAD,2026,823931,93,135,119,0,686218.0,Emmet_Sheehan,0.0,0.0,0.0,0.0,0.0,4.0,4.0,0.0,2.0,7.0,0.0975609756097561,0.0,0.0,0.0,0.0,10.0,7.8,11.4,1.392857142857144,1.08,0.0,81.0,0,1.0,-0.4999999999999997,-0.8660254037844388,-0.7818314824680299,0.6234898018587334,0.5,1.5,0.5,0.5,0.5,0.5,1.5,0.5,0.5,0.5,synthetic,synthetic,synthetic,synthetic,synthetic,0.0,0.0,0.0,0.0,0.0,-110.0,-110.0,-110.0,-110.0,-110.0,-110.0,-110.0,-110.0,-110.0,-110.0,0.0,0.0,0.0,0.0,0.0,2026-08-26T14:02:39.082451+00:00,0.17110533393996374,-0.593821650079505,-0.40711824679351066,-0.4716939254136054,-0.4665283498467662,0.8,1.2,0.4,0.0,0.2,1.0,1.0,0.0,0.0,0.0,batter_pitcher_profile_network_v2,1.0,0.85,0.5008626350212011,2.0,0.7828476781284174,0.1106333635265699,0.0737324020049551,0.06,54.0,20.69201839072943,0.0376415265197275,0.0490974741266982,0.0049097474126698,-0.1026249798711755,0.2352662255979417,0.0088888888888888,54.0,20.05351156805189,0.0746853519109426,0.1186985284665081,0.0189917645546413,-0.0108654891304347,0.3613254524585803,-0.1733333333333333,54.0,18.9837539921352,0.0813160976086271,-0.0487586640932103,-0.0024379332046605,-0.4363618055555556,0.4189959453619535,-0.0444444444444444,54.0,18.472312886071705,0.1415954864562565,0.1082429834557854,0.0027060745863946,-0.2872229166666665,0.3988764603248537,0.0933333333333333,54.0,18.645667921291437,0.0421037847832009,0.10161809488839,0.0060970856933034
2026-07-07,Xander_Bogaerts,593428,hitter,SD,AZ,2026,823280,94,135,109,1,668678.0,Zac_Gallen,0.0,0.0,0.0,0.0,0.0,4.0,3.0,1.0,1.0,3.0,0.125,0.1725,0.1725,0.0,0.0,20.7,12.176470588235295,3.617647058823529,3.364624505928854,1.08,0.0,71.0,0,2.0,-0.4999999999999997,-0.8660254037844388,0.7818314824680298,0.6234898018587336,0.5,0.5,0.5,0.5,0.5,0.5,0.5,0.5,0.5,0.5,synthetic,synthetic,synthetic,synthetic,synthetic,0.0,0.0,0.0,0.0,0.0,-110.0,-110.0,-110.0,-110.0,-110.0,-110.0,-110.0,-110.0,-110.0,-110.0,0.0,0.0,0.0,0.0,0.0,2026-08-26T14:02:39.082451+00:00,0.34689040203212396,0.2583372244989418,-0.25613934423337076,-0.4682504527840829,-0.287942652934042,0.6,1.0,0.2,0.0,0.2,0.0,0.0,0.0,0.0,0.0,batter_pitcher_profile_network_v2,1.0,1.0,0.3398008212405,1.0,0.8271243993980388,-0.076673148148148,0.8043579542013365,-0.074074074074074,56.0,13.46039193886666,0.0874555395384492,-0.049622252638537,-0.0049622252638537,-0.3180129629629628,0.7553911749220574,-0.0592592592592592,56.0,14.94474834132538,0.1413078034861444,0.172263903118387,0.0275622244989419,-0.1892916666666666,0.5755956518971225,0.1111111111111111,56.0,17.959852259787993,0.0956552304459266,0.1700886094037322,0.0085044304701866,-0.6254821759259258,0.7085161749220573,0.0,56.0,16.332331676551046,0.2459818886366859,0.2459818886366859,0.0061495472159171,-0.4951453703703703,0.6738595407860113,-0.0518518518518518,56.0,16.7128495520176,0.0924501417851972,0.034602029491922,0.0020761217695153
2026-07-08,Xander_Bogaerts,593428,hitter,SD,AZ,2026,823279,95,135,109,1,703615.0,,1.0,1.0,0.0,0.0,2.0,5.0,5.0,0.0,1.0,3.0,0.1219512195121951,0.178,0.178,0.0,0.0,21.36,4.1,8.2,1.4360530773574252,1.08,0.0,72.0,0,1.0,-0.4999999999999997,-0.8660254037844388,0.9749279121818236,-0.22252093395631434,0.5,0.5,0.5,0.5,0.5,0.5,0.5,0.5,0.5,0.5,synthetic,synthetic,synthetic,synthetic,synthetic,0.0,0.0,0.0,0.0,0.0,-110.0,-110.0,-110.0,-110.0,-110.0,-110.0,-110.0,-110.0,-110.0,-110.0,0.0,0.0,0.0,0.0,0.0,2026-08-26T14:02:39.082451+00:00,0.04577708244389045,0.26275003318900003,-0.3572884453076782,-0.4682278383389816,-0.38449101678740805,0.6,1.0,0.2,0.0,0.2,0.0,0.0,0.0,0.0,0.0,batter_pitcher_profile_network_v2,1.0,0.15,0.7557582631331934,0.0,0.5386129419149276,-0.1516186493558775,0.4929583333333334,0.0,56.0,18.852496269470954,0.08408053526447,0.0,0.0,-0.3749812600644121,0.5767083333333334,0.0,56.0,18.22868135668711,0.1367887561736791,0.2051831342605187,0.032829301481683,-0.2485828804347825,0.4792361111111112,0.0,56.0,19.62819836784848,0.0920072847816944,0.0920072847816944,0.0046003642390847,-0.6353710648148148,0.6465000000000001,0.0,56.0,17.721856121047516,0.2468864664407381,0.2468864664407381,0.0061721616610184,-0.5349821759259257,0.5397222222222223,0.0,56.0,18.960400250575677,0.0864821155195392,0.0648615866396544,0.0038916951983792
2026-07-09,Xander_Bogaerts,593428,hitter,SD,AZ,2026,823277,96,135,109,1,518876.0,Merrill_Kelly,0.0,0.0,0.0,0.0,0.0,4.0,4.0,0.0,3.0,3.0,0.1333333333333333,0.0,0.0,0.0,0.0,10.0,5.2,6.1000000000000005,2.838650479954828,1.08,0.0,70.0,0,1.0,-0.4999999999999997,-0.8660254037844388,0.43388373911755823,-0.900968867902419,0.5,0.5,0.5,0.5,0.5,0.5,0.5,0.5,0.5,0.5,synthetic,synthetic,synthetic,synthetic,synthetic,0.0,0.0,0.0,0.0,0.0,-110.0,-110.0,-110.0,-110.0,-110.0,-110.0,-110.0,-110.0,-110.0,-110.0,0.0,0.0,0.0,0.0,0.0,2026-08-26T14:02:39.082451+00:00,0.3542793525315264,0.2066960308094863,-0.4946849680198882,-0.46861581201146796,0.23394241004866667,0.6,0.8,0.0,0.0,0.6,1.0,1.0,0.0,0.0,2.0,batter_pitcher_profile_network_v2,1.0,0.9,0.408456431339948,0.0,0.7699676784447707,-0.0791703224776501,0.732699603865973,0.0,55.0,15.177137232523284,0.0588841233150373,0.0,0.0,-0.3265092273307791,0.7599635683446424,0.0,55.0,15.372639605371225,0.11852512837286,0.1777876925592901,0.0284460308094864,-0.1874504310344828,0.6920009376163632,0.0,55.0,16.814198049723124,0.1063006396022373,0.1063006396022373,0.0053150319801118,-0.6351266203703704,0.8099561806377866,0.0,55.0,15.328637619359602,0.2313675195412805,0.2313675195412805,0.005784187988532,-0.5264356481481479,0.7481332268204609,0.0,55.0,16.094946493904466,0.0046641344650063,0.0034981008487547,0.0002098860509252
2026-07-10,Xander_Bogaerts,593428,hitter,SD,TOR,2026,823278,97,135,141,1,669456.0,Shane_Bieber,1.0,4.0,1.0,1.0,2.0,5.0,5.0,0.0,1.0,3.0,0.1282051282051282,0.42,0.42,0.6,30.0,65.0,4.1,8.2,4.542857142857143,1.08,0.0,70.0,0,1.0,-0.4999999999999997,-0.8660254037844388,-0.433883739117558,-0.9009688679024191,0.5,0.5,0.5,0.5,0.5,0.5,0.5,0.5,0.5,0.5,synthetic,synthetic,synthetic,synthetic,synthetic,0.0,0.0,0.0,0.0,0.0,-110.0,-110.0,-110.0,-110.0,-110.0,-110.0,-110.0,-110.0,-110.0,-110.0,0.0,0.0,0.0,0.0,0.0,2026-08-26T14:02:39.082451+00:00,0.03390915750915757,0.7123587881938458,-0.19015718193879583,-0.24544641988894939,-0.016704360708080512,0.4,0.4,0.0,0.0,0.4,0.0,0.0,0.0,0.0,0.0,batter_pitcher_profile_network_v2,1.0,0.15,0.7389575306005671,0.0,0.5389216553752145,-0.1743717911877393,0.873076923076923,0.0,55.0,13.375245994814234,0.033403863469163,0.0,0.0,-0.3953348978288632,0.8984615384615384,0.0,55.0,13.61500957887178,0.0779532841410236,0.1169299262115354,0.0187087881938456,-0.2518038793103447,0.8979166666666667,0.0,55.0,14.149709047718185,0.06822998759771,0.06822998759771,0.0034114993798855,-0.6394229166666666,0.8984615384615384,0.0,55.0,14.46947002929677,0.158143204442026,0.158143204442026,0.0039535801110506,-0.5494819444444443,0.9489583333333332,0.0,55.0,13.51171655796136,0.0085233639962593,0.0063925229971945,0.0003835513798316
2026-07-11,Xander_Bogaerts,593428,hitter,SD,TOR,2026,823276,98,135,141,1,702056.0,Trey_Yesavage,0.0,0.0,0.0,0.0,0.0,5.0,2.0,3.0,1.0,3.0,0.119047619047619,0.414,0.414,0.0,0.0,49.68,1.9794117647058822,7.497058823529412,4.446428571428571,1.08,0.0,71.0,0,1.0,-0.4999999999999997,-0.8660254037844388,-0.9749279121818236,-0.2225209339563146,0.5,0.5,0.5,0.5,0.5,0.5,0.5,0.5,0.5,0.5,synthetic,synthetic,synthetic,synthetic,synthetic,0.0,0.0,0.0,0.0,0.0,-110.0,-110.0,-110.0,-110.0,-110.0,-110.0,-110.0,-110.0,-110.0,-110.0,0.0,0.0,0.0,0.0,0.0,2026-08-26T14:02:39.082451+00:00,0.19456969912877597,0.8857298432981509,0.05061860237146565,-0.2340086572839527,0.5516736151618602,0.4,1.0,0.2,0.2,0.8,1.0,4.0,1.0,1.0,2.0,batter_pitcher_profile_network_v2,1.0,0.65,0.5036016333014162,0.0,0.6874007199483747,-0.0861201210826207,-0.4291245337765274,0.0,54.0,19.13389905153021,-0.0070552517462624,-0.0183450255189621,-0.0018345025518962,-0.2814695868945867,-0.3487911384411087,0.0,54.0,19.545461022207,0.0024049882258443,-0.0451259793865582,-0.0072201567018493,-0.1561330128205126,-0.1886507645696847,0.0,54.0,20.607984729056685,-0.0684353025900129,-0.0830565239992567,-0.0041528261999628,-0.5003025462962962,-0.2036359370988268,0.0,54.0,19.878284831637203,0.0662265646855689,0.0156537086418926,0.0003913427160473,-0.4103615740740739,-0.2893596571871344,0.0,54.0,19.416059964110744,-0.0513602400975482,-0.0974635568261413,-0.0058478134095684
2026-07-12,Xander_Bogaerts,593428,hitter,SD,TOR,2026,823274,99,135,141,1,592332.0,Kevin_Gausman,1.0,1.0,1.0,0.0,0.0,4.0,4.0,0.0,1.0,3.0,0.1142857142857142,0.2225,0.2225,0.0,0.0,26.7,5.75,10.0,5.258458646616541,1.08,0.0,73.0,0,1.0,-0.4999999999999997,-0.8660254037844388,-0.7818314824680299,0.6234898018587334,0.5,0.5,0.5,0.5,0.5,0.5,0.5,0.5,0.5,0.5,synthetic,synthetic,synthetic,synthetic,synthetic,0.0,0.0,0.0,0.0,0.0,-110.0,-110.0,-110.0,-110.0,-110.0,-110.0,-110.0,-110.0,-110.0,-110.0,0.0,0.0,0.0,0.0,0.0,2026-08-26T14:02:39.082451+00:00,-0.033907359131101156,0.246745372194342,-0.15720515748273012,-0.3328627576027229,0.2123208892889814,0.4,1.0,0.2,0.2,0.8,0.0,0.0,0.0,0.0,0.0,batter_pitcher_profile_network_v2,1.0,1.0,0.3551491620411947,0.0,0.8064942276499536,0.0018794234360412,0.1729585324647332,0.0,55.0,22.13680142962925,0.0130832169997202,0.0002096167090394,2.0961670903943123e-05,-0.2100785325241206,0.1748523126142047,0.0,55.0,22.24372579363277,0.0215432174764255,0.0323148262146383,0.0051703721943421,-0.0657225140056021,0.2892778011204484,0.0,55.0,21.61798019689949,-0.0250617962711431,-0.0250617962711431,-0.0012530898135571,-0.4856062499999999,0.2061756068572751,0.0,55.0,21.676626169806347,0.0614896958910866,0.0614896958910866,0.0015372423972771,-0.3327902777777777,0.319089901333668,0.0,55.0,21.27813312753625,-0.0611565120410127,-0.0458673840307595,-0.0027520430418455
2026-07-17,Xander_Bogaerts,593428,hitter,SD,KC,2026,824090,100,135,118,0,607625.0,Seth_Lugo,1.0,1.0,0.0,0.0,1.0,5.0,4.0,0.0,0.0,3.0,0.125,0.178,0.178,0.0,0.0,21.36,7.153846153846153,10.769230769230768,11.877551020408163,1.06,10.0,86.0,0,5.0,-0.4999999999999997,-0.8660254037844388,-0.433883739117558,-0.9009688679024191,0.5,1.5,0.5,0.5,0.5,0.5,1.5,0.5,0.5,0.5,synthetic,synthetic,synthetic,synthetic,synthetic,0.0,0.0,0.0,0.0,0.0,-110.0,-110.0,-110.0,-110.0,-110.0,-110.0,-110.0,-110.0,-110.0,-110.0,0.0,0.0,0.0,0.0,0.0,2026-08-26T14:02:39.082451+00:00,0.5353558937587695,-0.5079574673076803,0.43086921608357487,-0.3394235955028449,0.5420390589635182,0.6,1.2,0.4,0.2,0.8,1.0,1.0,1.0,0.0,0.0,batter_pitcher_profile_network_v2,1.0,1.0,0.3830625538822575,0.0,0.8030748371494234,0.0067548611111111,0.396876495164895,0.0,55.0,20.84807278734897,0.0097494735166081,0.0016539140398146,0.0001653914039814,-0.2070643518518518,0.3371657164137991,0.0,55.0,21.813597117707324,0.0183022195513323,0.0274533293269985,0.0043925326923197,-0.0504270833333334,0.377213101869513,0.0,55.0,21.581923608718025,-0.0231666987366668,-0.0231666987366668,-0.0011583349368333,-0.4859395833333332,0.2828439079031609,0.0,55.0,21.989879655943422,0.0550561798862053,0.0550561798862053,0.0013764044971551,-0.3267173611111111,0.4063753359120662,0.0,55.0,21.22097585599201,-0.0719664901531123,-0.0539748676148342,-0.00323849205689
2026-07-18,Xander_Bogaerts,593428,hitter,SD,KC,2026,824088,101,135,118,0,677976.0,Randy_Dobnak,0.0,0.0,0.0,0.0,0.0,4.0,3.0,1.0,2.0,3.0,0.1142857142857142,0.1725,0.1725,0.0,0.0,20.7,4.1,8.2,12.520408163265305,1.06,0.0,90.0,0,1.0,-0.4999999999999997,-0.8660254037844388,-0.9749279121818236,-0.2225209339563146,0.5,1.5,0.5,0.5,0.5,0.5,1.5,0.5,0.5,0.5,synthetic,synthetic,synthetic,synthetic,synthetic,0.0,0.0,0.0,0.0,0.0,-110.0,-110.0,-110.0,-110.0,-110.0,-110.0,-110.0,-110.0,-110.0,-110.0,0.0,0.0,0.0,0.0,0.0,2026-08-26T14:02:39.082451+00:00,0.692383881632231,-0.5260713480094478,0.30235681642867773,-0.3397168665584398,0.5828243587313067,0.6,1.2,0.4,0.2,0.6,1.0,1.0,0.0,0.0,1.0,batter_pitcher_profile_network_v2,1.0,0.05,0.9425,0.0,0.5117271875,0.0354775826446282,0.4945606060606061,0.0,55.0,20.125988222697867,0.0061389243685992,0.0010088843495218,0.0001008884349521,-0.1893167967554329,0.0752992424242424,0.0,55.0,23.54559727069856,0.0018902166273015,0.0028353249409523,0.0004536519905523,-0.0214774449035809,-0.120965909090909,0.0,55.0,22.53934425605591,-0.1056224474695058,-0.1057718346917492,-0.0052885917345874,-0.487917361111111,-0.3049090909090909,0.0,55.0,20.29507313299624,0.0518796379057832,0.0433253376624119,0.0010831334415602,-0.3276847222222218,-0.0449242424242423,0.0,55.0,22.678314461386226,-0.0954502671934234,-0.0724341571993078,-0.0043460494319584
2026-07-19,Xander_Bogaerts,593428,hitter,SD,KC,2026,824086,102,135,118,0,702070.0,Noah_Cameron,1.0,2.0,1.0,0.0,0.0,5.0,4.0,1.0,0.0,5.0,0.0909090909090909,0.392,0.392,0.25,21.25,58.29,7.651948051948053,8.057142857142857,11.693877551020407,1.06,0.0,90.0,0,1.0,-0.4999999999999997,-0.8660254037844388,-0.7818314824680299,0.6234898018587334,0.5,1.5,0.5,0.5,0.5,0.5,1.5,0.5,0.5,0.5,synthetic,synthetic,synthetic,synthetic,synthetic,0.0,0.0,0.0,0.0,0.0,-110.0,-110.0,-110.0,-110.0,-110.0,-110.0,-110.0,-110.0,-110.0,-110.0,0.0,0.0,0.0,0.0,0.0,2026-08-26T14:02:39.082451+00:00,0.4920009894867039,-0.2808636513819738,0.3387316169777125,-0.22386208522423723,0.4199630494731562,0.6,1.2,0.4,0.2,0.6,0.0,0.0,0.0,0.0,0.0,batter_pitcher_profile_network_v2,1.0,1.0,0.3986095328079015,0.0,0.8011703322310321,-0.0965070458371598,0.2230434833847989,0.0,55.0,22.925715024743667,0.043420899603171,0.0,0.0,-0.3062432774716869,0.2099649164389472,0.0,55.0,23.19020409465833,0.0517234222720795,0.0775851334081192,0.012413621345299,-0.1192060089531684,0.2685112097159114,0.0,55.0,22.861271464503744,0.0228456976247538,0.0228456976247538,0.0011422848812376,-0.5665643518518519,0.1973349930253805,0.0,55.0,22.816898988349596,0.0525165910305147,0.0525165910305147,0.0013129147757628,-0.4110192129629633,0.2967702359741171,0.0,55.0,22.529906713203843,-0.0942204219323376,-0.0706653164492532,-0.0042399189869551
2026-07-20,Xander_Bogaerts,593428,hitter,SD,ATL,2026,824898,103,135,144,0,693821.0,Bryce_Elder,0.0,0.0,0.0,0.0,0.0,4.0,4.0,0.0,0.0,6.0,0.1176470588235294,0.0,0.0,0.0,0.0,10.0,10.0,8.25,4.227744360902256,1.08,0.0,91.0,0,1.0,-0.4999999999999997,-0.8660254037844388,0.0,1.0,0.5,0.5,0.5,0.5,0.5,0.5,0.5,0.5,0.5,0.5,synthetic,synthetic,synthetic,synthetic,synthetic,0.0,0.0,0.0,0.0,0.0,-110.0,-110.0,-110.0,-110.0,-110.0,-110.0,-110.0,-110.0,-110.0,-110.0,0.0,0.0,0.0,0.0,0.0,2026-08-26T14:02:39.082451+00:00,0.3772842842400118,0.30794738054818993,-0.08793376892253696,-0.4744420900215702,-0.3134160802223778,0.6,0.8,0.4,0.0,0.2,1.0,2.0,1.0,0.0,0.0,batter_pitcher_profile_network_v2,1.0,1.0,0.3815151830612394,0.0,0.8032643900749982,-0.086560447024894,0.1659296527700424,0.0,55.0,23.7427554588401,0.0371882782308396,0.0,0.0,-0.2819983227079541,0.1625715563433154,0.0,55.0,23.886684706218663,0.0284449679703994,0.0426674519555992,0.0068267923128958,-0.1072013319672134,0.2420422634658959,0.0,55.0,23.500357252373785,-0.0061256217059376,-0.0061256217059376,-0.0003062810852968,-0.5002914351851852,0.2007814820333366,0.0,55.0,23.344330377737,-0.0016836008628075,-0.0016836008628075,-4.209002157018865e-05,-0.3815900462962965,0.2441950412436737,0.0,55.0,23.29384411417248,-0.1368053209769157,-0.1026039907326868,-0.0061562394439612
2026-07-21,Xander_Bogaerts,593428,hitter,SD,ATL,2026,824895,104,135,144,0,625643.0,Reynaldo_López,1.0,2.0,1.0,0.0,0.0,4.0,4.0,0.0,1.0,8.0,0.0952380952380952,0.3175,0.3175,0.25,21.25,49.35,3.6,8.4,2.94203007518797,1.08,-9.0,87.0,0,1.0,-0.4999999999999997,-0.8660254037844388,0.7818314824680298,0.6234898018587336,0.5,0.5,0.5,0.5,0.5,0.5,0.5,0.5,0.5,0.5,synthetic,synthetic,synthetic,synthetic,synthetic,0.0,0.0,0.0,0.0,0.0,-110.0,-110.0,-110.0,-110.0,-110.0,-110.0,-110.0,-110.0,-110.0,-110.0,0.0,0.0,0.0,0.0,0.0,2026-08-26T14:02:39.082451+00:00,0.1267478696741855,0.43932331873025643,-0.16226218471699072,-0.3601860279870905,-0.3106298909086315,0.6,0.8,0.4,0.0,0.2,0.0,0.0,0.0,0.0,0.0,batter_pitcher_profile_network_v2,1.0,0.65,0.6023604403818822,0.0,0.6795370499345926,-0.1355519929990965,0.1617722449963829,0.0,55.0,24.314122365920557,0.0192714403694847,0.0,0.0,-0.32914700767841,0.1503819284164111,0.0,55.0,24.46766079651737,-0.0008403386239315,-0.0012605079358973,-0.0002016812697435,-0.1666694613821137,0.3497254010357459,0.0,55.0,23.346680494456564,0.065226230472217,0.065226230472217,0.0032613115236108,-0.5174766203703703,0.1952095146233077,0.0,55.0,23.888974132446883,-0.0564411194836235,-0.0564411194836235,-0.0014110279870905,-0.4648168981481481,0.3167368952886195,0.0,55.0,23.44374809726944,-0.1773643259562233,-0.1330232444671674,-0.00798139466803
2026-07-22,Xander_Bogaerts,593428,hitter,SD,ATL,2026,824896,105,135,144,0,527048.0,Martín_Pérez,1.0,1.0,1.0,0.0,0.0,4.0,2.0,2.0,0.0,7.0,0.1,0.5675,0.5675,0.0,0.0,65.0,7.4192307692307695,4.292307692307692,3.768560687432868,1.08,0.0,87.0,0,1.0,-0.4999999999999997,-0.8660254037844388,0.9749279121818236,-0.22252093395631434,0.5,0.5,0.5,0.5,0.5,0.5,0.5,0.5,0.5,0.5,synthetic,synthetic,synthetic,synthetic,synthetic,0.0,0.0,0.0,0.0,0.0,-110.0,-110.0,-110.0,-110.0,-110.0,-110.0,-110.0,-110.0,-110.0,-110.0,0.0,0.0,0.0,0.0,0.0,2026-08-26T14:02:39.082451+00:00,0.5204584844736302,0.6616236644510765,0.16718949216502876,-0.4761562518157951,-0.1854974062640053,0.6,1.0,0.4,0.0,0.2,1.0,2.0,1.0,0.0,0.0,batter_pitcher_profile_network_v2,1.0,0.75,0.4876594865059783,1.0,0.7364462846772633,-0.1342828534327009,0.0309858559683384,0.1111111111111111,54.0,24.33363469856401,-0.021635562779673,0.0826477492503321,0.0082647749250332,-0.306027766485998,-0.0009249829546586,0.0765432098765431,54.0,24.24143781786296,-0.036198956574833,0.0024916528192274,0.0003986644510763,-0.1681404979674795,0.0253400615316057,-0.0814814814814814,54.0,23.89457673584646,0.0183375053179486,-0.0422708441322948,-0.0021135422066147,-0.444625925925926,0.0076687670453414,-0.0246913580246913,54.0,23.5030352285256,-0.0518839061317325,-0.0702500726318063,-0.0017562518157951,-0.4172266203703702,-0.0349203551350609,0.1111111111111111,54.0,23.38390334858843,-0.206365037376618,-0.0795906772608117,-0.0047754406356487
2026-07-23,Xander_Bogaerts,593428,hitter,SD,ATL,2026,824893,106,135,144,0,519242.0,Chris_Sale,0.0,0.0,0.0,0.0,0.0,4.0,4.0,0.0,1.0,5.0,0.1052631578947368,0.0,0.0,0.0,0.0,10.0,1.8,9.371428571428572,3.998152524167562,1.08,6.0,82.0,0,1.0,-0.4999999999999997,-0.8660254037844388,0.43388373911755823,-0.900968867902419,0.5,0.5,0.5,0.5,0.5,0.5,0.5,0.5,0.5,0.5,synthetic,synthetic,synthetic,synthetic,synthetic,0.0,0.0,0.0,0.0,0.0,-110.0,-110.0,-110.0,-110.0,-110.0,-110.0,-110.0,-110.0,-110.0,-110.0,0.0,0.0,0.0,0.0,0.0,2026-08-26T14:02:39.082451+00:00,0.25049486707873747,0.24776092027069008,0.019195345274857,-0.47966089240049925,-0.4844229328131497,0.6,1.0,0.6,0.0,0.0,1.0,1.0,1.0,0.0,0.0,batter_pitcher_profile_network_v2,1.0,1.0,0.3161524501920779,0.0,0.8112713248514705,0.035478539426523,-0.5481763931104356,0.0,55.0,19.54205533541465,-0.0416630624439529,-0.0132998075513284,-0.0013299807551328,-0.1753920848267623,-0.5364823335717265,0.0,55.0,19.19381830392427,-0.0564208888746987,-0.1489778009397654,-0.0238364481503624,-0.0173138440860217,-0.6453747218745652,0.0,55.0,16.488552357988507,-0.0742359416425028,-0.0818771976177939,-0.0040938598808896,-0.4242555555555555,-0.560219035699386,0.0,55.0,17.774399527359776,-0.0479015196328193,-0.2104356960199732,-0.0052608924004993,-0.3140958333333333,-0.6428968849951328,0.0,55.0,16.376899864488355,-0.1518804883844614,-0.2520005450956392,-0.0151200327057383
2026-07-24,Xander_Bogaerts,593428,hitter,SD,MIA,2026,823843,107,135,146,0,687473.0,Ryan_Gusto,0.0,0.0,1.0,0.0,0.0,4.0,2.0,2.0,0.0,8.0,0.1,0.345,0.345,0.0,0.0,41.4,1.2857142857142856,7.071428571428572,5.5102040816326525,1.0766666666666669,0.0,72.0,0,1.0,-0.4999999999999997,-0.8660254037844388,-0.433883739117558,-0.9009688679024191,0.5,0.5,0.5,0.5,0.5,0.5,0.5,0.5,0.5,0.5,synthetic,synthetic,synthetic,synthetic,synthetic,0.0,0.0,0.0,0.0,0.0,-110.0,-110.0,-110.0,-110.0,-110.0,-110.0,-110.0,-110.0,-110.0,-110.0,0.0,0.0,0.0,0.0,0.0,2026-08-26T14:02:39.082451+00:00,0.23150817870108065,0.27161411397700475,0.11288903710449938,-0.4769307396346782,-0.30556624667630294,0.6,1.0,0.6,0.0,0.0,0.0,0.0,0.0,0.0,0.0,batter_pitcher_profile_network_v2,1.0,0.3,0.7776985054145491,0.0,0.5764195799260153,0.0354785394265232,0.2596413050130561,0.0,55.0,24.16439189791821,-0.0135904454354053,0.0020477734053656,0.0002047773405365,-0.1753920848267622,0.1933573944619736,0.0,55.0,24.86060576689305,-0.0328578584291472,-0.0492867876437208,-0.0078858860229953,-0.008980510752688,0.3288569297863853,0.0,55.0,24.051457106159024,0.0175766604573359,0.0175766604573359,0.0008788330228667,-0.4242555555555555,0.1509378400065281,0.0,55.0,24.60798269781138,-0.058562918720465,-0.058562918720465,-0.0014640729680116,-0.309095833333333,0.3044695535487616,0.0,55.0,24.039033156909984,-0.2039211279541245,-0.1529408459655934,-0.0091764507579356
2026-07-25,Xander_Bogaerts,593428,hitter,SD,MIA,2026,823841,108,135,146,0,691587.0,Eury_Pérez,1.0,1.0,0.0,0.0,0.0,4.0,4.0,0.0,0.0,8.0,0.1025641025641025,0.2225,0.2225,0.0,0.0,26.7,1.0,10.92857142857143,4.0,1.0766666666666669,0.0,72.0,0,1.0,-0.4999999999999997,-0.8660254037844388,-0.9749279121818236,-0.2225209339563146,0.5,0.5,0.5,0.5,0.5,0.5,0.5,0.5,0.5,0.5,synthetic,synthetic,synthetic,synthetic,synthetic,0.0,0.0,0.0,0.0,0.0,-110.0,-110.0,-110.0,-110.0,-110.0,-110.0,-110.0,-110.0,-110.0,-110.0,0.0,0.0,0.0,0.0,0.0,2026-08-26T14:02:39.082451+00:00,-0.15420266762442453,-0.03625847940704158,0.1079695351610932,-0.4772197075078929,-0.41456440141702583,0.4,0.6,0.6,0.0,0.0,0.0,0.0,1.0,0.0,0.0,batter_pitcher_profile_network_v2,1.0,1.0,0.3876560066193472,0.0,0.8025121391891299,0.0003304878048779,-0.4938242828813314,0.0,55.0,20.896657013853236,-0.0203481642237517,-9.993631750427656e-05,-9.993631750427656e-06,-0.2037037488708221,-0.2888902550596439,0.0,55.0,23.08112787553145,-0.0402826732303811,-0.0964592462940104,-0.0154334794070416,-0.0501463414634146,-0.1368810483741402,0.0,55.0,23.768235431790917,-0.0835215009136497,-0.0877246813935219,-0.004386234069676,-0.4311444444444445,-0.0585416973673362,0.0,55.0,24.000562208275763,-0.0546661155970122,-0.070121633649055,-0.0017530408412263,-0.3435888888888888,-0.1896494778613197,0.0,55.0,23.045509558906986,-0.1452380568421977,-0.1488297672068416,-0.0089297860324104
2026-07-28,Xander_Bogaerts,593428,hitter,SD,COL,2026,823275,109,135,115,1,547179.0,Michael_Lorenzen,1.0,1.0,1.0,0.0,1.0,5.0,3.0,1.0,1.0,8.0,0.1136363636363636,0.316,0.316,0.0,0.0,37.92,6.509090909090911,7.1909090909090905,8.3625,1.08,0.0,74.0,0,3.0,-0.4999999999999997,-0.8660254037844388,0.7818314824680298,0.6234898018587336,0.5,0.5,0.5,0.5,0.5,0.5,0.5,0.5,0.5,0.5,synthetic,synthetic,synthetic,synthetic,synthetic,0.0,0.0,0.0,0.0,0.0,-110.0,-110.0,-110.0,-110.0,-110.0,-110.0,-110.0,-110.0,-110.0,-110.0,0.0,0.0,0.0,0.0,0.0,2026-08-26T14:02:39.082451+00:00,0.5120913544793433,0.29277908491899085,0.2564184447669998,-0.47596754769297667,-0.15364250914678218,0.6,0.8,0.6,0.0,0.0,1.0,1.0,0.0,0.0,0.0,batter_pitcher_profile_network_v2,1.0,1.0,0.3886202626166963,0.0,0.8023940178294546,0.040332181571816,0.6859174998891719,0.0,55.0,18.07935610195347,-0.0031932752180997,0.0169135447934307,0.001691354479343,-0.1754618789521226,0.5205782010301361,0.0,55.0,21.54372052904857,-0.0256742673829923,-0.0385114010744885,-0.0061618241719181,-0.0246128048780484,0.5686870561069479,0.0,55.0,21.49736203598961,0.0112325317036333,0.0112325317036333,0.0005616265851816,-0.4289222222222221,0.3343391659424167,0.0,55.0,24.056803933246627,-0.0627019077190692,-0.0627019077190692,-0.0015675476929767,-0.3365749999999996,0.6083032841771234,0.0,55.0,20.822945259502493,-0.1600860618476869,-0.1200645463857651,-0.0072038727831459
2026-07-29,Xander_Bogaerts,593428,hitter,SD,COL,2026,823273,110,135,115,1,687312.0,Gabriel_Hughes,0.0,0.0,0.0,0.0,0.0,3.0,3.0,0.0,1.0,8.0,0.0967741935483871,0.0,0.0,0.0,0.0,10.0,4.1,8.2,9.059752747252748,1.08,0.0,77.0,0,1.0,-0.4999999999999997,-0.8660254037844388,0.9749279121818236,-0.22252093395631434,0.5,1.5,0.5,0.5,0.5,0.5,0.5,0.5,0.5,0.5,synthetic,real,real,synthetic,synthetic,0.0,8.0,7.0,0.0,0.0,-110.0,0.0,0.0,-110.0,-110.0,-110.0,0.0,0.0,-110.0,-110.0,0.0,0.8345229603962803,0.37796447300922725,0.0,0.0,2026-07-30T00:28:52.112372+00:00,0.4764588984554139,-1.0051706901298199,0.22828747484292555,-0.4789101475857191,0.05824192679520357,0.6,0.6,0.6,0.0,0.2,1.0,1.0,1.0,0.0,1.0,batter_pitcher_profile_network_v2,1.0,0.15,0.6082523335569542,0.0,0.5413233633708909,0.0403321815718157,-0.3729585652442795,0.0,55.0,23.131088437233043,-0.0203697997704824,-0.0058927595082514,-0.0005892759508251,-0.1754618789521228,-0.5598312461348176,0.0,55.0,19.772767535948077,-0.0555881241095602,-0.1218631842791157,-0.0194981094846585,-0.0454461382113821,-0.4619002525252524,0.0,55.0,20.460836087376844,-0.1394895242696012,-0.1477129278135932,-0.0073856463906796,-0.4289222222222221,-0.7695850340136055,0.0,55.0,15.03944479115233,-0.0510930845408727,-0.1804059034287664,-0.0045101475857191,-0.3490749999999999,-0.5128787878787878,0.0,55.0,19.42707541952118,-0.1632002834203622,-0.1925360363389545,-0.0115521621803372
2026-07-30,Xander_Bogaerts,593428,hitter,SD,SF,2026,823271,111,135,137,1,592662.0,Robbie_Ray,1.0,1.0,0.0,0.0,1.0,4.0,4.0,0.0,0.0,7.0,0.1176470588235294,0.2225,0.2225,0.0,0.0,26.7,1.3499999999999999,9.4,4.178571428571429,1.08,0.0,75.0,0,1.0,-0.4999999999999997,-0.8660254037844388,0.43388373911755823,-0.900968867902419,0.5,0.5,0.5,0.5,0.5,0.5,0.5,0.5,0.5,0.5,synthetic,synthetic,synthetic,synthetic,synthetic,0.0,0.0,0.0,0.0,0.0,-110.0,-110.0,-110.0,-110.0,-110.0,-110.0,-110.0,-110.0,-110.0,-110.0,0.0,0.0,0.0,0.0,0.0,2026-08-26T14:02:39.082451+00:00,-0.03294878656797523,-0.12676979773119756,-0.1180997411454246,-0.4759183893256513,-0.24868360288201485,0.4,0.4,0.4,0.0,0.2,0.0,0.0,0.0,0.0,0.0,batter_pitcher_profile_network_v2,1.0,1.0,0.4023601994076314,0.0,0.8007108755725652,-0.0755880730115362,-0.0220228178025914,0.0,54.0,25.45792194407742,0.0449437387540535,-0.0009948684808732,-9.94868480873287e-05,-0.2715923573163328,0.0342438183270997,0.0,54.0,25.63965523803752,-6.410819371549765e-05,-9.616229057324649e-05,-1.538596649171944e-05,-0.1857259221311476,0.1674577087011278,0.0,54.0,25.274755510603043,-0.0077721338328634,-0.0077721338328634,-0.0003886066916431,-0.4492925925925926,0.1228613236804187,0.0,54.0,25.22782547254969,-0.0607355730260547,-0.0607355730260547,-0.0015183893256513,-0.4719974537037038,0.0988277122700072,0.0,54.0,25.04913554069582,-0.1270025663790443,-0.0952519247842832,-0.0057151154870569
2026-07-31,Xander_Bogaerts,593428,hitter,SD,SF,2026,823272,112,135,137,1,687931.0,Carson_Whisenhunt,1.0,1.0,0.0,0.0,0.0,4.0,4.0,0.0,1.0,7.0,0.1025641025641025,0.2225,0.2225,0.0,0.0,26.7,4.1,8.2,2.2500000000000004,1.08,0.0,75.0,0,1.0,-0.4999999999999997,-0.8660254037844388,-0.433883739117558,-0.9009688679024191,0.5,0.5,0.5,0.5,0.5,0.5,0.5,0.5,0.5,0.5,synthetic,synthetic,synthetic,synthetic,synthetic,0.0,0.0,0.0,0.0,0.0,-110.0,-110.0,-110.0,-110.0,-110.0,-110.0,-110.0,-110.0,-110.0,-110.0,0.0,0.0,0.0,0.0,0.0,2026-08-26T14:02:39.082451+00:00,0.20262446012382707,0.1102040672570721,-0.23590579744206358,-0.4761053590567121,-0.06843551146950516,0.6,0.6,0.4,0.0,0.4,1.0,1.0,0.0,0.0,1.0,batter_pitcher_profile_network_v2,1.0,0.25,0.7872696503319649,0.0,0.5633898669585836,-0.1317200174559805,-0.4323343196826841,0.0,54.0,22.378704150427662,-0.000296929478562,-0.0121143731207034,-0.0012114373120703,-0.318300690649666,-0.2757878614657473,0.0,54.0,24.06728971641173,-0.0315960813737881,-0.0660683296432984,-0.0105709327429277,-0.2577050887978142,-0.0841551209021156,0.0,54.0,25.0718483885748,-0.050617807199383,-0.0552313334566577,-0.0027615666728328,-0.4624037037037037,-0.0900541658135734,0.0,54.0,24.9359726594554,-0.0593559769816666,-0.068214362268487,-0.0017053590567121,-0.5381293981481482,-0.176809106409362,0.0,54.0,24.01996184955114,-0.1352548289269782,-0.1216816014148313,-0.0073008960848898
2026-08-01,Xander_Bogaerts,593428,hitter,SD,SF,2026,823269,113,135,137,1,641816.0,Tyler_Mahle,2.0,3.0,2.0,0.0,0.0,4.0,4.0,0.0,1.0,7.0,0.1052631578947368,0.54,0.54,0.25,21.25,65.0,2.2285714285714286,5.614285714285714,2.525510204081633,1.08,0.0,79.0,0,1.0,-0.8660254037844384,-0.5000000000000004,-0.9749279121818236,-0.2225209339563146,0.5,0.5,0.5,0.5,0.5,0.5,0.5,0.5,0.5,0.5,synthetic,synthetic,synthetic,synthetic,synthetic,0.0,0.0,0.0,0.0,0.0,-110.0,-110.0,-110.0,-110.0,-110.0,-110.0,-110.0,-110.0,-110.0,-110.0,0.0,0.0,0.0,0.0,0.0,2026-08-26T14:02:39.082451+00:00,0.4975623196104645,0.6749997139590569,-0.170982277769967,-0.3607493316724496,-0.11813933696694562,0.8,0.8,0.2,0.0,0.4,1.0,1.0,0.0,0.0,0.0,batter_pitcher_profile_network_v2,1.0,1.0,0.340737271257279,1.0,0.8270096842709833,-0.0914684236490588,0.112518335550908,-0.0777777777777777,54.0,25.521831864942705,-0.0035976606880781,-0.0521397827711164,-0.0052139782771116,-0.2898922207043108,0.127620456941615,-0.0716049382716049,54.0,25.74796735904962,-0.0329890904093765,-0.0974853403874736,-0.0155976544619957,-0.2445049521857923,0.2480531718906877,-0.0814814814814814,54.0,25.27484826605151,0.0218352911413981,-0.0327873384283428,-0.0016393669214171,-0.4601814814814815,0.1746579864924424,-0.0246913580246913,54.0,25.36112879433953,-0.062420954907156,-0.0789732668979866,-0.0019743316724496,-0.5386155092592593,0.2307024035691747,-0.0814814814814814,54.0,25.06589858554853,-0.1317102906900751,-0.1534053475872973,-0.0092043208552378
2026-08-02,Xander_Bogaerts,593428,hitter,SD,SF,2026,823270,114,135,137,1,694738.0,Landen_Roupp,0.0,0.0,1.0,0.0,0.0,4.0,2.0,2.0,1.0,8.0,0.1052631578947368,0.345,0.345,0.0,0.0,41.4,4.2727272727272725,5.175324675324675,2.0969387755102047,1.08,0.0,82.0,0,1.0,-0.8660254037844384,-0.5000000000000004,-0.7818314824680299,0.6234898018587334,0.5,1.5,0.5,0.5,0.5,0.5,1.5,0.5,0.5,0.5,synthetic,synthetic,synthetic,synthetic,synthetic,0.0,0.0,0.0,0.0,0.0,-110.0,-110.0,-110.0,-110.0,-110.0,-110.0,-110.0,-110.0,-110.0,-110.0,0.0,0.0,0.0,0.0,0.0,2026-08-26T14:02:39.082451+00:00,0.799902855082558,-0.17704615426768022,0.22372308583313893,-0.4773354351359256,-0.19620723371327442,1.0,1.2,0.6,0.0,0.4,2.0,3.0,2.0,0.0,0.0,batter_pitcher_profile_network_v2,1.0,1.0,0.4104463654352637,1.0,0.8184703202341802,-0.1040556656041287,-0.0047894504959949,0.0333333333333333,54.0,26.010192791437525,0.0292764034388655,0.0232136238978707,0.002321362389787,-0.2779256906496661,-0.1193566877748165,0.0,54.0,25.563440197695044,-0.0198517818246309,-0.0493345168045825,-0.0078935226887332,-0.2638509221311477,0.1960174793800538,-0.0962962962962963,54.0,25.919198714833986,-0.0171982572367987,-0.0851086377947928,-0.0042554318897396,-0.3936456018518518,-0.1801634058364906,-0.0246913580246913,54.0,24.194164997978312,-0.0581930297494224,-0.1174174054370257,-0.0029354351359256,-0.509631712962963,0.1231274279850465,-0.074074074074074,54.0,25.688073128840514,-0.0935404648104982,-0.1223941028832538,-0.0073436461729952
2026-08-03,Xander_Bogaerts,593428,hitter,SD,AZ,2026,825095,115,135,109,0,694297.0,Brandon_Pfaadt,1.0,1.0,0.0,0.0,0.0,3.0,3.0,0.0,1.0,8.0,0.0909090909090909,0.2966666666666667,0.2966666666666667,0.0,0.0,35.6,2.125,3.901785714285714,7.10064935064935,1.08,0.0,78.0,0,1.0,-0.8660254037844384,-0.5000000000000004,0.0,1.0,0.5,0.5,0.5,0.5,0.5,0.5,0.5,0.5,0.5,0.5,synthetic,synthetic,synthetic,synthetic,synthetic,0.0,0.0,0.0,0.0,0.0,-110.0,-110.0,-110.0,-110.0,-110.0,-110.0,-110.0,-110.0,-110.0,-110.0,0.0,0.0,0.0,0.0,0.0,2026-08-26T14:02:39.082451+00:00,0.6056397186147187,0.23998986636518216,0.2882050565293929,-0.4767368295899096,-0.11389175096425957,0.8,1.0,0.6,0.0,0.2,0.0,0.0,1.0,0.0,0.0,batter_pitcher_profile_network_v2,1.0,0.55,0.6029798826917614,0.0,0.6518742304036426,-0.1019704538554947,0.042360547154683,0.0,54.0,26.526767111364496,0.0139111977491064,0.0,0.0,-0.2711049939283545,-0.0946661861007049,0.0,54.0,26.201617743552102,-0.0325107116507932,-0.0589553806721571,-0.0094328609075451,-0.2728323087431693,-0.3211592961636064,0.0,54.0,22.77010877594804,-0.0710026965704981,-0.105790644303919,-0.0052895322151959,-0.3859789351851851,-0.2195584274800152,0.0,54.0,24.259992635284064,-0.059827742320827,-0.0934731835963852,-0.0023368295899096,-0.4893087962962961,-0.3072728019107328,0.0,54.0,22.81935332320617,-0.094483562693325,-0.1305551567636347,-0.007833309405818
2026-08-04,Xander_Bogaerts,593428,hitter,SD,AZ,2026,825054,116,135,109,0,593958.0,Eduardo_Rodriguez,2.0,3.0,0.0,0.0,1.0,4.0,3.0,1.0,0.0,6.0,0.0869565217391304,0.7125,0.7125,0.3333333333333333,28.33333333333333,65.0,6.625,6.124999999999999,5.4935064935064934,1.08,0.0,76.0,0,1.0,-0.8660254037844384,-0.5000000000000004,0.7818314824680298,0.6234898018587336,0.5,1.5,0.5,0.5,0.5,0.5,1.5,0.5,0.5,0.5,synthetic,synthetic,synthetic,synthetic,synthetic,0.0,0.0,0.0,0.0,0.0,-110.0,-110.0,-110.0,-110.0,-110.0,-110.0,-110.0,-110.0,-110.0,-110.0,0.0,0.0,0.0,0.0,0.0,2026-08-26T14:02:39.082451+00:00,0.6910496800301147,0.0870797165607402,0.3143998811357588,-0.32181711659199636,-0.07269192581288347,1.0,1.2,0.6,0.0,0.2,1.0,1.0,0.0,0.0,0.0,batter_pitcher_profile_network_v2,1.0,1.0,0.3947876682693308,0.0,0.801638510637007,-0.0799627884031571,0.0286758156656436,0.0,54.0,26.587031061478704,-0.0006741151259803,0.0,0.0,-0.2474023527625986,0.0043756649557701,0.0,54.0,26.662428832064386,-0.0381325215766256,-0.0571987823649384,-0.0091518051783901,-0.2585324453551911,-0.0942277999327544,0.0,54.0,25.509513433864186,-0.0345696751761864,-0.0493132186174065,-0.0024656609308703,-0.3764974537037036,0.0006731495553595,0.0,54.0,26.06323385613558,-0.0633513303465227,-0.0633513303465227,-0.001583783258663,-0.4490634259259257,-0.1171149491456223,0.0,54.0,25.077941245461943,-0.0992968660743408,-0.1063020008904265,-0.0063781200534255
2026-08-05,Xander_Bogaerts,593428,hitter,SD,AZ,2026,825052,117,135,109,0,683352.0,Mitch_Bratt,0.0,0.0,0.0,0.0,0.0,3.0,2.0,1.0,1.0,6.0,0.0857142857142857,0.2299999999999999,0.2299999999999999,0.0,0.0,27.6,4.1,8.2,6.244897959183674,1.08,0.0,76.0,0,1.0,-0.8660254037844384,-0.5000000000000004,0.9749279121818236,-0.22252093395631434,1.5,1.5,0.5,0.5,0.5,1.5,1.5,0.5,0.5,0.5,synthetic,synthetic,synthetic,synthetic,synthetic,0.0,0.0,0.0,0.0,0.0,-110.0,-110.0,-110.0,-110.0,-110.0,-110.0,-110.0,-110.0,-110.0,-110.0,0.0,0.0,0.0,0.0,0.0,2026-08-26T14:02:39.082451+00:00,-0.10847074829931991,0.0022050804342690355,0.08998900705089419,-0.47621689523277455,-0.01839199002315839,1.2,1.6,0.6,0.0,0.2,2.0,3.0,0.0,0.0,1.0,batter_pitcher_profile_network_v2,1.0,0.3,0.7550102957092062,0.0,0.5772533716326866,-0.0059183705221613,0.3633376623376622,0.0,54.0,25.23484762865002,0.0340637929900317,0.0,0.0,-0.1671026791135396,0.3866509740259739,0.0,54.0,25.37931252094363,-0.0147704981905444,-0.0221557472858167,-0.0035449195657306,-0.2003843920765025,0.5713133116883118,0.0,54.0,23.598831975664304,0.0498821818342124,0.0498821818342124,0.0024941090917106,-0.2892150462962963,0.4715941558441558,0.0,54.0,24.5908036907433,-0.0726758093109865,-0.0726758093109865,-0.0018168952327746,-0.385478935185185,0.4797792207792207,0.0,54.0,24.611177301553813,-0.0763752884964921,-0.057281466372369,-0.0034368879823421
2026-08-06,Xander_Bogaerts,593428,hitter,SD,AZ,2026,825053,118,135,109,0,684442.0,Kohl_Drake,2.0,2.0,0.0,0.0,0.0,4.0,3.0,1.0,0.0,6.0,0.0975609756097561,0.6174999999999999,0.6174999999999999,0.0,0.0,65.0,4.1,8.2,6.244897959183674,1.08,0.0,76.0,0,1.0,-0.8660254037844384,-0.5000000000000004,0.43388373911755823,-0.900968867902419,0.5,1.5,0.5,0.5,0.5,0.5,1.5,0.5,0.5,0.5,synthetic,synthetic,synthetic,synthetic,synthetic,0.0,0.0,0.0,0.0,0.0,-110.0,-110.0,-110.0,-110.0,-110.0,-110.0,-110.0,-110.0,-110.0,-110.0,0.0,0.0,0.0,0.0,0.0,2026-08-26T14:02:39.082451+00:00,0.49294388584702176,-0.3440500146368115,0.3166429607553707,-0.47601234043652135,-0.046760453707108296,1.0,1.4,0.6,0.0,0.2,0.0,0.0,0.0,0.0,0.0,batter_pitcher_profile_network_v2,1.0,0.0,1.0,0.0,0.5,-0.1269692454851545,0.0,0.0,54.0,26.874402146338156,0.07983722102752834,0.0,0.0,-0.285508509335782,0.0,0.0,54.0,26.949513412605732,0.028701666655561862,0.04305249998334279,0.0068883999973348466,-0.31957610192837455,0.0,0.0,54.0,26.38001710508899,0.021924670557885988,0.021924670557885988,0.0010962335278942995,-0.3860530092592593,0.0,0.0,54.0,26.338557169188277,-0.06449361746085523,-0.06449361746085523,-0.001612340436521381,-0.49997314814814797,0.0,0.0,54.0,26.136386295839984,-0.04415686629700368,-0.03311764972275276,-0.0019870589833651657
2026-08-07,Xander_Bogaerts,593428,hitter,SD,HOU,2026,823266,119,135,117,1,669854.0,Ronel_Blanco,0.0,0.0,0.0,0.0,0.0,4.0,4.0,0.0,0.0,8.0,0.10810810810810811,0.0,0.0,0.0,0.0,10.0,4.1,8.2,1.3500000000000003,1.08,0.0,77.0,0,1.0,-0.8660254037844384,-0.5000000000000004,-0.433883739117558,-0.9009688679024191,0.5,1.5,0.5,0.5,0.5,0.5,1.5,0.5,0.5,0.5,synthetic,synthetic,synthetic,synthetic,synthetic,0.0,0.0,0.0,0.0,0.0,-110.0,-110.0,-110.0,-110.0,-110.0,-110.0,-110.0,-110.0,-110.0,-110.0,0.0,0.0,0.0,0.0,0.0,2026-08-26T14:02:39.082451+00:00,0.5973189189189192,-0.4580977265338724,-0.4966126421583899,-0.47601234043652135,-0.46435192384822993,1.0,1.2,0.2,0.0,0.2,2.0,2.0,0.0,0.0,0.0,batter_pitcher_profile_network_v2,1.0,0.0,1.0,0.0,0.5,-0.05517989363330275,0.0,0.0,54.0,26.874402146338156,0.05679343500335353,0.0,0.0,-0.22549462044689314,0.0,0.0,54.0,26.949513412605732,0.013325914216974011,0.019988871325461018,0.0031982194120737627,-0.24551360192837463,0.0,0.0,54.0,26.38001710508899,0.06774715683220152,0.06774715683220152,0.003387357841610076,-0.3718678240740741,0.0,0.0,54.0,26.338557169188277,-0.06449361746085523,-0.06449361746085523,-0.001612340436521381,-0.42818379629629616,0.0,0.0,54.0,26.136386295839984,-0.04415686629700368,-0.03311764972275276,-0.0019870589833651657
2026-08-08,Xander_Bogaerts,593428,hitter,SD,HOU,2026,823267,120,135,117,1,663567.0,Peter_Lambert,0.0,0.0,0.0,0.0,0.0,3.0,3.0,0.0,1.0,8.0,0.09090909090909091,0.0,0.0,0.0,0.0,10.0,3.2588235294117642,9.33529411764706,0.7071428571428576,1.08,0.0,82.0,0,1.0,-0.8660254037844384,-0.5000000000000004,-0.9749279121818236,-0.2225209339563146,0.5,1.5,0.5,0.5,0.5,0.5,1.5,0.5,0.5,0.5,synthetic,synthetic,synthetic,synthetic,synthetic,0.0,0.0,0.0,0.0,0.0,-110.0,-110.0,-110.0,-110.0,-110.0,-110.0,-110.0,-110.0,-110.0,-110.0,0.0,0.0,0.0,0.0,0.0,2026-08-26T14:02:39.082451+00:00,0.2315354477061281,-0.7649651378433271,-0.49946935350832766,-0.4773440442873162,-0.5,1.0,1.2,0.0,0.0,0.2,0.0,0.0,0.0,0.0,0.0,batter_pitcher_profile_network_v2,1.0,1.0,0.2688618923333044,0.0,0.8170644181891702,-0.05840563904067994,-0.3173713157779311,0.0,53.0,24.0631739899801,0.05246194364138462,-0.013552576669302952,-0.0013552576669302952,-0.23457721615057667,-0.278696533354731,0.0,53.0,24.304044493416665,0.011499748905760021,-0.030549156975339525,-0.004887865116054324,-0.26408230874316924,-0.18154931104229033,0.0,53.0,24.40589661219278,0.04566658690714187,0.010612929833446888,0.0005306464916723444,-0.37838634259259263,-0.21169464350591882,0.0,53.0,24.182826997020694,-0.05919588219151512,-0.11776177149264953,-0.0029440442873162383,-0.46824398148148133,-0.23777186323811464,0.0,53.0,23.585231756936874,-0.03215347701790183,-0.10551654732473909,-0.006330992839484345
2026-08-09,Xander_Bogaerts,593428,hitter,SD,HOU,2026,823268,121,135,117,1,664299.0,Cristian_Javier,0.0,0.0,0.0,0.0,0.0,4.0,4.0,0.0,1.0,8.0,0.10810810810810811,0.0,0.0,0.0,0.0,10.0,1.5,11.200000000000001,0.7071428571428576,1.08,0.0,79.0,0,1.0,-0.8660254037844384,-0.5000000000000004,-0.7818314824680299,0.6234898018587334,0.5,0.5,0.5,0.5,0.5,0.5,0.5,0.5,0.5,0.5,synthetic,synthetic,synthetic,synthetic,synthetic,0.0,0.0,0.0,0.0,0.0,-110.0,-110.0,-110.0,-110.0,-110.0,-110.0,-110.0,-110.0,-110.0,-110.0,0.0,0.0,0.0,0.0,0.0,2026-08-26T14:02:39.082451+00:00,0.01493796653796664,0.14565074078682694,-0.4904976737040313,-0.47611732531370365,-0.4966706371238107,0.8,1.0,0.0,0.0,0.2,0.0,0.0,0.0,0.0,0.0,batter_pitcher_profile_network_v2,1.0,0.45,0.7337500000000001,0.0,0.61705203125,-0.1251245006887052,0.4669213267095902,0.0,53.0,23.339868741052086,0.07704850383533976,0.0,0.0,-0.3064515189776553,0.3404372555588238,0.0,53.0,25.452595877484704,0.04561119471988712,0.06841679207983069,0.01094668673277291,-0.33167536157024785,0.5436777411910392,0.0,53.0,23.58682517213037,0.19004652591937357,0.19004652591937357,0.009502326295968679,-0.4552,0.27370409953045505,0.0,53.0,26.10335738187691,-0.0686930125481464,-0.0686930125481464,-0.00171732531370366,-0.552453472222222,0.4710669255882022,0.0,53.0,24.246299448422757,-0.048064780357529126,-0.036048585268146846,-0.0021629151160888105
2026-08-11,Xander_Bogaerts,593428,hitter,SD,MIL,2026,823264,122,135,158,1,690986.0,Kyle_Harrison,1.0,1.0,0.0,0.0,0.0,5.0,4.0,1.0,1.0,8.0,0.11363636363636363,0.316,0.316,0.0,0.0,37.92,5.625,10.875,1.2857142857142858,1.08,0.0,77.0,0,2.0,-0.8660254037844384,-0.5000000000000004,0.7818314824680298,0.6234898018587336,0.5,0.5,0.5,0.5,0.5,0.5,0.5,0.5,0.5,0.5,synthetic,synthetic,synthetic,synthetic,synthetic,0.0,0.0,0.0,0.0,0.0,-110.0,-110.0,-110.0,-110.0,-110.0,-110.0,-110.0,-110.0,-110.0,-110.0,0.0,0.0,0.0,0.0,0.0,2026-08-26T14:02:39.082451+00:00,-0.22749202463787332,-0.0898089833242463,-0.4816672700411468,-0.47720393093913277,-0.5,0.4,0.4,0.0,0.0,0.0,0.0,0.0,0.0,0.0,0.0,batter_pitcher_profile_network_v2,1.0,1.0,0.425,1.0,0.8166875,-0.21699239363330286,-0.28870270421013455,-0.07037037037037036,53.0,24.768560149839,0.07305367970670097,-0.08616050611899348,-0.008616050611899349,-0.3950918426691155,-0.1905191739375176,-0.06419753086419754,53.0,25.68953657463465,0.056223761170341814,-0.004686827594721665,-0.0007498924151554665,-0.4243677685950415,-0.1313560268506862,-0.07407407407407407,53.0,25.34571773567148,0.09113410440772134,0.006303949826415328,0.00031519749132076643,-0.5320136574074074,-0.10309930214264579,-0.024691358024691357,53.0,25.733839576069673,-0.06302575880750944,-0.11215723756531172,-0.0028039309391327933,-0.641662962962963,-0.09619042856008791,-0.059259259259259255,53.0,25.479176061037933,0.003374009007134123,-0.07518177082103399,-0.004510906249262039
2026-08-12,Xander_Bogaerts,593428,hitter,SD,MIL,2026,823263,123,135,158,1,669160.0,Dustin_May,1.0,4.0,1.0,1.0,1.0,4.0,4.0,0.0,0.0,8.0,0.09523809523809523,0.525,0.525,0.75,30.0,65.0,1.5,8.299999999999999,2.442857142857143,1.08,0.0,79.0,0,1.0,-0.8660254037844384,-0.5000000000000004,0.9749279121818236,-0.22252093395631434,0.5,0.5,0.5,0.5,0.5,0.5,0.5,0.5,0.5,0.5,synthetic,synthetic,synthetic,synthetic,synthetic,0.0,0.0,0.0,0.0,0.0,-110.0,-110.0,-110.0,-110.0,-110.0,-110.0,-110.0,-110.0,-110.0,-110.0,0.0,0.0,0.0,0.0,0.0,2026-08-26T14:02:39.082451+00:00,0.20569839686655278,1.148581891820346,-0.3300586509763416,-0.2159961076596656,-0.4059493361515132,0.6,0.6,0.0,0.0,0.0,1.0,1.0,0.0,0.0,0.0,batter_pitcher_profile_network_v2,1.0,1.0,0.38145613385259053,2.0,0.8407716236030577,-0.24498324299909663,0.06456180893409998,-0.12666666666666668,53.0,26.845710095745396,0.10556223173912924,-0.08749222181066407,-0.008749222181066408,-0.42038450767841007,-0.10767726584560942,-0.11555555555555558,53.0,26.555199451034802,0.07055213731194183,-0.0019881761228371375,-0.000318108179653942,-0.4558048780487805,0.18072761797026513,-0.13333333333333333,53.0,26.939741508947566,0.13806691320619743,0.04596983761602473,0.002298491880801237,-0.5413766203703704,-0.21218801245194424,-0.04444444444444445,53.0,24.83298912133615,-0.062090902550060396,-0.1638443063866247,-0.004096107659665618,-0.6817481481481481,0.13728587588881713,-0.10666666666666667,53.0,26.701085578224706,-0.003811859245378992,-0.07653655490617241,-0.0045921932943703446
2026-08-14,Xander_Bogaerts,593428,hitter,SD,CLE,2026,824399,124,135,114,0,668909.0,Gavin_Williams,1.0,4.0,1.0,1.0,3.0,4.0,1.0,2.0,0.0,8.0,0.09302325581395349,0.87,0.87,3.0,30.0,65.0,1.9159663865546215,14.14285714285714,5.868367346938776,1.08,-6.0,79.0,0,2.0,-0.8660254037844384,-0.5000000000000004,-0.433883739117558,-0.9009688679024191,0.5,0.5,0.5,0.5,0.5,0.5,0.5,0.5,0.5,0.5,synthetic,synthetic,synthetic,synthetic,synthetic,0.0,0.0,0.0,0.0,0.0,-110.0,-110.0,-110.0,-110.0,-110.0,-110.0,-110.0,-110.0,-110.0,-110.0,0.0,0.0,0.0,0.0,0.0,2026-08-26T14:02:39.082451+00:00,-0.08207931552452147,4.66728145626922,0.2929534599550703,0.5859765954359104,0.1617734483269716,0.4,1.0,0.2,0.2,0.2,1.0,4.0,1.0,1.0,1.0,batter_pitcher_profile_network_v2,1.0,1.0,0.3453193650230826,0.0,0.8076983777846724,-0.08707476287262893,-0.3769191960241622,0.0,54.0,24.595464770105536,0.05303004067451312,-0.02148671639060487,-0.0021486716390604873,-0.2467479900632341,-0.19752348921278298,0.0,54.0,26.709443506562536,0.011064032374752161,-0.015312119247607205,-0.0024499390796171527,-0.31671697154471573,-0.20420546585025184,0.0,54.0,25.53930077916158,0.023857496160214688,-0.018484194348996938,-0.000924209717449847,-0.38350625000000005,-0.041041051196254064,0.0,54.0,27.248798694457093,-0.17463183694483386,-0.1849361825635863,-0.004623404564089657,-0.522315277777778,-0.151231981001767,0.0,54.0,26.01277607743182,-0.043054312130768185,-0.08400446428627448,-0.005040267857176469
2026-08-15,Xander_Bogaerts,593428,hitter,SD,CLE,2026,824400,125,135,114,0,676282.0,Joey_Cantillo,0.0,0.0,0.0,0.0,0.0,3.0,3.0,0.0,0.0,8.0,0.1,0.0,0.0,0.0,0.0,10.0,4.2,18.0,4.362244897959185,1.08,0.0,79.0,0,1.0,-0.8660254037844384,-0.5000000000000004,-0.9749279121818236,-0.2225209339563146,0.5,1.5,0.5,0.5,0.5,0.5,1.5,0.5,0.5,0.5,synthetic,synthetic,synthetic,synthetic,synthetic,0.0,0.0,0.0,0.0,0.0,-110.0,-110.0,-110.0,-110.0,-110.0,-110.0,-110.0,-110.0,-110.0,-110.0,0.0,0.0,0.0,0.0,0.0,2026-08-26T14:02:39.082451+00:00,-0.1865273589475549,0.18065492140558748,-0.11967800349759611,-0.09936612993073812,0.5630494909081285,0.6,1.8,0.4,0.4,0.8,1.0,4.0,1.0,1.0,3.0,batter_pitcher_profile_network_v2,1.0,1.0,0.4371282151300524,0.0,0.7964517936465685,0.0615391994128273,0.07203271252084857,0.0,54.0,28.233694216323947,0.052946179633306535,0.0024951180074429115,0.00024951180074429114,0.08140360207768735,0.025289333669208693,0.0,54.0,28.60075474780876,-0.0057519954621199285,-0.00746924121507865,-0.001195078594412584,-0.1656105182926831,0.25149292195434625,0.0,54.0,27.975363056416924,0.06919503208889191,0.06919503208889191,0.0034597516044445956,0.05165115740740746,-0.031012873968022728,0.0,54.0,27.99613952112292,-0.1977435605909452,-0.19864519722952492,-0.004966129930738123,-0.1541891203703703,0.21562528074511794,0.0,54.0,27.88430956524383,-0.08139453310734676,-0.06104589983051007,-0.003662753989830604
2026-08-16,Xander_Bogaerts,593428,hitter,SD,CLE,2026,824397,126,135,114,0,676440.0,Tanner_Bibee,1.0,1.0,0.0,0.0,1.0,4.0,2.0,2.0,0.0,8.0,0.1,0.5675,0.5675,0.0,0.0,65.0,4.774838164931044,8.416127216436813,4.362244897959185,1.08,9.0,78.0,0,1.0,-0.8660254037844384,-0.5000000000000004,-0.7818314824680299,0.6234898018587334,0.5,1.5,0.5,0.5,0.5,0.5,1.5,0.5,0.5,0.5,synthetic,synthetic,synthetic,synthetic,synthetic,0.0,0.0,0.0,0.0,0.0,-110.0,-110.0,-110.0,-110.0,-110.0,-110.0,-110.0,-110.0,-110.0,-110.0,0.0,0.0,0.0,0.0,0.0,2026-08-26T14:02:39.082451+00:00,0.14808041889728374,-0.12001859823191818,0.051634143906246655,-0.20009538715258068,0.2572692882842522,0.6,1.8,0.4,0.4,0.8,0.0,0.0,0.0,0.0,0.0,batter_pitcher_profile_network_v2,1.0,1.0,0.39012633608755226,0.0,0.8022095238292748,0.051782650367309294,0.10459404217236225,0.0,54.0,28.452201861306193,0.07117529657284316,0.003303171340903064,0.00033031713409030646,0.06960417431894693,0.21806627838827186,0.0,54.0,28.24639933768691,0.005313767623688243,0.017227511050509833,0.0027564017680815735,-0.18537939049586794,0.18039235963649913,0.0,54.0,28.560848744746732,0.05293798016574724,0.05293798016574724,0.002646899008287362,0.047443749999999965,0.3980701927932824,0.0,54.0,26.661919026921268,-0.2393335251798104,-0.2278154861032269,-0.0056953871525806735,-0.18435486111111116,0.20852518844652004,0.0,54.0,28.230057531562426,0.006823186362062996,0.005117389771547247,0.0003070433862928348
2026-08-17,Xander_Bogaerts,593428,hitter,SD,NYM,2026,823589,127,135,121,0,690997.0,Nolan_McLean,0.0,0.0,0.0,0.0,0.0,4.0,3.0,1.0,1.0,8.0,0.1111111111111111,0.1725,0.1725,0.0,0.0,20.7,4.44736842105263,9.142105263157895,4.114285714285714,1.08,-6.0,77.0,0,1.0,-0.8660254037844384,-0.5000000000000004,0.0,1.0,0.5,1.5,0.5,0.5,0.5,0.5,1.5,0.5,0.5,0.5,synthetic,synthetic,synthetic,synthetic,synthetic,0.0,0.0,0.0,0.0,0.0,-110.0,-110.0,-110.0,-110.0,-110.0,-110.0,-110.0,-110.0,-110.0,-110.0,0.0,0.0,0.0,0.0,0.0,2026-08-26T14:02:39.082451+00:00,0.3797640346723239,-0.03832082506217782,-0.16840942667408032,-0.20057710964468217,0.43147873921789315,0.8,2.0,0.4,0.4,1.0,1.0,1.0,0.0,0.0,1.0,batter_pitcher_profile_network_v2,1.0,1.0,0.33461167826791105,1.0,0.8277600694121809,0.24788864401591684,-0.2573815143111871,-0.07777777777777777,53.0,27.034892480179707,0.05558668299486098,-0.09435464074543315,-0.009435464074543315,0.21780292317110506,-0.19127441824495234,-0.0839506172839506,53.0,27.728477467601657,-0.0022108937275051948,-0.0870572399719435,-0.013929158395510961,-0.021156336088154204,-0.0042659804598686665,-0.08888888888888889,53.0,28.37653910627467,0.024401879792754,-0.03497424776732014,-0.001748712388366007,0.06781412037037036,-0.1156546374516329,-0.07407407407407408,53.0,27.72540057153394,-0.1924356713738921,-0.24708438578728725,-0.006177109644682182,-0.08372407407407399,-0.035284160696472715,-0.08148148148148147,53.0,28.009680335761736,-0.0060420066085506525,-0.060870219384322105,-0.003652213163059326
2026-08-18,Xander_Bogaerts,593428,hitter,SD,NYM,2026,823586,128,135,121,0,804267.0,Zac_Thornton,0.0,0.0,0.0,0.0,0.0,4.0,4.0,0.0,0.0,6.0,0.1,0.0,0.0,0.0,0.0,10.0,2.25,4.2,4.114285714285714,1.08,6.0,80.0,0,1.0,-0.8660254037844384,-0.5000000000000004,0.7818314824680298,0.6234898018587336,0.5,1.5,0.5,0.5,0.5,0.5,1.5,0.5,0.5,0.5,synthetic,synthetic,synthetic,synthetic,synthetic,0.0,0.0,0.0,0.0,0.0,-110.0,-110.0,-110.0,-110.0,-110.0,-110.0,-110.0,-110.0,-110.0,-110.0,0.0,0.0,0.0,0.0,0.0,2026-08-26T14:02:39.082451+00:00,0.35906463794192023,-0.36655674247772385,-0.2546815577347996,-0.19578106916083637,0.21309940483374767,0.6,1.8,0.4,0.4,1.0,0.0,0.0,0.0,0.0,0.0,batter_pitcher_profile_network_v2,1.0,0.1,0.7815963472638721,0.0,0.5254254447460176,0.19099699074074106,0.2620697674418605,0.0,54.0,28.375733358518733,0.07410018123523546,0.010932093704917297,0.0010932093704917297,0.12996620370370393,0.1238517441860466,0.0,54.0,29.866749677986274,0.04596154410690894,0.0724578595142254,0.011593257522276064,-0.0746562499999997,-0.21530910852713164,0.0,54.0,27.29007559076705,0.020593788599349083,0.017083131018293556,0.0008541565509146778,-0.0673432870370371,-0.03988372093023247,0.0,54.0,29.313604943274957,-0.054656155873278246,-0.055242766433454785,-0.0013810691608363698,-0.18872523148148135,-0.19248449612403087,0.0,54.0,27.513717418643964,0.07247004244312569,0.04641865199103113,0.002785119119461868
2026-08-19,Xander_Bogaerts,593428,hitter,SD,NYM,2026,823587,129,135,121,0,476594.0,Robert_Stock,1.0,2.0,1.0,0.0,0.0,3.0,2.0,0.0,1.0,8.0,0.08333333333333333,0.6633333333333333,0.6633333333333333,0.5,30.0,65.0,12.0,11.192307692307693,4.5,1.08,7.0,85.0,0,1.0,-0.8660254037844384,-0.5000000000000004,0.9749279121818236,-0.22252093395631434,0.5,0.5,0.5,0.5,0.5,0.5,0.5,0.5,0.5,0.5,synthetic,synthetic,synthetic,synthetic,synthetic,0.0,0.0,0.0,0.0,0.0,-110.0,-110.0,-110.0,-110.0,-110.0,-110.0,-110.0,-110.0,-110.0,-110.0,0.0,0.0,0.0,0.0,0.0,2026-08-26T14:02:39.082451+00:00,-0.1125062127837328,1.0171854780146794,-0.03467444008300585,-0.13498389380060766,0.27561624221621284,0.4,1.0,0.2,0.2,0.8,0.0,0.0,0.0,0.0,0.0,batter_pitcher_profile_network_v2,1.0,0.1,0.7730090793346547,0.0,0.5255306387781504,0.14297401377217556,0.26987237762237737,0.0,53.0,28.146128234349508,0.0768806233597427,0.008758384983184818,0.0008758384983184818,0.08522619436663553,-0.08404807692307711,0.0,53.0,29.426361203750076,0.04706513049504179,0.06897173759174692,0.011035478014679507,-0.13008237044817925,0.5046168414918415,0.0,53.0,26.711824363901773,0.1148445316732166,0.1148445316732166,0.00574222658366083,-0.08203958333333343,-0.4831958041958042,0.0,53.0,22.93080385804784,-0.014357563524936785,-0.023355752024308257,-0.0005838938006077065,-0.2612965277777778,0.3844463869463869,0.0,53.0,27.99278723586104,0.05813871591583974,0.0436040369368798,0.002616242216212788
2026-08-21,Xander_Bogaerts,593428,hitter,SD,MIN,2026,823262,130,135,142,1,687570.0,Connor_Prielipp,0.0,0.0,0.0,0.0,0.0,4.0,4.0,0.0,2.0,6.0,0.11764705882352941,0.0,0.0,0.0,0.0,10.0,8.2875,10.612499999999999,3.1733766233766234,1.08,0.0,79.0,0,2.0,-0.8660254037844384,-0.5000000000000004,-0.433883739117558,-0.9009688679024191,0.5,0.5,0.5,0.5,0.5,0.5,0.5,0.5,0.5,0.5,synthetic,synthetic,synthetic,synthetic,synthetic,0.0,0.0,0.0,0.0,0.0,-110.0,-110.0,-110.0,-110.0,-110.0,-110.0,-110.0,-110.0,-110.0,-110.0,0.0,0.0,0.0,0.0,0.0,2026-08-26T14:02:39.082451+00:00,0.025525746195724897,0.18733307965346602,-0.26341114711119895,-0.47587164574132845,-0.35681620644226636,0.4,0.6,0.2,0.0,0.2,1.0,2.0,1.0,0.0,0.0,batter_pitcher_profile_network_v2,1.0,0.85,0.4426971710238193,0.0,0.7514041570671448,0.21717449780288756,0.04471310286673445,0.0,52.0,29.089077003965688,0.08066411248451805,0.005411714567383055,0.0005411714567383055,0.1828428750784682,0.048818069849553794,0.0,52.0,29.44670761583012,0.039235710741024034,0.06382807136357427,0.010212491418171883,-0.05027471751412453,0.2728875222756575,0.0,52.0,28.805702369074154,0.09869455204645677,0.09869455204645677,0.004934727602322839,0.03839560185185186,0.07072579236264277,0.0,52.0,29.1718215390817,-0.06037921856906709,-0.05886582965313855,-0.0014716457413284638,-0.1411564814814816,0.250425698540928,0.0,52.0,28.685261877913575,0.07026713805404189,0.05270035354053142,0.0031620212124318847
2026-08-22,Xander_Bogaerts,593428,hitter,SD,MIN,2026,823261,131,135,142,1,665152.0,Dean_Kremer,1.0,1.0,0.0,0.0,0.0,4.0,4.0,0.0,1.0,8.0,0.10256410256410256,0.2225,0.2225,0.0,0.0,26.7,4.017857142857143,9.5625,2.8519480519480522,1.08,0.0,79.0,0,1.0,-0.8660254037844384,-0.5000000000000004,-0.9749279121818236,-0.2225209339563146,0.5,0.5,0.5,0.5,0.5,0.5,0.5,0.5,0.5,0.5,synthetic,synthetic,synthetic,synthetic,synthetic,0.0,0.0,0.0,0.0,0.0,-110.0,-110.0,-110.0,-110.0,-110.0,-110.0,-110.0,-110.0,-110.0,-110.0,0.0,0.0,0.0,0.0,0.0,2026-08-26T14:02:39.082451+00:00,-0.09902387224643305,-0.01240881966187174,-0.3411675355955945,-0.47523071320935095,-0.3223923796047856,0.4,0.6,0.2,0.0,0.2,0.0,0.0,0.0,0.0,0.0,batter_pitcher_profile_network_v2,1.0,0.1,0.7726138814341117,0.0,0.5255354799524321,0.1185602564102563,-0.5487446911196912,0.0,52.0,23.142409022134704,0.068106244972776,-0.014793584269192509,-0.0014793584269192509,0.11180498575498571,-0.45879853067353066,0.0,52.0,24.522093985566517,0.03617674472023139,0.04260112711330143,0.006816180338128229,-0.12094871794871803,-0.33835912698412685,0.0,52.0,25.131350884251376,0.006891424374084649,-0.002414148475327234,-0.00012070742376636169,0.03418819444444445,-0.28657630845130844,0.0,52.0,26.529581605925653,-0.031000706838810402,-0.03322852837404015,-0.0008307132093510038,-0.16632222222222215,-0.3816924603174602,0.0,52.0,24.33774590909043,0.12246567023147178,0.0774138863737859,0.004644833182427154
2026-08-23,Xander_Bogaerts,593428,hitter,SD,MIN,2026,823258,132,135,142,1,641927.0,Bailey_Ober,1.0,2.0,1.0,0.0,1.0,4.0,3.0,1.0,0.0,8.0,0.0975609756097561,0.49,0.49,0.3333333333333333,28.333333333333332,65.0,5.384615384615384,4.769230769230769,3.301948051948052,1.08,0.0,81.0,0,1.0,-0.8660254037844384,-0.5000000000000004,-0.7818314824680299,0.6234898018587334,0.5,0.5,0.5,0.5,0.5,0.5,0.5,0.5,0.5,0.5,synthetic,synthetic,synthetic,synthetic,synthetic,0.0,0.0,0.0,0.0,0.0,-110.0,-110.0,-110.0,-110.0,-110.0,-110.0,-110.0,-110.0,-110.0,-110.0,0.0,0.0,0.0,0.0,0.0,2026-08-26T14:02:39.082451+00:00,0.3057340950933648,0.6414610238573717,-0.1761884711997571,-0.32224342267953654,-0.3608143638308966,0.4,0.6,0.2,0.0,0.0,1.0,1.0,0.0,0.0,0.0,batter_pitcher_profile_network_v2,1.0,1.0,0.3547403094093617,0.0,0.8065443120973532,0.1601254273504273,0.3519476626458051,0.0,51.0,26.63993336821734,0.045813686516548484,0.036364106639730207,0.0036364106639730207,0.14108917378917382,0.3639617380870478,0.0,51.0,27.119920003106582,0.0019703139285417283,0.03609024057198692,0.005774438491517907,-0.09853952991452988,0.21056742187503302,0.0,51.0,28.957380350319603,0.030745938690951293,0.030745938690951293,0.0015372969345475648,0.03641041666666671,0.38990808884957495,0.0,51.0,27.220294566754536,-0.08956414240666687,-0.08040357384812746,-0.002010089346203187,-0.1618083333333331,0.2702728503427164,0.0,51.0,28.408669063873013,0.11903391676950205,0.08927543757712654,0.005356526254627592
2026-08-24,Xander_Bogaerts,593428,hitter,SD,PIT,2026,823260,133,135,134,1,677952.0,Braxton_Ashcraft,0.0,0.0,0.0,0.0,0.0,5.0,3.0,2.0,0.0,6.0,0.1111111111111111,0.27599999999999997,0.27599999999999997,0.0,0.0,33.12,2.5083333333333333,7.833333333333335,2.7857142857142856,1.08,0.0,78.0,0,1.0,-0.8660254037844384,-0.5000000000000004,0.0,1.0,0.5,2.5,0.5,0.5,0.5,0.5,0.5,0.5,0.5,0.5,real,real,real,real,real,1.0,1.0,1.0,1.0,1.0,-150.0,490.0,175.0,830.0,250.0,0.0,0.0,0.0,0.0,0.0,0.7071067811865476,1.2909944487358056,0.7071067811865476,0.0,0.7071067811865476,2026-08-24T13:15:18.979782+00:00,0.26978033167191195,-1.4514197712326502,-0.01344477121526888,-0.47620203843760944,-0.13922124245474987,0.6,1.0,0.4,0.0,0.2,1.0,2.0,1.0,0.0,1.0,batter_pitcher_profile_network_v2,1.0,1.0,0.39305960676719587,0.0,0.8018501981710184,0.17220510855683266,-0.03650780031172777,0.0,51.0,29.067782724804854,0.04888600428042817,-0.003815730899927043,-0.00038157308999270433,0.15785865261813534,0.1132549525126465,0.0,51.0,29.421407916761915,0.01941969979046813,0.03998059646260194,0.006396895434016311,-0.0916293103448276,0.08157283045537267,0.0,51.0,29.302088050007402,0.054390289980335155,0.054390289980335155,0.0027195144990167577,0.059642129629629656,0.2777907408943892,0.0,51.0,28.658232081123323,-0.08213734498423814,-0.07208153750437865,-0.0018020384376094664,-0.14308703703703696,0.1498274985051652,0.0,51.0,29.11768683020505,0.11169725761931285,0.08377294321448464,0.005026376592869078
2026-08-25,Xander_Bogaerts,593428,hitter,SD,PIT,2026,823259,134,135,134,1,694973.0,Paul_Skenes,1.0,1.0,0.0,0.0,0.0,3.0,3.0,0.0,0.0,8.0,0.09375,0.2966666666666667,0.2966666666666667,0.0,0.0,35.6,4.476923076923076,9.461538461538462,2.357142857142857,1.08,0.0,83.0,0,1.0,-0.8660254037844384,-0.5000000000000004,0.7818314824680298,0.6234898018587336,0.5,2.5,0.5,0.5,0.5,0.5,0.5,0.5,0.5,0.5,real,real,real,real,real,1.0,1.0,1.0,1.0,1.0,-135.0,550.0,185.0,900.0,250.0,0.0,0.0,0.0,0.0,0.0,0.7071067811865476,1.2909944487358056,0.7071067811865476,0.0,0.7071067811865476,2026-08-25T13:13:35.689836+00:00,0.02941082046014054,-1.7372277304707948,-0.20318500297234243,-0.4736387146147049,-0.3306530949550395,0.6,1.0,0.4,0.0,0.2,0.0,0.0,0.0,0.0,0.0,batter_pitcher_profile_network_v2,1.0,1.0,0.376099316804502,1.0,0.8226778336914485,0.2257152421652419,-0.18170231967456604,0.03703703703703704,51.0,28.9120817701636,0.03452184172000118,-0.00010470748650628567,-1.0470748650628568e-05,0.20191232193732178,-0.1999032218501442,0.1111111111111111,51.0,28.683090840293637,0.008518618784414116,0.06404543455753178,0.010247269529205086,-0.03674786324786339,-0.004268413186285781,0.1111111111111111,51.0,29.63043252805864,0.021971650013892507,0.09832375007696047,0.004916187503848024,0.06820509259259258,-0.23954280068383746,0.1111111111111111,51.0,27.27830405623179,-0.03580523300077682,0.030451415411802386,0.0007612853852950597,-0.09427407407407408,-0.0017256666060122099,0.1111111111111111,51.0,29.424726345226066,0.10353009878572922,0.1539960364636275,0.009239762187817649
