Date,Player,Player_MLBAM_ID,Player_Type,Team,Opponent,Season,Game_ID,Game_Index,Team_ID,Opponent_ID,Is_Home,Opp_Starter_ID,Opp_Starter_Player,H,TB,R,HR,RBI,PA,AB,BB,SO,Batting_Order,Team_PA_share,wOBA,xwOBA,ISO,Barrel%,HardHit%,Opp_Pitcher_ERA_3,Opp_Pitcher_K9_3,Opp_Bullpen_ERA_7,Park_Factor,Wind_Out_MPH,Temp_F,Did_Not_Play,Rest_Days,Month_sin,Month_cos,DayOfWeek_sin,DayOfWeek_cos,Market_H,Market_TB,Market_R,Market_HR,Market_RBI,Synthetic_Market_H,Synthetic_Market_TB,Synthetic_Market_R,Synthetic_Market_HR,Synthetic_Market_RBI,Market_Source_H,Market_Source_TB,Market_Source_R,Market_Source_HR,Market_Source_RBI,Market_H_books,Market_TB_books,Market_R_books,Market_HR_books,Market_RBI_books,Market_H_over_price,Market_TB_over_price,Market_R_over_price,Market_HR_over_price,Market_RBI_over_price,Market_H_under_price,Market_TB_under_price,Market_R_under_price,Market_HR_under_price,Market_RBI_under_price,Market_H_line_std,Market_TB_line_std,Market_R_line_std,Market_HR_line_std,Market_RBI_line_std,Market_Fetched_At_UTC,H_market_gap,TB_market_gap,R_market_gap,HR_market_gap,RBI_market_gap,H_rolling_avg,TB_rolling_avg,R_rolling_avg,HR_rolling_avg,RBI_rolling_avg,H_lag1,TB_lag1,R_lag1,HR_lag1,RBI_lag1,Matchup_Network_Version,Matchup_Network_Batter_Support,Matchup_Network_Pitcher_Support,Pitcher_Profile_Uncertainty,Batter_Vs_Starter_Games,Matchup_Network_Confidence,Batter_Profile_H_Strength,Pitcher_Profile_H_Vulnerability,Batter_Vs_Starter_H_Lift,Archetype_Neighbor_H_Games,Archetype_Neighbor_H_Effective_Support,Archetype_Neighbor_H_Lift,Matchup_Network_H_Score,Matchup_Network_H_Adjustment,Batter_Profile_TB_Strength,Pitcher_Profile_TB_Vulnerability,Batter_Vs_Starter_TB_Lift,Archetype_Neighbor_TB_Games,Archetype_Neighbor_TB_Effective_Support,Archetype_Neighbor_TB_Lift,Matchup_Network_TB_Score,Matchup_Network_TB_Adjustment,Batter_Profile_R_Strength,Pitcher_Profile_R_Vulnerability,Batter_Vs_Starter_R_Lift,Archetype_Neighbor_R_Games,Archetype_Neighbor_R_Effective_Support,Archetype_Neighbor_R_Lift,Matchup_Network_R_Score,Matchup_Network_R_Adjustment,Batter_Profile_HR_Strength,Pitcher_Profile_HR_Vulnerability,Batter_Vs_Starter_HR_Lift,Archetype_Neighbor_HR_Games,Archetype_Neighbor_HR_Effective_Support,Archetype_Neighbor_HR_Lift,Matchup_Network_HR_Score,Matchup_Network_HR_Adjustment,Batter_Profile_RBI_Strength,Pitcher_Profile_RBI_Vulnerability,Batter_Vs_Starter_RBI_Lift,Archetype_Neighbor_RBI_Games,Archetype_Neighbor_RBI_Effective_Support,Archetype_Neighbor_RBI_Lift,Matchup_Network_RBI_Score,Matchup_Network_RBI_Adjustment
2026-03-03,Javier_Sanoja,691594,hitter,VEN,HOU,2026,831440,0,944,117,0,664299.0,Cristian_Javier,0.0,0.0,0.0,0.0,0.0,1.0,1.0,0.0,1.0,5.0,0.0285714285714285,0.0,0.0,0.0,0.0,10.0,4.1,8.2,4.500000000000001,1.08,0.0,76.0,0,2.0,1.0,6.123233995736766e-17,0.7818314824680298,0.6234898018587336,0.5,0.5,0.5,0.5,0.5,0.5,0.5,0.5,0.5,0.5,synthetic,synthetic,synthetic,synthetic,synthetic,0.0,0.0,0.0,0.0,0.0,-110.0,-110.0,-110.0,-110.0,-110.0,-110.0,-110.0,-110.0,-110.0,-110.0,0.0,0.0,0.0,0.0,0.0,2026-08-28T01:24:59.045926+00:00,-0.3582666666666667,-0.5,-0.5,-0.4744,-0.5,0.0,0.0,0.0,0.0,0.0,0.0,0.0,0.0,0.0,0.0,,0.0,0.0,1.0,0.0,0.0,0.0,0.0,0.0,0.0,0.0,0.0,0.0,0.0,0.0,0.0,0.0,0.0,0.0,0.0,0.0,0.0,0.0,0.0,0.0,0.0,0.0,0.0,0.0,0.0,0.0,0.0,0.0,0.0,0.0,0.0,0.0,0.0,0.0,0.0,0.0,0.0,0.0,0.0,0.0,0.0
2026-03-04,Javier_Sanoja,691594,hitter,VEN,WSH,2026,831428,1,944,120,0,656492.0,Foster_Griffin,0.0,0.0,0.0,0.0,0.0,4.0,4.0,0.0,0.0,2.0,0.1052631578947368,0.0,0.0,0.0,0.0,10.0,4.1,8.2,1.8,1.08,0.0,75.0,0,1.0,1.0,6.123233995736766e-17,0.9749279121818236,-0.22252093395631434,0.5,0.5,0.5,0.5,0.5,0.5,0.5,0.5,0.5,0.5,synthetic,synthetic,synthetic,synthetic,synthetic,0.0,0.0,0.0,0.0,0.0,-110.0,-110.0,-110.0,-110.0,-110.0,-110.0,-110.0,-110.0,-110.0,-110.0,0.0,0.0,0.0,0.0,0.0,2026-08-28T01:24:59.045926+00:00,-0.3581964912280702,-0.48840263157894737,-0.5,-0.4744,-0.5,0.0,0.0,0.0,0.0,0.0,0.0,0.0,0.0,0.0,0.0,batter_pitcher_profile_network_v2,0.0333333333333333,0.0,1.0,0.0,0.0166666666666666,-1.0,0.0,0.0,0.0,0.0,0.0,0.0,0.0,-1.0,0.0,0.0,0.0,0.0,0.0,0.0,0.0,-0.75,0.0,0.0,0.0,0.0,0.0,0.0,0.0,-0.95625,0.0,0.0,0.0,0.0,0.0,0.0,0.0,-0.8499999999999999,0.0,0.0,0.0,0.0,0.0,0.0,0.0
2026-03-20,Javier_Sanoja,691594,hitter,MIA,WSH,2026,831450,2,146,120,1,656492.0,Foster_Griffin,1.0,1.0,1.0,0.0,0.0,3.0,3.0,0.0,0.0,1.0,0.09375,0.2966666666666667,0.2966666666666667,0.0,0.0,35.6,1.5,8.25,0.6428571428571429,1.05,0.0,70.0,0,16.0,1.0,6.123233995736766e-17,-0.433883739117558,-0.9009688679024191,0.5,0.5,0.5,0.5,0.5,0.5,0.5,0.5,0.5,0.5,synthetic,synthetic,synthetic,synthetic,synthetic,0.0,0.0,0.0,0.0,0.0,-110.0,-110.0,-110.0,-110.0,-110.0,-110.0,-110.0,-110.0,-110.0,-110.0,0.0,0.0,0.0,0.0,0.0,2026-08-28T01:24:59.045926+00:00,-0.4618361720499615,-0.3825521966997182,-0.47994078656942063,-0.484232656951896,-0.5,0.0,0.0,0.0,0.0,0.0,0.0,0.0,0.0,0.0,0.0,batter_pitcher_profile_network_v2,0.0666666666666666,0.1,0.819553977055322,1.0,0.0770437971144056,-0.4562499999999999,-0.3576363636363637,0.0,0.0,0.0,0.0,-0.0019629109758067,-0.0001962910975806,-0.6375,-0.5518977272727272,0.0,0.0,0.0,0.0,-0.0042324793732392,-0.0006771966997182,-0.2937499999999999,-0.7092234848484847,0.0,0.0,0.0,0.0,-0.0025062075788892,-0.0001253103789444,-0.95625,-0.8089999999999999,0.0,0.0,0.0,0.0,-0.009306278075843,-0.000232656951896,-0.7937499999999998,-0.7002272727272727,0.0,0.0,0.0,0.0,-0.0066861915700714,-0.0004011714942042
2026-03-22,Javier_Sanoja,691594,hitter,MIA,NYM,2026,831446,3,146,121,1,656849.0,David_Peterson,0.0,0.0,0.0,0.0,0.0,3.0,3.0,0.0,1.0,1.0,0.0769230769230769,0.0,0.0,0.0,0.0,10.0,3.75,7.75,4.252040816326531,1.05,0.0,76.0,0,2.0,1.0,6.123233995736766e-17,-0.7818314824680299,0.6234898018587334,0.5,0.5,0.5,0.5,0.5,0.5,0.5,0.5,0.5,0.5,synthetic,synthetic,synthetic,synthetic,synthetic,0.0,0.0,0.0,0.0,0.0,-110.0,-110.0,-110.0,-110.0,-110.0,-110.0,-110.0,-110.0,-110.0,-110.0,0.0,0.0,0.0,0.0,0.0,2026-08-28T01:24:59.045926+00:00,0.07758951194981789,-0.1873585324529164,-0.13039927165962661,-0.48406326430296176,-0.4901130344361038,0.3333333333333333,0.3333333333333333,0.3333333333333333,0.0,0.0,1.0,1.0,1.0,0.0,0.0,batter_pitcher_profile_network_v2,0.1,0.15,0.8315185576505824,0.0,0.0872208465031705,-0.175,-0.2341717171717171,0.0,0.0,0.0,0.0,-0.0006904378016642,-6.904378016642892e-05,-0.45,-0.2268623737373736,0.0,0.0,0.0,0.0,-0.0017199944973938,-0.000275199119583,-0.0541666666666667,-0.1692453703703702,0.0,0.0,0.0,0.0,-0.0001544546472677,-7.72273236338538e-06,-0.95625,-0.1570707070707069,0.0,0.0,0.0,0.0,-0.0025305721184698,-6.326430296174508e-05,-0.7624999999999998,-0.2291296296296295,0.0,0.0,0.0,0.0,-0.0029435618994803,-0.0001766137139688
2026-03-27,Javier_Sanoja,691594,hitter,MIA,COL,2026,823893,4,146,115,1,607536.0,Kyle_Freeland,3.0,3.0,0.0,0.0,1.0,3.0,3.0,0.0,0.0,9.0,0.0857142857142857,0.89,0.89,0.0,0.0,65.0,1.5,8.5,9.789795918367348,1.0766666666666669,-2.0,79.0,0,5.0,1.0,6.123233995736766e-17,-0.433883739117558,-0.9009688679024191,0.5,0.5,0.5,0.5,0.5,0.5,0.5,0.5,0.5,0.5,synthetic,synthetic,synthetic,synthetic,synthetic,0.0,0.0,0.0,0.0,0.0,-110.0,-110.0,-110.0,-110.0,-110.0,-110.0,-110.0,-110.0,-110.0,-110.0,0.0,0.0,0.0,0.0,0.0,2026-08-28T01:24:59.045926+00:00,0.10457966593721402,0.04386909055092969,0.3737160492712307,-0.4755388078269567,0.06410492521267963,0.25,0.25,0.25,0.0,0.0,0.0,0.0,0.0,0.0,0.0,batter_pitcher_profile_network_v2,0.1333333333333333,0.15,0.8282719381255919,0.0,0.1039471698036089,-0.3880681818181821,-0.1637522522522522,0.0,0.0,0.0,0.0,-0.0014550413081346,-0.0001455041308134,-0.5920454545454548,-0.1295123873873873,0.0,0.0,0.0,0.0,-0.0017556840566896,-0.0002809094490703,-0.1701704545454547,-0.1218900150150149,0.0,0.0,0.0,0.0,-0.0004749329427341,-2.3746647136708823e-05,-0.95625,-0.1317927927927927,0.0,0.0,0.0,0.0,-0.0028856464116035,-7.214116029008811e-05,-0.7468749999999998,-0.1801726726726725,0.0,0.0,0.0,0.0,-0.0030811784281306,-0.0001848707056878
2026-03-29,Javier_Sanoja,691594,hitter,MIA,COL,2026,823891,5,146,115,1,500779.0,Jose_Quintana,2.0,3.0,1.0,0.0,0.0,4.0,4.0,0.0,1.0,9.0,0.1081081081081081,0.54,0.54,0.25,21.25,65.0,11.25,9.0,6.1975881261595545,1.0766666666666669,0.0,72.0,0,2.0,1.0,6.123233995736766e-17,-0.7818314824680299,0.6234898018587334,0.5,0.5,0.5,0.5,0.5,0.5,0.5,0.5,0.5,0.5,synthetic,synthetic,synthetic,synthetic,synthetic,0.0,0.0,0.0,0.0,0.0,-110.0,-110.0,-110.0,-110.0,-110.0,-110.0,-110.0,-110.0,-110.0,-110.0,0.0,0.0,0.0,0.0,0.0,2026-08-28T01:24:59.045926+00:00,0.730289110631968,0.9721040540540544,-0.0021543774758060463,-0.3600407516638194,0.10201454144311295,0.8,0.8,0.2,0.0,0.2,3.0,3.0,0.0,0.0,1.0,batter_pitcher_profile_network_v2,0.1666666666666666,0.1,0.8590165042944955,0.0,0.1078103811557257,-0.1637559523809521,0.5250546683046684,0.0,0.0,0.0,0.0,0.0,0.0,-0.434892857142857,0.0943835995085995,0.0,0.0,0.0,0.0,0.0,0.0,-0.144017857142857,0.5155574324324325,0.0,0.0,0.0,0.0,0.0,0.0,-0.88825,-0.3815454545454545,0.0,0.0,0.0,0.0,-0.0079633998861145,-0.0001990849971528,-0.7192916666666666,0.4107432432432433,0.0,0.0,0.0,0.0,0.0,0.0
2026-03-30,Javier_Sanoja,691594,hitter,MIA,CWS,2026,823890,6,146,145,1,663436.0,Davis_Martin,0.0,0.0,0.0,0.0,0.0,1.0,1.0,0.0,0.0,8.0,0.0263157894736842,0.0,0.0,0.0,0.0,10.0,1.2857142857142856,8.928571428571429,7.57987012987013,1.0766666666666669,0.0,72.0,0,1.0,1.0,6.123233995736766e-17,0.0,1.0,1.5,1.5,0.5,0.5,0.5,1.5,1.5,0.5,0.5,0.5,synthetic,synthetic,synthetic,synthetic,synthetic,0.0,0.0,0.0,0.0,0.0,-110.0,-110.0,-110.0,-110.0,-110.0,-110.0,-110.0,-110.0,-110.0,-110.0,0.0,0.0,0.0,0.0,0.0,2026-08-28T01:24:59.045926+00:00,-0.19914346500799973,-0.28899421176442686,-0.05510633874408777,-0.47581499249391157,-0.2474442153852996,1.2,1.4,0.4,0.0,0.2,2.0,3.0,1.0,0.0,0.0,batter_pitcher_profile_network_v2,0.2,0.15,0.7654475343633685,0.0,0.1384349015560731,0.0396527777777779,-0.3256542443064182,0.0,0.0,0.0,0.0,-0.0006057596721638,-6.057596721638445e-05,-0.2269444444444443,-0.4585339026915113,0.0,0.0,0.0,0.0,-0.0048815866855637,-0.0007810538696902,0.0239583333333334,-0.13773455831608,0.0,0.0,0.0,0.0,-0.0001547994887286,-7.739974436431369e-06,-0.6175520833333333,-0.4809523809523809,0.0,0.0,0.0,0.0,-0.0139330330898019,-0.000348325827245,-0.4311805555555554,-0.3173088336783988,0.0,0.0,0.0,0.0,-0.0064181716643137,-0.0003850902998588
2026-04-01,Javier_Sanoja,691594,hitter,MIA,CWS,2026,823889,7,146,145,1,681343.0,,2.0,3.0,0.0,0.0,2.0,4.0,4.0,0.0,0.0,9.0,0.0952380952380952,0.54,0.54,0.25,21.25,65.0,4.1,8.2,6.5298701298701305,1.0766666666666669,0.0,72.0,0,2.0,0.8660254037844387,-0.4999999999999998,0.9749279121818236,-0.22252093395631434,1.5,1.5,0.5,0.5,0.5,1.5,1.5,0.5,0.5,0.5,synthetic,synthetic,synthetic,synthetic,synthetic,0.0,0.0,0.0,0.0,0.0,-110.0,-110.0,-110.0,-110.0,-110.0,-110.0,-110.0,-110.0,-110.0,-110.0,0.0,0.0,0.0,0.0,0.0,2026-08-28T01:24:59.045926+00:00,-0.383338528138528,-0.08994999999999975,0.12624350649350646,-0.3598416666666666,-0.056506493506493505,1.2,1.4,0.4,0.0,0.2,0.0,0.0,0.0,0.0,0.0,batter_pitcher_profile_network_v2,0.2333333333333333,0.15,0.8284600941203959,0.0,0.1539437124372044,-0.1431866123642441,0.1641304347826085,0.0,0.0,0.0,0.0,0.0,0.0,-0.3984868421052633,0.2927445652173911,0.0,0.0,0.0,0.0,0.0,0.0,-0.2166118421052633,0.7896467391304347,0.0,0.0,0.0,0.0,0.0,0.0,-0.6978819444444445,0.4513043478260868,0.0,0.0,0.0,0.0,0.0,0.0,-0.6805456349206349,0.7118478260869565,0.0,0.0,0.0,0.0,0.0,0.0
2026-04-04,Javier_Sanoja,691594,hitter,MIA,NYY,2026,823569,8,146,147,0,677960.0,Ryan_Weathers,2.0,3.0,0.0,0.0,2.0,5.0,5.0,0.0,1.0,9.0,0.108695652173913,0.432,0.432,0.2,17.0,60.84,8.292307692307693,12.246153846153845,1.7678571428571428,1.08,0.0,52.0,0,3.0,0.8660254037844387,-0.4999999999999998,-0.9749279121818236,-0.2225209339563146,1.5,1.5,0.5,0.5,0.5,1.5,1.5,0.5,0.5,0.5,synthetic,synthetic,synthetic,synthetic,synthetic,0.0,0.0,0.0,0.0,0.0,-110.0,-110.0,-110.0,-110.0,-110.0,-110.0,-110.0,-110.0,-110.0,-110.0,0.0,0.0,0.0,0.0,0.0,2026-08-28T01:24:59.045926+00:00,-0.43167544165397964,0.4857456521739132,-0.2822574093735242,-0.38189999999999996,0.2808189440993788,1.4,1.8,0.2,0.0,0.6,2.0,3.0,0.0,0.0,2.0,batter_pitcher_profile_network_v2,0.2666666666666666,0.2,0.768491938696019,0.0,0.1845052808352808,0.1696890096618358,0.3837622377622378,0.0,0.0,0.0,0.0,0.0040202291044135,0.0004020229104413,-0.0994202898550723,0.3504289044289044,0.0,0.0,0.0,0.0,0.0,0.0,0.0270380434782609,0.5177518777518777,0.0,0.0,0.0,0.0,0.0008642348897649,4.321174448824616e-05,-0.4483420138888889,0.217095571095571,0.0,0.0,0.0,0.0,0.0,0.0,-0.4224305555555553,0.6086778036778037,0.0,0.0,0.0,0.0,0.0,0.0
2026-04-05,Javier_Sanoja,691594,hitter,MIA,NYY,2026,823566,9,146,147,0,608331.0,Max_Fried,0.0,0.0,0.0,0.0,0.0,4.0,4.0,0.0,1.0,9.0,0.1025641025641025,0.0,0.0,0.0,0.0,10.0,1.8,5.666165413533835,2.4910714285714284,1.08,0.0,55.0,0,1.0,0.8660254037844387,-0.4999999999999998,-0.7818314824680299,0.6234898018587334,1.5,2.5,0.5,0.5,0.5,1.5,2.5,0.5,0.5,0.5,synthetic,synthetic,synthetic,synthetic,synthetic,0.0,0.0,0.0,0.0,0.0,-110.0,-110.0,-110.0,-110.0,-110.0,-110.0,-110.0,-110.0,-110.0,-110.0,0.0,0.0,0.0,0.0,0.0,2026-08-28T01:24:59.045926+00:00,0.20221077916086205,-0.5833979260757705,-0.49157087743767824,-0.47454959982430955,0.4515690679064668,1.8,2.4,0.2,0.0,1.0,2.0,3.0,0.0,0.0,2.0,batter_pitcher_profile_network_v2,0.3,0.25,0.7818084221172564,0.0,0.213557117072659,0.2287255291005294,-0.4183676027417942,0.0,1.0,0.0,0.0,-0.006263714078678,-0.0006263714078678,-0.0116891534391532,-0.391480009511731,0.0,1.0,0.0,0.0,-0.0002995379735649,-4.792607577039291e-05,0.0645932539682541,-0.4977073308270676,0.0,1.0,0.0,0.0,-0.0021043619403764,-0.0001052180970188,-0.3008842592592592,-0.3038311999879215,0.0,1.0,0.0,0.0,-0.0059839929723871,-0.0001495998243096,-0.2931990740740739,-0.5209513784461152,0.0,1.0,0.0,0.0,-0.0099981356248209,-0.0005998881374892
2026-04-06,Javier_Sanoja,691594,hitter,MIA,CIN,2026,823886,10,146,113,1,682227.0,,0.0,0.0,0.0,0.0,0.0,3.0,3.0,0.0,0.0,9.0,0.09375,0.0,0.0,0.0,0.0,10.0,4.1,8.2,2.4576923076923074,1.0766666666666669,0.0,72.0,0,1.0,0.8660254037844387,-0.4999999999999998,0.0,1.0,1.5,1.5,0.5,0.5,0.5,1.5,1.5,0.5,0.5,0.5,synthetic,synthetic,synthetic,synthetic,synthetic,0.0,0.0,0.0,0.0,0.0,-110.0,-110.0,-110.0,-110.0,-110.0,-110.0,-110.0,-110.0,-110.0,-110.0,0.0,0.0,0.0,0.0,0.0,2026-08-28T01:24:59.045926+00:00,-0.5484021668089237,-0.38657499999999967,-0.5,-0.4754666666666666,-0.015865384615384615,1.2,1.8,0.2,0.0,0.8,0.0,0.0,0.0,0.0,0.0,batter_pitcher_profile_network_v2,0.3333333333333333,0.2,0.7836756187508946,0.0,0.2174666140072697,0.0175097222222223,0.0869180672268907,0.0,2.0,0.0,0.0,0.000109742167173,1.097421671730677e-05,-0.1961749999999999,0.3378072478991596,0.0,2.0,0.0,0.0,0.0,0.0,-0.1569999999999999,0.0208361344537815,0.0,2.0,0.0,0.0,0.0,0.0,-0.3887819444444444,0.601594012605042,0.0,2.0,0.0,0.0,0.0,0.0,-0.4853027777777776,0.1033728991596639,0.0,2.0,0.0,0.0,0.0,0.0
2026-04-07,Javier_Sanoja,691594,hitter,MIA,CIN,2026,823887,11,146,113,1,671096.0,Andrew_Abbott,1.0,1.0,0.0,0.0,0.0,4.0,3.0,1.0,0.0,9.0,0.0952380952380952,0.395,0.395,0.0,0.0,47.400000000000006,4.046218487394958,7.861344537815126,2.4576923076923074,1.0766666666666669,0.0,72.0,0,1.0,0.8660254037844387,-0.4999999999999998,0.7818314824680298,0.6234898018587336,0.5,1.5,0.5,0.5,0.5,0.5,1.5,0.5,0.5,0.5,synthetic,synthetic,synthetic,synthetic,synthetic,0.0,0.0,0.0,0.0,0.0,-110.0,-110.0,-110.0,-110.0,-110.0,-110.0,-110.0,-110.0,-110.0,-110.0,0.0,0.0,0.0,0.0,0.0,2026-08-28T01:24:59.045926+00:00,0.19870713208360258,-0.5791999999999999,-0.41311538461538466,-0.4754666666666666,0.1043846153846153,0.8,1.2,0.0,0.0,0.8,0.0,0.0,0.0,0.0,0.0,batter_pitcher_profile_network_v2,0.3666666666666666,0.35,0.7820519142989588,0.0,0.2723028575077654,-0.0639882756132751,0.5790657805586011,0.0,3.0,0.0,0.0,0.0,0.0,-0.2862413419913416,0.5805912343305807,0.0,3.0,0.0,0.0,0.0,0.0,-0.2774269480519477,0.7324018523900049,0.0,3.0,0.0,0.0,0.0,0.0,-0.4606982323232323,0.5282898777414333,0.0,3.0,0.0,0.0,0.0,0.0,-0.6424785353535352,0.7872032089791521,0.0,3.0,0.0,0.0,0.0,0.0
2026-04-08,Javier_Sanoja,691594,hitter,MIA,CIN,2026,823885,12,146,113,1,663903.0,Brady_Singer,0.0,0.0,0.0,0.0,0.0,1.0,1.0,0.0,0.0,8.0,0.0263157894736842,0.0,0.0,0.0,0.0,10.0,7.2,9.0,2.4576923076923074,1.0766666666666669,0.0,72.0,0,1.0,0.8660254037844387,-0.4999999999999998,0.9749279121818236,-0.22252093395631434,0.5,1.5,0.5,0.5,0.5,0.5,1.5,0.5,0.5,0.5,synthetic,synthetic,synthetic,synthetic,synthetic,0.0,0.0,0.0,0.0,0.0,-110.0,-110.0,-110.0,-110.0,-110.0,-110.0,-110.0,-110.0,-110.0,-110.0,0.0,0.0,0.0,0.0,0.0,2026-08-28T01:24:59.045926+00:00,0.316770411762176,-0.5682131578947368,-0.5,-0.4756282876300758,-0.09516801619433196,1.0,1.4,0.0,0.0,0.8,1.0,1.0,0.0,0.0,0.0,batter_pitcher_profile_network_v2,0.4,0.35,0.6884981069827194,0.0,0.2929806436631159,0.0598291488603989,0.4183130999435346,0.0,4.0,0.0,0.0,0.0031184226150135,0.0003118422615013,-0.2031586538461537,0.1585949322416713,0.0,4.0,0.0,0.0,0.0,0.0,-0.1838982371794871,0.3311820299265952,0.0,4.0,0.0,0.0,0.0,0.0,-0.4859988425925926,-0.1067583286278938,0.0,4.0,0.0,0.0,-0.006464838536369,-0.0001616209634092,-0.5948182870370369,0.3077309429700735,0.0,4.0,0.0,0.0,0.0,0.0
2026-04-09,Javier_Sanoja,691594,hitter,MIA,CIN,2026,823884,13,146,113,1,695076.0,Rhett_Lowder,3.0,3.0,0.0,0.0,2.0,4.0,4.0,0.0,1.0,8.0,0.1,0.6675,0.6675,0.0,0.0,65.0,2.1999999999999997,8.0,2.1053571428571423,1.0766666666666669,0.0,72.0,0,1.0,0.8660254037844387,-0.4999999999999998,0.43388373911755823,-0.900968867902419,0.5,0.5,0.5,0.5,0.5,0.5,0.5,0.5,0.5,0.5,synthetic,synthetic,synthetic,synthetic,synthetic,0.0,0.0,0.0,0.0,0.0,-110.0,-110.0,-110.0,-110.0,-110.0,-110.0,-110.0,-110.0,-110.0,-110.0,0.0,0.0,0.0,0.0,0.0,2026-08-28T01:24:59.045926+00:00,0.048622517053348635,0.2953348437656569,-0.26587245991383013,-0.4760685999469247,-0.09962115400809379,0.6,0.8,0.0,0.0,0.4,0.0,0.0,0.0,0.0,0.0,batter_pitcher_profile_network_v2,0.4333333333333333,0.2,0.7708800202896569,0.0,0.2677801061695701,-0.0347735042735041,-0.1692551783659378,0.0,5.0,0.6511071792126808,-0.0184724030140772,-0.0005843532760372,-5.8435327603726535e-05,-0.2937564102564101,-0.3068470943613348,0.0,5.0,0.6144039962284628,-0.0160760440016716,-0.0330634764646446,-0.0052901562343431,-0.2938461538461537,-0.1768446969696968,0.0,5.0,0.6213176738586309,-0.0151469659364918,-0.0203063411337461,-0.0010153170566873,-0.5393728632478632,-0.4496081703107019,0.0,5.0,0.5757668375016731,0.0,-0.0240773312103277,-0.0006019332802581,-0.7165042735042733,-0.2531026083621019,0.0,5.0,0.5701305732071769,-0.0146376198419939,-0.0289835191825168,-0.001739011150951
2026-04-10,Javier_Sanoja,691594,hitter,MIA,DET,2026,824297,14,146,116,0,672456.0,Keider_Montero,0.0,0.0,0.0,0.0,0.0,3.0,3.0,0.0,1.0,9.0,0.1,0.0,0.0,0.0,0.0,10.0,2.076923076923077,7.615384615384615,2.0788497217068644,1.0666666666666669,-7.0,52.0,0,1.0,0.8660254037844387,-0.4999999999999998,-0.433883739117558,-0.9009688679024191,0.5,0.5,0.5,0.5,0.5,0.5,0.5,0.5,0.5,0.5,synthetic,synthetic,synthetic,synthetic,synthetic,0.0,0.0,0.0,0.0,0.0,-110.0,-110.0,-110.0,-110.0,-110.0,-110.0,-110.0,-110.0,-110.0,-110.0,0.0,0.0,0.0,0.0,0.0,2026-08-28T01:24:59.045926+00:00,0.5246708782767238,0.4131502744260974,-0.5,-0.4788460498374732,0.020321818067903563,0.8,0.8,0.0,0.0,0.4,3.0,3.0,0.0,0.0,2.0,batter_pitcher_profile_network_v2,0.4666666666666667,0.05,0.9425,0.0,0.2450605208333333,0.0834672168109669,-0.2108009049773755,0.0,6.0,0.7554906562825234,-0.0066654957554162,-0.0004721315565318,-4.721315565318064e-05,-0.1951561147186145,-0.3955005656108596,0.0,6.0,0.6909232879134783,-0.0082014475630023,-0.0143732848368925,-0.0022997255739028,-0.1551724837662335,-0.4143501131221718,0.0,6.0,0.6341739543722055,-0.014341464590121,-0.016066733511541,-0.000803336675577,-0.5414712301587301,-0.4938461538461538,0.0,6.0,0.6757040668415152,0.0,-0.0071753268322649,-0.0001793831708066,-0.5685620039682537,-0.4593868778280542,0.0,6.0,0.5961556735485334,0.0044410613325795,-0.0036778002906647,-0.0002206680174398
2026-04-12,Javier_Sanoja,691594,hitter,MIA,DET,2026,824293,15,146,116,0,669373.0,Tarik_Skubal,0.0,0.0,0.0,0.0,0.0,3.0,3.0,0.0,0.0,9.0,0.088235294117647,0.0,0.0,0.0,0.0,10.0,3.0,8.785714285714286,2.0788497217068644,1.0666666666666669,-13.0,62.0,0,2.0,0.8660254037844387,-0.4999999999999998,-0.7818314824680299,0.6234898018587334,0.5,0.5,0.5,0.5,0.5,0.5,0.5,0.5,0.5,0.5,synthetic,synthetic,synthetic,synthetic,synthetic,0.0,0.0,0.0,0.0,0.0,-110.0,-110.0,-110.0,-110.0,-110.0,-110.0,-110.0,-110.0,-110.0,-110.0,0.0,0.0,0.0,0.0,0.0,2026-08-28T01:24:59.045926+00:00,0.07544968008088304,-0.019972619612688147,-0.5,-0.4791055948826769,-0.31443894970103725,0.8,0.8,0.0,0.0,0.4,0.0,0.0,0.0,0.0,0.0,batter_pitcher_profile_network_v2,0.5,0.2,0.8413143058020692,0.0,0.2993877995078493,-0.0597009160756499,-0.2627845512696259,0.0,6.0,0.7305064940191585,-0.0025563877391222,-0.0012447685461854,-0.0001244768546185,-0.3139432033096925,-0.2990578358208955,0.0,6.0,0.7411523031604885,-0.0057653194436227,-0.0160972549322422,-0.0025755607891587,-0.2962779255319147,-0.5430957792207791,0.0,6.0,0.5645935454177717,-0.0119827416807271,-0.0247495842543725,-0.0012374792127186,-0.5840305555555556,-0.3788873812754409,0.0,6.0,0.7328903243748891,0.0,-0.0175571286404144,-0.0004389282160103,-0.678273611111111,-0.4607662337662337,0.0,6.0,0.5954551974028549,0.0075924105934354,-0.0191023611455581,-0.0011461416687334
2026-04-14,Javier_Sanoja,691594,hitter,MIA,ATL,2026,824935,16,146,144,0,625643.0,Reynaldo_López,2.0,2.0,0.0,0.0,0.0,4.0,4.0,0.0,1.0,8.0,0.1111111111111111,0.445,0.445,0.0,0.0,53.4,1.0999999999999999,7.8,4.211538461538462,1.08,-6.0,81.0,0,2.0,0.8660254037844387,-0.4999999999999998,0.7818314824680298,0.6234898018587336,0.5,0.5,0.5,0.5,0.5,0.5,0.5,0.5,0.5,0.5,synthetic,synthetic,synthetic,synthetic,synthetic,0.0,0.0,0.0,0.0,0.0,-110.0,-110.0,-110.0,-110.0,-110.0,-110.0,-110.0,-110.0,-110.0,-110.0,0.0,0.0,0.0,0.0,0.0,2026-08-28T01:24:59.045926+00:00,0.3385557501316917,0.210931620253496,-0.26913432063180764,-0.4744350720585003,-0.047278054407954684,0.8,0.8,0.0,0.0,0.4,0.0,0.0,0.0,0.0,0.0,batter_pitcher_profile_network_v2,0.5333333333333333,0.35,0.749894379103355,0.0,0.3570149451626103,-0.1102087673611111,-0.2080092182136443,0.0,7.0,0.8723374828824635,-0.0071271155332909,-0.0030578832984681,-0.0003057883298468,-0.3680390625,-0.1245108733700122,0.0,7.0,0.9271308279349444,-0.009682095578476,-0.0206357067489834,-0.0033017130798373,-0.3787565104166666,-0.1502311145388387,0.0,7.0,0.8553908794209714,-0.0166348671822629,-0.0242248741746179,-0.0012112437087308,-0.6212699652777778,-0.016928509028927,0.0,7.0,0.944119593608096,0.0,-0.0014028823400119,-3.507205850029917e-05,-0.779583767361111,-0.1894220060117069,0.0,7.0,0.8272595513766647,0.0035603894064917,-0.0170274025257421,-0.0010216441515445
2026-04-17,Javier_Sanoja,691594,hitter,MIA,MIL,2026,823883,17,146,158,1,689441.0,,0.0,0.0,0.0,0.0,0.0,4.0,3.0,1.0,0.0,8.0,0.0975609756097561,0.1725,0.1725,0.0,0.0,20.7,4.1,8.2,5.946428571428571,1.0766666666666669,-10.0,79.0,0,3.0,0.8660254037844387,-0.4999999999999998,-0.433883739117558,-0.9009688679024191,0.5,0.5,0.5,0.5,0.5,0.5,0.5,0.5,0.5,0.5,synthetic,synthetic,synthetic,synthetic,synthetic,0.0,0.0,0.0,0.0,0.0,-110.0,-110.0,-110.0,-110.0,-110.0,-110.0,-110.0,-110.0,-110.0,-110.0,0.0,0.0,0.0,0.0,0.0,2026-08-28T01:24:59.045926+00:00,0.7734051103368178,0.4786120595505359,-0.3491182525104255,-0.4754666666666666,-0.05745806920260316,1.0,1.0,0.0,0.0,0.4,2.0,2.0,0.0,0.0,0.0,batter_pitcher_profile_network_v2,0.5666666666666667,0.0,1.0,0.0,0.2833333333333333,-0.0720102124183005,0.0,0.0,8.0,1.153154848780632,0.0052805870997101,0.0,0.0,-0.3364169389978212,0.0,0.0,8.0,1.1714237961520335,-0.0024980242304914,-0.0037470363457372,-0.0005995258153179,-0.3546657135076251,0.0,0.0,8.0,1.1044192195520863,-0.0198302070029352,-0.0198302070029352,-0.0009915103501467,-0.6257622549019608,0.0,0.0,8.0,1.163458950109772,0.0,0.0,0.0,-0.7322634803921567,0.0,0.0,8.0,1.0865180462983388,-0.0058045575801102,-0.0043534181850826,-0.0002612050911049
2026-04-18,Javier_Sanoja,691594,hitter,MIA,MIL,2026,823882,18,146,158,1,605540.0,Brandon_Woodruff,0.0,0.0,0.0,0.0,0.0,4.0,3.0,1.0,0.0,9.0,0.1111111111111111,0.1725,0.1725,0.0,0.0,20.7,4.347058823529411,8.717647058823529,6.0153061224489806,1.0766666666666669,-10.0,83.0,0,1.0,0.8660254037844387,-0.4999999999999998,-0.9749279121818236,-0.2225209339563146,0.5,0.5,0.5,0.5,0.5,0.5,0.5,0.5,0.5,0.5,synthetic,synthetic,synthetic,synthetic,synthetic,0.0,0.0,0.0,0.0,0.0,-110.0,-110.0,-110.0,-110.0,-110.0,-110.0,-110.0,-110.0,-110.0,-110.0,0.0,0.0,0.0,0.0,0.0,2026-08-28T01:24:59.045926+00:00,0.5088585767784795,0.21422282047373398,-0.338547194304199,-0.4754666666666666,-0.03782742012830753,1.0,1.0,0.0,0.0,0.4,0.0,0.0,0.0,0.0,0.0,batter_pitcher_profile_network_v2,0.6,0.25,0.7998110269469931,0.0,0.3630057872997483,-0.0589990953597274,-0.0065595971391038,0.0,8.0,1.1522051109202285,0.0099036829819003,-4.648511636620222e-05,-4.648511636620223e-06,-0.3365683269476373,0.2403210857295771,0.0,8.0,1.1476955368304522,0.0008936964183361,0.0013405446275041,0.0002144871404006,-0.3817025862068964,0.1283734081804765,0.0,8.0,1.1058025973961865,-0.0187500085329613,-0.0187500085329613,-0.000937500426648,-0.649940586419753,0.4754353330414052,0.0,8.0,1.00152742955188,0.0,0.0,0.0,-0.7807854938271601,0.2201319207252794,0.0,8.0,1.075338707869668,-0.000208731498295,-0.0001565486237213,-9.392917423278882e-06
2026-04-19,Javier_Sanoja,691594,hitter,MIA,MIL,2026,823881,19,146,158,1,694819.0,Jacob_Misiorowski,1.0,1.0,0.0,0.0,2.0,2.0,2.0,0.0,0.0,9.0,0.0526315789473684,0.445,0.445,0.0,0.0,53.4,3.8125,11.9375,5.6938775510204085,1.0766666666666669,0.0,72.0,0,1.0,0.8660254037844387,-0.4999999999999998,-0.7818314824680299,0.6234898018587334,0.5,0.5,0.5,0.5,0.5,0.5,0.5,0.5,0.5,0.5,synthetic,synthetic,synthetic,synthetic,synthetic,0.0,0.0,0.0,0.0,0.0,-110.0,-110.0,-110.0,-110.0,-110.0,-110.0,-110.0,-110.0,-110.0,-110.0,0.0,0.0,0.0,0.0,0.0,2026-08-28T01:24:59.045926+00:00,-0.21078774742131673,-0.10369127807389422,-0.2789010429841324,-0.4762733661798129,-0.3149594465720079,0.4,0.4,0.0,0.0,0.0,0.0,0.0,0.0,0.0,0.0,batter_pitcher_profile_network_v2,0.6333333333333333,0.35,0.7126583950752173,0.0,0.4086114379778167,-0.0482682630635725,-0.5725602755453502,0.0,9.0,0.9678069216911463,0.0052209459487726,-0.0050293718143145,-0.0005029371814314,-0.3373109083191847,-0.4292781490897163,0.0,9.0,1.088375984008946,-0.0010365577757311,-0.0279060142776289,-0.0044649622844206,-0.4137374434069039,-0.1155149868787927,0.0,9.0,1.2261189689233492,-0.0195167085562692,-0.0282142001767413,-0.001410710008837,-0.6715738304093566,-0.2640262834180744,0.0,9.0,1.1945153424195405,0.0,-0.0322679805258535,-0.0008066995131463,-0.8285420321637422,-0.1899583948389918,0.0,9.0,1.1750426454937242,-0.0073230837302548,-0.0341343494188935,-0.0020480609651336
2026-04-21,Javier_Sanoja,691594,hitter,MIA,STL,2026,823880,20,146,138,1,669160.0,Dustin_May,0.0,0.0,0.0,0.0,0.0,1.0,0.0,1.0,0.0,7.0,0.025,0.69,0.69,0.0,0.0,65.0,5.5,6.25,5.393877551020408,1.0766666666666669,0.0,72.0,0,2.0,0.8660254037844387,-0.4999999999999998,0.7818314824680298,0.6234898018587336,0.5,0.5,0.5,0.5,0.5,0.5,0.5,0.5,0.5,0.5,synthetic,synthetic,synthetic,synthetic,synthetic,0.0,0.0,0.0,0.0,0.0,-110.0,-110.0,-110.0,-110.0,-110.0,-110.0,-110.0,-110.0,-110.0,-110.0,0.0,0.0,0.0,0.0,0.0,2026-08-28T01:24:59.045926+00:00,0.2974609491545266,0.2416439357066832,-0.1753142298780298,-0.4775352440808191,0.3015677576776822,0.6,0.6,0.0,0.0,0.4,1.0,1.0,0.0,0.0,2.0,batter_pitcher_profile_network_v2,0.6666666666666666,0.35,0.6759217887507725,0.0,0.4268531866406439,0.0242531250000003,-0.0206482399179768,0.0,10.0,1.471779467050205,0.0055147212521448,-0.000108195529565,-1.0819552956505489e-05,-0.283202083333333,-0.289867171479836,0.0,10.0,1.413279540984826,-0.0015346455870362,-0.0200379018332302,-0.0032060642933168,-0.3458697916666662,-0.4930939529220778,0.0,10.0,1.2096946102138748,-0.0183152547565865,-0.0551621485810054,-0.0027581074290502,-0.6728770833333333,-0.569164046479836,0.0,10.0,1.1775908397915318,0.0,-0.0827430965661032,-0.0020685774141525,-0.7757468749999995,-0.4820262445887445,0.0,10.0,1.2087791351778714,0.0293597182832562,-0.0587686645556385,-0.0035261198733383
2026-04-22,Javier_Sanoja,691594,hitter,MIA,STL,2026,823878,21,146,138,1,681517.0,Kyle_Leahy,3.0,3.0,0.0,0.0,0.0,4.0,4.0,0.0,0.0,9.0,0.1052631578947368,0.6675,0.6675,0.0,0.0,65.0,4.500000000000001,7.5,5.452319109461967,1.0766666666666669,0.0,72.0,0,1.0,0.8660254037844387,-0.4999999999999998,0.9749279121818236,-0.22252093395631434,0.5,0.5,0.5,0.5,0.5,0.5,0.5,0.5,0.5,0.5,synthetic,synthetic,synthetic,synthetic,synthetic,0.0,0.0,0.0,0.0,0.0,-110.0,-110.0,-110.0,-110.0,-110.0,-110.0,-110.0,-110.0,-110.0,-110.0,0.0,0.0,0.0,0.0,0.0,2026-08-28T01:24:59.045926+00:00,0.21587392375455516,0.18038963100679717,-0.10195292612085372,-0.4754666666666666,0.07646839652298942,0.6,0.6,0.0,0.0,0.4,0.0,0.0,0.0,0.0,0.0,batter_pitcher_profile_network_v2,0.7,0.4,0.7119438033565547,0.0,0.4551147536355288,0.1405776098901103,0.20378575116159,0.0,11.0,1.646040919925223,-0.0052136025761728,0.0057765060414678,0.0005776506041467,-0.1902061965811962,0.2693487351574599,0.0,11.0,1.6098408873381516,-0.0082614058927315,-0.0123921088390973,-0.0019827374142555,-0.2148202838827833,0.3240872483221477,0.0,11.0,1.5275797108517994,-0.0215092108264095,-0.0215092108264095,-0.0010754605413204,-0.6679186507936509,0.3620710505937015,0.0,11.0,1.482498551572972,0.0,0.0,0.0,-0.6658005952380947,0.3345360738255034,0.0,11.0,1.4983132914728547,0.0180659414595695,0.0135494560946771,0.0008129673656806
2026-04-24,Javier_Sanoja,691594,hitter,MIA,SF,2026,823232,22,146,137,0,605288.0,Adrian_Houser,0.0,0.0,0.0,0.0,0.0,1.0,0.0,1.0,0.0,8.0,0.0217391304347826,0.69,0.69,0.0,0.0,65.0,6.689075630252101,3.957983193277311,0.631578947368421,1.08,12.0,56.0,0,2.0,0.8660254037844387,-0.4999999999999998,-0.433883739117558,-0.9009688679024191,0.5,0.5,0.5,0.5,0.5,0.5,0.5,0.5,0.5,0.5,synthetic,synthetic,synthetic,synthetic,synthetic,0.0,0.0,0.0,0.0,0.0,-110.0,-110.0,-110.0,-110.0,-110.0,-110.0,-110.0,-110.0,-110.0,-110.0,0.0,0.0,0.0,0.0,0.0,2026-08-28T01:24:59.045926+00:00,0.5614936273834421,0.648767462069274,-0.42601510762408407,-0.4744,-0.2564027018467981,0.8,0.8,0.0,0.0,0.4,3.0,3.0,0.0,0.0,0.0,batter_pitcher_profile_network_v2,0.7333333333333333,0.35,0.6648639297303994,0.0,0.4606606256794757,0.2620526185770756,0.2753112402113056,0.0,12.0,1.8606780772618208,0.0217618057531531,0.0177310741344045,0.0017731074134404,-0.096033102766798,0.1583404318659423,0.0,12.0,1.93004311701374,0.0078263818103809,0.0117395727155714,0.0018783316344914,-0.0997130270092221,0.1110234096823442,0.0,12.0,1.887113258099333,-0.024707186806624,-0.024707186806624,-0.0012353593403312,-0.6634109848484848,0.0598730751780443,0.0,12.0,1.8961388597409128,0.0,0.0,0.0,-0.5773693181818178,0.1185725073468878,0.0,12.0,1.8592458145614184,0.0100696309661458,0.0075522232246093,0.0004531333934765
2026-04-25,Javier_Sanoja,691594,hitter,MIA,SF,2026,823229,23,146,137,0,592662.0,Robbie_Ray,0.0,0.0,0.0,0.0,0.0,3.0,2.0,1.0,0.0,8.0,0.081081081081081,0.2299999999999999,0.2299999999999999,0.0,0.0,27.6,2.6999999999999997,10.25,0.8887218045112782,1.08,10.0,56.0,0,1.0,0.8660254037844387,-0.4999999999999998,-0.9749279121818236,-0.2225209339563146,0.5,0.5,0.5,0.5,0.5,0.5,0.5,0.5,0.5,0.5,synthetic,synthetic,synthetic,synthetic,synthetic,0.0,0.0,0.0,0.0,0.0,-110.0,-110.0,-110.0,-110.0,-110.0,-110.0,-110.0,-110.0,-110.0,-110.0,0.0,0.0,0.0,0.0,0.0,2026-08-28T01:24:59.045926+00:00,-0.08551131415915714,0.08326905264948059,-0.5,-0.47516314373079277,-0.31558862888852723,0.8,0.8,0.0,0.0,0.4,0.0,0.0,0.0,0.0,0.0,batter_pitcher_profile_network_v2,0.7666666666666667,0.45,0.5701026296843755,0.0,0.5094064258719821,0.359026397515528,-0.6886944444444445,0.0,13.0,1.4668478011572113,0.0084563586156424,-0.0814937552879737,-0.0081493755287973,-0.0185258799171841,-0.4333373015873016,0.0,13.0,1.875089270365356,-0.0041589212516332,-0.0088842993191244,-0.0014214878910599,0.0067132505175986,-0.3044907407407407,0.0,13.0,1.9647189399945009,-0.0244681079441732,-0.0251418261983109,-0.0012570913099155,-0.6592952898550724,-0.1404801587301586,0.0,13.0,2.101956704220952,0.0,-0.0305257492317138,-0.0007631437307928,-0.487565217391304,-0.3840145502645502,0.0,13.0,1.8658610377446427,0.007255495587376,-0.0562678410907072,-0.0033760704654424
2026-04-27,Javier_Sanoja,691594,hitter,MIA,LAD,2026,823961,24,146,119,0,808967.0,Yoshinobu_Yamamoto,0.0,0.0,0.0,0.0,0.0,4.0,4.0,0.0,1.0,8.0,0.1052631578947368,0.0,0.0,0.0,0.0,10.0,2.1770186335403725,8.73913043478261,5.625,1.08,0.0,62.0,0,2.0,0.8660254037844387,-0.4999999999999998,0.0,1.0,0.5,0.5,0.5,0.5,0.5,0.5,0.5,0.5,0.5,0.5,synthetic,synthetic,synthetic,synthetic,synthetic,0.0,0.0,0.0,0.0,0.0,-110.0,-110.0,-110.0,-110.0,-110.0,-110.0,-110.0,-110.0,-110.0,-110.0,0.0,0.0,0.0,0.0,0.0,2026-08-28T01:24:59.045926+00:00,0.2470086489181036,0.003714961430500874,-0.45055764837265694,-0.4761974838381707,-0.12105967059869921,0.8,0.8,0.0,0.0,0.4,0.0,0.0,0.0,0.0,0.0,batter_pitcher_profile_network_v2,0.8,0.3,0.6453656217740481,0.0,0.4812828133998037,0.3586689894089294,-0.4099637406328441,0.0,14.0,2.166585635505922,-0.002138241589438,-0.041716714480291,-0.0041716714480291,-0.0226566305175038,-0.3931449573095878,0.0,14.0,2.245877796395305,-0.0144919763294984,-0.024265043690948,-0.0038824069905516,0.0047513555936072,-0.5899973257418908,0.0,14.0,1.9200704415115133,-0.0229892328200869,-0.0237845464005077,-0.0011892273200253,-0.6697123842592593,-0.3784128144524449,0.0,14.0,2.230388815457764,0.0,-0.0718993535268295,-0.0017974838381707,-0.5041221064814815,-0.5653247066942717,0.0,14.0,1.9566133097860976,-0.0055082346517489,-0.084985738048496,-0.0050991442829097
2026-04-28,Javier_Sanoja,691594,hitter,MIA,LAD,2026,823956,25,146,119,0,660271.0,,0.0,0.0,0.0,0.0,0.0,0.0,0.0,0.0,0.0,8.0,0.0,0.0,0.0,0.0,0.0,10.0,4.1,8.2,4.339285714285714,1.08,9.0,66.0,0,1.0,0.8660254037844387,-0.4999999999999998,0.7818314824680298,0.6234898018587336,0.5,0.5,0.5,0.5,0.5,0.5,0.5,0.5,0.5,0.5,synthetic,synthetic,synthetic,synthetic,synthetic,0.0,0.0,0.0,0.0,0.0,-110.0,-110.0,-110.0,-110.0,-110.0,-110.0,-110.0,-110.0,-110.0,-110.0,0.0,0.0,0.0,0.0,0.0,2026-08-28T01:24:59.045926+00:00,-0.05037966407835376,-0.2388271144366506,-0.5,-0.4776707425793813,-0.5,0.6,0.6,0.0,0.0,0.0,0.0,0.0,0.0,0.0,0.0,batter_pitcher_profile_network_v2,0.8333333333333334,0.3,0.7581242494330588,0.0,0.4938056005000018,0.266711645021645,-0.933376288659794,0.0,15.0,1.5466583075202485,-0.0160700554672661,-0.0501775931644914,-0.0050177593164491,-0.0950277922077922,-0.9467010309278352,0.0,15.0,1.4966570054727382,-0.0190658400964567,-0.0467319652290668,-0.0074771144366506,-0.0775077922077922,-0.8021164021164022,0.0,15.0,1.7572103252744613,-0.0204368215209579,-0.0329680557401864,-0.0016484027870093,-0.6856183333333333,-0.9467010309278352,0.0,15.0,1.4594079301423175,0.0,-0.1308297031752553,-0.0032707425793813,-0.5662266666666664,-0.9010582010582012,0.0,15.0,1.5885163201784698,-0.0121700823379689,-0.1119657096744212,-0.0067179425804652
2026-04-29,Javier_Sanoja,691594,hitter,MIA,LAD,2026,823958,26,146,119,0,607192.0,Tyler_Glasnow,1.0,1.0,0.0,0.0,1.0,2.0,2.0,0.0,0.0,7.0,0.0526315789473684,0.445,0.445,0.0,0.0,53.4,2.4285714285714284,9.875,4.339285714285714,1.08,0.0,74.0,0,1.0,0.8660254037844387,-0.4999999999999998,0.9749279121818236,-0.22252093395631434,0.5,0.5,0.5,0.5,0.5,0.5,0.5,0.5,0.5,0.5,synthetic,synthetic,synthetic,synthetic,synthetic,0.0,0.0,0.0,0.0,0.0,-110.0,-110.0,-110.0,-110.0,-110.0,-110.0,-110.0,-110.0,-110.0,-110.0,0.0,0.0,0.0,0.0,0.0,2026-08-28T01:24:59.045926+00:00,-0.018223706531811767,0.0169981300059433,-0.3273384916451,-0.47649960432519467,-0.38597604898437976,0.6,0.6,0.0,0.0,0.0,0.0,0.0,0.0,0.0,0.0,batter_pitcher_profile_network_v2,0.8666666666666667,0.45,0.7054553923328415,0.0,0.5519451048309855,0.2070766663891664,-0.72143267993268,0.0,16.0,2.102294232891337,-0.0196606385499294,-0.0381355615587194,-0.0038135561558719,-0.1449994588744588,-0.6161646495396496,0.0,16.0,2.2915370304680724,-0.0238602066927459,-0.0585972137786439,-0.009375554204583,-0.1362863178488178,-0.4616629417879416,0.0,16.0,2.4755385511702857,-0.0263100459750865,-0.0423713366613993,-0.0021185668330699,-0.7003007478632478,-0.4697964062964063,0.0,16.0,2.467493589201509,0.0,-0.0839841730077891,-0.0020996043251947,-0.6233616452991451,-0.4902158697158695,0.0,16.0,2.4232801859356456,-0.0145485215800406,-0.088917859012845,-0.0053350715407707
2026-05-01,Javier_Sanoja,691594,hitter,MIA,PHI,2026,823877,27,146,143,1,554430.0,Zack_Wheeler,0.0,0.0,1.0,0.0,0.0,4.0,3.0,1.0,2.0,9.0,0.1,0.1725,0.1725,0.0,0.0,20.7,3.6,10.8,3.767142857142858,1.0766666666666669,0.0,72.0,0,2.0,0.49999999999999994,-0.8660254037844387,-0.433883739117558,-0.9009688679024191,0.5,0.5,0.5,0.5,0.5,0.5,0.5,0.5,0.5,0.5,synthetic,real,real,real,synthetic,0.0,6.0,6.0,7.0,0.0,-110.0,63.2,253.0,1500.0,-110.0,-110.0,-132.5,-383.3333333333333,0.0,-110.0,0.0,0.5163977794943222,0.0,0.0,0.0,2026-05-02T00:15:33.012287+00:00,-0.15772129121194506,-0.16032498529700712,-0.4655305298381168,-0.4761420386067707,-0.13997054102331558,0.2,0.2,0.0,0.0,0.2,1.0,1.0,0.0,0.0,1.0,batter_pitcher_profile_network_v2,0.9,0.05,0.9425,0.0,0.4617271875,0.2529221558055951,-0.6675,0.0,17.0,2.4784726794785965,-0.014915437513864,-0.0087367216432621,-0.0008736721643262,-0.1086712376933892,-0.7343750000000001,0.0,17.0,2.375792487099207,-0.0230799843846161,-0.0387499081062952,-0.0061999852970072,-0.0861295710267225,-0.2506249999999999,0.0,17.0,2.937830171421483,-0.0291363668267245,-0.0302534539051956,-0.0015126726952597,-0.6960354938271605,-0.7500000000000001,0.0,17.0,2.29159614680254,0.0,-0.0270148776041666,-0.0006753719401041,-0.5836126543209874,-0.4475,0.0,17.0,2.761560595746285,0.0029608579458278,-0.0112947313409763,-0.0006776838804585
2026-05-02,Javier_Sanoja,691594,hitter,MIA,PHI,2026,823876,28,146,143,1,691725.0,Andrew_Painter,0.0,0.0,0.0,0.0,0.0,1.0,1.0,0.0,0.0,8.0,0.0256410256410256,0.0,0.0,0.0,0.0,10.0,5.497058823529412,7.729411764705882,3.1671428571428573,1.0766666666666669,0.0,72.0,0,1.0,0.49999999999999994,-0.8660254037844387,-0.9749279121818236,-0.2225209339563146,0.5,0.5,0.5,0.5,0.5,0.5,0.5,0.5,0.5,0.5,synthetic,synthetic,synthetic,synthetic,synthetic,0.0,0.0,0.0,0.0,0.0,-110.0,-110.0,-110.0,-110.0,-110.0,-110.0,-110.0,-110.0,-110.0,-110.0,0.0,0.0,0.0,0.0,0.0,2026-08-28T01:24:59.045926+00:00,-0.2755546790665878,-0.45363772732157925,-0.4068097685278051,-0.4757355548732512,-0.468195622893367,0.2,0.2,0.2,0.0,0.2,0.0,0.0,1.0,0.0,0.0,batter_pitcher_profile_network_v2,0.9333333333333332,0.4,0.7383683386892301,0.0,0.5704866180708944,0.1598619985895966,0.2744141938890179,0.0,17.0,2.541572329627608,0.014318561567672,0.0107122052401763,0.0010712205240176,-0.1745500035857715,0.1120547062698596,0.0,17.0,2.839224017469776,-0.0028655305065804,-0.0042982957598706,-0.0006877273215793,-0.1595879500143431,-0.05813645647653,0.0,17.0,2.9450221345306087,-0.0422265130157969,-0.0444920738528057,-0.0022246036926402,-0.7050510912698412,-0.0624718088816554,0.0,17.0,2.977022172799285,0.0,-0.0107555282633876,-0.0002688882065846,-0.6094000496031745,-0.007372567587641,0.0,17.0,2.86604387871541,0.0079825425600677,0.0048898015940675,0.000293388095644
2026-05-03,Javier_Sanoja,691594,hitter,MIA,PHI,2026,823875,29,146,143,1,666200.0,Jesús_Luzardo,1.0,2.0,0.0,0.0,0.0,3.0,3.0,0.0,1.0,9.0,0.0857142857142857,0.4233333333333333,0.4233333333333333,0.3333333333333333,28.33333333333333,65.0,5.142857142857143,7.607142857142857,3.2742857142857145,1.0766666666666669,0.0,72.0,0,1.0,0.49999999999999994,-0.8660254037844387,-0.7818314824680299,0.6234898018587334,0.5,0.5,0.5,0.5,0.5,0.5,0.5,0.5,0.5,0.5,synthetic,synthetic,synthetic,synthetic,synthetic,0.0,0.0,0.0,0.0,0.0,-110.0,-110.0,-110.0,-110.0,-110.0,-110.0,-110.0,-110.0,-110.0,-110.0,0.0,0.0,0.0,0.0,0.0,2026-08-28T01:24:59.045926+00:00,-0.1783783063604823,0.19678508059712452,-0.24347593159477404,-0.3234860431598938,-0.2673252461337997,0.2,0.2,0.2,0.0,0.2,0.0,0.0,0.0,0.0,0.0,batter_pitcher_profile_network_v2,0.9666666666666668,0.45,0.6894813786355565,0.0,0.6028256723360483,0.1139738300492613,-0.1342418399284596,0.0,18.0,3.093518477108464,-0.0002812436976752,-0.0045925874143491,-0.0004592587414349,-0.2140145730706074,-0.2434807735300692,0.0,18.0,3.1904778979661907,-0.0160929745851479,-0.0397807462679717,-0.0063649194028754,-0.2103083949096878,-0.1879179894179893,0.0,18.0,3.2047460635714824,-0.0436081541205758,-0.0554710128478634,-0.0027735506423931,-0.717544540229885,-0.4059807735300692,0.0,18.0,3.061445177059131,0.0,-0.0874417263957591,-0.0021860431598939,-0.6612047413793102,-0.162084656084656,0.0,18.0,3.1579787530735683,0.002013978159459,-0.0306588641347579,-0.0018395318480854
2026-05-04,Javier_Sanoja,691594,hitter,MIA,PHI,2026,823874,30,146,143,1,605400.0,Aaron_Nola,0.0,0.0,0.0,0.0,0.0,0.0,0.0,0.0,0.0,2.0,0.0,0.0,0.0,0.0,0.0,10.0,9.118681318681318,10.31868131868132,3.2742857142857145,1.0766666666666669,0.0,72.0,0,1.0,0.49999999999999994,-0.8660254037844387,0.0,1.0,0.5,0.5,0.5,0.5,0.5,0.5,0.5,0.5,0.5,0.5,synthetic,synthetic,synthetic,synthetic,synthetic,0.0,0.0,0.0,0.0,0.0,-110.0,-110.0,-110.0,-110.0,-110.0,-110.0,-110.0,-110.0,-110.0,-110.0,0.0,0.0,0.0,0.0,0.0,2026-08-28T01:24:59.045926+00:00,-0.16279851875145263,0.04739632209729383,-0.5,-0.4754666666666666,-0.49365893354215834,0.4,0.6,0.2,0.0,0.2,1.0,2.0,0.0,0.0,0.0,batter_pitcher_profile_network_v2,1.0,0.4,0.6784090638195386,0.0,0.6067579558728426,0.1215593151340994,0.1784112536406921,0.0,19.0,3.1862271605915016,0.007954124994559,0.0069745194451791,0.0006974519445179,-0.194522493614304,0.2299141643455479,0.0,19.0,3.1867949775008744,0.0014430087387245,0.0021645131080867,0.0003463220972938,-0.1994005028735634,0.3850819710475283,0.0,19.0,2.893477321557364,-0.0388556313490233,-0.0388556313490233,-0.0019427815674511,-0.650848611111111,0.2543626937573127,0.0,19.0,3.133178302331192,0.0,0.0,0.0,-0.6163381944444444,0.4013687357534107,0.0,19.0,2.8212200412811144,-0.0082937612543141,-0.0062203209407355,-0.0003732192564441
2026-05-05,Javier_Sanoja,691594,hitter,MIA,BAL,2026,823873,31,146,110,1,605135.0,Chris_Bassitt,0.0,0.0,0.0,0.0,0.0,0.0,0.0,0.0,0.0,7.0,0.0,0.0,0.0,0.0,0.0,10.0,3.2624999999999997,6.0375000000000005,10.714285714285714,1.0766666666666669,0.0,72.0,0,1.0,0.49999999999999994,-0.8660254037844387,0.7818314824680298,0.6234898018587336,0.5,0.5,0.5,0.5,0.5,0.5,0.5,0.5,0.5,0.5,synthetic,synthetic,synthetic,synthetic,synthetic,0.0,0.0,0.0,0.0,0.0,-110.0,-110.0,-110.0,-110.0,-110.0,-110.0,-110.0,-110.0,-110.0,-110.0,0.0,0.0,0.0,0.0,0.0,2026-08-28T01:24:59.045926+00:00,0.21100748297589889,-0.23443858003730406,-0.19140062749953551,-0.4754666666666666,-0.1221789214845248,0.4,0.6,0.2,0.0,0.2,0.0,0.0,0.0,0.0,0.0,batter_pitcher_profile_network_v2,1.0,0.4,0.729186797496699,0.0,0.6042698469226617,0.1591495316537468,0.6599539002664003,0.0,20.0,2.4696296165234792,-0.0015532929257459,0.0284438773780366,0.0028443877378036,-0.1694623492678725,0.3936208583083583,0.0,20.0,3.131270333023881,-0.0062024168221005,-0.0093036252331507,-0.0014885800373041,-0.1451736918604651,0.5614426892551894,0.0,20.0,2.750918232842529,-0.0372982642764256,-0.0372982642764256,-0.0018649132138212,-0.650848611111111,0.167739448051948,0.0,20.0,3.535684211248078,0.0,0.0,0.0,-0.5988381944444443,0.51525144993895,0.0,20.0,2.8357716906768364,-0.0198490488624557,-0.0148867866468417,-0.0008932071988105
2026-05-06,Javier_Sanoja,691594,hitter,MIA,BAL,2026,823872,32,146,110,1,687064.0,Brandon_Young,1.0,1.0,0.0,0.0,0.0,4.0,4.0,0.0,1.0,9.0,0.1111111111111111,0.2225,0.2225,0.0,0.0,26.7,4.588235294117648,5.347058823529411,10.585714285714285,1.0766666666666669,0.0,72.0,0,1.0,0.49999999999999994,-0.8660254037844387,0.9749279121818236,-0.22252093395631434,0.5,0.5,0.5,0.5,0.5,0.5,0.5,0.5,0.5,0.5,synthetic,synthetic,synthetic,synthetic,synthetic,0.0,0.0,0.0,0.0,0.0,-110.0,-110.0,-110.0,-110.0,-110.0,-110.0,-110.0,-110.0,-110.0,-110.0,0.0,0.0,0.0,0.0,0.0,2026-08-28T01:24:59.045926+00:00,0.26639430113918083,-0.1388008832853166,0.0441753128460739,-0.4754666666666666,-0.0676720058168277,0.2,0.4,0.2,0.0,0.0,0.0,0.0,0.0,0.0,0.0,batter_pitcher_profile_network_v2,1.0,0.15,0.7849023563950954,0.0,0.5380774192012401,0.1357519139566395,0.5200942513368985,0.0,21.0,3.062181622714192,-0.0143053671901692,0.0151867088707994,0.0015186708870799,-0.185060761065944,0.543591577540107,0.0,21.0,3.019814072305067,-0.0137884025777084,-0.0206826038665627,-0.00330921661865,-0.1566054369918699,0.3598995098039217,0.0,21.0,3.45475906669968,-0.044708028792809,-0.044708028792809,-0.0022354014396404,-0.6508486111111111,0.5606871657754011,0.0,21.0,2.936082574761227,0.0,0.0,0.0,-0.5963381944444445,0.4237352941176471,0.0,21.0,3.291119416767616,-0.0305419282046381,-0.0229064461534786,-0.0013743867692087
2026-05-07,Javier_Sanoja,691594,hitter,MIA,BAL,2026,823870,33,146,110,1,700249.0,,0.0,0.0,1.0,0.0,0.0,4.0,3.0,1.0,0.0,9.0,0.1111111111111111,0.1725,0.1725,0.0,0.0,20.7,4.1,8.2,10.242857142857142,1.0766666666666669,0.0,72.0,0,1.0,0.49999999999999994,-0.8660254037844387,0.43388373911755823,-0.900968867902419,0.5,0.5,0.5,0.5,0.5,0.5,0.5,0.5,0.5,0.5,synthetic,synthetic,synthetic,synthetic,synthetic,0.0,0.0,0.0,0.0,0.0,-110.0,-110.0,-110.0,-110.0,-110.0,-110.0,-110.0,-110.0,-110.0,-110.0,0.0,0.0,0.0,0.0,0.0,2026-08-28T01:24:59.045926+00:00,0.38473950257074063,0.10209521275396327,-0.12754538195921739,-0.4754666666666666,-0.09982300463216465,0.4,0.6,0.0,0.0,0.0,1.0,1.0,0.0,0.0,0.0,batter_pitcher_profile_network_v2,1.0,0.2,0.8735651634308714,0.0,0.5485976534959437,0.0825197512271304,0.2158620170219174,0.0,21.0,3.6133927031085578,-0.0143275075717659,0.0022521685645496,0.0002252168564549,-0.2228837460954933,0.3368032499811703,0.0,21.0,3.506091351384999,-0.0163046690807088,-0.0244570036210633,-0.0039131205793701,-0.2007582831325304,0.5859821276141699,0.0,21.0,2.943697105219933,-0.0262647820414907,-0.0262647820414907,-0.0013132391020745,-0.6541449074074074,0.5462662781501845,0.0,21.0,2.9751338495542115,0.0,0.0,0.0,-0.6129504629629631,0.5386435125906957,0.0,21.0,3.035262977800386,-0.0307228542597437,-0.0230421406948078,-0.0013825284416884
2026-05-08,Javier_Sanoja,691594,hitter,MIA,WSH,2026,823871,34,146,120,1,656492.0,Foster_Griffin,0.0,0.0,0.0,0.0,0.0,4.0,4.0,0.0,0.0,6.0,0.1142857142857142,0.0,0.0,0.0,0.0,10.0,1.5000000000000002,6.428571428571428,2.6602040816326533,1.0766666666666669,0.0,72.0,0,1.0,0.49999999999999994,-0.8660254037844387,-0.433883739117558,-0.9009688679024191,0.5,0.5,0.5,0.5,0.5,0.5,0.5,0.5,0.5,0.5,synthetic,synthetic,synthetic,synthetic,synthetic,0.0,0.0,0.0,0.0,0.0,-110.0,-110.0,-110.0,-110.0,-110.0,-110.0,-110.0,-110.0,-110.0,-110.0,0.0,0.0,0.0,0.0,0.0,2026-08-28T01:24:59.045926+00:00,0.02886210347201479,-0.12279972472442885,-0.2944110009030344,-0.4766800700329743,-0.5,0.4,0.6,0.2,0.0,0.0,0.0,0.0,1.0,0.0,0.0,batter_pitcher_profile_network_v2,1.0,0.5,0.6536069249423647,2.0,0.6724665758472802,0.1627362103174604,-0.3061411311191578,-0.0466666666666666,22.0,3.7368474969338017,-0.0199788567806906,-0.055841550313865,-0.0055841550313865,-0.164284193121693,-0.2697240838134954,-0.0488888888888889,22.0,3.935671304554788,-0.0238600757388178,-0.0915607795276804,-0.0146497247244288,-0.1343497023809524,-0.3155417013407303,0.16,22.0,3.785120839882632,-0.0410280350361723,0.0765759003066619,0.003828795015333,-0.6501819444444443,-0.2155068508037866,0.0,22.0,4.011376507033755,0.0,-0.0485361346523109,-0.0012134033663077,-0.5838312499999999,-0.3535048890429957,-0.1333333333333333,22.0,3.700357121218606,-0.0197705854755124,-0.1965594980633604,-0.0117935698838016
2026-05-10,Javier_Sanoja,691594,hitter,MIA,WSH,2026,823868,35,146,120,1,676917.0,Cade_Cavalli,0.0,0.0,0.0,0.0,0.0,4.0,4.0,0.0,0.0,9.0,0.1111111111111111,0.0,0.0,0.0,0.0,10.0,4.45,12.5,3.9030612244897966,1.0766666666666669,0.0,72.0,0,2.0,0.49999999999999994,-0.8660254037844387,-0.7818314824680299,0.6234898018587334,0.5,0.5,0.5,0.5,0.5,0.5,0.5,0.5,0.5,0.5,synthetic,synthetic,synthetic,synthetic,synthetic,0.0,0.0,0.0,0.0,0.0,-110.0,-110.0,-110.0,-110.0,-110.0,-110.0,-110.0,-110.0,-110.0,-110.0,0.0,0.0,0.0,0.0,0.0,2026-08-28T01:24:59.045926+00:00,-0.360319407757844,-0.37332113015022994,-0.41495933026123605,-0.4802804635780995,-0.4768787639940198,0.2,0.2,0.2,0.0,0.0,0.0,0.0,0.0,0.0,0.0,batter_pitcher_profile_network_v2,1.0,0.5,0.62252823047324,0.0,0.636870145883514,0.018351484204793,-0.3491423404210168,0.0,23.0,4.0175851756349,-0.0099569159627875,-0.0024185673743607,-0.000241856737436,-0.2869604302832244,-0.5356985548764959,0.0,23.0,3.7993412273149008,-0.0184175452223955,-0.0856528967722713,-0.0137044634835634,-0.2848731617647059,-0.5047356060606059,0.0,23.0,3.782292057441836,-0.0429728142983149,-0.0972478297145181,-0.0048623914857259,-0.6705523148148147,-0.7607301205330617,0.0,23.0,3.2046530488872658,0.0,-0.1925518764573162,-0.0048137969114329,-0.726493287037037,-0.5524565656565655,0.0,23.0,3.661176504062432,-0.0135213027331038,-0.1616415314196053,-0.0096984918851763
2026-05-14,Javier_Sanoja,691594,hitter,MIA,MIN,2026,823709,36,146,142,0,805673.0,Zebby_Matthews,0.0,0.0,0.0,0.0,0.0,3.0,3.0,0.0,0.0,9.0,0.088235294117647,0.0,0.0,0.0,0.0,10.0,5.659090909090909,6.940909090909091,6.428571428571429,1.08,0.0,75.0,0,4.0,0.49999999999999994,-0.8660254037844387,0.43388373911755823,-0.900968867902419,0.5,0.5,0.5,0.5,0.5,0.5,0.5,0.5,0.5,0.5,synthetic,synthetic,synthetic,synthetic,synthetic,0.0,0.0,0.0,0.0,0.0,-110.0,-110.0,-110.0,-110.0,-110.0,-110.0,-110.0,-110.0,-110.0,-110.0,0.0,0.0,0.0,0.0,0.0,2026-08-28T01:24:59.045926+00:00,0.0008699516170104227,-0.3854951927972656,-0.3143728347300292,-0.4755951781999897,-0.3701024187724683,0.2,0.2,0.2,0.0,0.0,0.0,0.0,0.0,0.0,0.0,batter_pitcher_profile_network_v2,1.0,0.15,0.8440312374899901,0.0,0.5369909260111214,-0.026856100217865,0.2401531326171345,0.0,24.0,4.205376742348328,0.0012625195365464,0.0,0.0,-0.3411898692810458,-0.1016251354157263,0.0,24.0,4.664550866153437,-0.0068035730984571,-0.0156133373358507,-0.0024981339737361,-0.352450980392157,-0.1175628216123498,0.0,24.0,4.582316223225462,-0.0280949487155781,-0.034557534936716,-0.0017278767468358,-0.7385789351851851,-0.4150095693779905,0.0,24.0,4.394708324186108,0.0,-0.0478071279995881,-0.0011951781999897,-0.8319296296296296,-0.1158922241280731,0.0,24.0,4.525313003946186,-0.0309653357490114,-0.0382616013898773,-0.0022956960833926
2026-05-16,Javier_Sanoja,691594,hitter,MIA,TB,2026,822981,37,146,139,0,607259.0,Nick_Martinez,2.0,4.0,1.0,0.0,4.0,5.0,5.0,0.0,0.0,7.0,0.1111111111111111,0.508,0.508,0.4,30.0,65.0,1.1294117647058823,5.7025210084033615,2.9051020408163266,1.08,0.0,72.0,0,2.0,0.49999999999999994,-0.8660254037844387,-0.9749279121818236,-0.2225209339563146,0.5,0.5,0.5,0.5,0.5,0.5,0.5,0.5,0.5,0.5,synthetic,synthetic,synthetic,synthetic,synthetic,0.0,0.0,0.0,0.0,0.0,-110.0,-110.0,-110.0,-110.0,-110.0,-110.0,-110.0,-110.0,-110.0,-110.0,0.0,0.0,0.0,0.0,0.0,2026-08-28T01:24:59.045926+00:00,-0.05852196878751492,0.3503351594431465,-0.16167736769308783,-0.2994,-0.3661794382318151,0.2,0.2,0.2,0.0,0.0,0.0,0.0,0.0,0.0,0.0,batter_pitcher_profile_network_v2,1.0,0.55,0.5935478570201735,0.0,0.6525097131332658,-0.0167141123882501,0.4502800851206455,0.0,24.0,3.7197804628510176,0.0020343765830554,0.0,0.0,-0.3344285440613026,0.3631081525136105,0.0,24.0,3.9679467519174256,-0.0010340578757786,-0.001551086813668,-0.0002481738901868,-0.3456896551724138,0.268344069913269,0.0,24.0,4.170292557586977,-0.0216493946780853,-0.0216493946780853,-0.0010824697339042,-0.7385789351851851,0.3042766307744801,0.0,24.0,4.051983237826159,0.0,0.0,0.0,-0.8319296296296296,0.3145240765008843,0.0,24.0,4.009511024112092,-0.0333601542066264,-0.0250201156549698,-0.0015012069392981
2026-05-18,Javier_Sanoja,691594,hitter,MIA,ATL,2026,823867,38,146,144,1,702275.0,JR_Ritchie,1.0,4.0,1.0,1.0,4.0,4.0,4.0,0.0,1.0,9.0,0.0930232558139534,0.525,0.525,0.75,30.0,65.0,3.6173076923076923,6.219230769230769,1.9040816326530614,1.0766666666666669,0.0,72.0,0,2.0,0.49999999999999994,-0.8660254037844387,0.0,1.0,0.5,0.5,0.5,0.5,0.5,0.5,0.5,0.5,0.5,0.5,synthetic,synthetic,synthetic,synthetic,synthetic,0.0,0.0,0.0,0.0,0.0,-110.0,-110.0,-110.0,-110.0,-110.0,-110.0,-110.0,-110.0,-110.0,-110.0,0.0,0.0,0.0,0.0,0.0,2026-08-28T01:24:59.045926+00:00,0.2633342839407298,1.6967415195527393,0.024020647779125714,-0.21296666666666658,0.7572597709689213,0.4,0.8,0.4,0.0,0.8,2.0,4.0,1.0,0.0,4.0,batter_pitcher_profile_network_v2,1.0,0.25,0.6525649412844621,0.0,0.5675151986731634,-0.0118159932659933,-0.1907188311688312,0.0,25.0,4.783608705159884,0.019864209034793,-0.0007829561703239,-7.829561703239434e-05,-0.3288483164983165,-0.0038943806193806,0.0,25.0,4.964646538318373,0.0330471484226968,0.0491257762743895,0.0078601242039023,-0.3382575757575758,0.2093066683316683,0.0,25.0,4.669934059985345,0.0021452764178268,0.0021452764178268,0.0001072638208913,-0.7216518518518518,0.2799124375624375,0.0,25.0,4.496910413608214,0.0,0.0,0.0,-0.8266518518518516,0.0779998501498502,0.0,25.0,4.779462239328018,0.0924520110901992,0.0693390083176494,0.0041603404990589
2026-05-21,Javier_Sanoja,691594,hitter,MIA,ATL,2026,823864,39,146,144,1,675911.0,,0.0,0.0,0.0,0.0,0.0,3.0,3.0,0.0,1.0,9.0,0.088235294117647,0.0,0.0,0.0,0.0,10.0,4.1,8.2,3.7040816326530615,1.0766666666666669,0.0,72.0,0,3.0,0.49999999999999994,-0.8660254037844387,0.43388373911755823,-0.900968867902419,0.5,1.5,0.5,0.5,1.5,0.5,1.5,0.5,0.5,1.5,synthetic,synthetic,synthetic,synthetic,synthetic,0.0,0.0,0.0,0.0,0.0,-110.0,-110.0,-110.0,-110.0,-110.0,-110.0,-110.0,-110.0,-110.0,-110.0,0.0,0.0,0.0,0.0,0.0,2026-08-28T01:24:59.045926+00:00,0.22515636947173046,0.041120375631418904,-0.1825527654682491,-0.23756834785709618,0.2233970677861612,0.6,1.6,0.4,0.2,1.6,1.0,4.0,1.0,1.0,4.0,batter_pitcher_profile_network_v2,1.0,0.2,0.8408877705135573,0.0,0.5493982496224179,-0.0151733716475094,-0.7432678571428571,0.0,26.0,3.709577311004175,0.0113248140216459,-0.0017944485399987,-0.0001794448539998,-0.2927637292464878,-0.6871029843444226,0.0,26.0,3.994380729977061,0.0118271970636395,-0.0142660346565748,-0.0022825655450519,-0.3456896551724138,-0.2643096461187214,0.0,26.0,4.9491397756760325,-0.0191284109167513,-0.0336663537827493,-0.0016833176891374,-0.6324027777777778,-0.6001166829745597,0.0,26.0,4.27259151418111,-0.0236816970809945,-0.0840672476171845,-0.0021016811904296,-0.7817777777777778,-0.4469123858447489,0.0,26.0,4.585403226128089,0.0614172674801131,-0.0095286621474185,-0.0005717197288451
2026-05-22,Javier_Sanoja,691594,hitter,MIA,NYM,2026,823863,40,146,121,1,668964.0,Tobias_Myers,1.0,2.0,0.0,0.0,0.0,3.0,3.0,0.0,0.0,9.0,0.1,0.4233333333333333,0.4233333333333333,0.3333333333333333,28.33333333333333,65.0,5.25,6.75,2.8492256191013956,1.0766666666666669,0.0,72.0,0,1.0,0.49999999999999994,-0.8660254037844387,-0.433883739117558,-0.9009688679024191,0.5,1.5,0.5,0.5,1.5,0.5,1.5,0.5,0.5,1.5,synthetic,synthetic,synthetic,synthetic,synthetic,0.0,0.0,0.0,0.0,0.0,-110.0,-110.0,-110.0,-110.0,-110.0,-110.0,-110.0,-110.0,-110.0,-110.0,0.0,0.0,0.0,0.0,0.0,2026-08-28T01:24:59.045926+00:00,0.1406162070040431,0.09658641872385254,-0.11618733139274501,-0.18106135027716358,-0.3128403722150268,0.6,1.6,0.4,0.2,1.6,0.0,0.0,0.0,0.0,0.0,batter_pitcher_profile_network_v2,1.0,0.1,0.675,0.0,0.52673125,-0.0201854005167958,-0.4870000000000001,0.0,27.0,4.564053765963489,0.0178282802551501,-0.0031948442667958,-0.0003194844266795,-0.296105081826012,-0.04,0.0,27.0,5.227360759782136,0.0435513220585439,0.0614776170240778,0.0098364187238524,-0.3531976744186046,0.113,0.0,27.0,5.081724988755096,-0.0046389136229633,-0.0046389136229633,-0.0002319456811481,-0.6324027777777778,0.4599999999999999,0.0,27.0,4.212842194678559,0.0095459889134577,0.0095459889134577,0.0002386497228364,-0.7842777777777777,0.013,0.0,27.0,5.093738768802504,0.113296596220074,0.0849724471650555,0.0050983468299033
2026-05-24,Javier_Sanoja,691594,hitter,MIA,NYM,2026,823861,41,146,121,1,681035.0,Christian_Scott,2.0,3.0,0.0,0.0,0.0,4.0,3.0,0.0,0.0,9.0,0.1025641025641025,0.7200000000000001,0.7200000000000001,0.3333333333333333,28.33333333333333,65.0,4.178571428571428,10.821428571428571,2.5889610389610387,1.0766666666666669,0.0,72.0,0,2.0,0.49999999999999994,-0.8660254037844387,-0.7818314824680299,0.6234898018587334,0.5,1.5,0.5,0.5,1.5,0.5,1.5,0.5,0.5,1.5,synthetic,synthetic,synthetic,synthetic,synthetic,0.0,0.0,0.0,0.0,0.0,-110.0,-110.0,-110.0,-110.0,-110.0,-110.0,-110.0,-110.0,-110.0,-110.0,0.0,0.0,0.0,0.0,0.0,2026-08-28T01:24:59.045926+00:00,0.2062074768162948,0.749957577020075,0.03724885443461301,-0.18356589806953566,-0.23409008067545023,0.8,2.0,0.4,0.2,1.6,1.0,2.0,0.0,0.0,0.0,batter_pitcher_profile_network_v2,1.0,0.25,0.7342469443227012,0.0,0.5650136873301173,0.0610217754091299,-0.3178407855797685,0.0,27.0,4.896820759145816,0.0156456299932318,-0.0051543360661552,-0.0005154336066155,-0.2055333225667528,-0.40805572370191,0.0,27.0,4.890334704557134,0.0103072082268072,-0.0068276436245319,-0.0010924229799251,-0.2791455910852715,0.136913888888889,0.0,27.0,5.050276507154305,-0.0035993348841641,-0.0035993348841641,-0.0001799667442082,-0.5290462962962963,-0.4840973903685766,0.0,27.0,4.70435909248791,-0.0225739259169413,-0.090635922781428,-0.0022658980695357,-0.677792824074074,-0.012322222222222,0.0,27.0,5.1078275293556406,0.1106590123973661,0.080774712685222,0.0048464827611133
2026-05-25,Javier_Sanoja,691594,hitter,MIA,TOR,2026,822812,42,146,141,0,702056.0,Trey_Yesavage,2.0,4.0,2.0,0.0,2.0,4.0,4.0,0.0,0.0,6.0,0.1025641025641025,0.635,0.635,0.5,30.0,65.0,1.0,11.5,1.836734693877551,1.08,5.0,62.0,0,1.0,0.49999999999999994,-0.8660254037844387,0.0,1.0,1.5,2.5,0.5,0.5,1.5,1.5,2.5,0.5,0.5,1.5,synthetic,synthetic,synthetic,synthetic,synthetic,0.0,0.0,0.0,0.0,0.0,-110.0,-110.0,-110.0,-110.0,-110.0,-110.0,-110.0,-110.0,-110.0,-110.0,0.0,0.0,0.0,0.0,0.0,2026-08-28T01:24:59.045926+00:00,-0.49260380760889233,0.4205316887281172,-0.02094365275179033,-0.13806658722084275,-0.3098843682862529,1.2,2.6,0.4,0.2,1.6,2.0,3.0,0.0,0.0,0.0,batter_pitcher_profile_network_v2,1.0,0.25,0.6990655622238298,0.0,0.5660911171568952,0.1149361272609817,-0.64832041427827,0.0,28.0,4.268184435249167,0.0063631988378671,-0.0224242613322538,-0.0022424261332253,-0.1368712855297159,-0.7528852918186556,0.0,28.0,4.026618262410191,-0.0037774265520269,-0.0366769454492712,-0.0058683112718834,-0.2265414244186049,-0.6926258250825081,0.0,28.0,4.076769414568231,-0.0330039800530792,-0.0802231335287436,-0.0040111566764371,-0.4395416666666666,-0.8876315789473684,0.0,28.0,3.5514065024008543,-0.0292535978625271,-0.146663488833712,-0.0036665872208428,-0.6011006944444446,-0.7643564356435644,0.0,28.0,3.869432221506515,0.0102103479589971,-0.1306081265919178,-0.007836487595515
2026-05-26,Javier_Sanoja,691594,hitter,MIA,TOR,2026,822811,43,146,141,0,680755.0,Braydon_Fisher,2.0,2.0,0.0,0.0,0.0,3.0,3.0,0.0,0.0,9.0,0.088235294117647,0.5933333333333334,0.5933333333333334,0.0,0.0,65.0,0.0,18.0,3.4438775510204076,1.08,0.0,60.0,0,1.0,0.49999999999999994,-0.8660254037844387,0.7818314824680298,0.6234898018587336,1.5,2.5,0.5,0.5,1.5,1.5,2.5,0.5,0.5,1.5,synthetic,synthetic,synthetic,synthetic,synthetic,0.0,0.0,0.0,0.0,0.0,-110.0,-110.0,-110.0,-110.0,-110.0,-110.0,-110.0,-110.0,-110.0,-110.0,0.0,0.0,0.0,0.0,0.0,2026-08-28T01:24:59.045926+00:00,-0.7895813499247649,-0.07006969262800933,0.3979615642773776,-0.3377814340371572,-0.21037722011274584,1.2,2.6,0.6,0.2,1.2,2.0,4.0,2.0,0.0,2.0,batter_pitcher_profile_network_v2,1.0,0.1,0.6657582521472478,0.0,0.5268444614111962,0.2426088613191841,-1.0,0.0,29.0,3.1923789676136245,-0.0044735616823089,-0.08109000985189,-0.008109000985189,0.0023025124843943,-1.0,0.0,29.0,3.246432448858668,-0.0081229103205097,-0.0129539612780014,-0.0020726338044802,-0.0851801264044944,-0.6962962962962963,0.0,29.0,4.226393398933197,-0.0300182631102653,-0.0498423439042292,-0.0024921171952114,-0.3129212962962963,-1.0,0.0,29.0,3.287628358305517,-0.0306660004718665,-0.1352573614862895,-0.0033814340371572,-0.4389594907407406,-0.8481481481481482,0.0,29.0,3.7264145421060406,0.0029009410471161,-0.1222633924353231,-0.0073358035461193
2026-05-27,Javier_Sanoja,691594,hitter,MIA,TOR,2026,822809,44,146,141,0,592332.0,Kevin_Gausman,0.0,0.0,0.0,0.0,0.0,1.0,1.0,0.0,0.0,7.0,0.0277777777777777,0.0,0.0,0.0,0.0,10.0,4.307142857142857,9.314285714285715,3.658163265306122,1.08,8.0,60.0,0,1.0,0.49999999999999994,-0.8660254037844387,0.9749279121818236,-0.22252093395631434,1.5,2.5,0.5,0.5,0.5,1.5,2.5,0.5,0.5,0.5,synthetic,synthetic,synthetic,synthetic,synthetic,0.0,0.0,0.0,0.0,0.0,-110.0,-110.0,-110.0,-110.0,-110.0,-110.0,-110.0,-110.0,-110.0,-110.0,0.0,0.0,0.0,0.0,0.0,2026-08-28T01:24:59.045926+00:00,-0.2934498105093637,-0.9257281039105998,-0.3817705202461179,-0.4758190289223885,-0.3055668436113731,1.4,2.2,0.4,0.0,0.4,2.0,2.0,0.0,0.0,0.0,batter_pitcher_profile_network_v2,1.0,0.7,0.5228598178637026,0.0,0.7001647706181875,0.2593912037037036,-0.1585294784895313,0.0,29.0,5.346965460519237,0.0249283082981135,-0.0196205540732269,-0.0019620554073226,0.0114305555555554,-0.1995728964644626,0.0,29.0,5.4708960548196215,0.0144279888562297,0.0205535172254183,0.0032885627560669,-0.0848541666666667,-0.3589736144457783,0.0,29.0,5.185112687399595,-0.0340397861279174,-0.0485736702284796,-0.0024286835114239,-0.3129212962962963,-0.2549182912013047,0.0,29.0,5.381071167497376,-0.018699988918815,-0.0567611568955403,-0.0014190289223885,-0.452275462962963,-0.3192203249720941,0.0,29.0,5.224871639438318,0.0887015150831056,-0.0023612257224304,-0.0001416735433458
2026-05-29,Javier_Sanoja,691594,hitter,MIA,NYM,2026,823623,45,146,121,0,642547.0,Freddy_Peralta,0.0,0.0,0.0,0.0,0.0,5.0,5.0,0.0,0.0,8.0,0.1136363636363636,0.0,0.0,0.0,0.0,10.0,4.514285714285715,9.757142857142858,2.897352647352647,1.08,7.0,74.0,0,2.0,0.49999999999999994,-0.8660254037844387,-0.433883739117558,-0.9009688679024191,1.5,2.5,0.5,0.5,0.5,1.5,2.5,0.5,0.5,0.5,synthetic,synthetic,synthetic,synthetic,synthetic,0.0,0.0,0.0,0.0,0.0,-110.0,-110.0,-110.0,-110.0,-110.0,-110.0,-110.0,-110.0,-110.0,-110.0,0.0,0.0,0.0,0.0,0.0,2026-08-28T01:24:59.045926+00:00,-0.4366724609862189,-1.1168855457309084,-0.32150247089816847,-0.4755613250552963,-0.2411214830525069,1.4,2.2,0.4,0.0,0.4,0.0,0.0,0.0,0.0,0.0,batter_pitcher_profile_network_v2,1.0,0.65,0.4841775951430673,0.0,0.6889473589867332,0.2593912037037036,-0.3105295179544062,0.0,30.0,5.719334228806852,0.0021885662950101,-0.0415487856863654,-0.0041548785686365,0.0114305555555554,-0.2435694611637835,0.0,30.0,5.954041233016366,-0.0058194825388175,-0.0101653426363587,-0.0016264548218174,-0.0765208333333334,-0.0952900031053144,0.0,30.0,5.949001998400632,-0.0422772219675246,-0.0460384289523812,-0.002301921447619,-0.3129212962962963,-0.1583510355582471,0.0,30.0,5.947205245510765,-0.0208932740623955,-0.0464530022118553,-0.0011613250552963,-0.447275462962963,-0.1555170792298819,0.0,30.0,5.884922731189119,0.0783850125854965,0.0229086823916167,0.001374520943497
2026-06-02,Javier_Sanoja,691594,hitter,MIA,WSH,2026,822728,46,146,120,0,663992.0,Richard_Lovelady,0.0,0.0,0.0,0.0,0.0,0.0,0.0,0.0,0.0,5.0,0.0,0.0,0.0,0.0,0.0,10.0,18.0,0.0,4.16326530612245,1.08,-6.0,75.0,0,4.0,1.2246467991473532e-16,-1.0,0.7818314824680298,0.6234898018587336,1.5,1.5,0.5,0.5,0.5,1.5,1.5,0.5,0.5,0.5,synthetic,synthetic,synthetic,synthetic,synthetic,0.0,0.0,0.0,0.0,0.0,-110.0,-110.0,-110.0,-110.0,-110.0,-110.0,-110.0,-110.0,-110.0,-110.0,0.0,0.0,0.0,0.0,0.0,2026-08-28T01:24:59.045926+00:00,-0.19172204165656326,-0.48705059853973975,-0.37121800737877597,-0.47432150091554554,-0.3086440848837211,1.2,1.8,0.4,0.0,0.4,0.0,0.0,0.0,0.0,0.0,batter_pitcher_profile_network_v2,1.0,0.15,0.8336410980934741,0.0,0.5371818448225324,0.2593912037037034,0.1577398190045247,0.0,31.0,6.008467164001145,-0.0012916865589955,0.0068067943187184,0.0006806794318718,0.0114305555555552,0.3817845022624433,0.0,31.0,5.367383850363911,0.0007635115917145,0.0018712591266268,0.0002994014602602,-0.1015208333333337,0.2317132352941176,0.0,31.0,5.950923667266358,-0.0426254536979716,-0.0426254536979716,-0.0021312726848985,-0.3129212962962963,0.5996153846153846,0.0,31.0,4.382564124533797,0.0031399633781779,0.0031399633781779,7.849908445444937e-05,-0.4622754629629633,0.3234411764705882,0.0,31.0,5.564245757327088,0.0931699957812536,0.0698774968359402,0.0041926498101564
2026-06-03,Javier_Sanoja,691594,hitter,MIA,WSH,2026,822727,47,146,120,0,674841.0,Andrew_Alvarez,0.0,0.0,0.0,0.0,0.0,5.0,5.0,0.0,2.0,8.0,0.1136363636363636,0.0,0.0,0.0,0.0,10.0,4.5,7.0,5.2653061224489806,1.08,-8.0,79.0,0,1.0,1.2246467991473532e-16,-1.0,0.9749279121818236,-0.22252093395631434,0.5,1.5,0.5,0.5,0.5,0.5,1.5,0.5,0.5,0.5,synthetic,synthetic,synthetic,synthetic,synthetic,0.0,0.0,0.0,0.0,0.0,-110.0,-110.0,-110.0,-110.0,-110.0,-110.0,-110.0,-110.0,-110.0,-110.0,0.0,0.0,0.0,0.0,0.0,2026-08-28T01:24:59.045926+00:00,0.4144260244687321,-0.7397712614964402,-0.2031222209436216,-0.4758091213775959,-0.1264559723937171,0.8,1.2,0.4,0.0,0.4,0.0,0.0,0.0,0.0,0.0,batter_pitcher_profile_network_v2,1.0,0.05,0.9425,0.0,0.5117271875,0.1784212962962963,-0.9406250000000002,0.0,31.0,4.05962939387595,-0.0050205749697318,-0.0096500830801504,-0.000965008308015,-0.0562499999999999,-0.9525,0.0,31.0,4.059626079947052,-0.0167468826556217,-0.0282010661709326,-0.0045121705873492,-0.1766249999999999,-1.0,0.0,31.0,3.6667852430259846,-0.0362309674577762,-0.0463869049577762,-0.0023193452478888,-0.3289953703703703,-0.9525,0.0,31.0,4.085481154413393,-0.0383461899128667,-0.0563648551038389,-0.0014091213775959,-0.5382453703703702,-1.0,0.0,31.0,3.7548074615943454,-0.011126569438934,-0.0392940358754968,-0.0023576421525298
2026-06-05,Javier_Sanoja,691594,hitter,MIA,TB,2026,823860,48,146,139,1,656876.0,Drew_Rasmussen,1.0,1.0,0.0,0.0,0.0,3.0,3.0,0.0,1.0,5.0,0.1,0.2966666666666667,0.2966666666666667,0.0,0.0,35.6,4.875,6.696428571428572,5.6875939849624055,1.0766666666666669,0.0,72.0,0,2.0,1.2246467991473532e-16,-1.0,-0.433883739117558,-0.9009688679024191,0.5,0.5,0.5,0.5,0.5,0.5,0.5,0.5,0.5,0.5,synthetic,synthetic,synthetic,synthetic,synthetic,0.0,0.0,0.0,0.0,0.0,-110.0,-110.0,-110.0,-110.0,-110.0,-110.0,-110.0,-110.0,-110.0,-110.0,0.0,0.0,0.0,0.0,0.0,2026-08-28T01:24:59.045926+00:00,0.12120458029701797,-0.11322881865883466,-0.2625441424039964,-0.4757780555396617,-0.2989511727473124,0.4,0.4,0.0,0.0,0.0,0.0,0.0,0.0,0.0,0.0,batter_pitcher_profile_network_v2,1.0,0.7,0.5140472684477251,0.0,0.7009204467306076,0.1459932598039218,0.0078345419966552,0.0,31.0,6.270105603475727,0.0169408590904786,0.0005558280328357,5.558280328357471e-05,-0.0829906045751632,0.0879961465863998,0.0,31.0,6.264463791378076,0.0042549222548551,0.0063823833822827,0.0010211813411652,-0.2070079656862744,-0.0568278840277127,0.0,31.0,6.430779951629669,-0.0510935036453175,-0.0568101663756667,-0.0028405083187833,-0.3329583333333333,0.1711039644558156,0.0,31.0,6.009412247179854,-0.0124555549198078,-0.0124555549198078,-0.0003113888729951,-0.5648645833333332,-0.0005513949097287,0.0,31.0,6.311429209008115,0.0684046532355292,0.051152133409456,0.0030691280045673
2026-06-06,Javier_Sanoja,691594,hitter,MIA,TB,2026,823859,49,146,139,1,663556.0,Shane_McClanahan,3.0,6.0,1.0,1.0,2.0,4.0,4.0,0.0,1.0,6.0,0.1111111111111111,0.97,0.97,0.75,30.0,65.0,3.0,7.0874999999999995,5.6875939849624055,1.0766666666666669,0.0,72.0,0,1.0,1.2246467991473532e-16,-1.0,-0.9749279121818236,-0.2225209339563146,0.5,0.5,0.5,0.5,0.5,0.5,0.5,0.5,0.5,0.5,synthetic,synthetic,synthetic,synthetic,synthetic,0.0,0.0,0.0,0.0,0.0,-110.0,-110.0,-110.0,-110.0,-110.0,-110.0,-110.0,-110.0,-110.0,-110.0,0.0,0.0,0.0,0.0,0.0,2026-08-28T01:24:59.045926+00:00,0.11816728982756042,1.1064120987365351,0.1087702287726785,-0.21689032850876927,-0.09833575099991387,0.2,0.2,0.0,0.0,0.0,1.0,1.0,0.0,0.0,0.0,batter_pitcher_profile_network_v2,1.0,0.7,0.4926082861109786,0.0,0.7027588394659836,0.1202496693121694,-0.6164960403869326,0.0,32.0,5.777772543654537,-0.0017967359727972,-0.0376146957093598,-0.0037614695709359,-0.0962440476190475,-0.669806720966338,0.0,32.0,5.634317451469027,-0.0218241700570997,-0.0654452162299897,-0.0104712345967983,-0.1999732142857141,-0.5725742326210363,0.0,32.0,5.948374437390749,-0.0590933070353953,-0.1171894095088399,-0.0058594704754419,-0.3274398148148148,-0.691300041577025,0.0,32.0,5.499569121996194,-0.0420937127572786,-0.1569464736841115,-0.0039236618421027,-0.5312384259259257,-0.670718316590502,0.0,32.0,5.5546431446879705,-0.0118833676063331,-0.189701948578348,-0.0113821169147008
2026-06-07,Javier_Sanoja,691594,hitter,MIA,TB,2026,823857,50,146,139,1,643377.0,Griffin_Jax,0.0,0.0,0.0,0.0,0.0,3.0,3.0,0.0,1.0,9.0,0.0909090909090909,0.0,0.0,0.0,0.0,10.0,6.6000000000000005,11.85,3.7590225563909776,1.0766666666666669,0.0,72.0,0,1.0,1.2246467991473532e-16,-1.0,-0.7818314824680299,0.6234898018587334,0.5,1.5,0.5,0.5,0.5,0.5,1.5,0.5,0.5,0.5,synthetic,synthetic,synthetic,synthetic,synthetic,0.0,0.0,0.0,0.0,0.0,-110.0,-110.0,-110.0,-110.0,-110.0,-110.0,-110.0,-110.0,-110.0,-110.0,0.0,0.0,0.0,0.0,0.0,2026-08-28T01:24:59.045926+00:00,0.46499141791212406,0.20536849853710248,-0.3052924655355921,-0.23556356640896525,0.09835314550946006,0.8,1.4,0.2,0.2,0.4,3.0,6.0,1.0,1.0,2.0,batter_pitcher_profile_network_v2,1.0,0.35,0.7593723785757795,0.0,0.5899419092685634,0.1678858742463396,0.0068036457301367,0.0,33.0,7.164897753537378,0.0379226955303038,0.0002748535345442,2.7485353454424337e-05,0.0025381136950906,0.0892063849811769,0.0,33.0,7.098269536739777,0.0126543923143107,0.0190360704023439,0.003045771264375,-0.1236841085271315,-0.001240398586619,0.0,33.0,7.3053647719365795,-0.0507440415013264,-0.0507809580119119,-0.0025390479005955,-0.1856435185185184,0.1525255597384584,0.0,33.0,6.857227716475975,-0.0038759896919451,-0.0038759896919451,-9.689974229862978e-05,-0.3878796296296293,0.0091378376593356,0.0,33.0,7.170394779858236,0.099842817351559,0.0748821130136692,0.0044929267808201
2026-06-09,Javier_Sanoja,691594,hitter,MIA,AZ,2026,823858,51,146,109,1,668678.0,Zac_Gallen,1.0,1.0,0.0,0.0,2.0,1.0,1.0,0.0,0.0,5.0,0.0232558139534883,0.89,0.89,0.0,0.0,65.0,7.0874999999999995,5.175,7.285714285714286,1.0766666666666669,0.0,72.0,0,2.0,1.2246467991473532e-16,-1.0,0.7818314824680298,0.6234898018587336,0.5,1.5,0.5,0.5,0.5,0.5,1.5,0.5,0.5,0.5,synthetic,synthetic,synthetic,synthetic,synthetic,0.0,0.0,0.0,0.0,0.0,-110.0,-110.0,-110.0,-110.0,-110.0,-110.0,-110.0,-110.0,-110.0,-110.0,0.0,0.0,0.0,0.0,0.0,2026-08-28T01:24:59.045926+00:00,0.4209692925888293,-0.31101717894670156,0.17553593162848702,-0.3361409993170178,0.1417318220204058,0.8,1.4,0.2,0.2,0.4,0.0,0.0,0.0,0.0,0.0,batter_pitcher_profile_network_v2,1.0,0.85,0.422756756840775,0.0,0.7534804526939543,0.0151780303030301,0.7282019515671276,0.0,34.0,4.453639665275189,0.0195616628875225,0.0063800798196337,0.0006380079819633,-0.1201313131313132,0.6883318887768577,0.0,34.0,4.64993247826923,0.0001561342337053,0.000234201350558,3.747221608929487e-05,-0.2742007575757577,0.5545916940902235,0.0,34.0,5.477751965259023,-0.0460421647724509,-0.0460421647724509,-0.0023021082386225,-0.2060138888888888,0.6569154686585145,0.0,34.0,4.820262954731225,-0.0269733060140508,-0.0269733060140508,-0.0006743326503512,-0.5088750000000001,0.6432418420192175,0.0,34.0,4.911737150612471,0.0910504561197614,0.068287842089821,0.0040972705253892
2026-06-10,Javier_Sanoja,691594,hitter,MIA,AZ,2026,823856,52,146,109,1,669194.0,Ryne_Nelson,1.0,1.0,1.0,0.0,0.0,4.0,4.0,0.0,0.0,9.0,0.1052631578947368,0.2225,0.2225,0.0,0.0,26.7,3.482142857142857,4.098214285714286,10.178571428571429,1.0766666666666669,0.0,72.0,0,1.0,1.2246467991473532e-16,-1.0,0.9749279121818236,-0.22252093395631434,0.5,1.5,0.5,0.5,0.5,0.5,1.5,0.5,0.5,0.5,synthetic,synthetic,synthetic,synthetic,synthetic,0.0,0.0,0.0,0.0,0.0,-110.0,-110.0,-110.0,-110.0,-110.0,-110.0,-110.0,-110.0,-110.0,-110.0,0.0,0.0,0.0,0.0,0.0,2026-08-28T01:24:59.045926+00:00,0.9867775829941405,-0.2545359809412704,0.015424676423251404,-0.3365322325793178,0.7774246968436913,1.0,1.6,0.2,0.2,0.8,1.0,1.0,0.0,0.0,2.0,batter_pitcher_profile_network_v2,1.0,0.85,0.4931691027813122,0.0,0.7461487671728959,0.0295778186274512,0.2280918230026224,0.0,35.0,7.351467652150542,0.06046148764142,0.0034193136506779,0.0003419313650677,-0.1043508986928103,0.3922199142902383,0.0,35.0,6.818853715528667,0.0139235443236531,0.0208853164854796,0.0033416506376767,-0.2278474264705881,0.4038168844672856,0.0,35.0,6.883907303489667,-0.0652094790537684,-0.0652094790537684,-0.0032604739526884,-0.2060138888888888,0.6283338950064917,0.0,35.0,5.643155915886871,-0.0426226365060519,-0.0426226365060519,-0.0010655659126512,-0.4664270833333333,0.4626730598575519,0.0,35.0,6.48008493583745,0.1545922606868702,0.1159441955151527,0.0069566517309091
2026-06-11,Javier_Sanoja,691594,hitter,MIA,AZ,2026,823855,53,146,109,1,518876.0,Merrill_Kelly,0.0,0.0,0.0,0.0,0.0,3.0,3.0,0.0,0.0,5.0,0.0967741935483871,0.0,0.0,0.0,0.0,10.0,6.182142857142857,5.239285714285714,9.642857142857142,1.0766666666666669,0.0,72.0,0,1.0,1.2246467991473532e-16,-1.0,0.43388373911755823,-0.900968867902419,1.5,1.5,0.5,0.5,0.5,1.5,1.5,0.5,0.5,0.5,synthetic,synthetic,synthetic,synthetic,synthetic,0.0,0.0,0.0,0.0,0.0,-110.0,-110.0,-110.0,-110.0,-110.0,-110.0,-110.0,-110.0,-110.0,-110.0,0.0,0.0,0.0,0.0,0.0,2026-08-28T01:24:59.045926+00:00,0.03147473118279587,-0.24260376903384895,0.1655922355137831,-0.3368969686347665,0.3526947883837649,1.2,1.8,0.4,0.2,0.8,1.0,1.0,1.0,0.0,0.0,batter_pitcher_profile_network_v2,1.0,0.65,0.5704833090915573,0.0,0.6820752665135847,-0.0347363215488215,0.7033450550410623,0.0,36.0,5.779407510106108,0.0517993518371061,0.0,0.0,-0.161395202020202,0.7596357897955617,0.0,36.0,5.493577301151455,0.0027867150471339,0.0041800725707009,0.0006688116113121,-0.3118049242424243,0.7393396892655368,0.0,36.0,5.7161238716463725,-0.0247221100008376,-0.0247221100008376,-0.0012361055000418,-0.220199074074074,0.8555573999650533,0.0,36.0,5.01560593783908,-0.0572120787239969,-0.0572120787239969,-0.0014303019680999,-0.5537893518518519,0.7843361581920905,0.0,36.0,5.410793718530718,0.1276773250667644,0.0957579938000733,0.0057454796280044
2026-06-12,Javier_Sanoja,691594,hitter,MIA,PIT,2026,823370,54,146,134,0,677952.0,Braxton_Ashcraft,1.0,2.0,2.0,0.0,0.0,4.0,3.0,1.0,0.0,9.0,0.0930232558139534,0.49,0.49,0.3333333333333333,28.33333333333333,65.0,5.0736842105263165,10.86842105263158,7.245918367346939,1.08,8.0,81.0,0,1.0,1.2246467991473532e-16,-1.0,-0.433883739117558,-0.9009688679024191,0.5,1.5,0.5,0.5,0.5,0.5,1.5,0.5,0.5,0.5,synthetic,synthetic,synthetic,synthetic,synthetic,0.0,0.0,0.0,0.0,0.0,-110.0,-110.0,-110.0,-110.0,-110.0,-110.0,-110.0,-110.0,-110.0,-110.0,0.0,0.0,0.0,0.0,0.0,2026-08-28T01:24:59.045926+00:00,0.41521931012690894,0.11079398786723127,0.12650713267641467,-0.18060543485308528,0.36719895633888333,1.0,1.6,0.4,0.2,0.8,0.0,0.0,0.0,0.0,0.0,batter_pitcher_profile_network_v2,1.0,0.7,0.5615043743641439,0.0,0.6968509998982746,-0.0747965067340066,-0.3070999634048906,0.0,37.0,8.319221617010768,0.0532369311382948,-0.0100722464856786,-0.0010072246485678,-0.1950340909090908,-0.3071721191902816,0.0,37.0,8.340588720668904,0.0177740353545427,0.000391203239963,6.259251839409508e-05,-0.3382632575757575,-0.3337248513933675,0.0,37.0,8.295651400907085,-0.0554613680603584,-0.1049617603302712,-0.0052480880165135,-0.2267175925925925,-0.3270654118732083,0.0,37.0,8.058654315069042,0.0176310400522234,-0.014884060790076,-0.0003721015197519,-0.5838495370370369,-0.3001526969218228,0.0,37.0,8.248141281160382,0.0470736250028019,-0.0415385144278823,-0.0024923108656729
2026-06-13,Javier_Sanoja,691594,hitter,MIA,PIT,2026,823369,55,146,134,0,696149.0,Bubba_Chandler,0.0,0.0,0.0,0.0,0.0,4.0,4.0,0.0,0.0,8.0,0.1081081081081081,0.0,0.0,0.0,0.0,10.0,5.925,8.737499999999999,10.010204081632654,1.08,0.0,86.0,0,1.0,1.2246467991473532e-16,-1.0,-0.9749279121818236,-0.2225209339563146,0.5,0.5,0.5,0.5,0.5,0.5,0.5,0.5,0.5,0.5,synthetic,synthetic,synthetic,synthetic,synthetic,0.0,0.0,0.0,0.0,0.0,-110.0,-110.0,-110.0,-110.0,-110.0,-110.0,-110.0,-110.0,-110.0,-110.0,0.0,0.0,0.0,0.0,0.0,2026-08-28T01:24:59.045926+00:00,0.5461811677011754,0.290753860784284,0.43508129243710414,-0.47549407755161577,0.1090727770746952,0.6,0.8,0.6,0.0,0.4,1.0,2.0,2.0,0.0,0.0,batter_pitcher_profile_network_v2,1.0,0.65,0.5759704388710832,0.0,0.68163835380489,0.0596458333333332,-0.2652717009043206,0.0,38.0,8.93402724136338,0.0461194842957666,-0.0067091448304973,-0.0006709144830497,-0.0669490740740741,-0.1071532181533995,0.0,38.0,9.22150656779395,0.0022354660235597,0.0003112920639374,4.9806730229988094e-05,-0.2179791666666667,0.299267663094042,0.0,38.0,8.692541265093038,-0.0479025572148993,-0.0479025572148993,-0.0023951278607449,-0.1233611111111111,0.1285189516579213,0.0,38.0,8.886507869893995,-0.0437631020646323,-0.0437631020646323,-0.0010940775516158,-0.4642430555555555,0.1679822857355515,0.0,38.0,8.904028656297921,0.0539430635094957,0.0404572976321217,0.0024274378579273
2026-06-14,Javier_Sanoja,691594,hitter,MIA,PIT,2026,823368,56,146,134,0,694973.0,Paul_Skenes,0.0,0.0,0.0,0.0,0.0,1.0,1.0,0.0,0.0,9.0,0.0256410256410256,0.0,0.0,0.0,0.0,10.0,2.205357142857143,13.625,10.010204081632654,1.08,13.0,75.0,0,1.0,1.2246467991473532e-16,-1.0,-0.7818314824680299,0.6234898018587334,0.5,0.5,0.5,0.5,0.5,0.5,0.5,0.5,0.5,0.5,synthetic,synthetic,synthetic,synthetic,synthetic,0.0,0.0,0.0,0.0,0.0,-110.0,-110.0,-110.0,-110.0,-110.0,-110.0,-110.0,-110.0,-110.0,-110.0,0.0,0.0,0.0,0.0,0.0,2026-08-28T01:24:59.045926+00:00,-0.011084362503255785,-0.08121158813884266,0.04084742434611066,-0.47501815750373916,0.009768703713903815,0.6,0.8,0.6,0.0,0.4,0.0,0.0,0.0,0.0,0.0,batter_pitcher_profile_network_v2,1.0,0.8,0.5236542901875256,0.0,0.7286818795616224,0.080026268115942,-0.2627218454043338,0.0,39.0,9.403017594590017,0.0306710636054989,-0.0100150012753632,-0.0010015001275363,-0.0533621175523349,-0.308691811896442,0.0,39.0,9.28591063130022,-0.0025255637158393,-0.0116349258677665,-0.0018615881388426,-0.2002255434782609,-0.0352157143745889,0.0,39.0,9.752129459148094,-0.0510506865132006,-0.0544094408642863,-0.0027204720432143,-0.1233611111111111,-0.2741078453310924,0.0,39.0,9.112063225267647,-0.0086190280106933,-0.0247263001495688,-0.0006181575037392,-0.4617430555555555,-0.0470362564211948,0.0,39.0,9.580131573787895,0.0161197565634161,0.0017442246404151,0.0001046534784249
2026-06-15,Javier_Sanoja,691594,hitter,MIA,PHI,2026,823452,57,146,143,0,554430.0,Zack_Wheeler,0.0,0.0,0.0,0.0,0.0,3.0,3.0,0.0,0.0,9.0,0.0857142857142857,0.0,0.0,0.0,0.0,10.0,3.357142857142857,7.92857142857143,4.844740973312402,1.08,0.0,75.0,0,1.0,1.2246467991473532e-16,-1.0,0.0,1.0,0.5,0.5,0.5,0.5,0.5,0.5,0.5,0.5,0.5,0.5,synthetic,synthetic,synthetic,synthetic,synthetic,0.0,0.0,0.0,0.0,0.0,-110.0,-110.0,-110.0,-110.0,-110.0,-110.0,-110.0,-110.0,-110.0,-110.0,0.0,0.0,0.0,0.0,0.0,2026-08-28T01:24:59.045926+00:00,0.014805323500089673,-0.15375904844095606,-0.13970621407320188,-0.4765344315023694,-0.4607199896070395,0.4,0.6,0.6,0.0,0.0,0.0,0.0,0.0,0.0,0.0,batter_pitcher_profile_network_v2,1.0,0.45,0.5639770679460946,1.0,0.6451607641294715,-0.0058707773707774,-0.4669454448962908,-0.0703703703703703,40.0,9.252220947698593,0.0287480811547519,-0.0562241067050168,-0.0056224106705016,-0.1243274318274318,-0.2945280101112035,-0.0814814814814814,40.0,9.92000076889236,-0.0135818130290132,-0.1000565527559761,-0.0160090484409561,-0.2869478021978022,-0.4373564707846582,0.1111111111111111,40.0,9.18414489488006,-0.0460326552865414,-0.0138652547764406,-0.000693262738822,-0.1394351851851851,-0.0909335265431283,-0.0493827160493827,40.0,10.0232224548111,-0.0412320623672574,-0.0853772600947761,-0.0021344315023694,-0.5427129629629629,-0.4271833487189305,-0.1037037037037037,40.0,9.164925465621517,0.0038637263646611,-0.1792839712109944,-0.0107570382726596
2026-06-16,Javier_Sanoja,691594,hitter,MIA,PHI,2026,823451,58,146,143,0,666200.0,Jesús_Luzardo,1.0,1.0,0.0,0.0,0.0,4.0,4.0,0.0,2.0,5.0,0.1111111111111111,0.2225,0.2225,0.0,0.0,26.7,4.154411764705882,8.610294117647058,4.844740973312402,1.08,8.0,78.0,0,1.0,1.2246467991473532e-16,-1.0,0.7818314824680298,0.6234898018587336,0.5,0.5,0.5,0.5,0.5,0.5,0.5,0.5,0.5,0.5,synthetic,synthetic,synthetic,synthetic,synthetic,0.0,0.0,0.0,0.0,0.0,-110.0,-110.0,-110.0,-110.0,-110.0,-110.0,-110.0,-110.0,-110.0,-110.0,0.0,0.0,0.0,0.0,0.0,2026-08-28T01:24:59.045926+00:00,-0.09534178509530633,-0.13674585272244966,-0.07699183973581347,-0.47639523308246395,-0.3568844114596305,0.2,0.4,0.4,0.0,0.0,0.0,0.0,0.0,0.0,0.0,batter_pitcher_profile_network_v2,1.0,0.85,0.4817454451761424,1.0,0.7660882555210342,0.0245567129629631,-0.0275709290664466,0.0407407407407407,40.0,10.178820346575517,0.0129074194194507,0.0298328185455045,0.0029832818545504,-0.1091643518518517,-0.1155834928958061,0.0666666666666666,40.0,10.272297675958894,-0.0404607003511409,-0.0178386628486438,-0.002854186055783,-0.2920937499999999,-0.0015143205947519,-0.0666666666666666,40.0,10.331112701281464,-0.037457016978794,-0.0870777680286738,-0.0043538884014336,-0.1433981481481481,-0.2335582371413303,-0.0493827160493827,40.0,9.838576935717906,-0.0258657284244154,-0.0798093232985638,-0.001995233082464,-0.5793321759259257,0.0081334841793316,-0.1037037037037037,40.0,10.152061264587982,0.0238166205868542,-0.0589687798652889,-0.0035381267919173
2026-06-17,Javier_Sanoja,691594,hitter,MIA,PHI,2026,823450,59,146,143,0,691725.0,Andrew_Painter,0.0,0.0,0.0,0.0,0.0,5.0,5.0,0.0,0.0,5.0,0.108695652173913,0.0,0.0,0.0,0.0,10.0,10.457142857142857,7.071428571428572,4.844740973312402,1.08,10.0,81.0,0,1.0,1.2246467991473532e-16,-1.0,0.9749279121818236,-0.22252093395631434,0.5,0.5,0.5,0.5,0.5,0.5,0.5,0.5,0.5,0.5,synthetic,synthetic,synthetic,synthetic,synthetic,0.0,0.0,0.0,0.0,0.0,-110.0,-110.0,-110.0,-110.0,-110.0,-110.0,-110.0,-110.0,-110.0,-110.0,0.0,0.0,0.0,0.0,0.0,2026-08-28T01:24:59.045926+00:00,0.2598352274647745,0.006520461977962855,-0.20364311033004673,-0.4775507171416177,-0.4259283205443059,0.4,0.6,0.4,0.0,0.0,1.0,1.0,0.0,0.0,0.0,batter_pitcher_profile_network_v2,1.0,0.75,0.5066426364335883,1.0,0.734702207777664,0.0133914277180405,0.5265813830637567,-0.074074074074074,41.0,8.46051880374771,0.020732266911835,-0.052322582586117,-0.0052322582586117,-0.1099118876941458,0.5117760706931616,-0.0839506172839506,41.0,8.67570603248639,-0.044610432698153,-0.1301574387246887,-0.0208251901959501,-0.2669072580645162,0.4400951537712373,-0.0666666666666666,41.0,9.523038306315035,-0.0615121934814929,-0.1117336146959459,-0.0055866807347972,-0.1372129629629629,0.5026203689387756,-0.0493827160493827,41.0,8.80448948555279,-0.0888276329132644,-0.126028685664711,-0.0031507171416177,-0.530699074074074,0.5067216157595413,-0.1037037037037037,41.0,8.961968469438748,0.037686144005211,-0.0498576027741296,-0.0029914561664477
2026-06-19,Javier_Sanoja,691594,hitter,MIA,SF,2026,823853,60,146,137,1,694738.0,Landen_Roupp,2.0,3.0,2.0,0.0,0.0,4.0,4.0,0.0,0.0,9.0,0.1081081081081081,0.54,0.54,0.25,21.25,65.0,9.100840336134453,8.861344537815125,4.498233908948195,1.0766666666666669,0.0,72.0,0,2.0,1.2246467991473532e-16,-1.0,-0.433883739117558,-0.9009688679024191,0.5,1.0,0.5,0.5,0.5,0.5,0.5,0.5,0.5,0.5,synthetic,real,real,real,synthetic,0.0,8.0,7.0,8.0,0.0,-110.0,104.591096,178.859393,1365.757768,-110.0,-110.0,-100.685821,-246.78367,0.0,-110.0,0.0,0.5345224838248488,0.0,0.0,0.0,2026-06-19T20:50:58.917955+00:00,-0.158797416296024,-0.3297035221862247,-0.21910106154236952,-0.3619735261010823,-0.2842903381946763,0.2,0.2,0.0,0.0,0.0,0.0,0.0,0.0,0.0,0.0,batter_pitcher_profile_network_v2,1.0,0.95,0.4180705711003731,0.0,0.783847037288194,0.0032353801169591,-0.2397080837512706,0.0,43.0,11.306480722953006,0.0177972470464314,-0.0004513134878123,-4.5131348781234754e-05,-0.1488801169590643,-0.3606645893254693,0.0,43.0,10.914176510300075,-0.0200334621865024,-0.0612973515017426,-0.0098075762402788,-0.2756578947368421,-0.0749670054110501,0.0,43.0,11.69298487529026,-0.0675537488012759,-0.0795794641199109,-0.0039789732059955,-0.2405694444444444,-0.4662605195580274,0.0,43.0,10.10017500284708,-0.0200004973191715,-0.0852743773766299,-0.0021318594344157,-0.6124444444444443,-0.165406820225865,0.0,43.0,11.35334132154937,-0.0400025518607782,-0.0889528129536877,-0.0053371687772212
2026-06-20,Javier_Sanoja,691594,hitter,MIA,SF,2026,823854,61,146,137,1,686790.0,Trevor_McDonald,0.0,0.0,0.0,0.0,0.0,0.0,0.0,0.0,0.0,7.0,0.0,0.0,0.0,0.0,0.0,10.0,5.672727272727273,9.272727272727273,4.957417582417582,1.0766666666666669,0.0,72.0,0,1.0,1.2246467991473532e-16,-1.0,-0.9749279121818236,-0.2225209339563146,0.5,1.5,0.5,0.5,0.5,0.5,0.5,0.5,0.5,0.5,synthetic,real,real,real,synthetic,0.0,7.0,5.0,8.0,0.0,-110.0,112.124903,168.032426,1251.672624,-110.0,-110.0,-105.117569,-250.0,0.0,-110.0,0.0,0.5345224838248488,0.0,0.0,0.0,2026-06-20T11:58:55.263102+00:00,0.23219960978147902,-0.6969423763717287,-0.07126133573256627,-0.47744413498752447,-0.5,0.6,0.8,0.4,0.0,0.0,2.0,3.0,2.0,0.0,0.0,batter_pitcher_profile_network_v2,1.0,0.4,0.6469460851642617,0.0,0.6082996418269512,0.0802037037037038,0.0256402248567134,0.0,44.0,12.201479652026253,0.0205043073777815,0.0007260345447269,7.260345447269529e-05,-0.0679166666666665,-0.0659192944546561,0.0,44.0,12.328906548393118,-0.0322478155515979,-0.049952352323305,-0.0079923763717288,-0.2076666666666665,0.0963641087900958,0.0,44.0,12.387199609574653,-0.0376442970689082,-0.0376442970689082,-0.0018822148534454,-0.1579594907407407,-0.1222537539141156,0.0,44.0,12.030741114596676,-0.0722808590069147,-0.0790987328343184,-0.0019774683208579,-0.5181296296296295,0.0723156853666723,0.0,44.0,12.201663800164225,-0.0553534357687055,-0.0415150768265291,-0.0024909046095917
2026-06-21,Javier_Sanoja,691594,hitter,MIA,SF,2026,823852,62,146,137,1,657277.0,Logan_Webb,0.0,0.0,0.0,0.0,0.0,0.0,0.0,0.0,0.0,9.0,0.0,0.0,0.0,0.0,0.0,10.0,0.375,6.964285714285714,4.0,1.0766666666666669,0.0,72.0,0,1.0,1.2246467991473532e-16,-1.0,-0.7818314824680299,0.6234898018587334,0.5,1.0,0.5,0.5,0.5,0.5,0.5,0.5,0.5,0.5,synthetic,real,real,synthetic,synthetic,0.0,6.0,5.0,0.0,0.0,-110.0,0.0,0.0,-110.0,-110.0,-110.0,0.0,0.0,-110.0,-110.0,0.0,0.5477225575051662,0.0,0.0,0.0,2026-06-21T19:20:37.517202+00:00,0.029369354423598337,-0.6181511789902243,-0.4197242031786274,-0.477493157628643,-0.5,0.6,0.8,0.4,0.0,0.0,0.0,0.0,0.0,0.0,0.0,batter_pitcher_profile_network_v2,1.0,0.7,0.4999610767551918,0.0,0.7021283376682422,0.0802037037037038,0.0291668241117786,0.0,45.0,12.466336412502017,0.0124489361279998,0.0011697347121725,0.0001169734712172,-0.0679166666666665,-0.147912045835704,0.0,45.0,12.553467513155669,-0.0349894207476175,-0.0575073686889026,-0.0092011789902244,-0.2159999999999999,-0.1672801928463691,0.0,45.0,12.523738010655014,-0.0314163963501555,-0.0494840635725492,-0.0024742031786274,-0.1579594907407407,-0.3146399870121745,0.0,45.0,11.83582632493614,-0.0562075179217474,-0.0810596384790565,-0.0020264909619764,-0.5231296296296295,-0.1598169575522515,0.0,45.0,12.375387119958637,-0.0768183070331915,-0.0994194773586454,-0.0059651686415187
2026-06-22,Javier_Sanoja,691594,hitter,MIA,TEX,2026,823851,63,146,140,1,641302.0,Tyler_Alexander,0.0,0.0,0.0,0.0,1.0,4.0,3.0,0.0,0.0,8.0,0.1142857142857142,0.0,0.0,0.0,0.0,10.0,3.0,4.5,3.6336734693877557,1.0766666666666669,0.0,72.0,0,1.0,1.2246467991473532e-16,-1.0,0.0,1.0,0.5,0.5,0.5,0.5,0.5,0.5,0.5,0.5,0.5,0.5,synthetic,synthetic,synthetic,synthetic,synthetic,0.0,0.0,0.0,0.0,0.0,-110.0,-110.0,-110.0,-110.0,-110.0,-110.0,-110.0,-110.0,-110.0,-110.0,0.0,0.0,0.0,0.0,0.0,2026-08-28T01:24:59.045926+00:00,0.3056223806736583,0.018025964278588713,-0.28265207554480154,-0.4757254245653203,-0.4815279915891389,0.6,0.8,0.4,0.0,0.0,0.0,0.0,0.0,0.0,0.0,batter_pitcher_profile_network_v2,1.0,0.05,0.9425,0.0,0.5117271875,0.0415706018518518,-0.8000000000000002,0.0,46.0,9.01536407414158,0.0319901459464967,-0.0019122476851851,-0.0001912247685185,-0.1003680555555555,-0.8400000000000001,0.0,46.0,8.754675316556556,0.0122983692163422,0.01359977674118,0.0021759642785888,-0.2618854166666666,-1.0,0.0,46.0,6.688288039232551,-0.0066565688254521,-0.0217149802837854,-0.0010857490141892,-0.1641446759259259,-0.8400000000000001,0.0,46.0,8.701182263704984,-0.0024221280989294,-0.0103503159461516,-0.0002587578986537,-0.5642627314814814,-1.0,0.0,46.0,6.805952252732614,-0.0592213029981241,-0.0768610843087783,-0.0046116650585266
2026-06-23,Javier_Sanoja,691594,hitter,MIA,TEX,2026,823849,64,146,140,1,615698.0,Cal_Quantrill,2.0,3.0,0.0,0.0,0.0,4.0,4.0,0.0,0.0,9.0,0.1025641025641025,0.54,0.54,0.25,21.25,65.0,18.0,3.0,3.47295918367347,1.0766666666666669,0.0,72.0,0,1.0,1.2246467991473532e-16,-1.0,0.7818314824680298,0.6234898018587336,0.5,0.5,0.5,0.5,0.5,0.5,0.5,0.5,0.5,0.5,synthetic,synthetic,synthetic,synthetic,synthetic,0.0,0.0,0.0,0.0,0.0,-110.0,-110.0,-110.0,-110.0,-110.0,-110.0,-110.0,-110.0,-110.0,-110.0,0.0,0.0,0.0,0.0,0.0,2026-08-28T01:24:59.045926+00:00,0.2211835833939474,0.4105509808801282,-0.01790197556057127,-0.3614933725415269,-0.04710441617955696,0.4,0.6,0.4,0.0,0.2,0.0,0.0,0.0,0.0,1.0,batter_pitcher_profile_network_v2,1.0,0.05,0.9425,0.0,0.5117271875,0.0144444444444444,0.3530000000000001,0.0,46.0,11.622958690487472,0.0065826786584561,0.0002931861111111,2.9318611111111194e-05,-0.1231944444444444,-0.0018749999999999,0.0,46.0,13.071556886236085,-0.0479037250654382,-0.0718688694991991,-0.0114990191198718,-0.3041666666666667,-0.2951249999999999,0.0,46.0,12.553949562108166,-0.0054524662190304,-0.0106140795002804,-0.000530703975014,-0.1681076388888888,-0.3299999999999999,0.0,46.0,12.299775400859806,-0.0628783925464961,-0.0660682349944128,-0.0016517058748603,-0.5988888888888888,-0.2294999999999999,0.0,46.0,12.697149779072625,-0.1309683273025599,-0.1061293329769199,-0.0063677599786151
2026-06-24,Javier_Sanoja,691594,hitter,MIA,TEX,2026,823850,65,146,140,1,594798.0,Jacob_deGrom,0.0,0.0,0.0,0.0,0.0,0.0,0.0,0.0,0.0,8.0,0.0,0.0,0.0,0.0,0.0,10.0,4.0,10.0,3.47295918367347,1.0766666666666669,0.0,72.0,0,1.0,1.2246467991473532e-16,-1.0,0.9749279121818236,-0.22252093395631434,0.5,1.5,0.5,0.5,0.5,0.5,1.5,0.5,0.5,0.5,synthetic,synthetic,synthetic,synthetic,synthetic,0.0,0.0,0.0,0.0,0.0,-110.0,-110.0,-110.0,-110.0,-110.0,-110.0,-110.0,-110.0,-110.0,-110.0,0.0,0.0,0.0,0.0,0.0,2026-08-28T01:24:59.045926+00:00,0.2706114200303942,-0.45989473907449896,-0.4348757022544261,-0.4780410049427841,-0.4894754455187136,0.8,1.2,0.4,0.0,0.2,2.0,3.0,0.0,0.0,0.0,batter_pitcher_profile_network_v2,1.0,0.8,0.4611443906117424,0.0,0.7348078497200492,0.1115717592592593,-0.2950070636784544,0.0,46.0,12.61133944076314,-0.0109315713135168,-0.0177361398321146,-0.0017736139832114,-0.0247638888888888,-0.0780133762409611,0.0,46.0,13.122627023669327,-0.0782423974711654,-0.1184046192156211,-0.0189447390744993,-0.2179791666666666,-0.087492672572905,0.0,46.0,13.213666618399934,-0.0151964009762168,-0.0254732287619934,-0.0012736614380996,-0.0854976851851851,0.1343412749218296,0.0,46.0,12.465086753289528,-0.1029735310447022,-0.1029735310447022,-0.0025743382761175,-0.4884282407407406,-0.0342659283868586,0.0,46.0,13.0564643728479,-0.1240509555043992,-0.1020567450397865,-0.0061234047023871
2026-06-27,Javier_Sanoja,691594,hitter,MIA,STL,2026,823038,66,146,138,0,669467.0,Andre_Pallante,3.0,3.0,1.0,0.0,1.0,4.0,4.0,0.0,0.0,8.0,0.1052631578947368,0.6675,0.6675,0.0,0.0,65.0,2.357142857142857,6.071428571428572,8.681813984334992,1.08,0.0,83.0,0,3.0,1.2246467991473532e-16,-1.0,-0.9749279121818236,-0.2225209339563146,0.5,0.5,0.5,0.5,0.5,0.5,0.5,0.5,0.5,0.5,synthetic,synthetic,synthetic,synthetic,synthetic,0.0,0.0,0.0,0.0,0.0,-110.0,-110.0,-110.0,-110.0,-110.0,-110.0,-110.0,-110.0,-110.0,-110.0,0.0,0.0,0.0,0.0,0.0,2026-08-28T01:24:59.045926+00:00,0.33286837820012405,0.16022339367375227,0.06851613280142266,-0.4769299822221111,0.09294252900732514,0.4,0.6,0.0,0.0,0.2,0.0,0.0,0.0,0.0,0.0,batter_pitcher_profile_network_v2,1.0,0.8,0.4389894168872412,0.0,0.7369790371450503,0.1115717592592593,0.0048576235589556,0.0,47.0,13.594860728497377,-0.0351000490544497,0.0003040529288975,3.040529288975441e-05,-0.0247638888888888,-0.0326384878702039,0.0,47.0,13.71899179025705,-0.0986517680427267,-0.1484310921706271,-0.0237489747473003,-0.2138124999999999,-0.0929763390086014,0.0,47.0,13.821537111218865,-0.0304702954122018,-0.0416229072539079,-0.0020811453626953,-0.0854976851851851,-0.0415246610545614,0.0,47.0,13.415346321505906,-0.0992075541061922,-0.1011992888844458,-0.0025299822221111,-0.4859282407407406,-0.0936944488782476,0.0,47.0,13.630443504636258,-0.1478914731570003,-0.1364607315605845,-0.008187643893635
2026-06-28,Javier_Sanoja,691594,hitter,MIA,STL,2026,823037,67,146,138,0,681517.0,Kyle_Leahy,0.0,0.0,0.0,0.0,0.0,2.0,2.0,0.0,1.0,6.0,0.0606060606060606,0.0,0.0,0.0,0.0,10.0,3.9,7.921052631578948,7.1982975008185095,1.08,7.0,92.0,0,1.0,1.2246467991473532e-16,-1.0,-0.7818314824680299,0.6234898018587334,0.5,1.5,0.5,0.5,0.5,0.5,1.5,0.5,0.5,0.5,synthetic,synthetic,synthetic,synthetic,synthetic,0.0,0.0,0.0,0.0,0.0,-110.0,-110.0,-110.0,-110.0,-110.0,-110.0,-110.0,-110.0,-110.0,-110.0,0.0,0.0,0.0,0.0,0.0,2026-08-28T01:24:59.045926+00:00,0.99566087716998,-0.3894069976258181,-0.14367395504594027,-0.47795610923882276,0.0593387306719958,1.0,1.2,0.2,0.0,0.4,3.0,3.0,1.0,0.0,1.0,batter_pitcher_profile_network_v2,1.0,0.95,0.4020468241744275,1.0,0.804461800836701,0.2292858796296297,0.182458796361938,0.1111111111111111,47.0,13.39285511913505,-0.0585368436057299,0.1029069962527772,0.0102906996252777,0.0739513888888889,0.0996009935445667,0.1111111111111111,47.0,13.808483266118136,-0.122525594640531,-0.1014925987977266,-0.0162388158076362,-0.1011562499999999,0.0911869732719485,-0.0814814814814814,47.0,14.120241871328291,-0.036928902839973,-0.0940493290100422,-0.0047024664505021,-0.0651273148148147,-0.0022615376275031,-0.0493827160493827,47.0,13.781038231567006,-0.1075378581984033,-0.1422443695529157,-0.0035561092388228,-0.3757141203703703,0.0974613913933118,-0.1111111111111111,47.0,13.88987929380396,-0.1372307161720516,-0.1808145273609513,-0.010848871641657
2026-06-29,Javier_Sanoja,691594,hitter,MIA,COL,2026,824339,68,146,115,0,807743.0,,3.0,6.0,1.0,0.0,3.0,5.0,5.0,0.0,0.0,8.0,0.1136363636363636,0.756,0.756,0.6,30.0,65.0,4.1,8.2,5.957142857142857,1.0477777777777777,0.0,88.0,0,1.0,1.2246467991473532e-16,-1.0,0.0,1.0,0.5,1.5,0.5,0.5,0.5,0.5,1.5,0.5,0.5,0.5,synthetic,synthetic,synthetic,synthetic,synthetic,0.0,0.0,0.0,0.0,0.0,-110.0,-110.0,-110.0,-110.0,-110.0,-110.0,-110.0,-110.0,-110.0,-110.0,0.0,0.0,0.0,0.0,0.0,2026-08-28T01:24:59.045926+00:00,0.5477026488829833,0.28757563828157173,0.1193797927666359,-0.26293931144641947,0.13784102847066237,1.0,1.2,0.2,0.0,0.4,0.0,0.0,0.0,0.0,0.0,batter_pitcher_profile_network_v2,1.0,0.25,0.7018443658850846,0.0,0.5660060162947693,0.1072338613191842,0.6583223990208079,0.0,49.0,10.54205027686091,-0.0288200346089056,0.0210481338514788,0.0021048133851478,-0.051003043071161,0.6748519889840883,0.0,49.0,10.323231304496664,-0.0912441839277939,-0.1368662758916908,-0.0218986041426705,-0.2023051264044943,0.5310738372093025,0.0,49.0,12.32025038396572,-0.044183365446505,-0.044183365446505,-0.0022091682723252,-0.1792476851851852,0.7436746634026928,0.0,49.0,9.64433308959111,-0.129128013412335,-0.129128013412335,-0.0032282003353083,-0.4960011574074071,0.5810302325581398,0.0,49.0,11.68851937397536,0.0121671550479079,0.0091253662859309,0.0005475219771558
2026-06-30,Javier_Sanoja,691594,hitter,MIA,COL,2026,824338,69,146,115,0,685299.0,Tanner_Gordon,3.0,6.0,3.0,1.0,3.0,5.0,5.0,0.0,0.0,7.0,0.1,0.776,0.776,0.6,30.0,65.0,7.915789473684211,6.1684210526315795,4.354945054945055,1.0477777777777777,-6.0,83.0,0,1.0,1.2246467991473532e-16,-1.0,0.7818314824680298,0.6234898018587336,1.5,2.5,0.5,0.5,0.5,1.5,2.5,0.5,0.5,0.5,synthetic,synthetic,synthetic,synthetic,synthetic,0.0,0.0,0.0,0.0,0.0,-110.0,-110.0,-110.0,-110.0,-110.0,-110.0,-110.0,-110.0,-110.0,-110.0,0.0,0.0,0.0,0.0,0.0,2026-08-28T01:24:59.045926+00:00,0.36927866783859353,0.8646173311371266,0.31270403014876147,-0.2591298244899567,0.7996952831647999,1.6,2.4,0.4,0.0,0.8,3.0,6.0,1.0,0.0,3.0,batter_pitcher_profile_network_v2,1.0,0.15,0.7796937497428196,0.0,0.5381731273484757,0.168519675925926,0.4225037878787879,0.0,49.0,12.821973408654491,-0.0531022897848007,0.0156858493903714,0.0015685849390371,-0.0141458333333332,0.0057992424242424,0.0,49.0,15.047324028087663,-0.0956916758175315,-0.1435375137262973,-0.0229660021962075,-0.1530937499999998,-0.074046717171717,0.0,49.0,15.237573334214412,-0.0093670405759304,-0.0118644519698296,-0.0005932225984914,-0.1979976851851851,-0.4501666666666666,0.0,49.0,13.294705712207168,0.0428877922796817,0.0232514648461805,0.0005812866211545,-0.4823136574074072,-0.0404292929292927,0.0,49.0,15.070330996503326,0.0179062987741594,0.0091338402924551,0.0005480304175473
2026-07-01,Javier_Sanoja,691594,hitter,MIA,COL,2026,824337,70,146,115,0,607536.0,Kyle_Freeland,1.0,3.0,0.0,0.0,2.0,4.0,2.0,2.0,0.0,5.0,0.1142857142857142,0.75,0.75,1.0,30.0,65.0,6.994652406417113,7.390374331550802,8.212087912087911,1.0477777777777777,-13.0,86.0,0,1.0,-0.4999999999999997,-0.8660254037844388,0.9749279121818236,-0.22252093395631434,1.5,2.5,0.5,0.5,1.5,1.5,2.5,0.5,0.5,1.5,synthetic,synthetic,synthetic,synthetic,synthetic,0.0,0.0,0.0,0.0,0.0,-110.0,-110.0,-110.0,-110.0,-110.0,-110.0,-110.0,-110.0,-110.0,-110.0,0.0,0.0,0.0,0.0,0.0,2026-08-28T01:24:59.045926+00:00,0.6503461124647107,1.725549708233082,1.1838194051163393,0.07602977156688484,0.4125372190697314,1.8,3.0,1.0,0.2,1.4,3.0,6.0,3.0,1.0,3.0,batter_pitcher_profile_network_v2,1.0,0.85,0.4380556275937082,1.0,0.7706374577768051,0.302056712962963,0.6161681747463742,0.1111111111111111,48.0,10.959007907098222,-0.0966815488740558,0.1844797922540091,0.0184479792254009,0.1397986111111112,0.5988293382683869,0.1111111111111111,48.0,11.095744251251142,-0.1593470638618257,-0.1120851568765737,-0.0179336251002517,0.0007395833333333,0.5138380555446461,-0.0962962962962963,48.0,12.461920752014318,-0.1316736478653229,-0.2006998097611231,-0.0100349904880561,-0.0588773148148147,0.5588950390770123,-0.0493827160493827,48.0,11.443442420017629,-0.1348571465198237,-0.1703646928801622,-0.004259117322004,-0.2937766203703703,0.624107035778249,0.1111111111111111,48.0,11.253183591048115,-0.0280154509624395,0.0588803910889318,0.0035328234653359
2026-07-03,Javier_Sanoja,691594,hitter,MIA,ATH,2026,824982,71,146,133,0,678022.0,Jack_Perkins,0.0,0.0,0.0,0.0,0.0,1.0,0.0,1.0,0.0,9.0,0.0217391304347826,0.69,0.69,0.0,0.0,65.0,5.400000000000002,11.4,5.853896103896105,1.08,10.0,89.0,0,2.0,-0.4999999999999997,-0.8660254037844388,-0.433883739117558,-0.9009688679024191,1.5,3.5,0.5,0.5,1.5,1.5,3.5,0.5,0.5,1.5,synthetic,synthetic,synthetic,synthetic,synthetic,0.0,0.0,0.0,0.0,0.0,-110.0,-110.0,-110.0,-110.0,-110.0,-110.0,-110.0,-110.0,-110.0,-110.0,0.0,0.0,0.0,0.0,0.0,2026-08-28T01:24:59.045926+00:00,0.0885681372502718,-0.6486239239889495,0.4597507150527844,-0.33784550386741563,0.2764902419862121,2.0,3.6,1.0,0.2,1.8,1.0,3.0,0.0,0.0,2.0,batter_pitcher_profile_network_v2,1.0,0.3,0.704671090646539,0.0,0.5791033374187396,0.3496956018518519,0.1990575610829846,0.0,48.0,14.682383938824689,-0.0971451717283757,0.0205577135529703,0.002055771355297,0.2269282407407408,0.3678685064935064,0.0,48.0,13.697507183614526,-0.1477403830371017,-0.1969565901483293,-0.0315130544237327,0.0744895833333333,0.6811617231638417,0.0,48.0,11.346320609312825,-0.1466927170952252,-0.1317078897969419,-0.006585394489847,0.0268865740740741,0.5379426590358793,0.0,48.0,12.176243710703323,-0.1420916252249139,-0.137820154696627,-0.0034455038674156,-0.1830821759259258,0.6802542372881354,0.0,48.0,11.255520266516813,0.0051159866689385,0.0038369900017038,0.0002302194001022
2026-07-04,Javier_Sanoja,691594,hitter,MIA,ATH,2026,824983,72,146,133,0,650644.0,Aaron_Civale,1.0,2.0,1.0,0.0,0.0,4.0,4.0,0.0,0.0,9.0,0.0909090909090909,0.3175,0.3175,0.25,21.25,49.35,9.299999999999999,6.95,6.007305194805194,1.08,8.0,89.0,0,1.0,-0.4999999999999997,-0.8660254037844388,-0.9749279121818236,-0.2225209339563146,1.5,2.5,0.5,0.5,1.5,1.5,2.5,0.5,0.5,1.5,synthetic,synthetic,synthetic,synthetic,synthetic,0.0,0.0,0.0,0.0,0.0,-110.0,-110.0,-110.0,-110.0,-110.0,-110.0,-110.0,-110.0,-110.0,-110.0,0.0,0.0,0.0,0.0,0.0,2026-08-28T01:24:59.045926+00:00,-0.12160492075761731,-0.2174222390277012,0.2216627339128764,-0.2223150468184646,-0.20408198899818664,1.4,3.0,0.8,0.2,1.6,0.0,0.0,0.0,0.0,0.0,batter_pitcher_profile_network_v2,1.0,0.85,0.4261472319786016,0.0,0.7531274194702281,0.3453206018518519,0.4827590906646147,0.0,48.0,12.740457535511837,-0.0658992251153433,0.0956650781381135,0.0095665078138113,0.2000300925925926,0.5405405833477309,0.0,48.0,12.19036460365484,-0.1089481772111601,-0.1013747893776793,-0.0162199663004287,0.0688645833333333,0.3264159616148485,0.0,48.0,14.50125953062342,-0.1453589564378801,-0.1324596074567571,-0.0066229803728378,-0.056099537037037,0.5603782905300514,0.0,48.0,11.95347662828906,-0.1416018727385866,-0.1416018727385866,-0.0035400468184646,-0.2152349537037036,0.4425957498284765,0.0,48.0,13.4479522889594,-0.0356964366119425,-0.0267723274589568,-0.0016063396475374
2026-07-05,Javier_Sanoja,691594,hitter,MIA,ATH,2026,824980,73,146,133,0,695611.0,Gage_Jump,1.0,2.0,0.0,0.0,0.0,6.0,6.0,0.0,0.0,5.0,0.12,0.2116666666666666,0.2116666666666666,0.1666666666666666,14.166666666666666,32.9,3.214285714285714,11.614285714285714,6.007305194805194,1.08,9.0,83.0,0,1.0,-0.4999999999999997,-0.8660254037844388,-0.7818314824680299,0.6234898018587334,1.5,3.5,0.5,0.5,1.5,1.5,3.5,0.5,0.5,1.5,synthetic,synthetic,synthetic,synthetic,synthetic,0.0,0.0,0.0,0.0,0.0,-110.0,-110.0,-110.0,-110.0,-110.0,-110.0,-110.0,-110.0,-110.0,-110.0,0.0,0.0,0.0,0.0,0.0,2026-08-28T01:24:59.045926+00:00,-0.0757134013756735,-0.8076087346848455,0.5125284593856445,-0.25925759601619935,-0.2053593762431134,1.6,3.4,1.0,0.2,1.6,1.0,2.0,1.0,0.0,0.0,batter_pitcher_profile_network_v2,1.0,0.45,0.716339404629043,0.0,0.618011790319824,0.2932222222222225,-0.2514347599203287,0.0,48.0,14.993555029751436,-0.0358326923680586,-0.0209132345359581,-0.0020913234535958,0.1386342592592595,-0.3974275158203426,0.0,48.0,14.144941121894602,-0.0668671495395862,-0.1159295917802844,-0.0185487346848455,0.0093333333333336,-0.437488907692006,0.0,48.0,13.733730598974768,-0.0429110890280802,-0.0440693404256385,-0.0022034670212819,-0.1059062499999999,-0.5588186448526007,0.0,48.0,12.497124759811497,-0.0608494628192272,-0.077637173981309,-0.0019409293495327,-0.2881666666666663,-0.4563934775844792,0.0,48.0,13.380361326056512,-0.0690279547417967,-0.0890772663895534,-0.0053446359833732
2026-07-07,Javier_Sanoja,691594,hitter,MIA,SEA,2026,823847,74,146,136,1,693433.0,Bryan_Woo,1.0,1.0,1.0,0.0,0.0,4.0,4.0,0.0,0.0,9.0,0.0930232558139534,0.2225,0.2225,0.0,0.0,26.7,4.697368421052631,9.225563909774435,3.2372448979591835,1.0766666666666669,0.0,72.0,0,2.0,-0.4999999999999997,-0.8660254037844388,0.7818314824680298,0.6234898018587336,1.5,2.5,0.5,0.5,0.5,1.5,2.5,0.5,0.5,0.5,synthetic,synthetic,synthetic,synthetic,synthetic,0.0,0.0,0.0,0.0,0.0,-110.0,-110.0,-110.0,-110.0,-110.0,-110.0,-110.0,-110.0,-110.0,-110.0,0.0,0.0,0.0,0.0,0.0,2026-08-28T01:24:59.045926+00:00,-0.43010354714348664,-0.531055973118536,0.03696873108245957,-0.3385019389636481,0.22192960373697734,1.2,2.6,0.8,0.2,1.0,1.0,2.0,0.0,0.0,0.0,batter_pitcher_profile_network_v2,1.0,1.0,0.3326405720125444,0.0,0.8092515299284633,0.225673611111111,-0.0349257227376631,0.0,48.0,15.719848320976569,-0.02642170810468,-0.0052600028631059,-0.0005260002863105,0.0935833333333333,-0.1156454284915597,0.0,48.0,15.654093291723411,-0.0777365438224225,-0.1238273029210848,-0.0198123684673735,-0.0622291666666667,-0.0421223176183702,0.0,48.0,16.042365180663886,-0.0628070157812313,-0.0645563228216191,-0.0032278161410809,-0.0763020833333333,-0.1503019600230911,0.0,48.0,15.208221243930147,-0.1137573785955487,-0.1214108918792612,-0.0030352722969815,-0.3418263888888889,-0.0158516719727245,0.0,48.0,15.77201926194904,-0.0635783107156475,-0.0512998333031859,-0.0030779899981911
2026-07-08,Javier_Sanoja,691594,hitter,MIA,SEA,2026,823848,75,146,136,1,669923.0,George_Kirby,1.0,2.0,0.0,0.0,0.0,3.0,3.0,0.0,0.0,9.0,0.1,0.4233333333333333,0.4233333333333333,0.3333333333333333,28.33333333333333,65.0,2.75,7.625,0.7788461538461539,1.0766666666666669,0.0,72.0,0,1.0,-0.4999999999999997,-0.8660254037844388,0.9749279121818236,-0.22252093395631434,0.5,1.5,0.5,0.5,0.5,0.5,1.5,0.5,0.5,0.5,synthetic,synthetic,synthetic,synthetic,synthetic,0.0,0.0,0.0,0.0,0.0,-110.0,-110.0,-110.0,-110.0,-110.0,-110.0,-110.0,-110.0,-110.0,-110.0,0.0,0.0,0.0,0.0,0.0,2026-08-28T01:24:59.045926+00:00,0.2929843032050987,0.2036784338307307,-0.08273791561244653,-0.32450980578969546,-0.24283290417617853,0.8,1.6,0.4,0.0,0.4,1.0,1.0,1.0,0.0,0.0,batter_pitcher_profile_network_v2,1.0,1.0,0.3600081324675027,0.0,0.8058990037727309,0.2643067129629627,0.1545212123711264,0.0,49.0,16.211783896433563,-0.0391889521550255,0.0261379038458589,0.0026137903845858,0.126034722222222,0.0061003246229683,0.0,49.0,16.558156668409847,-0.0964595653637542,-0.1441972885579356,-0.0230715661692696,-0.0371770833333336,-0.132458300091241,0.0,49.0,16.661723879402462,-0.062119548322546,-0.0652711327617528,-0.0032635566380876,-0.0701168981481481,-0.1850369704589988,0.0,49.0,15.934004517802412,-0.12008883731699,-0.1283922315878224,-0.0032098057896955,-0.3131932870370372,-0.0863619886158311,0.0,49.0,16.50099715044154,-0.0963684901124496,-0.0895868644747704,-0.0053752118684862
2026-07-09,Javier_Sanoja,691594,hitter,MIA,SEA,2026,823846,76,146,136,1,682243.0,Bryce_Miller,0.0,0.0,0.0,0.0,0.0,0.0,0.0,0.0,0.0,9.0,0.0,0.0,0.0,0.0,0.0,10.0,2.188235294117647,13.452100840336135,0.7788461538461539,1.0766666666666669,0.0,72.0,0,1.0,-0.4999999999999997,-0.8660254037844388,0.43388373911755823,-0.900968867902419,0.5,1.5,0.5,0.5,0.5,0.5,1.5,0.5,0.5,0.5,synthetic,synthetic,synthetic,synthetic,synthetic,0.0,0.0,0.0,0.0,0.0,-110.0,-110.0,-110.0,-110.0,-110.0,-110.0,-110.0,-110.0,-110.0,-110.0,0.0,0.0,0.0,0.0,0.0,2026-08-28T01:24:59.045926+00:00,-0.15833033082190678,-0.4834761166255981,-0.5,-0.4785432354196024,-0.5,0.8,1.4,0.4,0.0,0.0,1.0,2.0,0.0,0.0,0.0,batter_pitcher_profile_network_v2,1.0,0.4,0.6454673943372202,0.0,0.6083720976774762,0.3464131944444445,-0.8423906520515683,0.0,49.0,10.598656509212365,-0.0356247068637332,-0.1034580162561291,-0.0103458016256129,0.2173773148148149,-0.5584648182699653,0.0,49.0,14.15045940415772,-0.0818325517497748,-0.1657882289099905,-0.0265261166255984,0.0421979166666667,-0.7323687440952713,0.0,49.0,11.837832630413128,-0.0555864848535588,-0.0665431148031104,-0.0033271557401555,0.0332395833333333,-0.2625883389800244,0.0,49.0,16.30666731351494,-0.1199682736115944,-0.1230627501174328,-0.0030765687529358,-0.2033090277777776,-0.6855085369946795,0.0,49.0,12.30616231137114,-0.1267943531071816,-0.144507000384295,-0.0086704200230577
2026-07-10,Javier_Sanoja,691594,hitter,MIA,CLE,2026,823845,77,146,114,1,800048.0,Parker_Messick,0.0,0.0,0.0,0.0,0.0,4.0,4.0,0.0,0.0,4.0,0.1142857142857142,0.0,0.0,0.0,0.0,10.0,3.182608695652174,7.963043478260869,2.1,1.0766666666666669,0.0,72.0,0,1.0,-0.4999999999999997,-0.8660254037844388,-0.433883739117558,-0.9009688679024191,0.5,1.5,0.5,0.5,0.5,0.5,1.5,0.5,0.5,0.5,synthetic,synthetic,synthetic,synthetic,synthetic,0.0,0.0,0.0,0.0,0.0,-110.0,-110.0,-110.0,-110.0,-110.0,-110.0,-110.0,-110.0,-110.0,-110.0,0.0,0.0,0.0,0.0,0.0,2026-08-28T01:24:59.045926+00:00,0.2003667876237999,-0.6450449236343091,-0.32243582999504183,-0.4787037357993988,-0.5,0.8,1.4,0.4,0.0,0.0,0.0,0.0,0.0,0.0,0.0,batter_pitcher_profile_network_v2,1.0,1.0,0.2699190411199434,0.0,0.8169349174628069,0.3464131944444445,-0.2747109247697524,0.0,49.0,16.401820505288025,-0.0632528270823218,-0.069477051298234,-0.0069477051298234,0.2173773148148149,-0.2525781562429828,0.0,49.0,16.703033521758897,-0.1103389012502713,-0.2055932727144312,-0.032894923634309,0.0338645833333334,-0.2612373690099011,0.0,49.0,16.7387985598142,-0.0772577965859341,-0.0837165999008355,-0.0041858299950417,0.0332395833333333,-0.2332484654114262,0.0,49.0,16.509200549918255,-0.1238223879119757,-0.1294827653092886,-0.0032370691327322,-0.2083090277777776,-0.2666953469772074,0.0,49.0,16.433681051087202,-0.1303804083805042,-0.1383449893223072,-0.0083006993593384
2026-07-11,Javier_Sanoja,691594,hitter,MIA,CLE,2026,823844,78,146,114,1,676440.0,Tanner_Bibee,0.0,0.0,0.0,0.0,0.0,4.0,4.0,0.0,0.0,9.0,0.1111111111111111,0.0,0.0,0.0,0.0,10.0,5.357142857142858,3.107142857142857,2.5285714285714285,1.0766666666666669,0.0,72.0,0,1.0,-0.4999999999999997,-0.8660254037844388,-0.9749279121818236,-0.2225209339563146,0.5,0.5,0.5,0.5,0.5,0.5,0.5,0.5,0.5,0.5,synthetic,synthetic,synthetic,synthetic,synthetic,0.0,0.0,0.0,0.0,0.0,-110.0,-110.0,-110.0,-110.0,-110.0,-110.0,-110.0,-110.0,-110.0,-110.0,0.0,0.0,0.0,0.0,0.0,2026-08-28T01:24:59.045926+00:00,0.330728450213826,0.11402175523562874,-0.4838328199872329,-0.4793216235904097,-0.5,0.6,1.0,0.2,0.0,0.0,0.0,0.0,0.0,0.0,0.0,batter_pitcher_profile_network_v2,1.0,1.0,0.4087166976599367,0.0,0.7999322045366577,0.3464131944444445,0.2022540424313552,0.0,50.0,17.346557569913486,-0.0800383385018801,0.0414273592811175,0.0041427359281117,0.2173773148148149,0.3663535223864519,0.0,50.0,16.114643623218882,-0.1245652392802567,-0.1397598631106539,-0.0223615780977046,0.0546979166666667,0.2542387368016223,0.0,50.0,17.473001367141944,-0.1084504085919598,-0.1002278283160876,-0.0050113914158043,0.0332395833333333,0.5588507690824872,0.0,50.0,13.989529688090109,-0.1651819358900655,-0.1541982769497272,-0.0038549569237431,-0.1958090277777776,0.312773061324383,0.0,50.0,16.847363626504865,-0.0801720225593095,-0.0601290169194821,-0.0036077410151689
2026-07-12,Javier_Sanoja,691594,hitter,MIA,CLE,2026,823842,79,146,114,1,676282.0,Joey_Cantillo,2.0,2.0,0.0,0.0,0.0,4.0,4.0,0.0,0.0,5.0,0.1081081081081081,0.445,0.445,0.0,0.0,53.4,1.7000000000000002,11.1,2.5285714285714285,1.0766666666666669,0.0,72.0,0,1.0,-0.4999999999999997,-0.8660254037844388,-0.7818314824680299,0.6234898018587334,0.5,0.5,0.5,0.5,0.5,0.5,0.5,0.5,0.5,0.5,synthetic,synthetic,synthetic,synthetic,synthetic,0.0,0.0,0.0,0.0,0.0,-110.0,-110.0,-110.0,-110.0,-110.0,-110.0,-110.0,-110.0,-110.0,-110.0,0.0,0.0,0.0,0.0,0.0,2026-08-28T01:24:59.045926+00:00,-0.21364476674642363,0.05235346167767352,-0.20410474659965555,-0.4795007564105959,-0.4110692202270965,0.4,0.6,0.2,0.0,0.0,0.0,0.0,0.0,0.0,0.0,batter_pitcher_profile_network_v2,1.0,1.0,0.3794782407749846,0.0,0.8035139155050643,0.2936678240740739,-0.0095051344556105,0.0,50.0,18.607697943882098,-0.0801321730419987,-0.0017320947486647,-0.0001732094748664,0.1731828703703702,0.0216846131914195,0.0,50.0,18.624370375366183,-0.1390560079821014,-0.2062537023523795,-0.0330005923763807,-0.0050937500000002,0.284333839967912,0.0,50.0,17.90906789987266,-0.1249906848888642,-0.1249906848888642,-0.0062495342444432,0.0237581018518518,0.0770983455857858,0.0,50.0,18.13673189248997,-0.1625002058841094,-0.1613635897571757,-0.0040340897439293,-0.2510543981481482,0.2208567272918556,0.0,50.0,18.092094034874247,-0.1140650397956263,-0.0855487798467197,-0.0051329267908031
2026-07-17,Javier_Sanoja,691594,hitter,MIA,MIL,2026,823766,80,146,158,0,701656.0,Logan_Henderson,1.0,1.0,0.0,0.0,0.0,3.0,3.0,0.0,0.0,9.0,0.0857142857142857,0.2966666666666667,0.2966666666666667,0.0,0.0,35.6,2.2875,10.65,4.464935064935065,1.0733333333333333,0.0,92.0,0,5.0,-0.4999999999999997,-0.8660254037844388,-0.433883739117558,-0.9009688679024191,0.5,0.5,0.5,0.5,0.5,0.5,0.5,0.5,0.5,0.5,synthetic,synthetic,synthetic,synthetic,synthetic,0.0,0.0,0.0,0.0,0.0,-110.0,-110.0,-110.0,-110.0,-110.0,-110.0,-110.0,-110.0,-110.0,-110.0,0.0,0.0,0.0,0.0,0.0,2026-08-28T01:24:59.045926+00:00,0.3587659220111695,0.38186534873230427,-0.38313054675672975,-0.4764914773093665,-0.3881768293296384,0.6,0.8,0.0,0.0,0.0,2.0,2.0,0.0,0.0,0.0,batter_pitcher_profile_network_v2,1.0,0.3,0.7464152792936178,0.0,0.5775692384859595,0.2128090277777777,-0.4690957207207207,0.0,50.0,16.602998376673614,-0.0313677117003044,-0.0253148058623312,-0.0025314805862331,0.0522523148148148,-0.4821452702702703,0.0,50.0,16.572871912146663,-0.0569269721347489,-0.091779070423099,-0.0146846512676958,-0.0868645833333333,-0.379349099099099,0.0,50.0,17.480450245883613,-0.0775232093233681,-0.0858793334029947,-0.0042939666701497,-0.1180381944444444,-0.4900563063063063,0.0,50.0,16.178757640003933,0.0163429408171992,0.0016742409586745,4.185602396686449e-05,-0.3844131944444444,-0.3974665915915915,0.0,50.0,17.068102169408494,-0.1310855260850471,-0.1370597096065279,-0.0082235825763916
2026-07-18,Javier_Sanoja,691594,hitter,MIA,MIL,2026,823763,81,146,158,0,675660.0,Shane_Drohan,1.0,2.0,1.0,0.0,0.0,4.0,4.0,0.0,1.0,5.0,0.1052631578947368,0.3175,0.3175,0.25,21.25,49.35,2.979876160990712,7.547987616099071,4.207792207792208,1.0733333333333333,-7.0,86.0,0,1.0,-0.4999999999999997,-0.8660254037844388,-0.9749279121818236,-0.2225209339563146,0.5,0.5,0.5,0.5,0.5,0.5,0.5,0.5,0.5,0.5,synthetic,synthetic,synthetic,synthetic,synthetic,0.0,0.0,0.0,0.0,0.0,-110.0,-110.0,-110.0,-110.0,-110.0,-110.0,-110.0,-110.0,-110.0,-110.0,0.0,0.0,0.0,0.0,0.0,2026-08-28T01:24:59.045926+00:00,0.36772948034270503,0.4446811735346462,-0.3203093622779294,-0.3615683797056909,-0.3677998427756365,0.6,0.6,0.0,0.0,0.0,1.0,1.0,0.0,0.0,0.0,batter_pitcher_profile_network_v2,1.0,0.5,0.6488380001107132,0.0,0.6352586724932188,0.2655543981481481,0.0944027944476715,0.0,50.0,19.011493741496214,-0.0412208964430315,0.0088033073070733,0.0008803307307073,0.0964467592592592,0.0454784175107135,0.0,50.0,19.149229837695103,-0.0784901673014606,-0.1161949680400401,-0.0185911948864064,-0.03540625,0.0829187690315604,0.0,50.0,19.44677459400037,-0.0941110322981658,-0.0941110322981658,-0.0047055516149082,-0.1085567129629629,-0.0201465824892864,0.0,50.0,18.82538158886624,-0.0256338471758275,-0.0264018548943009,-0.0006600463723575,-0.334167824074074,0.0810752155724409,0.0,50.0,19.18216145243808,-0.0939761522101656,-0.0704821141576242,-0.0042289268494574
2026-07-19,Javier_Sanoja,691594,hitter,MIA,MIL,2026,823764,82,146,158,0,688107.0,Robert_Gasser,0.0,0.0,0.0,0.0,0.0,4.0,4.0,0.0,0.0,4.0,0.1176470588235294,0.0,0.0,0.0,0.0,10.0,9.37084398976982,7.21227621483376,5.4935064935064934,1.0733333333333333,-6.0,77.0,0,1.0,-0.4999999999999997,-0.8660254037844388,-0.7818314824680299,0.6234898018587334,0.5,0.5,0.5,0.5,0.5,0.5,0.5,0.5,0.5,0.5,synthetic,synthetic,synthetic,synthetic,synthetic,0.0,0.0,0.0,0.0,0.0,-110.0,-110.0,-110.0,-110.0,-110.0,-110.0,-110.0,-110.0,-110.0,-110.0,0.0,0.0,0.0,0.0,0.0,2026-08-28T01:24:59.045926+00:00,0.549616058019561,0.4021067141936815,-0.13841202543981623,-0.47790037346987724,-0.3770408045562852,0.8,1.0,0.2,0.0,0.0,1.0,2.0,1.0,0.0,0.0,batter_pitcher_profile_network_v2,1.0,0.6,0.5584496352446818,0.0,0.6689539518095159,0.1762685185185185,0.3017331932913881,0.0,50.0,17.943222396712656,-0.0552633310392565,0.023484325504009,0.0023484325504009,0.0378981481481481,0.4650181027863563,0.0,50.0,16.340655482439708,-0.0877455322135872,-0.1238367127600793,-0.0198138740416127,-0.13025,0.5461028747166231,0.0,50.0,15.94783582858573,-0.1214528846557599,-0.1214528846557599,-0.0060726442327879,-0.0521134259259259,0.6639598358540855,0.0,50.0,13.8974158393593,-0.0546816054617573,-0.0546816054617573,-0.0013670401365439,-0.3951203703703704,0.6072972638268489,0.0,50.0,15.119913222473382,0.0651317687093252,0.0488488265319939,0.0029309295919196
2026-07-20,Javier_Sanoja,691594,hitter,MIA,HOU,2026,824167,83,146,117,0,669854.0,,2.0,2.0,1.0,0.0,0.0,4.0,4.0,0.0,0.0,9.0,0.1,0.445,0.445,0.0,0.0,53.4,4.1,8.2,5.568131868131869,1.08,0.0,73.0,0,1.0,-0.4999999999999997,-0.8660254037844388,0.0,1.0,0.5,0.5,0.5,0.5,0.5,0.5,0.5,0.5,0.5,0.5,synthetic,synthetic,synthetic,synthetic,synthetic,0.0,0.0,0.0,0.0,0.0,-110.0,-110.0,-110.0,-110.0,-110.0,-110.0,-110.0,-110.0,-110.0,-110.0,0.0,0.0,0.0,0.0,0.0,2026-08-28T01:24:59.045926+00:00,0.31945860805860815,0.3056808580820034,-0.09983364665469402,-0.47510433791863876,-0.2646406188393102,0.8,1.0,0.2,0.0,0.0,0.0,0.0,0.0,0.0,0.0,batter_pitcher_profile_network_v2,1.0,0.0,1.0,0.0,0.5,0.1376354166666666,0.0,0.0,50.0,19.436677355063463,-0.0413021214892205,0.0,0.0,0.0054467592592592,0.0,0.0,50.0,19.42669843375836,-0.0850797579916532,-0.1276196369874799,-0.0204191419179967,-0.1636354166666668,0.0,0.0,50.0,19.710557324853,-0.074804801225751,-0.074804801225751,-0.0037402400612875,-0.058298611111111,0.0,0.0,50.0,18.99184212143784,-0.0281735167455531,-0.0281735167455531,-0.0007043379186388,-0.4287534722222222,0.0,0.0,50.0,19.412543820573937,-0.0254936054645268,-0.0191202040983951,-0.0011472122459037
2026-07-21,Javier_Sanoja,691594,hitter,MIA,HOU,2026,824165,84,146,117,0,837227.0,Tatsuya_Imai,2.0,3.0,1.0,0.0,0.0,4.0,4.0,0.0,0.0,8.0,0.1052631578947368,0.54,0.54,0.25,21.25,65.0,12.886363636363635,11.954545454545455,5.864835164835164,1.08,0.0,73.0,0,1.0,-0.4999999999999997,-0.8660254037844388,0.7818314824680298,0.6234898018587336,1.5,1.5,0.5,0.5,0.5,1.5,1.5,0.5,0.5,0.5,synthetic,synthetic,synthetic,synthetic,synthetic,0.0,0.0,0.0,0.0,0.0,-110.0,-110.0,-110.0,-110.0,-110.0,-110.0,-110.0,-110.0,-110.0,-110.0,0.0,0.0,0.0,0.0,0.0,2026-08-28T01:24:59.045926+00:00,-0.2970222355867882,0.17735631207532543,0.24945247938730986,-0.35981990606300984,-0.21154771544874346,1.2,1.4,0.4,0.0,0.0,2.0,2.0,1.0,0.0,0.0,batter_pitcher_profile_network_v2,1.0,0.8,0.5578970108290981,0.0,0.7253260929387484,0.2186053240740742,-0.0370987565066513,0.0,49.0,19.210108125811363,-0.0769581306692277,-0.0035854489151878,-0.0003585448915187,0.0731273148148149,0.0676471226142278,0.0,49.0,19.07889959399892,-0.1066290802719001,-0.1577566021607964,-0.0252410563457274,-0.0843645833333333,0.6537390350877192,0.0,49.0,14.655784851976849,-0.1234171560363351,-0.1234171560363351,-0.0061708578018167,-0.0422245370370369,0.2452082128397917,0.0,49.0,17.936395166704447,-0.041796242520399,-0.041796242520399,-0.0010449060630099,-0.3502835648148147,0.5476002506265665,0.0,49.0,15.932833741879284,0.0538011694508419,0.0403508770881314,0.0024210526252878
2026-07-22,Javier_Sanoja,691594,hitter,MIA,HOU,2026,824166,85,146,117,0,663567.0,Peter_Lambert,1.0,2.0,1.0,0.0,1.0,4.0,4.0,0.0,0.0,7.0,0.1111111111111111,0.3175,0.3175,0.25,21.25,49.35,0.9999999999999997,11.676470588235295,4.150549450549451,1.08,0.0,73.0,0,1.0,-0.4999999999999997,-0.8660254037844388,0.9749279121818236,-0.22252093395631434,1.5,1.5,0.5,0.5,0.5,1.5,1.5,0.5,0.5,0.5,synthetic,synthetic,synthetic,synthetic,synthetic,0.0,0.0,0.0,0.0,0.0,-110.0,-110.0,-110.0,-110.0,-110.0,-110.0,-110.0,-110.0,-110.0,-110.0,0.0,0.0,0.0,0.0,0.0,2026-08-28T01:24:59.045926+00:00,-0.34808300127800074,0.3505984654374832,0.19023641767204535,-0.35935287541207717,-0.3648753407106392,1.2,1.6,0.6,0.0,0.0,2.0,3.0,1.0,0.0,0.0,batter_pitcher_profile_network_v2,1.0,0.85,0.3569621464428934,0.0,0.7603313165016337,0.2258969907407408,-0.3681746467497479,0.0,49.0,17.815014155288925,-0.0652084411317981,-0.0534811655488099,-0.0053481165548809,0.0735902777777777,-0.2655819910942066,0.0,49.0,18.60829393008894,-0.0843709867825061,-0.1391241743490641,-0.0222598678958502,-0.07915625,-0.1887661030627702,0.0,49.0,18.91361171794025,-0.0437128146683616,-0.0533210971085462,-0.0026660548554273,-0.0629710648148148,-0.1312228944020946,0.0,49.0,18.79072911552665,-0.0178014369050018,-0.0231150164830911,-0.0005778754120772,-0.3524363425925925,-0.247257939364721,0.0,49.0,18.261288401305567,-0.0434959387358112,-0.0886579984129744,-0.0053194799047784
2026-07-24,Javier_Sanoja,691594,hitter,MIA,SD,2026,823843,86,146,135,1,608566.0,Germán_Márquez,0.0,0.0,0.0,0.0,0.0,4.0,4.0,0.0,0.0,8.0,0.1052631578947368,0.0,0.0,0.0,0.0,10.0,4.250000000000001,7.400000000000001,7.5480376766091055,1.0766666666666669,0.0,72.0,0,2.0,-0.4999999999999997,-0.8660254037844388,-0.433883739117558,-0.9009688679024191,1.5,1.5,0.5,0.5,0.5,1.5,1.5,0.5,0.5,0.5,synthetic,synthetic,synthetic,synthetic,synthetic,0.0,0.0,0.0,0.0,0.0,-110.0,-110.0,-110.0,-110.0,-110.0,-110.0,-110.0,-110.0,-110.0,-110.0,0.0,0.0,0.0,0.0,0.0,2026-08-28T01:24:59.045926+00:00,-0.14279961113728334,-0.11401421481765905,0.2948803270363657,-0.4768649984353983,0.005954581626422151,1.2,1.8,0.8,0.0,0.2,1.0,2.0,1.0,0.0,1.0,batter_pitcher_profile_network_v2,1.0,0.7,0.5482829033748111,0.0,0.6979847410356099,0.2867731481481481,0.3917986680083174,0.0,49.0,17.98096630006145,-0.0892331347911866,0.0507537302642246,0.0050753730264224,0.1415694444444444,0.5533818908199886,0.0,49.0,16.132048815250396,-0.1069738673672586,-0.1250723952419499,-0.0200115832387119,-0.0279583333333333,0.6811272008803522,0.0,49.0,15.148935313472364,-0.0780627148291583,-0.0780627148291583,-0.0039031357414579,0.0138425925925925,0.7497761215892194,0.0,49.0,13.647999697942955,-0.0606215726537223,-0.0559332707492691,-0.0013983317687317,-0.2757268518518518,0.7038996367777881,0.0,49.0,14.816716380031322,0.0391827580390309,0.0293870685292732,0.0017632241117563
2026-07-25,Javier_Sanoja,691594,hitter,MIA,SD,2026,823841,87,146,135,1,681190.0,Randy_Vásquez,0.0,0.0,0.0,0.0,0.0,4.0,4.0,0.0,0.0,6.0,0.1212121212121212,0.0,0.0,0.0,0.0,10.0,13.0,6.5,6.554081632653061,1.0766666666666669,0.0,72.0,0,1.0,-0.4999999999999997,-0.8660254037844388,-0.9749279121818236,-0.2225209339563146,0.5,1.5,0.5,0.5,0.5,0.5,1.5,0.5,0.5,0.5,synthetic,synthetic,synthetic,synthetic,synthetic,0.0,0.0,0.0,0.0,0.0,-110.0,-110.0,-110.0,-110.0,-110.0,-110.0,-110.0,-110.0,-110.0,-110.0,0.0,0.0,0.0,0.0,0.0,2026-08-28T01:24:59.045926+00:00,0.6120434362244669,-0.6289504274139303,0.017134695919459486,-0.4767975599573756,-0.1873912944191109,1.0,1.4,0.6,0.0,0.2,0.0,0.0,0.0,0.0,0.0,batter_pitcher_profile_network_v2,1.0,0.9,0.4314454918258277,0.0,0.7674331345262025,0.2867731481481481,0.4435361001287815,0.0,49.0,17.845407683735694,-0.1036827106820215,0.0723168606985964,0.0072316860698596,0.1415694444444444,0.4212579677846094,0.0,49.0,18.07128419185296,-0.1241216197528529,-0.1522753986097916,-0.0243640637775666,-0.0237916666666666,0.3521143017354031,0.0,49.0,19.23133200801394,-0.080933168809327,-0.080933168809327,-0.0040466584404663,0.0138425925925925,0.4125612623582528,0.0,49.0,17.9435181506119,-0.0564826995041918,-0.0532357316283616,-0.001330893290709,-0.2732268518518518,0.4016400338628795,0.0,49.0,18.666693973533192,-0.0142406799381905,-0.0106805099536428,-0.0006408305972185
2026-07-26,Javier_Sanoja,691594,hitter,MIA,SD,2026,823840,88,146,135,1,621111.0,Walker_Buehler,1.0,1.0,0.0,0.0,0.0,2.0,2.0,0.0,0.0,8.0,0.0555555555555555,0.445,0.445,0.0,0.0,53.4,11.258823529411766,5.488235294117647,6.211224489795918,1.0766666666666669,0.0,72.0,0,1.0,-0.4999999999999997,-0.8660254037844388,-0.7818314824680299,0.6234898018587334,0.5,1.5,0.5,0.5,0.5,0.5,1.5,0.5,0.5,0.5,synthetic,synthetic,synthetic,synthetic,synthetic,0.0,0.0,0.0,0.0,0.0,-110.0,-110.0,-110.0,-110.0,-110.0,-110.0,-110.0,-110.0,-110.0,-110.0,0.0,0.0,0.0,0.0,0.0,2026-08-28T01:24:59.045926+00:00,0.5497331350518646,-0.5070876268244117,0.1410649897213001,-0.476631837987681,-0.14915271010257358,1.0,1.4,0.6,0.0,0.2,0.0,0.0,0.0,0.0,0.0,batter_pitcher_profile_network_v2,1.0,1.0,0.3696153320841403,0.0,0.8047221218196927,0.2867731481481481,0.252387020696423,0.0,50.0,20.25912600100563,-0.1209087953033687,0.0456258683257696,0.0045625868325769,0.1415694444444444,0.1943562874390834,0.0,50.0,20.521007557185865,-0.1409562085028582,-0.1940893343192403,-0.0310542934910784,-0.0112916666666666,0.3916538257050393,0.0,50.0,19.60718508700223,-0.0999246953699141,-0.0999246953699141,-0.0049962347684957,0.0138425925925924,0.1681730350118989,0.0,50.0,20.163418861461267,-0.0480743573380652,-0.0466068528405798,-0.0011651713210144,-0.2657268518518519,0.3649163661581137,0.0,50.0,19.67244908873275,-0.0343837316822851,-0.0257877987617138,-0.0015472679257028
2026-07-27,Javier_Sanoja,691594,hitter,MIA,PHI,2026,823839,89,146,143,1,554430.0,Zack_Wheeler,0.0,0.0,1.0,0.0,0.0,4.0,3.0,1.0,0.0,7.0,0.0952380952380952,0.1725,0.1725,0.0,0.0,20.7,1.2857142857142856,14.857142857142856,4.788311688311688,1.0766666666666669,0.0,72.0,0,1.0,-0.4999999999999997,-0.8660254037844388,0.0,1.0,0.5,1.5,0.5,0.5,0.5,0.5,1.5,0.5,0.5,0.5,synthetic,synthetic,synthetic,synthetic,synthetic,0.0,0.0,0.0,0.0,0.0,-110.0,-110.0,-110.0,-110.0,-110.0,-110.0,-110.0,-110.0,-110.0,-110.0,0.0,0.0,0.0,0.0,0.0,2026-08-28T01:24:59.045926+00:00,0.0575256791669283,-0.5904016500294875,-0.1443389350182271,-0.4765747725849146,-0.2674004911865589,0.8,1.2,0.4,0.0,0.2,1.0,1.0,0.0,0.0,0.0,batter_pitcher_profile_network_v2,1.0,0.8,0.460824297062274,2.0,0.7723392188878971,0.3291099537037038,-0.6188825154463699,-0.1866666666666666,49.0,15.561507311033122,-0.0682226229111011,-0.2461631217506313,-0.0246163121750631,0.1767986111111111,-0.4661940228244407,-0.1955555555555555,49.0,17.61365060168434,-0.0879684824535474,-0.3192290626842976,-0.0510766500294876,0.0179270833333333,-0.5099943201363478,0.0266666666666666,49.0,16.298431364414704,-0.0421385185145736,-0.027590388676228,-0.0013795194338114,0.0237314814814814,-0.3163584965086513,-0.0444444444444444,49.0,18.73267483600745,-0.0078135289788459,-0.0443242367299221,-0.001108105918248,-0.2308900462962962,-0.5073298464521374,-0.1466666666666666,49.0,16.183464823959927,-0.0744219981405214,-0.2261012600357222,-0.0135660756021433
2026-07-28,Javier_Sanoja,691594,hitter,MIA,PHI,2026,823838,90,146,143,1,605400.0,Aaron_Nola,0.0,0.0,0.0,0.0,0.0,1.0,1.0,0.0,1.0,8.0,0.0303030303030303,0.0,0.0,0.0,0.0,10.0,5.5125,10.049999999999999,5.125811688311688,1.0766666666666669,0.0,72.0,0,1.0,-0.4999999999999997,-0.8660254037844388,0.7818314824680298,0.6234898018587336,0.5,0.5,0.5,0.5,0.5,0.5,0.5,0.5,0.5,0.5,synthetic,synthetic,synthetic,synthetic,synthetic,0.0,0.0,0.0,0.0,0.0,-110.0,-110.0,-110.0,-110.0,-110.0,-110.0,-110.0,-110.0,-110.0,-110.0,0.0,0.0,0.0,0.0,0.0,2026-08-28T01:24:59.045926+00:00,-0.17008466727128935,-0.23634661858364236,-0.18220675199047243,-0.4773034299333541,-0.36917153702335026,0.4,0.6,0.4,0.0,0.2,0.0,0.0,1.0,0.0,0.0,batter_pitcher_profile_network_v2,1.0,1.0,0.3375965918862524,1.0,0.827394417493934,0.3582291666666666,0.3500506668578875,-0.1037037037037037,49.0,19.82153047811932,-0.112747408205063,0.0137074398412172,0.0013707439841217,0.2013333333333333,0.4698454405329058,-0.1086419753086419,49.0,18.632327786262803,-0.1453652625726005,-0.2280470479659476,-0.0364875276745516,0.0586041666666665,0.5201562869249958,-0.1037037037037037,49.0,18.693649759352656,-0.1394184902927727,-0.1885830917575029,-0.0094291545878751,0.0276944444444444,0.5804759592967028,-0.0246913580246913,49.0,17.35094247788423,-0.0676057626628697,-0.0734705306675012,-0.0018367632666875,-0.1967708333333333,0.5893620448352238,-0.0814814814814814,49.0,17.76335219975583,-0.018417878163427,-0.0683080845883064,-0.0040984850752983
2026-07-29,Javier_Sanoja,691594,hitter,MIA,PHI,2026,823837,91,146,143,1,666200.0,Jesús_Luzardo,1.0,2.0,0.0,0.0,0.0,4.0,3.0,1.0,0.0,5.0,0.1081081081081081,0.49,0.49,0.3333333333333333,28.33333333333333,65.0,1.0285714285714287,11.057142857142855,3.7232142857142856,1.0766666666666669,0.0,72.0,0,1.0,-0.4999999999999997,-0.8660254037844388,0.9749279121818236,-0.22252093395631434,0.5,2.0,0.5,0.5,0.5,0.5,0.5,0.5,0.5,0.5,synthetic,real,real,synthetic,synthetic,0.0,8.0,7.0,0.0,0.0,-110.0,0.0,0.0,-110.0,-110.0,-110.0,0.0,0.0,-110.0,-110.0,0.0,0.7440238091428449,0.0,0.0,0.0,2026-07-30T00:28:52.112372+00:00,-0.30582048634745795,-1.2653578195960462,-0.11829507939918793,-0.32218713272167904,-0.3471572648915524,0.2,0.2,0.2,0.0,0.0,0.0,0.0,0.0,0.0,0.0,batter_pitcher_profile_network_v2,1.0,1.0,0.3139207491102918,2.0,0.8490447082339893,0.2591087962962962,-0.4516753320063714,0.0266666666666666,49.0,18.280554820431377,-0.075279761251594,-0.0627750050447234,-0.0062775005044723,0.1011944444444444,-0.4658005609046002,0.0177777777777777,49.0,17.89817488656774,-0.0819011199831603,-0.1435117103131269,-0.0229618736501003,-0.0384791666666668,-0.3479049719684886,-0.16,49.0,18.753729405852976,0.0158580689182858,-0.0984401980223688,-0.0049220099011184,-0.0549155092592591,-0.5159296931360051,-0.0444444444444444,49.0,16.58663636070657,0.0131512990837076,-0.0354853088671669,-0.0008871327216791,-0.314224537037037,-0.3775761152191773,-0.1466666666666666,49.0,18.16975226878217,-0.0841761108987548,-0.2408852385400309,-0.0144531143124018
2026-07-30,Javier_Sanoja,691594,hitter,MIA,NYM,2026,823595,92,146,121,0,690997.0,Nolan_McLean,0.0,0.0,0.0,0.0,0.0,1.0,1.0,0.0,0.0,8.0,0.0285714285714285,0.0,0.0,0.0,0.0,10.0,0.9999999999999988,12.0,1.5824175824175823,1.08,0.0,72.0,0,1.0,-0.4999999999999997,-0.8660254037844388,0.43388373911755823,-0.900968867902419,0.5,0.5,0.5,0.5,0.5,0.5,0.5,0.5,0.5,0.5,synthetic,synthetic,synthetic,synthetic,synthetic,0.0,0.0,0.0,0.0,0.0,-110.0,-110.0,-110.0,-110.0,-110.0,-110.0,-110.0,-110.0,-110.0,-110.0,0.0,0.0,0.0,0.0,0.0,2026-08-28T01:24:59.045926+00:00,-0.2803924664708265,0.04729404131030057,-0.5,-0.47508505775212156,-0.5,0.4,0.6,0.2,0.0,0.0,1.0,2.0,0.0,0.0,0.0,batter_pitcher_profile_network_v2,1.0,1.0,0.3493480934180776,0.0,0.8072048585562854,0.3509375,-0.383459194238274,0.0,50.0,20.40695584425488,-0.0871242649461873,-0.0875583643419635,-0.0087558364341963,0.2008703703703704,-0.36390103106342,0.0,50.0,20.40893302568001,-0.1039427211736896,-0.2034747418106209,-0.0325559586896993,0.0700625,-0.1287291833611081,0.0,50.0,22.060287728579063,-0.034917704824813,-0.0407859918939144,-0.0020392995946957,0.0484409722222222,-0.3167886892912681,0.0,50.0,20.17638389159384,-0.0174176973545725,-0.0274023100848657,-0.0006850577521216,-0.1846180555555555,-0.1845932832204611,0.0,50.0,21.3686075098547,-0.1072257959656216,-0.1025930779244702,-0.0061555846754682
2026-07-31,Javier_Sanoja,691594,hitter,MIA,NYM,2026,823593,93,146,121,0,673540.0,Kodai_Senga,1.0,1.0,0.0,0.0,0.0,3.0,3.0,0.0,0.0,9.0,0.0857142857142857,0.2966666666666667,0.2966666666666667,0.0,0.0,35.6,8.5,11.5,4.0,1.08,7.0,79.0,0,1.0,-0.4999999999999997,-0.8660254037844388,-0.433883739117558,-0.9009688679024191,0.5,0.5,0.5,0.5,0.5,0.5,0.5,0.5,0.5,0.5,synthetic,synthetic,synthetic,synthetic,synthetic,0.0,0.0,0.0,0.0,0.0,-110.0,-110.0,-110.0,-110.0,-110.0,-110.0,-110.0,-110.0,-110.0,-110.0,0.0,0.0,0.0,0.0,0.0,2026-08-28T01:24:59.045926+00:00,-0.1714814583160193,-0.03666379591861113,-0.27847050858813616,-0.47601207896267606,-0.4044720280540939,0.4,0.6,0.2,0.0,0.0,0.0,0.0,0.0,0.0,0.0,batter_pitcher_profile_network_v2,1.0,0.5,0.6700226330853833,0.0,0.6339611137235203,0.3509374999999999,0.1541611633558748,0.0,51.0,23.003052929275693,-0.1161765590613973,0.0178520835064748,0.0017852083506474,0.2008703703703703,0.3986358833474217,0.0,51.0,20.91044812278488,-0.1526725850344873,-0.2025862244913203,-0.0324137959186112,0.0533958333333333,0.8256102071005917,0.0,51.0,15.57755867996953,-0.1022902751913309,-0.0877435050960572,-0.0043871752548028,0.0484409722222221,0.6675892857142857,0.0,51.0,17.445065879540287,-0.0751541890179708,-0.0644831585070458,-0.0016120789626761,-0.1946180555555555,0.778328402366864,0.0,51.0,16.357355827025252,-0.0282672900909757,-0.0212004675682318,-0.0012720280540939
2026-08-01,Javier_Sanoja,691594,hitter,MIA,NYM,2026,823594,94,146,121,0,804267.0,Zac_Thornton,2.0,5.0,1.0,1.0,2.0,5.0,5.0,0.0,0.0,7.0,0.1162790697674418,0.5980000000000001,0.5980000000000001,0.6,30.0,65.0,1.4210526315789476,5.511278195488722,1.5824175824175823,1.08,4.0,87.0,0,1.0,-0.8660254037844384,-0.5000000000000004,-0.9749279121818236,-0.2225209339563146,0.5,0.5,0.5,0.5,0.5,0.5,0.5,0.5,0.5,0.5,synthetic,synthetic,synthetic,synthetic,synthetic,0.0,0.0,0.0,0.0,0.0,-110.0,-110.0,-110.0,-110.0,-110.0,-110.0,-110.0,-110.0,-110.0,-110.0,0.0,0.0,0.0,0.0,0.0,2026-08-28T01:24:59.045926+00:00,0.2483791856948976,0.9879380012685612,-0.1728456230841548,-0.2499978613186189,-0.4026280928018194,0.4,0.6,0.2,0.0,0.0,1.0,1.0,0.0,0.0,0.0,batter_pitcher_profile_network_v2,1.0,0.3,0.7499854181871526,0.0,0.5774380358816221,0.4036828703703703,-0.3319746150866267,0.0,51.0,21.96146776341577,-0.1265797653896088,-0.0335050705217583,-0.0033505070521758,0.2450648148148148,-0.365585838188066,0.0,51.0,21.34108486158096,-0.1383535202557299,-0.2299296432342824,-0.0367887429174851,0.1090208333333333,-0.4805912388948409,0.0,51.0,19.088708406325043,-0.0294632238947906,-0.0425626022402157,-0.0021281301120107,0.0579224537037035,-0.3620510021224922,0.0,51.0,20.61723280540763,-0.0186714263490718,-0.0239144527447593,-0.0005978613186189,-0.1418726851851852,-0.511680719769158,0.0,51.0,18.46603807247768,-0.0845375931430604,-0.0815526328201686,-0.0048931579692101
2026-08-02,Javier_Sanoja,691594,hitter,MIA,NYM,2026,823592,95,146,121,0,476594.0,Robert_Stock,0.0,0.0,0.0,0.0,0.0,3.0,3.0,0.0,0.0,8.0,0.09375,0.0,0.0,0.0,0.0,10.0,4.1,8.2,2.0571428571428574,1.08,13.0,82.0,0,1.0,-0.8660254037844384,-0.5000000000000004,-0.7818314824680299,0.6234898018587334,0.5,1.5,0.5,0.5,0.5,0.5,1.5,0.5,0.5,0.5,synthetic,synthetic,synthetic,synthetic,synthetic,0.0,0.0,0.0,0.0,0.0,-110.0,-110.0,-110.0,-110.0,-110.0,-110.0,-110.0,-110.0,-110.0,-110.0,0.0,0.0,0.0,0.0,0.0,2026-08-28T01:24:59.045926+00:00,0.49027774093598453,0.16365812431969062,-0.37623847762715745,-0.23586088079119732,0.006566404584262497,0.8,1.6,0.2,0.2,0.4,2.0,5.0,1.0,1.0,2.0,batter_pitcher_profile_network_v2,1.0,0.05,0.9425,0.0,0.5117271875,0.4121412037037038,-0.6556666666666667,0.0,51.0,17.42803500323028,-0.0997462867670907,-0.0155380668306327,-0.0015538066830632,0.2766203703703704,-0.7362916666666668,0.0,51.0,15.840860970741057,-0.1062211731824886,-0.171042973001935,-0.0273668756803096,0.1115625,-0.6882638888888889,0.0,51.0,15.641490082041168,-0.0349973043800167,-0.0394124096860063,-0.0019706204843003,0.1144328703703704,-0.804,0.0,51.0,14.212784833664774,-0.0531450000506723,-0.0584352316478945,-0.0014608807911973,-0.1092476851851851,-0.7802777777777777,0.0,51.0,14.052273528768843,-0.1165921790299743,-0.0923456378813413,-0.0055407382728804
2026-08-04,Javier_Sanoja,691594,hitter,MIA,ATL,2026,824888,96,146,144,0,656550.0,Grant_Holmes,1.0,2.0,0.0,0.0,0.0,3.0,3.0,0.0,1.0,9.0,0.0857142857142857,0.4233333333333333,0.4233333333333333,0.3333333333333333,28.33333333333333,65.0,5.528571428571429,6.771428571428572,4.295566933066934,1.08,0.0,85.0,0,2.0,-0.8660254037844384,-0.5000000000000004,0.7818314824680298,0.6234898018587336,0.5,1.5,0.5,0.5,0.5,0.5,1.5,0.5,0.5,0.5,synthetic,synthetic,synthetic,synthetic,synthetic,0.0,0.0,0.0,0.0,0.0,-110.0,-110.0,-110.0,-110.0,-110.0,-110.0,-110.0,-110.0,-110.0,-110.0,0.0,0.0,0.0,0.0,0.0,2026-08-28T01:24:59.045926+00:00,0.37894919182053577,0.03873700687713688,-0.19460833739593886,-0.18415689148466846,-0.0833904043577336,0.8,1.6,0.2,0.2,0.4,0.0,0.0,0.0,0.0,0.0,batter_pitcher_profile_network_v2,1.0,1.0,0.3313796184254851,0.0,0.809405996742878,0.4121412037037038,0.1438715083919403,0.0,50.0,22.870835879491302,-0.1155034648442955,0.0396460973595368,0.0039646097359536,0.2766203703703704,0.2581903341674936,0.0,50.0,22.162915719154547,-0.1735563644164288,-0.2125812070178942,-0.034012993122863,0.1157291666666667,0.3566139056679755,0.0,50.0,21.96616891451844,-0.1269947321141775,-0.0994003476523798,-0.0049700173826189,0.1144328703703704,0.4040478923070286,0.0,50.0,20.71212488623355,-0.1878568987752477,-0.1569423260534063,-0.0039235581513351,-0.1067476851851851,0.3337989831873553,0.0,50.0,21.918254855145424,-0.110416689135118,-0.0828125168513385,-0.0049687510110803
2026-08-05,Javier_Sanoja,691594,hitter,MIA,ATL,2026,824889,97,146,144,0,693821.0,Bryce_Elder,1.0,1.0,0.0,0.0,0.0,3.0,3.0,0.0,0.0,9.0,0.0909090909090909,0.2966666666666667,0.2966666666666667,0.0,0.0,35.6,2.1,8.299999999999999,3.866995504495505,1.08,7.0,76.0,0,1.0,-0.8660254037844384,-0.5000000000000004,0.9749279121818236,-0.22252093395631434,0.5,1.5,0.5,0.5,0.5,0.5,1.5,0.5,0.5,0.5,synthetic,synthetic,synthetic,synthetic,synthetic,0.0,0.0,0.0,0.0,0.0,-110.0,-110.0,-110.0,-110.0,-110.0,-110.0,-110.0,-110.0,-110.0,-110.0,0.0,0.0,0.0,0.0,0.0,2026-08-28T01:24:59.045926+00:00,0.3912871795821754,-0.1269696646109626,-0.27855594098724296,-0.3380568869922126,-0.13549804481446182,0.8,1.6,0.2,0.2,0.4,1.0,2.0,0.0,0.0,0.0,batter_pitcher_profile_network_v2,1.0,1.0,0.375394412183648,0.0,0.8040141845075031,0.3765335648148152,0.1801842378863252,0.0,51.0,23.51547358300433,-0.0675998366215574,0.0423766243265812,0.0042376624326581,0.2692476851851855,0.2598788902479131,0.0,51.0,22.98462637421908,-0.1474381467093738,-0.1774524492730606,-0.0283923918836896,0.0532812500000005,0.3200656179935592,0.0,51.0,23.09405250680438,-0.0980084575065596,-0.0873567484827884,-0.0043678374241394,0.1974189814814813,0.3823386095826324,0.0,51.0,21.75014995904539,-0.1934212709053856,-0.1462754796885079,-0.0036568869922126,-0.1245775462962959,0.3317760303289715,0.0,51.0,22.76770793507136,-0.0834869099628448,-0.0626151824721336,-0.003756910948328
2026-08-07,Javier_Sanoja,691594,hitter,MIA,LAA,2026,823836,98,146,108,1,691946.0,,1.0,2.0,0.0,0.0,0.0,2.0,2.0,0.0,0.0,7.0,0.0465116279069767,0.635,0.635,0.5,30.0,65.0,4.1,8.2,4.561224489795919,1.0766666666666669,0.0,72.0,0,2.0,-0.8660254037844384,-0.5000000000000004,-0.433883739117558,-0.9009688679024191,0.5,1.5,0.5,0.5,0.5,0.5,1.5,0.5,0.5,0.5,synthetic,synthetic,synthetic,synthetic,synthetic,0.0,0.0,0.0,0.0,0.0,-110.0,-110.0,-110.0,-110.0,-110.0,-110.0,-110.0,-110.0,-110.0,-110.0,0.0,0.0,0.0,0.0,0.0,2026-08-28T01:24:59.045926+00:00,0.47028773928175926,0.5458388523602213,-0.09408582181700487,-0.13969440418682666,-0.05624526102370658,1.0,1.8,0.2,0.2,0.4,1.0,1.0,0.0,0.0,0.0,batter_pitcher_profile_network_v2,1.0,0.0,1.0,0.0,0.5,0.4292789351851854,0.0,0.0,51.0,24.49200549309997,-0.0929718674275209,0.0,0.0,0.3134421296296297,0.0,0.0,51.0,24.288825720771467,-0.1739660221424895,-0.2609490332137343,-0.0417518453141975,0.0880729166666668,0.0,0.0,51.0,24.213649406715124,-0.0950339493918313,-0.0950339493918313,-0.0047516974695915,0.2069004629629628,0.0,0.0,51.0,23.5680458015385,-0.1691095008064071,-0.1691095008064071,-0.0042277375201601,-0.0843321759259257,0.0,0.0,51.0,23.920954307847595,-0.1889813318246062,-0.1417359988684546,-0.0085041599321072
2026-08-08,Javier_Sanoja,691594,hitter,MIA,LAA,2026,823834,99,146,108,1,700712.0,Walbert_Ureña,1.0,2.0,1.0,0.0,0.0,4.0,3.0,1.0,1.0,9.0,0.1081081081081081,0.49,0.49,0.3333333333333333,28.33333333333333,65.0,1.0,8.5,4.0,1.0766666666666669,0.0,72.0,0,1.0,-0.8660254037844384,-0.5000000000000004,-0.9749279121818236,-0.2225209339563146,0.5,1.5,0.5,0.5,0.5,0.5,1.5,0.5,0.5,0.5,synthetic,synthetic,synthetic,synthetic,synthetic,0.0,0.0,0.0,0.0,0.0,-110.0,-110.0,-110.0,-110.0,-110.0,-110.0,-110.0,-110.0,-110.0,-110.0,0.0,0.0,0.0,0.0,0.0,2026-08-28T01:24:59.045926+00:00,0.5100272569655042,0.6189798746148418,-0.1412508138237894,-0.18595260214669074,-0.05196369379167154,1.0,2.0,0.2,0.2,0.4,1.0,2.0,0.0,0.0,0.0,batter_pitcher_profile_network_v2,1.0,0.95,0.3592038653397676,0.0,0.7906976501710845,0.4116331018518518,-0.5064329425606208,0.0,50.0,20.13635163110056,-0.0357356814692908,-0.1335832862008163,-0.0133583286200816,0.2913726851851851,-0.5096793156946936,0.0,50.0,19.67340853860114,-0.0808257643391632,-0.2164011214950757,-0.0346241794392121,0.0737187499999999,-0.3126843191122601,0.0,50.0,21.532133936398186,-0.0195698031654537,-0.0343406008001134,-0.0017170300400056,0.1944004629629628,-0.4770900299804078,0.0,50.0,19.297295845446587,-0.1266724726162441,-0.1861040858676355,-0.0046526021466908,-0.1053113425925926,-0.4471386841916251,0.0,50.0,19.49509339378476,-0.0730749026756787,-0.084980482113445,-0.0050988289268067
2026-08-09,Javier_Sanoja,691594,hitter,MIA,LAA,2026,823835,100,146,108,1,680570.0,Grayson_Rodriguez,2.0,2.0,1.0,0.0,3.0,4.0,4.0,0.0,0.0,9.0,0.0909090909090909,0.445,0.445,0.0,0.0,53.4,5.807142857142857,8.421428571428573,4.13265306122449,1.0766666666666669,0.0,72.0,0,1.0,-0.8660254037844384,-0.5000000000000004,-0.7818314824680299,0.6234898018587334,0.5,1.5,0.5,0.5,0.5,0.5,1.5,0.5,0.5,0.5,synthetic,synthetic,synthetic,synthetic,synthetic,0.0,0.0,0.0,0.0,0.0,-110.0,-110.0,-110.0,-110.0,-110.0,-110.0,-110.0,-110.0,-110.0,-110.0,0.0,0.0,0.0,0.0,0.0,2026-08-28T01:24:59.045926+00:00,0.37754321392530354,-0.16881455750050334,-0.03937328531661366,-0.4769158106984069,-0.3434659858710194,0.8,1.4,0.2,0.0,0.0,1.0,2.0,1.0,0.0,0.0,batter_pitcher_profile_network_v2,1.0,0.7,0.54087211149806,0.0,0.6986202164390414,0.3699247685185184,0.3653667128141579,0.0,50.0,22.55759999832344,-0.0111320889056823,0.0620548974472225,0.0062054897447222,0.2371041666666665,0.3442751229524067,0.0,50.0,22.882972215883893,-0.0724324737374148,-0.071170529832692,-0.0113872847732307,0.0159270833333332,0.5399669867947179,0.0,50.0,21.38824708243148,-0.004976403850588,-0.0010278584658542,-5.139292329271335e-05,0.1586365740740739,0.367935837238121,0.0,50.0,22.50118557221918,-0.0847641749166401,-0.0579657612696125,-0.0014491440317403,-0.1717418981481482,0.5188062725090036,0.0,50.0,21.469384437836496,0.0553837813036724,0.0415378359777543,0.0024922701586652
2026-08-11,Javier_Sanoja,691594,hitter,MIA,PIT,2026,823832,101,146,134,1,694973.0,Paul_Skenes,1.0,1.0,0.0,0.0,0.0,3.0,3.0,0.0,1.0,6.0,0.0967741935483871,0.2966666666666667,0.2966666666666667,0.0,0.0,35.6,8.362499999999999,15.0375,2.164285714285714,1.0766666666666669,0.0,72.0,0,2.0,-0.8660254037844384,-0.5000000000000004,0.7818314824680298,0.6234898018587336,1.5,1.5,0.5,0.5,0.5,1.5,1.5,0.5,0.5,0.5,synthetic,synthetic,synthetic,synthetic,synthetic,0.0,0.0,0.0,0.0,0.0,-110.0,-110.0,-110.0,-110.0,-110.0,-110.0,-110.0,-110.0,-110.0,-110.0,0.0,0.0,0.0,0.0,0.0,2026-08-28T01:24:59.045926+00:00,-0.6274457931780677,0.016909167340574127,-0.05442277374986931,-0.4765208523968934,0.4069525276222389,1.2,1.8,0.4,0.0,0.6,2.0,2.0,1.0,0.0,3.0,batter_pitcher_profile_network_v2,1.0,1.0,0.3676394018615265,1.0,0.8237141732719631,0.3211493055555555,-0.1865528444732857,-0.0888888888888888,50.0,24.109135369361365,0.0100784961166111,-0.0986695293229237,-0.0098669529322923,0.1263125,-0.2171911058063718,-0.091358024691358,50.0,23.555624957253716,-0.0022790053028364,-0.0832390750891548,-0.0133182520142647,-0.04959375,0.0057197895100069,-0.074074074074074,50.0,24.479648509955943,0.0408691111442663,-0.0097842000357902,-0.0004892100017895,-0.0144097222222222,-0.24749001884985,-0.0246913580246913,50.0,22.411204290885237,-0.0230278283092449,-0.0421674292090754,-0.0010541857302268,-0.3088506944444444,0.0156926155969634,-0.0444444444444444,50.0,24.167373095304136,0.0612290999451573,0.0155298382508341,0.00093179029505
2026-08-12,Javier_Sanoja,691594,hitter,MIA,PIT,2026,823833,102,146,134,1,669387.0,Carmen_Mlodzinski,1.0,1.0,1.0,0.0,0.0,3.0,2.0,1.0,0.0,7.0,0.0714285714285714,0.5266666666666667,0.5266666666666667,0.0,0.0,63.20000000000001,5.0,6.0,2.164285714285714,1.0766666666666669,0.0,72.0,0,1.0,-0.8660254037844384,-0.5000000000000004,0.9749279121818236,-0.22252093395631434,1.5,1.5,0.5,0.5,0.5,1.5,1.5,0.5,0.5,0.5,synthetic,synthetic,synthetic,synthetic,synthetic,0.0,0.0,0.0,0.0,0.0,-110.0,-110.0,-110.0,-110.0,-110.0,-110.0,-110.0,-110.0,-110.0,-110.0,0.0,0.0,0.0,0.0,0.0,2026-08-28T01:24:59.045926+00:00,-0.33935364148441804,-0.17185582507324182,-0.1089492038205403,-0.4765112121324544,-0.03236275825613805,1.2,1.6,0.4,0.0,0.6,1.0,1.0,0.0,0.0,0.0,batter_pitcher_profile_network_v2,1.0,0.6,0.6086202626166963,0.0,0.6652664106976728,0.2528993055555557,0.364545921780623,0.0,51.0,23.596543041934456,-0.0368220431708438,0.0360826327748653,0.0036082632774865,0.0689791666666668,0.1267084717543684,0.0,51.0,25.556489517079964,-0.0602214409458794,-0.0869114067077644,-0.0139058250732423,-0.1150104166666665,0.0869972196657443,0.0,51.0,25.85471635757999,0.0083968759701461,0.0083968759701461,0.0004198437985073,-0.0252986111111111,-0.1632108830843413,0.0,51.0,24.35427810879634,-0.0401658083064111,-0.0417818186315138,-0.0010445454657878,-0.3721006944444442,0.1314327035367121,0.0,51.0,25.483769417976657,0.0538434673239159,0.0403826004929369,0.0024229560295762
2026-08-14,Javier_Sanoja,691594,hitter,MIA,CIN,2026,824479,103,146,113,0,695505.0,Chase_Burns,0.0,0.0,0.0,0.0,0.0,3.0,3.0,0.0,1.0,6.0,0.1,0.0,0.0,0.0,0.0,10.0,3.9125,10.275,7.798872180451127,1.08,3.0,84.0,0,2.0,-0.8660254037844384,-0.5000000000000004,-0.433883739117558,-0.9009688679024191,1.5,1.5,0.5,0.5,0.5,1.5,1.5,0.5,0.5,0.5,synthetic,synthetic,synthetic,synthetic,synthetic,0.0,0.0,0.0,0.0,0.0,-110.0,-110.0,-110.0,-110.0,-110.0,-110.0,-110.0,-110.0,-110.0,-110.0,0.0,0.0,0.0,0.0,0.0,2026-08-28T01:24:59.045926+00:00,-0.2401487296992062,-0.37041022602466755,0.1984275907984655,-0.4754406501622982,0.11863265572619608,1.2,1.6,0.6,0.0,0.6,1.0,1.0,1.0,0.0,0.0,batter_pitcher_profile_network_v2,1.0,1.0,0.3452453514050743,0.0,0.8077074444528785,0.2885324074074075,-0.4457111805194055,0.0,51.0,22.645665275477743,-0.0253373472281754,-0.0842028358391795,-0.0084202835839179,0.0816111111111112,-0.3681023757880734,0.0,51.0,23.42169587333753,-0.0213045123781066,-0.0516264126541726,-0.0082602260246676,-0.0799583333333332,-0.2742856753812635,0.0,51.0,23.79289715050312,0.0490393382888847,0.0346796355181826,0.0017339817759091,-0.0824085648148148,-0.2958597287292498,0.0,51.0,23.473310302581208,-0.0256621874583436,-0.0416260064919309,-0.0010406501622982,-0.3598009259259257,-0.3233311546840958,0.0,51.0,22.895935072492804,0.0146509708395222,-0.0651825549393411,-0.0039109532963604
2026-08-15,Javier_Sanoja,691594,hitter,MIA,CIN,2026,824480,104,146,113,0,663903.0,Brady_Singer,0.0,0.0,0.0,0.0,0.0,1.0,1.0,0.0,0.0,1.0,0.0217391304347826,0.0,0.0,0.0,0.0,10.0,3.0,6.576923076923077,6.696831364124597,1.08,0.0,84.0,0,1.0,-0.8660254037844384,-0.5000000000000004,-0.9749279121818236,-0.2225209339563146,0.5,1.5,0.5,0.5,0.5,0.5,1.5,0.5,0.5,0.5,synthetic,synthetic,synthetic,synthetic,synthetic,0.0,0.0,0.0,0.0,0.0,-110.0,-110.0,-110.0,-110.0,-110.0,-110.0,-110.0,-110.0,-110.0,-110.0,0.0,0.0,0.0,0.0,0.0,2026-08-28T01:24:59.045926+00:00,0.5148545558968565,-0.852829295955881,-0.04980952741383854,-0.47710989735672166,-0.02452606394005863,1.0,1.2,0.6,0.0,0.6,0.0,0.0,0.0,0.0,0.0,batter_pitcher_profile_network_v2,1.0,1.0,0.3355702162011783,1.0,0.8276426485153556,0.2491828703703705,0.1655025115542631,-0.0888888888888888,52.0,26.366877073755383,-0.0233108739272904,-0.0319573322777052,-0.0031957332277705,0.0372175925925927,0.2656844934789202,-0.0864197530864197,52.0,25.6067391141298,-0.0376502091140038,-0.1076151649416474,-0.0172184263906635,-0.1113124999999997,0.1800865829322837,-0.074074074074074,52.0,26.723278165370928,-0.006382435794885,-0.0558479993578916,-0.0027923999678945,-0.1323831018518519,0.3702426144980285,-0.0246913580246913,52.0,24.33128222102837,-0.091907373081203,-0.1083958942688719,-0.0027098973567217,-0.4080393518518516,0.2114325666548597,-0.0444444444444444,52.0,26.247408874811267,0.041064683348342,0.0011191743734525,6.7150462407152e-05
2026-08-16,Javier_Sanoja,691594,hitter,MIA,CIN,2026,824477,105,146,113,0,666157.0,Nick_Lodolo,1.0,4.0,1.0,1.0,3.0,5.0,4.0,1.0,1.0,5.0,0.1111111111111111,0.558,0.558,0.75,30.0,65.0,4.7,8.15,8.433673469387754,1.08,9.0,87.0,0,1.0,-0.8660254037844384,-0.5000000000000004,-0.7818314824680299,0.6234898018587334,0.5,0.5,0.5,0.5,0.5,0.5,0.5,0.5,0.5,0.5,synthetic,synthetic,synthetic,synthetic,synthetic,0.0,0.0,0.0,0.0,0.0,-110.0,-110.0,-110.0,-110.0,-110.0,-110.0,-110.0,-110.0,-110.0,-110.0,0.0,0.0,0.0,0.0,0.0,2026-08-28T01:24:59.045926+00:00,0.5206943824023671,1.157556244327257,0.2925361953235379,-0.2142838436067448,0.33676326006877,0.8,0.8,0.4,0.0,0.6,0.0,0.0,0.0,0.0,0.0,batter_pitcher_profile_network_v2,1.0,0.85,0.4307309409417453,0.0,0.7526501407744408,0.2105497685185186,0.2041927646810639,0.0,52.0,26.460732649481685,-0.0080646938605139,0.0244744362685709,0.002447443626857,0.0047662037037037,0.3073266345553351,0.0,52.0,25.61516575999063,-0.031918773990217,-0.0470443062879777,-0.0075270890060764,-0.1280312499999998,0.2711607345204372,0.0,52.0,26.68699815957766,0.0240504370830009,0.0240504370830009,0.00120252185415,-0.1385682870370371,0.4023779801644003,0.0,52.0,24.45427093533361,-0.095353744269795,-0.095353744269795,-0.0023838436067448,-0.4316724537037036,0.3004224200728451,0.0,52.0,26.15043467780697,0.0447315540603447,0.0335486655452585,0.0020129199327155
2026-08-17,Javier_Sanoja,691594,hitter,MIA,PHI,2026,823427,106,146,143,0,650911.0,Cristopher_Sánchez,2.0,3.0,0.0,0.0,2.0,5.0,5.0,0.0,0.0,6.0,0.1162790697674418,0.432,0.432,0.2,17.0,60.84,1.2,12.600000000000001,2.914285714285714,1.08,5.0,86.0,0,1.0,-0.8660254037844384,-0.5000000000000004,0.0,1.0,0.5,1.5,0.5,0.5,0.5,0.5,1.5,0.5,0.5,0.5,synthetic,synthetic,synthetic,synthetic,synthetic,0.0,0.0,0.0,0.0,0.0,-110.0,-110.0,-110.0,-110.0,-110.0,-110.0,-110.0,-110.0,-110.0,-110.0,0.0,0.0,0.0,0.0,0.0,2026-08-28T01:24:59.045926+00:00,0.08131915821665259,0.260463408109034,0.08411268821050155,-0.14478133131498633,0.5060939525317654,0.6,1.2,0.4,0.2,0.6,1.0,4.0,1.0,1.0,3.0,batter_pitcher_profile_network_v2,1.0,1.0,0.4395301732332157,0.0,0.796157553778931,0.2301886574074074,-0.0451504355912074,0.0,52.0,27.361578805479045,0.0076738447144623,-0.005825029129153,-0.0005825029129153,0.0505347222222222,-0.1425445202135184,0.0,52.0,26.656975818416285,-0.003822356918752,-0.0097708504813287,-0.0015633360770126,-0.0902812499999999,0.0237697994766769,0.0,52.0,27.361161997121123,0.030735491784782,0.030735491784782,0.0015367745892391,-0.0840543981481482,-0.2259464663213028,0.0,52.0,25.06099167465984,-0.1046089249715799,-0.1152532525994526,-0.0028813313149863,-0.3698113425925926,0.0438034821114075,0.0,52.0,27.03654667353076,-0.0214337606451568,-0.0160753204838676,-0.000964519229032
2026-08-18,Javier_Sanoja,691594,hitter,MIA,PHI,2026,823423,107,146,143,0,554430.0,Zack_Wheeler,1.0,1.0,0.0,0.0,0.0,4.0,4.0,0.0,1.0,8.0,0.1111111111111111,0.2225,0.2225,0.0,0.0,26.7,9.65,12.375,3.857142857142857,1.08,-9.0,85.0,0,1.0,-0.8660254037844384,-0.5000000000000004,0.7818314824680298,0.6234898018587336,0.5,1.5,0.5,0.5,0.5,0.5,1.5,0.5,0.5,0.5,synthetic,synthetic,synthetic,synthetic,synthetic,0.0,0.0,0.0,0.0,0.0,-110.0,-110.0,-110.0,-110.0,-110.0,-110.0,-110.0,-110.0,-110.0,-110.0,0.0,0.0,0.0,0.0,0.0,2026-08-28T01:24:59.045926+00:00,0.3713977987760215,7.022369105991189e-05,-0.1443855396402035,-0.3393122341083929,0.5843986989877061,0.8,1.6,0.4,0.2,1.0,2.0,3.0,0.0,0.0,2.0,batter_pitcher_profile_network_v2,1.0,0.95,0.4357106781186547,3.0,0.8380441698339415,0.3120182870370372,-0.3913070582595454,-0.2272727272727272,51.0,24.164987948725425,0.0094136289978472,-0.2320458217635959,-0.0232045821763595,0.1325458333333334,-0.2736685940819281,-0.2363636363636363,51.0,25.324170547893424,0.0016036907888121,-0.1877381852642079,-0.0300381096422732,-0.0134479166666664,-0.2122605682765275,0.1818181818181818,51.0,25.471197000883063,0.0237379401679367,0.1526463500530721,0.0076323175026536,-0.0154331018518519,-0.1515838625383039,-0.1212121212121212,51.0,25.57121998148051,-0.1081564923396588,-0.1964893643357174,-0.0049122341083929,-0.2738150462962961,-0.206192801684432,-0.1999999999999999,51.0,25.19075056473444,-0.0522067613692043,-0.2145851756017238,-0.0128751105361034
2026-08-19,Javier_Sanoja,691594,hitter,MIA,PHI,2026,823424,108,146,143,0,605400.0,Aaron_Nola,3.0,6.0,1.0,1.0,1.0,3.0,3.0,0.0,0.0,9.0,0.0857142857142857,1.2933333333333332,1.2933333333333332,1.0,30.0,65.0,3.3000000000000003,12.699999999999998,3.857142857142857,1.08,0.0,85.0,0,1.0,-0.8660254037844384,-0.5000000000000004,0.9749279121818236,-0.22252093395631434,0.5,1.5,0.5,0.5,0.5,0.5,1.5,0.5,0.5,0.5,synthetic,synthetic,synthetic,synthetic,synthetic,0.0,0.0,0.0,0.0,0.0,-110.0,-110.0,-110.0,-110.0,-110.0,-110.0,-110.0,-110.0,-110.0,-110.0,0.0,0.0,0.0,0.0,0.0,2026-08-28T01:24:59.045926+00:00,0.19426317517004887,1.3804201043151898,0.26225792922634694,-0.014004102949208674,0.5630343464662662,0.8,1.6,0.2,0.2,1.0,1.0,1.0,0.0,0.0,0.0,batter_pitcher_profile_network_v2,1.0,1.0,0.3597966971901171,2.0,0.8434249045942106,0.3506513888888891,0.2240221431896063,-0.1733333333333333,53.0,27.030180990095097,-0.0235525660779281,-0.0675587244899909,-0.006755872448999,0.1649972222222223,0.4193127087930848,-0.1777777777777777,53.0,24.85279458119633,-0.0482391817990378,-0.1489368480300651,-0.0238298956848104,0.0282708333333336,0.4179512004552218,-0.1333333333333333,53.0,25.948853188261296,-0.0105623587146635,-0.0936509392825863,-0.0046825469641293,-0.0092479166666667,0.5842739919789255,-0.0888888888888889,53.0,22.431543697473145,-0.1237287092043442,-0.1841641179683495,-0.0046041029492087,-0.2351819444444442,0.4855489143195286,-0.1466666666666666,53.0,24.8409093181464,0.0080068683724363,-0.0937132731812813,-0.0056227963908768
2026-08-21,Javier_Sanoja,691594,hitter,MIA,WSH,2026,823830,109,146,120,1,695418.0,Brad_Lord,2.0,2.0,1.0,0.0,2.0,3.0,3.0,0.0,1.0,2.0,0.0789473684210526,0.5933333333333334,0.5933333333333334,0.0,0.0,65.0,10.125,9.0,2.0337178349600724,1.0766666666666669,0.0,72.0,0,2.0,-0.8660254037844384,-0.5000000000000004,-0.433883739117558,-0.9009688679024191,1.5,2.5,0.5,0.5,1.5,1.5,2.5,0.5,0.5,1.5,synthetic,synthetic,synthetic,synthetic,synthetic,0.0,0.0,0.0,0.0,0.0,-110.0,-110.0,-110.0,-110.0,-110.0,-110.0,-110.0,-110.0,-110.0,-110.0,0.0,0.0,0.0,0.0,0.0,2026-08-28T01:24:59.045926+00:00,-0.06755154605958147,0.30313967547765097,0.11942798886957784,-0.10047618985733159,-0.44486475564219297,1.4,2.8,0.4,0.4,1.2,3.0,6.0,1.0,1.0,1.0,batter_pitcher_profile_network_v2,1.0,0.2,0.8273244067516454,0.0,0.5497305520345847,0.5596328703703705,0.370512195121951,0.0,54.0,26.51042829777657,-0.0691921259827611,0.0358044229640173,0.0035804422964017,0.4113861111111113,0.0450701219512193,0.0,54.0,28.909254352243256,-0.0901379561871656,-0.1320053177383638,-0.0211208508381382,0.2707708333333335,0.6454420731707317,0.0,54.0,23.596991230183896,-0.0464763845148748,-0.0162984084457086,-0.0008149204222854,0.1798724537037037,-0.2640000000000001,0.0,54.0,26.167430012158324,-0.1921811978063876,-0.2003809276266012,-0.005009523190665,0.0571328703703706,0.5072560975609756,0.0,54.0,25.757559142787667,-0.0154002511770291,-0.0065458775559149,-0.0003927526533548
2026-08-22,Javier_Sanoja,691594,hitter,MIA,WSH,2026,823831,110,146,120,1,663623.0,Jake_Irvin,0.0,0.0,0.0,0.0,0.0,3.0,3.0,0.0,0.0,8.0,0.0909090909090909,0.0,0.0,0.0,0.0,10.0,7.625,8.2875,2.7569321206743576,1.0766666666666669,0.0,72.0,0,1.0,-0.8660254037844384,-0.5000000000000004,-0.9749279121818236,-0.2225209339563146,1.5,3.5,0.5,0.5,1.5,1.5,3.5,0.5,0.5,1.5,synthetic,synthetic,synthetic,synthetic,synthetic,0.0,0.0,0.0,0.0,0.0,-110.0,-110.0,-110.0,-110.0,-110.0,-110.0,-110.0,-110.0,-110.0,-110.0,0.0,0.0,0.0,0.0,0.0,2026-08-28T01:24:59.045926+00:00,0.14628345649675767,-1.2620167485538958,-0.08777353812338928,-0.19978467687553603,-0.14503988071879736,1.8,3.2,0.6,0.4,1.6,2.0,2.0,1.0,0.0,2.0,batter_pitcher_profile_network_v2,1.0,0.85,0.4750567888638631,0.0,0.7480347118595503,0.5855611111111112,0.1066456457882489,0.0,54.0,28.70221034611804,-0.0825898549655383,0.0327814136675286,0.0032781413667528,0.4331500000000001,0.1698873526480032,0.0,54.0,28.36674605841368,-0.1105003773870993,-0.1271217239163951,-0.0203394758266232,0.3194166666666667,0.3929959677723155,0.0,54.0,27.344627408561166,-0.0842078129463229,-0.0183119740512347,-0.0009155987025617,0.18416875,0.2812256091321531,0.0,54.0,27.19096015820962,-0.199908775764391,-0.172720408354776,-0.0043180102088694,0.0955611111111112,0.3802191906349476,0.0,54.0,27.25477631035577,-0.1319995591379426,-0.0799262943601028,-0.0047955776616061
2026-08-23,Javier_Sanoja,691594,hitter,MIA,WSH,2026,823827,111,146,120,1,800600.0,,1.0,2.0,0.0,0.0,0.0,4.0,4.0,0.0,0.0,6.0,0.1081081081081081,0.3175,0.3175,0.25,21.25,49.35,4.1,8.2,1.6548913043478273,1.0766666666666669,0.0,72.0,0,1.0,-0.8660254037844384,-0.5000000000000004,-0.7818314824680299,0.6234898018587334,1.5,2.5,0.5,0.5,0.5,1.5,2.5,0.5,0.5,0.5,synthetic,synthetic,synthetic,synthetic,synthetic,0.0,0.0,0.0,0.0,0.0,-110.0,-110.0,-110.0,-110.0,-110.0,-110.0,-110.0,-110.0,-110.0,-110.0,0.0,0.0,0.0,0.0,0.0,2026-08-28T01:24:59.045926+00:00,-0.2843940672954912,-0.5787825982045343,-0.19729195364527125,-0.2258725372161811,0.1880302686129668,1.6,2.4,0.4,0.2,1.0,0.0,0.0,0.0,0.0,0.0,batter_pitcher_profile_network_v2,1.0,0.1,0.8457582521472478,0.0,0.5246394614111962,0.5328157407407409,0.3680464185867155,0.0,54.0,26.85530412974965,-0.0645034691868694,0.0302469494501005,0.00302469494501,0.3889555555555556,0.2103402945146052,0.0,54.0,28.561228293536438,-0.1032528738401998,-0.142260326616179,-0.0227616522585886,0.2637916666666667,0.7244165742793792,0.0,54.0,22.52861302823293,-0.1020295369423918,-0.0725547015775778,-0.0036277350788788,0.1746872685185186,0.018953099392654,0.0,54.0,28.279460585749256,-0.2417454956102079,-0.2412348219805831,-0.0060308705495145,0.0428157407407408,0.6402549889135256,0.0,54.0,24.077045017925744,-0.0967361200884036,-0.0683238623259964,-0.0040994317395597
2026-08-24,Javier_Sanoja,691594,hitter,MIA,BOS,2026,823828,112,146,111,1,624133.0,Ranger_Suarez,0.0,0.0,0.0,0.0,0.0,5.0,4.0,1.0,0.0,7.0,0.1162790697674418,0.1379999999999999,0.1379999999999999,0.0,0.0,16.56,5.8500000000000005,5.8875,0.9642857142857145,1.0766666666666669,0.0,72.0,0,1.0,-0.8660254037844384,-0.5000000000000004,0.0,1.0,0.5,2.5,0.5,0.5,0.5,1.5,2.5,0.5,0.5,0.5,real,real,real,real,real,1.0,1.0,1.0,1.0,1.0,-210.0,430.0,210.0,1200.0,190.0,0.0,0.0,0.0,0.0,0.0,0.7071067811865476,1.2909944487358056,0.7071067811865476,0.0,0.7071067811865476,2026-08-24T13:15:18.979782+00:00,0.8089523127684242,-0.812623387806247,-0.3289260932594633,-0.34372403788803674,-0.17107470188770207,1.4,2.2,0.4,0.2,0.6,1.0,2.0,0.0,0.0,0.0,batter_pitcher_profile_network_v2,1.0,1.0,0.4105207590346745,0.0,0.7997112070182524,0.532815740740741,-0.2432794871794873,0.0,53.0,27.522240028777155,-0.0762461842872815,-0.0764101502781083,-0.0076410150278108,0.3889555555555558,-0.3779337228560913,0.0,53.0,25.348269412913485,-0.1120234785052333,-0.2546883249518368,-0.0407501319922938,0.276291666666667,-0.2750733116298905,0.0,53.0,25.756315150472197,-0.0012394419444512,-0.0460401376145143,-0.0023020068807257,0.1746872685185185,-0.4992842473316157,0.0,53.0,22.331281624671448,-0.2788812939148646,-0.3302948488548077,-0.0082573712213701,0.050315740740741,-0.3073999433315222,0.0,53.0,25.01612331059545,-0.264136069952653,-0.2072195608083233,-0.0124331736484994
2026-08-25,Javier_Sanoja,691594,hitter,MIA,BOS,2026,823826,113,146,111,1,801139.0,Payton_Tolle,1.0,1.0,0.0,0.0,0.0,5.0,5.0,0.0,1.0,4.0,0.1111111111111111,0.178,0.178,0.0,0.0,21.36,2.3000000000000003,12.1,1.285714285714286,1.0766666666666669,0.0,72.0,0,1.0,-0.8660254037844384,-0.5000000000000004,0.7818314824680298,0.6234898018587336,0.5,2.5,0.5,0.5,0.5,1.5,1.5,0.5,0.5,0.5,real,real,real,real,real,1.0,1.0,1.0,1.0,1.0,-185.0,440.0,220.0,1100.0,220.0,0.0,0.0,0.0,0.0,0.0,0.7071067811865476,1.2909944487358056,0.7071067811865476,0.0,0.7071067811865476,2026-08-25T13:13:35.689836+00:00,0.22748682642859896,-1.2019624482526408,-0.26834325897948214,-0.34258312510467603,-0.1487666086163355,1.2,2.0,0.4,0.2,0.6,0.0,0.0,0.0,0.0,0.0,batter_pitcher_profile_network_v2,1.0,1.0,0.4194918059930381,0.0,0.7986122537658529,0.5553703703703705,-0.2401307636951138,0.0,53.0,27.82209010956998,-0.0951775157653233,-0.0774174499997279,-0.0077417449999727,0.408027777777778,-0.2191777109777995,0.0,53.0,27.678164396061355,-0.1255806280653407,-0.2402861349123392,-0.0384457815859742,0.3105000000000003,-0.1563182857071047,0.0,53.0,27.5656926584615,-0.0374034391059768,-0.0655794653039296,-0.0032789732651964,0.1771168981481481,-0.1929507587001422,0.0,53.0,26.967922346549205,-0.2648195629433085,-0.2846583375203771,-0.0071164584380094,0.0778703703703705,-0.1597993956131061,0.0,53.0,27.255804993529413,-0.2596793674478747,-0.2019831594786094,-0.0121189895687165
2026-08-26,Javier_Sanoja,691594,hitter,MIA,BOS,2026,823825,114,146,111,1,543243.0,Sonny_Gray,3.0,3.0,0.0,0.0,1.0,4.0,4.0,0.0,0.0,9.0,0.10526315789473684,0.6675,0.6675,0.0,0.0,65.0,3.0,8.0,1.0928571428571432,1.0766666666666667,0.0,72.0,0,1.0,-0.8660254037844384,-0.5000000000000004,0.9749279121818236,-0.22252093395631434,0.5,2.5,0.5,0.5,0.5,0.5,0.5,0.5,0.5,0.5,real,real,real,real,real,1.0,1.0,1.0,1.0,1.0,-195.0,450.0,220.0,1300.0,260.0,0.0,0.0,0.0,0.0,0.0,0.7071067811865476,1.2909944487358056,0.7071067811865476,0.0,0.7071067811865476,2026-08-26T13:18:59.017498+00:00,0.2850104612930332,-1.463809757558915,-0.19329389352902232,-0.4829452795060849,-0.1553472640702886,0.8,1.0,0.2,0.0,0.4,1.0,1.0,0.0,0.0,0.0,batter_pitcher_profile_network_v2,1.0,1.0,0.3194491347155084,0.0,0.8108674809973502,0.5045662037037041,-0.20115538237398886,0.0,53.0,28.736026998078508,-0.06299199456343257,-0.06907333193182305,-0.006907333193182305,0.3657527777777782,-0.20064737379620634,0.0,53.0,28.429146873199997,-0.1091296490017,-0.21363828737479765,-0.03418212597996762,0.27293750000000055,-0.2914002525252525,0.0,53.0,26.488988067092404,0.0052603785337153736,-0.04886659238495885,-0.0024433296192479426,0.1652502314814816,-0.22252237379620632,0.0,53.0,27.323463853760828,-0.27411938305786815,-0.2991445135767287,-0.007478612839418218,0.034566203703704175,-0.2849199893673578,0.0,53.0,26.365264002435012,-0.2806099201018714,-0.21715991495593784,-0.01302959489735627
