Date,Player,Player_MLBAM_ID,Player_Type,Team,Opponent,Season,Game_ID,Game_Index,Team_ID,Opponent_ID,Is_Home,Opp_Starter_ID,Opp_Starter_Player,H,TB,R,HR,RBI,PA,AB,BB,SO,Batting_Order,Team_PA_share,wOBA,xwOBA,ISO,Barrel%,HardHit%,Opp_Pitcher_ERA_3,Opp_Pitcher_K9_3,Opp_Bullpen_ERA_7,Park_Factor,Wind_Out_MPH,Temp_F,Did_Not_Play,Rest_Days,Month_sin,Month_cos,DayOfWeek_sin,DayOfWeek_cos,Market_H,Market_TB,Market_R,Market_HR,Market_RBI,Synthetic_Market_H,Synthetic_Market_TB,Synthetic_Market_R,Synthetic_Market_HR,Synthetic_Market_RBI,Market_Source_H,Market_Source_TB,Market_Source_R,Market_Source_HR,Market_Source_RBI,Market_H_books,Market_TB_books,Market_R_books,Market_HR_books,Market_RBI_books,Market_H_over_price,Market_TB_over_price,Market_R_over_price,Market_HR_over_price,Market_RBI_over_price,Market_H_under_price,Market_TB_under_price,Market_R_under_price,Market_HR_under_price,Market_RBI_under_price,Market_H_line_std,Market_TB_line_std,Market_R_line_std,Market_HR_line_std,Market_RBI_line_std,Market_Fetched_At_UTC,H_market_gap,TB_market_gap,R_market_gap,HR_market_gap,RBI_market_gap,H_rolling_avg,TB_rolling_avg,R_rolling_avg,HR_rolling_avg,RBI_rolling_avg,H_lag1,TB_lag1,R_lag1,HR_lag1,RBI_lag1,Matchup_Network_Version,Matchup_Network_Batter_Support,Matchup_Network_Pitcher_Support,Pitcher_Profile_Uncertainty,Batter_Vs_Starter_Games,Matchup_Network_Confidence,Batter_Profile_H_Strength,Pitcher_Profile_H_Vulnerability,Batter_Vs_Starter_H_Lift,Archetype_Neighbor_H_Games,Archetype_Neighbor_H_Effective_Support,Archetype_Neighbor_H_Lift,Matchup_Network_H_Score,Matchup_Network_H_Adjustment,Batter_Profile_TB_Strength,Pitcher_Profile_TB_Vulnerability,Batter_Vs_Starter_TB_Lift,Archetype_Neighbor_TB_Games,Archetype_Neighbor_TB_Effective_Support,Archetype_Neighbor_TB_Lift,Matchup_Network_TB_Score,Matchup_Network_TB_Adjustment,Batter_Profile_R_Strength,Pitcher_Profile_R_Vulnerability,Batter_Vs_Starter_R_Lift,Archetype_Neighbor_R_Games,Archetype_Neighbor_R_Effective_Support,Archetype_Neighbor_R_Lift,Matchup_Network_R_Score,Matchup_Network_R_Adjustment,Batter_Profile_HR_Strength,Pitcher_Profile_HR_Vulnerability,Batter_Vs_Starter_HR_Lift,Archetype_Neighbor_HR_Games,Archetype_Neighbor_HR_Effective_Support,Archetype_Neighbor_HR_Lift,Matchup_Network_HR_Score,Matchup_Network_HR_Adjustment,Batter_Profile_RBI_Strength,Pitcher_Profile_RBI_Vulnerability,Batter_Vs_Starter_RBI_Lift,Archetype_Neighbor_RBI_Games,Archetype_Neighbor_RBI_Effective_Support,Archetype_Neighbor_RBI_Lift,Matchup_Network_RBI_Score,Matchup_Network_RBI_Adjustment
2026-03-03,Nick_Gonzales,693304,hitter,MEX,AZ,2026,831800,0,867,109,0,668678.0,Zac_Gallen,1.0,2.0,1.0,0.0,2.0,4.0,4.0,0.0,1.0,6.0,0.10526315789473684,0.3175,0.3175,0.25,21.25,49.35,4.1,8.2,3.681818181818182,1.0611111111111111,0.0,81.0,0,2.0,1.0,6.123233995736766e-17,0.7818314824680298,0.6234898018587336,0.5,1.5,0.5,0.5,1.5,0.5,1.5,0.5,0.5,1.5,synthetic,synthetic,synthetic,synthetic,synthetic,0.0,0.0,0.0,0.0,0.0,-110.0,-110.0,-110.0,-110.0,-110.0,-110.0,-110.0,-110.0,-110.0,-110.0,0.0,0.0,0.0,0.0,0.0,2026-08-07T03:26:40.888653+00:00,0.5560095693779905,0.4654057017543862,0.42809748803827763,-0.3648194444444445,0.2901303827751198,1.0,2.0,1.0,0.0,2.0,1.0,2.0,1.0,0.0,2.0,,0.0,0.0,1.0,0.0,0.0,0.0,0.0,0.0,0.0,0.0,0.0,0.0,0.0,0.0,0.0,0.0,0.0,0.0,0.0,0.0,0.0,0.0,0.0,0.0,0.0,0.0,0.0,0.0,0.0,0.0,0.0,0.0,0.0,0.0,0.0,0.0,0.0,0.0,0.0,0.0,0.0,0.0,0.0,0.0,0.0
2026-03-04,Nick_Gonzales,693304,hitter,MEX,LAD,2026,831799,1,867,119,0,607192.0,Tyler_Glasnow,0.0,0.0,0.0,0.0,0.0,3.0,3.0,0.0,1.0,2.0,0.07317073170731707,0.0,0.0,0.0,0.0,10.0,4.1,8.2,1.7142857142857144,1.0611111111111111,0.0,80.0,0,1.0,1.0,6.123233995736766e-17,0.9749279121818236,-0.22252093395631434,0.5,1.5,0.5,0.5,1.5,0.5,1.5,0.5,0.5,1.5,synthetic,synthetic,synthetic,synthetic,synthetic,0.0,0.0,0.0,0.0,0.0,-110.0,-110.0,-110.0,-110.0,-110.0,-110.0,-110.0,-110.0,-110.0,-110.0,0.0,0.0,0.0,0.0,0.0,2026-08-07T03:26:40.888653+00:00,0.4254657375145181,-0.012514227642276277,0.15465940766550523,-0.48044444444444445,0.05876306620209082,1.0,2.0,1.0,0.0,2.0,1.0,2.0,1.0,0.0,2.0,batter_pitcher_profile_network_v2,0.03333333333333333,0.0,1.0,0.0,0.016666666666666666,0.04329861111111105,0.0,0.0,0.0,0.0,0.0,0.0,0.0,0.24979166666666663,0.0,0.0,0.0,0.0,0.0,0.0,0.0,-0.11093750000000005,0.0,0.0,0.0,0.0,0.0,0.0,0.0,0.8511111111111112,0.0,0.0,0.0,0.0,0.0,0.0,0.0,0.34954861111111113,0.0,0.0,0.0,0.0,0.0,0.0,0.0
2026-03-14,Nick_Gonzales,693304,hitter,PIT,BAL,2026,831562,2,134,110,1,669432.0,Trevor_Rogers,1.0,1.0,0.0,0.0,0.0,3.0,3.0,0.0,0.0,6.0,0.075,0.2966666666666667,0.2966666666666667,0.0,0.0,35.6,23.142857142857142,15.428571428571427,6.798214285714286,1.08,-8.0,80.0,0,10.0,1.0,6.123233995736766e-17,-0.9749279121818236,-0.2225209339563146,0.5,0.5,0.5,0.5,0.5,0.5,0.5,0.5,0.5,0.5,synthetic,synthetic,synthetic,synthetic,synthetic,0.0,0.0,0.0,0.0,0.0,-110.0,-110.0,-110.0,-110.0,-110.0,-110.0,-110.0,-110.0,-110.0,-110.0,0.0,0.0,0.0,0.0,0.0,2026-08-07T03:26:40.888653+00:00,-0.20084999999999986,0.23204999999999998,0.074327380952381,-0.4744,0.40411071428571443,0.5,1.0,0.5,0.0,1.0,0.0,0.0,0.0,0.0,0.0,batter_pitcher_profile_network_v2,0.06666666666666667,0.05,0.9425,0.0,0.04506052083333333,-0.6701785714285715,0.5,0.0,0.0,0.0,0.0,0.0,0.0,-0.5732440476190476,0.6,0.0,0.0,0.0,0.0,0.0,0.0,-0.5392857142857144,0.7416666666666667,0.0,0.0,0.0,0.0,0.0,0.0,-0.027656250000000007,0.6,0.0,0.0,0.0,0.0,0.0,0.0,-0.4675,0.8708333333333333,0.0,0.0,0.0,0.0,0.0,0.0
2026-03-16,Nick_Gonzales,693304,hitter,PIT,MIN,2026,831506,3,134,142,0,657746.0,Joe_Ryan,1.0,1.0,0.0,0.0,0.0,3.0,3.0,0.0,1.0,6.0,0.08571428571428572,0.2966666666666667,0.2966666666666667,0.0,0.0,35.6,0.0,0.0,7.13275221019582,1.08,0.0,83.0,0,2.0,1.0,6.123233995736766e-17,0.0,1.0,0.5,0.5,0.5,0.5,0.5,0.5,0.5,0.5,0.5,0.5,synthetic,synthetic,synthetic,synthetic,synthetic,0.0,0.0,0.0,0.0,0.0,-110.0,-110.0,-110.0,-110.0,-110.0,-110.0,-110.0,-110.0,-110.0,-110.0,0.0,0.0,0.0,0.0,0.0,2026-08-07T03:26:40.888653+00:00,0.866998365939083,0.38360925332943374,-0.002135940992612939,-0.47441749341666667,0.20668808602982303,0.6666666666666666,1.0,0.3333333333333333,0.0,0.6666666666666666,1.0,1.0,0.0,0.0,0.0,batter_pitcher_profile_network_v2,0.1,0.05,0.9425,0.0,0.0617271875,-0.3268055555555554,-0.23976923076923076,0.0,0.0,0.0,0.0,-0.0004505580208333331,-4.505580208333331e-05,-0.4293055555555555,-0.35635576923076917,0.0,0.0,0.0,0.0,-0.0008796666910389954,-0.00014074667056623928,-0.36666666666666664,-0.22341346153846148,0.0,0.0,0.0,0.0,-0.00047103004807692286,-2.3551502403846144e-05,-0.3169097222222222,-0.3839999999999999,0.0,0.0,0.0,0.0,-0.0006997366666666664,-1.749341666666666e-05,-0.5747222222222221,-0.4178846153846154,0.0,0.0,0.0,0.0,-0.0013809635550213674,-8.285781330128204e-05
2026-03-17,Nick_Gonzales,693304,hitter,PIT,HOU,2026,831560,4,134,117,1,621121.0,Lance_McCullers_Jr,0.0,0.0,0.0,0.0,0.0,3.0,3.0,0.0,0.0,6.0,0.08333333333333333,0.0,0.0,0.0,0.0,10.0,6.0,12.0,2.7658408818072684,1.08,-13.0,56.0,0,1.0,1.0,6.123233995736766e-17,0.7818314824680298,0.6234898018587336,0.5,0.5,0.5,0.5,0.5,0.5,0.5,0.5,0.5,0.5,synthetic,synthetic,synthetic,synthetic,synthetic,0.0,0.0,0.0,0.0,0.0,-110.0,-110.0,-110.0,-110.0,-110.0,-110.0,-110.0,-110.0,-110.0,-110.0,0.0,0.0,0.0,0.0,0.0,2026-08-07T03:26:40.888653+00:00,0.019533635272290684,0.24764999999999993,-0.4399579559096366,-0.4744,-0.21670795590963648,0.75,1.0,0.25,0.0,0.5,1.0,1.0,0.0,0.0,0.0,batter_pitcher_profile_network_v2,0.13333333333333333,0.05,0.9425,0.0,0.07839385416666667,-0.43121794871794905,0.049346153846153915,0.0,0.0,0.0,0.0,0.0,0.0,-0.5414022435897438,0.2980288461538462,0.0,0.0,0.0,0.0,0.0,0.0,-0.46442307692307716,0.5052275641025642,0.0,0.0,0.0,0.0,0.0,0.0,-0.46153645833333334,0.53,0.0,0.0,0.0,0.0,0.0,0.0,-0.6283333333333333,0.5639615384615386,0.0,0.0,0.0,0.0,0.0,0.0
2026-03-19,Nick_Gonzales,693304,hitter,PIT,BAL,2026,831501,5,134,110,0,669432.0,Trevor_Rogers,0.0,0.0,0.0,0.0,0.0,3.0,3.0,0.0,2.0,7.0,0.08108108108108109,0.0,0.0,0.0,0.0,10.0,13.821428571428571,11.089285714285714,6.814285714285715,1.08,16.0,73.0,0,2.0,1.0,6.123233995736766e-17,0.43388373911755823,-0.900968867902419,0.5,0.5,0.5,0.5,0.5,0.5,0.5,0.5,0.5,0.5,synthetic,synthetic,synthetic,synthetic,synthetic,0.0,0.0,0.0,0.0,0.0,-110.0,-110.0,-110.0,-110.0,-110.0,-110.0,-110.0,-110.0,-110.0,-110.0,0.0,0.0,0.0,0.0,0.0,2026-08-07T03:26:40.888653+00:00,0.06524920151463476,-0.01655904018747567,-0.2844833201910368,-0.4744,-0.08999780629632614,0.6,0.8,0.2,0.0,0.4,0.0,0.0,0.0,0.0,0.0,batter_pitcher_profile_network_v2,0.16666666666666666,0.1,0.8987912607362389,1.0,0.1260731403893144,-0.3192638888888889,0.544360902255639,0.044444444444444446,0.0,0.0,0.0,0.0421953613496942,0.00421953613496942,-0.497,0.6523637218045113,0.01481481481481481,0.0,0.0,0.0,0.014065120449898062,0.00225041927198369,-0.3687500000000001,0.6876488095238095,-0.044444444444444446,0.0,0.0,0.0,-0.0421953613496942,-0.00210976806748471,-0.6052013888888889,0.7126315789473685,0.0,0.0,0.0,0.0,0.0,0.0,-0.7173888888888889,0.8136904761904762,-0.08888888888888889,0.0,0.0,0.0,-0.0843907226993884,-0.005063443361963304
2026-03-20,Nick_Gonzales,693304,hitter,PIT,ATL,2026,831451,6,134,144,0,660761.0,José_Suarez,1.0,1.0,0.0,0.0,0.0,3.0,3.0,0.0,1.0,4.0,0.09375,0.2966666666666667,0.2966666666666667,0.0,0.0,35.6,8.4375,6.75,2.2520604395604393,1.08,0.0,76.0,0,1.0,1.0,6.123233995736766e-17,-0.433883739117558,-0.9009688679024191,0.5,0.5,0.5,0.5,0.5,0.5,0.5,0.5,0.5,0.5,synthetic,synthetic,synthetic,synthetic,synthetic,0.0,0.0,0.0,0.0,0.0,-110.0,-110.0,-110.0,-110.0,-110.0,-110.0,-110.0,-110.0,-110.0,-110.0,0.0,0.0,0.0,0.0,0.0,2026-08-07T03:26:40.888653+00:00,-0.007953662636485614,-0.1199433590476156,-0.4294697723322165,-0.47452726693869357,-0.48139092340521605,0.4,0.4,0.0,0.0,0.0,0.0,0.0,0.0,0.0,0.0,batter_pitcher_profile_network_v2,0.2,0.05,0.9425,0.0,0.1117271875,-0.6365180311890837,-0.11190441176470595,0.0,0.0,0.0,0.0,-0.0008191355223651964,-8.191355223651964e-05,-0.7286586257309939,-0.3493308823529412,0.0,0.0,0.0,0.0,-0.002927244047597931,-0.000468359047615669,-0.5766447368421052,-0.34520833333333323,0.0,0.0,0.0,0.0,-0.002289219538103069,-0.00011446097690515345,-0.7009780092592593,-0.6315,0.0,0.0,0.0,0.0,-0.005090677547743056,-0.0001272669386935764,-0.7830092592592593,-0.45151960784313716,0.0,0.0,0.0,0.0,-0.00406575638730029,-0.0002439453832380174
2026-03-22,Nick_Gonzales,693304,hitter,PIT,BOS,2026,831552,7,134,111,1,543243.0,Sonny_Gray,1.0,1.0,0.0,0.0,0.0,3.0,3.0,0.0,0.0,6.0,0.08823529411764706,0.2966666666666667,0.2966666666666667,0.0,0.0,35.6,4.949999999999999,8.55,4.726890756302521,1.08,5.0,77.0,0,2.0,1.0,6.123233995736766e-17,-0.7818314824680299,0.6234898018587334,0.5,0.5,0.5,0.5,0.5,0.5,0.5,0.5,0.5,0.5,synthetic,synthetic,synthetic,synthetic,synthetic,0.0,0.0,0.0,0.0,0.0,-110.0,-110.0,-110.0,-110.0,-110.0,-110.0,-110.0,-110.0,-110.0,-110.0,0.0,0.0,0.0,0.0,0.0,2026-08-07T03:26:40.888653+00:00,0.27368151260504203,0.13850294117647066,-0.33256232492997195,-0.4744,-0.363890756302521,0.6,0.6,0.0,0.0,0.0,1.0,1.0,0.0,0.0,0.0,batter_pitcher_profile_network_v2,0.23333333333333334,0.1,0.5847583670368675,0.0,0.14450337667046503,-0.6557233044733044,0.07231818181818178,0.0,0.0,0.0,0.0,0.0,0.0,-0.7524729437229437,0.08442329545454544,0.0,0.0,0.0,0.0,0.0,0.0,-0.5871753246753246,0.39528125,0.0,0.0,0.0,0.0,0.0,0.0,-0.7287549603174603,0.11645454545454546,0.0,0.0,0.0,0.0,0.0,0.0,-0.7731746031746031,0.293875,0.0,0.0,0.0,0.0,0.0,0.0
2026-03-23,Nick_Gonzales,693304,hitter,PIT,ATL,2026,831447,8,134,144,1,800311.0,Didier_Fuentes,1.0,2.0,0.0,0.0,1.0,2.0,2.0,0.0,0.0,8.0,0.06060606060606061,0.635,0.635,0.5,30.0,65.0,0.0,16.5,1.7377747252747253,1.08,0.0,77.0,0,1.0,1.0,6.123233995736766e-17,0.0,1.0,0.5,0.5,0.5,0.5,0.5,0.5,0.5,0.5,0.5,0.5,synthetic,synthetic,synthetic,synthetic,synthetic,0.0,0.0,0.0,0.0,0.0,-110.0,-110.0,-110.0,-110.0,-110.0,-110.0,-110.0,-110.0,-110.0,-110.0,0.0,0.0,0.0,0.0,0.0,2026-08-07T03:26:40.888653+00:00,-0.28479618060180556,0.8589366792929294,-0.3511393461226273,-0.27468734194155087,-0.4450516961857587,0.6,0.6,0.0,0.0,0.0,1.0,1.0,0.0,0.0,0.0,batter_pitcher_profile_network_v2,0.26666666666666666,0.05,0.9425,0.0,0.14506052083333332,-0.5204861111111111,-1.0,0.0,0.0,0.0,0.0,-0.007980787037037036,-0.0007980787037037036,-0.6705729166666667,-1.0,0.0,0.0,0.0,0.0,-0.010282118055555556,-0.0016451388888888891,-0.5109375,-1.0,0.0,0.0,0.0,0.0,-0.007834375000000001,-0.0003917187500000001,-0.7495876736111111,-1.0,0.0,0.0,0.0,0.0,-0.011493677662037037,-0.0002873419415509259,-0.775173611111111,-1.0,0.0,0.0,0.0,0.0,-0.011885995370370368,-0.000713159722222222
2026-03-26,Nick_Gonzales,693304,hitter,PIT,NYM,2026,823649,9,134,121,0,642547.0,Freddy_Peralta,2.0,3.0,1.0,0.0,2.0,4.0,4.0,0.0,1.0,8.0,0.10810810810810811,0.54,0.54,0.25,21.25,65.0,4.125,11.625,7.988682745825604,1.08,4.0,67.0,0,3.0,1.0,6.123233995736766e-17,0.43388373911755823,-0.900968867902419,0.5,0.5,0.5,0.5,0.5,0.5,0.5,0.5,0.5,0.5,synthetic,synthetic,synthetic,synthetic,synthetic,0.0,0.0,0.0,0.0,0.0,-110.0,-110.0,-110.0,-110.0,-110.0,-110.0,-110.0,-110.0,-110.0,-110.0,0.0,0.0,0.0,0.0,0.0,2026-08-07T03:26:40.888653+00:00,0.23052811037118104,0.828591222885722,-0.0315855687516976,-0.35943106883528664,0.1897880338614858,0.6,0.8,0.0,0.0,0.2,1.0,2.0,0.0,0.0,1.0,batter_pitcher_profile_network_v2,0.3,0.1,0.7147555293406318,0.0,0.17624424476557726,-0.3960455246913579,-0.7144835164835165,0.0,0.0,0.0,0.0,-0.02421451714095407,-0.002421451714095407,-0.4730324074074073,-0.7894271978021977,0.0,0.0,0.0,0.0,-0.031955194802076696,-0.005112831168332272,-0.4696180555555554,-0.49066987179487176,0.0,0.0,0.0,0.0,-0.019718445183882254,-0.0009859222591941128,-0.3753279320987654,-0.8170714285714286,0.0,0.0,0.0,0.0,-0.026242753411466386,-0.0006560688352866597,-0.5981288580246912,-0.5800128205128204,0.0,0.0,0.0,0.0,-0.029687309415493995,-0.0017812385649296396
2026-03-28,Nick_Gonzales,693304,hitter,PIT,NYM,2026,823651,10,134,121,0,656849.0,David_Peterson,2.0,2.0,0.0,0.0,1.0,6.0,6.0,0.0,3.0,5.0,0.12,0.2966666666666667,0.2966666666666667,0.0,0.0,35.6,4.3500000000000005,6.1499999999999995,7.024397031539889,1.08,0.0,42.0,0,2.0,1.0,6.123233995736766e-17,-0.9749279121818236,-0.2225209339563146,0.5,1.5,0.5,0.5,0.5,0.5,1.5,0.5,0.5,0.5,synthetic,synthetic,synthetic,synthetic,synthetic,0.0,0.0,0.0,0.0,0.0,-110.0,-110.0,-110.0,-110.0,-110.0,-110.0,-110.0,-110.0,-110.0,-110.0,0.0,0.0,0.0,0.0,0.0,2026-08-07T03:26:40.888653+00:00,0.7806368394680516,-0.05175414258667366,0.10000706619047894,-0.4745249000353988,0.515789113022618,1.0,1.4,0.2,0.0,0.6,2.0,3.0,1.0,0.0,2.0,batter_pitcher_profile_network_v2,0.3333333333333333,0.2,0.7901348395418619,0.0,0.21730836309789103,-0.24040266577060942,-0.18178124999999998,0.0,0.0,0.0,0.0,-0.003057084602106527,-0.0003057084602106527,-0.30628696236559144,-0.2754038461538461,0.0,0.0,0.0,0.0,-0.0059008911667099975,-0.0009441425866735996,-0.3231098790322581,-0.2915096153846153,0.0,0.0,0.0,0.0,-0.0065890410636422906,-0.00032945205318211457,-0.20795138888888892,-0.34343269230769224,0.0,0.0,0.0,0.0,-0.004996001415954748,-0.0001249000353988687,-0.3961284722222221,-0.33123717948717935,0.0,0.0,0.0,0.0,-0.009178975906275024,-0.0005507385543765015
2026-03-29,Nick_Gonzales,693304,hitter,PIT,NYM,2026,823647,11,134,121,0,690997.0,Nolan_McLean,0.0,0.0,0.0,0.0,0.0,5.0,4.0,1.0,1.0,7.0,0.1111111111111111,0.13799999999999998,0.13799999999999998,0.0,0.0,16.56,4.1,8.2,4.967254174397032,1.08,4.0,49.0,0,1.0,1.0,6.123233995736766e-17,-0.7818314824680299,0.6234898018587334,1.5,1.5,0.5,0.5,0.5,1.5,1.5,0.5,0.5,0.5,synthetic,synthetic,synthetic,synthetic,synthetic,0.0,0.0,0.0,0.0,0.0,-110.0,-110.0,-110.0,-110.0,-110.0,-110.0,-110.0,-110.0,-110.0,-110.0,0.0,0.0,0.0,0.0,0.0,2026-08-07T03:26:40.888653+00:00,-0.11224316635745213,-0.023916666666666586,-0.2609872912801484,-0.4744,0.3314293753865184,1.4,1.8,0.2,0.0,0.8,2.0,2.0,0.0,0.0,1.0,batter_pitcher_profile_network_v2,0.36666666666666664,0.0,1.0,0.0,0.18333333333333332,-0.39527803371553366,0.0,0.0,1.0,0.0,0.0,0.0,0.0,-0.42626279688779684,0.0,0.0,1.0,0.0,0.0,0.0,0.0,-0.4144540847665847,0.0,0.0,1.0,0.0,0.0,0.0,0.0,-0.27044823232323223,0.0,0.0,1.0,0.0,0.0,0.0,0.0,-0.4039236111111109,0.0,0.0,1.0,0.0,0.0,0.0,0.0
2026-03-30,Nick_Gonzales,693304,hitter,PIT,CIN,2026,824539,12,134,113,0,695505.0,Chase_Burns,1.0,1.0,0.0,0.0,0.0,4.0,4.0,0.0,0.0,8.0,0.11428571428571428,0.2225,0.2225,0.0,0.0,26.7,4.2,10.2,4.442896389324961,1.08,-14.0,74.0,0,1.0,1.0,6.123233995736766e-17,0.0,1.0,1.5,1.5,0.5,0.5,0.5,1.5,1.5,0.5,0.5,0.5,synthetic,synthetic,synthetic,synthetic,synthetic,0.0,0.0,0.0,0.0,0.0,-110.0,-110.0,-110.0,-110.0,-110.0,-110.0,-110.0,-110.0,-110.0,-110.0,0.0,0.0,0.0,0.0,0.0,2026-08-07T03:26:40.888653+00:00,-0.5281468203230494,-0.386425,-0.246764764350271,-0.4744,0.17429481946624814,1.2,1.6,0.2,0.0,0.8,0.0,0.0,0.0,0.0,0.0,batter_pitcher_profile_network_v2,0.4,0.2,0.7689724289786983,0.0,0.2511601754900219,-0.4294976025132273,-0.06618135811556858,0.0,1.0,0.0,0.0,-0.0026267589604793565,-0.00026267589604793564,-0.4755014880952379,0.008249493927125581,0.0,1.0,0.0,0.0,0.0,0.0,-0.4618191964285713,-0.016207167832167607,0.0,1.0,0.0,0.0,-0.0006916763303812732,-3.458381651906366e-05,-0.34015856481481477,0.07483603238866407,0.0,1.0,0.0,0.0,0.0,0.0,-0.4921464120370368,0.0735524475524478,0.0,1.0,0.0,0.0,0.0,0.0
2026-03-31,Nick_Gonzales,693304,hitter,PIT,CIN,2026,824537,13,134,113,0,682227.0,Brandon_Williamson,2.0,2.0,2.0,0.0,0.0,4.0,4.0,0.0,0.0,6.0,0.10810810810810811,0.445,0.445,0.0,0.0,53.4,0.5625,7.125,3.8494897959183674,1.08,0.0,78.0,0,1.0,1.0,6.123233995736766e-17,0.7818314824680298,0.6234898018587336,1.5,1.5,0.5,0.5,0.5,1.5,1.5,0.5,0.5,0.5,synthetic,synthetic,synthetic,synthetic,synthetic,0.0,0.0,0.0,0.0,0.0,-110.0,-110.0,-110.0,-110.0,-110.0,-110.0,-110.0,-110.0,-110.0,-110.0,0.0,0.0,0.0,0.0,0.0,2026-08-07T03:26:40.888653+00:00,-0.24968819156177702,-0.15579764907723526,-0.14346632161898665,-0.4747647495640371,0.20175295309767127,1.2,1.6,0.2,0.0,0.8,1.0,1.0,0.0,0.0,0.0,batter_pitcher_profile_network_v2,0.43333333333333335,0.15,0.7196786142383254,0.0,0.25594257213003746,-0.36248913043478226,-0.31871210340775563,0.0,2.0,0.0,0.0,-0.014033689840973343,-0.0014033689840973343,-0.44705044593088045,-0.3166990305522914,0.0,2.0,0.0,0.0,-0.017198144570557933,-0.0027517031312892693,-0.43090301003344444,-0.6331431159420289,0.0,2.0,0.0,0.0,-0.033140552622425615,-0.0016570276311212808,-0.39047756410256407,-0.30759576968272623,0.0,2.0,0.0,0.0,-0.01458998256148366,-0.0003647495640370915,-0.5325769230769227,-0.6071376811594201,0.0,2.0,0.0,0.0,-0.03927786388970556,-0.0023566718333823335
2026-04-01,Nick_Gonzales,693304,hitter,PIT,CIN,2026,824536,14,134,113,0,671096.0,Andrew_Abbott,2.0,3.0,1.0,0.0,2.0,5.0,5.0,0.0,1.0,2.0,0.12195121951219512,0.43200000000000005,0.43200000000000005,0.2,17.0,60.84,13.928571428571429,9.714285714285714,3.6393249607535316,1.08,0.0,73.0,0,1.0,0.8660254037844387,-0.4999999999999998,0.9749279121818236,-0.22252093395631434,1.5,1.5,0.5,0.5,0.5,1.5,1.5,0.5,0.5,0.5,synthetic,synthetic,synthetic,synthetic,synthetic,0.0,0.0,0.0,0.0,0.0,-110.0,-110.0,-110.0,-110.0,-110.0,-110.0,-110.0,-110.0,-110.0,-110.0,0.0,0.0,0.0,0.0,0.0,2026-08-07T03:26:40.888653+00:00,-0.1131396612678841,0.23622073170731706,0.4339747846230425,-0.38189999999999996,0.0699808821840181,1.4,1.6,0.6,0.0,0.6,2.0,2.0,2.0,0.0,0.0,batter_pitcher_profile_network_v2,0.4666666666666667,0.3,0.8067012099081718,0.0,0.308687063869208,-0.2157956349206348,0.611992340992341,0.0,2.0,0.0,0.0,0.0,0.0,-0.3481488095238094,0.6102982017982017,0.0,2.0,0.0,0.0,0.0,0.0,-0.3070535714285713,0.7438059163059164,0.0,2.0,0.0,0.0,0.0,0.0,-0.4124176587301587,0.5364886779886779,0.0,2.0,0.0,0.0,0.0,0.0,-0.47115277777777764,0.8195202020202019,0.0,2.0,0.0,0.0,0.0,0.0
2026-04-04,Nick_Gonzales,693304,hitter,PIT,BAL,2026,823404,15,134,110,1,669358.0,Shane_Baz,0.0,0.0,0.0,0.0,0.0,4.0,2.0,2.0,0.0,8.0,0.0975609756097561,0.345,0.345,0.0,0.0,41.4,5.25,10.25,4.353869344940774,1.08,15.0,82.0,0,3.0,0.8660254037844387,-0.4999999999999998,-0.9749279121818236,-0.2225209339563146,1.5,1.5,0.5,0.5,0.5,1.5,1.5,0.5,0.5,0.5,synthetic,synthetic,synthetic,synthetic,synthetic,0.0,0.0,0.0,0.0,0.0,-110.0,-110.0,-110.0,-110.0,-110.0,-110.0,-110.0,-110.0,-110.0,-110.0,0.0,0.0,0.0,0.0,0.0,2026-08-07T03:26:40.888653+00:00,-0.10531112453548497,0.06939175225087801,0.1908761712436896,-0.47472553346235236,0.37046891665419335,1.4,1.6,0.6,0.0,0.6,2.0,3.0,1.0,0.0,2.0,batter_pitcher_profile_network_v2,0.5,0.15,0.8759863543225035,0.0,0.286403750739324,-0.14229755892255871,-0.12904952830188687,0.0,3.0,0.0,0.0,-0.0011386581279041526,-0.00011386581279041526,-0.2706767676767675,-0.38907783018867936,0.0,3.0,0.0,0.0,-0.00653020696859776,-0.0010448331149756416,-0.2248295454545453,-0.35022720125786155,0.0,3.0,0.0,0.0,-0.004882505432834884,-0.0002441252716417442,-0.32633796296296286,-0.6435000000000001,0.0,3.0,0.0,0.0,-0.013021338494094063,-0.0003255334623523516,-0.3728657407407405,-0.32890251572327045,0.0,3.0,0.0,0.0,-0.0076042984986410805,-0.0004562579099184648
2026-04-06,Nick_Gonzales,693304,hitter,PIT,SD,2026,823401,16,134,135,1,608566.0,Germán_Márquez,1.0,1.0,0.0,0.0,0.0,4.0,4.0,0.0,1.0,6.0,0.1111111111111111,0.2225,0.2225,0.0,0.0,26.7,6.442857142857143,11.542857142857144,2.5641783029001073,1.08,12.0,52.0,0,2.0,0.8660254037844387,-0.4999999999999998,0.0,1.0,0.5,1.5,0.5,0.5,0.5,0.5,1.5,0.5,0.5,0.5,synthetic,synthetic,synthetic,synthetic,synthetic,0.0,0.0,0.0,0.0,0.0,-110.0,-110.0,-110.0,-110.0,-110.0,-110.0,-110.0,-110.0,-110.0,-110.0,0.0,0.0,0.0,0.0,0.0,2026-08-07T03:26:40.888653+00:00,0.08649094163981375,-0.6378916666666667,-0.06866608485499459,-0.4744,-0.1953744181883279,1.0,1.2,0.6,0.0,0.4,0.0,0.0,0.0,0.0,0.0,batter_pitcher_profile_network_v2,0.5333333333333333,0.3,0.7990465544619743,0.0,0.3423017057901891,-0.06577176024011305,0.3323483615335189,0.0,3.0,0.0,0.0,0.0,0.0,-0.22644332627118646,0.47534592525165975,0.0,3.0,0.0,0.0,0.0,0.0,-0.1736438471045198,0.6489298654244307,0.0,3.0,0.0,0.0,0.0,0.0,-0.35787760416666664,0.5727644035125293,0.0,3.0,0.0,0.0,0.0,0.0,-0.36930989583333323,0.715243271221532,0.0,3.0,0.0,0.0,0.0,0.0
2026-04-07,Nick_Gonzales,693304,hitter,PIT,SD,2026,823402,17,134,135,1,601713.0,Nick_Pivetta,1.0,1.0,1.0,0.0,2.0,4.0,4.0,0.0,1.0,6.0,0.10810810810810811,0.2225,0.2225,0.0,0.0,26.7,9.0,11.049999999999999,2.5641783029001073,1.08,9.0,41.0,0,1.0,0.8660254037844387,-0.4999999999999998,0.7818314824680298,0.6234898018587336,1.5,1.5,0.5,0.5,0.5,1.5,1.5,0.5,0.5,0.5,synthetic,synthetic,synthetic,synthetic,synthetic,0.0,0.0,0.0,0.0,0.0,-110.0,-110.0,-110.0,-110.0,-110.0,-110.0,-110.0,-110.0,-110.0,-110.0,0.0,0.0,0.0,0.0,0.0,2026-08-07T03:26:40.888653+00:00,-0.6686139489650768,-0.377170945945946,-0.07244986863877834,-0.4744,-0.19890594971985942,1.2,1.4,0.6,0.0,0.4,1.0,1.0,0.0,0.0,0.0,batter_pitcher_profile_network_v2,0.5666666666666667,0.25,0.8003115294937453,0.0,0.3463237927425874,-0.09942431139122282,0.5032831325301204,0.0,4.0,0.0,0.0,0.0,0.0,-0.2616695845004666,0.5374171686746987,0.0,4.0,0.0,0.0,0.0,0.0,-0.21835463352007448,0.7461772088353413,0.0,4.0,0.0,0.0,0.0,0.0,-0.39531454248366005,0.5188554216867471,0.0,4.0,0.0,0.0,0.0,0.0,-0.41289419934640503,0.7752710843373494,0.0,4.0,0.0,0.0,0.0,0.0
2026-04-08,Nick_Gonzales,693304,hitter,PIT,SD,2026,823403,18,134,135,1,650633.0,Michael_King,1.0,2.0,1.0,0.0,0.0,4.0,4.0,0.0,0.0,6.0,0.1111111111111111,0.3175,0.3175,0.25,21.25,49.35,5.7176470588235295,8.047058823529412,4.278464017185821,1.08,-8.0,46.0,0,1.0,0.8660254037844387,-0.4999999999999998,0.9749279121818236,-0.22252093395631434,1.5,1.5,0.5,0.5,0.5,1.5,1.5,0.5,0.5,0.5,synthetic,synthetic,synthetic,synthetic,synthetic,0.0,0.0,0.0,0.0,0.0,-110.0,-110.0,-110.0,-110.0,-110.0,-110.0,-110.0,-110.0,-110.0,-110.0,0.0,0.0,0.0,0.0,0.0,2026-08-07T03:26:40.888653+00:00,-0.42214771382237126,-0.027291475680148558,0.33827867453393823,-0.35877499999999996,0.513023368351506,1.2,1.4,0.8,0.0,0.8,1.0,1.0,1.0,0.0,2.0,batter_pitcher_profile_network_v2,0.6,0.3,0.7506114362696026,0.0,0.37741502971709207,-0.1292456697991521,0.5674581774158045,0.0,5.0,0.6592083021820045,0.02281016840043031,0.0,0.0,-0.29292046710889974,0.6835534063394232,0.0,5.0,0.6341183461966489,0.016042462443825584,0.024063693665738378,0.0038501909865181405,-0.24322139303482576,0.8089159604519774,0.0,5.0,0.6122959060463511,0.019609473492940815,0.019609473492940815,0.0009804736746470409,-0.42859182098765425,0.7892207792207792,0.0,5.0,0.5993253696329366,0.0,0.0,0.0,-0.4427469135802468,0.8516242937853108,0.0,5.0,0.611960585563508,0.04852224056773527,0.03639168042580145,0.002183500825548087
2026-04-10,Nick_Gonzales,693304,hitter,PIT,CHC,2026,824695,19,134,112,0,684007.0,Shota_Imanaga,0.0,0.0,0.0,0.0,0.0,3.0,3.0,0.0,1.0,5.0,0.0967741935483871,0.0,0.0,0.0,0.0,10.0,4.2,9.6,4.7217094935140045,1.0522222222222224,-10.0,49.0,0,2.0,0.8660254037844387,-0.4999999999999998,-0.433883739117558,-0.9009688679024191,0.5,1.5,0.5,0.5,0.5,0.5,1.5,0.5,0.5,0.5,synthetic,synthetic,synthetic,synthetic,synthetic,0.0,0.0,0.0,0.0,0.0,-110.0,-110.0,-110.0,-110.0,-110.0,-110.0,-110.0,-110.0,-110.0,-110.0,0.0,0.0,0.0,0.0,0.0,2026-08-07T03:26:40.888653+00:00,0.36152644425668945,-0.3578232683854339,0.049916253322577875,-0.4832888888888888,0.10255414660688877,1.0,1.4,0.6,0.0,0.8,1.0,2.0,1.0,0.0,0.0,batter_pitcher_profile_network_v2,0.6333333333333333,0.3,0.7768426627982103,0.0,0.3931176988088324,-0.06791797936743246,0.1691283326764978,0.0,6.0,0.8504666765827221,0.023622680430637803,0.0,0.0,-0.2295257289350134,0.3876854464342996,0.0,6.0,0.8607404009269205,0.02159435663775257,0.03239153495662886,0.005182645593060618,-0.20208603595255736,0.350271282616466,0.0,6.0,0.801436085520071,0.022905895518196374,0.022905895518196374,0.0011452947759098186,-0.34684758771929813,0.5953976023976023,0.0,6.0,0.8409603811130537,0.0,0.0,0.0,-0.40144188596491204,0.45031906549108375,0.0,6.0,0.8055614459985314,0.036938229295227804,0.027703671971420853,0.001662220318285251
2026-04-11,Nick_Gonzales,693304,hitter,PIT,CHC,2026,824697,20,134,112,0,665795.0,Edward_Cabrera,0.0,0.0,1.0,0.0,0.0,1.0,1.0,0.0,0.0,7.0,0.020833333333333332,0.0,0.0,0.0,0.0,10.0,3.4615384615384617,6.6945701357466065,4.985445757250269,1.0522222222222224,-7.0,48.0,0,1.0,0.8660254037844387,-0.4999999999999998,-0.9749279121818236,-0.2225209339563146,0.5,0.5,0.5,0.5,0.5,0.5,0.5,0.5,0.5,0.5,synthetic,synthetic,synthetic,synthetic,synthetic,0.0,0.0,0.0,0.0,0.0,-110.0,-110.0,-110.0,-110.0,-110.0,-110.0,-110.0,-110.0,-110.0,-110.0,0.0,0.0,0.0,0.0,0.0,2026-08-07T03:26:40.888653+00:00,-0.010952343163986078,-0.09487504913628009,-0.3208809795073046,-0.4832888888888888,-0.24613111123171388,0.6,0.8,0.4,0.0,0.4,0.0,0.0,0.0,0.0,0.0,batter_pitcher_profile_network_v2,0.6666666666666666,0.3,0.7278568543678867,0.0,0.4115845939353135,-0.16446673235735748,0.15901593777570663,0.0,7.0,1.0313471601415105,0.013655480752110719,0.0,0.0,-0.3147255067567568,0.32262601486045167,0.0,7.0,1.0371725568441592,0.012742850821054945,0.019114276231582416,0.003058284197053187,-0.2904807150900902,0.40448566665299757,0.0,7.0,0.996468512081043,0.01693465260363938,0.01693465260363938,0.000846732630181969,-0.38849826388888886,0.5505173700006387,0.0,7.0,1.0302883223809642,0.0,0.0,0.0,-0.48433159722222213,0.40339337693337146,0.0,7.0,0.9778124613635258,0.024368909017169565,0.018276681762877174,0.0010966009057726304
2026-04-13,Nick_Gonzales,693304,hitter,PIT,WSH,2026,823400,21,134,120,1,676571.0,PJ_Poulin,0.0,0.0,0.0,0.0,0.0,1.0,0.0,1.0,0.0,4.0,0.02,0.69,0.69,0.0,0.0,65.0,4.1,8.2,6.9935064935064934,1.08,14.0,79.0,0,2.0,0.8660254037844387,-0.4999999999999998,0.0,1.0,0.5,0.5,0.5,0.5,0.5,0.5,0.5,0.5,0.5,0.5,synthetic,synthetic,synthetic,synthetic,synthetic,0.0,0.0,0.0,0.0,0.0,-110.0,-110.0,-110.0,-110.0,-110.0,-110.0,-110.0,-110.0,-110.0,-110.0,0.0,0.0,0.0,0.0,0.0,2026-08-07T03:26:40.888653+00:00,0.14456834075877822,0.20765821691791297,0.4486150051682788,-0.4775637636284722,0.04735788304641497,0.6,0.8,0.6,0.0,0.4,0.0,0.0,1.0,0.0,0.0,batter_pitcher_profile_network_v2,0.7,0.1,0.49500000000000005,0.0,0.37893625,-0.22295800264550228,-0.8000000000000002,0.0,8.0,0.4830227660495614,0.001737916767228019,-0.06305252314814805,-0.006305252314814805,-0.3725694444444442,-0.8400000000000001,0.0,8.0,0.3793870364386304,0.001538084380193154,-0.10832364426304351,-0.017331783082086962,-0.3549851190476188,-1.0,0.0,8.0,0.24710872164985098,-0.0047191505575828515,-0.13020639014091606,-0.0065103195070458034,-0.42618220899470893,-0.8400000000000001,0.0,8.0,0.3298145371455218,0.0,-0.12655054513888886,-0.0031637636284722217,-0.5615889550264548,-1.0,0.0,8.0,0.22753259250088143,0.001641335715586584,-0.1972906938151618,-0.011837441628909706
2026-04-14,Nick_Gonzales,693304,hitter,PIT,WSH,2026,823398,22,134,120,1,676571.0,PJ_Poulin,0.0,0.0,0.0,0.0,1.0,4.0,4.0,0.0,1.0,6.0,0.10526315789473684,0.0,0.0,0.0,0.0,10.0,0.0,0.0,7.314935064935065,1.08,0.0,68.0,0,1.0,0.8660254037844387,-0.4999999999999998,0.7818314824680298,0.6234898018587336,0.5,0.5,0.5,0.5,0.5,0.5,0.5,0.5,0.5,0.5,synthetic,synthetic,synthetic,synthetic,synthetic,0.0,0.0,0.0,0.0,0.0,-110.0,-110.0,-110.0,-110.0,-110.0,-110.0,-110.0,-110.0,-110.0,-110.0,0.0,0.0,0.0,0.0,0.0,2026-08-07T03:26:40.888653+00:00,0.501665531263449,-0.13929986285761936,0.031522945938164515,-0.4777648167534722,-0.04625691170285767,0.4,0.6,0.6,0.0,0.4,0.0,0.0,0.0,0.0,0.0,batter_pitcher_profile_network_v2,0.7333333333333333,0.1,0.49500000000000005,1.0,0.4143529166666666,-0.11048353601807562,-0.8000000000000002,-0.09090909090909091,8.0,0.4830227660495614,0.003245489825438606,-0.10068713439216734,-0.010068713439216734,-0.28627143141945777,-0.8400000000000001,-0.07744107744107744,8.0,0.3793870364386304,0.002555217854313297,-0.14310769549170033,-0.02289723127867205,-0.2367685905103669,-1.0,-0.0808080808080808,8.0,0.24710872164985098,-0.004020383362765088,-0.15210772511914467,-0.007605386255957233,-0.43266256313131307,-0.8400000000000001,0.0,8.0,0.3298145371455218,0.0,-0.13459267013888884,-0.0033648167534722213,-0.46682922979797964,-1.0,-0.101010101010101,8.0,0.22753259250088143,0.002446886279835323,-0.24655231056369242,-0.014793138633821545
2026-04-15,Nick_Gonzales,693304,hitter,PIT,WSH,2026,823399,23,134,120,1,663623.0,Jake_Irvin,1.0,1.0,0.0,0.0,1.0,4.0,4.0,0.0,1.0,6.0,0.12121212121212122,0.2225,0.2225,0.0,0.0,26.7,7.5,10.200000000000001,6.189935064935065,1.08,8.0,82.0,0,1.0,0.8660254037844387,-0.4999999999999998,0.9749279121818236,-0.22252093395631434,0.5,0.5,0.5,0.5,0.5,0.5,0.5,0.5,0.5,0.5,synthetic,synthetic,synthetic,synthetic,synthetic,0.0,0.0,0.0,0.0,0.0,-110.0,-110.0,-110.0,-110.0,-110.0,-110.0,-110.0,-110.0,-110.0,-110.0,0.0,0.0,0.0,0.0,0.0,2026-08-07T03:26:40.888653+00:00,-0.09062338136970055,-0.12073715029650323,-0.0011043144283356399,-0.4744,0.022239914871869937,0.2,0.4,0.4,0.0,0.2,0.0,0.0,0.0,0.0,1.0,batter_pitcher_profile_network_v2,0.7666666666666667,0.25,0.6990582687866991,0.0,0.4494246738517407,-0.1844882246376809,-0.03193560767590625,0.0,8.0,1.139641921133402,0.009773864245549758,-0.0013593548225469506,-0.00013593548225469506,-0.3524909420289853,0.09014977916539742,0.0,8.0,1.1424578590631775,0.00885088891608499,0.013276333374127485,0.002124213339860398,-0.3101675724637679,0.2742318027210885,0.0,8.0,1.1502595851878419,0.030933191952767843,0.030933191952767843,0.0015466595976383923,-0.4651494565217391,0.23179518732866278,0.0,8.0,1.1568926542628999,0.0,0.0,0.0,-0.538129528985507,0.26944013605442174,0.0,8.0,1.118649277411748,0.009949046214713713,0.007461784661035285,0.00044770707966211706
2026-04-16,Nick_Gonzales,693304,hitter,PIT,WSH,2026,823396,24,134,120,1,656492.0,Foster_Griffin,2.0,2.0,0.0,0.0,1.0,4.0,4.0,0.0,1.0,2.0,0.08695652173913043,0.445,0.445,0.0,0.0,53.4,1.8,7.1625000000000005,5.22564935064935,1.08,13.0,75.0,0,1.0,0.8660254037844387,-0.4999999999999998,0.43388373911755823,-0.900968867902419,0.5,0.5,0.5,0.5,0.5,0.5,0.5,0.5,0.5,0.5,synthetic,synthetic,synthetic,synthetic,synthetic,0.0,0.0,0.0,0.0,0.0,-110.0,-110.0,-110.0,-110.0,-110.0,-110.0,-110.0,-110.0,-110.0,-110.0,0.0,0.0,0.0,0.0,0.0,2026-08-07T03:26:40.888653+00:00,0.07855184680322747,-0.046746020909964714,-0.06078759023591118,-0.4752832255653658,0.1335695137160411,0.2,0.2,0.2,0.0,0.4,1.0,1.0,0.0,0.0,1.0,batter_pitcher_profile_network_v2,0.8,0.3,0.7453639787089408,0.0,0.47760787378244646,-0.2039169973544971,-0.29896247103608065,0.0,9.0,1.091628972160892,0.009408765773300654,-0.012418808459349846,-0.0012418808459349847,-0.372549603174603,-0.3286731214829526,0.0,9.0,0.9537784335560994,0.00578510020726623,-0.016265891556845213,-0.0026025426490952344,-0.3168898809523808,-0.36882494758909834,0.0,9.0,0.8067505779932761,0.0011033505673208944,-0.022705503193660725,-0.0011352751596830364,-0.48719762731481475,-0.35597264978483933,0.0,9.0,0.8251826502128771,0.0,-0.03532902261463298,-0.0008832255653658245,-0.550196759259259,-0.41606944444444427,0.0,9.0,0.7171903717525278,0.007203526554004352,-0.041230389694064035,-0.002473823381643842
2026-04-17,Nick_Gonzales,693304,hitter,PIT,TB,2026,823397,25,134,139,1,607259.0,Nick_Martinez,0.0,0.0,0.0,0.0,0.0,4.0,4.0,0.0,1.0,6.0,0.10256410256410256,0.0,0.0,0.0,0.0,10.0,2.142857142857143,6.071428571428572,4.47564935064935,1.08,2.0,77.0,0,1.0,0.8660254037844387,-0.4999999999999998,-0.433883739117558,-0.9009688679024191,0.5,0.5,0.5,0.5,0.5,0.5,0.5,0.5,0.5,0.5,synthetic,synthetic,synthetic,synthetic,synthetic,0.0,0.0,0.0,0.0,0.0,-110.0,-110.0,-110.0,-110.0,-110.0,-110.0,-110.0,-110.0,-110.0,-110.0,0.0,0.0,0.0,0.0,0.0,2026-08-07T03:26:40.888653+00:00,0.5486237762237762,0.1639003349604875,-0.360299211288838,-0.4744,0.12067496027847602,0.6,0.6,0.2,0.0,0.6,2.0,2.0,0.0,0.0,1.0,batter_pitcher_profile_network_v2,0.8333333333333334,0.3,0.7923212002188447,0.0,0.4925488625586241,-0.17088989898989923,0.7765413279132792,0.0,10.0,1.1918621695167548,0.01653232037709122,0.0,0.0,-0.34866363636363656,0.8450525067750678,0.0,10.0,1.2119977325966143,0.013543062335364942,0.020314593503047415,0.0032503349604875863,-0.25561363636363654,0.7468419312169312,0.0,10.0,1.3411603508747492,0.038751038958505,0.038751038958505,0.00193755194792525,-0.4956152777777778,0.9301219512195122,0.0,10.0,1.2054386696247648,0.0,0.0,0.0,-0.5000944444444444,0.8308862433862434,0.0,10.0,1.2978788953758797,0.028380180680528496,0.02128513551039637,0.0012771081306237823
2026-04-18,Nick_Gonzales,693304,hitter,PIT,TB,2026,823394,26,134,139,1,656876.0,Drew_Rasmussen,0.0,0.0,0.0,0.0,0.0,1.0,1.0,0.0,0.0,9.0,0.018518518518518517,0.0,0.0,0.0,0.0,10.0,1.2,9.5,5.922077922077922,1.08,17.0,81.0,0,1.0,0.8660254037844387,-0.4999999999999998,-0.9749279121818236,-0.2225209339563146,0.5,0.5,0.5,0.5,0.5,0.5,0.5,0.5,0.5,0.5,synthetic,synthetic,synthetic,synthetic,synthetic,0.0,0.0,0.0,0.0,0.0,-110.0,-110.0,-110.0,-110.0,-110.0,-110.0,-110.0,-110.0,-110.0,-110.0,0.0,0.0,0.0,0.0,0.0,2026-08-07T03:26:40.888653+00:00,0.049690431040786964,-0.20842268928101637,-0.5,-0.4744,-0.06725425465197876,0.6,0.6,0.0,0.0,0.6,0.0,0.0,0.0,0.0,0.0,batter_pitcher_profile_network_v2,0.8666666666666667,0.3,0.7848748747493732,0.0,0.5094891816862939,-0.23374872259383145,-0.1105022739818082,0.0,11.0,1.5231666369998162,0.019832386910237716,-0.004815747312189096,-0.00048157473121890966,-0.40465370680044604,0.05983664830681349,0.0,11.0,1.55658914142676,0.01127120206983908,0.01690680310475862,0.0027050884967613795,-0.3225142837235229,-0.2319945390436876,0.0,11.0,1.2022037213869265,-0.0036978855268553503,-0.017647748615766193,-0.0008823874307883096,-0.5219324252136752,0.2162511219910241,0.0,11.0,1.5676907733679621,0.0,0.0,0.0,-0.5636191239316239,-0.14760491916064666,0.0,11.0,1.2260487538422289,0.017660222262527652,-0.002265475560879122,-0.00013592853365274732
2026-04-19,Nick_Gonzales,693304,hitter,PIT,TB,2026,823393,27,134,139,1,663556.0,Shane_McClanahan,2.0,2.0,1.0,0.0,1.0,4.0,4.0,0.0,0.0,2.0,0.10810810810810811,0.445,0.445,0.0,0.0,53.4,3.9857142857142858,8.721428571428572,5.738404452690167,1.08,15.0,50.0,0,1.0,0.8660254037844387,-0.4999999999999998,-0.7818314824680299,0.6234898018587334,0.5,0.5,0.5,0.5,0.5,0.5,0.5,0.5,0.5,0.5,synthetic,synthetic,synthetic,synthetic,synthetic,0.0,0.0,0.0,0.0,0.0,-110.0,-110.0,-110.0,-110.0,-110.0,-110.0,-110.0,-110.0,-110.0,-110.0,0.0,0.0,0.0,0.0,0.0,2026-08-07T03:26:40.888653+00:00,0.06434523271783321,0.07739610068694147,-0.13765277938050374,-0.4764065904086746,0.15805325779030066,0.6,0.6,0.0,0.0,0.6,0.0,0.0,0.0,0.0,0.0,batter_pitcher_profile_network_v2,0.9,0.3,0.7389772502140308,0.0,0.5278425860546344,-0.2767617483074474,-0.6826577121508629,0.0,12.0,1.0249252926555315,0.01294032073462667,-0.044384357372637954,-0.004438435737263795,-0.4463699721226604,-0.6764225622170827,0.0,12.0,0.9060189493292355,0.007462292863435249,-0.059737208544453815,-0.00955795336711261,-0.37880824372759864,-0.36357864357864345,0.0,12.0,1.240093204395761,-0.013429569311703476,-0.04578436462456687,-0.0022892182312283437,-0.5463001543209876,-0.6254124612069817,0.0,12.0,0.8588556370542436,0.0,-0.08026361634698549,-0.0020065904086746375,-0.6251234567901234,-0.5533766233766234,0.0,12.0,0.9669359848232182,0.00830764881266436,-0.07503499965571511,-0.004502099979342907
2026-04-21,Nick_Gonzales,693304,hitter,PIT,TEX,2026,822914,28,134,140,0,677958.0,Kumar_Rocker,2.0,2.0,0.0,0.0,0.0,4.0,4.0,0.0,2.0,6.0,0.11764705882352941,0.445,0.445,0.0,0.0,53.4,4.285714285714286,8.657142857142857,4.628571428571429,1.08,0.0,74.0,0,2.0,0.8660254037844387,-0.4999999999999998,0.7818314824680298,0.6234898018587336,0.5,0.5,0.5,0.5,0.5,0.5,0.5,0.5,0.5,0.5,synthetic,synthetic,synthetic,synthetic,synthetic,0.0,0.0,0.0,0.0,0.0,-110.0,-110.0,-110.0,-110.0,-110.0,-110.0,-110.0,-110.0,-110.0,-110.0,0.0,0.0,0.0,0.0,0.0,2026-08-07T03:26:40.888653+00:00,0.704548892922157,0.6243537241441364,0.049591581324111345,-0.47533810011732025,0.27814436945353715,1.0,1.0,0.2,0.0,0.6,2.0,2.0,1.0,0.0,1.0,batter_pitcher_profile_network_v2,0.9333333333333333,0.2,0.6819282205915363,0.0,0.519959425262174,-0.20608866183930613,-0.17619836488812388,0.0,13.0,1.799101917330045,0.02039694694780831,-0.010779978341454572,-0.0010779978341454572,-0.39668476926853213,-0.19548601549053346,0.0,13.0,1.6651443010895717,0.01111036254855095,-0.006355400569737272,-0.0010168640911579635,-0.2930389359351988,-0.0153695496270796,0.0,13.0,1.755238518845717,0.009891367826929273,0.008554315557855631,0.0004277157778927816,-0.5517051091269842,-0.22910800344234067,0.0,13.0,1.5105362023995794,0.0,-0.037524004692810906,-0.0009381001173202727,-0.5758382936507936,-0.07964916810097517,0.0,13.0,1.627190935542236,0.015106796906264014,-0.0022857191917479928,-0.00013714315150487955
2026-04-22,Nick_Gonzales,693304,hitter,PIT,TEX,2026,822913,29,134,140,0,683004.0,Jack_Leiter,1.0,1.0,1.0,0.0,0.0,4.0,4.0,0.0,0.0,6.0,0.10256410256410256,0.2225,0.2225,0.0,0.0,26.7,6.279144385026739,10.26096256684492,3.985714285714286,1.08,0.0,74.0,0,1.0,0.8660254037844387,-0.4999999999999998,0.9749279121818236,-0.22252093395631434,1.5,1.5,0.5,0.5,0.5,1.5,1.5,0.5,0.5,0.5,synthetic,synthetic,synthetic,synthetic,synthetic,0.0,0.0,0.0,0.0,0.0,-110.0,-110.0,-110.0,-110.0,-110.0,-110.0,-110.0,-110.0,-110.0,-110.0,0.0,0.0,0.0,0.0,0.0,2026-08-07T03:26:40.888653+00:00,-0.28674704436876874,-0.3650578706539407,-0.26375898939011044,-0.4744,-0.13394659066075837,1.2,1.2,0.2,0.0,0.4,2.0,2.0,0.0,0.0,0.0,batter_pitcher_profile_network_v2,0.9666666666666667,0.35,0.7311418885067344,0.0,0.5744856248636071,-0.2148705948181024,-0.05313336832443889,0.0,14.0,2.0107709783140333,0.02282849013102152,-0.0029671822432526767,-0.0002967182243252677,-0.4001468077842266,0.15635415098020902,0.0,14.0,2.0106204912022023,0.009029705608580045,0.013544558412870066,0.0021671293460592106,-0.28618129054284724,0.14095625859892702,0.0,14.0,1.9669496178154067,0.011990541868120161,0.011990541868120161,0.0005995270934060081,-0.5567373084291188,0.3211697984622234,0.0,14.0,1.9766391917628845,0.0,0.0,0.0,-0.5439176245210727,0.21485164229197257,0.0,14.0,1.9106693664179626,0.008940231958725009,0.006705173969043757,0.0004023104381426254
2026-04-23,Nick_Gonzales,693304,hitter,PIT,TEX,2026,822912,30,134,140,0,594798.0,Jacob_deGrom,2.0,2.0,0.0,0.0,0.0,4.0,3.0,0.0,0.0,6.0,0.11428571428571428,0.625,0.625,0.0,0.0,65.0,1.0999999999999999,10.35,5.271428571428572,1.08,0.0,74.0,0,1.0,0.8660254037844387,-0.4999999999999998,0.43388373911755823,-0.900968867902419,0.5,0.5,0.5,0.5,0.5,0.5,0.5,0.5,0.5,0.5,synthetic,synthetic,synthetic,synthetic,synthetic,0.0,0.0,0.0,0.0,0.0,-110.0,-110.0,-110.0,-110.0,-110.0,-110.0,-110.0,-110.0,-110.0,-110.0,0.0,0.0,0.0,0.0,0.0,2026-08-07T03:26:40.888653+00:00,0.49850173023623134,0.5593738933572654,0.30282606289656344,-0.4755714270333197,-0.075192411455613,1.0,1.0,0.4,0.0,0.2,1.0,1.0,1.0,0.0,0.0,batter_pitcher_profile_network_v2,1.0,0.25,0.7459767938851146,0.0,0.5646544606872683,-0.1935451388888885,-0.6621408496732025,0.0,15.0,1.5082637920512934,0.03207926874455835,-0.032554126209116546,-0.0032554126209116546,-0.39070138888888856,-0.46904498132586353,0.0,15.0,1.637465819984134,0.017175495780908052,-0.020788166517091703,-0.0033261066427346725,-0.2902604166666663,-0.44734431216931214,0.0,15.0,1.6063906612580527,0.008076671728636551,-0.024907313497303327,-0.0012453656748651664,-0.5713229166666666,-0.322864425770308,0.0,15.0,1.6910204963957385,0.0,-0.04685708133279074,-0.0011714270333197687,-0.5664618055555553,-0.45954338624338614,0.0,15.0,1.5246451181382654,0.006748986135401624,-0.061064000450693684,-0.003663840027041621
2026-04-24,Nick_Gonzales,693304,hitter,PIT,MIL,2026,823800,31,134,158,0,605540.0,Brandon_Woodruff,1.0,1.0,1.0,0.0,1.0,4.0,4.0,0.0,0.0,6.0,0.1,0.2225,0.2225,0.0,0.0,26.7,3.5756302521008405,6.831932773109243,4.622448979591837,1.0733333333333333,0.0,71.0,0,1.0,0.8660254037844387,-0.4999999999999998,-0.433883739117558,-0.9009688679024191,1.5,1.5,0.5,0.5,0.5,1.5,1.5,0.5,0.5,0.5,synthetic,synthetic,synthetic,synthetic,synthetic,0.0,0.0,0.0,0.0,0.0,-110.0,-110.0,-110.0,-110.0,-110.0,-110.0,-110.0,-110.0,-110.0,-110.0,0.0,0.0,0.0,0.0,0.0,2026-08-07T03:26:40.888653+00:00,0.025250354325059954,-0.24547988673919696,-0.10676056945029871,-0.47653333333333336,-0.24111712018527642,1.4,1.4,0.4,0.0,0.2,2.0,2.0,0.0,0.0,0.0,batter_pitcher_profile_network_v2,1.0,0.3,0.8004476009233923,0.0,0.5755835506660654,-0.10719080687830695,-0.11732775124239685,0.0,16.0,2.3153464101910464,0.02936709309421829,-0.002509662031513936,-0.00025096620315139364,-0.34146825396825403,0.05462312991810836,0.0,16.0,2.3206314190908985,0.015604638586679388,0.02340695788001908,0.003745113260803053,-0.20046130952380964,-0.07200753889126268,0.0,16.0,2.197069935091855,0.022720115514052303,0.019839631402187863,0.0009919815701093931,-0.6277662037037036,0.2458837231384473,0.0,16.0,2.3067603865315656,0.0,0.0,0.0,-0.5316550925925926,-0.012180561490132746,0.0,16.0,2.1508452251349457,0.010843715771221245,0.00684051391886041,0.0004104308351316246
2026-04-25,Nick_Gonzales,693304,hitter,PIT,MIL,2026,823799,32,134,158,0,694819.0,Jacob_Misiorowski,3.0,3.0,1.0,0.0,1.0,5.0,5.0,0.0,1.0,5.0,0.11904761904761904,0.534,0.534,0.0,0.0,64.08,3.4124999999999996,13.8375,4.9438775510204085,1.0733333333333333,0.0,62.0,0,1.0,0.8660254037844387,-0.4999999999999998,-0.9749279121818236,-0.2225209339563146,1.5,1.5,0.5,0.5,0.5,1.5,1.5,0.5,0.5,0.5,synthetic,synthetic,synthetic,synthetic,synthetic,0.0,0.0,0.0,0.0,0.0,-110.0,-110.0,-110.0,-110.0,-110.0,-110.0,-110.0,-110.0,-110.0,-110.0,0.0,0.0,0.0,0.0,0.0,2026-08-07T03:26:40.888653+00:00,-0.3304283811464368,-0.10633005455621891,0.38253569571515256,-0.4784102315191796,0.18461001252392073,1.6,1.6,0.6,0.0,0.4,1.0,1.0,1.0,0.0,1.0,batter_pitcher_profile_network_v2,1.0,0.4,0.6832830303079711,0.0,0.6065191315149094,-0.026441802061495108,-0.6071754654581087,0.0,17.0,1.8977952947220404,0.03644386725193183,-0.00508483187253188,-0.000508483187253188,-0.2809395964360584,-0.5018386054630083,0.0,17.0,1.8820697610716157,0.021101615937459964,-0.013000340976367208,-0.0020800545562187534,-0.13066529088050277,-0.17589987546954086,0.0,17.0,2.282052240432134,0.025115788772586068,0.017836363282639503,0.0008918181641319752,-0.6215810185185184,-0.38135691756491896,0.0,17.0,1.8944553741755874,0.0,-0.07507592743384987,-0.001876898185846247,-0.4930219907407405,-0.26521914298546445,0.0,17.0,2.093855732424884,0.015576625648725338,-0.029731083784997576,-0.0017838650270998544
2026-04-26,Nick_Gonzales,693304,hitter,PIT,MIL,2026,823797,33,134,158,0,690986.0,Kyle_Harrison,1.0,2.0,0.0,0.0,0.0,4.0,3.0,1.0,2.0,2.0,0.12121212121212122,0.49,0.49,0.3333333333333333,28.333333333333332,65.0,3.5096153846153846,7.0673076923076925,4.714285714285714,1.0733333333333333,0.0,62.0,0,1.0,0.8660254037844387,-0.4999999999999998,-0.7818314824680299,0.6234898018587334,1.5,1.5,0.5,0.5,0.5,1.5,1.5,0.5,0.5,0.5,synthetic,synthetic,synthetic,synthetic,synthetic,0.0,0.0,0.0,0.0,0.0,-110.0,-110.0,-110.0,-110.0,-110.0,-110.0,-110.0,-110.0,-110.0,-110.0,0.0,0.0,0.0,0.0,0.0,2026-08-07T03:26:40.888653+00:00,0.41858219717173983,0.6864567371161554,0.3810389592817398,-0.3223666666666667,0.16514526969849186,1.8,1.8,0.6,0.0,0.4,3.0,3.0,1.0,0.0,1.0,batter_pitcher_profile_network_v2,1.0,0.35,0.7540096844352082,0.0,0.5901718347798405,-0.003557175925925561,-0.06474018900061393,0.0,18.0,2.7232334071479856,0.03849783523870154,-5.664966122090804e-05,-5.664966122090805e-06,-0.2582115740740738,0.14093086368784633,0.0,18.0,2.70306683695583,0.017262919802161835,0.02589437970324275,0.00414310075251884,-0.0968483796296293,0.23360937315372815,0.0,18.0,2.7047582058525688,0.04694801680362529,0.04694801680362529,0.0023474008401812648,-0.6110328703703702,0.32228167013945924,0.0,18.0,2.655576775646318,0.0,0.0,0.0,-0.44536273148148126,0.26981233014297545,0.0,18.0,2.611170594455496,0.01967843197225681,0.014758823979192606,0.0008855294387515564
2026-04-27,Nick_Gonzales,693304,hitter,PIT,STL,2026,823395,34,134,138,1,669160.0,Dustin_May,3.0,4.0,1.0,0.0,0.0,4.0,4.0,0.0,1.0,6.0,0.11764705882352941,0.7625,0.7625,0.25,21.25,65.0,1.5625,6.8125,4.435092218705664,1.08,-10.0,72.0,0,1.0,0.8660254037844387,-0.4999999999999998,0.0,1.0,1.5,1.5,0.5,0.5,0.5,1.5,1.5,0.5,0.5,0.5,synthetic,synthetic,synthetic,synthetic,synthetic,0.0,0.0,0.0,0.0,0.0,-110.0,-110.0,-110.0,-110.0,-110.0,-110.0,-110.0,-110.0,-110.0,-110.0,0.0,0.0,0.0,0.0,0.0,2026-08-07T03:26:40.888653+00:00,0.048783624875164744,0.5693280945155301,0.33059382527933123,-0.36127214905256577,0.06510136935459787,1.6,1.8,0.6,0.0,0.4,1.0,2.0,0.0,0.0,0.0,batter_pitcher_profile_network_v2,1.0,0.4,0.6470109285970391,0.0,0.6082964644987451,0.007493537631668844,-0.010990018427518511,0.0,19.0,2.9462276829275873,0.03459347124035906,-2.9070103165792953e-05,-2.9070103165792956e-06,-0.22141850577641825,-0.2669588708026208,0.0,19.0,2.6670343279560966,0.03508714611055824,0.031765664251474215,0.005082506280235875,-0.06262012614678855,-0.47241792929292925,0.0,19.0,2.2660405493559925,0.02002083445394454,0.009578404528019861,0.0004789202264009931,-0.5171578703703703,-0.547167204135954,0.0,19.0,1.9967210253098635,0.0,-0.09988596210263317,-0.0024971490525658295,-0.36850162037036993,-0.4541540404040404,0.0,19.0,2.2318948000741647,0.01751818155600348,-0.04593637928593303,-0.0027561827571559814
2026-04-28,Nick_Gonzales,693304,hitter,PIT,STL,2026,823390,35,134,138,1,681517.0,Kyle_Leahy,2.0,2.0,0.0,0.0,2.0,4.0,4.0,0.0,0.0,5.0,0.10810810810810811,0.445,0.445,0.0,0.0,53.4,5.7,6.300000000000001,3.4708065044199503,1.08,7.0,71.0,0,1.0,0.8660254037844387,-0.4999999999999998,0.7818314824680298,0.6234898018587336,1.5,1.5,0.5,0.5,0.5,1.5,2.5,0.5,0.5,0.5,synthetic,real,real,real,synthetic,0.0,8.0,7.0,8.0,0.0,-110.0,143.375,148.71428571428572,1090.0,-110.0,-110.0,-189.33333333333334,-196.0,0.0,-110.0,0.0,0.0,0.0,0.0,0.0,2026-04-28T17:23:11.163256+00:00,0.5702595909271388,0.7685945265252179,0.24737602222532462,-0.4744,-0.08701361487184112,2.0,2.4,0.6,0.0,0.4,3.0,4.0,1.0,0.0,0.0,batter_pitcher_profile_network_v2,1.0,0.45,0.6824572937454565,0.0,0.6198795416822818,0.11153888888888897,0.31294837245242924,0.0,20.0,2.9911075705269132,0.028004291919092764,0.011084118314217701,0.00110841183142177,-0.11181574074074072,0.28532105428378246,0.0,20.0,3.0714596920506154,0.023501968629849157,0.035252952944773736,0.005640472471163798,0.05783333333333332,0.35571120689655183,0.0,20.0,3.006123176783169,0.035857138387015285,0.042389615762215505,0.0021194807881107754,-0.43454791666666664,0.2789632956630928,0.0,20.0,3.0326112812432644,0.0,0.0,0.0,-0.21860000000000004,0.35499042145593884,0.0,20.0,2.9418962387714527,-0.004201671732751901,-0.003151253799563926,-0.00018907522797383556
2026-04-29,Nick_Gonzales,693304,hitter,PIT,STL,2026,823392,36,134,138,1,669467.0,Andre_Pallante,1.0,1.0,1.0,0.0,0.0,5.0,5.0,0.0,2.0,6.0,0.11904761904761904,0.178,0.178,0.0,0.0,21.36,5.8875,8.700000000000001,3.9717341482047375,1.08,7.0,57.0,0,1.0,0.8660254037844387,-0.4999999999999998,0.9749279121818236,-0.22252093395631434,1.5,1.5,0.5,0.5,0.5,1.5,2.5,0.5,0.5,0.5,synthetic,real,real,synthetic,synthetic,0.0,8.0,7.0,0.0,0.0,-110.0,0.0,0.0,-110.0,-110.0,-110.0,0.0,0.0,-110.0,-110.0,0.0,1.0606601717798212,0.0,0.0,0.0,2026-04-30T03:22:26.750124+00:00,0.27963421308092484,0.38439389127212475,-0.011603371489747827,-0.4745304581091972,0.46375689008281396,2.0,2.4,0.6,0.0,0.8,2.0,2.0,0.0,0.0,2.0,batter_pitcher_profile_network_v2,1.0,0.3,0.7632880923421008,0.0,0.5769491626064278,0.2668331206206206,-0.047784547152194254,0.0,21.0,3.478399444983287,0.05013990338516474,-0.0030181951393128226,-0.0003018195139312823,0.0054143643643643526,-0.07386017740429504,0.0,21.0,3.3859398065835316,0.04024598862813748,0.060274320450778594,0.009643891272124575,0.19915371621621608,0.045535052910053,0.0,21.0,3.3975379494667632,0.02105180598229151,0.023198422000305956,0.0011599211000152979,-0.4184738425925926,-0.05267962184873946,0.0,21.0,3.2380880642212317,0.0,-0.005218324367889218,-0.00013045810919723046,-0.13263009259259276,-0.03531481481481473,0.0,21.0,3.2576087646795715,0.01859345440525417,0.012836377876284291,0.0007701826725770574
2026-04-30,Nick_Gonzales,693304,hitter,PIT,STL,2026,823391,37,134,138,1,690928.0,Hunter_Dobbins,0.0,0.0,0.0,0.0,0.0,4.0,2.0,1.0,0.0,5.0,0.1,0.3525,0.3525,0.0,0.0,42.3,4.1,8.2,4.127578304048893,1.08,11.0,46.0,0,1.0,0.8660254037844387,-0.4999999999999998,0.43388373911755823,-0.900968867902419,1.5,2.5,0.5,0.5,0.5,1.5,2.5,0.5,0.5,0.5,synthetic,synthetic,synthetic,synthetic,synthetic,0.0,0.0,0.0,0.0,0.0,-110.0,-110.0,-110.0,-110.0,-110.0,-110.0,-110.0,-110.0,-110.0,-110.0,0.0,0.0,0.0,0.0,0.0,2026-08-07T03:26:40.888653+00:00,0.09183646549528901,-0.6995058402820395,0.2180063457291047,-0.4744,0.045016381135020045,2.0,2.4,0.6,0.0,0.6,1.0,1.0,1.0,0.0,0.0,batter_pitcher_profile_network_v2,1.0,0.0,1.0,0.0,0.5,0.2230265117994098,0.0,0.0,22.0,3.6732787036984593,0.04513637994533307,0.0,0.0,-0.02752584398557863,0.0,0.0,22.0,3.614531216437769,0.03341316549150172,0.050119748237252584,0.008019159717960413,0.15441906342182887,0.0,0.0,22.0,3.561603864223948,0.020048610533198806,0.020048610533198806,0.0010024305266599404,-0.4237479166666667,0.0,0.0,22.0,3.4666866671480463,0.0,0.0,0.0,-0.16020972222222213,0.0,0.0,22.0,3.465816093618031,0.0063881318350044545,0.004791098876253341,0.0002874659325752005
2026-05-01,Nick_Gonzales,693304,hitter,PIT,CIN,2026,823389,38,134,113,1,663903.0,Brady_Singer,3.0,3.0,1.0,0.0,0.0,5.0,4.0,1.0,0.0,5.0,0.11363636363636363,0.6719999999999999,0.6719999999999999,0.0,0.0,65.0,3.125,3.1875,5.514935064935066,1.08,11.0,47.0,0,1.0,0.49999999999999994,-0.8660254037844387,-0.433883739117558,-0.9009688679024191,1.5,1.5,0.5,0.5,0.5,1.5,1.5,0.5,0.5,0.5,synthetic,real,real,real,synthetic,0.0,8.0,7.0,2.0,0.0,-110.0,137.5,150.0,1150.0,-110.0,-110.0,-180.0,-190.0,0.0,-110.0,0.0,0.0,0.0,0.0,0.0,2026-05-02T00:15:33.012287+00:00,-0.11926575998099787,-0.05693655197723735,0.21350001205933034,-0.4744,0.09081191309251124,1.4,1.8,0.4,0.0,0.4,0.0,0.0,0.0,0.0,0.0,batter_pitcher_profile_network_v2,1.0,0.55,0.6189876060903847,0.0,0.6507957100396603,0.23976353557504837,0.6640603957989636,0.0,22.0,2.738066152977695,0.018123102421231205,0.060663828761451495,0.00606638287614515,-0.01461011208577026,0.4602717296227617,0.0,22.0,3.299796410099882,0.016343912216056578,0.024515868324084866,0.003922538931853578,0.17312993421052594,0.4103652882580748,0.0,22.0,3.4092603527351373,0.017359209719536854,0.044428812615178614,0.0022214406307589306,-0.4212664351851852,0.24745470063725447,0.0,22.0,3.51092403351327,0.0,0.0,0.0,-0.14708587962962985,0.4614311095141134,0.0,22.0,3.2808363903270394,0.018417693542097543,0.013813270156573156,0.0008287962093943893
2026-05-02,Nick_Gonzales,693304,hitter,PIT,CIN,2026,823388,39,134,113,1,695076.0,Rhett_Lowder,2.0,2.0,1.0,0.0,2.0,6.0,5.0,1.0,1.0,5.0,0.1111111111111111,0.4116666666666666,0.4116666666666666,0.0,0.0,49.39999999999999,3.0500000000000003,7.5,6.541836734693878,1.08,10.0,43.0,0,1.0,0.49999999999999994,-0.8660254037844387,-0.9749279121818236,-0.2225209339563146,1.5,1.5,0.5,0.5,0.5,1.5,1.5,0.5,0.5,0.5,synthetic,real,real,real,synthetic,0.0,8.0,7.0,8.0,0.0,-110.0,143.25,150.14285714285714,1101.25,-110.0,-110.0,-190.83333333333334,-203.8,0.0,-110.0,0.0,0.0,0.0,0.0,0.0,2026-05-02T16:59:46.553036+00:00,0.3697185581765332,0.37731137371373125,0.3846879756660305,-0.47669577153154524,0.059191782590951814,1.8,2.0,0.6,0.0,0.4,3.0,3.0,1.0,0.0,0.0,batter_pitcher_profile_network_v2,1.0,0.4,0.673091032333671,0.0,0.6070185394156501,0.26287191951566924,-0.0025109478935699397,0.0,23.0,3.9289386871944685,0.06576546379144231,-0.0002157787788836903,-2.1577877888369032e-05,-0.03289896723646743,-0.2644678492239468,0.0,23.0,3.5851624767777626,0.06055473031907895,0.08798775237748666,0.014078040380397866,0.1960424679487177,-0.2485454545454545,0.0,23.0,3.542437855414933,0.024518236528906664,0.008589445293397446,0.00042947226466987236,-0.5275164351851852,-0.5325076219512194,0.0,23.0,2.8324088172659345,0.0,-0.09183086126181057,-0.0022957715315452642,-0.18085671296296305,-0.29145265151515143,0.0,23.0,3.363058677002023,-0.0007292353099242426,-0.01777868017348077,-0.001066720810408846
2026-05-03,Nick_Gonzales,693304,hitter,PIT,CIN,2026,823387,40,134,113,1,695505.0,Chase_Burns,0.0,0.0,0.0,0.0,0.0,3.0,3.0,0.0,1.0,5.0,0.1,0.0,0.0,0.0,0.0,10.0,2.0588235294117645,10.735294117647058,7.506122448979592,1.08,13.0,56.0,0,1.0,0.49999999999999994,-0.8660254037844387,-0.7818314824680299,0.6234898018587334,1.5,1.5,0.5,0.5,0.5,1.5,1.5,0.5,0.5,0.5,synthetic,synthetic,synthetic,synthetic,synthetic,0.0,0.0,0.0,0.0,0.0,-110.0,-110.0,-110.0,-110.0,-110.0,-110.0,-110.0,-110.0,-110.0,-110.0,0.0,0.0,0.0,0.0,0.0,2026-08-07T03:26:40.888653+00:00,0.010542049923844665,-0.20863268880381614,0.1898995416313558,-0.47447389137184165,0.5603669578252939,1.6,1.6,0.6,0.0,0.8,2.0,2.0,1.0,0.0,2.0,batter_pitcher_profile_network_v2,1.0,0.5,0.6790432549611412,1.0,0.6521586006336302,0.24969108115468405,-0.3085272529213706,-0.022222222222222216,23.0,3.707415999388276,0.08337877163439847,-0.04338142152986271,-0.004338142152986272,-0.06309360021786489,-0.16065174291939002,-0.024691358024691353,23.0,3.9009909362696393,0.07231024846638018,0.08448319497614995,0.013517311196183992,0.1670214460784315,-0.11724768294523188,-0.1037037037037037,23.0,3.899047435867686,0.050215142395121516,-0.04313161635247647,-0.0021565808176238236,-0.5955337962962963,-0.015463250855897908,0.0,23.0,3.8993908002755973,0.0,-0.002955654873666057,-7.389137184165142e-05,-0.23368310185185162,-0.1082606899999056,-0.1111111111111111,23.0,3.8027583567968413,0.05655185360116025,-0.05898607706142871,-0.0035391646236857225
2026-05-05,Nick_Gonzales,693304,hitter,PIT,AZ,2026,825092,41,134,109,0,593958.0,Eduardo_Rodriguez,0.0,0.0,0.0,0.0,0.0,4.0,4.0,0.0,1.0,2.0,0.125,0.0,0.0,0.0,0.0,10.0,6.085714285714285,6.771428571428571,5.602319109461966,1.08,0.0,76.0,0,2.0,0.49999999999999994,-0.8660254037844387,0.7818314824680298,0.6234898018587336,1.5,1.5,0.5,0.5,0.5,1.5,1.5,0.5,0.5,0.5,synthetic,synthetic,synthetic,synthetic,synthetic,0.0,0.0,0.0,0.0,0.0,-110.0,-110.0,-110.0,-110.0,-110.0,-110.0,-110.0,-110.0,-110.0,-110.0,0.0,0.0,0.0,0.0,0.0,2026-08-07T03:26:40.888653+00:00,-0.2843232982306101,-0.7091337621063715,0.020050749413392577,-0.4744,-0.09197454975208769,1.2,1.2,0.6,0.0,0.4,0.0,0.0,0.0,0.0,0.0,batter_pitcher_profile_network_v2,1.0,0.35,0.7284286275499108,0.0,0.5912686225937975,0.24448627873563253,0.10121663207950521,0.0,25.0,4.48850387688344,0.07188259180424846,0.006720326290065522,0.0006720326290065523,-0.07559433269476346,0.07468286527692322,0.0,25.0,4.5181285828394655,0.05715099122345216,0.08572648683517824,0.013716237893628518,0.14725682471264404,0.23755818116720384,0.0,25.0,4.447004351139758,0.024195751825482163,0.03369587880588631,0.0016847939402943155,-0.6050152777777777,0.10363023369797586,0.0,25.0,4.401818807632151,0.0,0.0,0.0,-0.283928472222222,0.14203186537773013,0.0,25.0,4.387593226952314,0.04243321721808764,0.031824912913565734,0.001909494774813944
2026-05-06,Nick_Gonzales,693304,hitter,PIT,AZ,2026,825091,42,134,109,0,647336.0,Michael_Soroka,0.0,0.0,0.0,0.0,0.0,4.0,3.0,0.0,1.0,5.0,0.1111111111111111,0.18,0.18,0.0,0.0,21.599999999999998,9.457142857142857,7.742857142857143,5.280890538033395,1.08,0.0,83.0,0,1.0,0.49999999999999994,-0.8660254037844387,0.9749279121818236,-0.22252093395631434,0.5,0.5,0.5,0.5,0.5,0.5,0.5,0.5,0.5,0.5,synthetic,synthetic,synthetic,synthetic,synthetic,0.0,0.0,0.0,0.0,0.0,-110.0,-110.0,-110.0,-110.0,-110.0,-110.0,-110.0,-110.0,-110.0,-110.0,0.0,0.0,0.0,0.0,0.0,2026-08-07T03:26:40.888653+00:00,0.5314824736321555,0.2289007283611204,-0.07264892979623783,-0.4744,-0.07109565525250089,1.0,1.0,0.4,0.0,0.4,0.0,0.0,0.0,0.0,0.0,batter_pitcher_profile_network_v2,1.0,0.45,0.7294863816454773,0.0,0.617287063211793,0.216590569645733,0.28270287898905644,0.0,26.0,4.5330045330103275,0.05443465135464929,0.016563759203434114,0.0016563759203434116,-0.09822727455716561,0.21087627452445923,0.0,26.0,4.679610032852514,0.04132247928244622,0.06198371892366933,0.009917395027787093,0.14698777173913086,0.4787689100462881,0.0,26.0,4.3092516597656045,0.012093963765633415,0.031130866041848504,0.0015565433020924254,-0.6074449074074074,0.10203318941807629,0.0,26.0,4.624198547710974,0.0,0.0,0.0,-0.28898310185185166,0.5085517114647279,0.0,26.0,4.177209640499041,0.026514470648056808,0.019885852986042604,0.0011931511791625563
2026-05-08,Nick_Gonzales,693304,hitter,PIT,SF,2026,823225,43,134,137,0,592662.0,Robbie_Ray,0.0,0.0,0.0,0.0,0.0,4.0,1.0,3.0,0.0,2.0,0.1111111111111111,0.5175,0.5175,0.0,0.0,62.099999999999994,3.521052631578948,8.26842105263158,4.079220779220779,1.08,13.0,58.0,0,2.0,0.49999999999999994,-0.8660254037844387,-0.433883739117558,-0.9009688679024191,0.5,0.5,0.5,0.5,0.5,0.5,0.5,0.5,0.5,0.5,synthetic,synthetic,synthetic,synthetic,synthetic,0.0,0.0,0.0,0.0,0.0,-110.0,-110.0,-110.0,-110.0,-110.0,-110.0,-110.0,-110.0,-110.0,-110.0,0.0,0.0,0.0,0.0,0.0,2026-08-07T03:26:40.888653+00:00,0.33347616181114437,0.3788875889658688,0.08070315604599987,-0.4747487581778669,-0.033070454331752874,1.0,1.0,0.4,0.0,0.4,0.0,0.0,0.0,0.0,0.0,batter_pitcher_profile_network_v2,1.0,0.55,0.4934628809781678,0.0,0.6592529383940959,0.17589506843800312,-0.599151548549879,0.0,27.0,3.704679725356716,0.054625445600454674,-0.053382833927745135,-0.0053382833927745135,-0.12669557165861522,-0.342244875861983,0.0,27.0,4.421417338012025,0.048097838820977755,0.050182847703346904,0.008029255632535506,0.1047798913043477,-0.2744765868486896,0.0,27.0,4.428675382361096,0.0019101602713173895,-0.012657658300781102,-0.0006328829150390551,-0.6093337962962962,-0.04519785751335909,0.0,27.0,4.825793484396268,0.0,-0.013950327114675422,-0.00034875817786688556,-0.30456990740740747,-0.3343141250749893,0.0,27.0,4.190507601229172,0.025476401439377044,-0.03246933265764223,-0.0019481599594585338
2026-05-09,Nick_Gonzales,693304,hitter,PIT,SF,2026,823224,44,134,137,0,694738.0,Landen_Roupp,4.0,5.0,1.0,0.0,0.0,6.0,6.0,0.0,1.0,5.0,0.11764705882352941,0.6566666666666666,0.6566666666666666,0.16666666666666666,14.166666666666666,65.0,4.5431438127090304,10.701672240802674,3.7363636363636368,1.08,0.0,59.0,0,1.0,0.49999999999999994,-0.8660254037844387,-0.9749279121818236,-0.2225209339563146,0.5,0.5,0.5,0.5,0.5,0.5,0.5,0.5,0.5,0.5,synthetic,synthetic,synthetic,synthetic,synthetic,0.0,0.0,0.0,0.0,0.0,-110.0,-110.0,-110.0,-110.0,-110.0,-110.0,-110.0,-110.0,-110.0,-110.0,0.0,0.0,0.0,0.0,0.0,2026-08-07T03:26:40.888653+00:00,-0.19405078395490438,0.27401195519848565,-0.008969475087151069,-0.4013276120745396,-0.0015760142331637805,0.4,0.4,0.2,0.0,0.4,0.0,0.0,0.0,0.0,0.0,batter_pitcher_profile_network_v2,1.0,0.6,0.5705379710421077,0.0,0.6680654591284051,0.18969020732689196,-0.4619045956938257,0.0,28.0,4.552862082922681,0.04382458712755494,-0.03762893839904468,-0.0037628938399044683,-0.11521640499194857,-0.5554220347225197,0.0,28.0,4.167075004089444,0.04078594712447906,0.03369604351994761,0.0053913669631916175,0.13504030797101443,-0.2763769487119109,0.0,28.0,4.838201797685266,0.017236040192786867,0.001207646207066277,6.0382310353313855e-05,-0.6061115740740741,-0.616352828713936,0.0,28.0,3.7490077614284862,0.0,-0.16043781631491766,-0.004010945407872941,-0.28077476851851857,-0.3953495881968894,0.0,28.0,4.43652575305307,0.00251528508579844,-0.04578562046360292,-0.002747137227816175
2026-05-10,Nick_Gonzales,693304,hitter,PIT,SF,2026,823221,45,134,137,0,641816.0,Tyler_Mahle,1.0,1.0,1.0,0.0,1.0,6.0,6.0,0.0,0.0,3.0,0.11538461538461539,0.14833333333333334,0.14833333333333334,0.0,0.0,17.8,3.0,6.755357142857143,6.050649350649351,1.08,9.0,59.0,0,1.0,0.49999999999999994,-0.8660254037844387,-0.7818314824680299,0.6234898018587334,0.5,0.5,0.5,0.5,0.5,0.5,0.5,0.5,0.5,0.5,synthetic,synthetic,synthetic,synthetic,synthetic,0.0,0.0,0.0,0.0,0.0,-110.0,-110.0,-110.0,-110.0,-110.0,-110.0,-110.0,-110.0,-110.0,-110.0,0.0,0.0,0.0,0.0,0.0,2026-08-07T03:26:40.888653+00:00,0.9265719148219926,0.9262428036562542,-0.013184263681811637,-0.4744,-0.3093874061486183,0.8,1.0,0.2,0.0,0.0,4.0,5.0,1.0,0.0,0.0,batter_pitcher_profile_network_v2,1.0,0.55,0.6253423591280121,0.0,0.6503675585537502,0.22961702586206853,-0.19779503908413865,0.0,29.0,5.540151045015842,0.09256378684065762,-0.01701586676509056,-0.0017015866765090562,-0.08454420498084331,-0.08677581245768445,0.0,29.0,5.664404905114617,0.07201077213281326,0.10526752285158808,0.016842803656254093,0.18508010057471216,0.10809474313206542,0.0,29.0,5.711583751290076,0.04381093093188057,0.05130640135544069,0.002565320067772035,-0.6128694444444446,0.05568568043331089,0.0,29.0,5.596210054613163,0.0,0.0,0.0,-0.24674791666666698,0.028164845817689424,0.0,29.0,5.555854269145685,0.019729302813474753,0.014796977110106066,0.0008878186266063639
2026-05-12,Nick_Gonzales,693304,hitter,PIT,COL,2026,823385,46,134,115,1,547179.0,Michael_Lorenzen,2.0,3.0,0.0,0.0,1.0,4.0,4.0,0.0,1.0,5.0,0.1111111111111111,0.54,0.54,0.25,21.25,65.0,6.878571428571429,5.298214285714285,4.832908163265307,1.08,9.0,66.0,0,2.0,0.49999999999999994,-0.8660254037844387,0.7818314824680298,0.6234898018587336,0.5,1.5,0.5,0.5,0.5,0.5,1.5,0.5,0.5,0.5,synthetic,synthetic,synthetic,synthetic,synthetic,0.0,0.0,0.0,0.0,0.0,-110.0,-110.0,-110.0,-110.0,-110.0,-110.0,-110.0,-110.0,-110.0,-110.0,0.0,0.0,0.0,0.0,0.0,2026-08-07T03:26:40.888653+00:00,0.7015930672880015,-0.05096337558985531,0.24546475407737134,-0.35877499999999996,0.03848771014470642,1.0,1.2,0.4,0.0,0.2,1.0,1.0,1.0,0.0,1.0,batter_pitcher_profile_network_v2,1.0,0.5,0.6157496722042026,0.0,0.6372853325774925,0.20315423336472035,0.8694945070279657,0.0,30.0,3.4332587796540266,0.039654131707724964,0.06787455043103469,0.006787455043103469,-0.10837742467043342,0.7897916915952232,0.0,30.0,3.944385330120256,0.0168887128200463,0.02533306923006945,0.004053291076811112,0.16801076977401097,0.7262769069166128,0.0,30.0,4.541018244072028,0.034499793293299885,0.08138691828211765,0.004069345914105882,-0.6216101851851853,0.6862202630237947,0.0,30.0,4.562158404059554,0.0,0.0,0.0,-0.2766692129629632,0.8124078592975653,0.0,30.0,4.103704524232453,0.026125229217207255,0.019593921912905442,0.0011756353147743266
2026-05-13,Nick_Gonzales,693304,hitter,PIT,COL,2026,823386,47,134,115,1,500779.0,Jose_Quintana,0.0,0.0,1.0,0.0,0.0,4.0,3.0,1.0,0.0,6.0,0.11428571428571428,0.1725,0.1725,0.0,0.0,20.7,2.1213235294117645,5.3713235294117645,3.883928571428572,1.08,13.0,61.0,0,1.0,0.49999999999999994,-0.8660254037844387,0.9749279121818236,-0.22252093395631434,1.5,1.5,0.5,0.5,0.5,1.5,1.5,0.5,0.5,0.5,synthetic,synthetic,synthetic,synthetic,synthetic,0.0,0.0,0.0,0.0,0.0,-110.0,-110.0,-110.0,-110.0,-110.0,-110.0,-110.0,-110.0,-110.0,-110.0,0.0,0.0,0.0,0.0,0.0,2026-08-07T03:26:40.888653+00:00,0.049951194383712316,0.14407931531181983,-0.15143654350395053,-0.4744,0.02037024659553721,1.4,1.8,0.4,0.0,0.4,2.0,3.0,0.0,0.0,1.0,batter_pitcher_profile_network_v2,1.0,0.4,0.7170526404080808,0.0,0.604864420620004,0.2636415018832388,0.4593897836381697,0.0,31.0,5.368387717399356,0.05686837980529499,0.03426894663824503,0.003426894663824503,-0.04068992467043343,0.3755192301421678,0.0,31.0,5.800869266068064,0.03751798046591571,0.056276970698873566,0.00900431531181977,0.23170868644067763,0.4923362927573385,0.0,31.0,5.726039066682343,0.022562321058277414,0.05484055849241829,0.0027420279246209147,-0.5451854166666668,0.35943691306899705,0.0,31.0,5.925421077149882,0.0,0.0,0.0,-0.1928486111111114,0.43774787812319216,0.0,31.0,5.706312472568264,0.022751511646857285,0.017063633735142962,0.0010238180241085777
2026-05-15,Nick_Gonzales,693304,hitter,PIT,PHI,2026,823384,48,134,143,1,605400.0,Aaron_Nola,0.0,0.0,0.0,0.0,0.0,1.0,1.0,0.0,0.0,6.0,0.022727272727272728,0.0,0.0,0.0,0.0,10.0,5.785714285714286,8.928571428571429,2.5714285714285716,1.08,6.0,66.0,0,2.0,0.49999999999999994,-0.8660254037844387,-0.433883739117558,-0.9009688679024191,1.5,1.5,0.5,0.5,0.5,1.5,1.5,0.5,0.5,0.5,synthetic,synthetic,synthetic,synthetic,synthetic,0.0,0.0,0.0,0.0,0.0,-110.0,-110.0,-110.0,-110.0,-110.0,-110.0,-110.0,-110.0,-110.0,-110.0,0.0,0.0,0.0,0.0,0.0,2026-08-07T03:26:40.888653+00:00,-0.573367659895041,-0.45310486903797176,-0.15868817114194467,-0.4744,-0.36340066155854395,1.4,1.8,0.6,0.0,0.4,0.0,0.0,1.0,0.0,0.0,batter_pitcher_profile_network_v2,1.0,0.5,0.6173314526400362,0.0,0.6371884485257977,0.2859072740112989,0.15794233544703723,0.0,32.0,6.308159006394421,0.0586778095258982,0.01728011100630189,0.001728011100630189,-0.027420150659134133,0.1765142105864413,0.0,32.0,6.435287398256989,0.03927895476602617,0.05891843214903926,0.009426949143846283,0.23935346045197683,0.25141070939808896,0.0,32.0,6.487889495896918,0.04405326158731355,0.06708073300526005,0.0033540366502630026,-0.547407638888889,0.16297254391977467,0.0,32.0,6.44572550546104,0.0,0.0,0.0,-0.20486250000000042,0.276842047426258,0.0,32.0,6.269732186157174,0.051125269838994424,0.038343952379245816,0.002300637142754749
2026-05-16,Nick_Gonzales,693304,hitter,PIT,PHI,2026,823382,49,134,143,1,650911.0,Cristopher_Sánchez,2.0,2.0,0.0,0.0,0.0,3.0,3.0,0.0,0.0,6.0,0.09375,0.5933333333333334,0.5933333333333334,0.0,0.0,65.0,0.8999999999999999,9.9,4.0,1.08,0.0,66.0,0,1.0,0.49999999999999994,-0.8660254037844387,-0.9749279121818236,-0.2225209339563146,1.5,1.5,0.5,0.5,0.5,1.5,1.5,0.5,0.5,0.5,synthetic,synthetic,synthetic,synthetic,synthetic,0.0,0.0,0.0,0.0,0.0,-110.0,-110.0,-110.0,-110.0,-110.0,-110.0,-110.0,-110.0,-110.0,-110.0,0.0,0.0,0.0,0.0,0.0,2026-08-07T03:26:40.888653+00:00,-0.46470669879565274,-0.10360515894860556,0.18662114893576864,-0.47842104958075105,-0.03473152680970065,1.4,1.8,0.6,0.0,0.4,0.0,0.0,0.0,0.0,0.0,batter_pitcher_profile_network_v2,1.0,0.45,0.6270500701778854,0.0,0.6229338648814441,0.20927945853462163,-0.3313056122796271,0.0,33.0,6.207499343624087,0.06829485961219688,-0.025858654623192624,-0.0025858654623192624,-0.10590042270531402,-0.46636892485195025,0.0,33.0,5.688837326304673,0.07215400412917837,0.08981150657121388,0.014369841051394222,0.152654438405797,-0.4925939265536723,0.0,33.0,5.2819080331242185,0.056300897098219504,0.028256312048703686,0.0014128156024351844,-0.6242212962962963,-0.690892229936696,0.0,33.0,4.471300451174069,0.0,-0.16084198323004173,-0.004021049580751043,-0.29657199074074087,-0.4823785310734463,0.0,33.0,5.3025745572612015,0.02710500757411642,-0.03302544682834484,-0.00198152680970069
2026-05-17,Nick_Gonzales,693304,hitter,PIT,PHI,2026,823381,50,134,143,1,554430.0,Zack_Wheeler,1.0,1.0,0.0,0.0,0.0,4.0,4.0,0.0,0.0,4.0,0.125,0.2225,0.2225,0.0,0.0,26.7,2.3301435406698565,7.5311004784688995,1.8101503759398496,1.08,10.0,81.0,0,1.0,0.49999999999999994,-0.8660254037844387,-0.7818314824680299,0.6234898018587334,0.5,1.5,0.5,0.5,0.5,0.5,1.5,0.5,0.5,0.5,synthetic,synthetic,synthetic,synthetic,synthetic,0.0,0.0,0.0,0.0,0.0,-110.0,-110.0,-110.0,-110.0,-110.0,-110.0,-110.0,-110.0,-110.0,-110.0,0.0,0.0,0.0,0.0,0.0,2026-08-07T03:26:40.888653+00:00,0.6886354133431334,-0.32683854362216347,-0.1969550180768706,-0.4766937202452508,-0.21803515292502185,1.0,1.2,0.4,0.0,0.4,2.0,2.0,0.0,0.0,0.0,batter_pitcher_profile_network_v2,1.0,0.2,0.7254360957028139,0.0,0.5522268156552811,0.34878630233494345,-0.4210600025863185,0.0,34.0,6.228140825823328,0.06257622698048368,-0.040322444376820615,-0.0040322444376820615,0.005283152173912885,-0.5025624757532653,0.0,34.0,5.847454888999472,0.06667956722509322,0.09929035236147823,0.01588645637783652,0.28564356884057956,-0.5370312998405103,0.0,34.0,5.383923811898646,0.040367238336834387,-0.001750737477260851,-8.753687386304257e-05,-0.603850925925926,-0.5533848441743179,0.0,34.0,5.40817775967467,0.0,-0.09174880981003204,-0.002293720245250801,-0.18967384259259273,-0.5766913875598085,0.0,34.0,5.197674273419101,0.011317559171943027,-0.021544528700239415,-0.001292671722014365
2026-05-19,Nick_Gonzales,693304,hitter,PIT,STL,2026,823059,51,134,138,0,669461.0,Matthew_Liberatore,1.0,1.0,2.0,0.0,0.0,6.0,5.0,1.0,1.0,1.0,0.13043478260869565,0.26333333333333336,0.26333333333333336,0.0,0.0,31.600000000000005,3.958823529411765,8.117647058823529,3.4862637362637368,1.08,0.0,73.0,0,2.0,0.49999999999999994,-0.8660254037844387,0.7818314824680298,0.6234898018587336,0.5,1.5,0.5,0.5,0.5,0.5,1.5,0.5,0.5,0.5,synthetic,synthetic,synthetic,synthetic,synthetic,0.0,0.0,0.0,0.0,0.0,-110.0,-110.0,-110.0,-110.0,-110.0,-110.0,-110.0,-110.0,-110.0,-110.0,0.0,0.0,0.0,0.0,0.0,2026-08-07T03:26:40.888653+00:00,0.5657769008110101,-0.4543516658443798,-0.17672780435040952,-0.4744,-0.2491952509920896,1.0,1.2,0.2,0.0,0.2,1.0,1.0,0.0,0.0,0.0,batter_pitcher_profile_network_v2,1.0,0.6,0.5534336063889324,0.0,0.6693226299304135,0.4023420276208409,0.2636041923098905,0.0,35.0,6.791667008252689,0.018369474163182714,0.04736240533520911,0.004736240533520911,0.04768295668549883,0.3314116810055471,0.0,35.0,6.749644632764513,0.012226831605269096,0.025397197168278218,0.004063551546924515,0.34147740112994324,0.23451720832690057,0.0,35.0,7.119562940854301,0.06479491244240955,0.10055698832227457,0.005027849416113729,-0.5976657407407407,0.3802059723441298,0.0,35.0,6.6379055252143235,0.0,0.0,0.0,-0.1485407407407408,0.2866481138387115,0.0,35.0,6.8503578188992185,0.024450174375498835,0.018337630781624127,0.0011002578468974477
2026-05-20,Nick_Gonzales,693304,hitter,PIT,STL,2026,823057,52,134,138,0,700241.0,Michael_McGreevy,2.0,2.0,1.0,0.0,2.0,5.0,4.0,0.0,0.0,1.0,0.1111111111111111,0.356,0.356,0.0,0.0,42.72,0.4999999999999997,7.5,3.3750000000000004,1.08,-9.0,66.0,0,1.0,0.49999999999999994,-0.8660254037844387,0.9749279121818236,-0.22252093395631434,0.5,0.5,0.5,0.5,0.5,0.5,0.5,0.5,0.5,0.5,synthetic,synthetic,synthetic,synthetic,synthetic,0.0,0.0,0.0,0.0,0.0,-110.0,-110.0,-110.0,-110.0,-110.0,-110.0,-110.0,-110.0,-110.0,-110.0,0.0,0.0,0.0,0.0,0.0,2026-08-07T03:26:40.888653+00:00,0.3862896578946041,0.31951099212319567,0.3757776818865963,-0.4744,-0.3893045005097342,0.8,0.8,0.6,0.0,0.0,1.0,1.0,2.0,0.0,0.0,batter_pitcher_profile_network_v2,1.0,0.6,0.5254090269637448,0.0,0.6713824365181648,0.3205150406504063,-0.27021539107446246,0.0,36.0,7.140347455631065,0.02561121649425205,-0.04110342105395951,-0.004110342105395951,-0.019751084010840275,-0.14759875015579985,0.0,36.0,7.408842961459298,0.023120941200697406,0.033297867436639726,0.005327658789862356,0.2774878048780487,-0.4196166349053281,0.0,36.0,6.335001231465611,0.06481429822859716,0.009553637731927689,0.00047768188659638445,-0.6100361111111112,0.007063135090101778,0.0,36.0,7.44362017904252,0.0,0.0,0.0,-0.21063333333333326,-0.3880353507523226,0.0,36.0,6.39939507372166,-0.004306165078202234,-0.04201945294001476,-0.0025211671764008856
2026-05-22,Nick_Gonzales,693304,hitter,PIT,TOR,2026,822816,53,134,141,0,592332.0,Kevin_Gausman,2.0,3.0,0.0,0.0,0.0,4.0,4.0,0.0,1.0,3.0,0.1111111111111111,0.54,0.54,0.25,21.25,65.0,4.857142857142857,7.214285714285714,2.34478021978022,1.08,0.0,68.0,0,2.0,0.49999999999999994,-0.8660254037844387,-0.433883739117558,-0.9009688679024191,1.5,1.5,0.5,0.5,0.5,1.5,1.5,0.5,0.5,0.5,synthetic,synthetic,synthetic,synthetic,synthetic,0.0,0.0,0.0,0.0,0.0,-110.0,-110.0,-110.0,-110.0,-110.0,-110.0,-110.0,-110.0,-110.0,-110.0,0.0,0.0,0.0,0.0,0.0,2026-08-07T03:26:40.888653+00:00,-0.21745995205308088,0.08786281153705477,0.26580105307735435,-0.35995315492688706,0.20990868296723775,1.2,1.2,0.6,0.0,0.4,2.0,2.0,1.0,0.0,2.0,batter_pitcher_profile_network_v2,1.0,0.65,0.5628348138414092,0.0,0.6826842779478778,0.419463679808841,-0.12380147144322513,0.0,37.0,7.872966996664117,0.007542568242673377,-0.02270208463337572,-0.002270208463337572,0.05711344086021494,-0.1479472862769294,0.0,37.0,7.850555019569783,0.014460458534305878,0.017996738773258057,0.002879478203721289,0.38418010752688164,-0.3161918245359794,0.0,37.0,7.21114593753802,0.06934531188918709,0.01624084176686793,0.0008120420883433965,-0.5979175925925927,-0.18029160035635175,0.0,37.0,7.5621178460806275,0.0,-0.04712619707548336,-0.001178154926887084,-0.13659814814814827,-0.2735256091328506,0.0,37.0,7.256304341043967,0.04406746416242912,0.016716755192667975,0.0010030053115600785
2026-05-23,Nick_Gonzales,693304,hitter,PIT,TOR,2026,822814,54,134,141,0,571578.0,Patrick_Corbin,0.0,0.0,0.0,0.0,0.0,4.0,4.0,0.0,1.0,1.0,0.1111111111111111,0.0,0.0,0.0,0.0,10.0,5.4519230769230775,3.504807692307692,2.413657770800628,1.08,0.0,68.0,0,1.0,0.49999999999999994,-0.8660254037844387,-0.9749279121818236,-0.2225209339563146,1.5,1.5,0.5,0.5,0.5,1.5,1.5,0.5,0.5,0.5,synthetic,synthetic,synthetic,synthetic,synthetic,0.0,0.0,0.0,0.0,0.0,-110.0,-110.0,-110.0,-110.0,-110.0,-110.0,-110.0,-110.0,-110.0,-110.0,0.0,0.0,0.0,0.0,0.0,2026-08-07T03:26:40.888653+00:00,0.2520439869966251,0.054841220279499225,-0.144729920157807,-0.4744,-0.2677991977819002,1.6,1.8,0.6,0.0,0.4,2.0,3.0,0.0,0.0,0.0,batter_pitcher_profile_network_v2,1.0,0.4,0.6280509102473133,0.0,0.6092255053978817,0.47995094832735957,0.39238363600501996,0.0,38.0,7.517453030575766,-0.014286867831427788,0.07004727446651075,0.007004727446651076,0.12480094086021498,0.22269681480326506,0.0,38.0,8.237217265908347,-0.0033171352258547864,0.005361793413536703,0.0008578869461658725,0.45204469086021504,0.12607647262037022,0.0,38.0,8.370188871511955,0.05554562909659662,0.07674382604323193,0.0038371913021615967,-0.5214928240740742,0.041989479473923716,0.0,38.0,8.354410542410513,0.0,0.0,0.0,-0.05027754629629631,0.14161913729102898,0.0,38.0,8.188098848478424,0.0411388224755922,0.030854116856694154,0.0018512470114016492
2026-05-24,Nick_Gonzales,693304,hitter,PIT,TOR,2026,822813,55,134,141,0,656302.0,Dylan_Cease,0.0,0.0,0.0,0.0,0.0,4.0,4.0,0.0,3.0,4.0,0.10810810810810811,0.0,0.0,0.0,0.0,10.0,3.428571428571429,13.542857142857143,2.2653061224489797,1.08,0.0,68.0,0,1.0,0.49999999999999994,-0.8660254037844387,-0.7818314824680299,0.6234898018587334,1.5,1.5,0.5,0.5,0.5,1.5,1.5,0.5,0.5,0.5,synthetic,synthetic,synthetic,synthetic,synthetic,0.0,0.0,0.0,0.0,0.0,-110.0,-110.0,-110.0,-110.0,-110.0,-110.0,-110.0,-110.0,-110.0,-110.0,0.0,0.0,0.0,0.0,0.0,2026-08-07T03:26:40.888653+00:00,-0.8300177469697078,-0.6049830716327387,-0.1917016996432228,-0.4785561414625844,-0.27916904591109304,1.2,1.4,0.6,0.0,0.4,0.0,0.0,0.0,0.0,0.0,batter_pitcher_profile_network_v2,1.0,0.6,0.603983664265948,0.0,0.6656072006764528,0.3989810409199523,-0.6839144174416857,0.0,39.0,6.2674184420246775,0.055762923872972756,-0.10806053643729,-0.010806053643729,0.05712038530465957,-0.7181745106288329,0.0,39.0,5.932310429317721,0.06213400458321928,0.07695546445754525,0.012312874313207241,0.3852738575268818,-0.45251984150174396,0.0,39.0,7.287558377131944,0.030378658117878196,-0.03866443963776095,-0.0019332219818880476,-0.5375668981481482,-0.7809166693004195,0.0,39.0,5.3480610913176285,0.0,-0.16624565850337802,-0.004156141462584451,-0.12124745370370359,-0.5484092941462704,0.0,39.0,6.734861491415664,0.06689904802244956,0.023841880522045868,0.001430512831322752
2026-05-25,Nick_Gonzales,693304,hitter,PIT,CHC,2026,823380,56,134,112,1,676962.0,Ben_Brown,0.0,0.0,0.0,0.0,0.0,4.0,4.0,0.0,1.0,4.0,0.11764705882352941,0.0,0.0,0.0,0.0,10.0,1.8,11.1,2.6632653061224496,1.08,5.0,73.0,0,1.0,0.49999999999999994,-0.8660254037844387,0.0,1.0,0.5,1.5,0.5,0.5,0.5,0.5,1.5,0.5,0.5,0.5,synthetic,synthetic,synthetic,synthetic,synthetic,0.0,0.0,0.0,0.0,0.0,-110.0,-110.0,-110.0,-110.0,-110.0,-110.0,-110.0,-110.0,-110.0,-110.0,0.0,0.0,0.0,0.0,0.0,2026-08-07T03:26:40.888653+00:00,0.21469186654843997,-0.7216049763054683,-0.1594123717930287,-0.4769129446295185,-0.24824949367972465,1.0,1.2,0.6,0.0,0.4,0.0,0.0,0.0,0.0,0.0,batter_pitcher_profile_network_v2,1.0,0.25,0.7740709260246628,0.0,0.5637940778904947,0.3384971699522104,-0.720909842760874,0.0,40.0,6.463671949797787,0.026922182788495553,-0.05513255500379643,-0.005513255500379643,0.016797804659498313,-0.7913010669797835,0.0,40.0,5.890076809681756,0.04064553210163121,0.05796522162023569,0.009274435459237711,0.3491179435483872,-0.500642469879518,0.0,40.0,7.454077137967846,0.008269997896983008,-0.03121862433596608,-0.0015609312167983041,-0.5375668981481482,-0.8276338983050848,0.0,40.0,5.483153913050477,0.0,-0.1005177851807414,-0.0025129446295185354,-0.1187474537037036,-0.6006048192771084,0.0,40.0,6.866479912816933,0.04891332227737761,0.020571663961370938,0.0012342998376822561
2026-05-26,Nick_Gonzales,693304,hitter,PIT,CHC,2026,823379,57,134,112,1,696136.0,Jordan_Wicks,2.0,3.0,2.0,0.0,1.0,5.0,5.0,0.0,1.0,4.0,0.11627906976744186,0.43200000000000005,0.43200000000000005,0.2,17.0,60.84,4.1,8.2,2.2040816326530615,1.08,6.0,79.0,0,1.0,0.49999999999999994,-0.8660254037844387,0.7818314824680298,0.6234898018587336,0.5,0.5,0.5,0.5,0.5,0.5,0.5,0.5,0.5,0.5,synthetic,synthetic,synthetic,synthetic,synthetic,0.0,0.0,0.0,0.0,0.0,-110.0,-110.0,-110.0,-110.0,-110.0,-110.0,-110.0,-110.0,-110.0,-110.0,0.0,0.0,0.0,0.0,0.0,2026-08-07T03:26:40.888653+00:00,0.2368268311975954,0.5778995158399107,-0.19997658340526292,-0.38189999999999996,-0.1424767077030038,0.8,1.0,0.2,0.0,0.4,0.0,0.0,0.0,0.0,0.0,batter_pitcher_profile_network_v2,1.0,0.0,1.0,0.0,0.5,0.3232571394721492,0.0,0.0,41.0,9.01855931888435,-0.007823924423687215,0.0,0.0,0.006637784339457494,0.0,0.0,41.0,9.090846616116599,-0.0005301181088985845,-0.0007951771633478767,-0.00012722834613566026,0.33062458989501303,0.0,0.0,41.0,9.132079092623647,0.01915414110214442,0.01915414110214442,0.0009577070551072211,-0.5375668981481482,0.0,0.0,41.0,8.934779477193546,0.0,0.0,0.0,-0.1237474537037036,0.0,0.0,41.0,8.931330645055485,0.04388943595181062,0.03291707696385797,0.001975024617831478
2026-05-27,Nick_Gonzales,693304,hitter,PIT,CHC,2026,823376,58,134,112,1,592791.0,Jameson_Taillon,0.0,0.0,0.0,0.0,0.0,4.0,4.0,0.0,1.0,4.0,0.1111111111111111,0.0,0.0,0.0,0.0,10.0,7.933928571428571,6.664285714285714,2.9805194805194803,1.08,6.0,77.0,0,1.0,0.49999999999999994,-0.8660254037844387,0.9749279121818236,-0.22252093395631434,0.5,1.5,0.5,0.5,0.5,0.5,1.5,0.5,0.5,0.5,synthetic,synthetic,synthetic,synthetic,synthetic,0.0,0.0,0.0,0.0,0.0,-110.0,-110.0,-110.0,-110.0,-110.0,-110.0,-110.0,-110.0,-110.0,-110.0,0.0,0.0,0.0,0.0,0.0,2026-08-07T03:26:40.888653+00:00,0.6142061929382516,-0.3239695701325891,0.007386559377521529,-0.4744,-0.2153191070291855,0.8,1.2,0.4,0.0,0.2,2.0,3.0,2.0,0.0,1.0,batter_pitcher_profile_network_v2,1.0,0.65,0.5346841213373598,0.0,0.6849257768385127,0.29966435185185175,0.46374296435272033,0.0,41.0,7.652262106090232,-0.019872731174204235,0.0646636609842473,0.006466366098424731,0.004666666666666576,0.6244547373358348,0.0,41.0,6.9380095455438004,-0.025707755967351812,-0.037205646662014875,-0.00595290346592238,0.31605208333333334,0.7207498548199768,0.0,41.0,6.588242791232783,0.00621531228329313,0.11221170703094882,0.005610585351547442,-0.48501967592592593,0.8153846153846154,0.0,41.0,5.920515273703393,0.0,0.0,0.0,-0.10372106481481484,0.7649099883855982,0.0,41.0,6.2360967752148415,0.04418338395941609,0.033137537969562064,0.001988252278173724
2026-05-28,Nick_Gonzales,693304,hitter,PIT,CHC,2026,823378,59,134,112,1,607067.0,Colin_Rea,0.0,0.0,0.0,0.0,0.0,1.0,1.0,0.0,0.0,7.0,0.02702702702702703,0.0,0.0,0.0,0.0,10.0,7.318681318681318,4.978021978021978,2.3376623376623376,1.08,0.0,73.0,0,1.0,0.49999999999999994,-0.8660254037844387,0.43388373911755823,-0.900968867902419,0.5,0.5,0.5,0.5,0.5,0.5,0.5,0.5,0.5,0.5,synthetic,synthetic,synthetic,synthetic,synthetic,0.0,0.0,0.0,0.0,0.0,-110.0,-110.0,-110.0,-110.0,-110.0,-110.0,-110.0,-110.0,-110.0,-110.0,0.0,0.0,0.0,0.0,0.0,2026-08-07T03:26:40.888653+00:00,-0.02470454425282953,-0.20808221067133637,-0.4456542815305344,-0.4744,-0.4987701326400914,0.4,0.6,0.4,0.0,0.2,0.0,0.0,0.0,0.0,0.0,batter_pitcher_profile_network_v2,1.0,0.55,0.6185014183438875,0.0,0.6508284669390806,0.24799131944444427,0.3410902457038339,0.0,42.0,8.682406456615107,-0.01844988902126567,0.03226998078712727,0.0032269980787127273,-0.043482638888889,0.3888498346799579,0.0,42.0,8.621003644191747,-0.026023850770207715,-0.03903577615531157,-0.006245724184849852,0.24381249999999982,0.3542703261684386,0.0,42.0,8.896780614049119,-0.01978119302634178,0.013170950645894207,0.0006585475322947104,-0.5010937499999999,0.4476951736630087,0.0,42.0,8.37600503224876,0.0,0.0,0.0,-0.1896909722222223,0.39114532616843867,0.0,42.0,8.562593249213066,0.027330385775746462,0.020497789331809846,0.0012298673599085907
2026-05-29,Nick_Gonzales,693304,hitter,PIT,MIN,2026,823377,60,134,142,1,671737.0,Taj_Bradley,1.0,1.0,1.0,0.0,0.0,4.0,4.0,0.0,0.0,4.0,0.10256410256410256,0.2225,0.2225,0.0,0.0,26.7,2.4571428571428573,11.200000000000001,3.798701298701299,1.08,11.0,79.0,0,1.0,0.49999999999999994,-0.8660254037844387,-0.433883739117558,-0.9009688679024191,0.5,0.5,0.5,0.5,0.5,0.5,0.5,0.5,0.5,0.5,synthetic,synthetic,synthetic,synthetic,synthetic,0.0,0.0,0.0,0.0,0.0,-110.0,-110.0,-110.0,-110.0,-110.0,-110.0,-110.0,-110.0,-110.0,-110.0,0.0,0.0,0.0,0.0,0.0,2026-08-07T03:26:40.888653+00:00,-0.14535064841348266,-0.016140346424367624,-0.12754436594751378,-0.4766689262210631,-0.2805256946957476,0.4,0.6,0.4,0.0,0.2,0.0,0.0,0.0,0.0,0.0,batter_pitcher_profile_network_v2,1.0,0.55,0.610793173251889,0.0,0.651347809952154,0.1945925925925924,-0.5019047803832625,0.0,43.0,8.23946309648033,0.02592180832113883,-0.03801264464098758,-0.003801264464098758,-0.08577777777777791,-0.47837772844340887,0.0,43.0,8.215484032190394,0.023499911495850425,0.019279084847702393,0.003084653575632383,0.18391666666666662,-0.3408304096001463,0.0,43.0,8.793883752527755,-0.012306808646070717,-0.03670400226695973,-0.0018352001133479868,-0.5072789351851852,-0.45967733161801205,0.0,43.0,7.992609515776474,0.0,-0.0907570488425259,-0.0022689262210631475,-0.23332407407407404,-0.40398847838321505,0.0,43.0,8.364378137986959,0.030556876288548536,-0.013769070769953186,-0.0008261442461971911
2026-05-30,Nick_Gonzales,693304,hitter,PIT,MIN,2026,823375,61,134,142,1,641927.0,Bailey_Ober,3.0,3.0,1.0,0.0,2.0,5.0,5.0,0.0,0.0,4.0,0.1111111111111111,0.534,0.534,0.0,0.0,64.08,4.2,4.733333333333333,4.392107892107893,1.08,0.0,72.0,0,1.0,0.49999999999999994,-0.8660254037844387,-0.9749279121818236,-0.2225209339563146,0.5,0.5,0.5,0.5,0.5,0.5,0.5,0.5,0.5,0.5,synthetic,synthetic,synthetic,synthetic,synthetic,0.0,0.0,0.0,0.0,0.0,-110.0,-110.0,-110.0,-110.0,-110.0,-110.0,-110.0,-110.0,-110.0,-110.0,0.0,0.0,0.0,0.0,0.0,2026-08-07T03:26:40.888653+00:00,0.46229155359331997,0.3906080598003412,0.35306994488972,-0.4744,-0.14612241312239604,0.6,0.8,0.6,0.0,0.2,1.0,1.0,1.0,0.0,0.0,batter_pitcher_profile_network_v2,1.0,0.75,0.5438195708712903,0.0,0.7125365769262002,0.1217094907407405,0.15739934422407142,0.0,44.0,9.868064331217004,-0.002416178776426286,0.008739045756709089,0.000873904575670909,-0.14672916666666685,0.1927515838985109,0.0,44.0,9.867624259790784,-0.015313639720800375,-0.022970459581200562,-0.00367527353299209,0.1042812499999998,0.06847721059304686,0.0,44.0,10.127560956574003,-0.02296652817532067,-0.019708994313495844,-0.0009854497156747922,-0.5214641203703703,0.2684005455598528,0.0,44.0,9.572706327923004,0.0,0.0,0.0,-0.30870717592592595,0.08478511794128966,0.0,44.0,9.872103941825593,0.009011680123168919,0.006758760092376689,0.0004055256055426013
2026-05-31,Nick_Gonzales,693304,hitter,PIT,MIN,2026,823373,62,134,142,1,805673.0,Zebby_Matthews,1.0,4.0,2.0,1.0,2.0,4.0,3.0,1.0,2.0,5.0,0.10256410256410256,0.6975,0.6975,1.0,30.0,65.0,2.5,8.142857142857142,4.842107892107892,1.08,-3.0,68.0,0,1.0,0.49999999999999994,-0.8660254037844387,-0.7818314824680299,0.6234898018587334,1.5,1.5,0.5,0.5,0.5,1.5,1.5,0.5,0.5,0.5,synthetic,synthetic,synthetic,synthetic,synthetic,0.0,0.0,0.0,0.0,0.0,-110.0,-110.0,-110.0,-110.0,-110.0,-110.0,-110.0,-110.0,-110.0,-110.0,0.0,0.0,0.0,0.0,0.0,2026-08-07T03:26:40.888653+00:00,-0.034543722092694296,1.3122069242939167,0.5732395652892655,-0.14980130999021896,0.5088209179513794,1.2,1.4,0.8,0.0,0.6,3.0,3.0,1.0,0.0,2.0,batter_pitcher_profile_network_v2,1.0,0.3,0.7755962032419544,0.0,0.5764968395308582,0.1859810185185186,-0.06095898838004116,0.0,45.0,10.5715407070636,0.023140929867292385,-0.0025441140338384204,-0.0002544114033838421,-0.09407499999999995,-0.1124969526087948,0.0,45.0,10.470200930160589,0.008591284041268618,0.010512026836978638,0.001681924293916582,0.17018750000000013,-0.27571242183742184,0.0,45.0,9.952873097036239,0.0010976852849794367,-0.009431970937971351,-0.0004715985468985676,-0.5076196759259259,-0.1409195716564138,0.0,45.0,10.092801883363213,0.0,-0.016052399608759753,-0.00040130999021899385,-0.24693564814814814,-0.22759403559403557,0.0,45.0,9.961591496782171,0.057929841866208406,0.030835645510002625,0.0018501387306001575
2026-06-02,Nick_Gonzales,693304,hitter,PIT,HOU,2026,824189,63,134,117,0,681347.0,Mike_Burrows,3.0,3.0,3.0,0.0,0.0,5.0,4.0,1.0,0.0,5.0,0.11363636363636363,0.6719999999999999,0.6719999999999999,0.0,0.0,65.0,6.563025210084034,5.689075630252101,1.542857142857143,1.08,0.0,73.0,0,2.0,1.2246467991473532e-16,-1.0,0.7818314824680298,0.6234898018587336,0.5,1.5,0.5,0.5,0.5,0.5,1.5,0.5,0.5,0.5,synthetic,synthetic,synthetic,synthetic,synthetic,0.0,0.0,0.0,0.0,0.0,-110.0,-110.0,-110.0,-110.0,-110.0,-110.0,-110.0,-110.0,-110.0,-110.0,0.0,0.0,0.0,0.0,0.0,2026-08-07T03:26:40.888653+00:00,0.5819613314161336,0.3727145949914863,0.5489493529453078,-0.23578597157169656,0.4854253859305062,1.0,1.6,0.8,0.2,0.8,1.0,4.0,2.0,1.0,2.0,batter_pitcher_profile_network_v2,1.0,0.7,0.5451054453644852,0.0,0.6982572080599954,0.17516550925925933,0.24121423706878886,0.0,46.0,10.352468065404242,0.03734768242206416,0.01922039335664987,0.0019220393356649873,-0.02727083333333328,0.27122829971680396,0.0,46.0,10.355584091122422,-0.010109642080927675,-0.015164463121391511,-0.0024263140994226417,0.18167708333333327,0.19861382224560656,0.0,46.0,10.667265558349902,-0.010920671611660273,0.0054935524126479614,0.0002746776206323981,-0.33852893518518506,0.2882676728054891,0.0,46.0,10.221312908770123,-0.055438862867861774,-0.055438862867861774,-0.0013859715716965444,-0.1369178240740741,0.24013968870839963,0.0,46.0,10.326865755552847,0.04547033669523265,0.03410275252142449,0.0020461651512854694
2026-06-03,Nick_Gonzales,693304,hitter,PIT,HOU,2026,824188,64,134,117,0,681293.0,Spencer_Arrighetti,2.0,6.0,1.0,1.0,3.0,5.0,5.0,0.0,0.0,4.0,0.1111111111111111,0.674,0.674,0.8,30.0,65.0,0.5,6.545454545454546,2.8285714285714287,1.08,0.0,73.0,0,1.0,1.2246467991473532e-16,-1.0,0.9749279121818236,-0.22252093395631434,1.5,2.5,1.5,0.5,0.5,1.5,2.5,1.5,0.5,0.5,synthetic,synthetic,synthetic,synthetic,synthetic,0.0,0.0,0.0,0.0,0.0,-110.0,-110.0,-110.0,-110.0,-110.0,-110.0,-110.0,-110.0,-110.0,-110.0,0.0,0.0,0.0,0.0,0.0,2026-08-07T03:26:40.888653+00:00,0.2658905146267625,0.5741232398660507,0.1420723132517907,-0.06297860579933567,0.22494984672564244,1.6,2.2,1.4,0.2,0.8,3.0,3.0,3.0,0.0,0.0,batter_pitcher_profile_network_v2,1.0,0.4,0.5805376013912763,0.0,0.6115536575318274,0.26646908068783104,-0.6304057344407784,0.0,47.0,8.566611966794374,0.06273259138408546,-0.07046281910034083,-0.007046281910034083,0.015505621693121995,-0.6289701015157836,0.0,47.0,8.378307654951726,0.03956016884141817,0.055249415829482035,0.008839906532717125,0.26314335317460363,-0.405682313329372,0.0,47.0,9.845610103928843,-0.011346460097876683,-0.056125163535618715,-0.002806258176780936,-0.4215150462962963,-0.5779600005056825,0.0,47.0,8.411216938535027,-0.04095529052316433,-0.14314423197342568,-0.0035786057993356423,-0.1356539351851848,-0.5810021786492374,0.0,47.0,8.57217314407959,0.03640467118235119,-0.00575652282659412,-0.0003453913695956472
2026-06-04,Nick_Gonzales,693304,hitter,PIT,HOU,2026,824185,65,134,117,0,678906.0,Kai-Wei_Teng,1.0,1.0,1.0,0.0,0.0,4.0,4.0,0.0,1.0,5.0,0.10526315789473684,0.2225,0.2225,0.0,0.0,26.7,1.8,11.4,3.4714285714285715,1.08,0.0,73.0,0,1.0,1.2246467991473532e-16,-1.0,0.43388373911755823,-0.900968867902419,1.5,3.5,1.5,0.5,1.5,1.5,3.5,1.5,0.5,1.5,synthetic,synthetic,synthetic,synthetic,synthetic,0.0,0.0,0.0,0.0,0.0,-110.0,-110.0,-110.0,-110.0,-110.0,-110.0,-110.0,-110.0,-110.0,-110.0,0.0,0.0,0.0,0.0,0.0,2026-08-07T03:26:40.888653+00:00,0.1773319259159587,-0.4301542115127259,-0.2403101675173902,-0.09676989433796801,0.002592445205712224,2.0,3.4,1.6,0.4,1.4,2.0,6.0,1.0,1.0,3.0,batter_pitcher_profile_network_v2,1.0,0.3,0.793358043115263,0.0,0.5758440919155141,0.28777730387868206,-0.335546925566343,0.0,48.0,10.666171973674771,0.08743737554810468,-0.019953923797808366,-0.001995392379780837,0.06544721493146706,-0.33316707119741096,0.0,48.0,10.544056692752227,0.04518478247782999,0.06327137541387726,0.010123420066220362,0.27769258530183744,-0.004682982740021477,0.0,48.0,11.56597734582229,0.0075052225902823,0.007236499276253644,0.0003618249638126822,-0.3400046296296296,-0.2819838187702266,0.0,48.0,10.4302748856317,-0.07498380979067179,-0.09479577351872004,-0.0023698943379680012,-0.09772685185185172,-0.1504536138079826,0.0,48.0,11.0578165794993,-0.00747016020879234,-0.008640950832109378,-0.0005184570499265626
2026-06-05,Nick_Gonzales,693304,hitter,PIT,ATL,2026,824914,66,134,144,0,527048.0,Martín_Pérez,1.0,1.0,1.0,0.0,1.0,4.0,4.0,0.0,1.0,1.0,0.12121212121212122,0.2225,0.2225,0.0,0.0,26.7,4.129411764705883,8.258823529411766,2.8285714285714287,1.08,0.0,82.0,0,1.0,1.2246467991473532e-16,-1.0,-0.433883739117558,-0.9009688679024191,1.5,3.5,1.5,0.5,1.5,1.5,3.5,1.5,0.5,1.5,synthetic,synthetic,synthetic,synthetic,synthetic,0.0,0.0,0.0,0.0,0.0,-110.0,-110.0,-110.0,-110.0,-110.0,-110.0,-110.0,-110.0,-110.0,-110.0,0.0,0.0,0.0,0.0,0.0,2026-08-07T03:26:40.888653+00:00,0.23527241873692506,-1.1133627896726357,-0.21446432624824152,-0.19711418614236775,-0.48850479150894044,2.0,3.4,1.6,0.4,1.4,1.0,1.0,1.0,0.0,0.0,batter_pitcher_profile_network_v2,1.0,0.45,0.6691110916637003,0.0,0.6206152510720385,0.21591293926800836,-0.11819368234777451,0.0,49.0,11.538996029863616,0.09678623774427299,-0.008444134504951566,-0.0008444134504951566,0.010533008894721616,-0.15590646474334136,0.0,49.0,11.399331266860676,0.03993964079072506,0.059366087273296064,0.00949857396372737,0.21212212926509194,-0.1792667421766686,0.0,49.0,11.39259748695378,-0.022320879850700328,-0.03490340808172076,-0.001745170404086038,-0.34989351851851846,-0.16293771474334134,0.0,49.0,11.06229932296146,-0.08970318767200643,-0.10856744569470908,-0.0027141861423677274,-0.1425636574074074,-0.2461243810655575,0.0,49.0,10.9290015366788,0.054840091096187045,0.029519708617228524,0.0017711825170337115
2026-06-06,Nick_Gonzales,693304,hitter,PIT,ATL,2026,824915,67,134,144,0,675911.0,Spencer_Strider,2.0,3.0,1.0,0.0,1.0,4.0,4.0,0.0,1.0,5.0,0.10526315789473684,0.54,0.54,0.25,21.25,65.0,5.021052631578947,12.063157894736841,2.8285714285714287,1.08,-4.0,84.0,0,1.0,1.2246467991473532e-16,-1.0,-0.9749279121818236,-0.2225209339563146,1.5,2.5,1.5,0.5,1.5,1.5,2.5,1.5,0.5,1.5,synthetic,synthetic,synthetic,synthetic,synthetic,0.0,0.0,0.0,0.0,0.0,-110.0,-110.0,-110.0,-110.0,-110.0,-110.0,-110.0,-110.0,-110.0,-110.0,0.0,0.0,0.0,0.0,0.0,2026-08-07T03:26:40.888653+00:00,-0.24376710070468155,0.06401477125256472,-0.09852927953886126,-0.08162935828538997,-0.3889646349240623,1.6,3.0,1.6,0.4,1.2,1.0,1.0,1.0,0.0,1.0,batter_pitcher_profile_network_v2,1.0,0.35,0.7221117772073653,0.0,0.5915394575522341,0.24945529100529085,-0.5129164195700519,0.0,50.0,10.104149633782631,0.09847797000302269,-0.035555718826263544,-0.0035555718826263544,0.03429550264550258,-0.23226663930954147,0.0,50.0,11.458350880342879,0.040714894820566484,0.05885876769695133,0.009417402831512213,0.23718253968253958,0.07012019044089099,0.0,50.0,12.035649108452157,-0.011410236486250778,-0.006788598296027715,-0.00033942991480138577,-0.3479157407407407,0.06522455787355713,0.0,50.0,11.685543561526789,-0.1141743314155972,-0.1141743314155972,-0.00285435828538993,-0.13409629629629627,-0.01829823678915596,0.0,50.0,11.741791386933416,0.0190718145103433,0.013621999385927437,0.0008173199631556462
2026-06-07,Nick_Gonzales,693304,hitter,PIT,ATL,2026,824916,68,134,144,0,693821.0,Bryce_Elder,0.0,0.0,0.0,0.0,0.0,4.0,4.0,0.0,1.0,2.0,0.1111111111111111,0.0,0.0,0.0,0.0,10.0,6.3500000000000005,5.599999999999999,2.8285714285714287,1.08,0.0,78.0,0,1.0,1.2246467991473532e-16,-1.0,-0.7818314824680299,0.6234898018587334,1.5,2.5,1.5,0.5,0.5,1.5,2.5,1.5,0.5,0.5,synthetic,synthetic,synthetic,synthetic,synthetic,0.0,0.0,0.0,0.0,0.0,-110.0,-110.0,-110.0,-110.0,-110.0,-110.0,-110.0,-110.0,-110.0,-110.0,0.0,0.0,0.0,0.0,0.0,2026-08-07T03:26:40.888653+00:00,0.33727816109356845,-0.3226451466252458,-0.4893210930213632,-0.3375198638310362,0.31902766882575506,1.8,2.8,1.4,0.2,1.0,2.0,3.0,1.0,0.0,1.0,batter_pitcher_profile_network_v2,1.0,0.8,0.5151256258180756,0.0,0.7295176886698286,0.2554445436507938,-0.18284540884847097,0.0,51.0,11.904539807289387,0.06899767833680603,-0.02264696049288988,-0.002264696049288988,0.061558399470899645,-0.26393557518897975,0.0,51.0,11.55769039272264,0.019299982114623408,0.02107200025887903,0.003371520041420645,0.23583085317460337,-0.24661923979637518,0.0,51.0,11.636689097246396,-0.041792788970493655,-0.0699932889987005,-0.003499664449935025,-0.2772687499999999,-0.31286536970952766,0.0,51.0,10.957473874330647,-0.08273277286437156,-0.12479455324144892,-0.003119863831036223,-0.08751180555555532,-0.2856004041799368,0.0,51.0,11.274991088049536,0.014656677472589504,-0.0011261544913859084,-6.75692694831545e-05
2026-06-09,Nick_Gonzales,693304,hitter,PIT,LAD,2026,823374,69,134,119,1,641778.0,Eric_Lauer,0.0,0.0,0.0,0.0,0.0,4.0,4.0,0.0,1.0,1.0,0.11764705882352941,0.0,0.0,0.0,0.0,10.0,5.385714285714286,5.042857142857143,7.216463040065526,1.08,0.0,81.0,0,2.0,1.2246467991473532e-16,-1.0,0.7818314824680298,0.6234898018587336,1.5,2.5,0.5,0.5,0.5,1.5,2.5,0.5,0.5,0.5,synthetic,synthetic,synthetic,synthetic,synthetic,0.0,0.0,0.0,0.0,0.0,-110.0,-110.0,-110.0,-110.0,-110.0,-110.0,-110.0,-110.0,-110.0,-110.0,0.0,0.0,0.0,0.0,0.0,2026-08-07T03:26:40.888653+00:00,-0.12003849075271811,-1.1159000082818085,0.2269063593788666,-0.3378666622362178,0.38360396214669223,1.2,2.2,0.8,0.2,1.0,0.0,0.0,0.0,0.0,0.0,batter_pitcher_profile_network_v2,1.0,0.5,0.6868723739032176,0.0,0.6329290670984279,0.10231226851851842,0.4488593588396896,0.0,52.0,10.836989022314492,0.06615839261127394,0.014380016502629477,0.0014380016502629478,-0.060893981481481514,0.6018264154962683,0.0,52.0,9.858468655333338,-0.020919152154594074,-0.03137872823189111,-0.005020596517102578,0.09082291666666656,0.5504052055787348,0.0,52.0,10.561300055052312,-0.03369479890922002,-0.018041734841134183,-0.0009020867420567092,-0.2976391203703702,0.8044166561379795,0.0,52.0,8.383497609605989,-0.13866648944871213,-0.13866648944871213,-0.0034666622362178033,-0.20338217592592575,0.5856090825840824,0.0,52.0,10.052487971903105,-0.057158467401215926,-0.04286885055091194,-0.0025721310330547166
2026-06-10,Nick_Gonzales,693304,hitter,PIT,LAD,2026,823372,70,134,119,1,660271.0,Shohei_Ohtani,0.0,0.0,1.0,0.0,0.0,4.0,3.0,1.0,1.0,5.0,0.1,0.1725,0.1725,0.0,0.0,20.7,0.5,8.9,6.059320182922668,1.08,11.0,87.0,0,1.0,1.2246467991473532e-16,-1.0,0.9749279121818236,-0.22252093395631434,0.5,0.5,0.5,0.5,0.5,0.5,0.5,0.5,0.5,0.5,synthetic,synthetic,synthetic,synthetic,synthetic,0.0,0.0,0.0,0.0,0.0,-110.0,-110.0,-110.0,-110.0,-110.0,-110.0,-110.0,-110.0,-110.0,-110.0,0.0,0.0,0.0,0.0,0.0,2026-08-07T03:26:40.888653+00:00,0.3685834082509363,0.20952098154723697,0.07295753404362071,-0.47916537611096655,-0.05359899061617773,0.8,1.0,0.6,0.0,0.4,0.0,0.0,0.0,0.0,0.0,batter_pitcher_profile_network_v2,1.0,0.6,0.4386656755334889,0.0,0.6777580728482886,0.017441051264679076,-0.8744054487179489,0.0,53.0,7.918024479384534,0.10707426130723051,-0.00856065732637044,-0.0008560657326370441,-0.13012602755194236,-0.8689461970613657,0.0,53.0,7.742196039624319,0.06750591299509306,0.037787384670230934,0.006045981547236949,0.006806148373983467,-0.7347824834341689,0.0,53.0,8.707191158595025,-0.029862247423364522,-0.03266950205025287,-0.0016334751025126435,-0.31223171296296287,-0.8440398300201671,0.0,53.0,7.662204221678607,-0.04268324081921929,-0.1906150444386615,-0.004765376110966538,-0.27800949074074066,-0.8337962162681263,0.0,53.0,7.892028839731713,0.06426995263881337,-0.08191666270518608,-0.0049149997623111645
2026-06-11,Nick_Gonzales,693304,hitter,PIT,LAD,2026,823371,71,134,119,1,680736.0,Justin_Wrobleski,2.0,2.0,1.0,0.0,0.0,5.0,5.0,0.0,1.0,1.0,0.12195121951219512,0.356,0.356,0.0,0.0,42.72,3.428571428571429,8.257142857142858,9.99063886424135,1.08,11.0,72.0,0,1.0,1.2246467991473532e-16,-1.0,0.43388373911755823,-0.900968867902419,0.5,0.5,0.5,0.5,0.5,0.5,0.5,0.5,0.5,0.5,synthetic,synthetic,synthetic,synthetic,synthetic,0.0,0.0,0.0,0.0,0.0,-110.0,-110.0,-110.0,-110.0,-110.0,-110.0,-110.0,-110.0,-110.0,-110.0,0.0,0.0,0.0,0.0,0.0,2026-08-07T03:26:40.888653+00:00,0.3849336119225857,0.19027458321142743,0.5777547518869821,-0.4777767167439643,0.22799047513235582,0.6,0.8,0.6,0.0,0.4,0.0,0.0,1.0,0.0,0.0,batter_pitcher_profile_network_v2,1.0,0.6,0.6022090480858409,0.0,0.6657376349656907,0.051723521505376485,-0.0825068827969184,0.0,53.0,13.068290300799259,0.09266713776314822,-0.0016975913951891772,-0.00016975913951891773,-0.10214913381123047,-0.21352230554143362,0.0,53.0,12.722316607646478,0.023508558343438263,0.02658657190068963,0.004253851504110341,0.038425403225806565,-0.3505699017767523,0.0,53.0,12.135511497474669,-0.03435599989767869,-0.03971455820902104,-0.0019857279104510523,-0.30826875,-0.30194534824606,0.0,53.0,11.956345918194915,-0.09804216262156339,-0.13506866975857487,-0.003376716743964372,-0.25139027777777767,-0.3515804296533833,0.0,53.0,11.952359705799157,0.030075483589220336,-0.012601703767553499,-0.0007561022260532099
2026-06-12,Nick_Gonzales,693304,hitter,PIT,MIA,2026,823370,72,134,146,1,645261.0,Sandy_Alcantara,1.0,1.0,0.0,0.0,0.0,4.0,4.0,0.0,0.0,5.0,0.11764705882352941,0.2225,0.2225,0.0,0.0,26.7,5.949579831932773,7.260504201680672,2.24582560296846,1.08,8.0,81.0,0,1.0,1.2246467991473532e-16,-1.0,-0.433883739117558,-0.9009688679024191,0.5,0.5,0.5,0.5,0.5,0.5,0.5,0.5,0.5,0.5,synthetic,synthetic,synthetic,synthetic,synthetic,0.0,0.0,0.0,0.0,0.0,-110.0,-110.0,-110.0,-110.0,-110.0,-110.0,-110.0,-110.0,-110.0,-110.0,0.0,0.0,0.0,0.0,0.0,2026-08-07T03:26:40.888653+00:00,0.5781310565042661,0.5227429419527574,0.07065577723848215,-0.4776788216886672,-0.33967738443294637,0.8,1.0,0.6,0.0,0.2,2.0,2.0,1.0,0.0,0.0,batter_pitcher_profile_network_v2,1.0,0.85,0.4076559261715695,0.0,0.7550528266873853,0.1208393518518514,0.18377023979838195,0.0,54.0,13.049257364610584,0.06401090358448966,0.0131539933230598,0.0013153993323059801,-0.04517314814814851,0.07069402125765264,0.0,54.0,13.381692768921933,-0.010427692843903809,-0.015641539265855712,-0.002502646282536914,0.12106249999999945,-0.003727652206181438,0.0,54.0,13.63066718526784,-0.059648628172535204,-0.05991594055175718,-0.002995797027587859,-0.2961502314814814,-0.02469288350425209,0.0,54.0,13.139489206181528,-0.1268211719283966,-0.13115286754669025,-0.0032788216886672564,-0.17985509259259283,0.03265131604778682,0.0,54.0,13.267831244175635,-0.0015912390631104179,-0.0011934292973328135,-7.16057578399688e-05
2026-06-13,Nick_Gonzales,693304,hitter,PIT,MIA,2026,823369,73,134,146,1,669199.0,Lake_Bachar,0.0,0.0,0.0,0.0,0.0,4.0,4.0,0.0,1.0,5.0,0.10526315789473684,0.0,0.0,0.0,0.0,10.0,0.0,10.875,2.24582560296846,1.08,0.0,86.0,0,1.0,1.2246467991473532e-16,-1.0,-0.9749279121818236,-0.2225209339563146,0.5,0.5,0.5,0.5,0.5,0.5,0.5,0.5,0.5,0.5,synthetic,synthetic,synthetic,synthetic,synthetic,0.0,0.0,0.0,0.0,0.0,-110.0,-110.0,-110.0,-110.0,-110.0,-110.0,-110.0,-110.0,-110.0,-110.0,0.0,0.0,0.0,0.0,0.0,2026-08-07T03:26:40.888653+00:00,0.11914040329276143,0.026024120071083456,-0.3387007806042658,-0.4788421670284351,-0.5,0.6,0.6,0.4,0.0,0.0,1.0,1.0,0.0,0.0,0.0,batter_pitcher_profile_network_v2,1.0,0.1,0.5395808728451207,0.0,0.5283901343076473,0.15892615740740695,-0.8308382352941178,0.0,54.0,9.155738156900105,0.046309692147512294,-0.06079462931240028,-0.0060794629312400286,-0.018443981481481776,-0.8642205882352942,0.0,54.0,8.701393204113044,0.015004084054841197,0.015167197812692611,0.002426751650030818,0.14486458333333285,-0.8777314814814814,0.0,54.0,8.328877766454791,-0.06892948660113352,-0.12747279400114303,-0.0063736397000571515,-0.2942613425925925,-0.8642205882352942,0.0,54.0,8.482350191588115,-0.06059900741779938,-0.17768668113740357,-0.00444216702843509,-0.17426828703703728,-0.9369907407407406,0.0,54.0,7.881842119767169,0.0081151425155144,-0.06909445627728888,-0.004145667376637333
2026-06-14,Nick_Gonzales,693304,hitter,PIT,MIA,2026,823368,74,134,146,1,676974.0,Max_Meyer,2.0,2.0,1.0,0.0,0.0,4.0,3.0,0.0,0.0,5.0,0.1,0.625,0.625,0.0,0.0,65.0,4.053571428571428,8.8125,2.123376623376623,1.08,13.0,75.0,0,1.0,1.2246467991473532e-16,-1.0,-0.7818314824680299,0.6234898018587334,0.5,0.5,0.5,0.5,0.5,0.5,0.5,0.5,0.5,0.5,synthetic,synthetic,synthetic,synthetic,synthetic,0.0,0.0,0.0,0.0,0.0,-110.0,-110.0,-110.0,-110.0,-110.0,-110.0,-110.0,-110.0,-110.0,-110.0,0.0,0.0,0.0,0.0,0.0,2026-08-07T03:26:40.888653+00:00,0.02327305272033986,0.1542132180278717,-0.005731940475208086,-0.47889619119114835,-0.3859919496817818,0.6,0.6,0.4,0.0,0.0,0.0,0.0,0.0,0.0,0.0,batter_pitcher_profile_network_v2,1.0,0.8,0.40409507893122565,0.0,0.7403986822647399,0.03416111111111096,-0.5421678648337948,0.0,54.0,11.780600875394546,0.053474061262932894,-0.011036788813917293,-0.0011036788813917294,-0.1176037037037038,-0.4924941423390165,0.0,54.0,12.06098991198984,0.0026479402392195423,-0.030542387325801827,-0.0048867819721282926,0.023666666666666558,-0.3651163993728512,0.0,54.0,12.958936315201216,-0.08286616594758837,-0.08801543288078593,-0.004400771644039297,-0.3135576388888888,-0.42896451806155983,0.0,54.0,12.15183222983829,-0.09969539578273232,-0.1798476476459357,-0.004496191191148392,-0.2715333333333332,-0.4280728059239109,0.0,54.0,12.38719765387664,-0.0023298511699063906,-0.07101301417688237,-0.004260780850612942
2026-06-15,Nick_Gonzales,693304,hitter,PIT,ATH,2026,824993,75,134,133,0,669372.0,JT_Ginn,0.0,0.0,1.0,0.0,0.0,4.0,4.0,0.0,1.0,5.0,0.10526315789473684,0.0,0.0,0.0,0.0,10.0,3.1470588235294166,8.647058823529411,5.923469387755103,1.08,11.0,86.0,0,1.0,1.2246467991473532e-16,-1.0,0.0,1.0,0.5,0.5,0.5,0.5,0.5,0.5,0.5,0.5,0.5,0.5,synthetic,synthetic,synthetic,synthetic,synthetic,0.0,0.0,0.0,0.0,0.0,-110.0,-110.0,-110.0,-110.0,-110.0,-110.0,-110.0,-110.0,-110.0,-110.0,0.0,0.0,0.0,0.0,0.0,2026-08-07T03:26:40.888653+00:00,0.7952077518132532,0.415826226769323,0.11571864617345529,-0.4779229413554195,-0.37546743677272076,1.0,1.0,0.6,0.0,0.0,2.0,2.0,1.0,0.0,0.0,batter_pitcher_profile_network_v2,1.0,0.75,0.5507012886107683,0.0,0.7119043191088856,0.049786957994580036,-0.23019341585794914,0.0,54.0,14.145725558247545,0.10447643314329291,-0.005149246257437575,-0.0005149246257437575,-0.11964017615176142,-0.1438266765663919,0.0,54.0,14.323612470030778,0.022774432868412724,0.02643036467669037,0.00422885834827046,0.03955843495934974,0.05855391919985248,0.0,54.0,14.575982063853571,-0.07776875446950066,-0.07672804323336752,-0.0038364021616683758,-0.3550506944444444,-0.007395487641310428,0.0,54.0,14.108895055448185,-0.13973789778123477,-0.14091765421678057,-0.0035229413554195145,-0.28504027777777763,-0.028145999366922782,0.0,54.0,14.299368227745976,-0.04920229658447435,-0.040506330744773986,-0.002430379844686439
2026-06-16,Nick_Gonzales,693304,hitter,PIT,ATH,2026,824991,76,134,133,0,678022.0,Jack_Perkins,0.0,0.0,0.0,0.0,1.0,4.0,4.0,0.0,1.0,5.0,0.1,0.0,0.0,0.0,0.0,10.0,6.000000000000003,7.5,6.3520408163265305,1.08,10.0,85.0,0,1.0,1.2246467991473532e-16,-1.0,0.7818314824680298,0.6234898018587336,0.5,0.5,0.5,0.5,0.5,0.5,0.5,0.5,0.5,0.5,synthetic,synthetic,synthetic,synthetic,synthetic,0.0,0.0,0.0,0.0,0.0,-110.0,-110.0,-110.0,-110.0,-110.0,-110.0,-110.0,-110.0,-110.0,-110.0,0.0,0.0,0.0,0.0,0.0,2026-08-07T03:26:40.888653+00:00,0.5778149659863947,0.11971149538420722,0.1300739983854149,-0.478359106903045,-0.36040902641673567,1.0,1.0,0.6,0.0,0.0,0.0,0.0,1.0,0.0,0.0,batter_pitcher_profile_network_v2,1.0,0.15,0.8020150313620856,0.0,0.5377629737987217,-0.015804224058769432,0.4009837962962962,0.0,55.0,12.897824420508693,0.07292135289467361,0.0,0.0,-0.16772874196510557,0.5608101851851851,0.0,55.0,11.63290946098224,-0.025577102565803395,-0.03836565384870509,-0.006138504615792815,-0.019800964187327824,0.914236111111111,0.0,55.0,8.345688768488227,-0.08556084861823442,-0.08556084861823442,-0.004278042430911721,-0.3579395833333333,0.70375,0.0,55.0,10.448732158034213,-0.1583642761218021,-0.1583642761218021,-0.003959106903045052,-0.31206111111111107,0.8856481481481482,0.0,55.0,8.50302977808518,-0.05802371629027102,-0.04351778721770326,-0.0026110672330621953
2026-06-17,Nick_Gonzales,693304,hitter,PIT,ATH,2026,824992,77,134,133,0,650644.0,Aaron_Civale,2.0,2.0,0.0,0.0,0.0,5.0,5.0,0.0,1.0,5.0,0.10204081632653061,0.356,0.356,0.0,0.0,42.72,9.450000000000001,3.9,5.846938775510204,1.08,6.0,82.0,0,1.0,1.2246467991473532e-16,-1.0,0.9749279121818236,-0.22252093395631434,0.5,0.5,0.5,0.5,0.5,0.5,0.5,0.5,0.5,0.5,synthetic,synthetic,synthetic,synthetic,synthetic,0.0,0.0,0.0,0.0,0.0,-110.0,-110.0,-110.0,-110.0,-110.0,-110.0,-110.0,-110.0,-110.0,-110.0,0.0,0.0,0.0,0.0,0.0,2026-08-07T03:26:40.888653+00:00,0.45461088435374153,0.04266276523066548,0.03629046332226282,-0.47835617124116614,0.020112372300017944,0.6,0.6,0.4,0.0,0.2,0.0,0.0,0.0,0.0,1.0,batter_pitcher_profile_network_v2,1.0,0.7,0.4860891628553375,0.0,0.7033178542851548,-0.11492459442913987,0.4170953345116817,0.0,54.0,12.586711259323243,0.10695522909931914,0.0,0.0,-0.2678676308539945,0.5401987915737777,0.0,54.0,11.648165348211489,0.009934140842058948,0.014901211263088422,0.0023841938020941473,-0.1252176308539946,0.3350979112596274,0.0,54.0,13.74290303534467,-0.0635580804935199,-0.0635580804935199,-0.003177904024675995,-0.440549537037037,0.6349628644214599,0.0,54.0,10.928866479672967,-0.15824684964664715,-0.15824684964664715,-0.003956171241166179,-0.4345148148148148,0.4475799752772874,0.0,54.0,12.52274595368632,-0.04521258834427215,-0.03390944125820411,-0.0020345664754922465
2026-06-19,Nick_Gonzales,693304,hitter,PIT,COL,2026,824345,78,134,115,0,607536.0,Kyle_Freeland,1.0,3.0,0.0,0.0,1.0,4.0,4.0,0.0,0.0,2.0,0.11428571428571428,0.405,0.405,0.5,30.0,65.0,7.623529411764706,5.435294117647058,4.270408163265307,1.0477777777777777,-8.0,81.0,0,2.0,1.2246467991473532e-16,-1.0,-0.433883739117558,-0.9009688679024191,0.5,1.5,0.5,0.5,0.5,0.5,0.5,0.5,0.5,0.5,synthetic,real,real,real,synthetic,0.0,8.0,7.0,8.0,0.0,-110.0,-126.861418,-159.878344,494.564641,-110.0,-110.0,117.434239,116.489078,0.0,-110.0,0.0,0.4629100498862757,0.0,0.0,0.0,2026-06-19T20:50:58.917955+00:00,0.7286516206482592,0.06303966448553866,0.02961729913464628,-0.2887945210950679,-0.19160079296490046,0.8,0.8,0.4,0.0,0.2,2.0,2.0,0.0,0.0,0.0,batter_pitcher_profile_network_v2,1.0,0.75,0.472934127770817,0.0,0.7190491770110562,-0.10541168412264704,0.6552130832239932,0.0,54.0,10.719131655832722,0.08059007917335939,0.0,0.0,-0.25574883879781407,0.6481515614306403,0.0,54.0,10.974894183120519,-0.004973620199143355,-0.007460430298715032,-0.0011936688477944052,-0.10774675546448068,0.581266507728293,0.0,54.0,12.00723113452991,-0.06806218057238435,-0.06806218057238435,-0.0034031090286192178,-0.43239398148148145,0.6161499791521594,0.0,54.0,11.48501702684032,-0.16333639935827196,-0.16333639935827196,-0.004083409983956799,-0.3995988425925924,0.6853883431713309,0.0,54.0,10.701452514639215,-0.08936002507035169,-0.06702001880276377,-0.004021201128165826
2026-06-20,Nick_Gonzales,693304,hitter,PIT,COL,2026,824342,79,134,115,0,608372.0,Tomoyuki_Sugano,0.0,0.0,0.0,0.0,0.0,4.0,3.0,0.0,2.0,5.0,0.11764705882352941,0.18,0.18,0.0,0.0,21.599999999999998,6.6000000000000005,6.0,4.215306122448981,1.0477777777777777,-4.0,85.0,0,1.0,1.2246467991473532e-16,-1.0,-0.9749279121818236,-0.2225209339563146,0.5,1.5,0.5,0.5,0.5,0.5,1.5,0.5,0.5,0.5,synthetic,real,real,real,synthetic,0.0,7.0,5.0,7.0,0.0,-110.0,-124.997985,-120.943447,726.325719,-110.0,-110.0,-108.141808,-113.694473,0.0,-110.0,0.0,0.0,0.0,0.0,0.0,2026-06-20T11:58:55.263102+00:00,0.7178200880352144,-0.12402119815832502,-0.12345815101946789,-0.4889337176494777,0.03845641736891292,1.0,1.4,0.4,0.0,0.4,1.0,3.0,0.0,0.0,1.0,batter_pitcher_profile_network_v2,1.0,0.8,0.4091012356109236,0.0,0.7399080789101294,-0.009749305555555365,0.44284725083063,0.0,54.0,13.115453308503023,0.07200437177159534,0.0,0.0,-0.1443041666666665,0.45221713553851595,0.0,54.0,13.187029909332235,-0.011146332195634616,-0.016719498293451925,-0.002675119726952308,-0.008489583333333273,0.2739303209663888,0.0,54.0,14.922463015098646,-0.08417502519128028,-0.08417502519128028,-0.0042087512595640145,-0.305773611111111,0.48323230894892066,0.0,54.0,13.023310690474762,-0.16890426153466268,-0.16890426153466268,-0.004222606538366567,-0.2709993055555555,0.32248643850010744,0.0,54.0,14.2080685204769,-0.08137399844459517,-0.06103049883344638,-0.0036618299300067826
2026-06-21,Nick_Gonzales,693304,hitter,PIT,COL,2026,824343,80,134,115,0,547179.0,Michael_Lorenzen,2.0,5.0,2.0,1.0,2.0,4.0,4.0,0.0,1.0,5.0,0.1,0.7475,0.7475,0.75,30.0,65.0,8.4,11.699999999999998,2.9295918367346943,1.0477777777777777,-17.0,88.0,0,1.0,1.2246467991473532e-16,-1.0,-0.7818314824680299,0.6234898018587334,0.5,1.5,0.5,0.5,0.5,0.5,0.5,0.5,0.5,0.5,synthetic,real,real,real,synthetic,0.0,8.0,7.0,8.0,0.0,-110.0,-121.619063,-117.379972,771.752105,-110.0,-110.0,-110.107965,-115.195556,0.0,-110.0,0.0,0.0,0.0,0.0,0.0,2026-06-21T19:20:37.517202+00:00,-0.03449206246300324,0.3539760824318541,-0.031033903693739873,-0.2273567731073451,-0.03306558505801499,0.6,1.0,0.2,0.0,0.4,0.0,0.0,0.0,0.0,0.0,batter_pitcher_profile_network_v2,1.0,0.85,0.45036753216959013,1.0,0.7693554807128415,-0.14038687169312142,0.7029778231487918,0.1111111111111111,53.0,10.728938898457535,0.056364729786026,0.08057597400942167,0.008057597400942166,-0.24421686507936485,0.5939721830167302,0.1111111111111111,53.0,12.01288149610398,-0.02364336142911158,0.045110931865754295,0.007217749098520687,-0.126346726190476,0.5943132006013734,-0.1111111111111111,53.0,12.334530591611422,-0.10719393660007182,-0.1877699106094935,-0.009388495530474675,-0.3218476851851851,0.4429083532294962,-0.04938271604938271,53.0,13.460612633130513,-0.1700149358451698,-0.2058264798493572,-0.005145661996233931,-0.3498511574074071,0.6644550445730045,0.1111111111111111,53.0,11.36108373075492,-0.11621634078477845,-0.006586281579162176,-0.00039517689474973054
2026-06-23,Nick_Gonzales,693304,hitter,PIT,SEA,2026,823365,81,134,136,1,669923.0,George_Kirby,2.0,2.0,0.0,0.0,0.0,4.0,4.0,0.0,1.0,4.0,0.10526315789473684,0.445,0.445,0.0,0.0,53.4,6.0,11.25,3.4285714285714284,1.08,0.0,73.0,0,2.0,1.2246467991473532e-16,-1.0,0.7818314824680298,0.6234898018587336,0.5,1.5,0.5,0.5,0.5,0.5,1.5,0.5,0.5,0.5,synthetic,synthetic,synthetic,synthetic,synthetic,0.0,0.0,0.0,0.0,0.0,-110.0,-110.0,-110.0,-110.0,-110.0,-110.0,-110.0,-110.0,-110.0,-110.0,0.0,0.0,0.0,0.0,0.0,2026-08-07T03:26:40.888653+00:00,0.5051130325814537,0.6545180245379725,0.2554539439817979,-0.2386806559496366,0.4947325875104802,1.0,2.0,0.4,0.2,0.8,2.0,5.0,2.0,1.0,2.0,batter_pitcher_profile_network_v2,1.0,0.9,0.4041866386009474,0.0,0.7704384230942456,-0.07940109126984113,0.1748829806071408,0.0,54.0,15.596330853177625,0.1079712534756478,0.0,0.0,-0.1357109126984126,0.03272847109721593,0.0,54.0,16.010754586740898,0.01112773382049771,0.016691600730746565,0.0026706561169194502,-0.04775049603174597,-0.08062047219069202,0.0,54.0,16.408489165067806,-0.11983044452710256,-0.12212412788284106,-0.0061062063941420535,-0.17016249999999994,-0.144192932615081,0.0,54.0,15.560446534229417,-0.15660722437500096,-0.1712262379854644,-0.00428065594963661,-0.19660347222222213,-0.03576983413964792,0.0,54.0,16.03421121576387,-0.10520122441089035,-0.0830909600383652,-0.004985457602301912
2026-06-24,Nick_Gonzales,693304,hitter,PIT,SEA,2026,823367,82,134,136,1,693433.0,Bryan_Woo,2.0,2.0,2.0,0.0,0.0,5.0,5.0,0.0,1.0,4.0,0.11904761904761904,0.356,0.356,0.0,0.0,42.72,6.568421052631578,9.572932330827067,2.142857142857143,1.08,7.0,78.0,0,1.0,1.2246467991473532e-16,-1.0,0.9749279121818236,-0.22252093395631434,1.5,2.5,0.5,0.5,0.5,1.5,2.5,0.5,0.5,0.5,synthetic,synthetic,synthetic,synthetic,synthetic,0.0,0.0,0.0,0.0,0.0,-110.0,-110.0,-110.0,-110.0,-110.0,-110.0,-110.0,-110.0,-110.0,-110.0,0.0,0.0,0.0,0.0,0.0,2026-08-07T03:26:40.888653+00:00,-0.1472311559735482,-0.5450948597489924,-0.11812050820420711,-0.33900245571435966,-0.03752660742819369,1.4,2.4,0.4,0.2,0.6,2.0,2.0,0.0,0.0,0.0,batter_pitcher_profile_network_v2,1.0,0.9,0.45765713111522616,0.0,0.7645433012945464,-0.056834729689366786,-0.1185741228070175,0.0,55.0,16.448363414884792,0.1157732931651744,-0.0036549181314731323,-0.0003654918131473133,-0.11494753584229386,-0.1567854010025062,0.0,55.0,16.439483152036942,0.0067458543641852565,0.0003446265687961445,5.514025100738312e-05,-0.034188508064516065,-0.14803088972431067,0.0,55.0,16.923902779081164,-0.0735225339424095,-0.07626730694128613,-0.0038133653470643065,-0.16208842592592587,-0.16249498746867158,0.0,55.0,16.211866011322652,-0.16981370014991976,-0.18409822857438596,-0.004602455714359649,-0.16953634259259234,-0.11434093567251452,0.0,55.0,16.613803081860826,-0.12974816446975587,-0.10782440951751504,-0.006469464571050902
2026-06-25,Nick_Gonzales,693304,hitter,PIT,SEA,2026,823366,83,134,136,1,682243.0,Bryce_Miller,1.0,1.0,0.0,0.0,0.0,4.0,4.0,0.0,1.0,4.0,0.12121212121212122,0.2225,0.2225,0.0,0.0,26.7,1.3499999999999999,11.325000000000001,4.071428571428571,1.08,11.0,75.0,0,1.0,1.2246467991473532e-16,-1.0,0.43388373911755823,-0.900968867902419,1.5,2.5,0.5,0.5,0.5,1.5,2.5,0.5,0.5,0.5,synthetic,synthetic,synthetic,synthetic,synthetic,0.0,0.0,0.0,0.0,0.0,-110.0,-110.0,-110.0,-110.0,-110.0,-110.0,-110.0,-110.0,-110.0,-110.0,0.0,0.0,0.0,0.0,0.0,2026-08-07T03:26:40.888653+00:00,-0.1704776880437946,-0.6026369010570845,0.4450582997101924,-0.339334332789249,0.022621231531239405,1.4,2.4,0.8,0.2,0.6,2.0,2.0,2.0,0.0,0.0,batter_pitcher_profile_network_v2,1.0,0.3,0.6596196486769066,0.0,0.5807589779111236,-0.08707666517323771,-0.7872401619184259,0.0,56.0,11.543330409848728,0.11562008740608169,-0.023333157494222205,-0.0023333157494222208,-0.1351088261648745,-0.5416950109312018,0.0,56.0,14.33810554765221,0.017543048260581357,0.0014028911204942117,0.00022446257927907388,-0.05018313172043001,-0.7013383747808065,0.0,56.0,12.571970434633704,-0.03532822411558682,-0.047308031770178186,-0.0023654015885089096,-0.16208842592592587,-0.27068383206941304,0.0,56.0,16.37239176261715,-0.18243922023391174,-0.1973733115699608,-0.00493433278924902,-0.16703634259259234,-0.679876653913598,0.0,56.0,12.795445511089298,-0.06503004650069899,-0.08742752642739621,-0.005245651585643772
2026-06-26,Nick_Gonzales,693304,hitter,PIT,CIN,2026,823363,84,134,113,1,671096.0,Andrew_Abbott,0.0,0.0,0.0,0.0,0.0,2.0,2.0,0.0,1.0,7.0,0.05128205128205128,0.0,0.0,0.0,0.0,10.0,2.6999999999999997,9.6,3.239835164835165,1.08,6.0,73.0,0,1.0,1.2246467991473532e-16,-1.0,-0.433883739117558,-0.9009688679024191,1.5,1.5,0.5,0.5,0.5,1.5,1.5,0.5,0.5,0.5,synthetic,real,real,synthetic,synthetic,0.0,8.0,7.0,0.0,0.0,-110.0,0.0,0.0,-110.0,-110.0,-110.0,0.0,0.0,-110.0,-110.0,0.0,0.7071067811865476,0.0,0.0,0.0,2026-06-27T01:11:02.474098+00:00,-0.3607803060239829,-0.14734064892271648,-0.11564016411660794,-0.3396070250932971,-0.2977851985373132,1.4,2.0,0.8,0.2,0.4,1.0,1.0,0.0,0.0,0.0,batter_pitcher_profile_network_v2,1.0,1.0,0.21189754445425013,1.0,0.8427925508043543,-0.14756393369175655,0.23653771629400247,0.1074074074074074,56.0,16.605902726672475,0.14644930633399822,0.06508338664661713,0.0065083386646617135,-0.20279632616487472,0.25677199714415594,0.1111111111111111,56.0,16.62685138343372,0.03848720191630204,0.1250584442330225,0.0200093510772836,-0.11804771505376366,0.3404362077014714,0.06666666666666668,56.0,16.467441435675717,-0.0603427242901579,-0.019946139475016222,-0.0009973069737508112,-0.2385131944444444,0.28058665231656976,-0.07407407407407408,56.0,16.448758115986358,-0.1633959094928378,-0.2082810037318841,-0.005207025093297103,-0.25335694444444445,0.31988783605396187,0.1111111111111111,56.0,16.232320144330135,-0.0694290570728439,0.015255848553936524,0.0009153509132361914
2026-06-27,Nick_Gonzales,693304,hitter,PIT,CIN,2026,823364,85,134,113,1,695505.0,Chase_Burns,1.0,1.0,0.0,0.0,0.0,5.0,3.0,2.0,2.0,4.0,0.12195121951219512,0.454,0.454,0.0,0.0,54.480000000000004,1.7249999999999999,12.3375,2.646428571428572,1.08,-5.0,73.0,0,1.0,1.2246467991473532e-16,-1.0,-0.9749279121818236,-0.2225209339563146,1.5,1.5,0.5,0.5,0.5,1.5,1.5,0.5,0.5,0.5,synthetic,real,real,real,synthetic,0.0,7.0,5.0,7.0,0.0,-110.0,144.902169,160.368387,1037.698593,-110.0,-110.0,-195.047943,-212.0,0.0,-110.0,0.0,0.0,0.0,0.0,0.0,2026-06-27T13:01:31.487963+00:00,-0.5772945163111451,-0.04284501289664422,0.213458885963291,-0.34239629372043223,-0.12540654569687526,1.4,2.0,0.8,0.2,0.4,0.0,0.0,0.0,0.0,0.0,batter_pitcher_profile_network_v2,1.0,0.95,0.27577812870916985,2.0,0.8379063202714704,-0.16045393897996352,-0.5571341027936598,-0.10666666666666669,55.0,14.219289987553797,0.13158890274252524,-0.13278285184548125,-0.013278285184548126,-0.21138966302367931,-0.405836934095672,-0.13333333333333333,55.0,15.788655004804083,0.02743118150385458,-0.10603590377475758,-0.016965744603961212,-0.15164105191256816,-0.3900346738695476,-0.2,55.0,16.17820322793505,-0.049009474165107446,-0.21942158387007113,-0.010971079193503557,-0.2385131944444444,-0.2785410157283251,-0.13333333333333336,55.0,16.57609966384153,-0.18668568120354512,-0.3198517488172893,-0.007996293720432233,-0.26835694444444425,-0.41151426570628236,-0.18666666666666668,55.0,15.738097764867891,-0.09776852932761167,-0.2723768069107558,-0.016342608414645347
2026-06-28,Nick_Gonzales,693304,hitter,PIT,CIN,2026,823362,86,134,113,1,663903.0,Brady_Singer,1.0,1.0,2.0,0.0,0.0,5.0,2.0,2.0,0.0,4.0,0.11363636363636363,0.598,0.598,0.0,0.0,65.0,1.6000000000000005,8.5,3.021428571428572,1.08,-3.0,77.0,0,1.0,1.2246467991473532e-16,-1.0,-0.7818314824680299,0.6234898018587334,1.5,1.5,0.5,0.5,0.5,1.5,1.5,0.5,0.5,0.5,synthetic,synthetic,synthetic,synthetic,synthetic,0.0,0.0,0.0,0.0,0.0,-110.0,-110.0,-110.0,-110.0,-110.0,-110.0,-110.0,-110.0,-110.0,-110.0,0.0,0.0,0.0,0.0,0.0,2026-08-07T03:26:40.888653+00:00,-0.33894395787790277,-0.3184477398713248,0.05210632622275979,-0.47955171868102864,-0.336747690705048,1.2,1.2,0.4,0.0,0.0,1.0,1.0,0.0,0.0,0.0,batter_pitcher_profile_network_v2,1.0,1.0,0.39562004950991575,1.0,0.8202865439350353,-0.04078632565492327,0.4953930318234539,0.1111111111111111,55.0,15.159288029537683,0.056028721130869215,0.07753444719499532,0.007753444719499532,-0.11762730352303526,0.5312521637155312,0.10864197530864196,55.0,14.955541202090554,-0.018410343662342024,0.04819594398603793,0.007711351037766069,-0.03769258130081318,0.5257255212035062,0.06666666666666668,55.0,15.332677034404053,-0.122459078926736,-0.0759384106097388,-0.00379692053048694,-0.22203912037037027,0.5659070144617999,-0.07407407407407408,55.0,14.760007994467008,-0.15437911577781604,-0.20606874724114627,-0.005151718681028657,-0.18317453703703704,0.5744164416015163,-0.1037037037037037,55.0,14.50570770849105,-0.07807897488712207,-0.13092471521400384,-0.007855482912840231
2026-06-29,Nick_Gonzales,693304,hitter,PIT,PHI,2026,823444,87,134,143,0,605400.0,Aaron_Nola,0.0,0.0,0.0,0.0,0.0,2.0,2.0,0.0,2.0,7.0,0.046511627906976744,0.0,0.0,0.0,0.0,10.0,4.328571428571428,8.52857142857143,5.5193877551020405,1.08,4.0,84.0,0,1.0,1.2246467991473532e-16,-1.0,0.0,1.0,0.5,0.5,0.5,0.5,0.5,0.5,0.5,0.5,0.5,0.5,synthetic,synthetic,synthetic,synthetic,synthetic,0.0,0.0,0.0,0.0,0.0,-110.0,-110.0,-110.0,-110.0,-110.0,-110.0,-110.0,-110.0,-110.0,-110.0,0.0,0.0,0.0,0.0,0.0,2026-08-07T03:26:40.888653+00:00,0.54397747834948,0.19207742629801905,0.2659272007432293,-0.4800683508985808,-0.47143498522969746,1.0,1.0,0.8,0.0,0.0,1.0,1.0,2.0,0.0,0.0,batter_pitcher_profile_network_v2,1.0,0.9,0.3789322273462708,1.0,0.7919727219350736,0.10318104838709707,0.2890830851299658,-0.1111111111111111,55.0,17.61890604513572,0.08371121995334554,-0.058082201159528335,-0.0058082201159528335,-0.0033404121863796115,0.3797890181799931,-0.1111111111111111,55.0,17.14634795119546,-0.012942066759210257,-0.09602044610249708,-0.015363271376399533,0.08619153225806504,0.44687700295866417,-0.1111111111111111,55.0,16.923942213948695,-0.09525109338528787,-0.14793676349326973,-0.007396838174663487,-0.20166874999999995,0.4622759973466597,-0.07407407407407408,55.0,16.51004474466629,-0.17566247196744583,-0.22673403594323366,-0.005668350898580842,-0.08309583333333274,0.5010046071253308,-0.1037037037037037,55.0,16.041079192604514,-0.10693413398751025,-0.1517007900567356,-0.009102047403404135
2026-06-30,Nick_Gonzales,693304,hitter,PIT,PHI,2026,823445,88,134,143,0,650911.0,Cristopher_Sánchez,1.0,1.0,0.0,0.0,0.0,4.0,4.0,0.0,1.0,5.0,0.11428571428571428,0.2225,0.2225,0.0,0.0,26.7,5.617647058823529,7.688235294117647,5.794897959183674,1.08,15.0,91.0,0,1.0,1.2246467991473532e-16,-1.0,0.7818314824680298,0.6234898018587336,0.5,0.5,0.5,0.5,0.5,0.5,0.5,0.5,0.5,0.5,synthetic,synthetic,synthetic,synthetic,synthetic,0.0,0.0,0.0,0.0,0.0,-110.0,-110.0,-110.0,-110.0,-110.0,-110.0,-110.0,-110.0,-110.0,-110.0,0.0,0.0,0.0,0.0,0.0,2026-08-07T03:26:40.888653+00:00,0.33031583756934224,-0.005801818779816281,-0.028761525616480044,-0.482658850858259,-0.3136202164790237,0.6,0.6,0.4,0.0,0.0,0.0,0.0,0.0,0.0,0.0,batter_pitcher_profile_network_v2,1.0,0.85,0.4366418356727252,1.0,0.7707846688605775,-0.027635518059381525,-0.33204336121031386,0.1074074074074074,55.0,17.62669004779242,0.08953209652341827,0.0719835057454435,0.0071983505745443505,-0.11800948117539012,-0.39789232491201243,0.03950617283950618,55.0,17.10821455890166,0.0013128616967560177,0.0038948826261480567,0.0006231812201836891,-0.03579975895316782,-0.4653304476975149,-0.1111111111111111,55.0,16.506619299215586,-0.06343021148382505,-0.15262847151327466,-0.007631423575663734,-0.27029004629629627,-0.5195446077627919,-0.07407407407407408,55.0,15.50985785818052,-0.19803396583200292,-0.3303540343303616,-0.00825885085825904,-0.18659212962962946,-0.43434817227064043,-0.0962962962962963,55.0,16.60034548980019,-0.10278537620048597,-0.19191857397012396,-0.011515114438207437
2026-07-01,Nick_Gonzales,693304,hitter,PIT,PHI,2026,823446,89,134,143,0,554430.0,Zack_Wheeler,3.0,3.0,1.0,0.0,1.0,5.0,4.0,1.0,0.0,6.0,0.11363636363636363,0.6719999999999999,0.6719999999999999,0.0,0.0,65.0,1.487394957983193,10.34873949579832,3.590816326530612,1.08,10.0,96.0,0,1.0,-0.4999999999999997,-0.8660254037844388,0.9749279121818236,-0.22252093395631434,0.5,0.5,0.5,0.5,0.5,0.5,0.5,0.5,0.5,0.5,synthetic,synthetic,synthetic,synthetic,synthetic,0.0,0.0,0.0,0.0,0.0,-110.0,-110.0,-110.0,-110.0,-110.0,-110.0,-110.0,-110.0,-110.0,-110.0,0.0,0.0,0.0,0.0,0.0,2026-08-07T03:26:40.888653+00:00,0.2634423836439018,0.3242224185402961,0.09601712290724285,-0.48203091160113715,-0.2901940907768876,0.6,0.6,0.4,0.0,0.0,1.0,1.0,0.0,0.0,0.0,batter_pitcher_profile_network_v2,1.0,0.6,0.4839116682354201,1.0,0.6931824923846966,0.010997583792470697,-0.5564380648602312,-0.007407407407407405,55.0,16.062251096792185,0.07282411058405279,-0.008654158395279153,-0.0008654158395279154,-0.08555809228650091,-0.4084346643352097,-0.037037037037037035,55.0,17.722365400757635,-0.015150713257361966,-0.06824056594133135,-0.010918490550613016,0.005918991046832578,-0.47783429025068247,-0.1111111111111111,55.0,17.095532013676287,-0.09721104387636625,-0.18111023202211646,-0.009055511601105824,-0.26410486111111103,-0.22978149532112518,-0.07407407407407408,55.0,18.93898504415567,-0.21895722457931838,-0.3052364640454858,-0.007630911601137146,-0.1479590277777772,-0.49905788179997823,-0.0962962962962963,55.0,16.619021656424266,-0.11995407510063463,-0.19952117899636457,-0.011971270739781874
2026-07-02,Nick_Gonzales,693304,hitter,PIT,PHI,2026,823442,90,134,143,0,660604.0,Alan_Rangel,3.0,6.0,1.0,1.0,2.0,5.0,5.0,0.0,0.0,6.0,0.1111111111111111,0.776,0.776,0.6,30.0,65.0,4.6000000000000005,10.4,3.541365777080063,1.08,8.0,98.0,0,1.0,-0.4999999999999997,-0.8660254037844388,0.43388373911755823,-0.900968867902419,1.5,1.5,0.5,0.5,0.5,1.5,1.5,0.5,0.5,0.5,synthetic,synthetic,synthetic,synthetic,synthetic,0.0,0.0,0.0,0.0,0.0,-110.0,-110.0,-110.0,-110.0,-110.0,-110.0,-110.0,-110.0,-110.0,-110.0,0.0,0.0,0.0,0.0,0.0,2026-08-07T03:26:40.888653+00:00,-0.04499160053475437,0.7374884439301903,0.41895686914990315,-0.25521980277191225,0.03721119251389471,1.2,1.2,0.6,0.0,0.2,3.0,3.0,1.0,0.0,1.0,batter_pitcher_profile_network_v2,1.0,0.1,0.8582680733252854,0.0,0.5244862161017653,0.15416134259259293,0.7416319875776398,0.0,56.0,14.033462795635032,-0.004326557744253128,0.0162043504870976,0.0016204350487097601,0.03024861111111135,0.2626762422360248,0.0,56.0,19.402363851875755,-0.057812801840964115,-0.08559305876964818,-0.01369488940314371,0.14428125000000025,0.361965579710145,0.0,56.0,18.93904045303153,-0.12063032216804369,-0.11322839408200046,-0.005661419704100023,-0.24373449074074063,-0.23528571428571432,0.0,56.0,19.305241700259064,-0.2246641755303165,-0.2327921108764885,-0.005819802771912213,-0.03208865740740717,0.3499637681159421,0.0,56.0,18.67438731834378,-0.14052806681722635,-0.10539605011291976,-0.006323763006775185
2026-07-03,Nick_Gonzales,693304,hitter,PIT,WSH,2026,822714,91,134,120,0,656492.0,Foster_Griffin,1.0,2.0,0.0,0.0,1.0,5.0,5.0,0.0,1.0,6.0,0.11627906976744186,0.254,0.254,0.2,17.0,39.480000000000004,0.9090909090909104,10.53896103896104,5.664935064935065,1.08,-5.0,100.0,0,1.0,-0.4999999999999997,-0.8660254037844388,-0.433883739117558,-0.9009688679024191,1.5,2.5,0.5,0.5,0.5,1.5,2.5,0.5,0.5,0.5,synthetic,synthetic,synthetic,synthetic,synthetic,0.0,0.0,0.0,0.0,0.0,-110.0,-110.0,-110.0,-110.0,-110.0,-110.0,-110.0,-110.0,-110.0,-110.0,0.0,0.0,0.0,0.0,0.0,2026-08-07T03:26:40.888653+00:00,0.3219643359112392,0.05291368983071543,0.36696230596012347,-0.15246399965156,0.4244808588033654,1.6,2.2,0.8,0.2,0.6,3.0,6.0,1.0,1.0,2.0,batter_pitcher_profile_network_v2,1.0,1.0,0.3251563947859794,1.0,0.8289183416387176,0.2550176587301593,-0.23200662614285644,0.08518518518518517,55.0,19.250494872672427,-0.010332176085581856,0.01651419370415863,0.0016514193704158632,0.15570992063492112,-0.09440568233497132,0.017283950617283952,55.0,20.008065940467382,-0.12190894944830787,-0.18133158972082217,-0.02901305435533155,0.24786408730158796,-0.1442064162762243,-0.1111111111111111,55.0,20.126121977998974,-0.1271803698396788,-0.22492150387213253,-0.011246075193606627,-0.11079930555555548,0.05617981427902419,-0.09876543209876543,55.0,20.001466387753165,-0.35712016409765973,-0.4225599860623995,-0.010563999651559988,0.11031527777777832,-0.12186301898502791,0.1037037037037037,55.0,19.7863621014917,-0.2286324363087339,-0.11183467483165736,-0.0067100804898994415
2026-07-04,Nick_Gonzales,693304,hitter,PIT,WSH,2026,822716,92,134,120,0,687223.0,Carson_Palmquist,2.0,2.0,1.0,0.0,1.0,4.0,3.0,1.0,0.0,6.0,0.1,0.6174999999999999,0.6174999999999999,0.0,0.0,65.0,0.8999999999999999,5.7,3.5220779220779233,1.08,-5.0,93.0,0,1.0,-0.4999999999999997,-0.8660254037844388,-0.9749279121818236,-0.2225209339563146,1.5,2.5,0.5,0.5,0.5,1.5,2.5,0.5,0.5,0.5,synthetic,synthetic,synthetic,synthetic,synthetic,0.0,0.0,0.0,0.0,0.0,-110.0,-110.0,-110.0,-110.0,-110.0,-110.0,-110.0,-110.0,-110.0,-110.0,0.0,0.0,0.0,0.0,0.0,2026-08-07T03:26:40.888653+00:00,0.1394403033180749,-0.46684490392812084,0.04795267478862919,-0.3428128298483837,0.38337638980668,1.6,2.4,0.4,0.2,0.8,1.0,2.0,0.0,0.0,1.0,batter_pitcher_profile_network_v2,1.0,0.05,0.9425,0.0,0.5117271875,0.17531130952380955,-0.5054166666666667,0.0,55.0,17.517650717905052,0.0352142523279606,-0.005094802317088295,-0.0005094802317088295,0.10792420634920631,-0.6192916666666667,0.0,55.0,16.088134764188688,-0.07481253150492974,-0.11606189955075605,-0.018569903928120968,0.17135615079365074,-0.5462638888888889,0.0,55.0,17.105776239391993,-0.1251420998595785,-0.1305244263053388,-0.006526221315266941,-0.07011875000000002,-0.6869999999999999,0.0,55.0,14.822087428424537,-0.3337433280134707,-0.3365131939353457,-0.008412829848383643,0.07453749999999983,-0.6382777777777777,0.0,55.0,15.738590777941953,-0.1425193416487863,-0.1096251049536036,-0.0065775062972162155
2026-07-05,Nick_Gonzales,693304,hitter,PIT,WSH,2026,822715,93,134,120,0,676917.0,Cade_Cavalli,3.0,4.0,2.0,0.0,0.0,5.0,4.0,1.0,0.0,6.0,0.1111111111111111,0.748,0.748,0.25,21.25,65.0,3.25,10.196428571428571,3.65357142857143,1.08,2.0,92.0,0,1.0,-0.4999999999999997,-0.8660254037844388,-0.7818314824680299,0.6234898018587334,1.5,2.5,0.5,0.5,0.5,1.5,2.5,0.5,0.5,0.5,synthetic,synthetic,synthetic,synthetic,synthetic,0.0,0.0,0.0,0.0,0.0,-110.0,-110.0,-110.0,-110.0,-110.0,-110.0,-110.0,-110.0,-110.0,-110.0,0.0,0.0,0.0,0.0,0.0,2026-08-07T03:26:40.888653+00:00,0.3405148840658496,0.15155385686279477,0.4085610059156646,-0.2260087810331659,0.5787538006908035,2.0,2.8,0.6,0.2,1.0,2.0,2.0,1.0,0.0,1.0,batter_pitcher_profile_network_v2,1.0,1.0,0.3634229032465944,0.0,0.8054806943522922,0.22316845238095226,-0.24917499825263062,0.0,54.0,19.572020018289148,-0.006795976617529054,-0.035398778389125675,-0.0035398778389125678,0.06816230158730151,-0.3380807048307404,0.0,54.0,19.005423700375843,-0.06950981121021826,-0.11893422794086853,-0.019029476470538965,0.19187202380952373,-0.29281991552639,0.0,54.0,19.59255564034969,-0.08958589460790913,-0.1253513102581399,-0.006267565512906995,-0.23886875,-0.44076965831911236,0.0,54.0,17.672781297658723,-0.22232852316578394,-0.2893512413266366,-0.007233781033165915,-0.022962500000000073,-0.29848367521631247,0.0,54.0,19.196318590177775,-0.12732564576926322,-0.09985729007391222,-0.005991437404434734
2026-07-07,Nick_Gonzales,693304,hitter,PIT,ATL,2026,823361,94,134,144,1,694462.0,Hurston_Waldrep,2.0,2.0,0.0,0.0,1.0,5.0,5.0,0.0,0.0,6.0,0.1111111111111111,0.356,0.356,0.0,0.0,42.72,2.53125,10.125,6.111317254174397,1.08,5.0,86.0,0,2.0,-0.4999999999999997,-0.8660254037844388,0.7818314824680298,0.6234898018587336,2.5,3.5,0.5,0.5,0.5,2.5,3.5,0.5,0.5,0.5,synthetic,synthetic,synthetic,synthetic,synthetic,0.0,0.0,0.0,0.0,0.0,-110.0,-110.0,-110.0,-110.0,-110.0,-110.0,-110.0,-110.0,-110.0,-110.0,0.0,0.0,0.0,0.0,0.0,2026-08-07T03:26:40.888653+00:00,-0.1697743980358264,-0.6700280814738062,0.7196710111723694,-0.33947678792410096,0.4237510849315037,2.4,3.4,1.0,0.2,1.0,3.0,4.0,2.0,0.0,0.0,batter_pitcher_profile_network_v2,1.0,0.05,0.9425,0.0,0.5117271875,0.23425178571428532,0.2149886363636363,0.0,54.0,20.260126272846453,0.01799918365836898,0.0028957846386465035,0.0002895784638646504,0.09502341269841237,0.32789772727272726,0.0,54.0,19.578965044485713,-0.06874195020377488,-0.10132134254462562,-0.016211414807140098,0.18945535714285672,0.12642803030303038,0.0,54.0,21.144455352333292,0.02972570238403494,0.03110296927298583,0.0015551484636492916,-0.17662916666666667,0.47534090909090915,0.0,54.0,18.125591535559423,-0.20307151696403683,-0.20307151696403683,-0.005076787924100921,-0.001045833333333683,0.2163333333333334,0.0,54.0,20.275308904317413,-0.13958765430850836,-0.10469074073138127,-0.0062814444438828755
2026-07-08,Nick_Gonzales,693304,hitter,PIT,ATL,2026,823360,95,134,144,1,656550.0,Grant_Holmes,0.0,0.0,0.0,0.0,0.0,4.0,3.0,1.0,2.0,6.0,0.11764705882352941,0.1725,0.1725,0.0,0.0,20.7,1.2428571428571435,6.771428571428572,7.167439703153989,1.08,7.0,84.0,0,1.0,-0.4999999999999997,-0.8660254037844388,0.9749279121818236,-0.22252093395631434,2.5,3.5,0.5,0.5,0.5,2.5,3.5,0.5,0.5,0.5,synthetic,synthetic,synthetic,synthetic,synthetic,0.0,0.0,0.0,0.0,0.0,-110.0,-110.0,-110.0,-110.0,-110.0,-110.0,-110.0,-110.0,-110.0,-110.0,0.0,0.0,0.0,0.0,0.0,2026-08-07T03:26:40.888653+00:00,-0.23583794458860918,-1.1378850519851893,0.27454164609493237,-0.3363140010116429,0.5931797663279126,2.2,3.2,0.8,0.2,1.0,2.0,2.0,0.0,0.0,1.0,batter_pitcher_profile_network_v2,1.0,0.9,0.4585255632312213,0.0,0.7644475566537579,0.17962493386243383,0.002884233310549114,0.0,53.0,20.670282420709494,0.014406577600332517,0.000280527194053737,2.80527194053737e-05,-0.006471031746031751,0.13445308156755525,0.0,53.0,20.58979793633596,-0.01929433425201677,-0.028941501378025154,-0.004630640220484024,0.1256636904761904,0.2915813378142325,0.0,53.0,19.979536166774295,0.06634707030716615,0.08618733639171611,0.004309366819585806,-0.32863101851851845,0.3073149236728184,0.0,53.0,19.585881994297164,-0.07656004046571399,-0.07656004046571399,-0.00191400101164285,-0.1248393518518518,0.244026513252829,0.0,53.0,19.925706256550026,-0.05100355569461283,-0.03825266677095962,-0.002295160006257577
2026-07-09,Nick_Gonzales,693304,hitter,PIT,ATL,2026,823359,96,134,144,1,693821.0,Bryce_Elder,0.0,0.0,1.0,0.0,0.0,4.0,1.0,3.0,0.0,6.0,0.1,0.5175,0.5175,0.0,0.0,62.099999999999994,12.25,7.5,7.167439703153989,1.08,7.0,82.0,0,1.0,-0.4999999999999997,-0.8660254037844388,0.43388373911755823,-0.900968867902419,1.5,1.5,0.5,0.5,0.5,1.5,1.5,0.5,0.5,0.5,synthetic,synthetic,synthetic,synthetic,synthetic,0.0,0.0,0.0,0.0,0.0,-110.0,-110.0,-110.0,-110.0,-110.0,-110.0,-110.0,-110.0,-110.0,-110.0,0.0,0.0,0.0,0.0,0.0,2026-08-07T03:26:40.888653+00:00,-0.002233718243006555,-0.03638557168926715,0.3119900007455304,-0.4774043206689257,0.23861418091579067,1.6,2.0,0.6,0.0,0.6,0.0,0.0,0.0,0.0,0.0,batter_pitcher_profile_network_v2,1.0,1.0,0.4037638093807273,1.0,0.819288933350861,0.14034914021164002,0.1355200008857297,-0.1111111111111111,52.0,20.240688081846795,0.016206730741697435,-0.06664639702499317,-0.006664639702499317,-0.03422896825396843,0.07558497829962016,-0.1111111111111111,52.0,20.63751398693597,-0.01096946317265957,-0.09444107305791866,-0.015110571689266985,0.09228075396825369,0.14713775321722883,-0.1111111111111111,52.0,20.744487616559535,0.11475150531214733,0.044860311756617116,0.0022430155878308557,-0.3308532407407408,0.05343823916918536,-0.04938271604938271,52.0,20.54651136691556,-0.08551199195750327,-0.1201728267570274,-0.0030043206689256852,-0.136853240740741,0.14243666626070708,-0.08888888888888889,52.0,20.34782058742861,-0.08587631296800644,-0.12679673736514827,-0.007607804241908896
2026-07-11,Nick_Gonzales,693304,hitter,PIT,MIL,2026,823356,97,134,158,1,675660.0,Shane_Drohan,0.0,0.0,0.0,0.0,0.0,4.0,4.0,0.0,0.0,1.0,0.125,0.0,0.0,0.0,0.0,10.0,1.5588235294117647,8.16742081447964,1.5473526473526475,1.08,0.0,82.0,0,2.0,-0.4999999999999997,-0.8660254037844388,-0.9749279121818236,-0.2225209339563146,1.5,1.5,0.5,0.5,0.5,1.5,1.5,0.5,0.5,0.5,synthetic,synthetic,synthetic,synthetic,synthetic,0.0,0.0,0.0,0.0,0.0,-110.0,-110.0,-110.0,-110.0,-110.0,-110.0,-110.0,-110.0,-110.0,-110.0,0.0,0.0,0.0,0.0,0.0,2026-08-07T03:26:40.888653+00:00,-0.35206175622119873,-0.4828865379988361,0.09943291897306006,-0.47702040997877937,-0.29963923166565115,1.4,1.6,0.8,0.0,0.4,0.0,0.0,1.0,0.0,0.0,batter_pitcher_profile_network_v2,1.0,0.45,0.681769561464679,0.0,0.6199174529242596,0.22624298941798907,0.12942761836926278,0.0,53.0,21.425749038990972,-0.008591642835140429,0.00931845275343854,0.0009318452753438541,0.032320634920634625,0.054237672707009896,0.0,53.0,21.830262257518655,-0.03385747945629695,-0.05022836249272491,-0.008036537998835986,0.15910119047619,0.13564671953719942,0.0,53.0,21.921654269517816,0.10943782453583895,0.11630573210855583,0.0058152866054277915,-0.3177421296296296,-0.04397422568871205,0.0,53.0,21.634750729463992,-0.10036993576711993,-0.10481639915117459,-0.002620409978779365,-0.08572129629629657,0.11514649672080011,0.0,53.0,21.563889912772186,-0.06681920073963556,-0.05011440055472667,-0.0030068640332836
2026-07-11,Nick_Gonzales,693304,hitter,PIT,MIL,2026,823357,98,134,158,1,687075.0,Brandon_Sproat,1.0,1.0,0.0,0.0,0.0,4.0,3.0,1.0,1.0,6.0,0.1111111111111111,0.395,0.395,0.0,0.0,47.400000000000006,1.875,11.9375,1.5473526473526475,1.08,1.0,73.0,0,0.0,-0.4999999999999997,-0.8660254037844388,-0.9749279121818236,-0.2225209339563146,0.5,1.5,0.5,0.5,0.5,0.5,1.5,0.5,0.5,0.5,synthetic,synthetic,synthetic,synthetic,synthetic,0.0,0.0,0.0,0.0,0.0,-110.0,-110.0,-110.0,-110.0,-110.0,-110.0,-110.0,-110.0,-110.0,-110.0,0.0,0.0,0.0,0.0,0.0,2026-08-07T03:26:40.888653+00:00,0.1240155421713609,-0.5605630318698287,-0.016918590958336643,-0.47671504650584096,-0.33183916701453026,1.0,1.2,0.6,0.0,0.2,0.0,0.0,0.0,0.0,0.0,batter_pitcher_profile_network_v2,1.0,0.85,0.46697905118241534,0.0,0.748875806295631,0.1568845238095235,-0.00839848004422225,0.0,54.0,21.985671299430162,0.032924663459108085,-0.0007023038941169036,-7.023038941169036e-05,-0.04797698412698438,0.10876565684502695,0.0,54.0,21.99663900371691,-0.0012348550131751012,-0.0018522825197626518,-0.0002963652031620243,0.09019246031746,0.37657022311691,0.0,54.0,20.486585869519168,0.13617211929479775,0.1542755334806181,0.007713776674030905,-0.40035208333333333,0.26339668094141255,0.0,54.0,21.161304705875235,-0.09260186023363927,-0.09260186023363927,-0.002315046505840982,-0.19817500000000016,0.3449211267313678,0.0,54.0,20.443988344801614,-0.030521467751763735,-0.022891100813822802,-0.0013734660488293681
2026-07-12,Nick_Gonzales,693304,hitter,PIT,MIL,2026,823358,99,134,158,1,688107.0,Robert_Gasser,2.0,3.0,1.0,0.0,2.0,5.0,5.0,0.0,1.0,6.0,0.11363636363636363,0.43200000000000005,0.43200000000000005,0.2,17.0,60.84,3.3708439897698206,7.71227621483376,2.3187812187812185,1.08,0.0,81.0,0,1.0,-0.4999999999999997,-0.8660254037844388,-0.7818314824680299,0.6234898018587334,0.5,0.5,0.5,0.5,0.5,0.5,0.5,0.5,0.5,0.5,synthetic,synthetic,synthetic,synthetic,synthetic,0.0,0.0,0.0,0.0,0.0,-110.0,-110.0,-110.0,-110.0,-110.0,-110.0,-110.0,-110.0,-110.0,-110.0,0.0,0.0,0.0,0.0,0.0,2026-08-07T03:26:40.888653+00:00,0.2761477932605553,0.45829256361771586,-0.21226677665134913,-0.38402359648698453,-0.27943440958891064,0.6,0.6,0.2,0.0,0.2,1.0,1.0,0.0,0.0,0.0,batter_pitcher_profile_network_v2,1.0,0.55,0.608407395813954,0.0,0.6515085517070348,0.22834054232804202,0.10045510216038454,0.0,54.0,22.18150452087881,-0.013150446659042398,0.00898234038873315,0.0008982340388733151,0.011786904761904488,0.27310594196925986,0.0,54.0,21.357646123728124,-0.037708483114422583,-0.055302159207457895,-0.008848345473193263,0.15592162698412662,0.3320534962866515,0.0,54.0,21.195001732931065,0.10497244321361884,0.12524688455543423,0.006262344227771712,-0.38650023148148144,0.4777330878920067,0.0,54.0,19.41395279964208,-0.08494385947938139,-0.08494385947938139,-0.002123596486984535,-0.13171898148148167,0.3645472373453067,0.0,54.0,20.53631711863917,-0.035774092540784085,-0.02683056940558806,-0.0016098341643352835
2026-07-18,Nick_Gonzales,693304,hitter,PIT,CLE,2026,824412,100,134,114,0,671106.0,Logan_Allen,1.0,2.0,1.0,0.0,0.0,4.0,4.0,0.0,1.0,2.0,0.10810810810810811,0.3175,0.3175,0.25,21.25,49.35,22.178571428571427,11.196428571428571,2.207142857142858,1.08,0.0,79.0,0,6.0,-0.4999999999999997,-0.8660254037844388,-0.9749279121818236,-0.2225209339563146,0.5,0.5,0.5,0.5,0.5,0.5,0.5,0.5,0.5,0.5,synthetic,synthetic,synthetic,synthetic,synthetic,0.0,0.0,0.0,0.0,0.0,-110.0,-110.0,-110.0,-110.0,-110.0,-110.0,-110.0,-110.0,-110.0,-110.0,0.0,0.0,0.0,0.0,0.0,2026-08-07T03:26:40.888653+00:00,0.2245200409649485,0.860391473857917,0.018909383492116905,-0.36059371064810963,0.12929949549531805,0.6,0.8,0.4,0.0,0.4,2.0,3.0,1.0,0.0,2.0,batter_pitcher_profile_network_v2,1.0,0.1,0.7553781536426896,0.0,0.525746617617877,0.31556012321376475,0.7000000000000001,0.0,54.0,15.907452285791237,-0.08084960074912129,0.05403502998410407,0.005403502998410407,0.09739131671041101,0.76,0.0,54.0,15.306868547723903,-0.06701909963175902,-0.08242237622585709,-0.013187580196137135,0.24468159448818877,0.9500000000000001,0.0,54.0,12.589822173192982,0.04235874813247087,0.09922048837515475,0.004961024418757738,-0.3178789351851852,0.76,0.0,54.0,15.789247673393842,-0.07274842592438577,-0.07274842592438577,-0.0018187106481096444,-0.030722685185185308,0.9750000000000001,0.0,54.0,12.230575166387137,-0.05428405548800098,-0.040713041616000735,-0.002442782496960044
2026-07-18,Nick_Gonzales,693304,hitter,PIT,CLE,2026,824414,101,134,114,0,668909.0,Gavin_Williams,2.0,5.0,1.0,1.0,1.0,4.0,4.0,0.0,1.0,6.0,0.10810810810810811,0.7475,0.7475,0.75,30.0,65.0,3.9857142857142853,12.17142857142857,2.207142857142858,1.08,14.0,89.0,0,0.0,-0.4999999999999997,-0.8660254037844388,-0.9749279121818236,-0.2225209339563146,0.5,1.5,0.5,0.5,0.5,0.5,1.5,0.5,0.5,0.5,synthetic,synthetic,synthetic,synthetic,synthetic,0.0,0.0,0.0,0.0,0.0,-110.0,-110.0,-110.0,-110.0,-110.0,-110.0,-110.0,-110.0,-110.0,-110.0,0.0,0.0,0.0,0.0,0.0,2026-08-07T03:26:40.888653+00:00,0.20810785824753508,0.7554605338891003,0.34280324647740945,-0.2144335533089463,-0.06390263377595817,0.8,1.2,0.6,0.0,0.4,1.0,2.0,1.0,0.0,0.0,batter_pitcher_profile_network_v2,1.0,1.0,0.3582915582230205,0.0,0.80610928411768,0.347317067658209,-0.22099014170040363,0.0,53.0,21.52083596509501,-0.039118160386864775,-0.04925346385669726,-0.004925346385669726,0.14083576115485533,-0.0881189014194696,0.0,53.0,22.14163519450161,-0.07643464102295376,-0.12261575103095966,-0.019618520164953548,0.28020242782152194,0.009879326070387648,0.0,53.0,22.47378218357929,0.08532136361732387,0.08709774808100468,0.004354887404050234,-0.2450282407407408,0.051436161211010564,0.0,53.0,22.043689008152715,-0.10134213235785255,-0.10134213235785255,-0.002533553308946314,0.026867592592592304,0.016874367824041094,0.0,53.0,22.068684820158598,-0.10360817310574486,-0.07741519613727108,-0.004644911768236264
2026-07-19,Nick_Gonzales,693304,hitter,PIT,CLE,2026,824411,102,134,114,0,676282.0,Joey_Cantillo,2.0,4.0,2.0,0.0,0.0,5.0,5.0,0.0,2.0,6.0,0.11904761904761904,0.508,0.508,0.4,30.0,65.0,1.8,12.0,2.2467032967032976,1.08,-10.0,76.0,0,1.0,-0.4999999999999997,-0.8660254037844388,-0.7818314824680299,0.6234898018587334,1.5,2.5,0.5,0.5,0.5,1.5,2.5,0.5,0.5,0.5,synthetic,synthetic,synthetic,synthetic,synthetic,0.0,0.0,0.0,0.0,0.0,-110.0,-110.0,-110.0,-110.0,-110.0,-110.0,-110.0,-110.0,-110.0,-110.0,0.0,0.0,0.0,0.0,0.0,2026-08-07T03:26:40.888653+00:00,-0.4103371907384812,0.28362681314261495,0.2300928455124992,-0.06184321438777923,0.17565820233065488,1.2,2.2,0.6,0.2,0.6,2.0,5.0,1.0,1.0,1.0,batter_pitcher_profile_network_v2,1.0,1.0,0.4028269495893589,0.0,0.8006536986753034,0.40727271825396805,-0.03859409958779746,0.0,53.0,22.755568006928645,-0.027555932140210387,-0.009386559399465345,-0.0009386559399465346,0.24445218253968243,-0.034656677299056936,0.0,53.0,22.8550171902416,-0.06172381816722274,-0.09764491785865893,-0.015623186857385429,0.3416820436507935,0.2254201360389117,0.0,53.0,22.45906473955944,0.10615814323694535,0.15215361354668588,0.007607680677334295,-0.09927638888888893,-0.021066561019987128,0.0,53.0,22.58214562515985,-0.09647964056513521,-0.09772857551116862,-0.002443214387779216,0.1497131944444444,0.15774087247302018,0.0,53.0,22.40704361110944,-0.10940286412308162,-0.06794937507516763,-0.004076962504510058
2026-07-20,Nick_Gonzales,693304,hitter,PIT,NYY,2026,823522,103,134,147,0,677960.0,Ryan_Weathers,1.0,1.0,0.0,0.0,1.0,5.0,5.0,0.0,1.0,1.0,0.13157894736842105,0.178,0.178,0.0,0.0,21.36,7.1625000000000005,13.275,2.2750463821892395,1.08,0.0,79.0,0,1.0,-0.4999999999999997,-0.8660254037844388,0.0,1.0,1.5,2.5,0.5,0.5,0.5,1.5,2.5,0.5,0.5,0.5,synthetic,synthetic,synthetic,synthetic,synthetic,0.0,0.0,0.0,0.0,0.0,-110.0,-110.0,-110.0,-110.0,-110.0,-110.0,-110.0,-110.0,-110.0,-110.0,0.0,0.0,0.0,0.0,0.0,2026-08-07T03:26:40.888653+00:00,-0.16618091980233962,0.027286380380901143,0.5105252582735125,-0.33682163272233445,-0.06650025693985429,1.6,3.0,1.0,0.2,0.6,2.0,4.0,2.0,0.0,0.0,batter_pitcher_profile_network_v2,1.0,1.0,0.42603271506066653,0.0,0.7978109924050683,0.4094281532516768,0.06012122434021701,0.0,53.0,23.183806952689864,-0.030167605067934308,0.01412838945178518,0.0014128389451785182,0.2827795713035871,0.15548038398010372,0.0,53.0,23.011096222864776,-0.07160624816575849,-0.08217393840884288,-0.01314783014541486,0.36360318241469824,0.16967235218758128,0.0,53.0,23.293166471518052,0.09125931215424428,0.12666930959679648,0.006333465479839824,0.008658796296296248,0.22088116873346691,0.0,53.0,22.640270480112648,-0.09796305865995814,-0.0968653088933786,-0.002421632722334465,0.24136712962962967,0.23569533425036157,0.0,53.0,22.536896549853616,-0.11885705127886938,-0.05649030257632495,-0.003389418154579497
2026-07-22,Nick_Gonzales,693304,hitter,PIT,NYY,2026,823518,104,134,147,0,543037.0,Gerrit_Cole,2.0,5.0,3.0,1.0,1.0,4.0,4.0,0.0,1.0,6.0,0.1,0.7475,0.7475,0.75,30.0,65.0,3.6210526315789475,11.042105263157895,2.2750463821892395,1.08,14.0,83.0,0,2.0,-0.4999999999999997,-0.8660254037844388,0.9749279121818236,-0.22252093395631434,1.5,2.5,0.5,0.5,0.5,1.5,2.5,0.5,0.5,0.5,synthetic,synthetic,synthetic,synthetic,synthetic,0.0,0.0,0.0,0.0,0.0,-110.0,-110.0,-110.0,-110.0,-110.0,-110.0,-110.0,-110.0,-110.0,-110.0,0.0,0.0,0.0,0.0,0.0,2026-08-07T03:26:40.888653+00:00,-0.2242728320154217,0.7243622230137468,0.45104921440997336,-0.07450086063003575,0.36084282643395427,1.6,3.0,1.0,0.2,0.8,1.0,1.0,0.0,0.0,1.0,batter_pitcher_profile_network_v2,1.0,0.6,0.5877048150511768,0.0,0.6668036960937385,0.4453609953703708,-0.031010976125841472,0.0,53.0,23.7661837624723,-0.03900304252035093,-0.005694241450967678,-0.0005694241450967678,0.31202986111111153,0.0910805240925792,0.0,53.0,23.69961861940279,-0.08223981380431353,-0.11164235616408107,-0.017862776986252972,0.4174895833333341,-0.04145091093117395,0.0,53.0,23.898943734099678,0.07557280757704485,0.06843790601022476,0.003421895300511238,0.012866203703703658,0.19472635742591254,0.0,53.0,23.169274507805742,-0.10506738501477125,-0.10403442520143082,-0.0026008606300357705,0.2815328703703709,0.03448658906882604,0.0,53.0,23.615757798133817,-0.13332608431908854,-0.09599154459179735,-0.00575949267550784
2026-07-22,Nick_Gonzales,693304,hitter,PIT,NYY,2026,823519,105,134,147,0,608331.0,Max_Fried,2.0,2.0,0.0,0.0,0.0,4.0,4.0,0.0,0.0,1.0,0.125,0.445,0.445,0.0,0.0,53.4,7.1875,7.875,2.2750463821892395,1.08,15.0,82.0,0,0.0,-0.4999999999999997,-0.8660254037844388,0.9749279121818236,-0.22252093395631434,1.5,3.5,1.5,0.5,0.5,1.5,3.5,1.5,0.5,0.5,synthetic,synthetic,synthetic,synthetic,synthetic,0.0,0.0,0.0,0.0,0.0,-110.0,-110.0,-110.0,-110.0,-110.0,-110.0,-110.0,-110.0,-110.0,-110.0,0.0,0.0,0.0,0.0,0.0,2026-08-07T03:26:40.888653+00:00,0.10216207207741812,-0.49197678008856016,0.0375063274058236,-0.09994270912289488,0.15880666923204834,1.6,3.4,1.4,0.4,0.6,2.0,5.0,3.0,1.0,1.0,batter_pitcher_profile_network_v2,1.0,0.65,0.5256354025979044,0.0,0.6856462810681418,0.43392870370370357,-0.22216805903648015,0.0,53.0,23.049418977802834,-0.04485461901622029,-0.045731165434849376,-0.004573116543484938,0.35989444444444446,-0.3523634798437429,0.0,53.0,21.633897642523685,-0.0989659768945672,-0.20860487555350188,-0.0333767800885603,0.4209270833333334,-0.2873888995182854,0.0,53.0,22.22847039307629,0.03246394276719681,-0.02491983407276778,-0.001245991703638389,0.15036620370370368,-0.42693208253734555,0.0,53.0,20.064651600264387,-0.19125598098743862,-0.22170836491579615,-0.005542709122894904,0.3618974537037037,-0.3478062676439868,0.0,53.0,21.246436649189146,-0.15251439549614615,-0.17409416462356192,-0.010445649877413714
2026-07-24,Nick_Gonzales,693304,hitter,PIT,CHC,2026,823352,106,134,112,1,571510.0,Matthew_Boyd,1.0,1.0,0.0,0.0,1.0,5.0,5.0,0.0,0.0,2.0,0.1282051282051282,0.178,0.178,0.0,0.0,21.36,2.3947368421052633,6.921052631578948,3.3772509003601443,1.08,-7.0,78.0,0,2.0,-0.4999999999999997,-0.8660254037844388,-0.433883739117558,-0.9009688679024191,1.5,3.5,1.5,0.5,0.5,1.5,3.5,1.5,0.5,0.5,synthetic,synthetic,synthetic,synthetic,synthetic,0.0,0.0,0.0,0.0,0.0,-110.0,-110.0,-110.0,-110.0,-110.0,-110.0,-110.0,-110.0,-110.0,-110.0,0.0,0.0,0.0,0.0,0.0,2026-08-07T03:26:40.888653+00:00,0.3237203406016431,-1.0252476980329819,-0.6021982073224176,-0.19842734970336756,-0.01715454629414548,1.8,3.4,1.2,0.4,0.6,2.0,2.0,0.0,0.0,0.0,batter_pitcher_profile_network_v2,1.0,0.55,0.6374404424085076,0.0,0.6495524501927268,0.5412059027777776,0.16077571724644626,0.0,53.0,23.478985357777383,-0.10366417554225621,0.03154731037979487,0.003154731037979487,0.4445437499999999,0.18232888020366916,0.0,53.0,23.502297134797818,-0.14458147469185165,-0.18748561270613656,-0.02999769803298185,0.5408854166666666,0.20699012952288356,0.0,53.0,23.611719669647815,0.05442430033770872,0.09501572242227581,0.004750786121113791,0.16644027777777776,0.20838776450118984,0.0,53.0,23.25720994563476,-0.17366904639798514,-0.161093988134702,-0.00402734970336755,0.4523777777777777,0.25367917910966037,0.0,53.0,22.995795233725268,-0.17072747942250607,-0.08643870135639231,-0.005186322081383538
2026-07-25,Nick_Gonzales,693304,hitter,PIT,CHC,2026,823355,107,134,112,1,684007.0,Shota_Imanaga,1.0,1.0,0.0,0.0,0.0,4.0,4.0,0.0,1.0,2.0,0.11764705882352941,0.2225,0.2225,0.0,0.0,26.7,1.8857142857142843,9.857142857142856,3.3772509003601443,1.08,8.0,79.0,0,1.0,-0.4999999999999997,-0.8660254037844388,-0.9749279121818236,-0.2225209339563146,1.5,2.5,0.5,0.5,0.5,1.5,2.5,0.5,0.5,0.5,synthetic,synthetic,synthetic,synthetic,synthetic,0.0,0.0,0.0,0.0,0.0,-110.0,-110.0,-110.0,-110.0,-110.0,-110.0,-110.0,-110.0,-110.0,-110.0,0.0,0.0,0.0,0.0,0.0,2026-08-07T03:26:40.888653+00:00,-0.1185992657423629,-0.6649353335591366,0.27834997175532483,-0.3389918342562762,0.1412557432920989,1.6,2.6,1.0,0.2,0.6,1.0,1.0,0.0,0.0,1.0,batter_pitcher_profile_network_v2,1.0,1.0,0.36699595717208805,1.0,0.8237929952464192,0.5801607665805338,0.05684919702483318,-0.1111111111111111,53.0,24.048939174011952,-0.12520256300870833,-0.055066687035474945,-0.005506668703547495,0.470864276485788,0.23861533978740898,-0.1111111111111111,53.0,23.257031592864887,-0.1725386591335039,-0.26363076121519374,-0.042180921794430996,0.5807170542635659,0.18502810171069217,-0.1111111111111111,53.0,23.83676531038103,0.05047123718175627,0.04254265239340862,0.002127132619670431,0.17064768518518517,0.442386891511547,-0.09876543209876543,53.0,21.332931002538334,-0.16395432752212763,-0.1836733702510488,-0.00459183425627622,0.4665851851851851,0.24668758446931283,-0.1111111111111111,53.0,23.15620316365479,-0.1672143325122572,-0.12849571503964907,-0.0077097429023789445
2026-07-26,Nick_Gonzales,693304,hitter,PIT,CHC,2026,823354,108,134,112,1,592791.0,Jameson_Taillon,2.0,2.0,0.0,0.0,0.0,4.0,4.0,0.0,0.0,6.0,0.1111111111111111,0.445,0.445,0.0,0.0,53.4,6.716599190283401,12.99595141700405,2.9486794717887155,1.08,3.0,79.0,0,1.0,-0.4999999999999997,-0.8660254037844388,-0.7818314824680299,0.6234898018587334,1.5,1.5,0.5,0.5,0.5,1.5,1.5,0.5,0.5,0.5,synthetic,synthetic,synthetic,synthetic,synthetic,0.0,0.0,0.0,0.0,0.0,-110.0,-110.0,-110.0,-110.0,-110.0,-110.0,-110.0,-110.0,-110.0,-110.0,0.0,0.0,0.0,0.0,0.0,2026-08-07T03:26:40.888653+00:00,-0.43066381463493086,0.06941632715007895,0.07939524151989275,-0.3384647137351914,0.024396317812399926,1.4,2.0,0.6,0.2,0.6,1.0,1.0,0.0,0.0,0.0,batter_pitcher_profile_network_v2,1.0,0.85,0.5057434816521356,1.0,0.7635894599729715,0.5687768518518518,0.3729756006301945,-0.1111111111111111,52.0,21.754819483873547,-0.1034711968362509,0.021199106770564496,0.0021199106770564496,0.46278055555555553,0.5544229529420973,-0.1111111111111111,52.0,19.59109107141091,-0.14884554240387804,-0.18010628864533937,-0.0288170061832543,0.59375,0.6224787919578656,-0.1111111111111111,52.0,18.83458147325539,0.030202155234256064,0.12922535860913728,0.006461267930456864,0.1647143518518519,0.7457750997565017,-0.09876543209876543,52.0,16.97832294234117,-0.14894524920723715,-0.16258854940765488,-0.004064713735191372,0.4706518518518518,0.6651871252911989,-0.1111111111111111,52.0,18.11614901998256,-0.1437652629388696,-0.036738707395043424,-0.0022043224437026054
2026-07-27,Nick_Gonzales,693304,hitter,PIT,AZ,2026,823353,109,134,109,1,518876.0,Merrill_Kelly,2.0,2.0,0.0,0.0,0.0,4.0,4.0,0.0,1.0,6.0,0.10526315789473684,0.445,0.445,0.0,0.0,53.4,2.2285714285714286,6.171428571428572,5.947252747252747,1.08,8.0,85.0,0,1.0,-0.4999999999999997,-0.8660254037844388,0.0,1.0,1.5,2.5,0.5,0.5,0.5,1.5,2.5,0.5,0.5,0.5,synthetic,synthetic,synthetic,synthetic,synthetic,0.0,0.0,0.0,0.0,0.0,-110.0,-110.0,-110.0,-110.0,-110.0,-110.0,-110.0,-110.0,-110.0,-110.0,0.0,0.0,0.0,0.0,0.0,2026-08-07T03:26:40.888653+00:00,0.3417120305082497,-0.6511303539262954,0.22396703044343835,-0.338094430484419,0.0354883867411947,1.6,2.2,0.6,0.2,0.4,2.0,2.0,0.0,0.0,0.0,batter_pitcher_profile_network_v2,1.0,1.0,0.3235239812615106,0.0,0.8103683122954649,0.5644805555555554,0.46936804927099035,0.0,53.0,21.24030576467676,-0.11961800986760222,0.17923173750972055,0.017923173750972056,0.42483611111111114,0.5692491794153558,0.0,53.0,20.167435269938178,-0.13813873777718355,-0.04361076467092573,-0.006977722347348117,0.59375,0.4164036205080323,0.0,53.0,22.601236485715877,0.0022045887810949313,0.16945628266865004,0.008472814133432502,0.054168055555555636,0.6821956079867845,0.0,53.0,18.861382143148678,-0.17277517948196494,-0.14777721937675875,-0.0036944304844189688,0.4246888888888889,0.4582681163063516,0.0,53.0,21.90644648067211,-0.1347361326063097,0.030604594905778576,0.0018362756943467145
2026-07-28,Nick_Gonzales,693304,hitter,PIT,AZ,2026,823350,110,134,109,1,694297.0,Brandon_Pfaadt,2.0,2.0,1.0,0.0,0.0,6.0,6.0,0.0,1.0,6.0,0.11320754716981132,0.2966666666666667,0.2966666666666667,0.0,0.0,35.6,3.25,3.3125,5.407792207792208,1.08,9.0,79.0,0,1.0,-0.4999999999999997,-0.8660254037844388,0.7818314824680298,0.6234898018587336,1.5,1.5,0.5,0.5,0.5,1.5,1.5,0.5,0.5,0.5,synthetic,synthetic,synthetic,synthetic,synthetic,0.0,0.0,0.0,0.0,0.0,-110.0,-110.0,-110.0,-110.0,-110.0,-110.0,-110.0,-110.0,-110.0,-110.0,0.0,0.0,0.0,0.0,0.0,2026-08-07T03:26:40.888653+00:00,0.430483136089447,-0.11137457088570302,-0.2696549159898135,-0.47955725342796585,-0.17329482933860274,1.6,1.6,0.0,0.0,0.2,2.0,2.0,0.0,0.0,0.0,batter_pitcher_profile_network_v2,1.0,0.5,0.6428345884505562,0.0,0.6356263814574035,0.6055552083333333,0.07619726219254824,0.0,53.0,25.297555846888546,-0.13682644248803225,0.01648020104802534,0.001648020104802534,0.45320069444444444,-0.04499053758489696,0.0,53.0,25.064226231493468,-0.14992504437572546,-0.232170077469605,-0.0371472123951368,0.61328125,-0.25338060224089626,0.0,53.0,23.720447211452484,0.003447159661632615,-0.05205404960105666,-0.002602702480052833,0.06594583333333344,-0.15044396895744597,0.0,53.0,23.74915744151281,-0.20274664445903395,-0.20629013711863353,-0.005157253427965839,0.4364666666666667,-0.238564425770308,0.0,53.0,23.43616995404936,-0.14633589549090514,-0.14694191999852144,-0.008816515199911286
2026-07-29,Nick_Gonzales,693304,hitter,PIT,AZ,2026,823351,111,134,109,1,593958.0,Eduardo_Rodriguez,1.0,1.0,0.0,0.0,0.0,4.0,4.0,0.0,0.0,1.0,0.125,0.2225,0.2225,0.0,0.0,26.7,6.625,5.374999999999999,6.1792207792207785,1.08,10.0,73.0,0,1.0,-0.4999999999999997,-0.8660254037844388,0.9749279121818236,-0.22252093395631434,1.5,1.5,0.5,0.5,0.5,1.5,1.5,0.5,0.5,0.5,synthetic,real,real,synthetic,synthetic,0.0,8.0,7.0,0.0,0.0,-110.0,0.0,0.0,-110.0,-110.0,-110.0,0.0,0.0,-110.0,-110.0,0.0,1.0606601717798214,0.0,0.0,0.0,2026-07-30T00:28:52.112372+00:00,0.33872476361240955,-0.13209438234974402,0.060579979776198556,-0.4770864189005903,-0.14249826426525464,1.6,1.6,0.2,0.0,0.2,2.0,2.0,1.0,0.0,0.0,batter_pitcher_profile_network_v2,1.0,1.0,0.37503041896207473,1.0,0.8228087736771459,0.5932447115384619,0.012451643093891582,-0.1111111111111111,53.0,25.590867053166154,-0.12681936875699276,-0.07177400889755306,-0.007177400889755306,0.3897575854700858,-0.00694815148359793,-0.1111111111111111,53.0,25.405087911391128,-0.10365038934401671,-0.2335586396858998,-0.03736938234974397,0.6050360576923084,-0.09872952066592601,-0.1111111111111111,53.0,25.227036065762743,0.053601903036129946,-0.06012118369680854,-0.0030060591848404274,-0.08244305555555552,-0.0058850071537009715,-0.07407407407407408,53.0,24.813173291980483,-0.056226481995749145,-0.10745675602361313,-0.0026864189005903283,0.3512895833333339,-0.12272221826042776,-0.08888888888888889,53.0,24.630134308544505,-0.06502156092295033,-0.1368217204382269,-0.008209303226293613
2026-07-30,Nick_Gonzales,693304,hitter,PIT,CIN,2026,824488,112,134,113,0,695076.0,Rhett_Lowder,2.0,3.0,1.0,0.0,0.0,4.0,4.0,0.0,0.0,6.0,0.10810810810810811,0.54,0.54,0.25,21.25,65.0,11.485714285714286,6.4714285714285715,1.3073229291716686,1.08,0.0,84.0,0,1.0,-0.4999999999999997,-0.8660254037844388,0.43388373911755823,-0.900968867902419,1.5,1.5,0.5,0.5,0.5,1.5,1.5,0.5,0.5,0.5,synthetic,synthetic,synthetic,synthetic,synthetic,0.0,0.0,0.0,0.0,0.0,-110.0,-110.0,-110.0,-110.0,-110.0,-110.0,-110.0,-110.0,-110.0,-110.0,0.0,0.0,0.0,0.0,0.0,2026-08-07T03:26:40.888653+00:00,-0.0011702171512928405,0.1723694261050137,-0.20811984800753153,-0.36171195497170827,-0.43260225235853556,1.6,1.6,0.2,0.0,0.0,1.0,1.0,0.0,0.0,0.0,batter_pitcher_profile_network_v2,1.0,0.85,0.48700545619535623,1.0,0.7655405568736586,0.5797540598290597,0.37544126559714786,0.06666666666666668,53.0,23.66855041120096,-0.11995489909840815,0.16122708667683117,0.016122708667683117,0.373759188034188,0.19848955309396482,0.007407407407407413,53.0,25.447427465680036,-0.10127101962671685,-0.10834142468150273,-0.01733462794904044,0.6033814102564103,0.4545855508870215,0.08148148148148149,53.0,23.18739427910037,-0.030334406354359744,0.17095578635337394,0.008547789317668697,-0.09233194444444441,0.03788906289788647,-0.07407407407407408,53.0,25.352868262152903,-0.06240392271294925,-0.11747819886833283,-0.002936954971708321,0.32145277777777803,0.4216076097105509,0.1111111111111111,53.0,23.40544957212641,-0.07181541261859092,0.09827443412909745,0.005896466047745847
2026-07-31,Nick_Gonzales,693304,hitter,PIT,CIN,2026,824486,113,134,113,0,668881.0,Hunter_Greene,2.0,2.0,1.0,0.0,2.0,5.0,4.0,0.0,0.0,6.0,0.11627906976744186,0.5,0.5,0.0,0.0,60.0,4.875,10.330357142857144,0.6644657863145259,1.08,0.0,84.0,0,1.0,-0.4999999999999997,-0.8660254037844388,-0.433883739117558,-0.9009688679024191,1.5,1.5,0.5,0.5,0.5,1.5,1.5,0.5,0.5,0.5,synthetic,synthetic,synthetic,synthetic,synthetic,0.0,0.0,0.0,0.0,0.0,-110.0,-110.0,-110.0,-110.0,-110.0,-110.0,-110.0,-110.0,-110.0,-110.0,0.0,0.0,0.0,0.0,0.0,2026-08-07T03:26:40.888653+00:00,0.05193074186431179,0.3850776531662492,0.010195082646110354,-0.47607431451550264,-0.4772064154108852,1.8,2.0,0.4,0.0,0.0,2.0,3.0,1.0,0.0,0.0,batter_pitcher_profile_network_v2,1.0,0.2,0.8646084991547898,0.0,0.5488170917707077,0.6389895133505598,-0.014671849427168562,0.0,53.0,26.12089457629547,-0.10338368139515595,-0.0012693167021833635,-0.00012693167021833636,0.43640936692506455,-0.014400777414075302,0.0,53.0,25.992503611521666,-0.0975539552155285,-0.1471818188737343,-0.023549091019797488,0.6331482558139536,0.2736746453900709,0.0,53.0,25.490962727122742,0.030743126230695608,0.054203308468144626,0.0027101654234072316,-0.021840509259259164,-0.023509819967266806,0.0,53.0,25.3827768985575,-0.06690306162807017,-0.06697258062010729,-0.0016743145155026823,0.3648712962962965,0.29237588652482277,0.0,53.0,25.034970647896365,-0.11201113751669625,-0.06956484621871856,-0.004173890773123114
2026-08-01,Nick_Gonzales,693304,hitter,PIT,CIN,2026,824485,114,134,113,0,671096.0,Andrew_Abbott,0.0,0.0,0.0,0.0,1.0,4.0,4.0,0.0,0.0,5.0,0.10256410256410256,0.0,0.0,0.0,0.0,10.0,4.0,7.25,1.9501800720288114,1.08,-10.0,76.0,0,1.0,-0.8660254037844385,-0.5000000000000004,-0.9749279121818236,-0.2225209339563146,1.5,1.5,0.5,0.5,0.5,1.5,1.5,0.5,0.5,0.5,synthetic,synthetic,synthetic,synthetic,synthetic,0.0,0.0,0.0,0.0,0.0,-110.0,-110.0,-110.0,-110.0,-110.0,-110.0,-110.0,-110.0,-110.0,-110.0,0.0,0.0,0.0,0.0,0.0,2026-08-07T03:26:40.888653+00:00,0.1917442503240092,0.0011758127062115875,-0.08126179210289985,-0.4776183122339624,0.01670692843747934,1.8,2.0,0.6,0.0,0.4,2.0,2.0,1.0,0.0,2.0,batter_pitcher_profile_network_v2,1.0,1.0,0.26833633567899867,2.0,0.8546287988793226,0.7022676638176638,-0.05389771559095904,-0.08666666666666667,52.0,24.84491987642653,-0.10198318346454614,-0.08265516659707389,-0.00826551665970739,0.48293739316239315,0.03349683610834577,-0.062222222222222213,52.0,24.87541673751971,-0.0960602328984767,-0.17171367058617737,-0.02747418729378838,0.6778846153846154,0.04105614371934049,-0.05333333333333332,52.0,25.113643079416253,0.03842783201297162,0.024968701297804614,0.0012484350648902308,-0.009507175925925829,0.13027610306677032,-0.13333333333333336,52.0,24.370655106423534,-0.04417673364656287,-0.12873248935849613,-0.0032183122339624034,0.39460740740740746,-0.007271263282847704,0.2,52.0,24.580760926457963,-0.1755892508492625,-0.006957662989101401,-0.00041745977934608405
2026-08-02,Nick_Gonzales,693304,hitter,PIT,CIN,2026,824483,115,134,113,0,695505.0,Chase_Burns,0.0,0.0,0.0,0.0,0.0,4.0,4.0,0.0,1.0,6.0,0.11764705882352941,0.0,0.0,0.0,0.0,10.0,2.4,7.2,2.271608643457383,1.08,-5.0,74.0,0,1.0,-0.8660254037844385,-0.5000000000000004,-0.7818314824680299,0.6234898018587334,1.5,1.5,0.5,0.5,0.5,1.5,1.5,0.5,0.5,0.5,synthetic,synthetic,synthetic,synthetic,synthetic,0.0,0.0,0.0,0.0,0.0,-110.0,-110.0,-110.0,-110.0,-110.0,-110.0,-110.0,-110.0,-110.0,-110.0,0.0,0.0,0.0,0.0,0.0,2026-08-07T03:26:40.888653+00:00,-0.36300066273801934,-0.5566462229925488,-0.2125952189213488,-0.4789566650868613,0.0019990142425946322,1.4,1.6,0.6,0.0,0.6,0.0,0.0,0.0,0.0,1.0,batter_pitcher_profile_network_v2,1.0,1.0,0.3111023184321858,3.0,0.8681399659920573,0.7394180134680135,-0.5005897013243168,-0.20909090909090908,52.0,20.852912002196756,-0.1284540874249461,-0.3920618494690279,-0.03920618494690279,0.507704292929293,-0.38296448999718236,-0.23636363636363633,52.0,22.161022458230338,-0.11476657823594709,-0.4610425701740178,-0.07376681122784284,0.7068181818181818,-0.32545222832722825,-0.2727272727272727,52.0,22.81601784789594,0.034038734203051674,-0.30321890423730247,-0.015160945211865125,-0.009507175925925898,-0.2779164130741054,-0.18181818181818182,52.0,22.692182911109608,-0.06125527800305752,-0.18226660347445242,-0.00455666508686131,0.3971074074074074,-0.3690259462759462,-0.2727272727272727,52.0,21.868788565922422,-0.18111051011591123,-0.4155726517790857,-0.02493435910674514
2026-08-03,Nick_Gonzales,693304,hitter,PIT,MIL,2026,823757,116,134,158,0,687075.0,Brandon_Sproat,0.0,0.0,0.0,0.0,0.0,4.0,4.0,0.0,2.0,6.0,0.10256410256410256,0.0,0.0,0.0,0.0,10.0,4.785714285714286,8.071428571428571,5.464285714285714,1.0733333333333333,-10.0,76.0,0,1.0,-0.8660254037844385,-0.5000000000000004,0.0,1.0,0.5,1.5,0.5,0.5,0.5,0.5,1.5,0.5,0.5,0.5,synthetic,synthetic,synthetic,synthetic,synthetic,0.0,0.0,0.0,0.0,0.0,-110.0,-110.0,-110.0,-110.0,-110.0,-110.0,-110.0,-110.0,-110.0,-110.0,0.0,0.0,0.0,0.0,0.0,2026-08-07T03:26:40.888653+00:00,0.46526126407010093,-0.7875755692128202,-0.18398223587970047,-0.4794418529976507,-0.0019399082217764763,1.0,1.2,0.4,0.0,0.6,0.0,0.0,0.0,0.0,0.0,batter_pitcher_profile_network_v2,1.0,1.0,0.3892846921502195,1.0,0.8210626252115981,0.7043071299830365,-0.09192546868611472,-0.04444444444444443,52.0,25.94201623597388,-0.13850333551592878,-0.0704130003246326,-0.007041300032463261,0.47470660517387614,0.05691344523261878,-0.0691358024691358,52.0,26.154712260972275,-0.13325664138062043,-0.23140980758012605,-0.03702556921282017,0.6510197996183207,0.25879458427922913,-0.1111111111111111,52.0,25.636592747214312,-0.009256891973243007,0.016454183504891997,0.0008227091752445999,-0.025981250000000053,0.23161204929353246,-0.07407407407407408,52.0,25.383907852334435,-0.06488579797453636,-0.11634078657269264,-0.0029085196643173165,0.32749097222222223,0.21772965196112423,-0.1111111111111111,52.0,25.524591146368646,-0.19447631976124766,-0.17949297585744786,-0.010769578551446871
2026-08-04,Nick_Gonzales,693304,hitter,PIT,MIL,2026,823756,117,134,158,0,701656.0,Logan_Henderson,0.0,0.0,0.0,0.0,0.0,4.0,4.0,0.0,0.0,6.0,0.11764705882352941,0.0,0.0,0.0,0.0,10.0,1.8000000000000005,11.505882352941176,5.142857142857143,1.0733333333333333,-8.0,82.0,0,1.0,-0.8660254037844385,-0.5000000000000004,0.7818314824680298,0.6234898018587336,0.5,0.5,0.5,0.5,0.5,0.5,0.5,0.5,0.5,0.5,synthetic,synthetic,synthetic,synthetic,synthetic,0.0,0.0,0.0,0.0,0.0,-110.0,-110.0,-110.0,-110.0,-110.0,-110.0,-110.0,-110.0,-110.0,-110.0,0.0,0.0,0.0,0.0,0.0,2026-08-07T03:26:40.888653+00:00,0.1918713262052194,0.10305544491919016,-0.1821731515874716,-0.47894811627955175,-0.001185118110432981,0.8,1.0,0.4,0.0,0.6,0.0,0.0,0.0,0.0,0.0,batter_pitcher_profile_network_v2,1.0,0.45,0.6544552209790386,0.0,0.6214231559435305,0.535072524928775,-0.5421206882609599,0.0,53.0,21.933038648999467,-0.12729082184746462,-0.10023351665929181,-0.010023351665929181,0.34357489316239326,-0.41267109618636777,0.0,53.0,23.530028102444163,-0.12927641500225784,-0.24290714572564964,-0.038865143316103946,0.49779086538461564,-0.4160924491755939,0.0,53.0,23.094173887680927,0.06554560351836478,-0.006026056959516399,-0.00030130284797581997,-0.04635162037037038,-0.2869129600916932,0.0,53.0,24.425416629073254,-0.09199595908867894,-0.09659131784873583,-0.002414782946218396,0.21991226851851872,-0.39832494424462744,0.0,53.0,23.12007733806477,-0.21921788361910569,-0.19468194049601237,-0.011680916429760742
2026-08-05,Nick_Gonzales,693304,hitter,PIT,MIL,2026,823753,118,134,158,0,690986.0,Kyle_Harrison,1.0,1.0,0.0,0.0,0.0,3.0,3.0,0.0,1.0,5.0,0.0967741935483871,0.2966666666666667,0.2966666666666667,0.0,0.0,35.6,6.825,10.275,5.142857142857143,1.0733333333333333,-6.0,75.0,0,1.0,-0.8660254037844385,-0.5000000000000004,0.9749279121818236,-0.22252093395631434,0.5,0.5,0.5,0.5,0.5,0.5,0.5,0.5,0.5,0.5,synthetic,synthetic,synthetic,synthetic,synthetic,0.0,0.0,0.0,0.0,0.0,-110.0,-110.0,-110.0,-110.0,-110.0,-110.0,-110.0,-110.0,-110.0,-110.0,0.0,0.0,0.0,0.0,0.0,2026-08-07T03:26:40.888653+00:00,-0.08298686031204283,-0.1589112459221796,-0.16542737433840365,-0.4802018627925737,0.05973701410031029,0.4,0.4,0.2,0.0,0.6,0.0,0.0,0.0,0.0,0.0,batter_pitcher_profile_network_v2,1.0,1.0,0.425,1.0,0.8166875,0.6006319654882156,-0.2366521727827989,-0.040740740740740744,54.0,26.54091071570963,-0.14755752717889126,-0.11075877209124163,-0.011075877209124164,0.387281186868687,-0.12278232796562003,0.007407407407407413,54.0,27.203287015290773,-0.15003496432070149,-0.2471166579813642,-0.03953866527701827,0.5414971590909093,-0.046523442482019284,-0.1111111111111111,54.0,27.57569849827285,0.0452046056514692,-0.04844764037790455,-0.0024223820188952277,-0.04635162037037038,-0.01927073002747569,-0.07407407407407408,54.0,27.1366686535649,-0.0934497935934026,-0.14674117836961412,-0.003668529459240353,0.21991226851851872,-0.008359782688204857,-0.1111111111111111,54.0,27.33788496492137,-0.23108598239339656,-0.25353824425750293,-0.015212294655450175
