Date,Player,Player_MLBAM_ID,Player_Type,Team,Opponent,Season,Game_ID,Game_Index,Team_ID,Opponent_ID,Is_Home,Opp_Starter_ID,Opp_Starter_Player,H,TB,R,HR,RBI,PA,AB,BB,SO,Batting_Order,Team_PA_share,wOBA,xwOBA,ISO,Barrel%,HardHit%,Opp_Pitcher_ERA_3,Opp_Pitcher_K9_3,Opp_Bullpen_ERA_7,Park_Factor,Wind_Out_MPH,Temp_F,Did_Not_Play,Rest_Days,Month_sin,Month_cos,DayOfWeek_sin,DayOfWeek_cos,Market_H,Market_TB,Market_R,Market_HR,Market_RBI,Synthetic_Market_H,Synthetic_Market_TB,Synthetic_Market_R,Synthetic_Market_HR,Synthetic_Market_RBI,Market_Source_H,Market_Source_TB,Market_Source_R,Market_Source_HR,Market_Source_RBI,Market_H_books,Market_TB_books,Market_R_books,Market_HR_books,Market_RBI_books,Market_H_over_price,Market_TB_over_price,Market_R_over_price,Market_HR_over_price,Market_RBI_over_price,Market_H_under_price,Market_TB_under_price,Market_R_under_price,Market_HR_under_price,Market_RBI_under_price,Market_H_line_std,Market_TB_line_std,Market_R_line_std,Market_HR_line_std,Market_RBI_line_std,Market_Fetched_At_UTC,H_market_gap,TB_market_gap,R_market_gap,HR_market_gap,RBI_market_gap,H_rolling_avg,TB_rolling_avg,R_rolling_avg,HR_rolling_avg,RBI_rolling_avg,H_lag1,TB_lag1,R_lag1,HR_lag1,RBI_lag1,Matchup_Network_Version,Matchup_Network_Batter_Support,Matchup_Network_Pitcher_Support,Pitcher_Profile_Uncertainty,Batter_Vs_Starter_Games,Matchup_Network_Confidence,Batter_Profile_H_Strength,Pitcher_Profile_H_Vulnerability,Batter_Vs_Starter_H_Lift,Archetype_Neighbor_H_Games,Archetype_Neighbor_H_Effective_Support,Archetype_Neighbor_H_Lift,Matchup_Network_H_Score,Matchup_Network_H_Adjustment,Batter_Profile_TB_Strength,Pitcher_Profile_TB_Vulnerability,Batter_Vs_Starter_TB_Lift,Archetype_Neighbor_TB_Games,Archetype_Neighbor_TB_Effective_Support,Archetype_Neighbor_TB_Lift,Matchup_Network_TB_Score,Matchup_Network_TB_Adjustment,Batter_Profile_R_Strength,Pitcher_Profile_R_Vulnerability,Batter_Vs_Starter_R_Lift,Archetype_Neighbor_R_Games,Archetype_Neighbor_R_Effective_Support,Archetype_Neighbor_R_Lift,Matchup_Network_R_Score,Matchup_Network_R_Adjustment,Batter_Profile_HR_Strength,Pitcher_Profile_HR_Vulnerability,Batter_Vs_Starter_HR_Lift,Archetype_Neighbor_HR_Games,Archetype_Neighbor_HR_Effective_Support,Archetype_Neighbor_HR_Lift,Matchup_Network_HR_Score,Matchup_Network_HR_Adjustment,Batter_Profile_RBI_Strength,Pitcher_Profile_RBI_Vulnerability,Batter_Vs_Starter_RBI_Lift,Archetype_Neighbor_RBI_Games,Archetype_Neighbor_RBI_Effective_Support,Archetype_Neighbor_RBI_Lift,Matchup_Network_RBI_Score,Matchup_Network_RBI_Adjustment
2026-03-17,Munetaka_Murakami,808959,hitter,CWS,ATH,2026,831942,0,145,133,1,806960.0,Luis_Morales,1.0,4.0,1.0,1.0,1.0,4.0,4.0,0.0,0.0,4.0,0.11428571428571428,0.525,0.525,0.75,30.0,65.0,3.4188311688311686,7.801948051948052,3.9711393869288614,1.0611111111111111,0.0,91.0,0,2.0,1.0,6.123233995736766e-17,0.7818314824680298,0.6234898018587336,0.5,3.5,0.5,0.5,0.5,0.5,3.5,0.5,0.5,0.5,synthetic,synthetic,synthetic,synthetic,synthetic,0.0,0.0,0.0,0.0,0.0,-110.0,-110.0,-110.0,-110.0,-110.0,-110.0,-110.0,-110.0,-110.0,-110.0,0.0,0.0,0.0,0.0,0.0,2026-08-07T03:26:40.888653+00:00,0.6474148395464185,0.6886333333333337,0.5880569693464432,0.5820555555555555,0.5374569693464433,1.0,4.0,1.0,1.0,1.0,1.0,4.0,1.0,1.0,1.0,,0.0,0.0,1.0,0.0,0.0,0.0,0.0,0.0,0.0,0.0,0.0,0.0,0.0,0.0,0.0,0.0,0.0,0.0,0.0,0.0,0.0,0.0,0.0,0.0,0.0,0.0,0.0,0.0,0.0,0.0,0.0,0.0,0.0,0.0,0.0,0.0,0.0,0.0,0.0,0.0,0.0,0.0,0.0,0.0,0.0
2026-03-19,Munetaka_Murakami,808959,hitter,CWS,AZ,2026,831962,1,145,109,1,647336.0,Michael_Soroka,1.0,1.0,1.0,0.0,0.0,4.0,3.0,1.0,1.0,4.0,0.11764705882352941,0.395,0.395,0.0,0.0,47.400000000000006,16.200000000000003,5.4,7.897681321332361,1.0611111111111111,0.0,100.0,0,2.0,1.0,6.123233995736766e-17,0.43388373911755823,-0.900968867902419,0.5,3.5,0.5,0.5,0.5,0.5,3.5,0.5,0.5,0.5,synthetic,synthetic,synthetic,synthetic,synthetic,0.0,0.0,0.0,0.0,0.0,-110.0,-110.0,-110.0,-110.0,-110.0,-110.0,-110.0,-110.0,-110.0,-110.0,0.0,0.0,0.0,0.0,0.0,2026-08-07T03:26:40.888653+00:00,0.9716923876572161,-0.26590781176470557,0.7171972247675984,0.3196005972222221,0.6988390697430888,1.0,4.0,1.0,1.0,1.0,1.0,4.0,1.0,1.0,1.0,batter_pitcher_profile_network_v2,0.03333333333333333,0.05,0.9425,0.0,0.028393854166666666,1.0,0.9249999999999999,0.0,0.0,0.0,0.0,0.0017729166666666663,0.00017729166666666663,1.0,0.94,0.0,0.0,0.0,0.0,0.0018016666666666665,0.00028826666666666666,0.8125,1.0,0.0,0.0,0.0,0.0,0.0015572916666666667,7.786458333333334e-05,1.0,0.94,0.0,0.0,0.0,0.0,0.0018016666666666665,4.5041666666666666e-05,0.8874999999999998,1.0,0.0,0.0,0.0,0.0,0.0017010416666666662,0.00010206249999999997
2026-03-21,Munetaka_Murakami,808959,hitter,CWS,CIN,2026,831916,2,145,113,0,671096.0,Andrew_Abbott,1.0,1.0,0.0,0.0,0.0,4.0,4.0,0.0,1.0,4.0,0.10256410256410256,0.2225,0.2225,0.0,0.0,26.7,18.136363636363637,14.215909090909092,6.948948110712817,1.08,5.0,101.0,0,2.0,1.0,6.123233995736766e-17,-0.9749279121818236,-0.2225209339563146,0.5,2.5,0.5,0.5,0.5,0.5,2.5,0.5,0.5,0.5,synthetic,synthetic,synthetic,synthetic,synthetic,0.0,0.0,0.0,0.0,0.0,-110.0,-110.0,-110.0,-110.0,-110.0,-110.0,-110.0,-110.0,-110.0,-110.0,0.0,0.0,0.0,0.0,0.0,2026-08-07T03:26:40.888653+00:00,0.4848985587969651,-0.7001072170206601,0.5562311271314901,-0.12421615411524017,0.08243798169077587,1.0,2.5,1.0,0.5,0.5,1.0,1.0,1.0,0.0,0.0,batter_pitcher_profile_network_v2,0.06666666666666667,0.2,0.8161541152401657,0.0,0.08333755750994928,0.9249999999999998,0.5,0.0,0.0,0.0,0.0,0.005668581446761557,0.0005668581446761558,0.95,0.6,0.0,0.0,0.0,0.0,0.006986143620873703,0.0011177829793397925,0.7625,0.9158469945355192,0.0,0.0,0.0,0.0,0.008559047301596732,0.00042795236507983664,1.0,0.6,0.0,0.0,0.0,0.0,0.0073538353903933725,0.00018384588475983432,0.8874999999999998,0.9579234972677596,0.0,0.0,0.0,0.0,0.01041985899583937,0.0006251915397503621
2026-03-22,Munetaka_Murakami,808959,hitter,CWS,SEA,2026,831746,3,145,136,1,693433.0,Bryan_Woo,0.0,0.0,0.0,0.0,0.0,3.0,3.0,0.0,1.0,5.0,0.08823529411764706,0.0,0.0,0.0,0.0,10.0,4.982142857142857,12.214285714285714,5.498001998001998,1.0611111111111111,3.0,95.0,0,1.0,1.0,6.123233995736766e-17,-0.7818314824680299,0.6234898018587334,0.5,1.5,0.5,0.5,0.5,0.5,1.5,0.5,0.5,0.5,synthetic,synthetic,synthetic,synthetic,synthetic,0.0,0.0,0.0,0.0,0.0,-110.0,-110.0,-110.0,-110.0,-110.0,-110.0,-110.0,-110.0,-110.0,-110.0,0.0,0.0,0.0,0.0,0.0,2026-08-07T03:26:40.888653+00:00,0.46802601757048135,-0.13666936137398222,-0.02062481930110155,-0.24722565432649624,-0.1878307804903891,1.0,2.0,0.6666666666666666,0.3333333333333333,0.3333333333333333,1.0,1.0,0.0,0.0,0.0,batter_pitcher_profile_network_v2,0.1,0.1,0.8987912607362389,0.0,0.07398980705598107,0.5997337962962965,-0.3607882205513785,0.0,1.0,0.0,0.0,-0.0021899232158736947,-0.00021899232158736947,0.670763888888889,-0.5575758145363409,0.0,1.0,0.0,0.0,-0.003785224273662224,-0.0006056358837859559,0.5786458333333335,-0.4031706349206349,0.0,1.0,0.0,0.0,-0.00236112912206717,-0.00011805645610335851,0.599212962962963,-0.7554924812030076,0.0,1.0,0.0,0.0,-0.0045817286154045435,-0.0001145432153851136,0.6684837962962963,-0.39969841269841266,0.0,1.0,0.0,0.0,-0.0027042156584773315,-0.00016225293950863988
2026-03-23,Munetaka_Murakami,808959,hitter,CWS,ATH,2026,831915,4,145,133,0,806960.0,Luis_Morales,0.0,0.0,1.0,0.0,0.0,3.0,2.0,1.0,0.0,4.0,0.0625,0.22999999999999998,0.22999999999999998,0.0,0.0,27.599999999999998,5.740759240759242,8.662837162837162,6.200649350649351,1.0611111111111111,0.0,88.0,0,1.0,1.0,6.123233995736766e-17,0.0,1.0,0.5,1.5,0.5,0.5,0.5,0.5,1.5,0.5,0.5,0.5,synthetic,synthetic,synthetic,synthetic,synthetic,0.0,0.0,0.0,0.0,0.0,-110.0,-110.0,-110.0,-110.0,-110.0,-110.0,-110.0,-110.0,-110.0,-110.0,0.0,0.0,0.0,0.0,0.0,2026-08-07T03:26:40.888653+00:00,0.29589089646348277,-0.49484468252297265,0.01696269535786754,-0.30290315164365983,-0.16455125907705231,0.75,1.5,0.5,0.25,0.25,0.0,0.0,0.0,0.0,0.0,batter_pitcher_profile_network_v2,0.13333333333333333,0.15,0.7748820171440438,1.0,0.12367820960164487,-0.04282118055555539,0.16105102791944903,0.027777777777777776,1.0,0.0,0.0,0.024651139127000607,0.002465113912700061,0.024427083333333464,0.38576873784110627,0.1111111111111111,1.0,0.0,0.0,0.09888740089808838,0.01582198414369414,-0.05585937499999985,0.6645350110415902,0.1111111111111111,1.0,0.0,0.0,0.09860455650800243,0.004930227825400122,0.15444444444444447,0.6573147904726853,0.1111111111111111,1.0,0.0,0.0,0.10165171203138479,0.0025412928007846197,-0.014696180555555473,0.6007521163047479,0.1111111111111111,1.0,0.0,0.0,0.09860455650800243,0.005916273390480145
2026-03-26,Munetaka_Murakami,808959,hitter,CWS,MIL,2026,823812,5,145,158,0,694819.0,Jacob_Misiorowski,1.0,4.0,1.0,1.0,1.0,4.0,2.0,2.0,0.0,6.0,0.1111111111111111,0.87,0.87,1.5,30.0,65.0,5.1692307692307695,11.976923076923077,4.437297863426896,1.0733333333333333,0.0,65.0,0,3.0,1.0,6.123233995736766e-17,0.43388373911755823,-0.900968867902419,0.5,1.5,0.5,0.5,0.5,0.5,1.5,0.5,0.5,0.5,synthetic,synthetic,synthetic,synthetic,synthetic,0.0,0.0,0.0,0.0,0.0,-110.0,-110.0,-110.0,-110.0,-110.0,-110.0,-110.0,-110.0,-110.0,-110.0,0.0,0.0,0.0,0.0,0.0,2026-08-07T03:26:40.888653+00:00,-0.07483137990536337,1.4502155837019375,0.5211117601961348,0.11342726447613205,-0.04352042339024875,0.6,1.2,0.6,0.2,0.2,0.0,0.0,1.0,0.0,0.0,batter_pitcher_profile_network_v2,0.16666666666666666,0.15,0.8278886850527487,0.0,0.12062087874548907,0.01200694444444457,-0.30410179091595657,0.0,1.0,0.0,0.0,-0.00010473929618665542,-1.0473929618665542e-05,-0.028208333333333252,-0.5233007471140362,0.0,1.0,0.0,0.0,-0.0004234351962222453,-6.774963139555925e-05,-0.03197916666666653,-0.06830643812709031,0.0,1.0,0.0,0.0,-6.265950419831377e-05,-3.1329752099156884e-06,-0.0733055555555556,-0.7495235732009927,0.0,1.0,0.0,0.0,-0.0015760876213826737,-3.940219053456684e-05,-0.1767430555555555,-0.17088795986622074,0.0,1.0,0.0,0.0,-0.0008663871376721558,-5.1983228260329346e-05
2026-03-28,Munetaka_Murakami,808959,hitter,CWS,MIL,2026,823811,6,145,158,0,694477.0,Chad_Patrick,1.0,4.0,1.0,1.0,1.0,4.0,3.0,1.0,1.0,4.0,0.1111111111111111,0.6975,0.6975,1.0,30.0,65.0,12.65,9.799999999999999,4.385454545454546,1.0733333333333333,0.0,63.0,0,2.0,1.0,6.123233995736766e-17,-0.9749279121818236,-0.2225209339563146,0.5,1.5,0.5,0.5,0.5,0.5,1.5,0.5,0.5,0.5,synthetic,synthetic,synthetic,synthetic,synthetic,0.0,0.0,0.0,0.0,0.0,-110.0,-110.0,-110.0,-110.0,-110.0,-110.0,-110.0,-110.0,-110.0,-110.0,0.0,0.0,0.0,0.0,0.0,2026-08-07T03:26:40.888653+00:00,0.16386146491661768,1.335369010851021,0.44459491275113616,0.08886031427448904,0.06337305041744212,0.6,1.2,0.6,0.2,0.2,1.0,4.0,1.0,1.0,1.0,batter_pitcher_profile_network_v2,0.2,0.2,0.8235855213442926,0.0,0.14982215472706484,0.6147879840067341,0.573166023166023,0.0,1.0,0.0,0.0,0.01243283098435797,0.0012432830984357972,0.710931186868687,0.6754078185328185,0.0,1.0,0.0,0.0,0.016941734485548067,0.0027106775176876908,0.5833096590909093,0.9204530423280424,0.0,1.0,0.0,0.0,0.018943709568173654,0.0009471854784086827,0.6066203703703704,0.7356756756756757,0.0,1.0,0.0,0.0,0.01574590431289702,0.0003936476078224255,0.6011516203703705,0.9300925925925926,0.0,1.0,0.0,0.0,0.019727607967467715,0.0011836564780480629
2026-03-29,Munetaka_Murakami,808959,hitter,CWS,MIL,2026,823810,7,145,158,0,687075.0,Brandon_Sproat,1.0,4.0,2.0,1.0,1.0,5.0,4.0,1.0,3.0,2.0,0.1282051282051282,0.558,0.558,0.75,30.0,65.0,3.285714285714286,9.678571428571429,4.171168831168831,1.0733333333333333,0.0,62.0,0,1.0,1.0,6.123233995736766e-17,-0.7818314824680299,0.6234898018587334,0.5,1.5,0.5,0.5,0.5,0.5,1.5,0.5,0.5,0.5,synthetic,synthetic,synthetic,synthetic,synthetic,0.0,0.0,0.0,0.0,0.0,-110.0,-110.0,-110.0,-110.0,-110.0,-110.0,-110.0,-110.0,-110.0,-110.0,0.0,0.0,0.0,0.0,0.0,2026-08-07T03:26:40.888653+00:00,0.17778527849870007,1.3546991881771602,0.3968220479539807,0.16493423188140977,0.16415824452724448,0.6,1.8,0.6,0.4,0.4,1.0,4.0,1.0,1.0,1.0,batter_pitcher_profile_network_v2,0.23333333333333334,0.1,0.7356565035736586,0.0,0.14265487449788936,0.6814300976800975,-0.6648571428571429,0.0,2.0,0.0,0.0,-0.02794441781020167,-0.002794441781020167,0.7763369963369962,-0.7636607142857142,0.0,2.0,0.0,0.0,-0.03656757389275162,-0.0058508118228402595,0.6635989010989011,-0.4519107142857143,0.0,2.0,0.0,0.0,-0.018497102858448213,-0.0009248551429224107,0.7708531746031746,-0.8685714285714285,0.0,2.0,0.0,0.0,-0.04129739141027216,-0.001032434785256804,0.7360317460317459,-0.5761666666666667,0.0,2.0,0.0,0.0,-0.026157130007131865,-0.0015694278004279119
2026-03-30,Munetaka_Murakami,808959,hitter,CWS,MIA,2026,823890,8,145,146,0,663978.0,Chris_Paddack,1.0,1.0,1.0,0.0,0.0,5.0,5.0,0.0,1.0,2.0,0.1282051282051282,0.178,0.178,0.0,0.0,21.36,0.75,7.25,1.4571428571428573,1.0766666666666667,0.0,72.0,0,1.0,1.0,6.123233995736766e-17,0.0,1.0,0.5,2.5,0.5,0.5,0.5,0.5,2.5,0.5,0.5,0.5,synthetic,synthetic,synthetic,synthetic,synthetic,0.0,0.0,0.0,0.0,0.0,-110.0,-110.0,-110.0,-110.0,-110.0,-110.0,-110.0,-110.0,-110.0,-110.0,0.0,0.0,0.0,0.0,0.0,2026-08-07T03:26:40.888653+00:00,0.23905005535584933,-0.34323640533003186,0.44741225349086766,0.04309093733034719,0.048663120245999836,0.6,2.4,1.0,0.6,0.6,1.0,4.0,2.0,1.0,1.0,batter_pitcher_profile_network_v2,0.26666666666666666,0.2,0.6863185576771846,0.0,0.18651852867024232,0.44100358422939057,-0.7221250000000001,0.0,2.0,0.0,0.0,-0.02663864058069978,-0.0026638640580699782,0.6185047043010752,-0.7715000000000001,0.0,2.0,0.0,0.0,-0.03991503331269889,-0.0063864053300318226,0.5026713709677418,-0.7769047619047619,0.0,2.0,0.0,0.0,-0.03266701809473688,-0.001633350904736844,0.8940277777777779,-0.7715000000000001,0.0,2.0,0.0,0.0,-0.05769584011944294,-0.0014423960029860735,0.7768402777777778,-0.8626190476190476,0.0,2.0,0.0,0.0,-0.05605422300623255,-0.003363253380373953
2026-03-31,Munetaka_Murakami,808959,hitter,CWS,MIA,2026,823888,9,145,146,0,676083.0,Janson_Junk,1.0,1.0,0.0,0.0,1.0,4.0,4.0,0.0,2.0,2.0,0.11764705882352941,0.2225,0.2225,0.0,0.0,26.7,5.5,10.0,0.9428571428571428,1.0766666666666667,-13.0,77.0,0,1.0,1.0,6.123233995736766e-17,0.7818314824680298,0.6234898018587336,0.5,2.5,1.5,0.5,0.5,0.5,2.5,1.5,0.5,0.5,synthetic,synthetic,synthetic,synthetic,synthetic,0.0,0.0,0.0,0.0,0.0,-110.0,-110.0,-110.0,-110.0,-110.0,-110.0,-110.0,-110.0,-110.0,-110.0,0.0,0.0,0.0,0.0,0.0,2026-08-07T03:26:40.888653+00:00,0.22805151561820747,-0.6238274333113725,-0.577390156291579,-0.05552936271805553,-0.1325478562542834,0.8,2.6,1.2,0.6,0.6,1.0,1.0,1.0,0.0,0.0,batter_pitcher_profile_network_v2,0.3,0.05,0.9425,0.0,0.16172718749999998,0.4234537037037037,0.8160000000000002,0.0,3.0,0.0,0.0,0.005960534333333334,0.0005960534333333334,0.6042222222222223,0.316,0.0,3.0,0.0,0.0,0.0032936153333333333,0.0005269784533333333,0.5263888888888889,0.23500000000000007,0.0,3.0,0.0,0.0,0.002133848958333334,0.0001066924479166667,0.7901203703703704,-0.18399999999999994,0.0,3.0,0.0,0.0,-0.0025078420555555547,-6.269605138888887e-05,0.7547037037037037,0.26416666666666677,0.0,3.0,0.0,0.0,0.0034390904398148153,0.0002063454263888889
2026-04-01,Munetaka_Murakami,808959,hitter,CWS,MIA,2026,823889,10,145,146,0,645261.0,Sandy_Alcantara,0.0,0.0,0.0,0.0,0.0,3.0,3.0,0.0,2.0,2.0,0.0967741935483871,0.0,0.0,0.0,0.0,10.0,3.4285714285714284,9.75,4.0,1.0766666666666667,0.0,72.0,0,1.0,0.8660254037844387,-0.4999999999999998,0.9749279121818236,-0.22252093395631434,0.5,2.5,0.5,0.5,0.5,0.5,2.5,0.5,0.5,0.5,synthetic,synthetic,synthetic,synthetic,synthetic,0.0,0.0,0.0,0.0,0.0,-110.0,-110.0,-110.0,-110.0,-110.0,-110.0,-110.0,-110.0,-110.0,-110.0,0.0,0.0,0.0,0.0,0.0,2026-08-07T03:26:40.888653+00:00,0.4431433516292578,-0.6268623288726647,0.1576675468741081,-0.05634533985461859,0.22274768515693122,1.0,2.8,1.0,0.6,0.8,1.0,1.0,0.0,0.0,1.0,batter_pitcher_profile_network_v2,0.3333333333333333,0.2,0.8182749049855601,0.0,0.21661893149452044,0.27789652777777785,-0.6423938631790744,0.0,3.0,0.0,0.0,-0.010813795535379605,-0.0010813795535379604,0.5013208333333334,-0.7388131287726359,0.0,3.0,0.0,0.0,-0.022435926421894997,-0.0035897482275031997,0.4397812500000001,-0.7642237592219986,0.0,3.0,0.0,0.0,-0.020358739937192675,-0.0010179369968596338,0.7129277777777778,-0.813857142857143,0.0,3.0,0.0,0.0,-0.03514692751807646,-0.0008786731879519115,0.7203965277777779,-0.7863041582830315,0.0,3.0,0.0,0.0,-0.034312774266201634,-0.002058766455972098
2026-04-03,Munetaka_Murakami,808959,hitter,CWS,TOR,2026,824621,11,145,141,1,656302.0,Dylan_Cease,1.0,1.0,0.0,0.0,0.0,5.0,4.0,1.0,2.0,2.0,0.11627906976744186,0.316,0.316,0.0,0.0,37.92,0.5625,13.35,4.520168067226892,1.08,0.0,53.0,0,2.0,0.8660254037844387,-0.4999999999999998,-0.433883739117558,-0.9009688679024191,0.5,1.5,0.5,0.5,0.5,0.5,1.5,0.5,0.5,0.5,synthetic,synthetic,synthetic,synthetic,synthetic,0.0,0.0,0.0,0.0,0.0,-110.0,-110.0,-110.0,-110.0,-110.0,-110.0,-110.0,-110.0,-110.0,-110.0,0.0,0.0,0.0,0.0,0.0,2026-08-07T03:26:40.888653+00:00,-0.049526709289223925,-0.09804627570971935,0.2544200239601778,-0.19582462240833476,0.06992689958478249,0.8,2.0,0.8,0.4,0.6,0.0,0.0,0.0,0.0,0.0,batter_pitcher_profile_network_v2,0.36666666666666664,0.15,0.7544430690779531,0.0,0.22197044193902593,-0.018468067300916227,-0.9842592592592593,0.0,4.0,0.0,0.0,-0.001636645364391044,-0.0001636645364391044,0.27151876321353063,-0.9901620370370372,0.0,4.0,0.0,0.0,-0.02420637434853714,-0.0038730198957659424,0.17741080866807615,-0.8138503086419754,0.0,4.0,0.0,0.0,-0.013000146162870438,-0.000650007308143522,0.6329015151515152,-1.0,0.0,4.0,0.0,0.0,-0.05698489633339045,-0.0014246224083347614,0.5388390151515153,-0.9020061728395062,0.0,4.0,0.0,0.0,-0.04376149705122898,-0.002625689823073739
2026-04-04,Munetaka_Murakami,808959,hitter,CWS,TOR,2026,824622,12,145,141,1,689254.0,Mason_Fluharty,1.0,4.0,1.0,1.0,3.0,4.0,3.0,0.0,1.0,4.0,0.11764705882352941,0.525,0.525,1.0,30.0,65.0,0.0,22.5,4.1987394957983195,1.08,16.0,50.0,0,1.0,0.8660254037844387,-0.4999999999999998,-0.9749279121818236,-0.2225209339563146,0.5,1.5,0.5,0.5,0.5,0.5,1.5,0.5,0.5,0.5,synthetic,synthetic,synthetic,synthetic,synthetic,0.0,0.0,0.0,0.0,0.0,-110.0,-110.0,-110.0,-110.0,-110.0,-110.0,-110.0,-110.0,-110.0,-110.0,0.0,0.0,0.0,0.0,0.0,2026-08-07T03:26:40.888653+00:00,-0.39170924369747906,0.9693705882352943,0.20767226890756318,-0.009399999999999964,-0.015210084033613458,0.8,1.4,0.6,0.2,0.4,1.0,1.0,0.0,0.0,0.0,batter_pitcher_profile_network_v2,0.4,0.0,1.0,0.0,0.2,-0.08077372685185218,0.0,0.0,4.0,0.0,0.0,0.0,0.0,0.22722569444444424,0.0,0.0,4.0,0.0,0.0,0.0,0.0,0.13596354166666647,0.0,0.0,4.0,0.0,0.0,0.0,0.0,0.5920648148148149,0.0,0.0,4.0,0.0,0.0,0.0,0.0,0.5286012731481482,0.0,0.0,4.0,0.0,0.0,0.0,0.0
2026-04-05,Munetaka_Murakami,808959,hitter,CWS,TOR,2026,824620,13,145,141,1,641778.0,Eric_Lauer,0.0,0.0,1.0,0.0,0.0,4.0,3.0,1.0,1.0,3.0,0.1111111111111111,0.1725,0.1725,0.0,0.0,20.7,6.010714285714286,10.33392857142857,4.321188475390157,1.08,4.0,50.0,0,1.0,0.8660254037844387,-0.4999999999999998,-0.7818314824680299,0.6234898018587334,0.5,1.5,0.5,0.5,0.5,0.5,1.5,0.5,0.5,0.5,synthetic,synthetic,synthetic,synthetic,synthetic,0.0,0.0,0.0,0.0,0.0,-110.0,-110.0,-110.0,-110.0,-110.0,-110.0,-110.0,-110.0,-110.0,-110.0,0.0,0.0,0.0,0.0,0.0,2026-08-07T03:26:40.888653+00:00,0.21187885761883174,0.023729059389296037,0.0337881628329183,-0.23422972177917734,0.6299064147550137,0.8,1.4,0.4,0.2,0.8,1.0,4.0,1.0,1.0,3.0,batter_pitcher_profile_network_v2,0.43333333333333335,0.15,0.8909232942804219,0.0,0.2527959511342639,0.011978098290598552,-0.09866685488424631,0.0,4.0,0.0,0.0,-5.586158679464074e-05,-5.586158679464075e-06,0.30205448717948746,0.05284959062676442,0.0,4.0,0.0,0.0,0.0007545378497670175,0.0001207260559627228,0.2163701923076926,0.20287137681159417,0.0,4.0,0.0,0.0,0.002074781268209403,0.00010373906341047016,0.6816175213675214,0.2114093732354601,0.0,4.0,0.0,0.0,0.006811128832907385,0.00017027822082268463,0.6076511752136754,0.2497101449275362,0.0,4.0,0.0,0.0,0.007172071980655983,0.000430324318839359
2026-04-06,Munetaka_Murakami,808959,hitter,CWS,BAL,2026,824619,14,145,110,1,687064.0,Brandon_Young,0.0,0.0,1.0,0.0,0.0,4.0,3.0,1.0,0.0,2.0,0.11764705882352941,0.1725,0.1725,0.0,0.0,20.7,4.1,8.2,4.32502319109462,1.08,3.0,48.0,0,1.0,0.8660254037844387,-0.4999999999999998,0.0,1.0,0.5,1.5,0.5,0.5,0.5,0.5,1.5,0.5,0.5,0.5,synthetic,synthetic,synthetic,synthetic,synthetic,0.0,0.0,0.0,0.0,0.0,-110.0,-110.0,-110.0,-110.0,-110.0,-110.0,-110.0,-110.0,-110.0,-110.0,0.0,0.0,0.0,0.0,0.0,2026-08-07T03:26:40.888653+00:00,0.04300877078103971,-0.6532544117647059,0.05211145367237813,-0.33440000000000003,0.1573541007312016,0.6,1.2,0.4,0.2,0.8,0.0,0.0,1.0,0.0,0.0,batter_pitcher_profile_network_v2,0.4666666666666667,0.0,1.0,0.0,0.23333333333333334,-0.05383531746031718,0.0,0.0,4.0,0.0,0.0,0.0,0.0,0.24540476190476218,0.0,0.0,4.0,0.0,0.0,0.0,0.0,0.14812500000000037,0.0,0.0,4.0,0.0,0.0,0.0,0.0,0.629468253968254,0.0,0.0,4.0,0.0,0.0,0.0,0.0,0.5327718253968257,0.0,0.0,4.0,0.0,0.0,0.0,0.0
2026-04-07,Munetaka_Murakami,808959,hitter,CWS,BAL,2026,824618,15,145,110,1,669432.0,Trevor_Rogers,0.0,0.0,0.0,0.0,0.0,1.0,1.0,0.0,1.0,8.0,0.027777777777777776,0.0,0.0,0.0,0.0,10.0,2.125,7.580357142857143,3.9451530612244903,1.08,-9.0,36.0,0,1.0,0.8660254037844387,-0.4999999999999998,0.7818314824680298,0.6234898018587336,0.5,0.5,0.5,0.5,0.5,0.5,0.5,0.5,0.5,0.5,synthetic,synthetic,synthetic,synthetic,synthetic,0.0,0.0,0.0,0.0,0.0,-110.0,-110.0,-110.0,-110.0,-110.0,-110.0,-110.0,-110.0,-110.0,-110.0,0.0,0.0,0.0,0.0,0.0,2026-08-07T03:26:40.888653+00:00,-0.2653117346938775,0.047619593841700114,-0.10681993408058155,-0.3342283102696363,-0.15429163227178638,0.4,1.0,0.6,0.2,0.6,0.0,0.0,1.0,0.0,0.0,batter_pitcher_profile_network_v2,0.5,0.25,0.8521831994507905,0.0,0.3114018895168195,-0.0483736111111105,0.3283999326980978,0.0,4.0,0.0,0.0,0.0,0.0,0.2379750000000005,0.22609442191208245,0.0,4.0,0.0,0.0,0.003976628177293133,0.0006362605083669012,0.13481250000000053,0.3460793468763651,0.0,4.0,0.0,0.0,0.003448257163878212,0.00017241285819391062,0.5842722222222224,0.15903593567355034,0.0,4.0,0.0,0.0,0.006867589214548647,0.0001716897303637162,0.47037638888888933,0.3758824814329401,0.0,4.0,0.0,0.0,0.013067466672040926,0.0007840480003224556
2026-04-08,Munetaka_Murakami,808959,hitter,CWS,BAL,2026,824617,16,145,110,1,680694.0,Kyle_Bradish,1.0,1.0,0.0,0.0,0.0,5.0,4.0,1.0,2.0,2.0,0.125,0.316,0.316,0.0,0.0,37.92,4.285714285714286,8.758928571428571,3.669642857142857,1.08,-18.0,58.0,0,1.0,0.8660254037844387,-0.4999999999999998,0.9749279121818236,-0.22252093395631434,0.5,0.5,0.5,0.5,0.5,0.5,0.5,0.5,0.5,0.5,synthetic,synthetic,synthetic,synthetic,synthetic,0.0,0.0,0.0,0.0,0.0,-110.0,-110.0,-110.0,-110.0,-110.0,-110.0,-110.0,-110.0,-110.0,-110.0,0.0,0.0,0.0,0.0,0.0,2026-08-07T03:26:40.888653+00:00,-0.09032314875210418,0.2906634041685421,0.0944997332688382,-0.3357271194265843,0.03859424860388405,0.4,1.0,0.6,0.2,0.6,0.0,0.0,0.0,0.0,0.0,batter_pitcher_profile_network_v2,0.5333333333333333,0.2,0.8095217211436239,0.0,0.3168333844986479,-0.2057751095742258,-0.30891525689223065,0.0,5.0,0.44500147449142763,-0.003227857804518201,-0.0064576779972325225,-0.0006457677997232522,0.11375004269125692,-0.36730505349913245,0.0,5.0,0.41934566880262514,-0.016697841244232903,-0.029291223946611294,-0.004686595831457807,-0.031076780225409772,-0.14838240231990224,0.0,5.0,0.37814493430578194,-0.02017974245928382,-0.02064819176609381,-0.0010324095883046905,0.5372951388888889,-0.35680825862733745,0.0,5.0,0.4173357975469353,-0.03360912552831024,-0.053084777063372536,-0.0013271194265843135,0.34805685763888894,-0.2995415903540903,0.0,5.0,0.35019531713235863,-0.02338695492749238,-0.028131570887648394,-0.0016878942532589035
2026-04-09,Munetaka_Murakami,808959,hitter,CWS,KC,2026,824130,17,145,118,0,607625.0,Seth_Lugo,0.0,0.0,1.0,0.0,0.0,4.0,2.0,2.0,0.0,2.0,0.11428571428571428,0.345,0.345,0.0,0.0,41.4,2.6999999999999997,8.621052631578948,7.280844155844156,1.06,9.0,78.0,0,1.0,0.8660254037844387,-0.4999999999999998,0.43388373911755823,-0.900968867902419,0.5,0.5,0.5,0.5,0.5,0.5,0.5,0.5,0.5,0.5,synthetic,synthetic,synthetic,synthetic,synthetic,0.0,0.0,0.0,0.0,0.0,-110.0,-110.0,-110.0,-110.0,-110.0,-110.0,-110.0,-110.0,-110.0,-110.0,0.0,0.0,0.0,0.0,0.0,2026-08-07T03:26:40.888653+00:00,0.26903093953620505,0.42207498360957374,0.2771033989903048,-0.3423559527224227,0.2147898758977682,0.4,1.0,0.6,0.2,0.6,1.0,1.0,0.0,0.0,0.0,batter_pitcher_profile_network_v2,0.5666666666666667,0.15,0.8337184067528176,0.0,0.32051375760925027,-0.23977217023172911,-0.2730343249427918,0.0,6.0,0.5692710844141178,-0.0006192797115538377,-0.006168617852805313,-0.0006168617852805314,0.09107508912655968,-0.3440957797922901,0.0,6.0,0.5413315536003406,-0.01896895897818674,-0.031406352440164334,-0.005025016390426294,-0.046308489304812905,-0.34183856275303637,0.0,6.0,0.4787876531821267,-0.027284572135073334,-0.02877617603806217,-0.0014388088019031086,0.5140931372549019,-0.4121246259461362,0.0,6.0,0.5296843178927849,-0.042274354600967796,-0.062238108896908166,-0.0015559527224227043,0.3535232843137254,-0.38156612685560043,0.0,6.0,0.4631162651991356,-0.030882379603339415,-0.035872198240659445,-0.0021523318944395666
2026-04-10,Munetaka_Murakami,808959,hitter,CWS,KC,2026,824128,18,145,118,0,663460.0,Kris_Bubic,0.0,0.0,0.0,0.0,0.0,4.0,4.0,0.0,3.0,3.0,0.13333333333333333,0.0,0.0,0.0,0.0,10.0,2.9,9.799999999999999,5.3522727272727275,1.06,-8.0,57.0,0,1.0,0.8660254037844387,-0.4999999999999998,-0.433883739117558,-0.9009688679024191,0.5,0.5,0.5,0.5,0.5,0.5,0.5,0.5,0.5,0.5,synthetic,synthetic,synthetic,synthetic,synthetic,0.0,0.0,0.0,0.0,0.0,-110.0,-110.0,-110.0,-110.0,-110.0,-110.0,-110.0,-110.0,-110.0,-110.0,0.0,0.0,0.0,0.0,0.0,2026-08-07T03:26:40.888653+00:00,-0.21386354973164023,-0.3492305887553835,0.14488145228563787,-0.4826101650004597,-0.37124842498618416,0.2,0.2,0.6,0.0,0.0,0.0,0.0,1.0,0.0,0.0,batter_pitcher_profile_network_v2,0.6,0.3,0.7736438555359866,0.0,0.3765685883090525,-0.16847249779541426,-0.62109763539283,0.0,6.0,0.49370031451349594,0.0007595654138546385,-0.014211254892160187,-0.001421125489216019,0.1401207010582012,-0.5418118802440886,0.0,6.0,0.5090041240900185,-0.01762855481685449,-0.036753679721146654,-0.005880588755383465,0.011688988095238217,-0.3202112573099415,0.0,6.0,0.48136301233146406,-0.029135338322441848,-0.02964368155997267,-0.0014821840779986337,0.4956172839506173,-0.454476353928299,0.0,6.0,0.5236784234920474,-0.041815064694549,-0.07240660001839011,-0.0018101650004597528,0.3681346450617283,-0.4506608187134502,0.0,6.0,0.4566123384324034,-0.029114232306022735,-0.044367689163676186,-0.0026620613498205712
2026-04-11,Munetaka_Murakami,808959,hitter,CWS,KC,2026,824129,19,145,118,0,608379.0,Michael_Wacha,0.0,0.0,0.0,0.0,0.0,4.0,3.0,1.0,2.0,2.0,0.12903225806451613,0.1725,0.1725,0.0,0.0,20.7,1.6285714285714288,7.785714285714286,3.6379870129870135,1.06,-11.0,75.0,0,1.0,0.8660254037844387,-0.4999999999999998,-0.9749279121818236,-0.2225209339563146,0.5,0.5,0.5,0.5,0.5,0.5,0.5,0.5,0.5,0.5,synthetic,synthetic,synthetic,synthetic,synthetic,0.0,0.0,0.0,0.0,0.0,-110.0,-110.0,-110.0,-110.0,-110.0,-110.0,-110.0,-110.0,-110.0,-110.0,0.0,0.0,0.0,0.0,0.0,2026-08-07T03:26:40.888653+00:00,-0.1026870704146296,-0.2744211345717382,-0.10995907577629832,-0.4813820270808251,-0.40825910953631356,0.2,0.2,0.4,0.0,0.0,0.0,0.0,0.0,0.0,0.0,batter_pitcher_profile_network_v2,0.6333333333333333,0.25,0.8412799608347856,0.0,0.3784024678661013,-0.3546839438122336,-0.018209194488606313,0.0,7.0,0.7201483468725962,-0.0033389865451757907,-0.0006492266990134172,-6.492266990134171e-05,-0.013583155523945237,0.10495302256037548,0.0,7.0,0.6785164048181911,-0.01666400157579126,-0.02499600236368689,-0.0039993603781899026,-0.13914784850640133,0.3589500233426704,0.0,7.0,0.6192217163107541,-0.041281431738786595,-0.041281431738786595,-0.00206407158693933,0.43506578947368413,0.28748978726625785,0.0,7.0,0.6320988716641123,-0.0358541570254017,-0.023281083233004794,-0.0005820270808251199,0.26682565789473683,0.3129001867413632,0.0,7.0,0.5822960686909591,-0.025643396065736693,-0.010839927825586662,-0.0006503956695351998
2026-04-12,Munetaka_Murakami,808959,hitter,CWS,KC,2026,824126,20,145,118,0,702070.0,Noah_Cameron,0.0,0.0,1.0,0.0,0.0,5.0,3.0,2.0,1.0,3.0,0.125,0.27599999999999997,0.27599999999999997,0.0,0.0,33.12,3.898642533936652,8.416289592760181,3.6379870129870135,1.06,-12.0,68.0,0,1.0,0.8660254037844387,-0.4999999999999998,-0.7818314824680299,0.6234898018587334,0.5,0.5,0.5,0.5,0.5,0.5,0.5,0.5,0.5,0.5,synthetic,synthetic,synthetic,synthetic,synthetic,0.0,0.0,0.0,0.0,0.0,-110.0,-110.0,-110.0,-110.0,-110.0,-110.0,-110.0,-110.0,-110.0,-110.0,0.0,0.0,0.0,0.0,0.0,2026-08-07T03:26:40.888653+00:00,-0.17274499911852853,-0.23256827594481239,-0.19670416283587,-0.4819577734405237,-0.38229779866309727,0.2,0.2,0.2,0.0,0.0,0.0,0.0,0.0,0.0,0.0,batter_pitcher_profile_network_v2,0.6666666666666666,0.25,0.8164730144549829,0.0,0.3958288472656495,-0.4302697649572652,0.3806190638624638,0.0,8.0,0.7441876310676503,-0.004393834380247943,0.0,0.0,-0.09748076923076933,0.3002071977749996,0.0,8.0,0.7665479994985391,-0.017992816436718448,-0.026989224655077672,-0.004318275944812428,-0.19333493589743603,0.261347132598859,0.0,8.0,0.7825581236892895,-0.05307026970441272,-0.05307026970441272,-0.002653513485220636,0.36026388888888883,0.2142017629923909,0.0,8.0,0.7976252120446607,-0.055752686512944176,-0.046310937620949004,-0.001157773440523725,0.20232638888888882,0.3136206833234967,0.0,8.0,0.7269925324899764,-0.03251040577505295,-0.01661915520746574,-0.0009971493124479444
2026-04-14,Munetaka_Murakami,808959,hitter,CWS,TB,2026,824616,21,145,139,1,663556.0,Shane_McClanahan,1.0,4.0,2.0,1.0,2.0,5.0,3.0,2.0,0.0,3.0,0.12195121951219512,0.696,0.696,1.0,30.0,65.0,2.785714285714286,8.721428571428572,4.2375,1.08,-21.0,77.0,0,2.0,0.8660254037844387,-0.4999999999999998,0.7818314824680298,0.6234898018587336,0.5,0.5,0.5,0.5,0.5,0.5,0.5,0.5,0.5,0.5,synthetic,synthetic,synthetic,synthetic,synthetic,0.0,0.0,0.0,0.0,0.0,-110.0,-110.0,-110.0,-110.0,-110.0,-110.0,-110.0,-110.0,-110.0,-110.0,0.0,0.0,0.0,0.0,0.0,2026-08-07T03:26:40.888653+00:00,-0.12198699968152221,1.1573708350454532,0.328352903277796,-0.15176990797085854,-0.23191190022244318,0.2,0.2,0.4,0.0,0.0,0.0,0.0,1.0,0.0,0.0,batter_pitcher_profile_network_v2,0.7,0.25,0.7737561302278002,0.0,0.4138037185117736,-0.41092614107222536,-0.7811874832064488,0.0,9.0,0.7540587770554553,-0.009081497716735219,-0.05083863793020482,-0.005083863793020483,-0.110246175176898,-0.8129177787729512,0.0,9.0,0.7299964777644313,-0.030745667218892825,-0.06031185413664972,-0.009649896661863956,-0.16994657200229482,-0.48877922077922065,0.0,9.0,0.8032776411051549,-0.04145738894006724,-0.05461266615139586,-0.002730633307569793,0.2991574074074074,-0.8129177787729512,0.0,9.0,0.7156641104370509,-0.05628208674131554,-0.09479631883434209,-0.0023699079708585525,0.17508002645502652,-0.6887792207792207,0.0,9.0,0.7184178525682505,-0.041236551974495626,-0.05002557281307725,-0.003001534368784635
2026-04-15,Munetaka_Murakami,808959,hitter,CWS,TB,2026,824615,22,145,139,1,669947.0,Jesse_Scholtens,1.0,1.0,0.0,0.0,0.0,4.0,2.0,2.0,1.0,2.0,0.10810810810810811,0.5675,0.5675,0.0,0.0,65.0,10.5,4.071428571428571,4.880357142857142,1.08,-14.0,73.0,0,1.0,0.8660254037844387,-0.4999999999999998,0.9749279121818236,-0.22252093395631434,0.5,0.5,0.5,0.5,0.5,0.5,0.5,0.5,0.5,0.5,synthetic,synthetic,synthetic,synthetic,synthetic,0.0,0.0,0.0,0.0,0.0,-110.0,-110.0,-110.0,-110.0,-110.0,-110.0,-110.0,-110.0,-110.0,-110.0,0.0,0.0,0.0,0.0,0.0,2026-08-07T03:26:40.888653+00:00,0.24229510939510956,0.819616929265176,0.6795278420955235,-0.23608473791062085,0.3390202572592568,0.2,0.8,0.8,0.2,0.4,1.0,4.0,2.0,1.0,2.0,batter_pitcher_profile_network_v2,0.7333333333333333,0.0,1.0,0.0,0.36666666666666664,-0.25165656565656613,0.0,0.0,10.0,1.08141862973929,-0.009640388764394983,0.0,0.0,0.0788712121212118,0.0,0.0,10.0,1.0641000901519477,-0.026925519953658387,-0.04038827993048758,-0.006462124788878013,-0.02045454545454578,0.0,0.0,10.0,1.0647073899015198,-0.03162462527100042,-0.03162462527100042,-0.001581231263550021,0.4795934343434343,0.0,0.0,10.0,1.0631562442088807,-0.06738951642483446,-0.06738951642483446,-0.0016847379106208614,0.3524343434343434,0.0,0.0,10.0,1.001802272477246,-0.03072744486079251,-0.02304558364559438,-0.001382735018735663
2026-04-16,Munetaka_Murakami,808959,hitter,CWS,TB,2026,824614,23,145,139,1,571927.0,Steven_Matz,0.0,0.0,0.0,0.0,0.0,4.0,4.0,0.0,3.0,3.0,0.10810810810810811,0.0,0.0,0.0,0.0,10.0,4.1000000000000005,9.4,5.330357142857143,1.08,15.0,66.0,0,1.0,0.8660254037844387,-0.4999999999999998,0.43388373911755823,-0.900968867902419,0.5,0.5,0.5,0.5,0.5,0.5,0.5,0.5,0.5,0.5,synthetic,synthetic,synthetic,synthetic,synthetic,0.0,0.0,0.0,0.0,0.0,-110.0,-110.0,-110.0,-110.0,-110.0,-110.0,-110.0,-110.0,-110.0,-110.0,0.0,0.0,0.0,0.0,0.0,2026-08-07T03:26:40.888653+00:00,0.09544548615352733,0.26838680815621674,-0.027290480431302888,-0.3365896096983231,-0.1303153732654545,0.4,1.0,0.6,0.2,0.4,1.0,1.0,0.0,0.0,0.0,batter_pitcher_profile_network_v2,0.7666666666666667,0.25,0.781948967099216,0.0,0.4468861462159199,-0.18371769323671489,-0.5712276595744681,0.0,10.0,1.0150780197834093,-0.008160810800385797,-0.017543851463440608,-0.0017543851463440608,0.11552355072463773,-0.6038718085106383,0.0,10.0,0.990535992013674,-0.01854706634642361,-0.03948278686148258,-0.0063172458978372125,0.04544836956521739,-0.5576927304964538,0.0,10.0,0.9234141046306329,-0.011253885005729148,-0.01549107580752607,-0.0007745537903763036,0.44379589371980677,-0.5930340425531915,0.0,10.0,0.9821067954713242,-0.04358692506465893,-0.08758438793292218,-0.0021896096983230547,0.39198882850241534,-0.6280872340425531,0.0,10.0,0.8984860291153752,-0.011085824410344062,-0.0494727590574488,-0.002968365543446928
2026-04-17,Munetaka_Murakami,808959,hitter,CWS,ATH,2026,825019,24,145,133,0,650644.0,Aaron_Civale,3.0,6.0,2.0,1.0,4.0,5.0,5.0,0.0,2.0,2.0,0.10869565217391304,0.776,0.776,0.6,30.0,65.0,1.8,6.988235294117647,5.016233766233766,1.08,0.0,72.0,0,1.0,0.8660254037844387,-0.4999999999999998,-0.433883739117558,-0.9009688679024191,0.5,0.5,0.5,0.5,0.5,0.5,0.5,0.5,0.5,0.5,synthetic,synthetic,synthetic,synthetic,synthetic,0.0,0.0,0.0,0.0,0.0,-110.0,-110.0,-110.0,-110.0,-110.0,-110.0,-110.0,-110.0,-110.0,-110.0,0.0,0.0,0.0,0.0,0.0,2026-08-07T03:26:40.888653+00:00,0.0937553603071497,1.197941958266854,0.39366127553209795,-0.10998836105197612,0.08930683531808026,0.4,1.0,0.6,0.2,0.4,0.0,0.0,0.0,0.0,0.0,batter_pitcher_profile_network_v2,0.8,0.3,0.7737347538297981,0.0,0.47656524779675496,-0.3284788773148147,-0.05575316852472884,0.0,11.0,1.2108420702864102,-0.014090483720926153,-0.0033150099863738835,-0.00033150099863738837,-0.015939236111110987,0.17665399634430048,0.0,11.0,1.1042874322841527,-0.027515391279413756,-0.041273086919120634,-0.006603693907059302,-0.0833984374999999,0.0015442825563714568,0.0,11.0,1.1799678947111822,-0.03313869037441726,-0.03313869037441726,-0.001656934518720863,0.37614351851851846,0.3996942505815887,0.0,11.0,0.987002843182442,-0.05074825051163463,-0.02353444207904418,-0.0005883610519761045,0.29058362268518517,0.10303792662416808,0.0,11.0,1.083127632699576,-0.032358279482078485,-0.018848999168830746,-0.0011309399501298447
2026-04-18,Munetaka_Murakami,808959,hitter,CWS,ATH,2026,825020,25,145,133,0,622663.0,Luis_Severino,1.0,4.0,1.0,1.0,1.0,5.0,2.0,3.0,1.0,2.0,0.09803921568627451,0.834,0.834,1.5,30.0,65.0,6.8,14.0,6.203046953046952,1.08,0.0,74.0,0,1.0,0.8660254037844387,-0.4999999999999998,-0.9749279121818236,-0.2225209339563146,0.5,2.5,0.5,0.5,1.5,0.5,2.5,0.5,0.5,1.5,synthetic,synthetic,synthetic,synthetic,synthetic,0.0,0.0,0.0,0.0,0.0,-110.0,-110.0,-110.0,-110.0,-110.0,-110.0,-110.0,-110.0,-110.0,-110.0,0.0,0.0,0.0,0.0,0.0,2026-08-07T03:26:40.888653+00:00,0.6121914938605337,1.8827335363401811,1.0085995485302655,0.35519042524935973,0.3418132757202077,1.0,2.2,1.0,0.4,1.2,3.0,6.0,2.0,1.0,4.0,batter_pitcher_profile_network_v2,0.8333333333333334,0.3,0.8041576313028979,0.0,0.4921138737162852,-0.2524048212321237,-0.10876403765011367,0.0,12.0,1.405650171528098,0.009343709013041242,-0.004480313201678537,-0.00044803132016785376,0.08052160066006568,-0.025143067726928453,0.0,12.0,1.3590075666461694,-0.000926755156516643,-0.0017205449326915987,-0.0002752871892306558,0.009169100660065627,0.4618258547008548,0.0,12.0,1.1625695296551581,-0.011335301023020996,-0.010644217735761291,-0.0005322108867880646,0.4808477777777779,0.07883663312777248,0.0,12.0,1.3167972761475104,-0.02256971897260707,-0.01638299002561115,-0.00040957475064027873,0.4198352777777776,0.3577820512820513,0.0,12.0,1.1611326513626175,0.03768757652245816,0.052780173680022476,0.0031668104208013486
2026-04-19,Munetaka_Murakami,808959,hitter,CWS,ATH,2026,825018,26,145,133,0,605488.0,Jeffrey_Springs,1.0,4.0,1.0,1.0,2.0,5.0,5.0,0.0,2.0,3.0,0.12195121951219512,0.42000000000000004,0.42000000000000004,0.6,30.0,65.0,0.9736842105263158,8.43984962406015,6.108509137920903,1.08,7.0,74.0,0,1.0,0.8660254037844387,-0.4999999999999998,-0.7818314824680299,0.6234898018587334,1.5,2.5,0.5,0.5,1.5,1.5,2.5,0.5,0.5,1.5,synthetic,synthetic,synthetic,synthetic,synthetic,0.0,0.0,0.0,0.0,0.0,-110.0,-110.0,-110.0,-110.0,-110.0,-110.0,-110.0,-110.0,-110.0,-110.0,0.0,0.0,0.0,0.0,0.0,2026-08-07T03:26:40.888653+00:00,-0.22355497987991324,0.8546001769432281,0.656267181666415,0.2683736753436847,-0.10832559642895667,1.2,3.0,1.0,0.6,1.4,1.0,4.0,1.0,1.0,1.0,batter_pitcher_profile_network_v2,0.8666666666666667,0.4,0.7538872294386053,0.0,0.5363928590908417,-0.13672905075794242,-0.538731672932331,0.0,13.0,1.4820028761151456,0.007625715455325281,-0.015711568766690182,-0.0015711568766690184,0.1873006470730526,-0.6016349038263469,0.0,13.0,1.3845968510803253,-0.001561779560410691,-0.026378467275559373,-0.0042205547640895,0.13096010220125767,-0.36286027890788614,0.0,13.0,1.415396148579989,-0.001200281200008744,-0.01133623629992369,-0.0005668118149961845,0.5515363247863246,-0.5831417531414154,0.0,13.0,1.3379823529451698,-0.020451345694932788,-0.08905298625261414,-0.0022263246563153536,0.5315964209401706,-0.49706119214989525,0.0,13.0,1.3239747291785444,0.02702151796353822,-0.03609479118904897,-0.002165687471342938
2026-04-21,Munetaka_Murakami,808959,hitter,CWS,AZ,2026,825099,27,145,109,0,518876.0,Merrill_Kelly,3.0,6.0,2.0,1.0,1.0,6.0,5.0,1.0,0.0,2.0,0.1276595744680851,0.7616666666666667,0.7616666666666667,0.6,30.0,65.0,10.875,3.1875,4.922352647352647,1.08,0.0,89.0,0,2.0,0.8660254037844387,-0.4999999999999998,0.7818314824680298,0.6234898018587336,1.5,2.5,0.5,0.5,1.5,1.5,2.5,0.5,0.5,1.5,synthetic,synthetic,synthetic,synthetic,synthetic,0.0,0.0,0.0,0.0,0.0,-110.0,-110.0,-110.0,-110.0,-110.0,-110.0,-110.0,-110.0,-110.0,-110.0,0.0,0.0,0.0,0.0,0.0,2026-08-07T03:26:40.888653+00:00,0.07157868036219117,1.0283648542575272,0.6752463157969866,0.27419266155112054,0.11003410498854649,1.2,3.0,0.8,0.6,1.4,1.0,4.0,1.0,1.0,2.0,batter_pitcher_profile_network_v2,0.9,0.2,0.8128670574584613,0.0,0.5000847570922677,-0.13079190996552134,1.0,0.0,14.0,0.7025840983304354,0.005225139578843457,0.0,0.0,0.19437157991324636,0.9500000000000002,0.0,14.0,0.7962771846643272,0.019103033263409945,0.059753743364864574,0.009560598938378332,0.1305884009009007,0.8466666666666667,0.0,14.0,1.0851320880923188,-0.0064022338344487855,0.012219058658004524,0.0006109529329002263,0.5961553497942387,0.9000000000000001,0.0,14.0,0.9115688372401601,0.05334261514152958,0.1437064620448193,0.0035926615511204826,0.5516067386831273,0.9033333333333333,0.0,14.0,0.9694536823011195,0.02785681035723302,0.10481355077409862,0.006288813046445917
2026-04-22,Munetaka_Murakami,808959,hitter,CWS,AZ,2026,825097,28,145,109,0,593958.0,Eduardo_Rodriguez,3.0,6.0,1.0,1.0,2.0,5.0,5.0,0.0,1.0,3.0,0.11904761904761904,0.776,0.776,0.6,30.0,65.0,2.9,4.585714285714286,5.748883259597546,1.08,0.0,82.0,0,1.0,0.8660254037844387,-0.4999999999999998,0.9749279121818236,-0.22252093395631434,1.5,3.5,1.5,0.5,1.5,1.5,3.5,1.5,0.5,1.5,synthetic,synthetic,synthetic,synthetic,synthetic,0.0,0.0,0.0,0.0,0.0,-110.0,-110.0,-110.0,-110.0,-110.0,-110.0,-110.0,-110.0,-110.0,-110.0,0.0,0.0,0.0,0.0,0.0,2026-08-07T03:26:40.888653+00:00,0.5414028656870409,0.9210852142465367,0.0993658308335168,0.4116654819057589,0.11823266985592906,1.6,4.0,1.2,0.8,1.6,3.0,6.0,2.0,1.0,1.0,batter_pitcher_profile_network_v2,0.9333333333333333,0.25,0.8242860794476874,0.0,0.5289229054835812,0.002401003510377916,-0.002126769626769706,0.0,15.0,1.7986039783564887,0.013177738470739775,-8.374447993549615e-07,-8.374447993549616e-08,0.29622599969474933,-0.07244546332046331,0.0,15.0,1.7879343725306374,0.024159706275520186,0.03272008904085509,0.005235214246536815,0.26061364850427315,0.04650595238095254,0.0,15.0,1.7918110596656875,0.005445667111475417,0.00743335707278912,0.000371667853639456,0.6375873015873014,-0.07408236808236801,0.0,15.0,1.767908157054158,0.0503656323865511,0.042619276230356426,0.0010654819057589106,0.630894593253968,-0.05411904761904749,0.0,15.0,1.7152853228433358,0.07387727504165274,0.04980844793419898,0.0029885068760519386
2026-04-23,Munetaka_Murakami,808959,hitter,CWS,AZ,2026,825096,29,145,109,0,647336.0,Michael_Soroka,1.0,1.0,0.0,0.0,0.0,5.0,5.0,0.0,3.0,2.0,0.1282051282051282,0.178,0.178,0.0,0.0,21.36,3.5747899159663863,9.236974789915967,3.33816897388326,1.08,0.0,72.0,0,1.0,0.8660254037844387,-0.4999999999999998,0.43388373911755823,-0.900968867902419,2.5,5.5,1.5,0.5,1.5,2.5,5.5,1.5,0.5,1.5,synthetic,synthetic,synthetic,synthetic,synthetic,0.0,0.0,0.0,0.0,0.0,-110.0,-110.0,-110.0,-110.0,-110.0,-110.0,-110.0,-110.0,-110.0,-110.0,0.0,0.0,0.0,0.0,0.0,2026-08-07T03:26:40.888653+00:00,-0.4110278621002341,-1.3182231809818523,-0.3366562048854358,0.32554526990467925,0.258724522734592,2.2,5.2,1.4,1.0,2.0,3.0,6.0,1.0,1.0,2.0,batter_pitcher_profile_network_v2,0.9666666666666667,0.35,0.7912175269896291,1.0,0.590659881863653,0.08765183170026981,0.028370410233058876,0.019157088122605363,16.0,1.930674239205846,0.02648528000491068,0.017659133120284196,0.0017659133120284196,0.36563027605049914,0.06927923065778047,-0.07151979565772669,16.0,1.8813970443033792,0.04357271911119214,0.006417618863422847,0.0010268190181476555,0.34941404041831525,0.3814233538242884,0.05363984674329503,16.0,1.776155654467369,0.00999947842712618,0.08493769763879414,0.004246884881939707,0.676161877394636,0.10602492031295287,-0.1111111111111111,16.0,1.8622505058876504,0.08285418419555188,-0.0021892038128279584,-5.4730095320698965e-05,0.7022215038314175,0.38740754922658727,-0.1111111111111111,16.0,1.6659473768532678,0.0738502245155014,0.010780721186634229,0.0006468432711980537
2026-04-24,Munetaka_Murakami,808959,hitter,CWS,WSH,2026,824611,30,145,120,1,676571.0,PJ_Poulin,1.0,4.0,1.0,1.0,1.0,4.0,3.0,1.0,1.0,3.0,0.1111111111111111,0.6975,0.6975,1.0,30.0,65.0,18.0,3.0,3.9964285714285714,1.08,9.0,72.0,0,1.0,0.8660254037844387,-0.4999999999999998,-0.433883739117558,-0.9009688679024191,1.5,4.5,0.5,0.5,1.5,1.5,4.5,0.5,0.5,1.5,synthetic,synthetic,synthetic,synthetic,synthetic,0.0,0.0,0.0,0.0,0.0,-110.0,-110.0,-110.0,-110.0,-110.0,-110.0,-110.0,-110.0,-110.0,-110.0,0.0,0.0,0.0,0.0,0.0,2026-08-07T03:26:40.888653+00:00,0.34824745405421154,-0.2127481386383252,0.5492648752945697,0.4139891047802068,-0.4347118140338242,1.8,4.2,1.0,0.8,1.2,1.0,1.0,0.0,0.0,0.0,batter_pitcher_profile_network_v2,1.0,0.2,0.7868750000000001,0.0,0.5507215625,0.004624746646252245,-0.09829870129870144,0.0,17.0,2.187887634928295,0.025239362617139143,-9.688802931517693e-05,-9.688802931517694e-06,0.30405322615922986,0.19833603896103888,0.0,17.0,2.008243130763943,0.038904738882328774,0.0712095501771329,0.011393528028341265,0.2806872539370077,-0.2570892857142857,0.0,17.0,2.0341550668082315,-0.0032516062886131535,-0.01863106553717905,-0.0009315532768589525,0.6522518518518517,0.4818181818181818,0.0,17.0,1.7628501555902767,0.06858607917123491,0.1355641912082719,0.0033891047802067976,0.6654219907407406,-0.11378571428571424,0.0,17.0,2.0327893303910347,0.07818450879005437,0.04250151213467249,0.002550090728080349
2026-04-25,Munetaka_Murakami,808959,hitter,CWS,WSH,2026,824613,31,145,120,1,663623.0,Jake_Irvin,0.0,0.0,0.0,0.0,0.0,5.0,5.0,0.0,3.0,2.0,0.11363636363636363,0.0,0.0,0.0,0.0,10.0,4.800000000000001,8.4,4.294172932330828,1.08,13.0,49.0,0,1.0,0.8660254037844387,-0.4999999999999998,-0.9749279121818236,-0.2225209339563146,1.5,4.5,0.5,0.5,1.5,1.5,4.5,0.5,0.5,1.5,synthetic,synthetic,synthetic,synthetic,synthetic,0.0,0.0,0.0,0.0,0.0,-110.0,-110.0,-110.0,-110.0,-110.0,-110.0,-110.0,-110.0,-110.0,-110.0,0.0,0.0,0.0,0.0,0.0,2026-08-07T03:26:40.888653+00:00,-0.013455238119806756,-1.3044207444064977,0.33539324788767566,0.1885586685296523,-0.4632230340125225,1.8,4.2,1.0,0.8,1.2,1.0,4.0,1.0,1.0,1.0,batter_pitcher_profile_network_v2,1.0,0.35,0.643079340544537,0.0,0.594927973274153,0.00025343759113423403,-0.10428055964653901,0.0,18.0,2.3103259504558147,0.026304052031365995,-9.432918279891333e-06,-9.432918279891333e-07,0.30593068678915125,-0.007892304860088364,0.0,18.0,2.242730563266663,0.04573429996499477,0.06773966564120575,0.010838346502592919,0.31417929790026244,0.14560119047619058,0.0,18.0,2.219558334389227,-0.0012716308776258437,0.015055661786320205,0.0007527830893160102,0.6522518518518517,0.12737555228276876,0.0,18.0,2.171933014858703,0.08869343734412187,0.11834674118609348,0.002958668529652337,0.7030782407407407,0.13188095238095246,0.0,18.0,2.132047481253976,0.07658396539808986,0.09053259557620719,0.005431955734572431
2026-04-26,Munetaka_Murakami,808959,hitter,CWS,WSH,2026,824612,32,145,120,1,656492.0,Foster_Griffin,0.0,0.0,0.0,0.0,0.0,4.0,4.0,0.0,2.0,3.0,0.10526315789473684,0.0,0.0,0.0,0.0,10.0,3.75,6.0,4.405436668594564,1.08,0.0,55.0,0,1.0,0.8660254037844387,-0.4999999999999998,-0.7818314824680299,0.6234898018587334,1.5,3.5,0.5,0.5,0.5,1.5,3.5,0.5,0.5,0.5,synthetic,synthetic,synthetic,synthetic,synthetic,0.0,0.0,0.0,0.0,0.0,-110.0,-110.0,-110.0,-110.0,-110.0,-110.0,-110.0,-110.0,-110.0,-110.0,0.0,0.0,0.0,0.0,0.0,2026-08-07T03:26:40.888653+00:00,-0.1496415685238639,-1.3744491056265633,0.050636054841656675,-0.05343606287193492,0.096138530470393,1.6,3.4,0.8,0.6,0.8,0.0,0.0,0.0,0.0,0.0,batter_pitcher_profile_network_v2,1.0,0.4,0.7049200618962772,0.0,0.6054589169670824,-0.12079965277777811,-0.0923567370129871,0.0,19.0,2.5454116880861815,0.018367183934721032,-0.003292107062428136,-0.0003292107062428136,0.2131020833333331,-0.04471063311688319,0.0,19.0,2.4889982546719303,0.026680691947310733,0.03720953720239805,0.005953525952383688,0.20705208333333308,-0.16843817640692638,0.0,19.0,2.4221424810687706,-0.010056097604745509,-0.020347150708797317,-0.0010173575354398658,0.6384,-0.006845373376623429,0.0,19.0,2.4434663761864712,0.039847009936293414,0.038557485122603666,0.0009639371280650917,0.631622222222222,-0.15185538419913414,0.0,19.0,2.3665901737861783,0.06167517904100163,0.017953722607570683,0.0010772233564542409
2026-04-27,Munetaka_Murakami,808959,hitter,CWS,LAA,2026,824609,33,145,108,1,686799.0,Jack_Kochanowicz,2.0,5.0,1.0,1.0,3.0,4.0,4.0,0.0,0.0,2.0,0.1111111111111111,0.7475,0.7475,0.75,30.0,65.0,2.3079831932773107,4.086554621848739,6.984065934065934,1.08,0.0,61.0,0,1.0,0.8660254037844387,-0.4999999999999998,0.0,1.0,0.5,2.5,0.5,0.5,0.5,0.5,2.5,0.5,0.5,0.5,synthetic,synthetic,synthetic,synthetic,synthetic,0.0,0.0,0.0,0.0,0.0,-110.0,-110.0,-110.0,-110.0,-110.0,-110.0,-110.0,-110.0,-110.0,-110.0,0.0,0.0,0.0,0.0,0.0,2026-08-07T03:26:40.888653+00:00,0.6762140631638935,0.11627264060476916,0.3509931407768765,0.0667759436454326,0.3176148513683026,1.0,2.2,0.4,0.4,0.6,0.0,0.0,0.0,0.0,0.0,batter_pitcher_profile_network_v2,1.0,0.4,0.7457365275371513,0.0,0.6034589101506795,-0.18872962962963008,-0.3933373137503338,0.0,20.0,2.701206732435402,0.004189461041188065,-0.018875097729734672,-0.0018875097729734672,0.16111944444444412,-0.3647339393628848,0.0,20.0,2.6309383147359973,0.0012709326245117227,-0.013035579553528475,-0.002085692728564556,0.14163541666666635,-0.21856998556998547,0.0,20.0,2.648641364509441,-0.033831820397080714,-0.041703118528404824,-0.0020851559264202413,0.6322148148148147,-0.25327560602955146,0.0,20.0,2.6216375683337283,-0.01224841981029109,-0.05296225418269973,-0.0013240563545674933,0.59048912037037,-0.35682124819624816,0.0,20.0,2.487302267685098,0.037983834504016344,-0.025085200027679583,-0.0015051120016607749
2026-04-28,Munetaka_Murakami,808959,hitter,CWS,LAA,2026,824610,34,145,108,1,667755.0,José_Soriano,1.0,1.0,1.0,0.0,0.0,5.0,5.0,0.0,4.0,2.0,0.13157894736842105,0.178,0.178,0.0,0.0,21.36,0.0,10.921008403361343,10.198351648351649,1.08,2.0,64.0,0,1.0,0.8660254037844387,-0.4999999999999998,0.7818314824680298,0.6234898018587336,0.5,1.5,0.5,0.5,0.5,0.5,1.5,0.5,0.5,0.5,synthetic,real,real,real,synthetic,0.0,9.0,7.0,8.0,0.0,-110.0,29.0,110.57142857142857,343.375,-110.0,-110.0,-43.666666666666664,-148.0,0.0,-110.0,0.0,0.5270462766947299,0.0,0.0,0.0,2026-04-28T17:23:11.163256+00:00,0.6522743058376061,0.5451654202846323,0.3603711638910708,-0.10046671817120228,0.9366609933898871,0.8,2.0,0.4,0.4,0.8,2.0,5.0,1.0,1.0,3.0,batter_pitcher_profile_network_v2,1.0,0.4,0.541159049789975,0.0,0.6134832065602912,-0.020740557708871947,-0.8025182443415322,0.0,21.0,2.3207870633898118,0.005262538191100143,-0.0076372589330518485,-0.0007637258933051849,0.29557357881136925,-0.8219628223388223,0.0,21.0,2.1808081361550156,0.01069713071592141,-0.09542993901052213,-0.01526879024168354,0.31169718992248047,-0.6585905133011287,0.0,21.0,2.2840286798505556,-0.025526601236267852,-0.11971784421443947,-0.005985892210721974,0.6963351851851851,-0.8120825828178643,0.0,21.0,2.0623526668742334,0.016797422552847996,-0.24266872684809115,-0.006066718171202279,0.7223699074074073,-0.7829617707861586,0.0,21.0,2.1071906502389073,0.07061034644166858,-0.20655718554930702,-0.01239343113295842
2026-04-29,Munetaka_Murakami,808959,hitter,CWS,LAA,2026,824608,35,145,108,1,579328.0,Yusei_Kikuchi,0.0,0.0,0.0,0.0,0.0,5.0,2.0,3.0,1.0,3.0,0.12195121951219512,0.414,0.414,0.0,0.0,49.68,6.6000000000000005,9.700000000000001,10.626923076923077,1.08,12.0,51.0,0,1.0,0.8660254037844387,-0.4999999999999998,0.9749279121818236,-0.22252093395631434,0.5,1.5,0.5,0.5,0.5,0.5,1.5,0.5,0.5,0.5,synthetic,real,real,synthetic,synthetic,0.0,9.0,6.0,0.0,0.0,-110.0,0.0,0.0,-110.0,-110.0,-110.0,0.0,0.0,-110.0,-110.0,0.0,0.5270462766947299,0.408248290463863,0.0,0.0,2026-04-30T03:22:26.750124+00:00,0.5164118824265165,0.09884280809194546,0.6229383588601072,-0.19444706254097038,0.5550593919773466,0.8,2.0,0.6,0.4,0.8,1.0,1.0,1.0,0.0,0.0,batter_pitcher_profile_network_v2,1.0,0.35,0.7221038814730023,0.0,0.591539796081845,-0.12694247596833447,0.15388698489777913,0.0,22.0,2.963951100430282,0.012876685543071096,0.0,0.0,0.22313526293469071,0.08166198401836378,0.0,22.0,3.048691602635711,0.007966164344680643,0.017012977403926224,0.002722076384628196,0.23774220737913543,0.36015738522129515,0.0,22.0,2.822637089853192,-0.034121378688519347,-0.01032663142825338,-0.000516331571412669,0.694024074074074,0.028372510334153285,0.0,22.0,3.087612139501531,-0.007354611136853135,-0.001882501638814581,-4.706254097036453e-05,0.7124754629629634,0.3139731746949793,0.0,22.0,2.7450302371745816,0.030415835071940584,0.08497673308085196,0.0050986039848511175
2026-05-01,Munetaka_Murakami,808959,hitter,CWS,SD,2026,823309,36,145,135,0,608566.0,Germán_Márquez,1.0,4.0,1.0,1.0,3.0,5.0,3.0,2.0,0.0,2.0,0.125,0.696,0.696,1.0,30.0,65.0,4.3999999999999995,6.647058823529412,11.101648351648352,1.08,0.0,66.0,0,2.0,0.49999999999999994,-0.8660254037844387,-0.433883739117558,-0.9009688679024191,0.5,1.5,0.5,0.5,0.5,0.5,1.5,0.5,0.5,0.5,synthetic,real,real,real,synthetic,0.0,8.0,8.0,8.0,0.0,-110.0,53.25,-32.625,273.25,-110.0,-110.0,-70.16666666666667,-124.83333333333333,0.0,-110.0,0.0,0.46291004988627577,0.0,0.0,0.0,2026-05-02T00:15:33.012287+00:00,0.48652965955613015,0.7969224322210384,0.5472466937986862,-0.005517288184625102,0.5326705296809346,0.6,1.2,0.4,0.2,0.6,0.0,0.0,0.0,0.0,0.0,batter_pitcher_profile_network_v2,1.0,0.5,0.6995748600343406,0.0,0.6321510398228967,-0.20469861111111104,0.3126586793703718,0.0,23.0,2.9136600954930296,0.007804591750340128,0.0,0.0,0.15815833333333343,0.44416407860732504,0.0,23.0,2.693100863241634,0.013315573948670837,0.04107770138148962,0.006572432221038339,0.14852083333333344,0.525072029090966,0.0,23.0,2.760281663922914,-0.04114287044342489,-0.017714475674628336,-0.0008857237837314168,0.6446000000000001,0.5993840506743643,0.0,23.0,2.470998816429485,0.03923532656043609,0.15530847261499353,0.0038827118153748385,0.640301388888889,0.5781248689419902,0.0,23.0,2.525311065620206,0.002567438471097137,0.11313520164194904,0.006788112098516942
2026-05-02,Munetaka_Murakami,808959,hitter,CWS,SD,2026,823308,37,145,135,0,650633.0,Michael_King,0.0,0.0,0.0,0.0,0.0,4.0,4.0,0.0,2.0,2.0,0.11764705882352941,0.0,0.0,0.0,0.0,10.0,1.5,10.1,10.45879120879121,1.08,0.0,66.0,0,1.0,0.49999999999999994,-0.8660254037844387,-0.9749279121818236,-0.2225209339563146,0.5,1.0,0.5,0.5,1.5,0.5,1.5,0.5,0.5,1.5,synthetic,real,real,real,synthetic,0.0,8.0,7.0,8.0,0.0,-110.0,-5.875,105.42857142857143,277.375,-110.0,-110.0,10.4,-139.4,0.0,-110.0,0.0,0.5345224838248488,0.0,0.0,0.0,2026-05-02T16:59:46.553036+00:00,0.5533594914889035,0.8392086961620913,0.3924172634462466,-0.0870447986385865,0.17591983853539528,0.8,2.0,0.6,0.4,1.2,1.0,4.0,1.0,1.0,3.0,batter_pitcher_profile_network_v2,1.0,0.5,0.631942575241415,0.0,0.6362935172664633,-0.17996435359231427,0.1766441652223682,0.0,24.0,3.472907595135432,0.010334551502813098,0.0,0.0,0.17460617167919792,0.39698766602052254,0.0,24.0,3.1129161098997686,0.04169214888165755,0.08805067454248255,0.01408810792679721,0.1690415883458646,0.5834155790288142,0.0,24.0,2.968834813496115,-0.02645019611609418,0.009848177780782352,0.0004924088890391176,0.6446000000000001,0.6679011275589841,0.0,24.0,2.644724878103186,0.1357486348373903,0.29420805445654036,0.007355201361413509,0.642582638888889,0.5778226303108654,0.0,24.0,2.8509997186545797,0.07617289596499002,0.1937889486560693,0.011627336919364158
2026-05-03,Munetaka_Murakami,808959,hitter,CWS,SD,2026,823307,38,145,135,0,656288.0,Griffin_Canning,0.0,0.0,0.0,0.0,0.0,4.0,4.0,0.0,2.0,2.0,0.11428571428571428,0.0,0.0,0.0,0.0,10.0,4.1,8.2,9.815934065934067,1.08,0.0,66.0,0,1.0,0.49999999999999994,-0.8660254037844387,-0.7818314824680299,0.6234898018587334,0.5,1.5,0.5,0.5,1.5,0.5,1.5,0.5,0.5,1.5,synthetic,synthetic,synthetic,synthetic,synthetic,0.0,0.0,0.0,0.0,0.0,-110.0,-110.0,-110.0,-110.0,-110.0,-110.0,-110.0,-110.0,-110.0,-110.0,0.0,0.0,0.0,0.0,0.0,2026-08-07T03:26:40.888653+00:00,0.47770402930402933,-0.2321398790241358,0.2148108057341478,-0.1923700773237051,-0.3486979426198442,0.8,2.0,0.6,0.4,1.2,0.0,0.0,0.0,0.0,0.0,batter_pitcher_profile_network_v2,1.0,0.0,1.0,0.0,0.5,-0.26291273148148125,0.0,0.0,25.0,4.001387236512793,0.00011528146472272989,0.0,0.0,0.10210972222222241,0.0,0.0,25.0,3.911675748417701,0.026708837399434318,0.04006325609915148,0.006410120975864237,0.0769479166666669,0.0,0.0,25.0,3.8748325634610037,-0.014717951251110502,-0.014717951251110502,-0.0007358975625555252,0.5804796296296297,0.0,0.0,25.0,3.7910090575469444,0.08119690705179664,0.08119690705179664,0.002029922676294916,0.5408372685185185,0.0,0.0,25.0,3.7418896581232874,0.06900786852116285,0.05175590139087213,0.003105354083452328
2026-05-04,Munetaka_Murakami,808959,hitter,CWS,LAA,2026,824039,39,145,108,0,667755.0,José_Soriano,3.0,7.0,3.0,1.0,2.0,5.0,4.0,1.0,0.0,2.0,0.1111111111111111,0.99,0.99,1.0,30.0,65.0,1.8,10.23529411764706,8.936688311688311,1.08,9.0,64.0,0,1.0,0.49999999999999994,-0.8660254037844387,0.0,1.0,0.5,0.5,0.5,0.5,0.5,0.5,0.5,0.5,0.5,0.5,synthetic,synthetic,synthetic,synthetic,synthetic,0.0,0.0,0.0,0.0,0.0,-110.0,-110.0,-110.0,-110.0,-110.0,-110.0,-110.0,-110.0,-110.0,-110.0,0.0,0.0,0.0,0.0,0.0,2026-08-07T03:26:40.888653+00:00,0.04627345717780973,1.7814405214556444,0.587641097277827,-0.013046893361268186,0.479494397566703,0.4,1.0,0.4,0.2,0.6,0.0,0.0,0.0,0.0,0.0,batter_pitcher_profile_network_v2,1.0,0.45,0.587641145010853,1.0,0.6438562818812767,-0.3312464111535199,-0.7726703769226989,0.025925925925925918,24.0,2.7527928297152098,0.004735643937665796,-0.08496036074036482,-0.008496036074036482,0.05125887404580165,-0.6929335348174357,-0.05679012345679012,24.0,2.7794091836385775,0.03130677684937693,-0.012767574235554809,-0.0020428118776887696,0.02229429071246844,-0.5459418562746735,0.08888888888888889,24.0,2.823626181768052,0.005590784183661688,0.07113363386822857,0.003556681693411429,0.5762722222222223,-0.5850387979753303,-0.1111111111111111,24.0,2.810950505977954,0.08134987890788793,-0.14587573445072843,-0.003646893361268211,0.513171527777778,-0.6576962422395858,-0.1111111111111111,24.0,2.5989877324434776,0.08079980168641167,-0.16677807807298817,-0.01000668468437929
2026-05-05,Munetaka_Murakami,808959,hitter,CWS,LAA,2026,824040,40,145,108,0,691951.0,Sam_Aldegheri,1.0,1.0,0.0,0.0,0.0,2.0,2.0,0.0,1.0,8.0,0.04878048780487805,0.445,0.445,0.0,0.0,53.4,5.4,10.8,7.265259740259741,1.08,0.0,64.0,0,1.0,0.49999999999999994,-0.8660254037844387,0.7818314824680298,0.6234898018587336,0.5,2.5,0.5,0.5,0.5,0.5,2.5,0.5,0.5,0.5,synthetic,synthetic,synthetic,synthetic,synthetic,0.0,0.0,0.0,0.0,0.0,-110.0,-110.0,-110.0,-110.0,-110.0,-110.0,-110.0,-110.0,-110.0,-110.0,0.0,0.0,0.0,0.0,0.0,2026-08-07T03:26:40.888653+00:00,0.5600510400168939,0.0043856952367509194,0.7393781046368955,-0.09216992760056408,0.7649527855142897,0.8,2.2,0.8,0.4,1.0,3.0,7.0,3.0,1.0,2.0,batter_pitcher_profile_network_v2,1.0,0.0,1.0,0.0,0.5,-0.13855711279461266,0.0,0.0,26.0,4.1883066622274425,0.016892265729946062,0.0,0.0,0.20221994949494962,0.0,0.0,26.0,4.119056303704647,0.04257251064093143,0.06385876596139714,0.010217402553823543,0.21058522727272747,0.0,0.0,26.0,4.118651549808907,0.02303405979524352,0.02303405979524352,0.001151702989762176,0.6342074074074073,0.0,0.0,26.0,4.0254306811574825,0.08920289597743515,0.08920289597743515,0.002230072399435879,0.6392837962962962,0.0,0.0,26.0,3.9582315553357965,0.08497655206146422,0.06373241404609817,0.0038239448427658898
2026-05-06,Munetaka_Murakami,808959,hitter,CWS,LAA,2026,824036,41,145,108,0,700712.0,Walbert_Ureña,0.0,0.0,0.0,0.0,0.0,4.0,4.0,0.0,4.0,2.0,0.1111111111111111,0.0,0.0,0.0,0.0,10.0,4.872727272727273,8.854545454545454,4.308116883116883,1.08,8.0,74.0,0,1.0,0.49999999999999994,-0.8660254037844387,0.9749279121818236,-0.22252093395631434,0.5,2.5,0.5,0.5,0.5,0.5,2.5,0.5,0.5,0.5,synthetic,synthetic,synthetic,synthetic,synthetic,0.0,0.0,0.0,0.0,0.0,-110.0,-110.0,-110.0,-110.0,-110.0,-110.0,-110.0,-110.0,-110.0,-110.0,0.0,0.0,0.0,0.0,0.0,2026-08-07T03:26:40.888653+00:00,0.5330718395060581,-0.8451833231450252,0.06534994884923628,-0.1937512933029435,0.23570524214189292,1.0,2.4,0.8,0.4,1.0,1.0,1.0,0.0,0.0,0.0,batter_pitcher_profile_network_v2,1.0,0.2,0.8028751301394719,0.0,0.5503295593115829,-0.03828637263217409,-0.34303656224609563,0.0,26.0,4.1737369103487625,0.020684444043734644,-0.002588964246779929,-0.0002588964246779929,0.2827677268871926,-0.4075776947729531,0.0,26.0,3.9302516268322907,0.05195133496021654,0.055208397010258814,0.008833343521641411,0.28188994910941473,-0.015636562998405004,0.0,26.0,4.117014144095447,0.024750978887687906,0.02388209386784217,0.0011941046933921086,0.6502814814814816,-0.4485316421413741,0.0,26.0,3.6638511465006314,0.08344403758821047,0.02594826788226045,0.0006487066970565112,0.7052537037037038,-0.17481419457735245,0.0,26.0,3.911980965188452,0.0909094091809334,0.0438788553230341,0.002632731319382046
2026-05-08,Munetaka_Murakami,808959,hitter,CWS,SEA,2026,824607,42,145,136,1,676106.0,Emerson_Hancock,1.0,4.0,2.0,1.0,1.0,5.0,4.0,1.0,2.0,2.0,0.125,0.558,0.558,0.75,30.0,65.0,3.228571428571429,9.799999999999999,2.314285714285714,1.08,0.0,58.0,0,2.0,0.49999999999999994,-0.8660254037844387,-0.433883739117558,-0.9009688679024191,0.5,1.5,0.5,0.5,0.5,0.5,1.5,0.5,0.5,0.5,synthetic,synthetic,synthetic,synthetic,synthetic,0.0,0.0,0.0,0.0,0.0,-110.0,-110.0,-110.0,-110.0,-110.0,-110.0,-110.0,-110.0,-110.0,-110.0,0.0,0.0,0.0,0.0,0.0,2026-08-07T03:26:40.888653+00:00,0.0751954862237969,0.684178742070265,0.16216355612871758,-0.07043765258628998,-0.08973218303353814,0.8,1.6,0.6,0.2,0.4,0.0,0.0,0.0,0.0,0.0,batter_pitcher_profile_network_v2,1.0,0.45,0.666932270375027,0.0,0.6207353585955766,-0.1616511396011399,-0.15959570272843465,0.0,27.0,4.3762600821962385,0.01649526346772572,-0.008592756809650694,-0.0008592756809650694,0.1908850427350426,-0.08611540458318809,0.0,27.0,4.254598500185837,0.03668643520144389,0.04955463793915216,0.007928742070264345,0.18217948717948698,-0.2841528100097687,0.0,27.0,4.024417338792562,0.043227263233810126,0.025985408288638264,0.0012992704144319132,0.6399407407407408,-0.06314504375844579,0.0,27.0,4.130292130568199,0.07195285910424808,0.058493896548399454,0.0014623474137099865,0.6513296296296296,-0.18263004368674468,0.0,27.0,4.026748865367225,0.07845961722655903,0.019225520869601685,0.0011535312521761011
2026-05-09,Munetaka_Murakami,808959,hitter,CWS,SEA,2026,824606,43,145,136,1,622491.0,Luis_Castillo,0.0,0.0,0.0,0.0,0.0,4.0,4.0,0.0,2.0,2.0,0.10810810810810811,0.0,0.0,0.0,0.0,10.0,7.3999999999999995,7.900000000000001,3.2142857142857144,1.08,16.0,74.0,0,1.0,0.49999999999999994,-0.8660254037844387,-0.9749279121818236,-0.2225209339563146,0.5,2.5,0.5,0.5,0.5,0.5,2.5,0.5,0.5,0.5,synthetic,synthetic,synthetic,synthetic,synthetic,0.0,0.0,0.0,0.0,0.0,-110.0,-110.0,-110.0,-110.0,-110.0,-110.0,-110.0,-110.0,-110.0,-110.0,0.0,0.0,0.0,0.0,0.0,2026-08-07T03:26:40.888653+00:00,0.5328903474903477,-0.4211208043520034,0.4145860010352119,-0.0883061349470724,0.07589529558924102,1.0,2.4,1.0,0.4,0.6,1.0,4.0,2.0,1.0,1.0,batter_pitcher_profile_network_v2,1.0,0.55,0.5913403639115677,0.0,0.6526584429814581,-0.17577580930166814,0.5792835743801652,0.0,28.0,3.2342675962345218,0.004180954981819298,0.0,0.0,0.18238526293469046,0.47689518152302235,0.0,28.0,3.669537887529576,0.0436999801662065,0.10109463496214108,0.016175141593942573,0.17574220737913496,0.5441705406336088,0.0,28.0,3.753791369837059,-0.02097166402337311,0.01810998209419888,0.0009054991047099441,0.6399407407407408,0.3582567886658795,0.0,28.0,4.028151469074426,0.15006402108948125,0.24375460211710387,0.006093865052927597,0.6561421296296298,0.5976006001574183,0.0,28.0,3.477750450071551,0.07625511402337831,0.21743124566366595,0.013045874739819956
2026-05-10,Munetaka_Murakami,808959,hitter,CWS,SEA,2026,824605,44,145,136,1,669302.0,Logan_Gilbert,1.0,1.0,0.0,0.0,0.0,4.0,3.0,1.0,1.0,2.0,0.12903225806451613,0.395,0.395,0.0,0.0,47.400000000000006,4.8500000000000005,6.6499999999999995,3.4285714285714284,1.08,-3.0,57.0,0,1.0,0.49999999999999994,-0.8660254037844387,-0.7818314824680299,0.6234898018587334,0.5,2.5,0.5,0.5,0.5,0.5,2.5,0.5,0.5,0.5,synthetic,synthetic,synthetic,synthetic,synthetic,0.0,0.0,0.0,0.0,0.0,-110.0,-110.0,-110.0,-110.0,-110.0,-110.0,-110.0,-110.0,-110.0,-110.0,0.0,0.0,0.0,0.0,0.0,2026-08-07T03:26:40.888653+00:00,0.41538694316436253,-0.789465482864226,0.3894062187664131,-0.19117662343225494,0.06159007424793017,1.0,2.4,1.0,0.4,0.6,0.0,0.0,0.0,0.0,0.0,batter_pitcher_profile_network_v2,1.0,0.55,0.6260120104011033,0.0,0.6503224407992256,-0.21047708333333326,0.07787529153433893,0.0,29.0,4.802437570086426,-0.0038328857797460883,0.0,0.0,0.15412916666666676,0.13401954786479892,0.0,29.0,4.736020968249453,0.02498023650610428,0.04519557080826553,0.007231291329322485,0.14384375000000002,0.02628972901189068,0.0,29.0,4.818839967245267,0.026525765610093233,0.027940043531027043,0.0013970021765513521,0.6359777777777779,0.1523192203538819,0.0,29.0,4.7017360187474795,0.0927062330887556,0.12893506270980343,0.0032233765677450858,0.6295229166666667,0.0912760827236811,0.0,29.0,4.634376712245544,0.08067105966813368,0.08199278892479579,0.0049195673354877475
2026-05-12,Munetaka_Murakami,808959,hitter,CWS,KC,2026,824604,45,145,118,1,663568.0,Stephen_Kolek,0.0,0.0,0.0,0.0,0.0,4.0,3.0,1.0,3.0,2.0,0.1111111111111111,0.1725,0.1725,0.0,0.0,20.7,4.5,4.5,3.085714285714286,1.08,13.0,68.0,0,2.0,0.49999999999999994,-0.8660254037844387,0.7818314824680298,0.6234898018587336,0.5,1.5,0.5,0.5,0.5,0.5,1.5,0.5,0.5,0.5,synthetic,synthetic,synthetic,synthetic,synthetic,0.0,0.0,0.0,0.0,0.0,-110.0,-110.0,-110.0,-110.0,-110.0,-110.0,-110.0,-110.0,-110.0,-110.0,0.0,0.0,0.0,0.0,0.0,2026-08-07T03:26:40.888653+00:00,0.40216190476190483,-0.520315564518849,-0.15613613266357051,-0.3330438681991066,-0.317869062394433,0.6,1.2,0.4,0.2,0.2,1.0,1.0,0.0,0.0,0.0,batter_pitcher_profile_network_v2,1.0,0.05,0.9425,0.0,0.5117271875,-0.16814027777777762,0.06334090909090909,0.0,30.0,5.196795037808897,-0.009557243647874273,0.0,0.0,0.18935833333333346,0.24460227272727278,0.0,30.0,4.951895639635166,-0.0014584110673319854,0.0004756384238599784,7.610214781759654e-05,0.1855625000000001,-0.14448106060606047,0.0,30.0,5.094690950471924,0.04060465135580539,0.03906306101430444,0.0019531530507152224,0.6458666666666667,0.5340909090909092,0.0,30.0,4.351297773626832,0.03441055991452312,0.054245272035735245,0.0013561318008933811,0.6718597222222222,-0.040560606060605936,0.0,30.0,5.012761418117565,0.0560571718363012,0.040475944219765886,0.002428556653185953
2026-05-13,Munetaka_Murakami,808959,hitter,CWS,KC,2026,824603,46,145,118,1,607625.0,Seth_Lugo,1.0,1.0,0.0,0.0,0.0,5.0,4.0,1.0,0.0,2.0,0.1282051282051282,0.316,0.316,0.0,0.0,37.92,7.31578947368421,8.171052631578947,3.4714285714285715,1.08,8.0,53.0,0,1.0,0.49999999999999994,-0.8660254037844387,0.9749279121818236,-0.22252093395631434,0.5,0.5,0.5,0.5,0.5,0.5,0.5,0.5,0.5,0.5,synthetic,synthetic,synthetic,synthetic,synthetic,0.0,0.0,0.0,0.0,0.0,-110.0,-110.0,-110.0,-110.0,-110.0,-110.0,-110.0,-110.0,-110.0,-110.0,0.0,0.0,0.0,0.0,0.0,2026-08-07T03:26:40.888653+00:00,-0.09483576873501515,0.28726392951086643,-0.03374507413258443,-0.3379528236786491,-0.24332924367103764,0.4,1.0,0.4,0.2,0.2,0.0,0.0,0.0,0.0,0.0,batter_pitcher_profile_network_v2,1.0,0.45,0.6619161447555987,1.0,0.6397618725203477,-0.13902106481481477,0.0019661743965647543,-0.0962962962962963,30.0,5.251308446536126,-0.007012819460731271,-0.0800181847474918,-0.00800181847474918,0.2138930555555556,-0.22822365613855436,-0.1111111111111111,30.0,5.106106265309573,0.02427963428538794,-0.0724129405570847,-0.011586070489133554,0.22207291666666668,-0.15281211129676037,0.07407407407407408,30.0,5.085137131354338,0.04182128677371826,0.09190071515050915,0.004595035757525458,0.6498296296296298,-0.48482087836077653,-0.1111111111111111,30.0,4.446176185579893,0.05672937471472229,-0.14211294714596368,-0.003552823678649092,0.7034789351851853,-0.20544328413626656,-0.1111111111111111,30.0,4.878441771005222,0.06670026851921755,-0.09116505019495066,-0.00546990301169704
2026-05-14,Munetaka_Murakami,808959,hitter,CWS,KC,2026,824602,47,145,118,1,663460.0,Kris_Bubic,0.0,0.0,1.0,0.0,0.0,4.0,1.0,3.0,0.0,3.0,0.11764705882352941,0.5175,0.5175,0.0,0.0,62.099999999999994,2.6168067226890757,9.247058823529413,3.9,1.08,-11.0,62.0,0,1.0,0.49999999999999994,-0.8660254037844387,0.43388373911755823,-0.900968867902419,0.5,1.5,0.5,0.5,0.5,0.5,1.5,0.5,0.5,0.5,synthetic,synthetic,synthetic,synthetic,synthetic,0.0,0.0,0.0,0.0,0.0,-110.0,-110.0,-110.0,-110.0,-110.0,-110.0,-110.0,-110.0,-110.0,-110.0,0.0,0.0,0.0,0.0,0.0,2026-08-07T03:26:40.888653+00:00,0.16856242973029845,-0.36885492438035206,0.06741639367181806,-0.33906597733781274,-0.17751862950885622,0.6,1.2,0.4,0.2,0.2,1.0,1.0,0.0,0.0,0.0,batter_pitcher_profile_network_v2,1.0,0.6,0.6072029001912778,1.0,0.6841205868359411,-0.13902106481481477,-0.4921379551820729,-0.0962962962962963,30.0,4.850336143437017,0.027024631296458938,-0.10425805563819233,-0.010425805563819234,0.2138930555555556,-0.5287293417366946,-0.1111111111111111,30.0,4.609989926496888,0.043930248609317914,-0.0678157038477887,-0.010850512615646193,0.22207291666666668,-0.2680054855275443,-0.1111111111111111,30.0,5.025896572903392,0.04878905175461894,-0.06387800891657981,-0.003193900445828991,0.6498296296296298,-0.5378942577030811,-0.1111111111111111,30.0,4.421135159769287,0.03994810796248775,-0.1866390935125083,-0.0046659773378127075,0.7034789351851853,-0.40550023342670394,-0.1111111111111111,30.0,4.638903826094433,0.06575002040081786,-0.15202617808877955,-0.009121570685326773
2026-05-15,Munetaka_Murakami,808959,hitter,CWS,CHC,2026,824601,48,145,112,1,665795.0,Edward_Cabrera,1.0,1.0,0.0,0.0,0.0,4.0,4.0,0.0,1.0,2.0,0.10810810810810811,0.2225,0.2225,0.0,0.0,26.7,6.088235294117648,11.305882352941177,5.078571428571428,1.08,0.0,74.0,0,1.0,0.49999999999999994,-0.8660254037844387,-0.433883739117558,-0.9009688679024191,0.5,0.5,0.5,0.5,0.5,0.5,0.5,0.5,0.5,0.5,synthetic,synthetic,synthetic,synthetic,synthetic,0.0,0.0,0.0,0.0,0.0,-110.0,-110.0,-110.0,-110.0,-110.0,-110.0,-110.0,-110.0,-110.0,-110.0,0.0,0.0,0.0,0.0,0.0,2026-08-07T03:26:40.888653+00:00,-0.11083234158528271,-0.13763663447114066,-0.022462388929160804,-0.4712937958925943,-0.33764654952279294,0.4,0.4,0.2,0.0,0.0,0.0,0.0,1.0,0.0,0.0,batter_pitcher_profile_network_v2,1.0,0.6,0.5634752680367516,0.0,0.6685845677992988,-0.10619814814814804,0.32116442768357956,0.0,32.0,5.2233169078409745,-0.026923373246328656,0.0,0.0,0.24120555555555567,0.40136119466488823,0.0,32.0,5.011086303424129,-0.030113835096790942,-0.00291055328246706,-0.0004656885251947296,0.25441666666666685,0.367821244798673,0.0,32.0,5.388425810563263,-0.03549345261347746,0.005356468521029417,0.0002678234260514709,0.6574962962962962,0.47018386908349286,0.0,32.0,4.825843976996595,-0.010700904012127936,0.12424816429622788,0.003106204107405697,0.736301851851852,0.4306975367883371,0.0,32.0,5.010982266093718,-0.017026407965557617,0.1256623985583419,0.007539743913500515
2026-05-16,Munetaka_Murakami,808959,hitter,CWS,CHC,2026,824600,49,145,112,1,592791.0,Jameson_Taillon,2.0,8.0,3.0,2.0,3.0,4.0,3.0,1.0,1.0,2.0,0.12121212121212122,1.2225000000000001,1.2225000000000001,2.0,30.0,65.0,2.9070378151260505,7.468487394957983,4.8148351648351655,1.08,0.0,81.0,0,1.0,0.49999999999999994,-0.8660254037844387,-0.9749279121818236,-0.2225209339563146,0.5,0.5,0.5,0.5,0.5,0.5,0.5,0.5,0.5,0.5,synthetic,synthetic,synthetic,synthetic,synthetic,0.0,0.0,0.0,0.0,0.0,-110.0,-110.0,-110.0,-110.0,-110.0,-110.0,-110.0,-110.0,-110.0,-110.0,0.0,0.0,0.0,0.0,0.0,2026-08-07T03:26:40.888653+00:00,0.39841752169399236,2.9888795375721333,0.3905257567625353,0.10451888018328159,-0.032530579836367424,0.6,0.6,0.2,0.0,0.0,1.0,1.0,0.0,0.0,0.0,batter_pitcher_profile_network_v2,1.0,0.55,0.6203121729156292,0.0,0.6507064673498095,-0.03314340450525134,0.35421686746987946,0.0,33.0,5.5501375830095325,-0.033795904794641715,0.0,0.0,0.29660470563847446,0.5533734939759036,0.0,33.0,4.908470476292688,-0.050959159188395595,-0.014119367446894342,-0.0022590987915030946,0.3190831778606968,0.7166666666666667,0.0,33.0,4.629182388164207,-0.08819108302703965,-0.001365484129915287,-6.827420649576435e-05,0.6636814814814814,0.8033734939759036,0.0,33.0,4.033048386754919,-0.04568830908299823,0.15675520733126339,0.003918880183281585,0.7749349537037039,0.7333333333333334,0.0,33.0,4.431744498466828,-0.05586801881186021,0.17387012294032853,0.01043220737641971
2026-05-17,Munetaka_Murakami,808959,hitter,CWS,CHC,2026,824599,50,145,112,1,607067.0,Colin_Rea,1.0,2.0,1.0,0.0,0.0,5.0,5.0,0.0,1.0,2.0,0.11627906976744186,0.254,0.254,0.2,17.0,39.480000000000004,5.149038461538462,6.879807692307693,4.5576923076923075,1.08,2.0,75.0,0,1.0,0.49999999999999994,-0.8660254037844387,-0.7818314824680299,0.6234898018587334,0.5,1.5,0.5,0.5,0.5,0.5,1.5,0.5,0.5,0.5,synthetic,synthetic,synthetic,synthetic,synthetic,0.0,0.0,0.0,0.0,0.0,-110.0,-110.0,-110.0,-110.0,-110.0,-110.0,-110.0,-110.0,-110.0,-110.0,0.0,0.0,0.0,0.0,0.0,2026-08-07T03:26:40.888653+00:00,0.6585110186006904,1.23824773804948,0.6424866090501218,0.10034093441222924,0.5405665394141024,0.8,2.0,0.8,0.4,0.6,2.0,8.0,3.0,2.0,3.0,batter_pitcher_profile_network_v2,1.0,0.45,0.6988795115044275,0.0,0.6189742669283185,0.01749560530679905,0.3735782621633684,0.0,34.0,5.865618809598532,-0.03164077101445851,0.0019681168357644197,0.00019681168357644198,0.3329211442786068,0.4107803042701978,0.0,34.0,5.784723679184591,-0.0261161721234626,0.00200621164645709,0.0003209938634331344,0.3457711442786068,0.37330183380449344,0.0,34.0,6.147157181391153,-0.04606041479622203,-0.007192684829409136,-0.00035963424147045686,0.7238388888888889,0.441564878738283,0.0,34.0,5.68075807858365,-0.006607305455109669,0.08963737648916455,0.0022409344122291137,0.7975888888888889,0.41771229479740124,0.0,34.0,5.823759686731885,-0.02847974768578604,0.07896229971625585,0.004737737982975351
2026-05-18,Munetaka_Murakami,808959,hitter,CWS,SEA,2026,823137,51,145,136,0,693433.0,Bryan_Woo,2.0,2.0,0.0,0.0,0.0,4.0,3.0,1.0,0.0,2.0,0.11428571428571428,0.6174999999999999,0.6174999999999999,0.0,0.0,65.0,4.0,10.0,1.2,1.08,-4.0,64.0,0,1.0,0.49999999999999994,-0.8660254037844387,0.0,1.0,0.5,2.5,0.5,0.5,0.5,0.5,2.5,0.5,0.5,0.5,synthetic,synthetic,synthetic,synthetic,synthetic,0.0,0.0,0.0,0.0,0.0,-110.0,-110.0,-110.0,-110.0,-110.0,-110.0,-110.0,-110.0,-110.0,-110.0,0.0,0.0,0.0,0.0,0.0,2026-08-07T03:26:40.888653+00:00,0.3006272548838419,-0.4655023360340458,0.5144987537009904,-0.20157303954034878,-0.016164157084126496,1.0,2.4,1.0,0.4,0.6,1.0,2.0,1.0,0.0,0.0,batter_pitcher_profile_network_v2,1.0,0.6,0.6248435687352549,1.0,0.6828239976979588,0.019851160862354555,-0.1063067602040816,-0.1111111111111111,35.0,6.869188199841405,-0.04209182857259479,-0.09106078449491485,-0.009106078449491486,0.33468781094527345,-0.1353189572704081,-0.1111111111111111,35.0,6.65743535284569,-0.06527405083664092,-0.20517085021278816,-0.032827336034046105,0.34993781094527343,-0.175122581845238,-0.1111111111111111,35.0,6.515909483629199,-0.004265497553694853,-0.11752492598019611,-0.0058762462990098055,0.7509861111111111,-0.12037755102040808,-0.1111111111111111,35.0,6.428136454026453,-0.16273765194359277,-0.2869215816139505,-0.007173039540348762,0.8024444444444443,-0.142642113095238,-0.1111111111111111,35.0,6.374797020113977,-0.06270075941033007,-0.18023595140210694,-0.010814157084126415
2026-05-19,Munetaka_Murakami,808959,hitter,CWS,SEA,2026,823136,52,145,136,0,682243.0,Bryce_Miller,0.0,0.0,0.0,0.0,0.0,4.0,2.0,2.0,2.0,2.0,0.11428571428571428,0.345,0.345,0.0,0.0,41.4,3.375,5.0625,1.6285714285714286,1.08,0.0,63.0,0,1.0,0.49999999999999994,-0.8660254037844387,0.7818314824680298,0.6234898018587336,1.5,2.5,0.5,0.5,0.5,1.5,2.5,0.5,0.5,0.5,synthetic,synthetic,synthetic,synthetic,synthetic,0.0,0.0,0.0,0.0,0.0,-110.0,-110.0,-110.0,-110.0,-110.0,-110.0,-110.0,-110.0,-110.0,-110.0,0.0,0.0,0.0,0.0,0.0,2026-08-07T03:26:40.888653+00:00,-0.1548791380177872,-0.435662920688034,0.2517183053375598,-0.19512396159792544,-0.06715879960987753,1.2,2.6,1.0,0.4,0.6,2.0,2.0,0.0,0.0,0.0,batter_pitcher_profile_network_v2,1.0,0.05,0.9425,0.0,0.5117271875,0.010592940685045828,0.59659375,0.0,36.0,5.538128902109223,-0.03183171429449718,0.0003633817268920959,3.6338172689209595e-05,0.32851566416040096,0.521875,0.0,36.0,5.976727024725443,-0.024750860502434996,-0.027268254300214213,-0.004362920688034274,0.343765664160401,0.06716666666666675,0.0,36.0,7.179878145582827,-0.005532973462359384,-0.004205321820233234,-0.00021026609101166172,0.7072361111111111,0.3718750000000001,0.0,36.0,6.481315142396584,-0.04408116107413609,-0.028958463917018028,-0.0007239615979254508,0.8024444444444443,0.20383333333333345,0.0,36.0,6.853921663159466,-0.04559266739763042,-0.024789517307482075,-0.0014873710384489245
2026-05-20,Munetaka_Murakami,808959,hitter,CWS,SEA,2026,823134,53,145,136,0,676106.0,Emerson_Hancock,2.0,2.0,0.0,0.0,1.0,5.0,5.0,0.0,1.0,2.0,0.125,0.356,0.356,0.0,0.0,42.72,3.4285714285714284,11.0,2.4,1.08,-10.0,61.0,0,1.0,0.49999999999999994,-0.8660254037844387,0.9749279121818236,-0.22252093395631434,1.5,2.5,0.5,0.5,0.5,1.5,2.5,0.5,0.5,0.5,synthetic,synthetic,synthetic,synthetic,synthetic,0.0,0.0,0.0,0.0,0.0,-110.0,-110.0,-110.0,-110.0,-110.0,-110.0,-110.0,-110.0,-110.0,-110.0,0.0,0.0,0.0,0.0,0.0,2026-08-07T03:26:40.888653+00:00,-0.694655900929757,-0.6971576261853063,0.18376767512013514,-0.1978081056716819,-0.014356564575131014,1.2,2.6,0.8,0.4,0.6,0.0,0.0,0.0,0.0,0.0,batter_pitcher_profile_network_v2,1.0,0.55,0.6153782117821776,1.0,0.6697888929811758,-0.0263432887774995,-0.13741756390842352,0.0,35.0,6.958933202962106,-0.019626292727033277,-0.0013923426309058445,-0.00013923426309058446,0.30316311612364233,-0.09339435218931258,0.1111111111111111,35.0,6.809647746688714,-0.06301721529132391,-0.0156726636581659,-0.002507626185306544,0.32496867167919785,-0.24189034828807543,0.1111111111111111,35.0,6.472146280861674,-0.02515584930505404,0.03435350240270723,0.0017176751201353616,0.6984953703703705,-0.08283133566038695,0.1111111111111111,35.0,6.580504485588322,-0.2038142809444679,-0.1363242268672738,-0.0034081056716818454,0.7937037037037037,-0.1673087367178275,0.051851851851851836,35.0,6.446884895259186,-0.05788571653198699,-0.05260940958551771,-0.0031565645751310623
2026-05-22,Munetaka_Murakami,808959,hitter,CWS,SF,2026,823223,54,145,137,0,686790.0,Trevor_McDonald,1.0,2.0,2.0,0.0,3.0,5.0,3.0,1.0,2.0,2.0,0.11904761904761904,0.5359999999999999,0.5359999999999999,0.3333333333333333,28.333333333333332,65.0,2.5660714285714286,7.928571428571428,3.9322820037105757,1.08,12.0,59.0,0,2.0,0.49999999999999994,-0.8660254037844387,-0.433883739117558,-0.9009688679024191,1.5,2.5,0.5,0.5,0.5,1.5,2.5,0.5,0.5,0.5,synthetic,synthetic,synthetic,synthetic,synthetic,0.0,0.0,0.0,0.0,0.0,-110.0,-110.0,-110.0,-110.0,-110.0,-110.0,-110.0,-110.0,-110.0,-110.0,0.0,0.0,0.0,0.0,0.0,2026-08-07T03:26:40.888653+00:00,-0.08205608325222347,0.1651467416017467,0.34821538309436684,-0.04619666195833211,0.40077082789789265,1.4,2.8,0.8,0.4,0.8,2.0,2.0,0.0,0.0,1.0,batter_pitcher_profile_network_v2,1.0,0.15,0.7272183891852217,0.0,0.5391373620987215,0.051214013266998606,-0.22819360902255645,0.0,37.0,7.517938133179929,-0.02375850726689864,-0.0031879197207512924,-0.0003187919720751293,0.3558778606965176,-0.20906109022556393,0.0,37.0,7.340367208623783,-0.06440023659566003,-0.11689536498908279,-0.018703258398253247,0.3685945273631842,-0.43156986215538845,0.0,37.0,6.519559716225535,0.0044181990690596255,-0.03897434182323942,-0.001948717091161971,0.710613888888889,-0.20067293233082703,0.0,37.0,7.096169124572016,-0.19963422192535007,-0.2385331449999485,-0.005963328624998713,0.8058222222222222,-0.38044047619047616,0.0,37.0,6.58612454283216,-0.05834923334340565,-0.1273878714606037,-0.0076432722876362226
2026-05-23,Munetaka_Murakami,808959,hitter,CWS,SF,2026,823222,55,145,137,0,605288.0,Adrian_Houser,0.0,0.0,0.0,0.0,0.0,4.0,4.0,0.0,2.0,2.0,0.10810810810810811,0.0,0.0,0.0,0.0,10.0,2.0588235294117645,5.117647058823529,3.6912105751391473,1.08,10.0,61.0,0,1.0,0.49999999999999994,-0.8660254037844387,-0.9749279121818236,-0.2225209339563146,1.5,1.5,0.5,0.5,0.5,1.5,1.5,0.5,0.5,0.5,synthetic,synthetic,synthetic,synthetic,synthetic,0.0,0.0,0.0,0.0,0.0,-110.0,-110.0,-110.0,-110.0,-110.0,-110.0,-110.0,-110.0,-110.0,-110.0,0.0,0.0,0.0,0.0,0.0,2026-08-07T03:26:40.888653+00:00,-0.2326762099617381,-0.20645180162675358,0.18283003476361626,-0.4708671076086937,0.5494122617387946,1.2,1.6,0.6,0.0,0.8,1.0,2.0,2.0,0.0,3.0,batter_pitcher_profile_network_v2,1.0,0.6,0.5098672730041373,0.0,0.6725247554341959,0.051214013266998606,0.3607201985632963,0.0,37.0,6.8462797025732876,-0.0064137681231595245,0.009054677216201146,0.0009054677216201147,0.3558778606965176,0.36035136115378047,0.0,37.0,6.874713749933252,-0.013386162730262,0.042775901994952216,0.006844144319192355,0.3685945273631842,0.3390341386554622,0.0,37.0,7.124125461609335,-0.035184193337783436,0.026065795808853806,0.0013032897904426905,0.7081833333333334,0.4046800648574842,0.0,37.0,6.701117739175428,0.0008496958712770358,0.14131569565224975,0.0035328923913062436,0.8058222222222222,0.34350173124805483,0.0,37.0,6.915563214685447,-0.031634789980484884,0.11194329744503637,0.006716597846702182
2026-05-24,Munetaka_Murakami,808959,hitter,CWS,SF,2026,823220,56,145,137,0,592662.0,Robbie_Ray,0.0,0.0,1.0,0.0,0.0,5.0,4.0,1.0,2.0,2.0,0.1282051282051282,0.13799999999999998,0.13799999999999998,0.0,0.0,16.56,8.659340659340659,5.478021978021978,3.6912105751391473,1.08,11.0,60.0,0,1.0,0.49999999999999994,-0.8660254037844387,-0.7818314824680299,0.6234898018587334,0.5,1.5,0.5,0.5,0.5,0.5,1.5,0.5,0.5,0.5,synthetic,synthetic,synthetic,synthetic,synthetic,0.0,0.0,0.0,0.0,0.0,-110.0,-110.0,-110.0,-110.0,-110.0,-110.0,-110.0,-110.0,-110.0,-110.0,0.0,0.0,0.0,0.0,0.0,2026-08-07T03:26:40.888653+00:00,0.4971653608516292,-0.6614968899672621,-0.12613778580994323,-0.4721138616886567,0.1272488049527576,1.0,1.2,0.4,0.0,0.8,0.0,0.0,0.0,0.0,0.0,batter_pitcher_profile_network_v2,1.0,0.7,0.513618948944695,0.0,0.7009571751279924,-0.01133367968532465,-0.19985240834132142,0.0,38.0,7.902712402318097,-0.0023171945264631945,-0.0011016838104291383,-0.00011016838104291384,0.3115420530492897,0.030211944752380284,0.0,38.0,7.917705488315136,-0.020747348285450596,-0.026543062295387807,-0.004246889967262049,0.3624219141604007,0.09204813995959968,0.0,38.0,7.944314260791807,-0.03396132192711821,-0.017735522107242264,-0.0008867761053621133,0.644062962962963,0.2889403930282424,0.0,38.0,7.450481447308637,0.0009320589030203399,0.09144553245373052,0.0022861383113432633,0.7955178240740739,0.06627946179868009,0.0,38.0,7.722480855175872,-0.044881435671033205,-0.00801590955717581,-0.0004809545734305486
2026-05-25,Munetaka_Murakami,808959,hitter,CWS,MIN,2026,824598,57,145,142,1,805673.0,Zebby_Matthews,1.0,4.0,1.0,1.0,1.0,4.0,4.0,0.0,1.0,2.0,0.12121212121212122,0.525,0.525,0.75,30.0,65.0,1.0,5.742857142857143,1.7357142857142858,1.08,2.0,80.0,0,1.0,0.49999999999999994,-0.8660254037844387,0.0,1.0,0.5,0.5,0.5,0.5,0.5,0.5,0.5,0.5,0.5,0.5,synthetic,synthetic,synthetic,synthetic,synthetic,0.0,0.0,0.0,0.0,0.0,-110.0,-110.0,-110.0,-110.0,-110.0,-110.0,-110.0,-110.0,-110.0,-110.0,0.0,0.0,0.0,0.0,0.0,2026-08-07T03:26:40.888653+00:00,0.21679097641011447,1.1552618876151624,0.2488985973243083,-0.21390737132515392,0.13423394885046014,0.6,0.8,0.6,0.0,0.8,0.0,0.0,1.0,0.0,0.0,batter_pitcher_profile_network_v2,1.0,0.25,0.8216042144450582,0.0,0.5623383709326201,-0.07039942042606523,-0.06095732287514478,0.0,39.0,8.570546341447313,-0.01639865928114921,-0.0007655605741806416,-7.655605741806416e-05,0.2628364974937343,-0.26123501671595734,0.0,39.0,8.033187809366439,-0.016841267319040516,-0.0375109296779611,-0.006001748748473776,0.3095469141604009,-0.39253896639663965,0.0,39.0,7.370654774237216,0.019388940003731966,-0.0022877937735776045,-0.00011438968867888023,0.5823722222222223,-0.43979318503278897,0.0,39.0,7.00148820242983,-0.03460352955162455,-0.08029485300615825,-0.0020073713251539563,0.7364520833333333,-0.36989663966396635,0.0,39.0,7.344033162874137,-0.015142220115568684,-0.059953666345145096,-0.0035972199807087057
2026-05-26,Munetaka_Murakami,808959,hitter,CWS,MIN,2026,824597,58,145,142,1,657746.0,Joe_Ryan,1.0,4.0,2.0,1.0,2.0,5.0,5.0,0.0,1.0,2.0,0.11904761904761904,0.42000000000000004,0.42000000000000004,0.6,30.0,65.0,1.5,10.5,1.4142857142857144,1.08,-7.0,77.0,0,1.0,0.49999999999999994,-0.8660254037844387,0.7818314824680298,0.6234898018587336,0.5,1.5,0.5,0.5,0.5,0.5,1.5,0.5,0.5,0.5,synthetic,synthetic,synthetic,synthetic,synthetic,0.0,0.0,0.0,0.0,0.0,-110.0,-110.0,-110.0,-110.0,-110.0,-110.0,-110.0,-110.0,-110.0,-110.0,0.0,0.0,0.0,0.0,0.0,2026-08-07T03:26:40.888653+00:00,0.22201652326312593,0.984502690034371,0.3007635346859845,-0.012662909574195691,0.374101107285985,0.8,1.6,0.8,0.2,1.0,1.0,4.0,1.0,1.0,1.0,batter_pitcher_profile_network_v2,1.0,0.7,0.541626702145477,0.0,0.6985555102910254,-0.15247974448685334,-0.42277772985035567,0.0,40.0,7.887985104323894,0.019585093669973158,-0.0295490530830266,-0.00295490530830266,0.2015422073791349,-0.4651838887812231,0.0,40.0,7.415336808241609,0.015535819304137735,-0.019670687285182405,-0.0031473099656291847,0.233460957379135,-0.45622407393614367,0.0,40.0,7.21908844196185,0.05480655273738501,0.0059849794339731505,0.0002992489716986575,0.5823722222222222,-0.49773407126297475,0.0,40.0,6.889935512599044,0.0023506792716246577,-0.1305163829678289,-0.0032629095741957223,0.7019381944444445,-0.4874755946174089,0.0,40.0,6.984589923278412,-0.004499335895352872,-0.16021964047168089,-0.009613178428300853
2026-05-27,Munetaka_Murakami,808959,hitter,CWS,MIN,2026,824596,59,145,142,1,687570.0,Connor_Prielipp,2.0,5.0,3.0,1.0,1.0,5.0,4.0,1.0,1.0,2.0,0.10869565217391304,0.736,0.736,0.75,30.0,65.0,4.8500000000000005,8.35,0.6428571428571429,1.08,0.0,72.0,0,1.0,0.49999999999999994,-0.8660254037844387,0.9749279121818236,-0.22252093395631434,0.5,1.5,1.5,0.5,1.5,0.5,1.5,1.5,0.5,1.5,synthetic,synthetic,synthetic,synthetic,synthetic,0.0,0.0,0.0,0.0,0.0,-110.0,-110.0,-110.0,-110.0,-110.0,-110.0,-110.0,-110.0,-110.0,-110.0,0.0,0.0,0.0,0.0,0.0,2026-08-07T03:26:40.888653+00:00,0.12571971897241696,1.56015863023939,-0.1790382678266469,0.1708495664538734,-0.27507522119874595,0.6,2.0,1.2,0.4,1.2,1.0,4.0,2.0,1.0,2.0,batter_pitcher_profile_network_v2,1.0,0.3,0.7648434617148858,0.0,0.5768920027819779,-0.2043964111535203,-0.279587608634707,0.0,41.0,8.883934731354655,0.04799702522586026,-0.01343842104187736,-0.0013438421041877362,0.1570422073791346,-0.15949589991589566,0.0,41.0,8.890716264698254,0.06064747802703317,0.08508111290923039,0.013612978065476861,0.16671095737913458,0.012608739837398492,0.0,41.0,8.999281865070774,0.04575276323540903,0.04624706582731117,0.0023123532913655585,0.5823722222222222,0.009889262685730439,0.0,41.0,8.712514829866818,0.10862833712134279,0.10998265815493648,0.002749566453873412,0.6500215277777776,-0.04045528455284541,0.0,41.0,8.74971024215772,0.03393037004622638,0.0192639116979192,0.0011558347018751519
2026-05-28,Munetaka_Murakami,808959,hitter,CWS,MIN,2026,824595,60,145,142,1,680573.0,Simeon_Woods_Richardson,1.0,2.0,1.0,0.0,1.0,4.0,2.0,2.0,1.0,2.0,0.11428571428571428,0.6625,0.6625,0.5,30.0,65.0,6.0,5.5,3.798701298701299,1.08,14.0,66.0,0,1.0,0.49999999999999994,-0.8660254037844387,0.43388373911755823,-0.900968867902419,0.5,2.5,1.5,0.5,0.5,0.5,2.5,1.5,0.5,0.5,synthetic,synthetic,synthetic,synthetic,synthetic,0.0,0.0,0.0,0.0,0.0,-110.0,-110.0,-110.0,-110.0,-110.0,-110.0,-110.0,-110.0,-110.0,-110.0,0.0,0.0,0.0,0.0,0.0,2026-08-07T03:26:40.888653+00:00,0.6520147186147185,0.7552275127340002,0.21472839454861026,0.25259696835661916,0.4505233096359218,0.8,2.6,1.4,0.6,0.8,2.0,5.0,3.0,1.0,1.0,batter_pitcher_profile_network_v2,1.0,0.65,0.4587899116385753,0.0,0.6909688532857784,-0.049606539793610356,0.8104519189728261,0.0,42.0,5.4821196944622,0.015518489349221483,0.0,0.0,0.2770823685326549,0.6719024541606226,0.0,42.0,6.642472451333984,0.03137990998531416,0.14782820458749688,0.0236525127339995,0.3095038963104326,0.648928352114476,0.0,42.0,7.127551633492402,-0.035333209797835864,0.07336659227090972,0.0036683296135454862,0.6422851851851853,0.5406408370602509,0.0,42.0,7.559190941178821,0.09194591232451199,0.27987873426476445,0.006996968356619112,0.7475594907407408,0.6823182220029518,0.0,42.0,6.801140546144143,-0.0027815449741526417,0.27397074501427876,0.016438244700856725
2026-05-29,Munetaka_Murakami,808959,hitter,CWS,DET,2026,824594,61,145,116,1,675512.0,Troy_Melton,0.0,0.0,0.0,0.0,0.0,2.0,2.0,0.0,1.0,2.0,0.05128205128205128,0.0,0.0,0.0,0.0,10.0,1.588235294117647,4.764705882352941,6.02295918367347,1.08,-8.0,75.0,0,1.0,0.49999999999999994,-0.8660254037844387,-0.433883739117558,-0.9009688679024191,0.5,2.5,1.5,0.5,0.5,0.5,2.5,1.5,0.5,0.5,synthetic,synthetic,synthetic,synthetic,synthetic,0.0,0.0,0.0,0.0,0.0,-110.0,-110.0,-110.0,-110.0,-110.0,-110.0,-110.0,-110.0,-110.0,-110.0,0.0,0.0,0.0,0.0,0.0,2026-08-07T03:26:40.888653+00:00,0.7230061520039532,-0.3918383561206049,-0.27127375369290907,-0.051400953608964295,0.40938773962786257,1.0,3.0,1.6,0.6,1.0,1.0,2.0,1.0,0.0,1.0,batter_pitcher_profile_network_v2,1.0,0.05,0.9425,0.0,0.5117271875,-0.05471070646027693,-0.4075294117647059,0.0,43.0,8.77663863045927,0.04671717774294959,-0.0012820327662068187,-0.00012820327662068186,0.272707368532655,-0.5004705882352941,0.0,43.0,8.075681981452618,0.0698636601547301,0.09694777424622102,0.015511643879395362,0.3029413963104328,-0.39918003565062377,0.0,43.0,8.345075849041901,0.051211419209961896,0.04425805016065512,0.002212902508032756,0.6422851851851852,-0.5004705882352941,0.0,43.0,7.7257949347358625,0.13844493419698425,0.1199618556414287,0.0029990463910357177,0.7424553240740742,-0.5931194295900177,0.0,43.0,7.227547292765626,0.05447436170375949,0.015534802274943634,0.000932088136496618
2026-07-10,Munetaka_Murakami,808959,hitter,CWS,ATH,2026,824575,62,145,133,1,682052.0,Jacob_Lopez,1.0,2.0,1.0,0.0,1.0,5.0,5.0,0.0,4.0,2.0,0.11627906976744186,0.254,0.254,0.2,17.0,39.480000000000004,15.142857142857144,10.428571428571429,4.795467032967033,1.08,12.0,77.0,0,42.0,-0.4999999999999997,-0.8660254037844388,-0.433883739117558,-0.9009688679024191,0.5,2.5,1.5,0.5,0.5,0.5,2.5,1.5,0.5,0.5,synthetic,synthetic,synthetic,synthetic,synthetic,0.0,0.0,0.0,0.0,0.0,-110.0,-110.0,-110.0,-110.0,-110.0,-110.0,-110.0,-110.0,-110.0,-110.0,0.0,0.0,0.0,0.0,0.0,2026-08-07T03:26:40.888653+00:00,0.35572034244824957,-0.24042126140912456,-0.37721243346988875,0.04613444687504986,0.3535733327050684,1.0,3.0,1.4,0.6,1.0,0.0,0.0,0.0,0.0,0.0,batter_pitcher_profile_network_v2,1.0,0.6,0.6169571799701263,0.0,0.6646536472721958,-0.02496655092592582,0.4371948160441577,0.0,43.0,8.283234666326916,0.0276167256644906,0.0,0.0,0.2925368055555557,0.5619783811438377,0.0,43.0,7.797846087517781,0.048235313604802085,0.13532496503017877,0.021651994404828602,0.32277083333333356,0.8135663969921293,0.0,43.0,6.610937659208674,-0.019533582856529074,0.08105173949565726,0.004052586974782863,0.6422851851851852,0.7349778581312854,0.0,43.0,6.999957110526171,0.140556616886344,0.32137787500199266,0.008034446875049816,0.7424553240740742,0.7699846326964528,0.0,43.0,6.78990652551911,0.015936410328653273,0.23092991683675276,0.013855795010205165
2026-07-11,Munetaka_Murakami,808959,hitter,CWS,ATH,2026,824576,63,145,133,1,695611.0,Gage_Jump,0.0,0.0,0.0,0.0,0.0,4.0,3.0,1.0,1.0,2.0,0.12903225806451613,0.1725,0.1725,0.0,0.0,20.7,8.214285714285714,9.614285714285714,7.434564777327935,1.08,-6.0,79.0,0,1.0,-0.4999999999999997,-0.8660254037844388,-0.9749279121818236,-0.2225209339563146,0.5,2.5,1.5,0.5,0.5,0.5,2.5,1.5,0.5,0.5,synthetic,synthetic,synthetic,synthetic,synthetic,0.0,0.0,0.0,0.0,0.0,-110.0,-110.0,-110.0,-110.0,-110.0,-110.0,-110.0,-110.0,-110.0,-110.0,0.0,0.0,0.0,0.0,0.0,2026-08-07T03:26:40.888653+00:00,0.6700790580670037,-0.48440602233275953,-0.13876109452303997,-0.19284416766566131,0.6210292110150433,1.0,2.6,1.4,0.4,1.0,1.0,2.0,1.0,0.0,1.0,batter_pitcher_profile_network_v2,1.0,0.5,0.6956273495908537,0.0,0.6323928248375602,-0.02583449074074077,0.019610848007622843,0.0,43.0,9.84659864872537,0.024805684850762035,0.0,0.0,0.29992361111111104,-0.10059674927707536,0.0,43.0,9.648328705926739,0.0411878532974954,0.052598449129929656,0.008415751860788745,0.3420104166666665,-0.08433228550625571,0.0,43.0,9.57771579909306,-0.005120696725870923,-0.013899571014540481,-0.0006949785507270241,0.6779953703703704,-0.22887271546065024,0.0,43.0,8.972618300415146,0.10946421027905762,0.06223329337354812,0.001555832334338703,0.792915509259259,-0.0888220198057726,0.0,43.0,9.357809197568603,0.0021161023790132465,-0.01984938892040683,-0.0011909633352244098
2026-07-12,Munetaka_Murakami,808959,hitter,CWS,ATH,2026,824574,64,145,133,1,669372.0,JT_Ginn,0.0,0.0,1.0,0.0,0.0,4.0,3.0,1.0,2.0,2.0,0.10810810810810811,0.1725,0.1725,0.0,0.0,20.7,3.500000000000005,7.5,6.229207634470792,1.08,-9.0,83.0,0,1.0,-0.4999999999999997,-0.8660254037844388,-0.7818314824680299,0.6234898018587334,0.5,1.5,0.5,0.5,0.5,0.5,1.5,0.5,0.5,0.5,synthetic,synthetic,synthetic,synthetic,synthetic,0.0,0.0,0.0,0.0,0.0,-110.0,-110.0,-110.0,-110.0,-110.0,-110.0,-110.0,-110.0,-110.0,-110.0,0.0,0.0,0.0,0.0,0.0,2026-08-07T03:26:40.888653+00:00,0.4373675878211698,-0.27715488852510095,0.378941207555922,-0.33082870771616896,0.10570526937381142,0.8,1.8,1.0,0.2,0.6,0.0,0.0,0.0,0.0,0.0,batter_pitcher_profile_network_v2,1.0,1.0,0.3870536447642326,0.0,0.8025859285163814,-0.15516583225667538,-0.22286548893692976,0.0,44.0,9.909500217521487,0.047591341492049105,-0.02119636476580914,-0.0021196364765809143,0.19520580318690775,-0.15916398516026092,0.0,44.0,9.863118906946962,0.07317962588335579,0.09072535888028138,0.014516057420845021,0.21481807170542616,-0.028647474913761205,0.0,44.0,9.993439208769633,-0.0034357386750197105,-0.007207807676676569,-0.0003603903838338285,0.6157546296296297,-0.059777302917270236,0.0,44.0,9.69800945814287,0.1654131133627423,0.1428516913532413,0.0035712922838310327,0.6912650462962961,-0.10995783316921293,0.0,44.0,9.643230243001142,0.070114575708637,0.005995875252276607,0.00035975251513659643
2026-07-14,Munetaka_Murakami,808959,hitter,AL,NL,2026,823443,65,159,160,0,650911.0,Cristopher_Sánchez,0.0,0.0,0.0,0.0,0.0,1.0,1.0,0.0,1.0,7.0,0.02702702702702703,0.0,0.0,0.0,0.0,10.0,8.957142857142857,7.757142857142857,4.0,1.08,4.0,88.0,0,2.0,-0.4999999999999997,-0.8660254037844388,0.7818314824680298,0.6234898018587336,0.5,0.5,0.5,0.5,0.5,0.5,0.5,0.5,0.5,0.5,synthetic,synthetic,synthetic,synthetic,synthetic,0.0,0.0,0.0,0.0,0.0,-110.0,-110.0,-110.0,-110.0,-110.0,-110.0,-110.0,-110.0,-110.0,-110.0,0.0,0.0,0.0,0.0,0.0,2026-08-07T03:26:40.888653+00:00,-0.03091526402824224,-0.07186401974556222,-0.09517906038504825,-0.47427158419248755,-0.2909892119102262,0.4,0.8,0.6,0.0,0.4,0.0,0.0,1.0,0.0,0.0,batter_pitcher_profile_network_v2,1.0,1.0,0.3853181992581633,0.0,0.802798520590875,-0.10761134259259314,-0.07879213437556534,0.0,45.0,10.95209247499169,0.031335312431059165,-0.005211842341624869,-0.000521184234162487,0.22673564814814773,-0.15216259172080707,0.0,45.0,10.685071144906026,0.03902323974084287,0.03732791713077666,0.0059724667409242664,0.2461874999999994,-0.15768841425459074,0.0,45.0,10.522391164828829,0.024200222068972425,0.0003377112179532432,1.688556089766216e-05,0.6155101851851852,-0.27046616314937844,0.0,45.0,9.930818030036695,0.10746558725373755,0.00513663230049681,0.00012841580751242026,0.6902185185185181,-0.10863087457205102,0.0,45.0,10.452403437009384,0.022051098531146507,-0.02954992823349927,-0.0017729956940099561
2026-07-17,Munetaka_Murakami,808959,hitter,CWS,TOR,2026,822789,66,145,141,0,693686.0,Spencer_Miles,1.0,1.0,1.0,0.0,0.0,5.0,4.0,1.0,1.0,2.0,0.11363636363636363,0.316,0.316,0.0,0.0,37.92,1.5,7.25,4.740876229034123,1.08,0.0,68.0,0,3.0,-0.4999999999999997,-0.8660254037844388,-0.433883739117558,-0.9009688679024191,0.5,0.5,0.5,0.5,0.5,0.5,0.5,0.5,0.5,0.5,synthetic,synthetic,synthetic,synthetic,synthetic,0.0,0.0,0.0,0.0,0.0,-110.0,-110.0,-110.0,-110.0,-110.0,-110.0,-110.0,-110.0,-110.0,-110.0,0.0,0.0,0.0,0.0,0.0,2026-08-07T03:26:40.888653+00:00,-0.07741949629318046,-0.08285505161571682,0.004924594999114462,-0.4727151934667318,-0.18779429889381272,0.2,0.4,0.4,0.0,0.2,0.0,0.0,0.0,0.0,0.0,batter_pitcher_profile_network_v2,1.0,0.15,0.7652253283269472,0.0,0.5384389845919924,-0.22237517921146954,0.8573224637681159,0.0,46.0,6.749253952933819,0.007128298617527898,0.0,0.0,0.1375017323775388,0.5296865942028985,0.0,46.0,9.56537489336722,0.01445062877788358,0.03877524558358787,0.00620403929337406,0.12126747311827932,0.41534722222222215,0.0,46.0,10.602324116444557,-0.0488458487314809,-0.03702069268819928,-0.0018510346344099643,0.600813888888889,0.19911594202898547,0.0,46.0,11.108000950715233,0.03930578620879394,0.06739226133072662,0.0016848065332681656,0.602647222222222,0.4730555555555555,0.0,46.0,10.08007277890573,-0.006451708951251363,0.06209210030195723,0.0037255260181174336
2026-07-18,Munetaka_Murakami,808959,hitter,CWS,TOR,2026,822790,67,145,141,0,669456.0,Shane_Bieber,1.0,2.0,0.0,0.0,0.0,4.0,3.0,1.0,1.0,2.0,0.125,0.49,0.49,0.3333333333333333,28.333333333333332,65.0,7.660714285714285,7.07142857142857,5.3837333718912666,1.08,0.0,68.0,0,1.0,-0.4999999999999997,-0.8660254037844388,-0.9749279121818236,-0.2225209339563146,0.5,0.5,0.5,0.5,0.5,0.5,0.5,0.5,0.5,0.5,synthetic,synthetic,synthetic,synthetic,synthetic,0.0,0.0,0.0,0.0,0.0,-110.0,-110.0,-110.0,-110.0,-110.0,-110.0,-110.0,-110.0,-110.0,-110.0,0.0,0.0,0.0,0.0,0.0,2026-08-07T03:26:40.888653+00:00,0.24992790630422212,0.6771015542980443,0.4162040602468511,-0.3131705511867209,-0.08155793983315512,0.4,0.6,0.6,0.0,0.2,1.0,1.0,1.0,0.0,0.0,batter_pitcher_profile_network_v2,1.0,0.2,0.7077560803407119,0.0,0.5526599760316525,-0.3114101851851854,0.8352128126371215,0.0,45.0,6.822690302147668,0.005504657282948545,0.0,0.0,-0.002690740740740903,0.870510366388767,0.0,45.0,6.778985141746673,0.04771480957518431,0.07157221436277646,0.011451554298044233,0.03429166666666633,0.9159156976744186,0.0,45.0,6.903270504896572,-0.023831044583608126,-0.014652166954246164,-0.0007326083477123082,0.42203425925925936,0.878867924528302,0.0,45.0,7.015125166880169,0.17411439997833794,0.28251128586449864,0.007062782146612466,0.45386759259259235,0.953779069767442,0.0,45.0,6.527178427901519,0.10366297089486783,0.20425652620469195,0.012255391572281516
2026-07-19,Munetaka_Murakami,808959,hitter,CWS,TOR,2026,822786,68,145,141,0,702056.0,Trey_Yesavage,0.0,0.0,0.0,0.0,0.0,4.0,3.0,1.0,2.0,2.0,0.11764705882352941,0.1725,0.1725,0.0,0.0,20.7,8.65,6.650000000000001,3.937304800462695,1.08,3.0,68.0,0,1.0,-0.4999999999999997,-0.8660254037844388,-0.7818314824680299,0.6234898018587334,0.5,0.5,0.5,0.5,0.5,0.5,0.5,0.5,0.5,0.5,synthetic,synthetic,synthetic,synthetic,synthetic,0.0,0.0,0.0,0.0,0.0,-110.0,-110.0,-110.0,-110.0,-110.0,-110.0,-110.0,-110.0,-110.0,-110.0,0.0,0.0,0.0,0.0,0.0,2026-08-07T03:26:40.888653+00:00,0.199630589952694,0.254327153809097,-0.10951613839278912,-0.47190313600876294,-0.40358447177266965,0.4,0.6,0.4,0.0,0.0,1.0,2.0,0.0,0.0,0.0,batter_pitcher_profile_network_v2,1.0,0.7,0.5260236327503345,0.0,0.6998934734916589,-0.19599277180406233,-0.2909468894544077,0.0,46.0,11.259594989040918,-0.008900251225787673,-0.02702778536402047,-0.002702778536402047,0.1127109916367979,-0.24116552147020734,0.0,46.0,11.228988912871806,0.006845608570382171,-0.0026152151637321985,-0.00041843442619715176,0.1418924731182792,0.0952775699727421,0.0,46.0,11.61700650714384,-0.051241217773375605,-0.0448334506714191,-0.002241672533570955,0.5253907407407407,-0.09527524815831026,0.0,46.0,11.222854502610796,0.12360026820997205,0.09987455964948214,0.0024968639912370536,0.5734740740740737,-0.03953821244955155,0.0,46.0,11.368584739894114,0.06871483137312023,0.04078911712875055,0.002447347027725033
2026-07-20,Munetaka_Murakami,808959,hitter,CWS,TEX,2026,822874,69,145,140,0,594798.0,Jacob_deGrom,1.0,2.0,2.0,0.0,0.0,5.0,3.0,2.0,1.0,2.0,0.11363636363636363,0.53,0.53,0.3333333333333333,28.333333333333332,65.0,3.057142857142857,12.057142857142857,8.078571428571431,1.08,0.0,74.0,0,1.0,-0.4999999999999997,-0.8660254037844388,0.0,1.0,0.5,0.5,0.5,0.5,0.5,0.5,0.5,0.5,0.5,0.5,synthetic,synthetic,synthetic,synthetic,synthetic,0.0,0.0,0.0,0.0,0.0,-110.0,-110.0,-110.0,-110.0,-110.0,-110.0,-110.0,-110.0,-110.0,-110.0,0.0,0.0,0.0,0.0,0.0,2026-08-07T03:26:40.888653+00:00,-0.023791947423675186,0.524840545311738,0.2871978102332331,-0.317932163737191,-0.09652510539586767,0.4,0.6,0.4,0.0,0.0,0.0,0.0,0.0,0.0,0.0,batter_pitcher_profile_network_v2,1.0,0.95,0.3761981309597175,0.0,0.7887199425095628,-0.16687355884109908,-0.33844864088680704,0.0,46.0,11.459436725699332,-0.02627960019098852,-0.0352311625484425,-0.0035231162548442505,0.13724571385902035,-0.16383356510564043,0.0,46.0,11.87171443069288,-0.01731720334399687,-0.04000227361981926,-0.006400363779171082,0.17423622311827944,-0.14343981033091194,0.0,46.0,11.774369164242717,-0.06766127497623234,-0.08325158754313643,-0.004162579377156822,0.5293537037037037,0.0062405874367325205,0.0,46.0,11.75281643676094,0.08998606804946976,0.09204678384569158,0.0023011695961422897,0.6025932870370369,-0.10197441485068595,0.0,46.0,11.710817550344764,0.04910851698108474,-0.001500674346715157,-9.004046080290942e-05
2026-07-21,Munetaka_Murakami,808959,hitter,CWS,TEX,2026,822871,70,145,140,0,677958.0,Kumar_Rocker,1.0,1.0,0.0,0.0,0.0,4.0,3.0,1.0,0.0,2.0,0.11764705882352941,0.395,0.395,0.0,0.0,47.400000000000006,5.782805429864254,8.445701357466064,8.704945054945055,1.08,0.0,74.0,0,1.0,-0.4999999999999997,-0.8660254037844388,0.7818314824680298,0.6234898018587336,0.5,0.5,0.5,0.5,0.5,0.5,0.5,0.5,0.5,0.5,synthetic,synthetic,synthetic,synthetic,synthetic,0.0,0.0,0.0,0.0,0.0,-110.0,-110.0,-110.0,-110.0,-110.0,-110.0,-110.0,-110.0,-110.0,-110.0,0.0,0.0,0.0,0.0,0.0,2026-08-07T03:26:40.888653+00:00,0.4672539107950874,0.6153883400797331,0.6627444325272229,-0.46867400610100857,-0.08964172086542804,0.6,1.0,0.6,0.0,0.0,1.0,2.0,2.0,0.0,0.0,batter_pitcher_profile_network_v2,1.0,0.85,0.4041065015902135,0.0,0.7554224105219189,-0.25754560185185194,0.30437133186100573,0.0,47.0,11.681835145371451,0.011030739518472048,0.0,0.0,0.017723611111111037,0.27567816001692114,0.0,47.0,12.017894479856317,0.050216270630576154,0.07823594902774325,0.01251775184443892,0.07226041666666652,0.42845458798261116,0.0,47.0,11.550428996109677,0.0067886675663728,0.025237713246458016,0.0012618856623229009,0.44358981481481474,0.2818672268692889,0.0,47.0,11.982530160790168,0.15453314736117385,0.22903975595965648,0.005725993898991412,0.479954398148148,0.4210515007031311,0.0,47.0,11.368405342658665,0.08961774167489363,0.18763475351414283,0.011258085210848569
2026-07-22,Munetaka_Murakami,808959,hitter,CWS,TEX,2026,822873,71,145,140,0,641302.0,Tyler_Alexander,0.0,0.0,1.0,0.0,0.0,4.0,3.0,1.0,3.0,2.0,0.10810810810810811,0.1725,0.1725,0.0,0.0,20.7,21.0,4.5,7.847802197802198,1.08,0.0,74.0,0,1.0,-0.4999999999999997,-0.8660254037844388,0.9749279121818236,-0.22252093395631434,0.5,1.5,0.5,0.5,0.5,0.5,1.5,0.5,0.5,0.5,synthetic,synthetic,synthetic,synthetic,synthetic,0.0,0.0,0.0,0.0,0.0,-110.0,-110.0,-110.0,-110.0,-110.0,-110.0,-110.0,-110.0,-110.0,-110.0,0.0,0.0,0.0,0.0,0.0,2026-08-07T03:26:40.888653+00:00,0.7439615772520138,-0.5106481997801474,0.20755797886410254,-0.47379446072258913,-0.22741024899407192,0.8,1.2,0.6,0.0,0.0,1.0,1.0,0.0,0.0,0.0,batter_pitcher_profile_network_v2,1.0,0.15,0.625,0.0,0.541015625,-0.22330949074074066,-0.9875000000000002,0.0,47.0,7.104307845959551,0.029929343148187716,-0.08269429578993054,-0.008269429578993055,0.038973611111111126,-0.9900000000000001,0.0,47.0,6.775448088445603,0.06390741110749341,0.08139216353624011,0.013022746165798418,0.09205208333333337,-1.0,0.0,47.0,5.99644547722536,0.10105258640552736,0.06653305515552735,0.0033266527577763675,0.4413675925925924,-0.9900000000000001,0.0,47.0,6.4129028440683244,0.18807928984643296,0.024221571096433026,0.0006055392774108256,0.47044050925925907,-1.0,0.0,47.0,6.175526088015974,0.10887594308925212,-0.09475823365528305,-0.005685494019316983
2026-07-24,Munetaka_Murakami,808959,hitter,CWS,HOU,2026,824573,72,145,117,1,681293.0,Spencer_Arrighetti,1.0,2.0,1.0,0.0,0.0,5.0,4.0,1.0,1.0,2.0,0.11627906976744186,0.392,0.392,0.25,21.25,58.29,7.1000000000000005,7.1000000000000005,3.293406593406594,1.08,-8.0,76.0,0,2.0,-0.4999999999999997,-0.8660254037844388,-0.433883739117558,-0.9009688679024191,0.5,0.5,0.5,0.5,0.5,0.5,0.5,0.5,0.5,0.5,synthetic,synthetic,synthetic,synthetic,synthetic,0.0,0.0,0.0,0.0,0.0,-110.0,-110.0,-110.0,-110.0,-110.0,-110.0,-110.0,-110.0,-110.0,-110.0,0.0,0.0,0.0,0.0,0.0,2026-08-07T03:26:40.888653+00:00,0.1845806002877658,0.6293903125731133,0.24567878736846094,-0.3550085118826929,-0.3673058669882063,0.6,1.0,0.6,0.0,0.0,0.0,0.0,1.0,0.0,0.0,batter_pitcher_profile_network_v2,1.0,0.8,0.509403402572072,0.0,0.730078466547937,-0.16442837301587304,-0.10155567718285777,0.0,47.0,13.357531283602533,0.020525493719062142,-0.008192293399707751,-0.0008192293399707752,0.08334960317460313,-0.009059559558089,0.0,47.0,13.358789546985012,0.03926183810425068,0.05852230241916744,0.009363568387066791,0.14423710317460303,0.38199844933632965,0.0,47.0,12.46349778325617,-0.06409446708788893,-0.037063404176908676,-0.001853170208845434,0.44533055555555545,0.16528559959310468,0.0,47.0,12.976871581981152,0.11454831444060136,0.15065952469228389,0.0037664881173070973,0.4995597222222221,0.27558211423464973,0.0,47.0,12.720161928047197,0.058382208717997125,0.1113269549158726,0.0066796172949523565
2026-07-25,Munetaka_Murakami,808959,hitter,CWS,HOU,2026,824571,73,145,117,1,686613.0,Hunter_Brown,1.0,1.0,0.0,0.0,0.0,4.0,4.0,0.0,1.0,2.0,0.12121212121212122,0.2225,0.2225,0.0,0.0,26.7,8.571428571428571,6.821428571428572,2.8434065934065944,1.08,0.0,78.0,0,1.0,-0.4999999999999997,-0.8660254037844388,-0.9749279121818236,-0.2225209339563146,0.5,0.5,0.5,0.5,0.5,0.5,0.5,0.5,0.5,0.5,synthetic,synthetic,synthetic,synthetic,synthetic,0.0,0.0,0.0,0.0,0.0,-110.0,-110.0,-110.0,-110.0,-110.0,-110.0,-110.0,-110.0,-110.0,-110.0,0.0,0.0,0.0,0.0,0.0,2026-08-07T03:26:40.888653+00:00,0.3354624340952641,0.5462067463874245,0.2664693134184839,-0.4696386243966975,-0.43864047162737646,0.6,1.0,0.8,0.0,0.0,1.0,2.0,1.0,0.0,0.0,batter_pitcher_profile_network_v2,1.0,0.5,0.6725780742034896,0.0,0.6338045929550362,-0.16135998677248714,-0.46389478291316527,0.0,48.0,12.34747517297831,0.0295109643831913,-0.024508859180559457,-0.002450885918055946,0.045854761904761565,-0.3751635154061625,0.0,48.0,12.671647836220309,0.07487222537590578,0.10667568764867619,0.01706811002378819,0.13295337301587248,0.08747934173669478,0.0,48.0,13.908489637757459,0.005126082884559537,0.008934220417626659,0.00044671102088133293,0.36758495370370375,-0.23989565826330533,0.0,48.0,12.939260660682958,0.2193277556679302,0.19045502413209792,0.004761375603302448,0.4311995370370366,-0.06433613445378142,0.0,48.0,13.563364536575229,0.07641641846567983,0.048229069280654624,0.0028937441568392774
2026-07-26,Munetaka_Murakami,808959,hitter,CWS,HOU,2026,824572,74,145,117,1,669854.0,Ronel_Blanco,3.0,9.0,3.0,2.0,6.0,5.0,5.0,0.0,0.0,2.0,0.1282051282051282,1.018,1.018,1.2,30.0,65.0,7.7142857142857135,15.428571428571427,1.9862637362637368,1.08,-4.0,90.0,0,1.0,-0.4999999999999997,-0.8660254037844388,-0.7818314824680299,0.6234898018587334,0.5,1.5,0.5,0.5,0.5,0.5,1.5,0.5,0.5,0.5,synthetic,synthetic,synthetic,synthetic,synthetic,0.0,0.0,0.0,0.0,0.0,-110.0,-110.0,-110.0,-110.0,-110.0,-110.0,-110.0,-110.0,-110.0,-110.0,0.0,0.0,0.0,0.0,0.0,2026-08-07T03:26:40.888653+00:00,0.0753898185594093,1.3316147078065854,0.5279292691568633,-0.09406961375767264,-0.23339946903024517,0.8,1.2,0.8,0.0,0.0,1.0,1.0,0.0,0.0,0.0,batter_pitcher_profile_network_v2,1.0,0.05,0.9425,0.0,0.5117271875,-0.09296498015873084,-0.30000000000000004,0.0,49.0,13.681471292634777,0.013078873743295012,-0.0016036459077381072,-0.00016036459077381073,0.09814742063492007,0.09999999999999998,0.0,49.0,14.118830115751447,0.05322671741500436,0.08040442379115734,0.012864707806585175,0.19451339285714203,0.7,0.0,49.0,10.908570883326345,-0.039276747958204516,-0.03144758389570455,-0.0015723791947852277,0.3737701388888889,0.6,0.0,49.0,11.347885493021211,0.2003203799014261,0.21321544969309275,0.005330386242327319,0.46983263888888827,0.6,0.0,49.0,11.544087827359409,0.06990132944082769,0.06863522312228741,0.004118113387337244
2026-07-27,Munetaka_Murakami,808959,hitter,CWS,NYY,2026,824570,75,145,147,1,608331.0,Max_Fried,1.0,1.0,1.0,0.0,0.0,5.0,3.0,2.0,1.0,2.0,0.12195121951219512,0.454,0.454,0.0,0.0,54.480000000000004,5.5,8.700000000000001,2.170686456400742,1.08,0.0,74.0,0,1.0,-0.4999999999999997,-0.8660254037844388,0.0,1.0,1.5,2.5,0.5,0.5,1.5,1.5,2.5,0.5,0.5,1.5,synthetic,synthetic,synthetic,synthetic,synthetic,0.0,0.0,0.0,0.0,0.0,-110.0,-110.0,-110.0,-110.0,-110.0,-110.0,-110.0,-110.0,-110.0,-110.0,0.0,0.0,0.0,0.0,0.0,2026-08-07T03:26:40.888653+00:00,-0.11312998583263112,0.589141523736088,0.7625725543029158,0.0023772765787879457,0.35806437659355295,1.2,2.6,1.0,0.4,1.2,3.0,9.0,3.0,2.0,6.0,batter_pitcher_profile_network_v2,1.0,0.7,0.5237831757014433,0.0,0.7000855926836013,0.043074746646252,-0.3050452107276407,0.0,49.0,13.657325480516114,-0.022337718766480483,-0.0062573677158761516,-0.0006257367715876152,0.2900226706036741,-0.41907849081283766,0.0,49.0,12.698912794544885,-0.032159719513032606,-0.10612004982018407,-0.01697920797122945,0.3371039206036739,-0.3521440856820278,0.0,49.0,12.49175980922376,-0.06487480671636882,-0.12140610204974642,-0.006070305102487321,0.5740386574074074,-0.4792122767553296,0.0,49.0,11.653714574435048,0.00209182161496663,-0.12890893684848206,-0.0032227234212120516,0.6672053240740736,-0.41624086416978084,0.0,49.0,12.020542737323009,-0.11442973076114121,-0.218076339547092,-0.013084580372825519
2026-07-28,Munetaka_Murakami,808959,hitter,CWS,NYY,2026,824569,76,145,147,1,543037.0,Gerrit_Cole,1.0,2.0,0.0,0.0,0.0,4.0,4.0,0.0,2.0,2.0,0.1111111111111111,0.3175,0.3175,0.25,21.25,49.35,3.7067669172932334,11.556390977443607,2.3849721706864564,1.08,15.0,73.0,0,1.0,-0.4999999999999997,-0.8660254037844388,0.7818314824680298,0.6234898018587336,1.5,2.5,1.5,0.5,1.5,1.5,2.5,1.5,0.5,1.5,synthetic,synthetic,synthetic,synthetic,synthetic,0.0,0.0,0.0,0.0,0.0,-110.0,-110.0,-110.0,-110.0,-110.0,-110.0,-110.0,-110.0,-110.0,-110.0,0.0,0.0,0.0,0.0,0.0,2026-08-07T03:26:40.888653+00:00,-0.5481162649075176,-0.2985922148633535,-0.4683330334886153,-0.0787522678631356,-0.6388314129437217,1.2,2.6,1.2,0.4,1.2,1.0,1.0,1.0,0.0,0.0,batter_pitcher_profile_network_v2,1.0,0.65,0.5406966938779711,0.0,0.6844470257499665,0.16399768518518504,-0.10119784638483713,0.0,49.0,14.625565262306752,-0.036425315604898,-0.007622695294622978,-0.0007622695294622978,0.37949999999999995,0.07635483938185855,0.0,49.0,14.441899543364709,-0.05658333511832266,-0.07156592622929568,-0.011450548196687308,0.4347916666666666,-0.06002574410095786,0.0,49.0,14.401929966300683,-0.12714562433116264,-0.13913284045876181,-0.006956642022938091,0.5865497685185187,0.23655531107997171,0.0,49.0,13.834744402226635,-0.06281972019028191,0.0009092854745777063,2.2732136864442656e-05,0.7207685185185185,0.026927872251243393,0.0,49.0,14.339147799900353,-0.16736797053808228,-0.1166114690785198,-0.0069966881447111875
2026-07-29,Munetaka_Murakami,808959,hitter,CWS,NYY,2026,824567,77,145,147,1,693645.0,Cam_Schlittler,1.0,4.0,3.0,1.0,1.0,5.0,4.0,1.0,2.0,2.0,0.1111111111111111,0.558,0.558,0.75,30.0,65.0,2.976923076923077,13.147552447552448,2.5408163265306123,1.08,9.0,75.0,0,1.0,-0.4999999999999997,-0.8660254037844388,0.9749279121818236,-0.22252093395631434,1.5,1.5,0.5,0.5,1.5,1.5,2.5,0.5,0.5,1.5,synthetic,real,real,real,synthetic,0.0,9.0,8.0,7.0,0.0,-110.0,141.740055,165.073514,399.610629,-110.0,-110.0,-145.723012,-239.545252,0.0,-110.0,0.0,0.5270462766947299,0.7071067811865476,0.0,0.0,2026-07-30T00:28:52.112372+00:00,-0.47807851297226334,1.7822623619604183,0.4011942261086323,0.06336677417835279,-0.5688232654024581,1.4,3.0,1.0,0.4,1.2,1.0,2.0,0.0,0.0,0.0,batter_pitcher_profile_network_v2,1.0,1.0,0.41618548945008854,0.0,0.7990172775423641,0.10109002442403034,-0.46317256565301357,0.0,49.0,13.41334671361846,-0.02773912214293839,-0.027335436558652934,-0.0027335436558652937,0.355317115048119,-0.39740468504453164,0.0,49.0,13.537174262270979,-0.05679581754765321,-0.16763107108071884,-0.026820971372915014,0.3901664206036747,-0.4044854906397912,0.0,49.0,12.819536698710762,-0.09779615053839362,-0.1899318043579689,-0.009496590217898445,0.6530226851851851,-0.3519840875602549,0.0,49.0,13.233886614657644,-0.05513716938602532,-0.1893290328658893,-0.0047332258216472335,0.7460539351851854,-0.38695884843154527,0.0,49.0,12.965459613304223,-0.15151528139937867,-0.28217913992759,-0.016930748395655396
2026-07-30,Munetaka_Murakami,808959,hitter,CWS,NYY,2026,824568,78,145,147,1,677960.0,Ryan_Weathers,1.0,1.0,0.0,0.0,0.0,5.0,4.0,1.0,2.0,2.0,0.11904761904761904,0.316,0.316,0.0,0.0,37.92,4.306197478991597,10.295168067226891,3.312244897959183,1.08,0.0,84.0,0,1.0,-0.4999999999999997,-0.8660254037844388,0.43388373911755823,-0.900968867902419,1.5,3.5,1.5,0.5,1.5,1.5,3.5,1.5,0.5,1.5,synthetic,synthetic,synthetic,synthetic,synthetic,0.0,0.0,0.0,0.0,0.0,-110.0,-110.0,-110.0,-110.0,-110.0,-110.0,-110.0,-110.0,-110.0,-110.0,0.0,0.0,0.0,0.0,0.0,2026-08-07T03:26:40.888653+00:00,-0.24818080718781355,-0.6797719589332596,-0.003629635577883761,0.04458991546200075,-0.2849368324255417,1.4,3.4,1.4,0.6,1.4,1.0,4.0,3.0,1.0,1.0,batter_pitcher_profile_network_v2,1.0,1.0,0.4042001587714643,0.0,0.8004854805504956,0.05824259259259269,0.006090208553056918,0.0,50.0,15.58451908774544,-0.049637631996768114,0.00021133588496866776,2.1133588496866777e-05,0.3557444444444446,0.06231406910942519,0.0,50.0,15.500480542139707,-0.07806324335914935,-0.1038872433328732,-0.016621958933259712,0.364541666666667,0.11906566983068537,0.0,50.0,15.482817986766015,-0.14169794278875572,-0.11583760951685484,-0.005791880475842743,0.7478467592592593,0.104967577881355,0.0,50.0,15.229960315846897,-0.08717346823961143,-0.04040338151997136,-0.001010084537999284,0.7863675925925927,0.16334198562015906,0.0,50.0,15.1654140623644,-0.19868430842759582,-0.07248462205834533,-0.004349077323500719
2026-07-31,Munetaka_Murakami,808959,hitter,CWS,TB,2026,822945,79,145,139,0,607259.0,Nick_Martinez,2.0,5.0,2.0,1.0,2.0,4.0,4.0,0.0,0.0,2.0,0.10810810810810811,0.7475,0.7475,0.75,30.0,65.0,0.5000000000000006,5.5,2.0571428571428565,1.08,0.0,72.0,0,1.0,-0.4999999999999997,-0.8660254037844388,-0.433883739117558,-0.9009688679024191,1.5,3.5,1.5,0.5,1.5,1.5,3.5,1.5,0.5,1.5,synthetic,synthetic,synthetic,synthetic,synthetic,0.0,0.0,0.0,0.0,0.0,-110.0,-110.0,-110.0,-110.0,-110.0,-110.0,-110.0,-110.0,-110.0,-110.0,0.0,0.0,0.0,0.0,0.0,2026-08-07T03:26:40.888653+00:00,-0.13034279171559526,-0.02131771415188677,-0.265165820665755,0.204635957371599,-0.4037357223182676,1.4,3.4,1.4,0.6,1.4,1.0,1.0,0.0,0.0,0.0,batter_pitcher_profile_network_v2,1.0,1.0,0.3536655158444665,0.0,0.8066759743090528,0.05604809969853605,0.1065285526446308,0.0,50.0,15.934230812370025,-0.04203539721934048,0.00385908413105139,0.000385908413105139,0.3572249677002587,0.01591257387733111,0.0,50.0,16.244729379266772,-0.08743586986114352,-0.1274798012871295,-0.02039676820594072,0.3687492732558144,-0.31228117391424487,0.0,50.0,14.812577886031507,-0.08785594524351868,-0.16228359478228133,-0.008114179739114066,0.7520023148148148,-0.06854170730660121,0.0,50.0,15.874363016392328,-0.10524734907329594,-0.13856170513603794,-0.0034640426284009485,0.8041585648148152,-0.2595058920255909,0.0,50.0,15.10454265053722,-0.19744944030923756,-0.2829666718424252,-0.01697800031054551
2026-08-01,Munetaka_Murakami,808959,hitter,CWS,TB,2026,822944,80,145,139,0,656876.0,Drew_Rasmussen,1.0,1.0,0.0,0.0,0.0,4.0,4.0,0.0,3.0,2.0,0.125,0.2225,0.2225,0.0,0.0,26.7,1.2,11.357142857142856,1.6285714285714281,1.08,0.0,72.0,0,1.0,-0.8660254037844385,-0.5000000000000004,-0.9749279121818236,-0.2225209339563146,1.5,2.5,1.5,0.5,0.5,1.5,2.5,1.5,0.5,0.5,synthetic,synthetic,synthetic,synthetic,synthetic,0.0,0.0,0.0,0.0,0.0,-110.0,-110.0,-110.0,-110.0,-110.0,-110.0,-110.0,-110.0,-110.0,-110.0,0.0,0.0,0.0,0.0,0.0,2026-08-07T03:26:40.888653+00:00,-0.41212132025500803,-0.054011871734131134,-0.39584923811945205,-0.09102345612303353,0.22185284462089316,1.2,2.6,1.2,0.4,0.6,2.0,5.0,2.0,1.0,2.0,batter_pitcher_profile_network_v2,1.0,1.0,0.40393761740250483,0.0,0.8005176418681932,0.015847033807063288,-0.2368255907319759,0.0,50.0,16.65392509292002,-0.004225757110121672,-0.0022370120738903817,-0.00022370120738903819,0.25472981266149913,-0.20164084952451117,0.0,50.0,16.609390667979238,0.023382107752457217,0.004457051661678112,0.0007131282658684978,0.2990666182170549,-0.24128604602813042,0.0,50.0,16.010972430842493,0.004956029283232011,-0.0380561909604698,-0.00190280954802349,0.6395023148148149,-0.1302356672921649,0.0,50.0,16.409015420093386,0.18470541305639615,0.1350617550786576,0.0033765438769664405,0.659887731481482,-0.20502797845030202,0.0,50.0,16.115962713432236,-0.07749011548844012,-0.13876211346130318,-0.00832572680767819
2026-08-02,Munetaka_Murakami,808959,hitter,CWS,TB,2026,822943,81,145,139,0,643377.0,Griffin_Jax,1.0,2.0,0.0,0.0,0.0,5.0,5.0,0.0,2.0,2.0,0.125,0.254,0.254,0.2,17.0,39.480000000000004,5.229411764705882,11.394117647058826,0.9857142857142852,1.08,0.0,72.0,0,1.0,-0.8660254037844385,-0.5000000000000004,-0.7818314824680299,0.6234898018587334,1.5,2.5,0.5,0.5,0.5,1.5,2.5,0.5,0.5,0.5,synthetic,synthetic,synthetic,synthetic,synthetic,0.0,0.0,0.0,0.0,0.0,-110.0,-110.0,-110.0,-110.0,-110.0,-110.0,-110.0,-110.0,-110.0,-110.0,0.0,0.0,0.0,0.0,0.0,2026-08-07T03:26:40.888653+00:00,-0.5801351266449819,-0.3570980177327221,0.1806660830884005,-0.09910100077863543,-0.1202961028295319,1.2,2.6,1.0,0.4,0.6,1.0,1.0,0.0,0.0,0.0,batter_pitcher_profile_network_v2,1.0,0.85,0.44468552207266443,0.0,0.7511971200141838,-0.061158101851851686,-0.19859925692701288,0.0,50.0,17.47905172823778,0.001706749167236079,-0.006744823872786842,-0.0006744823872786843,0.18823472222222246,-0.1337733602062787,0.0,50.0,17.499735720858926,0.0237054314297172,0.021574889170484356,0.003451982267277497,0.26887500000000036,-0.1298807824403646,0.0,50.0,17.198785361258146,-0.03200010090873926,-0.05139262394627345,-0.0025696311973136725,0.5849773148148147,-0.0789763856839857,0.0,50.0,17.206353697681568,0.13761516123157722,0.11195996885458372,0.0027989992213645933,0.6463939814814816,-0.1221989883851629,0.0,50.0,17.11400493055681,-0.1144445178912897,-0.1296969519207698,-0.0077818171152461875
2026-08-04,Munetaka_Murakami,808959,hitter,CWS,BOS,2026,824731,82,145,111,0,663776.0,Patrick_Sandoval,1.0,1.0,0.0,0.0,0.0,4.0,4.0,0.0,3.0,2.0,0.1111111111111111,0.2225,0.2225,0.0,0.0,26.7,3.6,9.128571428571428,1.4538461538461542,1.08,2.0,82.0,0,2.0,-0.8660254037844385,-0.5000000000000004,0.7818314824680298,0.6234898018587336,1.5,2.5,0.5,0.5,0.5,1.5,2.5,0.5,0.5,0.5,synthetic,synthetic,synthetic,synthetic,synthetic,0.0,0.0,0.0,0.0,0.0,-110.0,-110.0,-110.0,-110.0,-110.0,-110.0,-110.0,-110.0,-110.0,-110.0,0.0,0.0,0.0,0.0,0.0,2026-08-07T03:26:40.888653+00:00,-0.4212080586080589,-0.48485348818533724,0.1667581505232658,-0.19253905100737045,-0.12184615012535455,1.2,2.6,1.0,0.4,0.6,1.0,2.0,0.0,0.0,0.0,batter_pitcher_profile_network_v2,1.0,0.2,0.7503034654986487,0.0,0.5516175650952831,-0.17222138781223026,0.11405126635909994,0.0,50.0,17.68910816071831,0.023569639728715796,0.0,0.0,0.11719654392764912,0.09504409895490068,0.0,50.0,17.90646588314062,0.019138190521572607,0.03148861550830672,0.0050381784813290755,0.1683180717054269,-0.02926975253428736,0.0,50.0,17.931185892635245,-0.0999529813660867,-0.10118314338083777,-0.005059157169041889,0.6253171296296298,-0.025086714998587636,0.0,50.0,17.84900498959152,0.07835498734928022,0.07443795970518248,0.0018609489926295622,0.6005983796296301,0.031345557543232046,0.0,50.0,17.820827181919846,-0.16082606813817588,-0.11591874140548265,-0.006955124484328959
2026-08-05,Munetaka_Murakami,808959,hitter,CWS,BOS,2026,824728,83,145,111,0,543243.0,Sonny_Gray,0.0,0.0,0.0,0.0,0.0,4.0,3.0,1.0,1.0,2.0,0.11764705882352941,0.1725,0.1725,0.0,0.0,20.7,5.214285714285714,6.442857142857143,1.4538461538461542,1.08,4.0,84.0,0,1.0,-0.8660254037844385,-0.5000000000000004,0.9749279121818236,-0.22252093395631434,1.5,1.5,0.5,0.5,0.5,1.5,1.5,0.5,0.5,0.5,synthetic,synthetic,synthetic,synthetic,synthetic,0.0,0.0,0.0,0.0,0.0,-110.0,-110.0,-110.0,-110.0,-110.0,-110.0,-110.0,-110.0,-110.0,-110.0,0.0,0.0,0.0,0.0,0.0,2026-08-07T03:26:40.888653+00:00,-0.26980693268972833,-0.01733532045444286,-0.2353736417689431,-0.3340248086885732,-0.2710522175238005,1.2,2.0,0.4,0.2,0.4,1.0,1.0,0.0,0.0,0.0,batter_pitcher_profile_network_v2,1.0,1.0,0.3331904610312999,0.0,0.8091841685236658,-0.2102106481481479,-0.130253176591009,0.0,51.0,18.29496942502491,0.0037587483619535545,-0.0182576483797217,-0.00182576483797217,0.08801388888888914,-0.14490509758717818,0.0,51.0,18.14965967262328,0.0053323890709251805,-0.0005056793108556539,-8.090868973690463e-05,0.13556250000000017,-0.3000384713550456,0.0,51.0,16.92380953207747,-0.051403083546194085,-0.07852487157795776,-0.003926243578897888,0.6198726851851853,-0.17968682209910875,0.0,51.0,17.55809228324903,0.08927886793393756,0.015007652457070295,0.0003751913114267574,0.577289351851852,-0.2840871879132524,0.0,51.0,16.979626740334773,-0.13968978181272765,-0.21412443987631236,-0.01284746639257874
