Date,Player,Player_MLBAM_ID,Player_Type,Team,Opponent,Season,Game_ID,Game_Index,Team_ID,Opponent_ID,Is_Home,Opp_Starter_ID,Opp_Starter_Player,H,TB,R,HR,RBI,PA,AB,BB,SO,Batting_Order,Team_PA_share,wOBA,xwOBA,ISO,Barrel%,HardHit%,Opp_Pitcher_ERA_3,Opp_Pitcher_K9_3,Opp_Bullpen_ERA_7,Park_Factor,Wind_Out_MPH,Temp_F,Did_Not_Play,Rest_Days,Month_sin,Month_cos,DayOfWeek_sin,DayOfWeek_cos,Market_H,Market_TB,Market_R,Market_HR,Market_RBI,Synthetic_Market_H,Synthetic_Market_TB,Synthetic_Market_R,Synthetic_Market_HR,Synthetic_Market_RBI,Market_Source_H,Market_Source_TB,Market_Source_R,Market_Source_HR,Market_Source_RBI,Market_H_books,Market_TB_books,Market_R_books,Market_HR_books,Market_RBI_books,Market_H_over_price,Market_TB_over_price,Market_R_over_price,Market_HR_over_price,Market_RBI_over_price,Market_H_under_price,Market_TB_under_price,Market_R_under_price,Market_HR_under_price,Market_RBI_under_price,Market_H_line_std,Market_TB_line_std,Market_R_line_std,Market_HR_line_std,Market_RBI_line_std,Market_Fetched_At_UTC,H_market_gap,TB_market_gap,R_market_gap,HR_market_gap,RBI_market_gap,H_rolling_avg,TB_rolling_avg,R_rolling_avg,HR_rolling_avg,RBI_rolling_avg,H_lag1,TB_lag1,R_lag1,HR_lag1,RBI_lag1,Matchup_Network_Version,Matchup_Network_Batter_Support,Matchup_Network_Pitcher_Support,Pitcher_Profile_Uncertainty,Batter_Vs_Starter_Games,Matchup_Network_Confidence,Batter_Profile_H_Strength,Pitcher_Profile_H_Vulnerability,Batter_Vs_Starter_H_Lift,Archetype_Neighbor_H_Games,Archetype_Neighbor_H_Effective_Support,Archetype_Neighbor_H_Lift,Matchup_Network_H_Score,Matchup_Network_H_Adjustment,Batter_Profile_TB_Strength,Pitcher_Profile_TB_Vulnerability,Batter_Vs_Starter_TB_Lift,Archetype_Neighbor_TB_Games,Archetype_Neighbor_TB_Effective_Support,Archetype_Neighbor_TB_Lift,Matchup_Network_TB_Score,Matchup_Network_TB_Adjustment,Batter_Profile_R_Strength,Pitcher_Profile_R_Vulnerability,Batter_Vs_Starter_R_Lift,Archetype_Neighbor_R_Games,Archetype_Neighbor_R_Effective_Support,Archetype_Neighbor_R_Lift,Matchup_Network_R_Score,Matchup_Network_R_Adjustment,Batter_Profile_HR_Strength,Pitcher_Profile_HR_Vulnerability,Batter_Vs_Starter_HR_Lift,Archetype_Neighbor_HR_Games,Archetype_Neighbor_HR_Effective_Support,Archetype_Neighbor_HR_Lift,Matchup_Network_HR_Score,Matchup_Network_HR_Adjustment,Batter_Profile_RBI_Strength,Pitcher_Profile_RBI_Vulnerability,Batter_Vs_Starter_RBI_Lift,Archetype_Neighbor_RBI_Games,Archetype_Neighbor_RBI_Effective_Support,Archetype_Neighbor_RBI_Lift,Matchup_Network_RBI_Score,Matchup_Network_RBI_Adjustment
2026-03-03,Byron_Buxton,621439,hitter,USA,SF,2026,831720,0,940,137,0,605288.0,Adrian_Houser,0.0,0.0,0.0,0.0,0.0,3.0,2.0,1.0,0.0,8.0,0.0535714285714285,0.2299999999999999,0.2299999999999999,0.0,0.0,27.6,4.1,8.2,0.0,1.038888888888889,5.0,81.0,0,2.0,1.0,6.123233995736766e-17,0.7818314824680298,0.6234898018587336,0.5,0.5,0.5,0.5,0.5,0.5,0.5,0.5,0.5,0.5,synthetic,synthetic,synthetic,synthetic,synthetic,0.0,0.0,0.0,0.0,0.0,-110.0,-110.0,-110.0,-110.0,-110.0,-110.0,-110.0,-110.0,-110.0,-110.0,0.0,0.0,0.0,0.0,0.0,2026-08-26T14:02:39.082451+00:00,-0.4979166666666667,-0.4610833333333334,-0.5,-0.4875555555555555,-0.5,0.0,0.0,0.0,0.0,0.0,0.0,0.0,0.0,0.0,0.0,,0.0,0.0,1.0,0.0,0.0,0.0,0.0,0.0,0.0,0.0,0.0,0.0,0.0,0.0,0.0,0.0,0.0,0.0,0.0,0.0,0.0,0.0,0.0,0.0,0.0,0.0,0.0,0.0,0.0,0.0,0.0,0.0,0.0,0.0,0.0,0.0,0.0,0.0,0.0,0.0,0.0,0.0,0.0,0.0,0.0
2026-03-20,Byron_Buxton,621439,hitter,MIN,TOR,2026,831604,1,142,141,1,453286.0,Max_Scherzer,0.0,0.0,0.0,0.0,0.0,3.0,3.0,0.0,2.0,1.0,0.0909090909090909,0.0,0.0,0.0,0.0,10.0,4.1,8.2,2.15546218487395,1.08,0.0,73.0,0,17.0,1.0,6.123233995736766e-17,-0.433883739117558,-0.9009688679024191,0.5,0.5,0.5,0.5,0.5,0.5,0.5,0.5,0.5,0.5,synthetic,synthetic,synthetic,synthetic,synthetic,0.0,0.0,0.0,0.0,0.0,-110.0,-110.0,-110.0,-110.0,-110.0,-110.0,-110.0,-110.0,-110.0,-110.0,0.0,0.0,0.0,0.0,0.0,2026-08-26T14:02:39.082451+00:00,-0.37442095525172997,-0.5,-0.5,-0.4745454566429442,-0.5,0.0,0.0,0.0,0.0,0.0,0.0,0.0,0.0,0.0,0.0,batter_pitcher_profile_network_v2,0.0333333333333333,0.1,0.6790165042944956,0.0,0.043348714489059,-0.0155555555555555,-0.5491373626373627,0.0,0.0,0.0,0.0,-9.1396163849844e-05,-9.1396163849844e-06,-0.3366666666666666,-0.6237527472527472,0.0,0.0,0.0,0.0,-0.0022468497849087,-0.0003594959655854,-0.3375,-0.6036904761904761,0.0,0.0,0.0,0.0,-0.002179965142932,-0.0001089982571466,-0.8718055555555556,-0.6237527472527472,0.0,0.0,0.0,0.0,-0.0058182657177691,-0.0001454566429442,-0.8780555555555556,-0.7370238095238095,0.0,0.0,0.0,0.0,-0.0069241259767044,-0.0004154475586022
2026-03-22,Byron_Buxton,621439,hitter,MIN,ATL,2026,831492,2,142,144,1,625643.0,Reynaldo_López,1.0,4.0,2.0,1.0,1.0,3.0,2.0,1.0,1.0,2.0,0.0833333333333333,0.93,0.93,1.5,30.0,65.0,3.2045454545454546,10.159090909090908,1.0285714285714287,1.08,0.0,79.0,0,2.0,1.0,6.123233995736766e-17,-0.7818314824680299,0.6234898018587334,0.5,0.5,0.5,0.5,0.5,0.5,0.5,0.5,0.5,0.5,synthetic,synthetic,synthetic,synthetic,synthetic,0.0,0.0,0.0,0.0,0.0,-110.0,-110.0,-110.0,-110.0,-110.0,-110.0,-110.0,-110.0,-110.0,-110.0,0.0,0.0,0.0,0.0,0.0,2026-08-26T14:02:39.082451+00:00,-0.5,1.705211217704862,-0.13544392055573812,-0.024600628481241282,-0.36480482564212,0.0,0.0,0.0,0.0,0.0,0.0,0.0,0.0,0.0,0.0,batter_pitcher_profile_network_v2,0.0666666666666666,0.15,0.8336410980934741,0.0,0.0705151781558657,-0.9562499999999998,-0.3598463491295938,0.0,0.0,0.0,0.0,-0.0038163072728873,-0.0003816307272887,-0.9708333333333332,-0.5449359284332689,0.0,0.0,0.0,0.0,-0.0058673893446145,-0.0009387822951383,-0.6895833333333332,-0.3203289007092197,0.0,0.0,0.0,0.0,-0.0024498396861904,-0.0001224919843095,-0.95625,-0.7567045454545455,0.0,0.0,0.0,0.0,-0.0080251392496553,-0.0002006284812413,-0.8312499999999998,-0.4219468085106382,0.0,0.0,0.0,0.0,-0.0038899511781931,-0.0002333970706915
2026-03-24,Byron_Buxton,621439,hitter,MIN,BOS,2026,832037,3,142,111,1,624133.0,Ranger_Suarez,1.0,4.0,2.0,1.0,2.0,3.0,2.0,1.0,0.0,2.0,0.0697674418604651,0.93,0.93,1.5,30.0,65.0,3.0,6.0,1.0714285714285714,1.08,0.0,82.0,0,2.0,1.0,6.123233995736766e-17,0.7818314824680298,0.6234898018587336,0.5,1.5,0.5,0.5,0.5,0.5,1.5,0.5,0.5,0.5,synthetic,synthetic,synthetic,synthetic,synthetic,0.0,0.0,0.0,0.0,0.0,-110.0,-110.0,-110.0,-110.0,-110.0,-110.0,-110.0,-110.0,-110.0,-110.0,0.0,0.0,0.0,0.0,0.0,2026-08-26T14:02:39.082451+00:00,0.06979197513184665,2.077908223232272,0.556349427181589,0.3088876170399305,0.008131709894143135,0.3333333333333333,1.3333333333333333,0.6666666666666666,0.3333333333333333,0.3333333333333333,1.0,4.0,2.0,1.0,1.0,batter_pitcher_profile_network_v2,0.1,0.05,0.9425,0.0,0.0617271875,-0.1349305555555552,-0.3004090909090909,0.0,0.0,0.0,0.0,-0.0002330726017992,-2.3307260179924194e-05,0.2162500000000002,-0.4749431818181818,0.0,0.0,0.0,0.0,-0.000590562162642,-9.448994602272738e-05,0.2156250000000004,-0.7362992424242423,0.0,0.0,0.0,0.0,-0.0009128960138494,-4.564480069247168e-05,0.5390277777777778,-0.5899999999999999,0.0,0.0,0.0,0.0,-0.0018286517361111,-4.571629340277777e-05,0.6213194444444446,-0.7132878787878786,0.0,0.0,0.0,0.0,-0.0025482828643202,-0.0001528969718592
2026-03-26,Byron_Buxton,621439,hitter,MIN,BAL,2026,824865,4,142,110,0,669432.0,Trevor_Rogers,1.0,3.0,1.0,0.0,0.0,4.0,4.0,0.0,1.0,2.0,0.1142857142857142,0.405,0.405,0.5,30.0,65.0,10.339285714285714,11.330357142857144,1.1220779220779222,1.08,10.0,77.0,0,2.0,1.0,6.123233995736766e-17,0.43388373911755823,-0.900968867902419,0.5,1.5,0.5,0.5,0.5,0.5,1.5,0.5,0.5,0.5,synthetic,synthetic,synthetic,synthetic,synthetic,0.0,0.0,0.0,0.0,0.0,-110.0,-110.0,-110.0,-110.0,-110.0,-110.0,-110.0,-110.0,-110.0,-110.0,0.0,0.0,0.0,0.0,0.0,2026-08-26T14:02:39.082451+00:00,-0.03901347453963705,1.1044027750359198,0.5398119667318959,0.1757794588074555,0.3494938378424892,0.5,2.0,1.0,0.5,0.75,1.0,4.0,2.0,1.0,2.0,batter_pitcher_profile_network_v2,0.1333333333333333,0.15,0.8895484328654293,0.0,0.1028212142127644,0.2995833333333332,0.5015172413793102,0.0,0.0,0.0,0.0,0.0022126572010332,0.0002212657201033,0.5199999999999999,0.5735646551724136,0.0,0.0,0.0,0.0,0.0043923439744976,0.0007027750359196,0.4968749999999999,0.568699712643678,0.0,0.0,0.0,0.0,0.0041614125599939,0.0002080706279996,0.8433333333333334,0.5779827586206896,0.0,0.0,0.0,0.0,0.0071783522982238,0.0001794588074555,0.7589583333333333,0.730574712643678,0.0,0.0,0.0,0.0,0.0081656956432209,0.0004899417385932
2026-03-28,Byron_Buxton,621439,hitter,MIN,BAL,2026,824862,5,142,110,0,680694.0,Kyle_Bradish,2.0,2.0,1.0,0.0,0.0,4.0,4.0,0.0,1.0,2.0,0.1142857142857142,0.445,0.445,0.0,0.0,53.4,0.0,4.33125,0.9935064935064934,1.08,-9.0,46.0,0,2.0,1.0,6.123233995736766e-17,-0.9749279121818236,-0.2225209339563146,0.5,2.5,0.5,0.5,0.5,0.5,2.5,0.5,0.5,0.5,synthetic,synthetic,synthetic,synthetic,synthetic,0.0,0.0,0.0,0.0,0.0,-110.0,-110.0,-110.0,-110.0,-110.0,-110.0,-110.0,-110.0,-110.0,-110.0,0.0,0.0,0.0,0.0,0.0,2026-08-26T14:02:39.082451+00:00,0.22784855898987333,-0.49766443643386893,0.4141058594825423,-0.1952421131181462,-0.06997013109533673,0.6,2.2,1.0,0.4,0.6,1.0,3.0,1.0,0.0,0.0,batter_pitcher_profile_network_v2,0.1666666666666666,0.1,0.5489776590544825,0.0,0.1116083570099159,0.3509166666666665,-0.4028024193548388,0.0,0.0,0.0,0.0,-0.0106253408371973,-0.0010625340837197,0.5584999999999999,-0.500866935483871,0.0,0.0,0.0,0.0,-0.0210277277116839,-0.0033644364338694,0.5125,-0.5552083333333332,0.0,0.0,0.0,0.0,-0.0213893038556475,-0.0010694651927823,0.8946666666666667,-0.500866935483871,0.0,0.0,0.0,0.0,-0.0336845247258488,-0.0008421131181462,0.8196666666666665,-0.6885416666666666,0.0,0.0,0.0,0.0,-0.0424242628443578,-0.0025454557706614
2026-03-29,Byron_Buxton,621439,hitter,MIN,BAL,2026,824864,6,142,110,0,669358.0,Shane_Baz,1.0,2.0,0.0,0.0,0.0,5.0,4.0,1.0,2.0,2.0,0.1162790697674418,0.392,0.392,0.25,21.25,58.29,4.5,12.0,1.314935064935065,1.08,13.0,56.0,0,1.0,1.0,6.123233995736766e-17,-0.7818314824680299,0.6234898018587334,0.5,2.5,1.5,0.5,0.5,0.5,2.5,1.5,0.5,0.5,synthetic,synthetic,synthetic,synthetic,synthetic,0.0,0.0,0.0,0.0,0.0,-110.0,-110.0,-110.0,-110.0,-110.0,-110.0,-110.0,-110.0,-110.0,-110.0,0.0,0.0,0.0,0.0,0.0,2026-08-26T14:02:39.082451+00:00,0.31951032592322626,-0.10916167247916109,-0.4676166239249653,-0.07908564844970273,-0.0653985711202244,1.0,2.6,1.2,0.4,0.6,2.0,2.0,1.0,0.0,0.0,batter_pitcher_profile_network_v2,0.2,0.1,0.9120495128834868,0.0,0.1238273934671772,0.3636574074074072,-0.652375,0.0,0.0,0.0,0.0,-0.0041730923231606,-0.000417309232316,0.5680555555555554,-0.7433437500000001,0.0,0.0,0.0,0.0,-0.0074276041575483,-0.0011884166652077,0.5229166666666666,-0.4892395833333333,0.0,0.0,0.0,0.0,-0.0045001015739093,-0.0002250050786954,0.9074074074074074,-0.7785000000000001,0.0,0.0,0.0,0.0,-0.0124259379881113,-0.0003106484497027,0.8386574074074074,-0.5530416666666667,0.0,0.0,0.0,0.0,-0.0081585068914879,-0.0004895104134892
2026-03-30,Byron_Buxton,621439,hitter,MIN,KC,2026,824135,7,142,118,0,663460.0,Kris_Bubic,0.0,0.0,0.0,0.0,0.0,4.0,4.0,0.0,1.0,2.0,0.125,0.0,0.0,0.0,0.0,10.0,0.0,10.0,1.9042207792207788,1.06,0.0,85.0,0,1.0,1.0,6.123233995736766e-17,0.0,1.0,1.5,2.5,1.5,0.5,0.5,1.5,2.5,1.5,0.5,0.5,synthetic,synthetic,synthetic,synthetic,synthetic,0.0,0.0,0.0,0.0,0.0,-110.0,-110.0,-110.0,-110.0,-110.0,-110.0,-110.0,-110.0,-110.0,-110.0,0.0,0.0,0.0,0.0,0.0,2026-08-26T14:02:39.082451+00:00,-0.42305342777376964,-0.3404294280552529,-0.783355534168107,-0.20218642133165232,-0.1450970896182487,1.2,3.0,1.2,0.4,0.6,1.0,2.0,0.0,0.0,0.0,batter_pitcher_profile_network_v2,0.2333333333333333,0.2,0.7095216826771846,0.0,0.1692833854410756,0.2680198412698411,-0.608607843137255,0.0,0.0,0.0,0.0,-0.0110559227593407,-0.001105592275934,0.5057023809523808,-0.7256299019607844,0.0,0.0,0.0,0.0,-0.0248714253453275,-0.0039794280552524,0.4553571428571427,-0.5291544117647059,0.0,0.0,0.0,0.0,-0.016331462582919,-0.0008165731291459,0.9242698412698414,-0.88525,0.0,0.0,0.0,0.0,-0.0554568532660933,-0.0013864213316523,0.859984126984127,-0.6599754901960785,0.0,0.0,0.0,0.0,-0.0384688096547954,-0.0023081285792877
2026-04-01,Byron_Buxton,621439,hitter,MIN,KC,2026,824136,8,142,118,0,702070.0,Noah_Cameron,0.0,0.0,0.0,0.0,0.0,4.0,4.0,0.0,2.0,2.0,0.0851063829787234,0.0,0.0,0.0,0.0,10.0,6.269230769230769,7.269230769230769,1.4756493506493502,1.06,-6.0,55.0,0,2.0,0.8660254037844387,-0.4999999999999998,0.9749279121818236,-0.22252093395631434,0.5,2.5,0.5,0.5,0.5,0.5,2.5,0.5,0.5,0.5,synthetic,synthetic,synthetic,synthetic,synthetic,0.0,0.0,0.0,0.0,0.0,-110.0,-110.0,-110.0,-110.0,-110.0,-110.0,-110.0,-110.0,-110.0,-110.0,0.0,0.0,0.0,0.0,0.0,2026-08-26T14:02:39.082451+00:00,0.2237858736550825,-1.15254652510249,-0.10924743896718514,-0.3398169433329184,-0.34487706954935293,1.0,2.2,0.8,0.2,0.4,0.0,0.0,0.0,0.0,0.0,batter_pitcher_profile_network_v2,0.2666666666666666,0.15,0.7986489819550467,0.0,0.1711581582899093,0.2291144636015324,0.7980192307692309,0.0,1.0,0.0,0.0,0.0098172177859009,0.00098172177859,0.4752302442528734,0.8492692307692309,0.0,1.0,0.0,0.0,0.0216706542796498,0.0034673046847439,0.4712823275862068,0.7793376068376069,0.0,1.0,0.0,0.0,0.0197210189431213,0.000986050947156,0.8219956597222222,0.8909358974358974,0.0,1.0,0.0,0.0,0.0393222666832648,0.0009830566670816,0.8089097222222221,0.8654487179487181,0.0,1.0,0.0,0.0,0.0375892755866801,0.0022553565352008
2026-04-02,Byron_Buxton,621439,hitter,MIN,KC,2026,824133,9,142,118,0,666142.0,Cole_Ragans,0.0,0.0,0.0,0.0,1.0,4.0,3.0,0.0,1.0,2.0,0.1111111111111111,0.0,0.0,0.0,0.0,10.0,6.323863636363636,12.340909090909092,2.5275974025974017,1.06,0.0,72.0,0,1.0,0.8660254037844387,-0.4999999999999998,0.43388373911755823,-0.900968867902419,0.5,1.5,0.5,0.5,0.5,0.5,1.5,0.5,0.5,0.5,synthetic,synthetic,synthetic,synthetic,synthetic,0.0,0.0,0.0,0.0,0.0,-110.0,-110.0,-110.0,-110.0,-110.0,-110.0,-110.0,-110.0,-110.0,-110.0,0.0,0.0,0.0,0.0,0.0,2026-08-26T14:02:39.082451+00:00,-0.00714155844155856,-0.6213364164848105,-0.27986719924662584,-0.47988972663491536,-0.4968428019231253,0.8,1.4,0.4,0.0,0.0,0.0,0.0,0.0,0.0,0.0,batter_pitcher_profile_network_v2,0.3,0.25,0.7159214888573474,0.0,0.2155749044037437,-0.0234978956228956,0.4866279069767441,0.0,1.0,0.0,0.0,0.0,0.0,0.2826464646464646,0.591642441860465,0.0,1.0,0.0,0.0,0.0142515636366013,0.0022802501818562,0.2683270202020203,0.8771560077519379,0.0,1.0,0.0,0.0,0.020058612470082,0.0010029306235041,0.7120671296296295,0.6,0.0,1.0,0.0,0.0,0.0364109346033853,0.0009102733650846,0.6607824074074073,0.9343992248062016,0.0,1.0,0.0,0.0,0.0526199679479126,0.0031571980768747
2026-04-03,Byron_Buxton,621439,hitter,MIN,TB,2026,823732,10,142,139,1,671212.0,Joe_Boyle,0.0,0.0,0.0,0.0,0.0,4.0,3.0,0.0,1.0,2.0,0.0975609756097561,0.18,0.18,0.0,0.0,21.6,4.1,8.2,8.035714285714286,1.08,-9.0,38.0,0,1.0,0.8660254037844387,-0.4999999999999998,-0.433883739117558,-0.9009688679024191,0.5,0.5,0.5,0.5,0.5,0.5,0.5,0.5,0.5,0.5,synthetic,synthetic,synthetic,synthetic,synthetic,0.0,0.0,0.0,0.0,0.0,-110.0,-110.0,-110.0,-110.0,-110.0,-110.0,-110.0,-110.0,-110.0,-110.0,0.0,0.0,0.0,0.0,0.0,2026-08-26T14:02:39.082451+00:00,0.11497093952963078,0.07975836570332695,-0.051599087430498014,-0.47480114590121636,0.07304539373307473,0.6,0.8,0.2,0.0,0.2,0.0,0.0,0.0,0.0,1.0,batter_pitcher_profile_network_v2,0.3333333333333333,0.1,0.8922792206135786,0.0,0.1907362462141503,-0.1978343093093097,-0.3832777777777778,0.0,2.0,0.0,0.0,-0.0027226604528223,-0.0002722660452822,0.1327484234234231,-0.5614861111111111,0.0,2.0,0.0,0.0,-0.002676372890792,-0.0004282196625267,0.0778817567567564,-0.4407731481481481,0.0,2.0,0.0,0.0,-0.0012326196901008,-6.163098450504412e-05,0.6241243055555555,-0.7160000000000001,0.0,2.0,0.0,0.0,-0.0160458360486575,-0.0004011459012164,0.4670305555555555,-0.4691296296296295,0.0,2.0,0.0,0.0,-0.0078671311618829,-0.0004720278697129
2026-04-05,Byron_Buxton,621439,hitter,MIN,TB,2026,823729,11,142,139,1,607259.0,Nick_Martinez,0.0,0.0,0.0,0.0,0.0,4.0,4.0,0.0,1.0,2.0,0.1176470588235294,0.0,0.0,0.0,0.0,10.0,15.25,2.25,7.5,1.08,0.0,50.0,0,2.0,0.8660254037844387,-0.4999999999999998,-0.7818314824680299,0.6234898018587334,0.5,0.5,0.5,0.5,0.5,0.5,0.5,0.5,0.5,0.5,synthetic,synthetic,synthetic,synthetic,synthetic,0.0,0.0,0.0,0.0,0.0,-110.0,-110.0,-110.0,-110.0,-110.0,-110.0,-110.0,-110.0,-110.0,-110.0,0.0,0.0,0.0,0.0,0.0,2026-08-26T14:02:39.082451+00:00,0.2048411764705883,-0.22619862511372846,-0.27998520382493164,-0.4736508320746678,-0.1425027455700234,0.2,0.4,0.0,0.0,0.2,0.0,0.0,0.0,0.0,0.0,batter_pitcher_profile_network_v2,0.3666666666666666,0.2,0.8501184377413891,0.0,0.2325054316086692,-0.2574511271249078,0.95875,0.0,2.0,0.0,0.0,0.0,0.0,0.0800654101995563,0.967,0.0,2.0,0.0,0.0,0.0042549165686088,0.0006807866509774,0.013917682926829,0.7714285714285715,0.0,2.0,0.0,0.0,0.0005900411484263,2.9502057421317172e-05,0.5638882575757576,0.967,0.0,2.0,0.0,0.0,0.0299667170132895,0.0007491679253322,0.3918143939393939,0.8857142857142857,0.0,2.0,0.0,0.0,0.0190718875584334,0.001144313253506
2026-04-06,Byron_Buxton,621439,hitter,MIN,DET,2026,823728,12,142,116,1,663554.0,Casey_Mize,1.0,2.0,2.0,0.0,0.0,5.0,4.0,1.0,0.0,1.0,0.119047619047619,0.392,0.392,0.25,21.25,58.29,4.25,11.25,5.319466248037677,1.08,0.0,37.0,0,1.0,0.8660254037844387,-0.4999999999999998,0.0,1.0,0.5,0.5,0.5,0.5,0.5,0.5,0.5,0.5,0.5,0.5,synthetic,synthetic,synthetic,synthetic,synthetic,0.0,0.0,0.0,0.0,0.0,-110.0,-110.0,-110.0,-110.0,-110.0,-110.0,-110.0,-110.0,-110.0,-110.0,0.0,0.0,0.0,0.0,0.0,2026-08-26T14:02:39.082451+00:00,-0.5,0.003049999999999997,-0.16167668759811615,-0.35851707713076086,-0.132863786687069,0.0,0.0,0.0,0.0,0.2,0.0,0.0,0.0,0.0,0.0,batter_pitcher_profile_network_v2,0.4,0.2,0.853083666390299,0.0,0.2490994501734376,-0.3836898148148148,0.2473125671321159,0.0,3.0,0.0,0.0,0.0,0.0,-0.0282708333333333,0.2913250537056927,0.0,3.0,0.0,0.0,0.0,0.0,-0.1238888888888888,0.6911951754385963,0.0,3.0,0.0,0.0,0.0,0.0,0.5029508101851852,0.3490553168635875,0.0,3.0,0.0,0.0,0.0103169147695663,0.0002579228692391,0.2527685185185185,0.631578947368421,0.0,3.0,0.0,0.0,0.0093816818507865,0.0005629009110471
2026-04-07,Byron_Buxton,621439,hitter,MIN,DET,2026,823727,13,142,116,1,669373.0,Tarik_Skubal,1.0,1.0,1.0,0.0,0.0,5.0,4.0,1.0,1.0,1.0,0.1351351351351351,0.316,0.316,0.0,0.0,37.92,1.0714285714285714,8.785714285714286,6.020764949336377,1.08,0.0,44.0,0,1.0,0.8660254037844387,-0.4999999999999998,0.7818314824680298,0.6234898018587336,0.5,0.5,0.5,0.5,0.5,0.5,0.5,0.5,0.5,0.5,synthetic,synthetic,synthetic,synthetic,synthetic,0.0,0.0,0.0,0.0,0.0,-110.0,-110.0,-110.0,-110.0,-110.0,-110.0,-110.0,-110.0,-110.0,-110.0,0.0,0.0,0.0,0.0,0.0,2026-08-26T14:02:39.082451+00:00,-0.04451541007183624,0.2139112891197974,0.3878514445376947,-0.47470715452488016,-0.10349149369561172,0.2,0.4,0.4,0.0,0.2,1.0,2.0,2.0,0.0,0.0,batter_pitcher_profile_network_v2,0.4333333333333333,0.15,0.7497666663190475,0.0,0.2553897041730542,-0.2210160256410259,-0.4627196765498653,0.0,4.0,0.0,0.0,-0.0110894240822579,-0.0011089424082257,0.0882884615384613,-0.330520384097035,0.0,4.0,0.0,0.0,-0.0031642402985637,-0.0005062784477701,-0.0018750000000002,-0.6957886904761904,0.0,4.0,0.0,0.0,-0.0001414639878887,-7.0731993944376674e-06,0.564176282051282,-0.200832884097035,0.0,4.0,0.0,0.0,-0.0122861809952109,-0.0003071545248802,0.3111955128205126,-0.6167261904761904,0.0,4.0,0.0,0.0,-0.0208110013558254,-0.0012486600813495
2026-04-08,Byron_Buxton,621439,hitter,MIN,DET,2026,823726,14,142,116,1,664285.0,Framber_Valdez,3.0,4.0,3.0,0.0,0.0,5.0,4.0,1.0,0.0,1.0,0.1219512195121951,0.748,0.748,0.25,21.25,65.0,0.9736842105263156,6.894736842105263,6.020764949336377,1.08,15.0,51.0,0,1.0,0.8660254037844387,-0.4999999999999998,0.9749279121818236,-0.22252093395631434,0.5,0.5,0.5,0.5,0.5,0.5,0.5,0.5,0.5,0.5,synthetic,synthetic,synthetic,synthetic,synthetic,0.0,0.0,0.0,0.0,0.0,-110.0,-110.0,-110.0,-110.0,-110.0,-110.0,-110.0,-110.0,-110.0,-110.0,0.0,0.0,0.0,0.0,0.0,2026-08-26T14:02:39.082451+00:00,0.19954518590833414,0.67694337723745,0.5966877271823141,-0.360539116712944,0.009291891574346844,0.4,0.6,0.6,0.0,0.2,1.0,1.0,1.0,0.0,0.0,batter_pitcher_profile_network_v2,0.4666666666666667,0.25,0.595519047589834,0.0,0.3025955625008947,-0.1939006132756132,-0.2413998091886962,0.0,4.0,0.0,0.0,-0.0088352930945139,-0.0008835293094513,0.1074458874458874,-0.4552710916023621,0.0,4.0,0.0,0.0,-0.0092334654366686,-0.0014773544698669,0.0239042207792208,-0.7050225046840403,0.0,4.0,0.0,0.0,-0.003181137397411,-0.0001590568698705,0.5340823412698412,-0.6999616255829447,0.0,4.0,0.0,0.0,-0.0705646685177608,-0.001764116712944,0.3213591269841269,-0.7036572134219043,0.0,4.0,0.0,0.0,-0.0426831673135587,-0.0025609900388135
2026-04-09,Byron_Buxton,621439,hitter,MIN,DET,2026,823724,15,142,116,1,656427.0,Jack_Flaherty,0.0,0.0,0.0,0.0,0.0,4.0,3.0,1.0,2.0,1.0,0.1111111111111111,0.1725,0.1725,0.0,0.0,20.7,6.956043956043956,7.041758241758242,4.833951762523191,1.08,6.0,45.0,0,1.0,0.8660254037844387,-0.4999999999999998,0.43388373911755823,-0.900968867902419,0.5,1.5,1.5,0.5,0.5,0.5,1.5,1.5,0.5,0.5,synthetic,synthetic,synthetic,synthetic,synthetic,0.0,0.0,0.0,0.0,0.0,-110.0,-110.0,-110.0,-110.0,-110.0,-110.0,-110.0,-110.0,-110.0,-110.0,0.0,0.0,0.0,0.0,0.0,2026-08-26T14:02:39.082451+00:00,0.7897780985249765,0.023942551299388937,-0.12788904173594484,-0.4746622179834733,-0.3679867194908305,1.0,1.4,1.2,0.0,0.0,3.0,4.0,3.0,0.0,0.0,batter_pitcher_profile_network_v2,0.5,0.2,0.802702004857246,0.0,0.3003338008809975,0.0374768518518514,0.2919625080801551,0.0,5.0,0.5462230846287915,0.0097981481631119,0.001079401119609,0.0001079401119609,0.2883055555555553,0.3295605742296918,0.0,5.0,0.4951812949302638,-0.0048561252110045,0.0020888622878477,0.0003342179660556,0.2494583333333331,0.2859220085470086,0.0,5.0,0.4548422372214117,0.008731201082626,0.0157674027579049,0.0007883701378952,0.5900393518518519,0.3681022408963584,0.0,5.0,0.4468947474169847,-0.0319147693897066,-0.0104887193389339,-0.0002622179834733,0.4762268518518517,0.3193247863247864,0.0,5.0,0.4305751268729683,-2.385798752873265e-05,0.0149837619390562,0.0008990257163433
2026-04-10,Byron_Buxton,621439,hitter,MIN,TOR,2026,822829,16,142,141,0,571578.0,Patrick_Corbin,0.0,0.0,0.0,0.0,0.0,5.0,5.0,0.0,3.0,1.0,0.131578947368421,0.0,0.0,0.0,0.0,10.0,4.1,8.2,5.707792207792208,1.08,0.0,68.0,0,1.0,0.8660254037844387,-0.4999999999999998,-0.433883739117558,-0.9009688679024191,0.5,1.5,1.5,0.5,0.5,0.5,1.5,1.5,0.5,0.5,synthetic,synthetic,synthetic,synthetic,synthetic,0.0,0.0,0.0,0.0,0.0,-110.0,-110.0,-110.0,-110.0,-110.0,-110.0,-110.0,-110.0,-110.0,-110.0,0.0,0.0,0.0,0.0,0.0,2026-08-26T14:02:39.082451+00:00,0.4841327409432672,-0.5921907298834518,-0.5734559632899496,-0.4753186891045223,-0.3532798899143117,1.0,1.4,1.2,0.0,0.0,0.0,0.0,0.0,0.0,0.0,batter_pitcher_profile_network_v2,0.5333333333333333,0.0,1.0,0.0,0.2666666666666666,-0.080297309027778,0.0,0.0,6.0,0.6599942245421094,0.0122409180766856,0.0,0.0,0.1914192708333331,0.0,0.0,6.0,0.6095734623013717,-0.0021872517073646,-0.0032808775610469,-0.0005249404097675,0.181165364583333,0.0,0.0,6.0,0.5485703296696305,0.0122990527245922,0.0122990527245922,0.0006149526362296,0.5337261284722222,0.0,0.0,6.0,0.5535760080674101,-0.0367475641808929,-0.0367475641808929,-0.0009186891045223,0.427515190972222,0.0,0.0,6.0,0.5216034372181955,-0.0090298313152285,-0.0067723734864214,-0.0004063424091852
2026-04-11,Byron_Buxton,621439,hitter,MIN,TOR,2026,822830,17,142,141,0,641778.0,Eric_Lauer,1.0,1.0,1.0,0.0,0.0,5.0,5.0,0.0,1.0,1.0,0.1351351351351351,0.178,0.178,0.0,0.0,21.36,7.7250000000000005,7.7625,5.386363636363636,1.08,0.0,68.0,0,1.0,0.8660254037844387,-0.4999999999999998,-0.9749279121818236,-0.2225209339563146,0.5,1.5,1.5,0.5,0.5,0.5,1.5,1.5,0.5,0.5,synthetic,synthetic,synthetic,synthetic,synthetic,0.0,0.0,0.0,0.0,0.0,-110.0,-110.0,-110.0,-110.0,-110.0,-110.0,-110.0,-110.0,-110.0,-110.0,0.0,0.0,0.0,0.0,0.0,2026-08-26T14:02:39.082451+00:00,0.49837819410319406,-0.5086307359841735,-0.4879980539248405,-0.47510656580400745,-0.31077245537965814,1.0,1.4,1.2,0.0,0.0,0.0,0.0,0.0,0.0,0.0,batter_pitcher_profile_network_v2,0.5666666666666667,0.2,0.8618750000000001,0.0,0.3322173958333333,-0.2755641695083833,0.1488668529746116,0.0,6.0,0.671318092494596,0.0109947083315158,0.0,0.0,0.0114839087809034,0.1639646646456991,0.0,6.0,0.619856243209812,-0.0040495184500611,-0.0059268971983817,-0.000948303551741,0.0114532715260013,0.4718862889983579,0.0,6.0,0.575084602425092,-0.0051531460831947,-0.0047301202658523,-0.0002365060132926,0.4329268790849673,0.211486216369837,0.0,6.0,0.5677075027130117,-0.0354289584115049,-0.0282626321603036,-0.0007065658040075,0.2882945261437907,0.441232553366174,0.0,6.0,0.5536570214492127,-0.0001542726391914,0.0098407313873549,0.0005904438832412
2026-04-13,Byron_Buxton,621439,hitter,MIN,BOS,2026,823725,18,142,111,1,676979.0,,2.0,5.0,2.0,1.0,1.0,5.0,5.0,0.0,1.0,1.0,0.1219512195121951,0.5980000000000001,0.5980000000000001,0.6,30.0,65.0,4.1,8.2,4.014624031430754,1.08,14.0,63.0,0,2.0,0.8660254037844387,-0.4999999999999998,0.0,1.0,0.5,1.5,0.5,0.5,0.5,0.5,1.5,0.5,0.5,0.5,synthetic,synthetic,synthetic,synthetic,synthetic,0.0,0.0,0.0,0.0,0.0,-110.0,-110.0,-110.0,-110.0,-110.0,-110.0,-110.0,-110.0,-110.0,-110.0,0.0,0.0,0.0,0.0,0.0,2026-08-26T14:02:39.082451+00:00,0.5189199206068236,0.4030905667785132,0.6709659266526249,-0.25046469660617654,-0.26981067817704796,1.0,1.2,1.0,0.0,0.0,1.0,1.0,1.0,0.0,0.0,batter_pitcher_profile_network_v2,0.6,0.3,0.7812097461518777,0.0,0.3762905418289184,-0.2952222326493163,0.0200642376289561,0.0,7.0,0.7746489509839795,0.0157255207672675,0.0,0.0,-0.0370252127127129,-0.0607387655184472,0.0,7.0,0.7110200987463416,0.0009044580900903,0.001061469194975,0.000169835071196,-0.0105194256756759,0.0039790270249267,0.0,7.0,0.6427784873978705,0.0185237699144263,0.0185237699144263,0.0009261884957213,0.3503398919753086,-0.1033501996269743,0.0,7.0,0.6459138855875964,-0.0378347294148646,-0.0425878642470633,-0.0010646966061765,0.2173190586419751,0.0413385231489577,0.0,7.0,0.62520901876698,-0.0094949588633988,-0.0059418982487852,-0.0003565138949271
2026-04-14,Byron_Buxton,621439,hitter,MIN,BOS,2026,823723,19,142,111,1,543243.0,Sonny_Gray,4.0,10.0,4.0,2.0,2.0,5.0,5.0,0.0,1.0,1.0,0.1351351351351351,1.1960000000000002,1.1960000000000002,1.2,30.0,65.0,3.25,6.197368421052631,2.7675778445349435,1.08,0.0,64.0,0,1.0,0.8660254037844387,-0.4999999999999998,0.7818314824680298,0.6234898018587336,1.5,1.5,1.5,0.5,0.5,1.5,1.5,1.5,0.5,0.5,synthetic,synthetic,synthetic,synthetic,synthetic,0.0,0.0,0.0,0.0,0.0,-110.0,-110.0,-110.0,-110.0,-110.0,-110.0,-110.0,-110.0,-110.0,-110.0,0.0,0.0,0.0,0.0,0.0,2026-08-26T14:02:39.082451+00:00,-0.13121797566192495,2.469091195283694,0.2237943770260704,0.14105484805497148,0.15871528499091347,1.2,2.0,1.2,0.2,0.2,2.0,5.0,2.0,1.0,1.0,batter_pitcher_profile_network_v2,0.6333333333333333,0.3,0.7566331375523458,0.0,0.3938603988616179,-0.1909871243245245,-0.1476529666863788,0.0,8.0,0.9162505712381676,0.0316775930796936,-0.004346503726732,-0.0004346503726732,0.0871250555185429,-0.1481824610684012,0.0,8.0,0.8744242955193609,0.02913338950785,0.0417101732257872,0.0066736277161259,0.0943300993781921,-0.1772785087719297,0.0,8.0,0.777481321582445,0.0544817994669712,0.0519042905810654,0.0025952145290532,0.4894667397660817,-0.1200574610684012,0.0,8.0,0.8255259247896429,0.0272513760539611,0.0181939221988562,0.0004548480549714,0.3552562134502921,-0.1806812865497075,0.0,8.0,0.7532347084643474,0.0046907122669122,-0.0063754359125455,-0.0003825261547527
2026-04-15,Byron_Buxton,621439,hitter,MIN,BOS,2026,823722,20,142,111,1,813349.0,Connelly_Early,0.0,0.0,0.0,0.0,0.0,3.0,3.0,0.0,1.0,1.0,0.0789473684210526,0.0,0.0,0.0,0.0,10.0,2.754807692307692,9.836538461538462,2.08690557562738,1.08,-3.0,59.0,0,1.0,0.8660254037844387,-0.4999999999999998,0.9749279121818236,-0.22252093395631434,1.5,3.5,1.5,0.5,0.5,1.5,3.5,1.5,0.5,0.5,synthetic,synthetic,synthetic,synthetic,synthetic,0.0,0.0,0.0,0.0,0.0,-110.0,-110.0,-110.0,-110.0,-110.0,-110.0,-110.0,-110.0,-110.0,-110.0,0.0,0.0,0.0,0.0,0.0,2026-08-26T14:02:39.082451+00:00,-0.030294171680154136,-0.12529433638141496,-0.1322598728990414,0.1442991838001335,0.12848187215964602,1.4,3.2,1.4,0.6,0.6,4.0,10.0,4.0,2.0,2.0,batter_pitcher_profile_network_v2,0.6666666666666666,0.3,0.6617309821304129,0.0,0.4140147197400406,0.0333192956349205,-0.5271589491589492,0.0,9.0,0.8853364132789335,0.0599655694375996,-0.0039610320727376,-0.0003961032072737,0.3055651785714284,-0.649416650916651,0.0,9.0,0.8002971442054763,0.0625217629863975,0.0490321081424689,0.007845137302795,0.3570870535714284,-0.5033886395136393,0.0,9.0,0.819964826643131,0.0639599903534085,0.023423282181265,0.0011711641090632,0.6053059027777777,-0.7875078671328672,0.0,9.0,0.70467023053124,0.055465448354402,-0.05203264799466,-0.0013008161998665,0.6042121527777775,-0.6226172431172431,0.0,9.0,0.741941944111516,0.0307703176187473,-0.061758531414683,-0.0037055118848809
2026-04-17,Byron_Buxton,621439,hitter,MIN,CIN,2026,823720,21,142,113,1,682227.0,,1.0,1.0,0.0,0.0,0.0,5.0,4.0,1.0,0.0,1.0,0.1351351351351351,0.316,0.316,0.0,0.0,37.92,4.1,8.2,2.5714285714285716,1.08,14.0,43.0,0,2.0,0.8660254037844387,-0.4999999999999998,-0.433883739117558,-0.9009688679024191,1.5,3.5,1.5,0.5,0.5,1.5,3.5,1.5,0.5,0.5,synthetic,synthetic,synthetic,synthetic,synthetic,0.0,0.0,0.0,0.0,0.0,-110.0,-110.0,-110.0,-110.0,-110.0,-110.0,-110.0,-110.0,-110.0,-110.0,0.0,0.0,0.0,0.0,0.0,2026-08-26T14:02:39.082451+00:00,-0.4808719551391283,-1.3123104236889307,-0.4202195882547999,-0.051730585133864415,-0.0014004300927238922,1.4,3.2,1.4,0.6,0.6,0.0,0.0,0.0,0.0,0.0,batter_pitcher_profile_network_v2,0.7,0.3,0.7228860405862294,0.0,0.428433938008456,-0.0645337415617591,-0.0887344980427398,0.0,10.0,1.2896864519254476,0.0547753709258393,-0.0011107997825293,-0.0001110799782529,0.225007047071702,0.0287340829817373,0.0,10.0,1.220680787641855,0.0711306022837543,0.1079500546468851,0.0172720087435016,0.2598393883415432,-0.0157160240202274,0.0,10.0,1.1660715894949312,0.0885664020257437,0.0877742580700273,0.0043887129035013,0.5685122354497355,0.2050891714773126,0.0,10.0,1.1027165931408027,0.0841593867425987,0.1067765946454268,0.0026694148661356,0.5180955687830686,-0.0583026759376315,0.0,10.0,1.12197944328005,0.0369063947344778,0.0218203736154769,0.0013092224169286
2026-04-18,Byron_Buxton,621439,hitter,MIN,CIN,2026,823721,22,142,113,1,671096.0,Andrew_Abbott,1.0,1.0,0.0,0.0,0.0,5.0,5.0,0.0,2.0,1.0,0.119047619047619,0.178,0.178,0.0,0.0,21.36,10.242647058823529,4.772058823529412,1.607142857142857,1.08,19.0,39.0,0,1.0,0.8660254037844387,-0.4999999999999998,-0.9749279121818236,-0.2225209339563146,1.5,3.5,1.5,0.5,0.5,1.5,3.5,1.5,0.5,0.5,synthetic,synthetic,synthetic,synthetic,synthetic,0.0,0.0,0.0,0.0,0.0,-110.0,-110.0,-110.0,-110.0,-110.0,-110.0,-110.0,-110.0,-110.0,-110.0,0.0,0.0,0.0,0.0,0.0,2026-08-26T14:02:39.082451+00:00,-0.11425056022408953,-1.1342314367329633,-0.5658865315964144,-0.051280651368097896,-0.10543730975165011,1.6,3.4,1.4,0.6,0.6,1.0,1.0,0.0,0.0,0.0,batter_pitcher_profile_network_v2,0.7333333333333333,0.45,0.7235608872320058,0.0,0.4842803727580023,-0.0142730429292933,0.7214032066104923,0.0,11.0,1.0170853248125502,0.0196574664126998,0.0,0.0,0.2577291666666663,0.6308940725994522,0.0,11.0,1.072452181652845,0.0239356402866434,0.0688660204189779,0.0110185632670364,0.2941240530303026,0.7341144127773384,0.0,11.0,1.0239031138603245,0.0183546300098513,0.0621265109288591,0.0031063255464429,0.549164457070707,0.4930834000848322,0.0,11.0,1.1546502100244298,0.0698800916807305,0.1247739452760862,0.0031193486319021,0.5169769570707068,0.7828071515687614,0.0,11.0,0.9606833426963246,0.019625186413129,0.0967591231867836,0.005805547391207
2026-04-19,Byron_Buxton,621439,hitter,MIN,CIN,2026,823718,23,142,113,1,663903.0,Brady_Singer,1.0,1.0,2.0,0.0,0.0,5.0,4.0,1.0,1.0,1.0,0.1136363636363636,0.316,0.316,0.0,0.0,37.92,7.325,6.875,0.321428571428571,1.08,12.0,42.0,0,1.0,0.8660254037844387,-0.4999999999999998,-0.7818314824680299,0.6234898018587334,1.5,3.5,1.5,0.5,0.5,1.5,3.5,1.5,0.5,0.5,synthetic,synthetic,synthetic,synthetic,synthetic,0.0,0.0,0.0,0.0,0.0,-110.0,-110.0,-110.0,-110.0,-110.0,-110.0,-110.0,-110.0,-110.0,-110.0,0.0,0.0,0.0,0.0,0.0,2026-08-26T14:02:39.082451+00:00,-0.2647807359307359,-1.0782312454734244,-0.6900426983632538,-0.051708297487960186,-0.1365642911793834,1.6,3.4,1.2,0.6,0.6,1.0,1.0,0.0,0.0,0.0,batter_pitcher_profile_network_v2,0.7666666666666667,0.45,0.673647083426963,0.0,0.5036985378594221,-0.0808218381144481,0.6676120896054727,0.0,12.0,1.3576943553668137,0.0244384485695455,0.0,0.0,0.1924871320782906,0.4156526019423721,0.0,12.0,1.5201228936174669,0.0317705172322885,0.0676740339729143,0.0108278454356662,0.2399137625130732,0.4036666693474018,0.0,12.0,1.507926535380439,0.0188500533127342,0.0430810976699884,0.0021540548834994,0.4974121376811593,0.138045117865939,0.0,12.0,1.5685340937573395,0.0904877701440768,0.1076681004815927,0.0026917025120398,0.4645317028985505,0.4576595037423062,0.0,12.0,1.4377838475216445,0.0163634540672729,0.0654652768804057,0.0039279166128243
2026-04-21,Byron_Buxton,621439,hitter,MIN,NYM,2026,823640,24,142,121,0,690997.0,Nolan_McLean,1.0,4.0,1.0,1.0,2.0,5.0,5.0,0.0,3.0,1.0,0.1351351351351351,0.42,0.42,0.6,30.0,65.0,1.9384398496240605,9.468045112781956,5.953416149068324,1.08,11.0,46.0,0,2.0,0.8660254037844387,-0.4999999999999998,0.7818314824680298,0.6234898018587336,1.5,2.5,1.5,0.5,0.5,1.5,2.5,1.5,0.5,0.5,synthetic,synthetic,synthetic,synthetic,synthetic,0.0,0.0,0.0,0.0,0.0,-110.0,-110.0,-110.0,-110.0,-110.0,-110.0,-110.0,-110.0,-110.0,-110.0,0.0,0.0,0.0,0.0,0.0,2026-08-26T14:02:39.082451+00:00,-0.2563347815918091,0.2115153329326911,-0.04325145364498262,0.030399158161224182,0.057702812869961706,1.4,2.6,1.2,0.4,0.4,1.0,1.0,2.0,0.0,0.0,batter_pitcher_profile_network_v2,0.8,0.2,0.6796142507578262,0.0,0.4533494508564333,-0.071810883033769,-0.7884243487239225,0.0,13.0,1.0719758310978655,0.0376069182482205,-0.0145115389742603,-0.001451153897426,0.1752398897058825,-0.7605428043571899,0.0,13.0,1.1672063612760737,0.049014124519516,0.0393610335320177,0.0062977653651228,0.2477060355392158,-0.5612007617358,0.0,13.0,1.3298236807494046,0.0967795527500865,0.0611493726266213,0.003057468631331,0.4404516782407409,-0.6981832537953921,0.0,13.0,1.2934740541695828,0.0707853180743301,-0.0080336735510323,-0.0002008418387758,0.438029803240741,-0.6652082523725042,0.0,13.0,1.1980975781028969,0.0132020993608692,-0.0647818917062248,-0.0038869135023734
2026-04-22,Byron_Buxton,621439,hitter,MIN,NYM,2026,823641,25,142,121,0,605280.0,Clay_Holmes,1.0,4.0,1.0,1.0,1.0,5.0,5.0,0.0,2.0,1.0,0.1351351351351351,0.42,0.42,0.6,30.0,65.0,1.7625,5.801785714285714,7.055456965394854,1.08,-3.0,53.0,0,1.0,0.8660254037844387,-0.4999999999999998,0.9749279121818236,-0.22252093395631434,0.5,1.5,0.5,0.5,0.5,0.5,1.5,0.5,0.5,0.5,synthetic,synthetic,synthetic,synthetic,synthetic,0.0,0.0,0.0,0.0,0.0,-110.0,-110.0,-110.0,-110.0,-110.0,-110.0,-110.0,-110.0,-110.0,-110.0,0.0,0.0,0.0,0.0,0.0,2026-08-26T14:02:39.082451+00:00,0.5960989335284179,0.8939046959020733,0.488477849252675,-0.007990078985759153,0.43398756271964267,0.8,1.4,0.6,0.2,0.4,1.0,4.0,1.0,1.0,2.0,batter_pitcher_profile_network_v2,0.8333333333333334,0.25,0.6270202213406542,0.0,0.4849641723881092,-0.1035215290758043,-0.3352503109500681,0.0,14.0,1.72905334403859,0.0544921604075383,-0.0107870802173928,-0.0010787080217392,0.1871749065420564,-0.3367464838228868,0.0,14.0,1.7623503667433684,0.0659236451826078,0.0792945520906623,0.0126871283345059,0.2317840732087231,-0.3724779617351526,0.0,14.0,1.6547484384846818,0.1005287871407328,0.0736946142532456,0.0036847307126622,0.5425836111111112,-0.2948600159329786,0.0,14.0,1.809992569133452,0.1061231922540626,0.0563968405696321,0.0014099210142408,0.5040836111111113,-0.4470326253437153,0.0,14.0,1.5423358355459071,0.0332931697679769,-0.0450700744836506,-0.002704204469019
2026-04-23,Byron_Buxton,621439,hitter,MIN,NYM,2026,823639,26,142,121,0,681035.0,Christian_Scott,1.0,2.0,0.0,0.0,0.0,6.0,5.0,0.0,2.0,1.0,0.1276595744680851,0.3316666666666666,0.3316666666666666,0.2,17.0,48.8,3.0,13.625,7.055456965394854,1.08,0.0,69.0,0,1.0,0.8660254037844387,-0.4999999999999998,0.43388373911755823,-0.900968867902419,0.5,2.5,0.5,0.5,0.5,0.5,2.5,0.5,0.5,0.5,synthetic,synthetic,synthetic,synthetic,synthetic,0.0,0.0,0.0,0.0,0.0,-110.0,-110.0,-110.0,-110.0,-110.0,-110.0,-110.0,-110.0,-110.0,-110.0,0.0,0.0,0.0,0.0,0.0,2026-08-26T14:02:39.082451+00:00,0.40569451975054593,-0.13637329625363526,0.5592865762340717,0.0008081306911728037,0.37860126833298857,1.0,2.2,0.8,0.4,0.6,1.0,4.0,1.0,1.0,1.0,batter_pitcher_profile_network_v2,0.8666666666666667,0.0,1.0,0.0,0.4333333333333333,-0.0985631486568988,0.0,0.0,15.0,2.097232801390998,0.0542969293212708,0.0,0.0,0.2025821886446885,0.0,0.0,15.0,2.1069168574722403,0.0596768684467307,0.0895153026700961,0.0143224484272153,0.2402272206959707,0.0,0.0,15.0,2.045488554086774,0.089919949357503,0.089919949357503,0.0044959974678751,0.6036861645299144,0.0,0.0,15.0,2.097646601615854,0.1083252276469152,0.1083252276469152,0.0027081306911728,0.54313327991453,0.0,0.0,15.0,1.961363388498497,0.026683566417285,0.0200126748129637,0.0012007604887778
2026-04-24,Byron_Buxton,621439,hitter,MIN,TB,2026,822992,27,142,139,0,656876.0,Drew_Rasmussen,0.0,0.0,0.0,0.0,0.0,5.0,5.0,0.0,2.0,1.0,0.131578947368421,0.0,0.0,0.0,0.0,10.0,3.872727272727273,10.754545454545456,4.821846011131726,1.08,0.0,72.0,0,1.0,0.8660254037844387,-0.4999999999999998,-0.433883739117558,-0.9009688679024191,0.5,2.5,0.5,0.5,0.5,0.5,2.5,0.5,0.5,0.5,synthetic,synthetic,synthetic,synthetic,synthetic,0.0,0.0,0.0,0.0,0.0,-110.0,-110.0,-110.0,-110.0,-110.0,-110.0,-110.0,-110.0,-110.0,-110.0,0.0,0.0,0.0,0.0,0.0,2026-08-26T14:02:39.082451+00:00,0.4795792167463191,-0.6808765703077471,0.13058681588076926,-0.1920796688490563,0.012749922138501013,1.0,2.4,0.8,0.4,0.6,1.0,2.0,0.0,0.0,0.0,batter_pitcher_profile_network_v2,0.9,0.35,0.7566459505100354,0.0,0.5400588048718822,-0.1057424452465644,-0.0237786267140843,0.0,15.0,2.09146569063889,0.054099478035537,-0.0005507026992269,-5.507026992269534e-05,0.1980033218246498,0.2486819124993124,0.0,15.0,2.06725833883734,0.0377654504879957,0.0674326197871093,0.0107892191659374,0.2360905131826747,0.034350962971517,0.0,15.0,2.0519121383151013,0.0973246055051064,0.0991008327994512,0.0049550416399725,0.618642232510288,0.5403728039721807,0.0,15.0,1.794166933528128,0.0195958743291307,0.0928132460377516,0.0023203311509437,0.5492363683127574,0.1159611050903801,0.0,15.0,1.9712934886312488,0.0240849086564104,0.0320129912775273,0.0019207794766516
2026-04-25,Byron_Buxton,621439,hitter,MIN,TB,2026,822989,28,142,139,0,663556.0,Shane_McClanahan,2.0,2.0,0.0,0.0,0.0,4.0,4.0,0.0,1.0,1.0,0.1111111111111111,0.445,0.445,0.0,0.0,53.4,5.469230769230769,9.611538461538462,4.899768089053803,1.08,0.0,72.0,0,1.0,0.8660254037844387,-0.4999999999999998,-0.9749279121818236,-0.2225209339563146,0.5,2.5,0.5,0.5,0.5,0.5,2.5,0.5,0.5,0.5,synthetic,synthetic,synthetic,synthetic,synthetic,0.0,0.0,0.0,0.0,0.0,-110.0,-110.0,-110.0,-110.0,-110.0,-110.0,-110.0,-110.0,-110.0,-110.0,0.0,0.0,0.0,0.0,0.0,2026-08-26T14:02:39.082451+00:00,0.23115213775586396,-0.9047455403192008,0.3525748329416377,-0.1933777376475509,0.12272748933246891,0.8,2.2,0.8,0.4,0.6,0.0,0.0,0.0,0.0,0.0,batter_pitcher_profile_network_v2,0.9333333333333332,0.35,0.7540096844352082,0.0,0.5568385014465072,-0.1879608195412311,-0.6167808868871992,0.0,16.0,1.7398493580953605,0.0388560308600836,-0.0266166272936511,-0.0026616627293651,0.1240449695121952,-0.6534895244567172,0.0,16.0,1.69235922863235,0.06666210826906,0.0813820396716618,0.0130211263474658,0.1561960111788619,-0.337254846344132,0.0,16.0,2.050236007778466,0.0938229306916997,0.0817285697789531,0.0040864284889476,0.5758385416666666,-0.6357811911233838,0.0,16.0,1.7134303755034277,0.1249454241999261,0.0408904940979644,0.0010222623524491,0.4755409226190477,-0.5024631796774655,0.0,16.0,1.818022424295504,0.0414211315717567,-0.0237930297814676,-0.001427581786888
2026-04-27,Byron_Buxton,621439,hitter,MIN,SEA,2026,823719,29,142,136,1,622491.0,Luis_Castillo,1.0,4.0,1.0,1.0,2.0,5.0,4.0,1.0,1.0,1.0,0.1136363636363636,0.558,0.558,0.75,30.0,65.0,8.0625,7.987500000000001,2.6142857142857143,1.08,13.0,51.0,0,2.0,0.8660254037844387,-0.4999999999999998,0.0,1.0,0.5,2.5,0.5,0.5,0.5,0.5,2.5,0.5,0.5,0.5,synthetic,synthetic,synthetic,synthetic,synthetic,0.0,0.0,0.0,0.0,0.0,-110.0,-110.0,-110.0,-110.0,-110.0,-110.0,-110.0,-110.0,-110.0,-110.0,0.0,0.0,0.0,0.0,0.0,2026-08-26T14:02:39.082451+00:00,0.5453085497835497,0.4437282704746144,0.04667792255829606,0.07041774039084692,0.05151466616679523,1.0,2.4,0.4,0.4,0.6,2.0,2.0,0.0,0.0,0.0,batter_pitcher_profile_network_v2,0.9666666666666668,0.45,0.6916653504169461,0.0,0.6027052808915991,-0.1595867141068568,0.5924650153306222,0.0,17.0,2.043255774610038,0.0222256216314012,0.0,0.0,0.1278141573898094,0.4701316885066885,0.0,17.0,2.1930426624513166,0.0042572847797966,0.0242960086481569,0.0038873613837051,0.18223297922889,0.5505262037523599,0.0,17.0,2.1349089535216668,0.0327341110213429,0.0626363732438424,0.0031318186621921,0.5319255268199234,0.3168983070037982,0.0,17.0,2.30270096720283,0.0424672792873976,0.0927096156338785,0.0023177403908469,0.4768967911877398,0.6079936893014928,0.0,17.0,2.000624466399803,-0.0093618244946692,0.0794002802690967,0.0047640168161458
2026-04-28,Byron_Buxton,621439,hitter,MIN,SEA,2026,823716,30,142,136,1,669302.0,Logan_Gilbert,2.0,5.0,1.0,1.0,1.0,5.0,5.0,0.0,1.0,1.0,0.1351351351351351,0.5980000000000001,0.5980000000000001,0.6,30.0,65.0,3.8035714285714284,9.1875,4.328571428571429,1.08,11.0,55.0,0,1.0,0.8660254037844387,-0.4999999999999998,0.7818314824680298,0.6234898018587336,0.5,1.5,0.5,0.5,0.5,0.5,2.5,0.5,0.5,0.5,synthetic,real,real,real,synthetic,0.0,8.0,7.0,8.0,0.0,-110.0,90.375,115.85714285714286,361.875,-110.0,-110.0,-155.33333333333334,-153.0,0.0,-110.0,0.0,0.0,0.0,0.0,0.0,2026-04-28T17:23:11.163256+00:00,0.46413305309291486,1.5964700937988172,0.321627738442005,0.13354157317205562,0.4908810487606903,1.0,2.4,0.4,0.4,0.6,1.0,4.0,1.0,1.0,2.0,batter_pitcher_profile_network_v2,1.0,0.45,0.6910911305896027,0.0,0.6194036014262482,-0.1042819654882153,-0.0052108486439195,0.0,18.0,2.684267242907181,0.0498643575290944,-0.0001678603192428,-1.6786031924283795e-05,0.1991827020202022,-0.1153008217722784,0.0,18.0,2.654641686883084,0.0678651121182647,0.0947032889453108,0.0151525262312497,0.2330861742424245,-0.1235112433862433,0.0,18.0,2.620996231853636,0.0744710391541211,0.0655779348632665,0.0032788967431633,0.6202363425925926,-0.2712035995500562,0.0,18.0,2.5290773676617047,0.1696245893388049,0.1176629268822273,0.0029415731720556,0.5531043981481483,-0.0919603174603173,0.0,18.0,2.524291302108275,0.0461398329361845,0.0188926402200008,0.0011335584132
2026-04-29,Byron_Buxton,621439,hitter,MIN,SEA,2026,823717,31,142,136,1,669923.0,George_Kirby,1.0,1.0,0.0,0.0,0.0,5.0,5.0,0.0,1.0,1.0,0.125,0.178,0.178,0.0,0.0,21.36,2.312020460358056,5.994884910485933,3.3642857142857148,1.08,0.0,51.0,0,1.0,0.8660254037844387,-0.4999999999999998,0.9749279121818236,-0.22252093395631434,1.5,1.5,0.5,0.5,0.5,1.5,2.5,0.5,0.5,0.5,synthetic,real,real,synthetic,synthetic,0.0,8.0,7.0,0.0,0.0,-110.0,0.0,0.0,-110.0,-110.0,-110.0,0.0,0.0,-110.0,-110.0,0.0,0.3535533905932738,0.37796447300922725,0.0,0.0,2026-04-30T03:22:26.750124+00:00,-0.17240814866106624,0.9438627487561817,0.028169022977278635,-0.09057031145164479,0.1419923381216871,1.2,2.6,0.4,0.4,0.6,2.0,5.0,1.0,1.0,1.0,batter_pitcher_profile_network_v2,1.0,0.45,0.5508940478388257,0.0,0.6271319656128848,-0.0490599191542282,-0.0236001156632551,0.0,19.0,2.973082039189849,0.0577921461983844,-0.0005199837486514,-5.199837486514188e-05,0.2473739427860701,-0.0793720356284867,0.0,19.0,2.96831563499751,0.0834317890055933,0.1163296797261359,0.0186127487561817,0.2938885261194036,-0.2620963527761379,0.0,19.0,2.7893589431303365,0.0706880792062961,0.0360947452598618,0.001804737262993,0.6778381944444445,-0.13976378203997,0.0,19.0,2.9204478215478664,0.1957345956687843,0.1531875419342091,0.0038296885483552,0.620622916666667,-0.2446591518192001,0.0,19.0,2.7066313892994183,0.054880361750951,-0.0270324598766453,-0.0016219475925987
2026-04-30,Byron_Buxton,621439,hitter,MIN,TOR,2026,823714,32,142,141,1,592332.0,Kevin_Gausman,3.0,7.0,2.0,1.0,1.0,4.0,4.0,0.0,0.0,1.0,0.1142857142857142,1.065,1.065,1.0,30.0,65.0,3.7000000000000006,6.3500000000000005,2.4581632653061227,1.08,0.0,50.0,0,1.0,0.8660254037844387,-0.4999999999999998,0.43388373911755823,-0.900968867902419,1.5,2.5,0.5,0.5,0.5,1.5,2.5,0.5,0.5,0.5,synthetic,synthetic,synthetic,synthetic,synthetic,0.0,0.0,0.0,0.0,0.0,-110.0,-110.0,-110.0,-110.0,-110.0,-110.0,-110.0,-110.0,-110.0,-110.0,0.0,0.0,0.0,0.0,0.0,2026-08-26T14:02:39.082451+00:00,-0.387066139767098,0.8400090353206933,0.3143411517084612,0.13288357744163537,0.1872161619034981,1.2,2.4,0.4,0.4,0.6,1.0,1.0,0.0,0.0,0.0,batter_pitcher_profile_network_v2,1.0,0.45,0.6734387144389622,0.0,0.6203766908665522,0.0243180691721139,-0.3685402990906508,0.0,20.0,2.955834984876266,0.0539140244127624,-0.0029267037934278,-0.0002926703793427,0.3015876633986933,-0.3626392441034384,0.0,20.0,3.0109306065310157,0.0709311129537447,0.0706814707543329,0.0113090353206932,0.3560716911764713,-0.4789061996779387,0.0,20.0,2.797312692171217,0.0343466126315211,-0.0213402311368972,-0.0010670115568448,0.6820456018518518,-0.3705196788860471,0.0,20.0,3.028429867392696,0.1738688303460857,0.0913430976654122,0.0022835774416353,0.6507886574074078,-0.4676199677938807,0.0,20.0,2.7510910715460324,0.0304618036500607,-0.0765333560301328,-0.0045920013618079
2026-05-01,Byron_Buxton,621439,hitter,MIN,TOR,2026,823713,33,142,141,1,571578.0,Patrick_Corbin,2.0,5.0,1.0,1.0,2.0,5.0,4.0,1.0,0.0,1.0,0.1282051282051282,0.736,0.736,0.75,30.0,65.0,2.415126050420168,7.547899159663866,2.3969387755102045,1.08,7.0,53.0,0,1.0,0.49999999999999994,-0.8660254037844387,-0.433883739117558,-0.9009688679024191,1.5,1.5,0.5,0.5,0.5,1.5,3.5,0.5,0.5,0.5,synthetic,real,real,real,synthetic,0.0,8.0,7.0,8.0,0.0,-110.0,46.0,-121.42857142857143,339.875,-110.0,-110.0,-136.5,-113.8,0.0,-110.0,0.0,0.0,0.0,0.0,0.0,2026-05-02T00:15:33.012287+00:00,0.263876660256982,3.1116132999336354,0.6833090738930239,0.31114731748224433,0.3995991363126531,1.8,3.8,0.8,0.6,0.8,3.0,7.0,2.0,1.0,1.0,batter_pitcher_profile_network_v2,1.0,0.2,0.727401136791074,1.0,0.5709286721486188,0.0788246975533928,0.0601287271346775,-0.1111111111111111,21.0,3.566950225623089,0.0639228846320164,-0.0946747124177156,-0.0094674712417715,0.3416754156528792,-0.0006703482571553,-0.1111111111111111,21.0,3.584740865702072,0.0963665272431785,0.0485206245852265,0.0077632999336362,0.4045969434306571,-0.0282049205758252,-0.1111111111111111,21.0,3.5259572071640144,0.0665509973110018,-0.0325265284189581,-0.0016263264209479,0.6820456018518518,-0.0564061077508261,-0.1111111111111111,21.0,3.551025846694047,0.2283467265568818,0.1218926992897738,0.0030473174822443,0.6704761574074076,-0.0290408910399602,-0.0962962962962963,21.0,3.410505629090765,0.0553712610485539,-0.0469505538681326,-0.0028170332320879
2026-05-02,Byron_Buxton,621439,hitter,MIN,TOR,2026,823715,34,142,141,1,656302.0,Dylan_Cease,1.0,4.0,1.0,1.0,1.0,4.0,4.0,0.0,0.0,1.0,0.1176470588235294,0.525,0.525,0.75,30.0,65.0,3.3176470588235296,12.84705882352941,2.554730983302412,1.08,8.0,60.0,0,1.0,0.49999999999999994,-0.8660254037844387,-0.9749279121818236,-0.2225209339563146,1.5,1.5,0.5,0.5,1.5,1.5,4.5,0.5,0.5,1.5,synthetic,real,real,real,synthetic,0.0,8.0,7.0,8.0,0.0,-110.0,91.5,112.16666666666667,372.375,-110.0,-110.0,-123.33333333333333,-149.6,0.0,-110.0,0.0,0.3535533905932738,0.0,0.0,0.0,2026-05-02T16:59:46.553036+00:00,-0.10973809598568973,3.1024013531915395,0.552921165575923,0.4472205066591085,-0.23823890527370128,1.8,4.4,1.0,0.8,1.2,2.0,5.0,1.0,1.0,2.0,batter_pitcher_profile_network_v2,1.0,0.4,0.6790709371492023,0.0,0.606725524079689,0.0647114691580074,-0.7618707579185521,0.0,22.0,2.4976381174930515,0.0668347149486697,-0.0158223727857085,-0.0015822372785708,0.288683263389289,-0.8438932409502261,0.0,22.0,2.3697334788068494,0.1064175538633781,0.0814422809765323,0.0130307649562451,0.3776742356115113,-0.5464638009049773,0.0,22.0,3.0692919774494305,0.09522148623147,0.0289864458631047,0.0014493222931552,0.6132956018518517,-0.9606211821266968,0.0,22.0,2.182619098486413,0.1538939375957255,-0.0351797336356561,-0.0008794933408914,0.5963511574074077,-0.6760593891402714,0.0,22.0,2.756082140087575,0.0652204328531139,-0.0804732602548753,-0.0048283956152925
2026-05-03,Byron_Buxton,621439,hitter,MIN,TOR,2026,823711,35,142,141,1,702056.0,Trey_Yesavage,0.0,0.0,0.0,0.0,0.0,4.0,3.0,1.0,1.0,1.0,0.1111111111111111,0.1725,0.1725,0.0,0.0,20.7,0.0,5.0625,2.003710575139147,1.08,13.0,65.0,0,1.0,0.49999999999999994,-0.8660254037844387,-0.7818314824680299,0.6234898018587334,1.5,4.5,0.5,0.5,0.5,1.5,4.5,0.5,0.5,0.5,synthetic,synthetic,synthetic,synthetic,synthetic,0.0,0.0,0.0,0.0,0.0,-110.0,-110.0,-110.0,-110.0,-110.0,-110.0,-110.0,-110.0,-110.0,-110.0,0.0,0.0,0.0,0.0,0.0,2026-08-26T14:02:39.082451+00:00,0.13259954081641467,-1.0847601311378283,0.32539084885971015,0.19035113563716222,0.3307243284416582,1.8,4.4,1.0,0.8,1.0,1.0,4.0,1.0,1.0,1.0,batter_pitcher_profile_network_v2,1.0,0.05,0.9425,0.0,0.5117271875,0.1091898864241943,-0.25040625,0.0,23.0,3.7421561229918887,0.0729548712519438,-0.0015721552248509,-0.000157215522485,0.3390299860111914,-0.44275,0.0,23.0,3.5159816476489207,0.1375521098785738,0.1976970970552396,0.0316315355288383,0.4181598471223027,-0.8493749999999999,0.0,23.0,2.595544145872505,0.0920289369636545,0.0716064020550579,0.0035803201027528,0.6445456018518517,-0.614625,0.0,23.0,3.244372460623853,0.2128242713174355,0.1900454254864893,0.0047511356371622,0.6346844907407412,-0.815,0.0,23.0,2.7002131771033024,0.0645934918860982,0.0187022169672357,0.0011221330180341
2026-05-05,Byron_Buxton,621439,hitter,MIN,WSH,2026,822743,36,142,120,0,676917.0,Cade_Cavalli,1.0,4.0,1.0,1.0,3.0,6.0,6.0,0.0,1.0,1.0,0.1304347826086956,0.35,0.35,0.5,30.0,64.5,2.9499999999999997,14.75,1.0530612244897959,1.08,16.0,82.0,0,2.0,0.49999999999999994,-0.8660254037844387,0.7818314824680298,0.6234898018587336,1.5,3.5,0.5,0.5,0.5,1.5,3.5,0.5,0.5,0.5,synthetic,synthetic,synthetic,synthetic,synthetic,0.0,0.0,0.0,0.0,0.0,-110.0,-110.0,-110.0,-110.0,-110.0,-110.0,-110.0,-110.0,-110.0,-110.0,0.0,0.0,0.0,0.0,0.0,2026-08-26T14:02:39.082451+00:00,-0.6948522800437418,-0.5712949894686696,0.12969630899884443,0.14547210036042668,0.05674336657835399,1.4,3.4,0.8,0.6,0.8,0.0,0.0,0.0,0.0,0.0,batter_pitcher_profile_network_v2,1.0,0.45,0.6221218693997759,0.0,0.6232055319493374,0.0573391919797494,-0.4371546048037983,0.0,23.0,3.4806019823949303,0.0885230385298037,-0.0094719279144941,-0.0009471927914494,0.2958841526778576,-0.5995059349252896,0.0,23.0,3.2159246670495287,0.1451873828714156,0.1507514245164635,0.0241202279226341,0.3670660971223021,-0.6108434343434342,0.0,23.0,3.1944100476554387,0.1136362362216105,0.0289084337479658,0.0014454216873982,0.6324344907407408,-0.8142786621980169,0.0,23.0,2.80536323076024,0.1894829047443902,-0.0051159855829327,-0.0001278996395733,0.5828337962962963,-0.6454646464646463,0.0,23.0,3.085262388053712,0.0717429924694048,-0.0883499832327015,-0.005300998993962
2026-05-06,Byron_Buxton,621439,hitter,MIN,WSH,2026,822740,37,142,120,0,571945.0,Miles_Mikolas,0.0,0.0,0.0,0.0,0.0,3.0,3.0,0.0,1.0,1.0,0.0967741935483871,0.0,0.0,0.0,0.0,10.0,3.8863636363636367,6.0681818181818175,2.338775510204082,1.08,10.0,72.0,0,1.0,0.49999999999999994,-0.8660254037844387,0.9749279121818236,-0.22252093395631434,1.5,3.5,0.5,0.5,1.5,1.5,3.5,0.5,0.5,1.5,synthetic,synthetic,synthetic,synthetic,synthetic,0.0,0.0,0.0,0.0,0.0,-110.0,-110.0,-110.0,-110.0,-110.0,-110.0,-110.0,-110.0,-110.0,-110.0,0.0,0.0,0.0,0.0,0.0,2026-08-26T14:02:39.082451+00:00,-0.16280600672012646,-0.44303330953193587,0.23131486637226462,0.18954067543043807,-0.12052549440829718,1.4,4.0,1.0,0.8,1.4,1.0,4.0,1.0,1.0,3.0,batter_pitcher_profile_network_v2,1.0,0.3,0.7173907582936923,0.0,0.5786358896327068,0.0870445105820105,0.7021796218487396,0.0,24.0,2.9058689391678385,0.0291378170694643,0.0172733259800557,0.0017273325980055,0.3320738095238096,0.7859716386554622,0.0,24.0,2.5776444173929987,0.0118228425822241,0.0914954444576575,0.0146392711132252,0.3815446428571429,0.8175507703081233,0.0,24.0,2.5253157226238123,0.0256572408645506,0.1138121398218579,0.0056906069910928,0.6787449074074076,0.8725,0.0,24.0,2.2061649562345664,-0.0097355694686107,0.1576270172175255,0.0039406754304381,0.5998421296296299,0.8655112044817928,0.0,24.0,2.3804242417908896,0.0205765031400218,0.1621546411432617,0.0097292784685957
2026-05-07,Byron_Buxton,621439,hitter,MIN,WSH,2026,822741,38,142,120,0,663623.0,Jake_Irvin,1.0,1.0,0.0,0.0,0.0,5.0,5.0,0.0,2.0,1.0,0.1219512195121951,0.178,0.178,0.0,0.0,21.36,3.6,10.16470588235294,2.338775510204082,1.08,-6.0,59.0,0,1.0,0.49999999999999994,-0.8660254037844387,0.43388373911755823,-0.900968867902419,0.5,2.5,0.5,0.5,1.5,0.5,2.5,0.5,0.5,1.5,synthetic,synthetic,synthetic,synthetic,synthetic,0.0,0.0,0.0,0.0,0.0,-110.0,-110.0,-110.0,-110.0,-110.0,-110.0,-110.0,-110.0,-110.0,-110.0,0.0,0.0,0.0,0.0,0.0,2026-08-26T14:02:39.082451+00:00,0.058328491992151954,-0.7494108854263337,-0.03678525654793979,-0.04905031593492398,-0.6597345769306978,0.8,2.6,0.6,0.6,1.2,0.0,0.0,0.0,0.0,0.0,batter_pitcher_profile_network_v2,1.0,0.45,0.6077323455760948,0.0,0.6239987544501178,0.0804926092459365,-0.2076118161267477,0.0,25.0,4.169714669225745,0.0794952618151147,-0.0065552698129119,-0.0006555269812911,0.3277058752997602,-0.1876873356715274,0.0,25.0,4.163703864479874,0.1355362016261551,0.1791773929146822,0.0286683828663491,0.3771767086330935,-0.01055327840356,0.0,25.0,4.187573435072795,0.0809100292339845,0.079348627129806,0.0039674313564903,0.6787449074074076,-0.1502538250332295,0.0,25.0,4.085626887918902,0.2539923943522157,0.2139873626030435,0.005349684065076,0.5998421296296299,-0.0401676401056877,0.0,25.0,4.038290605200202,0.0906465986412788,0.0585335568792761,0.0035120134127565
2026-05-08,Byron_Buxton,621439,hitter,MIN,CLE,2026,824443,39,142,114,0,800048.0,Parker_Messick,3.0,7.0,2.0,1.0,2.0,5.0,5.0,0.0,1.0,1.0,0.125,0.852,0.852,0.8,30.0,65.0,4.729411764705882,10.764705882352942,3.2668831168831174,1.08,13.0,55.0,0,1.0,0.49999999999999994,-0.8660254037844387,-0.433883739117558,-0.9009688679024191,0.5,1.5,0.5,0.5,0.5,0.5,1.5,0.5,0.5,0.5,synthetic,synthetic,synthetic,synthetic,synthetic,0.0,0.0,0.0,0.0,0.0,-110.0,-110.0,-110.0,-110.0,-110.0,-110.0,-110.0,-110.0,-110.0,-110.0,0.0,0.0,0.0,0.0,0.0,2026-08-26T14:02:39.082451+00:00,0.054421273747270904,1.1549426101678892,0.25303470254780047,0.0848410792207056,0.3167177285900664,0.6,1.8,0.4,0.4,0.8,1.0,1.0,0.0,0.0,0.0,batter_pitcher_profile_network_v2,1.0,0.5,0.6074579555613733,0.0,0.6377932002218658,0.1172102513227513,-0.326470706614984,0.0,26.0,4.343569462034193,0.0706944415401504,-0.0150209014374002,-0.00150209014374,0.3574793650793653,-0.2187596178708168,0.0,26.0,4.456417651269211,0.1137676039075966,0.1399538135493079,0.0223926101678892,0.414919642857143,-0.3143901774471255,0.0,26.0,4.350558405269742,0.0680167327360704,0.0168109340728931,0.0008405467036446,0.6829523148148149,-0.1109327830084315,0.0,26.0,4.401385480157384,0.199382861061315,0.1696431688282252,0.0042410792207056,0.6300078703703706,-0.2859249633798472,0.0,26.0,4.264416042014485,0.08924901957629,-0.0037737875681591,-0.0002264272540895
2026-05-09,Byron_Buxton,621439,hitter,MIN,CLE,2026,824444,40,142,114,0,676440.0,Tanner_Bibee,2.0,6.0,1.0,1.0,2.0,5.0,5.0,0.0,2.0,1.0,0.1282051282051282,0.674,0.674,0.8,30.0,65.0,4.6000000000000005,8.1,4.166883116883118,1.08,11.0,60.0,0,1.0,0.49999999999999994,-0.8660254037844387,-0.9749279121818236,-0.2225209339563146,0.5,2.5,0.5,0.5,0.5,0.5,2.5,0.5,0.5,0.5,synthetic,synthetic,synthetic,synthetic,synthetic,0.0,0.0,0.0,0.0,0.0,-110.0,-110.0,-110.0,-110.0,-110.0,-110.0,-110.0,-110.0,-110.0,-110.0,0.0,0.0,0.0,0.0,0.0,2026-08-26T14:02:39.082451+00:00,0.8095357707004638,1.2915276257442545,0.616319264269219,0.1856519263906493,0.7784041240302582,1.0,2.4,0.6,0.4,1.0,3.0,7.0,2.0,1.0,2.0,batter_pitcher_profile_network_v2,1.0,0.6,0.5368044519606435,0.0,0.6705448727808927,0.2682895882584712,0.3486136615322663,0.0,27.0,4.365215929289388,0.0355588352381543,0.0433224089693403,0.004332240896934,0.4870353427895981,0.3663394204404807,0.0,27.0,4.270368306268729,0.0431444650929984,0.1473601609015882,0.0235776257442541,0.578975620567376,0.2689486779560309,0.0,27.0,4.4765775372344665,0.0276065690877936,0.0997329377320288,0.0049866468866014,0.7533226851851852,0.3429938322051865,0.0,27.0,4.196764220636078,0.0823942578827685,0.2020770556259686,0.0050519263906492,0.7787949074074076,0.3549249851455734,0.0,27.0,4.170359989182401,0.0535271051070431,0.1681789569478607,0.0100907374168716
2026-05-10,Byron_Buxton,621439,hitter,MIN,CLE,2026,824440,41,142,114,0,668909.0,Gavin_Williams,1.0,1.0,1.0,0.0,0.0,5.0,4.0,1.0,2.0,1.0,0.131578947368421,0.316,0.316,0.0,0.0,37.92,5.5,9.021739130434783,3.816233766233767,1.08,-5.0,56.0,0,1.0,0.49999999999999994,-0.8660254037844387,-0.7818314824680299,0.6234898018587334,1.5,3.5,0.5,0.5,1.5,1.5,3.5,0.5,0.5,1.5,synthetic,synthetic,synthetic,synthetic,synthetic,0.0,0.0,0.0,0.0,0.0,-110.0,-110.0,-110.0,-110.0,-110.0,-110.0,-110.0,-110.0,-110.0,-110.0,0.0,0.0,0.0,0.0,0.0,2026-08-26T14:02:39.082451+00:00,-0.14129919730748597,-0.21969492604687701,0.3907387041916427,0.051138728941409584,-0.07598662037189885,1.4,3.6,0.8,0.6,1.4,2.0,6.0,1.0,1.0,2.0,batter_pitcher_profile_network_v2,1.0,0.6,0.5854040319843441,0.0,0.6669728036491507,0.3270801512780385,-0.3453121691759391,0.0,28.0,4.948936636237344,0.0750297374060118,-0.0468264406667657,-0.0046826440666765,0.5395222613458528,-0.1317186277968392,0.0,28.0,5.199019665835482,0.1270208090549038,0.161067896417543,0.0257708634268068,0.6463028169014085,-0.0424338936496863,0.0,28.0,5.236950946196292,0.0431211984532499,0.0317508439148812,0.001587542195744,0.8131467592592593,0.0857860714512811,0.0,28.0,5.050799203331142,0.1926283251946339,0.2215491576563826,0.0055387289414095,0.8576259259259259,-0.0450325778602126,0.0,28.0,5.064021192109695,0.1250128557309699,0.0777474868524955,0.0046648492111497
2026-05-12,Byron_Buxton,621439,hitter,MIN,MIA,2026,823712,42,142,146,1,691587.0,Eury_Pérez,0.0,0.0,1.0,0.0,0.0,4.0,3.0,1.0,0.0,1.0,0.1142857142857142,0.1725,0.1725,0.0,0.0,20.7,6.45,10.575000000000001,2.1581632653061225,1.08,21.0,68.0,0,2.0,0.49999999999999994,-0.8660254037844387,0.7818314824680298,0.6234898018587336,1.5,2.5,0.5,0.5,0.5,1.5,2.5,0.5,0.5,0.5,synthetic,synthetic,synthetic,synthetic,synthetic,0.0,0.0,0.0,0.0,0.0,-110.0,-110.0,-110.0,-110.0,-110.0,-110.0,-110.0,-110.0,-110.0,-110.0,0.0,0.0,0.0,0.0,0.0,2026-08-26T14:02:39.082451+00:00,-0.392983138429595,-0.3829647726476213,0.20869235686506427,-0.19047617055456184,0.05217131258508323,1.4,3.0,0.8,0.4,0.8,1.0,1.0,1.0,0.0,0.0,batter_pitcher_profile_network_v2,1.0,0.55,0.5587510136591094,0.0,0.6548541504547175,0.3176607226107224,-0.2111523453143772,0.0,29.0,5.573840604307797,0.0546052705301966,-0.0295966904183992,-0.0029596690418399,0.5341043706293704,-0.0407876165684534,0.0,29.0,5.6433875351833285,0.0812426409380552,0.1122514209523657,0.0179602273523785,0.6331293706293706,0.215522696283159,0.0,29.0,5.410164317379863,0.0029737935426274,0.063183871995164,0.0031591935997582,0.8234874999999999,0.1530862821099606,0.0,29.0,5.3992490771081645,0.1013272833192545,0.1569531778175293,0.0039238294454382,0.8679666666666666,0.1651179606003396,0.0,29.0,5.333699560503735,0.0737520773969229,0.1185524886629545,0.0071131493197772
2026-05-13,Byron_Buxton,621439,hitter,MIN,MIA,2026,823710,43,142,146,1,676974.0,Max_Meyer,2.0,8.0,2.0,2.0,2.0,5.0,4.0,1.0,1.0,1.0,0.1282051282051282,0.978,0.978,1.5,30.0,65.0,1.2,9.0,2.1581632653061225,1.08,0.0,70.0,0,1.0,0.49999999999999994,-0.8660254037844387,0.9749279121818236,-0.22252093395631434,1.5,2.5,0.5,0.5,0.5,1.5,2.5,0.5,0.5,0.5,synthetic,synthetic,synthetic,synthetic,synthetic,0.0,0.0,0.0,0.0,0.0,-110.0,-110.0,-110.0,-110.0,-110.0,-110.0,-110.0,-110.0,-110.0,-110.0,0.0,0.0,0.0,0.0,0.0,2026-08-26T14:02:39.082451+00:00,-0.42909149330197516,1.6339255555671013,0.7909482469725237,0.2544997812471075,0.29426659339958416,1.4,3.0,1.0,0.4,0.8,0.0,0.0,1.0,0.0,0.0,batter_pitcher_profile_network_v2,1.0,0.5,0.5996436763922743,0.0,0.6382718248209732,0.2970902190923317,-0.6400513732777375,0.0,30.0,4.896027333757043,0.0383387969410042,-0.0761289570909204,-0.007612895709092,0.5192305164319249,-0.6787156272661349,0.0,30.0,4.684833241398677,0.0822911603409551,-0.017652777705621,-0.0028244444328993,0.6286971830985915,-0.5601175549915397,0.0,30.0,5.024273767271747,0.0780156523237771,-0.0629675566248825,-0.0031483778312441,0.7785756944444445,-0.7134078861493836,0.0,30.0,4.459913749440182,0.1783659831483647,-0.0440087501157061,-0.0011002187528926,0.8540444444444444,-0.6346004230118442,0.0,30.0,4.704994380839131,0.0935163042995473,-0.1468466772492113,-0.0088108006349526
2026-05-19,Byron_Buxton,621439,hitter,MIN,HOU,2026,823704,44,142,117,1,669920.0,,2.0,4.0,1.0,0.0,0.0,5.0,5.0,0.0,1.0,1.0,0.1351351351351351,0.508,0.508,0.4,30.0,65.0,4.1,8.2,2.78265306122449,1.08,10.0,55.0,0,6.0,0.49999999999999994,-0.8660254037844387,0.7818314824680298,0.6234898018587336,1.5,4.5,1.5,0.5,1.5,1.5,4.5,1.5,0.5,1.5,synthetic,synthetic,synthetic,synthetic,synthetic,0.0,0.0,0.0,0.0,0.0,-110.0,-110.0,-110.0,-110.0,-110.0,-110.0,-110.0,-110.0,-110.0,-110.0,0.0,0.0,0.0,0.0,0.0,2026-08-26T14:02:39.082451+00:00,-0.0045975009163277125,0.10726920696963216,-0.030394300010099018,0.4617409076989559,-0.2159559857097164,1.6,4.4,1.4,0.8,1.2,2.0,8.0,2.0,2.0,2.0,batter_pitcher_profile_network_v2,1.0,0.1,0.5765382507055739,0.0,0.5279374064288567,0.3071198487219613,-0.3295263157894738,0.0,31.0,6.115882682135998,0.0403987519936542,-0.0428560534728931,-0.0042856053472893,0.5267527386541471,-0.453703947368421,0.0,31.0,5.780224326164329,0.0943505224569947,0.040322746262899,0.0064516394020638,0.6286971830985915,-0.5149451754385965,0.0,31.0,5.5281157615374745,0.098148979868184,-0.0389444668318784,-0.0019472233415939,0.8323553240740741,-0.4939999999999999,0.0,31.0,5.528846779916914,0.219756804892304,0.0456363079582374,0.0011409076989559,0.864074074074074,-0.6489912280701755,0.0,31.0,5.003908511114986,0.1075663562000907,-0.1567926281643301,-0.0094075576898598
2026-05-20,Byron_Buxton,621439,hitter,MIN,HOU,2026,823703,45,142,117,1,681347.0,Mike_Burrows,0.0,0.0,0.0,0.0,0.0,4.0,3.0,0.0,0.0,1.0,0.1212121212121212,0.18,0.18,0.0,0.0,21.6,5.205882352941176,6.189075630252101,2.78265306122449,1.08,0.0,57.0,0,1.0,0.49999999999999994,-0.8660254037844387,0.9749279121818236,-0.22252093395631434,1.5,3.5,1.5,0.5,0.5,1.5,3.5,1.5,0.5,0.5,synthetic,synthetic,synthetic,synthetic,synthetic,0.0,0.0,0.0,0.0,0.0,-110.0,-110.0,-110.0,-110.0,-110.0,-110.0,-110.0,-110.0,-110.0,-110.0,0.0,0.0,0.0,0.0,0.0,2026-08-26T14:02:39.082451+00:00,-0.044019935776490104,-0.4645102515247337,-0.48813546172271716,-0.05332711716622768,0.09244262958052929,1.4,3.8,1.2,0.6,0.8,2.0,4.0,1.0,0.0,0.0,batter_pitcher_profile_network_v2,1.0,0.6,0.5921242080872389,0.0,0.666478870705588,0.280711398017736,0.2514720108323049,0.0,31.0,5.808457473507056,0.0240293726805594,0.0287923843865072,0.0028792384386507,0.5091471048513302,0.2367631657558127,0.0,31.0,5.886845347099801,0.0067049221665075,0.0592257006976866,0.0094761121116298,0.6110915492957747,0.1891210505181094,0.0,31.0,6.064594795242135,0.0779539320262629,0.1250922497757152,0.0062546124887857,0.8451157407407408,0.1934595943272413,0.0,31.0,5.904174296677862,-0.0237706444871457,0.0429153133508924,0.0010728828337723,0.8640740740740741,0.2294301164521753,0.0,31.0,5.809203986116233,0.0202882489554307,0.0960753662308372,0.0057645219738502
2026-05-22,Byron_Buxton,621439,hitter,MIN,BOS,2026,824761,46,142,111,0,801139.0,Payton_Tolle,2.0,5.0,1.0,1.0,3.0,5.0,5.0,0.0,2.0,1.0,0.1136363636363636,0.5980000000000001,0.5980000000000001,0.6,30.0,65.0,1.3499999999999999,6.953571428571429,1.1298701298701306,1.08,0.0,64.0,0,2.0,0.49999999999999994,-0.8660254037844387,-0.433883739117558,-0.9009688679024191,0.5,2.5,0.5,0.5,0.5,0.5,2.5,0.5,0.5,0.5,synthetic,synthetic,synthetic,synthetic,synthetic,0.0,0.0,0.0,0.0,0.0,-110.0,-110.0,-110.0,-110.0,-110.0,-110.0,-110.0,-110.0,-110.0,-110.0,0.0,0.0,0.0,0.0,0.0,2026-08-26T14:02:39.082451+00:00,0.31365753679926534,0.12824365147390404,0.3771240171559159,0.03141799365662434,-0.15428738280160847,1.0,2.6,1.0,0.4,0.4,0.0,0.0,0.0,0.0,0.0,batter_pitcher_profile_network_v2,1.0,0.25,0.7764185880396335,0.0,0.5637221807412862,0.3338616327595199,-0.6212698757763976,0.0,32.0,5.529497480770661,0.0375635632149448,-0.0463748484575626,-0.0046374848457562,0.5446083724569639,-0.4714877329192546,0.0,32.0,6.001672029093348,0.0649516785584873,0.0400171398937192,0.006402742382995,0.6463028169014085,-0.5290642339544513,0.0,32.0,5.748264010537353,0.1124243172742478,0.0359738496118233,0.0017986924805911,0.8454490740740741,-0.2694496894409938,0.0,32.0,6.360440675152136,0.0836529312622457,0.0327197462649783,0.0008179936566244,0.8644074074074074,-0.5532399585921324,0.0,32.0,5.572397806393662,0.0799572562972349,-0.046954215524645,-0.0028172529314787
2026-05-23,Byron_Buxton,621439,hitter,MIN,BOS,2026,824760,47,142,111,0,663558.0,Jovani_Morán,1.0,1.0,1.0,0.0,0.0,5.0,5.0,0.0,3.0,1.0,0.125,0.178,0.178,0.0,0.0,21.36,0.0,23.400000000000002,2.1428571428571432,1.08,-8.0,61.0,0,1.0,0.49999999999999994,-0.8660254037844387,-0.9749279121818236,-0.2225209339563146,1.5,3.5,0.5,0.5,0.5,1.5,3.5,0.5,0.5,0.5,synthetic,synthetic,synthetic,synthetic,synthetic,0.0,0.0,0.0,0.0,0.0,-110.0,-110.0,-110.0,-110.0,-110.0,-110.0,-110.0,-110.0,-110.0,-110.0,0.0,0.0,0.0,0.0,0.0,2026-08-26T14:02:39.082451+00:00,-1.04161451715152,-0.5958694330128318,0.3521596685323052,0.04127642816830279,0.679328873829224,1.2,3.4,1.0,0.6,1.0,2.0,5.0,1.0,1.0,3.0,batter_pitcher_profile_network_v2,1.0,0.1,0.8325,0.0,0.524801875,0.3806404538341156,0.5,0.0,33.0,5.45240364623764,-0.0400305980038933,0.0318786380086071,0.0031878638008607,0.5774917840375586,0.6,0.0,33.0,5.10160998976027,-0.1100229204173162,-0.1069964563301996,-0.0171194330128319,0.6639084507042252,1.0,0.0,33.0,3.3980675957455992,-0.0538684377039951,0.0573362277889625,0.0028668113894481,0.8847777777777778,0.6,0.0,33.0,5.113301952119535,-0.2618630399345615,-0.1729428732678949,-0.0043235718316973,0.8847777777777777,1.0,0.0,33.0,3.4216083027358413,-0.0912444440066638,0.0797669447727798,0.0047860166863667
2026-05-25,Byron_Buxton,621439,hitter,MIN,CWS,2026,824598,48,142,145,0,641743.0,Anthony_Kay,1.0,2.0,0.0,0.0,0.0,4.0,3.0,1.0,1.0,1.0,0.1111111111111111,0.49,0.49,0.3333333333333333,28.33333333333333,65.0,1.562500000000001,7.8125,5.542346938775511,1.08,2.0,80.0,0,2.0,0.49999999999999994,-0.8660254037844387,0.0,1.0,1.5,3.5,0.5,0.5,0.5,1.5,3.5,0.5,0.5,0.5,synthetic,synthetic,synthetic,synthetic,synthetic,0.0,0.0,0.0,0.0,0.0,-110.0,-110.0,-110.0,-110.0,-110.0,-110.0,-110.0,-110.0,-110.0,-110.0,0.0,0.0,0.0,0.0,0.0,2026-08-26T14:02:39.082451+00:00,-0.0629448502953931,-0.49674771995587275,0.6781260091048005,0.09805315878813337,0.4460578908680415,1.4,3.6,1.0,0.6,1.0,1.0,1.0,1.0,0.0,0.0,batter_pitcher_profile_network_v2,1.0,0.65,0.5191482982568163,0.0,0.686162816751301,0.3278235524256649,0.142921672201426,0.0,33.0,6.565446111288239,-0.0173939726786023,0.0225293882025319,0.0022529388202531,0.5422805164319248,0.1764582416188093,0.0,33.0,6.546498178080387,-0.0608044787683582,-0.0451940830575404,-0.0072310532892064,0.6286971830985915,0.3207064660961721,0.0,33.0,6.252164620092177,-0.0017795638427249,0.0951732433204975,0.0047586621660248,0.8847777777777778,0.2393322763678441,0.0,33.0,6.353321239093199,-0.1703634902180627,-0.0685403151413337,-0.0017135078785333,0.8847777777777777,0.2867159577306637,0.0,33.0,6.18517815820534,-0.0676681702910754,0.0712312877099864,0.0042738772625991
2026-05-26,Byron_Buxton,621439,hitter,MIN,CWS,2026,824597,49,142,145,0,680732.0,Sean_Burke,0.0,0.0,1.0,0.0,0.0,5.0,4.0,1.0,1.0,1.0,0.125,0.1379999999999999,0.1379999999999999,0.0,0.0,16.56,8.20879120879121,9.445054945054945,5.175000000000002,1.08,-7.0,77.0,0,1.0,0.49999999999999994,-0.8660254037844387,0.7818314824680298,0.6234898018587336,1.5,2.5,0.5,0.5,0.5,1.5,2.5,0.5,0.5,0.5,synthetic,synthetic,synthetic,synthetic,synthetic,0.0,0.0,0.0,0.0,0.0,-110.0,-110.0,-110.0,-110.0,-110.0,-110.0,-110.0,-110.0,-110.0,-110.0,0.0,0.0,0.0,0.0,0.0,2026-08-26T14:02:39.082451+00:00,-0.2889159062449105,-0.6431111491490666,0.08633876669965102,-0.3365275912022624,0.06338491061756668,1.2,2.4,0.6,0.2,0.6,1.0,2.0,0.0,0.0,0.0,batter_pitcher_profile_network_v2,1.0,0.55,0.5848399553933941,0.0,0.65309640800537,0.3210809692671396,0.1640541020038602,0.0,34.0,7.003162170125722,-0.0136802142921045,0.0218684100783653,0.0021868410078365,0.5377854609929079,0.1207247303267783,0.0,34.0,7.130493480515219,-0.044474023260373,-0.0397571821816669,-0.0063611491490667,0.6242021276595746,0.2008714948844258,0.0,34.0,7.034321426524411,0.0167207348791258,0.0687753339930203,0.003438766699651,0.8847777777777778,0.0982031786026404,0.0,34.0,7.081030178489145,-0.1211760699506234,-0.0851036480904988,-0.0021275912022624,0.8847777777777777,0.2100884489074143,0.0,34.0,6.839812460733661,-0.0754516879584532,0.0205818436261098,0.0012349106175665
2026-05-27,Byron_Buxton,621439,hitter,MIN,CWS,2026,824596,50,142,145,0,689818.0,David_Sandlin,1.0,4.0,1.0,1.0,1.0,3.0,3.0,0.0,0.0,1.0,0.1,0.7000000000000001,0.7000000000000001,1.0,30.0,65.0,4.1,8.2,4.371428571428572,1.08,0.0,72.0,0,1.0,0.49999999999999994,-0.8660254037844387,0.9749279121818236,-0.22252093395631434,0.5,1.5,0.5,0.5,0.5,0.5,1.5,0.5,0.5,0.5,synthetic,synthetic,synthetic,synthetic,synthetic,0.0,0.0,0.0,0.0,0.0,-110.0,-110.0,-110.0,-110.0,-110.0,-110.0,-110.0,-110.0,-110.0,-110.0,0.0,0.0,0.0,0.0,0.0,2026-08-26T14:02:39.082451+00:00,0.26692380952380956,1.0183695129615482,0.4667925012759032,-0.008702970066279847,0.16016430411165705,0.8,1.6,0.6,0.2,0.6,0.0,0.0,1.0,0.0,0.0,batter_pitcher_profile_network_v2,1.0,0.0,1.0,0.0,0.5,0.3031402285263987,0.0,0.0,35.0,7.619285342043271,0.0250144673518973,0.0,0.0,0.5243299054373523,0.0,0.0,35.0,7.641200004054705,0.0229979706731176,0.0344969560096764,0.0055195129615482,0.6242021276595746,0.0,0.0,35.0,7.639667328478893,0.1294214540894953,0.1294214540894953,0.0064710727044747,0.8454481481481481,0.0,0.0,35.0,7.534829859509686,0.0278811973488045,0.0278811973488045,0.0006970299337201,0.8668370370370369,0.0,0.0,35.0,7.451140718551183,-0.0223805435504809,-0.0167854076628607,-0.0010071244597716
2026-05-28,Byron_Buxton,621439,hitter,MIN,CWS,2026,824595,51,142,145,0,663436.0,Davis_Martin,1.0,1.0,0.0,0.0,0.0,4.0,3.0,1.0,2.0,1.0,0.1142857142857142,0.395,0.395,0.0,0.0,47.400000000000006,3.117647058823529,11.705882352941176,4.8,1.08,14.0,66.0,0,1.0,0.49999999999999994,-0.8660254037844387,0.43388373911755823,-0.900968867902419,0.5,2.5,0.5,0.5,0.5,0.5,2.5,0.5,0.5,0.5,synthetic,synthetic,synthetic,synthetic,synthetic,0.0,0.0,0.0,0.0,0.0,-110.0,-110.0,-110.0,-110.0,-110.0,-110.0,-110.0,-110.0,-110.0,-110.0,0.0,0.0,0.0,0.0,0.0,2026-08-26T14:02:39.082451+00:00,0.3706697639629234,-0.2595827929601393,0.45937097149423745,-0.09655389751031629,0.39126654326325117,1.0,2.4,0.8,0.4,0.8,1.0,4.0,1.0,1.0,1.0,batter_pitcher_profile_network_v2,1.0,0.65,0.4783669979512232,0.0,0.6894100277881339,0.3501063435776199,-0.3889230048532605,0.0,35.0,7.109151088783977,0.0376651333584628,-0.0710278505668445,-0.0071027850566844,0.5573381796690305,-0.4999222225991934,0.0,35.0,6.659355859699526,0.0686319506640168,-0.0423924560008738,-0.0067827929601398,0.6419326241134751,-0.5120977132780632,0.0,35.0,6.4706571256035845,0.1588970093093114,-0.0125805701152506,-0.0006290285057625,0.8872074074074073,-0.6238007069197509,0.0,35.0,5.989752111150309,0.2025369853550588,-0.0861559004126528,-0.0021538975103163,0.8872074074074072,-0.5367064531154616,0.0,35.0,6.282901378396151,0.0504377912394675,-0.2105576122791485,-0.0126334567367489
2026-05-29,Byron_Buxton,621439,hitter,MIN,PIT,2026,823377,52,142,134,0,683003.0,Jared_Jones,0.0,0.0,0.0,0.0,0.0,4.0,4.0,0.0,2.0,1.0,0.1111111111111111,0.0,0.0,0.0,0.0,10.0,4.1,8.2,4.194805194805196,1.08,11.0,79.0,0,1.0,0.49999999999999994,-0.8660254037844387,-0.433883739117558,-0.9009688679024191,0.5,1.5,0.5,0.5,0.5,0.5,1.5,0.5,0.5,0.5,synthetic,synthetic,synthetic,synthetic,synthetic,0.0,0.0,0.0,0.0,0.0,-110.0,-110.0,-110.0,-110.0,-110.0,-110.0,-110.0,-110.0,-110.0,-110.0,0.0,0.0,0.0,0.0,0.0,2026-08-26T14:02:39.082451+00:00,0.4488588744588745,-0.3584337637004076,-0.05593566583706033,-0.3371890804034827,-0.32003956801411915,0.8,1.6,0.6,0.2,0.2,1.0,1.0,0.0,0.0,0.0,batter_pitcher_profile_network_v2,1.0,0.0,1.0,0.0,0.5,0.2933970899470901,0.0,0.0,36.0,8.051600549703924,0.0082156663538918,0.0,0.0,0.5198246031746032,0.0,0.0,36.0,8.037216628705675,-0.0350712376405876,-0.0526068564608815,-0.008417097033741,0.6017857142857144,0.0,0.0,36.0,8.031370150727657,0.0714814884535982,0.0714814884535982,0.0035740744226799,0.8907185185185186,0.0,0.0,36.0,7.884754679400818,-0.1115632161393097,-0.1115632161393097,-0.0027890804034827,0.8907185185185185,0.0,0.0,36.0,7.833959394746445,-0.0765887649121258,-0.0574415736840943,-0.0034464944210456
2026-05-30,Byron_Buxton,621439,hitter,MIN,PIT,2026,823375,53,142,134,0,656605.0,Mitch_Keller,2.0,2.0,2.0,0.0,0.0,5.0,4.0,1.0,2.0,1.0,0.1136363636363636,0.4939999999999999,0.4939999999999999,0.0,0.0,59.28,5.7941176470588225,5.6764705882352935,2.9090909090909096,1.08,0.0,72.0,0,1.0,0.49999999999999994,-0.8660254037844387,-0.9749279121818236,-0.2225209339563146,0.5,1.5,0.5,0.5,0.5,0.5,1.5,0.5,0.5,0.5,synthetic,synthetic,synthetic,synthetic,synthetic,0.0,0.0,0.0,0.0,0.0,-110.0,-110.0,-110.0,-110.0,-110.0,-110.0,-110.0,-110.0,-110.0,-110.0,0.0,0.0,0.0,0.0,0.0,2026-08-26T14:02:39.082451+00:00,0.21795729453393853,-0.3958812182466309,0.026544898970776165,-0.3373413681039321,-0.23428337711046487,0.6,1.4,0.4,0.2,0.2,0.0,0.0,0.0,0.0,0.0,batter_pitcher_profile_network_v2,1.0,0.7,0.4632486323926757,0.0,0.7052764297723281,0.2820596722621902,-0.0459017425151879,0.0,36.0,8.081398244802877,0.0249238938665309,-0.0069493363005434,-0.0006949336300543,0.5119157074340528,-0.0831928331938836,0.0,36.0,8.064004451977329,-0.0136028532991848,-0.0432632958596249,-0.0069221273375399,0.5970323741007193,-0.0110082391542475,0.0,36.0,8.035700562693547,0.0726983843670281,0.0691707066882549,0.0034585353344127,0.8865111111111112,-0.0640547612984588,0.0,36.0,7.900892423258373,-0.0871751594748316,-0.1176547241572842,-0.0029413681039321,0.8865111111111111,-0.0516114526618728,0.0,36.0,7.8458234872262,-0.0689060180271638,-0.0762381033562348,-0.004574286201374
2026-06-01,Byron_Buxton,621439,hitter,MIN,CWS,2026,823702,54,142,145,1,689818.0,David_Sandlin,1.0,1.0,0.0,0.0,0.0,5.0,5.0,0.0,2.0,1.0,0.1351351351351351,0.178,0.178,0.0,0.0,21.36,4.1,8.2,1.5,1.08,-6.0,78.0,0,2.0,1.2246467991473532e-16,-1.0,0.0,1.0,0.5,1.5,0.5,0.5,0.5,0.5,1.5,0.5,0.5,0.5,synthetic,synthetic,synthetic,synthetic,synthetic,0.0,0.0,0.0,0.0,0.0,-110.0,-110.0,-110.0,-110.0,-110.0,-110.0,-110.0,-110.0,-110.0,-110.0,0.0,0.0,0.0,0.0,0.0,2026-08-26T14:02:39.082451+00:00,0.5092112600561676,-0.22333673023861733,0.3518614461864217,-0.33881127451940474,-0.36979863009273295,0.8,1.4,0.8,0.2,0.2,2.0,2.0,2.0,0.0,0.0,batter_pitcher_profile_network_v2,1.0,0.05,0.9425,1.0,0.5304771875000001,0.2629923661071139,-0.4665000000000001,-0.0185185185185185,37.0,7.796252335637362,0.0544787629146927,-0.0250405525914768,-0.0025040552591476,0.4998634292565945,-0.0676842105263158,0.0888888888888889,37.0,8.60228314744852,-0.0381515367207518,0.0271606387113435,0.0043457021938149,0.5790467625899278,-0.5661403508771929,0.0518518518518518,37.0,7.132332263132312,0.1673121571093701,0.1988235183230308,0.0099411759161515,0.8944222222222223,0.4086315789473683,0.1111111111111111,37.0,7.319109710745797,-0.3053832744253136,-0.1764509807761908,-0.0044112745194047,0.8944222222222222,-0.4708771929824561,0.0518518518518518,37.0,7.493967924574403,-0.037471183130925,-0.0019591501941977,-0.0001175490116518
2026-06-02,Byron_Buxton,621439,hitter,MIN,CWS,2026,823700,55,142,145,1,663436.0,Davis_Martin,1.0,1.0,0.0,0.0,0.0,4.0,4.0,0.0,1.0,1.0,0.1111111111111111,0.2225,0.2225,0.0,0.0,26.7,3.117647058823529,9.705882352941176,1.8214285714285714,1.08,0.0,81.0,0,1.0,1.2246467991473532e-16,-1.0,0.7818314824680298,0.6234898018587336,0.5,1.5,0.5,0.5,0.5,0.5,1.5,0.5,0.5,0.5,synthetic,synthetic,synthetic,synthetic,synthetic,0.0,0.0,0.0,0.0,0.0,-110.0,-110.0,-110.0,-110.0,-110.0,-110.0,-110.0,-110.0,-110.0,-110.0,0.0,0.0,0.0,0.0,0.0,2026-08-26T14:02:39.082451+00:00,0.41593130558147096,-0.26738592774346936,-0.05709845324989543,-0.33894975888278867,-0.3874489563169272,1.0,1.6,0.6,0.2,0.2,1.0,1.0,0.0,0.0,0.0,batter_pitcher_profile_network_v2,1.0,0.7,0.4258231428293646,1.0,0.727235665502382,0.2738078204103382,-0.4269027031354187,-0.0185185185185185,36.0,7.458276424084526,0.0587889524424635,-0.0803171962861316,-0.0080317196286131,0.5057268185451638,-0.5304676374126553,-0.1111111111111111,36.0,6.984049358941146,0.0826057818397346,-0.1093391317300179,-0.0174942610768028,0.5970323741007193,-0.532891993750319,-0.1111111111111111,36.0,6.802202819216787,0.2359912933977873,-0.0258976364264816,-0.001294881821324,0.8568703703703704,-0.637051375276733,-0.1111111111111111,36.0,6.331566592607382,0.2106482196974102,-0.1819903553115488,-0.0045497588827887,0.8782592592592592,-0.567281826544278,-0.1111111111111111,36.0,6.579494735544264,0.0662154152065297,-0.3156175259170429,-0.0189370515550225
2026-06-03,Byron_Buxton,621439,hitter,MIN,CWS,2026,823701,56,142,145,1,607200.0,Erick_Fedde,0.0,0.0,0.0,0.0,0.0,4.0,4.0,0.0,0.0,1.0,0.1176470588235294,0.0,0.0,0.0,0.0,10.0,12.700000000000001,6.95,1.1785714285714286,1.08,9.0,81.0,0,1.0,1.2246467991473532e-16,-1.0,0.9749279121818236,-0.22252093395631434,0.5,0.5,0.5,0.5,0.5,0.5,0.5,0.5,0.5,0.5,synthetic,synthetic,synthetic,synthetic,synthetic,0.0,0.0,0.0,0.0,0.0,-110.0,-110.0,-110.0,-110.0,-110.0,-110.0,-110.0,-110.0,-110.0,-110.0,0.0,0.0,0.0,0.0,0.0,2026-08-26T14:02:39.082451+00:00,0.5495965835550971,0.2845235531395651,-0.31916194607449355,-0.473552930212176,-0.4933436141544671,1.0,1.0,0.4,0.0,0.0,1.0,1.0,0.0,0.0,0.0,batter_pitcher_profile_network_v2,1.0,0.4,0.6342958289230711,0.0,0.6089195043827695,0.2795632045088564,0.3859529016134367,0.0,38.0,7.765739622842784,-0.0022485454292829,0.0394588327498513,0.0039458832749851,0.5083816425120771,0.5836060448748576,0.0,38.0,6.629426642480071,-0.0748226146565927,-0.0037314693483062,-0.000597035095729,0.6103260869565216,0.5572092490842491,0.0,38.0,6.97632323261716,0.0941153342277483,0.2184837675857602,0.010924188379288,0.7989351851851851,0.8340683229813665,0.0,38.0,5.061394354223457,-0.2098102280027019,0.0338827915129609,0.000847069787824,0.864074074074074,0.5826591997745844,0.0,38.0,6.701121337705046,-0.0975705559951869,0.1109397640922151,0.0066563858455329
2026-06-04,Byron_Buxton,621439,hitter,MIN,KC,2026,823698,57,142,118,1,607625.0,Seth_Lugo,2.0,5.0,1.0,1.0,1.0,5.0,4.0,1.0,0.0,1.0,0.131578947368421,0.736,0.736,0.75,30.0,65.0,2.9210526315789473,6.921052631578948,6.887755102040815,1.08,9.0,83.0,0,1.0,1.2246467991473532e-16,-1.0,0.43388373911755823,-0.900968867902419,0.5,0.5,0.5,0.5,0.5,0.5,0.5,0.5,0.5,0.5,synthetic,synthetic,synthetic,synthetic,synthetic,0.0,0.0,0.0,0.0,0.0,-110.0,-110.0,-110.0,-110.0,-110.0,-110.0,-110.0,-110.0,-110.0,-110.0,0.0,0.0,0.0,0.0,0.0,2026-08-26T14:02:39.082451+00:00,0.5301768671215179,1.2639922850399266,0.3835922270583665,-0.21403182381458208,-0.07871517320551252,0.8,0.8,0.4,0.0,0.0,0.0,0.0,0.0,0.0,0.0,batter_pitcher_profile_network_v2,1.0,0.65,0.5128645347474082,0.0,0.6866631614207376,0.3059537037037036,0.0602681538062663,0.0,39.0,9.206360885606818,0.0218038393194187,0.008982419872538,0.0008982419872538,0.5247777777777778,-0.1160210549432418,0.0,39.0,9.241595774555284,0.0050148938099721,-0.0221370342899324,-0.0035419254863891,0.6375,-0.1090030667306074,0.0,39.0,9.205844917420375,0.1511507434537383,0.1172999654423075,0.0058649982721153,0.7597731481481481,-0.3104665878586023,0.0,39.0,8.68887864461305,0.0296345956533059,-0.0852729525832878,-0.0021318238145821,0.8497037037037036,-0.1299258723732407,0.0,39.0,8.988861989535138,-0.0536228684536103,-0.09399617354694,-0.0056397704128164
2026-06-05,Byron_Buxton,621439,hitter,MIN,KC,2026,823699,58,142,118,1,608379.0,Michael_Wacha,0.0,0.0,0.0,0.0,0.0,1.0,1.0,0.0,0.0,1.0,0.0294117647058823,0.0,0.0,0.0,0.0,10.0,4.957142857142858,9.142857142857144,5.60204081632653,1.08,6.0,75.0,0,1.0,1.2246467991473532e-16,-1.0,-0.433883739117558,-0.9009688679024191,1.5,1.5,0.5,0.5,0.5,1.5,1.5,0.5,0.5,0.5,synthetic,synthetic,synthetic,synthetic,synthetic,0.0,0.0,0.0,0.0,0.0,-110.0,-110.0,-110.0,-110.0,-110.0,-110.0,-110.0,-110.0,-110.0,-110.0,0.0,0.0,0.0,0.0,0.0,2026-08-26T14:02:39.082451+00:00,-0.2699455630500156,0.2385801061587085,0.05539549077226669,-0.2364450478638238,-0.18453026451508492,1.2,1.8,0.6,0.2,0.2,2.0,5.0,1.0,1.0,1.0,batter_pitcher_profile_network_v2,1.0,0.75,0.4555128061904159,0.0,0.7206497609312555,0.3814711328976031,-0.0571143109410977,0.0,40.0,9.817836777853849,0.0191095780559194,-0.0118629934453321,-0.0011862993445332,0.5768202614379083,-0.0173948658850942,0.0,40.0,9.697926345824904,-0.0221392689547871,-0.0386721306257191,-0.006187540900115,0.6742647058823528,0.1016074111022434,0.0,40.0,9.5416892861762,0.1123895523485203,0.1496925285305703,0.0074846264265285,0.8238935185185184,0.0645010838355761,0.0,40.0,9.301107647177773,-0.1107370665693153,-0.081801914552955,-0.0020450478638238,0.870074074074074,0.0678352975082025,0.0,40.0,9.378606698779762,-0.0921941180862509,-0.0370090104254839,-0.002220540625529
2026-06-09,Byron_Buxton,621439,hitter,MIN,DET,2026,824267,59,142,116,0,675512.0,Troy_Melton,1.0,4.0,1.0,1.0,1.0,5.0,5.0,0.0,4.0,1.0,0.119047619047619,0.42,0.42,0.6,30.0,65.0,1.707983193277311,3.8918067226890756,3.2142857142857144,1.0666666666666669,-12.0,78.0,0,4.0,1.2246467991473532e-16,-1.0,0.7818314824680298,0.6234898018587336,0.5,1.5,0.5,0.5,0.5,0.5,1.5,0.5,0.5,0.5,synthetic,synthetic,synthetic,synthetic,synthetic,0.0,0.0,0.0,0.0,0.0,-110.0,-110.0,-110.0,-110.0,-110.0,-110.0,-110.0,-110.0,-110.0,-110.0,0.0,0.0,0.0,0.0,0.0,2026-08-26T14:02:39.082451+00:00,0.48143939363356025,0.2858145218978465,-0.12410037367715854,-0.11696112592481228,-0.24231298231115533,0.8,1.4,0.2,0.2,0.2,0.0,0.0,0.0,0.0,0.0,batter_pitcher_profile_network_v2,1.0,0.15,0.6534047278245496,0.0,0.5404936881262239,0.3736898496240603,-0.3249222955004786,0.0,41.0,9.972329609760203,0.0343080067567673,-0.0420836547008131,-0.0042083654700813,0.5702932330827069,-0.3634348074672906,0.0,41.0,9.769785455475509,0.0002434179539899,-0.0714717381384599,-0.0114354781021535,0.6797932330827069,-0.5370671249512462,0.0,41.0,8.735206496623215,0.1152468734758221,-0.0112931878288822,-0.0005646593914441,0.8078194444444444,-0.3084110732900754,0.0,41.0,9.689117710623174,-0.0454274641286387,-0.1317783703258316,-0.0032944592581457,0.854,-0.6106879055419634,0.0,41.0,8.270124481258321,-0.0262606816228067,-0.2004544670906839,-0.012027268025441
2026-06-10,Byron_Buxton,621439,hitter,MIN,DET,2026,824266,60,142,116,0,664285.0,Framber_Valdez,2.0,5.0,1.0,1.0,3.0,5.0,4.0,1.0,0.0,2.0,0.119047619047619,0.736,0.736,0.75,30.0,65.0,2.9000000000000004,7.3,1.9285714285714284,1.0666666666666669,0.0,87.0,0,1.0,1.2246467991473532e-16,-1.0,0.9749279121818236,-0.22252093395631434,0.5,1.5,0.5,0.5,0.5,0.5,1.5,0.5,0.5,0.5,synthetic,synthetic,synthetic,synthetic,synthetic,0.0,0.0,0.0,0.0,0.0,-110.0,-110.0,-110.0,-110.0,-110.0,-110.0,-110.0,-110.0,-110.0,-110.0,0.0,0.0,0.0,0.0,0.0,2026-08-26T14:02:39.082451+00:00,0.4552377018561439,1.5494128883912754,0.25093863744229705,0.15800711750331164,0.08703928427494201,0.8,2.0,0.4,0.4,0.4,1.0,4.0,1.0,1.0,1.0,batter_pitcher_profile_network_v2,1.0,0.8,0.4805132150147348,1.0,0.751659704928556,0.2891033834586466,0.0801079687106259,0.1111111111111111,40.0,10.059818168434662,-0.0044305911220835,0.0942817804661998,0.0094281780466199,0.5139022556390977,-0.0441816173453753,0.1012345679012345,40.0,10.145418730602517,-0.0505843605688687,-0.0127319475545294,-0.0020371116087247,0.6234022556390977,-0.0068451454895098,0.1111111111111111,40.0,10.146927288066152,0.0591673812272397,0.1392013202745149,0.0069600660137257,0.8078194444444444,-0.1430781806876933,-0.1111111111111111,40.0,9.85586509368714,-0.0907549221643329,-0.2330486332008687,-0.0058262158300217,0.854,-0.0285393278794469,-0.1111111111111111,40.0,9.939174016680733,-0.0776570871716313,-0.1531547858938258,-0.0091892871536295
2026-06-11,Byron_Buxton,621439,hitter,MIN,DET,2026,824265,61,142,116,0,672456.0,Keider_Montero,0.0,0.0,0.0,0.0,0.0,3.0,3.0,0.0,0.0,2.0,0.0909090909090909,0.0,0.0,0.0,0.0,10.0,4.517647058823529,6.305882352941175,2.0663265306122445,1.0666666666666669,0.0,82.0,0,1.0,1.2246467991473532e-16,-1.0,0.43388373911755823,-0.900968867902419,0.5,2.5,0.5,0.5,0.5,0.5,2.5,0.5,0.5,0.5,synthetic,synthetic,synthetic,synthetic,synthetic,0.0,0.0,0.0,0.0,0.0,-110.0,-110.0,-110.0,-110.0,-110.0,-110.0,-110.0,-110.0,-110.0,-110.0,0.0,0.0,0.0,0.0,0.0,2026-08-26T14:02:39.082451+00:00,0.7125509647492578,-0.07592180284973571,-0.057611525999598234,0.039916985703001395,0.5748938211319867,1.0,2.8,0.6,0.6,1.0,2.0,5.0,1.0,1.0,3.0,batter_pitcher_profile_network_v2,1.0,0.6,0.5378051150407442,0.0,0.6704713240445053,0.3172988721804509,0.0151597862921392,0.0,42.0,10.94227786483181,0.0361296717540569,0.0022232420212985,0.0002223242021298,0.5326992481203007,0.0421872759593348,0.0,42.0,10.802328459914508,-0.0129435193902408,-0.009028313265394,-0.001444530122463,0.638032581453634,-0.0870120802400213,0.0,42.0,10.865585689106435,0.1011933203097765,0.0755338584867025,0.0037766929243351,0.8078194444444444,0.1328122759593348,0.0,42.0,10.29465849088792,-0.1062420267060171,-0.0566539052132833,-0.001416347630332,0.8514999999999999,-0.0716017267046677,0.0,42.0,10.668725388784027,-0.014240584630143,-0.0388599384619387,-0.0023315963077163
2026-06-12,Byron_Buxton,621439,hitter,MIN,STL,2026,823695,62,142,138,1,681517.0,Kyle_Leahy,3.0,8.0,3.0,1.0,1.0,4.0,3.0,1.0,0.0,2.0,0.1111111111111111,1.3325,1.3325,1.6666666666666667,30.0,65.0,5.9423076923076925,8.319230769230769,3.444155844155844,1.08,12.0,79.0,0,1.0,1.2246467991473532e-16,-1.0,-0.433883739117558,-0.9009688679024191,0.5,2.5,0.5,0.5,0.5,0.5,2.5,0.5,0.5,0.5,synthetic,synthetic,synthetic,synthetic,synthetic,0.0,0.0,0.0,0.0,0.0,-110.0,-110.0,-110.0,-110.0,-110.0,-110.0,-110.0,-110.0,-110.0,-110.0,0.0,0.0,0.0,0.0,0.0,2026-08-26T14:02:39.082451+00:00,0.41140828495809656,1.8477760681774296,0.6299999135240881,0.43454391444851637,0.5890461614623002,1.0,2.8,0.6,0.6,1.0,0.0,0.0,0.0,0.0,0.0,batter_pitcher_profile_network_v2,1.0,0.8,0.4777567606388905,0.0,0.7331798374573887,0.3275120582414476,0.1483225429189284,0.0,43.0,11.073056731657218,0.0215129530129014,0.0253692298673464,0.0025369229867346,0.5391574215436811,0.1002592932168233,0.0,43.0,11.109875818610266,-0.0431211990617006,-0.0364516572243945,-0.0058322651559031,0.6434796437659034,0.0782705771805171,0.0,43.0,11.196280089500512,0.0570393723788422,0.083342426325916,0.0041671213162958,0.803612037037037,0.0327517630963414,0.0,43.0,10.958337529058369,-0.1226553798882036,-0.1089100887260135,-0.0027227522181503,0.8447925925925925,0.0800050149315211,0.0,43.0,10.968313407365292,-0.0599139737838027,-0.009638290202649,-0.0005782974121589
2026-06-13,Byron_Buxton,621439,hitter,MIN,STL,2026,823694,63,142,138,1,669461.0,Matthew_Liberatore,2.0,5.0,1.0,1.0,1.0,4.0,4.0,0.0,2.0,2.0,0.1081081081081081,0.7475,0.7475,0.75,30.0,65.0,3.8769230769230774,11.019230769230768,4.044155844155844,1.08,13.0,71.0,0,1.0,1.2246467991473532e-16,-1.0,-0.9749279121818236,-0.2225209339563146,1.5,3.5,0.5,0.5,0.5,1.5,3.5,0.5,0.5,0.5,synthetic,synthetic,synthetic,synthetic,synthetic,0.0,0.0,0.0,0.0,0.0,-110.0,-110.0,-110.0,-110.0,-110.0,-110.0,-110.0,-110.0,-110.0,-110.0,0.0,0.0,0.0,0.0,0.0,2026-08-26T14:02:39.082451+00:00,-0.18534186006927378,0.9941577356129541,1.015720094149293,0.3080777941470234,0.6034624081552746,1.2,3.4,1.0,0.6,1.0,3.0,8.0,3.0,1.0,1.0,batter_pitcher_profile_network_v2,1.0,0.8,0.4929577413649204,0.0,0.7316901413462378,0.3275120582414476,0.1526248498691398,0.0,44.0,11.667538429966434,0.0695522335427344,0.0253452570711161,0.0025345257071116,0.5391574215436811,0.1877205338492011,0.0,44.0,11.423921795311951,0.0286156978495687,0.094241759743121,0.0150786815588993,0.6393129770992367,0.182264704086763,0.0,44.0,11.5200475996208,0.129339025723405,0.1884217145056918,0.0094210857252845,0.803612037037037,0.1919484750256717,0.0,44.0,11.13177612905116,-0.0791005698483967,-0.0008882341190631,-2.2205852976579788e-05,0.8422925925925925,0.2153406844789199,0.0,44.0,11.170461039145357,-0.058856767218425,0.0478246802057896,0.0028694808123473
2026-06-14,Byron_Buxton,621439,hitter,MIN,STL,2026,823693,64,142,138,1,700241.0,Michael_McGreevy,3.0,4.0,0.0,0.0,1.0,5.0,5.0,0.0,2.0,2.0,0.131578947368421,0.61,0.61,0.2,17.0,65.0,5.75,7.5,3.8237476808905377,1.08,16.0,67.0,0,1.0,1.2246467991473532e-16,-1.0,-0.7818314824680299,0.6234898018587334,1.5,4.5,1.5,0.5,1.5,1.5,4.5,1.5,0.5,1.5,synthetic,synthetic,synthetic,synthetic,synthetic,0.0,0.0,0.0,0.0,0.0,-110.0,-110.0,-110.0,-110.0,-110.0,-110.0,-110.0,-110.0,-110.0,-110.0,0.0,0.0,0.0,0.0,0.0,2026-08-26T14:02:39.082451+00:00,0.12706128165241015,-0.4949574070139535,-0.1973993709086963,0.28049249639538065,-0.29019716334607804,1.6,4.4,1.2,0.8,1.2,2.0,5.0,1.0,1.0,1.0,batter_pitcher_profile_network_v2,1.0,0.8,0.4860782484050274,0.0,0.7323643316563073,0.2627733618233618,-0.0031849802066995,0.0,45.0,12.588221473974786,0.0977618787688665,-0.0004301154812375,-4.301154812375302e-05,0.4959982905982906,0.0713148646072855,0.0,45.0,12.385627994917083,0.0804159493313304,0.1388023903733107,0.0222083824597297,0.5919871794871796,-0.1734827591588902,0.0,45.0,12.306026495292768,0.1602549697858729,0.107475427251326,0.0053737713625663,0.803612037037037,0.163788977033321,0.0,45.0,11.837972593139568,0.0280560392412079,0.0956998558152242,0.0023924963953806,0.8397925925925925,-0.1253898104409415,0.0,45.0,12.20597975371946,0.0250136077417494,-0.0353564915978051,-0.0021213894958683
2026-06-15,Byron_Buxton,621439,hitter,MIN,TEX,2026,822887,65,142,140,0,669022.0,MacKenzie_Gore,1.0,4.0,1.0,1.0,1.0,4.0,4.0,0.0,2.0,2.0,0.1212121212121212,0.525,0.525,0.75,30.0,65.0,3.7714285714285722,8.235338345864664,5.993877551020408,1.08,0.0,74.0,0,1.0,1.2246467991473532e-16,-1.0,0.0,1.0,1.5,4.5,0.5,0.5,1.5,1.5,4.5,0.5,0.5,1.5,synthetic,synthetic,synthetic,synthetic,synthetic,0.0,0.0,0.0,0.0,0.0,-110.0,-110.0,-110.0,-110.0,-110.0,-110.0,-110.0,-110.0,-110.0,-110.0,0.0,0.0,0.0,0.0,0.0,2026-08-26T14:02:39.082451+00:00,0.6053376544809348,-0.024569738392215434,0.5858959496599176,0.21076464833045183,-0.21661995985409255,2.0,4.4,1.0,0.6,1.2,3.0,4.0,0.0,0.0,1.0,batter_pitcher_profile_network_v2,1.0,0.85,0.5223169096484057,0.0,0.7431137517828598,0.2130082414475542,-0.1211148087889377,0.0,46.0,13.138564418688164,0.1097978261962868,-0.0123234844846695,-0.0012323484484669,0.4628215436810855,-0.2234008812845172,0.0,46.0,12.806155403418044,0.1252875513711434,0.138541407775929,0.0221666252441486,0.5546437659033079,0.0592167241888333,0.0,46.0,13.010737839877216,0.1438068749299329,0.1594959876324954,0.0079747993816247,0.7846537037037037,-0.3026702474817003,0.0,46.0,12.204834187980564,0.2200315259925619,0.1065859332180766,0.0026646483304519,0.8372925925925925,-0.0270890269848755,0.0,46.0,12.876569818533127,0.0286840114991546,0.0106784674905407,0.0006407080494324
2026-06-16,Byron_Buxton,621439,hitter,MIN,TEX,2026,822888,66,142,140,0,677958.0,Kumar_Rocker,1.0,1.0,3.0,0.0,0.0,5.0,4.0,1.0,0.0,2.0,0.1041666666666666,0.316,0.316,0.0,0.0,37.92,2.4857142857142858,5.928571428571428,5.993877551020408,1.08,0.0,74.0,0,1.0,1.2246467991473532e-16,-1.0,0.7818314824680298,0.6234898018587336,1.5,4.5,0.5,0.5,0.5,1.5,4.5,0.5,0.5,0.5,synthetic,synthetic,synthetic,synthetic,synthetic,0.0,0.0,0.0,0.0,0.0,-110.0,-110.0,-110.0,-110.0,-110.0,-110.0,-110.0,-110.0,-110.0,-110.0,0.0,0.0,0.0,0.0,0.0,2026-08-26T14:02:39.082451+00:00,0.28193455766586006,-1.1642656571386891,0.5889837760944903,0.04798987029041457,0.43017260536548374,1.8,4.2,1.0,0.6,0.8,1.0,4.0,1.0,1.0,1.0,batter_pitcher_profile_network_v2,1.0,0.65,0.5425597486096543,0.0,0.6842986800169563,0.2007896946564883,0.1179134942118811,0.0,47.0,13.572346258567013,0.0767700914423609,0.0108302705361488,0.0010830270536148,0.4560431297709922,0.0187260306897403,0.0,47.0,13.672606928062525,0.0771221060712705,0.1195896428831911,0.0191343428613105,0.5313931297709923,0.1559149877899878,0.0,47.0,13.383271806472717,0.1118980610173519,0.1497979708693999,0.0074898985434699,0.8448111111111112,-0.0503711915324818,0.0,47.0,13.38930345659418,0.1150607891618383,0.0955948116165799,0.0023898702904145,0.8512,0.1052899877899878,0.0,47.0,13.313820201014096,-0.0062466174988417,0.0363121302410566,0.0021787278144633
2026-06-18,Byron_Buxton,621439,hitter,MIN,TEX,2026,822889,67,142,140,0,683004.0,Jack_Leiter,0.0,0.0,0.0,0.0,0.0,5.0,5.0,0.0,1.0,2.0,0.119047619047619,0.0,0.0,0.0,0.0,10.0,5.614285714285714,8.37983193277311,6.2693877551020405,1.08,0.0,74.0,0,2.0,1.2246467991473532e-16,-1.0,0.43388373911755823,-0.900968867902419,1.5,4.5,1.5,0.5,0.5,1.5,4.5,1.5,0.5,0.5,synthetic,synthetic,synthetic,synthetic,synthetic,0.0,0.0,0.0,0.0,0.0,-110.0,-110.0,-110.0,-110.0,-110.0,-110.0,-110.0,-110.0,-110.0,-110.0,0.0,0.0,0.0,0.0,0.0,2026-08-26T14:02:39.082451+00:00,0.32672000803712287,-1.5818449360934594,0.11260206376941806,-0.0500825029360259,0.21218738596105247,2.0,4.4,1.6,0.6,0.8,1.0,1.0,3.0,0.0,0.0,batter_pitcher_profile_network_v2,1.0,0.85,0.460597992906556,0.0,0.7495402339886048,0.2116440170940168,-0.0406360039470334,0.0,48.0,14.292691334213798,0.0780453541047851,-0.0046390552830312,-0.0004639055283031,0.4624589743589742,0.0878143083938119,0.0,48.0,14.00184150255282,0.0833341707460646,0.1469066494158752,0.02350506390654,0.5410256410256409,0.163849948672651,0.0,48.0,13.828222307570195,0.1198371378807408,0.1676535202863182,0.0083826760143159,0.7912166666666666,0.2158742042271453,0.0,48.0,13.180872903673205,0.0805682568263416,0.1726998825589662,0.0043174970639741,0.8388555555555554,0.1750088028393176,0.0,48.0,13.557238586083106,0.0659270073507793,0.1286333034325055,0.0077179982059503
2026-06-19,Byron_Buxton,621439,hitter,MIN,AZ,2026,825069,68,142,109,0,647336.0,Michael_Soroka,2.0,2.0,0.0,0.0,0.0,5.0,4.0,1.0,1.0,2.0,0.1282051282051282,0.4939999999999999,0.4939999999999999,0.0,0.0,59.28,2.857142857142857,8.571428571428573,2.2792207792207795,1.08,0.0,77.0,0,1.0,1.2246467991473532e-16,-1.0,-0.433883739117558,-0.9009688679024191,1.5,1.5,0.5,0.5,0.5,1.5,2.5,0.5,0.5,0.5,synthetic,real,real,real,synthetic,0.0,8.0,7.0,9.0,0.0,-110.0,-102.207888,-101.939394,282.531644,-110.0,-110.0,-134.591144,-131.642857,0.0,-110.0,0.0,0.0,0.0,0.0,0.0,2026-06-19T20:50:58.917955+00:00,-0.3633614222458339,0.5055075652192822,0.38721686872154626,-0.19213319336146883,0.028913235046109542,1.4,2.8,1.0,0.4,0.6,0.0,0.0,0.0,0.0,0.0,batter_pitcher_profile_network_v2,1.0,0.85,0.4406012827060154,0.0,0.7516223914382361,0.2273782828282828,-0.0644964450174852,0.0,48.0,14.839078875483722,0.0523631594636096,-0.0082036330477482,-0.0008203633047748,0.4729484848484848,-0.1240932937703754,0.0,48.0,14.670570530043983,0.0658771634987128,0.0659847826205149,0.0105575652192824,0.5473484848484849,-0.0901256721489531,0.0,48.0,14.635729194703536,0.0929425871289199,0.0653473644409169,0.0032673682220458,0.7912166666666667,-0.1819262990197192,0.0,48.0,14.190418832450517,0.1711938621706656,0.0906722655412491,0.0022668066385312,0.8363555555555555,-0.0713499722364422,0.0,48.0,14.481078476366026,0.0663523785692421,0.0163827552639993,0.0009829653158399
2026-06-20,Byron_Buxton,621439,hitter,MIN,AZ,2026,825068,69,142,109,0,668678.0,Zac_Gallen,1.0,4.0,1.0,1.0,4.0,4.0,4.0,0.0,0.0,2.0,0.0754716981132075,0.525,0.525,0.75,30.0,65.0,6.1499999999999995,4.2875000000000005,2.922077922077922,1.08,0.0,75.0,0,1.0,1.2246467991473532e-16,-1.0,-0.9749279121818236,-0.2225209339563146,1.5,1.5,0.5,0.5,0.5,1.5,2.5,0.5,0.5,0.5,synthetic,real,real,real,synthetic,0.0,7.0,5.0,7.0,0.0,-110.0,-114.28928,-133.428237,251.090395,-110.0,-110.0,-108.988743,-102.469136,0.0,-110.0,0.0,0.3779644730092272,0.0,0.0,0.0,2026-06-20T11:58:55.263102+00:00,0.08123347877289433,1.281423209813373,0.2468793400167294,-0.06850078798547687,-0.11464593227040593,1.4,2.2,0.8,0.2,0.4,2.0,2.0,0.0,0.0,0.0,batter_pitcher_profile_network_v2,1.0,0.95,0.3626500596805019,0.0,0.7902965993046815,0.2698318181818182,0.6230647544459379,0.0,49.0,11.233589703729788,0.0157736494700201,0.1071529899669592,0.0107152989966959,0.5024212121212122,0.5897057904401225,0.0,49.0,11.46604620109537,-0.0337725089966096,0.1381757217109383,0.0221081154737501,0.5621212121212121,0.3737713625366016,0.0,49.0,13.779859637533011,0.0297117968193391,0.1636220858038343,0.0081811042901917,0.8052611111111111,0.5461726927537471,0.0,49.0,11.766301311233503,-0.1443454351851943,0.1359684805809246,0.0033992120145231,0.8478999999999999,0.4635062597088381,0.0,49.0,12.841904650786857,-0.0229671780888201,0.2332575774094328,0.0139954546445659
2026-06-21,Byron_Buxton,621439,hitter,MIN,AZ,2026,825067,70,142,109,0,703615.0,,2.0,2.0,0.0,0.0,0.0,5.0,5.0,0.0,1.0,2.0,0.1282051282051282,0.356,0.356,0.0,0.0,42.72,4.1,8.2,2.922077922077922,1.08,0.0,74.0,0,1.0,1.2246467991473532e-16,-1.0,-0.7818314824680299,0.6234898018587334,0.5,1.5,0.5,0.5,0.5,0.5,2.5,0.5,0.5,0.5,synthetic,real,real,real,synthetic,0.0,8.0,7.0,9.0,0.0,-110.0,-108.618084,-131.398223,266.095093,-110.0,-110.0,-108.73508,-105.15033,0.0,-110.0,0.0,0.4629100498862757,0.0,0.0,0.0,2026-06-21T19:20:37.517202+00:00,0.5357446553446554,0.6426940703687318,0.485064266396522,-0.09109753412332566,0.9353214989855678,1.0,2.2,1.0,0.4,1.0,1.0,4.0,1.0,1.0,4.0,batter_pitcher_profile_network_v2,1.0,0.0,1.0,0.0,0.5,0.2908675572519084,0.0,0.0,49.0,15.920789480451177,0.0876236342148915,0.0,0.0,0.516445038167939,0.0,0.0,49.0,15.844784175185035,0.0910169598697143,0.1365254398045715,0.0218440703687314,0.5719783715012723,0.0,0.0,49.0,15.97226250301581,0.0974381750832869,0.0974381750832869,0.0048719087541643,0.8052611111111111,0.0,0.0,49.0,15.522767373204884,0.1320986350669727,0.1320986350669727,0.0033024658766743,0.8453999999999999,0.0,0.0,49.0,15.738582392792834,0.1032971580542414,0.0774728685406811,0.0046483721124408
2026-06-22,Byron_Buxton,621439,hitter,MIN,LAD,2026,823692,71,142,119,1,694361.0,Will_Klein,1.0,4.0,1.0,1.0,1.0,4.0,4.0,0.0,1.0,2.0,0.1176470588235294,0.525,0.525,0.75,30.0,65.0,4.5,0.0,3.6000000000000014,1.08,-4.0,77.0,0,1.0,1.2246467991473532e-16,-1.0,0.0,1.0,1.5,1.5,0.5,0.5,0.5,1.5,1.5,0.5,0.5,0.5,synthetic,synthetic,synthetic,synthetic,synthetic,0.0,0.0,0.0,0.0,0.0,-110.0,-110.0,-110.0,-110.0,-110.0,-110.0,-110.0,-110.0,-110.0,-110.0,0.0,0.0,0.0,0.0,0.0,2026-08-26T14:02:39.082451+00:00,0.24590946483643528,1.092892903182185,0.3292671900453741,-0.06270549171448708,0.2305764356785598,1.2,1.8,0.8,0.2,0.8,2.0,2.0,0.0,0.0,0.0,batter_pitcher_profile_network_v2,1.0,0.05,0.9425,0.0,0.5117271875,0.3112416595985298,-0.8000000000000002,0.0,49.0,10.06278547199238,0.087899657140584,-0.0143171163415323,-0.0014317116341532,0.5293401187446989,-0.8400000000000001,0.0,49.0,9.727927641215002,0.1650543974356246,0.2220144684180679,0.0355223149468908,0.5868956743002545,-1.0,0.0,49.0,7.627243136047793,0.1043844198268051,0.0706379185545405,0.003531895927727,0.7532592592592593,-0.8400000000000001,0.0,49.0,9.764396714980034,0.4041627536427419,0.3677803314205197,0.0091945082855129,0.834648148148148,-1.0,0.0,49.0,7.717206282246455,0.1467340136266734,0.0620582417014865,0.0037234945020891
2026-06-23,Byron_Buxton,621439,hitter,MIN,LAD,2026,823690,72,142,119,1,680736.0,Justin_Wrobleski,1.0,2.0,1.0,0.0,0.0,4.0,4.0,0.0,0.0,2.0,0.1111111111111111,0.3175,0.3175,0.25,21.25,49.35,2.571428571428571,5.142857142857143,2.314285714285716,1.08,-6.0,68.0,0,1.0,1.2246467991473532e-16,-1.0,0.7818314824680298,0.6234898018587336,1.5,2.5,0.5,0.5,0.5,1.5,2.5,0.5,0.5,0.5,synthetic,synthetic,synthetic,synthetic,synthetic,0.0,0.0,0.0,0.0,0.0,-110.0,-110.0,-110.0,-110.0,-110.0,-110.0,-110.0,-110.0,-110.0,-110.0,0.0,0.0,0.0,0.0,0.0,2026-08-26T14:02:39.082451+00:00,-0.2534958166001755,0.03131735312544004,0.02606116372839129,0.024132675738408493,0.3883708791729539,1.2,2.4,0.4,0.4,1.0,1.0,4.0,1.0,1.0,1.0,batter_pitcher_profile_network_v2,1.0,0.7,0.5422763197717932,0.0,0.6984998055795687,0.3428508547008545,-0.0419115121137959,0.0,48.0,15.86476883194431,0.0913380896403195,-0.0065772136208021,-0.0006577213620802,0.5512487179487179,-0.1349388148691403,0.0,48.0,15.659835099452712,0.1162777202666623,0.1403688737006657,0.0224590197921065,0.5971153846153845,-0.2934581822607586,0.0,48.0,14.93047912697217,0.1396437462909678,0.0594375602821106,0.0029718780141055,0.8070388888888889,-0.1846001925781186,0.0,48.0,15.200795678204498,0.1844984902579875,0.1163070295363398,0.0029076757384084,0.8421777777777777,-0.2836084660584882,0.0,48.0,14.825951159459876,0.1399895658004995,-0.0043345534666452,-0.0002600732079987
2026-06-24,Byron_Buxton,621439,hitter,MIN,LAD,2026,823691,73,142,119,1,660271.0,,0.0,0.0,0.0,0.0,0.0,5.0,5.0,0.0,2.0,2.0,0.131578947368421,0.0,0.0,0.0,0.0,10.0,4.1,8.2,2.9571428571428586,1.08,11.0,74.0,0,1.0,1.2246467991473532e-16,-1.0,0.9749279121818236,-0.22252093395631434,1.5,2.5,0.5,0.5,0.5,1.5,2.5,0.5,0.5,0.5,synthetic,synthetic,synthetic,synthetic,synthetic,0.0,0.0,0.0,0.0,0.0,-110.0,-110.0,-110.0,-110.0,-110.0,-110.0,-110.0,-110.0,-110.0,-110.0,0.0,0.0,0.0,0.0,0.0,2026-08-26T14:02:39.082451+00:00,-0.20255968010044878,-0.45925927636438635,0.02887276166048003,-0.1975141832634703,0.17095636407886305,1.4,2.8,0.6,0.4,1.0,1.0,2.0,1.0,0.0,0.0,batter_pitcher_profile_network_v2,1.0,0.7,0.4175631348842583,0.0,0.7091939611836748,0.3534619658119655,-0.809564548629761,0.0,48.0,10.203006373310764,0.0696159344710444,-0.166664470177423,-0.0166664470177423,0.5592070512820512,-0.8004586399633419,0.0,48.0,10.482063924270284,0.1088348858491336,-0.0974592930668915,-0.0155934868907026,0.5929487179487178,-0.6960711788764088,0.0,48.0,11.556406139907864,0.12991469832678,-0.1104770976174696,-0.0055238548808734,0.8486395833333331,-0.7688506678271189,0.0,48.0,10.871945811147496,0.2554593921967273,-0.1245673305388123,-0.0031141832634703,0.8502888888888886,-0.7860666639125286,0.0,48.0,10.50912639472843,0.1048857619528647,-0.3106270147257182,-0.018637620883543
2026-06-26,Byron_Buxton,621439,hitter,MIN,COL,2026,823688,74,142,115,1,608372.0,Tomoyuki_Sugano,3.0,4.0,2.0,0.0,2.0,5.0,5.0,0.0,0.0,2.0,0.119047619047619,0.61,0.61,0.2,17.0,65.0,5.8999999999999995,5.5,4.500000000000001,1.08,0.0,78.0,0,2.0,1.2246467991473532e-16,-1.0,-0.433883739117558,-0.9009688679024191,0.5,1.5,1.5,0.5,0.5,0.5,2.5,0.5,0.5,0.5,synthetic,real,real,real,synthetic,0.0,8.0,7.0,8.0,0.0,-110.0,-114.436101,166.794374,447.729438,-110.0,-110.0,-120.479466,-231.455818,0.0,-110.0,0.0,0.3535533905932738,0.5773502691896257,0.0,0.0,2026-06-27T01:11:02.474098+00:00,0.6058311100378575,0.58114984593157,-0.6956388004463214,-0.09074887069014015,0.45176991124519805,1.0,2.4,0.6,0.4,1.0,0.0,0.0,0.0,0.0,0.0,batter_pitcher_profile_network_v2,1.0,0.85,0.3888490609263835,0.0,0.7570110915310403,0.285578774928775,0.3875766956615422,0.0,49.0,14.552350009766265,0.078583475476185,0.0676444337119095,0.0067644433711909,0.5086985042735044,0.4129991704374058,0.0,49.0,14.160945443668329,0.1310673847651957,0.3249990370723131,0.0519998459315701,0.5455512820512822,0.2138090021515853,0.0,49.0,15.94671403719481,0.1909370382998394,0.2622239910735755,0.0131111995536787,0.7845192129629629,0.4594665617417536,0.0,49.0,13.497251421577731,0.225749493804119,0.4460451723943975,0.0111511293098599,0.808751851851852,0.2676676978037592,0.0,49.0,15.361345042994886,0.196264738635804,0.2794985207533002,0.016769911245198
2026-06-27,Byron_Buxton,621439,hitter,MIN,COL,2026,823689,75,142,115,1,547179.0,Michael_Lorenzen,0.0,0.0,0.0,0.0,0.0,5.0,4.0,0.0,0.0,2.0,0.1282051282051282,0.144,0.144,0.0,0.0,17.279999999999998,3.4499999999999997,10.0125,4.928571428571429,1.08,-12.0,83.0,0,1.0,1.2246467991473532e-16,-1.0,-0.9749279121818236,-0.2225209339563146,1.5,1.5,0.5,0.5,0.5,1.5,2.5,0.5,0.5,0.5,synthetic,real,real,real,synthetic,0.0,8.0,7.0,8.0,0.0,-110.0,-121.124297,-144.860244,266.689118,-110.0,-110.0,-104.254362,108.306452,0.0,-110.0,0.0,0.3535533905932738,0.0,0.0,0.0,2026-06-27T13:01:31.487963+00:00,0.1334141400421076,0.7139660679621103,0.4953127023840451,-0.3249750001604964,0.4042547553758973,1.4,2.4,0.8,0.2,0.6,3.0,4.0,2.0,0.0,2.0,batter_pitcher_profile_network_v2,1.0,0.9,0.3905715842666318,0.0,0.7719394828346038,0.3292999287749288,0.6993429029383015,0.0,49.0,11.728848687326414,0.0843294377519863,0.1403474443771213,0.0140347444377121,0.5406792735042736,0.592104999712495,0.0,49.0,12.867167782282296,0.1387491209744508,0.4032254247631884,0.0645160679621101,0.5797403846153848,0.586922311348782,0.0,49.0,13.137647993610306,0.1805477114921667,0.3879133883402427,0.0193956694170121,0.7655608796296296,0.442104999712495,0.0,49.0,14.293857415938191,0.1707338926092129,0.3769999935801453,0.0094249998395036,0.821126851851852,0.6610889780154487,0.0,49.0,12.151457360373753,0.2001711617922227,0.4809492196349179,0.028856953178095
2026-06-28,Byron_Buxton,621439,hitter,MIN,COL,2026,823686,76,142,115,1,663372.0,Ryan_Feltner,0.0,0.0,0.0,0.0,0.0,4.0,4.0,0.0,1.0,2.0,0.1290322580645161,0.0,0.0,0.0,0.0,10.0,6.439560439560439,7.576923076923077,5.314285714285715,1.08,-17.0,74.0,0,1.0,1.2246467991473532e-16,-1.0,-0.7818314824680299,0.6234898018587334,0.5,1.5,0.5,0.5,0.5,0.5,1.5,0.5,0.5,0.5,synthetic,synthetic,synthetic,synthetic,synthetic,0.0,0.0,0.0,0.0,0.0,-110.0,-110.0,-110.0,-110.0,-110.0,-110.0,-110.0,-110.0,-110.0,-110.0,0.0,0.0,0.0,0.0,0.0,2026-08-26T14:02:39.082451+00:00,0.5266137773183273,-0.18363071756837024,0.14851605168654436,-0.3284521472927372,0.04511765230575959,1.0,2.0,0.8,0.2,0.6,0.0,0.0,0.0,0.0,0.0,batter_pitcher_profile_network_v2,1.0,0.6,0.6352867678336105,0.0,0.6633064225642297,0.3294963175007069,0.233922297138175,0.0,49.0,16.73622083652673,0.0785815782505891,0.028110832382138,0.0028110832382138,0.5396768659881256,0.2367376310225136,0.0,49.0,16.66181811948674,0.130669284384556,0.2426003539073642,0.0388160566251782,0.5776879770992368,0.3145430744482852,0.0,49.0,16.428371226722415,0.1631511945360311,0.2294224162193691,0.0114711208109684,0.7639608796296296,0.2947539353703398,0.0,49.0,16.096234457686542,0.1557878091626794,0.2379141082905144,0.0059478527072628,0.814276851851852,0.3032296686511838,0.0,49.0,16.25155656436087,0.1612952666387481,0.2110238517933827,0.0126614311076029
2026-07-04,Byron_Buxton,621439,hitter,MIN,NYY,2026,823526,77,142,147,0,694341.0,,1.0,2.0,1.0,0.0,2.0,5.0,3.0,1.0,2.0,2.0,0.1111111111111111,0.392,0.392,0.3333333333333333,28.33333333333333,62.04,4.1,8.2,2.8686166774402073,1.08,10.0,95.0,0,6.0,-0.4999999999999997,-0.8660254037844388,-0.9749279121818236,-0.2225209339563146,0.5,1.5,0.5,0.5,0.5,0.5,1.5,0.5,0.5,0.5,synthetic,synthetic,synthetic,synthetic,synthetic,0.0,0.0,0.0,0.0,0.0,-110.0,-110.0,-110.0,-110.0,-110.0,-110.0,-110.0,-110.0,-110.0,-110.0,0.0,0.0,0.0,0.0,0.0,2026-08-26T14:02:39.082451+00:00,0.33047800043094167,-0.1159517082854653,0.08923649722994342,-0.31178864949417706,-0.1180430163104631,0.8,1.2,0.6,0.0,0.4,0.0,0.0,0.0,0.0,0.0,batter_pitcher_profile_network_v2,1.0,0.0,1.0,0.0,0.5,0.2437173789173785,0.0,0.0,50.0,17.760421503436046,0.1069358082136586,0.0,0.0,0.4641822649572646,0.0,0.0,50.0,17.75724127456974,0.1902706599216728,0.2854059898825092,0.0456649583812014,0.4800961538461537,0.0,0.0,50.0,18.003585435159525,0.189113267158663,0.189113267158663,0.0094556633579331,0.699840509259259,0.0,0.0,50.0,17.527820922852055,0.3377873535662529,0.3377873535662529,0.0084446838391563,0.706698148148148,0.0,0.0,50.0,17.68412536557025,0.2502107366857746,0.1876580525143309,0.0112594831508598
2026-07-05,Byron_Buxton,621439,hitter,MIN,NYY,2026,823525,78,142,147,0,677960.0,Ryan_Weathers,1.0,1.0,0.0,0.0,0.0,1.0,1.0,0.0,0.0,2.0,0.0232558139534883,0.89,0.89,0.0,0.0,65.0,4.573684210526316,12.189473684210526,2.38647382029735,1.08,-6.0,77.0,0,1.0,-0.4999999999999997,-0.8660254037844388,-0.7818314824680299,0.6234898018587334,0.5,1.5,0.5,0.5,0.5,0.5,1.5,0.5,0.5,0.5,synthetic,synthetic,synthetic,synthetic,synthetic,0.0,0.0,0.0,0.0,0.0,-110.0,-110.0,-110.0,-110.0,-110.0,-110.0,-110.0,-110.0,-110.0,-110.0,0.0,0.0,0.0,0.0,0.0,2026-08-26T14:02:39.082451+00:00,0.039926767442637345,-0.10458636274586386,0.3709814378999339,-0.464905793261169,0.49948751054090845,0.8,1.2,0.6,0.0,0.8,1.0,2.0,1.0,0.0,2.0,batter_pitcher_profile_network_v2,1.0,0.95,0.4499929116416689,0.0,0.7801320749077008,0.3188385327635321,0.0772938891186586,0.0,49.0,17.593063592097348,0.106256981035169,0.0135545232964171,0.0013554523296417,0.5214630341880337,0.1951736698416433,0.0,49.0,17.17552242422088,0.1662995742959938,0.3054268026057942,0.048868288416927,0.5394519230769228,0.1967822144230041,0.0,49.0,17.452987030787074,0.1837226744131722,0.2421084260734223,0.0121054213036711,0.7562266203703701,0.2768700984130719,0.0,49.0,16.510064886971044,0.2646096890748197,0.3797682695532439,0.009494206738831,0.7529731481481479,0.2636175318833216,0.0,49.0,16.804644274958118,0.1836555431190042,0.2469163719456463,0.0148149823167387
2026-07-20,Byron_Buxton,621439,hitter,MIN,CLE,2026,824410,79,142,114,0,676440.0,Tanner_Bibee,2.0,2.0,0.0,0.0,0.0,3.0,3.0,0.0,0.0,2.0,0.0769230769230769,0.5933333333333334,0.5933333333333334,0.0,0.0,65.0,5.807142857142858,2.9571428571428573,2.7824175824175827,1.08,-3.0,78.0,0,15.0,-0.4999999999999997,-0.8660254037844388,0.0,1.0,0.5,1.5,0.5,0.5,0.5,0.5,1.5,0.5,0.5,0.5,synthetic,synthetic,synthetic,synthetic,synthetic,0.0,0.0,0.0,0.0,0.0,-110.0,-110.0,-110.0,-110.0,-110.0,-110.0,-110.0,-110.0,-110.0,-110.0,0.0,0.0,0.0,0.0,0.0,2026-08-26T14:02:39.082451+00:00,0.746275220723053,-0.1916176217312735,0.15625971006896033,-0.4660066727620202,0.17626459550560847,1.0,1.4,0.6,0.0,0.8,1.0,1.0,0.0,0.0,0.0,batter_pitcher_profile_network_v2,1.0,1.0,0.4041432567400561,1.0,0.8192424510493431,0.3862572688830561,0.1595172920464634,0.0999999999999999,48.0,17.498644231409124,0.0825230523500187,0.1069207053990286,0.0106920705399028,0.5775199693788277,0.2965638695859047,0.1111111111111111,48.0,16.707076960173147,0.09967739558328,0.3295773641795403,0.0527323782687264,0.6205088582677165,0.2578493357299155,0.0666666666666666,48.0,17.237948813351096,0.1205078724079129,0.2626484138334186,0.0131324206916709,0.7149071759259259,0.4808704888419223,0.1111111111111111,48.0,14.957930055103088,0.0528828324472651,0.3357330895191938,0.0083933272379798,0.8113064814814817,0.2853789673856411,0.1111111111111111,48.0,16.793814122532122,0.1049818807420678,0.2947029653865139,0.0176821779231908
2026-07-21,Byron_Buxton,621439,hitter,MIN,CLE,2026,824409,80,142,114,0,800048.0,Parker_Messick,1.0,1.0,0.0,0.0,0.0,4.0,4.0,0.0,0.0,2.0,0.1142857142857142,0.2225,0.2225,0.0,0.0,26.7,1.1000000000000003,5.3,2.868131868131868,1.08,0.0,83.0,0,1.0,-0.4999999999999997,-0.8660254037844388,0.7818314824680298,0.6234898018587336,0.5,0.5,0.5,0.5,0.5,0.5,0.5,0.5,0.5,0.5,synthetic,synthetic,synthetic,synthetic,synthetic,0.0,0.0,0.0,0.0,0.0,-110.0,-110.0,-110.0,-110.0,-110.0,-110.0,-110.0,-110.0,-110.0,-110.0,0.0,0.0,0.0,0.0,0.0,2026-08-26T14:02:39.082451+00:00,0.7024696584291572,0.530938322884885,-0.26360446423059214,-0.47148655705935566,-0.1792789840812709,0.8,1.0,0.2,0.0,0.4,2.0,2.0,0.0,0.0,0.0,batter_pitcher_profile_network_v2,1.0,1.0,0.3035630235336059,1.0,0.8315635296171333,0.4272055555555555,-0.2990582446451242,0.1111111111111111,48.0,17.11054538938189,0.0370947441232151,-0.0165561629611771,-0.0016556162961177,0.6075916666666666,-0.2987475489412035,0.1111111111111111,48.0,17.04306140698326,0.0750102781609328,0.0585207680305316,0.009363322884885,0.64,-0.239738937399305,0.1111111111111111,48.0,17.686134749420845,0.0717150381325305,0.0372788472562913,0.0018639423628145,0.7328479166666665,-0.2845710467952807,0.1111111111111111,48.0,16.81752051921716,0.1893575998695347,0.1165377176257722,0.0029134429406443,0.8359555555555553,-0.2757358973420804,0.1111111111111111,48.0,17.09179942848855,0.0544679845980014,-0.0472596247977369,-0.0028355774878642
2026-07-23,Byron_Buxton,621439,hitter,MIN,CLE,2026,824406,81,142,114,0,668909.0,Gavin_Williams,1.0,1.0,0.0,0.0,0.0,5.0,4.0,1.0,2.0,2.0,0.1111111111111111,0.316,0.316,0.0,0.0,37.92,5.285714285714285,14.07142857142857,2.7362637362637363,1.08,-6.0,72.0,0,2.0,-0.4999999999999997,-0.8660254037844388,0.43388373911755823,-0.900968867902419,0.5,1.5,0.5,0.5,0.5,0.5,1.5,0.5,0.5,0.5,synthetic,synthetic,synthetic,synthetic,synthetic,0.0,0.0,0.0,0.0,0.0,-110.0,-110.0,-110.0,-110.0,-110.0,-110.0,-110.0,-110.0,-110.0,-110.0,0.0,0.0,0.0,0.0,0.0,2026-08-26T14:02:39.082451+00:00,0.19399023400956217,-0.43478862271787144,-0.21465184948145039,-0.4692747744167714,-0.15443010455730766,1.0,1.2,0.2,0.0,0.4,1.0,1.0,0.0,0.0,0.0,batter_pitcher_profile_network_v2,1.0,1.0,0.380424228245211,1.0,0.8221480320399617,0.4097460648148148,-0.1973742966439785,-0.0185185185185185,48.0,18.403279175593973,0.0642454944440614,-0.0628888686955884,-0.0062888868695588,0.5685708333333334,-0.032736316250531,-0.0864197530864197,48.0,18.92612974672928,0.1350702307295402,0.1314252746799692,0.021028043948795,0.6316631944444444,0.098633004453836,0.0814814814814814,48.0,19.16292286888737,0.1048584391600046,0.199699274107256,0.0099849637053628,0.6311627314814816,0.1384299208628711,-0.1111111111111111,48.0,18.48593475413728,0.2275658034982544,0.2050090233291472,0.0051252255832286,0.7826627314814816,0.1155337776497123,-0.1111111111111111,48.0,18.796662009735943,0.1228885678056969,0.0715006993806476,0.0042900419628388
2026-07-24,Byron_Buxton,621439,hitter,MIN,ATH,2026,823680,82,142,133,1,682052.0,Jacob_Lopez,0.0,0.0,0.0,0.0,0.0,4.0,3.0,0.0,0.0,2.0,0.1142857142857142,0.18,0.18,0.0,0.0,21.6,5.384615384615384,9.953846153846156,10.414285714285715,1.08,12.0,79.0,0,1.0,-0.4999999999999997,-0.8660254037844388,-0.433883739117558,-0.9009688679024191,1.5,1.5,0.5,0.5,0.5,1.5,1.5,0.5,0.5,0.5,synthetic,synthetic,synthetic,synthetic,synthetic,0.0,0.0,0.0,0.0,0.0,-110.0,-110.0,-110.0,-110.0,-110.0,-110.0,-110.0,-110.0,-110.0,-110.0,0.0,0.0,0.0,0.0,0.0,2026-08-26T14:02:39.082451+00:00,-0.108065049219632,-0.35470166434404193,0.10053585430102063,-0.4692279285628615,0.20467403128216066,1.2,1.4,0.2,0.0,0.4,1.0,1.0,0.0,0.0,0.0,batter_pitcher_profile_network_v2,1.0,0.7,0.5707496305048069,0.0,0.6960582191842127,0.4012758001603966,0.3090023220225842,0.0,49.0,18.705324428083888,0.0515326960466422,0.0532249656791418,0.0053224965679141,0.560436953193351,0.4178635137376132,0.0,49.0,17.76207609217128,0.0781850696695623,0.2178020978497382,0.0348483356559581,0.6212251476377955,0.6890467541014119,0.0,49.0,14.62204656385736,0.0576893896849936,0.2414313717347005,0.012071568586735,0.6276516203703704,0.5880987798973091,0.0,49.0,15.795173698454851,0.0484374665407915,0.2068828574855427,0.0051720714371385,0.7676307870370376,0.6353799290063549,0.0,49.0,15.329435277055062,0.0888458510758252,0.2759957594645846,0.016559745567875
2026-07-25,Byron_Buxton,621439,hitter,MIN,ATH,2026,823679,83,142,133,1,669620.0,Brady_Basso,0.0,0.0,0.0,0.0,0.0,4.0,4.0,0.0,2.0,2.0,0.125,0.0,0.0,0.0,0.0,10.0,4.1,8.2,10.414285714285715,1.08,5.0,93.0,0,1.0,-0.4999999999999997,-0.8660254037844388,-0.9749279121818236,-0.2225209339563146,0.5,0.5,0.5,0.5,0.5,0.5,0.5,0.5,0.5,0.5,synthetic,synthetic,synthetic,synthetic,synthetic,0.0,0.0,0.0,0.0,0.0,-110.0,-110.0,-110.0,-110.0,-110.0,-110.0,-110.0,-110.0,-110.0,-110.0,0.0,0.0,0.0,0.0,0.0,2026-08-26T14:02:39.082451+00:00,0.7793880952380952,0.17442146091696542,-0.12094975163785915,-0.46957050464824046,-0.12212112985006901,1.0,1.0,0.0,0.0,0.0,0.0,0.0,0.0,0.0,0.0,batter_pitcher_profile_network_v2,1.0,0.0,1.0,0.0,0.5,0.4860890201224847,0.0,0.0,49.0,20.292875456709385,0.040943243787713,0.0,0.0,0.6214250874890639,0.0,0.0,49.0,20.220499191531808,0.0886310871540232,0.1329466307310348,0.0212714609169655,0.6881889763779527,0.0,0.0,49.0,20.41664457484948,0.0817192529571028,0.0817192529571028,0.0040859626478551,0.6319479166666667,0.0,0.0,49.0,19.81232837487235,0.1931798140703823,0.1931798140703823,0.0048294953517595,0.7933888888888889,0.0,0.0,49.0,20.10167444713978,0.0703240985698934,0.05274307392742,0.0031645844356452
2026-07-26,Byron_Buxton,621439,hitter,MIN,ATH,2026,823678,84,142,133,1,605488.0,Jeffrey_Springs,0.0,0.0,0.0,0.0,0.0,5.0,5.0,0.0,1.0,2.0,0.1219512195121951,0.0,0.0,0.0,0.0,10.0,8.728846153846154,5.0942307692307685,10.965306122448979,1.08,7.0,92.0,0,1.0,-0.4999999999999997,-0.8660254037844388,-0.7818314824680299,0.6234898018587334,0.5,0.5,0.5,0.5,0.5,0.5,0.5,0.5,0.5,0.5,synthetic,synthetic,synthetic,synthetic,synthetic,0.0,0.0,0.0,0.0,0.0,-110.0,-110.0,-110.0,-110.0,-110.0,-110.0,-110.0,-110.0,-110.0,-110.0,0.0,0.0,0.0,0.0,0.0,2026-08-26T14:02:39.082451+00:00,0.8233626770994651,0.08011431184104933,-0.08346443576146018,-0.4661146929873677,-0.07686990914830827,0.8,0.8,0.0,0.0,0.0,0.0,0.0,0.0,0.0,0.0,batter_pitcher_profile_network_v2,1.0,1.0,0.3588890973747458,0.0,0.8060360855715936,0.3944907076719581,0.4663149350649348,0.0,48.0,17.069678429916937,0.0686500185505968,0.1179367798011761,0.0117936779801176,0.5460283730158735,0.6299269480519478,0.0,48.0,15.081656008094145,0.0792131070698894,0.3393348758358271,0.0542935801337323,0.5976582341269845,0.6929398148148148,0.0,48.0,14.50199806921739,0.09172400099342,0.3572344306145018,0.017861721530725,0.613696064814815,0.8330519480519479,0.0,48.0,12.462748141581004,0.0036502923912549,0.3314122805052927,0.0082853070126323,0.7078835648148152,0.7449074074074075,0.0,48.0,13.738314912381654,0.0925863828620419,0.4075025097150233,0.0244501505829013
2026-07-28,Byron_Buxton,621439,hitter,MIN,KC,2026,823676,85,142,118,1,607625.0,Seth_Lugo,0.0,0.0,0.0,0.0,0.0,2.0,2.0,0.0,0.0,2.0,0.054054054054054,0.0,0.0,0.0,0.0,10.0,3.285714285714286,8.142857142857144,3.2142857142857144,1.08,6.0,89.0,0,2.0,-0.4999999999999997,-0.8660254037844388,0.7818314824680298,0.6234898018587336,0.5,0.5,0.5,0.5,0.5,0.5,0.5,0.5,0.5,0.5,synthetic,synthetic,synthetic,synthetic,synthetic,0.0,0.0,0.0,0.0,0.0,-110.0,-110.0,-110.0,-110.0,-110.0,-110.0,-110.0,-110.0,-110.0,-110.0,0.0,0.0,0.0,0.0,0.0,2026-08-26T14:02:39.082451+00:00,-0.02139755659028414,-0.2557634810868318,-0.4867471026690781,-0.46936436762717987,-0.4861801033875701,0.4,0.4,0.0,0.0,0.0,0.0,0.0,0.0,0.0,0.0,batter_pitcher_profile_network_v2,1.0,1.0,0.3879548547064423,1.0,0.8212255302984608,0.3940868716931218,0.3365524330748567,0.1037037037037037,47.0,18.759959163924044,0.0523834289895148,0.1531441252168512,0.0153144125216851,0.5404640873015876,0.2700385736046704,0.1111111111111111,47.0,19.264952721783025,0.0580417252806528,0.2534968242883825,0.0405594918861412,0.5841245039682543,0.3095271849495536,0.0962962962962963,47.0,19.248014139528504,0.0875712512885743,0.2650579466184383,0.0132528973309219,0.6094886574074074,0.2126372578151968,0.1111111111111111,47.0,19.25214379582488,0.0449956430139466,0.2014252949128063,0.0050356323728201,0.6777178240740742,0.3273232375811326,0.0888888888888888,47.0,18.89728754128853,0.0438307255409452,0.2303316102071655,0.0138198966124299
2026-08-13,Byron_Buxton,621439,hitter,MIN,PHI,2026,823669,86,142,143,1,605400.0,Aaron_Nola,1.0,2.0,0.0,0.0,0.0,4.0,4.0,0.0,0.0,2.0,0.10810810810810811,0.3175,0.3175,0.25,21.25,49.35,3.229411764705882,9.417647058823528,5.281168831168832,1.08,-9.0,72.0,0,16.0,-0.8660254037844384,-0.5000000000000004,0.43388373911755823,-0.900968867902419,0.5,0.5,0.5,0.5,0.5,0.5,0.5,0.5,0.5,0.5,synthetic,synthetic,synthetic,synthetic,synthetic,0.0,0.0,0.0,0.0,0.0,-110.0,-110.0,-110.0,-110.0,-110.0,-110.0,-110.0,-110.0,-110.0,-110.0,0.0,0.0,0.0,0.0,0.0,2026-08-26T14:02:39.082451+00:00,-0.14683976271631904,0.1158537323988661,-0.21747253013661966,-0.3543189532290266,-0.2924025174017343,0.2,0.2,0.0,0.0,0.0,0.0,0.0,0.0,0.0,0.0,batter_pitcher_profile_network_v2,1.0,1.0,0.3338354596106654,0.0,0.8091051561976934,0.3736949372759853,0.2735674471989035,0.0,48.0,20.408145463938823,0.06218782395329873,0.06810251392518397,0.006810251392518398,0.5201734767025088,0.45283949337367563,0.0,48.0,18.75403047156172,0.038198859302067394,0.21421673965507515,0.03427467834481202,0.5545665322580642,0.4556701619239999,0.0,48.0,19.021818244842542,0.049216847759835834,0.21755624177445027,0.010877812088722514,0.6033034722222222,0.6091241386064916,0.0,48.0,16.873279708484418,-0.06656474298560099,0.1782418708389355,0.0044560467709733875,0.6390847222222222,0.5210133806970967,0.0,48.0,18.158884680495447,0.018779330394984417,0.23589843174481628,0.014153905904688976
2026-08-15,Byron_Buxton,621439,hitter,MIN,PHI,2026,823671,87,142,143,1,666200.0,Jesús_Luzardo,0.0,0.0,0.0,0.0,0.0,5.0,3.0,2.0,2.0,2.0,0.1282051282051282,0.27599999999999997,0.27599999999999997,0.0,0.0,33.12,3.699248120300752,10.136278195488721,4.95974025974026,1.08,0.0,80.0,0,2.0,-0.8660254037844384,-0.5000000000000004,-0.9749279121818236,-0.2225209339563146,0.5,0.5,0.5,0.5,0.5,0.5,0.5,0.5,0.5,0.5,synthetic,synthetic,synthetic,synthetic,synthetic,0.0,0.0,0.0,0.0,0.0,-110.0,-110.0,-110.0,-110.0,-110.0,-110.0,-110.0,-110.0,-110.0,-110.0,0.0,0.0,0.0,0.0,0.0,2026-08-26T14:02:39.082451+00:00,-0.012688032509821034,0.17538201097247175,-0.2471000123951934,-0.47443487544720236,-0.3255157465733134,0.2,0.4,0.0,0.0,0.0,1.0,2.0,0.0,0.0,0.0,batter_pitcher_profile_network_v2,1.0,1.0,0.3238157363916386,0.0,0.8103325722920243,0.43457109468339283,-0.5827893034319718,0.0,49.0,16.551544430741366,0.06559833377345195,-0.1712527158653394,-0.01712527158653394,0.5881526433691755,-0.5577067863407507,0.0,49.0,16.550133693814075,0.09174987550379311,-0.08417493142205162,-0.01346798902752826,0.6140977822580646,-0.4578665166704641,0.0,49.0,17.79972334055158,0.08661624509347475,-0.10350973841335769,-0.005175486920667885,0.6801171296296296,-0.5472585540175183,0.0,49.0,16.09515357451288,0.25028070885202003,-0.0013950178880957065,-3.4875447202392665e-05,0.720794212962963,-0.5052086883876358,0.0,49.0,16.862829749512965,0.015600454647342539,-0.23453317215928562,-0.014071990329557136
2026-08-16,Byron_Buxton,621439,hitter,MIN,PHI,2026,823670,88,142,143,1,691725.0,Andrew_Painter,0.0,0.0,0.0,0.0,0.0,5.0,5.0,0.0,3.0,2.0,0.13157894736842105,0.0,0.0,0.0,0.0,10.0,2.8750000000000013,9.375,4.609090909090909,1.08,12.0,79.0,0,1.0,-0.8660254037844384,-0.5000000000000004,-0.7818314824680299,0.6234898018587334,0.5,0.5,0.5,0.5,0.5,0.5,0.5,0.5,0.5,0.5,synthetic,synthetic,synthetic,synthetic,synthetic,0.0,0.0,0.0,0.0,0.0,-110.0,-110.0,-110.0,-110.0,-110.0,-110.0,-110.0,-110.0,-110.0,-110.0,0.0,0.0,0.0,0.0,0.0,2026-08-26T14:02:39.082451+00:00,-0.10246000132019212,-0.1745034564595303,-0.39650851535485804,-0.46926247821772826,-0.3937927717343764,0.2,0.4,0.0,0.0,0.0,0.0,0.0,0.0,0.0,0.0,batter_pitcher_profile_network_v2,1.0,0.95,0.3974113575060318,0.0,0.7862512532702355,0.2951964829749101,0.4931344367015098,0.0,49.0,19.157146644992334,0.06002587579006114,0.08771976351259202,0.008771976351259201,0.42939117383512526,0.5023468350754936,0.0,49.0,19.119818544687583,0.06818948287068195,0.23226458133846192,0.037162333014153906,0.4875252016129031,0.5874570105820107,0.0,49.0,18.390036596756705,0.03736786415125032,0.2099493101277196,0.010497465506385981,0.5308097222222222,0.5408885017421603,0.0,49.0,18.598960159252602,0.03249232383793821,0.20550087129086816,0.005137521782271705,0.5794034722222221,0.625489417989418,0.0,49.0,17.77417426555367,0.020283665174237776,0.23359734509691657,0.014015840705814993
2026-08-17,Byron_Buxton,621439,hitter,MIN,ATL,2026,823668,89,142,144,1,527048.0,Martín_Pérez,1.0,1.0,1.0,0.0,0.0,5.0,3.0,1.0,0.0,2.0,0.1282051282051282,0.45999999999999996,0.45999999999999996,0.0,0.0,55.199999999999996,0.0,6.571428571428572,3.75,1.08,10.0,79.0,0,1.0,-0.8660254037844384,-0.5000000000000004,0.0,1.0,0.5,0.5,0.5,0.5,0.5,0.5,0.5,0.5,0.5,0.5,synthetic,synthetic,synthetic,synthetic,synthetic,0.0,0.0,0.0,0.0,0.0,-110.0,-110.0,-110.0,-110.0,-110.0,-110.0,-110.0,-110.0,-110.0,-110.0,0.0,0.0,0.0,0.0,0.0,2026-08-26T14:02:39.082451+00:00,-0.011470276263841173,0.008687054146878093,-0.19779415448696408,-0.4703829346595879,-0.3189190245360609,0.2,0.4,0.0,0.0,0.0,0.0,0.0,0.0,0.0,0.0,batter_pitcher_profile_network_v2,1.0,1.0,0.35441883170323274,0.0,0.8065836931163539,0.23187743055555537,-0.0730628514295803,0.0,49.0,22.70676379621231,0.06325716278912033,-0.01093719487284407,-0.001093719487284407,0.3871784722222221,-0.10642413094811282,0.0,49.0,22.250513000339144,0.08872189730048186,0.10648158841798762,0.01703705414687802,0.44531249999999994,-0.04992158765553797,0.0,49.0,22.54015610461579,0.0826994052904553,0.06834767949148791,0.003417383974574396,0.5308097222222222,-0.08699217651166193,0.0,49.0,21.65857637553688,0.19049315883109635,0.1606826136164818,0.004017065340412045,0.5794034722222221,-0.13000302250765627,0.0,49.0,21.699164870448016,0.016209286648932345,-0.0364709217548608,-0.002188255305291648
2026-08-18,Byron_Buxton,621439,hitter,MIN,ATL,2026,823667,90,142,144,1,641816.0,Tyler_Mahle,1.0,1.0,1.0,0.0,0.0,1.0,1.0,0.0,0.0,2.0,0.030303030303030304,0.89,0.89,0.0,0.0,65.0,3.1470588235294117,12.76470588235294,3.4285714285714284,1.08,9.0,79.0,0,1.0,-0.8660254037844384,-0.5000000000000004,0.7818314824680298,0.6234898018587336,0.5,0.5,0.5,0.5,0.5,0.5,0.5,0.5,0.5,0.5,synthetic,synthetic,synthetic,synthetic,synthetic,0.0,0.0,0.0,0.0,0.0,-110.0,-110.0,-110.0,-110.0,-110.0,-110.0,-110.0,-110.0,-110.0,-110.0,0.0,0.0,0.0,0.0,0.0,2026-08-26T14:02:39.082451+00:00,-0.20084933834812752,0.3667651366007928,0.16948422067003743,-0.4687819843112758,-0.3169916286804234,0.4,0.6,0.2,0.0,0.0,1.0,1.0,1.0,0.0,0.0,batter_pitcher_profile_network_v2,1.0,1.0,0.3672568996015298,0.0,0.8050110297988127,0.3512686342592592,-0.0016057231065503136,0.0,49.0,23.506841495276866,0.05998925892036521,-0.00035689252125585335,-3.568925212558534e-05,0.4259145833333334,0.023477846907993975,0.0,49.0,23.249034966502567,0.09796618066359988,0.1532764219367734,0.024524227509883745,0.5309375000000001,0.07751157661782673,0.0,49.0,23.402336555088162,0.08643683647270807,0.11247662119295414,0.005623831059647707,0.40843009259259255,0.04992873976513686,0.0,49.0,22.63011270081937,0.21181747727159048,0.22472062754896516,0.0056180156887241295,0.531607175925926,0.07439401709401719,0.0,49.0,23.021793539511407,0.009822174974185229,0.032390604244025296,0.0019434362546415177
2026-08-19,Byron_Buxton,621439,hitter,MIN,ATL,2026,823664,91,142,144,1,700363.0,AJ_Smith-Shawver,0.0,0.0,1.0,0.0,1.0,5.0,4.0,1.0,1.0,2.0,0.13157894736842105,0.13799999999999998,0.13799999999999998,0.0,0.0,16.56,4.1,8.2,5.035714285714286,1.08,-3.0,77.0,0,1.0,-0.8660254037844384,-0.5000000000000004,0.9749279121818236,-0.22252093395631434,0.5,0.5,0.5,0.5,0.5,0.5,0.5,0.5,0.5,0.5,synthetic,synthetic,synthetic,synthetic,synthetic,0.0,0.0,0.0,0.0,0.0,-110.0,-110.0,-110.0,-110.0,-110.0,-110.0,-110.0,-110.0,-110.0,-110.0,0.0,0.0,0.0,0.0,0.0,2026-08-26T14:02:39.082451+00:00,0.3672496240601504,0.26903830782326066,0.09150840432381835,-0.46695256172703997,-0.34001836931854224,0.6,0.8,0.4,0.0,0.0,1.0,1.0,1.0,0.0,0.0,batter_pitcher_profile_network_v2,1.0,0.0,1.0,0.0,0.5,0.3501004554958181,0.0,0.0,49.0,24.030672545695776,0.07312473105074764,0.0,0.0,0.3773302419354837,0.0,0.0,49.0,23.743201642133666,0.12751707207060373,0.1912756081059056,0.030604097296944896,0.5440614919354838,0.0,0.0,49.0,23.834229734987613,0.1056643270778714,0.1056643270778714,0.005283216353893571,0.27093009259259254,0.0,0.0,49.0,23.086333558131095,0.29789753091840027,0.29789753091840027,0.007447438272960007,0.49156550925925924,0.0,0.0,49.0,23.44454405615787,0.11242387312178521,0.08431790484133891,0.0050590742904803344
2026-08-21,Byron_Buxton,621439,hitter,MIN,SD,2026,823262,92,142,135,0,681190.0,Randy_Vásquez,0.0,0.0,1.0,0.0,0.0,4.0,4.0,0.0,1.0,2.0,0.13333333333333333,0.0,0.0,0.0,0.0,10.0,3.6,4.1000000000000005,2.739795918367347,1.08,0.0,79.0,0,2.0,-0.8660254037844384,-0.5000000000000004,-0.433883739117558,-0.9009688679024191,0.5,0.5,0.5,0.5,0.5,0.5,0.5,0.5,0.5,0.5,synthetic,synthetic,synthetic,synthetic,synthetic,0.0,0.0,0.0,0.0,0.0,-110.0,-110.0,-110.0,-110.0,-110.0,-110.0,-110.0,-110.0,-110.0,-110.0,0.0,0.0,0.0,0.0,0.0,2026-08-26T14:02:39.082451+00:00,0.22555841372779706,-0.17049174865045036,0.033145550180658456,-0.467969814430345,-0.1934010956422731,0.4,0.4,0.6,0.0,0.2,0.0,0.0,1.0,0.0,1.0,batter_pitcher_profile_network_v2,1.0,1.0,0.36577135641532554,0.0,0.8051930088391226,0.35489394841269856,0.4102134071501125,0.0,48.0,21.39620188986325,0.051715926974744905,0.0923324365976997,0.00923324365976997,0.3845617063492065,0.40848310556411394,0.0,48.0,21.45730972356444,0.09715668087440654,0.24536407093468476,0.039258251349549564,0.5580957341269843,0.31241607304976965,0.0,48.0,22.742169056112488,0.03753219816504149,0.14811508524581946,0.007405754262290973,0.2733597222222222,0.4384066667151931,0.0,48.0,21.033000279947153,0.18119973409831605,0.25720742278619835,0.006430185569654959,0.5141201388888889,0.3573346381976514,0.0,48.0,22.08213738035811,0.06262551444050596,0.16348514065599112,0.009809108439359468
2026-08-22,Byron_Buxton,621439,hitter,MIN,SD,2026,823261,93,142,135,0,663554.0,Casey_Mize,0.0,0.0,0.0,0.0,0.0,5.0,4.0,1.0,1.0,2.0,0.125,0.13799999999999998,0.13799999999999998,0.0,0.0,16.56,8.200000000000001,5.400000000000001,2.739795918367347,1.08,0.0,79.0,0,1.0,-0.8660254037844384,-0.5000000000000004,-0.9749279121818236,-0.2225209339563146,0.5,0.5,0.5,0.5,0.5,0.5,0.5,0.5,0.5,0.5,synthetic,synthetic,synthetic,synthetic,synthetic,0.0,0.0,0.0,0.0,0.0,-110.0,-110.0,-110.0,-110.0,-110.0,-110.0,-110.0,-110.0,-110.0,-110.0,0.0,0.0,0.0,0.0,0.0,2026-08-26T14:02:39.082451+00:00,0.1388202569208289,-0.10249380304653,0.22914839141793708,-0.46433715130985564,-0.3325357016810724,0.4,0.4,0.8,0.0,0.2,0.0,0.0,1.0,0.0,0.0,batter_pitcher_profile_network_v2,1.0,1.0,0.39482571164158914,1.0,0.8203838503239054,0.1104387566137566,-0.19273183784399112,0.01481481481481481,48.0,23.147743369279443,0.10992142624590931,-0.002549131471981223,-0.0002549131471981223,0.067139417989418,-0.2627221691645388,0.0419753086419753,48.0,22.096760238845253,0.21366785903064536,0.33910123095918726,0.05425619695346996,0.28841071428571424,-0.24723281342840156,0.1111111111111111,48.0,22.2028590929854,0.16583329858934592,0.2001719099913957,0.010008595499569785,0.0009060185185185594,-0.31414262370999335,-0.09876543209876543,48.0,20.728395152413214,0.4715664737838277,0.4025139476057736,0.01006284869014434,0.16053796296296308,-0.2578034233740115,-0.0962962962962963,48.0,21.714962999787296,0.10237307515996298,-0.01542495999066229,-0.0009254975994397374
2026-08-23,Byron_Buxton,621439,hitter,MIN,SD,2026,823258,94,142,135,0,621111.0,Walker_Buehler,1.0,1.0,0.0,0.0,0.0,3.0,3.0,0.0,1.0,2.0,0.1,0.2966666666666667,0.2966666666666667,0.0,0.0,35.6,2.25,6.75,2.5142320085929106,1.08,0.0,81.0,0,1.0,-0.8660254037844384,-0.5000000000000004,-0.7818314824680299,0.6234898018587334,0.5,0.5,0.5,0.5,0.5,0.5,0.5,0.5,0.5,0.5,synthetic,synthetic,synthetic,synthetic,synthetic,0.0,0.0,0.0,0.0,0.0,-110.0,-110.0,-110.0,-110.0,-110.0,-110.0,-110.0,-110.0,-110.0,-110.0,0.0,0.0,0.0,0.0,0.0,2026-08-26T14:02:39.082451+00:00,0.03560025319572435,-0.05648445162377935,0.13321211048484893,-0.46328077765983877,-0.32020460240605725,0.4,0.4,0.8,0.0,0.2,0.0,0.0,0.0,0.0,0.0,batter_pitcher_profile_network_v2,1.0,1.0,0.3826961452918381,0.0,0.8031197222017499,0.03946749234470678,0.19057500811809017,0.0,48.0,24.444121328757532,0.11941971008745836,0.004643061853411543,0.00046430618534115437,-0.050683708807232566,0.16806751800395134,0.0,48.0,24.356212163880244,0.23402311823425234,0.3510346773513785,0.056165548376220564,0.1980327263779526,0.3088502626872346,0.0,48.0,23.90905786668964,0.15392104571937082,0.1916768677707341,0.009583843388536704,-0.15453472222222236,0.18680284664244903,0.0,48.0,23.797123258650657,0.4447688936064484,0.4447688936064484,0.01111922234016121,-0.008788194444444647,0.2840077353006932,0.0,48.0,23.757720693252654,0.09963993698438195,0.07472995273828646,0.004483797164297187
2026-08-24,Byron_Buxton,621439,hitter,MIN,ATH,2026,824964,95,142,133,0,605488.0,Jeffrey_Springs,3.0,4.0,4.0,0.0,0.0,6.0,5.0,1.0,0.0,2.0,0.125,0.6233333333333333,0.6233333333333333,0.2,17.0,65.0,11.558823529411766,2.029411764705882,6.957236842105265,1.08,0.0,90.0,0,1.0,-0.8660254037844384,-0.5000000000000004,0.0,1.0,0.5,2.5,0.5,0.5,0.5,0.5,0.5,0.5,0.5,0.5,real,real,real,real,real,1.0,1.0,1.0,1.0,1.0,-370.0,-105.0,-210.0,196.0,-120.0,0.0,0.0,0.0,0.0,0.0,0.7071067811865476,1.2909944487358056,0.7071067811865476,0.0,0.7071067811865476,2026-08-24T13:15:18.979782+00:00,0.661939629128659,-1.5114934107090523,0.43357101432542366,-0.3764979312396356,0.026716078002042565,0.4,0.4,0.6,0.0,0.2,1.0,1.0,0.0,0.0,0.0,batter_pitcher_profile_network_v2,1.0,1.0,0.40333996560705065,1.0,0.8193408542131364,0.0006006944444446674,0.5967456855071533,-0.08148148148148147,47.0,19.676568002766665,0.15712023033809022,-0.056959229869242255,-0.0056959229869242255,-0.10009490740740723,0.7174940254699428,-0.08641975308641975,47.0,17.78530080066578,0.23566121982030402,0.29285368306842297,0.04685658929094767,0.15109375000000033,0.7608658256880735,-0.1037037037037037,47.0,17.534765541678777,0.09668928058370238,0.09251677773654277,0.004625838886827139,-0.2152152777777779,0.8606993006993007,-0.07407407407407408,47.0,15.647732041335052,0.26805830469631636,0.21608275041457375,0.005402068760364344,-0.08203819444444432,0.8088302752293578,-0.08148148148148147,47.0,16.679567024899995,0.11743605509720907,0.030903931612989932,0.0018542358967793958
2026-08-25,Byron_Buxton,621439,hitter,MIN,ATH,2026,824962,96,142,133,0,695611.0,Gage_Jump,0.0,0.0,0.0,0.0,0.0,3.0,3.0,0.0,3.0,2.0,0.08823529411764706,0.0,0.0,0.0,0.0,10.0,6.4375,8.3125,7.717539039907463,1.08,8.0,90.0,0,1.0,-0.8660254037844384,-0.5000000000000004,0.7818314824680298,0.6234898018587336,0.5,2.5,0.5,0.5,0.5,0.5,0.5,1.5,0.5,0.5,real,real,real,real,real,1.0,1.0,1.0,1.0,1.0,-330.0,115.0,-185.0,240.0,-100.0,0.0,0.0,0.0,0.0,0.0,0.7071067811865476,1.2909944487358056,0.7071067811865476,0.0,0.7071067811865476,2026-08-25T13:13:35.689836+00:00,0.8823749954570179,-1.2559930406398438,1.0294656625806986,-0.45963084675417376,-0.16048382450367482,0.8,1.0,1.2,0.0,0.2,3.0,4.0,4.0,0.0,0.0,batter_pitcher_profile_network_v2,1.0,0.9,0.452447894041409,0.0,0.7651176196819347,0.08580711395450544,0.11192881438247203,0.0,49.0,26.064889159383302,0.15961996281786175,0.0052588484111143995,0.00052588484111144,-0.07875359069699639,0.01686753432466054,0.0,49.0,25.68875648992243,0.2958500757653566,0.4437751136480349,0.07100401818368558,0.2167753444881888,0.31943316695284624,0.0,49.0,25.168772838907024,0.11532942579554328,0.1532447999417989,0.007662239997089946,-0.3029236111111112,-0.06611857678645056,0.0,49.0,24.53802384316359,0.6017329841847567,0.5907661298330477,0.014769153245826193,-0.11353125000000014,0.26150842535077906,0.0,49.0,25.194499256842153,0.152767058191089,0.11457529364331674,0.006874517618599005
