Date,Player,Player_MLBAM_ID,Player_Type,Team,Opponent,Season,Game_ID,Game_Index,Team_ID,Opponent_ID,Is_Home,Opp_Starter_ID,Opp_Starter_Player,H,TB,R,HR,RBI,PA,AB,BB,SO,Batting_Order,Team_PA_share,wOBA,xwOBA,ISO,Barrel%,HardHit%,Opp_Pitcher_ERA_3,Opp_Pitcher_K9_3,Opp_Bullpen_ERA_7,Park_Factor,Wind_Out_MPH,Temp_F,Did_Not_Play,Rest_Days,Month_sin,Month_cos,DayOfWeek_sin,DayOfWeek_cos,Market_H,Market_TB,Market_R,Market_HR,Market_RBI,Synthetic_Market_H,Synthetic_Market_TB,Synthetic_Market_R,Synthetic_Market_HR,Synthetic_Market_RBI,Market_Source_H,Market_Source_TB,Market_Source_R,Market_Source_HR,Market_Source_RBI,Market_H_books,Market_TB_books,Market_R_books,Market_HR_books,Market_RBI_books,Market_H_over_price,Market_TB_over_price,Market_R_over_price,Market_HR_over_price,Market_RBI_over_price,Market_H_under_price,Market_TB_under_price,Market_R_under_price,Market_HR_under_price,Market_RBI_under_price,Market_H_line_std,Market_TB_line_std,Market_R_line_std,Market_HR_line_std,Market_RBI_line_std,Market_Fetched_At_UTC,H_market_gap,TB_market_gap,R_market_gap,HR_market_gap,RBI_market_gap,H_rolling_avg,TB_rolling_avg,R_rolling_avg,HR_rolling_avg,RBI_rolling_avg,H_lag1,TB_lag1,R_lag1,HR_lag1,RBI_lag1,Matchup_Network_Version,Matchup_Network_Batter_Support,Matchup_Network_Pitcher_Support,Pitcher_Profile_Uncertainty,Batter_Vs_Starter_Games,Matchup_Network_Confidence,Batter_Profile_H_Strength,Pitcher_Profile_H_Vulnerability,Batter_Vs_Starter_H_Lift,Archetype_Neighbor_H_Games,Archetype_Neighbor_H_Effective_Support,Archetype_Neighbor_H_Lift,Matchup_Network_H_Score,Matchup_Network_H_Adjustment,Batter_Profile_TB_Strength,Pitcher_Profile_TB_Vulnerability,Batter_Vs_Starter_TB_Lift,Archetype_Neighbor_TB_Games,Archetype_Neighbor_TB_Effective_Support,Archetype_Neighbor_TB_Lift,Matchup_Network_TB_Score,Matchup_Network_TB_Adjustment,Batter_Profile_R_Strength,Pitcher_Profile_R_Vulnerability,Batter_Vs_Starter_R_Lift,Archetype_Neighbor_R_Games,Archetype_Neighbor_R_Effective_Support,Archetype_Neighbor_R_Lift,Matchup_Network_R_Score,Matchup_Network_R_Adjustment,Batter_Profile_HR_Strength,Pitcher_Profile_HR_Vulnerability,Batter_Vs_Starter_HR_Lift,Archetype_Neighbor_HR_Games,Archetype_Neighbor_HR_Effective_Support,Archetype_Neighbor_HR_Lift,Matchup_Network_HR_Score,Matchup_Network_HR_Adjustment,Batter_Profile_RBI_Strength,Pitcher_Profile_RBI_Vulnerability,Batter_Vs_Starter_RBI_Lift,Archetype_Neighbor_RBI_Games,Archetype_Neighbor_RBI_Effective_Support,Archetype_Neighbor_RBI_Lift,Matchup_Network_RBI_Score,Matchup_Network_RBI_Adjustment
2026-03-03,Christian_Vázquez,543877,hitter,PUR,BOS,2026,831439,0,897,111,0,687562.0,Jake_Bennett,1.0,1.0,0.0,0.0,0.0,2.0,2.0,0.0,1.0,4.0,0.0476190476190476,0.445,0.445,0.0,0.0,53.4,4.1,8.2,31.153846153846153,1.08,-11.0,81.0,0,2.0,1.0,6.123233995736766e-17,0.7818314824680298,0.6234898018587336,0.5,0.5,0.5,0.5,0.5,0.5,0.5,0.5,0.5,0.5,synthetic,synthetic,synthetic,synthetic,synthetic,0.0,0.0,0.0,0.0,0.0,-110.0,-110.0,-110.0,-110.0,-110.0,-110.0,-110.0,-110.0,-110.0,-110.0,0.0,0.0,0.0,0.0,0.0,2026-08-26T14:02:39.082451+00:00,1.579220512820513,0.40890000000000004,1.0391923076923077,-0.4744,0.9541923076923078,1.0,1.0,0.0,0.0,0.0,1.0,1.0,0.0,0.0,0.0,,0.0,0.0,1.0,0.0,0.0,0.0,0.0,0.0,0.0,0.0,0.0,0.0,0.0,0.0,0.0,0.0,0.0,0.0,0.0,0.0,0.0,0.0,0.0,0.0,0.0,0.0,0.0,0.0,0.0,0.0,0.0,0.0,0.0,0.0,0.0,0.0,0.0,0.0,0.0,0.0,0.0,0.0,0.0,0.0,0.0
2026-03-04,Christian_Vázquez,543877,hitter,PUR,MIN,2026,831435,1,897,142,0,805673.0,Zebby_Matthews,0.0,0.0,0.0,0.0,0.0,3.0,3.0,0.0,0.0,6.0,0.0857142857142857,0.0,0.0,0.0,0.0,10.0,4.1,8.2,0.0,1.08,0.0,82.0,0,1.0,1.0,6.123233995736766e-17,0.9749279121818236,-0.22252093395631434,0.5,0.5,0.5,0.5,0.5,0.5,0.5,0.5,0.5,0.5,synthetic,synthetic,synthetic,synthetic,synthetic,0.0,0.0,0.0,0.0,0.0,-110.0,-110.0,-110.0,-110.0,-110.0,-110.0,-110.0,-110.0,-110.0,-110.0,0.0,0.0,0.0,0.0,0.0,2026-08-26T14:02:39.082451+00:00,0.3937333333333334,0.25025,-0.5,-0.4744,-0.5,1.0,1.0,0.0,0.0,0.0,1.0,1.0,0.0,0.0,0.0,batter_pitcher_profile_network_v2,0.0333333333333333,0.0,1.0,0.0,0.0166666666666666,0.071111111111111,0.0,0.0,0.0,0.0,0.0,0.0,0.0,-0.1216666666666666,0.0,0.0,0.0,0.0,0.0,0.0,0.0,0.2125,0.0,0.0,0.0,0.0,0.0,0.0,0.0,-0.5851388888888889,0.0,0.0,0.0,0.0,0.0,0.0,0.0,0.258611111111111,0.0,0.0,0.0,0.0,0.0,0.0,0.0
2026-03-17,Christian_Vázquez,543877,hitter,HOU,PIT,2026,831560,2,117,134,0,656605.0,Mitch_Keller,1.0,1.0,1.0,0.0,1.0,5.0,3.0,2.0,1.0,7.0,0.1136363636363636,0.454,0.454,0.0,0.0,54.48,3.0,9.0,4.616883116883117,1.08,-13.0,56.0,0,13.0,1.0,6.123233995736766e-17,0.7818314824680298,0.6234898018587336,0.5,0.5,0.5,0.5,0.5,0.5,0.5,0.5,0.5,0.5,synthetic,synthetic,synthetic,synthetic,synthetic,0.0,0.0,0.0,0.0,0.0,-110.0,-110.0,-110.0,-110.0,-110.0,-110.0,-110.0,-110.0,-110.0,-110.0,0.0,0.0,0.0,0.0,0.0,2026-08-26T14:02:39.082451+00:00,-0.021884419806006472,0.03504090909090907,-0.229524025974026,-0.4744,-0.29231948051948053,0.5,0.5,0.0,0.0,0.0,0.0,0.0,0.0,0.0,0.0,batter_pitcher_profile_network_v2,0.0666666666666666,0.05,0.9425,0.0,0.0450605208333333,-0.3262499999999999,-0.0415714285714286,0.0,0.0,0.0,0.0,-5.199026785714297e-05,-5.1990267857142976e-06,-0.5399999999999999,0.2605178571428571,0.0,0.0,0.0,0.0,0.0,0.0,-0.3874999999999999,0.3979107142857143,0.0,0.0,0.0,0.0,0.0,0.0,-0.8262499999999999,0.544,0.0,0.0,0.0,0.0,0.0,0.0,-0.72,0.3412142857142857,0.0,0.0,0.0,0.0,0.0,0.0
2026-03-19,Christian_Vázquez,543877,hitter,HOU,NYM,2026,831500,3,117,121,1,673540.0,Kodai_Senga,0.0,0.0,0.0,0.0,0.0,2.0,2.0,0.0,2.0,8.0,0.0526315789473684,0.0,0.0,0.0,0.0,10.0,3.375,10.875,2.6448979591836737,1.08,0.0,72.0,0,2.0,1.0,6.123233995736766e-17,0.43388373911755823,-0.900968867902419,0.5,0.5,0.5,0.5,0.5,0.5,0.5,0.5,0.5,0.5,synthetic,synthetic,synthetic,synthetic,synthetic,0.0,0.0,0.0,0.0,0.0,-110.0,-110.0,-110.0,-110.0,-110.0,-110.0,-110.0,-110.0,-110.0,-110.0,0.0,0.0,0.0,0.0,0.0,2026-08-26T14:02:39.082451+00:00,0.04378380662521819,0.007424887021425075,-0.31136389931570924,-0.4744,-0.21221080217952643,0.6666666666666666,0.6666666666666666,0.3333333333333333,0.0,0.3333333333333333,1.0,1.0,1.0,0.0,1.0,batter_pitcher_profile_network_v2,0.1,0.1,0.8457582521472478,0.0,0.0746394614111962,0.0410370370370371,-0.4823792569659444,0.0,0.0,0.0,0.0,-0.0003053279476013,-3.053279476013042e-05,-0.2342222222222221,-0.0555863003095976,0.0,0.0,0.0,0.0,-0.0002008157652157,-3.213052243451384e-05,-0.0654166666666665,-0.1569890350877192,0.0,0.0,0.0,0.0,-0.0001584016382086,-7.92008191043031e-06,-0.7418796296296296,0.4041176470588234,0.0,0.0,0.0,0.0,0.0,0.0,-0.3777129629629629,-0.0489298245614035,0.0,0.0,0.0,0.0,-0.000285060791368,-1.710364748208457e-05
2026-03-20,Christian_Vázquez,543877,hitter,HOU,MIA,2026,831505,4,117,146,1,691587.0,Eury_Pérez,0.0,0.0,0.0,0.0,0.0,2.0,2.0,0.0,1.0,9.0,0.05,0.0,0.0,0.0,0.0,10.0,3.0,16.125,2.2163265306122453,1.08,-15.0,75.0,0,1.0,1.0,6.123233995736766e-17,-0.433883739117558,-0.9009688679024191,0.5,0.5,0.5,0.5,0.5,0.5,0.5,0.5,0.5,0.5,synthetic,synthetic,synthetic,synthetic,synthetic,0.0,0.0,0.0,0.0,0.0,-110.0,-110.0,-110.0,-110.0,-110.0,-110.0,-110.0,-110.0,-110.0,-110.0,0.0,0.0,0.0,0.0,0.0,2026-08-26T14:02:39.082451+00:00,-0.4799618993967311,-0.23920690498560176,-0.5,-0.4744,-0.4533836734693877,0.5,0.5,0.25,0.0,0.25,0.0,0.0,0.0,0.0,0.0,batter_pitcher_profile_network_v2,0.1333333333333333,0.1,0.8722747564417435,0.0,0.0909813009002553,-0.8232499999999999,-0.6645,0.0,0.0,0.0,0.0,-0.009316272878877,-0.0009316272878877,-0.8710833333333332,-0.1925,0.0,0.0,0.0,0.0,-0.0028556561600114,-0.0004569049856018,-0.7989583333333332,0.0738333333333333,0.0,0.0,0.0,0.0,0.0,0.0,-0.82325,0.3075,0.0,0.0,0.0,0.0,0.0,0.0,-0.763875,0.0071666666666666,0.0,0.0,0.0,0.0,0.0,0.0
2026-03-22,Christian_Vázquez,543877,hitter,HOU,STL,2026,831496,5,117,138,1,700241.0,Michael_McGreevy,1.0,1.0,0.0,0.0,0.0,2.0,2.0,0.0,0.0,7.0,0.0606060606060606,0.445,0.445,0.0,0.0,53.4,2.025,7.2,0.32142857142857145,1.08,0.0,76.0,0,2.0,1.0,6.123233995736766e-17,-0.7818314824680299,0.6234898018587334,0.5,0.5,0.5,0.5,0.5,0.5,0.5,0.5,0.5,0.5,synthetic,synthetic,synthetic,synthetic,synthetic,0.0,0.0,0.0,0.0,0.0,-110.0,-110.0,-110.0,-110.0,-110.0,-110.0,-110.0,-110.0,-110.0,-110.0,0.0,0.0,0.0,0.0,0.0,2026-08-26T14:02:39.082451+00:00,-0.15715750514901095,-0.09020927318427746,-0.38937556896945413,-0.4746048012272013,-0.43744233307958874,0.4,0.4,0.2,0.0,0.2,0.0,0.0,0.0,0.0,0.0,batter_pitcher_profile_network_v2,0.1666666666666666,0.1,0.6540990257669732,0.0,0.1103206202676879,-0.9158222222222224,-0.1588888888888889,0.0,0.0,0.0,0.0,-0.0083889043039633,-0.0008388904303963,-0.9368666666666666,-0.1494027777777778,0.0,0.0,0.0,0.0,-0.0080693210380981,-0.0012910913660957,-0.8625,-0.5271712962962962,0.0,0.0,0.0,0.0,-0.0262126780903828,-0.0013106339045191,-0.8720722222222222,-0.1629444444444444,0.0,0.0,0.0,0.0,-0.0081920490880528,-0.0002048012272013,-0.8333222222222222,-0.4463148148148147,0.0,0.0,0.0,0.0,-0.0214414820624102,-0.0012864889237446
2026-03-24,Christian_Vázquez,543877,hitter,HOU,SUG,2026,831441,6,117,5434,1,699044.0,Miguel_Ullola,1.0,1.0,0.0,0.0,0.0,3.0,3.0,0.0,1.0,9.0,0.075,0.2966666666666667,0.2966666666666667,0.0,0.0,35.6,4.1,8.2,0.0,1.08,15.0,78.0,0,2.0,1.0,6.123233995736766e-17,0.7818314824680298,0.6234898018587336,0.5,0.5,0.5,0.5,0.5,0.5,0.5,0.5,0.5,0.5,synthetic,synthetic,synthetic,synthetic,synthetic,0.0,0.0,0.0,0.0,0.0,-110.0,-110.0,-110.0,-110.0,-110.0,-110.0,-110.0,-110.0,-110.0,-110.0,0.0,0.0,0.0,0.0,0.0,2026-08-26T14:02:39.082451+00:00,-0.04868333333333341,4.999999999999449e-05,-0.48758333333333337,-0.4744,-0.4798,0.4,0.4,0.2,0.0,0.2,1.0,1.0,0.0,0.0,0.0,batter_pitcher_profile_network_v2,0.2,0.0,1.0,0.0,0.1,-0.7461250000000001,0.0,0.0,0.0,0.0,0.0,0.0,0.0,-0.8197500000000001,0.0,0.0,0.0,0.0,0.0,0.0,0.0,-0.7833333333333334,0.0,0.0,0.0,0.0,0.0,0.0,0.0,-0.82425,0.0,0.0,0.0,0.0,0.0,0.0,0.0,-0.78675,0.0,0.0,0.0,0.0,0.0,0.0,0.0
2026-03-29,Christian_Vázquez,543877,hitter,HOU,LAA,2026,824215,7,117,108,1,686799.0,Jack_Kochanowicz,1.0,1.0,1.0,0.0,2.0,4.0,2.0,1.0,0.0,9.0,0.0952380952380952,0.5266666666666667,0.5266666666666667,0.0,0.0,63.20000000000001,1.3499999999999999,9.1,1.8114517061885487,1.08,0.0,73.0,0,5.0,1.0,6.123233995736766e-17,-0.7818314824680299,0.6234898018587334,0.5,0.5,0.5,0.5,0.5,0.5,0.5,0.5,0.5,0.5,synthetic,synthetic,synthetic,synthetic,synthetic,0.0,0.0,0.0,0.0,0.0,-110.0,-110.0,-110.0,-110.0,-110.0,-110.0,-110.0,-110.0,-110.0,-110.0,0.0,0.0,0.0,0.0,0.0,2026-08-26T14:02:39.082451+00:00,0.11827162196650498,0.24739000309536563,-0.24607598901411604,-0.4744,-0.297676407189014,0.6,0.6,0.2,0.0,0.2,1.0,1.0,0.0,0.0,0.0,batter_pitcher_profile_network_v2,0.2333333333333333,0.15,0.752685285398744,0.0,0.1553360745474647,-0.7525557644110276,-0.6723333333333334,0.0,0.0,0.0,0.0,-0.0291977961437036,-0.0029197796143703,-0.823545112781955,-0.2972170542635659,0.0,0.0,0.0,0.0,-0.0141249806539652,-0.0022599969046344,-0.8109022556390977,-0.4552842377260981,0.0,0.0,0.0,0.0,-0.0213048198042037,-0.0010652409902101,-0.8183452380952381,0.1178992248062015,0.0,0.0,0.0,0.0,0.0,0.0,-0.7924523809523809,-0.4552067183462531,0.0,0.0,0.0,0.0,-0.0208165416406913,-0.0012489924984414
2026-03-31,Christian_Vázquez,543877,hitter,HOU,BOS,2026,824212,8,117,111,1,678394.0,Brayan_Bello,0.0,0.0,0.0,0.0,0.0,1.0,1.0,0.0,1.0,2.0,0.025,0.0,0.0,0.0,0.0,10.0,0.0,11.55,9.953007518796992,1.08,0.0,73.0,0,2.0,1.0,6.123233995736766e-17,0.7818314824680298,0.6234898018587336,0.5,0.5,0.5,0.5,0.5,0.5,0.5,0.5,0.5,0.5,synthetic,synthetic,synthetic,synthetic,synthetic,0.0,0.0,0.0,0.0,0.0,-110.0,-110.0,-110.0,-110.0,-110.0,-110.0,-110.0,-110.0,-110.0,-110.0,0.0,0.0,0.0,0.0,0.0,2026-08-26T14:02:39.082451+00:00,0.2182554486784366,-0.0716249020715819,-0.008542026075738396,-0.4764247659417817,0.32252089528191596,0.6,0.6,0.2,0.0,0.4,1.0,1.0,1.0,0.0,2.0,batter_pitcher_profile_network_v2,0.2666666666666666,0.1,0.593243648411106,0.0,0.1610660986402972,-0.3467087862318841,-0.7573564593301437,0.0,0.0,0.0,0.0,-0.0284818540677636,-0.0028481854067763,-0.5194864130434783,-0.8401943779904308,0.0,0.0,0.0,0.0,-0.0473431379473871,-0.0075749020715819,-0.4860801630434783,-0.9264802631578948,0.0,0.0,0.0,0.0,-0.0488480403117612,-0.002442402015588,-0.7755833333333333,-0.9627272727272728,0.0,0.0,0.0,0.0,-0.0809906376712701,-0.0020247659417817,-0.6012604166666665,-0.9019736842105264,0.0,0.0,0.0,0.0,-0.058824677632229,-0.0035294806579337
2026-04-01,Christian_Vázquez,543877,hitter,HOU,BOS,2026,824211,9,117,111,1,676979.0,,1.0,4.0,1.0,1.0,1.0,4.0,4.0,0.0,1.0,9.0,0.1111111111111111,0.525,0.525,0.75,30.0,65.0,4.1,8.2,11.11015037593985,1.08,0.0,73.0,0,1.0,0.8660254037844387,-0.4999999999999998,0.9749279121818236,-0.22252093395631434,0.5,0.5,0.5,0.5,0.5,0.5,0.5,0.5,0.5,0.5,synthetic,synthetic,synthetic,synthetic,synthetic,0.0,0.0,0.0,0.0,0.0,-110.0,-110.0,-110.0,-110.0,-110.0,-110.0,-110.0,-110.0,-110.0,-110.0,0.0,0.0,0.0,0.0,0.0,2026-08-26T14:02:39.082451+00:00,0.42147268170426067,1.0262333333333333,0.23900751879699267,-0.21189999999999998,0.3226741854636592,0.6,0.6,0.2,0.0,0.4,0.0,0.0,0.0,0.0,0.0,batter_pitcher_profile_network_v2,0.3,0.2,0.855326475793055,0.0,0.1990445013430701,-0.6263132716049384,0.1581011528028933,0.0,0.0,0.0,0.0,0.0,0.0,-0.733675925925926,0.0754096971066908,0.0,0.0,0.0,0.0,0.0,0.0,-0.6950694444444445,0.1275202305605787,0.0,0.0,0.0,0.0,0.0,0.0,-0.808003086419753,0.0592308996383364,0.0,0.0,0.0,0.0,0.0,0.0,-0.7429799382716047,0.1609669605183846,0.0,0.0,0.0,0.0,0.0,0.0
2026-04-03,Christian_Vázquez,543877,hitter,HOU,ATH,2026,825026,10,117,133,0,605488.0,Jeffrey_Springs,0.0,0.0,0.0,0.0,0.0,3.0,3.0,0.0,0.0,2.0,0.0789473684210526,0.0,0.0,0.0,0.0,10.0,1.125,7.696428571428572,2.320964749536178,1.08,3.0,73.0,0,2.0,0.8660254037844387,-0.4999999999999998,-0.433883739117558,-0.9009688679024191,0.5,1.5,0.5,0.5,0.5,0.5,1.5,0.5,0.5,0.5,synthetic,synthetic,synthetic,synthetic,synthetic,0.0,0.0,0.0,0.0,0.0,-110.0,-110.0,-110.0,-110.0,-110.0,-110.0,-110.0,-110.0,-110.0,-110.0,0.0,0.0,0.0,0.0,0.0,2026-08-26T14:02:39.082451+00:00,0.3234240420213784,-0.09037478739293947,-0.1917280783126648,-0.2346379189732566,-0.01621510208756416,0.8,1.4,0.4,0.2,0.6,1.0,4.0,1.0,1.0,1.0,batter_pitcher_profile_network_v2,0.3333333333333333,0.25,0.8242935478355962,0.0,0.2289226767642015,-0.4444855158730159,-0.1456168831168831,0.0,1.0,0.0,0.0,-0.0037908430092079,-0.0003790843009207,-0.4920940476190476,-0.2678814935064935,0.0,1.0,0.0,0.0,-0.0077207106795555,-0.0012353137087288,-0.5342232142857144,0.0734117965367965,0.0,1.0,0.0,0.0,0.0,0.0,-0.4728277777777777,-0.3436525974025973,0.0,1.0,0.0,0.0,-0.0095167589302658,-0.0002379189732566,-0.4793069444444444,-0.0626028138528138,0.0,1.0,0.0,0.0,-0.0017574137921839,-0.000105444827531
2026-04-04,Christian_Vázquez,543877,hitter,HOU,ATH,2026,825027,11,117,133,0,806960.0,,3.0,5.0,0.0,0.0,2.0,6.0,6.0,0.0,1.0,9.0,0.109090909090909,0.5716666666666667,0.5716666666666667,0.3333333333333333,28.33333333333333,65.0,4.1,8.2,2.963821892393321,1.08,4.0,76.0,0,1.0,0.8660254037844387,-0.4999999999999998,-0.9749279121818236,-0.2225209339563146,0.5,1.5,0.5,0.5,0.5,0.5,1.5,0.5,0.5,0.5,synthetic,synthetic,synthetic,synthetic,synthetic,0.0,0.0,0.0,0.0,0.0,-110.0,-110.0,-110.0,-110.0,-110.0,-110.0,-110.0,-110.0,-110.0,-110.0,0.0,0.0,0.0,0.0,0.0,2026-08-26T14:02:39.082451+00:00,0.1066498453927025,-0.08297272727272742,-0.017187693259121894,-0.18023333333333336,0.06298200371057505,0.6,1.2,0.4,0.2,0.6,0.0,0.0,0.0,0.0,0.0,batter_pitcher_profile_network_v2,0.3666666666666666,0.25,0.7235163581574384,0.0,0.2486756448647618,-0.4746560768980124,0.1940677966101695,0.0,2.0,0.0,0.0,0.0,0.0,-0.5490400782013686,0.4471292372881356,0.0,2.0,0.0,0.0,0.0,0.0,-0.5743658357771262,0.803125,0.0,2.0,0.0,0.0,0.0,0.0,-0.5371035353535354,0.7752542372881356,0.0,2.0,0.0,0.0,0.0,0.0,-0.6131641414141414,0.7375,0.0,2.0,0.0,0.0,0.0,0.0
2026-04-08,Christian_Vázquez,543877,hitter,HOU,COL,2026,824374,12,117,115,0,547179.0,Michael_Lorenzen,1.0,1.0,0.0,0.0,0.0,4.0,4.0,0.0,0.0,9.0,0.1081081081081081,0.2225,0.2225,0.0,0.0,26.7,13.476923076923077,6.56923076923077,3.678761238761239,1.0477777777777777,-13.0,71.0,0,4.0,0.8660254037844387,-0.4999999999999998,0.9749279121818236,-0.22252093395631434,0.5,1.5,0.5,0.5,0.5,0.5,1.5,0.5,0.5,0.5,synthetic,synthetic,synthetic,synthetic,synthetic,0.0,0.0,0.0,0.0,0.0,-110.0,-110.0,-110.0,-110.0,-110.0,-110.0,-110.0,-110.0,-110.0,-110.0,0.0,0.0,0.0,0.0,0.0,2026-08-26T14:02:39.082451+00:00,0.8685411633411633,0.5393623873873876,-0.17472072184572185,-0.3447111111111112,0.584823197073197,1.0,2.0,0.4,0.2,1.0,3.0,5.0,0.0,0.0,2.0,batter_pitcher_profile_network_v2,0.4,0.2,0.7314332541576238,0.0,0.2520798852731382,-0.2712779029029026,0.85,0.0,3.0,0.0,0.0,0.0,0.0,-0.3423349599599598,0.88,0.0,3.0,0.0,0.0,0.0,0.0,-0.3968581081081079,0.8144578313253013,0.0,3.0,0.0,0.0,0.0,0.0,-0.3322754629629629,0.88,0.0,3.0,0.0,0.0,0.0,0.0,-0.4177962962962961,0.9072289156626506,0.0,3.0,0.0,0.0,0.0,0.0
2026-04-10,Christian_Vázquez,543877,hitter,HOU,SEA,2026,823156,13,117,136,0,676106.0,Emerson_Hancock,2.0,3.0,1.0,0.0,3.0,3.0,3.0,0.0,1.0,9.0,0.081081081081081,0.7200000000000001,0.7200000000000001,0.3333333333333333,28.33333333333333,65.0,2.9045454545454548,10.022727272727273,0.7959183673469388,1.08,0.0,64.0,0,2.0,0.8660254037844387,-0.4999999999999998,-0.433883739117558,-0.9009688679024191,0.5,1.5,0.5,0.5,0.5,0.5,1.5,0.5,0.5,0.5,synthetic,synthetic,synthetic,synthetic,synthetic,0.0,0.0,0.0,0.0,0.0,-110.0,-110.0,-110.0,-110.0,-110.0,-110.0,-110.0,-110.0,-110.0,-110.0,0.0,0.0,0.0,0.0,0.0,2026-08-26T14:02:39.082451+00:00,0.24310754983169913,0.5873447087207242,-0.2081898500920687,-0.18072706776341363,-0.035057004598172736,1.0,2.0,0.2,0.2,0.6,1.0,1.0,0.0,0.0,0.0,batter_pitcher_profile_network_v2,0.4333333333333333,0.2,0.814282668235371,0.0,0.2667167412949001,-0.2074693428184279,-0.3086516106843976,0.0,4.0,0.0,0.0,-0.0051534374833725,-0.0005153437483372,-0.3181469407963309,-0.4505778736291032,0.0,4.0,0.0,0.0,-0.0115364488738522,-0.0018458318198163,-0.3697660647279548,-0.60349155011655,0.0,4.0,0.0,0.0,-0.0179586124315551,-0.0008979306215777,-0.3832008547008547,-0.6404015915778212,0.0,4.0,0.0,0.0,-0.0197493772032129,-0.0004937344300803,-0.4668306623931622,-0.5342447552447552,0.0,4.0,0.0,0.0,-0.0200712386145173,-0.001204274316871
2026-04-14,Christian_Vázquez,543877,hitter,HOU,COL,2026,824210,14,117,115,1,547179.0,Michael_Lorenzen,2.0,3.0,1.0,0.0,1.0,4.0,4.0,0.0,2.0,9.0,0.1081081081081081,0.54,0.54,0.25,21.25,65.0,9.529411764705882,4.117647058823529,4.177736549165121,1.08,0.0,73.0,0,4.0,0.8660254037844387,-0.4999999999999998,0.7818314824680298,0.6234898018587336,1.5,2.5,0.5,0.5,1.5,1.5,2.5,0.5,0.5,1.5,synthetic,synthetic,synthetic,synthetic,synthetic,0.0,0.0,0.0,0.0,0.0,-110.0,-110.0,-110.0,-110.0,-110.0,-110.0,-110.0,-110.0,-110.0,-110.0,0.0,0.0,0.0,0.0,0.0,2026-08-26T14:02:39.082451+00:00,0.16923470452098432,0.08681265513500547,0.16214235718786474,-0.21990445270275322,-0.004670479028485053,1.4,2.6,0.4,0.2,1.2,2.0,3.0,1.0,0.0,3.0,batter_pitcher_profile_network_v2,0.4666666666666667,0.25,0.7077324865629026,1.0,0.3179090259323444,-0.0722910804473305,0.8542338709677418,0.0158730158730158,4.0,0.0,0.0,0.0135534324330389,0.0013553432433038,-0.1620082070707071,0.8833870967741936,-0.0211640211640211,4.0,0.0,0.0,-0.0180712432440518,-0.0028913989190483,-0.2169094967532467,0.8085626911314985,-0.0634920634920634,4.0,0.0,0.0,-0.0542137297321556,-0.0027106864866077,-0.2186269841269842,0.8833870967741936,-0.0529100529100529,4.0,0.0,0.0,-0.0451781081101296,-0.0011294527027532,-0.2634707341269841,0.9042813455657492,-0.1111111111111111,4.0,0.0,0.0,-0.0948740270312723,-0.0056924416218763
2026-04-17,Christian_Vázquez,543877,hitter,HOU,STL,2026,824207,15,117,138,1,681517.0,Kyle_Leahy,2.0,5.0,1.0,1.0,1.0,4.0,3.0,1.0,1.0,8.0,0.1025641025641025,0.92,0.92,1.0,30.0,65.0,5.1000000000000005,4.5,3.754945054945055,1.08,0.0,73.0,0,3.0,0.8660254037844387,-0.4999999999999998,-0.433883739117558,-0.9009688679024191,1.5,2.5,0.5,0.5,1.5,1.5,2.5,0.5,0.5,1.5,synthetic,synthetic,synthetic,synthetic,synthetic,0.0,0.0,0.0,0.0,0.0,-110.0,-110.0,-110.0,-110.0,-110.0,-110.0,-110.0,-110.0,-110.0,-110.0,0.0,0.0,0.0,0.0,0.0,2026-08-26T14:02:39.082451+00:00,0.2597003663003665,1.0419809288325332,0.3563428041407899,-0.14838905379529027,-0.23077290740968626,1.6,2.4,0.4,0.0,1.2,2.0,3.0,1.0,0.0,1.0,batter_pitcher_profile_network_v2,0.5,0.35,0.7430652458346243,0.0,0.3406410775848404,-0.0676421296296296,0.2060332465464288,0.0,6.0,0.6980698653632607,0.0345593868898874,0.0,0.0,-0.1232657407407407,0.0984903486432172,0.0,6.0,0.6458966903401159,0.0472122034688886,0.0708183052033329,0.0113309288325332,-0.1919375,0.2577320491188601,0.0,6.0,0.658818878628157,0.0122956432553615,0.0122956432553615,0.000614782162768,-0.1174893518518518,0.0242531439188078,0.0,6.0,0.5713387919950564,0.0404378481883896,0.0404378481883896,0.0010109462047097,-0.1536143518518518,0.2097973378327708,0.0,6.0,0.6364099254411497,0.0414323383928039,0.0310742537946029,0.0018644552276761
2026-04-18,Christian_Vázquez,543877,hitter,HOU,STL,2026,824206,16,117,138,1,669467.0,Andre_Pallante,0.0,0.0,1.0,0.0,0.0,4.0,2.0,2.0,0.0,8.0,0.1052631578947368,0.345,0.345,0.0,0.0,41.4,4.8,4.2,4.076373626373626,1.08,0.0,73.0,0,1.0,0.8660254037844387,-0.4999999999999998,-0.9749279121818236,-0.2225209339563146,1.5,3.5,0.5,0.5,1.5,1.5,3.5,0.5,0.5,1.5,synthetic,synthetic,synthetic,synthetic,synthetic,0.0,0.0,0.0,0.0,0.0,-110.0,-110.0,-110.0,-110.0,-110.0,-110.0,-110.0,-110.0,-110.0,-110.0,0.0,0.0,0.0,0.0,0.0,2026-08-26T14:02:39.082451+00:00,0.5638939408493826,-0.5093330932221463,0.18847514531518073,-0.23303917772942928,-0.24769644895877607,2.0,3.4,0.6,0.2,1.4,2.0,5.0,1.0,1.0,1.0,batter_pitcher_profile_network_v2,0.5333333333333333,0.2,0.7249541852026087,0.0,0.3189052891292027,0.1149058159722221,0.2188109756097561,0.0,7.0,0.9185381504323769,0.047504997733827,0.0036882035584091,0.0003688203558409,0.1470685763888888,-0.0001981707317072,0.0,7.0,0.846832264822342,0.0659175933308609,0.0988721147300026,0.0158195383568004,0.0035872395833332,-0.0013058943089429,0.0,7.0,0.8023040999203971,0.0304983881652626,0.0304977009826199,0.0015248850491309,0.1707131076388888,-0.1610975609756096,0.0,7.0,0.7451734727602075,0.0584671110481814,0.0544328908228284,0.0013608222705707,0.1578224826388889,-0.0696138211382112,0.0,7.0,0.7724867939355884,0.050935432333783,0.0365899339722033,0.0021953960383322
2026-04-22,Christian_Vázquez,543877,hitter,HOU,CLE,2026,824449,17,117,114,0,676440.0,Tanner_Bibee,0.0,0.0,0.0,0.0,0.0,4.0,3.0,1.0,1.0,8.0,0.1142857142857142,0.1725,0.1725,0.0,0.0,20.7,5.785714285714286,7.0,5.464285714285714,1.08,-8.0,62.0,0,4.0,0.8660254037844387,-0.4999999999999998,0.9749279121818236,-0.22252093395631434,1.5,2.5,0.5,0.5,0.5,1.5,2.5,0.5,0.5,0.5,synthetic,synthetic,synthetic,synthetic,synthetic,0.0,0.0,0.0,0.0,0.0,-110.0,-110.0,-110.0,-110.0,-110.0,-110.0,-110.0,-110.0,-110.0,-110.0,0.0,0.0,0.0,0.0,0.0,2026-08-26T14:02:39.082451+00:00,-0.24539606716163598,-0.8930022637492567,0.3026582490475589,-0.3324173438666259,0.3488890120889526,1.4,2.4,0.8,0.2,1.0,0.0,0.0,1.0,0.0,0.0,batter_pitcher_profile_network_v2,0.5666666666666667,0.45,0.6435042166736438,0.0,0.4053601633891987,0.1795390406162461,0.4501045062513821,0.0,8.0,1.0148776123604937,0.0423646875191996,0.0163250426693578,0.0016325042669357,0.169285830999066,0.4704552172983371,0.0,8.0,0.9527567324643176,0.0722856008153364,0.1245171015671455,0.0199227362507432,0.0368671218487393,0.2949421915230737,0.0,8.0,1.002228286319213,0.0341826301376419,0.0363792666654673,0.0018189633332733,0.1117904411764705,0.4262117962457057,0.0,8.0,0.8988012585341526,0.0696809913199867,0.0793062453349654,0.0019826561333741,0.1259816176470588,0.4276505248564071,0.0,8.0,0.9733726933198142,0.0415933740247786,0.042078772911116,0.0025247263746669
2026-04-24,Christian_Vázquez,543877,hitter,HOU,NYY,2026,824204,18,117,147,1,701542.0,Will_Warren,1.0,1.0,0.0,0.0,0.0,2.0,2.0,0.0,0.0,2.0,0.0526315789473684,0.445,0.445,0.0,0.0,53.4,2.142857142857143,12.837662337662337,5.103896103896105,1.08,0.0,73.0,0,2.0,0.8660254037844387,-0.4999999999999998,-0.433883739117558,-0.9009688679024191,1.5,2.5,0.5,0.5,0.5,1.5,2.5,0.5,0.5,0.5,synthetic,synthetic,synthetic,synthetic,synthetic,0.0,0.0,0.0,0.0,0.0,-110.0,-110.0,-110.0,-110.0,-110.0,-110.0,-110.0,-110.0,-110.0,-110.0,0.0,0.0,0.0,0.0,0.0,2026-08-26T14:02:39.082451+00:00,-0.7305379203875189,-0.9753236667572132,0.27586269934638363,-0.3327760479612045,0.3385212024626867,1.2,2.2,0.8,0.2,1.0,0.0,0.0,0.0,0.0,0.0,batter_pitcher_profile_network_v2,0.6,0.5,0.5703142400701631,0.0,0.4400682527957025,0.1182978395061725,-0.6270471165460137,0.0,9.0,0.7179912214226563,0.0164440122228338,-0.0191240204621102,-0.001912402046211,0.1008549382716047,-0.5426652697064462,0.0,9.0,0.8242506811996918,0.0356677994633218,0.039391556451628,0.0063026490322604,-0.0268750000000002,-0.677223456260221,0.0,9.0,0.652267126477999,0.0217343601244423,0.0170420935578838,0.0008521046778941,0.0466369598765431,-0.4469727021388786,0.0,9.0,0.907837608117972,0.0703322768444976,0.0649580815518236,0.0016239520387955,0.0449182098765431,-0.6776232310349956,0.0,9.0,0.644729808671118,0.0311664553837896,0.0155276737629382,0.0009316604257762
2026-04-25,Christian_Vázquez,543877,hitter,HOU,NYY,2026,824203,19,117,147,1,677960.0,Ryan_Weathers,1.0,1.0,0.0,0.0,0.0,4.0,4.0,0.0,0.0,8.0,0.1142857142857142,0.2225,0.2225,0.0,0.0,26.7,3.375,11.897727272727273,3.857142857142857,1.08,0.0,73.0,0,1.0,0.8660254037844387,-0.4999999999999998,-0.9749279121818236,-0.2225209339563146,0.5,1.5,0.5,0.5,0.5,0.5,1.5,0.5,0.5,0.5,synthetic,synthetic,synthetic,synthetic,synthetic,0.0,0.0,0.0,0.0,0.0,-110.0,-110.0,-110.0,-110.0,-110.0,-110.0,-110.0,-110.0,-110.0,-110.0,0.0,0.0,0.0,0.0,0.0,2026-08-26T14:02:39.082451+00:00,0.36402665153884595,-0.1091120060779418,-0.01917072095359612,-0.3322860784598639,-0.12596826798273558,1.0,1.8,0.6,0.2,0.4,1.0,1.0,0.0,0.0,0.0,batter_pitcher_profile_network_v2,0.6333333333333333,0.4,0.7591338205991319,0.0,0.4194691094573092,0.1775927655159404,0.3299805311632233,0.0,10.0,1.500205584110461,0.0259423851669448,0.0089396755616196,0.0008939675561619,0.1292324089794378,0.3158636072866841,0.0,10.0,1.4736959307579776,0.0513194714703636,0.0832062120128619,0.0133129939220579,0.0469750990379175,0.4552505827505828,0.0,10.0,1.408922688447474,0.0136804050895501,0.0169427237852226,0.0008471361892611,0.0074645467836256,0.2271247019612405,0.0,10.0,1.4584258397370764,0.0842982333413187,0.0845568616054448,0.0021139215401361,0.0714941520467838,0.5435309081943698,0.0,10.0,1.3467877050534902,0.0148647437261457,0.017076486002028,0.0010245891601216
2026-04-26,Christian_Vázquez,543877,hitter,HOU,NYY,2026,824202,20,117,147,1,661563.0,,0.0,0.0,0.0,0.0,0.0,4.0,4.0,0.0,0.0,7.0,0.1176470588235294,0.0,0.0,0.0,0.0,10.0,4.1,8.2,3.779220779220779,1.08,0.0,73.0,0,1.0,0.8660254037844387,-0.4999999999999998,-0.7818314824680299,0.6234898018587334,0.5,1.5,0.5,0.5,0.5,0.5,1.5,0.5,0.5,0.5,synthetic,synthetic,synthetic,synthetic,synthetic,0.0,0.0,0.0,0.0,0.0,-110.0,-110.0,-110.0,-110.0,-110.0,-110.0,-110.0,-110.0,-110.0,-110.0,0.0,0.0,0.0,0.0,0.0,2026-08-26T14:02:39.082451+00:00,0.41422806081568775,-0.4544693841752949,-0.2596511850116372,-0.33334126132422737,-0.32958819931456346,0.8,1.4,0.4,0.2,0.2,1.0,1.0,0.0,0.0,0.0,batter_pitcher_profile_network_v2,0.6666666666666666,0.35,0.7657501261987769,0.0,0.4230017966725607,0.1933694128787877,0.1273997869204846,0.0,11.0,1.770061365741018,0.0270464015300662,0.0038471984293503,0.000384719842935,0.1192059974747473,0.390478371725193,0.0,11.0,1.6902804964268223,0.0468623531361097,0.0775626724338187,0.0124100275894109,0.0498063446969696,0.4971968462823726,0.0,11.0,1.6363165281863798,0.0041823980460965,0.0080496381935377,0.0004024819096768,-0.0426239583333333,0.6987621018839233,0.0,11.0,1.4117737435401396,0.0423495470309073,0.0423495470309073,0.0010587386757726,0.0209072916666667,0.5101432748538012,0.0,11.0,1.6117100634592254,-4.704757008611608e-05,0.0016303424654503,9.78205479270216e-05
2026-04-30,Christian_Vázquez,543877,hitter,HOU,BAL,2026,824848,21,117,110,0,605135.0,Chris_Bassitt,2.0,2.0,0.0,0.0,1.0,4.0,4.0,0.0,0.0,9.0,0.1025641025641025,0.445,0.445,0.0,0.0,53.4,3.455357142857143,4.173214285714286,4.268694463431305,1.08,0.0,63.0,0,4.0,0.8660254037844387,-0.4999999999999998,0.43388373911755823,-0.900968867902419,0.5,0.5,0.5,0.5,0.5,0.5,0.5,0.5,0.5,0.5,synthetic,synthetic,synthetic,synthetic,synthetic,0.0,0.0,0.0,0.0,0.0,-110.0,-110.0,-110.0,-110.0,-110.0,-110.0,-110.0,-110.0,-110.0,-110.0,0.0,0.0,0.0,0.0,0.0,2026-08-26T14:02:39.082451+00:00,0.15617945126473143,-0.033332478307178004,-0.1580313748867953,-0.4728138941858367,-0.3258723926296371,0.4,0.4,0.2,0.0,0.0,0.0,0.0,0.0,0.0,0.0,batter_pitcher_profile_network_v2,0.7,0.35,0.7194874038380937,0.0,0.4416519775604417,0.1514758597883601,0.7586465688243098,0.0,12.0,1.5772570619987236,0.0173238069959259,0.0225648957729621,0.0022564895772962,0.0631236772486774,0.5188936618475656,0.0,12.0,1.8239134538341244,0.0364102536025492,0.0610470105801377,0.009767521692822,-0.0116517857142854,0.6851328472653224,0.0,12.0,1.713455307431878,-0.0039373457825956,-0.0039373457825956,-0.0001968672891297,-0.0967781084656084,0.3309333905297361,0.0,12.0,1.8645397750646449,0.0634442325665341,0.0634442325665341,0.0015861058141633,-0.0823138227513225,0.6223631444229452,0.0,12.0,1.761373995790484,-0.0093888981463762,-0.0070416736097821,-0.0004225004165869
2026-05-01,Christian_Vázquez,543877,hitter,HOU,BOS,2026,824772,22,117,111,0,687562.0,Jake_Bennett,0.0,0.0,0.0,0.0,0.0,1.0,1.0,0.0,0.0,9.0,0.0263157894736842,0.0,0.0,0.0,0.0,10.0,25.65,5.400000000000001,3.5745682888540036,1.08,3.0,59.0,0,1.0,0.49999999999999994,-0.8660254037844387,-0.433883739117558,-0.9009688679024191,0.5,0.5,0.5,0.5,0.5,0.5,0.5,0.5,0.5,0.5,synthetic,synthetic,synthetic,synthetic,synthetic,0.0,0.0,0.0,0.0,0.0,-110.0,-110.0,-110.0,-110.0,-110.0,-110.0,-110.0,-110.0,-110.0,-110.0,0.0,0.0,0.0,0.0,0.0,2026-08-26T14:02:39.082451+00:00,0.48834811709420833,0.2074471284732219,-0.5,-0.47441125119925437,-0.293701388401454,0.8,0.8,0.0,0.0,0.2,2.0,2.0,0.0,0.0,1.0,batter_pitcher_profile_network_v2,0.7333333333333333,0.1,0.8722747564417435,1.0,0.4097313009002553,0.223022548116298,0.6393571428571428,0.0101010101010101,13.0,1.9392331861163292,0.0286210576937191,0.022811750137324,0.0022811750137324,0.103910234097734,0.1832857142857142,-0.0269360269360269,13.0,2.160416183257044,0.0408724890782021,0.0378767897997421,0.0060602863679587,0.0457344133906634,0.3066666666666666,-0.0707070707070707,13.0,2.1090458156913434,-0.0052751364648983,-0.0701529935119848,-0.0035076496755992,-0.1240899621212121,-0.3167142857142858,-0.0673400673400673,13.0,1.785167668673834,0.0662706472714129,-0.0004500479701762,-1.125119925440704e-05,-0.0657376893939391,0.3358333333333333,-0.1111111111111111,13.0,2.0846874797555794,-0.0030278980089117,-0.1062861877534473,-0.0063771712652068
2026-05-03,Christian_Vázquez,543877,hitter,HOU,BOS,2026,824769,23,117,111,0,624133.0,Ranger_Suarez,2.0,2.0,0.0,0.0,0.0,4.0,4.0,0.0,1.0,8.0,0.0930232558139534,0.445,0.445,0.0,0.0,53.4,2.571428571428571,7.821428571428572,1.9949764521193099,1.08,-6.0,50.0,0,2.0,0.49999999999999994,-0.8660254037844387,-0.7818314824680299,0.6234898018587334,0.5,0.5,0.5,0.5,0.5,0.5,0.5,0.5,0.5,0.5,synthetic,synthetic,synthetic,synthetic,synthetic,0.0,0.0,0.0,0.0,0.0,-110.0,-110.0,-110.0,-110.0,-110.0,-110.0,-110.0,-110.0,-110.0,-110.0,0.0,0.0,0.0,0.0,0.0,2026-08-26T14:02:39.082451+00:00,0.07822246474871264,0.2056248016222274,-0.4014435534456927,-0.47263842065691436,-0.31422622898759006,0.8,0.8,0.0,0.0,0.2,0.0,0.0,0.0,0.0,0.0,batter_pitcher_profile_network_v2,0.7666666666666667,0.4,0.7066978297047175,0.0,0.4887051396778021,0.1551790458937198,0.1004888563078132,0.0,13.0,2.134314444557262,0.0290173675030171,0.0035064918885742,0.0003506491888574,0.0345006038647343,0.0891557547139322,0.0,13.0,2.1364462219018017,0.045969747205264,0.0696462892086895,0.0111434062733903,-0.0290715579710143,0.0947309347279227,0.0,13.0,2.041793177607132,0.0019664324552099,0.0019664324552099,9.832162276049626e-05,-0.1699930555555556,0.134600031822366,0.0,13.0,2.098443091871291,0.0704631737234247,0.0704631737234247,0.0017615793430856,-0.156215881642512,0.1190557339247099,0.0,13.0,2.0226546562001597,0.00287999042745,0.0021599928205875,0.0001295995692352
2026-05-04,Christian_Vázquez,543877,hitter,HOU,LAD,2026,824201,24,117,119,1,808967.0,Yoshinobu_Yamamoto,0.0,0.0,0.0,0.0,0.0,3.0,3.0,0.0,1.0,9.0,0.0857142857142857,0.0,0.0,0.0,0.0,10.0,3.4770186335403728,8.13913043478261,1.5857142857142865,1.08,0.0,73.0,0,1.0,0.49999999999999994,-0.8660254037844387,0.0,1.0,0.5,0.5,0.5,0.5,0.5,0.5,0.5,0.5,0.5,0.5,synthetic,synthetic,synthetic,synthetic,synthetic,0.0,0.0,0.0,0.0,0.0,-110.0,-110.0,-110.0,-110.0,-110.0,-110.0,-110.0,-110.0,-110.0,-110.0,0.0,0.0,0.0,0.0,0.0,2026-08-26T14:02:39.082451+00:00,0.5565814740171209,0.3996273801305448,-0.5,-0.47312924022096836,-0.4782913986463061,1.0,1.0,0.0,0.0,0.2,2.0,2.0,0.0,0.0,0.0,batter_pitcher_profile_network_v2,0.8,0.35,0.6340356974135366,0.0,0.4953157194733946,0.1735050654887482,-0.3196839405251097,0.0,14.0,1.9979383722738728,0.0325112274484468,-0.0162390900565369,-0.0016239090056536,0.0416781455110173,-0.2886597170747937,0.0,14.0,2.0557623489703407,0.0414206006508989,0.0586086258159054,0.0093773801305448,-0.0321444818037973,-0.4024186261461104,0.0,14.0,1.75781540335017,-0.0007893161481938,-0.0045764723226066,-0.0002288236161303,-0.1919782986111111,-0.251388375611379,0.0,14.0,2.0813905400085484,0.0649598667048815,0.0508303911612645,0.0012707597790316,-0.1529418402777776,-0.4006046017558666,0.0,14.0,1.7306161193281449,-0.0066853449243876,-0.0229518822003411,-0.0013771129320204
2026-05-05,Christian_Vázquez,543877,hitter,HOU,LAD,2026,824200,25,117,119,1,660271.0,,0.0,0.0,0.0,0.0,0.0,3.0,3.0,0.0,1.0,7.0,0.1034482758620689,0.0,0.0,0.0,0.0,10.0,4.1,8.2,1.5857142857142865,1.08,0.0,73.0,0,1.0,0.49999999999999994,-0.8660254037844387,0.7818314824680298,0.6234898018587336,0.5,0.5,0.5,0.5,0.5,0.5,0.5,0.5,0.5,0.5,synthetic,synthetic,synthetic,synthetic,synthetic,0.0,0.0,0.0,0.0,0.0,-110.0,-110.0,-110.0,-110.0,-110.0,-110.0,-110.0,-110.0,-110.0,-110.0,0.0,0.0,0.0,0.0,0.0,2026-08-26T14:02:39.082451+00:00,0.16329967277871182,0.006242015698436965,-0.5,-0.4751726901489794,-0.45958524850693344,0.8,0.8,0.0,0.0,0.2,0.0,0.0,0.0,0.0,0.0,batter_pitcher_profile_network_v2,0.8333333333333334,0.35,0.7135603980839718,0.0,0.5085727645988164,0.0845824051490515,-0.9565217391304348,0.0,15.0,1.1589587629804146,0.0069678179414726,-0.0193119750043434,-0.0019311975004343,-0.0386809891598915,-0.965217391304348,0.0,15.0,1.1507167960669726,0.0085517346443652,0.0039156153566116,0.0006264984570578,-0.1178423780487804,-0.783442265795207,0.0,15.0,1.4010435380534827,-0.0070772777792132,-0.0291146755624815,-0.001455733778124,-0.2314936111111111,-0.965217391304348,0.0,15.0,1.161082622930468,0.0224278440206596,-0.0309076059591774,-0.0007726901489794,-0.2332936111111112,-0.8917211328976035,0.0,15.0,1.2164428042209074,-0.0121487325975423,-0.0587689201073481,-0.0035261352064408
2026-05-06,Christian_Vázquez,543877,hitter,HOU,LAD,2026,824198,26,117,119,1,607192.0,Tyler_Glasnow,0.0,0.0,0.0,0.0,0.0,1.0,1.0,0.0,1.0,2.0,0.032258064516129,0.0,0.0,0.0,0.0,10.0,1.4873949579831933,11.139705882352942,1.5857142857142865,1.08,0.0,73.0,0,1.0,0.49999999999999994,-0.8660254037844387,0.9749279121818236,-0.22252093395631434,0.5,0.5,0.5,0.5,0.5,0.5,0.5,0.5,0.5,0.5,synthetic,synthetic,synthetic,synthetic,synthetic,0.0,0.0,0.0,0.0,0.0,-110.0,-110.0,-110.0,-110.0,-110.0,-110.0,-110.0,-110.0,-110.0,-110.0,0.0,0.0,0.0,0.0,0.0,2026-08-26T14:02:39.082451+00:00,-0.08645370138773523,-0.0712972639337453,-0.5,-0.47366471304564656,-0.5,0.8,0.8,0.0,0.0,0.2,0.0,0.0,0.0,0.0,0.0,batter_pitcher_profile_network_v2,0.8666666666666667,0.5,0.6672543946016657,0.0,0.5674640016639814,0.0023752670940171,-0.725086674625684,0.0,16.0,1.7775884402766162,0.0019763063834326,-0.000496668707025,-4.9666870702507566e-05,-0.1129417735042734,-0.5388119553047572,0.0,16.0,2.09775685498156,0.0151449777607397,0.0051683100915114,0.0008269296146418,-0.2178645833333332,-0.3180974757698441,0.0,16.0,2.2997981986741545,-0.0112220468806748,-0.0312073748831711,-0.0015603687441585,-0.2679692841880343,-0.3121223620033218,0.0,16.0,2.39923887044646,0.0535313126233145,0.0294114781741398,0.0007352869543534,-0.3199644764957264,-0.3708357134093974,0.0,16.0,2.188057205099555,-0.0242556086794344,-0.0524091641407324,-0.0031445498484439
2026-05-08,Christian_Vázquez,543877,hitter,HOU,CIN,2026,824522,27,117,113,0,666157.0,Nick_Lodolo,1.0,4.0,1.0,1.0,1.0,4.0,4.0,0.0,1.0,8.0,0.1,0.525,0.525,0.75,30.0,65.0,5.785714285714286,6.75,8.583116883116883,1.08,0.0,67.0,0,2.0,0.49999999999999994,-0.8660254037844387,-0.433883739117558,-0.9009688679024191,0.5,0.5,0.5,0.5,0.5,0.5,0.5,0.5,0.5,0.5,synthetic,synthetic,synthetic,synthetic,synthetic,0.0,0.0,0.0,0.0,0.0,-110.0,-110.0,-110.0,-110.0,-110.0,-110.0,-110.0,-110.0,-110.0,-110.0,0.0,0.0,0.0,0.0,0.0,2026-08-26T14:02:39.082451+00:00,0.21255800865800878,0.9012432325207644,-0.019983205876496934,-0.2108956330450057,-0.08912927772090268,0.4,0.4,0.0,0.0,0.0,0.0,0.0,0.0,0.0,0.0,batter_pitcher_profile_network_v2,0.9,0.2,0.8900000000000001,0.0,0.498195,-0.0916885048808501,0.2538928571428571,0.0,17.0,2.794105340909072,0.037124783836137,0.0,0.0,-0.1936657933773568,0.4027678571428571,0.0,17.0,2.708868932236349,0.0464301355031856,0.0696452032547784,0.0111432325207645,-0.2739849806201552,0.3601130952380952,0.0,17.0,2.785099022082796,-0.0127810006468222,-0.0127810006468222,-0.0006390500323411,-0.3017430555555556,0.4630357142857143,0.0,17.0,2.6475907196289685,0.0401746781997722,0.0401746781997722,0.0010043669549943,-0.3711412037037037,0.4623452380952381,0.0,17.0,2.6469436109839406,-0.0085582639277097,-0.0064186979457823,-0.0003851218767469
2026-05-09,Christian_Vázquez,543877,hitter,HOU,CIN,2026,824523,28,117,113,0,695505.0,Chase_Burns,0.0,0.0,0.0,0.0,0.0,3.0,2.0,1.0,1.0,9.0,0.09375,0.2299999999999999,0.2299999999999999,0.0,0.0,27.6,2.0588235294117645,11.735294117647058,9.240584415584417,1.08,9.0,72.0,0,1.0,0.49999999999999994,-0.8660254037844387,-0.9749279121818236,-0.2225209339563146,0.5,1.5,0.5,0.5,0.5,0.5,1.5,0.5,0.5,0.5,synthetic,synthetic,synthetic,synthetic,synthetic,0.0,0.0,0.0,0.0,0.0,-110.0,-110.0,-110.0,-110.0,-110.0,-110.0,-110.0,-110.0,-110.0,-110.0,0.0,0.0,0.0,0.0,0.0,2026-08-26T14:02:39.082451+00:00,0.2791401512793057,-0.09144725229682193,0.09957922128889951,-0.23355468243465527,0.1414735291685847,0.6,1.2,0.2,0.2,0.2,1.0,4.0,1.0,1.0,1.0,batter_pitcher_profile_network_v2,0.9333333333333332,0.55,0.6587281040328689,0.0,0.6147848606574522,-0.0495677083333334,-0.3785620144815402,0.0,18.0,2.6958525083420373,0.0032822726122587,-0.0059768612838476,-0.0005976861283847,-0.1090659722222222,-0.2516497979000094,0.0,18.0,2.8712022659553598,0.0142771146395842,0.0126734231448629,0.002027747703178,-0.2264719742063491,-0.2220345882212737,0.0,18.0,2.8173609296738187,-0.0204833134038411,-0.0364999898064253,-0.0018249994903212,-0.1639575892857143,-0.1214121218436714,0.0,18.0,2.9753303566865843,0.0401533101866752,0.0338127026137887,0.0008453175653447,-0.2615915178571427,-0.2206642830569544,0.0,18.0,2.752976069398476,-0.0378337113658135,-0.0467615268439397,-0.0028056916106363
2026-05-11,Christian_Vázquez,543877,hitter,HOU,SEA,2026,824199,29,117,136,1,669923.0,George_Kirby,1.0,1.0,0.0,0.0,0.0,3.0,3.0,0.0,0.0,9.0,0.0789473684210526,0.2966666666666667,0.2966666666666667,0.0,0.0,35.6,2.915966386554622,5.7899159663865545,4.071428571428571,1.08,0.0,73.0,0,2.0,0.49999999999999994,-0.8660254037844387,0.0,1.0,0.5,0.5,0.5,0.5,0.5,0.5,0.5,0.5,0.5,0.5,synthetic,synthetic,synthetic,synthetic,synthetic,0.0,0.0,0.0,0.0,0.0,-110.0,-110.0,-110.0,-110.0,-110.0,-110.0,-110.0,-110.0,-110.0,-110.0,0.0,0.0,0.0,0.0,0.0,2026-08-26T14:02:39.082451+00:00,-0.05891246456610272,0.11281274289353194,-0.282512286525121,-0.334519173338152,-0.2765883573939747,0.2,0.8,0.2,0.2,0.2,0.0,0.0,0.0,0.0,0.0,batter_pitcher_profile_network_v2,0.9666666666666668,0.55,0.4625151943035375,0.0,0.6446713721171324,-0.0776553964281301,-0.0148148705514433,0.0,19.0,3.2973743684963117,0.0121666315869094,-0.000597740161985,-5.97740161985059e-05,-0.1387201365714993,-0.1273869816245135,0.0,19.0,3.335492668506676,0.0080051490796189,0.0028263536108911,0.0004522165777425,-0.2489813913607712,-0.2982491403524011,0.0,19.0,3.0983904088812158,-0.0308989385191448,-0.0694813194748506,-0.0034740659737425,-0.1922454501915709,-0.2531081354706673,0.0,19.0,3.2275824805939126,0.0205146987185381,-0.0047669335260831,-0.000119173338152,-0.2854135536398467,-0.2854126018908626,0.0,19.0,3.052422256975195,-0.0547206229828628,-0.0833648538093524,-0.0050018912285611
2026-05-12,Christian_Vázquez,543877,hitter,HOU,SEA,2026,824197,30,117,136,1,693433.0,Bryan_Woo,0.0,0.0,0.0,0.0,0.0,3.0,3.0,0.0,1.0,9.0,0.0857142857142857,0.0,0.0,0.0,0.0,10.0,10.0,6.5,4.071428571428571,1.08,0.0,73.0,0,1.0,0.49999999999999994,-0.8660254037844387,0.7818314824680298,0.6234898018587336,0.5,0.5,0.5,0.5,0.5,0.5,0.5,0.5,0.5,0.5,synthetic,synthetic,synthetic,synthetic,synthetic,0.0,0.0,0.0,0.0,0.0,-110.0,-110.0,-110.0,-110.0,-110.0,-110.0,-110.0,-110.0,-110.0,-110.0,0.0,0.0,0.0,0.0,0.0,2026-08-26T14:02:39.082451+00:00,0.19153717971302597,0.2522649935885928,-0.43608086006357666,-0.3339723387270624,-0.355991106182765,0.4,1.0,0.2,0.2,0.2,1.0,1.0,0.0,0.0,0.0,batter_pitcher_profile_network_v2,1.0,0.55,0.6601681032823984,0.0,0.6480211740413484,-0.0521844907407407,-0.0300533519173581,0.0,20.0,3.719773284074342,0.0148076208942984,-0.0005329647745032,-5.3296477450323295e-05,-0.1298412037037036,-0.0509086242118981,0.0,20.0,3.785512072229712,0.0098933409037439,0.0125937099287055,0.0020149935885928,-0.2314895833333331,-0.1325832586953275,0.0,20.0,3.677394261840798,-0.0376157733398872,-0.0480457727001055,-0.0024022886350052,-0.2156844907407407,-0.0222448311084497,0.0,20.0,3.789920672738363,0.0187369185041812,0.0171064509175063,0.0004276612729376,-0.2949622685185182,-0.086189580534408,0.0,20.0,3.632306877258414,-0.0632037470815953,-0.0560422459032267,-0.0033625347541936
2026-05-13,Christian_Vázquez,543877,hitter,HOU,SEA,2026,824195,31,117,136,1,682243.0,Bryce_Miller,0.0,0.0,0.0,0.0,0.0,4.0,3.0,0.0,0.0,9.0,0.0909090909090909,0.0,0.0,0.0,0.0,10.0,4.1,8.2,4.071428571428571,1.08,0.0,73.0,0,1.0,0.49999999999999994,-0.8660254037844387,0.9749279121818236,-0.22252093395631434,0.5,0.5,0.5,0.5,0.5,0.5,0.5,0.5,0.5,0.5,synthetic,synthetic,synthetic,synthetic,synthetic,0.0,0.0,0.0,0.0,0.0,-110.0,-110.0,-110.0,-110.0,-110.0,-110.0,-110.0,-110.0,-110.0,-110.0,0.0,0.0,0.0,0.0,0.0,2026-08-26T14:02:39.082451+00:00,-0.02577316017316006,0.11591625653816728,-0.42940780462359884,-0.3342982699207096,-0.3499805571908875,0.4,1.0,0.2,0.2,0.2,0.0,0.0,0.0,0.0,0.0,batter_pitcher_profile_network_v2,1.0,0.0,1.0,0.0,0.5,-0.1251002744368076,0.0,0.0,21.0,4.087747062866659,0.0064835765838956,0.0,0.0,-0.1921523434516989,0.0,0.0,21.0,4.155998297362592,-2.696139399966539e-05,-4.044209099949809e-05,-6.470734559919694e-06,-0.3137243341924396,0.0,0.0,21.0,4.08198862541494,-0.0454937548096386,-0.0454937548096386,-0.0022746877404819,-0.2317585648148148,0.0,0.0,21.0,4.158360723123189,0.0040692031716166,0.0040692031716166,0.0001017300792904,-0.3784321759259258,0.0,0.0,21.0,4.017321117956354,-0.0769128149201565,-0.0576846111901174,-0.003461076671407
2026-05-15,Christian_Vázquez,543877,hitter,HOU,TEX,2026,824194,32,117,140,1,683004.0,Jack_Leiter,0.0,0.0,0.0,0.0,0.0,3.0,3.0,0.0,1.0,9.0,0.0909090909090909,0.0,0.0,0.0,0.0,10.0,4.25,10.357142857142856,7.633928571428571,1.08,0.0,73.0,0,2.0,0.49999999999999994,-0.8660254037844387,-0.433883739117558,-0.9009688679024191,0.5,0.5,0.5,0.5,0.5,0.5,0.5,0.5,0.5,0.5,synthetic,synthetic,synthetic,synthetic,synthetic,0.0,0.0,0.0,0.0,0.0,-110.0,-110.0,-110.0,-110.0,-110.0,-110.0,-110.0,-110.0,-110.0,-110.0,0.0,0.0,0.0,0.0,0.0,2026-08-26T14:02:39.082451+00:00,0.00862880495759688,0.11779428963499372,-0.2510352411131914,-0.33408279272197494,-0.17121257627119624,0.4,1.0,0.2,0.2,0.2,0.0,0.0,0.0,0.0,0.0,batter_pitcher_profile_network_v2,1.0,0.55,0.6172405314783753,0.0,0.6509134191916445,-0.1172105205971276,-0.0536945072699286,0.0,21.0,4.085364559656343,0.0031464738927643,-0.0024089201210027,-0.0002408920121002,-0.1868925075585789,0.1207899648216131,0.0,21.0,4.105469391679648,0.0077981765094441,0.0116972647641661,0.0018715623622665,-0.3126311649659863,0.1555218524375713,0.0,21.0,4.013417606160648,-0.0405424846014907,-0.0405424846014907,-0.0020271242300745,-0.2317585648148147,0.2617327614317826,0.0,21.0,3.962706176356553,0.0126882911210062,0.0126882911210062,0.0003172072780251,-0.3809321759259257,0.1999886603471758,0.0,21.0,3.921964686690975,-0.0626243500381268,-0.0469682625285951,-0.0028180957517157
2026-05-16,Christian_Vázquez,543877,hitter,HOU,TEX,2026,824193,33,117,140,1,594798.0,Jacob_deGrom,0.0,0.0,0.0,0.0,0.0,3.0,2.0,1.0,0.0,9.0,0.1034482758620689,0.2299999999999999,0.2299999999999999,0.0,0.0,27.6,3.342105263157895,10.101503759398495,6.991071428571429,1.08,0.0,73.0,0,1.0,0.49999999999999994,-0.8660254037844387,-0.9749279121818236,-0.2225209339563146,0.5,0.5,0.5,0.5,0.5,0.5,0.5,0.5,0.5,0.5,synthetic,synthetic,synthetic,synthetic,synthetic,0.0,0.0,0.0,0.0,0.0,-110.0,-110.0,-110.0,-110.0,-110.0,-110.0,-110.0,-110.0,-110.0,-110.0,0.0,0.0,0.0,0.0,0.0,2026-08-26T14:02:39.082451+00:00,-0.12603033235606487,-0.2777068246688166,-0.2725646934921945,-0.4756133701497974,-0.26106368827174214,0.2,0.2,0.0,0.0,0.0,0.0,0.0,0.0,0.0,0.0,batter_pitcher_profile_network_v2,1.0,0.45,0.6751371923333139,0.0,0.6202830622726261,-0.2158368055555556,-0.627562270785131,0.0,22.0,3.5311360512994194,-0.0330185988743511,-0.0440030037957192,-0.0044003003795719,-0.2666273148148149,-0.4561011246498986,0.0,22.0,3.953431994321837,-0.0354222599100766,-0.0926396369387243,-0.0148223419101958,-0.4125520833333333,-0.5151954471752858,0.0,22.0,3.74272776053221,-0.0452138992845697,-0.1142618501394555,-0.0057130925069727,-0.2482326388888889,-0.3184331138972104,0.0,22.0,4.190048369931003,-0.0228558654714056,-0.0485348059918975,-0.0012133701497974,-0.4661145833333331,-0.4810086192182965,0.0,22.0,3.755223298633783,-0.0867172798033208,-0.1378738685684436,-0.0082724321141066
2026-05-17,Christian_Vázquez,543877,hitter,HOU,TEX,2026,824192,34,117,140,1,543135.0,Nathan_Eovaldi,0.0,0.0,0.0,0.0,0.0,1.0,1.0,0.0,0.0,2.0,0.0303030303030303,0.0,0.0,0.0,0.0,10.0,3.375,7.5,6.75,1.08,0.0,73.0,0,1.0,0.49999999999999994,-0.8660254037844387,-0.7818314824680299,0.6234898018587334,0.5,0.5,0.5,0.5,0.5,0.5,0.5,0.5,0.5,0.5,synthetic,synthetic,synthetic,synthetic,synthetic,0.0,0.0,0.0,0.0,0.0,-110.0,-110.0,-110.0,-110.0,-110.0,-110.0,-110.0,-110.0,-110.0,-110.0,0.0,0.0,0.0,0.0,0.0,2026-08-26T14:02:39.082451+00:00,-0.10872121212121205,-0.4486747303374832,-0.42977978196355693,-0.4746836337813658,-0.42349638025837677,0.2,0.2,0.0,0.0,0.0,0.0,0.0,0.0,0.0,0.0,batter_pitcher_profile_network_v2,1.0,0.55,0.6543231450784596,0.0,0.6484149781003388,-0.0904029090301641,0.0920530836413189,0.0,23.0,4.618900336588699,-0.0049104470188851,0.0,0.0,-0.1760726183657884,0.1927978418640183,0.0,23.0,4.6228350198033406,-0.0100651642849682,-0.0150977464274524,-0.0024156394283923,-0.3416779424398625,0.0093372278886986,0.0,23.0,4.687755279570331,-0.0442320029075026,-0.0442320029075026,-0.0022116001453751,-0.2417141203703703,0.2846294055705821,0.0,23.0,4.525390028585464,-0.0113453512546343,-0.0113453512546343,-0.0002836337813658,-0.443554398148148,0.0969683411448118,0.0,23.0,4.592271618542742,-0.0807276421053427,-0.060545731579007,-0.0036327438947404
2026-05-18,Christian_Vázquez,543877,hitter,HOU,MIN,2026,823705,35,117,142,0,696070.0,Kendry_Rojas,1.0,1.0,1.0,0.0,1.0,4.0,2.0,2.0,0.0,9.0,0.1,0.5675,0.5675,0.0,0.0,65.0,2.4,9.0,2.25,1.08,0.0,61.0,0,1.0,0.49999999999999994,-0.8660254037844387,0.0,1.0,0.5,0.5,0.5,0.5,0.5,0.5,0.5,0.5,0.5,0.5,synthetic,synthetic,synthetic,synthetic,synthetic,0.0,0.0,0.0,0.0,0.0,-110.0,-110.0,-110.0,-110.0,-110.0,-110.0,-110.0,-110.0,-110.0,-110.0,0.0,0.0,0.0,0.0,0.0,2026-08-26T14:02:39.082451+00:00,-0.45326666666666665,-0.24817500341188597,-0.3253089171370191,-0.475252081283489,-0.3972718911782649,0.0,0.0,0.0,0.0,0.0,0.0,0.0,0.0,0.0,0.0,batter_pitcher_profile_network_v2,1.0,0.0,1.0,0.0,0.5,-0.0585891203703704,0.0,0.0,24.0,5.0443644956366125,-0.0270444272206595,0.0,0.0,-0.1548634259259259,0.0,0.0,24.0,5.137159780295911,-0.0391666808828587,-0.058750021324288,-0.009400003411886,-0.29546875,0.0,0.0,24.0,5.059636180181347,-0.0536783427403834,-0.0536783427403834,-0.0026839171370191,-0.2417141203703703,0.0,0.0,24.0,5.13290590961907,-0.0340832513395609,-0.0340832513395609,-0.000852081283489,-0.428554398148148,0.0,0.0,24.0,4.993960667608452,-0.1027086928503316,-0.0770315196377487,-0.0046218911782649
2026-05-19,Christian_Vázquez,543877,hitter,HOU,MIN,2026,823704,36,117,142,0,805673.0,Zebby_Matthews,0.0,0.0,0.0,0.0,0.0,3.0,3.0,0.0,0.0,9.0,0.09375,0.0,0.0,0.0,0.0,10.0,4.909090909090909,6.833766233766234,3.021428571428572,1.08,10.0,55.0,0,1.0,0.49999999999999994,-0.8660254037844387,0.7818314824680298,0.6234898018587336,0.5,0.5,0.5,0.5,0.5,0.5,0.5,0.5,0.5,0.5,synthetic,synthetic,synthetic,synthetic,synthetic,0.0,0.0,0.0,0.0,0.0,-110.0,-110.0,-110.0,-110.0,-110.0,-110.0,-110.0,-110.0,-110.0,-110.0,0.0,0.0,0.0,0.0,0.0,2026-08-26T14:02:39.082451+00:00,-0.08287525426327336,-0.2635759218160698,-0.34345343732028744,-0.4777730867478821,-0.2482365744586505,0.2,0.2,0.2,0.0,0.2,1.0,1.0,1.0,0.0,1.0,batter_pitcher_profile_network_v2,1.0,0.2,0.8618750000000001,1.0,0.5676340625,-0.0228759448223731,-0.0142483208881514,-0.0814814814814814,24.0,5.048020692380551,-0.0279938093727767,-0.0758991876543798,-0.0075899187654379,-0.1272938397581253,-0.2763287849156494,-0.0864197530864197,24.0,4.905630332594274,-0.0539638881381391,-0.1662557613504362,-0.0266009218160698,-0.271798469387755,-0.362652195027195,-0.0592592592592592,24.0,4.701951367057967,-0.0792159031377807,-0.1479973178343216,-0.007399865891716,-0.237417824074074,-0.504293528505393,-0.074074074074074,24.0,4.268448039257443,-0.0494276689798543,-0.1349234699152861,-0.0033730867478821,-0.4113935185185183,-0.3691959984459984,-0.0962962962962963,24.0,4.593232647255807,-0.1315668313722915,-0.2093000505013195,-0.0125580030300791
2026-05-20,Christian_Vázquez,543877,hitter,HOU,MIN,2026,823703,37,117,142,0,657746.0,Joe_Ryan,1.0,1.0,0.0,0.0,1.0,2.0,2.0,0.0,0.0,9.0,0.0625,0.445,0.445,0.0,0.0,53.4,1.0,15.0,2.378571428571429,1.08,0.0,57.0,0,1.0,0.49999999999999994,-0.8660254037844387,0.9749279121818236,-0.22252093395631434,0.5,0.5,0.5,0.5,0.5,0.5,0.5,0.5,0.5,0.5,synthetic,synthetic,synthetic,synthetic,synthetic,0.0,0.0,0.0,0.0,0.0,-110.0,-110.0,-110.0,-110.0,-110.0,-110.0,-110.0,-110.0,-110.0,-110.0,0.0,0.0,0.0,0.0,0.0,2026-08-26T14:02:39.082451+00:00,-0.5,-0.22891898562200785,-0.3096017281713357,-0.4768838994825962,-0.3425660198871124,0.2,0.2,0.2,0.0,0.2,0.0,0.0,0.0,0.0,0.0,batter_pitcher_profile_network_v2,1.0,0.65,0.5562445951878394,0.0,0.6832090241081683,-0.0373560090702946,-0.3737439274673317,0.0,25.0,4.814706331416563,-0.0429162467677444,-0.0061955272700697,-0.0006195527270069,-0.1459780801209371,-0.4112767353804588,0.0,25.0,4.733213248009263,-0.0575261630800105,-0.1129311601375498,-0.0180689856220079,-0.3019132653061223,-0.3983838522588522,0.0,25.0,4.738625628355803,-0.0822322591257404,-0.1356059919981421,-0.0067802995999071,-0.2468993055555555,-0.4322588782376016,0.0,25.0,4.589410915621999,-0.0519964424980926,-0.0993559793038511,-0.0024838994825962,-0.4641388888888888,-0.4364096459096458,0.0,25.0,4.553962714790767,-0.1355890457202336,-0.1915765219280647,-0.0114945913156838
2026-05-22,Christian_Vázquez,543877,hitter,HOU,CHC,2026,824679,38,117,112,0,592791.0,Jameson_Taillon,2.0,5.0,1.0,1.0,2.0,4.0,4.0,0.0,1.0,9.0,0.1,0.7475,0.7475,0.75,30.0,65.0,6.421323529411765,6.097058823529412,3.324018838304553,1.0522222222222224,-12.0,60.0,0,2.0,0.49999999999999994,-0.8660254037844387,-0.433883739117558,-0.9009688679024191,0.5,0.5,0.5,0.5,0.5,0.5,0.5,0.5,0.5,0.5,synthetic,synthetic,synthetic,synthetic,synthetic,0.0,0.0,0.0,0.0,0.0,-110.0,-110.0,-110.0,-110.0,-110.0,-110.0,-110.0,-110.0,-110.0,-110.0,0.0,0.0,0.0,0.0,0.0,2026-08-26T14:02:39.082451+00:00,0.12884114568904503,1.1169572500528735,-0.043476057202802565,-0.22138724359786144,0.14590044595406781,0.4,0.4,0.2,0.0,0.4,1.0,1.0,0.0,0.0,1.0,batter_pitcher_profile_network_v2,1.0,0.6,0.5877605787116325,0.0,0.666799597464695,-0.0656504629629628,0.4269357944081702,0.0,26.0,4.726208181397283,0.0114233644122362,0.0,0.0,-0.1674120370370369,0.6029312112841119,0.0,26.0,4.224694791592162,0.0002732641091948,0.0004098961637922,6.558338620675242e-05,-0.3257291666666666,0.7174558080808081,0.0,26.0,3.753998543247404,-0.0310399823606069,-0.0310399823606069,-0.0015519991180303,-0.2505289351851852,0.8221546961325967,0.0,26.0,3.4767794176354414,-0.0239341883589055,-0.0239341883589055,-0.0005983547089726,-0.4796782407407407,0.7491161616161617,0.0,26.0,3.681416771847783,-0.0255665769146664,-0.0191749326859998,-0.0011504959611599
2026-05-24,Christian_Vázquez,543877,hitter,HOU,CHC,2026,824676,39,117,112,0,684007.0,Shota_Imanaga,0.0,0.0,0.0,0.0,0.0,4.0,4.0,0.0,0.0,8.0,0.1081081081081081,0.0,0.0,0.0,0.0,10.0,6.895604395604397,8.956043956043956,2.7306122448979595,1.0522222222222224,-3.0,64.0,0,2.0,0.49999999999999994,-0.8660254037844387,-0.7818314824680299,0.6234898018587334,0.5,1.5,0.5,0.5,0.5,0.5,1.5,0.5,0.5,0.5,synthetic,synthetic,synthetic,synthetic,synthetic,0.0,0.0,0.0,0.0,0.0,-110.0,-110.0,-110.0,-110.0,-110.0,-110.0,-110.0,-110.0,-110.0,-110.0,0.0,0.0,0.0,0.0,0.0,2026-08-26T14:02:39.082451+00:00,0.4043020419299672,0.0627112795208089,-0.19755741619715272,-0.2436658865305859,0.33171324385296164,0.8,1.4,0.4,0.2,0.8,2.0,5.0,1.0,1.0,2.0,batter_pitcher_profile_network_v2,1.0,0.7,0.5556801184654567,0.0,0.697350429841587,0.0826697180134679,-0.1195609773742287,0.0,27.0,5.914463317275136,-0.0191026125370695,-0.0043916898267243,-0.0004391689826724,0.0060128367003366,0.0227986741570547,0.0,27.0,5.94931917350612,-0.0277882779727982,-0.041621507499449,-0.0066594411999118,-0.1771133207070707,0.0336963708929763,0.0,27.0,5.826465019143527,-0.0610848931653404,-0.0610848931653404,-0.003054244658267,-0.0926585648148148,0.1825243342230613,0.0,27.0,5.746486780103788,-0.0150799056678877,-0.0150799056678877,-0.0003769976416971,-0.2902974537037036,0.0689899627521622,0.0,27.0,5.728124325247927,-0.0656111894904793,-0.0492083921178594,-0.0029525035270715
2026-05-25,Christian_Vázquez,543877,hitter,HOU,TEX,2026,822899,40,117,140,0,677958.0,Kumar_Rocker,2.0,2.0,1.0,0.0,1.0,4.0,4.0,0.0,0.0,9.0,0.0909090909090909,0.445,0.445,0.0,0.0,53.4,2.4545454545454546,6.993675889328063,3.8938775510204087,1.08,0.0,74.0,0,1.0,0.49999999999999994,-0.8660254037844387,0.0,1.0,0.5,1.5,0.5,0.5,0.5,0.5,1.5,0.5,0.5,0.5,synthetic,synthetic,synthetic,synthetic,synthetic,0.0,0.0,0.0,0.0,0.0,-110.0,-110.0,-110.0,-110.0,-110.0,-110.0,-110.0,-110.0,-110.0,-110.0,0.0,0.0,0.0,0.0,0.0,2026-08-26T14:02:39.082451+00:00,0.3042509054345498,-0.4395758235229448,-0.064970707021206,-0.334404620026447,0.18383078319194202,0.8,1.4,0.4,0.2,0.8,0.0,0.0,0.0,0.0,0.0,batter_pitcher_profile_network_v2,1.0,0.45,0.6700336128652984,0.0,0.6205643970908005,0.0236156355218856,0.1838135233941685,0.0,28.0,6.214032345774903,-0.0033609547441437,0.0014323422377299,0.0001432342237729,-0.101720749158249,0.0603252415147576,0.0,28.0,6.437910599202628,-0.0156189616486334,-0.0234284424729501,-0.003748550795672,-0.2461316287878786,0.262069240944241,0.0,28.0,6.0346103734777525,-0.0342007823536218,-0.0342007823536218,-0.001710039117681,-0.2505289351851852,-0.0379233848588687,0.0,28.0,6.329291443671881,0.0029501783144863,-0.0001848010578784,-4.620026446961032e-06,-0.447230324074074,0.2089717134717135,0.0,28.0,6.087130204515145,-0.0504930059593208,-0.0378697544694906,-0.0022721852681694
2026-05-27,Christian_Vázquez,543877,hitter,HOU,TEX,2026,822897,41,117,140,0,594798.0,Jacob_deGrom,1.0,1.0,0.0,0.0,0.0,4.0,4.0,0.0,2.0,9.0,0.1025641025641025,0.2225,0.2225,0.0,0.0,26.7,8.0,9.285714285714286,5.9142857142857155,1.08,0.0,74.0,0,2.0,0.49999999999999994,-0.8660254037844387,0.9749279121818236,-0.22252093395631434,0.5,1.5,0.5,0.5,0.5,0.5,1.5,0.5,0.5,0.5,synthetic,synthetic,synthetic,synthetic,synthetic,0.0,0.0,0.0,0.0,0.0,-110.0,-110.0,-110.0,-110.0,-110.0,-110.0,-110.0,-110.0,-110.0,-110.0,0.0,0.0,0.0,0.0,0.0,2026-08-26T14:02:39.082451+00:00,0.6951162795568129,-0.134647091653326,0.06520856023430022,-0.33445141585530447,0.3862578678562433,1.0,1.6,0.4,0.2,0.8,2.0,2.0,1.0,0.0,1.0,batter_pitcher_profile_network_v2,1.0,0.55,0.6252904375309409,1.0,0.6691210567713529,0.1102673611111111,-0.2698935354446565,-0.0888888888888888,28.0,6.216519723985883,-0.0332472095277096,-0.0833866549813243,-0.0083386654981324,-0.0302523148148147,0.035871963007533,-0.091358024691358,28.0,6.509003310220259,-0.0147642739146645,-0.0963880728332867,-0.0154220916533258,-0.1672395833333332,-0.0165742009458968,-0.0592592592592592,28.0,6.383099655181273,-0.0480344971407611,-0.0972298942150955,-0.0048614947107547,-0.2344548611111111,0.3343714123467401,-0.074074074074074,28.0,6.0392739965276325,0.0581393079185968,-0.0020566342121787,-5.141585530446976e-05,-0.3712604166666665,0.0604072601407404,-0.1037037037037037,28.0,6.301568146585296,-0.0614520740987113,-0.1303633745571193,-0.0078218024734271
2026-05-28,Christian_Vázquez,543877,hitter,HOU,TEX,2026,822896,42,117,140,0,543135.0,Nathan_Eovaldi,0.0,0.0,0.0,0.0,0.0,3.0,3.0,0.0,0.0,9.0,0.088235294117647,0.0,0.0,0.0,0.0,10.0,1.6607142857142858,9.0,6.342857142857143,1.08,0.0,74.0,0,1.0,0.49999999999999994,-0.8660254037844387,0.43388373911755823,-0.900968867902419,1.5,1.5,0.5,0.5,0.5,1.5,1.5,0.5,0.5,0.5,synthetic,synthetic,synthetic,synthetic,synthetic,0.0,0.0,0.0,0.0,0.0,-110.0,-110.0,-110.0,-110.0,-110.0,-110.0,-110.0,-110.0,-110.0,-110.0,0.0,0.0,0.0,0.0,0.0,2026-08-26T14:02:39.082451+00:00,-0.29649269181047844,-0.2553553816398586,-0.19468337656175655,-0.335301138483981,0.16612231334661898,1.2,1.8,0.4,0.2,0.8,1.0,1.0,0.0,0.0,0.0,batter_pitcher_profile_network_v2,1.0,0.65,0.5489605034630206,1.0,0.7025390199117569,-0.0045828609221464,-0.0110304412885968,-0.0814814814814814,29.0,6.714977512863725,0.0197826158108542,-0.063128598777052,-0.0063128598777052,-0.1408484504913075,0.0741492607736186,-0.0814814814814814,29.0,6.739921751057732,0.0239108537914501,-0.0272395176020589,-0.0043583228163294,-0.2950382653061223,-0.0775006673609613,-0.0592592592592592,29.0,6.607765328690546,-0.0588456429452933,-0.1150540858569785,-0.0057527042928489,-0.3316261574074074,0.1538615623609203,-0.074074074074074,29.0,6.57655611203369,0.0213233681764274,-0.03604553935924,-0.000901138483981,-0.4816435185185184,-0.0123849266202205,-0.0888888888888888,29.0,6.547532567809022,-0.033183512502983,-0.0964208279765209,-0.0057852496785912
2026-05-29,Christian_Vázquez,543877,hitter,HOU,MIL,2026,824191,43,117,158,1,689441.0,,0.0,0.0,0.0,0.0,0.0,1.0,0.0,1.0,0.0,9.0,0.024390243902439,0.69,0.69,0.0,0.0,65.0,4.1,8.2,2.785714285714286,1.08,0.0,73.0,0,1.0,0.49999999999999994,-0.8660254037844387,-0.433883739117558,-0.9009688679024191,0.5,1.5,0.5,0.5,0.5,0.5,1.5,0.5,0.5,0.5,synthetic,synthetic,synthetic,synthetic,synthetic,0.0,0.0,0.0,0.0,0.0,-110.0,-110.0,-110.0,-110.0,-110.0,-110.0,-110.0,-110.0,-110.0,-110.0,0.0,0.0,0.0,0.0,0.0,2026-08-26T14:02:39.082451+00:00,0.23232941201753643,-0.2908868240103766,-0.07738563080255456,-0.33840650953659956,-0.022815004842433373,1.0,1.6,0.4,0.2,0.6,0.0,0.0,0.0,0.0,0.0,batter_pitcher_profile_network_v2,1.0,0.1,0.6126669878068239,0.0,0.5274948293993664,-0.0495277658457426,-0.3576733870967744,0.0,31.0,7.071815425167806,-0.0247632010045661,-0.0068615128095362,-0.0006861512809536,-0.1775077080946926,-0.5099637096774194,0.0,31.0,6.325581248332656,-0.0460874774939269,-0.1041935646989998,-0.0166709703518399,-0.3451315506872852,-0.7554583333333332,0.0,31.0,5.107822605077556,-0.0920707411567965,-0.1930610481068404,-0.009653052405342,-0.3378113425925926,-0.6037137096774194,0.0,31.0,5.563741326508037,-0.0812671683928957,-0.1602603814639849,-0.0040065095365996,-0.5227766203703703,-0.7450416666666666,0.0,31.0,5.036884885103051,-0.0829310531217747,-0.2130607659569326,-0.0127836459574159
2026-05-30,Christian_Vázquez,543877,hitter,HOU,MIL,2026,824190,44,117,158,1,687075.0,Brandon_Sproat,1.0,1.0,0.0,0.0,0.0,4.0,4.0,0.0,0.0,9.0,0.1,0.2225,0.2225,0.0,0.0,26.7,5.866071428571428,11.839285714285714,2.785714285714286,1.08,0.0,73.0,0,1.0,0.49999999999999994,-0.8660254037844387,-0.9749279121818236,-0.2225209339563146,0.5,0.5,0.5,0.5,0.5,0.5,0.5,0.5,0.5,0.5,synthetic,synthetic,synthetic,synthetic,synthetic,0.0,0.0,0.0,0.0,0.0,-110.0,-110.0,-110.0,-110.0,-110.0,-110.0,-110.0,-110.0,-110.0,-110.0,0.0,0.0,0.0,0.0,0.0,2026-08-26T14:02:39.082451+00:00,-0.10981421986222029,-0.014364145861294142,-0.3579610628734538,-0.47399149052199746,-0.330700031629348,0.6,0.6,0.2,0.0,0.2,0.0,0.0,0.0,0.0,0.0,batter_pitcher_profile_network_v2,1.0,0.5,0.6144609680639186,0.0,0.637364265706085,-0.0274513279727097,-0.0111861336032388,0.0,31.0,7.553207012176356,0.0261158529318655,-0.0001183890983938,-1.1838909839384874e-05,-0.1867715643274855,0.1342390441247349,0.0,31.0,7.512220548003493,0.031920225577941,0.0478803383669116,0.0076608541387058,-0.33312225877193,0.4980387706043958,0.0,31.0,6.295259725151942,-0.0074355431833638,-0.0074355431833638,-0.0003717771591681,-0.4207974537037037,0.3192650857914016,0.0,31.0,7.118735614973643,0.0163403791201006,0.0163403791201006,0.0004085094780025,-0.5549293981481481,0.4327002289377291,0.0,31.0,6.592401627948103,0.0592056463319482,0.0444042347489611,0.0026642540849376
2026-05-31,Christian_Vázquez,543877,hitter,HOU,MIL,2026,824187,45,117,158,1,694819.0,Jacob_Misiorowski,0.0,0.0,0.0,0.0,0.0,2.0,2.0,0.0,1.0,9.0,0.064516129032258,0.0,0.0,0.0,0.0,10.0,0.4285714285714286,13.428571428571429,6.642857142857143,1.08,0.0,73.0,0,1.0,0.49999999999999994,-0.8660254037844387,-0.7818314824680299,0.6234898018587334,0.5,0.5,0.5,0.5,0.5,0.5,0.5,0.5,0.5,0.5,synthetic,synthetic,synthetic,synthetic,synthetic,0.0,0.0,0.0,0.0,0.0,-110.0,-110.0,-110.0,-110.0,-110.0,-110.0,-110.0,-110.0,-110.0,-110.0,0.0,0.0,0.0,0.0,0.0,2026-08-26T14:02:39.082451+00:00,0.18841002784935268,0.08283231046712336,-0.3402669578658647,-0.48189454225220846,-0.26402627596131345,0.8,0.8,0.2,0.0,0.2,1.0,1.0,0.0,0.0,0.0,batter_pitcher_profile_network_v2,1.0,0.7,0.4305869573852561,0.0,0.7080771684042143,-0.0089912280701753,-0.8745189691261119,0.0,32.0,4.886953188289211,-0.0110242799590869,-0.0044772944711426,-0.0004477294471142,-0.2018274853801169,-0.8196745159602301,0.0,32.0,4.8883538521840135,-0.0216556798775552,-0.1266831402256405,-0.0202693024361024,-0.3400219298245615,-0.596077773417059,0.0,32.0,6.029260017311259,-0.0535943925650227,-0.1690027517873394,-0.0084501375893669,-0.4972222222222222,-0.7481821690214545,0.0,32.0,4.945623735089461,-0.0879527493456319,-0.2997816900883438,-0.0074945422522085,-0.63625,-0.6786755625327052,0.0,32.0,5.487383250223333,-0.0063888316499684,-0.2506683474351019,-0.0150401008461061
2026-06-02,Christian_Vázquez,543877,hitter,HOU,PIT,2026,824189,46,117,134,1,696149.0,Bubba_Chandler,1.0,1.0,1.0,0.0,0.0,4.0,3.0,1.0,0.0,9.0,0.1,0.395,0.395,0.0,0.0,47.400000000000006,6.3999999999999995,11.6,3.4233766233766234,1.08,0.0,73.0,0,2.0,1.2246467991473532e-16,-1.0,0.7818314824680298,0.6234898018587336,0.5,0.5,0.5,0.5,0.5,0.5,0.5,0.5,0.5,0.5,synthetic,synthetic,synthetic,synthetic,synthetic,0.0,0.0,0.0,0.0,0.0,-110.0,-110.0,-110.0,-110.0,-110.0,-110.0,-110.0,-110.0,-110.0,-110.0,0.0,0.0,0.0,0.0,0.0,2026-08-26T14:02:39.082451+00:00,-0.21005604927529004,-0.05989130031175438,-0.35831506891213727,-0.47315011013978925,-0.3832195546061382,0.4,0.4,0.0,0.0,0.0,0.0,0.0,0.0,0.0,0.0,batter_pitcher_profile_network_v2,1.0,0.6,0.6038090838821069,0.0,0.6656200323346652,-0.1230361409796893,-0.3537632973087519,0.0,33.0,7.827353838625959,0.0316773772175125,-0.0172444754368842,-0.0017244475436884,-0.3647401433691756,-0.1785781812884085,0.0,33.0,8.130438731761766,0.0526567482366827,0.0531793730515347,0.0085086996882455,-0.4536290322580645,0.2496656424383698,0.0,33.0,7.762326236270532,0.0103219983806336,0.0103219983806336,0.0005160999190316,-0.6863425925925926,0.0773360749099386,0.0,33.0,8.087957069714323,0.0499955944084289,0.0499955944084289,0.0012498898602107,-0.8225925925925925,0.110714196157378,0.0,33.0,7.975890189022741,0.0558136494451252,0.0418602370838439,0.0025116142250306
2026-06-03,Christian_Vázquez,543877,hitter,HOU,PIT,2026,824188,47,117,134,1,694973.0,Paul_Skenes,1.0,2.0,1.0,0.0,1.0,4.0,4.0,0.0,1.0,9.0,0.0930232558139534,0.3175,0.3175,0.25,21.25,49.35,5.9624999999999995,11.025,4.066233766233767,1.08,0.0,73.0,0,1.0,1.2246467991473532e-16,-1.0,0.9749279121818236,-0.22252093395631434,0.5,0.5,0.5,0.5,0.5,0.5,0.5,0.5,0.5,0.5,synthetic,synthetic,synthetic,synthetic,synthetic,0.0,0.0,0.0,0.0,0.0,-110.0,-110.0,-110.0,-110.0,-110.0,-110.0,-110.0,-110.0,-110.0,-110.0,0.0,0.0,0.0,0.0,0.0,2026-08-26T14:02:39.082451+00:00,-0.02571280756917288,0.3295172216942043,-0.10954072834643797,-0.3601166515758245,-0.38491119748758434,0.4,0.4,0.2,0.0,0.0,1.0,1.0,1.0,0.0,0.0,batter_pitcher_profile_network_v2,1.0,0.7,0.5773498779142687,0.0,0.6954922479688515,-0.120813918757467,-0.3113229119823437,0.0,34.0,8.355799603886302,0.0307738200609967,-0.0158967759836846,-0.0015896775983684,-0.3630734767025089,-0.3047191207987826,0.0,34.0,8.256394537914678,0.032885161940827,0.0025676646585455,0.0004108263453672,-0.4536290322580645,-0.0450943751728073,0.0,34.0,8.537527598390442,0.0199114009987072,0.0112656203258493,0.0005632810162924,-0.6841203703703703,-0.1996368254251171,0.0,34.0,8.227936326702293,0.0040576389899138,-0.0536660630329827,-0.0013416515758245,-0.8203703703703703,-0.0563362197754171,0.0,34.0,8.442338663778337,0.0289727019140001,0.0021960893919697,0.0001317653635181
2026-06-05,Christian_Vázquez,543877,hitter,HOU,ATH,2026,824186,48,117,133,1,678022.0,Jack_Perkins,0.0,0.0,0.0,0.0,0.0,3.0,3.0,0.0,1.0,9.0,0.0909090909090909,0.0,0.0,0.0,0.0,10.0,14.785714285714286,13.5,6.1071428571428585,1.08,0.0,73.0,0,2.0,1.2246467991473532e-16,-1.0,-0.433883739117558,-0.9009688679024191,0.5,0.5,0.5,0.5,0.5,0.5,0.5,0.5,0.5,0.5,synthetic,synthetic,synthetic,synthetic,synthetic,0.0,0.0,0.0,0.0,0.0,-110.0,-110.0,-110.0,-110.0,-110.0,-110.0,-110.0,-110.0,-110.0,-110.0,0.0,0.0,0.0,0.0,0.0,2026-08-26T14:02:39.082451+00:00,0.0666554112554113,0.29871916521216924,-0.05368341582716729,-0.47124794557889566,-0.07954950728939925,0.6,0.8,0.4,0.0,0.2,1.0,2.0,1.0,0.0,1.0,batter_pitcher_profile_network_v2,1.0,0.05,0.9425,0.0,0.5117271875,-0.1102028076463559,0.6489583333333333,0.0,35.0,6.091260321965173,0.0868295949000575,0.0,0.0,-0.3377540322580644,0.7527083333333333,0.0,35.0,5.81027145474817,0.111651824747675,0.1674777371215125,0.026796437939442,-0.4536290322580645,0.928125,0.0,35.0,5.033293122414407,0.0732797354047079,0.0732797354047079,0.0036639867702353,-0.6112696759259258,0.8725,0.0,35.0,5.503927615554407,0.1260821768441726,0.1260821768441726,0.0031520544211043,-0.7889259259259258,0.9041666666666668,0.0,35.0,5.2181762962039135,0.1152057543192645,0.0864043157394484,0.0051842589443669
2026-06-06,Christian_Vázquez,543877,hitter,HOU,ATH,2026,824184,49,117,133,1,695034.0,Kade_Morris,2.0,3.0,2.0,0.0,1.0,4.0,4.0,0.0,1.0,9.0,0.0952380952380952,0.54,0.54,0.25,21.25,65.0,4.1,8.2,4.821428571428572,1.08,0.0,73.0,0,1.0,1.2246467991473532e-16,-1.0,-0.9749279121818236,-0.2225209339563146,0.5,0.5,0.5,0.5,0.5,0.5,0.5,0.5,0.5,0.5,synthetic,synthetic,synthetic,synthetic,synthetic,0.0,0.0,0.0,0.0,0.0,-110.0,-110.0,-110.0,-110.0,-110.0,-110.0,-110.0,-110.0,-110.0,-110.0,0.0,0.0,0.0,0.0,0.0,2026-08-26T14:02:39.082451+00:00,0.14659047619047627,0.5568700333137941,0.04251953954380849,-0.3583115868750757,-0.14007547723325903,0.6,0.8,0.4,0.0,0.2,0.0,0.0,0.0,0.0,0.0,batter_pitcher_profile_network_v2,1.0,0.0,1.0,0.0,0.5,-0.1605939716312057,0.0,0.0,35.0,9.00455424630251,0.0658785698756321,0.0,0.0,-0.3726876477541371,0.0,0.0,35.0,9.11317684821454,0.0717501388074755,0.1076252082112133,0.0172200333137941,-0.4765070921985816,0.0,0.0,35.0,9.041731443626112,0.0339622194475985,0.0339622194475985,0.0016981109723799,-0.62734375,0.0,0.0,35.0,8.994685709120706,0.0185365249969741,0.0185365249969741,0.0004634131249243,-0.8049999999999999,0.0,0.0,35.0,8.956647720704616,0.0411798710069439,0.0308849032552079,0.0018530941953124
2026-06-07,Christian_Vázquez,543877,hitter,HOU,ATH,2026,824183,50,117,133,1,695611.0,Gage_Jump,0.0,0.0,0.0,0.0,0.0,3.0,3.0,0.0,1.0,7.0,0.0909090909090909,0.0,0.0,0.0,0.0,10.0,2.8285714285714287,8.142857142857144,5.892857142857144,1.08,0.0,73.0,0,1.0,1.2246467991473532e-16,-1.0,-0.7818314824680299,0.6234898018587334,0.5,1.5,0.5,0.5,0.5,0.5,1.5,0.5,0.5,0.5,synthetic,synthetic,synthetic,synthetic,synthetic,0.0,0.0,0.0,0.0,0.0,-110.0,-110.0,-110.0,-110.0,-110.0,-110.0,-110.0,-110.0,-110.0,-110.0,0.0,0.0,0.0,0.0,0.0,2026-08-26T14:02:39.082451+00:00,0.6016037073251419,-0.3389083171513838,0.34279610231566626,-0.4768338377344354,0.035675485058576095,0.8,1.2,0.8,0.0,0.4,2.0,3.0,2.0,0.0,1.0,batter_pitcher_profile_network_v2,1.0,0.2,0.8409513701402063,0.0,0.549396691431565,-0.1863024034672969,-0.1138728354978356,0.0,35.0,9.08756107458906,0.0424480257366049,-0.0033741821598384,-0.0003374182159838,-0.3712833924349881,-0.3578241341991342,0.0,35.0,8.580347500643201,0.0189574961469694,0.007305972349306,0.0011689555758889,-0.5322695035460993,-0.5222833694083694,0.0,35.0,7.584249845154263,-0.0586293825207335,-0.1028441874529106,-0.0051422093726455,-0.5509189814814814,-0.6130324675324677,0.0,35.0,6.919599501111894,-0.0436378211575514,-0.0973535093774183,-0.0024338377344354,-0.7874814814814814,-0.5267972582972582,0.0,35.0,7.478063610580821,-0.0203922118433421,-0.081274383222871,-0.0048764629933722
2026-06-09,Christian_Vázquez,543877,hitter,HOU,LAA,2026,824023,51,117,108,0,700712.0,Walbert_Ureña,0.0,0.0,0.0,0.0,0.0,4.0,4.0,0.0,0.0,9.0,0.1025641025641025,0.0,0.0,0.0,0.0,10.0,2.6,9.6,3.3699995656517396,1.08,0.0,74.0,0,2.0,1.2246467991473532e-16,-1.0,0.7818314824680298,0.6234898018587336,0.5,1.5,0.5,0.5,0.5,0.5,1.5,0.5,0.5,0.5,synthetic,synthetic,synthetic,synthetic,synthetic,0.0,0.0,0.0,0.0,0.0,-110.0,-110.0,-110.0,-110.0,-110.0,-110.0,-110.0,-110.0,-110.0,-110.0,0.0,0.0,0.0,0.0,0.0,2026-08-26T14:02:39.082451+00:00,0.16581863795037777,-0.7555256024174779,-0.06786703849826986,-0.476959001761493,-0.23877157188992348,0.8,1.2,0.8,0.0,0.4,0.0,0.0,0.0,0.0,0.0,batter_pitcher_profile_network_v2,1.0,0.5,0.5964404689424927,0.0,0.6384680212772723,-0.2330594384707291,-0.4413000818386415,0.0,36.0,8.559605865801279,0.0126560836275066,-0.0415057544492264,-0.0041505754449226,-0.4024547491039428,-0.4139974544772557,0.0,36.0,8.480325830893596,0.0107611024577822,-0.0510975151092357,-0.0081756024174777,-0.5551075268817207,-0.2018506166314305,0.0,36.0,8.930426160397573,-0.0417373604219455,-0.0869557202325213,-0.004347786011626,-0.5509189814814814,-0.3480817568028371,0.0,36.0,8.35100198310214,-0.0249715387592938,-0.1023600704597212,-0.002559001761493,-0.7824814814814816,-0.3288322057787173,0.0,36.0,8.466097589515307,-0.0145924217527035,-0.114782246464919,-0.0068869347878951
2026-06-10,Christian_Vázquez,543877,hitter,HOU,LAA,2026,824022,52,117,108,0,672282.0,Reid_Detmers,0.0,0.0,0.0,0.0,0.0,2.0,2.0,0.0,1.0,9.0,0.0588235294117647,0.0,0.0,0.0,0.0,10.0,2.1749999999999994,12.450000000000001,3.6914281370803113,1.08,9.0,75.0,0,1.0,1.2246467991473532e-16,-1.0,0.9749279121818236,-0.22252093395631434,0.5,0.5,0.5,0.5,0.5,0.5,0.5,0.5,0.5,0.5,synthetic,synthetic,synthetic,synthetic,synthetic,0.0,0.0,0.0,0.0,0.0,-110.0,-110.0,-110.0,-110.0,-110.0,-110.0,-110.0,-110.0,-110.0,-110.0,0.0,0.0,0.0,0.0,0.0,2026-08-26T14:02:39.082451+00:00,-0.15911487297537985,0.07497860283484559,-0.23447190807459173,-0.4781244928130823,-0.27067252428574495,0.6,1.0,0.6,0.0,0.4,0.0,0.0,0.0,0.0,0.0,batter_pitcher_profile_network_v2,1.0,0.75,0.4878241526852309,0.0,0.7176811559720444,-0.2491335125448031,-0.2985304348558217,0.0,37.0,9.340028590826602,0.0430231656701859,-0.0380925336055308,-0.003809253360553,-0.4145103046594984,-0.3528065572284611,0.0,37.0,9.06368750912031,0.0253231839606099,-0.0369168205175093,-0.0059066912828014,-0.5551075268817207,-0.1216827910909178,0.0,37.0,9.418085554685202,-0.043623280772212,-0.0782192397486163,-0.0039109619874308,-0.5669930555555556,-0.3890197925225787,0.0,37.0,8.53283111446622,-0.0360083069466519,-0.1489797125232953,-0.0037244928130823,-0.7985555555555557,-0.1677734773654276,0.0,37.0,9.24541470251361,0.0154837366035527,-0.0570066954665968,-0.0034204017279958
2026-06-12,Christian_Vázquez,543877,hitter,HOU,KC,2026,824102,53,117,118,0,679883.0,Luinder_Avila,0.0,0.0,1.0,0.0,0.0,4.0,3.0,1.0,0.0,9.0,0.0909090909090909,0.1725,0.1725,0.0,0.0,20.7,4.2,5.8,3.4499999999999997,1.06,0.0,83.0,0,2.0,1.2246467991473532e-16,-1.0,-0.433883739117558,-0.9009688679024191,0.5,0.5,0.5,0.5,0.5,0.5,0.5,0.5,0.5,0.5,synthetic,synthetic,synthetic,synthetic,synthetic,0.0,0.0,0.0,0.0,0.0,-110.0,-110.0,-110.0,-110.0,-110.0,-110.0,-110.0,-110.0,-110.0,-110.0,0.0,0.0,0.0,0.0,0.0,2026-08-26T14:02:39.082451+00:00,0.10643636363636366,-0.04693174061953986,-0.23498227083838436,-0.4795471980492609,-0.32254584571073663,0.4,0.6,0.4,0.0,0.2,0.0,0.0,0.0,0.0,0.0,batter_pitcher_profile_network_v2,1.0,0.15,0.8425682594634671,0.0,0.5370178082323588,-0.2821637115839243,0.2002341430499324,0.0,38.0,9.29150019551916,0.0702950469093293,0.0,0.0,-0.4365304373522458,0.2375956477732793,0.0,38.0,9.345061985558052,0.071335550448887,0.1070033256733304,0.0171205321077328,-0.5771276595744681,0.6307682748538013,0.0,38.0,7.444594079936671,0.006945492323225,0.006945492323225,0.0003472746161612,-0.5669930555555556,0.3337031039136302,0.0,38.0,9.044305102803763,0.050112078029566,0.050112078029566,0.0012528019507391,-0.7985555555555557,0.5318976608187136,0.0,38.0,8.0139877111932,0.0732236306705005,0.0549177230028754,0.0032950633801725
2026-06-13,Christian_Vázquez,543877,hitter,HOU,KC,2026,824100,54,117,118,0,702070.0,Noah_Cameron,0.0,0.0,0.0,0.0,0.0,3.0,3.0,0.0,0.0,9.0,0.075,0.0,0.0,0.0,0.0,10.0,1.6285714285714288,9.32857142857143,3.4371428571428564,1.06,0.0,84.0,0,1.0,1.2246467991473532e-16,-1.0,-0.9749279121818236,-0.2225209339563146,0.5,0.5,0.5,0.5,0.5,0.5,0.5,0.5,0.5,0.5,synthetic,synthetic,synthetic,synthetic,synthetic,0.0,0.0,0.0,0.0,0.0,-110.0,-110.0,-110.0,-110.0,-110.0,-110.0,-110.0,-110.0,-110.0,-110.0,0.0,0.0,0.0,0.0,0.0,2026-08-26T14:02:39.082451+00:00,-0.08922619047619046,-0.14176393722039493,-0.08644490579920244,-0.4807909954949453,-0.39583164049387326,0.4,0.6,0.6,0.0,0.2,0.0,0.0,1.0,0.0,0.0,batter_pitcher_profile_network_v2,1.0,0.75,0.4484011651696437,0.0,0.721303142950039,-0.254381205673759,0.0997921753673556,0.0,38.0,9.677402103508154,0.0921615414719192,0.0,0.0,-0.4190180260047282,0.048965252728818,0.0,38.0,9.944748067126078,0.0720252615816881,0.1080378923725322,0.0172860627796051,-0.5505319148936172,0.0627677017770672,0.0,38.0,9.975041372259827,-0.0710409731269072,-0.0710409731269072,-0.0035520486563453,-0.5791041666666666,0.0051088285802112,0.0,38.0,9.885914458645525,0.0003601802021859,0.0003601802021859,9.004505054647818e-06,-0.8106666666666666,0.08796829517232,0.0,38.0,9.826309021047464,0.0246937033107535,0.0185202774830651,0.0011112166489839
2026-06-14,Christian_Vázquez,543877,hitter,HOU,KC,2026,824099,55,117,118,0,663568.0,,0.0,0.0,0.0,0.0,0.0,0.0,0.0,0.0,0.0,9.0,0.0,0.0,0.0,0.0,0.0,10.0,4.1,8.2,4.539183673469387,1.06,0.0,74.0,0,1.0,1.2246467991473532e-16,-1.0,-0.7818314824680299,0.6234898018587334,0.5,0.5,0.5,0.5,0.5,0.5,0.5,0.5,0.5,0.5,synthetic,synthetic,synthetic,synthetic,synthetic,0.0,0.0,0.0,0.0,0.0,-110.0,-110.0,-110.0,-110.0,-110.0,-110.0,-110.0,-110.0,-110.0,-110.0,0.0,0.0,0.0,0.0,0.0,2026-08-26T14:02:39.082451+00:00,-0.41763265306122443,-0.4865903090307473,-0.5,-0.48090698469449256,-0.5,0.0,0.0,0.2,0.0,0.0,0.0,0.0,0.0,0.0,0.0,batter_pitcher_profile_network_v2,1.0,0.35,0.7631768586757123,0.0,0.5897787921842789,-0.2144875886524821,0.0385657790656041,0.0,39.0,10.43258218585871,0.073063743030684,0.0,0.0,-0.3924222813238769,0.0323144145663161,0.0,39.0,10.557590045735214,0.0558737123718864,0.0838105685578296,0.0134096909692527,-0.5281028368794326,-0.1622701538591772,0.0,39.0,10.481244974017518,-0.1021969156040619,-0.1224915525184848,-0.0061245776259242,-0.5791041666666666,0.0538987168918975,0.0,39.0,10.425320278789204,-0.004279387779705,-0.004279387779705,-0.0001069846944926,-0.8131666666666667,-0.1241839135490997,0.0,39.0,10.434888207225802,-0.0086317242528976,-0.0303887195192836,-0.001823323171157
2026-06-15,Christian_Vázquez,543877,hitter,HOU,DET,2026,824181,56,117,116,1,623454.0,Drew_Anderson,0.0,0.0,0.0,0.0,0.0,4.0,4.0,0.0,2.0,9.0,0.1081081081081081,0.0,0.0,0.0,0.0,10.0,3.0,18.0,1.680612244897959,1.08,0.0,73.0,0,1.0,1.2246467991473532e-16,-1.0,0.0,1.0,0.5,0.5,0.5,0.5,0.5,0.5,0.5,0.5,0.5,0.5,synthetic,synthetic,synthetic,synthetic,synthetic,0.0,0.0,0.0,0.0,0.0,-110.0,-110.0,-110.0,-110.0,-110.0,-110.0,-110.0,-110.0,-110.0,-110.0,0.0,0.0,0.0,0.0,0.0,2026-08-26T14:02:39.082451+00:00,-0.5,-0.49442281310227393,-0.5,-0.47717901592798856,-0.5,0.0,0.0,0.2,0.0,0.0,0.0,0.0,0.0,0.0,0.0,batter_pitcher_profile_network_v2,1.0,0.05,0.9425,0.0,0.5117271875,-0.1930064102564103,-1.0,0.0,40.0,6.309145044518244,-0.0033443932170188,-0.0110978685897435,-0.0011097868589743,-0.3781014957264957,-1.0,0.0,40.0,5.989435193313398,-0.023534722481851,-0.0570429197270501,-0.009126867156328,-0.5137820512820515,-0.6962962962962963,0.0,40.0,7.921550695097704,-0.122270879473525,-0.1428411904896694,-0.0071420595244834,-0.5791041666666666,-1.0,0.0,40.0,5.5948792741622935,-0.0778621475362123,-0.1111606371195456,-0.0027790159279886,-0.8131666666666667,-0.8481481481481482,0.0,40.0,6.750101558837079,-0.0381433658286862,-0.06826445801349,-0.0040958674808094
2026-06-17,Christian_Vázquez,543877,hitter,HOU,DET,2026,824178,57,117,116,1,663554.0,Casey_Mize,1.0,1.0,1.0,0.0,0.0,3.0,2.0,1.0,0.0,9.0,0.0857142857142857,0.5266666666666667,0.5266666666666667,0.0,0.0,63.20000000000001,0.9,8.299999999999999,3.0509129967776585,1.08,0.0,73.0,0,2.0,1.2246467991473532e-16,-1.0,0.9749279121818236,-0.22252093395631434,0.5,0.5,0.5,0.5,0.5,0.5,0.5,0.5,0.5,0.5,synthetic,synthetic,synthetic,synthetic,synthetic,0.0,0.0,0.0,0.0,0.0,-110.0,-110.0,-110.0,-110.0,-110.0,-110.0,-110.0,-110.0,-110.0,-110.0,0.0,0.0,0.0,0.0,0.0,2026-08-26T14:02:39.082451+00:00,-0.3526485516119336,-0.2735472066693837,-0.2009970713610872,-0.4775088231537048,-0.3848699998409626,0.0,0.0,0.2,0.0,0.0,0.0,0.0,0.0,0.0,0.0,batter_pitcher_profile_network_v2,1.0,0.6,0.6004705350607511,0.0,0.6658654156730348,-0.2144875886524821,-0.1655195194910922,0.0,40.0,10.829250545871108,0.0523478768711393,-0.0141840481637338,-0.0014184048163733,-0.3924222813238769,-0.2534114343999589,0.0,40.0,10.650516867112868,0.023165589046749,-0.004982541683649,-0.0007972066693838,-0.5281028368794326,-0.0843009569292794,0.0,40.0,10.806811579487944,-0.1014008755510304,-0.1191877573327369,-0.0059593878666368,-0.5791041666666666,-0.3105374804250634,0.0,40.0,10.131276478759483,-0.0525041246098835,-0.1243529261481933,-0.0031088231537048,-0.8131666666666667,-0.1320668216433659,0.0,40.0,10.64000566295683,-0.0142503444499173,-0.0535941613307597,-0.0032156496798455
2026-06-21,Christian_Vázquez,543877,hitter,HOU,CLE,2026,824177,58,117,114,1,677944.0,Slade_Cecconi,0.0,0.0,0.0,0.0,0.0,3.0,2.0,0.0,0.0,9.0,0.09375,0.0,0.0,0.0,0.0,10.0,2.2294117647058824,8.31764705882353,4.151020408163265,1.08,0.0,73.0,0,4.0,1.2246467991473532e-16,-1.0,-0.7818314824680299,0.6234898018587334,0.5,0.5,0.5,0.5,0.5,0.5,0.5,0.5,0.5,0.5,synthetic,synthetic,synthetic,synthetic,synthetic,0.0,0.0,0.0,0.0,0.0,-110.0,-110.0,-110.0,-110.0,-110.0,-110.0,-110.0,-110.0,-110.0,-110.0,0.0,0.0,0.0,0.0,0.0,2026-08-26T14:02:39.082451+00:00,-0.020295703281312527,-0.21430634215305977,-0.15448131188352082,-0.4720330408212109,-0.47371964375434117,0.2,0.2,0.4,0.0,0.0,1.0,1.0,1.0,0.0,0.0,batter_pitcher_profile_network_v2,1.0,0.95,0.3812291017429691,0.0,0.788134463284662,-0.181266129032258,0.185144430098007,0.0,41.0,10.523642153621296,0.0857968324118148,0.0,0.0,-0.4224135304659498,0.1360753201970814,0.0,41.0,10.881629188036577,0.0944527410289175,0.1416791115433763,0.0226686578469402,-0.5055107526881721,0.1207250935927482,0.0,41.0,11.06284996267717,-0.0581466458336835,-0.0581466458336835,-0.0029073322916841,-0.7172708333333333,0.0823475283189088,0.0,41.0,10.96752519879113,0.0946783671515653,0.0946783671515653,0.0023669591787891,-0.8763333333333333,0.1397278431697363,0.0,41.0,10.902307567497049,0.0328741297221257,0.0246555972915943,0.0014793358374956
2026-06-23,Christian_Vázquez,543877,hitter,HOU,TOR,2026,822799,59,117,141,0,669456.0,Shane_Bieber,0.0,0.0,0.0,0.0,0.0,1.0,1.0,0.0,0.0,9.0,0.0196078431372549,0.0,0.0,0.0,0.0,10.0,4.1,8.2,3.2984693877551012,1.08,0.0,76.0,0,2.0,1.2246467991473532e-16,-1.0,0.7818314824680298,0.6234898018587336,0.5,0.5,0.5,0.5,0.5,0.5,0.5,0.5,0.5,0.5,synthetic,synthetic,synthetic,synthetic,synthetic,0.0,0.0,0.0,0.0,0.0,-110.0,-110.0,-110.0,-110.0,-110.0,-110.0,-110.0,-110.0,-110.0,-110.0,0.0,0.0,0.0,0.0,0.0,2026-08-26T14:02:39.082451+00:00,-0.28350436174469784,-0.44208854599665426,-0.5,-0.4725575781143739,-0.4998188486265814,0.2,0.2,0.2,0.0,0.0,0.0,0.0,0.0,0.0,0.0,batter_pitcher_profile_network_v2,1.0,0.0,1.0,0.0,0.5,-0.1474620669056152,0.0,0.0,42.0,11.886601461094182,0.0564754982152613,0.0,0.0,-0.4004206989247311,0.0,0.0,42.0,11.975370836896866,0.0660403720727644,0.0990605581091467,0.0158496892974634,-0.4786290322580645,0.0,0.0,42.0,11.998227259287242,-0.0847225077681782,-0.0847225077681782,-0.0042361253884089,-0.7237893518518519,0.0,0.0,42.0,11.835816384069892,0.073696875425046,0.073696875425046,0.0018424218856261,-0.8828518518518519,0.0,0.0,42.0,11.879447279532872,0.0040255860759709,0.0030191895569782,0.0001811513734186
2026-06-25,Christian_Vázquez,543877,hitter,HOU,DET,2026,824258,60,117,116,0,675512.0,Troy_Melton,0.0,0.0,0.0,0.0,0.0,3.0,3.0,0.0,1.0,9.0,0.09375,0.0,0.0,0.0,0.0,10.0,3.65,7.375,1.2428571428571422,1.0666666666666669,9.0,77.0,0,2.0,1.2246467991473532e-16,-1.0,0.43388373911755823,-0.900968867902419,0.5,0.5,0.5,0.5,0.5,0.5,0.5,0.5,0.5,0.5,synthetic,synthetic,synthetic,synthetic,synthetic,0.0,0.0,0.0,0.0,0.0,-110.0,-110.0,-110.0,-110.0,-110.0,-110.0,-110.0,-110.0,-110.0,-110.0,0.0,0.0,0.0,0.0,0.0,2026-08-26T14:02:39.082451+00:00,-0.21775843660119504,-0.36175606058124843,-0.5,-0.4751884320476155,-0.5,0.2,0.2,0.2,0.0,0.0,0.0,0.0,0.0,0.0,0.0,batter_pitcher_profile_network_v2,1.0,0.25,0.7447105116210823,0.0,0.5646932405816043,-0.1684642857142854,-0.1244495798319326,0.0,42.0,11.969108303806932,0.0651585012406276,-0.0053522231548085,-0.0005352223154808,-0.4152123015873014,0.1541296218487396,0.0,42.0,11.584951119264648,0.0900789142447982,0.1351183713671974,0.0216189394187515,-0.4863095238095237,-0.0678214985994396,0.0,42.0,11.98297678715917,-0.0894196660532846,-0.0978396854040996,-0.0048919842702049,-0.7332708333333333,0.5122546218487396,0.0,42.0,9.643636333350852,0.139129384762045,0.139129384762045,0.0034782346190511,-0.8923333333333333,-0.0541131652661062,0.0,42.0,11.87361937003237,-0.0003520846959404,-0.0125912222323242,-0.0007554733339394
2026-06-27,Christian_Vázquez,543877,hitter,HOU,DET,2026,824257,61,117,116,0,664285.0,Framber_Valdez,1.0,1.0,1.0,0.0,0.0,4.0,4.0,0.0,0.0,9.0,0.0909090909090909,0.2225,0.2225,0.0,0.0,26.7,2.9,8.200000000000001,1.2857142857142851,1.0666666666666669,-7.0,77.0,0,2.0,1.2246467991473532e-16,-1.0,-0.9749279121818236,-0.2225209339563146,0.5,0.5,0.5,0.5,0.5,0.5,0.5,0.5,0.5,0.5,synthetic,synthetic,synthetic,synthetic,synthetic,0.0,0.0,0.0,0.0,0.0,-110.0,-110.0,-110.0,-110.0,-110.0,-110.0,-110.0,-110.0,-110.0,-110.0,0.0,0.0,0.0,0.0,0.0,2026-08-26T14:02:39.082451+00:00,-0.2609350649350649,-0.2684955644450406,-0.44809907107430574,-0.4780132152744927,-0.4996863573383435,0.2,0.2,0.2,0.0,0.0,0.0,0.0,0.0,0.0,0.0,batter_pitcher_profile_network_v2,1.0,0.95,0.378425228047162,0.0,0.7884607640860115,-0.1684642857142854,0.1177795936741161,0.0,43.0,11.71963329994035,0.076809476809506,0.0,0.0,-0.4152123015873014,0.0035748045026134,0.0,43.0,12.12457419075702,0.0744029511759667,0.1116044267639501,0.017856708282232,-0.4863095238095237,0.0931922730515427,0.0,43.0,12.044567937616756,-0.08110479810949,-0.08110479810949,-0.0040552399054745,-0.7332708333333333,-0.0792552516771618,0.0,43.0,11.941311150166742,0.0622612244027462,0.0261380556869571,0.0006534513921739,-0.8923333333333333,0.0691590333511682,0.0,43.0,11.970976457927904,0.0069698369257008,0.0052273776942756,0.0003136426616565
2026-06-29,Christian_Vázquez,543877,hitter,HOU,MIN,2026,824176,62,117,142,1,805673.0,Zebby_Matthews,1.0,1.0,0.0,0.0,0.0,3.0,3.0,0.0,1.0,9.0,0.088235294117647,0.2966666666666667,0.2966666666666667,0.0,0.0,35.6,5.357142857142858,6.214285714285714,7.028571428571429,1.08,0.0,73.0,0,2.0,1.2246467991473532e-16,-1.0,0.0,1.0,0.5,0.5,0.5,0.5,0.5,0.5,0.5,0.5,0.5,0.5,synthetic,synthetic,synthetic,synthetic,synthetic,0.0,0.0,0.0,0.0,0.0,-110.0,-110.0,-110.0,-110.0,-110.0,-110.0,-110.0,-110.0,-110.0,-110.0,0.0,0.0,0.0,0.0,0.0,2026-08-26T14:02:39.082451+00:00,0.3201741081561409,0.025503465402462955,0.13985551147034836,-0.4726749003952479,-0.2531089206568149,0.4,0.4,0.4,0.0,0.0,1.0,1.0,1.0,0.0,0.0,batter_pitcher_profile_network_v2,1.0,0.55,0.6486454911511116,2.0,0.6862975100336938,-0.1622791005291002,0.24837415127178,-0.0933333333333333,43.0,11.76279195911413,0.0850605252778152,-0.0769367895870518,-0.0076936789587051,-0.4105734126984125,0.2760782707641753,-0.0844444444444444,43.0,11.804815234993493,0.0922418351369998,0.0687532764124528,0.0110005242259924,-0.4863095238095237,0.141145083088707,-0.1333333333333333,43.0,12.608437982576325,-0.0634142448524276,-0.1733239442625017,-0.008666197213125,-0.7270856481481481,0.3265768116202066,-0.0444444444444444,43.0,11.586669713589242,0.1056405506601112,0.0690039841900865,0.0017250996047521,-0.8861481481481481,0.2092295513117939,-0.0933333333333333,43.0,12.272057319441984,0.0069779868329744,-0.071703299462321,-0.0043021979677392
2026-07-05,Christian_Vázquez,543877,hitter,HOU,TB,2026,824172,63,117,139,1,669438.0,Mason_Englert,1.0,1.0,0.0,0.0,0.0,3.0,3.0,0.0,2.0,9.0,0.0967741935483871,0.2966666666666667,0.2966666666666667,0.0,0.0,35.6,0.6,6.75,3.75,1.08,0.0,73.0,0,6.0,-0.4999999999999997,-0.8660254037844388,-0.7818314824680299,0.6234898018587334,0.5,0.5,0.5,0.5,0.5,0.5,0.5,0.5,0.5,0.5,synthetic,synthetic,synthetic,synthetic,synthetic,0.0,0.0,0.0,0.0,0.0,-110.0,-110.0,-110.0,-110.0,-110.0,-110.0,-110.0,-110.0,-110.0,-110.0,0.0,0.0,0.0,0.0,0.0,2026-08-26T14:02:39.082451+00:00,0.18249139784946233,0.03777053396156205,-0.278129945839918,-0.4755453339190622,-0.40519095082586865,0.4,0.4,0.2,0.0,0.0,1.0,1.0,0.0,0.0,0.0,batter_pitcher_profile_network_v2,1.0,0.1,0.8551916996375947,0.0,0.5245239016794395,-0.1527976190476188,0.4048048128342246,0.0,45.0,11.17246948949047,0.0807613183411645,0.0,0.0,-0.4034623015873014,-0.0099197860962566,0.0,45.0,13.255818738255488,0.0584826844807202,0.0871444662920209,0.0139431146067233,-0.4863095238095237,-0.1732626262626261,0.0,45.0,13.022911574044114,-0.0974404865572604,-0.1096419275510497,-0.0054820963775524,-0.7176041666666667,-0.5099197860962567,0.0,45.0,11.0130464986956,0.007174978057586,-0.0458133567624912,-0.0011453339190622,-0.8766666666666667,-0.1510404040404039,0.0,45.0,12.966545596195749,-0.0299320061801671,-0.041623373979533,-0.0024974024387719
2026-07-07,Christian_Vázquez,543877,hitter,HOU,WSH,2026,822713,64,117,120,0,674841.0,Andrew_Alvarez,1.0,1.0,0.0,0.0,2.0,4.0,3.0,0.0,1.0,9.0,0.0975609756097561,0.2225,0.2225,0.0,0.0,26.7,2.1346153846153846,11.81868131868132,5.142857142857144,1.08,-4.0,82.0,0,2.0,-0.4999999999999997,-0.8660254037844388,0.7818314824680298,0.6234898018587336,0.5,0.5,0.5,0.5,0.5,0.5,0.5,0.5,0.5,0.5,synthetic,synthetic,synthetic,synthetic,synthetic,0.0,0.0,0.0,0.0,0.0,-110.0,-110.0,-110.0,-110.0,-110.0,-110.0,-110.0,-110.0,-110.0,-110.0,0.0,0.0,0.0,0.0,0.0,2026-08-26T14:02:39.082451+00:00,0.16052789880030127,0.10167553211033276,-0.25257842668506336,-0.4803646727197915,-0.366032478167511,0.6,0.6,0.2,0.0,0.0,1.0,1.0,0.0,0.0,0.0,batter_pitcher_profile_network_v2,1.0,0.3,0.5611445213684582,0.0,0.5843779388397091,-0.2322522385022384,-0.3336063653327805,0.0,45.0,12.59017849530725,0.0162338586886513,-0.0340028845959351,-0.0034002884595935,-0.4561851343101343,-0.4953834490980717,0.0,45.0,11.51821420393614,0.0093000729435124,-0.085225332847006,-0.0136360532555209,-0.5412545787545788,-0.3685593251088533,0.0,45.0,12.082849273553675,-0.1079174303147554,-0.195462261924267,-0.0097731130962133,-0.7146412037037038,-0.7349471283433548,0.0,45.0,9.083917318189524,-0.0080896981096872,-0.238586908791662,-0.0059646727197915,-0.8737037037037036,-0.4268101112723753,0.0,45.0,11.599989029635724,-0.0408431855880945,-0.1942840437906901,-0.0116570426274414
2026-07-11,Christian_Vázquez,543877,hitter,HOU,TEX,2026,822875,65,117,140,0,677958.0,Kumar_Rocker,1.0,4.0,1.0,1.0,1.0,4.0,3.0,1.0,0.0,9.0,0.0952380952380952,0.6975,0.6975,1.0,30.0,65.0,3.2769230769230773,10.66923076923077,4.622448979591837,1.08,0.0,74.0,0,4.0,-0.4999999999999997,-0.8660254037844388,-0.9749279121818236,-0.2225209339563146,0.5,0.5,0.5,0.5,0.5,0.5,0.5,0.5,0.5,0.5,synthetic,synthetic,synthetic,synthetic,synthetic,0.0,0.0,0.0,0.0,0.0,-110.0,-110.0,-110.0,-110.0,-110.0,-110.0,-110.0,-110.0,-110.0,-110.0,0.0,0.0,0.0,0.0,0.0,2026-08-26T14:02:39.082451+00:00,0.303881438145971,1.6709664278869312,-0.010604316977386952,-0.14798397419746245,0.35343945615208994,0.8,0.8,0.2,0.0,0.4,1.0,1.0,0.0,0.0,2.0,batter_pitcher_profile_network_v2,1.0,0.8,0.4481031362904661,1.0,0.7548358926435343,-0.2462330575256108,0.2250508431518173,0.1111111111111111,45.0,12.23625567596441,0.0229342327194653,0.0804501742383592,0.0080450174238359,-0.4649902482269504,0.1505581678589321,0.0938271604938271,45.0,12.729153518713108,0.0398821477354329,0.1277589242933194,0.0204414278869311,-0.5546985815602838,0.2981200200856545,0.1111111111111111,45.0,12.255259098946388,-0.0824854933779362,-0.002035319139577,-0.0001017659569788,-0.7084560185185185,0.1080638325115,-0.0246913580246913,45.0,12.742598355882151,0.0745188485989143,0.0566410321015012,0.0014160258025375,-0.8675185185185186,0.2726209012538317,0.1111111111111111,45.0,12.28698112802288,-0.0613334062622985,0.0344501195416352,0.0020670071724981
2026-07-12,Christian_Vázquez,543877,hitter,HOU,TEX,2026,822876,66,117,140,0,669022.0,MacKenzie_Gore,0.0,0.0,0.0,0.0,0.0,2.0,2.0,0.0,0.0,9.0,0.0512820512820512,0.0,0.0,0.0,0.0,10.0,8.485714285714288,10.542857142857144,5.0724489795918375,1.08,0.0,74.0,0,1.0,-0.4999999999999997,-0.8660254037844388,-0.7818314824680299,0.6234898018587334,0.5,1.5,0.5,0.5,0.5,0.5,1.5,0.5,0.5,0.5,synthetic,synthetic,synthetic,synthetic,synthetic,0.0,0.0,0.0,0.0,0.0,-110.0,-110.0,-110.0,-110.0,-110.0,-110.0,-110.0,-110.0,-110.0,-110.0,0.0,0.0,0.0,0.0,0.0,2026-08-26T14:02:39.082451+00:00,0.3915397174254316,0.013659440838336812,-0.1608870030859172,-0.23293003363068687,0.0882139946708902,1.0,1.6,0.4,0.2,0.6,1.0,4.0,1.0,1.0,1.0,batter_pitcher_profile_network_v2,1.0,1.0,0.4264152071331733,0.0,0.7977641371261863,-0.2462330575256108,0.00013577682767,0.0,47.0,13.942721098826866,0.0345717937851072,0.0,0.0,-0.395545803782506,-0.0544051838335925,0.0,47.0,14.053733112652692,0.0457682680629235,0.0563090052396063,0.009009440838337,-0.5630319148936171,0.2254149378556215,0.0,47.0,13.5433668348801,-0.0374967336178722,-0.0374967336178722,-0.0018748366808936,-0.5397060185185184,-0.0693450607910868,0.0,47.0,13.79203142132819,0.0802656086373433,0.058798654772525,0.0014699663693131,-0.7891851851851851,0.191027820033101,0.0,47.0,13.567833567257816,-0.0159143692532021,-0.0119357769399015,-0.000716146616394
2026-07-17,Christian_Vázquez,543877,hitter,HOU,BAL,2026,824170,67,117,110,1,665152.0,Dean_Kremer,0.0,0.0,0.0,0.0,0.0,3.0,2.0,0.0,1.0,9.0,0.075,0.0,0.0,0.0,0.0,10.0,4.1,8.2,3.3214285714285707,1.08,0.0,73.0,0,5.0,-0.4999999999999997,-0.8660254037844388,-0.433883739117558,-0.9009688679024191,0.5,1.5,0.5,0.5,0.5,0.5,1.5,0.5,0.5,0.5,synthetic,synthetic,synthetic,synthetic,synthetic,0.0,0.0,0.0,0.0,0.0,-110.0,-110.0,-110.0,-110.0,-110.0,-110.0,-110.0,-110.0,-110.0,-110.0,0.0,0.0,0.0,0.0,0.0,2026-08-26T14:02:39.082451+00:00,0.191267449728026,-0.6429985605466555,-0.48781967714019536,-0.3309447407549124,-0.1321892609070961,0.8,1.4,0.2,0.2,0.6,0.0,0.0,0.0,0.0,0.0,batter_pitcher_profile_network_v2,1.0,0.25,0.7459685349271206,0.0,0.5646547136178569,-0.2530964755077661,-0.2446596884128529,0.0,48.0,14.409428056093764,0.000678381274476,-0.0157302646245023,-0.0015730264624502,-0.4001214157706095,0.1073395569620253,0.0,48.0,14.570931397115732,0.0435476643889358,0.0653214965834038,0.0104514394533446,-0.5676075268817207,0.1504660256410258,0.0,48.0,14.605213856465378,-0.0628221142324799,-0.0628221142324799,-0.0031411057116239,-0.5397060185185184,0.4595030185004869,0.0,48.0,12.363082775296476,0.1382103698035047,0.1382103698035047,0.0034552592450876,-0.7891851851851851,0.2011871794871796,0.0,48.0,14.31598673331538,-0.0324597661894365,-0.0243448246420774,-0.0014606894785246
2026-07-21,Christian_Vázquez,543877,hitter,HOU,MIA,2026,824165,68,117,146,1,663969.0,Tyler_Phillips,0.0,0.0,0.0,0.0,0.0,3.0,3.0,0.0,2.0,9.0,0.0967741935483871,0.0,0.0,0.0,0.0,10.0,10.5,6.6000000000000005,5.403061224489796,1.08,0.0,73.0,0,4.0,-0.4999999999999997,-0.8660254037844388,0.7818314824680298,0.6234898018587336,0.5,1.5,0.5,0.5,0.5,0.5,1.5,0.5,0.5,0.5,synthetic,synthetic,synthetic,synthetic,synthetic,0.0,0.0,0.0,0.0,0.0,-110.0,-110.0,-110.0,-110.0,-110.0,-110.0,-110.0,-110.0,-110.0,-110.0,0.0,0.0,0.0,0.0,0.0,2026-08-26T14:02:39.082451+00:00,0.25211384682905413,-0.7355491339296358,-0.35521907642724027,-0.3314102888324878,-2.900353469442729e-05,0.6,1.2,0.2,0.2,0.6,0.0,0.0,0.0,0.0,0.0,batter_pitcher_profile_network_v2,1.0,0.5,0.6990094688993287,0.0,0.6321856700299161,-0.3022007486209613,0.4529452069105613,0.0,49.0,12.259577553929836,0.0601497242434077,0.0,0.0,-0.4341971040189125,0.3699212883785718,0.0,49.0,13.17045274260043,0.0755143613146898,0.1132715419720347,0.0181234467155255,-0.589627659574468,0.4427087837837839,0.0,49.0,13.090202741588508,-0.041152430453957,-0.041152430453957,-0.0020576215226978,-0.5557800925925925,0.337235477567761,0.0,49.0,13.46118236489949,0.1195884467004881,0.1195884467004881,0.0029897111675122,-0.8052592592592592,0.439155855855856,0.0,49.0,13.026450192496323,0.0224774139536111,0.0168580604652083,0.0010114836279125
2026-07-22,Christian_Vázquez,543877,hitter,HOU,MIA,2026,824166,69,117,146,1,645261.0,Sandy_Alcantara,0.0,0.0,0.0,0.0,0.0,3.0,3.0,0.0,0.0,9.0,0.0909090909090909,0.0,0.0,0.0,0.0,10.0,2.160714285714286,9.928571428571429,6.36734693877551,1.08,0.0,73.0,0,1.0,-0.4999999999999997,-0.8660254037844388,0.9749279121818236,-0.22252093395631434,0.5,0.5,0.5,0.5,0.5,0.5,0.5,0.5,0.5,0.5,synthetic,synthetic,synthetic,synthetic,synthetic,0.0,0.0,0.0,0.0,0.0,-110.0,-110.0,-110.0,-110.0,-110.0,-110.0,-110.0,-110.0,-110.0,-110.0,0.0,0.0,0.0,0.0,0.0,2026-08-26T14:02:39.082451+00:00,-0.020364996907853983,0.14043977135733898,-0.315500759915015,-0.32995862628441863,0.042389200660304716,0.4,1.0,0.2,0.2,0.6,0.0,0.0,0.0,0.0,0.0,batter_pitcher_profile_network_v2,1.0,1.0,0.3082917881346382,0.0,0.8122342559535067,-0.370186081242533,0.1241738665790915,0.0,50.0,14.837303302221196,0.0709407835947641,0.0,0.0,-0.5333015232974911,0.0440749981216041,0.0,50.0,15.195759846146467,0.102154350352549,0.1532315255288235,0.0245170440846117,-0.6213709677419357,-0.0310589972254659,0.0,50.0,15.19901131060256,-0.0499218411097018,-0.0632712279849022,-0.0031635613992451,-0.713650462962963,-0.0201112357642152,0.0,50.0,15.01902591972108,0.18758261652337,0.1776549486232561,0.0044413737155814,-0.8881296296296296,-0.0091855319093211,0.0,50.0,15.106042817663768,0.0544741729893792,0.0352127135406372,0.0021127628124382
2026-07-24,Christian_Vázquez,543877,hitter,HOU,CWS,2026,824573,70,117,145,0,663436.0,Davis_Martin,2.0,3.0,0.0,0.0,1.0,5.0,5.0,0.0,2.0,9.0,0.108695652173913,0.432,0.432,0.2,17.0,60.84,6.079411764705882,4.14705882352941,2.7,1.08,-8.0,76.0,0,2.0,-0.4999999999999997,-0.8660254037844388,-0.433883739117558,-0.9009688679024191,0.5,0.5,0.5,0.5,0.5,0.5,0.5,0.5,0.5,0.5,synthetic,synthetic,synthetic,synthetic,synthetic,0.0,0.0,0.0,0.0,0.0,-110.0,-110.0,-110.0,-110.0,-110.0,-110.0,-110.0,-110.0,-110.0,-110.0,0.0,0.0,0.0,0.0,0.0,2026-08-26T14:02:39.082451+00:00,0.026163000852514884,0.4511315970105141,-0.2406524737680169,-0.24307384797198106,-0.26644125156399906,0.2,0.8,0.2,0.2,0.2,0.0,0.0,0.0,0.0,0.0,batter_pitcher_profile_network_v2,1.0,1.0,0.3754914007500972,0.0,0.8040023034081131,-0.3780752818035426,0.0149262262248231,0.0,50.0,15.854085130237682,0.0466973891658877,0.0,0.0,-0.5385609903381643,-0.1681495987623358,0.0,50.0,15.7909689165421,0.0601446090539479,0.0336621552287575,0.0053859448366012,-0.6266304347826087,-0.0626339349546072,0.0,50.0,15.882194809044616,-0.0746689906187268,-0.0991799101429469,-0.0049589955071473,-0.713650462962963,-0.3411115552840749,0.0,50.0,14.559389360828716,0.1050729693585447,-0.0469539188792471,-0.0011738479719811,-0.8881296296296296,-0.0965922682879405,0.0,50.0,15.691185748544516,0.0299360939445002,-0.0311223086753477,-0.0018673385205208
2026-07-26,Christian_Vázquez,543877,hitter,HOU,CWS,2026,824572,71,117,145,0,607200.0,Erick_Fedde,0.0,0.0,0.0,0.0,0.0,1.0,1.0,0.0,1.0,2.0,0.0263157894736842,0.0,0.0,0.0,0.0,10.0,2.625,9.0,4.2214285714285715,1.08,-4.0,90.0,0,2.0,-0.4999999999999997,-0.8660254037844388,-0.7818314824680299,0.6234898018587334,0.5,0.5,0.5,0.5,0.5,0.5,0.5,0.5,0.5,0.5,synthetic,synthetic,synthetic,synthetic,synthetic,0.0,0.0,0.0,0.0,0.0,-110.0,-110.0,-110.0,-110.0,-110.0,-110.0,-110.0,-110.0,-110.0,-110.0,0.0,0.0,0.0,0.0,0.0,2026-08-26T14:02:39.082451+00:00,0.20460802005012535,0.24820227679035778,-0.5,-0.4691077603298426,-0.25042931656360656,0.4,0.6,0.0,0.0,0.2,2.0,3.0,0.0,0.0,1.0,batter_pitcher_profile_network_v2,1.0,0.6,0.5751940994534893,0.0,0.6677232336901685,-0.4480756869773,0.255046310832025,0.0,50.0,15.527725119250627,0.1028658705859388,0.0,0.0,-0.5711094086021506,0.4183008241758241,0.0,50.0,14.228515306547662,0.1283976445212274,0.1925964667818412,0.0308154346850946,-0.6751344086021507,0.3647576530612245,0.0,50.0,15.188245454371565,-0.0155890536401531,-0.0155890536401531,-0.0007794526820076,-0.6611032407407407,0.6224462323390894,0.0,50.0,12.092915907824173,0.2116895868062963,0.2116895868062963,0.0052922396701574,-0.8687074074074074,0.3767176870748299,0.0,50.0,14.995365509889018,0.1011530320869393,0.0758647740652045,0.0045518864439122
2026-07-27,Christian_Vázquez,543877,hitter,HOU,LAA,2026,824001,72,117,108,0,700712.0,Walbert_Ureña,1.0,1.0,0.0,0.0,0.0,4.0,4.0,0.0,0.0,9.0,0.0952380952380952,0.2225,0.2225,0.0,0.0,26.7,1.0294117647058822,7.926470588235294,1.5560064935064932,1.08,9.0,82.0,0,1.0,-0.4999999999999997,-0.8660254037844388,0.0,1.0,0.5,0.5,0.5,0.5,0.5,0.5,0.5,0.5,0.5,0.5,synthetic,synthetic,synthetic,synthetic,synthetic,0.0,0.0,0.0,0.0,0.0,-110.0,-110.0,-110.0,-110.0,-110.0,-110.0,-110.0,-110.0,-110.0,-110.0,0.0,0.0,0.0,0.0,0.0,2026-08-26T14:02:39.082451+00:00,-0.07793307057980248,-0.03660042019937487,-0.5,-0.476860162111591,-0.40910506719828454,0.4,0.6,0.0,0.0,0.2,0.0,0.0,0.0,0.0,0.0,batter_pitcher_profile_network_v2,1.0,0.85,0.4146971309874458,1.0,0.7730696612359322,-0.4394759259259261,-0.3956583433594271,-0.0481481481481481,49.0,14.89972943071176,0.0741808153794876,-0.1358313424163094,-0.0135831342416309,-0.5658916666666668,-0.4344382943423965,-0.0469135802469135,49.0,14.62571360314826,0.0789877782613991,-0.0585963762460934,-0.0093754201993749,-0.6361111111111113,-0.1835206105985516,-0.0592592592592592,49.0,16.04977866341163,-0.0552913646744309,-0.1655362806996202,-0.008276814034981,-0.6672884259259259,-0.4313132943423965,-0.0246913580246913,49.0,14.292470689833596,0.0875151470762137,-0.098406484463643,-0.002460162111591,-0.8573925925925925,-0.317478943931885,-0.0444444444444444,49.0,15.087171153136472,0.0620040272758104,-0.1442565312268207,-0.0086553918736092
2026-07-28,Christian_Vázquez,543877,hitter,HOU,LAA,2026,824003,73,117,108,0,672282.0,Reid_Detmers,1.0,1.0,0.0,0.0,0.0,4.0,3.0,1.0,2.0,9.0,0.1025641025641025,0.395,0.395,0.0,0.0,47.400000000000006,4.312499999999999,11.375,1.6631493506493504,1.08,0.0,81.0,0,1.0,-0.4999999999999997,-0.8660254037844388,0.7818314824680298,0.6234898018587336,0.5,0.5,0.5,0.5,0.5,0.5,0.5,0.5,0.5,0.5,synthetic,synthetic,synthetic,synthetic,synthetic,0.0,0.0,0.0,0.0,0.0,-110.0,-110.0,-110.0,-110.0,-110.0,-110.0,-110.0,-110.0,-110.0,-110.0,0.0,0.0,0.0,0.0,0.0,2026-08-26T14:02:39.082451+00:00,0.037843488593996444,0.32395559957268727,-0.4502929526528485,-0.47326963620539386,-0.3377755985499993,0.6,0.8,0.0,0.0,0.2,1.0,1.0,0.0,0.0,0.0,batter_pitcher_profile_network_v2,1.0,1.0,0.352651176187331,1.0,0.8255502309170519,-0.4245911070411072,-0.3005731251796221,-0.0518518518518518,49.0,15.999188916495346,0.0757471309113545,-0.1176838286787486,-0.0117683828678748,-0.555453021978022,-0.2367763252409735,-0.0493827160493827,49.0,16.420467342756787,0.0855062637219953,0.0097224973292954,0.0015555995726872,-0.6303113553113555,-0.0924939892424948,-0.0592592592592592,49.0,16.79896938910839,-0.0558047909395449,-0.1336237883217056,-0.0066811894160852,-0.6611032407407407,-0.140854715071482,-0.0246913580246913,49.0,16.41999255320623,0.1221947533921207,0.0452145517842451,0.0011303637946061,-0.8512074074074073,-0.1188252039317604,-0.0444444444444444,49.0,16.5864223042632,0.0596365752192037,-0.0508075116308567,-0.0030484506978514
2026-08-02,Christian_Vázquez,543877,hitter,HOU,TEX,2026,824163,74,117,140,1,677958.0,Kumar_Rocker,1.0,1.0,0.0,0.0,0.0,3.0,3.0,0.0,1.0,9.0,0.0697674418604651,0.2966666666666667,0.2966666666666667,0.0,0.0,35.6,4.605882352941176,9.326470588235294,5.372448979591837,1.08,0.0,73.0,0,5.0,-0.8660254037844384,-0.5000000000000004,-0.7818314824680299,0.6234898018587334,0.5,0.5,0.5,0.5,0.5,0.5,0.5,0.5,0.5,0.5,synthetic,synthetic,synthetic,synthetic,synthetic,0.0,0.0,0.0,0.0,0.0,-110.0,-110.0,-110.0,-110.0,-110.0,-110.0,-110.0,-110.0,-110.0,-110.0,0.0,0.0,0.0,0.0,0.0,2026-08-26T14:02:39.082451+00:00,0.36438230050811227,0.3942670413525997,-0.3516916649482206,-0.47055037052338716,-0.20963788992719296,0.8,1.0,0.0,0.0,0.2,1.0,1.0,0.0,0.0,0.0,batter_pitcher_profile_network_v2,1.0,0.95,0.3516397867986413,2.0,0.8290779198113081,-0.4859085500394009,0.1670922213920753,0.2,48.0,16.397443625436985,0.0452170620490477,0.1351639786798641,0.0135163978679864,-0.596874527186761,0.1630606843785087,0.2,48.0,16.530778218601675,0.0262698260508066,0.1745687177560742,0.0279309948409718,-0.6668439716312056,0.3111262092966341,0.2,48.0,16.05885700096905,-0.0979191254531675,0.0372448532266966,0.0018622426613348,-0.6676217592592592,0.200444943637768,0.2,48.0,16.179107177749252,0.018821200384649,0.1539851790645132,0.0038496294766128,-0.8577259259259258,0.293114378020914,0.2,48.0,16.006483489318814,-0.0092597612329685,0.1282191577551377,0.0076931494653082
2026-08-08,Christian_Vázquez,543877,hitter,HOU,SD,2026,823267,75,117,135,0,650633.0,Michael_King,0.0,0.0,0.0,0.0,0.0,2.0,2.0,0.0,0.0,9.0,0.05555555555555555,0.0,0.0,0.0,0.0,10.0,4.3,9.5,4.830612244897959,1.08,0.0,82.0,0,6.0,-0.8660254037844384,-0.5000000000000004,-0.9749279121818236,-0.2225209339563146,0.5,1.5,0.5,0.5,0.5,0.5,1.5,0.5,0.5,0.5,synthetic,synthetic,synthetic,synthetic,synthetic,0.0,0.0,0.0,0.0,0.0,-110.0,-110.0,-110.0,-110.0,-110.0,-110.0,-110.0,-110.0,-110.0,-110.0,0.0,0.0,0.0,0.0,0.0,2026-08-26T14:02:39.082451+00:00,0.47337908398950845,-0.6479930047688147,-0.5,-0.47146546305913134,-0.35045991984584984,1.0,1.2,0.0,0.0,0.2,1.0,1.0,0.0,0.0,0.0,batter_pitcher_profile_network_v2,1.0,1.0,0.31752812702295413,0.0,0.8111028044396882,-0.5319430704898447,-0.11694167132072596,0.0,50.0,18.63173314615891,0.06729155998213165,-0.042454058064100623,-0.004245405806410063,-0.6272895161290323,-0.08362278039797029,0.0,50.0,18.7760822304442,0.06840939259170804,0.06681455352824206,0.01069032856451873,-0.699731182795699,0.03303632980494682,0.0,50.0,18.85461624551223,-0.08826034907863192,-0.08826034907863192,-0.004413017453931596,-0.6643254629629629,-0.0023062910362681294,0.0,50.0,18.47128027538726,0.11842711180527059,0.11738147763474571,0.002934536940868643,-0.8544296296296295,-0.022375904237606405,0.0,50.0,18.695131015164236,0.010200231944605072,-0.005397757068019518,-0.0003238654240811711
2026-08-10,Christian_Vázquez,543877,hitter,HOU,SF,2026,823189,76,117,137,0,694918.0,Blade_Tidwell,0.0,0.0,0.0,0.0,0.0,3.0,3.0,0.0,1.0,9.0,0.07142857142857142,0.0,0.0,0.0,0.0,10.0,4.2,7.8,6.380565862708721,1.08,0.0,65.0,0,2.0,-0.8660254037844384,-0.5000000000000004,0.0,1.0,0.5,0.5,0.5,0.5,0.5,0.5,0.5,0.5,0.5,0.5,synthetic,synthetic,synthetic,synthetic,synthetic,0.0,0.0,0.0,0.0,0.0,-110.0,-110.0,-110.0,-110.0,-110.0,-110.0,-110.0,-110.0,-110.0,-110.0,0.0,0.0,0.0,0.0,0.0,2026-08-26T14:02:39.082451+00:00,0.1566226345083489,-0.14535912961677716,-0.47130654742362943,-0.47455645812133224,-0.3916678573253471,0.6,0.6,0.0,0.0,0.0,0.0,0.0,0.0,0.0,0.0,batter_pitcher_profile_network_v2,1.0,0.05,0.9425,0.0,0.5117271875,-0.4916204898446835,0.2836363636363635,0.0,50.0,17.629969330413477,0.053379061492900406,0.0,0.0,-0.6004077956989248,-0.08085227272727281,0.0,50.0,19.405809223221645,0.03515615943250307,0.04994293989514237,0.007990870383222779,-0.6728494623655915,-0.3356628787878788,0.0,50.0,17.754747034931526,-0.12871040239841966,-0.14169681118130903,-0.007084840559065452,-0.6643254629629629,-0.48,0.0,50.0,16.473211108898955,0.012077057924486536,-0.006258324853291237,-0.00015645812133228095,-0.8544296296296295,-0.2982575757575757,0.0,50.0,18.048499488858614,-0.018154490696041338,-0.028269174346385657,-0.0016961504607831393
2026-08-12,Christian_Vázquez,543877,hitter,HOU,SF,2026,823187,77,117,137,0,605288.0,Adrian_Houser,0.0,0.0,0.0,0.0,0.0,3.0,2.0,0.0,0.0,9.0,0.0967741935483871,0.0,0.0,0.0,0.0,10.0,1.2428571428571429,4.32857142857143,7.016358641358642,1.08,0.0,64.0,0,2.0,-0.8660254037844384,-0.5000000000000004,0.9749279121818236,-0.22252093395631434,0.5,0.5,0.5,0.5,0.5,0.5,0.5,0.5,0.5,0.5,synthetic,synthetic,synthetic,synthetic,synthetic,0.0,0.0,0.0,0.0,0.0,-110.0,-110.0,-110.0,-110.0,-110.0,-110.0,-110.0,-110.0,-110.0,-110.0,0.0,0.0,0.0,0.0,0.0,2026-08-26T14:02:39.082451+00:00,0.38821717207523654,-0.10886272846588674,-0.4024256543824184,-0.4712207911118884,-0.3274637230078171,0.6,0.6,0.0,0.0,0.0,0.0,0.0,0.0,0.0,0.0,batter_pitcher_profile_network_v2,1.0,0.85,0.5019918059930382,0.0,0.7452301032009749,-0.5554372785829306,0.5078437663468489,0.0,49.0,14.946923854099929,0.07763528149653914,0.0,0.0,-0.6441066425120772,0.4847154698829491,0.0,49.0,15.394083662515285,0.07004105074697708,0.10506157612046563,0.0168098521792745,-0.706159420289855,0.5676485666030768,0.0,49.0,15.271630710517218,-0.038581406426364144,-0.038581406426364144,-0.0019290703213182072,-0.6781773148148147,0.4943864308857347,0.0,49.0,15.469242495187482,0.12716835552446323,0.12716835552446323,0.003179208888111581,-0.8682814814814813,0.5957607996578587,0.0,49.0,14.720325073919078,0.020264295807722914,0.015198221855792185,0.0009118933113475311
2026-08-14,Christian_Vázquez,543877,hitter,HOU,SEA,2026,824159,78,117,136,1,669923.0,George_Kirby,1.0,1.0,1.0,0.0,0.0,3.0,2.0,1.0,0.0,9.0,0.06976744186046512,0.5266666666666667,0.5266666666666667,0.0,0.0,63.20000000000001,5.8500000000000005,4.735714285714286,7.450549450549451,1.08,0.0,73.0,0,2.0,-0.8660254037844384,-0.5000000000000004,-0.433883739117558,-0.9009688679024191,0.5,0.5,0.5,0.5,0.5,0.5,0.5,0.5,0.5,0.5,synthetic,synthetic,synthetic,synthetic,synthetic,0.0,0.0,0.0,0.0,0.0,-110.0,-110.0,-110.0,-110.0,-110.0,-110.0,-110.0,-110.0,-110.0,-110.0,0.0,0.0,0.0,0.0,0.0,2026-08-26T14:02:39.082451+00:00,0.25588284998770383,-0.019597221239628038,-0.12640382641789705,-0.4730901118553037,-0.18032124728741472,0.4,0.4,0.0,0.0,0.0,0.0,0.0,0.0,0.0,0.0,batter_pitcher_profile_network_v2,1.0,1.0,0.3833889570237451,1.0,0.8217848527645912,-0.5386568376068379,0.2845193454846726,0.06296296296296296,48.0,17.415460386282387,0.0834738128058476,0.043551133832229014,0.004355113383222901,-0.6514952991452994,0.1696394691679488,0.029629629629629627,48.0,18.45077120081889,0.08036495022632226,0.14104207655464998,0.022566732248743997,-0.6852564102564105,0.0010994979682013434,-0.044444444444444446,48.0,19.167789288704206,-0.03435687030169729,-0.06509884712444719,-0.0032549423562223596,-0.7549909722222221,0.018187004379216515,-0.024691358024691357,48.0,18.806519039516687,0.06947440180048907,0.05239552578785024,0.0013098881446962562,-0.9036888888888888,0.0802699372706829,-0.037037037037037035,48.0,18.978470810619775,0.03648594218540536,0.001746142620095776,0.00010476855720574655
2026-08-15,Christian_Vázquez,543877,hitter,HOU,SEA,2026,824157,79,117,136,1,676106.0,Emerson_Hancock,1.0,4.0,1.0,1.0,1.0,2.0,2.0,0.0,1.0,9.0,0.05714285714285714,1.05,1.05,1.5,30.0,65.0,4.585714285714285,7.928571428571428,6.550549450549451,1.08,0.0,73.0,0,1.0,-0.8660254037844384,-0.5000000000000004,-0.9749279121818236,-0.2225209339563146,0.5,0.5,0.5,0.5,0.5,0.5,0.5,0.5,0.5,0.5,synthetic,synthetic,synthetic,synthetic,synthetic,0.0,0.0,0.0,0.0,0.0,-110.0,-110.0,-110.0,-110.0,-110.0,-110.0,-110.0,-110.0,-110.0,-110.0,0.0,0.0,0.0,0.0,0.0,2026-08-26T14:02:39.082451+00:00,0.18332755010781399,2.145659094533773,0.3709326675181057,-0.023382516645434726,-0.08092608020005287,0.4,0.4,0.2,0.0,0.0,1.0,1.0,1.0,0.0,0.0,batter_pitcher_profile_network_v2,1.0,1.0,0.3566830641510127,1.0,0.825056324641501,-0.47774434269434274,-0.0499874022608528,0.1111111111111111,49.0,19.897891782674133,0.07034517294870425,0.060008101810740386,0.006000810181074039,-0.6092449938949939,-0.02686148846218926,0.1111111111111111,49.0,20.031601542392035,0.06555905828211464,0.16318184083608028,0.026109094533772845,-0.6577838827838829,-0.11703755679005383,0.1111111111111111,49.0,19.800049327819043,-0.042741357970849866,-0.01689610018733779,-0.0008448050093668894,-0.7352872685185184,-0.0026514772765069347,-0.024691358024691357,49.0,19.728345959380768,0.058702716893767166,0.040699334182610514,0.0010174833545652628,-0.8839851851851851,-0.09139484612636999,0.1111111111111111,49.0,19.779729033582072,0.020947780850962973,0.03910745454124286,0.0023464472724745718
2026-08-19,Christian_Vázquez,543877,hitter,HOU,LAA,2026,824155,80,117,108,1,700712.0,Walbert_Ureña,1.0,4.0,1.0,1.0,1.0,3.0,2.0,1.0,1.0,9.0,0.0967741935483871,0.93,0.93,1.5,30.0,65.0,5.142857142857142,8.571428571428571,1.9469387755102037,1.08,0.0,73.0,0,4.0,-0.8660254037844384,-0.5000000000000004,0.9749279121818236,-0.22252093395631434,0.5,0.5,0.5,0.5,0.5,0.5,0.5,0.5,0.5,0.5,synthetic,synthetic,synthetic,synthetic,synthetic,0.0,0.0,0.0,0.0,0.0,-110.0,-110.0,-110.0,-110.0,-110.0,-110.0,-110.0,-110.0,-110.0,-110.0,0.0,0.0,0.0,0.0,0.0,2026-08-26T14:02:39.082451+00:00,0.00581435296035393,2.8928355667608674,0.2484351403705798,0.2111944424753487,-0.017480143983430063,0.4,1.0,0.4,0.2,0.2,1.0,4.0,1.0,1.0,1.0,batter_pitcher_profile_network_v2,1.0,1.0,0.34036582070258825,2.0,0.8458051869639328,-0.4962651477320017,-0.43918108701449426,0.01333333333333333,47.0,17.118022947500855,0.07701710289695678,-0.13483167338087954,-0.013483167338087954,-0.5347866416978776,-0.46643245159241264,-0.02222222222222222,47.0,16.861780250330558,0.08632282742790011,-0.04994907871232043,-0.007991852593971269,-0.6701310861423222,-0.22403751516545617,-0.08000000000000002,47.0,18.77161511252761,0.05070283722777275,-0.10194564551796334,-0.005097282275898167,-0.5662768518518518,-0.4419673615023226,-0.0888888888888889,47.0,16.70819638856815,0.04844004198815416,-0.17622230098605385,-0.004405557524651347,-0.7798185185185184,-0.36424584849878955,-0.06666666666666667,47.0,17.421004662744515,0.07309268305699425,-0.17722557286406,-0.0106335343718436
2026-08-20,Christian_Vázquez,543877,hitter,HOU,LAA,2026,824153,81,117,108,1,680570.0,Grayson_Rodriguez,1.0,1.0,0.0,0.0,0.0,4.0,4.0,0.0,1.0,9.0,0.1111111111111111,0.2225,0.2225,0.0,0.0,26.7,5.357142857142858,12.321428571428571,1.6714285714285713,1.08,0.0,73.0,0,1.0,-0.8660254037844384,-0.5000000000000004,0.43388373911755823,-0.900968867902419,0.5,1.5,0.5,0.5,0.5,0.5,1.5,0.5,0.5,0.5,synthetic,synthetic,synthetic,synthetic,synthetic,0.0,0.0,0.0,0.0,0.0,-110.0,-110.0,-110.0,-110.0,-110.0,-110.0,-110.0,-110.0,-110.0,-110.0,0.0,0.0,0.0,0.0,0.0,2026-08-26T14:02:39.082451+00:00,-0.022147619047619027,0.31718851796445335,-0.0006363522971020719,-0.09231033689479856,-0.07713909837223432,0.6,1.8,0.6,0.4,0.4,1.0,4.0,1.0,1.0,1.0,batter_pitcher_profile_network_v2,1.0,0.8,0.5183210773710765,0.0,0.7292045344176344,-0.4758947773616313,0.2883296423932349,0.0,49.0,19.211090091464783,0.09807959291345572,0.0,0.0,-0.4153421972534332,0.2773897482967951,0.0,49.0,19.423530957248374,0.0961674359629999,0.14425115394449983,0.023080184631119972,-0.6701310861423222,0.5496280993469944,0.0,49.0,16.95768989534161,0.05334438262938695,0.05334438262938695,0.0026672191314693477,-0.31465648148148134,0.3078806788961641,0.0,49.0,19.102842344376548,0.08358652420805723,0.08358652420805723,0.0020896631052014308,-0.634448148148148,0.5116476839947336,0.0,49.0,17.25692754721718,0.06384014199267456,0.047880106494505914,0.002872806389670355
2026-08-23,Christian_Vázquez,543877,hitter,HOU,ATH,2026,824150,82,117,133,1,669620.0,Brady_Basso,0.0,0.0,0.0,0.0,0.0,3.0,3.0,0.0,1.0,9.0,0.07142857142857142,0.0,0.0,0.0,0.0,10.0,1.5,7.885714285714286,6.796522556390978,1.08,0.0,73.0,0,3.0,-0.8660254037844384,-0.5000000000000004,-0.7818314824680299,0.6234898018587334,0.5,1.5,0.5,0.5,0.5,0.5,1.5,0.5,0.5,0.5,synthetic,synthetic,synthetic,synthetic,synthetic,0.0,0.0,0.0,0.0,0.0,-110.0,-110.0,-110.0,-110.0,-110.0,-110.0,-110.0,-110.0,-110.0,-110.0,0.0,0.0,0.0,0.0,0.0,2026-08-26T14:02:39.082451+00:00,0.4821045127089941,-0.12825161014164754,-0.06049294297679603,-0.19317109514285974,-0.09623020806250937,0.8,2.0,0.6,0.4,0.4,1.0,1.0,0.0,0.0,0.0,batter_pitcher_profile_network_v2,1.0,0.05,0.9425,0.0,0.5117271875,-0.5118444236371205,-0.06931746031746037,0.0,49.0,21.4210901628954,0.07222081456809192,-0.0020400859426403196,-0.00020400859426403196,-0.43879319600499384,-0.314109126984127,0.0,49.0,20.41984382421408,0.07652673407254426,0.10686493661470343,0.01709838985835255,-0.6982209737827716,-0.7809226190476191,0.0,49.0,13.240510354493727,0.009970835785524995,-0.021381415926899204,-0.0010690707963449603,-0.3084712962962962,-0.5554285714285714,0.0,49.0,17.296045185011888,0.0590078861427531,0.04915619428561025,0.0012289048571402564,-0.6282629629629629,-0.7326587301587301,0.0,49.0,14.194338104559296,0.05626016015521999,0.01572773529902817,0.0009436641179416901
