Date,Player,Player_MLBAM_ID,Player_Type,Team,Opponent,Season,Game_ID,Game_Index,Team_ID,Opponent_ID,Is_Home,Opp_Starter_ID,Opp_Starter_Player,H,TB,R,HR,RBI,PA,AB,BB,SO,Batting_Order,Team_PA_share,wOBA,xwOBA,ISO,Barrel%,HardHit%,Opp_Pitcher_ERA_3,Opp_Pitcher_K9_3,Opp_Bullpen_ERA_7,Park_Factor,Wind_Out_MPH,Temp_F,Did_Not_Play,Rest_Days,Month_sin,Month_cos,DayOfWeek_sin,DayOfWeek_cos,Market_H,Market_TB,Market_R,Market_HR,Market_RBI,Synthetic_Market_H,Synthetic_Market_TB,Synthetic_Market_R,Synthetic_Market_HR,Synthetic_Market_RBI,Market_Source_H,Market_Source_TB,Market_Source_R,Market_Source_HR,Market_Source_RBI,Market_H_books,Market_TB_books,Market_R_books,Market_HR_books,Market_RBI_books,Market_H_over_price,Market_TB_over_price,Market_R_over_price,Market_HR_over_price,Market_RBI_over_price,Market_H_under_price,Market_TB_under_price,Market_R_under_price,Market_HR_under_price,Market_RBI_under_price,Market_H_line_std,Market_TB_line_std,Market_R_line_std,Market_HR_line_std,Market_RBI_line_std,Market_Fetched_At_UTC,H_market_gap,TB_market_gap,R_market_gap,HR_market_gap,RBI_market_gap,H_rolling_avg,TB_rolling_avg,R_rolling_avg,HR_rolling_avg,RBI_rolling_avg,H_lag1,TB_lag1,R_lag1,HR_lag1,RBI_lag1,Matchup_Network_Version,Matchup_Network_Batter_Support,Matchup_Network_Pitcher_Support,Pitcher_Profile_Uncertainty,Batter_Vs_Starter_Games,Matchup_Network_Confidence,Batter_Profile_H_Strength,Pitcher_Profile_H_Vulnerability,Batter_Vs_Starter_H_Lift,Archetype_Neighbor_H_Games,Archetype_Neighbor_H_Effective_Support,Archetype_Neighbor_H_Lift,Matchup_Network_H_Score,Matchup_Network_H_Adjustment,Batter_Profile_TB_Strength,Pitcher_Profile_TB_Vulnerability,Batter_Vs_Starter_TB_Lift,Archetype_Neighbor_TB_Games,Archetype_Neighbor_TB_Effective_Support,Archetype_Neighbor_TB_Lift,Matchup_Network_TB_Score,Matchup_Network_TB_Adjustment,Batter_Profile_R_Strength,Pitcher_Profile_R_Vulnerability,Batter_Vs_Starter_R_Lift,Archetype_Neighbor_R_Games,Archetype_Neighbor_R_Effective_Support,Archetype_Neighbor_R_Lift,Matchup_Network_R_Score,Matchup_Network_R_Adjustment,Batter_Profile_HR_Strength,Pitcher_Profile_HR_Vulnerability,Batter_Vs_Starter_HR_Lift,Archetype_Neighbor_HR_Games,Archetype_Neighbor_HR_Effective_Support,Archetype_Neighbor_HR_Lift,Matchup_Network_HR_Score,Matchup_Network_HR_Adjustment,Batter_Profile_RBI_Strength,Pitcher_Profile_RBI_Vulnerability,Batter_Vs_Starter_RBI_Lift,Archetype_Neighbor_RBI_Games,Archetype_Neighbor_RBI_Effective_Support,Archetype_Neighbor_RBI_Lift,Matchup_Network_RBI_Score,Matchup_Network_RBI_Adjustment
2026-03-01,Miguel_Rojas,500743,hitter,LAD,LAA,2026,831827,0,119,108,1,672282.0,Reid_Detmers,0.0,0.0,0.0,0.0,1.0,3.0,2.0,0.0,0.0,1.0,0.075,0.0,0.0,0.0,0.0,10.0,4.1,8.2,4.0,1.0611111111111111,0.0,88.0,0,2.0,1.0,6.123233995736766e-17,-0.7818314824680299,0.6234898018587334,0.5,0.5,0.5,0.5,0.5,0.5,0.5,0.5,0.5,0.5,synthetic,synthetic,synthetic,synthetic,synthetic,0.0,0.0,0.0,0.0,0.0,-110.0,-110.0,-110.0,-110.0,-110.0,-110.0,-110.0,-110.0,-110.0,-110.0,0.0,0.0,0.0,0.0,0.0,2026-08-26T14:02:39.082451+00:00,-0.2630833333333333,-0.5,-0.49875,-0.48044444444444445,0.33520000000000016,0.0,0.0,0.0,0.0,1.0,0.0,0.0,0.0,0.0,1.0,,0.0,0.0,1.0,0.0,0.0,0.0,0.0,0.0,0.0,0.0,0.0,0.0,0.0,0.0,0.0,0.0,0.0,0.0,0.0,0.0,0.0,0.0,0.0,0.0,0.0,0.0,0.0,0.0,0.0,0.0,0.0,0.0,0.0,0.0,0.0,0.0,0.0,0.0,0.0,0.0,0.0,0.0,0.0,0.0,0.0
2026-03-03,Miguel_Rojas,500743,hitter,LAD,CLE,2026,831811,1,119,114,0,676282.0,Joey_Cantillo,2.0,5.0,1.0,1.0,2.0,3.0,3.0,0.0,1.0,1.0,0.0769230769230769,0.9966666666666668,0.9966666666666668,1.0,30.0,65.0,4.1,8.2,5.142857142857143,1.08,-5.0,82.0,0,2.0,1.0,6.123233995736766e-17,0.7818314824680298,0.6234898018587336,0.5,0.5,0.5,0.5,0.5,0.5,0.5,0.5,0.5,0.5,synthetic,synthetic,synthetic,synthetic,synthetic,0.0,0.0,0.0,0.0,0.0,-110.0,-110.0,-110.0,-110.0,-110.0,-110.0,-110.0,-110.0,-110.0,-110.0,0.0,0.0,0.0,0.0,0.0,2026-08-26T14:02:39.082451+00:00,-0.23347545787545781,1.12915,0.1089826007326008,-0.14939999999999998,0.6936043956043958,0.0,0.0,0.0,0.0,1.0,0.0,0.0,0.0,0.0,1.0,batter_pitcher_profile_network_v2,0.0333333333333333,0.0,1.0,0.0,0.0166666666666666,-0.0999999999999999,0.0,0.0,0.0,0.0,0.0,0.0,0.0,-0.4,0.0,0.0,0.0,0.0,0.0,0.0,0.0,0.0999999999999999,0.0,0.0,0.0,0.0,0.0,0.0,0.0,-0.95625,0.0,0.0,0.0,0.0,0.0,0.0,0.0,-0.6999999999999998,0.0,0.0,0.0,0.0,0.0,0.0,0.0
2026-03-04,Miguel_Rojas,500743,hitter,LAD,MEX,2026,831799,2,119,867,1,657514.0,Brennan_Bernardino,1.0,1.0,0.0,0.0,0.0,3.0,2.0,1.0,0.0,1.0,0.0714285714285714,0.5266666666666667,0.5266666666666667,0.0,0.0,63.20000000000001,4.1,8.2,6.750000000000002,1.0611111111111111,0.0,80.0,0,1.0,1.0,6.123233995736766e-17,0.9749279121818236,-0.22252093395631434,0.5,2.5,0.5,0.5,1.5,0.5,2.5,0.5,0.5,1.5,synthetic,synthetic,synthetic,synthetic,synthetic,0.0,0.0,0.0,0.0,0.0,-110.0,-110.0,-110.0,-110.0,-110.0,-110.0,-110.0,-110.0,-110.0,-110.0,0.0,0.0,0.0,0.0,0.0,2026-08-26T14:02:39.082451+00:00,0.7643333333333335,-0.047416666666666885,0.3839166666666667,-0.030444444444444496,0.12650000000000028,1.0,2.5,0.5,0.5,1.5,2.0,5.0,1.0,1.0,2.0,batter_pitcher_profile_network_v2,0.0666666666666666,0.0,1.0,0.0,0.0333333333333333,0.5631944444444446,0.0,0.0,0.0,0.0,0.0,0.0,0.0,0.6916666666666667,0.0,0.0,0.0,0.0,0.0,0.0,0.0,0.8458333333333334,0.0,0.0,0.0,0.0,0.0,0.0,0.0,0.7944444444444445,0.0,0.0,0.0,0.0,0.0,0.0,0.0,0.7944444444444444,0.0,0.0,0.0,0.0,0.0,0.0,0.0
2026-03-06,Miguel_Rojas,500743,hitter,LAD,KC,2026,831842,3,119,118,1,687765.0,,3.0,3.0,1.0,0.0,0.0,3.0,3.0,0.0,0.0,1.0,0.0789473684210526,0.89,0.89,0.0,0.0,65.0,4.1,8.2,3.7125,1.0611111111111111,0.0,70.0,0,2.0,1.0,6.123233995736766e-17,-0.433883739117558,-0.9009688679024191,0.5,1.5,0.5,0.5,0.5,0.5,1.5,0.5,0.5,0.5,synthetic,synthetic,synthetic,synthetic,synthetic,0.0,0.0,0.0,0.0,0.0,-110.0,-110.0,-110.0,-110.0,-110.0,-110.0,-110.0,-110.0,-110.0,-110.0,0.0,0.0,0.0,0.0,0.0,2026-08-26T14:02:39.082451+00:00,0.46721929824561403,0.2542938596491229,0.1946820175438595,-0.24711111111111111,0.4324671052631579,1.0,2.0,0.3333333333333333,0.3333333333333333,1.0,1.0,1.0,0.0,0.0,0.0,batter_pitcher_profile_network_v2,0.1,0.0,1.0,0.0,0.05,0.8667129629629629,0.0,0.0,0.0,0.0,0.0,0.0,0.0,0.9019444444444444,0.0,0.0,0.0,0.0,0.0,0.0,0.0,0.984722222222222,0.0,0.0,0.0,0.0,0.0,0.0,0.0,0.6708796296296298,0.0,0.0,0.0,0.0,0.0,0.0,0.0,0.8896296296296297,0.0,0.0,0.0,0.0,0.0,0.0,0.0
2026-03-07,Miguel_Rojas,500743,hitter,LAD,COL,2026,831863,4,119,115,1,807743.0,,0.0,0.0,0.0,0.0,0.0,3.0,3.0,0.0,0.0,1.0,0.075,0.0,0.0,0.0,0.0,10.0,4.1,8.2,4.928571428571429,1.0611111111111111,-4.0,77.0,0,1.0,1.0,6.123233995736766e-17,-0.9749279121818236,-0.2225209339563146,1.5,2.5,0.5,0.5,0.5,1.5,2.5,0.5,0.5,0.5,synthetic,synthetic,synthetic,synthetic,synthetic,0.0,0.0,0.0,0.0,0.0,-110.0,-110.0,-110.0,-110.0,-110.0,-110.0,-110.0,-110.0,-110.0,-110.0,0.0,0.0,0.0,0.0,0.0,2026-08-26T14:02:39.082451+00:00,0.16272619047619052,-0.7155166666666666,0.0076785714285714235,-0.30544444444444446,0.05162857142857158,1.5,2.25,0.5,0.25,0.75,3.0,3.0,1.0,0.0,0.0,batter_pitcher_profile_network_v2,0.1333333333333333,0.0,1.0,0.0,0.0666666666666666,0.9422222222222224,0.0,0.0,0.0,0.0,0.0,0.0,0.0,0.915,0.0,0.0,0.0,0.0,0.0,0.0,0.0,1.0,0.0,0.0,0.0,0.0,0.0,0.0,0.0,0.5390972222222222,0.0,0.0,0.0,0.0,0.0,0.0,0.0,0.8922222222222222,0.0,0.0,0.0,0.0,0.0,0.0,0.0
2026-03-10,Miguel_Rojas,500743,hitter,LAD,AZ,2026,831956,5,119,109,1,694297.0,Brandon_Pfaadt,0.0,0.0,0.0,0.0,1.0,3.0,3.0,0.0,2.0,1.0,0.0833333333333333,0.0,0.0,0.0,0.0,10.0,0.0,3.8571428571428577,4.938311688311688,1.0611111111111111,-7.0,73.0,0,3.0,1.0,6.123233995736766e-17,0.7818314824680298,0.6234898018587336,1.5,1.5,0.5,0.5,0.5,1.5,1.5,0.5,0.5,0.5,synthetic,synthetic,synthetic,synthetic,synthetic,0.0,0.0,0.0,0.0,0.0,-110.0,-110.0,-110.0,-110.0,-110.0,-110.0,-110.0,-110.0,-110.0,-110.0,0.0,0.0,0.0,0.0,0.0,2026-08-26T14:02:39.082451+00:00,-0.25046671782202967,-0.40596143940952367,-0.1855708551787718,-0.3404668243685516,-0.04033544633279884,1.2,1.8,0.4,0.2,0.6,0.0,0.0,0.0,0.0,0.0,batter_pitcher_profile_network_v2,0.1666666666666666,0.05,0.9425,0.0,0.0950605208333333,0.8515555555555556,-0.3782857142857143,0.0,0.0,0.0,0.0,-0.0030870916402116,-0.0003087091640211,0.7428333333333333,-0.4782857142857142,0.0,0.0,0.0,0.0,-0.0034048296428571,-0.0005447727428571,1.0,-0.4934391534391533,0.0,0.0,0.0,0.0,-0.0047287918871252,-0.0002364395943562,0.1953055555555556,-0.4782857142857142,0.0,0.0,0.0,0.0,-0.0008951969642857,-2.237992410714286e-05,0.6765555555555556,-0.6452910052910054,0.0,0.0,0.0,0.0,-0.0041838458063883,-0.0002510307483833
2026-03-12,Miguel_Rojas,500743,hitter,LAD,CIN,2026,831894,6,119,113,1,666157.0,Nick_Lodolo,0.0,0.0,0.0,0.0,0.0,3.0,3.0,0.0,0.0,1.0,0.073170731707317,0.0,0.0,0.0,0.0,10.0,3.0,12.0,10.211688311688311,1.0611111111111111,0.0,90.0,0,2.0,1.0,6.123233995736766e-17,0.43388373911755823,-0.900968867902419,1.5,1.5,0.5,0.5,0.5,1.5,1.5,0.5,0.5,0.5,synthetic,synthetic,synthetic,synthetic,synthetic,0.0,0.0,0.0,0.0,0.0,-110.0,-110.0,-110.0,-110.0,-110.0,-110.0,-110.0,-110.0,-110.0,-110.0,0.0,0.0,0.0,0.0,0.0,2026-08-26T14:02:39.082451+00:00,-0.38182694978035037,-0.4161706771533875,0.06578146899396842,-0.34044444444444444,0.3718328119222205,1.2,1.8,0.4,0.2,0.6,0.0,0.0,0.0,0.0,1.0,batter_pitcher_profile_network_v2,0.2,0.05,0.9425,0.0,0.1117271875,0.5598611111111113,0.2245,0.0,0.0,0.0,0.0,0.0014454214236111,0.0001445421423611,0.4738888888888889,0.3939999999999999,0.0,0.0,0.0,0.0,0.0021471905555555,0.0003435504888888,0.8458333333333334,0.518,0.0,0.0,0.0,0.0,0.0050386291666666,0.0002519314583333,-0.0338888888888888,0.3939999999999999,0.0,0.0,0.0,0.0,0.0,0.0,0.5327777777777778,0.5430000000000001,0.0,0.0,0.0,0.0,0.0033269308333333,0.00019961585
2026-03-13,Miguel_Rojas,500743,hitter,LAD,SEA,2026,831801,7,119,136,0,807739.0,Kade_Anderson,1.0,2.0,1.0,0.0,0.0,3.0,3.0,0.0,0.0,1.0,0.0697674418604651,0.4233333333333333,0.4233333333333333,0.3333333333333333,28.33333333333333,65.0,4.1,8.2,8.592857142857143,1.0722222222222222,0.0,87.0,0,1.0,1.0,6.123233995736766e-17,-0.433883739117558,-0.9009688679024191,0.5,0.5,0.5,0.5,0.5,0.5,0.5,0.5,0.5,0.5,synthetic,synthetic,synthetic,synthetic,synthetic,0.0,0.0,0.0,0.0,0.0,-110.0,-110.0,-110.0,-110.0,-110.0,-110.0,-110.0,-110.0,-110.0,-110.0,0.0,0.0,0.0,0.0,0.0,2026-08-26T14:02:39.082451+00:00,0.457296696674806,0.5552221390782945,0.08472653440787659,-0.32276689363946764,-0.018475398650531993,0.8,0.8,0.2,0.0,0.2,0.0,0.0,0.0,0.0,0.0,batter_pitcher_profile_network_v2,0.2333333333333333,0.05,0.9425,0.0,0.1283938541666666,0.3861805555555557,-0.5965,0.0,0.0,0.0,0.0,-0.0030906190769675,-0.0003090619076967,0.2630357142857144,-0.6739999999999999,0.0,0.0,0.0,0.0,-0.002378588125,-0.0003805741,0.6227678571428573,-0.9733333333333332,0.0,0.0,0.0,0.0,-0.00813265625,-0.0004066328125,-0.1975992063492063,-0.6739999999999999,0.0,0.0,0.0,0.0,-0.0017868566898148,-4.467141724537036e-05,0.2102876984126984,-0.9733333333333332,0.0,0.0,0.0,0.0,-0.0027461236882716,-0.0001647674212962
2026-03-15,Miguel_Rojas,500743,hitter,LAD,TEX,2026,831727,8,119,140,1,657022.0,,2.0,2.0,1.0,0.0,0.0,3.0,3.0,0.0,0.0,1.0,0.0909090909090909,0.5933333333333334,0.5933333333333334,0.0,0.0,65.0,4.1,8.2,2.9472527472527474,1.0611111111111111,0.0,86.0,0,2.0,1.0,6.123233995736766e-17,-0.7818314824680299,0.6234898018587334,0.5,0.5,0.5,0.5,0.5,0.5,0.5,0.5,0.5,0.5,synthetic,synthetic,synthetic,synthetic,synthetic,0.0,0.0,0.0,0.0,0.0,-110.0,-110.0,-110.0,-110.0,-110.0,-110.0,-110.0,-110.0,-110.0,-110.0,0.0,0.0,0.0,0.0,0.0,2026-08-26T14:02:39.082451+00:00,0.3925252195773995,0.6533279376727275,0.19052603461642525,-0.4804574284236111,-0.22500399764493828,0.8,1.0,0.4,0.0,0.2,1.0,2.0,1.0,0.0,0.0,batter_pitcher_profile_network_v2,0.2666666666666666,0.05,0.9425,0.0,0.1450605208333333,0.5401215277777779,-0.404,0.0,0.0,0.0,0.0,-0.003345872824074,-0.0003345872824074,0.4271180555555556,-0.5039999999999999,0.0,0.0,0.0,0.0,-0.0033007683333333,-0.0005281229333333,0.7226562500000001,-0.8399999999999999,0.0,0.0,0.0,0.0,-0.0093078125,-0.000465390625,0.0672048611111111,-0.5039999999999999,0.0,0.0,0.0,0.0,-0.0005193591666666,-1.2983979166666667e-05,0.3567881944444446,-0.8399999999999999,0.0,0.0,0.0,0.0,-0.0045954319444444,-0.0002757259166666
2026-03-16,Miguel_Rojas,500743,hitter,LAD,MIL,2026,831785,9,119,158,1,694477.0,Chad_Patrick,0.0,0.0,0.0,0.0,0.0,3.0,2.0,1.0,1.0,1.0,0.0666666666666666,0.2299999999999999,0.2299999999999999,0.0,0.0,27.6,5.25,12.0,4.062009419152276,1.0611111111111111,0.0,90.0,0,1.0,1.0,6.123233995736766e-17,0.0,1.0,0.5,0.5,0.5,0.5,0.5,0.5,0.5,0.5,0.5,0.5,synthetic,synthetic,synthetic,synthetic,synthetic,0.0,0.0,0.0,0.0,0.0,-110.0,-110.0,-110.0,-110.0,-110.0,-110.0,-110.0,-110.0,-110.0,-110.0,0.0,0.0,0.0,0.0,0.0,2026-08-26T14:02:39.082451+00:00,0.23546627721035052,0.3411683809109418,0.017448425061042494,-0.48044444444444445,-0.30570954248522264,0.6,0.8,0.4,0.0,0.2,2.0,2.0,1.0,0.0,0.0,batter_pitcher_profile_network_v2,0.3,0.1,0.7559143667485326,0.0,0.1757400490073304,0.7424922839506172,0.1813333333333334,0.0,0.0,0.0,0.0,0.0098590044425953,0.0009859004442595,0.5484104938271603,0.2,0.0,0.0,0.0,0.0,0.0080315473600531,0.0012850475776085,0.906597222222222,0.3307777777777778,0.0,0.0,0.0,0.0,0.0219590820685774,0.0010979541034288,-0.0034567901234567,0.1083333333333333,0.0,0.0,0.0,0.0,0.0,0.0,0.4607793209876544,0.3902222222222223,0.0,0.0,0.0,0.0,0.0131664426193938,0.0007899865571636
2026-03-18,Miguel_Rojas,500743,hitter,LAD,SF,2026,831761,10,119,137,1,694738.0,Landen_Roupp,1.0,1.0,1.0,0.0,0.0,3.0,3.0,0.0,0.0,1.0,0.088235294117647,0.2966666666666667,0.2966666666666667,0.0,0.0,35.6,3.0,9.0,0.7857142857142857,1.0611111111111111,0.0,96.0,0,2.0,1.0,6.123233995736766e-17,0.9749279121818236,-0.22252093395631434,0.5,0.5,0.5,0.5,0.5,0.5,0.5,0.5,0.5,0.5,synthetic,synthetic,synthetic,synthetic,synthetic,0.0,0.0,0.0,0.0,0.0,-110.0,-110.0,-110.0,-110.0,-110.0,-110.0,-110.0,-110.0,-110.0,-110.0,0.0,0.0,0.0,0.0,0.0,2026-08-26T14:02:39.082451+00:00,0.031389484901236386,0.110950236901179,-0.22447761806289923,-0.48056403457808616,-0.42561241655680954,0.6,0.8,0.4,0.0,0.2,0.0,0.0,0.0,0.0,0.0,batter_pitcher_profile_network_v2,0.3333333333333333,0.15,0.7981009526419165,0.0,0.2045015616618714,0.578875,-0.4479090909090909,0.0,0.0,0.0,0.0,-0.0174496888027629,-0.0017449688802762,0.3946944444444445,-0.5849431818181818,0.0,0.0,0.0,0.0,-0.0155377350539056,-0.0024860376086249,0.7660416666666666,-0.3322588383838383,0.0,0.0,0.0,0.0,-0.0171293920703085,-0.0008564696035154,-0.1015416666666666,-0.7,0.0,0.0,0.0,0.0,-0.0047836053456688,-0.0001195901336417,0.3434583333333333,-0.4779343434343434,0.0,0.0,0.0,0.0,-0.0110472787479464,-0.0006628367248767
2026-03-20,Miguel_Rojas,500743,hitter,LAD,SD,2026,831766,11,119,135,1,594835.0,Marco_Gonzales,2.0,3.0,0.0,0.0,1.0,3.0,3.0,0.0,0.0,9.0,0.073170731707317,0.7200000000000001,0.7200000000000001,0.3333333333333333,28.33333333333333,65.0,4.1,8.2,1.4464285714285714,1.0611111111111111,0.0,104.0,0,2.0,1.0,6.123233995736766e-17,-0.433883739117558,-0.9009688679024191,0.5,0.5,0.5,0.5,0.5,0.5,0.5,0.5,0.5,0.5,synthetic,synthetic,synthetic,synthetic,synthetic,0.0,0.0,0.0,0.0,0.0,-110.0,-110.0,-110.0,-110.0,-110.0,-110.0,-110.0,-110.0,-110.0,-110.0,0.0,0.0,0.0,0.0,0.0,2026-08-26T14:02:39.082451+00:00,0.391978745127055,0.9526968824946631,0.21206105666756747,-0.3262777777777778,-0.4182780499610517,0.8,1.0,0.6,0.0,0.0,1.0,1.0,1.0,0.0,0.0,batter_pitcher_profile_network_v2,0.3666666666666666,0.05,0.9425,0.0,0.1950605208333333,0.5932386363636365,0.98125,0.0,0.0,0.0,0.0,0.0122729332682291,0.0012272933268229,0.3734722222222223,0.9613157894736842,0.0,0.0,0.0,0.0,0.0075694383558723,0.0012111101369395,0.7608901515151516,0.9905263157894736,0.0,0.0,0.0,0.0,0.0158901228983918,0.0007945061449195,-0.1737121212121211,0.9376315789473684,0.0,0.0,0.0,0.0,0.0,0.0,0.2820643939393942,0.9857894736842104,0.0,0.0,0.0,0.0,0.0058623496619152,0.0003517409797149
2026-03-24,Miguel_Rojas,500743,hitter,LAD,LAA,2026,831820,12,119,108,1,686799.0,Jack_Kochanowicz,0.0,0.0,0.0,0.0,0.0,2.0,2.0,0.0,0.0,2.0,0.064516129032258,0.0,0.0,0.0,0.0,10.0,1.3499999999999999,7.1000000000000005,4.222165991902835,1.08,0.0,80.0,0,4.0,1.0,6.123233995736766e-17,0.7818314824680298,0.6234898018587336,1.5,1.5,0.5,0.5,0.5,1.5,1.5,0.5,0.5,0.5,synthetic,synthetic,synthetic,synthetic,synthetic,0.0,0.0,0.0,0.0,0.0,-110.0,-110.0,-110.0,-110.0,-110.0,-110.0,-110.0,-110.0,-110.0,-110.0,0.0,0.0,0.0,0.0,0.0,2026-08-26T14:02:39.082451+00:00,-0.14980542565314203,-0.1202984254522681,-0.127326128798814,-0.4743988959773962,-0.21028691181469272,1.2,1.6,0.6,0.0,0.2,2.0,3.0,0.0,0.0,1.0,batter_pitcher_profile_network_v2,0.4,0.1,0.7113666395337801,0.0,0.2262857586657112,0.7867708333333333,-0.3226470588235294,0.0,0.0,0.0,0.0,-0.0293077500667486,-0.0029307750066748,0.5663657407407408,0.0573455882352941,0.0,0.0,0.0,0.0,0.0037497602781644,0.0005999616445063,0.9133680555555554,-0.0900416666666665,0.0,0.0,0.0,0.0,-0.0094950194920168,-0.0004747509746008,0.0008333333333333,0.4590000000000001,0.0,0.0,0.0,0.0,4.416090415133268e-05,1.104022603783317e-06,0.4569097222222223,-0.0840980392156861,0.0,0.0,0.0,0.0,-0.0044363191961651,-0.0002661791517699
2026-03-26,Miguel_Rojas,500743,hitter,LAD,AZ,2026,823974,13,119,109,1,668678.0,Zac_Gallen,1.0,1.0,1.0,0.0,0.0,4.0,4.0,0.0,1.0,9.0,0.1,0.2225,0.2225,0.0,0.0,26.7,7.875,4.125,3.6972527472527474,1.08,7.0,76.0,0,2.0,1.0,6.123233995736766e-17,0.43388373911755823,-0.900968867902419,0.5,1.5,0.5,0.5,0.5,0.5,1.5,0.5,0.5,0.5,synthetic,synthetic,synthetic,synthetic,synthetic,0.0,0.0,0.0,0.0,0.0,-110.0,-110.0,-110.0,-110.0,-110.0,-110.0,-110.0,-110.0,-110.0,-110.0,0.0,0.0,0.0,0.0,0.0,2026-08-26T14:02:39.082451+00:00,0.6030367881211889,-0.6450657224413988,-0.18236113462042863,-0.4744,-0.28686717106557025,1.0,1.2,0.4,0.0,0.2,0.0,0.0,0.0,0.0,0.0,batter_pitcher_profile_network_v2,0.4333333333333333,0.2,0.8243750000000001,0.0,0.2664694791666667,0.6510911493477285,0.941125,0.0,0.0,0.0,0.0,0.0466334489774553,0.0046633448977455,0.4264681736392263,0.955,0.0,0.0,0.0,0.0,0.0309954847412585,0.0049592775586013,0.7577555668016196,0.5726634615384616,0.0,0.0,0.0,0.0,0.03302456033868,0.001651228016934,-0.0899893162393161,0.955,0.0,0.0,0.0,0.0,0.0,0.0,0.2716292735042737,0.741894230769231,0.0,0.0,0.0,0.0,0.0153365261965394,0.0009201915717923
2026-03-28,Miguel_Rojas,500743,hitter,LAD,AZ,2026,823973,14,119,109,1,593958.0,Eduardo_Rodriguez,2.0,2.0,0.0,0.0,0.0,2.0,2.0,0.0,0.0,9.0,0.0625,0.89,0.89,0.0,0.0,65.0,10.8,10.800000000000002,4.05,1.08,0.0,76.0,0,2.0,1.0,6.123233995736766e-17,-0.9749279121818236,-0.2225209339563146,0.5,0.5,0.5,0.5,0.5,0.5,0.5,0.5,0.5,0.5,synthetic,synthetic,synthetic,synthetic,synthetic,0.0,0.0,0.0,0.0,0.0,-110.0,-110.0,-110.0,-110.0,-110.0,-110.0,-110.0,-110.0,-110.0,-110.0,0.0,0.0,0.0,0.0,0.0,2026-08-26T14:02:39.082451+00:00,0.22726114496918404,0.6248998173388889,0.2938922268663192,-0.4744367096770833,-0.11392596946874994,0.8,1.0,0.4,0.0,0.2,1.0,1.0,1.0,0.0,0.0,batter_pitcher_profile_network_v2,0.4666666666666667,0.05,0.9425,0.0,0.2450605208333333,0.5470907738095238,-0.2365,0.0,1.0,0.0,0.0,-0.003471883641493,-0.0003471883641493,0.3291021825396825,-0.354,0.0,1.0,0.0,0.0,-0.0031261416319444,-0.0005001826611111,0.6355282738095236,0.4600000000000002,0.0,1.0,0.0,0.0,0.0078445373263888,0.0003922268663194,-0.1545833333333332,-0.354,0.0,1.0,0.0,0.0,-0.0014683870833333,-3.670967708333331e-05,0.1768526785714286,0.2600000000000001,0.0,1.0,0.0,0.0,0.0012338421875,7.403053125000005e-05
2026-03-30,Miguel_Rojas,500743,hitter,LAD,CLE,2026,823972,15,119,114,1,800048.0,Parker_Messick,1.0,2.0,0.0,0.0,0.0,3.0,3.0,0.0,0.0,8.0,0.0909090909090909,0.4233333333333333,0.4233333333333333,0.3333333333333333,28.33333333333333,65.0,4.046218487394958,8.546218487394958,2.363807245386193,1.08,0.0,68.0,0,2.0,1.0,6.123233995736766e-17,0.0,1.0,1.5,1.5,0.5,0.5,0.5,1.5,1.5,0.5,0.5,0.5,synthetic,synthetic,synthetic,synthetic,synthetic,0.0,0.0,0.0,0.0,0.0,-110.0,-110.0,-110.0,-110.0,-110.0,-110.0,-110.0,-110.0,-110.0,-110.0,0.0,0.0,0.0,0.0,0.0,2026-08-26T14:02:39.082451+00:00,-0.310219028499749,0.23620354173189262,-0.14197931345053677,-0.32023333333333337,-0.3047805155619959,1.2,1.4,0.4,0.0,0.2,2.0,2.0,0.0,0.0,0.0,batter_pitcher_profile_network_v2,0.5,0.15,0.7865596249670661,0.0,0.2880469668912301,0.7451066919191918,0.0632866630523177,0.0,1.0,0.0,0.0,0.0050324241818747,0.0005032424181874,0.4762655723905722,0.2189792287882895,0.0,1.0,0.0,0.0,0.0111300903697838,0.0017808144591654,0.8233049242424241,-0.0679382059275321,0.0,1.0,0.0,0.0,-0.0059692719726877,-0.0002984635986343,-0.1821944444444444,0.3499268094334508,0.0,1.0,0.0,0.0,0.0,0.0,0.3177708333333333,0.058990557513328,0.0,1.0,0.0,0.0,0.0020005209933918,0.0001200312596035
2026-03-31,Miguel_Rojas,500743,hitter,LAD,CLE,2026,823969,16,119,114,1,676440.0,Tanner_Bibee,0.0,0.0,0.0,0.0,0.0,2.0,2.0,0.0,1.0,9.0,0.054054054054054,0.0,0.0,0.0,0.0,10.0,10.119327731092438,8.77563025210084,2.7923786739576215,1.08,0.0,66.0,0,1.0,1.0,6.123233995736766e-17,0.7818314824680298,0.6234898018587336,1.5,1.5,0.5,0.5,0.5,1.5,1.5,0.5,0.5,0.5,synthetic,synthetic,synthetic,synthetic,synthetic,0.0,0.0,0.0,0.0,0.0,-110.0,-110.0,-110.0,-110.0,-110.0,-110.0,-110.0,-110.0,-110.0,-110.0,0.0,0.0,0.0,0.0,0.0,2026-08-26T14:02:39.082451+00:00,-0.5035813794678043,-0.26606891329644977,-0.4980419820660187,-0.4744,-0.4522680745019492,1.2,1.6,0.2,0.0,0.2,1.0,2.0,0.0,0.0,0.0,batter_pitcher_profile_network_v2,0.5333333333333333,0.25,0.7793775076626512,0.0,0.3302982304944979,0.8002109652039004,0.5287822964759026,0.0,1.0,0.0,0.0,0.0497886005280679,0.0049788600528067,0.5453576573581558,0.6091329723984454,0.0,1.0,0.0,0.0,0.0390878729782703,0.0062540596765232,0.825416251108156,0.4032042780748662,0.0,1.0,0.0,0.0,0.0391603586796266,0.0019580179339813,-0.0507552083333333,0.6091329723984454,0.0,1.0,0.0,0.0,0.0,0.0,0.3628971354166667,0.6032042780748663,0.0,1.0,0.0,0.0,0.0257570705433703,0.0015454242326022
2026-04-04,Miguel_Rojas,500743,hitter,LAD,WSH,2026,822757,17,119,120,0,663623.0,Jake_Irvin,0.0,0.0,0.0,0.0,1.0,4.0,3.0,0.0,0.0,3.0,0.0869565217391304,0.0,0.0,0.0,0.0,10.0,3.0,10.799999999999999,5.073214285714286,1.08,5.0,87.0,0,4.0,0.8660254037844387,-0.4999999999999998,-0.9749279121818236,-0.2225209339563146,0.5,0.5,0.5,0.5,0.5,0.5,0.5,0.5,0.5,0.5,synthetic,synthetic,synthetic,synthetic,synthetic,0.0,0.0,0.0,0.0,0.0,-110.0,-110.0,-110.0,-110.0,-110.0,-110.0,-110.0,-110.0,-110.0,-110.0,0.0,0.0,0.0,0.0,0.0,2026-08-26T14:02:39.082451+00:00,0.21284922843134468,0.11156759806522432,-0.322888614629923,-0.4744,-0.43723590549300806,0.8,1.0,0.2,0.0,0.0,0.0,0.0,0.0,0.0,0.0,batter_pitcher_profile_network_v2,0.5666666666666667,0.15,0.7574743127549377,0.0,0.3219147428364613,0.6196909180338801,-0.3489814814814815,0.0,2.0,0.0,0.0,-0.0297209662041537,-0.0029720966204153,0.3889633353341337,-0.0045509259259259,0.0,2.0,0.0,0.0,-0.0002432729619125,-3.892367390601405e-05,0.6234425020008004,-0.201807098765432,0.0,2.0,0.0,0.0,-0.0172909261388326,-0.0008645463069416,-0.1171732026143791,0.312,0.0,2.0,0.0,0.0,0.0,0.0,0.2042422385620916,-0.0935123456790123,0.0,2.0,0.0,0.0,-0.0026248223989957,-0.0001574893439397
2026-04-05,Miguel_Rojas,500743,hitter,LAD,WSH,2026,822756,18,119,120,0,656492.0,Foster_Griffin,1.0,1.0,0.0,0.0,0.0,5.0,5.0,0.0,2.0,2.0,0.119047619047619,0.178,0.178,0.0,0.0,21.36,4.0,10.0,5.860714285714286,1.08,-4.0,60.0,0,1.0,0.8660254037844387,-0.4999999999999998,-0.7818314824680299,0.6234898018587334,0.5,0.5,0.5,0.5,0.5,0.5,0.5,0.5,0.5,0.5,synthetic,synthetic,synthetic,synthetic,synthetic,0.0,0.0,0.0,0.0,0.0,-110.0,-110.0,-110.0,-110.0,-110.0,-110.0,-110.0,-110.0,-110.0,-110.0,0.0,0.0,0.0,0.0,0.0,2026-08-26T14:02:39.082451+00:00,0.20719496526230552,0.22473651718371768,-0.13580097355802895,-0.47467979721314546,-0.010803631888816001,0.8,1.0,0.2,0.0,0.2,0.0,0.0,0.0,0.0,1.0,batter_pitcher_profile_network_v2,0.6,0.2,0.7808351289303834,0.0,0.3508695393412055,0.5474373616934544,-0.1806249999999999,0.0,2.0,0.0,0.0,-0.0130027283293254,-0.0013002728329325,0.308751965408805,-0.3099531249999999,0.0,2.0,0.0,0.0,-0.0125842676017644,-0.0020134828162823,0.5240123820754716,-0.4315052083333332,0.0,2.0,0.0,0.0,-0.0297337568748625,-0.0014866878437431,-0.1762114197530864,-0.4829999999999999,0.0,2.0,0.0,0.0,-0.0111918885258237,-0.0002797972131455,0.0759934413580246,-0.3991874999999999,0.0,2.0,0.0,0.0,-0.0039891029088393,-0.0002393461745303
2026-04-08,Miguel_Rojas,500743,hitter,LAD,TOR,2026,822833,19,119,141,0,656302.0,Dylan_Cease,0.0,0.0,1.0,0.0,0.0,4.0,3.0,1.0,1.0,9.0,0.0975609756097561,0.1725,0.1725,0.0,0.0,20.7,1.9471153846153848,14.503846153846155,5.386363636363636,1.08,0.0,68.0,0,3.0,0.8660254037844387,-0.4999999999999998,0.9749279121818236,-0.22252093395631434,0.5,0.5,0.5,0.5,0.5,0.5,0.5,0.5,0.5,0.5,synthetic,synthetic,synthetic,synthetic,synthetic,0.0,0.0,0.0,0.0,0.0,-110.0,-110.0,-110.0,-110.0,-110.0,-110.0,-110.0,-110.0,-110.0,-110.0,0.0,0.0,0.0,0.0,0.0,2026-08-26T14:02:39.082451+00:00,0.10500013586819013,0.3367062822085699,-0.38821396091585136,-0.47519796228926237,-0.22127621902527517,0.8,1.0,0.0,0.0,0.2,1.0,1.0,0.0,0.0,0.0,batter_pitcher_profile_network_v2,0.6333333333333333,0.2,0.7733836618361198,0.0,0.3677187669516817,0.406699044666263,-0.8697368421052633,0.0,3.0,0.0,0.0,-0.0507673604038901,-0.005076736040389,0.1946175892316996,-0.9185855263157896,0.0,3.0,0.0,0.0,-0.0256581447330231,-0.0041053031572837,0.4085550892316997,-0.7108004385964912,0.0,3.0,0.0,0.0,-0.0416794400465163,-0.0020839720023258,-0.2223918128654971,-1.0,0.0,3.0,0.0,0.0,-0.031918491570497,-0.0007979622892624,0.0108483187134501,-0.8146929824561405,0.0,3.0,0.0,0.0,-0.0012684693421687,-7.610816053012679e-05
2026-04-10,Miguel_Rojas,500743,hitter,LAD,TEX,2026,823968,20,119,140,1,677958.0,Kumar_Rocker,2.0,2.0,0.0,0.0,0.0,2.0,2.0,0.0,0.0,8.0,0.048780487804878,0.89,0.89,0.0,0.0,65.0,3.4499999999999997,10.049999999999999,1.8214285714285714,1.08,0.0,65.0,0,2.0,0.8660254037844387,-0.4999999999999998,-0.433883739117558,-0.9009688679024191,0.5,0.5,0.5,0.5,0.5,0.5,0.5,0.5,0.5,0.5,synthetic,synthetic,synthetic,synthetic,synthetic,0.0,0.0,0.0,0.0,0.0,-110.0,-110.0,-110.0,-110.0,-110.0,-110.0,-110.0,-110.0,-110.0,-110.0,0.0,0.0,0.0,0.0,0.0,2026-08-26T14:02:39.082451+00:00,-0.3088332613510103,0.22084539358204125,0.045654062513556304,-0.4752026634263074,-0.24188317210562493,0.4,0.6,0.2,0.0,0.2,0.0,0.0,1.0,0.0,0.0,batter_pitcher_profile_network_v2,0.6666666666666666,0.1,0.7495504057178537,0.0,0.3591513408632896,0.3347930779569893,-0.2321538461538461,0.0,4.0,0.0,0.0,-0.0129772128132393,-0.0012977212813239,0.1281426075268819,-0.4594711538461538,0.0,4.0,0.0,0.0,-0.0098306193805347,-0.0015728991008855,0.3110655241935486,-0.4354391025641023,0.0,4.0,0.0,0.0,-0.0226156138403725,-0.0011307806920186,-0.2643208333333333,-0.7275,0.0,4.0,0.0,0.0,-0.0321065370522962,-0.0008026634263074,-0.0671020833333331,-0.476705128205128,0.0,4.0,0.0,0.0,-0.0053409055931693,-0.0003204543355901
2026-04-12,Miguel_Rojas,500743,hitter,LAD,TEX,2026,823966,21,119,140,1,594798.0,Jacob_deGrom,0.0,0.0,0.0,0.0,0.0,1.0,0.0,1.0,0.0,9.0,0.0263157894736842,0.69,0.69,0.0,0.0,65.0,2.5285714285714285,13.1,2.3713786213786214,1.08,7.0,65.0,0,2.0,0.8660254037844387,-0.4999999999999998,-0.7818314824680299,0.6234898018587334,0.5,0.5,0.5,0.5,0.5,0.5,0.5,0.5,0.5,0.5,synthetic,synthetic,synthetic,synthetic,synthetic,0.0,0.0,0.0,0.0,0.0,-110.0,-110.0,-110.0,-110.0,-110.0,-110.0,-110.0,-110.0,-110.0,-110.0,0.0,0.0,0.0,0.0,0.0,2026-08-26T14:02:39.082451+00:00,-0.05985626273369721,0.385583392986375,-0.21566531413780615,-0.4745716538908687,-0.30062364815104764,0.6,0.6,0.2,0.0,0.2,2.0,2.0,0.0,0.0,0.0,batter_pitcher_profile_network_v2,0.7,0.15,0.7892297997745068,0.0,0.3879979024291434,0.4841959325396825,-0.671299319727891,0.0,4.0,0.0,0.0,-0.0479561811515799,-0.0047956181151579,0.2413978174603175,-0.404220238095238,0.0,4.0,0.0,0.0,-0.0143965569930509,-0.0023034491188881,0.4437351190476192,-0.5016595804988662,0.0,4.0,0.0,0.0,-0.0328427988715879,-0.0016421399435793,-0.2788174603174603,-0.1669115646258503,0.0,4.0,0.0,0.0,-0.0068661556347517,-0.0001716538908687,0.0358849206349207,-0.4405498866213151,0.0,4.0,0.0,0.0,-0.0023324606838566,-0.0001399476410313
2026-04-13,Miguel_Rojas,500743,hitter,LAD,NYM,2026,823964,22,119,121,1,656849.0,David_Peterson,3.0,4.0,0.0,0.0,0.0,4.0,4.0,0.0,1.0,9.0,0.1081081081081081,0.7625,0.7625,0.25,21.25,65.0,6.461538461538461,8.749038461538463,4.876948051948053,1.08,2.0,62.0,0,1.0,0.8660254037844387,-0.4999999999999998,0.0,1.0,0.5,0.5,0.5,0.5,0.5,0.5,0.5,0.5,0.5,0.5,synthetic,synthetic,synthetic,synthetic,synthetic,0.0,0.0,0.0,0.0,0.0,-110.0,-110.0,-110.0,-110.0,-110.0,-110.0,-110.0,-110.0,-110.0,-110.0,0.0,0.0,0.0,0.0,0.0,2026-08-26T14:02:39.082451+00:00,0.09031747173253768,0.5279326167151799,0.05366677278599408,-0.3595404923016896,-0.05741000562079074,0.6,0.6,0.2,0.0,0.2,0.0,0.0,0.0,0.0,0.0,batter_pitcher_profile_network_v2,0.7333333333333333,0.35,0.6992084165819515,0.0,0.4591881058057154,0.572892336829837,0.1086148636748841,0.0,4.0,0.0,0.0,0.0137255381261975,0.0013725538126197,0.3053650932400933,-0.1759673193753248,0.0,4.0,0.0,0.0,-0.0118527333679642,-0.0018964373388742,0.5014881993006993,-0.0943505755193712,0.0,4.0,0.0,0.0,-0.0104369205524949,-0.0005218460276247,-0.2919962121212121,-0.4753970639008723,0.0,4.0,0.0,0.0,-0.0306196920675864,-0.0007654923016896,0.0856458333333333,-0.125754164327157,0.0,4.0,0.0,0.0,-0.0023757225554754,-0.0001425433533285
2026-04-14,Miguel_Rojas,500743,hitter,LAD,NYM,2026,823965,23,119,121,1,690997.0,Nolan_McLean,0.0,0.0,1.0,0.0,0.0,1.0,0.0,1.0,0.0,8.0,0.032258064516129,0.69,0.69,0.0,0.0,65.0,2.7098684210526316,10.839473684210526,4.876948051948053,1.08,8.0,65.0,0,1.0,0.8660254037844387,-0.4999999999999998,0.7818314824680298,0.6234898018587336,1.5,1.5,0.5,0.5,0.5,1.5,1.5,0.5,0.5,0.5,synthetic,synthetic,synthetic,synthetic,synthetic,0.0,0.0,0.0,0.0,0.0,-110.0,-110.0,-110.0,-110.0,-110.0,-110.0,-110.0,-110.0,-110.0,-110.0,0.0,0.0,0.0,0.0,0.0,2026-08-26T14:02:39.082451+00:00,-0.29552873824098636,0.16483434716766499,-0.07410224812190797,-0.4754007427409654,-0.3064099822969092,1.2,1.4,0.2,0.0,0.0,3.0,4.0,0.0,0.0,0.0,batter_pitcher_profile_network_v2,0.7666666666666667,0.15,0.7160018051683381,0.0,0.4226768001633652,0.636011775362319,-0.7547894736842106,0.0,5.0,0.3739186708539478,0.0076324633641007,-0.1045233094709197,-0.0104523309470919,0.3771322463768116,-0.6882368421052631,0.0,5.0,0.4494815447431469,0.0145863866787182,-0.034634120524674,-0.0055414592839478,0.5479483695652174,-0.4636140350877191,0.0,5.0,0.5631364529728904,-0.0015843659407534,-0.0568962401926628,-0.0028448120096331,-0.222846920289855,-0.5819868421052632,0.0,5.0,0.5088551886162471,-0.0117911875504126,-0.0400297096386161,-0.0010007427409654,0.1703052536231884,-0.5652807017543857,0.0,5.0,0.4978216545605255,-0.0207822646490746,-0.0365478127546587,-0.0021928687652795
2026-04-18,Miguel_Rojas,500743,hitter,LAD,COL,2026,824372,24,119,115,0,663372.0,Ryan_Feltner,0.0,0.0,0.0,0.0,0.0,3.0,3.0,0.0,0.0,9.0,0.0789473684210526,0.0,0.0,0.0,0.0,10.0,6.75,7.5625,3.511502782931355,1.0477777777777777,6.0,59.0,0,4.0,0.8660254037844387,-0.4999999999999998,-0.9749279121818236,-0.2225209339563146,0.5,1.5,0.5,0.5,0.5,0.5,1.5,0.5,0.5,0.5,synthetic,synthetic,synthetic,synthetic,synthetic,0.0,0.0,0.0,0.0,0.0,-110.0,-110.0,-110.0,-110.0,-110.0,-110.0,-110.0,-110.0,-110.0,-110.0,0.0,0.0,0.0,0.0,0.0,2026-08-26T14:02:39.082451+00:00,0.2998436525717024,-0.7807640331104443,-0.19986116366040668,-0.48493666389296936,-0.4997324159894072,1.0,1.2,0.4,0.0,0.0,0.0,0.0,1.0,0.0,0.0,batter_pitcher_profile_network_v2,0.8,0.25,0.8053045545140725,0.0,0.4628375480180066,0.6895912698412701,0.6072697345027853,0.0,5.0,0.528569348189389,0.0191285918637055,0.0652257634216775,0.0065225763421677,0.4118363095238096,0.5900451582315989,0.0,5.0,0.4676520604439079,0.0074427073048133,0.0490131702527073,0.0078421072404331,0.567857142857143,0.566002331002331,0.0,5.0,0.5002182395982322,-0.0032611520097593,0.0468002596499863,0.0023400129824993,-0.237259548611111,0.5599315218679625,0.0,5.0,0.4028392654952726,-0.0090221112743284,-0.0090221112743284,-0.0002255527818582,0.1884305555555555,0.634600815850816,0.0,5.0,0.4710853997564686,-0.0188871050376123,0.0044597335098808,0.0002675840105928
2026-04-20,Miguel_Rojas,500743,hitter,LAD,COL,2026,824370,25,119,115,0,500779.0,Jose_Quintana,3.0,6.0,1.0,1.0,2.0,4.0,3.0,0.0,0.0,7.0,0.0851063829787234,1.2933333333333332,1.2933333333333332,1.0,30.0,65.0,6.83916083916084,3.702797202797203,2.17987012987013,1.0477777777777777,-7.0,78.0,0,2.0,0.8660254037844387,-0.4999999999999998,0.0,1.0,0.5,1.5,0.5,0.5,0.5,0.5,1.5,0.5,0.5,0.5,synthetic,synthetic,synthetic,synthetic,synthetic,0.0,0.0,0.0,0.0,0.0,-110.0,-110.0,-110.0,-110.0,-110.0,-110.0,-110.0,-110.0,-110.0,-110.0,0.0,0.0,0.0,0.0,0.0,2026-08-26T14:02:39.082451+00:00,0.5363985159124904,1.0046425618402348,0.2043234225891427,-0.16003375428014965,-0.19657032136401253,1.0,1.2,0.2,0.0,0.0,0.0,0.0,0.0,0.0,0.0,batter_pitcher_profile_network_v2,0.8333333333333334,0.2,0.8017061459137964,0.0,0.4670248660917787,0.6489877587519027,0.5256516069124765,0.0,6.0,0.6968848596823431,0.0118870940218284,0.0563718787882212,0.0056371878788221,0.3664959132420092,0.2474502261839219,0.0,6.0,0.6689371775236334,0.0088554263303716,0.0282691143383482,0.0045230582941357,0.4863134132420094,0.6162321631071632,0.0,6.0,0.6298198816015557,-0.0092701059471835,0.0402508041822281,0.0020125402091114,-0.274963611111111,0.0255752261839218,0.0,6.0,0.6102937717538094,-0.0129057267615409,-0.0129057267615409,-0.0003226431690385,0.096436388888889,0.4946612171612172,0.0,6.0,0.6574231679153845,-0.0249310713889449,-0.0108155706749616,-0.0006489342404977
2026-04-21,Miguel_Rojas,500743,hitter,LAD,SF,2026,823236,26,119,137,0,694738.0,Landen_Roupp,0.0,0.0,0.0,0.0,0.0,1.0,1.0,0.0,0.0,7.0,0.0277777777777777,0.0,0.0,0.0,0.0,10.0,3.714285714285714,9.5,1.403007518796993,1.08,14.0,57.0,0,1.0,0.8660254037844387,-0.4999999999999998,0.7818314824680298,0.6234898018587336,1.5,1.5,0.5,0.5,0.5,1.5,1.5,0.5,0.5,0.5,synthetic,synthetic,synthetic,synthetic,synthetic,0.0,0.0,0.0,0.0,0.0,-110.0,-110.0,-110.0,-110.0,-110.0,-110.0,-110.0,-110.0,-110.0,-110.0,0.0,0.0,0.0,0.0,0.0,2026-08-26T14:02:39.082451+00:00,-0.41017929160340083,0.49659989955951533,-0.35047127104928344,-0.2356474913219639,-0.10403203055435462,1.2,2.0,0.4,0.2,0.4,3.0,6.0,1.0,1.0,2.0,batter_pitcher_profile_network_v2,0.8666666666666667,0.45,0.6676314377833337,1.0,0.5727801503255271,0.7354378676878675,-0.4510811314363145,0.0042735042735042,7.0,0.5839960499980358,0.0194366675191202,-0.0919959235528051,-0.0091995923552805,0.5072669830169829,-0.5780427313201704,-0.0256410256410256,7.0,0.5901280662008306,0.0272978877030174,-0.0648964610863624,-0.0103834337738179,0.5419913419913418,-0.353681265324558,0.1111111111111111,7.0,0.7140684881645964,-0.0048616693707181,0.0325670602173415,0.001628353010867,-0.0915515491452991,-0.6855884630274874,-0.0569800569800569,7.0,0.6079447740601326,0.0156913310130484,-0.049899652878558,-0.0012474913219639,0.2287008547008547,-0.4570501677635823,-0.0683760683760683,7.0,0.6317890066866001,-0.0138160023857128,-0.0974845526811839,-0.005849073160871
2026-04-22,Miguel_Rojas,500743,hitter,LAD,SF,2026,823231,27,119,137,0,641816.0,Tyler_Mahle,1.0,1.0,0.0,0.0,0.0,3.0,3.0,0.0,0.0,9.0,0.088235294117647,0.2966666666666667,0.2966666666666667,0.0,0.0,35.6,9.0,10.076470588235294,0.6315789473684215,1.08,12.0,61.0,0,1.0,0.8660254037844387,-0.4999999999999998,0.9749279121818236,-0.22252093395631434,1.5,1.5,0.5,0.5,0.5,1.5,1.5,0.5,0.5,0.5,synthetic,synthetic,synthetic,synthetic,synthetic,0.0,0.0,0.0,0.0,0.0,-110.0,-110.0,-110.0,-110.0,-110.0,-110.0,-110.0,-110.0,-110.0,-110.0,0.0,0.0,0.0,0.0,0.0,2026-08-26T14:02:39.082451+00:00,-0.7763912333269869,-0.12628836907616314,-0.30959010971497425,-0.3337815656481641,-0.29628938676794786,1.2,2.0,0.4,0.2,0.4,0.0,0.0,0.0,0.0,0.0,batter_pitcher_profile_network_v2,0.9,0.4,0.7337912607362389,0.0,0.5540442282239243,0.7290959955682178,-0.1872011506730352,0.0,8.0,0.9915179235671988,0.0078815512530069,-0.0327007749623345,-0.0032700774962334,0.4923452041785375,0.09231478868143,0.0,8.0,0.9877443608379878,0.0227765762081183,0.0450543109210406,0.0072086897473665,0.5544871794871795,0.3436716903073286,0.0,8.0,1.02302903130136,-0.0109001208421247,0.0347561132340576,0.0017378056617028,-0.1318593106995884,0.393489434071501,0.0,8.0,0.793443796997177,0.0247373740734378,0.0247373740734378,0.0006184343518359,0.2095411522633744,0.27076536643026,0.0,8.0,0.9921793576757838,-0.0099698321188106,0.0061159996879706,0.0003669599812782
2026-04-26,Miguel_Rojas,500743,hitter,LAD,CHC,2026,823959,28,119,112,1,684007.0,Shota_Imanaga,1.0,2.0,0.0,0.0,2.0,3.0,3.0,0.0,0.0,6.0,0.088235294117647,0.4233333333333333,0.4233333333333333,0.3333333333333333,28.33333333333333,65.0,0.9285714285714285,10.428571428571429,4.591836734693878,1.08,12.0,66.0,0,4.0,0.8660254037844387,-0.4999999999999998,-0.7818314824680299,0.6234898018587334,0.5,1.5,0.5,0.5,0.5,0.5,1.5,0.5,0.5,0.5,synthetic,synthetic,synthetic,synthetic,synthetic,0.0,0.0,0.0,0.0,0.0,-110.0,-110.0,-110.0,-110.0,-110.0,-110.0,-110.0,-110.0,-110.0,-110.0,0.0,0.0,0.0,0.0,0.0,2026-08-26T14:02:39.082451+00:00,0.25304652862753807,0.09513021097641383,-0.015564531123252734,-0.17977402387042246,-0.06191325285109833,0.8,1.4,0.4,0.2,0.4,1.0,1.0,0.0,0.0,0.0,batter_pitcher_profile_network_v2,0.9333333333333332,0.45,0.7126184377413891,0.0,0.5848835752861726,0.7453743386243386,-0.2986558441558442,0.0,9.0,1.2032677475928315,0.0052522179289496,-0.0597091835125357,-0.0059709183512535,0.4941139770723104,-0.0384843073593073,0.0,9.0,1.2510306037927066,0.0185139084841268,0.0226704362496458,0.0036272697999433,0.5371913580246912,-0.083497655122655,0.0,9.0,1.3037889765062571,-0.0262925118300055,-0.0383234355903058,-0.0019161717795152,-0.1591292162698412,0.251004329004329,0.0,9.0,1.098163477960469,0.018372378516437,0.018372378516437,0.0004593094629109,0.1797658730158729,-0.0314711399711398,0.0,9.0,1.2638609439788997,-0.0261944056944356,-0.0211632578024197,-0.0012697954681451
2026-04-27,Miguel_Rojas,500743,hitter,LAD,MIA,2026,823961,29,119,146,1,663978.0,Chris_Paddack,0.0,0.0,0.0,0.0,0.0,2.0,2.0,0.0,1.0,9.0,0.05,0.0,0.0,0.0,0.0,10.0,5.5,9.071428571428571,5.064935064935065,1.08,0.0,62.0,0,1.0,0.8660254037844387,-0.4999999999999998,0.0,1.0,0.5,1.5,0.5,0.5,0.5,0.5,1.5,0.5,0.5,0.5,synthetic,synthetic,synthetic,synthetic,synthetic,0.0,0.0,0.0,0.0,0.0,-110.0,-110.0,-110.0,-110.0,-110.0,-110.0,-110.0,-110.0,-110.0,-110.0,0.0,0.0,0.0,0.0,0.0,2026-08-26T14:02:39.082451+00:00,0.4092831158084663,-0.14325795878082515,-0.4312066501131427,-0.3341347247955173,0.38485278525493205,1.0,1.8,0.2,0.2,0.8,1.0,2.0,0.0,0.0,2.0,batter_pitcher_profile_network_v2,0.9666666666666668,0.4,0.715970232193649,0.0,0.5882507919558445,0.7717505473453748,0.1112418385577391,0.0,10.0,1.5198557440909397,0.0175055909931358,0.0235714178249223,0.0023571417824922,0.5281261631089217,0.1306736235179471,0.0,10.0,1.5161277918545215,0.0269180890629575,0.0593252576198433,0.0094920412191749,0.5607142857142856,-0.0477522264631042,0.0,10.0,1.6019894688669198,-0.0367165691114196,-0.0440680671979189,-0.0022034033598959,-0.0874063697318007,0.1044093105408479,0.0,10.0,1.4182743880256936,0.0106110081793114,0.0106110081793114,0.0002652752044827,0.2158371647509578,0.0598924936386769,0.0,10.0,1.5591086611507787,0.0354016825932327,0.030100533469647,0.0018060320081788
2026-04-29,Miguel_Rojas,500743,hitter,LAD,MIA,2026,823958,30,119,146,1,645261.0,Sandy_Alcantara,0.0,0.0,0.0,0.0,0.0,1.0,1.0,0.0,0.0,6.0,0.0263157894736842,0.0,0.0,0.0,0.0,10.0,6.2,4.6000000000000005,5.112244897959185,1.08,0.0,74.0,0,2.0,0.8660254037844387,-0.4999999999999998,0.9749279121818236,-0.22252093395631434,0.5,1.5,0.5,0.5,0.5,0.5,1.5,0.5,0.5,0.5,synthetic,synthetic,synthetic,synthetic,synthetic,0.0,0.0,0.0,0.0,0.0,-110.0,-110.0,-110.0,-110.0,-110.0,-110.0,-110.0,-110.0,-110.0,-110.0,0.0,0.0,0.0,0.0,0.0,2026-08-26T14:02:39.082451+00:00,0.5099913367282087,-0.4606385580097301,-0.43069827238572095,-0.33455501146037747,0.037478055302220814,1.0,1.8,0.2,0.2,0.8,0.0,0.0,0.0,0.0,0.0,batter_pitcher_profile_network_v2,1.0,0.45,0.7256405637419653,0.0,0.6174990639237241,0.6921731427648579,-0.1886566536887291,0.0,11.0,1.7679614768176692,-0.0023181441624319,-0.0358266971647442,-0.0035826697164744,0.4588626507321275,-0.2410598657282619,0.0,11.0,1.7275363675681827,0.0117927138902535,-0.012658750718709,-0.0020254001149934,0.4933471414728684,-0.3039583566270672,0.0,11.0,1.7280433461692215,-0.0432261261673627,-0.0843682404104479,-0.0042184120205223,-0.1238215277777777,-0.2536188279924128,0.0,11.0,1.6031879242229998,0.0024153801178493,-0.0062004584151012,-0.0001550114603775,0.1591854166666668,-0.3227044258094571,0.0,11.0,1.660839619374783,0.0169793328625549,-0.0013593002798515,-8.155801679109429e-05
2026-05-01,Miguel_Rojas,500743,hitter,LAD,STL,2026,823066,31,119,138,0,669461.0,Matthew_Liberatore,0.0,0.0,0.0,0.0,0.0,4.0,4.0,0.0,0.0,8.0,0.1081081081081081,0.0,0.0,0.0,0.0,10.0,7.3999999999999995,5.900000000000001,4.678598712212158,1.08,0.0,60.0,0,2.0,0.49999999999999994,-0.8660254037844387,-0.433883739117558,-0.9009688679024191,0.5,1.0,0.5,0.5,0.5,0.5,0.5,0.5,0.5,0.5,synthetic,real,real,real,synthetic,0.0,8.0,7.0,8.0,0.0,-110.0,-19.5,146.42857142857142,868.75,-110.0,-110.0,70.8,-201.6,0.0,-110.0,0.0,0.5345224838248488,0.0,0.0,0.0,2026-05-02T00:15:33.012287+00:00,0.08490554050614252,-0.6028979103621296,-0.4929966302541628,-0.4745906007863886,-0.15758981579500092,0.4,0.6,0.0,0.0,0.4,0.0,0.0,0.0,0.0,0.0,batter_pitcher_profile_network_v2,1.0,0.45,0.6937119012317398,0.0,0.6192591314446003,0.6807528769841271,0.3249781799775644,0.0,12.0,1.8901256405774327,-0.0081056619287891,0.0677600643207053,0.0067760064320705,0.4512491402116403,0.4902786909354566,0.0,12.0,1.7146307061509,-0.0018498628672015,0.0649877223988519,0.0103980355838163,0.4940669642857144,0.3178747013142176,0.0,12.0,1.968524030318152,-0.045958612874047,0.0021443583802638,0.0001072179190131,-0.1238215277777777,0.6413875619031986,0.0,12.0,1.514931079840686,-0.0076240314555455,-0.0076240314555455,-0.0001906007863886,0.1641854166666668,0.4085131421744327,0.0,12.0,1.8487798893011405,0.0247225325969886,0.0390852243209352,0.0023451134592561
2026-05-02,Miguel_Rojas,500743,hitter,LAD,STL,2026,823067,32,119,138,0,700241.0,Michael_McGreevy,0.0,0.0,0.0,0.0,0.0,1.0,1.0,0.0,1.0,9.0,0.0285714285714285,0.0,0.0,0.0,0.0,10.0,3.8176470588235296,5.788235294117648,4.678598712212158,1.08,-7.0,60.0,0,1.0,0.49999999999999994,-0.8660254037844387,-0.9749279121818236,-0.2225209339563146,0.5,0.5,0.5,0.5,0.5,0.5,0.5,0.5,0.5,0.5,synthetic,synthetic,synthetic,synthetic,synthetic,0.0,0.0,0.0,0.0,0.0,-110.0,-110.0,-110.0,-110.0,-110.0,-110.0,-110.0,-110.0,-110.0,-110.0,0.0,0.0,0.0,0.0,0.0,2026-08-26T14:02:39.082451+00:00,-0.035932914537462,-0.1993796072275138,-0.5,-0.47386474449107846,-0.2528025822257286,0.4,0.6,0.0,0.0,0.4,0.0,0.0,0.0,0.0,0.0,batter_pitcher_profile_network_v2,1.0,0.45,0.5753977301312753,0.0,0.6257812001265135,0.5649302423747277,-0.1138849140595204,0.0,13.0,2.322332825863479,-0.0232968138023806,-0.0273176498673257,-0.0027317649867325,0.2752068899782135,0.0251706168382847,0.0,13.0,2.303626424361475,0.0012491206028064,0.0048149548280389,0.0007703927724862,0.3446219362745099,-0.3306683395580453,0.0,13.0,2.194827210301222,-0.0516367246372243,-0.100022515539364,-0.0050011257769682,-0.3129418981481481,0.1921845057271736,0.0,13.0,2.1444997001327057,0.0214102203568638,0.0214102203568638,0.0005352555089215,-0.0823655092592591,-0.2507377840024897,0.0,13.0,2.198692908387175,0.0265248673159829,0.0111247027277276,0.0006674821636636
2026-05-03,Miguel_Rojas,500743,hitter,LAD,STL,2026,823065,33,119,138,0,669160.0,Dustin_May,0.0,0.0,0.0,0.0,0.0,2.0,1.0,1.0,0.0,8.0,0.05,0.345,0.345,0.0,0.0,41.4,2.0625,5.8125,4.174397031539889,1.08,16.0,68.0,0,1.0,0.49999999999999994,-0.8660254037844387,-0.7818314824680299,0.6234898018587334,0.5,0.5,0.5,0.5,0.5,0.5,0.5,0.5,0.5,0.5,synthetic,synthetic,synthetic,synthetic,synthetic,0.0,0.0,0.0,0.0,0.0,-110.0,-110.0,-110.0,-110.0,-110.0,-110.0,-110.0,-110.0,-110.0,-110.0,0.0,0.0,0.0,0.0,0.0,2026-08-26T14:02:39.082451+00:00,-0.12078558938205308,-0.15013773006433018,-0.40623753643264227,-0.47574320532075187,-0.15131692650024547,0.2,0.4,0.0,0.0,0.4,0.0,0.0,0.0,0.0,0.0,batter_pitcher_profile_network_v2,1.0,0.45,0.6298601174584388,0.0,0.6227789610251036,0.412609501896475,0.0630899006099487,0.0,14.0,2.648332083686968,-0.0319156365743621,0.0096352935635132,0.0009635293563513,0.1573881247211067,-0.2220916897523753,0.0,14.0,2.5146883793579464,-0.0106984822500116,-0.0289858129020639,-0.0046377300643302,0.1836642821285143,-0.4339389150121908,0.0,14.0,2.3863713702878218,-0.0596479523370247,-0.0891477601927351,-0.0044573880096367,-0.3326456018518519,-0.533765540327088,0.0,14.0,1.9683408264102116,0.0119918849625914,-0.0537282128300777,-0.0013432053207519,-0.1938747685185183,-0.4214892023685126,0.0,14.0,2.329713038141537,0.0106223480116448,-0.0222796346206668,-0.00133677807724
2026-05-05,Miguel_Rojas,500743,hitter,LAD,HOU,2026,824200,34,119,117,0,663567.0,Peter_Lambert,0.0,0.0,0.0,0.0,0.0,4.0,4.0,0.0,0.0,9.0,0.1111111111111111,0.0,0.0,0.0,0.0,10.0,3.784615384615385,10.876923076923077,5.836533032185207,1.08,0.0,73.0,0,2.0,0.49999999999999994,-0.8660254037844387,0.7818314824680298,0.6234898018587336,0.5,0.5,0.5,0.5,0.5,0.5,0.5,0.5,0.5,0.5,synthetic,synthetic,synthetic,synthetic,synthetic,0.0,0.0,0.0,0.0,0.0,-110.0,-110.0,-110.0,-110.0,-110.0,-110.0,-110.0,-110.0,-110.0,-110.0,0.0,0.0,0.0,0.0,0.0,2026-08-26T14:02:39.082451+00:00,-0.33290218751934336,-0.4864109295629723,-0.44450695094417675,-0.47511644434132416,-0.3710713620989705,0.0,0.0,0.0,0.0,0.0,0.0,0.0,0.0,0.0,0.0,batter_pitcher_profile_network_v2,1.0,0.2,0.840621905864763,0.0,0.5494047633063133,0.3183287658084915,-0.3122170329670329,0.0,15.0,2.7749683240023924,-0.0323460375915592,-0.0158402162726445,-0.0015840216272644,0.0786670167118339,-0.4891380494505494,0.0,15.0,2.4778902139994288,-0.0142209523062305,-0.0274641431019109,-0.0043942628963057,0.052436229674797,-0.171389423076923,0.0,15.0,2.938063232019984,-0.0602397177218065,-0.0616720510687434,-0.0030836025534371,-0.3413863425925926,-0.6219505494505495,0.0,15.0,2.1465098429042744,0.0051822476570692,-0.028657773652971,-0.0007164443413242,-0.2970946759259256,-0.2781602564102563,0.0,15.0,2.797144391491968,0.00501287354382,-0.0094113395816255,-0.0005646803748975
2026-05-06,Miguel_Rojas,500743,hitter,LAD,HOU,2026,824198,35,119,117,0,621121.0,Lance_McCullers_Jr,0.0,0.0,0.0,0.0,0.0,1.0,1.0,0.0,0.0,2.0,0.0222222222222222,0.0,0.0,0.0,0.0,10.0,6.900000000000001,8.700000000000001,4.55081874647092,1.08,0.0,73.0,0,1.0,0.49999999999999994,-0.8660254037844387,0.9749279121818236,-0.22252093395631434,0.5,0.5,0.5,0.5,0.5,0.5,0.5,0.5,0.5,0.5,synthetic,synthetic,synthetic,synthetic,synthetic,0.0,0.0,0.0,0.0,0.0,-110.0,-110.0,-110.0,-110.0,-110.0,-110.0,-110.0,-110.0,-110.0,-110.0,0.0,0.0,0.0,0.0,0.0,2026-08-26T14:02:39.082451+00:00,-0.40424404793953705,-0.5,-0.5,-0.4740946539598443,-0.4993209455855715,0.0,0.0,0.0,0.0,0.0,0.0,0.0,0.0,0.0,0.0,batter_pitcher_profile_network_v2,1.0,0.45,0.7000278039860293,0.0,0.6189109673052702,0.3243895944890677,0.0332143985975474,0.0,16.0,3.0678035259992518,-0.0331475197475438,0.0032320220162627,0.0003232022016262,0.0827075691655512,0.0075016240642907,0.0,16.0,3.010653225542856,-0.0155097565387563,-0.0230785197315246,-0.0036925631570439,0.0564767821285143,0.3763178714879534,0.0,16.0,2.670656380585446,-0.0480955161752604,-0.0417201403678327,-0.0020860070183916,-0.3413863425925926,0.0178670612227607,0.0,16.0,2.782226716360557,0.0122138416062282,0.0122138416062282,0.0003053460401557,-0.2970946759259256,0.2873959680271155,0.0,16.0,2.778990708537772,0.0150900980984117,0.0113175735738088,0.0006790544144285
2026-05-08,Miguel_Rojas,500743,hitter,LAD,ATL,2026,823957,36,119,144,1,519242.0,Chris_Sale,0.0,0.0,1.0,0.0,0.0,3.0,3.0,0.0,0.0,7.0,0.1,0.0,0.0,0.0,0.0,10.0,0.8571428571428572,12.214285714285714,4.488835534213686,1.08,0.0,69.0,0,2.0,0.49999999999999994,-0.8660254037844387,-0.433883739117558,-0.9009688679024191,0.5,0.5,0.5,0.5,0.5,0.5,0.5,0.5,0.5,0.5,synthetic,synthetic,synthetic,synthetic,synthetic,0.0,0.0,0.0,0.0,0.0,-110.0,-110.0,-110.0,-110.0,-110.0,-110.0,-110.0,-110.0,-110.0,-110.0,0.0,0.0,0.0,0.0,0.0,2026-08-26T14:02:39.082451+00:00,-0.4934208937791287,-0.5,-0.5,-0.47490456818704135,-0.4531245704369606,0.0,0.0,0.0,0.0,0.0,0.0,0.0,0.0,0.0,0.0,batter_pitcher_profile_network_v2,1.0,0.5,0.6829061875831948,0.0,0.6331719960105293,0.4047108796296293,-0.4929970571224442,0.0,17.0,2.844588186790035,-0.0477896925291328,-0.0632669610005719,-0.0063266961000571,0.1362550925925924,-0.3781962074303405,0.0,17.0,3.018482257039377,-0.0291039185490628,-0.0599960895721088,-0.0095993743315374,0.1350243055555554,-0.424908613445378,0.0,17.0,2.9819104675278405,-0.065072195700848,-0.0832648159739884,-0.0041632407986994,-0.3413863425925926,-0.2409083115027386,0.0,17.0,2.977592488505485,0.0058959578492766,-0.0201827274816594,-0.0005045681870414,-0.2820946759259259,-0.4360162680456797,0.0,17.0,2.915330198790536,0.0038614360482009,-0.036105785794083,-0.0021663471476449
2026-05-11,Miguel_Rojas,500743,hitter,LAD,SF,2026,823953,37,119,137,1,686790.0,Trevor_McDonald,0.0,0.0,0.0,0.0,0.0,2.0,2.0,0.0,0.0,9.0,0.0526315789473684,0.0,0.0,0.0,0.0,10.0,28.92857142857143,15.428571428571429,6.660799726589201,1.08,4.0,72.0,0,3.0,0.49999999999999994,-0.8660254037844387,0.0,1.0,0.5,0.5,0.5,0.5,0.5,0.5,0.5,0.5,0.5,0.5,synthetic,synthetic,synthetic,synthetic,synthetic,0.0,0.0,0.0,0.0,0.0,-110.0,-110.0,-110.0,-110.0,-110.0,-110.0,-110.0,-110.0,-110.0,-110.0,0.0,0.0,0.0,0.0,0.0,2026-08-26T14:02:39.082451+00:00,-0.5,-0.5,-0.20777494619697523,-0.47439103019541223,-0.39917566117684145,0.0,0.0,0.2,0.0,0.0,0.0,0.0,1.0,0.0,0.0,batter_pitcher_profile_network_v2,1.0,0.05,0.9425,0.0,0.5117271875,0.4047108796296296,-0.8100714285714286,0.0,18.0,2.412245157981805,-0.0548192842148946,-0.0188510714241484,-0.0018851071424148,0.1362550925925926,-0.4673333333333334,0.0,18.0,3.1959759705082917,-0.0423861445137669,-0.0672406182004343,-0.0107584989120694,0.143357638888889,-0.7361904761904762,0.0,18.0,2.6432925253745148,-0.0315459746171403,-0.0376144400023916,-0.0018807220001195,-0.3413863425925926,-0.1006666666666667,0.0,18.0,3.3826913833774688,0.0023348501298837,0.0003587921835102,8.96980458775749e-06,-0.2770946759259257,-0.6628571428571428,0.0,18.0,2.7881750510267107,-0.0105935202115108,-0.0185064058067812,-0.0011103843484068
2026-05-13,Miguel_Rojas,500743,hitter,LAD,SF,2026,823952,38,119,137,1,592662.0,Robbie_Ray,2.0,2.0,0.0,0.0,0.0,4.0,4.0,0.0,0.0,7.0,0.1142857142857142,0.445,0.445,0.0,0.0,53.4,2.5210526315789474,8.26842105263158,5.667293233082708,1.08,0.0,65.0,0,2.0,0.49999999999999994,-0.8660254037844387,0.9749279121818236,-0.22252093395631434,0.5,0.5,0.5,0.5,0.5,0.5,0.5,0.5,0.5,0.5,synthetic,synthetic,synthetic,synthetic,synthetic,0.0,0.0,0.0,0.0,0.0,-110.0,-110.0,-110.0,-110.0,-110.0,-110.0,-110.0,-110.0,-110.0,-110.0,0.0,0.0,0.0,0.0,0.0,2026-08-26T14:02:39.082451+00:00,-0.2507438978506744,-0.28727002921608075,-0.05533143940163032,-0.4745506528638608,-0.2457985024703015,0.0,0.0,0.2,0.0,0.0,0.0,0.0,0.0,0.0,0.0,batter_pitcher_profile_network_v2,1.0,0.6,0.4480916482113527,0.0,0.6770652638564656,0.3173960648148147,-0.5945289797811758,0.0,18.0,2.9541860178675226,-0.0538931926914161,-0.1041457454240373,-0.0104145745424037,0.0414402777777777,-0.3326308701829517,0.0,18.0,3.4130733980298484,-0.0323033357768324,-0.0560626826005046,-0.0089700292160807,0.0605104166666667,-0.2432589372376306,0.0,18.0,3.540478838525882,-0.035798095942581,-0.0439220211153135,-0.0021961010557656,-0.444742824074074,-0.0358336710128273,0.0,18.0,3.3910354551578115,0.0027695208291184,-0.0060261145544343,-0.0001506528638608,-0.386978935185185,-0.3127981834340345,0.0,18.0,3.4179772219446702,-0.0012172450152228,-0.0677194020739482,-0.0040631641244368
2026-05-14,Miguel_Rojas,500743,hitter,LAD,SF,2026,823950,39,119,137,1,694738.0,Landen_Roupp,2.0,2.0,0.0,0.0,1.0,3.0,3.0,0.0,0.0,9.0,0.0857142857142857,0.5933333333333334,0.5933333333333334,0.0,0.0,65.0,4.69314381270903,12.501672240802675,4.81015037593985,1.08,0.0,66.0,0,1.0,0.49999999999999994,-0.8660254037844387,0.43388373911755823,-0.900968867902419,0.5,0.5,0.5,0.5,0.5,0.5,0.5,0.5,0.5,0.5,synthetic,synthetic,synthetic,synthetic,synthetic,0.0,0.0,0.0,0.0,0.0,-110.0,-110.0,-110.0,-110.0,-110.0,-110.0,-110.0,-110.0,-110.0,-110.0,0.0,0.0,0.0,0.0,0.0,2026-08-26T14:02:39.082451+00:00,0.01924952540094449,0.27766598582702584,-0.06712569037221916,-0.47861317300285167,-0.2822344999816815,0.4,0.4,0.2,0.0,0.0,2.0,2.0,0.0,0.0,0.0,batter_pitcher_profile_network_v2,1.0,0.65,0.5720305010362687,2.0,0.7194520713549871,0.2966761574074071,-0.513473917784391,-0.0333333333333333,18.0,3.296212510749784,-0.0008586520483729,-0.0913954426318254,-0.0091395442631825,0.0231486111111109,-0.6030003697785278,-0.0533333333333333,18.0,3.050187865126704,0.0003297258940605,-0.0474000885810889,-0.0075840141729742,0.0403368055555554,-0.2887620646147324,0.12,18.0,3.662977339774785,-0.0236678029812578,0.0656691499491003,0.003283457497455,-0.4490391203703704,-0.6680028598183685,-0.0444444444444444,18.0,2.6891309899259177,-0.0052194277577044,-0.1685269201140689,-0.0042131730028517,-0.4104071759259259,-0.4164786980808679,-0.08,18.0,3.437911554729585,-0.0084462810623061,-0.1423669796445678,-0.008542018778674
2026-05-17,Miguel_Rojas,500743,hitter,LAD,LAA,2026,824034,40,119,108,0,680570.0,Grayson_Rodriguez,1.0,1.0,1.0,0.0,1.0,4.0,3.0,0.0,0.0,8.0,0.0952380952380952,0.2225,0.2225,0.0,0.0,26.7,5.6000000000000005,8.014285714285714,6.107142857142857,1.08,0.0,70.0,0,3.0,0.49999999999999994,-0.8660254037844387,-0.7818314824680299,0.6234898018587334,0.5,0.5,0.5,0.5,0.5,0.5,0.5,0.5,0.5,0.5,synthetic,synthetic,synthetic,synthetic,synthetic,0.0,0.0,0.0,0.0,0.0,-110.0,-110.0,-110.0,-110.0,-110.0,-110.0,-110.0,-110.0,-110.0,-110.0,0.0,0.0,0.0,0.0,0.0,2026-08-26T14:02:39.082451+00:00,0.6075081817999677,0.375415747167808,-0.18925222101626238,-0.47472446636194865,-0.01206208735447123,0.8,0.8,0.2,0.0,0.2,2.0,2.0,0.0,0.0,1.0,batter_pitcher_profile_network_v2,1.0,0.15,0.7871482576931513,0.0,0.5380361507648883,0.3864307870370371,-0.2184226425748165,0.0,20.0,4.412826715655546,-0.0010214469415571,-0.0179658010479439,-0.0017965801047943,0.0942319444444445,-0.1947096979107849,0.0,20.0,4.411869266069062,-0.0030599689151022,-0.0084953302012004,-0.001359252832192,0.1237395833333334,0.251359989648033,0.0,20.0,4.096589303635797,-0.0413076436044902,-0.0346872774681058,-0.0017343638734052,-0.4351872685185185,-0.0497368718238283,0.0,20.0,4.186580378590229,-0.0083715097211332,-0.0129786544779517,-0.0003244663619487,-0.3435692129629628,0.0893219461697722,0.0,20.0,4.278757962007818,0.0184615508530205,0.0138461631397653,0.0008307697883859
2026-05-22,Miguel_Rojas,500743,hitter,LAD,MIL,2026,823788,41,119,158,0,701656.0,Logan_Henderson,0.0,0.0,0.0,0.0,0.0,2.0,2.0,0.0,0.0,9.0,0.054054054054054,0.0,0.0,0.0,0.0,10.0,2.8000000000000003,11.200000000000001,1.3928571428571428,1.0733333333333333,0.0,57.0,0,5.0,0.49999999999999994,-0.8660254037844387,-0.433883739117558,-0.9009688679024191,0.5,0.5,0.5,0.5,0.5,0.5,0.5,0.5,0.5,0.5,synthetic,synthetic,synthetic,synthetic,synthetic,0.0,0.0,0.0,0.0,0.0,-110.0,-110.0,-110.0,-110.0,-110.0,-110.0,-110.0,-110.0,-110.0,-110.0,0.0,0.0,0.0,0.0,0.0,2026-08-26T14:02:39.082451+00:00,0.13091812542306935,0.21118964477890367,-0.34186642793006794,-0.47744224368760385,-0.22874125753382912,1.0,1.0,0.4,0.0,0.4,1.0,1.0,1.0,0.0,1.0,batter_pitcher_profile_network_v2,1.0,0.2,0.7942091079257494,0.0,0.5505418768558191,0.3723185185185187,-0.2769894366197183,0.0,20.0,4.383148152064461,0.0008930655395775,-0.0212228641734253,-0.0021222864173425,0.082488888888889,-0.2597095070422535,0.0,20.0,4.379932552364252,-0.0024249667833161,-0.0080461390507709,-0.0012873822481233,0.1056666666666669,-0.2566519953051643,0.0,20.0,4.457836204789119,-0.0417669050033041,-0.0473478636206628,-0.0023673931810331,-0.4384835648148148,-0.2791197183098591,0.0,20.0,4.120406973742771,-0.0111697884928025,-0.0363564141708235,-0.0009089103542705,-0.3601814814814813,-0.1971830985915492,0.0,20.0,4.42602091617043,-0.0016610021598013,-0.0158613707375663,-0.0009516822442539
2026-05-23,Miguel_Rojas,500743,hitter,LAD,MIL,2026,823787,42,119,158,0,688107.0,Robert_Gasser,0.0,0.0,1.0,0.0,1.0,5.0,3.0,1.0,0.0,8.0,0.1063829787234042,0.1725,0.1725,0.0,0.0,20.7,6.0,10.25,1.3928571428571428,1.0733333333333333,0.0,65.0,0,1.0,0.49999999999999994,-0.8660254037844387,-0.9749279121818236,-0.2225209339563146,0.5,0.5,0.5,0.5,0.5,0.5,0.5,0.5,0.5,0.5,synthetic,synthetic,synthetic,synthetic,synthetic,0.0,0.0,0.0,0.0,0.0,-110.0,-110.0,-110.0,-110.0,-110.0,-110.0,-110.0,-110.0,-110.0,-110.0,0.0,0.0,0.0,0.0,0.0,2026-08-26T14:02:39.082451+00:00,0.15585937149917384,0.20789031847888484,-0.4383471066921285,-0.47670507019668645,-0.2739130080746953,1.0,1.0,0.2,0.0,0.4,0.0,0.0,0.0,0.0,0.0,batter_pitcher_profile_network_v2,1.0,0.2,0.8373327774186721,0.0,0.5494853469532426,0.2469481481481482,0.2644006211180122,0.0,21.0,3.984553249951388,-0.0008810687675915,0.0106210706148397,0.0010621070614839,-0.0459370370370369,0.3511669254658384,0.0,21.0,3.807504447883024,0.0026879404705309,0.0040319107057964,0.0006451057129274,-0.0376666666666666,0.5788392857142857,0.0,21.0,3.263335119074702,-0.0331503405294984,-0.0331503405294984,-0.0016575170264749,-0.5418400462962963,0.4685776397515527,0.0,21.0,3.498522684624448,-0.0068694745341264,-0.0068694745341264,-0.0001717368633531,-0.5183296296296296,0.5972619047619048,0.0,21.0,3.138840770108383,0.0130611511938714,0.0097958633954035,0.0005877518037242
2026-05-24,Miguel_Rojas,500743,hitter,LAD,MIL,2026,823786,43,119,158,0,687075.0,Brandon_Sproat,0.0,0.0,0.0,0.0,0.0,4.0,3.0,0.0,1.0,9.0,0.1,0.18,0.18,0.0,0.0,21.6,3.6160714285714284,10.339285714285714,3.0000000000000004,1.0733333333333333,-5.0,73.0,0,1.0,0.49999999999999994,-0.8660254037844387,-0.7818314824680299,0.6234898018587334,0.5,0.5,0.5,0.5,0.5,0.5,0.5,0.5,0.5,0.5,synthetic,synthetic,synthetic,synthetic,synthetic,0.0,0.0,0.0,0.0,0.0,-110.0,-110.0,-110.0,-110.0,-110.0,-110.0,-110.0,-110.0,-110.0,-110.0,0.0,0.0,0.0,0.0,0.0,2026-08-26T14:02:39.082451+00:00,0.24301074430010938,0.20381079278535974,-0.10419186661092028,-0.4767452524306168,0.09704650803534431,1.0,1.0,0.4,0.0,0.6,0.0,0.0,1.0,0.0,1.0,batter_pitcher_profile_network_v2,1.0,0.45,0.6146627116331052,0.0,0.6236167180212251,0.2760673611111111,0.0415210220401607,0.0,22.0,4.512925390278468,-0.0002277352639063,0.0044169668106185,0.0004416966810618,-0.0214023148148148,0.2300796847357852,0.0,22.0,4.214541490246833,0.0006699699389984,0.0010049549084977,0.0001607927853596,-0.0011562499999999,0.5128813459931881,0.0,22.0,3.589357940684784,-0.0388373322184061,-0.0388373322184061,-0.0019418666109203,-0.5378770833333334,0.461421059004791,0.0,22.0,3.632665353347479,-0.0084767638913385,-0.0084767638913385,-0.0002119190972834,-0.4867104166666666,0.4721491335175546,0.0,22.0,3.6339562163430856,0.0099224007854268,0.0074418005890701,0.0004465080353442
2026-05-25,Miguel_Rojas,500743,hitter,LAD,COL,2026,823948,44,119,115,1,685299.0,Tanner_Gordon,0.0,0.0,0.0,0.0,0.0,1.0,0.0,0.0,0.0,9.0,0.0285714285714285,0.72,0.72,0.0,0.0,65.0,6.06578947368421,9.118421052631579,3.9417112299465242,1.08,3.0,69.0,0,1.0,0.49999999999999994,-0.8660254037844387,0.0,1.0,0.5,0.5,0.5,0.5,0.5,0.5,0.5,0.5,0.5,0.5,synthetic,synthetic,synthetic,synthetic,synthetic,0.0,0.0,0.0,0.0,0.0,-110.0,-110.0,-110.0,-110.0,-110.0,-110.0,-110.0,-110.0,-110.0,-110.0,0.0,0.0,0.0,0.0,0.0,2026-08-26T14:02:39.082451+00:00,-0.05161049678486168,0.125810994974362,0.010104794652579296,-0.4754938408326095,0.06018872698118505,0.6,0.6,0.4,0.0,0.6,0.0,0.0,0.0,0.0,0.0,batter_pitcher_profile_network_v2,1.0,0.05,0.9425,0.0,0.5117271875,0.2679805555555555,-0.2755294117647059,0.0,23.0,4.879505507998279,0.0082070607716329,-0.0042456001781045,-0.0004245600178104,-0.0281314814814815,-0.4978308823529412,0.0,23.0,4.421918960273497,0.0087076600026755,0.0122562185897635,0.0019609949743621,-0.021625,-0.5882867647058823,0.0,23.0,4.09164468866305,-0.0338838390709486,-0.0346153368949376,-0.0017307668447468,-0.5397659722222222,-0.78,0.0,23.0,3.37105919275184,-0.0195451294502161,-0.0437536333043828,-0.0010938408326095,-0.5022972222222223,-0.5965588235294117,0.0,23.0,4.071242900852061,-0.0102898348513372,-0.0249472419356843,-0.001496834516141
2026-05-29,Miguel_Rojas,500743,hitter,LAD,PHI,2026,823946,45,119,143,1,554430.0,Zack_Wheeler,0.0,0.0,0.0,0.0,0.0,1.0,1.0,0.0,0.0,9.0,0.0333333333333333,0.0,0.0,0.0,0.0,10.0,0.4090909090909088,8.064935064935066,3.8035714285714284,1.08,0.0,66.0,0,4.0,0.49999999999999994,-0.8660254037844387,-0.433883739117558,-0.9009688679024191,0.5,0.5,0.5,0.5,0.5,0.5,0.5,0.5,0.5,0.5,synthetic,synthetic,synthetic,synthetic,synthetic,0.0,0.0,0.0,0.0,0.0,-110.0,-110.0,-110.0,-110.0,-110.0,-110.0,-110.0,-110.0,-110.0,-110.0,0.0,0.0,0.0,0.0,0.0,2026-08-26T14:02:39.082451+00:00,-0.28835567289411007,-0.4398946172192516,-0.3871722493893946,-0.4782905666758922,-0.3008295370388539,0.2,0.2,0.4,0.0,0.4,0.0,0.0,0.0,0.0,0.0,batter_pitcher_profile_network_v2,1.0,0.3,0.6527630026949821,0.0,0.5810109596509594,0.2431888888888891,-0.6298176481626174,0.0,23.0,4.168703043358399,0.0374660631750049,-0.0531844345688062,-0.0053184434568806,-0.0493814814814812,-0.691151037689695,0.0,23.0,3.874019241701824,0.020631575123286,0.0190961423796776,0.0030553827807484,-0.0534999999999997,-0.7462472458952021,0.0,23.0,3.573038721220113,-0.0281532474285408,-0.0420164163593214,-0.002100820817966,-0.5397659722222222,-0.7268558249237376,0.0,23.0,3.528292112294214,-0.0193904671704425,-0.1556226670356882,-0.0038905666758922,-0.5270888888888886,-0.7919668085429563,0.0,23.0,3.4483314945106884,-0.0113585825971784,-0.1534684744570895,-0.0092081084674253
2026-05-30,Miguel_Rojas,500743,hitter,LAD,PHI,2026,823945,46,119,143,1,666200.0,Jesús_Luzardo,0.0,0.0,0.0,0.0,0.0,3.0,2.0,1.0,1.0,7.0,0.0789473684210526,0.2299999999999999,0.2299999999999999,0.0,0.0,27.6,1.0,7.499999999999999,2.1964285714285716,1.08,0.0,68.0,0,1.0,0.49999999999999994,-0.8660254037844387,-0.9749279121818236,-0.2225209339563146,0.5,0.5,0.5,0.5,0.5,0.5,0.5,0.5,0.5,0.5,synthetic,synthetic,synthetic,synthetic,synthetic,0.0,0.0,0.0,0.0,0.0,-110.0,-110.0,-110.0,-110.0,-110.0,-110.0,-110.0,-110.0,-110.0,-110.0,0.0,0.0,0.0,0.0,0.0,2026-08-26T14:02:39.082451+00:00,-0.37960738632422414,-0.40975242395535205,-0.3923164840794026,-0.4776992934070688,-0.38846483538880056,0.0,0.0,0.2,0.0,0.2,0.0,0.0,0.0,0.0,0.0,batter_pitcher_profile_network_v2,1.0,0.7,0.569261000966133,0.0,0.6961858691671541,0.1610824074074076,-0.1321852995584197,0.0,24.0,5.10303924782064,0.0266861666908934,-0.0091716076031449,-0.0009171607603144,-0.1407240740740738,-0.2456451097983051,0.0,24.0,5.018618119837695,0.0261226162180961,0.0242940608053661,0.0038870497288585,-0.1453749999999998,-0.1758230447149619,0.0,24.0,5.055076419322734,-0.0462221299045879,-0.0572319372271491,-0.0028615968613574,-0.6431224537037036,-0.4060121732903686,0.0,24.0,4.493580646273032,-0.0194990877455487,-0.1319717362827524,-0.0032992934070688,-0.6444731481481478,-0.1600459283128455,0.0,24.0,4.985572871361403,-0.0102810431622893,-0.0521394870564511,-0.003128369223387
2026-06-01,Miguel_Rojas,500743,hitter,LAD,AZ,2026,825078,47,119,109,0,593958.0,Eduardo_Rodriguez,1.0,1.0,0.0,0.0,0.0,2.0,2.0,0.0,1.0,8.0,0.0606060606060606,0.445,0.445,0.0,0.0,53.4,2.6875,8.089285714285714,1.5824175824175823,1.08,0.0,75.0,0,2.0,1.2246467991473532e-16,-1.0,0.0,1.0,0.5,0.5,0.5,0.5,0.5,0.5,0.5,0.5,0.5,0.5,synthetic,synthetic,synthetic,synthetic,synthetic,0.0,0.0,0.0,0.0,0.0,-110.0,-110.0,-110.0,-110.0,-110.0,-110.0,-110.0,-110.0,-110.0,-110.0,0.0,0.0,0.0,0.0,0.0,2026-08-26T14:02:39.082451+00:00,-0.4193055694248444,-0.3236157194806959,-0.33982072363156424,-0.47701103920026827,-0.380178021746315,0.0,0.0,0.2,0.0,0.2,0.0,0.0,0.0,0.0,0.0,batter_pitcher_profile_network_v2,1.0,0.6,0.5464856844626111,1.0,0.6885833021919981,0.2011425925925927,-0.0972527664802575,0.1111111111111111,25.0,5.591373259148385,0.009687671367466,0.0770443723516226,0.0077044372351622,-0.107085185185185,-0.1733983752753769,0.0962962962962963,25.0,5.554869139446469,0.0114006677856983,0.0831403896092869,0.0133024623374859,-0.0980833333333332,-0.1198638422866179,-0.0444444444444444,25.0,5.574170938458077,-0.0564066268781698,-0.0961047823215945,-0.0048052391160797,-0.6366039351851851,-0.2151132329266224,-0.0246913580246913,25.0,5.215120793054441,-0.0232440262325985,-0.1044415680107321,-0.0026110392002683,-0.6019129629629628,-0.1930867070553012,-0.0592592592592592,25.0,5.472272557489315,-0.0257741412245806,-0.1178604689986903,-0.0070716281399214
2026-06-03,Miguel_Rojas,500743,hitter,LAD,AZ,2026,825077,48,119,109,0,668678.0,Zac_Gallen,0.0,0.0,0.0,0.0,0.0,0.0,0.0,0.0,0.0,4.0,0.0,0.0,0.0,0.0,0.0,10.0,5.6875,7.075,2.4395604395604393,1.08,0.0,74.0,0,2.0,1.2246467991473532e-16,-1.0,0.9749279121818236,-0.22252093395631434,0.5,0.5,0.5,0.5,0.5,0.5,0.5,0.5,0.5,0.5,synthetic,synthetic,synthetic,synthetic,synthetic,0.0,0.0,0.0,0.0,0.0,-110.0,-110.0,-110.0,-110.0,-110.0,-110.0,-110.0,-110.0,-110.0,-110.0,0.0,0.0,0.0,0.0,0.0,2026-08-26T14:02:39.082451+00:00,-0.14740553045721666,-0.338070473830222,-0.4990577988329081,-0.47528579047909286,-0.5,0.2,0.2,0.0,0.0,0.0,1.0,1.0,0.0,0.0,0.0,batter_pitcher_profile_network_v2,1.0,0.8,0.4343439855993866,1.0,0.7561842894112601,0.2539875,0.6201036471000063,0.0481481481481481,25.0,3.81712834170577,-0.0059739982035615,0.1236205196036571,0.0123620519603657,-0.0581546296296295,0.6084672252020263,0.019753086419753,25.0,3.887557616850541,-0.0041128811936573,0.0079970385611128,0.001279526169778,-0.0292291666666665,0.44659933724579,0.1111111111111111,25.0,4.724905313056181,-0.0608417536359049,0.0188440233418387,0.0009422011670919,-0.6205298611111111,0.6002503721668825,-0.0246913580246913,25.0,3.9526997448090286,-0.0177236687242199,-0.0354316191637185,-0.0008857904790929,-0.5184430555555553,0.5339935065748636,-0.0518518518518518,25.0,4.288934488664409,-0.0002051456922469,-0.0373405551921322,-0.0022404333115279
2026-06-04,Miguel_Rojas,500743,hitter,LAD,AZ,2026,825076,49,119,109,0,669194.0,Ryne_Nelson,0.0,0.0,0.0,0.0,0.0,1.0,1.0,0.0,0.0,9.0,0.0303030303030303,0.0,0.0,0.0,0.0,10.0,3.910714285714286,4.098214285714286,1.7967032967032968,1.08,0.0,74.0,0,1.0,1.2246467991473532e-16,-1.0,0.43388373911755823,-0.900968867902419,0.5,0.5,0.5,0.5,0.5,0.5,0.5,0.5,0.5,0.5,synthetic,synthetic,synthetic,synthetic,synthetic,0.0,0.0,0.0,0.0,0.0,-110.0,-110.0,-110.0,-110.0,-110.0,-110.0,-110.0,-110.0,-110.0,-110.0,0.0,0.0,0.0,0.0,0.0,2026-08-26T14:02:39.082451+00:00,-0.1291509917268146,-0.4488787797032197,-0.5,-0.4750465151210772,-0.5,0.2,0.2,0.0,0.0,0.0,0.0,0.0,0.0,0.0,0.0,batter_pitcher_profile_network_v2,1.0,0.8,0.5124638631605345,0.0,0.7297785414102675,0.2519467592592589,0.2398486200626747,0.0,27.0,5.949914432199452,-0.0050699972004949,0.0294613614531328,0.0029461361453132,-0.0648101851851854,0.4435846528513765,0.0,27.0,5.280683201505704,-0.010915369975537,-0.0163730549633056,-0.0026196887941288,-0.0271875000000003,0.4604980227996243,0.0,27.0,5.414431096751975,-0.0613591954183084,-0.0613591954183084,-0.0030679597709154,-0.6247372685185185,0.7131784955813469,0.0,27.0,4.252756935674451,-0.0258606048430892,-0.0258606048430892,-0.0006465151210772,-0.5386087962962965,0.5297048724534325,0.0,27.0,5.045116895360724,-0.0205006574710017,-0.0153754931032513,-0.000922529586195
2026-06-05,Miguel_Rojas,500743,hitter,LAD,LAA,2026,823943,50,119,108,1,672282.0,Reid_Detmers,0.0,0.0,0.0,0.0,0.0,2.0,2.0,0.0,1.0,8.0,0.0666666666666666,0.0,0.0,0.0,0.0,10.0,6.410294117647058,13.685294117647059,6.708791208791211,1.08,7.0,70.0,0,1.0,1.2246467991473532e-16,-1.0,-0.433883739117558,-0.9009688679024191,0.5,0.5,0.5,0.5,0.5,0.5,0.5,0.5,0.5,0.5,synthetic,synthetic,synthetic,synthetic,synthetic,0.0,0.0,0.0,0.0,0.0,-110.0,-110.0,-110.0,-110.0,-110.0,-110.0,-110.0,-110.0,-110.0,-110.0,0.0,0.0,0.0,0.0,0.0,2026-08-26T14:02:39.082451+00:00,-0.38726624502148455,-0.41500720302047733,-0.44816080826643606,-0.47835727086794155,-0.37727320779929013,0.2,0.2,0.0,0.0,0.0,0.0,0.0,0.0,0.0,0.0,batter_pitcher_profile_network_v2,1.0,0.7,0.5225062422337527,1.0,0.7189450897284557,0.2228275462962961,-0.2420508621569525,-0.0592592592592592,28.0,6.814308940583139,0.000995098112501,-0.0708652082411326,-0.0070865208241132,-0.0893449074074075,-0.3024780161141149,-0.0518518518518518,28.0,6.5549616672576105,-0.0003206186180594,-0.0528575188779833,-0.0084572030204773,-0.0595312500000002,-0.060561415219445,-0.037037037037037,28.0,6.96717090736852,-0.0570913073856481,-0.08700737411993,-0.0043503687059965,-0.6287002314814815,-0.3480207277128611,-0.0246913580246913,28.0,6.01416716720929,-0.0350184871468839,-0.1582908347176669,-0.0039572708679416,-0.5677280092592595,-0.0987256001724231,0.1111111111111111,28.0,6.780938952322986,-0.0351555094356324,0.0314538626858238,0.0018872317611494
2026-06-06,Miguel_Rojas,500743,hitter,LAD,LAA,2026,823942,51,119,108,1,686799.0,Jack_Kochanowicz,1.0,1.0,0.0,0.0,0.0,3.0,3.0,0.0,0.0,3.0,0.0769230769230769,0.2966666666666667,0.2966666666666667,0.0,0.0,35.6,9.107142857142856,7.785714285714286,7.351648351648353,1.08,4.0,70.0,0,1.0,1.2246467991473532e-16,-1.0,-0.9749279121818236,-0.2225209339563146,0.5,0.5,0.5,0.5,0.5,0.5,0.5,0.5,0.5,0.5,synthetic,synthetic,synthetic,synthetic,synthetic,0.0,0.0,0.0,0.0,0.0,-110.0,-110.0,-110.0,-110.0,-110.0,-110.0,-110.0,-110.0,-110.0,-110.0,0.0,0.0,0.0,0.0,0.0,2026-08-26T14:02:39.082451+00:00,-0.0481857379806967,-0.26894012040219684,-0.19013945895384388,-0.47584298330768116,-0.25047119538357326,0.2,0.2,0.0,0.0,0.0,0.0,0.0,0.0,0.0,0.0,batter_pitcher_profile_network_v2,1.0,0.75,0.5401795301240311,1.0,0.7316210056698547,0.0726655092592593,0.0648978825069043,-0.0518518518518518,29.0,7.365783007330792,-0.0019640954082996,-0.0377621417117296,-0.0037762141711729,-0.2158726851851851,0.0221458107790977,-0.0469135802469135,29.0,7.308695199815506,-0.0054570563487779,-0.0443132525137306,-0.0070901204021969,-0.25140625,0.2356032060892412,-0.037037037037037,29.0,7.178594692416986,-0.062710559369658,-0.091232402520103,-0.0045616201260051,-0.6490706018518518,0.0532919588153515,-0.0246913580246913,29.0,6.880950411470101,-0.0387047702069516,-0.0577193323072483,-0.0014429833076812,-0.7328900462962962,0.1480446713460388,-0.0518518518518518,29.0,7.186873552579596,-0.0470959245087127,-0.0752525237921576,-0.0045151514275294
2026-06-07,Miguel_Rojas,500743,hitter,LAD,LAA,2026,823941,52,119,108,1,667755.0,José_Soriano,0.0,0.0,0.0,0.0,0.0,4.0,3.0,1.0,0.0,8.0,0.1,0.1725,0.1725,0.0,0.0,20.7,3.9857142857142853,10.049999999999999,7.51935021500239,1.08,7.0,75.0,0,1.0,1.2246467991473532e-16,-1.0,-0.7818314824680299,0.6234898018587334,0.5,0.5,0.5,0.5,0.5,0.5,0.5,0.5,0.5,0.5,synthetic,synthetic,synthetic,synthetic,synthetic,0.0,0.0,0.0,0.0,0.0,-110.0,-110.0,-110.0,-110.0,-110.0,-110.0,-110.0,-110.0,-110.0,-110.0,0.0,0.0,0.0,0.0,0.0,2026-08-26T14:02:39.082451+00:00,0.18221778493875662,-0.03819439580657108,-0.27148490348449483,-0.4786994252595762,-0.25827531135477133,0.4,0.4,0.0,0.0,0.0,1.0,1.0,0.0,0.0,0.0,batter_pitcher_profile_network_v2,1.0,0.75,0.4732838849896332,0.0,0.7190170430665774,0.0044155092592594,-0.5283969445893875,0.0,30.0,6.875154671834834,0.0227514471516661,-0.0012289032800578,-0.0001228903280057,-0.2732060185185183,-0.4611550295969465,0.0,30.0,7.049755094003479,0.0039516087476847,-0.0604337237910697,-0.0096693958065711,-0.3084895833333331,-0.2011021863567135,0.0,30.0,7.777759706402238,-0.0688719073897396,-0.1015482846922872,-0.0050774142346143,-0.6599594907407407,-0.3659479181599963,0.0,30.0,6.955841820600543,-0.0447693791751585,-0.1719770103830481,-0.0042994252595762,-0.7911400462962961,-0.3250898452032433,0.0,30.0,7.343376458593354,-0.0547734363367881,-0.176547035081516,-0.0105928221048909
2026-06-09,Miguel_Rojas,500743,hitter,LAD,PIT,2026,823374,53,119,134,0,694973.0,Paul_Skenes,0.0,0.0,0.0,0.0,0.0,1.0,0.0,1.0,0.0,3.0,0.0196078431372549,0.69,0.69,0.0,0.0,65.0,3.6053571428571427,11.324999999999998,4.845918367346939,1.08,0.0,81.0,0,2.0,1.2246467991473532e-16,-1.0,0.7818314824680298,0.6234898018587336,0.5,0.5,0.5,0.5,0.5,0.5,0.5,0.5,0.5,0.5,synthetic,synthetic,synthetic,synthetic,synthetic,0.0,0.0,0.0,0.0,0.0,-110.0,-110.0,-110.0,-110.0,-110.0,-110.0,-110.0,-110.0,-110.0,-110.0,0.0,0.0,0.0,0.0,0.0,2026-08-26T14:02:39.082451+00:00,-0.3548073251748569,-0.14853359387466597,-0.17105866429050798,-0.47770622840435095,-0.32516221081895963,0.2,0.2,0.0,0.0,0.0,0.0,0.0,0.0,0.0,0.0,batter_pitcher_profile_network_v2,1.0,0.75,0.5535442014100416,0.0,0.7116431264954524,-0.0215925925925925,-0.2948670881749829,0.0,31.0,8.261820238495094,0.0411232815594836,-0.0028425594716607,-0.000284255947166,-0.3111018518518518,-0.3158928058783322,0.0,31.0,8.097228756426338,0.0246862531060121,-0.0068459911284274,-0.0010953585805483,-0.3166666666666667,-0.054861215538847,0.0,31.0,8.556478954720333,-0.0784531494141701,-0.0862093002159238,-0.0043104650107961,-0.7386064814814814,-0.2499388585099111,0.0,31.0,7.800286277665087,-0.0498305112616838,-0.1322491361740439,-0.003306228404351,-0.8354814814814815,-0.0634906015037593,0.0,31.0,8.382655483994768,-0.0688002645331438,-0.0752825452619724,-0.0045169527157183
2026-06-10,Miguel_Rojas,500743,hitter,LAD,PIT,2026,823372,54,119,134,0,683003.0,Jared_Jones,1.0,1.0,1.0,0.0,0.0,1.0,1.0,0.0,0.0,9.0,0.0256410256410256,0.89,0.89,0.0,0.0,65.0,5.192307692307692,9.830769230769231,8.91734693877551,1.08,11.0,87.0,0,1.0,1.2246467991473532e-16,-1.0,0.9749279121818236,-0.22252093395631434,0.5,0.5,0.5,0.5,0.5,0.5,0.5,0.5,0.5,0.5,synthetic,synthetic,synthetic,synthetic,synthetic,0.0,0.0,0.0,0.0,0.0,-110.0,-110.0,-110.0,-110.0,-110.0,-110.0,-110.0,-110.0,-110.0,-110.0,0.0,0.0,0.0,0.0,0.0,2026-08-26T14:02:39.082451+00:00,-0.08008560962846678,-0.05024401191082983,0.09193906609679636,-0.475607800033184,-0.0532108237042353,0.2,0.2,0.0,0.0,0.0,0.0,0.0,0.0,0.0,0.0,batter_pitcher_profile_network_v2,1.0,0.1,0.8480099918660855,0.0,0.5246118775996405,-0.0215925925925925,0.2541913919413919,0.0,32.0,8.198207611849966,0.0150107997723474,0.0,0.0,-0.3111018518518518,0.357375,0.0,32.0,7.700469186905542,0.0025249503715427,0.003787425557314,0.0006059880891702,-0.3,0.4423124236874238,0.0,32.0,7.849706082205608,-0.04971946299343,-0.04971946299343,-0.0024859731496715,-0.7386064814814814,0.4182380952380952,0.0,32.0,7.338796845364664,-0.048312001327363,-0.048312001327363,-0.001207800033184,-0.8254814814814815,0.4752191697191699,0.0,32.0,7.472674754988211,-0.071822595485713,-0.0538669466142847,-0.003232016796857
2026-06-11,Miguel_Rojas,500743,hitter,LAD,PIT,2026,823371,55,119,134,0,656605.0,Mitch_Keller,0.0,0.0,0.0,0.0,2.0,2.0,1.0,0.0,0.0,9.0,0.0408163265306122,0.0,0.0,0.0,0.0,10.0,9.607142857142856,8.821428571428571,9.817346938775511,1.08,11.0,72.0,0,1.0,1.2246467991473532e-16,-1.0,0.43388373911755823,-0.900968867902419,0.5,0.5,0.5,0.5,0.5,0.5,0.5,0.5,0.5,0.5,synthetic,synthetic,synthetic,synthetic,synthetic,0.0,0.0,0.0,0.0,0.0,-110.0,-110.0,-110.0,-110.0,-110.0,-110.0,-110.0,-110.0,-110.0,-110.0,0.0,0.0,0.0,0.0,0.0,2026-08-26T14:02:39.082451+00:00,0.23509040422120664,-0.17063256133187937,-0.06716343134114922,-0.47590630193245037,-0.25766035359376394,0.4,0.4,0.2,0.0,0.0,1.0,1.0,1.0,0.0,0.0,batter_pitcher_profile_network_v2,1.0,0.8,0.437616236443364,0.0,0.7371136088285504,0.0521284722222221,0.1368828454530511,0.0,32.0,8.626074176656672,0.0042700554146065,0.0040128857494816,0.0004012885749481,-0.2500949074074075,0.0329658209969357,0.0,32.0,8.79392857244407,0.0006083754028834,0.0009125631043251,0.000146010096692,-0.2314062500000002,0.1588759985195927,0.0,32.0,8.917010463913098,-0.0841869941699247,-0.0841869941699247,-0.0042093497084962,-0.7182361111111111,-0.0176521168561715,0.0,32.0,8.486091228111846,-0.0531219578716631,-0.0602520772980181,-0.0015063019324504,-0.7517604166666667,0.1314854617964289,0.0,32.0,8.759622570497193,-0.0783933451675454,-0.058795008875659,-0.0035277005325395
2026-06-12,Miguel_Rojas,500743,hitter,LAD,CWS,2026,824588,56,119,145,0,641743.0,Anthony_Kay,2.0,3.0,1.0,0.0,0.0,4.0,4.0,0.0,0.0,6.0,0.1176470588235294,0.54,0.54,0.25,21.25,65.0,5.600000000000001,7.3,2.895962732919255,1.08,14.0,79.0,0,1.0,1.2246467991473532e-16,-1.0,-0.433883739117558,-0.9009688679024191,0.5,0.5,0.5,0.5,0.5,0.5,0.5,0.5,0.5,0.5,synthetic,synthetic,synthetic,synthetic,synthetic,0.0,0.0,0.0,0.0,0.0,-110.0,-110.0,-110.0,-110.0,-110.0,-110.0,-110.0,-110.0,-110.0,-110.0,0.0,0.0,0.0,0.0,0.0,2026-08-26T14:02:39.082451+00:00,0.03951301912069183,0.3259158585322456,-0.1281413347748821,-0.3578764824798768,0.24548307422680438,0.4,0.4,0.2,0.0,0.4,0.0,0.0,0.0,0.0,2.0,batter_pitcher_profile_network_v2,1.0,0.8,0.4309846823791506,0.0,0.7377635011268432,-0.0215925925925925,0.2160067357338921,0.0,33.0,8.974116470187788,0.0322372317588451,0.0,0.0,-0.3411944444444444,0.2759630878173914,0.0,33.0,8.660707977451732,0.0408136262372977,0.0612204393559466,0.0097952702969514,-0.3041666666666667,0.3510405924091148,0.0,33.0,8.886305047900631,-0.0584953107698395,-0.0584953107698395,-0.0029247655384919,-0.8365231481481481,0.3589193761609497,0.0,33.0,8.136754053756816,0.035940700804929,0.035940700804929,0.0008985175201232,-0.8640925925925925,0.348805162961262,0.0,33.0,8.670104449908782,0.0295999200971341,0.0221999400728505,0.001331996404371
2026-06-13,Miguel_Rojas,500743,hitter,LAD,CWS,2026,824587,57,119,145,0,680732.0,Sean_Burke,0.0,0.0,0.0,0.0,0.0,2.0,1.0,1.0,0.0,9.0,0.0434782608695652,0.345,0.345,0.0,0.0,41.4,3.4965659340659343,11.649725274725276,2.895962732919255,1.08,0.0,86.0,0,1.0,1.2246467991473532e-16,-1.0,-0.9749279121818236,-0.2225209339563146,0.5,0.5,0.5,0.5,0.5,0.5,0.5,0.5,0.5,0.5,synthetic,synthetic,synthetic,synthetic,synthetic,0.0,0.0,0.0,0.0,0.0,-110.0,-110.0,-110.0,-110.0,-110.0,-110.0,-110.0,-110.0,-110.0,-110.0,0.0,0.0,0.0,0.0,0.0,2026-08-26T14:02:39.082451+00:00,0.16166483621863437,0.529372308708723,-0.09024059807251239,-0.4741448613661834,-0.22101692267115863,0.6,0.8,0.4,0.0,0.4,2.0,3.0,1.0,0.0,0.0,batter_pitcher_profile_network_v2,1.0,0.65,0.5440855661389274,0.0,0.6841771867961879,-0.0012222222222221,-0.0081266469269183,0.0,34.0,10.15852124126504,0.0532763226983982,-4.528401329068871e-06,-4.528401329068872e-07,-0.3259166666666666,-0.0540975563746439,0.0,34.0,10.084906061693363,0.0636674406574435,0.0874627989947372,0.0139940478391579,-0.2916666666666667,0.0546582716075659,0.0,34.0,10.278675635098972,-0.0464268682825466,-0.0464268682825466,-0.0023213434141273,-0.7851631944444445,-0.073634426878241,0.0,34.0,9.657867855329226,0.0365642574166999,0.0102055453526658,0.0002551386338166,-0.8362222222222221,0.0407239190895803,0.0,34.0,10.090944859805107,0.0123223533393331,0.0092417650044998,0.0005545059002699
2026-06-15,Miguel_Rojas,500743,hitter,LAD,TB,2026,823938,58,119,139,1,607259.0,Nick_Martinez,1.0,4.0,1.0,1.0,1.0,1.0,1.0,0.0,0.0,9.0,0.0303030303030303,2.1,2.1,3.0,30.0,65.0,6.642857142857143,3.75,7.85064935064935,1.08,9.0,71.0,0,2.0,1.2246467991473532e-16,-1.0,0.0,1.0,0.5,0.5,0.5,0.5,0.5,0.5,0.5,0.5,0.5,0.5,synthetic,synthetic,synthetic,synthetic,synthetic,0.0,0.0,0.0,0.0,0.0,-110.0,-110.0,-110.0,-110.0,-110.0,-110.0,-110.0,-110.0,-110.0,-110.0,0.0,0.0,0.0,0.0,0.0,2026-08-26T14:02:39.082451+00:00,0.38549890030208134,4.48581225414984,0.9660375338102412,0.35148402388563693,0.5373851970150256,0.6,0.8,0.4,0.0,0.4,0.0,0.0,0.0,0.0,0.0,batter_pitcher_profile_network_v2,1.0,0.8,0.4351314901528609,0.0,0.7373571139650196,0.0009259259259259,0.5252455852590702,0.0,35.0,8.26811885790627,0.0487705432358551,0.0002747173065269,2.747173065269299e-05,-0.3243055555555555,0.3806128713139533,0.0,35.0,9.16931103365531,0.0627972710788793,0.0941959066183189,0.015071345058931,-0.2958333333333333,0.1786511753859792,0.0,35.0,10.573709652232058,-0.0485350380808924,-0.0485350380808924,-0.0024267519040446,-0.7830150462962964,0.2480235855996677,0.0,35.0,9.619496842159652,0.0353609554254797,0.0353609554254797,0.0008840238856369,-0.836574074074074,0.251130231823369,0.0,35.0,10.134281913184315,0.0048081299154321,0.003606097436574,0.0002163658461944
2026-06-17,Miguel_Rojas,500743,hitter,LAD,TB,2026,823940,59,119,139,1,663556.0,Shane_McClanahan,1.0,1.0,0.0,0.0,0.0,3.0,3.0,0.0,1.0,5.0,0.075,0.2966666666666667,0.2966666666666667,0.0,0.0,35.6,6.0,10.65,7.047077922077922,1.08,4.0,78.0,0,2.0,1.2246467991473532e-16,-1.0,0.9749279121818236,-0.22252093395631434,0.5,1.5,0.5,0.5,0.5,0.5,1.5,0.5,0.5,0.5,synthetic,synthetic,synthetic,synthetic,synthetic,0.0,0.0,0.0,0.0,0.0,-110.0,-110.0,-110.0,-110.0,-110.0,-110.0,-110.0,-110.0,-110.0,-110.0,0.0,0.0,0.0,0.0,0.0,2026-08-26T14:02:39.082451+00:00,0.37814971796386143,0.18042016830646834,0.2977909642175196,-0.2374404916093915,0.2998066470450871,0.8,1.6,0.6,0.2,0.6,1.0,4.0,1.0,1.0,1.0,batter_pitcher_profile_network_v2,1.0,0.8,0.4615309457921455,0.0,0.7347699673123698,0.1959780092592591,-0.4311710222375663,0.0,36.0,9.966931040283209,0.0684625809834177,-0.0455006558592218,-0.0045500655859221,0.0060763888888887,-0.5285752992105932,0.0,36.0,9.370578496900864,0.069362014986503,0.1023135519154274,0.0163701683064683,-0.0450520833333335,-0.408553878637702,0.0,36.0,9.835736851105825,-0.0496808001317583,-0.0595919710608672,-0.0029795985530433,-0.4868344907407407,-0.6165217277820219,0.0,36.0,8.47045295000764,0.0399986137098535,-0.1216196643756608,-0.0030404916093915,-0.4456886574074075,-0.4793628613216846,0.0,36.0,9.337116290043468,0.0478950128596738,-0.0791208176468203,-0.0047472490588092
2026-06-20,Miguel_Rojas,500743,hitter,LAD,BAL,2026,823937,60,119,110,1,669432.0,Trevor_Rogers,0.0,0.0,0.0,0.0,0.0,3.0,3.0,0.0,0.0,5.0,0.088235294117647,0.0,0.0,0.0,0.0,10.0,3.117647058823529,5.176470588235294,4.313543599257884,1.08,0.0,67.0,0,3.0,1.2246467991473532e-16,-1.0,-0.9749279121818236,-0.2225209339563146,0.5,1.5,0.5,0.5,0.5,0.5,1.5,0.5,0.5,0.5,synthetic,real,real,real,synthetic,0.0,4.0,2.0,4.0,0.0,-110.0,132.95588,117.665904,640.994854,-110.0,-110.0,-182.276423,0.0,0.0,-110.0,0.0,0.0,0.0,0.0,0.0,2026-06-20T11:58:55.263102+00:00,0.5213151682930122,-0.3488554253725582,-0.2516527733380719,-0.33146392254282,-0.0623335420632285,0.8,1.6,0.4,0.2,0.6,1.0,1.0,0.0,0.0,0.0,batter_pitcher_profile_network_v2,1.0,0.8,0.4723567148947722,0.0,0.7337090419403123,0.2487233796296295,0.4692066775030272,0.0,37.0,9.57748890366525,0.0604656677565646,0.0615773804818716,0.0061577380481871,0.0502708333333332,0.3829144065247824,0.0,37.0,10.076031454263845,0.1021522523555098,0.1633852090685709,0.0261416334509713,0.0272395833333331,0.3883590625905534,0.0,37.0,10.717464214944291,-0.0307102784079488,-0.0251284777840268,-0.0012564238892013,-0.4773530092592591,0.313697452501794,0.0,37.0,10.274036997830937,0.1174430982872034,0.1174430982872034,0.00293607745718,-0.3829432870370371,0.4385242924756108,0.0,37.0,10.165217265281983,0.0716571575894325,0.0537428681920743,0.0032245720915244
2026-06-22,Miguel_Rojas,500743,hitter,LAD,MIN,2026,823692,61,119,142,0,805673.0,Zebby_Matthews,1.0,1.0,0.0,0.0,0.0,1.0,1.0,0.0,0.0,9.0,0.0263157894736842,0.89,0.89,0.0,0.0,65.0,5.214285714285715,4.571428571428572,4.821428571428571,1.08,-4.0,77.0,0,2.0,1.2246467991473532e-16,-1.0,0.0,1.0,0.5,1.5,0.5,0.5,0.5,0.5,1.5,0.5,0.5,0.5,synthetic,synthetic,synthetic,synthetic,synthetic,0.0,0.0,0.0,0.0,0.0,-110.0,-110.0,-110.0,-110.0,-110.0,-110.0,-110.0,-110.0,-110.0,-110.0,0.0,0.0,0.0,0.0,0.0,2026-08-26T14:02:39.082451+00:00,0.38340665808813423,-0.1601065107301236,0.14393226034822504,-0.331757058858447,-0.11538283785908537,0.8,1.6,0.4,0.2,0.2,0.0,0.0,0.0,0.0,0.0,batter_pitcher_profile_network_v2,1.0,0.5,0.6835913060296142,0.0,0.6331300325056861,0.2487233796296295,0.2588029012654012,0.0,38.0,11.444308075926775,0.0528075394630189,0.0203673327610427,0.0020367332761042,0.0502708333333332,0.2371364219114218,0.0,38.0,11.470786697312656,0.0891797482185042,0.1375415447788329,0.0220066471646132,0.0439062499999997,0.1192743506493506,0.0,38.0,12.36597513424159,-0.0525982565548478,-0.0509412592009121,-0.0025470629600456,-0.4773530092592591,0.2425341491841491,0.0,38.0,11.19225345020718,0.1057176456621215,0.1057176456621215,0.002642941141553,-0.3729432870370371,0.1834761904761904,0.0,38.0,11.957126088256432,0.0577414477429654,0.0433060858072241,0.0025983651484334
2026-06-23,Miguel_Rojas,500743,hitter,LAD,MIN,2026,823690,62,119,142,0,696070.0,Kendry_Rojas,1.0,2.0,1.0,0.0,1.0,1.0,1.0,0.0,0.0,1.0,0.0192307692307692,1.27,1.27,1.0,30.0,65.0,1.5,9.75,4.821428571428571,1.08,-6.0,68.0,0,1.0,1.2246467991473532e-16,-1.0,0.7818314824680298,0.6234898018587336,0.5,1.5,0.5,0.5,0.5,0.5,1.5,0.5,0.5,0.5,synthetic,synthetic,synthetic,synthetic,synthetic,0.0,0.0,0.0,0.0,0.0,-110.0,-110.0,-110.0,-110.0,-110.0,-110.0,-110.0,-110.0,-110.0,-110.0,0.0,0.0,0.0,0.0,0.0,2026-08-26T14:02:39.082451+00:00,0.0726310101130272,1.0829701190955547,0.29501192562657075,-0.009311640563707868,-0.012651919336775619,0.6,1.2,0.2,0.2,0.2,1.0,1.0,0.0,0.0,0.0,batter_pitcher_profile_network_v2,1.0,0.05,0.9425,0.0,0.5117271875,0.3988854166666667,-0.6083750000000001,0.0,39.0,9.808806297397156,0.051016846427229,-0.0139536351334635,-0.0013953635133463,0.1767986111111112,-0.6765,0.0,39.0,9.31112007541477,0.0455019928807827,0.0613757443472157,0.0098201190955545,0.2024479166666667,-0.7594444444444444,0.0,39.0,8.037772817811623,-0.0619649366404351,-0.0708054435125416,-0.003540272175627,-0.4569826388888889,-0.6765,0.0,39.0,9.081889269874107,0.0213104308761622,0.003534377451683,8.835943629207583e-05,-0.2277812499999999,-0.8372222222222223,0.0,39.0,7.411749102081029,0.0070932141170074,-0.0056455420598138,-0.0003387325235888
2026-06-26,Miguel_Rojas,500743,hitter,LAD,SD,2026,823285,63,119,135,0,621111.0,Walker_Buehler,0.0,0.0,0.0,0.0,0.0,1.0,1.0,0.0,0.0,6.0,0.0294117647058823,0.0,0.0,0.0,0.0,10.0,1.805357142857143,9.508928571428571,2.1198979591836737,1.08,0.0,70.0,0,3.0,1.2246467991473532e-16,-1.0,-0.433883739117558,-0.9009688679024191,0.5,1.5,0.5,0.5,0.5,0.5,1.5,0.5,0.5,0.5,synthetic,synthetic,synthetic,synthetic,synthetic,0.0,0.0,0.0,0.0,0.0,-110.0,-110.0,-110.0,-110.0,-110.0,-110.0,-110.0,-110.0,-110.0,-110.0,0.0,0.0,0.0,0.0,0.0,2026-08-26T14:02:39.082451+00:00,0.14355028727596897,-0.2864086755759452,-0.30897578367183026,-0.3331966460690809,-0.21976580453847644,0.8,1.6,0.4,0.2,0.4,1.0,2.0,1.0,0.0,1.0,batter_pitcher_profile_network_v2,1.0,0.95,0.2684759072747498,0.0,0.801256116290901,0.6044641203703702,0.118326682198532,0.0,39.0,12.275965051821007,0.0292237716620809,0.052321700290703,0.0052321700290703,0.4202708333333332,0.0012024225555921,0.0,39.0,12.40458327510039,0.0531855419056029,0.0801479835326957,0.0128236773652313,0.4697395833333332,0.0006924582122858,0.0,39.0,12.752923155734706,-0.0958280497312689,-0.0955901032085148,-0.0047795051604257,-0.2678622685185184,-0.1361235058263706,0.0,39.0,11.92745810466442,0.0748072455213974,0.0481341572367649,0.0012033539309191,0.0786307870370369,0.0131974316870868,0.0,39.0,12.505069455426764,0.0134558884985667,0.0108510368037044,0.0006510622082222
2026-06-28,Miguel_Rojas,500743,hitter,LAD,SD,2026,823281,64,119,135,0,650633.0,Michael_King,0.0,0.0,0.0,0.0,0.0,1.0,1.0,0.0,0.0,8.0,0.0263157894736842,0.0,0.0,0.0,0.0,10.0,3.4269230769230767,4.185164835164835,3.5510204081632657,1.08,0.0,70.0,0,2.0,1.2246467991473532e-16,-1.0,-0.7818314824680299,0.6234898018587334,0.5,0.5,0.5,0.5,0.5,0.5,0.5,0.5,0.5,0.5,synthetic,synthetic,synthetic,synthetic,synthetic,0.0,0.0,0.0,0.0,0.0,-110.0,-110.0,-110.0,-110.0,-110.0,-110.0,-110.0,-110.0,-110.0,-110.0,0.0,0.0,0.0,0.0,0.0,2026-08-26T14:02:39.082451+00:00,0.17979952841687918,-0.06594248934592972,-0.5,-0.4721434834493687,-0.44856448925575726,0.6,0.8,0.2,0.0,0.2,0.0,0.0,0.0,0.0,0.0,batter_pitcher_profile_network_v2,1.0,1.0,0.3607330030904654,0.0,0.8058102071214179,0.5425219907407408,-0.0403841916299481,0.0,40.0,13.255289622462625,0.0153560164148909,-0.0140059001105889,-0.0014005900110588,0.3684236111111111,0.0812815417707908,0.0,40.0,13.11929087202498,0.0400321092815462,0.0791916784300444,0.0126706685488071,0.3967187500000001,0.0380205714474909,0.0,40.0,13.58452515888709,-0.1065403726330702,-0.0968980057753005,-0.004844900288765,-0.2794918981481481,0.2171459627062028,0.0,40.0,12.351212545673857,0.0902606620252533,0.0902606620252533,0.0022565165506313,0.0116886574074074,0.0286353635781516,0.0,40.0,13.328322549202806,-0.001682581961511,-0.0010479680828863,-6.287808497318328e-05
2026-06-29,Miguel_Rojas,500743,hitter,LAD,ATH,2026,824986,65,119,133,0,695611.0,Gage_Jump,2.0,3.0,2.0,0.0,0.0,3.0,3.0,0.0,0.0,8.0,0.0666666666666666,0.7200000000000001,0.7200000000000001,0.3333333333333333,28.33333333333333,65.0,1.8000000000000005,12.0,4.53896103896104,1.08,5.0,87.0,0,1.0,1.2246467991473532e-16,-1.0,0.0,1.0,0.5,0.5,0.5,0.5,0.5,0.5,0.5,0.5,0.5,0.5,synthetic,synthetic,synthetic,synthetic,synthetic,0.0,0.0,0.0,0.0,0.0,-110.0,-110.0,-110.0,-110.0,-110.0,-110.0,-110.0,-110.0,-110.0,-110.0,0.0,0.0,0.0,0.0,0.0,2026-08-26T14:02:39.082451+00:00,-0.17476207406452404,0.5570045518229416,-0.037318291144333715,-0.32148833568500734,-0.13743045129772458,0.4,0.6,0.2,0.0,0.2,0.0,0.0,0.0,0.0,0.0,batter_pitcher_profile_network_v2,1.0,0.4,0.738639117388111,0.0,0.6038066832479826,0.5425219907407408,-0.5209797958701469,0.0,41.0,11.721061633308652,0.0094437943013652,-0.0738718228963225,-0.0073871822896322,0.3684236111111111,-0.6416393076546586,0.0,41.0,10.684370594636912,0.0060002488210163,-0.0527840511066151,-0.0084454481770584,0.4008854166666667,-0.6472471973283376,0.0,41.0,10.184449444460148,-0.1125110407451301,-0.1803268618477145,-0.0090163430923857,-0.2794918981481481,-0.7479278879015722,0.0,41.0,9.45953844613955,0.0044347286592905,-0.0502000940669627,-0.001255002351674,0.0141886574074074,-0.7161129380690784,0.0,41.0,9.515080085612857,-0.0359814882285322,-0.0296417207629433,-0.0017785032457765
2026-06-30,Miguel_Rojas,500743,hitter,LAD,ATH,2026,824984,66,119,133,0,605488.0,Jeffrey_Springs,1.0,4.0,1.0,1.0,2.0,5.0,3.0,1.0,0.0,8.0,0.1111111111111111,0.558,0.558,1.0,30.0,65.0,11.096590909090908,10.397727272727272,5.824675324675326,1.08,10.0,83.0,0,1.0,1.2246467991473532e-16,-1.0,0.7818314824680298,0.6234898018587336,0.5,1.5,0.5,0.5,0.5,0.5,1.5,0.5,0.5,0.5,synthetic,synthetic,synthetic,synthetic,synthetic,0.0,0.0,0.0,0.0,0.0,-110.0,-110.0,-110.0,-110.0,-110.0,-110.0,-110.0,-110.0,-110.0,-110.0,0.0,0.0,0.0,0.0,0.0,2026-08-26T14:02:39.082451+00:00,0.5778218189489448,1.1624930342821735,0.5432874121948417,-0.1473500557122573,-0.06344070104158778,0.8,1.2,0.6,0.0,0.2,2.0,3.0,2.0,0.0,0.0,batter_pitcher_profile_network_v2,1.0,1.0,0.3453335367897276,0.0,0.8076966417432583,0.6678923611111113,0.3427775496451298,0.0,42.0,12.96901295471157,-0.0302885424524868,0.149878362649621,0.0149878362649621,0.496849537037037,0.5366105173495814,0.0,42.0,11.306670532351388,0.006177957784793,0.1838106309302509,0.0294097009488401,0.5358854166666669,0.6416198983246857,0.0,42.0,10.944821444280254,-0.1370241582346847,0.0880729192215056,0.0044036459610752,-0.1761354166666666,0.7816385906356336,0.0,42.0,8.995088482508105,0.0819977715097093,0.0819977715097093,0.0020499442877427,0.1673368055555557,0.6855378455272073,0.0,42.0,10.345990884292688,-0.0054925723219271,0.0709811009663209,0.0042588660579792
2026-07-01,Miguel_Rojas,500743,hitter,LAD,ATH,2026,824985,67,119,133,0,669372.0,JT_Ginn,2.0,2.0,0.0,0.0,0.0,4.0,4.0,0.0,0.0,8.0,0.1081081081081081,0.445,0.445,0.0,0.0,53.4,3.187500000000005,6.8125,6.555194805194807,1.08,8.0,83.0,0,1.0,-0.4999999999999997,-0.8660254037844388,0.9749279121818236,-0.22252093395631434,0.5,1.5,0.5,0.5,0.5,0.5,1.5,0.5,0.5,0.5,synthetic,synthetic,synthetic,synthetic,synthetic,0.0,0.0,0.0,0.0,0.0,-110.0,-110.0,-110.0,-110.0,-110.0,-110.0,-110.0,-110.0,-110.0,-110.0,0.0,0.0,0.0,0.0,0.0,2026-08-26T14:02:39.082451+00:00,0.6178003111076364,0.37782478944555664,0.48914160653321226,-0.23362781147327,0.5199056295458826,0.8,1.8,0.8,0.2,0.6,1.0,4.0,1.0,1.0,2.0,batter_pitcher_profile_network_v2,1.0,0.9,0.4588704885739923,0.0,0.7644095286347173,0.7696377314814816,-0.218534813749286,0.0,43.0,14.52977396439512,-0.0256216911077831,-0.0910140001907478,-0.0091014000190747,0.6513217592592593,-0.1855528272976403,0.0,43.0,14.516441299620707,-0.0111066109642974,-0.0820579038031095,-0.0131292646084975,0.6196770833333336,-0.0871007627992919,0.0,43.0,14.958987800943415,-0.1374798870239494,-0.166686998854889,-0.0083343499427444,0.0129849537037036,-0.1314538013236143,0.0,43.0,14.06821327358559,0.0318112066797223,0.0308875410692012,0.00077218852673,0.3399155092592594,-0.1581803082538374,0.0,43.0,14.443645967673264,-0.0387449044823375,-0.0581540974832159,-0.0034892458489929
2026-07-03,Miguel_Rojas,500743,hitter,LAD,SD,2026,823933,68,119,135,1,650633.0,Michael_King,1.0,2.0,0.0,0.0,0.0,1.0,1.0,0.0,0.0,1.0,0.0294117647058823,1.27,1.27,1.0,30.0,65.0,4.846153846153847,6.2967032967032965,8.482417582417582,1.08,4.0,73.0,0,2.0,-0.4999999999999997,-0.8660254037844388,-0.433883739117558,-0.9009688679024191,0.5,1.5,0.5,0.5,0.5,0.5,1.5,0.5,0.5,0.5,synthetic,synthetic,synthetic,synthetic,synthetic,0.0,0.0,0.0,0.0,0.0,-110.0,-110.0,-110.0,-110.0,-110.0,-110.0,-110.0,-110.0,-110.0,-110.0,0.0,0.0,0.0,0.0,0.0,2026-08-26T14:02:39.082451+00:00,0.8347715061702774,1.5940512445530661,0.7421629194557202,-0.00759329168167816,0.31523388730005286,1.0,1.8,0.6,0.2,0.4,2.0,2.0,0.0,0.0,0.0,batter_pitcher_profile_network_v2,1.0,1.0,0.3743663144256274,1.0,0.8228901264828608,0.7963333333333334,-0.0767327776240928,-0.0703703703703703,43.0,14.8254173917376,-0.0120185511697291,-0.0865865974224145,-0.0086586597422414,0.6724814814814815,0.0289890011640623,-0.0691358024691358,43.0,14.695867118609325,0.0143066572664888,-0.0138525156609881,-0.002216402505758,0.6333333333333333,0.0301552949840068,-0.0666666666666666,43.0,15.031195205418438,-0.1314720266928314,-0.1653356638914155,-0.0082667831945707,0.0290590277777777,0.161917494613844,-0.0493827160493827,43.0,13.89914039422083,0.1032595937557076,0.0722683327328752,0.0018067083183218,0.3666111111111111,0.0052580970218525,-0.0666666666666666,43.0,14.709777250663764,-0.0177523479607312,-0.0579204519157332,-0.0034752271149439
2026-07-05,Miguel_Rojas,500743,hitter,LAD,SD,2026,823931,69,119,135,1,676664.0,,1.0,1.0,0.0,0.0,0.0,2.0,2.0,0.0,0.0,7.0,0.0555555555555555,0.445,0.445,0.0,0.0,53.4,4.1,8.2,7.533437990580849,1.08,0.0,81.0,0,2.0,-0.4999999999999997,-0.8660254037844388,-0.7818314824680299,0.6234898018587334,1.5,2.5,0.5,0.5,0.5,1.5,2.5,0.5,0.5,0.5,synthetic,synthetic,synthetic,synthetic,synthetic,0.0,0.0,0.0,0.0,0.0,-110.0,-110.0,-110.0,-110.0,-110.0,-110.0,-110.0,-110.0,-110.0,-110.0,0.0,0.0,0.0,0.0,0.0,2026-08-26T14:02:39.082451+00:00,-0.20570155789459021,-0.6641831353764682,0.22481266539047118,-0.3282115811592871,0.06286630250651282,1.2,2.2,0.6,0.2,0.4,1.0,2.0,0.0,0.0,0.0,batter_pitcher_profile_network_v2,1.0,0.1,0.7210919236413144,0.0,0.5261666239353939,0.8006296296296297,0.5475806451612903,0.0,45.0,13.086553888609592,-0.013509538624311,0.122275891488424,0.0122275891488424,0.7451481481481481,0.6774395161290323,0.0,45.0,11.67967913917654,0.0488486321096291,0.2140637372304067,0.034250197956865,0.6416666666666666,0.7822916666666667,0.0,45.0,11.12269933446808,-0.087188305441509,0.0528153172285753,0.0026407658614287,0.202105324074074,0.8180645161290323,0.0,45.0,10.33523514838925,0.2014234326749365,0.2475367536285199,0.0061884188407129,0.4592407407407406,0.8208333333333334,0.0,45.0,10.515805628504678,0.0456185895233221,0.1393511607356206,0.0083610696441372
2026-07-06,Miguel_Rojas,500743,hitter,LAD,COL,2026,823930,70,119,115,1,607536.0,Kyle_Freeland,0.0,0.0,0.0,0.0,1.0,3.0,2.0,0.0,1.0,8.0,0.0666666666666666,0.0,0.0,0.0,0.0,10.0,5.0181818181818185,9.472727272727273,6.304945054945054,1.08,4.0,74.0,0,1.0,-0.4999999999999997,-0.8660254037844388,0.0,1.0,1.5,2.5,0.5,0.5,0.5,1.5,2.5,0.5,0.5,0.5,synthetic,synthetic,synthetic,synthetic,synthetic,0.0,0.0,0.0,0.0,0.0,-110.0,-110.0,-110.0,-110.0,-110.0,-110.0,-110.0,-110.0,-110.0,-110.0,0.0,0.0,0.0,0.0,0.0,2026-08-26T14:02:39.082451+00:00,-0.1823928341006631,-0.8492196747038085,-0.07641910761004439,-0.3293378892190914,-0.11480154586473795,1.4,2.4,0.6,0.2,0.4,1.0,1.0,0.0,0.0,0.0,batter_pitcher_profile_network_v2,1.0,0.9,0.3900149007227128,0.0,0.772000857195321,0.7963333333333333,0.5897198312492564,0.0,45.0,12.625759243816011,0.0031072522900335,0.2864572733789855,0.0286457273378985,0.7419259259259259,0.5516894563085823,0.0,45.0,13.06053195200945,0.0557599190881728,0.3333145331011969,0.0533303252961915,0.65,0.4891438731547092,0.0,45.0,14.38839306446294,-0.1222680152635883,0.0716727928540605,0.003583639642703,0.1978090277777776,0.4876588440636845,0.0,45.0,13.620537691604428,0.1436432422923567,0.2024844312363442,0.0050621107809086,0.4599444444444443,0.5952153017261377,0.0,45.0,13.060743344048404,0.0562580355091395,0.2091866898001575,0.0125512013880094
2026-07-07,Miguel_Rojas,500743,hitter,LAD,COL,2026,823929,71,119,115,1,547179.0,Michael_Lorenzen,0.0,0.0,0.0,0.0,0.0,3.0,3.0,0.0,1.0,9.0,0.0769230769230769,0.0,0.0,0.0,0.0,10.0,4.6934389140271495,4.034219457013574,5.6620879120879115,1.08,0.0,76.0,0,1.0,-0.4999999999999997,-0.8660254037844388,0.7818314824680298,0.6234898018587336,0.5,1.5,0.5,0.5,0.5,0.5,1.5,0.5,0.5,0.5,synthetic,synthetic,synthetic,synthetic,synthetic,0.0,0.0,0.0,0.0,0.0,-110.0,-110.0,-110.0,-110.0,-110.0,-110.0,-110.0,-110.0,-110.0,-110.0,0.0,0.0,0.0,0.0,0.0,2026-08-26T14:02:39.082451+00:00,0.6807822451483858,-0.35256343377870025,-0.35904539417920883,-0.3307536188997062,0.16280987904573363,1.0,1.8,0.2,0.2,0.6,0.0,0.0,0.0,0.0,1.0,batter_pitcher_profile_network_v2,1.0,1.0,0.3779113346311138,0.0,0.8037058615076885,0.7901481481481483,0.6754139245329364,0.0,46.0,12.3648377911266,0.0018037695951672,0.3319944510529155,0.0331994451052915,0.737287037037037,0.5327012286182395,0.0,46.0,13.981009919758163,0.048725604877145,0.3174160388831233,0.0507865662212997,0.6541666666666667,0.5339025273133728,0.0,46.0,14.671880701061353,-0.0937287906860919,0.1235426658663741,0.0061771332933187,0.1916238425925926,0.3652347107610967,0.0,46.0,15.259433116719102,0.1023167023619265,0.1458552440117526,0.0036463811002938,0.4562592592592592,0.5859374975514682,0.0,46.0,13.881610703296806,0.0947870227960396,0.2373990829966569,0.0142439449797994
2026-07-10,Miguel_Rojas,500743,hitter,LAD,AZ,2026,823927,72,119,109,1,593958.0,Eduardo_Rodriguez,2.0,3.0,0.0,0.0,1.0,4.0,4.0,0.0,0.0,8.0,0.1111111111111111,0.54,0.54,0.25,21.25,65.0,1.4285714285714286,4.178571428571427,2.838650479954828,1.08,8.0,77.0,0,3.0,-0.4999999999999997,-0.8660254037844388,-0.433883739117558,-0.9009688679024191,0.5,0.5,0.5,0.5,0.5,0.5,0.5,0.5,0.5,0.5,synthetic,synthetic,synthetic,synthetic,synthetic,0.0,0.0,0.0,0.0,0.0,-110.0,-110.0,-110.0,-110.0,-110.0,-110.0,-110.0,-110.0,-110.0,-110.0,0.0,0.0,0.0,0.0,0.0,2026-08-26T14:02:39.082451+00:00,0.45481586085779635,0.6840122079492392,-0.2974655484379326,-0.3605198585861031,-0.23062928777454095,0.8,1.0,0.0,0.0,0.2,0.0,0.0,0.0,0.0,0.0,batter_pitcher_profile_network_v2,1.0,0.95,0.3274215841817782,2.0,0.8318963131408456,0.7901481481481483,-0.0821671354562344,0.1933333333333333,46.0,16.98487741618728,0.0132837357968656,0.0846507975484111,0.0084650797548411,0.737287037037037,-0.106608895874119,0.0844444444444444,46.0,16.858744409044775,0.0104995689235904,0.0189304663494126,0.003028874615906,0.6416666666666666,-0.1371608104154256,-0.1066666666666666,46.0,16.884820672198618,-0.1329709821839592,-0.2629614487134822,-0.0131480724356741,0.1916238425925926,-0.0958605774884687,-0.0888888888888889,46.0,16.386156288994908,0.0015568801542907,-0.0697943434441256,-0.0017448585861031,0.4487592592592592,-0.1895047939729742,-0.1066666666666666,46.0,16.24282620062596,-0.0121974067005782,-0.1371413073158186,-0.0082284784389491
2026-07-11,Miguel_Rojas,500743,hitter,LAD,AZ,2026,823926,73,119,109,1,694297.0,Brandon_Pfaadt,0.0,0.0,0.0,0.0,0.0,0.0,0.0,0.0,0.0,9.0,0.0,0.0,0.0,0.0,0.0,10.0,6.5625,7.7250000000000005,2.931818181818182,1.08,-4.0,81.0,0,1.0,-0.4999999999999997,-0.8660254037844388,-0.9749279121818236,-0.2225209339563146,0.5,1.5,0.5,0.5,0.5,0.5,1.5,0.5,0.5,0.5,synthetic,synthetic,synthetic,synthetic,synthetic,0.0,0.0,0.0,0.0,0.0,-110.0,-110.0,-110.0,-110.0,-110.0,-110.0,-110.0,-110.0,-110.0,-110.0,0.0,0.0,0.0,0.0,0.0,2026-08-26T14:02:39.082451+00:00,0.40056171095996895,-0.4483728527954034,-0.5,-0.4753318636876484,-0.20860748531178924,0.8,1.2,0.0,0.0,0.4,2.0,3.0,0.0,0.0,1.0,batter_pitcher_profile_network_v2,1.0,0.35,0.771922788504098,1.0,0.6081538104428869,0.8065555555555557,-0.0881333243823846,-0.0666666666666666,48.0,18.19828913589629,0.0181722611735343,-0.07527682979425,-0.007527682979425,0.7669537037037037,-0.0475511546723953,-0.0716049382716049,48.0,18.247585349745112,0.0102428337587306,-0.0563928299712716,-0.0090228527954034,0.6458333333333333,-0.1604888560687433,-0.0518518518518518,48.0,17.978281438006015,-0.1093501407228838,-0.1789288666386451,-0.0089464433319322,0.2702708333333333,0.0219272287862513,-0.0493827160493827,48.0,17.854860166351358,0.0051249806689212,-0.037274547505937,-0.0009318636876484,0.4885,-0.1660637307554601,0.1111111111111111,48.0,17.613548912076777,0.0223405086267732,0.0966934266216935,0.0058016055973016
2026-07-19,Miguel_Rojas,500743,hitter,LAD,NYY,2026,823521,74,119,147,0,642232.0,Ryan_Yarbrough,1.0,1.0,0.0,0.0,0.0,2.0,2.0,0.0,0.0,6.0,0.0606060606060606,0.445,0.445,0.0,0.0,53.4,1.8,3.600000000000001,1.5737476808905382,1.08,0.0,76.0,0,8.0,-0.4999999999999997,-0.8660254037844388,-0.7818314824680299,0.6234898018587334,0.5,0.5,0.5,0.5,0.5,0.5,0.5,0.5,0.5,0.5,synthetic,synthetic,synthetic,synthetic,synthetic,0.0,0.0,0.0,0.0,0.0,-110.0,-110.0,-110.0,-110.0,-110.0,-110.0,-110.0,-110.0,-110.0,-110.0,0.0,0.0,0.0,0.0,0.0,2026-08-26T14:02:39.082451+00:00,0.20977414965986396,0.16069495537820466,-0.4491529276126425,-0.47443739553350717,-0.23586403791281862,0.6,0.8,0.0,0.0,0.4,0.0,0.0,0.0,0.0,0.0,batter_pitcher_profile_network_v2,1.0,0.0,1.0,0.0,0.5,0.8022592592592593,0.0,0.0,48.0,18.51729645921666,0.0083582941660819,0.0,0.0,0.7637314814814816,0.0,0.0,48.0,18.47458221564172,0.0067214049849436,0.0100821074774155,0.0016131371963864,0.6458333333333333,0.0,0.0,48.0,18.76090156761304,-0.1140789604161164,-0.1140789604161164,-0.0057039480208058,0.2659745370370371,0.0,0.0,48.0,17.99664428400804,-0.0014958213402883,-0.0014958213402883,-3.739553350720913e-05,0.4842037037037037,0.0,0.0,48.0,18.37177260333658,0.0372411282206057,0.0279308461654543,0.0016758507699272
2026-07-20,Miguel_Rojas,500743,hitter,LAD,PHI,2026,823436,75,119,143,0,650911.0,Cristopher_Sánchez,1.0,1.0,1.0,0.0,0.0,3.0,3.0,0.0,0.0,6.0,0.0697674418604651,0.2966666666666667,0.2966666666666667,0.0,0.0,35.6,17.95714285714286,9.9,5.957142857142857,1.08,7.0,82.0,0,1.0,-0.4999999999999997,-0.8660254037844388,0.0,1.0,0.5,0.5,0.5,0.5,0.5,0.5,0.5,0.5,0.5,0.5,synthetic,synthetic,synthetic,synthetic,synthetic,0.0,0.0,0.0,0.0,0.0,-110.0,-110.0,-110.0,-110.0,-110.0,-110.0,-110.0,-110.0,-110.0,-110.0,0.0,0.0,0.0,0.0,0.0,2026-08-26T14:02:39.082451+00:00,0.2534407433814323,0.23627944186326588,-0.3001834884664523,-0.4759965961963426,-0.04965434395976781,0.6,0.8,0.0,0.0,0.4,1.0,1.0,0.0,0.0,0.0,batter_pitcher_profile_network_v2,1.0,1.0,0.45,0.0,0.794875,0.7979629629629631,0.0424616706196555,0.0,48.0,18.51685720818788,-0.0142621581638136,0.0186355622750097,0.0018635562275009,0.7605092592592593,-0.0611880075460588,0.0,48.0,18.386334755242224,-0.0081733690602274,-0.0378537790522629,-0.006056604648362,0.6416666666666666,-0.0085567798299874,0.0,48.0,18.74408188716837,-0.1142656644739599,-0.1172854946889596,-0.0058642747344479,0.2616782407407407,-0.1927309762960588,0.0,48.0,17.344886009995975,-0.036125421306337,-0.063863847853706,-0.0015965961963426,0.4774074074074074,0.0369445222533458,0.0,48.0,18.41087701305922,0.0413324695958993,0.0407000259197058,0.0024420015551823
2026-07-21,Miguel_Rojas,500743,hitter,LAD,PHI,2026,823437,76,119,143,0,554430.0,Zack_Wheeler,0.0,0.0,0.0,0.0,0.0,1.0,1.0,0.0,0.0,9.0,0.032258064516129,0.0,0.0,0.0,0.0,10.0,2.9999999999999996,17.42857142857143,7.359740259740259,1.08,11.0,73.0,0,1.0,-0.4999999999999997,-0.8660254037844388,0.7818314824680298,0.6234898018587336,0.5,0.5,0.5,0.5,0.5,0.5,0.5,0.5,0.5,0.5,synthetic,synthetic,synthetic,synthetic,synthetic,0.0,0.0,0.0,0.0,0.0,-110.0,-110.0,-110.0,-110.0,-110.0,-110.0,-110.0,-110.0,-110.0,-110.0,0.0,0.0,0.0,0.0,0.0,2026-08-26T14:02:39.082451+00:00,-0.060656122108249666,0.14753236834025107,-0.2120439004426528,-0.47804183290943186,-0.26198260470242885,0.8,1.0,0.2,0.0,0.2,1.0,1.0,1.0,0.0,0.0,batter_pitcher_profile_network_v2,1.0,0.75,0.493665960642458,1.0,0.7358944398659741,0.8074444444444444,-0.6173065878092399,-0.074074074074074,48.0,14.174726119195366,0.0121540977239608,-0.3076984924133151,-0.0307698492413315,0.7676203703703703,-0.4712781096885797,-0.0765432098765432,48.0,16.007428576187106,-0.024539158034919,-0.2771464881960113,-0.0443434381113618,0.6375,-0.4940017436246461,-0.0592592592592592,48.0,15.36959984671497,-0.1048069150298478,-0.3085214943997679,-0.0154260747199883,0.2711597222222221,-0.3234347998294247,-0.0493827160493827,48.0,17.034003247827194,-0.0643859191079409,-0.1456733163772787,-0.0036418329094319,0.4843888888888887,-0.5008474009016414,-0.0592592592592592,48.0,15.18112414340357,-0.0195410618266867,-0.1817516926734925,-0.0109051015604095
2026-07-24,Miguel_Rojas,500743,hitter,LAD,NYM,2026,823601,77,119,121,0,640455.0,Sean_Manaea,0.0,0.0,0.0,0.0,1.0,4.0,3.0,0.0,0.0,6.0,0.1025641025641025,0.0,0.0,0.0,0.0,10.0,5.228571428571429,9.471428571428572,4.151020408163265,1.08,7.0,77.0,0,3.0,-0.4999999999999997,-0.8660254037844388,-0.433883739117558,-0.9009688679024191,0.5,0.5,0.5,0.5,0.5,0.5,0.5,0.5,0.5,0.5,synthetic,synthetic,synthetic,synthetic,synthetic,0.0,0.0,0.0,0.0,0.0,-110.0,-110.0,-110.0,-110.0,-110.0,-110.0,-110.0,-110.0,-110.0,-110.0,0.0,0.0,0.0,0.0,0.0,2026-08-26T14:02:39.082451+00:00,0.222675531033816,0.1313945564413509,-0.3831451076716445,-0.47221617197536986,-0.3254464662057084,0.8,1.0,0.2,0.0,0.2,0.0,0.0,0.0,0.0,0.0,batter_pitcher_profile_network_v2,1.0,0.5,0.6659628945642062,0.0,0.6342097727079423,0.800925925925926,0.0387574370423039,0.0,49.0,19.555817008065265,-0.0305027586358784,0.0103691250948322,0.0010369125094832,0.7627314814814815,0.1927417232123101,0.0,49.0,19.10158677759664,-0.0213022515120577,0.0171534777584439,0.002744556441351,0.6375,0.1053220037253481,0.0,49.0,19.838380242717584,-0.1159661252167741,-0.0935379462115394,-0.0046768973105769,0.2646412037037037,0.3547499719432745,0.0,49.0,17.73498890656516,0.0559932299700355,0.0873531209852069,0.0021838280246301,0.4778703703703704,0.1759321983107964,0.0,49.0,19.251946528055903,0.0378249553461573,0.0564521461790643,0.0033871287707438
2026-07-26,Miguel_Rojas,500743,hitter,LAD,NYM,2026,823599,78,119,121,0,642547.0,Freddy_Peralta,0.0,0.0,0.0,0.0,0.0,1.0,1.0,0.0,0.0,9.0,0.0256410256410256,0.0,0.0,0.0,0.0,10.0,5.964972527472528,11.38598901098901,4.457142857142857,1.08,-5.0,79.0,0,2.0,-0.4999999999999997,-0.8660254037844388,-0.7818314824680299,0.6234898018587334,0.5,0.5,0.5,0.5,0.5,0.5,0.5,0.5,0.5,0.5,synthetic,synthetic,synthetic,synthetic,synthetic,0.0,0.0,0.0,0.0,0.0,-110.0,-110.0,-110.0,-110.0,-110.0,-110.0,-110.0,-110.0,-110.0,-110.0,0.0,0.0,0.0,0.0,0.0,2026-08-26T14:02:39.082451+00:00,-0.22543806550126205,-0.31458133809793304,-0.4856530867280236,-0.47304900108650516,-0.2341342288431813,0.4,0.4,0.2,0.0,0.2,0.0,0.0,0.0,0.0,1.0,batter_pitcher_profile_network_v2,1.0,1.0,0.3367932827278372,0.0,0.80874282286584,0.7848518518518519,0.2334214363942539,0.0,50.0,19.16694667943293,-0.0248662366579702,0.1215002973683317,0.0121500297368331,0.7506759259259259,0.2034373197147551,0.0,50.0,19.378294410777396,-0.0143185382972621,0.079804136887919,0.012768661902067,0.6166666666666667,0.4635425122408919,0.0,50.0,17.80148818100155,-0.1009368843704531,0.088641562142827,0.0044320781071413,0.2485671296296295,0.2084731477402328,0.0,50.0,19.0153280161742,0.0196728683439169,0.0540399565397932,0.0013509989134948,0.4492962962962961,0.4404829757936166,0.0,50.0,17.73260159185199,0.0439904962360469,0.1642463690971622,0.0098547821458297
2026-07-31,Miguel_Rojas,500743,hitter,LAD,BOS,2026,823922,79,119,111,1,624133.0,Ranger_Suarez,0.0,0.0,0.0,0.0,0.0,4.0,4.0,0.0,0.0,3.0,0.1052631578947368,0.0,0.0,0.0,0.0,10.0,4.875,14.125,2.33592032967033,1.08,4.0,78.0,0,5.0,-0.4999999999999997,-0.8660254037844388,-0.433883739117558,-0.9009688679024191,0.5,0.5,0.5,0.5,0.5,0.5,0.5,0.5,0.5,0.5,synthetic,synthetic,synthetic,synthetic,synthetic,0.0,0.0,0.0,0.0,0.0,-110.0,-110.0,-110.0,-110.0,-110.0,-110.0,-110.0,-110.0,-110.0,-110.0,0.0,0.0,0.0,0.0,0.0,2026-08-26T14:02:39.082451+00:00,-0.3603331716337479,-0.2782264224757213,-0.44967357307137235,-0.4788751799714361,-0.4256996156574039,0.4,0.4,0.2,0.0,0.2,0.0,0.0,0.0,0.0,0.0,batter_pitcher_profile_network_v2,1.0,1.0,0.4059938409639874,0.0,0.8002657544819115,0.7848518518518519,-0.2857850340835634,0.0,50.0,19.293483858674037,-0.0178230316565319,-0.1332349359249096,-0.0133234935924909,0.7506759259259259,-0.382231545621561,0.0,50.0,18.38679941069806,-0.0439728708934824,-0.2363986931048369,-0.0378237908967739,0.6041666666666667,-0.4218974446863763,0.0,50.0,17.485741173259434,-0.1256133546673827,-0.2770233700451458,-0.0138511685022572,0.2485671296296295,-0.5129300750333257,0.0,50.0,16.39681635042248,-0.1032728650630671,-0.1790071988574449,-0.0044751799714361,0.4417962962962962,-0.42242440547069,0.0,50.0,17.338872479274123,-0.0585267264857564,-0.1547517637521822,-0.0092851058251309
2026-08-01,Miguel_Rojas,500743,hitter,LAD,BOS,2026,823920,80,119,111,1,801139.0,Payton_Tolle,1.0,2.0,0.0,0.0,0.0,3.0,3.0,0.0,1.0,8.0,0.0833333333333333,0.4233333333333333,0.4233333333333333,0.3333333333333333,28.33333333333333,65.0,4.060828877005347,14.429478609625669,2.5120879120879125,1.08,7.0,85.0,0,1.0,-0.8660254037844384,-0.5000000000000004,-0.9749279121818236,-0.2225209339563146,0.5,0.5,0.5,0.5,0.5,0.5,0.5,0.5,0.5,0.5,synthetic,synthetic,synthetic,synthetic,synthetic,0.0,0.0,0.0,0.0,0.0,-110.0,-110.0,-110.0,-110.0,-110.0,-110.0,-110.0,-110.0,-110.0,-110.0,0.0,0.0,0.0,0.0,0.0,2026-08-26T14:02:39.082451+00:00,-0.5,0.17619774695420676,-0.28154734945264714,-0.32232207030903315,-0.31071372333991476,0.2,0.2,0.2,0.0,0.2,0.0,0.0,0.0,0.0,0.0,batter_pitcher_profile_network_v2,1.0,0.85,0.4875751896038776,0.0,0.7467312333824963,0.7848518518518519,-0.2612052772580723,0.0,50.0,20.198785486913856,-0.0324419855857566,-0.1050509014257313,-0.0105050901425731,0.7506759259259259,-0.209030426366805,0.0,50.0,20.5707749909818,-0.0545299327035697,-0.1622015815362077,-0.0259522530457932,0.625,-0.1544413475938009,0.0,50.0,20.758275708860467,-0.1452393313962254,-0.1947015678075223,-0.0097350783903761,0.2485671296296295,-0.1497357605570364,0.0,50.0,20.33758891364053,-0.0644773410842069,-0.0835494790279944,-0.0020887369756998,0.4542962962962961,-0.1555376415098249,0.0,50.0,20.45437495925046,-0.047680830086898,-0.0719686490718394,-0.0043181189443103
2026-08-05,Miguel_Rojas,500743,hitter,LAD,CHC,2026,824646,81,119,112,0,684007.0,Shota_Imanaga,2.0,2.0,1.0,0.0,0.0,4.0,4.0,0.0,2.0,8.0,0.0952380952380952,0.445,0.445,0.0,0.0,53.4,0.9,6.414285714285715,1.3289315726290514,1.0522222222222224,9.0,80.0,0,4.0,-0.8660254037844384,-0.5000000000000004,0.9749279121818236,-0.22252093395631434,0.5,0.5,0.5,0.5,0.5,0.5,0.5,0.5,0.5,0.5,synthetic,synthetic,synthetic,synthetic,synthetic,0.0,0.0,0.0,0.0,0.0,-110.0,-110.0,-110.0,-110.0,-110.0,-110.0,-110.0,-110.0,-110.0,-110.0,0.0,0.0,0.0,0.0,0.0,2026-08-26T14:02:39.082451+00:00,-0.011843260348903262,0.22824770483155532,-0.438046169877048,-0.47998895492127575,-0.33818510967450505,0.2,0.4,0.0,0.0,0.2,1.0,2.0,0.0,0.0,0.0,batter_pitcher_profile_network_v2,1.0,1.0,0.3591538233866579,1.0,0.8247536566351344,0.8052222222222223,0.0412799790798515,0.037037037037037,50.0,21.571958371307858,-0.0624708075847563,0.0464709579355365,0.0046470957935536,0.7891018518518519,0.2496465786706462,0.0691358024691358,50.0,20.623232992777645,-0.0626474067464492,0.0792564885305531,0.0126810381648885,0.625,0.1533310810667853,-0.0592592592592592,50.0,21.574814925827244,-0.1409972689343948,-0.1198549701700117,-0.0059927485085005,0.351923611111111,0.483528508308173,-0.0493827160493827,50.0,18.07315182817293,0.0565070594613035,0.1319973587045263,0.0032999339676131,0.5024444444444445,0.2236549083588961,0.1111111111111111,50.0,20.884577385198497,-0.044068318561859,0.1144718615673738,0.0068683116940424
2026-08-07,Miguel_Rojas,500743,hitter,LAD,AZ,2026,825051,82,119,109,0,518876.0,Merrill_Kelly,1.0,1.0,0.0,0.0,0.0,1.0,1.0,0.0,0.0,9.0,0.02857142857142857,0.89,0.89,0.0,0.0,65.0,4.2,7.976470588235294,6.7270408163265305,1.08,0.0,76.0,0,2.0,-0.8660254037844384,-0.5000000000000004,-0.433883739117558,-0.9009688679024191,0.5,0.5,0.5,0.5,0.5,0.5,0.5,0.5,0.5,0.5,synthetic,synthetic,synthetic,synthetic,synthetic,0.0,0.0,0.0,0.0,0.0,-110.0,-110.0,-110.0,-110.0,-110.0,-110.0,-110.0,-110.0,-110.0,-110.0,0.0,0.0,0.0,0.0,0.0,2026-08-26T14:02:39.082451+00:00,0.4507072458277075,0.6322962884732266,0.25704881199264595,-0.4698159959376656,-0.012851983570123071,0.6,0.8,0.2,0.0,0.2,2.0,2.0,1.0,0.0,0.0,batter_pitcher_profile_network_v2,1.0,1.0,0.3338943978388098,0.0,0.8090979362647458,0.8118148148148149,0.3830909078835205,0.0,52.0,20.370884762785654,-0.06150587683068806,0.20715809253077452,0.020715809253077453,0.7940462962962964,0.4629509781939166,0.0,52.0,19.49926341212312,-0.04679941351179574,0.17466430295766716,0.027946288473226746,0.625,0.35230838133111353,0.0,52.0,21.36244369063892,-0.13773619303173287,0.008935423526389374,0.00044677117631946873,0.3585162037037037,0.5498109179529528,0.0,52.0,18.34369095079291,0.052060008647254324,0.183360162493376,0.0045840040623344,0.5090370370370371,0.3790595526831885,0.0,52.0,20.781686049990608,-0.011460951663399575,0.11993292689250577,0.007195975613550346
2026-08-09,Miguel_Rojas,500743,hitter,LAD,AZ,2026,825050,83,119,109,0,593958.0,Eduardo_Rodriguez,0.0,0.0,0.0,0.0,0.0,1.0,1.0,0.0,0.0,9.0,0.029411764705882353,0.0,0.0,0.0,0.0,10.0,3.6470588235294117,4.867647058823528,5.3556122448979595,1.08,0.0,77.0,0,2.0,-0.8660254037844384,-0.5000000000000004,-0.7818314824680299,0.6234898018587334,0.5,0.5,0.5,0.5,0.5,0.5,0.5,0.5,0.5,0.5,synthetic,synthetic,synthetic,synthetic,synthetic,0.0,0.0,0.0,0.0,0.0,-110.0,-110.0,-110.0,-110.0,-110.0,-110.0,-110.0,-110.0,-110.0,-110.0,0.0,0.0,0.0,0.0,0.0,2026-08-26T14:02:39.082451+00:00,0.5555199640431505,0.1798900379029329,-0.45456586877162247,-0.4779088668613715,-0.4954979395282204,0.8,1.0,0.2,0.0,0.0,1.0,1.0,0.0,0.0,0.0,batter_pitcher_profile_network_v2,1.0,1.0,0.39368399093080747,3.0,0.8580237111109761,0.8282222222222223,0.10563745464300783,0.2545454545454546,50.0,21.854811874208266,-0.11517043741876418,0.23042533070761206,0.023042533070761206,0.8063518518518519,0.031193091074257936,0.1575757575757576,50.0,21.92715801767722,-0.12036059380958064,-0.05548505722431654,-0.008877609155890647,0.6208333333333333,-0.0548672849334108,-0.1636363636363636,50.0,21.932115276033826,-0.14842419212172783,-0.28310609091864347,-0.014155304545932175,0.374923611111111,-0.027749118701709485,-0.12121212121212122,50.0,21.20486555740777,-0.049580987667715626,-0.14035467445486213,-0.0035088668613715533,0.5229444444444444,-0.06776316069715826,0.018181818181818177,50.0,21.513351098454393,-0.09639644636157493,-0.08111311778726775,-0.004866787067236065
2026-08-10,Miguel_Rojas,500743,hitter,LAD,KC,2026,823918,84,119,118,1,702070.0,Noah_Cameron,1.0,2.0,1.0,0.0,0.0,4.0,3.0,1.0,0.0,6.0,0.11428571428571428,0.49,0.49,0.3333333333333333,28.333333333333332,65.0,0.375,9.428571428571429,5.043506493506493,1.08,4.0,77.0,0,1.0,-0.8660254037844384,-0.5000000000000004,0.0,1.0,0.5,0.5,0.5,0.5,0.5,0.5,0.5,0.5,0.5,0.5,synthetic,synthetic,synthetic,synthetic,synthetic,0.0,0.0,0.0,0.0,0.0,-110.0,-110.0,-110.0,-110.0,-110.0,-110.0,-110.0,-110.0,-110.0,-110.0,0.0,0.0,0.0,0.0,0.0,2026-08-26T14:02:39.082451+00:00,0.2811889467172378,0.7411308926998434,-0.05649349031856654,-0.3217125937427683,-0.2606089685693963,0.8,1.0,0.2,0.0,0.0,0.0,0.0,0.0,0.0,0.0,batter_pitcher_profile_network_v2,1.0,1.0,0.4220253290440209,0.0,0.7983018971921074,0.8078518518518519,0.09588962698560363,0.0,53.0,23.87719014204861,-0.09451043290217964,0.04477258405549446,0.004477258405549446,0.7910740740740742,0.055406746471136505,0.0,53.0,23.917954188965695,-0.10363502422359128,-0.1301194206259792,-0.020819107300156674,0.5875,0.09118520983847093,0.0,53.0,24.172495658942267,-0.1693391605986338,-0.13837629987782404,-0.0069188149938912025,0.3545532407407407,0.023749137775484354,0.0,53.0,23.31182168313306,-0.06403715601346445,-0.05917041637739933,-0.0014792604094349833,0.4825740740740741,0.1025684914119699,0.0,53.0,23.7631750057624,-0.06446156295295476,-0.01973822074534979,-0.0011842932447209873
2026-08-12,Miguel_Rojas,500743,hitter,LAD,KC,2026,823916,85,119,118,1,663738.0,Daniel_Lynch_IV,1.0,2.0,1.0,0.0,0.0,3.0,2.0,1.0,0.0,9.0,0.09375,0.6533333333333333,0.6533333333333333,0.5,30.0,65.0,5.400000000000001,6.6000000000000005,5.020547309833025,1.08,7.0,75.0,0,2.0,-0.8660254037844384,-0.5000000000000004,0.9749279121818236,-0.22252093395631434,0.5,1.5,0.5,0.5,0.5,0.5,1.5,0.5,0.5,0.5,synthetic,synthetic,synthetic,synthetic,synthetic,0.0,0.0,0.0,0.0,0.0,-110.0,-110.0,-110.0,-110.0,-110.0,-110.0,-110.0,-110.0,-110.0,-110.0,0.0,0.0,0.0,0.0,0.0,2026-08-26T14:02:39.082451+00:00,0.6557007953377656,0.5164533606227373,0.24688127293816797,-0.27796612533990306,-0.23641124691751453,1.0,1.4,0.4,0.0,0.0,1.0,2.0,1.0,0.0,0.0,batter_pitcher_profile_network_v2,1.0,0.05,0.9425,0.0,0.5117271875,0.8078518518518518,0.4304999999999999,0.0,53.0,21.730284329942133,-0.09359801646673198,0.01999736277777777,0.001999736277777777,0.8142222222222221,0.022374999999999895,0.0,53.0,24.607640597105892,-0.10308019592378062,-0.15357274610789318,-0.024571639377262908,0.5916666666666667,0.570625,0.0,53.0,20.41914021215871,-0.10650165575716627,-0.08708851773633294,-0.004354425886816647,0.4375393518518517,-0.4620000000000001,0.0,53.0,20.035638937430402,-0.13102178071417875,-0.1426450135961232,-0.00356612533990308,0.5128518518518517,0.4675,0.0,53.0,21.66267392650546,-0.03368396310491846,-0.011476873486096257,-0.0006886124091657754
2026-08-13,Miguel_Rojas,500743,hitter,LAD,MIL,2026,823915,86,119,158,1,675660.0,Shane_Drohan,0.0,0.0,1.0,0.0,0.0,2.0,1.0,1.0,0.0,6.0,0.058823529411764705,0.345,0.345,0.0,0.0,41.4,7.1000000000000005,8.9,2.501298701298701,1.08,0.0,75.0,0,1.0,-0.8660254037844384,-0.5000000000000004,0.43388373911755823,-0.900968867902419,0.5,1.5,0.5,0.5,0.5,0.5,1.5,0.5,0.5,0.5,synthetic,synthetic,synthetic,synthetic,synthetic,0.0,0.0,0.0,0.0,0.0,-110.0,-110.0,-110.0,-110.0,-110.0,-110.0,-110.0,-110.0,-110.0,-110.0,0.0,0.0,0.0,0.0,0.0,2026-08-26T14:02:39.082451+00:00,0.390985259885107,-0.26595379223723503,0.06276897258444081,-0.4768375765224299,-0.49231575870099137,1.0,1.4,0.6,0.0,0.0,1.0,2.0,1.0,0.0,0.0,batter_pitcher_profile_network_v2,1.0,0.7,0.5090001536808817,0.0,0.7013532368218643,0.8282222222222222,0.10810233454750588,0.0,52.0,24.40707831772971,-0.11402111705976706,0.04396056931198276,0.004396056931198276,0.8642222222222221,0.05904132635815204,0.0,52.0,24.470793894261664,-0.14207331438277016,-0.18805678971801443,-0.03008908635488231,0.5875,0.14743345688151205,0.0,52.0,24.61188474258179,-0.180801201030638,-0.13827219078635572,-0.006913609539317786,0.5641597222222222,-0.0035594800934608387,0.0,52.0,23.83071879212554,-0.09651707659312214,-0.09750306089719737,-0.0024375765224299347,0.5723888888888887,0.1496310375266733,0.0,52.0,24.212806291694623,0.009326035412702272,0.049047260763971624,0.0029428356458382973
2026-08-15,Miguel_Rojas,500743,hitter,LAD,MIL,2026,823914,87,119,158,1,694819.0,Jacob_Misiorowski,0.0,0.0,0.0,0.0,0.0,1.0,1.0,0.0,0.0,4.0,0.02857142857142857,0.0,0.0,0.0,0.0,10.0,2.9571428571428573,15.985714285714286,2.209090909090909,1.08,10.0,81.0,0,2.0,-0.8660254037844384,-0.5000000000000004,-0.9749279121818236,-0.2225209339563146,0.5,0.5,0.5,0.5,0.5,0.5,0.5,0.5,0.5,0.5,synthetic,synthetic,synthetic,synthetic,synthetic,0.0,0.0,0.0,0.0,0.0,-110.0,-110.0,-110.0,-110.0,-110.0,-110.0,-110.0,-110.0,-110.0,-110.0,0.0,0.0,0.0,0.0,0.0,2026-08-26T14:02:39.082451+00:00,-0.46323956831187557,-0.05011621948464501,-0.17629533436919698,-0.48347242273044594,-0.5,0.6,1.0,0.6,0.0,0.0,0.0,0.0,1.0,0.0,0.0,batter_pitcher_profile_network_v2,1.0,1.0,0.3105308642259277,0.0,0.8119599691323238,0.8194814814814815,-0.9802380952380954,0.0,52.0,11.79674893268655,-0.022385102804347943,-0.5538415705646433,-0.055384157056464337,0.8403055555555555,-0.7900634227490122,0.0,52.0,15.08596934953261,-0.10303598545728608,-0.6122888717790309,-0.09796621948464494,0.6,-0.775709780273099,0.0,52.0,14.75947585892888,-0.14910082538501593,-0.4699975964748494,-0.02349987982374247,0.49317939814814793,-0.5998887502599293,0.0,52.0,17.93337652306895,-0.15891555363282986,-0.36289690921783924,-0.009072422730445982,0.5503148148148147,-0.7953167671726622,0.0,52.0,14.41341530335243,-0.05202060748987731,-0.3407785834475261,-0.020446715006851565
2026-08-16,Miguel_Rojas,500743,hitter,LAD,MIL,2026,823912,88,119,158,1,701656.0,Logan_Henderson,0.0,0.0,0.0,0.0,0.0,1.0,1.0,0.0,0.0,4.0,0.03125,0.0,0.0,0.0,0.0,10.0,2.421052631578948,11.021671826625386,2.209090909090909,1.08,7.0,83.0,0,1.0,-0.8660254037844384,-0.5000000000000004,-0.7818314824680299,0.6234898018587334,0.5,0.5,0.5,0.5,0.5,0.5,0.5,0.5,0.5,0.5,synthetic,synthetic,synthetic,synthetic,synthetic,0.0,0.0,0.0,0.0,0.0,-110.0,-110.0,-110.0,-110.0,-110.0,-110.0,-110.0,-110.0,-110.0,-110.0,0.0,0.0,0.0,0.0,0.0,2026-08-26T14:02:39.082451+00:00,-0.308591701574372,-0.1288861959700121,-0.30568453086841696,-0.4779604253741747,-0.5,0.4,0.8,0.6,0.0,0.0,0.0,0.0,0.0,0.0,0.0,batter_pitcher_profile_network_v2,1.0,0.55,0.48993675359316,1.0,0.678240511226661,0.8078518518518519,-0.4954440901618207,-0.07777777777777777,51.0,20.717877433856582,-0.05917244121252999,-0.2620924660673917,-0.026209246606739175,0.8315833333333333,-0.25069362026509573,-0.0839506172839506,51.0,23.69463939387403,-0.11933846001448331,-0.34788247481257545,-0.055661195970012074,0.6166666666666667,-0.3126274566268116,-0.07407407407407407,51.0,22.926180066014336,-0.1717651555437337,-0.32528152645924713,-0.016264076322962357,0.4815497685185184,-0.009605657302132718,-0.04938271604938271,51.0,24.429382977902247,-0.10326910355150633,-0.14241701496698875,-0.003560425374174719,0.548685185185185,-0.26572159242928073,-0.05185185185185185,51.0,23.135894065615613,-0.03221247942280138,-0.13715329622952452,-0.008229197773771471
2026-08-17,Miguel_Rojas,500743,hitter,LAD,COL,2026,824320,89,119,115,0,608372.0,Tomoyuki_Sugano,0.0,0.0,0.0,0.0,0.0,0.0,0.0,0.0,0.0,5.0,0.0,0.0,0.0,0.0,0.0,10.0,3.25,5.2,3.92007992007992,1.0477777777777777,0.0,92.0,0,1.0,-0.8660254037844384,-0.5000000000000004,0.0,1.0,0.5,0.5,0.5,0.5,0.5,0.5,0.5,0.5,0.5,0.5,synthetic,synthetic,synthetic,synthetic,synthetic,0.0,0.0,0.0,0.0,0.0,-110.0,-110.0,-110.0,-110.0,-110.0,-110.0,-110.0,-110.0,-110.0,-110.0,0.0,0.0,0.0,0.0,0.0,2026-08-26T14:02:39.082451+00:00,0.07853981872578542,-0.10236111950786464,-0.253824910036371,-0.4799039376270518,-0.49621453970380713,0.4,0.8,0.6,0.0,0.0,0.0,0.0,0.0,0.0,0.0,batter_pitcher_profile_network_v2,1.0,1.0,0.30461660276697977,0.0,0.812684466161045,0.5793773148148152,0.5163523878503599,0.0,52.0,20.667655304951467,-0.07685216442461297,0.20803288589255217,0.020803288589255217,0.4295972222222226,0.6118556822101124,0.0,52.0,19.295470293737004,-0.03662360021553338,0.1278471697425133,0.02045554715880213,0.36993750000000053,0.3530798454469508,0.0,52.0,23.54133022226512,-0.10240734453685889,-0.011578120807338263,-0.0005789060403669132,0.04242939814814818,0.7381166471223931,0.0,52.0,17.393299980954655,0.17050902984234775,0.19228693936237334,0.004807173484059334,0.08271064814814853,0.4551960735171262,0.0,52.0,22.028375408494284,0.04921349922314231,0.06309100493654761,0.0037854602961928563
2026-08-19,Miguel_Rojas,500743,hitter,LAD,COL,2026,824318,90,119,115,0,607536.0,Kyle_Freeland,0.0,0.0,0.0,0.0,0.0,5.0,5.0,0.0,2.0,6.0,0.11627906976744186,0.0,0.0,0.0,0.0,10.0,1.4006410256410255,5.493589743589744,3.5109890109890105,1.0477777777777777,-7.0,89.0,0,2.0,-0.8660254037844384,-0.5000000000000004,0.9749279121818236,-0.22252093395631434,0.5,0.5,0.5,0.5,0.5,0.5,0.5,0.5,0.5,0.5,synthetic,synthetic,synthetic,synthetic,synthetic,0.0,0.0,0.0,0.0,0.0,-110.0,-110.0,-110.0,-110.0,-110.0,-110.0,-110.0,-110.0,-110.0,-110.0,0.0,0.0,0.0,0.0,0.0,2026-08-26T14:02:39.082451+00:00,0.05956186876963965,-0.23838702941548023,-0.2687512451799621,-0.4814836056686316,-0.47482760190908985,0.2,0.4,0.4,0.0,0.0,0.0,0.0,0.0,0.0,0.0,batter_pitcher_profile_network_v2,1.0,1.0,0.41392914964578864,1.0,0.8180436791683909,0.5266319444444443,0.5479836221653132,-0.07037037037037036,51.0,20.078607264150165,-0.05482794145393803,0.11938229618093511,0.011938229618093512,0.38540277777777765,0.5359708809577246,-0.07160493827160494,51.0,20.430514083292046,-0.024239195500737144,0.03408058165712473,0.005452893065139956,0.3184791666666665,0.39782938328105677,-0.06666666666666667,51.0,22.93339281427792,-0.09837089493029132,-0.07124647272778616,-0.003562323636389308,0.03294791666666663,0.5169356375500167,-0.024691358024691357,51.0,20.782840918391667,0.13657420235454887,0.1291002176991815,0.0032275054424795377,0.03246527777777761,0.512332848460232,0.1111111111111111,51.0,21.15235514892339,0.012906141093091374,0.09797935824913266,0.005878761494947959
2026-08-25,Miguel_Rojas,500743,hitter,LAD,ATL,2026,824881,91,119,144,0,693821.0,Bryce_Elder,0.0,0.0,0.0,0.0,0.0,1.0,1.0,0.0,0.0,9.0,0.024390243902439025,0.0,0.0,0.0,0.0,10.0,5.128571428571428,6.185714285714286,2.9512987012987013,1.08,0.0,90.0,0,6.0,-0.8660254037844384,-0.5000000000000004,0.7818314824680298,0.6234898018587336,0.5,0.5,0.5,0.5,0.5,0.5,0.5,0.5,0.5,0.5,synthetic,synthetic,synthetic,synthetic,synthetic,0.0,0.0,0.0,0.0,0.0,-110.0,-110.0,-110.0,-110.0,-110.0,-110.0,-110.0,-110.0,-110.0,-110.0,0.0,0.0,0.0,0.0,0.0,2026-08-26T14:02:39.082451+00:00,-0.24981006330372363,-0.4967274776142596,-0.5,-0.47093028556110583,-0.4977527829760262,0.0,0.0,0.2,0.0,0.0,0.0,0.0,0.0,0.0,0.0,batter_pitcher_profile_network_v2,1.0,1.0,0.3611327274938009,0.0,0.8057612408820094,0.5266319444444443,0.3121843617072122,0.0,52.0,24.43548894034953,-0.06787706353955611,0.10503377726790578,0.010503377726790579,0.38540277777777765,0.40051299287865033,0.0,52.0,23.62591541407548,-0.0521076889362548,0.02045326491087754,0.003272522385740406,0.3184791666666665,0.4671521077283374,0.0,52.0,23.36508627703476,-0.11313143210399693,-0.018081900332871492,-0.0009040950166435747,0.03294791666666663,0.5487711895999619,0.0,52.0,21.68996065547836,0.12723730310004447,0.13878857755576604,0.003469714438894151,0.03246527777777761,0.4897682279469165,0.0,52.0,22.8228568423871,0.03639377673775185,0.03745361706622978,0.0022472170239737866
