Date,Player,Player_MLBAM_ID,Player_Type,Team,Opponent,Season,Game_ID,Game_Index,Team_ID,Opponent_ID,Is_Home,Opp_Starter_ID,Opp_Starter_Player,H,TB,R,HR,RBI,PA,AB,BB,SO,Batting_Order,Team_PA_share,wOBA,xwOBA,ISO,Barrel%,HardHit%,Opp_Pitcher_ERA_3,Opp_Pitcher_K9_3,Opp_Bullpen_ERA_7,Park_Factor,Wind_Out_MPH,Temp_F,Did_Not_Play,Rest_Days,Month_sin,Month_cos,DayOfWeek_sin,DayOfWeek_cos,Market_H,Market_TB,Market_R,Market_HR,Market_RBI,Synthetic_Market_H,Synthetic_Market_TB,Synthetic_Market_R,Synthetic_Market_HR,Synthetic_Market_RBI,Market_Source_H,Market_Source_TB,Market_Source_R,Market_Source_HR,Market_Source_RBI,Market_H_books,Market_TB_books,Market_R_books,Market_HR_books,Market_RBI_books,Market_H_over_price,Market_TB_over_price,Market_R_over_price,Market_HR_over_price,Market_RBI_over_price,Market_H_under_price,Market_TB_under_price,Market_R_under_price,Market_HR_under_price,Market_RBI_under_price,Market_H_line_std,Market_TB_line_std,Market_R_line_std,Market_HR_line_std,Market_RBI_line_std,Market_Fetched_At_UTC,H_market_gap,TB_market_gap,R_market_gap,HR_market_gap,RBI_market_gap,H_rolling_avg,TB_rolling_avg,R_rolling_avg,HR_rolling_avg,RBI_rolling_avg,H_lag1,TB_lag1,R_lag1,HR_lag1,RBI_lag1,Matchup_Network_Version,Matchup_Network_Batter_Support,Matchup_Network_Pitcher_Support,Pitcher_Profile_Uncertainty,Batter_Vs_Starter_Games,Matchup_Network_Confidence,Batter_Profile_H_Strength,Pitcher_Profile_H_Vulnerability,Batter_Vs_Starter_H_Lift,Archetype_Neighbor_H_Games,Archetype_Neighbor_H_Effective_Support,Archetype_Neighbor_H_Lift,Matchup_Network_H_Score,Matchup_Network_H_Adjustment,Batter_Profile_TB_Strength,Pitcher_Profile_TB_Vulnerability,Batter_Vs_Starter_TB_Lift,Archetype_Neighbor_TB_Games,Archetype_Neighbor_TB_Effective_Support,Archetype_Neighbor_TB_Lift,Matchup_Network_TB_Score,Matchup_Network_TB_Adjustment,Batter_Profile_R_Strength,Pitcher_Profile_R_Vulnerability,Batter_Vs_Starter_R_Lift,Archetype_Neighbor_R_Games,Archetype_Neighbor_R_Effective_Support,Archetype_Neighbor_R_Lift,Matchup_Network_R_Score,Matchup_Network_R_Adjustment,Batter_Profile_HR_Strength,Pitcher_Profile_HR_Vulnerability,Batter_Vs_Starter_HR_Lift,Archetype_Neighbor_HR_Games,Archetype_Neighbor_HR_Effective_Support,Archetype_Neighbor_HR_Lift,Matchup_Network_HR_Score,Matchup_Network_HR_Adjustment,Batter_Profile_RBI_Strength,Pitcher_Profile_RBI_Vulnerability,Batter_Vs_Starter_RBI_Lift,Archetype_Neighbor_RBI_Games,Archetype_Neighbor_RBI_Effective_Support,Archetype_Neighbor_RBI_Lift,Matchup_Network_RBI_Score,Matchup_Network_RBI_Adjustment
2026-03-03,Sam_Antonacci,803011,hitter,ITA,CHC,2026,831853,0,841,112,0,690990.0,Cade_Horton,0.0,0.0,0.0,0.0,1.0,1.0,0.0,0.0,0.0,8.0,0.023809523809523808,0.0,0.0,0.0,0.0,10.0,4.1,8.2,10.156346749226007,1.0277777777777777,3.0,82.0,0,2.0,1.0,6.123233995736766e-17,0.7818314824680298,0.6234898018587336,0.5,0.5,0.5,0.5,0.5,0.5,0.5,0.5,0.5,0.5,synthetic,synthetic,synthetic,synthetic,synthetic,0.0,0.0,0.0,0.0,0.0,-110.0,-110.0,-110.0,-110.0,-110.0,-110.0,-110.0,-110.0,-110.0,-110.0,0.0,0.0,0.0,0.0,0.0,2026-08-07T03:26:40.888653+00:00,-0.13607946336429305,-0.5,-0.3254326625386996,-0.49111111111111116,0.5828173374613006,0.0,0.0,0.0,0.0,1.0,0.0,0.0,0.0,0.0,1.0,,0.0,0.0,1.0,0.0,0.0,0.0,0.0,0.0,0.0,0.0,0.0,0.0,0.0,0.0,0.0,0.0,0.0,0.0,0.0,0.0,0.0,0.0,0.0,0.0,0.0,0.0,0.0,0.0,0.0,0.0,0.0,0.0,0.0,0.0,0.0,0.0,0.0,0.0,0.0,0.0,0.0,0.0,0.0,0.0,0.0
2026-03-04,Sam_Antonacci,803011,hitter,ITA,LAA,2026,831844,1,841,108,0,815083.0,Mitch_Farris,1.0,2.0,0.0,0.0,0.0,1.0,1.0,0.0,0.0,6.0,0.027777777777777776,1.27,1.27,1.0,30.0,65.0,4.1,8.2,4.2,1.038888888888889,-3.0,81.0,0,1.0,1.0,6.123233995736766e-17,0.9749279121818236,-0.22252093395631434,0.5,0.5,0.5,0.5,0.5,0.5,0.5,0.5,0.5,0.5,synthetic,synthetic,synthetic,synthetic,synthetic,0.0,0.0,0.0,0.0,0.0,-110.0,-110.0,-110.0,-110.0,-110.0,-110.0,-110.0,-110.0,-110.0,-110.0,0.0,0.0,0.0,0.0,0.0,2026-08-07T03:26:40.888653+00:00,-0.36783333333333323,1.17875,0.10025000000000017,-0.1625555555555555,0.6706666666666667,0.0,0.0,0.0,0.0,1.0,0.0,0.0,0.0,0.0,1.0,batter_pitcher_profile_network_v2,0.03333333333333333,0.0,1.0,0.0,0.016666666666666666,-0.09999999999999998,0.0,0.0,0.0,0.0,0.0,0.0,0.0,-0.4,0.0,0.0,0.0,0.0,0.0,0.0,0.0,-0.3375,0.0,0.0,0.0,0.0,0.0,0.0,0.0,-0.95625,0.0,0.0,0.0,0.0,0.0,0.0,0.0,-0.9624999999999999,0.0,0.0,0.0,0.0,0.0,0.0,0.0
2026-03-19,Sam_Antonacci,803011,hitter,CWS,SD,2026,831907,2,145,135,0,650633.0,Michael_King,1.0,1.0,0.0,0.0,1.0,3.0,3.0,0.0,0.0,6.0,0.07317073170731707,0.2966666666666667,0.2966666666666667,0.0,0.0,35.6,12.097402597402597,9.243506493506493,4.383116883116883,1.0722222222222222,0.0,97.0,0,15.0,1.0,6.123233995736766e-17,0.43388373911755823,-0.900968867902419,0.5,0.5,0.5,0.5,0.5,0.5,0.5,0.5,0.5,0.5,synthetic,synthetic,synthetic,synthetic,synthetic,0.0,0.0,0.0,0.0,0.0,-110.0,-110.0,-110.0,-110.0,-110.0,-110.0,-110.0,-110.0,-110.0,-110.0,0.0,0.0,0.0,0.0,0.0,2026-08-07T03:26:40.888653+00:00,0.2252401500088792,0.5073340665235806,-0.36846128561217845,-0.47673295898348894,-0.05847670985172332,0.5,1.0,0.0,0.0,0.5,1.0,2.0,0.0,0.0,0.0,batter_pitcher_profile_network_v2,0.06666666666666667,0.15,0.8450457325800784,0.0,0.07030561799717439,0.7944444444444445,0.6455882352941177,0.0,0.0,0.0,0.0,0.005298237497723539,0.0005298237497723539,0.8458333333333333,0.7259926470588235,0.0,0.0,0.0,0.0,0.0063435052032726905,0.0010149608325236304,0.625,0.8397263071895426,0.0,0.0,0.0,0.0,0.00542163228182465,0.0002710816140912325,0.7944444444444445,0.76,0.0,0.0,0.0,0.0,0.006237196215998919,0.00015592990539997298,0.5694444444444444,0.9028594771241831,0.0,0.0,0.0,0.0,0.005311091743793853,0.00031866550462763117
2026-03-20,Sam_Antonacci,803011,hitter,CWS,LAA,2026,831910,3,145,108,0,667755.0,José_Soriano,1.0,1.0,0.0,0.0,0.0,3.0,2.0,1.0,0.0,1.0,0.08333333333333333,0.5266666666666667,0.5266666666666667,0.0,0.0,63.20000000000001,0.0,7.2,3.475078492935636,1.038888888888889,0.0,98.0,0,1.0,1.0,6.123233995736766e-17,-0.433883739117558,-0.9009688679024191,0.5,0.5,0.5,0.5,0.5,0.5,0.5,0.5,0.5,0.5,synthetic,synthetic,synthetic,synthetic,synthetic,0.0,0.0,0.0,0.0,0.0,-110.0,-110.0,-110.0,-110.0,-110.0,-110.0,-110.0,-110.0,-110.0,-110.0,0.0,0.0,0.0,0.0,0.0,2026-08-07T03:26:40.888653+00:00,0.4071918677266848,0.46433668333333344,-0.22501508576988483,-0.48761686393229164,0.24988891492455967,0.6666666666666666,1.0,0.0,0.0,0.6666666666666666,1.0,1.0,0.0,0.0,1.0,batter_pitcher_profile_network_v2,0.1,0.05,0.9425,0.0,0.0617271875,0.7874074074074074,-0.6875,0.0,0.0,0.0,0.0,-0.003112719907407408,-0.0003112719907407408,0.8405555555555555,-0.75,0.0,0.0,0.0,0.0,-0.003624895833333333,-0.0005799833333333332,0.6458333333333333,-1.0,0.0,0.0,0.0,0.0,-0.003713541666666666,-0.00018567708333333332,0.5686574074074074,-0.75,0.0,0.0,0.0,0.0,-0.002452335069444445,-6.130837673611113e-05,0.5749074074074073,-1.0,0.0,0.0,0.0,0.0,-0.003305717592592592,-0.0001983430555555555
2026-03-23,Sam_Antonacci,803011,hitter,CWS,ATH,2026,831915,4,145,133,0,806960.0,Luis_Morales,1.0,2.0,0.0,0.0,0.0,2.0,1.0,1.0,0.0,5.0,0.041666666666666664,0.98,0.98,1.0,30.0,65.0,5.740759240759242,8.662837162837162,6.200649350649351,1.0611111111111111,0.0,88.0,0,3.0,1.0,6.123233995736766e-17,0.0,1.0,0.5,0.5,0.5,0.5,0.5,0.5,0.5,0.5,0.5,0.5,synthetic,synthetic,synthetic,synthetic,synthetic,0.0,0.0,0.0,0.0,0.0,-110.0,-110.0,-110.0,-110.0,-110.0,-110.0,-110.0,-110.0,-110.0,-110.0,0.0,0.0,0.0,0.0,0.0,2026-08-07T03:26:40.888653+00:00,0.4032167806430621,1.8356650425844343,0.06901487823220442,-0.15521881929344938,0.20073699334414086,0.75,1.0,0.0,0.0,0.5,1.0,1.0,0.0,0.0,0.0,batter_pitcher_profile_network_v2,0.13333333333333333,0.15,0.7748820171440438,0.0,0.10492820960164487,0.8605555555555556,0.16105102791944903,0.0,0.0,0.0,0.0,0.004159980922794082,0.00041599809227940823,0.85375,0.38576873784110627,0.0,0.0,0.0,0.0,0.009885682819379347,0.0015817092511006955,0.734375,0.6645350110415902,0.0,0.0,0.0,0.0,0.014648213994736745,0.0007324106997368372,0.45743055555555556,0.6573147904726853,0.0,0.0,0.0,0.0,0.009025006039801968,0.0002256251509950492,0.6511805555555555,0.6007521163047479,0.0,0.0,0.0,0.0,0.011742096861223121,0.0007045258116733873
2026-04-15,Sam_Antonacci,803011,hitter,CWS,TB,2026,824615,5,145,139,1,669947.0,Jesse_Scholtens,1.0,1.0,1.0,0.0,0.0,4.0,3.0,1.0,0.0,5.0,0.10810810810810811,0.395,0.395,0.0,0.0,47.400000000000006,10.5,4.071428571428571,4.880357142857142,1.08,-14.0,73.0,0,23.0,0.8660254037844387,-0.4999999999999998,0.9749279121818236,-0.22252093395631434,0.5,1.5,0.5,0.5,0.5,0.5,1.5,0.5,0.5,0.5,synthetic,synthetic,synthetic,synthetic,synthetic,0.0,0.0,0.0,0.0,0.0,-110.0,-110.0,-110.0,-110.0,-110.0,-110.0,-110.0,-110.0,-110.0,-110.0,0.0,0.0,0.0,0.0,0.0,2026-08-07T03:26:40.888653+00:00,0.6502951093951095,-0.28354594594594595,-0.23576592664092666,-0.4744,-0.03134700772200766,0.8,1.2,0.0,0.0,0.4,1.0,2.0,0.0,0.0,0.0,batter_pitcher_profile_network_v2,0.16666666666666666,0.0,1.0,0.0,0.08333333333333333,0.9084444444444446,0.0,0.0,0.0,0.0,0.0,0.0,0.0,0.9313333333333333,0.0,0.0,0.0,0.0,0.0,0.0,0.0,0.7375,0.0,0.0,0.0,0.0,0.0,0.0,0.0,0.7771944444444445,0.0,0.0,0.0,0.0,0.0,0.0,0.0,0.7509444444444444,0.0,0.0,0.0,0.0,0.0,0.0,0.0
2026-04-16,Sam_Antonacci,803011,hitter,CWS,TB,2026,824614,6,145,139,1,571927.0,Steven_Matz,0.0,0.0,0.0,0.0,0.0,4.0,4.0,0.0,0.0,9.0,0.10810810810810811,0.0,0.0,0.0,0.0,10.0,4.1000000000000005,9.4,5.330357142857143,1.08,15.0,66.0,0,1.0,0.8660254037844387,-0.4999999999999998,0.43388373911755823,-0.900968867902419,0.5,1.5,0.5,0.5,0.5,0.5,1.5,0.5,0.5,0.5,synthetic,synthetic,synthetic,synthetic,synthetic,0.0,0.0,0.0,0.0,0.0,-110.0,-110.0,-110.0,-110.0,-110.0,-110.0,-110.0,-110.0,-110.0,-110.0,0.0,0.0,0.0,0.0,0.0,2026-08-07T03:26:40.888653+00:00,0.502938473739124,-0.4812181014542367,-0.20341530047329598,-0.47484549671658666,-0.26458211419617306,1.0,1.4,0.2,0.0,0.2,1.0,1.0,1.0,0.0,0.0,batter_pitcher_profile_network_v2,0.2,0.25,0.781948967099216,0.0,0.1635528128825865,0.9077777777777779,-0.5712276595744681,0.0,0.0,0.0,0.0,-0.022613975607472716,-0.0022613975607472716,0.9308333333333334,-0.6038718085106383,0.0,0.0,0.0,0.0,-0.024513471926816997,-0.0039221555082907195,0.7395833333333333,-0.5576927304964538,0.0,0.0,0.0,0.0,-0.017987476647389023,-0.0008993738323694512,0.6890277777777779,-0.5930340425531915,0.0,0.0,0.0,0.0,-0.017819868663467128,-0.0004454967165866782,0.7515277777777778,-0.6280872340425531,0.0,0.0,0.0,0.0,-0.020585107902757454,-0.0012351064741654473
2026-04-17,Sam_Antonacci,803011,hitter,CWS,ATH,2026,825019,7,145,133,0,650644.0,Aaron_Civale,0.0,0.0,0.0,0.0,0.0,5.0,3.0,1.0,0.0,6.0,0.10869565217391304,0.282,0.282,0.0,0.0,33.839999999999996,1.8,6.988235294117647,5.016233766233766,1.08,0.0,72.0,0,1.0,0.8660254037844387,-0.4999999999999998,-0.433883739117558,-0.9009688679024191,0.5,0.5,0.5,0.5,0.5,0.5,0.5,0.5,0.5,0.5,synthetic,synthetic,synthetic,synthetic,synthetic,0.0,0.0,0.0,0.0,0.0,-110.0,-110.0,-110.0,-110.0,-110.0,-110.0,-110.0,-110.0,-110.0,-110.0,0.0,0.0,0.0,0.0,0.0,2026-08-07T03:26:40.888653+00:00,0.365837271107601,0.2635677039583362,-0.1723789145345616,-0.4741010452760397,-0.19354316471973837,0.8,1.0,0.2,0.0,0.2,0.0,0.0,0.0,0.0,0.0,batter_pitcher_profile_network_v2,0.23333333333333334,0.3,0.7737347538297981,0.0,0.19323191446342158,0.8479365079365081,-0.05575316852472884,0.0,1.0,0.0,0.0,-0.002495901981860381,-0.0002495901981860381,0.885952380952381,0.17665399634430048,0.0,1.0,0.0,0.0,0.008262823652644453,0.0013220517844231125,0.7053571428571428,0.0015442825563714568,0.0,1.0,0.0,0.0,5.750829239401078e-05,2.8754146197005393e-06,0.5666865079365081,0.3996942505815887,0.0,1.0,0.0,0.0,0.011958188958411022,0.00029895472396027556,0.6711507936507937,0.10303792662416808,0.0,1.0,0.0,0.0,0.00365100020085937,0.0002190600120515622
2026-04-18,Sam_Antonacci,803011,hitter,CWS,ATH,2026,825020,8,145,133,0,622663.0,Luis_Severino,0.0,0.0,0.0,0.0,0.0,6.0,5.0,0.0,1.0,6.0,0.11764705882352941,0.12,0.12,0.0,0.0,14.399999999999999,6.8,14.0,6.203046953046952,1.08,0.0,74.0,0,1.0,0.8660254037844387,-0.4999999999999998,-0.9749279121818236,-0.2225209339563146,0.5,0.5,0.5,0.5,0.5,0.5,0.5,0.5,0.5,0.5,synthetic,synthetic,synthetic,synthetic,synthetic,0.0,0.0,0.0,0.0,0.0,-110.0,-110.0,-110.0,-110.0,-110.0,-110.0,-110.0,-110.0,-110.0,-110.0,0.0,0.0,0.0,0.0,0.0,2026-08-07T03:26:40.888653+00:00,-0.05101190160365476,0.07494506345880703,-0.19001443570522236,-0.4743554268683232,-0.30781303435114526,0.6,0.8,0.2,0.0,0.0,0.0,0.0,0.0,0.0,0.0,batter_pitcher_profile_network_v2,0.26666666666666666,0.3,0.8041576313028979,0.0,0.20878054038295185,0.8361666666666667,-0.10876403765011367,0.0,2.0,0.0,0.0,-0.0047495619612114275,-0.0004749561961211428,0.8354583333333334,-0.025143067726928453,0.0,2.0,0.0,0.0,-0.0010970298530444918,-0.0001755247764871187,0.703125,0.4618258547008548,0.0,2.0,0.0,0.0,0.016958450495658587,0.0008479225247829294,0.43304166666666666,0.07883663312777248,0.0,2.0,0.0,0.0,0.0017829252670712216,4.4573131676780545e-05,0.6080416666666667,0.3577820512820513,0.0,2.0,0.0,0.0,0.011361280333942425,0.0006816768200365455
2026-04-19,Sam_Antonacci,803011,hitter,CWS,ATH,2026,825018,9,145,133,0,605488.0,Jeffrey_Springs,1.0,1.0,0.0,0.0,0.0,1.0,1.0,0.0,0.0,7.0,0.024390243902439025,0.89,0.89,0.0,0.0,65.0,0.9736842105263158,8.43984962406015,6.108509137920903,1.08,7.0,74.0,0,1.0,0.8660254037844387,-0.4999999999999998,-0.7818314824680299,0.6234898018587334,0.5,0.5,0.5,0.5,0.5,0.5,0.5,0.5,0.5,0.5,synthetic,synthetic,synthetic,synthetic,synthetic,0.0,0.0,0.0,0.0,0.0,-110.0,-110.0,-110.0,-110.0,-110.0,-110.0,-110.0,-110.0,-110.0,-110.0,0.0,0.0,0.0,0.0,0.0,2026-08-07T03:26:40.888653+00:00,-0.052592569114293,0.19043427733411478,0.09946760594171844,-0.474679067329821,-0.19300230573953248,0.4,0.6,0.2,0.0,0.0,0.0,0.0,0.0,0.0,0.0,batter_pitcher_profile_network_v2,0.3,0.4,0.7538872294386053,0.0,0.25305952575750834,0.8030123456790124,-0.538731672932331,0.0,3.0,0.0,0.0,-0.03194111964706987,-0.003194111964706987,0.7527222222222222,-0.6016349038263469,0.0,3.0,0.0,0.0,-0.03343668129592844,-0.00534986900734855,0.7013888888888888,-0.36286027890788614,0.0,3.0,0.0,0.0,-0.018791165427997344,-0.0009395582713998673,0.25926234567901235,-0.5831417531414154,0.0,3.0,0.0,0.0,-0.011162693192840883,-0.0002790673298210221,0.5044012345679012,-0.49706119214989525,0.0,3.0,0.0,0.0,-0.01851149108076517,-0.0011106894648459102
2026-04-21,Sam_Antonacci,803011,hitter,CWS,AZ,2026,825099,10,145,109,0,518876.0,Merrill_Kelly,2.0,7.0,1.0,1.0,3.0,5.0,5.0,0.0,0.0,6.0,0.10638297872340426,0.744,0.744,1.0,30.0,65.0,10.875,3.1875,4.922352647352647,1.08,0.0,89.0,0,2.0,0.8660254037844387,-0.4999999999999998,0.7818314824680298,0.6234898018587336,0.5,0.5,0.5,0.5,0.5,0.5,0.5,0.5,0.5,0.5,synthetic,synthetic,synthetic,synthetic,synthetic,0.0,0.0,0.0,0.0,0.0,-110.0,-110.0,-110.0,-110.0,-110.0,-110.0,-110.0,-110.0,-110.0,-110.0,0.0,0.0,0.0,0.0,0.0,2026-08-07T03:26:40.888653+00:00,0.5014963406344854,1.4425293107109451,0.07594213909454406,-0.14915233734775218,-0.19697358446511476,0.4,0.4,0.2,0.0,0.0,1.0,1.0,0.0,0.0,0.0,batter_pitcher_profile_network_v2,0.3333333333333333,0.2,0.8128670574584613,0.0,0.21675142375893436,0.8327111111111112,1.0,0.0,4.0,0.0,0.0,0.05194256016975213,0.005194256016975213,0.7287000000000001,0.9500000000000002,0.0,4.0,0.0,0.0,0.04318186215617277,0.006909097944987643,0.69375,0.8466666666666667,0.0,4.0,0.0,0.0,0.03663907070844542,0.0018319535354222713,0.17646111111111118,0.9000000000000001,0.0,4.0,0.0,0.0,0.009906506089911494,0.00024766265224778736,0.4739611111111111,0.9033333333333333,0.0,4.0,0.0,0.0,0.026706669808824347,0.0016024001885294608
2026-04-22,Sam_Antonacci,803011,hitter,CWS,AZ,2026,825097,11,145,109,0,593958.0,Eduardo_Rodriguez,1.0,1.0,0.0,0.0,0.0,2.0,2.0,0.0,0.0,7.0,0.047619047619047616,0.445,0.445,0.0,0.0,53.4,2.9,4.585714285714286,5.748883259597546,1.08,0.0,82.0,0,1.0,0.8660254037844387,-0.4999999999999998,0.9749279121818236,-0.22252093395631434,0.5,1.5,0.5,0.5,0.5,0.5,1.5,0.5,0.5,0.5,synthetic,synthetic,synthetic,synthetic,synthetic,0.0,0.0,0.0,0.0,0.0,-110.0,-110.0,-110.0,-110.0,-110.0,-110.0,-110.0,-110.0,-110.0,-110.0,0.0,0.0,0.0,0.0,0.0,2026-08-07T03:26:40.888653+00:00,0.616391206298257,0.6145763474391193,0.006533947449597122,-0.23462586909270383,0.5706354737339858,0.6,1.6,0.2,0.2,0.6,2.0,7.0,1.0,1.0,3.0,batter_pitcher_profile_network_v2,0.36666666666666664,0.25,0.8242860794476874,0.0,0.2455895721502479,0.8570101010101011,-0.002126769626769706,0.0,5.0,0.7167743498877261,-0.018173405131550448,-0.00011743133263740385,-1.1743133263740386e-05,0.8927575757575757,-0.07244546332046331,0.0,5.0,0.7127215601946933,-0.02357055977392355,-0.03952282850550558,-0.006323652560880893,0.6931818181818181,0.04650595238095254,0.0,5.0,0.7294783388008275,-0.010281295341163893,-0.00820431060560366,-0.00041021553028018306,0.5587146464646465,-0.07408236808236801,0.0,5.0,0.6952198264905405,-0.0063680124292842515,-0.00903476370815398,-0.0002258690927038495,0.6729191919191919,-0.05411904761904749,0.0,5.0,0.7097086616489473,-0.02595353196215884,-0.021811487431526794,-0.0013086892458916077
2026-04-23,Sam_Antonacci,803011,hitter,CWS,AZ,2026,825096,12,145,109,0,647336.0,Michael_Soroka,0.0,0.0,0.0,0.0,0.0,4.0,4.0,0.0,1.0,6.0,0.10256410256410256,0.0,0.0,0.0,0.0,10.0,3.5747899159663863,9.236974789915967,3.33816897388326,1.08,0.0,72.0,0,1.0,0.8660254037844387,-0.4999999999999998,0.43388373911755823,-0.900968867902419,0.5,1.5,0.5,0.5,0.5,0.5,1.5,0.5,0.5,0.5,synthetic,synthetic,synthetic,synthetic,synthetic,0.0,0.0,0.0,0.0,0.0,-110.0,-110.0,-110.0,-110.0,-110.0,-110.0,-110.0,-110.0,-110.0,-110.0,0.0,0.0,0.0,0.0,0.0,2026-08-07T03:26:40.888653+00:00,0.3177192209342261,-0.2393176826632577,-0.4182832960212335,-0.334306920616372,-0.09648526384494627,0.8,1.8,0.2,0.2,0.6,1.0,1.0,0.0,0.0,0.0,batter_pitcher_profile_network_v2,0.4,0.35,0.7912175269896291,0.0,0.28857654853031967,0.8665185185185186,0.028370410233058876,0.0,6.0,0.8551883173528276,-0.015924140309913102,0.0020530403879665364,0.00020530403879665365,0.8582222222222223,0.06927923065778047,0.0,6.0,0.8327798076105324,-0.019842297587187138,-0.02479801664536195,-0.003967682663257912,0.6875,0.3814233538242884,0.0,6.0,0.7929312897550611,-0.0053497694690334135,0.01654972107668636,0.000827486053834318,0.46339351851851857,0.10602492031295287,0.0,6.0,0.8222032402552814,-0.0003799231138764467,0.0037231753451189274,9.307938362797319e-05,0.6290185185185185,0.38740754922658727,0.0,6.0,0.7529173260538291,-0.005114590016605186,0.0165150474251001,0.0009909028455060058
2026-04-24,Sam_Antonacci,803011,hitter,CWS,WSH,2026,824611,13,145,120,1,676571.0,PJ_Poulin,1.0,2.0,1.0,0.0,1.0,4.0,1.0,1.0,0.0,7.0,0.1111111111111111,0.6699999999999999,0.6699999999999999,1.0,30.0,65.0,18.0,3.0,3.9964285714285714,1.08,9.0,72.0,0,1.0,0.8660254037844387,-0.4999999999999998,-0.433883739117558,-0.9009688679024191,0.5,1.5,0.5,0.5,0.5,0.5,1.5,0.5,0.5,0.5,synthetic,synthetic,synthetic,synthetic,synthetic,0.0,0.0,0.0,0.0,0.0,-110.0,-110.0,-110.0,-110.0,-110.0,-110.0,-110.0,-110.0,-110.0,-110.0,0.0,0.0,0.0,0.0,0.0,2026-08-07T03:26:40.888653+00:00,0.5274968628380952,1.1322837037934423,-0.018615305323082365,-0.008589600891278026,0.14439535356810573,0.8,1.8,0.2,0.2,0.6,0.0,0.0,0.0,0.0,0.0,batter_pitcher_profile_network_v2,0.43333333333333335,0.2,0.7868750000000001,0.0,0.26738822916666666,0.8374700854700855,-0.09829870129870144,0.0,7.0,1.0924899851002303,-0.024408647248893026,-0.007602800190476199,-0.0007602800190476199,0.7963717948717949,0.19833603896103888,0.0,7.0,1.000447372869841,-0.02305663592699959,-0.019997684624316357,-0.0031996295398906173,0.6875,-0.2570892857142857,0.0,7.0,0.9967187995448823,-0.01741118200573285,-0.033734677890219444,-0.0016867338945109724,0.3369893162393163,0.4818181818181818,0.0,7.0,0.8834400731024574,0.017420641837302908,0.03241596434887698,0.0008103991087219245,0.5518931623931624,-0.11378571428571424,0.0,7.0,1.025720483138629,-0.03877254896504381,-0.034879027833157855,-0.0020927416699894714
2026-04-25,Sam_Antonacci,803011,hitter,CWS,WSH,2026,824613,14,145,120,1,663623.0,Jake_Irvin,1.0,1.0,0.0,0.0,0.0,2.0,2.0,0.0,0.0,6.0,0.045454545454545456,0.445,0.445,0.0,0.0,53.4,4.800000000000001,8.4,4.294172932330828,1.08,13.0,49.0,0,1.0,0.8660254037844387,-0.4999999999999998,-0.9749279121818236,-0.2225209339563146,0.5,2.5,0.5,0.5,0.5,0.5,2.5,0.5,0.5,0.5,synthetic,synthetic,synthetic,synthetic,synthetic,0.0,0.0,0.0,0.0,0.0,-110.0,-110.0,-110.0,-110.0,-110.0,-110.0,-110.0,-110.0,-110.0,-110.0,0.0,0.0,0.0,0.0,0.0,2026-08-07T03:26:40.888653+00:00,0.3408312360766399,-0.716738300240813,0.06978641465784552,-0.33424019484982165,0.31239450578795813,1.0,2.2,0.4,0.2,0.8,1.0,2.0,1.0,0.0,1.0,batter_pitcher_profile_network_v2,0.4666666666666667,0.35,0.643079340544537,0.0,0.3282613066074863,0.8562222222222223,-0.10428055964653901,0.0,8.0,1.2144132389725788,-0.023420022198666193,-0.014871963681083495,-0.0014871963681083497,0.8921666666666667,-0.007892304860088364,0.0,8.0,1.1771646046234654,-0.029529224979345948,-0.04546664923235484,-0.007274663877176775,0.6830357142857143,0.14560119047619058,0.0,8.0,1.1695872787395336,-0.010464007872433938,0.00610081537153721,0.0003050407685768605,0.5749722222222223,0.12737555228276876,0.0,8.0,1.1378424884939982,-0.005806433900123604,0.006392206007134426,0.00015980515017836067,0.6660436507936508,0.13188095238095246,0.0,8.0,1.1487295525549661,-0.025478322287220245,-0.0044781047188118955,-0.00026868628312871375
2026-04-26,Sam_Antonacci,803011,hitter,CWS,WSH,2026,824612,15,145,120,1,656492.0,Foster_Griffin,0.0,0.0,0.0,0.0,0.0,0.0,0.0,0.0,0.0,6.0,0.0,0.0,0.0,0.0,0.0,10.0,3.75,6.0,4.405436668594564,1.08,0.0,55.0,0,1.0,0.8660254037844387,-0.4999999999999998,-0.7818314824680299,0.6234898018587334,0.5,2.5,0.5,0.5,0.5,0.5,2.5,0.5,0.5,0.5,synthetic,synthetic,synthetic,synthetic,synthetic,0.0,0.0,0.0,0.0,0.0,-110.0,-110.0,-110.0,-110.0,-110.0,-110.0,-110.0,-110.0,-110.0,-110.0,0.0,0.0,0.0,0.0,0.0,2026-08-07T03:26:40.888653+00:00,0.42677364837970255,-1.1080071479995335,-0.3686168297350538,-0.3348472024723674,-0.03157978121514998,1.0,2.2,0.4,0.2,0.8,1.0,1.0,0.0,0.0,0.0,batter_pitcher_profile_network_v2,0.5,0.4,0.7049200618962772,0.0,0.35545891696708243,0.8638814814814815,-0.0923567370129871,0.0,9.0,1.45056420127749,-0.01993440191709885,-0.011771516974133374,-0.0011771516974133376,0.8909666666666667,-0.04471063311688319,0.0,9.0,1.41741516045058,-0.03215321296603373,-0.054107174997084534,-0.008657147999533526,0.6833333333333333,-0.16843817640692638,0.0,9.0,1.367584150919526,-0.015791498350581846,-0.03277326329563894,-0.001638663164781947,0.5451314814814815,-0.006845373376623429,0.0,9.0,1.3791974495988262,-0.017337534536852515,-0.017888098894695423,-0.0004472024723673856,0.665548148148148,-0.15185538419913414,0.0,9.0,1.3600614259708623,-0.04348730454181206,-0.047526910747969706,-0.0028516146448781822
2026-04-27,Sam_Antonacci,803011,hitter,CWS,LAA,2026,824609,16,145,108,1,686799.0,Jack_Kochanowicz,0.0,0.0,1.0,0.0,0.0,4.0,4.0,0.0,1.0,6.0,0.1111111111111111,0.0,0.0,0.0,0.0,10.0,2.3079831932773107,4.086554621848739,6.984065934065934,1.08,0.0,61.0,0,1.0,0.8660254037844387,-0.4999999999999998,0.0,1.0,0.5,0.5,0.5,0.5,0.5,0.5,0.5,0.5,0.5,0.5,synthetic,synthetic,synthetic,synthetic,synthetic,0.0,0.0,0.0,0.0,0.0,-110.0,-110.0,-110.0,-110.0,-110.0,-110.0,-110.0,-110.0,-110.0,-110.0,0.0,0.0,0.0,0.0,0.0,2026-08-07T03:26:40.888653+00:00,0.40161869555467544,-0.0034175952456709235,-0.22807207114510542,-0.4755188610356392,-0.18130147746070124,0.6,0.8,0.2,0.0,0.2,0.0,0.0,0.0,0.0,0.0,batter_pitcher_profile_network_v2,0.5333333333333333,0.4,0.7457365275371513,0.0,0.37012557681734626,0.8404444444444445,-0.3933373137503338,0.0,10.0,1.6274893701701099,-0.027226313199302347,-0.04482877382191659,-0.004482877382191659,0.8386666666666667,-0.3647339393628848,0.0,10.0,1.5661830712170104,-0.04484992997923576,-0.10875580361877585,-0.017400928579004136,0.6916666666666667,-0.21856998556998547,0.0,10.0,1.6027806718645463,-0.020006591763171957,-0.04050735696804253,-0.0020253678484021265,0.4373194444444444,-0.25327560602955146,0.0,10.0,1.549234347075775,-0.02973427126675984,-0.04475444142556699,-0.0011188610356391748,0.6054444444444443,-0.35682124819624816,0.0,10.0,1.5042357824826047,-0.05363740743370421,-0.06952401384441137,-0.004171440830664682
2026-04-28,Sam_Antonacci,803011,hitter,CWS,LAA,2026,824610,17,145,108,1,667755.0,José_Soriano,1.0,1.0,1.0,0.0,1.0,4.0,3.0,0.0,0.0,6.0,0.10526315789473684,0.40249999999999997,0.40249999999999997,0.0,0.0,48.3,0.0,10.921008403361343,10.198351648351649,1.08,2.0,64.0,0,1.0,0.8660254037844387,-0.4999999999999998,0.7818314824680298,0.6234898018587336,0.5,0.5,0.5,0.5,0.5,0.5,0.5,0.5,0.5,0.5,synthetic,real,real,real,synthetic,0.0,7.0,6.0,7.0,0.0,-110.0,12.0,185.83333333333334,1215.7142857142858,-110.0,-110.0,16.0,-256.8,0.0,-110.0,0.0,0.5345224838248488,0.0,0.0,0.0,2026-04-28T17:23:11.163256+00:00,0.048270272807176884,0.026331859062859064,0.40873083771466967,-0.4778214526769138,0.08481580252167276,0.4,0.6,0.4,0.0,0.2,0.0,0.0,1.0,0.0,0.0,batter_pitcher_profile_network_v2,0.5666666666666667,0.4,0.541159049789975,1.0,0.4155665398936245,0.8197647058823531,-0.8025182443415322,0.039215686274509796,11.0,1.4263540204356655,-0.026832616096420656,-0.14083548397418552,-0.014083548397418552,0.7925196078431372,-0.8219628223388223,-0.008714596949891068,11.0,1.3029102250238216,-0.04256622191656148,-0.23994068348870945,-0.03839050935819351,0.6916666666666667,-0.6585905133011287,-0.0522875816993464,11.0,1.415449486393568,-0.00013370898697408348,-0.1588664730056264,-0.00794332365028132,0.3421911764705883,-0.8120825828178643,-0.04357298474945533,11.0,1.192913430002626,-0.03102816539878619,-0.1368581070765531,-0.0034214526769138277,0.548,-0.7829617707861586,-0.0784313725490196,11.0,1.2820763006815714,-0.051585761537196274,-0.21068755966867142,-0.012641253580120285
2026-04-29,Sam_Antonacci,803011,hitter,CWS,LAA,2026,824608,18,145,108,1,579328.0,Yusei_Kikuchi,1.0,3.0,0.0,0.0,1.0,4.0,3.0,1.0,0.0,9.0,0.0975609756097561,0.5775,0.5775,0.6666666666666666,30.0,65.0,6.6000000000000005,9.700000000000001,10.626923076923077,1.08,12.0,51.0,0,1.0,0.8660254037844387,-0.4999999999999998,0.9749279121818236,-0.22252093395631434,0.5,1.5,0.5,0.5,0.5,0.5,0.5,0.5,0.5,0.5,synthetic,real,real,synthetic,synthetic,0.0,8.0,6.0,0.0,0.0,-110.0,0.0,0.0,-110.0,-110.0,-110.0,0.0,0.0,-110.0,-110.0,0.0,1.246423454758225,0.816496580927726,0.0,0.0,2026-04-30T03:22:26.750124+00:00,0.3466751347367363,0.19073234530624594,0.6245524967961562,-0.23332172176702487,0.4584107887730441,0.6,0.8,0.6,0.0,0.4,1.0,1.0,1.0,0.0,1.0,batter_pitcher_profile_network_v2,0.6,0.35,0.7221038814730023,0.0,0.39153979608184497,0.8250246913580247,0.15388698489777913,0.0,12.0,1.9244493326716285,-0.027502115679609567,0.02116910846805052,0.0021169108468050524,0.7692314814814815,0.08166198401836378,0.0,12.0,2.0033278328882056,-0.04168780365425106,-0.052057750372548055,-0.008329240059607688,0.6916666666666667,0.36015738522129515,0.0,12.0,1.8314045365701226,-0.0034455572217176743,0.038090273634192026,0.0019045136817096014,0.28127469135802474,0.028372510334153285,0.0,12.0,2.0295644551913234,-0.0248661821776909,-0.023535537347661128,-0.0005883884336915282,0.5205802469135802,0.3139731746949793,0.0,12.0,1.8074596818996966,-0.0344944678080086,0.0013821268302831417,8.29276098169885e-05
2026-05-01,Sam_Antonacci,803011,hitter,CWS,SD,2026,823309,19,145,135,0,608566.0,Germán_Márquez,2.0,2.0,1.0,0.0,1.0,4.0,4.0,0.0,0.0,6.0,0.1,0.445,0.445,0.0,0.0,53.4,4.3999999999999995,6.647058823529412,11.101648351648352,1.08,0.0,66.0,0,2.0,0.49999999999999994,-0.8660254037844387,-0.433883739117558,-0.9009688679024191,0.5,1.0,0.5,0.5,0.5,0.5,0.5,0.5,0.5,0.5,synthetic,real,real,real,synthetic,0.0,8.0,7.0,8.0,0.0,-110.0,7.0,173.0,1107.5,-110.0,-110.0,48.6,-230.6,0.0,-110.0,0.0,0.5345224838248488,0.0,0.0,0.0,2026-05-02T00:15:33.012287+00:00,0.594773771758486,0.2548423454380533,0.3413788396198232,-0.47288386641806796,0.4486923311444475,0.6,1.0,0.4,0.0,0.4,1.0,3.0,0.0,0.0,1.0,batter_pitcher_profile_network_v2,0.6333333333333333,0.5,0.6995748600343406,0.0,0.4488177064895633,0.8394970760233919,0.3126586793703718,0.0,13.0,1.9406165535974176,-0.0203166564128191,0.049941122023556835,0.004994112202355684,0.8288187134502923,0.44416407860732504,0.0,13.0,1.800701816376844,-0.010269631606976469,0.05463965898783349,0.008742345438053358,0.6583333333333333,0.525072029090966,0.0,13.0,1.8401202744021719,-0.009842393025609514,0.05592844074811023,0.0027964220374055116,0.4371944444444445,0.5993840506743643,0.0,13.0,1.6615052545316913,0.010785783990871597,0.06064534327728077,0.0015161335819320193,0.57353216374269,0.5781248689419902,0.0,13.0,1.6903881524889965,-0.00611950374609971,0.05849855936716257,0.0035099135620297543
2026-05-02,Sam_Antonacci,803011,hitter,CWS,SD,2026,823308,20,145,135,0,650633.0,Michael_King,2.0,3.0,1.0,0.0,0.0,4.0,4.0,0.0,1.0,6.0,0.11764705882352941,0.54,0.54,0.25,21.25,65.0,1.5,10.1,10.45879120879121,1.08,0.0,66.0,0,1.0,0.49999999999999994,-0.8660254037844387,-0.9749279121818236,-0.2225209339563146,0.5,1.0,0.5,0.5,0.5,0.5,1.5,0.5,0.5,0.5,synthetic,real,real,real,synthetic,0.0,8.0,7.0,8.0,0.0,-110.0,29.875,195.42857142857142,1025.0,-110.0,-110.0,28.2,-270.0,0.0,-110.0,0.0,0.5345224838248488,0.0,0.0,0.0,2026-05-02T16:59:46.553036+00:00,0.6992932726002361,0.6010971785454731,0.6515455599462052,-0.35774095766613745,0.6089488013443298,0.8,1.2,0.6,0.0,0.6,2.0,2.0,1.0,0.0,1.0,batter_pitcher_profile_network_v2,0.6666666666666666,0.5,0.631942575241415,1.0,0.48837685059979663,0.8460777777777778,0.1766441652223682,0.027777777777777776,14.0,2.441560750335517,-0.005391036545961987,0.059337811113326276,0.005933781111332628,0.8081694444444445,0.39698766602052254,-0.018518518518518517,14.0,2.195038362872778,-0.005006077985801144,0.05610368943861768,0.00897659031017883,0.6541666666666667,0.5834155790288142,-0.06666666666666667,14.0,2.0782809459875473,0.013165864770560623,0.052414107779950425,0.0026207053889975213,0.3804527777777778,0.6679011275589841,-0.03703703703703704,14.0,1.8788358559604865,0.009232736983937614,0.04136169335450186,0.0010340423338625465,0.5469111111111111,0.5778226303108654,0.1111111111111111,14.0,2.0159381473470552,0.012533020798104616,0.17760499547164257,0.010656299728298554
2026-05-03,Sam_Antonacci,803011,hitter,CWS,SD,2026,823307,21,145,135,0,656288.0,Griffin_Canning,0.0,0.0,0.0,0.0,0.0,4.0,3.0,1.0,2.0,1.0,0.11428571428571428,0.1725,0.1725,0.0,0.0,20.7,4.1,8.2,9.815934065934067,1.08,0.0,66.0,0,1.0,0.49999999999999994,-0.8660254037844387,-0.7818314824680299,0.6234898018587334,1.5,1.5,0.5,0.5,0.5,1.5,1.5,0.5,0.5,0.5,synthetic,synthetic,synthetic,synthetic,synthetic,0.0,0.0,0.0,0.0,0.0,-110.0,-110.0,-110.0,-110.0,-110.0,-110.0,-110.0,-110.0,-110.0,-110.0,0.0,0.0,0.0,0.0,0.0,2026-08-07T03:26:40.888653+00:00,0.029704029304029378,0.13118460812710486,0.5896807890512317,-0.4752160704091246,0.2903203573201961,1.2,1.8,0.8,0.0,0.6,2.0,3.0,1.0,0.0,0.0,batter_pitcher_profile_network_v2,0.7,0.0,1.0,0.0,0.35,0.8581693121693122,0.0,0.0,15.0,2.9199686067735033,0.0049447093575325785,0.0,0.0,0.8188915343915344,0.0,0.0,15.0,2.847575658265753,-0.01620996613706328,-0.02431494920559492,-0.003890391872895187,0.65,0.0,0.0,15.0,2.8101251735594834,0.02518171509056528,0.02518171509056528,0.0012590857545282642,0.424166335978836,0.0,0.0,15.0,2.7278528133380635,-0.032642816364985276,-0.032642816364985276,-0.000816070409124632,0.5584867724867726,0.0,0.0,15.0,2.7400873856460413,-0.03614102170016135,-0.027105766275121013,-0.0016263459765072606
2026-05-04,Sam_Antonacci,803011,hitter,CWS,LAA,2026,824039,22,145,108,0,667755.0,José_Soriano,2.0,2.0,2.0,0.0,0.0,5.0,4.0,1.0,1.0,1.0,0.1111111111111111,0.49399999999999994,0.49399999999999994,0.0,0.0,59.279999999999994,1.8,10.23529411764706,8.936688311688311,1.08,9.0,64.0,0,1.0,0.49999999999999994,-0.8660254037844387,0.0,1.0,1.5,1.5,0.5,0.5,0.5,1.5,1.5,0.5,0.5,0.5,synthetic,synthetic,synthetic,synthetic,synthetic,0.0,0.0,0.0,0.0,0.0,-110.0,-110.0,-110.0,-110.0,-110.0,-110.0,-110.0,-110.0,-110.0,-110.0,0.0,0.0,0.0,0.0,0.0,2026-08-07T03:26:40.888653+00:00,-0.4174076683854848,-0.182505814790332,0.44643319873162,-0.4779789598641089,0.33344647411309036,1.2,1.8,0.6,0.0,0.6,0.0,0.0,0.0,0.0,0.0,batter_pitcher_profile_network_v2,0.7333333333333333,0.45,0.587641145010853,2.0,0.5292729485479434,0.8467878787878789,-0.7726703769226989,0.04545454545454546,14.0,1.8403895715570078,-0.014695842066328197,-0.16177161637330958,-0.016177161637330958,0.7881843434343434,-0.6929335348174357,-0.03636363636363636,14.0,1.8302848906192353,-0.03227286448714504,-0.24243217577290796,-0.038789148123665275,0.6833333333333333,-0.5459418562746735,0.07272727272727274,14.0,1.8942977156266212,-0.0019446252250567657,-0.057024337055909605,-0.0028512168527954802,0.3566600378787881,-0.5850387979753303,-0.06060606060606061,14.0,1.8254552722595159,-0.031950016612223076,-0.14315839456435547,-0.003578959864108887,0.5405000000000001,-0.6576962422395858,0.036363636363636355,14.0,1.7132374514663846,-0.05637196730170326,-0.12091013563319915,-0.007254608137991949
2026-05-05,Sam_Antonacci,803011,hitter,CWS,LAA,2026,824040,23,145,108,0,691951.0,Sam_Aldegheri,1.0,1.0,0.0,0.0,0.0,4.0,3.0,0.0,0.0,9.0,0.0975609756097561,0.40249999999999997,0.40249999999999997,0.0,0.0,48.3,5.4,10.8,7.265259740259741,1.08,0.0,64.0,0,1.0,0.49999999999999994,-0.8660254037844387,0.7818314824680298,0.6234898018587336,1.5,1.5,0.5,0.5,0.5,1.5,1.5,0.5,0.5,0.5,synthetic,synthetic,synthetic,synthetic,synthetic,0.0,0.0,0.0,0.0,0.0,-110.0,-110.0,-110.0,-110.0,-110.0,-110.0,-110.0,-110.0,-110.0,-110.0,0.0,0.0,0.0,0.0,0.0,2026-08-07T03:26:40.888653+00:00,-0.10024164290993576,0.20288518585129434,0.6290768626125522,-0.47519099579462876,0.0762469355112606,1.4,2.0,0.8,0.0,0.4,2.0,2.0,2.0,0.0,0.0,batter_pitcher_profile_network_v2,0.7666666666666667,0.0,1.0,0.0,0.38333333333333336,0.8550338164251208,0.0,0.0,16.0,3.1068880324881527,0.016207056709497823,0.0,0.0,0.7741256038647343,0.0,0.0,16.0,3.0549562135526984,-0.005943331310664379,-0.008914996965996569,-0.001426399514559451,0.7041666666666666,0.0,0.0,16.0,3.0539441599073864,0.05524092662545171,0.05524092662545171,0.0027620463312725855,0.31366153381642514,0.0,0.0,16.0,2.9622744369486016,-0.031639831785150375,-0.031639831785150375,-0.0007909957946287595,0.5369541062801932,0.0,0.0,16.0,2.9564292828585508,-0.03328352930665806,-0.024962646979993543,-0.0014977588187996126
2026-05-06,Sam_Antonacci,803011,hitter,CWS,LAA,2026,824036,24,145,108,0,700712.0,Walbert_Ureña,0.0,0.0,0.0,0.0,1.0,4.0,3.0,0.0,0.0,1.0,0.1111111111111111,0.18,0.18,0.0,0.0,21.599999999999998,4.872727272727273,8.854545454545454,4.308116883116883,1.08,8.0,74.0,0,1.0,0.49999999999999994,-0.8660254037844387,0.9749279121818236,-0.22252093395631434,1.5,1.5,0.5,0.5,0.5,1.5,1.5,0.5,0.5,0.5,synthetic,synthetic,synthetic,synthetic,synthetic,0.0,0.0,0.0,0.0,0.0,-110.0,-110.0,-110.0,-110.0,-110.0,-110.0,-110.0,-110.0,-110.0,-110.0,0.0,0.0,0.0,0.0,0.0,2026-08-07T03:26:40.888653+00:00,-0.19930811734446685,-0.2821208781601052,0.1761941392419557,-0.47585557480507207,-0.25930986922551036,1.4,1.6,0.8,0.0,0.2,1.0,1.0,0.0,0.0,0.0,batter_pitcher_profile_network_v2,0.8,0.2,0.8028751301394719,0.0,0.45032955931158297,0.8575092592592594,-0.34303656224609563,0.0,16.0,3.0895197889785067,0.008607041953854271,-0.04638853275202838,-0.004638853275202838,0.7574259259259258,-0.4075776947729531,0.0,16.0,2.874567799270773,-0.02214520047853153,-0.08190132183399126,-0.013104211493438602,0.6916666666666667,-0.015636562998405004,0.0,16.0,3.0520083060493337,0.06247147173575519,0.060765901722231834,0.0030382950861115917,0.26916290509259255,-0.4485316421413741,0.0,16.0,2.6295099877480004,-0.039184186583716175,-0.05822299220288421,-0.0014555748050721054,0.5096620370370369,-0.17481419457735245,0.0,16.0,2.906347673849062,-0.0342078389498649,-0.039706334133686294,-0.0023823800480211777
2026-05-08,Sam_Antonacci,803011,hitter,CWS,SEA,2026,824607,25,145,136,1,676106.0,Emerson_Hancock,2.0,2.0,1.0,0.0,1.0,4.0,4.0,0.0,0.0,1.0,0.1,0.445,0.445,0.0,0.0,53.4,3.228571428571429,9.799999999999999,2.314285714285714,1.08,0.0,58.0,0,2.0,0.49999999999999994,-0.8660254037844387,-0.433883739117558,-0.9009688679024191,0.5,1.5,0.5,0.5,0.5,0.5,1.5,0.5,0.5,0.5,synthetic,synthetic,synthetic,synthetic,synthetic,0.0,0.0,0.0,0.0,0.0,-110.0,-110.0,-110.0,-110.0,-110.0,-110.0,-110.0,-110.0,-110.0,-110.0,0.0,0.0,0.0,0.0,0.0,2026-08-07T03:26:40.888653+00:00,0.17154874634144446,-0.55462117440117,0.07801542992436683,-0.47527286780342615,-0.13323271840069462,1.0,1.2,0.6,0.0,0.2,0.0,0.0,0.0,0.0,1.0,batter_pitcher_profile_network_v2,0.8333333333333334,0.45,0.666932270375027,0.0,0.5374020252622433,0.84792,-0.15959570272843465,0.0,17.0,3.277440013624309,0.012087002412772373,-0.03756015563317666,-0.0037560155633176665,0.7331622222222222,-0.08611540458318809,0.0,17.0,3.1778851449842866,-0.007988920472048765,-0.029507340007311922,-0.004721174401169908,0.7166666666666667,-0.2841528100097687,0.0,17.0,2.993792315788723,0.07254526817037295,0.016022884201623927,0.0008011442100811964,0.21635749999999992,-0.06314504375844579,0.0,17.0,3.058660865534504,-0.031122762734816515,-0.034914712137046056,-0.0008728678034261514,0.4945866666666665,-0.18263004368674468,0.0,17.0,3.021518904259975,-0.03428364275062941,-0.050783401916340044,-0.0030470041149804027
2026-05-09,Sam_Antonacci,803011,hitter,CWS,SEA,2026,824606,26,145,136,1,622491.0,Luis_Castillo,1.0,1.0,2.0,0.0,0.0,5.0,3.0,0.0,2.0,1.0,0.13513513513513514,0.40249999999999997,0.40249999999999997,0.0,0.0,48.3,7.3999999999999995,7.900000000000001,3.2142857142857144,1.08,16.0,74.0,0,1.0,0.49999999999999994,-0.8660254037844387,-0.9749279121818236,-0.2225209339563146,0.5,0.5,0.5,0.5,0.5,0.5,0.5,0.5,0.5,0.5,synthetic,synthetic,synthetic,synthetic,synthetic,0.0,0.0,0.0,0.0,0.0,-110.0,-110.0,-110.0,-110.0,-110.0,-110.0,-110.0,-110.0,-110.0,-110.0,0.0,0.0,0.0,0.0,0.0,2026-08-07T03:26:40.888653+00:00,0.7301137091046015,0.6525333425936282,0.29267727936300647,-0.47412530090648813,0.08634930392364049,1.0,1.0,0.6,0.0,0.4,2.0,2.0,1.0,0.0,1.0,batter_pitcher_profile_network_v2,0.8666666666666667,0.55,0.5913403639115677,0.0,0.5859917763147915,0.8526581196581198,0.5792835743801652,0.0,18.0,2.4147006066776786,0.03668765232834895,0.1749363188452414,0.01749363188452414,0.7209572649572649,0.47689518152302235,0.0,18.0,2.7956096780079323,0.032113776625349096,0.1699423439128793,0.02719077502606069,0.7375,0.5441705406336088,0.0,18.0,2.8430906862933676,0.049216242214156374,0.19135446756900923,0.009567723378450462,0.1812037927350427,0.3582567886658795,0.0,18.0,3.0839648710599423,-0.012003972656568307,0.010987963740474714,0.0002746990935118679,0.49291452991452983,0.5976006001574183,0.0,18.0,2.651852958685864,0.01569961559571339,0.11610165484059731,0.0069660992904358385
2026-05-10,Sam_Antonacci,803011,hitter,CWS,SEA,2026,824605,27,145,136,1,669302.0,Logan_Gilbert,0.0,0.0,0.0,0.0,0.0,4.0,3.0,0.0,2.0,1.0,0.12903225806451613,0.0,0.0,0.0,0.0,10.0,4.8500000000000005,6.6499999999999995,3.4285714285714284,1.08,-3.0,57.0,0,1.0,0.49999999999999994,-0.8660254037844387,-0.7818314824680299,0.6234898018587334,1.5,1.5,0.5,0.5,0.5,1.5,1.5,0.5,0.5,0.5,synthetic,synthetic,synthetic,synthetic,synthetic,0.0,0.0,0.0,0.0,0.0,-110.0,-110.0,-110.0,-110.0,-110.0,-110.0,-110.0,-110.0,-110.0,-110.0,0.0,0.0,0.0,0.0,0.0,2026-08-07T03:26:40.888653+00:00,-0.3063720726590631,-0.5713631706401884,0.4663032825654544,-0.47489147413484856,-0.19779178949007414,1.2,1.2,1.0,0.0,0.4,1.0,1.0,2.0,0.0,0.0,batter_pitcher_profile_network_v2,0.9,0.55,0.6260120104011033,0.0,0.6003224407992257,0.8549465020576131,0.07787529153433893,0.0,19.0,3.7392795029883583,0.030454175443053212,0.022409841765745456,0.002240984176574546,0.7080823045267489,0.13401954786479892,0.0,19.0,3.705995719409688,0.008220840959193064,0.04427252220850017,0.007083603553360027,0.7625,0.02628972901189068,0.0,19.0,3.75520242408034,0.10413408007155323,0.11088131951185444,0.005544065975592722,0.14655529835390935,0.1523192203538819,0.0,19.0,3.6751404424058647,-0.027172709439230905,-0.019658965393943253,-0.0004914741348485814,0.49269341563786,0.0912760827236811,0.0,19.0,3.643998749568669,-0.01934453501611949,0.0006283932913908642,3.7703597483451855e-05
2026-05-12,Sam_Antonacci,803011,hitter,CWS,KC,2026,824604,28,145,118,1,663568.0,Stephen_Kolek,2.0,3.0,1.0,0.0,0.0,4.0,4.0,0.0,0.0,1.0,0.1111111111111111,0.54,0.54,0.25,21.25,65.0,4.5,4.5,3.085714285714286,1.08,13.0,68.0,0,2.0,0.49999999999999994,-0.8660254037844387,0.7818314824680298,0.6234898018587336,0.5,0.5,0.5,0.5,0.5,0.5,0.5,0.5,0.5,0.5,synthetic,synthetic,synthetic,synthetic,synthetic,0.0,0.0,0.0,0.0,0.0,-110.0,-110.0,-110.0,-110.0,-110.0,-110.0,-110.0,-110.0,-110.0,-110.0,0.0,0.0,0.0,0.0,0.0,2026-08-07T03:26:40.888653+00:00,0.398437371864518,0.5589186194336699,0.18613835098480747,-0.3589155330810927,-0.07562761110490357,0.8,0.8,0.6,0.0,0.4,0.0,0.0,0.0,0.0,0.0,batter_pitcher_profile_network_v2,0.9333333333333333,0.05,0.9425,0.0,0.4783938541666667,0.8103652839142528,0.06334090909090909,0.0,20.0,4.1297604181640315,0.017248453835926512,0.0027546710261311556,0.0002754671026131156,0.6637230199639992,0.24460227272727278,0.0,20.0,3.9622914055610323,0.002255235724228781,0.012095538127103544,0.001935286100336567,0.7623281786941579,-0.14448106060606047,0.0,20.0,4.036890834756286,0.08796368711179789,0.08205273398186237,0.004102636699093119,0.09918328373015871,0.5340909090909092,0.0,20.0,3.502104903613985,-0.008464201683050586,-0.005621323243709257,-0.00014053308109273144,0.47586111111111107,-0.040560606060605936,0.0,20.0,4.007916376461852,-0.03372982543928413,-0.026333200954743678,-0.0015799920572846205
2026-05-13,Sam_Antonacci,803011,hitter,CWS,KC,2026,824603,29,145,118,1,607625.0,Seth_Lugo,1.0,2.0,0.0,0.0,0.0,5.0,4.0,0.0,0.0,1.0,0.1282051282051282,0.398,0.398,0.25,21.25,59.010000000000005,7.31578947368421,8.171052631578947,3.4714285714285715,1.08,8.0,53.0,0,1.0,0.49999999999999994,-0.8660254037844387,0.9749279121818236,-0.22252093395631434,0.5,1.5,0.5,0.5,0.5,0.5,1.5,0.5,0.5,0.5,synthetic,synthetic,synthetic,synthetic,synthetic,0.0,0.0,0.0,0.0,0.0,-110.0,-110.0,-110.0,-110.0,-110.0,-110.0,-110.0,-110.0,-110.0,-110.0,0.0,0.0,0.0,0.0,0.0,2026-08-07T03:26:40.888653+00:00,0.6012197758804196,0.16412362626786114,0.41466675913921214,-0.3603739767206063,-0.08059817476061731,1.0,1.2,0.8,0.0,0.4,2.0,3.0,1.0,0.0,0.0,batter_pitcher_profile_network_v2,0.9666666666666667,0.45,0.6619161447555987,0.0,0.604345205853681,0.8361081047759947,0.0019661743965647543,0.0,20.0,4.170273986420881,0.005569669861604388,0.0005372614068570433,5.372614068570433e-05,0.6869718144228215,-0.22822365613855436,0.0,20.0,4.025284327757095,-0.030950548775364014,-0.0976648358258703,-0.015626373732139247,0.798556105610561,-0.15281211129676037,0.0,20.0,4.028396950866564,0.07801822873808838,0.0381373805864436,0.0019068690293221802,0.14053687739463594,-0.48482087836077653,0.0,20.0,3.4231104551834766,-0.041691500733796454,-0.06395906882425194,-0.0015989767206062986,0.5061762452107279,-0.20544328413626656,0.0,20.0,3.8746765896388964,-0.02888218602814658,-0.05564723502127815,-0.003338834101276689
2026-05-14,Sam_Antonacci,803011,hitter,CWS,KC,2026,824602,30,145,118,1,663460.0,Kris_Bubic,1.0,2.0,1.0,0.0,0.0,1.0,1.0,0.0,0.0,4.0,0.029411764705882353,1.27,1.27,1.0,30.0,65.0,2.6168067226890757,9.247058823529413,3.9,1.08,-11.0,62.0,0,1.0,0.49999999999999994,-0.8660254037844387,0.43388373911755823,-0.900968867902419,1.5,1.5,0.5,0.5,0.5,1.5,1.5,0.5,0.5,0.5,synthetic,synthetic,synthetic,synthetic,synthetic,0.0,0.0,0.0,0.0,0.0,-110.0,-110.0,-110.0,-110.0,-110.0,-110.0,-110.0,-110.0,-110.0,-110.0,0.0,0.0,0.0,0.0,0.0,2026-08-07T03:26:40.888653+00:00,-0.5592816959715691,1.4413977785374765,0.6183228322901748,-0.15141455678372306,-0.05310019021042356,1.2,1.6,0.8,0.0,0.2,1.0,2.0,0.0,0.0,0.0,batter_pitcher_profile_network_v2,1.0,0.6,0.6072029001912778,0.0,0.6653705868359411,0.8568629629629629,-0.4921379551820729,0.0,21.0,3.9864106627362106,0.0015328890741540958,-0.16564048912745669,-0.01656404891274567,0.7063046296296295,-0.5287293417366946,0.0,21.0,3.774002116101459,-0.030832643487426595,-0.19293667825841693,-0.03086986852134671,0.8291666666666666,-0.2680054855275443,0.0,21.0,4.174627998224275,0.06756802401592969,-0.019719824784743337,-0.0009859912392371668,0.17691504629629617,-0.5378942577030811,0.0,21.0,3.5996354512579867,-0.04320307576413689,-0.08058227134892265,-0.0020145567837230663,0.5307518518518518,-0.40550023342670394,0.0,21.0,3.850196051005452,-0.035914622213119675,-0.11147375840901942,-0.006688425504541165
2026-05-15,Sam_Antonacci,803011,hitter,CWS,CHC,2026,824601,31,145,112,1,665795.0,Edward_Cabrera,0.0,0.0,0.0,0.0,0.0,5.0,4.0,1.0,1.0,1.0,0.13513513513513514,0.13799999999999998,0.13799999999999998,0.0,0.0,16.56,6.088235294117648,11.305882352941177,5.078571428571428,1.08,0.0,74.0,0,1.0,0.49999999999999994,-0.8660254037844387,-0.433883739117558,-0.9009688679024191,0.5,1.5,0.5,0.5,0.5,0.5,1.5,0.5,0.5,0.5,synthetic,synthetic,synthetic,synthetic,synthetic,0.0,0.0,0.0,0.0,0.0,-110.0,-110.0,-110.0,-110.0,-110.0,-110.0,-110.0,-110.0,-110.0,-110.0,0.0,0.0,0.0,0.0,0.0,2026-08-07T03:26:40.888653+00:00,0.48919586750730915,-0.09985139739816162,0.36940204165887736,-0.4728417118941656,-0.3319098355539578,1.0,1.6,0.8,0.0,0.0,1.0,2.0,1.0,0.0,0.0,batter_pitcher_profile_network_v2,1.0,0.6,0.5634752680367516,0.0,0.6685845677992988,0.8772333333333334,0.32116442768357956,0.0,22.0,4.254429926376582,0.006919079025902537,0.12298479362862047,0.012298479362862047,0.7910268518518518,0.40136119466488823,0.0,22.0,4.0955109479640965,-0.001431446090638892,0.1364439689641921,0.021831035034270738,0.8375,0.367821244798673,0.0,22.0,4.400037078560976,0.07659242782770473,0.21106399920071287,0.010553199960035644,0.3660354166666667,0.47018386908349286,0.0,22.0,3.939918940852372,-0.01279610572481314,0.06233152423337519,0.00155828810583438,0.6394555555555556,0.4306975367883371,0.0,22.0,4.113932421167131,-0.008239402368228932,0.1140445683091972,0.006842674098551832
2026-05-16,Sam_Antonacci,803011,hitter,CWS,CHC,2026,824600,32,145,112,1,592791.0,Jameson_Taillon,2.0,2.0,2.0,0.0,0.0,4.0,4.0,0.0,1.0,1.0,0.12121212121212122,0.445,0.445,0.0,0.0,53.4,2.9070378151260505,7.468487394957983,4.8148351648351655,1.08,0.0,81.0,0,1.0,0.49999999999999994,-0.8660254037844387,-0.9749279121818236,-0.2225209339563146,0.5,1.5,0.5,0.5,0.5,0.5,1.5,0.5,0.5,0.5,synthetic,synthetic,synthetic,synthetic,synthetic,0.0,0.0,0.0,0.0,0.0,-110.0,-110.0,-110.0,-110.0,-110.0,-110.0,-110.0,-110.0,-110.0,-110.0,0.0,0.0,0.0,0.0,0.0,2026-08-07T03:26:40.888653+00:00,0.40576798255864865,-0.38072570004635664,0.11515643296696187,-0.4729692264722878,-0.26739273645308215,0.8,1.4,0.4,0.0,0.0,0.0,0.0,0.0,0.0,0.0,batter_pitcher_profile_network_v2,1.0,0.55,0.6203121729156292,0.0,0.6507064673498095,0.8439516835016833,0.35421686746987946,0.0,23.0,4.597929295662008,-0.0065672285381689266,0.11350460864656324,0.011350460864656325,0.6978995791245789,0.5533734939759036,0.0,23.0,4.079962732882713,-0.00604564033425804,0.13756664743754446,0.022010663590007112,0.8481060606060604,0.7166666666666667,0.0,23.0,3.8132350356357456,0.05297023106845426,0.28374803995861814,0.014187401997930907,0.1793446759259258,0.8033734939759036,0.0,23.0,3.3574491520696905,0.002525230827744026,0.057230941108487574,0.0014307735277121895,0.5506814814814813,0.7333333333333334,0.0,23.0,3.6732874579577515,-0.008439548123209692,0.14700084599508367,0.00882005075970502
2026-05-17,Sam_Antonacci,803011,hitter,CWS,CHC,2026,824599,33,145,112,1,607067.0,Colin_Rea,1.0,1.0,0.0,0.0,0.0,3.0,3.0,0.0,1.0,1.0,0.06976744186046512,0.2966666666666667,0.2966666666666667,0.0,0.0,35.6,5.149038461538462,6.879807692307693,4.5576923076923075,1.08,2.0,75.0,0,1.0,0.49999999999999994,-0.8660254037844387,-0.7818314824680299,0.6234898018587334,1.5,1.5,0.5,0.5,0.5,1.5,1.5,0.5,0.5,0.5,synthetic,synthetic,synthetic,synthetic,synthetic,0.0,0.0,0.0,0.0,0.0,-110.0,-110.0,-110.0,-110.0,-110.0,-110.0,-110.0,-110.0,-110.0,-110.0,0.0,0.0,0.0,0.0,0.0,2026-08-07T03:26:40.888653+00:00,-0.1288285193638108,0.01383208403001479,0.4860144135747423,-0.4743860534902461,-0.39066114885937103,1.2,1.8,0.8,0.0,0.0,2.0,2.0,2.0,0.0,0.0,batter_pitcher_profile_network_v2,1.0,0.45,0.6988795115044275,0.0,0.6189742669283185,0.8204459959959958,0.3735782621633684,0.0,24.0,4.923557725328653,0.009625885081457682,0.09229366742331103,0.009229366742331104,0.6827785035035033,0.4107803042701978,0.0,24.0,4.874149135349363,-0.008403746361118668,0.0718502344899177,0.011496037518386832,0.8488738738738737,0.37330183380449344,0.0,24.0,5.160831367563937,0.07070217613759962,0.16612309558548505,0.008306154779274252,0.18593726851851844,0.441564878738283,0.0,24.0,4.779155626328187,-0.0241651457163847,0.0005578603901563832,1.394650975390958e-05,0.569774074074074,0.41771229479740124,0.0,24.0,4.921802292474475,-0.019829022345622234,0.056795402135109786,0.003407724128106587
2026-05-18,Sam_Antonacci,803011,hitter,CWS,SEA,2026,823137,34,145,136,0,693433.0,Bryan_Woo,2.0,2.0,0.0,0.0,0.0,3.0,3.0,0.0,0.0,1.0,0.08571428571428572,0.5933333333333334,0.5933333333333334,0.0,0.0,65.0,4.0,10.0,1.2,1.08,-4.0,64.0,0,1.0,0.49999999999999994,-0.8660254037844387,0.0,1.0,0.5,1.5,0.5,0.5,0.5,0.5,1.5,0.5,0.5,0.5,synthetic,synthetic,synthetic,synthetic,synthetic,0.0,0.0,0.0,0.0,0.0,-110.0,-110.0,-110.0,-110.0,-110.0,-110.0,-110.0,-110.0,-110.0,-110.0,0.0,0.0,0.0,0.0,0.0,2026-08-07T03:26:40.888653+00:00,0.2646367613932723,-0.24748566223299395,0.08394472688941812,-0.47586008152157866,-0.4578334343510817,1.0,1.4,0.6,0.0,0.0,1.0,1.0,0.0,0.0,0.0,batter_pitcher_profile_network_v2,1.0,0.6,0.6248435687352549,0.0,0.6640739976979587,0.7764399899899899,-0.1063067602040816,0.0,25.0,5.773109862197641,0.00032944421701577414,-0.030965719400610915,-0.0030965719400610917,0.6525893143143141,-0.1353189572704081,0.0,25.0,5.5769140741056775,-0.030979123528726515,-0.0795978889562128,-0.012735662232994048,0.8596846846846845,-0.175122581845238,0.0,25.0,5.46236154899548,0.033707747463179276,-0.0227721288783043,-0.001138606443915215,0.17571504629629622,-0.12037755102040808,0.0,25.0,5.3523330178943205,-0.05046789689957813,-0.05840326086314735,-0.001460081521578684,0.5795518518518518,-0.142642113095238,0.0,25.0,5.368029824853511,-0.039391492597211815,-0.060557239184695445,-0.0036334343510817267
2026-05-19,Sam_Antonacci,803011,hitter,CWS,SEA,2026,823136,35,145,136,0,682243.0,Bryce_Miller,0.0,0.0,0.0,0.0,0.0,4.0,4.0,0.0,0.0,1.0,0.11428571428571428,0.0,0.0,0.0,0.0,10.0,3.375,5.0625,1.6285714285714286,1.08,0.0,63.0,0,1.0,0.49999999999999994,-0.8660254037844387,0.7818314824680298,0.6234898018587336,1.5,1.5,0.5,0.5,0.5,1.5,1.5,0.5,0.5,0.5,synthetic,synthetic,synthetic,synthetic,synthetic,0.0,0.0,0.0,0.0,0.0,-110.0,-110.0,-110.0,-110.0,-110.0,-110.0,-110.0,-110.0,-110.0,-110.0,0.0,0.0,0.0,0.0,0.0,2026-08-07T03:26:40.888653+00:00,-0.15229576028983782,-0.32760342186029745,-0.18294817404050573,-0.4752716688034821,-0.5,1.2,1.4,0.6,0.0,0.0,2.0,2.0,0.0,0.0,0.0,batter_pitcher_profile_network_v2,1.0,0.05,0.9425,0.0,0.5117271875,0.7636733796296296,0.59659375,0.0,26.0,4.729881218092222,0.024173793373539514,0.02619715900638382,0.0026197159006383823,0.5713976851851851,0.521875,0.0,26.0,5.1291522741239675,0.0008464791821126179,0.01841611337313999,0.002946578139702398,0.8614895833333334,0.06716666666666675,0.0,26.0,6.119309237073846,0.014137946056825121,0.01746509061845707,0.0008732545309228535,0.006965046296296254,0.3718750000000001,0.0,26.0,5.543761073513701,-0.03501568441829141,-0.034866752139283884,-0.0008716688034820972,0.4917289351851851,0.20383333333333345,0.0,26.0,5.885993003204694,-0.04755296560560874,-0.029901456196779856,-0.0017940873718067913
2026-05-20,Sam_Antonacci,803011,hitter,CWS,SEA,2026,823134,36,145,136,0,676106.0,Emerson_Hancock,2.0,2.0,1.0,0.0,0.0,4.0,4.0,0.0,1.0,1.0,0.1,0.445,0.445,0.0,0.0,53.4,3.4285714285714284,11.0,2.4,1.08,-10.0,61.0,0,1.0,0.49999999999999994,-0.8660254037844387,0.9749279121818236,-0.22252093395631434,0.5,0.5,0.5,0.5,0.5,0.5,0.5,0.5,0.5,0.5,synthetic,synthetic,synthetic,synthetic,synthetic,0.0,0.0,0.0,0.0,0.0,-110.0,-110.0,-110.0,-110.0,-110.0,-110.0,-110.0,-110.0,-110.0,-110.0,0.0,0.0,0.0,0.0,0.0,2026-08-07T03:26:40.888653+00:00,0.13804902568621014,0.3250521229026747,-0.045124905206017696,-0.4761727348230367,-0.42166583927392987,1.0,1.0,0.4,0.0,0.0,0.0,0.0,0.0,0.0,0.0,batter_pitcher_profile_network_v2,1.0,0.55,0.6153782117821776,1.0,0.6697888929811758,0.6922173611111111,-0.13741756390842352,0.1111111111111111,25.0,5.860875333495104,0.006765918053374815,0.05315692352876748,0.005315692352876749,0.5116337962962961,-0.09339435218931258,0.05185185185185184,25.0,5.732213561084718,-0.020033835266280376,-0.006549231858283277,-0.0010478770973253242,0.8082604166666667,-0.24189034828807543,0.1111111111111111,25.0,5.431206655406678,0.012956219129876568,0.027501895879647416,0.0013750947939823708,-0.006886805555555639,-0.08283133566038695,-0.024691358024691357,25.0,5.507058670973006,-0.05074704711214655,-0.07090939292146918,-0.0017727348230367297,0.4327729166666666,-0.1673087367178275,0.1111111111111111,25.0,5.4409114475373395,-0.07732181952485463,0.003902678767836107,0.00023416072607016641
2026-05-22,Sam_Antonacci,803011,hitter,CWS,SF,2026,823223,37,145,137,0,686790.0,Trevor_McDonald,0.0,0.0,2.0,0.0,0.0,5.0,2.0,1.0,1.0,1.0,0.11904761904761904,0.426,0.426,0.0,0.0,51.12,2.5660714285714286,7.928571428571428,3.9322820037105757,1.08,12.0,59.0,0,2.0,0.49999999999999994,-0.8660254037844387,-0.433883739117558,-0.9009688679024191,1.5,1.5,0.5,0.5,0.5,1.5,1.5,0.5,0.5,0.5,synthetic,synthetic,synthetic,synthetic,synthetic,0.0,0.0,0.0,0.0,0.0,-110.0,-110.0,-110.0,-110.0,-110.0,-110.0,-110.0,-110.0,-110.0,-110.0,0.0,0.0,0.0,0.0,0.0,2026-08-07T03:26:40.888653+00:00,-0.08634173527351963,-0.14331406931652024,0.30802530201837186,-0.47589454918184815,-0.3345412138050453,1.4,1.4,0.6,0.0,0.0,2.0,2.0,1.0,0.0,0.0,batter_pitcher_profile_network_v2,1.0,0.15,0.7272183891852217,0.0,0.5391373620987215,0.7397051256613758,-0.22819360902255645,0.0,27.0,6.420205016920846,0.02236281705152035,-0.04604443993371329,-0.0046044439933713285,0.5569929232804233,-0.20906109022556393,0.0,27.0,6.258864224905355,-0.019090819420118248,-0.06040043322825071,-0.009664069316520115,0.8693764880952384,-0.43156986215538845,0.0,27.0,5.538460087508647,0.029570794435239543,-0.0727759633431396,-0.00363879816715698,0.009187268518518421,-0.20067293233082703,0.0,27.0,6.020222297611617,-0.05927905724507038,-0.059781967273927705,-0.0014945491818481927,0.5137428240740741,-0.38044047619047616,0.0,27.0,5.608020398614383,-0.06125394517997157,-0.09925523317623569,-0.005955313990574141
2026-05-23,Sam_Antonacci,803011,hitter,CWS,SF,2026,823222,38,145,137,0,605288.0,Adrian_Houser,0.0,0.0,1.0,0.0,1.0,5.0,5.0,0.0,2.0,1.0,0.13513513513513514,0.0,0.0,0.0,0.0,10.0,2.0588235294117645,5.117647058823529,3.6912105751391473,1.08,10.0,61.0,0,1.0,0.49999999999999994,-0.8660254037844387,-0.9749279121818236,-0.2225209339563146,0.5,0.5,0.5,0.5,0.5,0.5,0.5,0.5,0.5,0.5,synthetic,synthetic,synthetic,synthetic,synthetic,0.0,0.0,0.0,0.0,0.0,-110.0,-110.0,-110.0,-110.0,-110.0,-110.0,-110.0,-110.0,-110.0,-110.0,0.0,0.0,0.0,0.0,0.0,2026-08-07T03:26:40.888653+00:00,0.5429187415003058,0.17844724836450943,0.23264074755364783,-0.475233996479022,-0.4465182741897219,1.0,1.0,0.6,0.0,0.0,0.0,0.0,2.0,0.0,0.0,batter_pitcher_profile_network_v2,1.0,0.6,0.5098672730041373,0.0,0.6725247554341959,0.7223208994708996,0.3607201985632963,0.0,27.0,5.897449346684814,0.028137893913818827,0.12770689453934242,0.012770689453934243,0.5477839947089947,0.36035136115378047,0.0,27.0,5.938052170980679,-0.005209401066949577,0.08893550498088684,0.014229680796941896,0.8595238095238096,0.3390341386554622,0.0,27.0,6.1253047486366965,-0.0016295852323713585,0.1411989705284052,0.00705994852642026,0.015587268518518424,0.4046800648574842,0.0,27.0,5.780078764648122,-0.03645154623293082,-0.033359859160880495,-0.0008339964790220124,0.5298407407407406,0.34350173124805483,0.0,27.0,5.987462200679432,-0.05222237508690129,0.050037968906696484,0.003002278134401789
2026-05-24,Sam_Antonacci,803011,hitter,CWS,SF,2026,823220,39,145,137,0,592662.0,Robbie_Ray,0.0,0.0,0.0,0.0,0.0,2.0,1.0,1.0,0.0,4.0,0.05128205128205128,0.345,0.345,0.0,0.0,41.4,8.659340659340659,5.478021978021978,3.6912105751391473,1.08,11.0,60.0,0,1.0,0.49999999999999994,-0.8660254037844387,-0.7818314824680299,0.6234898018587334,0.5,0.5,0.5,0.5,0.5,0.5,0.5,0.5,0.5,0.5,synthetic,synthetic,synthetic,synthetic,synthetic,0.0,0.0,0.0,0.0,0.0,-110.0,-110.0,-110.0,-110.0,-110.0,-110.0,-110.0,-110.0,-110.0,-110.0,0.0,0.0,0.0,0.0,0.0,2026-08-07T03:26:40.888653+00:00,0.24162872129867907,0.09686294548616059,0.26857953222223974,-0.47552950663892657,-0.14996594014455095,0.8,0.8,0.8,0.0,0.2,0.0,0.0,1.0,0.0,1.0,batter_pitcher_profile_network_v2,1.0,0.7,0.513618948944695,0.0,0.7009571751279924,0.6758833145645644,-0.19985240834132142,0.0,28.0,6.803897387566737,0.00488917072915859,-0.06569884857070019,-0.006569884857070019,0.5155092467467466,0.030211944752380284,0.0,28.0,6.859784007702562,-0.034371166886592926,-0.04398159071149641,-0.007037054513839426,0.8591483671171172,0.09204813995959968,0.0,28.0,6.886442526514472,-0.020392100109368844,0.018072376997956142,0.0009036188498978072,0.013957638888888776,0.2889403930282424,0.0,28.0,6.474684443521831,-0.0471418041814683,-0.04518026555706452,-0.001129506638926613,0.5420131944444444,0.06627946179868009,0.0,28.0,6.728355194307502,-0.05294525302726552,-0.02223602015334543,-0.0013341612092007257
2026-05-25,Sam_Antonacci,803011,hitter,CWS,MIN,2026,824598,40,145,142,1,805673.0,Zebby_Matthews,1.0,1.0,0.0,0.0,0.0,4.0,4.0,0.0,0.0,1.0,0.12121212121212122,0.2225,0.2225,0.0,0.0,26.7,1.0,5.742857142857143,1.7357142857142858,1.08,2.0,80.0,0,1.0,0.49999999999999994,-0.8660254037844387,0.0,1.0,0.5,0.5,0.5,0.5,0.5,0.5,0.5,0.5,0.5,0.5,synthetic,synthetic,synthetic,synthetic,synthetic,0.0,0.0,0.0,0.0,0.0,-110.0,-110.0,-110.0,-110.0,-110.0,-110.0,-110.0,-110.0,-110.0,-110.0,0.0,0.0,0.0,0.0,0.0,2026-08-07T03:26:40.888653+00:00,0.08022289981647024,-0.13794108038699726,0.0754226296760272,-0.47603144842805306,-0.3660534492176748,0.4,0.4,0.8,0.0,0.2,0.0,0.0,0.0,0.0,0.0,batter_pitcher_profile_network_v2,1.0,0.25,0.8216042144450582,0.0,0.5623383709326201,0.5927913029100528,-0.06095732287514478,0.0,29.0,7.479240874146075,-0.008406782690431224,-0.006446326510624024,-0.0006446326510624024,0.4442472883597883,-0.26123501671595734,0.0,29.0,6.954448625139172,-0.04902991526839312,-0.09424822969146007,-0.015079716750633613,0.7478794642857142,-0.39253896639663965,0.0,29.0,6.37446334869889,-0.0519351691705948,-0.10430714673919628,-0.0052153573369598145,0.005216898148148179,-0.43979318503278897,0.0,29.0,5.964623143481196,-0.0648486336361041,-0.06525793712212347,-0.0016314484280530867,0.44629328703703713,-0.36989663966396635,0.0,29.0,6.363655951620892,-0.07483595378472016,-0.08557696748072743,-0.005134618048843646
2026-05-26,Sam_Antonacci,803011,hitter,CWS,MIN,2026,824597,41,145,142,1,657746.0,Joe_Ryan,1.0,1.0,0.0,0.0,0.0,5.0,4.0,0.0,2.0,1.0,0.11904761904761904,0.32199999999999995,0.32199999999999995,0.0,0.0,38.63999999999999,1.5,10.5,1.4142857142857144,1.08,-7.0,77.0,0,1.0,0.49999999999999994,-0.8660254037844387,0.7818314824680298,0.6234898018587336,0.5,0.5,0.5,0.5,0.5,0.5,0.5,0.5,0.5,0.5,synthetic,synthetic,synthetic,synthetic,synthetic,0.0,0.0,0.0,0.0,0.0,-110.0,-110.0,-110.0,-110.0,-110.0,-110.0,-110.0,-110.0,-110.0,-110.0,0.0,0.0,0.0,0.0,0.0,2026-08-07T03:26:40.888653+00:00,0.07933180632194015,0.17344008760113094,0.1080129145403087,-0.4752186653517313,-0.3538134047835594,0.6,0.6,0.8,0.0,0.2,1.0,1.0,0.0,0.0,0.0,batter_pitcher_profile_network_v2,1.0,0.7,0.541626702145477,0.0,0.6985555102910254,0.49742613863863877,-0.42277772985035567,0.0,30.0,6.821686708680776,0.004836947713514288,-0.09639622249488604,-0.009639622249488604,0.29555785785785793,-0.4651838887812231,0.0,30.0,6.374824843486319,-0.00011051936770808752,-0.06318695249293141,-0.010109912398869025,0.6466796171171173,-0.45622407393614367,0.0,30.0,6.248220009930274,-0.03579317838204493,-0.17102742347953945,-0.008551371173976972,-0.17771828703703701,-0.49773407126297475,0.0,30.0,5.871187139929484,0.007799459049992413,-0.03274661406925198,-0.0008186653517312996,0.27272268518518533,-0.4874755946174089,0.0,30.0,6.034805700243545,-0.01047480556243318,-0.06879484163075261,-0.004127690497845156
2026-05-27,Sam_Antonacci,803011,hitter,CWS,MIN,2026,824596,42,145,142,1,687570.0,Connor_Prielipp,3.0,3.0,2.0,0.0,3.0,5.0,4.0,1.0,1.0,8.0,0.10869565217391304,0.6719999999999999,0.6719999999999999,0.0,0.0,65.0,4.8500000000000005,8.35,0.6428571428571429,1.08,0.0,72.0,0,1.0,0.49999999999999994,-0.8660254037844387,0.9749279121818236,-0.22252093395631434,0.5,0.5,0.5,0.5,0.5,0.5,0.5,0.5,0.5,0.5,synthetic,synthetic,synthetic,synthetic,synthetic,0.0,0.0,0.0,0.0,0.0,-110.0,-110.0,-110.0,-110.0,-110.0,-110.0,-110.0,-110.0,-110.0,-110.0,0.0,0.0,0.0,0.0,0.0,2026-08-07T03:26:40.888653+00:00,-0.011719807645009572,0.20363250756049467,0.056379641247266576,-0.4739021432944168,-0.29607660604341224,0.4,0.4,0.6,0.0,0.2,1.0,1.0,0.0,0.0,0.0,batter_pitcher_profile_network_v2,1.0,0.3,0.7648434617148858,0.0,0.5768920027819779,0.4233462962962964,-0.279587608634707,0.0,31.0,7.790441524325712,0.007067964316999276,-0.027833687216141774,-0.0027833687216141777,0.24229907407407408,-0.15949589991589566,0.0,31.0,7.809245179569146,-0.0027462418112245593,-0.013207153833864779,-0.0021131446134183647,0.5898333333333333,0.012608739837398492,0.0,31.0,7.934998863540617,-0.0631436248144045,-0.06139475269441607,-0.0030697376347208036,-0.18318495370370363,0.009889262685730439,0.0,31.0,7.651048530338834,0.01991426822332688,0.01991426822332688,0.000497856705583172,0.24931851851851852,-0.04045528455284541,0.0,31.0,7.744871446966888,-0.011183094711216457,-0.010759169046518476,-0.0006455501427911085
2026-05-28,Sam_Antonacci,803011,hitter,CWS,MIN,2026,824595,43,145,142,1,680573.0,Simeon_Woods_Richardson,1.0,1.0,1.0,0.0,0.0,4.0,4.0,0.0,1.0,1.0,0.11428571428571428,0.2225,0.2225,0.0,0.0,26.7,6.0,5.5,3.798701298701299,1.08,14.0,66.0,0,1.0,0.49999999999999994,-0.8660254037844387,0.43388373911755823,-0.900968867902419,0.5,0.5,0.5,0.5,0.5,0.5,0.5,0.5,0.5,0.5,synthetic,synthetic,synthetic,synthetic,synthetic,0.0,0.0,0.0,0.0,0.0,-110.0,-110.0,-110.0,-110.0,-110.0,-110.0,-110.0,-110.0,-110.0,-110.0,0.0,0.0,0.0,0.0,0.0,2026-08-07T03:26:40.888653+00:00,0.952014135635838,0.681487620887056,0.3377595021816986,-0.47345739155337613,0.6295325831422227,1.0,1.0,0.6,0.0,0.8,3.0,3.0,2.0,0.0,3.0,batter_pitcher_profile_network_v2,1.0,0.65,0.4587899116385753,0.0,0.6909688532857784,0.5471514492753626,0.8104519189728261,0.0,32.0,4.821298104091393,-0.008153735619576063,0.23999417021119568,0.02399941702111957,0.34520004025764917,0.6719024541606226,0.0,32.0,5.889450492603897,-0.000716530363251231,0.12445388054409996,0.019912620887055994,0.690289855072464,0.648928352114476,0.0,32.0,6.272576783025178,-0.02844558791714843,0.21398874493267256,0.01069943724663363,-0.16281458333333326,0.5406408370602509,0.0,32.0,6.713887571467346,0.03770433786495417,0.03770433786495417,0.0009426084466238543,0.350188888888889,0.6823182220029518,0.0,32.0,6.016463375992169,-0.00692210105641605,0.12412530345263052,0.007447518207157831
2026-05-29,Sam_Antonacci,803011,hitter,CWS,DET,2026,824594,44,145,116,1,675512.0,Troy_Melton,2.0,2.0,0.0,0.0,0.0,5.0,5.0,0.0,1.0,1.0,0.1282051282051282,0.356,0.356,0.0,0.0,42.72,1.588235294117647,4.764705882352941,6.02295918367347,1.08,-8.0,75.0,0,1.0,0.49999999999999994,-0.8660254037844387,-0.433883739117558,-0.9009688679024191,1.5,1.5,0.5,0.5,0.5,1.5,1.5,0.5,0.5,0.5,synthetic,synthetic,synthetic,synthetic,synthetic,0.0,0.0,0.0,0.0,0.0,-110.0,-110.0,-110.0,-110.0,-110.0,-110.0,-110.0,-110.0,-110.0,-110.0,0.0,0.0,0.0,0.0,0.0,2026-08-07T03:26:40.888653+00:00,-0.02880828223885379,-0.4220513161385684,0.3841864495413174,-0.47446374017584614,0.17200027987393396,1.2,1.2,0.6,0.0,0.6,1.0,1.0,1.0,0.0,0.0,batter_pitcher_profile_network_v2,1.0,0.05,0.9425,0.0,0.5117271875,0.4350971517713366,-0.4075294117647059,0.0,33.0,7.706381186846841,-0.01177924570507218,-0.010195605963507626,-0.0010195605963507627,0.187440076489533,-0.5004705882352941,0.0,33.0,7.046116536360957,-0.008492834506017656,-0.018133225866052628,-0.0029013161385684208,0.5846444746376811,-0.39918003565062377,0.0,33.0,7.351354806282216,-0.0875801654881957,-0.10099942361635225,-0.005049971180817613,-0.3457497685185184,-0.5004705882352941,0.0,33.0,6.70798180919522,0.00740005439303261,-0.0025496070338464714,-6.374017584616179e-05,0.18740995370370378,-0.5931194295900177,0.0,33.0,6.314863317479092,-0.02963156013936915,-0.028615167982840223,-0.0017169100789704132
2026-05-30,Sam_Antonacci,803011,hitter,CWS,DET,2026,824593,45,145,116,1,664285.0,Framber_Valdez,0.0,0.0,0.0,0.0,0.0,3.0,3.0,0.0,2.0,8.0,0.08823529411764706,0.0,0.0,0.0,0.0,10.0,3.8000000000000003,7.45,6.505102040816327,1.08,0.0,68.0,0,1.0,0.49999999999999994,-0.8660254037844387,-0.9749279121818236,-0.2225209339563146,1.5,1.5,0.5,0.5,0.5,1.5,1.5,0.5,0.5,0.5,synthetic,synthetic,synthetic,synthetic,synthetic,0.0,0.0,0.0,0.0,0.0,-110.0,-110.0,-110.0,-110.0,-110.0,-110.0,-110.0,-110.0,-110.0,-110.0,0.0,0.0,0.0,0.0,0.0,2026-08-07T03:26:40.888653+00:00,0.17877380136046628,-0.2405613621832845,-0.04748716882691206,-0.4747216321605643,0.042681386256707365,1.6,1.6,0.6,0.0,0.6,2.0,2.0,0.0,0.0,0.0,batter_pitcher_profile_network_v2,1.0,0.7,0.5392454565079167,0.0,0.6987597021044462,0.40296346123666077,0.0519120845263737,0.0,33.0,8.487906529247395,-0.029073459311560457,0.00963837374872044,0.000963837374872044,0.16321576428123066,-0.06943686609853213,0.0,33.0,8.403970577182815,-0.019703384449884356,-0.03477689599846815,-0.005564303359754904,0.5578243290960454,-0.04736885108734563,0.0,33.0,8.41429727259964,-0.08120008255532939,-0.0933748291192754,-0.00466874145596377,-0.3497053240740739,-0.16902925740287994,0.0,33.0,7.942188911732663,0.014370113338146426,-0.012865286422572628,-0.0003216321605643157,0.17047523148148186,-0.06898246392378453,0.0,33.0,8.209709012348775,-0.022518194400146786,-0.022307027774366574,-0.0013384216664619943
2026-05-31,Sam_Antonacci,803011,hitter,CWS,DET,2026,824592,46,145,116,1,672456.0,Keider_Montero,0.0,0.0,0.0,0.0,0.0,4.0,4.0,0.0,0.0,1.0,0.13793103448275862,0.0,0.0,0.0,0.0,10.0,6.4890756302521,5.591596638655463,8.846938775510205,1.08,-7.0,66.0,0,1.0,0.49999999999999994,-0.8660254037844387,-0.7818314824680299,0.6234898018587334,1.5,1.5,0.5,0.5,0.5,1.5,1.5,0.5,0.5,0.5,synthetic,synthetic,synthetic,synthetic,synthetic,0.0,0.0,0.0,0.0,0.0,-110.0,-110.0,-110.0,-110.0,-110.0,-110.0,-110.0,-110.0,-110.0,-110.0,0.0,0.0,0.0,0.0,0.0,2026-08-07T03:26:40.888653+00:00,0.012283741488447353,-0.5935192212364889,0.20096304344542326,-0.47382033950179636,0.2178332836207182,1.4,1.4,0.6,0.0,0.6,0.0,0.0,0.0,0.0,0.0,batter_pitcher_profile_network_v2,1.0,0.5,0.5913292400260486,0.0,0.6387810840484045,0.3575264252372205,0.011000916359739843,0.0,34.0,9.02472244455219,-0.0534263743857902,0.0016073504449047738,0.0001607350444904774,0.13292440694827048,0.05057077947225002,0.0,34.0,8.955112901687661,-0.038456043371630826,-0.054936943072882875,-0.00878991089166126,0.5108663050964185,-0.0354604627089921,0.0,34.0,8.939675728347176,-0.11113667770873456,-0.11853997556726094,-0.005926998778363047,-0.349705324074074,0.14964172541819595,0.0,34.0,8.69281846662068,0.023186419928144984,0.023186419928144984,0.0005796604982036246,0.16047523148148155,-0.02842780505133445,0.0,34.0,8.767871950324638,-0.03574869691843324,-0.028675861775272354,-0.0017205517065163412
2026-06-01,Sam_Antonacci,803011,hitter,CWS,MIN,2026,823702,47,145,142,0,657746.0,Joe_Ryan,2.0,3.0,2.0,0.0,0.0,5.0,5.0,0.0,0.0,1.0,0.125,0.43200000000000005,0.43200000000000005,0.2,17.0,60.84,1.7826086956521738,11.521739130434781,4.871328671328672,1.08,-6.0,78.0,0,1.0,1.2246467991473532e-16,-1.0,0.0,1.0,1.5,1.5,0.5,0.5,0.5,1.5,1.5,0.5,0.5,0.5,synthetic,synthetic,synthetic,synthetic,synthetic,0.0,0.0,0.0,0.0,0.0,-110.0,-110.0,-110.0,-110.0,-110.0,-110.0,-110.0,-110.0,-110.0,-110.0,0.0,0.0,0.0,0.0,0.0,2026-08-07T03:26:40.888653+00:00,-0.5522086345956005,-0.30717303674167074,0.21462661542744954,-0.38397297933488794,0.1280222601535571,1.2,1.2,0.6,0.0,0.6,0.0,0.0,0.0,0.0,0.0,batter_pitcher_profile_network_v2,1.0,0.75,0.45014762988586454,1.0,0.7398926865042362,0.38851816077441076,-0.44577312718858103,-0.003703703703703715,34.0,7.738033694239746,-0.059808986575605766,-0.09791491593675053,-0.009791491593675053,0.15358556397306403,-0.4637218541536107,-0.017283950617283952,34.0,7.434511400308791,-0.04355054239756707,-0.11701897963544225,-0.01872303674167076,0.5315274621212122,-0.480135204859976,-0.1111111111111111,34.0,7.178434598160821,-0.0749075056528977,-0.29579636277968024,-0.014789818138984013,-0.349705324074074,-0.4717810646799265,0.0,34.0,7.054158238330827,0.007797862547451408,-0.0829191733955195,-0.0020729793348879875,0.16047523148148177,-0.49808476626348475,-0.06666666666666667,34.0,7.010768195332711,-0.0357086068775601,-0.11906955688127563,-0.007144173412876538
2026-06-02,Sam_Antonacci,803011,hitter,CWS,MIN,2026,823700,48,145,142,0,687570.0,Connor_Prielipp,0.0,0.0,0.0,0.0,0.0,4.0,4.0,0.0,1.0,5.0,0.1,0.0,0.0,0.0,0.0,10.0,8.403846153846153,8.211538461538462,5.728471528471529,1.08,0.0,81.0,0,1.0,1.2246467991473532e-16,-1.0,0.7818314824680298,0.6234898018587336,0.5,1.5,0.5,0.5,0.5,0.5,1.5,0.5,0.5,0.5,synthetic,synthetic,synthetic,synthetic,synthetic,0.0,0.0,0.0,0.0,0.0,-110.0,-110.0,-110.0,-110.0,-110.0,-110.0,-110.0,-110.0,-110.0,-110.0,0.0,0.0,0.0,0.0,0.0,2026-08-07T03:26:40.888653+00:00,0.787399244082162,-0.32823250339070853,0.24502817409760014,-0.4740579341025072,-0.3859064949980755,1.0,1.2,0.6,0.0,0.0,2.0,3.0,2.0,0.0,0.0,batter_pitcher_profile_network_v2,1.0,0.35,0.723647544774134,1.0,0.610223611517809,0.4030533621736492,-0.072288179286467,0.1111111111111111,35.0,9.697311214250805,-0.07605315833568715,0.08770639353557066,0.008770639353557068,0.17837106860959337,-0.07469394475387628,0.1111111111111111,35.0,9.580778425306749,-0.05339462225683027,0.011984353808071502,0.0019174966092914403,0.5407844945355194,0.18211677078629135,0.1111111111111111,35.0,9.447912510762373,-0.0858830708614236,0.03709195348047306,0.0018545976740236532,-0.295269212962963,-0.0397196296853831,0.0,35.0,9.331032196698667,0.016923693016691808,0.01368263589971208,0.000342065897492802,0.1860884259259261,0.12681140548948766,0.1111111111111111,35.0,9.351221049192935,-0.0681521641694004,0.05116547630580012,0.003069928578348007
2026-06-03,Sam_Antonacci,803011,hitter,CWS,MIN,2026,823701,49,145,142,0,671737.0,Taj_Bradley,4.0,6.0,2.0,0.0,1.0,6.0,4.0,1.0,0.0,1.0,0.12244897959183673,0.9550000000000001,0.9550000000000001,0.5,30.0,65.0,4.6000000000000005,12.700000000000001,5.728471528471529,1.08,9.0,81.0,0,1.0,1.2246467991473532e-16,-1.0,0.9749279121818236,-0.22252093395631434,0.5,0.5,0.5,0.5,0.5,0.5,0.5,0.5,0.5,0.5,synthetic,synthetic,synthetic,synthetic,synthetic,0.0,0.0,0.0,0.0,0.0,-110.0,-110.0,-110.0,-110.0,-110.0,-110.0,-110.0,-110.0,-110.0,-110.0,0.0,0.0,0.0,0.0,0.0,2026-08-07T03:26:40.888653+00:00,0.16667480349956743,1.1766208590967546,0.4230470125760374,-0.27582255060240146,-0.0767069915118051,0.8,1.0,0.4,0.0,0.0,0.0,0.0,0.0,0.0,0.0,batter_pitcher_profile_network_v2,1.0,0.6,0.6117623368712095,0.0,0.6650354682399661,0.26772653688524584,-0.43589165199457425,0.0,37.0,9.076589136250591,-0.0404105944038556,-0.04530724305960204,-0.004530724305960204,0.024117691256830602,-0.40731768146994063,0.0,37.0,9.008963346811523,-0.012013359714689389,-0.021833916359569463,-0.003493426617531114,0.3953447745901639,-0.2400723651011812,0.0,37.0,9.553110702365329,-0.07639739996975864,-0.113245562665068,-0.0056622781332534,-0.44272291666666663,-0.38242146375776354,0.0,37.0,8.777951192834605,0.008829231257219499,-0.056902024096059906,-0.0014225506024014977,0.015943750000000034,-0.2969089272168024,0.0,37.0,9.215654090668192,-0.01156214659631506,-0.010509465589693298,-0.0006305679353815979
2026-06-05,Sam_Antonacci,803011,hitter,CWS,PHI,2026,823455,50,145,143,0,666200.0,Jesús_Luzardo,0.0,0.0,1.0,0.0,0.0,4.0,3.0,0.0,0.0,7.0,0.10256410256410256,0.18,0.18,0.0,0.0,21.599999999999998,2.125,8.874999999999998,3.6567717996289426,1.08,0.0,90.0,0,2.0,1.2246467991473532e-16,-1.0,-0.433883739117558,-0.9009688679024191,1.5,1.5,0.5,0.5,0.5,1.5,1.5,0.5,0.5,0.5,synthetic,synthetic,synthetic,synthetic,synthetic,0.0,0.0,0.0,0.0,0.0,-110.0,-110.0,-110.0,-110.0,-110.0,-110.0,-110.0,-110.0,-110.0,-110.0,0.0,0.0,0.0,0.0,0.0,2026-08-07T03:26:40.888653+00:00,0.12231266811743002,0.5436577048230289,0.3448202880599204,-0.47589147213519456,-0.13925045798181868,1.2,1.8,0.8,0.0,0.2,4.0,6.0,2.0,0.0,1.0,batter_pitcher_profile_network_v2,1.0,0.75,0.5381528403953457,0.0,0.7130572077886775,0.3578005301672637,-0.12369813688633344,0.0,38.0,10.44268588898182,-0.03275442386423337,-0.020441013036251437,-0.0020441013036251437,0.1334139336917561,-0.25570368199911536,0.0,38.0,10.028803739888314,0.0022025397486485124,-0.01245184485607137,-0.001992295176971419,0.4985715725806451,-0.18417338567005734,0.0,38.0,10.141728327570378,-0.05757294749475422,-0.09998142304592098,-0.004999071152296049,-0.3321766203703704,-0.4389757408226447,0.0,38.0,8.92020806126791,0.0076865026323317,-0.05965888540778391,-0.001491472135194598,0.13628171296296301,-0.17144054253280247,0.0,38.0,10.014226838676704,0.020955757449447058,0.004926123689158521,0.00029556742134951127
2026-06-06,Sam_Antonacci,803011,hitter,CWS,PHI,2026,823454,51,145,143,0,691725.0,Andrew_Painter,0.0,0.0,1.0,0.0,0.0,5.0,3.0,1.0,0.0,1.0,0.125,0.282,0.282,0.0,0.0,33.839999999999996,5.5473684210526315,5.621052631578948,3.6567717996289426,1.08,16.0,91.0,0,1.0,1.2246467991473532e-16,-1.0,-0.9749279121818236,-0.2225209339563146,1.5,1.5,0.5,0.5,0.5,1.5,1.5,0.5,0.5,0.5,synthetic,synthetic,synthetic,synthetic,synthetic,0.0,0.0,0.0,0.0,0.0,-110.0,-110.0,-110.0,-110.0,-110.0,-110.0,-110.0,-110.0,-110.0,-110.0,0.0,0.0,0.0,0.0,0.0,2026-08-07T03:26:40.888653+00:00,-0.22882706829635446,-0.22417210575365432,0.48321309722267924,-0.47366481534345406,-0.24117719084830763,1.2,1.8,1.0,0.0,0.2,0.0,0.0,1.0,0.0,0.0,batter_pitcher_profile_network_v2,1.0,0.7,0.5606283601179322,0.0,0.6969261181198874,0.31946839157706025,0.46103670980722067,0.0,39.0,9.060861161431374,-0.04626316517197999,0.06471357964101876,0.006471357964101876,0.07915855734766977,0.42631084279497605,0.0,39.0,9.369942972712513,-0.01081017519703481,-0.0013881609603405547,-0.00022210575365448875,0.4262328629032253,0.3431445793628457,0.0,39.0,10.092832237798017,-0.04377212997959867,0.020490144824643772,0.0010245072412321885,-0.41049027777777786,0.39674353510266835,0.0,39.0,9.487236739782757,0.02940738626183621,0.02940738626183621,0.0007351846565459053,0.03187430555555523,0.400852912696179,0.0,39.0,9.622181780159563,0.023275344514553056,0.023070319504086955,0.0013842191702452173
2026-06-07,Sam_Antonacci,803011,hitter,CWS,PHI,2026,823453,52,145,143,0,605400.0,Aaron_Nola,2.0,2.0,0.0,0.0,1.0,5.0,4.0,0.0,2.0,1.0,0.11904761904761904,0.5,0.5,0.0,0.0,60.0,4.6,10.299999999999999,3.6567717996289426,1.08,15.0,85.0,0,1.0,1.2246467991473532e-16,-1.0,-0.7818314824680299,0.6234898018587334,1.5,1.5,1.5,0.5,0.5,1.5,1.5,1.5,0.5,0.5,synthetic,synthetic,synthetic,synthetic,synthetic,0.0,0.0,0.0,0.0,0.0,-110.0,-110.0,-110.0,-110.0,-110.0,-110.0,-110.0,-110.0,-110.0,-110.0,0.0,0.0,0.0,0.0,0.0,2026-08-07T03:26:40.888653+00:00,-0.5014738452328347,-0.135742793761233,-0.276861066757659,-0.47377921033165366,-0.18309449800201488,1.2,1.8,1.2,0.0,0.2,0.0,0.0,1.0,0.0,0.0,batter_pitcher_profile_network_v2,1.0,0.7,0.5057966328764891,0.0,0.7016279387308411,0.4056263888888886,0.2255764729102563,0.0,40.0,10.853154777419947,-0.06301500410049442,0.04521949448674266,0.004521949448674266,0.14004444444444422,0.26084517159058174,0.0,40.0,10.72134646473644,-0.026172112706491966,-0.021204961007705945,-0.003392793761232951,0.4903124999999999,0.3038124241047173,0.0,40.0,10.77279617983538,-0.06261116538664094,0.011006865217874695,0.0005503432608937348,-0.40562361111111117,0.27493955934568376,0.0,40.0,10.520486270578555,0.02483158673385393,0.02483158673385393,0.0006207896683463484,0.05270972222222212,0.3585445669618602,0.0,40.0,10.335136905957967,0.011256031991468463,0.017781866942299038,0.0010669120165379422
2026-06-09,Sam_Antonacci,803011,hitter,CWS,ATL,2026,824591,53,145,144,1,656550.0,Grant_Holmes,1.0,1.0,1.0,0.0,0.0,5.0,4.0,1.0,1.0,1.0,0.11904761904761904,0.316,0.316,0.0,0.0,37.92,4.128571428571429,11.214285714285715,2.8285714285714287,1.08,5.0,88.0,0,2.0,1.2246467991473532e-16,-1.0,0.7818314824680298,0.6234898018587336,1.5,1.5,0.5,0.5,0.5,1.5,1.5,0.5,0.5,0.5,synthetic,synthetic,synthetic,synthetic,synthetic,0.0,0.0,0.0,0.0,0.0,-110.0,-110.0,-110.0,-110.0,-110.0,-110.0,-110.0,-110.0,-110.0,-110.0,0.0,0.0,0.0,0.0,0.0,2026-08-07T03:26:40.888653+00:00,-0.2937978359537008,-0.06022254375185798,0.18327176147729718,-0.47386437464188585,0.015419670300282462,1.2,1.6,0.8,0.0,0.4,2.0,2.0,0.0,0.0,1.0,batter_pitcher_profile_network_v2,1.0,0.7,0.508966390640673,0.0,0.7013561320025623,0.37676805555555537,-0.1599809878496853,0.0,41.0,11.764082510902208,-0.02024582759459326,-0.02959740715605394,-0.002959740715605394,0.12099444444444435,-0.0016639019244061026,0.0,41.0,11.810833477001522,-0.004403028096202787,-0.006703398449113693,-0.0010725437518581907,0.4714375,0.07345383709039176,0.0,41.0,11.871342734228003,-0.031140149502144856,-0.014136199025484984,-0.0007068099512742492,-0.4053569444444445,0.1808728627814763,0.0,41.0,11.326469202147251,0.021425014324565807,0.021425014324565807,0.0005356253581141452,0.053851388888888956,0.0382972466764484,0.0,41.0,11.657259580950939,0.0028963908771080845,0.003184981195183058,0.00019109887171098349
2026-06-12,Sam_Antonacci,803011,hitter,CWS,LAD,2026,824588,54,145,119,1,808963.0,Roki_Sasaki,1.0,1.0,1.0,0.0,1.0,5.0,4.0,1.0,1.0,1.0,0.125,0.316,0.316,0.0,0.0,37.92,1.7625000000000002,10.623214285714287,10.584045457647944,1.08,14.0,79.0,0,3.0,1.2246467991473532e-16,-1.0,-0.433883739117558,-0.9009688679024191,1.5,1.5,0.5,0.5,0.5,1.5,1.5,0.5,0.5,0.5,synthetic,synthetic,synthetic,synthetic,synthetic,0.0,0.0,0.0,0.0,0.0,-110.0,-110.0,-110.0,-110.0,-110.0,-110.0,-110.0,-110.0,-110.0,-110.0,0.0,0.0,0.0,0.0,0.0,2026-08-07T03:26:40.888653+00:00,0.012460899474074472,-0.07101281492800071,0.8492964204738676,-0.47372560139041814,0.2506393993852968,1.4,1.8,1.0,0.0,0.4,1.0,1.0,1.0,0.0,0.0,batter_pitcher_profile_network_v2,1.0,0.65,0.5469499170123134,0.0,0.6839491128578945,0.33554712301587253,0.05107643062505761,0.0,42.0,12.353916760231089,-0.0323373247924745,0.007764621205377591,0.0007764621205377591,0.09079067460317425,0.1997501833597371,0.0,42.0,11.97336144514592,-0.01532257479608038,-0.014767593300005998,-0.00236281492800096,0.43871081349206303,0.4237698213622127,0.0,42.0,11.161391203686126,-0.04334467780681813,0.040882951829406024,0.002044147591470301,-0.4092013888888889,0.3809548935046647,0.0,42.0,11.09028898379952,0.026975944383273543,0.026975944383273543,0.0006743986095818387,0.0373923611111109,0.4056931305409566,0.0,42.0,11.085586850196115,0.004994780012312247,0.010618775048325143,0.0006371265028995085
2026-06-13,Sam_Antonacci,803011,hitter,CWS,LAD,2026,824587,55,145,119,1,808967.0,Yoshinobu_Yamamoto,0.0,0.0,0.0,0.0,0.0,3.0,3.0,0.0,2.0,1.0,0.10344827586206896,0.0,0.0,0.0,0.0,10.0,0.8035714285714285,8.410714285714285,9.281633583807496,1.08,0.0,86.0,0,1.0,1.2246467991473532e-16,-1.0,-0.9749279121818236,-0.2225209339563146,0.5,0.5,0.5,0.5,0.5,0.5,0.5,0.5,0.5,0.5,synthetic,synthetic,synthetic,synthetic,synthetic,0.0,0.0,0.0,0.0,0.0,-110.0,-110.0,-110.0,-110.0,-110.0,-110.0,-110.0,-110.0,-110.0,-110.0,0.0,0.0,0.0,0.0,0.0,2026-08-07T03:26:40.888653+00:00,0.6571011201742178,0.14202334846258258,0.44597450316491827,-0.47502480929953056,0.2237173086973162,0.8,0.8,0.8,0.0,0.4,1.0,1.0,1.0,0.0,1.0,batter_pitcher_profile_network_v2,1.0,0.65,0.5355232529522269,0.0,0.6848589609836789,0.33705294728783924,-0.3894824383985598,0.0,43.0,11.761591608305697,-0.022763874579589338,-0.06097474409609177,-0.006097474409609178,0.0960760389326337,-0.2958175702440357,0.0,43.0,12.019924826317931,-0.006166780230243609,-0.0224510548674794,-0.003592168778796704,0.4604628444881893,-0.4373082651298712,0.0,43.0,10.855686893285565,-0.05051108007825715,-0.1440400722332673,-0.007202003611663366,-0.40315694444444433,-0.19421014212901974,0.0,43.0,12.002650662527635,0.011374841673339887,-0.024992371981223185,-0.0006248092995305796,0.07077013888888928,-0.41447746108301287,0.0,43.0,10.913843141752514,-0.0044907445110154345,-0.016992381780861293,-0.0010195429068516775
2026-06-14,Sam_Antonacci,803011,hitter,CWS,LAD,2026,824586,56,145,119,1,686218.0,Emmet_Sheehan,1.0,4.0,1.0,1.0,1.0,4.0,4.0,0.0,0.0,1.0,0.11764705882352941,0.525,0.525,0.75,30.0,65.0,6.447368421052631,9.921052631578947,9.281633583807496,1.08,9.0,69.0,0,1.0,1.2246467991473532e-16,-1.0,-0.7818314824680299,0.6234898018587334,0.5,0.5,0.5,0.5,0.5,0.5,0.5,0.5,0.5,0.5,synthetic,synthetic,synthetic,synthetic,synthetic,0.0,0.0,0.0,0.0,0.0,-110.0,-110.0,-110.0,-110.0,-110.0,-110.0,-110.0,-110.0,-110.0,-110.0,0.0,0.0,0.0,0.0,0.0,2026-08-07T03:26:40.888653+00:00,0.38939533000338467,1.1530807571151966,0.4906172070510356,-0.21130661446732568,0.24139084871662775,0.8,0.8,0.6,0.0,0.4,0.0,0.0,0.0,0.0,0.0,batter_pitcher_profile_network_v2,1.0,0.7,0.5888541038399451,0.0,0.6945057605957247,0.19116927910052933,0.022236451274756108,0.0,44.0,13.271965802568392,-0.029655994731895598,0.0017477509277717023,0.00017477509277717023,-0.014880357142856937,0.15527518193724893,0.0,44.0,12.978869124771158,-0.017874296333739142,-0.02681144450060871,-0.004289831120097394,0.3337495039682542,0.22742431109126854,0.0,44.0,12.865478920545074,-0.055202429727638176,-0.0239953251397267,-0.001199766256986335,-0.41923101851851846,0.3034362830202814,0.0,44.0,12.301003583410035,0.023735421306971007,0.023735421306971007,0.0005933855326742752,-0.010199768518518323,0.26407367932231546,0.0,44.0,12.524184577793324,0.054582852217383744,0.04093713916303781,0.0024562283497822687
2026-06-16,Sam_Antonacci,803011,hitter,CWS,NYY,2026,823535,57,145,147,0,543037.0,Gerrit_Cole,1.0,1.0,0.0,0.0,0.0,4.0,3.0,1.0,1.0,1.0,0.12121212121212122,0.395,0.395,0.0,0.0,47.400000000000006,3.75,8.625,1.8407944996180292,1.08,8.0,72.0,0,2.0,1.2246467991473532e-16,-1.0,0.7818314824680298,0.6234898018587336,0.5,1.5,0.5,0.5,0.5,0.5,1.5,0.5,0.5,0.5,synthetic,synthetic,synthetic,synthetic,synthetic,0.0,0.0,0.0,0.0,0.0,-110.0,-110.0,-110.0,-110.0,-110.0,-110.0,-110.0,-110.0,-110.0,-110.0,0.0,0.0,0.0,0.0,0.0,2026-08-07T03:26:40.888653+00:00,0.4509429446857586,0.2555567162444041,0.19161611396096134,-0.23358004993903358,0.12903195436021997,1.0,1.6,0.6,0.2,0.6,1.0,4.0,1.0,1.0,1.0,batter_pitcher_profile_network_v2,1.0,0.3,0.835,0.0,0.57431375,0.2692666666666672,-0.15470079170079182,0.0,45.0,13.685467065987826,-0.02140812325414593,-0.006873201474474495,-0.0006873201474474496,0.09318611111111154,0.012203760578760554,0.0,45.0,13.709973888582862,-0.013487261472287777,-0.02004325074520281,-0.0032069201192324497,0.3927500000000006,-0.17081186868686862,0.0,45.0,13.266950944840204,-0.011948425308840844,-0.023017674944257528,-0.0011508837472128765,-0.2755458333333333,0.18805603330603335,0.0,45.0,13.193938807513508,0.03279800243865611,0.03279800243865611,0.0008199500609664028,0.0763500000000004,-0.1320429292929292,0.0,45.0,13.201789211655436,0.023257365835865136,0.015779580564398845,0.0009467748338639306
2026-06-17,Sam_Antonacci,803011,hitter,CWS,NYY,2026,823536,58,145,147,0,607074.0,Carlos_Rodón,1.0,4.0,1.0,1.0,1.0,4.0,4.0,0.0,2.0,9.0,0.10256410256410256,0.525,0.525,0.75,30.0,65.0,2.5,8.5,1.8407944996180292,1.08,0.0,72.0,0,1.0,1.2246467991473532e-16,-1.0,0.9749279121818236,-0.22252093395631434,0.5,1.5,0.5,0.5,0.5,0.5,1.5,0.5,0.5,0.5,synthetic,synthetic,synthetic,synthetic,synthetic,0.0,0.0,0.0,0.0,0.0,-110.0,-110.0,-110.0,-110.0,-110.0,-110.0,-110.0,-110.0,-110.0,-110.0,0.0,0.0,0.0,0.0,0.0,2026-08-07T03:26:40.888653+00:00,0.2880137106555376,0.6470581904462138,0.01863702420133162,-0.07318665082691467,-0.15145384727111927,0.8,1.4,0.6,0.2,0.4,1.0,1.0,0.0,0.0,0.0,batter_pitcher_profile_network_v2,1.0,0.3,0.7045617788731309,0.0,0.5791073546264125,0.37072268518518575,-0.5892653207008045,0.0,46.0,11.27479671525126,-0.014982454837137659,-0.06453966765080973,-0.006453966765080974,0.1729500000000004,-0.5494723313695556,0.0,46.0,11.242946777279855,-0.005623632866435788,-0.036511309711164966,-0.005841809553786395,0.5159791666666672,-0.14012280226233695,0.0,46.0,13.553612579610954,-0.02130908483455352,-0.04266940020678213,-0.0021334700103391065,-0.26169398148148143,-0.44443357167963315,0.0,46.0,11.53857858146038,-0.017104916200813405,-0.05146603307658783,-0.0012866508269146959,0.16530601851851892,-0.3191150503243525,0.0,46.0,12.516864446599262,0.007247425456604216,-0.010149281123423141,-0.0006089568674053884
2026-06-18,Sam_Antonacci,803011,hitter,CWS,NYY,2026,823533,59,145,147,0,677960.0,Ryan_Weathers,1.0,2.0,1.0,0.0,0.0,2.0,2.0,0.0,0.0,7.0,0.05714285714285714,0.635,0.635,0.5,30.0,65.0,8.903846153846153,7.884615384615384,2.02987012987013,1.08,0.0,86.0,0,1.0,1.2246467991473532e-16,-1.0,0.43388373911755823,-0.900968867902419,0.5,1.5,0.5,0.5,0.5,0.5,1.5,0.5,0.5,0.5,synthetic,synthetic,synthetic,synthetic,synthetic,0.0,0.0,0.0,0.0,0.0,-110.0,-110.0,-110.0,-110.0,-110.0,-110.0,-110.0,-110.0,-110.0,-110.0,0.0,0.0,0.0,0.0,0.0,2026-08-07T03:26:40.888653+00:00,0.33462688912327376,1.1408961641367306,0.19809922774999367,0.10471976378550618,0.13835792071813158,0.8,2.0,0.6,0.4,0.6,1.0,4.0,1.0,1.0,1.0,batter_pitcher_profile_network_v2,1.0,0.8,0.5028751410833416,0.0,0.7307182361738325,0.3085351851851856,0.21272931942922615,0.0,47.0,13.437457551848995,-0.03496056182218865,0.03262853159237795,0.003262853159237795,0.1657972222222226,0.3573247976595614,0.0,47.0,12.763864838128125,-0.03590024685627988,-0.024398974145437288,-0.003903835863269966,0.43983333333333385,0.4258612810781954,0.0,47.0,12.616792964600467,-0.0010010313792997707,0.09211442512974338,0.004605721256487169,-0.18643356481481477,0.4950866691679413,0.0,47.0,11.935961754749815,-0.03520944857975435,-0.03520944857975435,-0.0008802362144938588,0.18478518518518555,0.5010277149701879,0.0,47.0,11.895922749657297,0.031175789258206205,0.06940690374375025,0.004164414224625015
2026-06-19,Sam_Antonacci,803011,hitter,CWS,DET,2026,824264,60,145,116,0,669373.0,Tarik_Skubal,2.0,3.0,1.0,0.0,0.0,4.0,4.0,0.0,0.0,7.0,0.1111111111111111,0.54,0.54,0.25,21.25,65.0,4.142857142857143,8.071428571428571,2.977443609022557,1.0666666666666667,0.0,75.0,0,1.0,1.2246467991473532e-16,-1.0,-0.433883739117558,-0.9009688679024191,0.5,1.0,0.5,0.5,0.5,0.5,2.5,0.5,0.5,0.5,synthetic,real,real,real,synthetic,0.0,8.0,7.0,8.0,0.0,-110.0,120.900647,208.604288,1305.142268,-110.0,-110.0,-115.034108,-303.979534,0.0,-110.0,0.0,0.5345224838248488,0.0,0.0,0.0,2026-06-19T20:50:58.917955+00:00,0.37748740729764607,1.1932217987228082,0.2509408811860926,-0.08554939487570418,-0.08307739714587659,0.8,2.2,0.6,0.4,0.4,1.0,2.0,1.0,0.0,0.0,batter_pitcher_profile_network_v2,1.0,0.45,0.6471983952458482,0.0,0.6218231884620726,0.32761128567091696,-0.34944160195723867,0.0,48.0,13.709870062967664,-0.011199979957166123,-0.04038908491827613,-0.004038908491827613,0.20264394353369777,-0.385826600893522,0.0,48.0,13.075032158722411,-0.003950432191042795,-0.03350959131578149,-0.005361534610525039,0.4474675546448089,-0.525939192343604,0.0,48.0,11.52481354495196,-0.0305974001072413,-0.11362598530070768,-0.005681299265035384,-0.1402046296296296,-0.44532414991312985,0.0,48.0,11.999050636589248,-0.07828142831894824,-0.10030912836149825,-0.0025077282090374565,0.2273995370370373,-0.4794645191409896,0.0,48.0,11.82903966406154,-0.029073033795961087,-0.06027073772785224,-0.003616244263671134
2026-06-20,Sam_Antonacci,803011,hitter,CWS,DET,2026,824263,61,145,116,0,675512.0,Troy_Melton,2.0,5.0,1.0,1.0,1.0,4.0,2.0,1.0,0.0,1.0,0.1111111111111111,1.1,1.1,1.5,30.0,65.0,3.5785714285714287,5.303571428571428,2.334586466165414,1.0666666666666667,13.0,74.0,0,1.0,1.2246467991473532e-16,-1.0,-0.9749279121818236,-0.2225209339563146,1.5,1.5,0.5,0.5,0.5,1.5,2.5,0.5,0.5,0.5,synthetic,real,real,real,synthetic,0.0,8.0,5.0,8.0,0.0,-110.0,117.96303,106.132424,800.713619,-110.0,-110.0,-157.501552,-160.0,0.0,-110.0,0.0,0.0,0.0,0.0,0.0,2026-06-20T11:58:55.263102+00:00,-0.0883959820187088,2.9629264981322336,0.7137490518035672,0.24915757994256393,0.052313705580319114,1.2,2.8,0.8,0.4,0.4,2.0,3.0,1.0,0.0,0.0,batter_pitcher_profile_network_v2,1.0,0.2,0.8068859053316768,1.0,0.5689812953193739,0.23885787037037054,0.07851200025464727,0.1074074074074074,49.0,14.806997950510496,-0.038606994483068965,0.1006579742991253,0.01006579742991253,0.071113888888889,0.3021799083269672,0.04444444444444445,49.0,13.902651543663291,-0.02810540352883485,0.002144779993122542,0.0003431647988996067,0.3265625000000001,-0.006087535014005524,-0.1111111111111111,49.0,14.775542534566855,-0.033838976576127534,-0.1346054300940743,-0.006730271504703716,-0.2467150462962962,0.5827558887191241,-0.04938271604938271,49.0,11.968926242142844,-0.04241566883246208,-0.08703013563077508,-0.0021757533907693772,0.060941203703703775,0.049169817927170935,-0.06666666666666667,49.0,14.54472887764631,-0.011182937666357086,-0.06803807324363816,-0.004082284394618289
2026-06-21,Sam_Antonacci,803011,hitter,CWS,DET,2026,824260,62,145,116,0,672456.0,Keider_Montero,0.0,0.0,0.0,0.0,0.0,4.0,4.0,0.0,1.0,1.0,0.1111111111111111,0.0,0.0,0.0,0.0,10.0,4.6499999999999995,6.9947368421052625,2.334586466165414,1.0666666666666667,-4.0,74.0,0,1.0,1.2246467991473532e-16,-1.0,-0.7818314824680299,0.6234898018587334,1.5,1.5,0.5,0.5,0.5,1.5,2.5,0.5,0.5,0.5,synthetic,real,real,real,synthetic,0.0,8.0,7.0,4.0,0.0,-110.0,368.065693,575.0,2415.329627,-110.0,-110.0,-761.111111,-1147.524752,0.0,-110.0,0.0,0.4629100498862757,0.37796447300922725,0.0,0.0,2026-06-21T19:20:37.517202+00:00,-0.05610422852297603,1.043512996448242,0.10680607989879709,-0.10414935214421855,-0.12041480038525809,1.4,3.0,0.8,0.4,0.4,2.0,5.0,1.0,1.0,1.0,batter_pitcher_profile_network_v2,1.0,0.65,0.5269935473245642,1.0,0.7042881387942816,0.42152576164874506,-0.030136805927067075,-0.1111111111111111,49.0,14.739036981826574,-0.05319696760153723,-0.09084178397662823,-0.009084178397662823,0.32527643369175596,-0.017583412720831203,-0.1111111111111111,49.0,14.592324433843944,-0.05860085637847071,-0.17543960553182103,-0.028070336885091366,0.5232278225806448,-0.1601801469558375,-0.1111111111111111,49.0,14.157673047707485,-0.04898888693546005,-0.17346486818947304,-0.008673243409473652,0.0024756944444445303,0.05568047616805769,-0.07407407407407408,49.0,14.191074688062745,-0.16281730545491405,-0.21930741910207532,-0.005482685477551884,0.344173611111111,-0.14876810991880043,-0.07407407407407407,49.0,13.96760323726667,-0.043651936617424045,-0.11351317266992693,-0.006810790360195615
2026-06-22,Sam_Antonacci,803011,hitter,CWS,CLE,2026,824585,63,145,114,1,668909.0,Gavin_Williams,2.0,2.0,1.0,0.0,3.0,5.0,4.0,1.0,1.0,1.0,0.13513513513513514,0.49399999999999994,0.49399999999999994,0.0,0.0,59.279999999999994,7.6875,8.775,3.818877551020409,1.08,15.0,68.0,0,1.0,1.2246467991473532e-16,-1.0,0.0,1.0,1.5,2.5,0.5,0.5,0.5,1.5,2.5,0.5,0.5,0.5,synthetic,synthetic,synthetic,synthetic,synthetic,0.0,0.0,0.0,0.0,0.0,-110.0,-110.0,-110.0,-110.0,-110.0,-110.0,-110.0,-110.0,-110.0,-110.0,0.0,0.0,0.0,0.0,0.0,2026-08-07T03:26:40.888653+00:00,-0.48249910692156806,-0.5128689686094954,0.35131593304770514,-0.1986872723723357,-0.024632459158986875,1.2,2.8,0.8,0.4,0.4,0.0,0.0,0.0,0.0,0.0,batter_pitcher_profile_network_v2,1.0,0.95,0.35596290535598274,0.0,0.7910748168891975,0.34055585424133805,-0.16198640607272666,0.0,51.0,15.417186840521186,-0.04076119627999573,-0.03552857611033061,-0.0035528576110330614,0.2575958781362008,-0.0017034864975738924,0.0,51.0,15.425197155606021,-0.06392216032036706,-0.09616585110664393,-0.015386536177063028,0.4397903225806452,0.03270205271277092,0.0,51.0,15.379874650552463,-0.0162268667932669,-0.0069642954717091116,-0.0003482147735854556,-0.01359837962962953,0.15542609016146508,0.0,51.0,14.919177775988995,-0.17149089489342645,-0.17149089489342645,-0.004287272372335661,0.26320370370370394,0.06113883760979609,0.0,51.0,15.121059211434245,-0.05149078016176937,-0.02825426048210378,-0.0016952556289262267
2026-06-23,Sam_Antonacci,803011,hitter,CWS,CLE,2026,824584,64,145,114,1,800048.0,Parker_Messick,0.0,0.0,0.0,0.0,0.0,3.0,3.0,0.0,0.0,8.0,0.10714285714285714,0.0,0.0,0.0,0.0,10.0,4.705882352941177,8.73529411764706,5.221474953617812,1.08,-6.0,72.0,0,1.0,1.2246467991473532e-16,-1.0,0.7818314824680298,0.6234898018587336,1.5,2.5,0.5,0.5,0.5,1.5,2.5,0.5,0.5,0.5,synthetic,synthetic,synthetic,synthetic,synthetic,0.0,0.0,0.0,0.0,0.0,-110.0,-110.0,-110.0,-110.0,-110.0,-110.0,-110.0,-110.0,-110.0,-110.0,0.0,0.0,0.0,0.0,0.0,2026-08-07T03:26:40.888653+00:00,-0.03604394762068863,-0.7402851339679375,0.1779067313336159,-0.3394814938790266,0.61232286671976,1.4,2.4,0.8,0.2,0.8,2.0,2.0,1.0,0.0,3.0,batter_pitcher_profile_network_v2,1.0,0.9,0.3283374180248213,0.0,0.7788007996627635,0.3891447089947086,-0.3330441645994201,0.0,52.0,15.417442634815027,-0.02231633382478748,-0.0870490654971459,-0.00870490654971459,0.2962007936507934,-0.2790333210325254,0.0,52.0,15.326603099069462,-0.0543878320088611,-0.1370945872996095,-0.02193513396793752,0.50081746031746,-0.30462931581313923,0.0,52.0,14.904995068115825,-0.0358690115304526,-0.13834032694549317,-0.0069170163472746585,-0.004828009259259178,-0.2352449303691347,0.0,52.0,14.888012168109032,-0.20249690450879299,-0.2032597551610653,-0.005081493879026632,0.31075185185185167,-0.31479567535449876,0.0,52.0,14.627588907292342,-0.04019165269432227,-0.09584801601884796,-0.005750880961130877
2026-06-24,Sam_Antonacci,803011,hitter,CWS,CLE,2026,824583,65,145,114,1,676440.0,Tanner_Bibee,1.0,1.0,0.0,0.0,0.0,5.0,4.0,1.0,0.0,1.0,0.11627906976744186,0.316,0.316,0.0,0.0,37.92,2.544642857142857,8.491071428571429,4.670454545454547,1.08,-5.0,65.0,0,1.0,1.2246467991473532e-16,-1.0,0.9749279121818236,-0.22252093395631434,1.5,1.5,0.5,0.5,0.5,1.5,1.5,0.5,0.5,0.5,synthetic,synthetic,synthetic,synthetic,synthetic,0.0,0.0,0.0,0.0,0.0,-110.0,-110.0,-110.0,-110.0,-110.0,-110.0,-110.0,-110.0,-110.0,-110.0,0.0,0.0,0.0,0.0,0.0,2026-08-07T03:26:40.888653+00:00,-0.46941240020685315,-0.1034456810452824,0.1440503287436582,-0.3386199525347162,0.2171028913233921,1.2,2.0,0.6,0.2,0.8,0.0,0.0,0.0,0.0,0.0,batter_pitcher_profile_network_v2,1.0,1.0,0.41154225058707433,0.0,0.7995860743030834,0.2822465608465608,0.18018867328080912,0.0,53.0,16.30713887672144,-0.030672974614030034,0.02992756845396643,0.002992756845396643,0.20675634920634928,0.31392577882918554,0.0,53.0,15.650095749478862,-0.06409812229532423,-0.05795265769580625,-0.009272425231329,0.3604007936507938,0.22036185416000859,0.0,53.0,16.351993457543234,-0.05741501176477425,-0.010680528720919263,-0.0005340264360459632,-0.025198379629629654,0.45278903386274266,0.0,53.0,14.728883558710022,-0.1687981013886479,-0.1687981013886479,-0.0042199525347161974,0.18635370370370385,0.28944229785874087,0.0,53.0,15.763819741976603,-0.019299084148830994,0.0172663000692183,0.001035978004153098
2026-06-26,Sam_Antonacci,803011,hitter,CWS,KC,2026,824582,66,145,118,1,674444.0,Steven_Cruz,3.0,3.0,2.0,0.0,0.0,6.0,5.0,1.0,1.0,1.0,0.11320754716981132,0.5599999999999999,0.5599999999999999,0.0,0.0,65.0,5.400000000000001,9.9,6.311688311688312,1.08,0.0,66.0,0,2.0,1.2246467991473532e-16,-1.0,-0.433883739117558,-0.9009688679024191,0.5,2.5,2.0,0.5,0.5,0.5,1.5,0.5,0.5,0.5,synthetic,real,real,real,synthetic,0.0,8.0,8.0,5.0,0.0,-110.0,131.285116,257.677419,1469.115816,-110.0,-110.0,-186.809082,-423.809524,0.0,-110.0,0.0,0.4629100498862757,0.9910312089651149,0.0,0.0,2026-06-27T01:11:02.474098+00:00,0.5269492934738218,-1.1154766462927053,-1.2761834306223272,-0.3398295483693361,0.365022503165885,1.0,1.6,0.4,0.2,0.8,1.0,1.0,0.0,0.0,0.0,batter_pitcher_profile_network_v2,1.0,0.0,1.0,0.0,0.5,0.34406058617672763,0.0,0.0,54.0,17.765152685616897,-0.04451663700200158,0.0,0.0,0.25760520559929995,0.0,0.0,54.0,17.63571549742344,-0.08228869917558027,-0.1234330487633704,-0.019749287802139266,0.44824409448818864,0.0,0.0,54.0,17.601818330087728,-0.10318711281410067,-0.10318711281410067,-0.005159355640705034,-0.014857638888888747,0.0,0.0,54.0,17.131452161051232,-0.21718193477344508,-0.21718193477344508,-0.005429548369336127,0.25777777777777766,0.0,0.0,54.0,17.321970442442908,-0.0598663975606363,-0.04489979817047723,-0.0026939878902286335
2026-06-27,Sam_Antonacci,803011,hitter,CWS,KC,2026,824581,67,145,118,1,608379.0,Michael_Wacha,1.0,1.0,0.0,0.0,0.0,4.0,4.0,0.0,0.0,1.0,0.11428571428571428,0.2225,0.2225,0.0,0.0,26.7,3.642857142857143,4.5,9.71883116883117,1.08,0.0,74.0,0,1.0,1.2246467991473532e-16,-1.0,-0.9749279121818236,-0.2225209339563146,1.5,1.5,0.5,0.5,0.5,1.5,1.5,0.5,0.5,0.5,synthetic,real,real,real,synthetic,0.0,8.0,6.0,8.0,0.0,-110.0,130.013811,107.731316,812.364715,-110.0,-110.0,-172.42554,-149.6,0.0,-110.0,0.0,0.0,0.0,0.0,0.0,2026-06-27T13:01:31.487963+00:00,0.3886009227834917,-0.2365389664860491,0.6155948528076327,-0.4797909949477024,0.2989903511832218,1.2,1.2,0.6,0.0,0.6,3.0,3.0,2.0,0.0,0.0,batter_pitcher_profile_network_v2,1.0,0.95,0.36294498068040654,0.0,0.7902622778733177,0.3756569229112838,0.01870662770548194,0.0,53.0,17.622762396094117,-0.061217607770124666,0.00447676030244804,0.00044767603024480404,0.2822218992248065,-0.0008883424547523979,0.0,53.0,17.525442798709047,-0.0920350497789203,-0.1382122905378081,-0.022113966486049293,0.4768260658914733,-0.03718123324598642,0.0,53.0,17.43973340947817,-0.1381397762344001,-0.1494341126785136,-0.00747170563392568,-0.010561342592592487,-0.003677320949376029,0.0,53.0,17.01383145365383,-0.21561505631794897,-0.21563979790809606,-0.005390994947702402,0.27884490740740786,-0.040494405288997164,0.0,53.0,17.15970808241646,-0.0593245063892209,-0.05168678763894429,-0.0031012072583366575
2026-06-28,Sam_Antonacci,803011,hitter,CWS,KC,2026,824580,68,145,118,1,679883.0,Luinder_Avila,1.0,1.0,2.0,0.0,0.0,5.0,4.0,1.0,1.0,1.0,0.13513513513513514,0.316,0.316,0.0,0.0,37.92,37.129411764705885,6.247058823529412,10.361688311688312,1.08,-7.0,79.0,0,1.0,1.2246467991473532e-16,-1.0,-0.7818314824680299,0.6234898018587334,1.5,1.5,0.5,0.5,0.5,1.5,1.5,0.5,0.5,0.5,synthetic,synthetic,synthetic,synthetic,synthetic,0.0,0.0,0.0,0.0,0.0,-110.0,-110.0,-110.0,-110.0,-110.0,-110.0,-110.0,-110.0,-110.0,-110.0,0.0,0.0,0.0,0.0,0.0,2026-08-07T03:26:40.888653+00:00,0.23810846464143176,-0.3292716670618927,0.4544622154104616,-0.47924272794659406,0.38673433560565473,1.4,1.4,0.6,0.0,0.6,1.0,1.0,0.0,0.0,0.0,batter_pitcher_profile_network_v2,1.0,0.3,0.8288418720448347,0.0,0.5745400612023523,0.36100879629629645,0.2608677893678522,0.0,53.0,17.041541567221874,-0.08114681720052319,0.01611891368387814,0.001611891368387814,0.2660500000000002,0.3079086810355662,0.0,53.0,16.948977496001334,-0.10805255801295424,-0.14805771643412705,-0.023689234629460328,0.4547187500000002,0.7505561926605505,0.0,53.0,12.418967774487943,-0.027264304194470134,0.031150591115513725,0.0015575295557756863,-0.019605787037036936,0.4186024883750158,0.0,53.0,16.211661775378346,-0.19370911786376221,-0.19370911786376221,-0.0048427279465940555,0.24012337962962993,0.6552064220183488,0.0,53.0,13.581990291292723,-0.037437806679280906,-0.0011499816279967844,-6.899889767980705e-05
2026-06-29,Sam_Antonacci,803011,hitter,CWS,BAL,2026,824822,69,145,110,0,669358.0,Shane_Baz,1.0,2.0,2.0,0.0,0.0,5.0,4.0,0.0,0.0,1.0,0.12195121951219512,0.398,0.398,0.25,21.25,59.010000000000005,5.485714285714287,7.457142857142858,2.4806722689075635,1.08,0.0,86.0,0,1.0,1.2246467991473532e-16,-1.0,0.0,1.0,1.5,1.5,0.5,0.5,0.5,1.5,1.5,0.5,0.5,0.5,synthetic,synthetic,synthetic,synthetic,synthetic,0.0,0.0,0.0,0.0,0.0,-110.0,-110.0,-110.0,-110.0,-110.0,-110.0,-110.0,-110.0,-110.0,-110.0,0.0,0.0,0.0,0.0,0.0,2026-08-07T03:26:40.888653+00:00,-0.26082822648259496,-0.13649080583402906,0.49011415544782355,-0.3645351251584935,-0.40780097824510436,1.2,1.2,0.8,0.0,0.0,1.0,1.0,2.0,0.0,0.0,batter_pitcher_profile_network_v2,1.0,0.9,0.4117781642526658,0.0,0.7696014573911436,0.44672974537037086,0.043144431442400634,0.0,53.0,18.159460505623116,-0.09039776212098576,0.011337329353182955,0.0011337329353182956,0.332836805555556,-0.06401443160527612,0.0,53.0,18.038779486654366,-0.1141928293823236,-0.18382210963341386,-0.02941153754134622,0.5335000000000005,0.009191763563515962,0.0,53.0,18.042983550142033,-0.10744441734419403,-0.10455989165840822,-0.005227994582920411,-0.009265046296296108,-0.16772314458933077,0.0,53.0,17.01041851623273,-0.22949093154791148,-0.23040500633974162,-0.005760125158493541,0.29654745370370433,-0.01519937159214084,0.0,53.0,17.75344507924892,-0.03311437926077249,-0.02748709728039998,-0.0016492258368239988
2026-07-01,Sam_Antonacci,803011,hitter,CWS,BAL,2026,824818,70,145,110,0,665152.0,Dean_Kremer,2.0,5.0,1.0,1.0,1.0,4.0,4.0,0.0,0.0,1.0,0.12903225806451613,0.7475,0.7475,0.75,30.0,65.0,3.3923076923076927,14.438461538461539,3.9693940734188415,1.08,5.0,91.0,0,2.0,-0.4999999999999997,-0.8660254037844388,0.9749279121818236,-0.22252093395631434,1.5,1.5,1.5,0.5,0.5,1.5,1.5,1.5,0.5,0.5,synthetic,synthetic,synthetic,synthetic,synthetic,0.0,0.0,0.0,0.0,0.0,-110.0,-110.0,-110.0,-110.0,-110.0,-110.0,-110.0,-110.0,-110.0,-110.0,0.0,0.0,0.0,0.0,0.0,2026-08-07T03:26:40.888653+00:00,-0.38960825529971177,1.0128434935706334,0.020522222302353788,-0.21715243685451696,-0.22106032864303793,1.4,1.6,1.2,0.0,0.0,1.0,2.0,2.0,0.0,0.0,batter_pitcher_profile_network_v2,1.0,0.15,0.7227248156880794,0.0,0.5392199315117315,0.47507047109132094,-0.5975842791088692,0.0,53.0,14.741081339068304,-0.0755420408808217,-0.0787169400156063,-0.00787169400156063,0.3711074745547079,-0.168932482135351,0.0,53.0,18.195857443267766,-0.12626440733445937,-0.20677957647386178,-0.033084732235817885,0.5528303912213748,-0.06893202676194474,0.0,53.0,18.40360713155085,-0.11749620569872615,-0.128062530597576,-0.0064031265298788,0.05949675925925938,0.2718974358974359,0.0,53.0,17.636109039113467,-0.21458295935321772,-0.2100974741806784,-0.00525243685451696,0.3316321759259264,-0.0603766988930923,0.0,53.0,18.177124964646925,-0.048641274046558644,-0.04203279663085001,-0.0025219677978510005
2026-07-02,Sam_Antonacci,803011,hitter,CWS,CLE,2026,824416,71,145,114,0,677944.0,Slade_Cecconi,2.0,3.0,1.0,0.0,1.0,4.0,4.0,0.0,1.0,1.0,0.10256410256410256,0.54,0.54,0.25,21.25,65.0,1.5294117647058825,4.617647058823529,5.2653061224489806,1.08,0.0,91.0,0,1.0,-0.4999999999999997,-0.8660254037844388,0.43388373911755823,-0.900968867902419,1.5,2.5,1.5,0.5,0.5,1.5,2.5,1.5,0.5,0.5,synthetic,synthetic,synthetic,synthetic,synthetic,0.0,0.0,0.0,0.0,0.0,-110.0,-110.0,-110.0,-110.0,-110.0,-110.0,-110.0,-110.0,-110.0,-110.0,0.0,0.0,0.0,0.0,0.0,2026-08-07T03:26:40.888653+00:00,0.4036197991508752,0.19729414188231686,-0.07491426814514424,-0.12809715943985717,0.045427933821119315,1.6,2.4,1.4,0.2,0.2,2.0,5.0,1.0,1.0,1.0,batter_pitcher_profile_network_v2,1.0,1.0,0.33538709352700896,0.0,0.8089150810429413,0.5658181562765062,0.1432613318476483,0.0,52.0,18.28098772673392,-0.13609204766034827,0.05387343091528308,0.0053873430915283085,0.4994546967769302,0.08605168318546477,0.0,52.0,18.50367707148963,-0.19552563760064245,-0.26472411323552136,-0.04235585811768342,0.6512678912213747,0.031075430446977526,0.0,52.0,18.47968810576729,-0.1566575917892201,-0.14320686996725188,-0.007160343498362594,0.21118194444444455,0.02803979223418871,0.0,52.0,18.097677790903067,-0.37682188148827944,-0.372886377594286,-0.00932215943985715,0.48487986111111164,0.039769842666621764,0.0,52.0,18.240900306381118,-0.09381610034162625,-0.05754594861190637,-0.0034527569167143823
2026-07-03,Sam_Antonacci,803011,hitter,CWS,CLE,2026,824417,72,145,114,0,668909.0,Gavin_Williams,0.0,0.0,1.0,0.0,0.0,5.0,5.0,0.0,1.0,1.0,0.13513513513513514,0.0,0.0,0.0,0.0,10.0,6.6000000000000005,10.800000000000002,4.301020408163266,1.08,0.0,89.0,0,1.0,-0.4999999999999997,-0.8660254037844388,-0.433883739117558,-0.9009688679024191,1.5,2.5,1.5,0.5,0.5,1.5,2.5,1.5,0.5,0.5,synthetic,synthetic,synthetic,synthetic,synthetic,0.0,0.0,0.0,0.0,0.0,-110.0,-110.0,-110.0,-110.0,-110.0,-110.0,-110.0,-110.0,-110.0,-110.0,0.0,0.0,0.0,0.0,0.0,2026-08-07T03:26:40.888653+00:00,-0.04815678410743285,-0.5978558709838742,-0.5078552542111375,-0.3452962474024114,0.007611784866360383,1.4,2.4,1.2,0.2,0.4,2.0,3.0,1.0,0.0,1.0,batter_pitcher_profile_network_v2,1.0,1.0,0.33800676377809546,1.0,0.8273441714371834,0.6315947471509971,-0.16610802620770787,0.08518518518518517,51.0,18.317875211190955,-0.14461285169774654,-0.01246249082612149,-0.0012462490826121492,0.5675360042735043,-0.0635222141678133,0.00987654320987654,51.0,18.404800685224604,-0.19713387901765012,-0.31295899094651014,-0.050073438551441626,0.7082908653846154,0.013454292006657865,0.03703703703703703,51.0,18.380451028696907,-0.1896172998776608,-0.1585308977914202,-0.007926544889571011,0.28318449074074076,0.029762360300271788,-0.09876543209876543,51.0,18.015746104266785,-0.375354925117218,-0.4358498960964553,-0.010896247402411383,0.5472678240740741,0.028698086332899,0.1111111111111111,51.0,18.14677895418061,-0.23204432560951924,-0.08930257434536673,-0.0053581544607220035
2026-07-04,Sam_Antonacci,803011,hitter,CWS,CLE,2026,824415,73,145,114,0,800048.0,Parker_Messick,0.0,0.0,0.0,0.0,0.0,2.0,2.0,0.0,1.0,7.0,0.05,0.0,0.0,0.0,0.0,10.0,3.582608695652174,10.66304347826087,3.443877551020409,1.08,-5.0,82.0,0,1.0,-0.4999999999999997,-0.8660254037844388,-0.9749279121818236,-0.2225209339563146,1.5,2.5,1.5,0.5,0.5,1.5,2.5,1.5,0.5,0.5,synthetic,synthetic,synthetic,synthetic,synthetic,0.0,0.0,0.0,0.0,0.0,-110.0,-110.0,-110.0,-110.0,-110.0,-110.0,-110.0,-110.0,-110.0,-110.0,0.0,0.0,0.0,0.0,0.0,2026-08-07T03:26:40.888653+00:00,-0.6670239448357435,-1.243236388325473,-0.5958818677860436,-0.34673541486682796,-0.29831566298349377,1.2,2.2,1.4,0.2,0.4,0.0,0.0,1.0,0.0,0.0,batter_pitcher_profile_network_v2,1.0,1.0,0.2610416561134104,1.0,0.8367723971261073,0.5132243767806266,-0.31257414497487684,-0.1111111111111111,51.0,18.087354587476906,-0.04956997073305303,-0.1886020629684983,-0.01886020629684983,0.46825822649572646,-0.27650389813687487,-0.1111111111111111,51.0,17.955272391075347,-0.13320350629253647,-0.36553992703420624,-0.058486388325472996,0.5822908653846153,-0.2993232792853635,-0.1111111111111111,51.0,17.560839237955385,-0.0776616141659269,-0.2765149067412809,-0.013825745337064044,0.26281412037037044,-0.2426970799550567,-0.09876543209876543,51.0,17.46442744833069,-0.3840090513723108,-0.4934165946731188,-0.012335414866827972,0.42889745370370375,-0.30068781752490176,-0.08148148148148147,51.0,17.31702171270228,0.010910172831955108,-0.1384923422419045,-0.008309540534514269
2026-07-05,Sam_Antonacci,803011,hitter,CWS,CLE,2026,824413,74,145,114,0,676440.0,Tanner_Bibee,0.0,0.0,0.0,0.0,1.0,5.0,5.0,0.0,1.0,1.0,0.11904761904761904,0.0,0.0,0.0,0.0,10.0,2.544642857142857,6.294642857142858,2.8010204081632666,1.08,0.0,80.0,0,1.0,-0.4999999999999997,-0.8660254037844388,-0.7818314824680299,0.6234898018587334,0.5,1.5,0.5,0.5,0.5,0.5,1.5,0.5,0.5,0.5,synthetic,synthetic,synthetic,synthetic,synthetic,0.0,0.0,0.0,0.0,0.0,-110.0,-110.0,-110.0,-110.0,-110.0,-110.0,-110.0,-110.0,-110.0,-110.0,0.0,0.0,0.0,0.0,0.0,2026-08-07T03:26:40.888653+00:00,0.5057559715537872,-0.26702678074392017,0.13336437342305252,-0.3431496436357491,-0.23975158471482455,1.0,2.0,1.0,0.2,0.4,0.0,0.0,0.0,0.0,0.0,batter_pitcher_profile_network_v2,1.0,1.0,0.416871567664095,1.0,0.8176832329611483,0.4655768518518517,0.21490387569419828,-0.01111111111111112,51.0,18.850953709237757,-0.09047012815338211,0.05047298084399506,0.005047298084399507,0.4297972222222221,0.349300097483162,-0.05432098765432099,51.0,17.929507326979465,-0.17302731791571316,-0.210479879649501,-0.03367678074392016,0.5428958333333331,0.21582323348694316,-0.1111111111111111,51.0,19.07410989795736,-0.058342739403351884,-0.06873293970221672,-0.0034366469851108365,0.25662893518518526,0.4997369254401512,-0.09876543209876543,51.0,16.507555813360238,-0.35480122497480615,-0.34998574542996497,-0.008749643635749125,0.3952643518518518,0.2843738607270866,-0.08148148148148147,51.0,18.424679230303294,0.016180907897886364,0.019956581283534044,0.0011973948770120427
2026-07-07,Sam_Antonacci,803011,hitter,CWS,BOS,2026,824579,75,145,111,1,801139.0,Payton_Tolle,3.0,3.0,0.0,0.0,0.0,4.0,4.0,0.0,1.0,5.0,0.12121212121212122,0.6675,0.6675,0.0,0.0,65.0,7.5,9.0,3.802443609022556,1.08,-8.0,80.0,0,2.0,-0.4999999999999997,-0.8660254037844388,0.7818314824680298,0.6234898018587336,0.5,1.5,0.5,0.5,0.5,0.5,1.5,0.5,0.5,0.5,synthetic,synthetic,synthetic,synthetic,synthetic,0.0,0.0,0.0,0.0,0.0,-110.0,-110.0,-110.0,-110.0,-110.0,-110.0,-110.0,-110.0,-110.0,-110.0,0.0,0.0,0.0,0.0,0.0,2026-08-07T03:26:40.888653+00:00,0.26953156354396046,-0.22284408109312404,0.25293534852757404,-0.3451063778570409,0.3055005659842073,0.8,1.6,0.6,0.2,0.6,0.0,0.0,0.0,0.0,1.0,batter_pitcher_profile_network_v2,1.0,0.65,0.6065465544619744,0.0,0.6792037306009653,0.4015416666666669,-0.19925563648290248,0.0,52.0,20.76053629447046,-0.06590220517574023,-0.03147998998760029,-0.0031479989987600295,0.3762083333333336,-0.17489304728756494,0.0,52.0,20.529782404362457,-0.1670444892811394,-0.2764544841047532,-0.044232717456760516,0.5011458333333336,-0.10101311325286724,0.0,52.0,20.793040268346694,-0.13586457433834953,-0.15578209301653045,-0.007789104650826523,0.24451041666666679,-0.12422706368100754,0.0,52.0,20.07457427818455,-0.41630404019601813,-0.4282551142816351,-0.010706377857040879,0.346229166666667,-0.11857800396324977,0.0,52.0,20.438115525955038,-0.032174917339315524,-0.040284483539584096,-0.002417069012375046
2026-07-08,Sam_Antonacci,803011,hitter,CWS,BOS,2026,824578,76,145,111,1,687562.0,Jake_Bennett,1.0,1.0,0.0,0.0,0.0,3.0,2.0,1.0,0.0,5.0,0.0967741935483871,0.5266666666666667,0.5266666666666667,0.0,0.0,63.20000000000001,1.2562929061784895,8.26887871853547,3.748872180451128,1.08,8.0,83.0,0,1.0,-0.4999999999999997,-0.8660254037844388,0.9749279121818236,-0.22252093395631434,0.5,1.5,0.5,0.5,0.5,0.5,1.5,0.5,0.5,0.5,synthetic,synthetic,synthetic,synthetic,synthetic,0.0,0.0,0.0,0.0,0.0,-110.0,-110.0,-110.0,-110.0,-110.0,-110.0,-110.0,-110.0,-110.0,-110.0,0.0,0.0,0.0,0.0,0.0,2026-08-07T03:26:40.888653+00:00,0.8444626561340398,-0.14289226269902056,0.015460604924911081,-0.48501622710077796,-0.06206111082042509,1.0,1.2,0.4,0.0,0.4,3.0,3.0,0.0,0.0,0.0,batter_pitcher_profile_network_v2,1.0,0.45,0.7525000000000001,0.0,0.6160184375,0.5528677056416882,0.24070202595654921,0.0,52.0,20.158999898049874,-0.10522900694060867,0.03293640326639109,0.0032936403266391094,0.49733155684754526,0.047136778611476,0.0,52.0,21.204847510064567,-0.19645003879386555,-0.28887301283662153,-0.04621968205385945,0.6570433624031009,0.06718700902692351,0.0,52.0,21.17715007999528,-0.13762892534000853,-0.12670309270559635,-0.006335154635279817,0.264880787037037,-0.08080758555037368,0.0,52.0,20.465885625065024,-0.4193515007584808,-0.4246490840311194,-0.010616227100777986,0.4689432870370372,0.09840208609821446,0.0,52.0,20.863210985961732,-0.02214277048492963,-0.005186190931413162,-0.0003111714558847897
2026-07-09,Sam_Antonacci,803011,hitter,CWS,BOS,2026,824577,77,145,111,1,663776.0,Patrick_Sandoval,0.0,0.0,0.0,0.0,0.0,4.0,4.0,0.0,1.0,6.0,0.11428571428571428,0.0,0.0,0.0,0.0,10.0,4.1,8.2,3.748872180451128,1.08,8.0,80.0,0,1.0,-0.4999999999999997,-0.8660254037844388,0.43388373911755823,-0.900968867902419,0.5,0.5,0.5,0.5,0.5,0.5,0.5,0.5,0.5,0.5,synthetic,synthetic,synthetic,synthetic,synthetic,0.0,0.0,0.0,0.0,0.0,-110.0,-110.0,-110.0,-110.0,-110.0,-110.0,-110.0,-110.0,-110.0,-110.0,0.0,0.0,0.0,0.0,0.0,2026-08-07T03:26:40.888653+00:00,0.4403548872180453,0.10817793686325528,-0.39165252073913637,-0.4848771131848874,-0.3364974324724984,0.8,0.8,0.2,0.0,0.2,1.0,1.0,0.0,0.0,0.0,batter_pitcher_profile_network_v2,1.0,0.0,1.0,0.0,0.5,0.6450619212962962,0.0,0.0,52.0,21.40446994214297,-0.1156526007768998,0.0,0.0,0.5750659722222221,0.0,0.0,52.0,21.290072296927878,-0.20530026306976945,-0.3079503946046542,-0.04927206313674467,0.7362499999999998,0.0,0.0,52.0,21.247511476800437,-0.1569225952338548,-0.1569225952338548,-0.00784612976169274,0.2845844907407408,0.0,0.0,52.0,20.72762976654968,-0.41908452739549706,-0.41908452739549706,-0.010477113184887428,0.5554525462962963,0.0,0.0,52.0,20.98869841849107,-0.029800922112329917,-0.022350691584247438,-0.0013410414950548461
2026-07-10,Sam_Antonacci,803011,hitter,CWS,ATH,2026,824575,78,145,133,1,682052.0,Jacob_Lopez,1.0,1.0,1.0,0.0,1.0,5.0,4.0,1.0,0.0,1.0,0.11627906976744186,0.316,0.316,0.0,0.0,37.92,15.142857142857144,10.428571428571429,4.795467032967033,1.08,12.0,77.0,0,1.0,-0.4999999999999997,-0.8660254037844388,-0.433883739117558,-0.9009688679024191,0.5,0.5,0.5,0.5,0.5,0.5,0.5,0.5,0.5,0.5,synthetic,synthetic,synthetic,synthetic,synthetic,0.0,0.0,0.0,0.0,0.0,-110.0,-110.0,-110.0,-110.0,-110.0,-110.0,-110.0,-110.0,-110.0,-110.0,0.0,0.0,0.0,0.0,0.0,2026-08-07T03:26:40.888653+00:00,0.22858459370568518,0.1385227075204759,-0.22370449484086974,-0.48152842622005415,-0.17796844080932367,0.8,0.8,0.0,0.0,0.2,0.0,0.0,0.0,0.0,0.0,batter_pitcher_profile_network_v2,1.0,0.6,0.6169571799701263,0.0,0.6646536472721958,0.5293217355643047,0.4371948160441577,0.0,51.0,18.078407644139126,-0.08091879388356239,0.08864251257435725,0.008864251257435726,0.4704478237095364,0.5619783811438377,0.0,51.0,16.885341530318282,-0.16461311128514158,-0.14565022915981612,-0.02330403666557058,0.6118096292650921,0.8135663969921293,0.0,51.0,13.306980444606102,-0.001448191940902488,0.18921051207603687,0.009460525603801844,0.2159631944444444,0.7349778581312854,0.0,51.0,14.912891614116607,-0.3459367331586733,-0.28513704880216784,-0.007128426220054196,0.44445625,0.7699846326964528,0.0,51.0,14.097164986401628,-0.0033594745250663765,0.12856702493021727,0.007714021495813035
2026-07-12,Sam_Antonacci,803011,hitter,CWS,ATH,2026,824574,79,145,133,1,669372.0,JT_Ginn,1.0,4.0,1.0,1.0,1.0,5.0,4.0,0.0,1.0,1.0,0.13513513513513514,0.5640000000000001,0.5640000000000001,0.75,30.0,65.0,3.500000000000005,7.5,6.229207634470792,1.08,-9.0,83.0,0,2.0,-0.4999999999999997,-0.8660254037844388,-0.7818314824680299,0.6234898018587334,0.5,0.5,0.5,0.5,0.5,0.5,0.5,0.5,0.5,0.5,synthetic,synthetic,synthetic,synthetic,synthetic,0.0,0.0,0.0,0.0,0.0,-110.0,-110.0,-110.0,-110.0,-110.0,-110.0,-110.0,-110.0,-110.0,-110.0,0.0,0.0,0.0,0.0,0.0,2026-08-07T03:26:40.888653+00:00,0.7467521637017538,1.4071938304386233,0.26071327428396085,-0.22254417107633923,0.27269733315328826,1.0,1.0,0.2,0.0,0.4,1.0,1.0,1.0,0.0,1.0,batter_pitcher_profile_network_v2,1.0,1.0,0.3870536447642326,0.0,0.8025859285163814,0.6196563657407409,-0.22286548893692976,0.0,51.0,20.682157217952735,-0.08540766200738564,-0.08464790325726704,-0.008464790325726704,0.5403104166666667,-0.15916398516026092,0.0,51.0,20.691441766381022,-0.1766241476287734,-0.31764835705590166,-0.050823737128944266,0.6936666666666667,-0.028647474913761205,0.0,51.0,21.034117691259652,-0.10716720777620084,-0.1193475541969805,-0.005967377709849025,0.2263039351851852,-0.059777302917270236,0.0,51.0,20.417102237280343,-0.41747500351483313,-0.4257668430535708,-0.01064417107633927,0.5008803240740742,-0.10995783316921293,0.0,51.0,20.523483369344376,-0.08569911019479784,-0.09803279148617289,-0.005881967489170373
2026-07-17,Sam_Antonacci,803011,hitter,CWS,TOR,2026,822789,80,145,141,0,693686.0,Spencer_Miles,2.0,5.0,2.0,1.0,2.0,5.0,5.0,0.0,0.0,1.0,0.11363636363636363,0.5980000000000001,0.5980000000000001,0.6,30.0,65.0,1.5,7.25,4.740876229034123,1.08,0.0,68.0,0,5.0,-0.4999999999999997,-0.8660254037844388,-0.433883739117558,-0.9009688679024191,1.5,1.5,0.5,0.5,0.5,1.5,1.5,0.5,0.5,0.5,synthetic,synthetic,synthetic,synthetic,synthetic,0.0,0.0,0.0,0.0,0.0,-110.0,-110.0,-110.0,-110.0,-110.0,-110.0,-110.0,-110.0,-110.0,-110.0,0.0,0.0,0.0,0.0,0.0,2026-08-07T03:26:40.888653+00:00,-0.24677744686679848,1.1626973445014324,0.3139187991465212,-0.019224593714429083,0.1908105848845102,1.2,1.8,0.4,0.2,0.4,1.0,4.0,1.0,1.0,1.0,batter_pitcher_profile_network_v2,1.0,0.15,0.7652253283269472,0.0,0.5384389845919924,0.5287249763050457,0.8573224637681159,0.0,51.0,12.008311641410575,-0.05210081707954151,0.10642049426382018,0.010642049426382019,0.4861894903762034,0.5296865942028985,0.0,51.0,17.760851672391453,-0.136738895541747,-0.14464727868422772,-0.023143564589476435,0.626913795931759,0.41534722222222215,0.0,51.0,19.339220434484744,-0.020268859567256523,0.04086339025993645,0.0020431695129968226,0.2575539351851853,0.19911594202898547,0.0,51.0,20.93383940764265,-0.4050237202337992,-0.39298374857716467,-0.009824593714429118,0.48219282407407443,0.4730555555555555,0.0,51.0,18.596136609509948,-0.03295050278633562,0.028840163274004738,0.0017304097964402842
2026-07-18,Sam_Antonacci,803011,hitter,CWS,TOR,2026,822790,81,145,141,0,669456.0,Shane_Bieber,0.0,0.0,0.0,0.0,0.0,4.0,4.0,0.0,2.0,1.0,0.125,0.0,0.0,0.0,0.0,10.0,7.660714285714285,7.07142857142857,5.3837333718912666,1.08,0.0,68.0,0,1.0,-0.4999999999999997,-0.8660254037844388,-0.9749279121818236,-0.2225209339563146,0.5,2.5,0.5,0.5,0.5,0.5,2.5,0.5,0.5,0.5,synthetic,synthetic,synthetic,synthetic,synthetic,0.0,0.0,0.0,0.0,0.0,-110.0,-110.0,-110.0,-110.0,-110.0,-110.0,-110.0,-110.0,-110.0,-110.0,0.0,0.0,0.0,0.0,0.0,2026-08-07T03:26:40.888653+00:00,0.8128262013048917,-0.4259222535441798,0.43448289258434514,-0.10312255904673867,0.49394201428791307,1.0,2.2,0.8,0.4,0.8,2.0,5.0,2.0,1.0,2.0,batter_pitcher_profile_network_v2,1.0,0.2,0.7077560803407119,0.0,0.5526599760316525,0.6103710648148155,0.8352128126371215,0.0,50.0,12.134325013428896,-0.0957206094303499,0.14898295000669484,0.014898295000669484,0.5952375000000005,0.870510366388767,0.0,50.0,12.186535712789846,-0.1970872100754062,-0.14420158465112423,-0.02307225354417988,0.7083645833333341,0.9159156976744186,0.0,50.0,11.724310956717764,-0.008684030359135791,0.1809244797956359,0.009046223989781796,0.3923780092592592,0.878867924528302,0.0,50.0,12.804934030446322,-0.4496822236005984,-0.34890236186954704,-0.008722559046738677,0.6092252314814821,0.953779069767442,0.0,50.0,11.251771415819393,-0.07629865436059086,0.11258909488916029,0.006755345693349617
2026-07-19,Sam_Antonacci,803011,hitter,CWS,TOR,2026,822786,82,145,141,0,702056.0,Trey_Yesavage,0.0,0.0,0.0,0.0,0.0,4.0,4.0,0.0,1.0,1.0,0.11764705882352941,0.0,0.0,0.0,0.0,10.0,8.65,6.650000000000001,3.937304800462695,1.08,3.0,68.0,0,1.0,-0.4999999999999997,-0.8660254037844388,-0.7818314824680299,0.6234898018587334,0.5,1.5,0.5,0.5,0.5,0.5,1.5,0.5,0.5,0.5,synthetic,synthetic,synthetic,synthetic,synthetic,0.0,0.0,0.0,0.0,0.0,-110.0,-110.0,-110.0,-110.0,-110.0,-110.0,-110.0,-110.0,-110.0,-110.0,0.0,0.0,0.0,0.0,0.0,2026-08-07T03:26:40.888653+00:00,0.32748312173684646,-0.2880717828352404,0.062494053118802406,-0.2083540944654042,0.07929984483229491,0.8,2.0,0.8,0.4,0.8,0.0,0.0,0.0,0.0,0.0,batter_pitcher_profile_network_v2,1.0,0.7,0.5260236327503345,0.0,0.6998934734916589,0.49674763597258687,-0.2909468894544077,0.0,51.0,20.496350119879267,-0.07878519646173608,-0.06850246752249549,-0.006850246752249549,0.5109194116360456,-0.24116552147020734,0.0,51.0,20.515333255368986,-0.1827005185091878,-0.3324523191908395,-0.053192371070534324,0.6130437171916014,0.0952775699727421,0.0,51.0,21.362731550016708,-0.054814255690159366,-0.02712962043958512,-0.001356481021979256,0.3835483796296295,-0.09527524815831026,0.0,51.0,20.70732708510557,-0.5408434180382278,-0.558163778616168,-0.0139540944654042,0.5592706018518522,-0.03953821244955155,0.0,51.0,21.161483714625867,-0.13976636709698337,-0.11530560612184136,-0.006918336367310481
2026-07-20,Sam_Antonacci,803011,hitter,CWS,TEX,2026,822874,83,145,140,0,594798.0,Jacob_deGrom,2.0,2.0,2.0,0.0,1.0,5.0,3.0,1.0,0.0,1.0,0.11363636363636363,0.6174999999999999,0.6174999999999999,0.0,0.0,65.0,3.057142857142857,12.057142857142857,8.078571428571431,1.08,0.0,74.0,0,1.0,-0.4999999999999997,-0.8660254037844388,0.0,1.0,0.5,1.5,0.5,0.5,0.5,0.5,1.5,0.5,0.5,0.5,synthetic,synthetic,synthetic,synthetic,synthetic,0.0,0.0,0.0,0.0,0.0,-110.0,-110.0,-110.0,-110.0,-110.0,-110.0,-110.0,-110.0,-110.0,-110.0,0.0,0.0,0.0,0.0,0.0,2026-08-07T03:26:40.888653+00:00,0.24265451374628755,-0.011785338100851916,0.5977658095878358,-0.20811707560653042,0.46715965811382787,0.8,2.0,0.8,0.4,0.8,0.0,0.0,0.0,0.0,0.0,batter_pitcher_profile_network_v2,1.0,0.95,0.3761981309597175,0.0,0.7887199425095628,0.42991875000000046,-0.33844864088680704,0.0,51.0,20.321677662837658,-0.05842360139873662,-0.09076655084881434,-0.009076655084881435,0.45093472222222253,-0.16383356510564043,0.0,51.0,21.29334891896041,-0.17928160585110406,-0.3150077949485054,-0.05040124719176087,0.5356979166666671,-0.14343981033091194,0.0,51.0,21.22407076569421,-0.10645841059650257,-0.15439160045107814,-0.007719580022553907,0.365029861111111,0.0062405874367325205,0.0,51.0,21.289296827981914,-0.5501040453962737,-0.5486830242612154,-0.013717075606530385,0.46783541666666695,-0.10197441485068595,0.0,51.0,21.244586925579217,-0.1082152203399981,-0.11092128251845543,-0.006655276951107326
2026-07-21,Sam_Antonacci,803011,hitter,CWS,TEX,2026,822871,84,145,140,0,677958.0,Kumar_Rocker,0.0,0.0,0.0,0.0,0.0,4.0,3.0,1.0,2.0,1.0,0.11764705882352941,0.1725,0.1725,0.0,0.0,20.7,5.782805429864254,8.445701357466064,8.704945054945055,1.08,0.0,74.0,0,1.0,-0.4999999999999997,-0.8660254037844388,0.7818314824680298,0.6234898018587336,0.5,2.5,0.5,0.5,0.5,0.5,2.5,0.5,0.5,0.5,synthetic,synthetic,synthetic,synthetic,synthetic,0.0,0.0,0.0,0.0,0.0,-110.0,-110.0,-110.0,-110.0,-110.0,-110.0,-110.0,-110.0,-110.0,-110.0,0.0,0.0,0.0,0.0,0.0,2026-08-07T03:26:40.888653+00:00,0.8885706562936153,-0.7897903196552924,0.8101370685812121,-0.20687761157536877,0.5397978883593502,1.0,2.2,1.0,0.4,0.8,2.0,2.0,2.0,0.0,1.0,batter_pitcher_profile_network_v2,1.0,0.85,0.4041065015902135,0.0,0.7554224105219189,0.5136790343915345,0.30437133186100573,0.0,52.0,20.63735237040823,-0.0814288006504528,0.0931674549852785,0.00931674549852785,0.5159857142857144,0.27567816001692114,0.0,52.0,21.304054983301803,-0.20874192420541923,-0.22834942431616695,-0.036535907890586715,0.6120704365079366,0.42845458798261116,0.0,52.0,19.867956178554344,-0.05567929069699644,0.10059043432624208,0.005029521716312105,0.3750594907407406,0.2818672268692889,0.0,52.0,21.300438569875904,-0.5621005232138152,-0.4991044630147493,-0.012477611575368733,0.5218337962962963,0.4210515007031311,0.0,52.0,19.875201001242694,-0.09795665583602906,0.057461573927111514,0.003447694435626691
2026-07-22,Sam_Antonacci,803011,hitter,CWS,TEX,2026,822873,85,145,140,0,641302.0,Tyler_Alexander,0.0,0.0,0.0,0.0,0.0,4.0,4.0,0.0,0.0,1.0,0.10810810810810811,0.0,0.0,0.0,0.0,10.0,21.0,4.5,7.847802197802198,1.08,0.0,74.0,0,1.0,-0.4999999999999997,-0.8660254037844388,0.9749279121818236,-0.22252093395631434,0.5,1.5,0.5,0.5,0.5,0.5,1.5,0.5,0.5,0.5,synthetic,synthetic,synthetic,synthetic,synthetic,0.0,0.0,0.0,0.0,0.0,-110.0,-110.0,-110.0,-110.0,-110.0,-110.0,-110.0,-110.0,-110.0,-110.0,0.0,0.0,0.0,0.0,0.0,2026-08-07T03:26:40.888653+00:00,0.5955072400124306,-0.6672077237904551,0.23464395456176335,-0.3479817012392259,0.11818813446516852,0.8,1.4,0.8,0.2,0.6,0.0,0.0,0.0,0.0,0.0,batter_pitcher_profile_network_v2,1.0,0.15,0.625,0.0,0.541015625,0.4516122685185183,-0.9875000000000002,0.0,52.0,11.29661627008924,-0.008605620293743685,-0.16723766818576385,-0.016723766818576385,0.47009027777777757,-0.9900000000000001,0.0,52.0,10.606784507960942,-0.0916183972687881,-0.3119486115281821,-0.049911777844509134,0.5619895833333333,-1.0,0.0,52.0,10.051087980145946,-0.043501337141256854,-0.25424743089125684,-0.012712371544562843,0.3686817129629628,-0.9900000000000001,0.0,52.0,9.919727807328528,-0.4063949636315352,-0.5432680495690352,-0.01358170123922588,0.4945289351851851,-1.0,0.0,52.0,10.03661002369428,-0.11578243374244462,-0.2722851760012779,-0.01633711056007667
2026-07-24,Sam_Antonacci,803011,hitter,CWS,HOU,2026,824573,86,145,117,1,681293.0,Spencer_Arrighetti,2.0,3.0,1.0,0.0,0.0,5.0,4.0,0.0,1.0,1.0,0.11627906976744186,0.576,0.576,0.25,21.25,65.0,7.1000000000000005,7.1000000000000005,3.293406593406594,1.08,-8.0,76.0,0,2.0,-0.4999999999999997,-0.8660254037844388,-0.433883739117558,-0.9009688679024191,0.5,0.5,0.5,0.5,0.5,0.5,0.5,0.5,0.5,0.5,synthetic,synthetic,synthetic,synthetic,synthetic,0.0,0.0,0.0,0.0,0.0,-110.0,-110.0,-110.0,-110.0,-110.0,-110.0,-110.0,-110.0,-110.0,-110.0,0.0,0.0,0.0,0.0,0.0,2026-08-07T03:26:40.888653+00:00,0.04682829157262913,0.28246167476900363,0.09412466150659227,-0.37236931511942717,-0.18288304108960857,0.4,0.4,0.4,0.0,0.2,0.0,0.0,0.0,0.0,0.0,batter_pitcher_profile_network_v2,1.0,0.8,0.509403402572072,0.0,0.730078466547937,0.5161360780423279,-0.10155567718285777,0.0,51.0,22.704111463767223,-0.06754367836511388,-0.025715380551074515,-0.0025715380551074515,0.5131061507936506,-0.009059559558089,0.0,51.0,22.76732455018248,-0.2000007585699649,-0.30228168385651827,-0.048365069417042925,0.6050054563492062,0.38199844933632965,0.0,51.0,20.776193582196154,-0.04552826335070468,0.0678540785857166,0.00339270392928583,0.3686817129629628,0.16528559959310468,0.0,51.0,22.211432123870118,-0.5736684713118859,-0.5437726047770887,-0.013594315119427217,0.4945289351851851,0.27558211423464973,0.0,51.0,21.615377606474382,-0.09131477935627447,-0.0016259467741653183,-9.755680644991909e-05
2026-07-25,Sam_Antonacci,803011,hitter,CWS,HOU,2026,824571,87,145,117,1,686613.0,Hunter_Brown,0.0,0.0,0.0,0.0,0.0,3.0,3.0,0.0,0.0,1.0,0.09090909090909091,0.0,0.0,0.0,0.0,10.0,8.571428571428571,6.821428571428572,2.8434065934065944,1.08,0.0,78.0,0,1.0,-0.4999999999999997,-0.8660254037844388,-0.9749279121818236,-0.2225209339563146,0.5,0.5,0.5,0.5,0.5,0.5,0.5,0.5,0.5,0.5,synthetic,synthetic,synthetic,synthetic,synthetic,0.0,0.0,0.0,0.0,0.0,-110.0,-110.0,-110.0,-110.0,-110.0,-110.0,-110.0,-110.0,-110.0,-110.0,0.0,0.0,0.0,0.0,0.0,2026-08-07T03:26:40.888653+00:00,0.5617962041625653,0.49415814772987665,-0.015388069523283698,-0.48554309947382773,-0.41165842510054196,0.8,1.0,0.6,0.0,0.2,2.0,3.0,1.0,0.0,0.0,batter_pitcher_profile_network_v2,1.0,0.5,0.6725780742034896,0.0,0.6338045929550362,0.49849858741615627,-0.46389478291316527,0.0,51.0,20.052095245239205,-0.05035875762553966,-0.07571661305300481,-0.0075716613053004814,0.46804226815398065,-0.3751635154061625,0.0,51.0,20.591566302013625,-0.13569055070050415,-0.26102862214281736,-0.04176457954285078,0.5978512959317585,0.08747934173669478,0.0,51.0,22.866965925798567,-0.07420112291632872,-0.05707707478135776,-0.0028538537390678884,0.29342129629629626,-0.23989565826330533,0.0,51.0,21.080416920798935,-0.42267658751475623,-0.4457239789531112,-0.011143099473827781,0.46029976851851834,-0.06433613445378142,0.0,51.0,22.565153485508592,-0.07013491370440354,-0.062297427999377215,-0.0037378456799626327
2026-07-26,Sam_Antonacci,803011,hitter,CWS,HOU,2026,824572,88,145,117,1,669854.0,Ronel_Blanco,2.0,3.0,2.0,0.0,0.0,3.0,2.0,1.0,0.0,1.0,0.07692307692307693,0.9500000000000001,0.9500000000000001,0.5,30.0,65.0,7.7142857142857135,15.428571428571427,1.9862637362637368,1.08,-4.0,90.0,0,1.0,-0.4999999999999997,-0.8660254037844388,-0.7818314824680299,0.6234898018587334,0.5,0.5,0.5,0.5,0.5,0.5,0.5,0.5,0.5,0.5,synthetic,synthetic,synthetic,synthetic,synthetic,0.0,0.0,0.0,0.0,0.0,-110.0,-110.0,-110.0,-110.0,-110.0,-110.0,-110.0,-110.0,-110.0,-110.0,0.0,0.0,0.0,0.0,0.0,2026-08-07T03:26:40.888653+00:00,-0.14061433502461074,1.091491975830718,0.30832956098933273,-0.28428625413660474,-0.18327855998503195,0.8,1.0,0.6,0.0,0.2,0.0,0.0,0.0,0.0,0.0,batter_pitcher_profile_network_v2,1.0,0.05,0.9425,0.0,0.5117271875,0.4521175595238095,-0.30000000000000004,0.0,51.0,21.89462074661702,-0.038694320291113214,-0.007799027901785714,-0.0007799027901785714,0.4249950396825397,0.09999999999999998,0.0,51.0,22.79771748491469,-0.15437091502412398,-0.22911265105801137,-0.03665802416928182,0.5405054563492064,0.7,0.0,51.0,16.52164083879161,-0.04488939955667903,-0.02313405493862348,-0.001156702746931174,0.27956944444444437,0.6,0.0,51.0,18.19224612772186,-0.40509531129752435,-0.39545016546419104,-0.009886254136604777,0.38884375,0.6,0.0,51.0,17.987630269132865,-0.041293151605718253,-0.017554754329288692,-0.0010532852597573215
2026-07-27,Sam_Antonacci,803011,hitter,CWS,NYY,2026,824570,89,145,147,1,608331.0,Max_Fried,0.0,0.0,1.0,0.0,0.0,2.0,2.0,0.0,0.0,1.0,0.04878048780487805,0.0,0.0,0.0,0.0,10.0,5.5,8.700000000000001,2.170686456400742,1.08,0.0,74.0,0,1.0,-0.4999999999999997,-0.8660254037844388,0.0,1.0,0.5,1.5,0.5,0.5,0.5,0.5,1.5,0.5,0.5,0.5,synthetic,synthetic,synthetic,synthetic,synthetic,0.0,0.0,0.0,0.0,0.0,-110.0,-110.0,-110.0,-110.0,-110.0,-110.0,-110.0,-110.0,-110.0,-110.0,0.0,0.0,0.0,0.0,0.0,2026-08-07T03:26:40.888653+00:00,0.3596607227622597,-0.4272051553255898,0.029273499705582906,-0.4824999512948465,-0.5,0.8,1.2,0.6,0.0,0.0,2.0,3.0,2.0,0.0,0.0,batter_pitcher_profile_network_v2,1.0,0.7,0.5237831757014433,0.0,0.7000855926836013,0.5695729166666665,-0.3050452107276407,0.0,51.0,21.850470421059583,-0.059966759937753536,-0.08274052566940701,-0.008274052566940701,0.49774305555555537,-0.41907849081283766,0.0,51.0,20.07715235376454,-0.10512390631411976,-0.25702155005323,-0.041123448008516805,0.6821770833333332,-0.3521440856820278,0.0,51.0,20.273040066486384,-0.11508574680111812,-0.22948475497200826,-0.011474237748600414,0.24831944444444445,-0.4792122767553296,0.0,51.0,18.18374417868517,-0.2673293324599358,-0.32399805179386243,-0.008099951294846561,0.4449895833333332,-0.41624086416978084,0.0,51.0,19.41514517511055,-0.04640264463768011,-0.12300822028000044,-0.007380493216800026
2026-07-28,Sam_Antonacci,803011,hitter,CWS,NYY,2026,824569,90,145,147,1,543037.0,Gerrit_Cole,0.0,0.0,0.0,0.0,0.0,3.0,3.0,0.0,1.0,1.0,0.08333333333333333,0.0,0.0,0.0,0.0,10.0,3.7067669172932334,11.556390977443607,2.3849721706864564,1.08,15.0,73.0,0,1.0,-0.4999999999999997,-0.8660254037844388,0.7818314824680298,0.6234898018587336,0.5,1.5,0.5,0.5,0.5,0.5,1.5,0.5,0.5,0.5,synthetic,synthetic,synthetic,synthetic,synthetic,0.0,0.0,0.0,0.0,0.0,-110.0,-110.0,-110.0,-110.0,-110.0,-110.0,-110.0,-110.0,-110.0,-110.0,0.0,0.0,0.0,0.0,0.0,2026-08-07T03:26:40.888653+00:00,-0.0025949352597349207,-0.8011366601017017,0.0734057480290784,-0.48311699446499595,-0.5,0.8,1.2,0.8,0.0,0.0,0.0,0.0,1.0,0.0,0.0,batter_pitcher_profile_network_v2,1.0,0.65,0.5406966938779711,1.0,0.7031970257499666,0.45659837962962946,-0.10119784638483713,-0.003703703703703715,50.0,22.998025614408174,-0.06241072855922271,-0.024076065483461476,-0.0024076065483461476,0.3683680555555554,0.07635483938185855,-0.04444444444444445,50.0,22.834980625430617,-0.12239840009863054,-0.20491662563563537,-0.032786660101701656,0.5631145833333332,-0.06002574410095786,-0.1111111111111111,50.0,22.673820603027714,-0.09073786747854866,-0.19185721010488688,-0.009592860505244345,0.12169907407407403,0.23655531107997171,-0.09876543209876543,50.0,21.979285401880002,-0.28581867310255243,-0.3486797785998399,-0.008716994464995997,0.2903483796296295,0.026927872251243393,-0.08888888888888889,50.0,22.685372550875684,-0.020329460499753878,-0.08013145759316014,-0.004807887455589608
2026-07-29,Sam_Antonacci,803011,hitter,CWS,NYY,2026,824567,91,145,147,1,693645.0,Cam_Schlittler,1.0,4.0,1.0,1.0,2.0,4.0,4.0,0.0,1.0,1.0,0.08888888888888889,0.525,0.525,0.75,30.0,65.0,2.976923076923077,13.147552447552448,2.5408163265306123,1.08,9.0,75.0,0,1.0,-0.4999999999999997,-0.8660254037844388,0.9749279121818236,-0.22252093395631434,0.5,1.5,0.5,0.5,0.5,0.5,1.5,0.5,0.5,0.5,synthetic,real,real,real,synthetic,0.0,8.0,8.0,6.0,0.0,-110.0,154.43038,212.760463,1049.840459,-110.0,-110.0,-115.0,-331.275168,0.0,-110.0,0.0,0.4629100498862757,0.7071067811865476,0.0,0.0,2026-07-30T00:28:52.112372+00:00,-0.06474910832963293,0.34764297472031136,0.23736064390351763,-0.21906755606383638,-0.4086086234644717,0.8,1.2,0.8,0.0,0.0,0.0,0.0,0.0,0.0,0.0,batter_pitcher_profile_network_v2,1.0,1.0,0.41618548945008854,0.0,0.7990172775423641,0.32312317054958195,-0.46317256565301357,0.0,51.0,20.363856596089704,-0.017544812808520424,-0.08737472346568396,-0.008737472346568397,0.2453259408602151,-0.39740468504453164,0.0,51.0,20.552455055178953,-0.07173656707278428,-0.1645230746647201,-0.026323691946355216,0.4556280241935485,-0.4044854906397912,0.0,51.0,19.845319028235032,-0.07600939707407767,-0.18360344846025806,-0.009180172423012903,0.03908912037037039,-0.3519840875602549,0.0,51.0,20.03643802480758,-0.2786696856097396,-0.28670224255345617,-0.007167556063836404,0.18039467592592603,-0.38695884843154527,0.0,51.0,20.01162426806573,-0.04972381641317526,-0.07804621873892756,-0.004682773124335653
2026-07-30,Sam_Antonacci,803011,hitter,CWS,NYY,2026,824568,92,145,147,1,677960.0,Ryan_Weathers,1.0,1.0,0.0,0.0,0.0,2.0,2.0,0.0,1.0,4.0,0.047619047619047616,0.445,0.445,0.0,0.0,53.4,4.306197478991597,10.295168067226891,3.312244897959183,1.08,0.0,84.0,0,1.0,-0.4999999999999997,-0.8660254037844388,0.43388373911755823,-0.900968867902419,0.5,1.5,0.5,0.5,0.5,0.5,1.5,0.5,0.5,0.5,synthetic,synthetic,synthetic,synthetic,synthetic,0.0,0.0,0.0,0.0,0.0,-110.0,-110.0,-110.0,-110.0,-110.0,-110.0,-110.0,-110.0,-110.0,-110.0,0.0,0.0,0.0,0.0,0.0,2026-08-07T03:26:40.888653+00:00,0.1033939797749982,0.07129617778872155,0.2996451723149024,-0.2401958551010534,0.15095649181908988,0.6,1.4,0.8,0.2,0.4,1.0,4.0,1.0,1.0,2.0,batter_pitcher_profile_network_v2,1.0,1.0,0.4042001587714643,1.0,0.8192354805504957,0.2090270683990441,0.006090208553056918,0.007407407407407405,50.0,22.97194422027499,-0.0031238051901877565,0.0059592055130876665,0.0005959205513087667,0.10120631720430097,0.06231406910942519,0.03950617283950618,50.0,22.927239408619513,-0.044345755831673314,-0.035023888820490456,-0.0056038222112784735,0.3443209005376342,0.11906566983068537,0.06666666666666668,50.0,22.65711398674271,-0.06057400975222599,0.010658548338863288,0.0005329274169431644,-0.05466087962962958,0.104967577881355,-0.09876543209876543,50.0,22.58072300170557,-0.16249098632502776,-0.23183420404213712,-0.005795855101053429,0.04404050925925916,0.16334198562015906,-0.0962962962962963,50.0,22.384946406075844,0.014303691493594447,-0.052595884647822694,-0.0031557530788693614
2026-07-31,Sam_Antonacci,803011,hitter,CWS,TB,2026,822945,93,145,139,0,607259.0,Nick_Martinez,1.0,1.0,1.0,0.0,0.0,5.0,5.0,0.0,0.0,1.0,0.13513513513513514,0.178,0.178,0.0,0.0,21.36,0.5000000000000006,5.5,2.0571428571428565,1.08,0.0,72.0,0,1.0,-0.4999999999999997,-0.8660254037844388,-0.433883739117558,-0.9009688679024191,0.5,1.5,0.5,0.5,0.5,0.5,1.5,0.5,0.5,0.5,synthetic,synthetic,synthetic,synthetic,synthetic,0.0,0.0,0.0,0.0,0.0,-110.0,-110.0,-110.0,-110.0,-110.0,-110.0,-110.0,-110.0,-110.0,-110.0,0.0,0.0,0.0,0.0,0.0,2026-08-07T03:26:40.888653+00:00,0.502932891037986,-0.25766523092490234,0.0809843589004332,-0.3386764224378572,-0.20793533261072672,0.8,1.6,0.8,0.2,0.4,1.0,1.0,0.0,0.0,0.0,batter_pitcher_profile_network_v2,1.0,1.0,0.3536655158444665,0.0,0.8066759743090528,0.28057735655737676,0.1065285526446308,0.0,51.0,23.53920823856086,-0.03651036860454199,0.019318614369564464,0.0019318614369564465,0.16260712659380672,0.01591257387733111,0.0,51.0,24.078173658880456,-0.05937658647201431,-0.08739249057793816,-0.013982798492470106,0.4298119877049178,-0.31228117391424487,0.0,51.0,22.024604989160014,-0.08910865325746602,-0.17586108453959645,-0.008793054226979824,-0.03858680555555552,-0.06854170730660121,0.0,51.0,23.519850863565605,-0.16934746849488638,-0.1710568975142879,-0.004276422437857198,0.13001041666666666,-0.2595058920255909,0.0,51.0,22.48747333923874,-0.017844760523206167,-0.0351899064464747,-0.002111394386788482
2026-08-01,Sam_Antonacci,803011,hitter,CWS,TB,2026,822944,94,145,139,0,656876.0,Drew_Rasmussen,0.0,0.0,0.0,0.0,0.0,4.0,3.0,1.0,2.0,1.0,0.125,0.1725,0.1725,0.0,0.0,20.7,1.2,11.357142857142856,1.6285714285714281,1.08,0.0,72.0,0,1.0,-0.8660254037844385,-0.5000000000000004,-0.9749279121818236,-0.2225209339563146,0.5,1.5,0.5,0.5,0.5,0.5,1.5,0.5,0.5,0.5,synthetic,synthetic,synthetic,synthetic,synthetic,0.0,0.0,0.0,0.0,0.0,-110.0,-110.0,-110.0,-110.0,-110.0,-110.0,-110.0,-110.0,-110.0,-110.0,0.0,0.0,0.0,0.0,0.0,2026-08-07T03:26:40.888653+00:00,0.03655655027339999,-0.5160931970685388,0.0583286767025174,-0.33889043619526915,-0.23679312742119146,0.6,1.2,0.6,0.2,0.4,1.0,1.0,1.0,0.0,0.0,batter_pitcher_profile_network_v2,1.0,1.0,0.40393761740250483,0.0,0.8005176418681932,0.2511872836976324,-0.2368255907319759,0.0,51.0,24.12046299208823,-0.0003784694057825325,-0.03545830678980946,-0.0035458306789809464,0.1330655965391623,-0.20164084952451117,0.0,51.0,24.083166318096236,-0.03462200516315424,-0.06792623167836724,-0.01086819706853876,0.3910537909836069,-0.24128604602813042,0.0,51.0,23.350075380840238,-0.06825593784534867,-0.12449789452108116,-0.006224894726054059,-0.05263125000000008,-0.1302356672921649,0.0,51.0,23.818923257911653,-0.1755317584967286,-0.17961744781076566,-0.0044904361952691416,0.069882638888889,-0.20502797845030202,0.0,51.0,23.569753542374453,0.10090489658494463,0.06713835250395193,0.004028301150237116
2026-08-02,Sam_Antonacci,803011,hitter,CWS,TB,2026,822943,95,145,139,0,643377.0,Griffin_Jax,0.0,0.0,1.0,0.0,0.0,5.0,5.0,0.0,0.0,1.0,0.125,0.0,0.0,0.0,0.0,10.0,5.229411764705882,11.394117647058826,0.9857142857142852,1.08,0.0,72.0,0,1.0,-0.8660254037844385,-0.5000000000000004,-0.7818314824680299,0.6234898018587334,0.5,1.5,0.5,0.5,0.5,0.5,1.5,0.5,0.5,0.5,synthetic,synthetic,synthetic,synthetic,synthetic,0.0,0.0,0.0,0.0,0.0,-110.0,-110.0,-110.0,-110.0,-110.0,-110.0,-110.0,-110.0,-110.0,-110.0,0.0,0.0,0.0,0.0,0.0,2026-08-07T03:26:40.888653+00:00,-0.12992914430580632,-0.7395801806232649,-0.33614524553507885,-0.3391451021868712,-0.3207988847803842,0.6,1.2,0.4,0.2,0.4,0.0,0.0,0.0,0.0,0.0,batter_pitcher_profile_network_v2,1.0,0.85,0.44468552207266443,0.0,0.7511971200141838,0.22382908762420964,-0.19859925692701288,0.0,51.0,24.72609767457001,-0.033891383141815445,-0.024685000481030433,-0.0024685000481030435,0.11994871273712741,-0.1337733602062787,0.0,51.0,24.83368476971034,-0.0637687231956937,-0.10456362889540564,-0.016730180623264902,0.38574593495934967,-0.1298807824403646,0.0,51.0,24.48048839094049,-0.08579739472238199,-0.11361919641586163,-0.005680959820793082,-0.04866828703703701,-0.0789763856839857,0.0,51.0,24.45510817839487,-0.1876696555319802,-0.18980408747484825,-0.004745102186871207,0.09900185185185197,-0.1221989883851629,0.0,51.0,24.446998614240567,0.09596644769687711,0.06525668223169132,0.003915400933901479
2026-08-04,Sam_Antonacci,803011,hitter,CWS,BOS,2026,824731,96,145,111,0,663776.0,Patrick_Sandoval,0.0,0.0,0.0,0.0,0.0,2.0,2.0,0.0,0.0,7.0,0.05555555555555555,0.0,0.0,0.0,0.0,10.0,3.6,9.128571428571428,1.4538461538461542,1.08,2.0,82.0,0,2.0,-0.8660254037844385,-0.5000000000000004,0.7818314824680298,0.6234898018587336,0.5,1.5,0.5,0.5,0.5,0.5,1.5,0.5,0.5,0.5,synthetic,synthetic,synthetic,synthetic,synthetic,0.0,0.0,0.0,0.0,0.0,-110.0,-110.0,-110.0,-110.0,-110.0,-110.0,-110.0,-110.0,-110.0,-110.0,0.0,0.0,0.0,0.0,0.0,2026-08-07T03:26:40.888653+00:00,-0.05914950315666695,-0.8316536092878305,-0.19759250197008377,-0.3416825119124555,-0.3828984835388334,0.6,1.2,0.6,0.2,0.4,0.0,0.0,1.0,0.0,0.0,batter_pitcher_profile_network_v2,1.0,0.2,0.7503034654986487,1.0,0.5703675650952832,0.16740501355013554,0.11405126635909994,-0.09999999999999999,52.0,24.963411817600146,-0.03539836805860899,-0.08274777881941815,-0.008274777881941815,0.07269315718157185,0.09504409895490068,-0.10617283950617284,52.0,25.377526725768675,-0.07658136499798716,-0.20606422471560673,-0.03297027595449708,0.32649593495934964,-0.02926975253428736,-0.1111111111111111,52.0,25.41700040891029,-0.1210708980807598,-0.22069619324783057,-0.01103480966239153,-0.05900902777777776,-0.025086714998587636,-0.09876543209876543,52.0,25.274761870349636,-0.20449610102862342,-0.2913004764982208,-0.007282511912455519,0.04257777777777785,0.031345557543232046,-0.07407407407407407,52.0,25.335402002586076,0.0876765251151526,0.0012645905920924683,7.58754355255481e-05
2026-08-05,Sam_Antonacci,803011,hitter,CWS,BOS,2026,824728,97,145,111,0,543243.0,Sonny_Gray,1.0,1.0,0.0,0.0,0.0,4.0,3.0,0.0,0.0,1.0,0.11764705882352941,0.40249999999999997,0.40249999999999997,0.0,0.0,48.3,5.214285714285714,6.442857142857143,1.4538461538461542,1.08,4.0,84.0,0,1.0,-0.8660254037844385,-0.5000000000000004,0.9749279121818236,-0.22252093395631434,0.5,0.5,0.5,0.5,0.5,0.5,0.5,0.5,0.5,0.5,synthetic,synthetic,synthetic,synthetic,synthetic,0.0,0.0,0.0,0.0,0.0,-110.0,-110.0,-110.0,-110.0,-110.0,-110.0,-110.0,-110.0,-110.0,-110.0,0.0,0.0,0.0,0.0,0.0,2026-08-07T03:26:40.888653+00:00,0.04735540106895397,-0.05216037223303327,-0.09877684002697962,-0.4792965813146694,-0.4584071761948291,0.4,0.4,0.4,0.0,0.0,0.0,0.0,0.0,0.0,0.0,batter_pitcher_profile_network_v2,1.0,1.0,0.3331904610312999,0.0,0.8091841685236658,0.07638457827575482,-0.130253176591009,0.0,52.0,25.365750677044208,0.024543338331109856,-0.006634310792901418,-0.0006634310792901419,-0.005240219421101717,-0.14490509758717818,0.0,52.0,25.18579710269795,-0.026353947623188143,-0.0400372529270465,-0.00640596046832744,0.20384033613445388,-0.3000384713550456,0.0,52.0,23.5564263749215,-0.03580680344067179,-0.07658883673868641,-0.0038294418369343207,-0.07937939814814815,-0.17968682209910875,0.0,52.0,24.274461177445016,-0.1863522602085215,-0.19586325258677711,-0.004896581314669428,-0.0744592592592592,-0.2840871879132524,0.0,52.0,23.652146894838598,0.08097495843269578,0.046626248939876894,0.0027975749363926133
