Date,Player,Player_MLBAM_ID,Player_Type,Team,Opponent,Season,Game_ID,Game_Index,Team_ID,Opponent_ID,Is_Home,Opp_Starter_ID,Opp_Starter_Player,H,TB,R,HR,RBI,PA,AB,BB,SO,Batting_Order,Team_PA_share,wOBA,xwOBA,ISO,Barrel%,HardHit%,Opp_Pitcher_ERA_3,Opp_Pitcher_K9_3,Opp_Bullpen_ERA_7,Park_Factor,Wind_Out_MPH,Temp_F,Did_Not_Play,Rest_Days,Month_sin,Month_cos,DayOfWeek_sin,DayOfWeek_cos,Market_H,Market_TB,Market_R,Market_HR,Market_RBI,Synthetic_Market_H,Synthetic_Market_TB,Synthetic_Market_R,Synthetic_Market_HR,Synthetic_Market_RBI,Market_Source_H,Market_Source_TB,Market_Source_R,Market_Source_HR,Market_Source_RBI,Market_H_books,Market_TB_books,Market_R_books,Market_HR_books,Market_RBI_books,Market_H_over_price,Market_TB_over_price,Market_R_over_price,Market_HR_over_price,Market_RBI_over_price,Market_H_under_price,Market_TB_under_price,Market_R_under_price,Market_HR_under_price,Market_RBI_under_price,Market_H_line_std,Market_TB_line_std,Market_R_line_std,Market_HR_line_std,Market_RBI_line_std,Market_Fetched_At_UTC,H_market_gap,TB_market_gap,R_market_gap,HR_market_gap,RBI_market_gap,H_rolling_avg,TB_rolling_avg,R_rolling_avg,HR_rolling_avg,RBI_rolling_avg,H_lag1,TB_lag1,R_lag1,HR_lag1,RBI_lag1,Matchup_Network_Version,Matchup_Network_Batter_Support,Matchup_Network_Pitcher_Support,Pitcher_Profile_Uncertainty,Batter_Vs_Starter_Games,Matchup_Network_Confidence,Batter_Profile_H_Strength,Pitcher_Profile_H_Vulnerability,Batter_Vs_Starter_H_Lift,Archetype_Neighbor_H_Games,Archetype_Neighbor_H_Effective_Support,Archetype_Neighbor_H_Lift,Matchup_Network_H_Score,Matchup_Network_H_Adjustment,Batter_Profile_TB_Strength,Pitcher_Profile_TB_Vulnerability,Batter_Vs_Starter_TB_Lift,Archetype_Neighbor_TB_Games,Archetype_Neighbor_TB_Effective_Support,Archetype_Neighbor_TB_Lift,Matchup_Network_TB_Score,Matchup_Network_TB_Adjustment,Batter_Profile_R_Strength,Pitcher_Profile_R_Vulnerability,Batter_Vs_Starter_R_Lift,Archetype_Neighbor_R_Games,Archetype_Neighbor_R_Effective_Support,Archetype_Neighbor_R_Lift,Matchup_Network_R_Score,Matchup_Network_R_Adjustment,Batter_Profile_HR_Strength,Pitcher_Profile_HR_Vulnerability,Batter_Vs_Starter_HR_Lift,Archetype_Neighbor_HR_Games,Archetype_Neighbor_HR_Effective_Support,Archetype_Neighbor_HR_Lift,Matchup_Network_HR_Score,Matchup_Network_HR_Adjustment,Batter_Profile_RBI_Strength,Pitcher_Profile_RBI_Vulnerability,Batter_Vs_Starter_RBI_Lift,Archetype_Neighbor_RBI_Games,Archetype_Neighbor_RBI_Effective_Support,Archetype_Neighbor_RBI_Lift,Matchup_Network_RBI_Score,Matchup_Network_RBI_Adjustment
2026-03-03,Taylor_Walls,670764,hitter,TB,PHI,2026,831532,0,139,143,1,660604.0,Alan_Rangel,1.0,1.0,0.0,0.0,1.0,3.0,3.0,0.0,0.0,1.0,0.08823529411764706,0.2966666666666667,0.2966666666666667,0.0,0.0,35.6,4.1,8.2,6.428571428571429,1.0611111111111111,-12.0,82.0,0,2.0,1.0,6.123233995736766e-17,0.7818314824680298,0.6234898018587336,0.5,0.5,0.5,0.5,0.5,0.5,0.5,0.5,0.5,0.5,synthetic,synthetic,synthetic,synthetic,synthetic,0.0,0.0,0.0,0.0,0.0,-110.0,-110.0,-110.0,-110.0,-110.0,-110.0,-110.0,-110.0,-110.0,-110.0,0.0,0.0,0.0,0.0,0.0,2026-08-07T03:26:40.888653+00:00,0.645515406162465,0.377436274509804,-0.1974782913165266,-0.48044444444444445,0.5611932773109245,1.0,1.0,0.0,0.0,1.0,1.0,1.0,0.0,0.0,1.0,,0.0,0.0,1.0,0.0,0.0,0.0,0.0,0.0,0.0,0.0,0.0,0.0,0.0,0.0,0.0,0.0,0.0,0.0,0.0,0.0,0.0,0.0,0.0,0.0,0.0,0.0,0.0,0.0,0.0,0.0,0.0,0.0,0.0,0.0,0.0,0.0,0.0,0.0,0.0,0.0,0.0,0.0,0.0,0.0,0.0
2026-03-04,Taylor_Walls,670764,hitter,TB,NED,2026,831432,1,139,878,1,543833.0,Juan_Carlos_Sulbaran,0.0,0.0,0.0,0.0,0.0,3.0,2.0,1.0,0.0,7.0,0.06521739130434782,0.22999999999999998,0.22999999999999998,0.0,0.0,27.599999999999998,4.1,8.2,3.375,1.0611111111111111,-13.0,83.0,0,1.0,1.0,6.123233995736766e-17,0.9749279121818236,-0.22252093395631434,0.5,0.5,0.5,0.5,0.5,0.5,0.5,0.5,0.5,0.5,synthetic,synthetic,synthetic,synthetic,synthetic,0.0,0.0,0.0,0.0,0.0,-110.0,-110.0,-110.0,-110.0,-110.0,-110.0,-110.0,-110.0,-110.0,-110.0,0.0,0.0,0.0,0.0,0.0,2026-08-07T03:26:40.888653+00:00,0.49420289855072463,0.3223007246376811,-0.47582608695652173,-0.48044444444444445,0.3614456521739131,1.0,1.0,0.0,0.0,1.0,1.0,1.0,0.0,0.0,1.0,batter_pitcher_profile_network_v2,0.03333333333333333,0.0,1.0,0.0,0.016666666666666666,0.34312500000000007,0.0,0.0,0.0,0.0,0.0,0.0,0.0,-0.03874999999999992,0.0,0.0,0.0,0.0,0.0,0.0,0.0,0.44687500000000013,0.0,0.0,0.0,0.0,0.0,0.0,0.0,-0.7829166666666666,0.0,0.0,0.0,0.0,0.0,0.0,0.0,-0.25687499999999996,0.0,0.0,0.0,0.0,0.0,0.0,0.0
2026-03-06,Taylor_Walls,670764,hitter,TB,NYY,2026,831624,2,139,147,0,693645.0,Cam_Schlittler,0.0,0.0,0.0,0.0,0.0,3.0,3.0,0.0,2.0,1.0,0.09375,0.0,0.0,0.0,0.0,10.0,4.1,8.2,2.53125,1.08,0.0,82.0,0,2.0,1.0,6.123233995736766e-17,-0.433883739117558,-0.9009688679024191,0.5,0.5,0.5,0.5,0.5,0.5,0.5,0.5,0.5,0.5,synthetic,synthetic,synthetic,synthetic,synthetic,0.0,0.0,0.0,0.0,0.0,-110.0,-110.0,-110.0,-110.0,-110.0,-110.0,-110.0,-110.0,-110.0,-110.0,0.0,0.0,0.0,0.0,0.0,2026-08-07T03:26:40.888653+00:00,0.026795833333333352,-0.19097499999999995,-0.5,-0.4744,-0.21618749999999992,0.5,0.5,0.0,0.0,0.5,0.0,0.0,0.0,0.0,0.0,batter_pitcher_profile_network_v2,0.06666666666666667,0.0,1.0,0.0,0.03333333333333333,0.15284722222222213,0.0,0.0,0.0,0.0,0.0,0.0,0.0,-0.19708333333333344,0.0,0.0,0.0,0.0,0.0,0.0,0.0,0.0718749999999998,0.0,0.0,0.0,0.0,0.0,0.0,0.0,-0.8273611111111111,0.0,0.0,0.0,0.0,0.0,0.0,0.0,-0.5596527777777779,0.0,0.0,0.0,0.0,0.0,0.0,0.0
2026-03-08,Taylor_Walls,670764,hitter,TB,ATL,2026,831520,3,139,144,1,693821.0,Bryce_Elder,3.0,3.0,2.0,0.0,1.0,4.0,4.0,0.0,0.0,1.0,0.09090909090909091,0.6675,0.6675,0.0,0.0,65.0,0.0,3.0,2.7,1.0611111111111111,0.0,82.0,0,2.0,1.0,6.123233995736766e-17,-0.7818314824680299,0.6234898018587334,0.5,0.5,0.5,0.5,0.5,0.5,0.5,0.5,0.5,0.5,synthetic,synthetic,synthetic,synthetic,synthetic,0.0,0.0,0.0,0.0,0.0,-110.0,-110.0,-110.0,-110.0,-110.0,-110.0,-110.0,-110.0,-110.0,-110.0,0.0,0.0,0.0,0.0,0.0,2026-08-07T03:26:40.888653+00:00,0.166969696969697,-0.006128843349494928,-0.1766350196443603,-0.4805154000833333,-0.12430116664646457,0.3333333333333333,0.3333333333333333,0.0,0.0,0.3333333333333333,0.0,0.0,0.0,0.0,0.0,batter_pitcher_profile_network_v2,0.1,0.05,0.9425,0.0,0.0617271875,-0.49069444444444443,0.35600000000000004,0.0,0.0,0.0,0.0,0.0,0.0,-0.6563888888888889,-0.04399999999999994,0.0,0.0,0.0,0.0,-0.00016606638888888865,-2.6570622222222187e-05,-0.3180555555555556,-0.6066666666666665,0.0,0.0,0.0,0.0,-0.001109483796296296,-5.54741898148148e-05,-0.9073611111111111,-0.5439999999999999,0.0,0.0,0.0,0.0,-0.002838225555555555,-7.095563888888887e-05,-0.726111111111111,-0.5066666666666665,0.0,0.0,0.0,0.0,-0.0021154037037037026,-0.00012692422222222214
2026-03-10,Taylor_Walls,670764,hitter,TB,MIN,2026,831618,4,139,142,1,657746.0,Joe_Ryan,0.0,0.0,0.0,0.0,0.0,2.0,1.0,1.0,0.0,6.0,0.045454545454545456,0.345,0.345,0.0,0.0,41.4,4.1,8.2,5.120604395604396,1.0611111111111111,0.0,85.0,0,2.0,1.0,6.123233995736766e-17,0.7818314824680298,0.6234898018587336,0.5,0.5,0.5,0.5,0.5,0.5,0.5,0.5,0.5,0.5,synthetic,synthetic,synthetic,synthetic,synthetic,0.0,0.0,0.0,0.0,0.0,-110.0,-110.0,-110.0,-110.0,-110.0,-110.0,-110.0,-110.0,-110.0,-110.0,0.0,0.0,0.0,0.0,0.0,2026-08-07T03:26:40.888653+00:00,0.8243090243090245,0.6324696969696972,0.25980294705294715,-0.48044444444444445,0.1199847652347652,1.0,1.0,0.5,0.0,0.5,3.0,3.0,2.0,0.0,1.0,batter_pitcher_profile_network_v2,0.13333333333333333,0.0,1.0,0.0,0.06666666666666667,0.1564883814102562,0.0,0.0,0.0,0.0,0.0,0.0,0.0,-0.1625841346153848,0.0,0.0,0.0,0.0,0.0,0.0,0.0,0.24155649038461519,0.0,0.0,0.0,0.0,0.0,0.0,0.0,-0.7945833333333333,0.0,0.0,0.0,0.0,0.0,0.0,0.0,-0.3165885416666668,0.0,0.0,0.0,0.0,0.0,0.0,0.0
2026-03-13,Taylor_Walls,670764,hitter,TB,BOS,2026,831616,5,139,111,0,670912.0,Johan_Oviedo,0.0,0.0,0.0,0.0,0.0,3.0,2.0,1.0,1.0,5.0,0.075,0.22999999999999998,0.22999999999999998,0.0,0.0,27.599999999999998,0.0,12.0,7.744292858843942,1.08,-8.0,77.0,0,3.0,1.0,6.123233995736766e-17,-0.433883739117558,-0.9009688679024191,0.5,0.5,0.5,0.5,0.5,0.5,0.5,0.5,0.5,0.5,synthetic,synthetic,synthetic,synthetic,synthetic,0.0,0.0,0.0,0.0,0.0,-110.0,-110.0,-110.0,-110.0,-110.0,-110.0,-110.0,-110.0,-110.0,-110.0,0.0,0.0,0.0,0.0,0.0,2026-08-07T03:26:40.888653+00:00,0.1982241871293654,0.0779684079392361,0.030835135204295705,-0.47458485471354167,0.023272326099749163,0.8,0.8,0.4,0.0,0.4,0.0,0.0,0.0,0.0,0.0,batter_pitcher_profile_network_v2,0.16666666666666666,0.05,0.9425,0.0,0.09506052083333333,0.2892847222222221,-0.7125,0.0,0.0,0.0,0.0,-0.00197527224392361,-0.00019752722439236102,-0.06504166666666678,-0.8181250000000001,0.0,0.0,0.0,0.0,-0.0005099503797743064,-8.159206076388902e-05,0.3013541666666664,-0.896875,0.0,0.0,0.0,0.0,-0.0025901547580295115,-0.00012950773790147558,-0.7793611111111111,-0.9900000000000001,0.0,0.0,0.0,0.0,-0.007394188541666667,-0.00018485471354166667,-0.2869652777777779,-0.8625,0.0,0.0,0.0,0.0,-0.0023719473741319456,-0.00014231684244791674
2026-03-15,Taylor_Walls,670764,hitter,TB,PIT,2026,831511,6,139,134,1,664353.0,José_Urquidy,0.0,0.0,0.0,0.0,0.0,3.0,2.0,1.0,0.0,7.0,0.08108108108108109,0.22999999999999998,0.22999999999999998,0.0,0.0,27.599999999999998,3.681818181818182,4.5,4.496938775510204,1.0611111111111111,6.0,82.0,0,2.0,1.0,6.123233995736766e-17,-0.7818314824680299,0.6234898018587334,0.5,0.5,0.5,0.5,0.5,0.5,0.5,0.5,0.5,0.5,synthetic,synthetic,synthetic,synthetic,synthetic,0.0,0.0,0.0,0.0,0.0,-110.0,-110.0,-110.0,-110.0,-110.0,-110.0,-110.0,-110.0,-110.0,-110.0,0.0,0.0,0.0,0.0,0.0,2026-08-07T03:26:40.888653+00:00,0.3308305875581057,-0.04837612612612613,-0.1437165541087605,-0.48044444444444445,-0.26780170987313845,0.6,0.6,0.4,0.0,0.2,0.0,0.0,0.0,0.0,0.0,batter_pitcher_profile_network_v2,0.2,0.1,0.8590165042944955,0.0,0.12447704782239244,0.09212384259259249,0.37411888111888125,0.0,0.0,0.0,0.0,0.0009718068184165681,9.718068184165681e-05,-0.20857638888888902,0.57166520979021,0.0,0.0,0.0,0.0,0.0,0.0,0.12630208333333315,0.1367194055944058,0.0,0.0,0.0,0.0,0.0004868990713420227,2.4344953567101135e-05,-0.7947685185185185,0.8036363636363637,0.0,0.0,0.0,0.0,0.0,0.0,-0.3703761574074076,0.2595559440559443,0.0,0.0,0.0,0.0,0.0,0.0
2026-03-16,Taylor_Walls,670764,hitter,TB,ATL,2026,831557,7,139,144,0,519242.0,Chris_Sale,1.0,1.0,0.0,0.0,0.0,3.0,3.0,0.0,1.0,6.0,0.08108108108108109,0.2966666666666667,0.2966666666666667,0.0,0.0,35.6,3.0,6.0,4.476315789473685,1.08,25.0,82.0,0,1.0,1.0,6.123233995736766e-17,0.0,1.0,0.5,0.5,0.5,0.5,0.5,0.5,0.5,0.5,0.5,0.5,synthetic,synthetic,synthetic,synthetic,synthetic,0.0,0.0,0.0,0.0,0.0,-110.0,-110.0,-110.0,-110.0,-110.0,-110.0,-110.0,-110.0,-110.0,-110.0,0.0,0.0,0.0,0.0,0.0,2026-08-07T03:26:40.888653+00:00,0.26404058008714704,-0.009321827709459385,-0.09812019928162158,-0.4745432430815972,-0.24890751810381057,0.6,0.6,0.4,0.0,0.2,0.0,0.0,0.0,0.0,0.0,batter_pitcher_profile_network_v2,0.23333333333333334,0.05,0.9425,0.0,0.12839385416666665,0.12986607142857143,0.37550000000000006,0.0,0.0,0.0,0.0,0.0006542598567708334,6.542598567708335e-05,-0.1920535714285715,-0.02999999999999997,0.0,0.0,0.0,0.0,-7.730156249999995e-05,-1.2368249999999991e-05,0.10245535714285708,-0.21558974358974353,0.0,0.0,0.0,0.0,-0.0002963516826923074,-1.481758413461537e-05,-0.8057738095238096,-0.5299999999999999,0.0,0.0,0.0,0.0,-0.005729723263888888,-0.0001432430815972222,-0.44066964285714305,-0.21046153846153837,0.0,0.0,0.0,0.0,-0.0012443154807692306,-7.465892884615383e-05
2026-04-06,Taylor_Walls,670764,hitter,TB,CHC,2026,823002,8,139,112,1,592791.0,Jameson_Taillon,1.0,2.0,1.0,0.0,0.0,3.0,3.0,0.0,0.0,9.0,0.09090909090909091,0.42333333333333334,0.42333333333333334,0.3333333333333333,28.333333333333332,65.0,11.25,8.228571428571428,3.843138064942576,1.08,0.0,72.0,0,21.0,0.8660254037844387,-0.4999999999999998,0.0,1.0,0.5,0.5,0.5,0.5,0.5,0.5,0.5,0.5,0.5,0.5,synthetic,synthetic,synthetic,synthetic,synthetic,0.0,0.0,0.0,0.0,0.0,-110.0,-110.0,-110.0,-110.0,-110.0,-110.0,-110.0,-110.0,-110.0,-110.0,0.0,0.0,0.0,0.0,0.0,2026-08-07T03:26:40.888653+00:00,0.37113498101378384,0.7224227272727273,-0.07763699032203325,-0.3202333333333333,-0.23093400584378027,0.8,0.8,0.4,0.0,0.2,1.0,1.0,0.0,0.0,0.0,batter_pitcher_profile_network_v2,0.26666666666666666,0.2,0.823237253378924,0.0,0.1831640206255497,0.04949218750000009,0.5786769327467003,0.0,0.0,0.0,0.0,0.0013499954162173324,0.00013499954162173323,-0.24424479166666663,0.6933300597108738,0.0,0.0,0.0,0.0,0.0,0.0,0.03509114583333342,0.9348817567567568,0.0,0.0,0.0,0.0,0.001546371041000884,7.731855205004421e-05,-0.8029166666666667,0.8018604651162792,0.0,0.0,0.0,0.0,0.0,0.0,-0.44113281249999997,0.9131756756756757,0.0,0.0,0.0,0.0,0.0,0.0
2026-04-07,Taylor_Walls,670764,hitter,TB,CHC,2026,822999,9,139,112,1,665871.0,Javier_Assad,0.0,0.0,0.0,0.0,0.0,4.0,4.0,0.0,1.0,9.0,0.1111111111111111,0.0,0.0,0.0,0.0,10.0,3.8571428571428568,11.571428571428571,5.128852350656862,1.08,0.0,69.0,0,1.0,0.8660254037844387,-0.4999999999999998,0.7818314824680298,0.6234898018587336,0.5,0.5,0.5,0.5,0.5,0.5,0.5,0.5,0.5,0.5,synthetic,synthetic,synthetic,synthetic,synthetic,0.0,0.0,0.0,0.0,0.0,-110.0,-110.0,-110.0,-110.0,-110.0,-110.0,-110.0,-110.0,-110.0,-110.0,0.0,0.0,0.0,0.0,0.0,2026-08-07T03:26:40.888653+00:00,-0.0010173345451540694,0.16998333333333326,-0.2088073824671569,-0.4744,-0.4058907158004902,0.4,0.6,0.2,0.0,0.0,1.0,2.0,1.0,0.0,0.0,batter_pitcher_profile_network_v2,0.3,0.0,1.0,0.0,0.15,0.22373842592592594,0.0,0.0,1.0,0.0,0.0,0.0,0.0,-0.09758487654320985,0.0,0.0,1.0,0.0,0.0,0.0,0.0,0.13362268518518522,0.0,0.0,1.0,0.0,0.0,0.0,0.0,-0.6002777777777778,0.0,0.0,1.0,0.0,0.0,0.0,0.0,-0.33853009259259254,0.0,0.0,1.0,0.0,0.0,0.0,0.0
2026-04-08,Taylor_Walls,670764,hitter,TB,CHC,2026,823000,10,139,112,1,607067.0,Colin_Rea,0.0,0.0,0.0,0.0,0.0,3.0,3.0,0.0,1.0,9.0,0.08823529411764706,0.0,0.0,0.0,0.0,10.0,2.9,10.6,5.25742377922829,1.08,0.0,72.0,0,1.0,0.8660254037844387,-0.4999999999999998,0.9749279121818236,-0.22252093395631434,0.5,0.5,0.5,0.5,0.5,0.5,0.5,0.5,0.5,0.5,synthetic,synthetic,synthetic,synthetic,synthetic,0.0,0.0,0.0,0.0,0.0,-110.0,-110.0,-110.0,-110.0,-110.0,-110.0,-110.0,-110.0,-110.0,-110.0,0.0,0.0,0.0,0.0,0.0,2026-08-07T03:26:40.888653+00:00,-0.10691207593442953,-0.13499705882352936,-0.3712023404503502,-0.4744,-0.4263641051562325,0.4,0.6,0.2,0.0,0.0,0.0,0.0,0.0,0.0,0.0,batter_pitcher_profile_network_v2,0.3333333333333333,0.15,0.8158253175473056,0.0,0.2041758764567349,0.011977262544803018,0.25056175197351654,0.0,1.0,0.0,0.0,0.00018423876830940005,1.8423876830940005e-05,-0.2741771953405017,0.45370336771072056,0.0,1.0,0.0,0.0,0.0,0.0,-0.09556955645161275,0.28741733511586454,0.0,1.0,0.0,0.0,0.0,0.0,-0.6582361111111112,0.6102597402597403,0.0,1.0,0.0,0.0,0.0,0.0,-0.5261006944444444,0.39140017825311946,0.0,1.0,0.0,0.0,0.0,0.0
2026-04-10,Taylor_Walls,670764,hitter,TB,NYY,2026,822997,11,139,147,1,661563.0,Luis_Gil,1.0,1.0,2.0,0.0,0.0,4.0,2.0,0.0,0.0,8.0,0.10256410256410256,0.5366666666666666,0.5366666666666666,0.0,0.0,64.39999999999999,7.8999999999999995,9.799999999999999,4.670427786499216,1.08,0.0,72.0,0,2.0,0.8660254037844387,-0.4999999999999998,-0.433883739117558,-0.9009688679024191,0.5,0.5,0.5,0.5,0.5,0.5,0.5,0.5,0.5,0.5,synthetic,synthetic,synthetic,synthetic,synthetic,0.0,0.0,0.0,0.0,0.0,-110.0,-110.0,-110.0,-110.0,-110.0,-110.0,-110.0,-110.0,-110.0,-110.0,0.0,0.0,0.0,0.0,0.0,2026-08-07T03:26:40.888653+00:00,-0.06934699110413384,0.12214999999999998,-0.07733117477760326,-0.4744,-0.2778632260596546,0.4,0.6,0.2,0.0,0.0,0.0,0.0,0.0,0.0,0.0,batter_pitcher_profile_network_v2,0.36666666666666664,0.2,0.831355274811294,0.0,0.2329651291004566,-0.17788528669043402,0.19483587495234467,0.0,1.0,0.0,0.0,0.0,0.0,-0.42973076351752837,0.38503550324056424,0.0,1.0,0.0,0.0,0.0,0.0,-0.2941594251336901,0.5000075136612022,0.0,1.0,0.0,0.0,0.0,0.0,-0.7056565656565656,0.5184883720930232,0.0,1.0,0.0,0.0,0.0,0.0,-0.6795675505050506,0.597360655737705,0.0,1.0,0.0,0.0,0.0,0.0
2026-04-11,Taylor_Walls,670764,hitter,TB,NYY,2026,822996,12,139,147,1,608331.0,Max_Fried,2.0,2.0,1.0,0.0,1.0,4.0,3.0,0.0,1.0,9.0,0.10256410256410256,0.5933333333333334,0.5933333333333334,0.0,0.0,65.0,1.3499999999999999,6.266165413533834,3.545427786499215,1.08,0.0,72.0,0,1.0,0.8660254037844387,-0.4999999999999998,-0.9749279121818236,-0.2225209339563146,0.5,0.5,0.5,0.5,0.5,0.5,0.5,0.5,0.5,0.5,synthetic,synthetic,synthetic,synthetic,synthetic,0.0,0.0,0.0,0.0,0.0,-110.0,-110.0,-110.0,-110.0,-110.0,-110.0,-110.0,-110.0,-110.0,-110.0,0.0,0.0,0.0,0.0,0.0,2026-08-07T03:26:40.888653+00:00,0.3382414733783846,0.40984990211638583,0.4232900326612037,-0.4750492694950292,-0.3188499706005088,0.6,0.8,0.6,0.0,0.0,1.0,1.0,2.0,0.0,0.0,batter_pitcher_profile_network_v2,0.4,0.3,0.7296709466355584,0.0,0.27818459271114326,0.02702378776803091,-0.35338942015232266,0.0,2.0,0.0,0.0,-0.001032648407896932,-0.00010326484078969322,-0.2711778143274856,-0.38368009387988955,0.0,2.0,0.0,0.0,-0.01125061177258895,-0.001800097883614232,-0.12481496710526332,-0.4378326782866256,0.0,2.0,0.0,0.0,-0.005909184557192687,-0.00029545922785963435,-0.6864699074074075,-0.3498732756980713,0.0,2.0,0.0,0.0,-0.025970779801167864,-0.0006492694950291966,-0.552745949074074,-0.48429101161995897,0.0,2.0,0.0,0.0,-0.028945742347569532,-0.001736744540854172
2026-04-12,Taylor_Walls,670764,hitter,TB,NYY,2026,822998,13,139,147,1,693645.0,Cam_Schlittler,2.0,2.0,1.0,0.0,1.0,4.0,3.0,0.0,1.0,8.0,0.1111111111111111,0.5933333333333334,0.5933333333333334,0.0,0.0,65.0,1.8,12.01578947368421,4.50971350078493,1.08,0.0,72.0,0,1.0,0.8660254037844387,-0.4999999999999998,-0.7818314824680299,0.6234898018587334,0.5,0.5,0.5,0.5,0.5,0.5,0.5,0.5,0.5,0.5,synthetic,synthetic,synthetic,synthetic,synthetic,0.0,0.0,0.0,0.0,0.0,-110.0,-110.0,-110.0,-110.0,-110.0,-110.0,-110.0,-110.0,-110.0,-110.0,0.0,0.0,0.0,0.0,0.0,2026-08-07T03:26:40.888653+00:00,0.3699858678712582,0.6740895852693585,0.4759431536654122,-0.4760780535938786,0.031767161954203815,0.8,1.0,0.8,0.0,0.2,2.0,2.0,1.0,0.0,1.0,batter_pitcher_profile_network_v2,0.43333333333333335,0.3,0.7571941258232009,1.0,0.31258978254266406,0.12815438034188045,-0.9305629580279816,-0.07692307692307691,3.0,0.0,0.0,-0.08013198475928483,-0.008013198475928483,-0.18097756410256408,-0.9465227348434379,-0.05698005698005698,3.0,0.0,0.0,-0.06808592539984398,-0.010893748063975037,-0.02303685897435888,-0.9920504385964913,-0.10256410256410256,3.0,0.0,0.0,-0.09251709414335386,-0.004625854707167694,-0.6687606837606839,-0.9539240506329114,0.0,3.0,0.0,0.0,-0.06712214375514584,-0.0016780535938786462,-0.42809561965811965,-0.992324561403509,-0.05128205128205128,3.0,0.0,0.0,-0.08975299586182228,-0.005385179751709337
2026-04-14,Taylor_Walls,670764,hitter,TB,CWS,2026,824616,14,139,145,0,702273.0,Noah_Schultz,1.0,1.0,0.0,0.0,0.0,4.0,3.0,1.0,1.0,9.0,0.09302325581395349,0.395,0.395,0.0,0.0,47.400000000000006,0.0,7.7142857142857135,3.275510204081633,1.08,-21.0,77.0,0,2.0,0.8660254037844387,-0.4999999999999998,0.7818314824680298,0.6234898018587336,0.5,0.5,0.5,0.5,0.5,0.5,0.5,0.5,0.5,0.5,synthetic,synthetic,synthetic,synthetic,synthetic,0.0,0.0,0.0,0.0,0.0,-110.0,-110.0,-110.0,-110.0,-110.0,-110.0,-110.0,-110.0,-110.0,-110.0,0.0,0.0,0.0,0.0,0.0,2026-08-07T03:26:40.888653+00:00,0.6764503084954914,0.5759813953488373,0.2769848125296631,-0.4744,0.030670859041291076,1.0,1.0,0.8,0.0,0.4,2.0,2.0,1.0,0.0,1.0,batter_pitcher_profile_network_v2,0.4666666666666667,0.0,1.0,0.0,0.23333333333333334,0.2158593210835058,0.0,0.0,4.0,0.0,0.0,0.0,0.0,-0.10298201345755698,0.0,0.0,4.0,0.0,0.0,0.0,0.0,0.06934685559006212,0.0,0.0,4.0,0.0,0.0,0.0,0.0,-0.6535813492063492,0.0,0.0,4.0,0.0,0.0,0.0,0.0,-0.3185739087301588,0.0,0.0,4.0,0.0,0.0,0.0,0.0
2026-04-15,Taylor_Walls,670764,hitter,TB,CWS,2026,824615,15,139,145,0,680732.0,Sean_Burke,1.0,1.0,1.0,0.0,0.0,4.0,4.0,0.0,0.0,9.0,0.1,0.2225,0.2225,0.0,0.0,26.7,3.9499999999999997,9.05,4.056122448979592,1.08,-14.0,73.0,0,1.0,0.8660254037844387,-0.4999999999999998,0.9749279121818236,-0.22252093395631434,1.5,1.5,0.5,0.5,0.5,1.5,1.5,0.5,0.5,0.5,synthetic,synthetic,synthetic,synthetic,synthetic,0.0,0.0,0.0,0.0,0.0,-110.0,-110.0,-110.0,-110.0,-110.0,-110.0,-110.0,-110.0,-110.0,-110.0,0.0,0.0,0.0,0.0,0.0,2026-08-07T03:26:40.888653+00:00,-0.3715530949218153,-0.5102211990652994,0.08995139526477003,-0.4747188835923424,-0.13384387755102034,1.2,1.2,0.8,0.0,0.4,1.0,1.0,0.0,0.0,0.0,batter_pitcher_profile_network_v2,0.5,0.25,0.7342600892695017,0.0,0.3150132847661215,0.22171064814814823,-0.010633949029693661,0.0,4.0,0.0,0.0,-0.00031326214332376927,-3.132621433237693e-05,-0.09426388888888884,-0.09790498597147529,0.0,4.0,0.0,0.0,-0.0012262441581213182,-0.0001961990652994109,0.07135416666666683,0.042765932117527924,0.0,4.0,0.0,0.0,0.0004054563158075331,2.0272815790376656e-05,-0.653462962962963,-0.14690764554594332,0.0,4.0,0.0,0.0,-0.012755343693695985,-0.00031888359234239963,-0.29703935185185193,0.026892705167173337,0.0,4.0,0.0,0.0,0.0,0.0
2026-04-16,Taylor_Walls,670764,hitter,TB,CWS,2026,824614,16,139,145,0,673929.0,Jordan_Leasure,1.0,1.0,0.0,0.0,2.0,5.0,4.0,1.0,1.0,9.0,0.10869565217391304,0.316,0.316,0.0,0.0,37.92,0.0,12.0,4.494434137291281,1.08,15.0,66.0,0,1.0,0.8660254037844387,-0.4999999999999998,0.43388373911755823,-0.900968867902419,1.5,1.5,0.5,0.5,0.5,1.5,1.5,0.5,0.5,0.5,synthetic,synthetic,synthetic,synthetic,synthetic,0.0,0.0,0.0,0.0,0.0,-110.0,-110.0,-110.0,-110.0,-110.0,-110.0,-110.0,-110.0,-110.0,-110.0,0.0,0.0,0.0,0.0,0.0,2026-08-07T03:26:40.888653+00:00,-0.38537335914602977,-0.32935183030104853,0.44439686759208297,-0.4744,-0.07293788639245946,1.4,1.4,1.0,0.0,0.4,1.0,1.0,1.0,0.0,0.0,batter_pitcher_profile_network_v2,0.5333333333333333,0.0,1.0,0.0,0.26666666666666666,0.23526041666666686,0.0,0.0,5.0,0.6154366250965762,0.029508413253260788,0.0,0.0,-0.09119791666666652,0.0,0.0,5.0,0.5873151560208337,0.021260489687659846,0.03189073453148977,0.0051025175250383635,0.036197916666666885,0.0,0.0,5.0,0.5440712392512671,0.043372779767770334,0.043372779767770334,0.002168638988388517,-0.667734375,0.0,0.0,5.0,0.5676113666316936,0.0,0.0,0.0,-0.35348958333333313,0.0,0.0,5.0,0.5316715707596531,0.015873773032326684,0.011905329774245013,0.0007143197864547008
2026-04-18,Taylor_Walls,670764,hitter,TB,PIT,2026,823394,17,139,134,0,694973.0,Paul_Skenes,0.0,0.0,1.0,0.0,0.0,6.0,6.0,0.0,4.0,9.0,0.10714285714285714,0.0,0.0,0.0,0.0,10.0,1.5736842105263158,8.842105263157896,4.021978021978022,1.08,17.0,81.0,0,2.0,0.8660254037844387,-0.4999999999999998,-0.9749279121818236,-0.2225209339563146,1.5,1.5,0.5,0.5,0.5,1.5,1.5,0.5,0.5,0.5,synthetic,synthetic,synthetic,synthetic,synthetic,0.0,0.0,0.0,0.0,0.0,-110.0,-110.0,-110.0,-110.0,-110.0,-110.0,-110.0,-110.0,-110.0,-110.0,0.0,0.0,0.0,0.0,0.0,2026-08-07T03:26:40.888653+00:00,-0.17969843775759764,-0.473493617139499,-0.15102471119259336,-0.47473229629629343,0.39832269063240755,1.4,1.4,0.6,0.0,0.8,1.0,1.0,0.0,0.0,2.0,batter_pitcher_profile_network_v2,0.5666666666666667,0.3,0.7345181487650837,0.0,0.3613397913662165,0.22390106070676855,-0.3084473684210527,0.0,5.0,0.6203533873710907,0.03421755014782233,-0.010389621454901816,-0.0010389621454901816,-0.09884155865736129,-0.28536573576799146,0.0,5.0,0.5972715289808982,0.023063796408784455,0.030352392878131188,0.00485638286050099,0.020719715852442616,0.1626897601145722,0.0,5.0,0.5263659007308508,0.042020639098538544,0.04252775417011118,0.0021263877085055593,-0.6729934640522877,-0.1312841031149302,0.0,5.0,0.5775249953144187,0.0,-0.013291851851738102,-0.0003322962962934526,-0.3592557189542484,0.05677139276763341,0.0,5.0,0.5265100555660747,0.004973100744584072,0.0037298255584380536,0.0002237895335062832
2026-04-19,Taylor_Walls,670764,hitter,TB,PIT,2026,823393,18,139,134,0,656605.0,Mitch_Keller,0.0,0.0,0.0,0.0,0.0,3.0,3.0,0.0,0.0,9.0,0.09375,0.0,0.0,0.0,0.0,10.0,4.75,6.25,4.450549450549451,1.08,15.0,50.0,0,1.0,0.8660254037844387,-0.4999999999999998,-0.7818314824680299,0.6234898018587334,0.5,0.5,0.5,0.5,0.5,0.5,0.5,0.5,0.5,0.5,synthetic,synthetic,synthetic,synthetic,synthetic,0.0,0.0,0.0,0.0,0.0,-110.0,-110.0,-110.0,-110.0,-110.0,-110.0,-110.0,-110.0,-110.0,-110.0,0.0,0.0,0.0,0.0,0.0,2026-08-07T03:26:40.888653+00:00,0.391734478021978,0.12248078439518606,-0.005824859891799705,-0.4744,-0.05253956323169995,1.0,1.0,0.6,0.0,0.6,0.0,0.0,1.0,0.0,0.0,batter_pitcher_profile_network_v2,0.6,0.35,0.7453131457605335,0.0,0.3905446988755171,-0.042919159544159605,0.017239699149771054,0.0,6.0,0.7859412124662531,0.01990052425968362,0.0,0.0,-0.2928504273504274,0.030245083154255822,0.0,6.0,0.7572275933043826,0.014399101646608948,0.021598652469913424,0.0034557843951861476,-0.22616987179487175,0.23385756719299894,0.0,6.0,0.7045075227487237,0.0554533516145534,0.0554533516145534,0.0027726675807276703,-0.6949027777777779,0.0916434644492199,0.0,6.0,0.7373601404240093,0.0,0.0,0.0,-0.47397685185185173,0.15817261515462966,0.0,6.0,0.7027645697593752,-0.007045239092724903,-0.005283929319543678,-0.00031703575917262067
2026-04-20,Taylor_Walls,670764,hitter,TB,CIN,2026,822994,19,139,113,1,695076.0,Rhett_Lowder,0.0,0.0,0.0,0.0,0.0,4.0,3.0,1.0,1.0,9.0,0.10810810810810811,0.1725,0.1725,0.0,0.0,20.7,3.6,4.925,0.5357142857142857,1.08,0.0,72.0,0,1.0,0.8660254037844387,-0.4999999999999998,0.0,1.0,0.5,0.5,0.5,0.5,0.5,0.5,0.5,0.5,0.5,0.5,synthetic,synthetic,synthetic,synthetic,synthetic,0.0,0.0,0.0,0.0,0.0,-110.0,-110.0,-110.0,-110.0,-110.0,-110.0,-110.0,-110.0,-110.0,-110.0,0.0,0.0,0.0,0.0,0.0,2026-08-07T03:26:40.888653+00:00,0.1531641570141571,-0.03538498917770028,-0.3569249514553884,-0.47570568734982444,-0.31654036891241377,0.6,0.6,0.4,0.0,0.4,0.0,0.0,0.0,0.0,0.0,batter_pitcher_profile_network_v2,0.6333333333333333,0.3,0.7349342100886619,0.0,0.3946578344459083,-0.09203616271069802,0.05537645687645688,0.0,7.0,0.9955728287445176,0.008985389582531386,0.0,0.0,-0.34002605779153744,-0.19431322843822843,0.0,7.0,0.997731236527226,0.008585995419916887,0.0017872298015355458,0.00028595676824568736,-0.32416860165118644,-0.15392531080031072,0.0,7.0,0.9167585539325155,0.05733894611218268,0.04896236085362245,0.0024481180426811225,-0.7145058479532165,-0.43541899766899766,0.0,7.0,0.9116369289068076,0.0,-0.052227493992979206,-0.0013056873498244802,-0.5787273391812864,-0.2026272338772338,0.0,7.0,0.9150993763113802,-0.000667941178786328,-0.02018697222105438,-0.0012112183332632627
2026-04-21,Taylor_Walls,670764,hitter,TB,CIN,2026,822995,20,139,113,1,695505.0,Chase_Burns,0.0,0.0,0.0,0.0,0.0,4.0,4.0,0.0,3.0,9.0,0.09523809523809523,0.0,0.0,0.0,0.0,10.0,3.3125,7.625,0.32142857142857145,1.08,0.0,72.0,0,1.0,0.8660254037844387,-0.4999999999999998,0.7818314824680298,0.6234898018587336,0.5,0.5,0.5,0.5,0.5,0.5,0.5,0.5,0.5,0.5,synthetic,synthetic,synthetic,synthetic,synthetic,0.0,0.0,0.0,0.0,0.0,-110.0,-110.0,-110.0,-110.0,-110.0,-110.0,-110.0,-110.0,-110.0,-110.0,0.0,0.0,0.0,0.0,0.0,2026-08-07T03:26:40.888653+00:00,-0.14596144267818317,-0.2521069766364118,-0.47910635713961974,-0.4744,-0.3940939226905903,0.4,0.4,0.4,0.0,0.4,0.0,0.0,0.0,0.0,0.0,batter_pitcher_profile_network_v2,0.6666666666666666,0.4,0.7397749621754943,0.0,0.4370843601867341,-0.13382395833333344,-0.2736241883116883,0.0,8.0,1.188768717353153,0.008150618689087523,-0.0063525220199282225,-0.0006352522019928223,-0.3731895833333334,-0.13867410714285713,0.0,8.0,1.1877145730656087,0.0028313068975382937,-0.004731103977573831,-0.000756976636411813,-0.373859375,-0.09271049783549773,0.0,8.0,1.1174195771264237,0.04745733847766467,0.04144428577903476,0.002072214288951738,-0.7262041666666668,0.01891517857142858,0.0,8.0,1.1280247288965093,0.0,0.0,0.0,-0.6188239583333333,-0.09899025974025964,0.0,8.0,1.1187515989374663,-0.011727142000032035,-0.01942252103364838,-0.001165351262018903
2026-04-22,Taylor_Walls,670764,hitter,TB,CIN,2026,822993,21,139,113,1,682227.0,Brandon_Williamson,1.0,1.0,1.0,0.0,0.0,3.0,3.0,0.0,0.0,9.0,0.08571428571428572,0.2966666666666667,0.2966666666666667,0.0,0.0,35.6,2.8125,5.175,1.8642857142857143,1.08,0.0,72.0,0,1.0,0.8660254037844387,-0.4999999999999998,0.9749279121818236,-0.22252093395631434,0.5,0.5,0.5,0.5,0.5,0.5,0.5,0.5,0.5,0.5,synthetic,synthetic,synthetic,synthetic,synthetic,0.0,0.0,0.0,0.0,0.0,-110.0,-110.0,-110.0,-110.0,-110.0,-110.0,-110.0,-110.0,-110.0,-110.0,0.0,0.0,0.0,0.0,0.0,2026-08-07T03:26:40.888653+00:00,-0.11195281857092848,-0.2542431906275794,-0.3793926314873411,-0.4744,-0.2399516372639865,0.2,0.2,0.2,0.0,0.4,0.0,0.0,0.0,0.0,0.0,batter_pitcher_profile_network_v2,0.7,0.35,0.6965042486044798,0.0,0.4426373803410829,-0.3118229079643552,-0.12693833897195247,0.0,9.0,1.4569662404080508,-0.004361063600168137,-0.008409138090237913,-0.0008409138090237913,-0.5039723266499581,-0.05272693168176363,0.0,9.0,1.4286968463002856,-0.00454140318582799,-0.012457441422371832,-0.0019931906275794933,-0.5361082393483707,-0.04375295118047215,0.0,9.0,1.3740824386366335,0.034511547553645584,0.02952832263413071,0.0014764161317065356,-0.7424497354497355,0.0930451271417658,0.0,9.0,1.3554793192182955,0.0,0.0,0.0,-0.6999150132275131,-0.12575050020008,0.0,9.0,1.3684046407093475,-0.018755906096242347,-0.032765382971204515,-0.0019659229782722706
2026-04-24,Taylor_Walls,670764,hitter,TB,MIN,2026,822992,22,139,142,1,671737.0,Taj_Bradley,0.0,0.0,0.0,0.0,0.0,3.0,2.0,0.0,1.0,9.0,0.08823529411764706,0.0,0.0,0.0,0.0,10.0,2.073684210526316,11.436842105263159,4.587662337662337,1.08,0.0,72.0,0,2.0,0.8660254037844387,-0.4999999999999998,-0.433883739117558,-0.9009688679024191,0.5,0.5,0.5,0.5,0.5,0.5,0.5,0.5,0.5,0.5,synthetic,synthetic,synthetic,synthetic,synthetic,0.0,0.0,0.0,0.0,0.0,-110.0,-110.0,-110.0,-110.0,-110.0,-110.0,-110.0,-110.0,-110.0,-110.0,0.0,0.0,0.0,0.0,0.0,2026-08-07T03:26:40.888653+00:00,-0.1757563549039472,-0.2554374757993188,-0.138226002070222,-0.47837571743170204,-0.46640750811167253,0.2,0.2,0.4,0.0,0.0,1.0,1.0,1.0,0.0,0.0,batter_pitcher_profile_network_v2,0.7333333333333333,0.35,0.6751153845739672,0.0,0.46022109455305776,-0.27079811964582506,-0.6499484405773106,0.0,10.0,1.3947866011401044,0.009758284433161263,-0.041932921668907185,-0.004193292166890719,-0.4753229046797082,-0.7576205280357757,0.0,10.0,1.262301140693914,0.00536279043467296,-0.07775260609868406,-0.01244041697578945,-0.5136590789221324,-0.5730516684181544,0.0,10.0,1.3033630246794818,0.03941747983713488,-0.030711790831483204,-0.0015355895415741603,-0.7442891414141415,-0.8968157894736842,0.0,10.0,1.0336705808952356,0.0,-0.15902869726808147,-0.003975717431702037,-0.6976177398989896,-0.6643847294203331,0.0,10.0,1.2621358052992844,0.0015594230465164286,-0.1092555146190391,-0.006555330877142346
2026-04-26,Taylor_Walls,670764,hitter,TB,MIN,2026,822991,23,139,142,1,680573.0,Simeon_Woods_Richardson,1.0,2.0,0.0,0.0,0.0,3.0,2.0,1.0,1.0,8.0,0.08823529411764706,0.6533333333333333,0.6533333333333333,0.5,30.0,65.0,9.15,4.5,6.516233766233766,1.08,0.0,72.0,0,2.0,0.8660254037844387,-0.4999999999999998,-0.7818314824680299,0.6234898018587334,0.5,0.5,0.5,0.5,0.5,0.5,0.5,0.5,0.5,0.5,synthetic,synthetic,synthetic,synthetic,synthetic,0.0,0.0,0.0,0.0,0.0,-110.0,-110.0,-110.0,-110.0,-110.0,-110.0,-110.0,-110.0,-110.0,-110.0,0.0,0.0,0.0,0.0,0.0,2026-08-07T03:26:40.888653+00:00,0.11242189966895866,0.5107779027163324,0.06338893289278358,-0.2744,-0.1690762904102478,0.2,0.2,0.2,0.0,0.0,0.0,0.0,0.0,0.0,0.0,batter_pitcher_profile_network_v2,0.7666666666666667,0.45,0.6424148295112779,0.0,0.5054202158565242,-0.3474057602804288,0.6288513513513515,0.0,11.0,1.1282823778048514,-0.005157096326088192,0.0,0.0,-0.5369874955814774,0.48599391891891897,0.0,11.0,1.3065119811695658,-0.0009376602505760639,-0.0014064903758640957,-0.00022503846013825532,-0.6007855028278544,0.4665484234234235,0.0,11.0,1.4481303426460852,0.04634881319053276,0.04634881319053276,0.002317440659526638,-0.7583357487922705,0.36884864864864875,0.0,11.0,1.457729000269876,0.0,0.0,0.0,-0.7672533212560385,0.49790540540540545,0.0,11.0,1.348766517554427,-0.03672632453975693,-0.027544743404817697,-0.0016526846042890617
2026-04-27,Taylor_Walls,670764,hitter,TB,CLE,2026,824446,24,139,114,0,800048.0,Parker_Messick,0.0,0.0,0.0,0.0,0.0,4.0,3.0,1.0,2.0,9.0,0.10810810810810811,0.1725,0.1725,0.0,0.0,20.7,2.5500000000000003,8.025,1.3928571428571428,1.08,13.0,71.0,0,1.0,0.8660254037844387,-0.4999999999999998,0.0,1.0,0.5,0.5,0.5,0.5,0.5,0.5,0.5,0.5,0.5,0.5,real,synthetic,synthetic,synthetic,synthetic,1.0,0.0,0.0,0.0,0.0,-109.0,-110.0,-110.0,-110.0,-110.0,-122.0,-110.0,-110.0,-110.0,-110.0,0.0,0.0,0.0,0.0,0.0,2026-04-27T02:00:02.937037+00:00,0.029112527204949168,0.23775082304562223,-0.44635764147171686,-0.47584062902319807,-0.5,0.4,0.6,0.2,0.0,0.0,1.0,2.0,0.0,0.0,0.0,batter_pitcher_profile_network_v2,0.8,0.4,0.6396782687834661,0.0,0.5086557648296102,-0.27325369349128564,-0.3390587468564068,0.0,12.0,1.984134815484743,-0.0018895976331432646,-0.02670677428255565,-0.0026706774282555653,-0.4626178172657954,-0.32143901429184807,0.0,12.0,1.9939245087321882,0.001167275861636328,-0.041113943802699206,-0.006578231008431873,-0.5120243566176472,-0.4242223389355741,0.0,12.0,1.812668744763125,0.025778715537816525,-0.03683429661580416,-0.001841714830790208,-0.6733530092592594,-0.2968854428632766,0.0,12.0,1.9452348639757489,0.0,-0.05762516092792314,-0.0014406290231980786,-0.6653451967592594,-0.4196092436974788,0.0,12.0,1.838485752031097,-0.018861111139265366,-0.09462296988211566,-0.0056773781929269395
2026-04-28,Taylor_Walls,670764,hitter,TB,CLE,2026,824447,25,139,114,0,676440.0,Tanner_Bibee,0.0,0.0,1.0,0.0,0.0,4.0,1.0,3.0,0.0,9.0,0.10810810810810811,0.5175,0.5175,0.0,0.0,62.099999999999994,6.142857142857142,6.571428571428572,2.164285714285714,1.08,0.0,61.0,0,1.0,0.8660254037844387,-0.4999999999999998,0.7818314824680298,0.6234898018587336,0.5,0.5,0.5,0.5,0.5,0.5,0.5,0.5,0.5,0.5,synthetic,real,real,real,synthetic,0.0,7.0,6.0,7.0,0.0,-110.0,150.14285714285714,203.66666666666666,1244.2857142857142,-110.0,-110.0,-193.0,-285.8,0.0,-110.0,0.0,0.5345224838248488,0.0,0.0,0.0,2026-04-28T17:23:11.163256+00:00,-0.051347747747747696,0.12208314258855768,-0.21495705336191934,-0.4744,-0.40453662603926666,0.4,0.6,0.2,0.0,0.0,0.0,0.0,0.0,0.0,0.0,batter_pitcher_profile_network_v2,0.8333333333333334,0.5,0.6256144424933279,0.0,0.5533477820639503,-0.34110740324594235,0.4197980636053676,0.0,13.0,1.8670543454104056,-0.004867938808148707,0.0,0.0,-0.5145264169787763,0.4504837074117139,0.0,13.0,1.8167783168857041,0.010433702227098733,0.0156505533406481,0.0025040885345036963,-0.5638775280898876,0.2667785409065919,0.0,13.0,2.1101430738729308,0.024748894151573542,0.024748894151573542,0.0012374447075786772,-0.6888577777777778,0.430127399000499,0.0,13.0,1.8680287607400026,0.0,0.0,0.0,-0.6920577777777777,0.38542924184117133,0.0,13.0,1.926205030237153,-0.047467708637500196,-0.03560078147812515,-0.002136046888687509
2026-04-29,Taylor_Walls,670764,hitter,TB,CLE,2026,824445,26,139,114,0,668909.0,Gavin_Williams,0.0,0.0,0.0,0.0,0.0,3.0,3.0,0.0,3.0,9.0,0.08823529411764706,0.0,0.0,0.0,0.0,10.0,4.628571428571429,9.114285714285716,1.5214285714285716,1.08,-11.0,49.0,0,1.0,0.8660254037844387,-0.4999999999999998,0.9749279121818236,-0.22252093395631434,0.5,1.0,0.5,0.5,0.5,0.5,0.5,0.5,0.5,0.5,synthetic,real,real,synthetic,synthetic,0.0,8.0,6.0,0.0,0.0,-110.0,0.0,0.0,-110.0,-110.0,-110.0,0.0,0.0,-110.0,-110.0,0.0,0.7440238091428449,0.0,0.0,0.0,2026-04-30T03:22:26.750124+00:00,-0.292297310235623,-0.6399236948858289,-0.28809028760910954,-0.4744,-0.5,0.4,0.6,0.4,0.0,0.0,0.0,0.0,1.0,0.0,0.0,batter_pitcher_profile_network_v2,0.8666666666666667,0.5,0.6584434358134046,0.0,0.5680036728897623,-0.24694533188585613,-0.3938981087539911,0.0,14.0,2.410490753756712,-0.014160702573972572,-0.0287938306475469,-0.0028793830647546904,-0.445379152881169,-0.14464548343813047,0.0,14.0,2.562295886028842,-0.007814352093852228,-0.030791475389371808,-0.004926636062299489,-0.48306852253928867,-0.0018737607164076853,0.0,14.0,2.581607315326986,0.03850420465244756,0.03823626462453153,0.0019118132312265766,-0.6854775641025642,0.12157475465710768,0.0,14.0,2.5015275185533605,0.0,0.0,0.0,-0.6409703525641026,-0.02908606230370928,0.0,14.0,2.5303283604784124,-0.04730921411542145,-0.04100062094905764,-0.0024600372569434583
2026-05-01,Taylor_Walls,670764,hitter,TB,SF,2026,822990,27,139,137,1,592662.0,Robbie_Ray,2.0,3.0,1.0,0.0,0.0,3.0,3.0,0.0,0.0,9.0,0.10714285714285714,0.7200000000000001,0.7200000000000001,0.3333333333333333,28.333333333333332,65.0,3.3000000000000003,9.500000000000002,1.8857142857142857,1.08,0.0,72.0,0,2.0,0.49999999999999994,-0.8660254037844387,-0.433883739117558,-0.9009688679024191,0.5,0.5,0.5,0.5,0.5,0.5,0.5,0.5,0.5,0.5,synthetic,real,real,real,synthetic,0.0,8.0,7.0,6.0,0.0,-110.0,287.5,303.0,1750.0,-110.0,-110.0,-440.0,-485.0,0.0,-110.0,0.0,0.4629100498862757,0.0,0.0,0.0,2026-05-02T00:15:33.012287+00:00,-0.3058556451680915,0.4652831936551811,-0.12306102035409305,-0.3217401818857042,-0.36537108468146884,0.2,0.4,0.2,0.0,0.0,0.0,0.0,0.0,0.0,0.0,batter_pitcher_profile_network_v2,0.9,0.5,0.5342929236698926,0.0,0.5922745584252191,-0.3914346707818932,-0.6613790816326531,0.0,15.0,2.368563317238876,-0.017936282995009274,-0.10850883263329544,-0.010850883263329544,-0.5535637860082305,-0.45120510204081643,0.0,15.0,2.649345940583596,-0.015069674419108697,-0.12729253965511728,-0.020366806344818765,-0.6044791666666667,-0.3091680272108843,0.0,15.0,2.744112075280539,0.016395872130802732,-0.061934692796148896,-0.003096734639807445,-0.7037880658436214,-0.20433010204081636,0.0,15.0,2.799082486817266,0.0,-0.060273942094836365,-0.0015068485523709093,-0.7014616769547324,-0.4013321428571428,0.0,15.0,2.6201140121274618,-0.03504677596314459,-0.14427998278638712,-0.008656798967183228
2026-05-02,Taylor_Walls,670764,hitter,TB,SF,2026,822988,28,139,137,1,694738.0,Landen_Roupp,0.0,0.0,1.0,0.0,0.0,3.0,2.0,1.0,0.0,9.0,0.08571428571428572,0.22999999999999998,0.22999999999999998,0.0,0.0,27.599999999999998,1.7739130434782606,9.54782608695652,1.8857142857142857,1.08,0.0,72.0,0,1.0,0.49999999999999994,-0.8660254037844387,-0.9749279121818236,-0.2225209339563146,0.5,0.5,0.5,0.5,0.5,0.5,0.5,0.5,0.5,0.5,synthetic,real,real,real,synthetic,0.0,7.0,6.0,7.0,0.0,-110.0,87.71428571428571,196.66666666666666,1318.5714285714287,-110.0,-110.0,-186.8,-280.0,0.0,-110.0,0.0,0.5345224838248488,0.0,0.0,0.0,2026-05-02T16:59:46.553036+00:00,0.2173735769624665,0.6215543875826302,-0.14975589440821396,-0.4777169496945811,-0.5,0.6,1.0,0.4,0.0,0.0,2.0,3.0,1.0,0.0,0.0,batter_pitcher_profile_network_v2,0.9333333333333333,0.55,0.6166268980718506,0.0,0.6176214294090757,-0.27860982593795125,-0.5748133136657312,0.0,16.0,2.8753194390118995,0.005178158741627361,-0.05730356784945575,-0.005730356784945575,-0.44130965909090925,-0.6169861330015153,0.0,16.0,2.752249773184401,0.014135970803886662,-0.07622257760856058,-0.012195612417369692,-0.4935936372655124,-0.3461745846278866,0.0,16.0,3.066661770915111,0.03530750423517735,-0.02583217387856474,-0.0012916086939282372,-0.6100515873015874,-0.6078184789730793,0.0,16.0,2.597094199580818,0.0,-0.13267798778324602,-0.003316949694581151,-0.5912234623015872,-0.47843465571793403,0.0,16.0,2.879275513482081,-0.037505437255822914,-0.12934124096978689,-0.007760474458187213
2026-05-03,Taylor_Walls,670764,hitter,TB,SF,2026,822987,29,139,137,1,641816.0,Tyler_Mahle,0.0,0.0,0.0,0.0,0.0,4.0,4.0,0.0,0.0,9.0,0.10256410256410256,0.0,0.0,0.0,0.0,10.0,9.0,8.442857142857143,1.8857142857142857,1.08,0.0,72.0,0,1.0,0.49999999999999994,-0.8660254037844387,-0.7818314824680299,0.6234898018587334,0.5,0.5,0.5,0.5,0.5,0.5,0.5,0.5,0.5,0.5,synthetic,synthetic,synthetic,synthetic,synthetic,0.0,0.0,0.0,0.0,0.0,-110.0,-110.0,-110.0,-110.0,-110.0,-110.0,-110.0,-110.0,-110.0,-110.0,0.0,0.0,0.0,0.0,0.0,2026-08-07T03:26:40.888653+00:00,-0.11403586279075945,-0.11906536915577304,-0.12295809054567247,-0.4744,-0.5,0.4,0.6,0.6,0.0,0.0,0.0,0.0,1.0,0.0,0.0,batter_pitcher_profile_network_v2,0.9666666666666667,0.5,0.6911606636127614,0.0,0.6159997426870517,-0.2615177907369846,-0.14825209665955946,0.0,17.0,3.5021697838352064,-0.01737349797389452,-0.011574745123712591,-0.0011574745123712593,-0.4346526650890242,-0.0074286879096581715,0.0,17.0,3.476403633627853,0.001828608955184336,0.001778942776418697,0.00028463084422699155,-0.4893650693035836,0.2282488095238094,0.0,17.0,3.373443528012322,0.055508518756879496,0.055508518756879496,0.002775425937843975,-0.6229568965517243,0.170828587222617,0.0,17.0,3.353310497173029,0.0,0.0,0.0,-0.6080754310344827,0.1424386243386242,0.0,17.0,3.361843983671408,-0.06533262259721642,-0.04899946694791232,-0.002939968016874739
2026-05-04,Taylor_Walls,670764,hitter,TB,TOR,2026,822984,30,139,141,1,641778.0,Eric_Lauer,1.0,1.0,0.0,0.0,2.0,3.0,3.0,0.0,0.0,9.0,0.08823529411764706,0.2966666666666667,0.2966666666666667,0.0,0.0,35.6,4.292307692307693,4.892307692307693,3.3537105751391465,1.08,0.0,72.0,0,1.0,0.49999999999999994,-0.8660254037844387,0.0,1.0,0.5,0.5,0.5,0.5,0.5,0.5,0.5,0.5,0.5,0.5,synthetic,synthetic,synthetic,synthetic,synthetic,0.0,0.0,0.0,0.0,0.0,-110.0,-110.0,-110.0,-110.0,-110.0,-110.0,-110.0,-110.0,-110.0,-110.0,0.0,0.0,0.0,0.0,0.0,2026-08-07T03:26:40.888653+00:00,0.10230558740978912,-0.0013493462095342523,-0.04553479733270255,-0.4744,-0.43511804511170693,0.4,0.6,0.6,0.0,0.0,0.0,0.0,0.0,0.0,0.0,batter_pitcher_profile_network_v2,1.0,0.35,0.7741274965753734,0.0,0.5893092835843309,-0.27693697152341035,0.4829300545982988,0.0,18.0,2.772707253866069,-0.02373914125577157,0.0,0.0,-0.45628606743535993,0.6412680494347875,0.0,18.0,2.4936941131761725,0.0006154692249793418,0.0009232038374690127,0.00014771261399504202,-0.5188622248427672,0.7481101008779579,0.0,18.0,2.48560447446142,0.03373073310876174,0.03373073310876174,0.0016865366554380872,-0.6415203703703704,0.8503454303871687,0.0,18.0,2.14338891840712,0.0,0.0,0.0,-0.6615307870370368,0.75444277283563,0.0,18.0,2.3534283094591553,-0.05707288335593852,-0.04280466251695389,-0.0025682797510172333
2026-05-05,Taylor_Walls,670764,hitter,TB,TOR,2026,822986,31,139,141,1,592332.0,Kevin_Gausman,0.0,0.0,1.0,0.0,0.0,0.0,0.0,0.0,0.0,3.0,0.0,0.0,0.0,0.0,0.0,10.0,4.017647058823529,4.408823529411765,3.669294990723562,1.08,0.0,72.0,0,1.0,0.49999999999999994,-0.8660254037844387,0.7818314824680298,0.6234898018587336,0.5,0.5,0.5,0.5,0.5,0.5,0.5,0.5,0.5,0.5,synthetic,synthetic,synthetic,synthetic,synthetic,0.0,0.0,0.0,0.0,0.0,-110.0,-110.0,-110.0,-110.0,-110.0,-110.0,-110.0,-110.0,-110.0,-110.0,0.0,0.0,0.0,0.0,0.0,2026-08-07T03:26:40.888653+00:00,0.2827189551205377,0.026797015549352654,-0.3747731675066588,-0.4751669549307588,-0.02439117764242299,0.6,0.8,0.4,0.0,0.4,1.0,1.0,0.0,0.0,2.0,batter_pitcher_profile_network_v2,1.0,0.5,0.655916495213599,0.0,0.634825114668167,-0.2769369715234103,-0.2810736004546748,0.0,19.0,3.963186879244464,-0.018524278165601444,-0.026783347044831533,-0.0026783347044831533,-0.4562860674353599,-0.2129997513498154,0.0,19.0,3.9763523671028245,-0.0020933889203931313,-0.03658115281654535,-0.005852984450647256,-0.5188622248427672,-0.34450571895424836,0.0,19.0,3.7678642727220426,0.041746931017489684,-0.01975834085673673,-0.0009879170428368366,-0.6415203703703704,-0.13898103154305202,0.0,19.0,3.9063539884465617,0.0,-0.03067819723035228,-0.0007669549307588071,-0.6615307870370368,-0.32665245808468313,0.0,19.0,3.7887521792182635,-0.053216296172080464,-0.11426545297668758,-0.006855927178601255
2026-05-06,Taylor_Walls,670764,hitter,TB,TOR,2026,822985,32,139,141,1,571578.0,Patrick_Corbin,1.0,1.0,0.0,0.0,0.0,3.0,2.0,1.0,0.0,9.0,0.08823529411764706,0.5266666666666667,0.5266666666666667,0.0,0.0,63.20000000000001,3.0107142857142857,6.621428571428571,4.955009276437848,1.08,0.0,72.0,0,1.0,0.49999999999999994,-0.8660254037844387,0.9749279121818236,-0.22252093395631434,0.5,0.5,0.5,0.5,0.5,0.5,0.5,0.5,0.5,0.5,synthetic,synthetic,synthetic,synthetic,synthetic,0.0,0.0,0.0,0.0,0.0,-110.0,-110.0,-110.0,-110.0,-110.0,-110.0,-110.0,-110.0,-110.0,-110.0,0.0,0.0,0.0,0.0,0.0,2026-08-07T03:26:40.888653+00:00,0.21590149150569327,0.2233135811995698,0.3011562227025142,-0.4744,-0.014299557697853349,0.6,0.8,0.6,0.0,0.4,0.0,0.0,1.0,0.0,0.0,batter_pitcher_profile_network_v2,1.0,0.25,0.6887068053771286,0.0,0.5664083540853254,-0.34275736920172617,0.10261387690211213,0.0,20.0,4.065246282734023,-0.03286963065121596,0.0,0.0,-0.5070984313196694,0.0696647569838746,0.0,20.0,4.199217647705752,-0.011205666570420563,-0.016808499855630845,-0.0026893599769009353,-0.5541606998381878,-0.02740702614379082,0.0,20.0,4.34720340489035,0.0409803214252344,0.03625243251439376,0.001812621625719688,-0.6480388888888889,0.03161328639563933,0.0,20.0,4.246791735801509,0.0,0.0,0.0,-0.6865909722222222,-0.0031954248366012836,0.0,20.0,4.249890646330583,-0.061638882282866576,-0.046912123368312415,-0.002814727402098745
2026-05-07,Taylor_Walls,670764,hitter,TB,BOS,2026,824767,33,139,111,0,687562.0,Jake_Bennett,0.0,0.0,0.0,0.0,0.0,4.0,3.0,1.0,1.0,9.0,0.09523809523809523,0.1725,0.1725,0.0,0.0,20.7,17.7,5.400000000000001,3.3189560439560437,1.08,16.0,62.0,0,1.0,0.49999999999999994,-0.8660254037844387,0.43388373911755823,-0.900968867902419,0.5,0.5,0.5,0.5,0.5,0.5,0.5,0.5,0.5,0.5,synthetic,synthetic,synthetic,synthetic,synthetic,0.0,0.0,0.0,0.0,0.0,-110.0,-110.0,-110.0,-110.0,-110.0,-110.0,-110.0,-110.0,-110.0,-110.0,0.0,0.0,0.0,0.0,0.0,2026-08-07T03:26:40.888653+00:00,0.1791582417582417,-0.03551654539539928,-0.23563653188559086,-0.4744,-0.19292101061090805,0.4,0.4,0.4,0.0,0.4,1.0,1.0,0.0,0.0,0.0,batter_pitcher_profile_network_v2,1.0,0.15,0.9175,0.0,0.5356409375,-0.1734325759618841,0.7689772727272728,0.0,21.0,2.4648194420041594,-0.01894144933094253,0.0,0.0,-0.3779436308881696,0.520959595959596,0.0,21.0,3.3702742943772503,-0.007464772480830514,-0.01119715872124577,-0.0017915453953993232,-0.40686701051779917,0.518888888888889,0.0,21.0,3.608434592171392,0.01581331833213983,0.01581331833213983,0.0007906659166069916,-0.6283351851851852,0.24873737373737367,0.0,21.0,4.180147074182779,0.0,0.0,0.0,-0.5900817129629627,0.5588888888888889,0.0,21.0,3.366405012036446,-0.035973617971338634,-0.026980213478503975,-0.0016188128087102384
2026-05-08,Taylor_Walls,670764,hitter,TB,BOS,2026,824768,34,139,111,0,813349.0,Connelly_Early,1.0,1.0,0.0,0.0,0.0,3.0,3.0,0.0,2.0,9.0,0.09375,0.2966666666666667,0.2966666666666667,0.0,0.0,35.6,6.3374999999999995,6.3,3.5347402597402597,1.08,5.0,58.0,0,1.0,0.49999999999999994,-0.8660254037844387,-0.433883739117558,-0.9009688679024191,0.5,0.5,0.5,0.5,0.5,0.5,0.5,0.5,0.5,0.5,synthetic,synthetic,synthetic,synthetic,synthetic,0.0,0.0,0.0,0.0,0.0,-110.0,-110.0,-110.0,-110.0,-110.0,-110.0,-110.0,-110.0,-110.0,-110.0,0.0,0.0,0.0,0.0,0.0,2026-08-07T03:26:40.888653+00:00,-0.02093040903776555,-0.12525961396040436,-0.2850437647435703,-0.47537770854062344,-0.1504419657642203,0.4,0.4,0.2,0.0,0.4,0.0,0.0,0.0,0.0,0.0,batter_pitcher_profile_network_v2,1.0,0.5,0.6278868591592173,0.0,0.6365419298764979,-0.2984352503595828,-0.25806478599137195,0.0,21.0,4.454516349266598,-0.009089504034877292,-0.028658527607094055,-0.0028658527607094055,-0.47639603110391937,-0.22409286608913476,0.0,21.0,4.459241918364689,0.002381218309405221,-0.03615383725252776,-0.005784613960404441,-0.5239513551779935,-0.13816509845875505,0.0,21.0,4.4901161797827,0.07048904861723787,0.04355111205500155,0.0021775556027500776,-0.6447425925925925,-0.16300766708415962,0.0,21.0,4.387231261296818,0.0,-0.03910834162493977,-0.0009777085406234944,-0.6786766203703701,-0.21167567059805856,0.0,21.0,4.393051096954411,-0.04936727354686047,-0.09048297918722226,-0.005428978751233335
2026-05-10,Taylor_Walls,670764,hitter,TB,BOS,2026,824765,35,139,111,0,801139.0,Payton_Tolle,0.0,0.0,0.0,0.0,0.0,3.0,2.0,0.0,0.0,9.0,0.08571428571428572,0.0,0.0,0.0,0.0,10.0,2.4285714285714284,11.5,3.5347402597402597,1.08,4.0,69.0,0,2.0,0.49999999999999994,-0.8660254037844387,-0.7818314824680299,0.6234898018587334,0.5,0.5,0.5,0.5,0.5,0.5,0.5,0.5,0.5,0.5,synthetic,synthetic,synthetic,synthetic,synthetic,0.0,0.0,0.0,0.0,0.0,-110.0,-110.0,-110.0,-110.0,-110.0,-110.0,-110.0,-110.0,-110.0,-110.0,0.0,0.0,0.0,0.0,0.0,2026-08-07T03:26:40.888653+00:00,0.03339153678199891,-0.004887084051131918,-0.45965737372676096,-0.47580281686112924,-0.24884425431196722,0.6,0.6,0.2,0.0,0.4,1.0,1.0,0.0,0.0,0.0,batter_pitcher_profile_network_v2,1.0,0.15,0.8708478359553296,0.0,0.5364981710143208,-0.3713456018518518,-0.8475256064690027,0.0,22.0,3.562322032985075,0.004856404153187636,-0.04064740274278154,-0.004064740274278154,-0.5265245370370369,-0.7708810395462042,0.0,22.0,3.6530507158355423,0.005209673429419697,-0.04460677531957419,-0.007137084051131871,-0.5754895833333332,-0.5356958066808812,0.0,22.0,4.135164531277634,0.05692824497446416,0.017112265724521104,0.0008556132862260553,-0.6468907407407407,-0.6716273082029206,0.0,22.0,3.68864029908057,0.0,-0.056112674445170894,-0.0014028168611292724,-0.6878733796296295,-0.6317654584221748,0.0,22.0,3.9364898557073977,-0.04474871065321482,-0.08968778831633759,-0.005381267298980255
2026-05-11,Taylor_Walls,670764,hitter,TB,TOR,2026,822818,36,139,141,0,592332.0,Kevin_Gausman,1.0,3.0,0.0,0.0,1.0,4.0,4.0,0.0,1.0,9.0,0.1,0.405,0.405,0.5,30.0,65.0,4.017647058823529,3.9088235294117646,4.494155844155844,1.08,0.0,68.0,0,1.0,0.49999999999999994,-0.8660254037844387,0.0,1.0,0.5,0.5,0.5,0.5,0.5,0.5,0.5,0.5,0.5,0.5,synthetic,synthetic,synthetic,synthetic,synthetic,0.0,0.0,0.0,0.0,0.0,-110.0,-110.0,-110.0,-110.0,-110.0,-110.0,-110.0,-110.0,-110.0,-110.0,0.0,0.0,0.0,0.0,0.0,2026-08-07T03:26:40.888653+00:00,0.1871390642910319,0.5248248752726727,-0.17013154499991862,-0.27562785689785424,-0.3395625566953294,0.4,0.4,0.2,0.0,0.0,0.0,0.0,0.0,0.0,0.0,batter_pitcher_profile_network_v2,1.0,0.55,0.5881659239415281,1.0,0.6716223208744396,-0.3753480947293447,-0.23199540964711246,-0.06296296296296296,21.0,4.47124209730834,0.002062940654629338,-0.08585993004613696,-0.008585993004613697,-0.5361249643874644,-0.2095584298312626,-0.04938271604938271,21.0,4.473644307681338,0.01000919918197027,-0.07046952954579609,-0.011275124727327375,-0.5945761217948717,-0.357125148544266,0.1111111111111111,21.0,4.224335848065865,0.03242987501122477,0.03321325584578455,0.0016606627922892275,-0.6534092592592592,-0.18251568091351364,0.0,21.0,4.380188477278295,0.0,-0.049114275914170176,-0.0012278568978542545,-0.7279335648148145,-0.3390993548934724,-0.044444444444444446,21.0,4.259038955975912,-0.047851608989493394,-0.17283914838536082,-0.010370348903121648
2026-05-12,Taylor_Walls,670764,hitter,TB,TOR,2026,822817,37,139,141,0,571578.0,Patrick_Corbin,1.0,1.0,2.0,0.0,1.0,5.0,3.0,2.0,0.0,9.0,0.10416666666666667,0.454,0.454,0.0,0.0,54.480000000000004,3.535714285714285,5.383928571428572,3.8265734265734266,1.08,0.0,68.0,0,1.0,0.49999999999999994,-0.8660254037844387,0.7818314824680298,0.6234898018587336,0.5,0.5,0.5,0.5,0.5,0.5,0.5,0.5,0.5,0.5,synthetic,synthetic,synthetic,synthetic,synthetic,0.0,0.0,0.0,0.0,0.0,-110.0,-110.0,-110.0,-110.0,-110.0,-110.0,-110.0,-110.0,-110.0,-110.0,0.0,0.0,0.0,0.0,0.0,2026-08-07T03:26:40.888653+00:00,0.38113426734526157,0.7601840184327282,-0.3031449890363828,-0.4745319525128438,-0.051819310677593766,0.6,1.0,0.0,0.0,0.2,1.0,3.0,0.0,0.0,1.0,batter_pitcher_profile_network_v2,1.0,0.3,0.6842414841889217,1.0,0.5986041254560571,-0.3631045304232805,0.1475418134995933,0.044444444444444446,22.0,4.626106540315077,-0.015835516711833208,0.03742758853753159,0.0037427588537531594,-0.48722493386243393,0.05444297235023038,0.017283950617283945,22.0,4.9017774107875915,0.013146627922933217,0.034275115204550996,0.005484018432728159,-0.5798497023809523,-0.0536964737507906,-0.08888888888888889,22.0,5.04783745390204,0.04121339039637103,-0.043473207301083595,-0.00217366036505418,-0.5333074074074075,-0.03134331797235021,0.0,22.0,4.9823483346828175,0.0,-0.0052781005137533,-0.00013195251284383252,-0.6468942129629629,-0.047399430740037926,-0.05185185185185185,22.0,4.961937865619143,-0.03660301429444824,-0.08079970010441928,-0.004847982006265157
2026-05-13,Taylor_Walls,670764,hitter,TB,TOR,2026,822815,38,139,141,0,656302.0,Dylan_Cease,1.0,1.0,0.0,0.0,0.0,4.0,4.0,0.0,1.0,9.0,0.09523809523809523,0.2225,0.2225,0.0,0.0,26.7,3.403361344537815,9.932773109243698,3.8059469941822885,1.08,0.0,68.0,0,1.0,0.49999999999999994,-0.8660254037844387,0.9749279121818236,-0.22252093395631434,0.5,0.5,0.5,0.5,0.5,0.5,0.5,0.5,0.5,0.5,synthetic,synthetic,synthetic,synthetic,synthetic,0.0,0.0,0.0,0.0,0.0,-110.0,-110.0,-110.0,-110.0,-110.0,-110.0,-110.0,-110.0,-110.0,-110.0,0.0,0.0,0.0,0.0,0.0,2026-08-07T03:26:40.888653+00:00,0.1287106234169304,0.3448357099223651,0.09127198017283411,-0.479017358577979,-0.0025076554922909278,0.6,1.0,0.4,0.0,0.4,1.0,1.0,2.0,0.0,1.0,batter_pitcher_profile_network_v2,1.0,0.5,0.6347562082533872,0.0,0.63612118224448,-0.2807642891138804,-0.7107542390740359,0.0,24.0,4.408886108525477,0.003409179914058005,-0.07288600888176255,-0.007288600888176256,-0.4273783532364141,-0.8113291846507489,0.0,24.0,3.9028084176075284,0.01801714949110602,-0.09962056298521793,-0.01593929007763487,-0.5154142328660438,-0.6017758255527116,0.0,24.0,4.461587577040972,0.030278020957017072,-0.083007390725606,-0.004150369536280301,-0.5263148148148148,-0.9607826599870717,0.0,24.0,3.06227072296326,0.0,-0.1846943431191604,-0.0046173585779790095,-0.6169571759259259,-0.6880286282432946,0.0,24.0,4.254464227957815,-0.027835379757064592,-0.17591675335675647,-0.010555005201405388
2026-05-15,Taylor_Walls,670764,hitter,TB,MIA,2026,822983,39,139,146,1,676083.0,Janson_Junk,1.0,2.0,0.0,0.0,3.0,3.0,3.0,0.0,1.0,9.0,0.08571428571428572,0.42333333333333334,0.42333333333333334,0.3333333333333333,28.333333333333332,65.0,2.5625,8.375,2.5714285714285716,1.08,0.0,72.0,0,2.0,0.49999999999999994,-0.8660254037844387,-0.433883739117558,-0.9009688679024191,0.5,1.5,0.5,0.5,0.5,0.5,1.5,0.5,0.5,0.5,synthetic,synthetic,synthetic,synthetic,synthetic,0.0,0.0,0.0,0.0,0.0,-110.0,-110.0,-110.0,-110.0,-110.0,-110.0,-110.0,-110.0,-110.0,-110.0,0.0,0.0,0.0,0.0,0.0,2026-08-07T03:26:40.888653+00:00,0.30517380952380946,-0.029508682501411698,-0.14749090880290527,-0.32093073376552333,-0.1685159426280916,0.8,1.2,0.4,0.0,0.4,1.0,1.0,0.0,0.0,0.0,batter_pitcher_profile_network_v2,1.0,0.45,0.6629418097934596,0.0,0.6209553327351356,-0.35084722222222214,0.12905410942139683,0.0,25.0,5.210440176817025,-0.0027264692283543884,0.0,0.0,-0.5040092592592592,-0.00921791971304916,0.0,25.0,5.532396193424082,0.024966119135856845,0.03588323436617655,0.005741317498588248,-0.5749768518518519,-0.14235327388817234,0.0,25.0,5.682422348731484,0.03467474386592785,0.007086585846656071,0.0003543292923328036,-0.6234861111111111,-0.13274266590594258,0.0,25.0,5.516685816888249,0.0,-0.027896017287600466,-0.0006974004321900117,-0.6907083333333333,-0.11615932295754627,0.0,25.0,5.597717751111864,-0.05032879426305801,-0.06478951999200455,-0.003887371199520273
2026-05-16,Taylor_Walls,670764,hitter,TB,MIA,2026,822981,40,139,146,1,645261.0,Sandy_Alcantara,1.0,1.0,2.0,0.0,0.0,4.0,4.0,0.0,0.0,9.0,0.09302325581395349,0.2225,0.2225,0.0,0.0,26.7,6.846153846153847,6.961538461538461,2.25,1.08,0.0,72.0,0,1.0,0.49999999999999994,-0.8660254037844387,-0.9749279121818236,-0.2225209339563146,0.5,1.5,0.5,0.5,0.5,0.5,1.5,0.5,0.5,0.5,synthetic,synthetic,synthetic,synthetic,synthetic,0.0,0.0,0.0,0.0,0.0,-110.0,-110.0,-110.0,-110.0,-110.0,-110.0,-110.0,-110.0,-110.0,-110.0,0.0,0.0,0.0,0.0,0.0,2026-08-07T03:26:40.888653+00:00,0.37344042253341425,-0.25260753733833297,-0.2659555550490673,-0.4759941643227626,0.6517079619475687,0.8,1.4,0.4,0.0,1.0,1.0,2.0,0.0,0.0,3.0,batter_pitcher_profile_network_v2,1.0,0.6,0.5928500847948486,0.0,0.6664255187675786,-0.2771779162339911,-0.026007921245421145,0.0,26.0,5.806670804325327,-0.005886512436706658,-0.002935071028409654,-0.00029350710284096543,-0.4182914503288336,-0.181232883089133,0.0,26.0,5.928713066257857,0.024893805910883474,0.006475420705185777,0.0010360673128297243,-0.5012266355140187,-0.17283545227920213,0.0,26.0,5.972608811822741,0.01947414064419102,-0.015797147492973895,-0.0007898573746486948,-0.5201296296296296,-0.30111135531135513,0.0,26.0,5.670263315329419,0.0,-0.06376657291050376,-0.0015941643227625941,-0.580824074074074,-0.20149864672364656,0.0,26.0,5.8934299936928625,-0.023962955524061504,-0.06562311482734459,-0.0039373868896406755
2026-05-17,Taylor_Walls,670764,hitter,TB,MIA,2026,822982,41,139,146,1,691587.0,Eury_Pérez,1.0,3.0,0.0,0.0,3.0,4.0,3.0,1.0,1.0,9.0,0.1111111111111111,0.5775,0.5775,0.6666666666666666,30.0,65.0,5.7,11.200000000000001,2.892857142857143,1.08,0.0,72.0,0,1.0,0.49999999999999994,-0.8660254037844387,-0.7818314824680299,0.6234898018587334,0.5,1.5,0.5,0.5,0.5,0.5,1.5,0.5,0.5,0.5,synthetic,synthetic,synthetic,synthetic,synthetic,0.0,0.0,0.0,0.0,0.0,-110.0,-110.0,-110.0,-110.0,-110.0,-110.0,-110.0,-110.0,-110.0,-110.0,0.0,0.0,0.0,0.0,0.0,2026-08-07T03:26:40.888653+00:00,0.3476642292491393,0.7124567923063281,0.5230432553958198,-0.23273333333333335,0.3339539589698072,1.0,1.6,0.8,0.0,1.0,1.0,1.0,2.0,0.0,0.0,batter_pitcher_profile_network_v2,1.0,0.6,0.5204749578128962,0.0,0.671745090600752,-0.19538541666666667,-0.26150057963260204,0.0,27.0,6.30385780842699,-0.006855408467165478,-0.024500564651463847,-0.002450056465146385,-0.3570671296296296,-0.07470641608703406,0.0,27.0,6.315909804945679,0.019354531767561,0.016240368581216726,0.0025984589729946763,-0.4307349537037036,0.1987810846560848,0.0,27.0,5.9506549630369205,0.04050796505924969,0.04050796505924969,0.0020253982529624846,-0.5139444444444444,0.14240667915106117,0.0,27.0,5.938184170298984,0.0,0.0,0.0,-0.542190972222222,0.14223677248677263,0.0,27.0,5.942807813817936,-0.03567921866037186,-0.026759413995278897,-0.0016055648397167337
2026-05-18,Taylor_Walls,670764,hitter,TB,BAL,2026,822980,42,139,110,1,669432.0,Trevor_Rogers,2.0,4.0,3.0,0.0,0.0,5.0,4.0,1.0,1.0,8.0,0.10416666666666667,0.646,0.646,0.5,30.0,65.0,12.9,8.850000000000001,4.258928571428571,1.08,0.0,72.0,0,1.0,0.49999999999999994,-0.8660254037844387,0.0,1.0,0.5,1.5,0.5,0.5,1.5,0.5,1.5,0.5,0.5,1.5,synthetic,synthetic,synthetic,synthetic,synthetic,0.0,0.0,0.0,0.0,0.0,-110.0,-110.0,-110.0,-110.0,-110.0,-110.0,-110.0,-110.0,-110.0,-110.0,0.0,0.0,0.0,0.0,0.0,2026-08-07T03:26:40.888653+00:00,0.5120488095238096,0.8209700785684269,0.35067837024176995,-0.2744,0.17003370357406689,1.0,1.6,0.8,0.0,1.4,1.0,3.0,0.0,0.0,3.0,batter_pitcher_profile_network_v2,1.0,0.5,0.6768278795083249,0.0,0.6335442923801151,-0.22393055555555544,0.4620032872377826,0.0,28.0,5.035308930221822,-0.0008926693909840773,0.0,0.0,-0.3286481481481481,0.41221811496542826,0.0,28.0,5.382227076756543,0.032791994035110475,0.04918799105266571,0.007870078568426513,-0.44622685185185174,0.49605671608265944,0.0,28.0,5.286349797228163,0.04863883340682563,0.04863883340682563,0.0024319416703412816,-0.3866388888888889,0.35248934138052257,0.0,28.0,5.762752727023781,0.0,0.0,0.0,-0.4804583333333333,0.5543546720575022,0.0,28.0,4.8408909357343495,0.03971722228085571,0.029787916710641783,0.0017872750026385069
2026-05-19,Taylor_Walls,670764,hitter,TB,BAL,2026,822979,43,139,110,1,680694.0,Kyle_Bradish,0.0,0.0,0.0,0.0,0.0,3.0,3.0,0.0,1.0,9.0,0.08823529411764706,0.0,0.0,0.0,0.0,10.0,5.035714285714286,10.785714285714286,6.471840659340659,1.08,0.0,72.0,0,1.0,0.49999999999999994,-0.8660254037844387,0.7818314824680298,0.6234898018587336,1.5,2.5,0.5,0.5,1.5,1.5,2.5,0.5,0.5,1.5,synthetic,synthetic,synthetic,synthetic,synthetic,0.0,0.0,0.0,0.0,0.0,-110.0,-110.0,-110.0,-110.0,-110.0,-110.0,-110.0,-110.0,-110.0,-110.0,0.0,0.0,0.0,0.0,0.0,2026-08-07T03:26:40.888653+00:00,-0.24476142541248103,-0.5753762283442776,0.6260499900314305,-0.4750798140831708,-0.5492424790334608,1.2,2.2,1.0,0.0,1.2,2.0,4.0,3.0,0.0,0.0,batter_pitcher_profile_network_v2,1.0,0.55,0.6080159711396392,0.0,0.6515349239444668,-0.20796763506625912,-0.13762103010904775,0.0,29.0,7.003335208834896,0.016772002996688837,-0.011218865200008785,-0.0011218865200008786,-0.28182101597009873,-0.19322005025131803,0.0,29.0,7.025549134921037,0.045983387594294496,0.047630190495321786,0.007620830479251486,-0.4266636085626914,0.028230946221799946,0.0,29.0,7.009095708034499,0.09062972952324476,0.09062972952324476,0.0045314864761622385,-0.2803888888888889,-0.24741212342204974,0.0,29.0,6.789715020581057,0.0,-0.027192563326831638,-0.0006798140831707909,-0.42861111111111116,-0.062773457572238,0.0,29.0,6.949889299210288,0.022968252787698495,0.0066797019525539885,0.0004007821171532393
2026-05-20,Taylor_Walls,670764,hitter,TB,BAL,2026,822977,44,139,110,1,669358.0,Shane_Baz,0.0,0.0,0.0,0.0,0.0,3.0,2.0,1.0,0.0,9.0,0.09090909090909091,0.22999999999999998,0.22999999999999998,0.0,0.0,27.599999999999998,7.14705882352941,7.046218487394957,7.436126373626373,1.08,0.0,72.0,0,1.0,0.49999999999999994,-0.8660254037844387,0.9749279121818236,-0.22252093395631434,0.5,1.5,0.5,0.5,1.5,0.5,1.5,0.5,0.5,1.5,synthetic,synthetic,synthetic,synthetic,synthetic,0.0,0.0,0.0,0.0,0.0,-110.0,-110.0,-110.0,-110.0,-110.0,-110.0,-110.0,-110.0,-110.0,-110.0,0.0,0.0,0.0,0.0,0.0,2026-08-07T03:26:40.888653+00:00,0.5698371608783375,-0.14731251453737193,0.3845289965982377,-0.47464476472965017,-0.4275606527911462,1.0,2.0,1.0,0.0,1.2,0.0,0.0,0.0,0.0,0.0,batter_pitcher_profile_network_v2,1.0,0.55,0.5308764140833553,0.0,0.6567322016011339,-0.3231481481481481,0.1435099735725365,0.0,30.0,6.929631715190718,0.03168036497549685,0.0,0.0,-0.376787037037037,0.02988794092382723,0.0,30.0,7.28046951619835,0.055269825791254217,0.08290473868688132,0.013264758189901011,-0.5434351851851851,0.14290786187496723,0.0,30.0,7.209156106572075,0.0985444674292898,0.0985444674292898,0.00492722337146449,-0.3007592592592594,-0.06939090523001887,0.0,30.0,7.299323807259874,0.0,-0.00979058918600722,-0.0002447647296501805,-0.5355092592592592,0.11455850290060823,0.0,30.0,7.102882094852655,0.038309724854313554,0.028732293640735165,0.0017239376184441098
2026-05-22,Taylor_Walls,670764,hitter,TB,NYY,2026,823546,45,139,147,0,543037.0,Gerrit_Cole,0.0,0.0,0.0,0.0,0.0,4.0,3.0,1.0,2.0,9.0,0.10526315789473684,0.1725,0.1725,0.0,0.0,20.7,2.7,8.100000000000001,3.720351077493935,1.08,10.0,66.0,0,2.0,0.49999999999999994,-0.8660254037844387,-0.433883739117558,-0.9009688679024191,0.5,1.5,0.5,0.5,0.5,0.5,1.5,0.5,0.5,0.5,synthetic,synthetic,synthetic,synthetic,synthetic,0.0,0.0,0.0,0.0,0.0,-110.0,-110.0,-110.0,-110.0,-110.0,-110.0,-110.0,-110.0,-110.0,-110.0,0.0,0.0,0.0,0.0,0.0,2026-08-07T03:26:40.888653+00:00,0.2256175518716872,-0.4055253465609949,0.18387472444344566,-0.4744,-0.02238577218205312,0.8,1.6,1.0,0.0,0.6,0.0,0.0,0.0,0.0,0.0,batter_pitcher_profile_network_v2,1.0,0.1,0.8590165042944955,0.0,0.5244770478223925,-0.3279344280027692,0.21468749999999998,0.0,31.0,7.102399294220413,0.0315940140480079,0.0,0.0,-0.38517233471789547,0.376125,0.0,31.0,6.518310117912403,0.05521785424146815,0.08282678136220223,0.013252285017952357,-0.5566329828660437,-0.007374999999999882,0.0,31.0,7.816987780167068,0.07259059339776137,0.07201183242760928,0.0036005916213804642,-0.3080925925925926,0.39175000000000004,0.0,31.0,6.546198539281413,0.0,0.0,0.0,-0.5669050925925925,0.18950000000000009,0.0,31.0,7.318591469776454,0.023493339089767407,0.017620004317325556,0.0010572002590395334
2026-05-24,Taylor_Walls,670764,hitter,TB,NYY,2026,823544,46,139,147,0,677960.0,Ryan_Weathers,0.0,0.0,0.0,0.0,0.0,4.0,4.0,0.0,1.0,7.0,0.1111111111111111,0.0,0.0,0.0,0.0,10.0,4.3598684210526315,11.200657894736842,4.455044955044955,1.08,0.0,57.0,0,2.0,0.49999999999999994,-0.8660254037844387,-0.7818314824680299,0.6234898018587334,0.5,1.5,0.5,0.5,0.5,0.5,1.5,0.5,0.5,0.5,synthetic,synthetic,synthetic,synthetic,synthetic,0.0,0.0,0.0,0.0,0.0,-110.0,-110.0,-110.0,-110.0,-110.0,-110.0,-110.0,-110.0,-110.0,-110.0,0.0,0.0,0.0,0.0,0.0,2026-08-07T03:26:40.888653+00:00,-0.06943109653504392,-0.5990672614767001,-0.10116149055131979,-0.4744,-0.030229028233136057,0.6,1.4,0.6,0.0,0.6,0.0,0.0,0.0,0.0,0.0,batter_pitcher_profile_network_v2,1.0,0.6,0.6266265751587663,0.0,0.6639429467258307,-0.40754177483558307,0.190408432432002,0.0,31.0,7.186182308847369,0.04391672363087252,0.0,0.0,-0.43981797334717887,0.24547640216094746,0.0,31.0,7.0781139843195655,0.06228918829152798,0.09343378243729197,0.014949405189966717,-0.6127369548286605,0.37643196003060586,0.0,31.0,6.849117557951026,0.10672523392864833,0.10672523392864833,0.005336261696432417,-0.3103148148148148,0.2740877834839048,0.0,31.0,7.023361884409934,0.0,0.0,0.0,-0.5764189814814815,0.4514878938827459,0.0,31.0,6.297545722695508,0.03004571884332007,0.022534289132490053,0.001352057347949403
2026-05-25,Taylor_Walls,670764,hitter,TB,BAL,2026,824838,47,139,110,0,680694.0,Kyle_Bradish,1.0,1.0,0.0,0.0,0.0,6.0,6.0,0.0,3.0,9.0,0.1111111111111111,0.14833333333333334,0.14833333333333334,0.0,0.0,17.8,2.410714285714286,11.160714285714286,10.682554945054946,1.08,2.0,69.0,0,1.0,0.49999999999999994,-0.8660254037844387,0.0,1.0,0.5,0.5,0.5,0.5,0.5,0.5,0.5,0.5,0.5,0.5,synthetic,synthetic,synthetic,synthetic,synthetic,0.0,0.0,0.0,0.0,0.0,-110.0,-110.0,-110.0,-110.0,-110.0,-110.0,-110.0,-110.0,-110.0,-110.0,0.0,0.0,0.0,0.0,0.0,2026-08-07T03:26:40.888653+00:00,0.09407129322675734,0.08232676714503406,0.26773410881106485,-0.4751324975869077,-0.0849877960564116,0.4,0.8,0.6,0.0,0.0,0.0,0.0,0.0,0.0,0.0,batter_pitcher_profile_network_v2,1.0,0.6,0.5652984928568763,1.0,0.6872005607750196,-0.4728928459119498,-0.1579599470156647,-0.05555555555555555,31.0,7.748270766154901,0.05628590295036185,-0.07595190289726203,-0.007595190289726203,-0.4930248602375962,-0.18581743097064826,-0.059259259259259255,31.0,7.766650369239334,0.06410821122802084,0.009958961323129456,0.001593433811700713,-0.6946049528301887,0.03741263571723612,-0.0962962962962963,31.0,7.77148264974652,0.10082678822982909,0.02546056449968319,0.0012730282249841596,-0.3206555555555556,-0.21020172465094564,0.0,31.0,7.574282315455047,0.0,-0.02929990347630845,-0.0007324975869077113,-0.6428430555555555,-0.05342302103617155,-0.07407407407407407,31.0,7.668113427860888,0.06871018643836281,-0.021370166263760024,-0.0012822099758256014
2026-05-29,Taylor_Walls,670764,hitter,TB,LAA,2026,822978,48,139,108,1,700712.0,Walbert_Ureña,0.0,0.0,0.0,0.0,0.0,0.0,0.0,0.0,0.0,3.0,0.0,0.0,0.0,0.0,0.0,10.0,1.8,8.0,1.3499999999999999,1.08,0.0,72.0,0,4.0,0.49999999999999994,-0.8660254037844387,-0.433883739117558,-0.9009688679024191,0.5,0.5,0.5,0.5,0.5,0.5,0.5,0.5,0.5,0.5,synthetic,synthetic,synthetic,synthetic,synthetic,0.0,0.0,0.0,0.0,0.0,-110.0,-110.0,-110.0,-110.0,-110.0,-110.0,-110.0,-110.0,-110.0,-110.0,0.0,0.0,0.0,0.0,0.0,2026-08-07T03:26:40.888653+00:00,-0.2650192715873907,-0.341462717996877,-0.4985099976872698,-0.4756959935569852,-0.5,0.2,0.2,0.0,0.0,0.0,1.0,1.0,0.0,0.0,0.0,batter_pitcher_profile_network_v2,1.0,0.4,0.66844063739047,0.0,0.607246408767867,-0.4129946540880499,-0.4444488795518207,0.0,33.0,7.95660039342625,0.04265491905487374,-0.06085938254057424,-0.006085938254057424,-0.4487316212438851,-0.48606592182327474,0.0,33.0,7.7706420985191,0.03940864614813593,-0.013204487480481406,-0.002112717996877025,-0.6432075471698111,-0.25497853535353515,0.0,33.0,8.289668976122666,0.08417714718537966,0.029800046254604383,0.0014900023127302191,-0.31776666666666675,-0.4920318309141838,0.0,33.0,7.507446708332337,0.0,-0.0518397422794095,-0.0012959935569852375,-0.618322222222222,-0.3939873737373735,0.0,33.0,7.841607352749342,0.028452984664188368,-0.059431818608767575,-0.0035659091165260543
2026-05-30,Taylor_Walls,670764,hitter,TB,LAA,2026,822975,49,139,108,1,672282.0,Reid_Detmers,0.0,0.0,0.0,0.0,0.0,4.0,3.0,1.0,2.0,9.0,0.0975609756097561,0.1725,0.1725,0.0,0.0,20.7,5.669117647058823,12.661764705882353,5.8500000000000005,1.08,0.0,72.0,0,1.0,0.49999999999999994,-0.8660254037844387,-0.9749279121818236,-0.2225209339563146,0.5,0.5,0.5,0.5,0.5,0.5,0.5,0.5,0.5,0.5,synthetic,synthetic,synthetic,synthetic,synthetic,0.0,0.0,0.0,0.0,0.0,-110.0,-110.0,-110.0,-110.0,-110.0,-110.0,-110.0,-110.0,-110.0,-110.0,0.0,0.0,0.0,0.0,0.0,2026-08-07T03:26:40.888653+00:00,-0.3133727031560273,-0.2974301160257735,-0.36047796205817506,-0.47574655334223753,-0.3348627411731539,0.2,0.2,0.0,0.0,0.0,0.0,0.0,0.0,0.0,0.0,batter_pitcher_profile_network_v2,1.0,0.65,0.5639784217817938,0.0,0.6825932181656247,-0.4397852750809059,-0.2485331313158175,0.0,34.0,8.730311608655892,0.03459982337873465,-0.047657686749178765,-0.004765768674917877,-0.46659203523912246,-0.32734513598805676,0.0,34.0,8.584411881703584,0.03505722278226268,-0.014010633697670319,-0.002241701391627251,-0.6360679611650484,-0.0988103583966585,0.0,34.0,8.83849855588753,0.07680817466229149,0.04940417347064548,0.002470208673532274,-0.31776666666666675,-0.3887471630150838,0.0,34.0,8.184898532635245,0.0,-0.05386213368950119,-0.0013465533422375299,-0.6033222222222221,-0.13513355659485668,0.0,34.0,8.699838245324862,0.028632394145201384,-0.014074141503785081,-0.0008444484902271048
2026-05-31,Taylor_Walls,670764,hitter,TB,LAA,2026,822976,50,139,108,1,686799.0,Jack_Kochanowicz,2.0,2.0,0.0,0.0,0.0,4.0,3.0,1.0,0.0,9.0,0.0975609756097561,0.6174999999999999,0.6174999999999999,0.0,0.0,65.0,8.25,8.5,5.078571428571429,1.08,0.0,72.0,0,1.0,0.49999999999999994,-0.8660254037844387,-0.7818314824680299,0.6234898018587334,0.5,0.5,0.5,0.5,0.5,0.5,0.5,0.5,0.5,0.5,synthetic,synthetic,synthetic,synthetic,synthetic,0.0,0.0,0.0,0.0,0.0,-110.0,-110.0,-110.0,-110.0,-110.0,-110.0,-110.0,-110.0,-110.0,-110.0,0.0,0.0,0.0,0.0,0.0,2026-08-07T03:26:40.888653+00:00,-0.1322842313166025,-0.09120936664194129,-0.1536754129246588,-0.47458964883799004,-0.2383567805841028,0.2,0.2,0.0,0.0,0.0,0.0,0.0,0.0,0.0,0.0,batter_pitcher_profile_network_v2,1.0,0.7,0.5529916286724411,0.0,0.6975809678413382,-0.47619304207119717,-0.042674976928570446,0.0,35.0,9.208745377711585,0.02248315097005855,-0.009083892724678267,-0.0009083892724678267,-0.4908638798993166,-0.08351465123529468,0.0,35.0,9.284415898335308,0.02775423782081107,0.023306549951281463,0.003729047992205034,-0.6603398058252425,0.07988692465290222,0.0,35.0,9.234124769911652,0.061883727569543134,0.061883727569543134,0.003094186378477157,-0.31776666666666675,-0.053405524251167624,0.0,35.0,9.14133006388111,0.0,-0.0075859535196031,-0.0001896488379900775,-0.6033222222222221,-0.0038068584158808746,0.0,35.0,9.15419767223881,0.017656466404365512,0.012215677837542658,0.0007329406702525595
2026-06-01,Taylor_Walls,670764,hitter,TB,DET,2026,822974,51,139,116,1,680744.0,Ty_Madden,0.0,0.0,0.0,0.0,0.0,0.0,0.0,0.0,0.0,9.0,0.0,0.0,0.0,0.0,0.0,10.0,1.5,6.699999999999999,9.857142857142858,1.08,0.0,72.0,0,1.0,1.2246467991473532e-16,-1.0,0.0,1.0,0.5,0.5,0.5,0.5,0.5,0.5,0.5,0.5,0.5,0.5,synthetic,synthetic,synthetic,synthetic,synthetic,0.0,0.0,0.0,0.0,0.0,-110.0,-110.0,-110.0,-110.0,-110.0,-110.0,-110.0,-110.0,-110.0,-110.0,0.0,0.0,0.0,0.0,0.0,2026-08-07T03:26:40.888653+00:00,0.5583523809523809,0.055911774196582664,-0.3778298392696483,-0.4745587358973391,-0.29958446895499824,0.6,0.6,0.0,0.0,0.0,2.0,2.0,0.0,0.0,0.0,batter_pitcher_profile_network_v2,1.0,0.1,0.7526813046263745,0.0,0.5257796540183269,-0.2565472873966198,0.45304354469060343,0.0,36.0,7.593672503843697,0.030447559401594618,0.0,0.0,-0.3255830681409564,0.13019165393430093,0.0,36.0,9.32295211410779,0.03025739248576132,0.045386088728641985,0.0072617741965827175,-0.47174302184466,0.5330925324675326,0.0,36.0,7.757475786422135,0.05126035746417695,0.05126035746417695,0.002563017873208848,-0.2973962962962964,-0.08632620320855615,0.0,36.0,9.662924074823964,0.0,-0.006349435893563907,-0.00015873589733909768,-0.4928997685185183,0.3763961038961039,0.0,36.0,8.386519223897704,0.012408626396864592,0.009306469797648445,0.0005583881878589066
2026-06-05,Taylor_Walls,670764,hitter,TB,MIA,2026,823860,52,139,146,0,687473.0,Ryan_Gusto,1.0,1.0,0.0,0.0,0.0,4.0,4.0,0.0,2.0,9.0,0.09090909090909091,0.2225,0.2225,0.0,0.0,26.7,6.75,11.25,4.933082706766917,1.0766666666666667,0.0,72.0,0,4.0,1.2246467991473532e-16,-1.0,-0.433883739117558,-0.9009688679024191,0.5,0.5,0.5,0.5,0.5,0.5,0.5,0.5,0.5,0.5,synthetic,synthetic,synthetic,synthetic,synthetic,0.0,0.0,0.0,0.0,0.0,-110.0,-110.0,-110.0,-110.0,-110.0,-110.0,-110.0,-110.0,-110.0,-110.0,0.0,0.0,0.0,0.0,0.0,2026-08-07T03:26:40.888653+00:00,-0.014073661426293071,-0.024629777108308493,-0.3861673597445271,-0.47546666666666665,-0.3726070005514555,0.6,0.6,0.0,0.0,0.0,0.0,0.0,0.0,0.0,0.0,batter_pitcher_profile_network_v2,1.0,0.0,1.0,0.0,0.5,-0.33550625,0.0,0.0,36.0,9.646248780089328,0.04156526675689939,0.0,0.0,-0.38725324074074075,0.0,0.0,36.0,9.68287380003237,0.037177065079017704,0.055765597618526556,0.008922495618964249,-0.5448437500000001,0.0,0.0,36.0,9.823566289293348,0.0701610074334499,0.0701610074334499,0.0035080503716724953,-0.30687777777777786,0.0,0.0,36.0,9.591161601211056,0.0,0.0,0.0,-0.5456451388888889,0.0,0.0,36.0,9.656921177804968,0.0017727378023938117,0.0013295533517953587,7.977320110772152e-05
2026-06-06,Taylor_Walls,670764,hitter,TB,MIA,2026,823859,53,139,146,0,669199.0,Lake_Bachar,1.0,1.0,1.0,0.0,0.0,4.0,4.0,0.0,2.0,7.0,0.10256410256410256,0.2225,0.2225,0.0,0.0,26.7,6.75,13.125,4.84124597207304,1.0766666666666667,0.0,72.0,0,1.0,1.2246467991473532e-16,-1.0,-0.9749279121818236,-0.2225209339563146,0.5,0.5,0.5,0.5,0.5,0.5,0.5,0.5,0.5,0.5,synthetic,synthetic,synthetic,synthetic,synthetic,0.0,0.0,0.0,0.0,0.0,-110.0,-110.0,-110.0,-110.0,-110.0,-110.0,-110.0,-110.0,-110.0,-110.0,0.0,0.0,0.0,0.0,0.0,2026-08-07T03:26:40.888653+00:00,0.04406215887660314,0.11806706369775855,-0.35777735566849705,-0.47584174778767363,-0.36569820869885,0.6,0.6,0.0,0.0,0.0,1.0,1.0,0.0,0.0,0.0,batter_pitcher_profile_network_v2,1.0,0.05,0.9425,0.0,0.5117271875,-0.3250909699303265,-0.8418125000000001,0.0,36.0,6.7652403162978425,0.0233635211339867,-0.015735774422157196,-0.0015735774422157196,-0.3736137330399708,-0.86775,0.0,36.0,6.553088127617153,0.007811392553069463,-0.0069246018890082965,-0.0011079363022413276,-0.5219368811881191,-0.6487962962962962,0.0,36.0,7.398853024046037,0.05556279607801361,0.03609152994163434,0.001804576497081717,-0.3006925925925926,-0.86775,0.0,36.0,6.345899561772658,0.0,-0.015003244840277779,-0.00037508112100694446,-0.5070120370370372,-0.8006481481481481,0.0,36.0,6.582815425355391,-0.016120110231442986,-0.03543153196477738,-0.0021258919178866425
2026-06-07,Taylor_Walls,670764,hitter,TB,MIA,2026,823857,54,139,146,0,645261.0,Sandy_Alcantara,0.0,0.0,1.0,0.0,0.0,3.0,2.0,0.0,1.0,9.0,0.09375,0.24,0.24,0.0,0.0,28.799999999999997,8.521008403361344,5.760504201680672,4.7126745435016115,1.0766666666666667,0.0,72.0,0,1.0,1.2246467991473532e-16,-1.0,-0.7818314824680299,0.6234898018587334,0.5,0.5,0.5,0.5,0.5,0.5,0.5,0.5,0.5,0.5,synthetic,synthetic,synthetic,synthetic,synthetic,0.0,0.0,0.0,0.0,0.0,-110.0,-110.0,-110.0,-110.0,-110.0,-110.0,-110.0,-110.0,-110.0,-110.0,0.0,0.0,0.0,0.0,0.0,2026-08-07T03:26:40.888653+00:00,0.5349233158588698,0.25183638242717543,-0.1164962766869867,-0.47546666666666665,-0.3775350289627435,0.8,0.8,0.2,0.0,0.0,1.0,1.0,1.0,0.0,0.0,batter_pitcher_profile_network_v2,1.0,0.8,0.42306989127749517,1.0,0.7572891506548055,-0.4297705473856207,0.22062498407200903,0.044444444444444446,35.0,8.511539373080007,0.021486406452543884,0.03162377536172212,0.0031623775361722117,-0.4912720315904138,0.11226928744207569,0.00987654320987654,35.0,8.994610563976211,0.03869575635593907,0.06507114016984684,0.010411382427175495,-0.612827818627451,0.034176456694762845,0.1111111111111111,35.0,9.393001706238605,-0.019159515645650747,0.05989992275865455,0.0029949961379327275,-0.4211277777777777,0.02488795832815169,0.0,35.0,9.167289532928596,0.0,0.0,0.0,-0.6206937499999998,0.07342487441628183,-0.07407407407407407,35.0,9.151407535780928,0.016524919963292063,-0.04031260229706781,-0.0024187561378240688
2026-06-08,Taylor_Walls,670764,hitter,TB,BOS,2026,822972,55,139,111,1,813349.0,Connelly_Early,0.0,0.0,1.0,0.0,0.0,4.0,3.0,1.0,1.0,7.0,0.10526315789473684,0.1725,0.1725,0.0,0.0,20.7,3.6710526315789473,8.743421052631579,4.2857142857142865,1.08,0.0,72.0,0,1.0,1.2246467991473532e-16,-1.0,0.0,1.0,0.5,0.5,0.5,0.5,0.5,0.5,0.5,0.5,0.5,0.5,synthetic,synthetic,synthetic,synthetic,synthetic,0.0,0.0,0.0,0.0,0.0,-110.0,-110.0,-110.0,-110.0,-110.0,-110.0,-110.0,-110.0,-110.0,-110.0,0.0,0.0,0.0,0.0,0.0,2026-08-07T03:26:40.888653+00:00,0.24161046118684504,0.08445836766513337,-0.01888565375932455,-0.47444028992600007,-0.41043951449040134,0.8,0.8,0.4,0.0,0.0,0.0,0.0,1.0,0.0,0.0,batter_pitcher_profile_network_v2,1.0,0.75,0.45373015633997626,1.0,0.7395635418862647,-0.38926226622662263,-0.26716601143600194,0.044444444444444446,36.0,9.819820821287777,0.004185168586858573,-0.024505663820773523,-0.0024505663820773523,-0.4621415108177485,-0.14450791887329564,0.00987654320987654,36.0,10.059975602002394,0.01635178590930082,-0.004775004724495938,-0.0007640007559193501,-0.5817285478547856,-0.15974628766131643,-0.0962962962962963,36.0,9.977880565981609,0.05219977224847257,-0.06855893984814691,-0.003427946992407346,-0.41812777777777776,-0.00705570174791339,0.0,36.0,9.895407793622342,0.0,-0.001611597040003867,-4.028992600009668e-05,-0.60785,-0.17696150172859473,-0.07407407407407407,36.0,9.870071919628936,-0.011301904028523397,-0.12107837433876988,-0.007264702460326193
2026-06-09,Taylor_Walls,670764,hitter,TB,BOS,2026,822969,56,139,111,1,801139.0,Payton_Tolle,0.0,0.0,0.0,0.0,0.0,0.0,0.0,0.0,0.0,9.0,0.0,0.0,0.0,0.0,0.0,10.0,2.785714285714286,11.5,4.671428571428572,1.08,0.0,72.0,0,1.0,1.2246467991473532e-16,-1.0,0.7818314824680298,0.6234898018587336,0.5,0.5,0.5,0.5,0.5,0.5,0.5,0.5,0.5,0.5,synthetic,synthetic,synthetic,synthetic,synthetic,0.0,0.0,0.0,0.0,0.0,-110.0,-110.0,-110.0,-110.0,-110.0,-110.0,-110.0,-110.0,-110.0,-110.0,0.0,0.0,0.0,0.0,0.0,2026-08-07T03:26:40.888653+00:00,-0.3194043284132617,-0.3799108599087916,-0.12237595397929157,-0.47627108337503166,-0.5,0.4,0.4,0.6,0.0,0.0,0.0,0.0,1.0,0.0,0.0,batter_pitcher_profile_network_v2,1.0,0.4,0.6786377668682094,1.0,0.6254967494234578,-0.49203681243124314,-0.5522745739140726,-0.06666666666666667,38.0,9.512243589840612,-0.0027589735657692796,-0.1432813793707133,-0.014328137937071331,-0.5415189860652732,-0.5493714734933665,-0.06419753086419754,38.0,9.54144797341316,-0.0026796601273250927,-0.15350537442994763,-0.024560859908791623,-0.6628351897689768,-0.5200031830914182,-0.0962962962962963,38.0,9.224502252084315,0.057641629229669464,-0.13394765101440315,-0.006697382550720158,-0.43346111111111113,-0.5372892542420296,0.0,38.0,9.36122633797719,0.0,-0.07484333500126743,-0.0018710833750316858,-0.6684958333333332,-0.5607796982429334,-0.07407407407407407,38.0,9.096551208032599,-0.042603778197776755,-0.21459652058013712,-0.012875791234808226
2026-06-10,Taylor_Walls,670764,hitter,TB,BOS,2026,822970,57,139,111,1,687562.0,Jake_Bennett,2.0,2.0,1.0,0.0,1.0,4.0,3.0,0.0,0.0,9.0,0.10526315789473684,0.445,0.445,0.0,0.0,53.4,6.45,5.962500000000001,4.671428571428572,1.08,0.0,72.0,0,1.0,1.2246467991473532e-16,-1.0,0.9749279121818236,-0.22252093395631434,0.5,0.5,0.5,0.5,0.5,0.5,0.5,0.5,0.5,0.5,synthetic,synthetic,synthetic,synthetic,synthetic,0.0,0.0,0.0,0.0,0.0,-110.0,-110.0,-110.0,-110.0,-110.0,-110.0,-110.0,-110.0,-110.0,-110.0,0.0,0.0,0.0,0.0,0.0,2026-08-07T03:26:40.888653+00:00,0.12023565162907279,-0.047066340221244285,0.12053003116403627,-0.4744,-0.3072643531802943,0.4,0.4,0.6,0.0,0.0,0.0,0.0,0.0,0.0,0.0,batter_pitcher_profile_network_v2,1.0,0.2,0.8900000000000001,1.0,0.566945,-0.4067923185941044,0.8143198729582576,-0.06666666666666667,39.0,5.787424431287958,0.0048449065600118055,-0.063,-0.0063,-0.48468932350718075,0.45982917422867503,-0.06419753086419754,39.0,8.66810019582249,0.011637325101540493,-0.043210679014355935,-0.006913708642296949,-0.6060055272108844,0.44359913793103445,-0.0962962962962963,39.0,9.391112370736666,0.06754047290478439,-0.02345952709521562,-0.0011729763547607811,-0.43346111111111113,0.11941969147005446,0.0,39.0,10.702659345119471,0.0,0.0,0.0,-0.6684958333333332,0.450301724137931,-0.07407407407407407,39.0,9.036979617784462,-0.020561231909632705,-0.08542092393222453,-0.005125255435933471
2026-06-12,Taylor_Walls,670764,hitter,TB,LAA,2026,824020,58,139,108,0,691951.0,Sam_Aldegheri,1.0,1.0,0.0,0.0,0.0,4.0,3.0,1.0,0.0,9.0,0.1,0.395,0.395,0.0,0.0,47.400000000000006,1.5,5.8125,2.264640638864241,1.08,0.0,80.0,0,2.0,1.2246467991473532e-16,-1.0,-0.433883739117558,-0.9009688679024191,0.5,0.5,0.5,0.5,0.5,0.5,0.5,0.5,0.5,0.5,synthetic,synthetic,synthetic,synthetic,synthetic,0.0,0.0,0.0,0.0,0.0,-110.0,-110.0,-110.0,-110.0,-110.0,-110.0,-110.0,-110.0,-110.0,-110.0,0.0,0.0,0.0,0.0,0.0,2026-08-07T03:26:40.888653+00:00,0.4833606255545697,0.33890007437594505,0.2385876018710842,-0.4745796565138889,-0.15059582826084855,0.6,0.6,0.8,0.0,0.2,2.0,2.0,1.0,0.0,1.0,batter_pitcher_profile_network_v2,1.0,0.05,0.9425,0.0,0.5117271875,-0.4423028619528615,0.3041111111111111,0.0,40.0,9.776372409220457,0.00033975496592839624,0.0,0.0,-0.5395080808080805,0.0013194444444444287,0.0,40.0,11.1671835902816,0.01375030989977059,0.020625464849655883,0.0033000743759449415,-0.6558080808080804,0.1064953703703704,0.0,40.0,11.151686311913945,0.0671113985574431,0.0671113985574431,0.003355569927872155,-0.5207435185185185,-0.23999999999999994,0.0,40.0,11.022357376290298,0.0,-0.007186260555555553,-0.00017965651388888884,-0.7431740740740738,0.0029074074074074557,0.0,40.0,11.137495397035337,-0.06506356009023864,-0.04879767006767898,-0.002927860204060739
2026-06-13,Taylor_Walls,670764,hitter,TB,LAA,2026,824019,59,139,108,0,667755.0,José_Soriano,1.0,1.0,0.0,0.0,0.0,3.0,2.0,1.0,0.0,9.0,0.08571428571428572,0.5266666666666667,0.5266666666666667,0.0,0.0,63.20000000000001,5.085714285714285,7.900000000000001,2.1574977817213843,1.08,8.0,76.0,0,1.0,1.2246467991473532e-16,-1.0,-0.9749279121818236,-0.2225209339563146,0.5,0.5,0.5,0.5,0.5,0.5,0.5,0.5,0.5,0.5,synthetic,synthetic,synthetic,synthetic,synthetic,0.0,0.0,0.0,0.0,0.0,-110.0,-110.0,-110.0,-110.0,-110.0,-110.0,-110.0,-110.0,-110.0,-110.0,0.0,0.0,0.0,0.0,0.0,2026-08-07T03:26:40.888653+00:00,0.18664280787056065,0.2244441762556022,0.019559852753648577,-0.4758630700750325,-0.29792977568278267,0.6,0.6,0.6,0.0,0.2,1.0,1.0,0.0,0.0,0.0,batter_pitcher_profile_network_v2,1.0,0.8,0.4709308852682873,0.0,0.7338487732437078,-0.40219490740740726,-0.3943080014614543,0.0,40.0,10.616907481345256,-0.0250634750079311,-0.08390436731627984,-0.008390436731627985,-0.5075749999999999,-0.31966281512605044,0.0,40.0,10.967913156277376,-0.004462283265341398,-0.09253639840248665,-0.014805823744397864,-0.6190624999999998,-0.08872995067592251,0.0,40.0,11.316577909323708,0.09442738116074369,0.06536594001825431,0.003268297000912716,-0.5134101851851852,-0.2154508586043113,0.0,40.0,11.074929162285006,0.0,-0.05852280300129914,-0.0014630700750324786,-0.7117782407407405,-0.19315929850200952,0.0,40.0,11.073692287468539,-0.0720060088613795,-0.1267444128141991,-0.007604664768851945
2026-06-15,Taylor_Walls,670764,hitter,TB,LAD,2026,823938,60,139,119,0,641778.0,Eric_Lauer,0.0,0.0,0.0,0.0,1.0,4.0,3.0,0.0,3.0,9.0,0.10810810810810811,0.0,0.0,0.0,0.0,10.0,2.844537815126051,5.2899159663865545,9.281633583807496,1.08,9.0,71.0,0,2.0,1.2246467991473532e-16,-1.0,0.0,1.0,0.5,0.5,0.5,0.5,0.5,0.5,0.5,0.5,0.5,0.5,synthetic,synthetic,synthetic,synthetic,synthetic,0.0,0.0,0.0,0.0,0.0,-110.0,-110.0,-110.0,-110.0,-110.0,-110.0,-110.0,-110.0,-110.0,-110.0,0.0,0.0,0.0,0.0,0.0,2026-08-07T03:26:40.888653+00:00,0.7591480906190737,0.15396761649946133,-0.01604292178079858,-0.4744,-0.0640237194783394,0.8,0.8,0.4,0.0,0.2,1.0,1.0,0.0,0.0,0.0,batter_pitcher_profile_network_v2,1.0,0.55,0.6521984002785781,1.0,0.6673081327812309,-0.31439776936026903,0.37342519160049353,0.03703703703703704,40.0,9.479779039778347,-0.024470037665651565,0.030596266671825526,0.003059626667182553,-0.4327719696969694,0.5648205376374416,0.007407407407407405,40.0,8.043743757454553,0.009518674632953484,0.02039726528379533,0.0032635624454072525,-0.5261205808080804,0.48274343524950947,-0.08888888888888889,40.0,9.480882437460254,0.09161469626458842,0.018183656252207164,0.0009091828126103583,-0.49370648148148155,0.8084044748355093,0.0,40.0,6.135962689494786,0.0,0.0,0.0,-0.6152689814814812,0.5304839747020054,0.1111111111111111,40.0,8.743863318144733,-0.0832858178839542,0.029324436602510905,0.0017594661961506542
2026-06-16,Taylor_Walls,670764,hitter,TB,LAD,2026,823939,61,139,119,0,680736.0,Justin_Wrobleski,1.0,1.0,0.0,0.0,0.0,3.0,3.0,0.0,1.0,9.0,0.1,0.2966666666666667,0.2966666666666667,0.0,0.0,35.6,3.0,6.5,7.436913086913086,1.08,0.0,70.0,0,1.0,1.2246467991473532e-16,-1.0,0.7818314824680298,0.6234898018587336,0.5,0.5,0.5,0.5,0.5,0.5,0.5,0.5,0.5,0.5,synthetic,synthetic,synthetic,synthetic,synthetic,0.0,0.0,0.0,0.0,0.0,-110.0,-110.0,-110.0,-110.0,-110.0,-110.0,-110.0,-110.0,-110.0,-110.0,0.0,0.0,0.0,0.0,0.0,2026-08-07T03:26:40.888653+00:00,0.4652098568098568,0.13181838596704665,-0.08426551831821927,-0.4750654402878084,0.21197519113544017,0.8,0.8,0.2,0.0,0.4,0.0,0.0,0.0,0.0,1.0,batter_pitcher_profile_network_v2,1.0,0.65,0.5836787354541951,0.0,0.6810245806894597,-0.4709310185185184,0.018215538194930405,0.0,42.0,11.874905835356515,-0.0218811442993615,0.0,0.0,-0.5461583333333332,-0.07695693090022557,0.0,42.0,12.114599432150653,-0.003049550925776681,-0.022072587705958307,-0.003531614032953329,-0.6509374999999997,-0.2195472432771846,0.0,42.0,11.908827529742815,0.05894032380517841,-0.0005567866108053959,-2.78393305402698e-05,-0.503187962962963,-0.1270604077214176,0.0,42.0,11.961487519971229,0.0,-0.026617611512336468,-0.0006654402878084118,-0.6680143518518515,-0.21054200045157756,0.0,42.0,11.876911518465793,-0.04349446683280297,-0.09117438683690487,-0.005470463210214292
2026-06-17,Taylor_Walls,670764,hitter,TB,LAD,2026,823940,62,139,119,0,660271.0,Shohei_Ohtani,0.0,0.0,0.0,0.0,1.0,4.0,3.0,0.0,0.0,9.0,0.10256410256410256,0.0,0.0,0.0,0.0,10.0,1.8499999999999999,9.200000000000001,7.051198801198801,1.08,4.0,78.0,0,1.0,1.2246467991473532e-16,-1.0,0.9749279121818236,-0.22252093395631434,0.5,0.5,0.5,0.5,0.5,0.5,0.5,0.5,0.5,0.5,synthetic,synthetic,synthetic,synthetic,synthetic,0.0,0.0,0.0,0.0,0.0,-110.0,-110.0,-110.0,-110.0,-110.0,-110.0,-110.0,-110.0,-110.0,-110.0,0.0,0.0,0.0,0.0,0.0,2026-08-07T03:26:40.888653+00:00,0.6116244654831922,0.22718065533677212,-0.2723293041049014,-0.4797106288582077,-0.06732794651280771,1.0,1.0,0.2,0.0,0.4,1.0,1.0,0.0,0.0,0.0,batter_pitcher_profile_network_v2,1.0,0.65,0.4396590029633367,0.0,0.6924921518890443,-0.4261953568860123,-0.8483305823730924,0.0,43.0,8.474694792180436,-0.0203514802100136,-0.20259384000657196,-0.0202593840006572,-0.5073036947141317,-0.8192160731270043,0.0,43.0,8.690434853088874,-0.01754035863752409,-0.25918340414517405,-0.041469344663227846,-0.6089856391585762,-0.6971192494269417,0.0,43.0,9.120861509649655,0.06048444001525431,-0.17740026791221458,-0.00887001339561073,-0.49370648148148155,-0.7678647217756529,0.0,43.0,8.870285456867142,0.0,-0.2124251543283079,-0.005310628858207698,-0.6202689814814815,-0.7942814115891039,0.0,43.0,8.50493132982914,-0.06532316401853233,-0.325054519802206,-0.01950327118813236
2026-06-19,Taylor_Walls,670764,hitter,TB,WSH,2026,822966,63,139,120,1,676571.0,PJ_Poulin,1.0,1.0,0.0,0.0,1.0,3.0,3.0,0.0,0.0,8.0,0.09090909090909091,0.2966666666666667,0.2966666666666667,0.0,0.0,35.6,3.0,4.5,9.74805194805195,1.08,0.0,72.0,0,2.0,1.2246467991473532e-16,-1.0,-0.433883739117558,-0.9009688679024191,0.5,1.0,0.5,0.5,0.5,0.5,0.5,0.5,0.5,0.5,synthetic,real,real,real,synthetic,0.0,8.0,7.0,8.0,0.0,-110.0,130.362253,154.379187,1107.808006,-110.0,-110.0,-133.675494,-209.790931,0.0,-110.0,0.0,0.5345224838248488,0.0,0.0,0.0,2026-06-19T20:50:58.917955+00:00,0.5172181593570919,-0.4991163543278766,-0.09644511228196306,-0.4744,0.31790861888209665,0.6,0.6,0.0,0.0,0.4,0.0,0.0,0.0,0.0,1.0,batter_pitcher_profile_network_v2,1.0,0.45,0.6677756075541113,0.0,0.6206888696335796,-0.5132525997150996,-0.023865864527629302,0.0,44.0,12.702058499017289,-0.02174969152275284,-0.004069488680166194,-0.0004069488680166194,-0.5816134615384614,0.16801715686274504,0.0,44.0,12.075504301606603,-0.0022461733358497683,-0.0033692600037746523,-0.0005390816006039444,-0.7014342948717949,-0.13903914141414148,0.0,44.0,12.96959275779656,0.0662041712914987,0.03380338206636454,0.001690169103318227,-0.5134101851851852,0.38648306595365417,0.0,44.0,10.698413276556485,0.0,0.0,0.0,-0.7167782407407407,-0.10121717171717173,0.0,44.0,12.835127009240875,-0.0657086964770732,-0.07338449049319884,-0.0044030694295919305
2026-06-20,Taylor_Walls,670764,hitter,TB,WSH,2026,822967,64,139,120,1,676917.0,Cade_Cavalli,1.0,2.0,1.0,0.0,0.0,4.0,2.0,2.0,1.0,9.0,0.0975609756097561,0.6625,0.6625,0.5,30.0,65.0,5.3999999999999995,7.8,4.3909090909090915,1.08,0.0,72.0,0,1.0,1.2246467991473532e-16,-1.0,-0.9749279121818236,-0.2225209339563146,0.5,0.5,0.5,0.5,0.5,0.5,0.5,0.5,0.5,0.5,synthetic,real,real,real,synthetic,0.0,7.0,4.0,7.0,0.0,-110.0,129.863789,162.808893,1237.969571,-110.0,-110.0,-140.088083,-235.0,0.0,-110.0,0.0,0.5345224838248488,0.0,0.0,0.0,2026-06-20T11:58:55.263102+00:00,0.2820877344030881,0.8909580605681582,-0.1702530619582559,-0.27768535552355833,0.2960811871667046,0.6,0.6,0.0,0.0,0.6,1.0,1.0,0.0,0.0,1.0,batter_pitcher_profile_network_v2,1.0,0.85,0.3981730451826974,0.0,0.7560402316703516,-0.462670691747573,-0.21655521618944454,0.0,45.0,13.072761309773021,-0.036886888531181446,-0.06029930046283725,-0.006029930046283725,-0.5439832389428265,-0.3139311897231242,0.0,45.0,12.870326247807311,-0.024622367758793107,-0.13970952998559605,-0.022353524797695368,-0.6810158778317155,-0.30969214663327604,0.0,45.0,12.727080877908229,0.04992156041553789,-0.07700691544006275,-0.0038503457720031374,-0.5078916666666667,-0.4299318727832334,0.0,45.0,12.04139929488067,0.0,-0.13141422094233252,-0.0032853555235583132,-0.7056520833333334,-0.31232078962052556,0.0,45.0,12.692526175564296,-0.08861739534602801,-0.19909957826371957,-0.011945974695823173
2026-06-21,Taylor_Walls,670764,hitter,TB,WSH,2026,822968,65,139,120,1,674841.0,Andrew_Alvarez,1.0,2.0,1.0,0.0,0.0,4.0,4.0,0.0,2.0,9.0,0.1111111111111111,0.3175,0.3175,0.25,21.25,49.35,2.892857142857143,9.964285714285714,3.7172932330827075,1.08,0.0,72.0,0,1.0,1.2246467991473532e-16,-1.0,-0.7818314824680299,0.6234898018587334,0.5,2.5,1.5,0.5,0.5,0.5,0.5,0.5,0.5,0.5,synthetic,real,real,real,synthetic,0.0,8.0,7.0,2.0,0.0,-110.0,287.265918,255.0,2122.222222,-110.0,-110.0,0.0,0.0,0.0,-110.0,0.0,1.0690449676496974,0.6900655593423543,0.0,0.0,2026-06-21T19:20:37.517202+00:00,0.16730707757098773,-1.2802669519889334,-1.1066103057869994,-0.36105491109052,0.015834975357623016,0.6,0.8,0.2,0.0,0.6,1.0,2.0,1.0,0.0,0.0,batter_pitcher_profile_network_v2,1.0,0.2,0.614441945520419,0.0,0.5549461723347497,-0.3532714743589744,-0.4089642857142858,0.0,46.0,13.121028233614865,-0.027951298068004313,-0.05570366038034896,-0.005570366038034897,-0.4252587606837606,-0.48166071428571433,0.0,46.0,12.714980877777075,-0.018706005283985003,-0.1070330332641675,-0.0171252853222668,-0.5823157051282051,-0.36827976190476186,0.0,46.0,13.09989967134748,0.04568553815715813,-0.036999348822697356,-0.0018499674411348679,-0.3907527777777778,-0.6053214285714286,0.0,46.0,11.508349227427662,0.0,-0.09119644362080206,-0.002279911090520052,-0.5997458333333331,-0.43973809523809526,0.0,46.0,12.72061813151115,-0.10767409325527322,-0.18243921605298344,-0.010946352963179007
2026-06-23,Taylor_Walls,670764,hitter,TB,KC,2026,822963,66,139,118,1,679883.0,Luinder_Avila,1.0,1.0,1.0,0.0,0.0,4.0,3.0,1.0,1.0,8.0,0.0975609756097561,0.395,0.395,0.0,0.0,47.400000000000006,37.129411764705885,4.447058823529411,5.09025974025974,1.08,0.0,72.0,0,2.0,1.2246467991473532e-16,-1.0,0.7818314824680298,0.6234898018587336,0.5,1.5,0.5,0.5,0.5,0.5,1.5,0.5,0.5,0.5,synthetic,synthetic,synthetic,synthetic,synthetic,0.0,0.0,0.0,0.0,0.0,-110.0,-110.0,-110.0,-110.0,-110.0,-110.0,-110.0,-110.0,-110.0,-110.0,0.0,0.0,0.0,0.0,0.0,2026-08-07T03:26:40.888653+00:00,0.6197387492469273,-0.29994043802884307,0.12935509487162888,-0.4744,-0.035181030346788544,0.8,1.2,0.4,0.0,0.4,1.0,2.0,1.0,0.0,0.0,batter_pitcher_profile_network_v2,1.0,0.25,0.8625,0.0,0.5610859375,-0.3552387235449733,0.37925156739811894,0.0,47.0,11.398810422109953,-0.03206613644146463,0.0,0.0,-0.3991751984126982,0.4759580721003134,0.0,47.0,10.565058380476533,-0.02032093081123685,-0.030481396216855274,-0.004877023394696844,-0.5646800595238093,0.8160795454545455,0.0,47.0,7.804501986375954,0.03830557180698228,0.03830557180698228,0.0019152785903491143,-0.3139391203703704,0.6234012539184953,0.0,47.0,9.260883631553693,0.0,0.0,0.0,-0.5180363425925923,0.7484090909090909,0.0,47.0,8.181810660523617,-0.0427938817077503,-0.032095411280812725,-0.0019257246768487634
2026-06-24,Taylor_Walls,670764,hitter,TB,KC,2026,822965,67,139,118,1,702070.0,Noah_Cameron,1.0,2.0,1.0,0.0,0.0,4.0,4.0,0.0,1.0,7.0,0.10526315789473684,0.3175,0.3175,0.25,21.25,49.35,4.56923076923077,7.792307692307692,6.054545454545455,1.08,0.0,72.0,0,1.0,1.2246467991473532e-16,-1.0,0.9749279121818236,-0.22252093395631434,0.5,1.5,0.5,0.5,0.5,0.5,1.5,0.5,0.5,0.5,synthetic,synthetic,synthetic,synthetic,synthetic,0.0,0.0,0.0,0.0,0.0,-110.0,-110.0,-110.0,-110.0,-110.0,-110.0,-110.0,-110.0,-110.0,-110.0,0.0,0.0,0.0,0.0,0.0,2026-08-07T03:26:40.888653+00:00,0.5023699423383634,-0.16285483162789283,0.280416600261567,-0.35877499999999996,-0.002077677227068808,0.8,1.2,0.6,0.0,0.4,1.0,1.0,1.0,0.0,0.0,batter_pitcher_profile_network_v2,1.0,0.85,0.42170056986724,0.0,0.7535904281625736,-0.36321557539682536,0.1524615104472691,0.0,48.0,13.19114888021356,-0.036095875201027874,0.0,0.0,-0.4400363095238095,0.10064450191609646,0.0,48.0,13.511238810605821,-0.005530000203939317,-0.008295000305908976,-0.0013272000489454362,-0.5623883928571427,0.061292410505800796,0.0,48.0,13.991076314305994,-0.006345028261484435,-0.006345028261484435,-0.00031725141307422175,-0.42670763888888896,0.040931664078258635,0.0,48.0,13.595531075058169,0.0,0.0,0.0,-0.5651798611111111,0.10188362672201703,0.0,48.0,13.563195330505557,-0.06320941419004766,-0.04740706064253575,-0.0028444236385521448
2026-06-25,Taylor_Walls,670764,hitter,TB,KC,2026,822961,68,139,118,1,607625.0,Seth_Lugo,1.0,1.0,2.0,0.0,0.0,4.0,3.0,1.0,1.0,7.0,0.0975609756097561,0.395,0.395,0.0,0.0,47.400000000000006,4.3999999999999995,4.2,4.125974025974026,1.08,0.0,72.0,0,1.0,1.2246467991473532e-16,-1.0,0.43388373911755823,-0.900968867902419,0.5,1.5,0.5,0.5,0.5,0.5,1.5,0.5,0.5,0.5,synthetic,synthetic,synthetic,synthetic,synthetic,0.0,0.0,0.0,0.0,0.0,-110.0,-110.0,-110.0,-110.0,-110.0,-110.0,-110.0,-110.0,-110.0,-110.0,0.0,0.0,0.0,0.0,0.0,2026-08-07T03:26:40.888653+00:00,0.7295202618519692,-0.04784488040996737,0.3471099638421833,-0.47511724371071673,-0.2208372415869816,1.0,1.6,0.8,0.0,0.2,1.0,2.0,1.0,0.0,0.0,batter_pitcher_profile_network_v2,1.0,0.8,0.473362972640872,0.0,0.7336104286811945,-0.4303514957264954,0.12018701482218161,0.0,49.0,14.033917365341583,-0.02813909805551796,0.0,0.0,-0.4713824786324784,-0.009711720750964823,0.0,49.0,14.579434852187731,-0.0016488340129120044,-0.004884161098882838,-0.0007814657758212541,-0.6098685897435895,-0.05075019018589786,0.0,49.0,14.834351542592819,0.05398858018257527,0.0376886655037862,0.0018844332751893102,-0.3663680555555555,-0.1486954740666147,0.0,49.0,14.478549093390855,0.0,-0.02868974842867061,-0.0007172437107167653,-0.5611527777777776,-0.06178633076945223,0.0,49.0,14.625178036014827,-0.05049089362698797,-0.05612750337926778,-0.0033676502027560665
2026-06-26,Taylor_Walls,670764,hitter,TB,AZ,2026,822962,69,139,109,1,668678.0,Zac_Gallen,0.0,0.0,0.0,0.0,0.0,3.0,3.0,0.0,0.0,8.0,0.09090909090909091,0.0,0.0,0.0,0.0,10.0,10.5,5.1875,5.7030612244897965,1.08,0.0,72.0,0,1.0,1.2246467991473532e-16,-1.0,-0.433883739117558,-0.9009688679024191,0.5,1.5,0.5,0.5,0.5,0.5,1.5,1.5,0.5,0.5,synthetic,real,real,real,synthetic,0.0,8.0,7.0,2.0,0.0,-110.0,0.0,0.0,6667.883212,-110.0,-110.0,0.0,0.0,0.0,-110.0,0.0,1.3093073414159542,0.0,0.0,0.0,2026-06-27T01:11:02.474098+00:00,0.7334504792826224,-0.3704409508417479,0.5871867888486022,-0.4744,-0.40226694012862496,1.0,1.6,1.2,0.0,0.0,1.0,1.0,2.0,0.0,0.0,batter_pitcher_profile_network_v2,1.0,1.0,0.32125738750239774,0.0,0.8106459700309563,-0.39752857905982886,0.7289773570087928,0.0,49.0,8.950005167449666,-0.005770963571957564,0.0,0.0,-0.44406997863247855,0.631656822098608,0.0,49.0,9.987768377279899,0.006818007856352311,0.010227011784528468,0.0016363218855245548,-0.5775248397435897,0.45479504595923814,0.0,49.0,12.52982175532509,0.05476546157315838,0.05476546157315838,0.0027382730786579194,-0.35870138888888886,0.5257456775202947,0.0,49.0,11.180266092077488,0.0,0.0,0.0,-0.5283298611111111,0.544732294955222,0.0,49.0,11.241335398368896,-0.029535383604572158,-0.02215153770342912,-0.0013290922622057472
2026-06-27,Taylor_Walls,670764,hitter,TB,AZ,2026,822960,70,139,109,1,703615.0,Jose_Cabrera,1.0,1.0,0.0,0.0,0.0,3.0,3.0,0.0,1.0,7.0,0.09090909090909091,0.2966666666666667,0.2966666666666667,0.0,0.0,35.6,0.0,5.4,6.667346938775511,1.08,0.0,72.0,0,1.0,1.2246467991473532e-16,-1.0,-0.9749279121818236,-0.2225209339563146,0.5,0.5,0.5,0.5,0.5,0.5,1.5,0.5,0.5,0.5,synthetic,real,real,real,synthetic,0.0,7.0,5.0,7.0,0.0,-110.0,122.558632,155.86154,1047.672984,-110.0,-110.0,-128.264347,-212.0,0.0,-110.0,0.0,0.5345224838248488,0.0,0.0,0.0,2026-06-27T13:01:31.487963+00:00,0.4842678555927734,0.3716615211982368,0.3964155188619696,-0.4748224364079861,-0.2643030045370636,0.8,1.2,1.0,0.0,0.0,0.0,0.0,0.0,0.0,0.0,batter_pitcher_profile_network_v2,1.0,0.05,0.9425,0.0,0.5117271875,-0.44357736823361826,-0.44266666666666676,0.0,50.0,14.309238440540753,-0.018596729221917463,-0.011290522612773031,-0.0011290522612773031,-0.5113741096866098,-0.5682916666666668,0.0,50.0,13.415419182639164,0.0038016777511758275,-0.01100753796556547,-0.0017612060744904754,-0.6286947115384617,-0.9193749999999999,0.0,50.0,9.048198642953157,0.0049563707456453734,-0.028278985778543334,-0.0014139492889271668,-0.4620578703703704,-0.636,0.0,50.0,12.605465105864388,0.0,-0.016897456319444445,-0.00042243640798611114,-0.6357141203703705,-0.9058333333333334,0.0,50.0,9.489716213949464,0.031272082344274074,-0.009657373082168682,-0.0005794423849301209
2026-06-28,Taylor_Walls,670764,hitter,TB,AZ,2026,822959,71,139,109,1,518876.0,Merrill_Kelly,1.0,1.0,1.0,0.0,0.0,3.0,3.0,0.0,0.0,8.0,0.08823529411764706,0.2966666666666667,0.2966666666666667,0.0,0.0,35.6,5.875,3.75,6.0244897959183685,1.08,0.0,72.0,0,1.0,1.2246467991473532e-16,-1.0,-0.7818314824680299,0.6234898018587334,0.5,0.5,0.5,0.5,0.5,0.5,0.5,0.5,0.5,0.5,synthetic,synthetic,synthetic,synthetic,synthetic,0.0,0.0,0.0,0.0,0.0,-110.0,-110.0,-110.0,-110.0,-110.0,-110.0,-110.0,-110.0,-110.0,-110.0,0.0,0.0,0.0,0.0,0.0,2026-08-07T03:26:40.888653+00:00,0.6782521408563424,0.38704453460301125,0.22827207034384278,-0.4744,-0.2967436421331556,0.8,1.0,0.8,0.0,0.0,1.0,1.0,0.0,0.0,0.0,batter_pitcher_profile_network_v2,1.0,0.8,0.47102552696974587,0.0,0.7338394983569649,-0.4753248831355624,0.7561830254421141,0.0,50.0,9.486119828171875,-0.017472803836696825,0.0,0.0,-0.5302042430780292,0.7465518785747156,0.0,50.0,9.524848208996268,0.00225663927725231,0.003384958915878465,0.0005415934265405544,-0.6453616504854365,0.7215796271338724,0.0,50.0,10.414679715914838,0.07908886586044596,0.07908886586044596,0.0039544432930222985,-0.45876157407407403,0.7740030241272763,0.0,50.0,9.297032342036745,0.0,0.0,0.0,-0.6216018518518516,0.76446316262354,0.0,50.0,9.638452160017879,0.05038138196828848,0.03778603647621636,0.0022671621885729815
2026-06-30,Taylor_Walls,670764,hitter,TB,KC,2026,824096,72,139,118,0,702070.0,Noah_Cameron,0.0,0.0,1.0,0.0,1.0,5.0,3.0,2.0,0.0,8.0,0.1111111111111111,0.27599999999999997,0.27599999999999997,0.0,0.0,33.12,7.56923076923077,7.292307692307692,9.835714285714285,1.06,0.0,93.0,0,2.0,1.2246467991473532e-16,-1.0,0.7818314824680298,0.6234898018587336,0.5,0.5,0.5,0.5,0.5,0.5,0.5,0.5,0.5,0.5,synthetic,synthetic,synthetic,synthetic,synthetic,0.0,0.0,0.0,0.0,0.0,-110.0,-110.0,-110.0,-110.0,-110.0,-110.0,-110.0,-110.0,-110.0,-110.0,0.0,0.0,0.0,0.0,0.0,2026-08-07T03:26:40.888653+00:00,0.7782031414374637,0.406134520232855,0.5781720538521575,-0.4809977872924714,-0.0818628960558383,0.8,1.0,0.8,0.0,0.0,1.0,1.0,1.0,0.0,0.0,batter_pitcher_profile_network_v2,1.0,0.9,0.3985754971094183,1.0,0.7898070514436867,-0.5003982162309365,0.14829950625106722,0.03703703703703704,49.0,14.670527376183667,-0.022821000795070646,0.025899546242767007,0.002589954624276701,-0.6019244281045749,0.06916317790998357,0.08641975308641973,49.0,15.107555392484057,0.016175095703702982,0.0846949181220108,0.013551186899521728,-0.676004289215686,0.038348782708268615,0.1111111111111111,49.0,15.62436384804749,0.039028152600561535,0.11672679132886254,0.005836339566443128,-0.5967337962962962,-0.022044315792787216,0.0,49.0,15.18863053365771,0.0,-0.007911491698856816,-0.0001977872924714204,-0.7265011574074072,0.07160287590726108,-0.029629629629629627,49.0,15.211214353882099,0.15839780469852419,0.09807871652967955,0.005884722991780772
2026-07-01,Taylor_Walls,670764,hitter,TB,KC,2026,824094,73,139,118,0,607625.0,Seth_Lugo,3.0,4.0,0.0,0.0,0.0,4.0,4.0,0.0,1.0,7.0,0.10810810810810811,0.7625,0.7625,0.25,21.25,65.0,5.599999999999999,3.6,10.55892857142857,1.06,0.0,92.0,0,1.0,-0.4999999999999997,-0.8660254037844388,0.9749279121818236,-0.22252093395631434,0.5,0.5,0.5,0.5,0.5,0.5,0.5,0.5,0.5,0.5,synthetic,synthetic,synthetic,synthetic,synthetic,0.0,0.0,0.0,0.0,0.0,-110.0,-110.0,-110.0,-110.0,-110.0,-110.0,-110.0,-110.0,-110.0,-110.0,0.0,0.0,0.0,0.0,0.0,2026-08-07T03:26:40.888653+00:00,0.7072769058946116,0.5379376086219643,0.8911612851342317,-0.36517499999999997,0.39210786719554613,0.6,0.6,0.8,0.0,0.2,0.0,0.0,1.0,0.0,1.0,batter_pitcher_profile_network_v2,1.0,0.85,0.44037985334742236,1.0,0.7703954477701996,-0.5293992510893246,0.2428984798778666,0.044444444444444446,49.0,14.801108079526678,-0.008715551406961243,0.032008441185498275,0.0032008441185498275,-0.6672424019607843,0.15157446653155973,0.022222222222222227,49.0,15.415273657195383,0.06311616363779356,0.11067846604943948,0.017708554567910317,-0.716702818627451,0.13907436010016733,0.1111111111111111,49.0,16.006115728969448,0.09745170396799097,0.17747280693173664,0.008873640346586832,-0.7147912037037036,0.06529797027220816,0.0,49.0,15.655094270034748,0.0,0.0,0.0,-0.8314335648148148,0.14223157123898691,-0.037037037037037035,49.0,15.632036359784516,0.1528161232946085,0.08793839148304115,0.005276303488982469
2026-07-02,Taylor_Walls,670764,hitter,TB,KC,2026,824093,74,139,118,0,663568.0,Stephen_Kolek,1.0,2.0,1.0,0.0,1.0,4.0,3.0,1.0,1.0,7.0,0.10256410256410256,0.49,0.49,0.3333333333333333,28.333333333333332,65.0,16.8,3.436363636363636,9.701785714285714,1.06,0.0,92.0,0,1.0,-0.4999999999999997,-0.8660254037844388,0.43388373911755823,-0.900968867902419,0.5,1.5,0.5,0.5,0.5,0.5,1.5,0.5,0.5,0.5,synthetic,synthetic,synthetic,synthetic,synthetic,0.0,0.0,0.0,0.0,0.0,-110.0,-110.0,-110.0,-110.0,-110.0,-110.0,-110.0,-110.0,-110.0,-110.0,0.0,0.0,0.0,0.0,0.0,2026-08-07T03:26:40.888653+00:00,1.3618224775224776,0.43783461685869574,0.29317227297018533,-0.32663333333333333,0.10137586608708271,1.0,1.2,0.4,0.0,0.2,3.0,4.0,0.0,0.0,0.0,batter_pitcher_profile_network_v2,1.0,0.45,0.7454184824919047,0.0,0.6164088061526337,-0.3885505528586838,0.5668946370530876,0.0,50.0,13.155762576615198,0.005919851682157504,0.0,0.0,-0.5331040722761595,0.5364705218490429,0.0,50.0,13.403021349053189,0.05951923691123225,0.08927885536684838,0.01428461685869574,-0.5592137944983817,0.5127807120500782,0.0,50.0,14.313518699565355,0.13204436050260826,0.13204436050260826,0.006602218025130413,-0.63218125,0.5669429396894186,0.0,50.0,13.004240710311281,0.0,0.0,0.0,-0.6740319444444441,0.5841823161189359,0.0,50.0,13.17456604585183,0.126026572386942,0.0945199292902065,0.00567119575741239
2026-07-03,Taylor_Walls,670764,hitter,TB,HOU,2026,824173,75,139,117,0,681293.0,Spencer_Arrighetti,0.0,0.0,1.0,0.0,0.0,3.0,3.0,0.0,0.0,8.0,0.0967741935483871,0.0,0.0,0.0,0.0,10.0,13.0,14.5,1.879891304347826,1.08,0.0,73.0,0,1.0,-0.4999999999999997,-0.8660254037844388,-0.433883739117558,-0.9009688679024191,1.5,1.5,0.5,0.5,0.5,1.5,1.5,0.5,0.5,0.5,synthetic,synthetic,synthetic,synthetic,synthetic,0.0,0.0,0.0,0.0,0.0,-110.0,-110.0,-110.0,-110.0,-110.0,-110.0,-110.0,-110.0,-110.0,-110.0,0.0,0.0,0.0,0.0,0.0,2026-08-07T03:26:40.888653+00:00,-0.7386464370111305,-0.22088836645166743,-0.11792761086388598,-0.4744,-0.14865148506408038,1.2,1.6,0.6,0.0,0.4,1.0,2.0,1.0,0.0,1.0,batter_pitcher_profile_network_v2,1.0,0.65,0.5983511155724617,0.0,0.6798562924225428,-0.363737784900285,-0.19394842045209698,0.0,51.0,16.755010755581893,-0.036347945219050666,-0.028334870345061863,-0.0028334870345061865,-0.4850375356125357,-0.12157661211337681,0.0,51.0,17.217524108118518,0.03572417351298472,0.029901338709337463,0.0047842141934939944,-0.5201009615384616,0.20636001335266044,0.0,51.0,17.156717296472053,0.10784680095509973,0.10784680095509973,0.005392340047754986,-0.535343287037037,0.009112490450725805,0.0,51.0,17.159414024394525,0.0,0.0,0.0,-0.5894856481481483,0.11129056890821604,0.0,51.0,17.168514029722473,0.1010555134583337,0.07579163509375028,0.004547498105625017
2026-07-04,Taylor_Walls,670764,hitter,TB,HOU,2026,824171,76,139,117,0,686613.0,Hunter_Brown,1.0,1.0,1.0,0.0,0.0,5.0,4.0,1.0,1.0,8.0,0.11363636363636363,0.316,0.316,0.0,0.0,37.92,2.5294117647058822,9.705882352941176,2.308462732919255,1.08,0.0,73.0,0,1.0,-0.4999999999999997,-0.8660254037844388,-0.9749279121818236,-0.2225209339563146,0.5,1.5,0.5,0.5,0.5,0.5,1.5,0.5,0.5,0.5,synthetic,synthetic,synthetic,synthetic,synthetic,0.0,0.0,0.0,0.0,0.0,-110.0,-110.0,-110.0,-110.0,-110.0,-110.0,-110.0,-110.0,-110.0,-110.0,0.0,0.0,0.0,0.0,0.0,2026-08-07T03:26:40.888653+00:00,0.2620941198849559,-0.4848703443940827,0.22147883753069597,-0.477019053836441,-0.1795642461284857,1.0,1.4,0.8,0.0,0.4,0.0,0.0,1.0,0.0,0.0,batter_pitcher_profile_network_v2,1.0,0.35,0.7202340447292295,0.0,0.5916199653322343,-0.329493480312837,-0.8384650608444817,0.0,51.0,10.995092515396804,-0.06253392277657469,-0.07729059663543406,-0.007729059663543406,-0.4673299128011505,-0.7692306508934508,0.0,51.0,12.01726397404855,0.0011674588731036572,-0.09882033428119914,-0.015811253484991863,-0.5060356998381874,-0.3763289600012666,0.0,51.0,16.092535688647413,0.059755132362517956,0.006477654058298032,0.00032388270291490163,-0.5393062499999999,-0.6943430609653932,0.0,51.0,12.84519674337546,0.0,-0.10476215345764181,-0.0026190538364410454,-0.6161048611111107,-0.5362465259485087,0.0,51.0,14.470601701958413,0.06937926322757748,-0.040395773513535654,-0.002423746410812139
2026-07-06,Taylor_Walls,670764,hitter,TB,NYY,2026,822958,77,139,147,1,693645.0,Cam_Schlittler,0.0,0.0,0.0,0.0,0.0,3.0,3.0,0.0,2.0,9.0,0.0967741935483871,0.0,0.0,0.0,0.0,10.0,4.5,15.65,2.5579023917259214,1.08,0.0,72.0,0,2.0,-0.4999999999999997,-0.8660254037844388,0.0,1.0,0.5,1.5,0.5,0.5,0.5,0.5,1.5,0.5,0.5,0.5,synthetic,synthetic,synthetic,synthetic,synthetic,0.0,0.0,0.0,0.0,0.0,-110.0,-110.0,-110.0,-110.0,-110.0,-110.0,-110.0,-110.0,-110.0,-110.0,0.0,0.0,0.0,0.0,0.0,2026-08-07T03:26:40.888653+00:00,0.08838530721891269,-0.5060683634356999,0.023768935186285534,-0.47762410263744876,-0.2802631976705817,1.0,1.4,0.8,0.0,0.4,1.0,1.0,1.0,0.0,0.0,batter_pitcher_profile_network_v2,1.0,1.0,0.3912645329190164,2.0,0.8395700947174204,-0.2643175391737893,-0.4973169897469198,0.04666666666666666,52.0,15.12589575761191,-0.07479651982745607,-0.04755519632919899,-0.004755519632919899,-0.4142397792022792,-0.4422400040547464,0.008888888888888887,52.0,15.882433393123284,0.0019061870299392986,-0.10247364244086614,-0.016395782790538584,-0.4367844551282053,-0.4600909872496006,0.0,52.0,15.477645057661825,0.026098473914349104,-0.0962333654195659,-0.004811668270978295,-0.5289655092592591,-0.4005095618778756,0.0,52.0,16.11859174216664,0.0,-0.12896410549795087,-0.003224102637448772,-0.5571807870370369,-0.447545163364491,0.12,52.0,15.614502650507864,0.06965479186904841,-0.01607948116301789,-0.0009647688697810734
2026-07-07,Taylor_Walls,670764,hitter,TB,NYY,2026,822956,78,139,147,1,701542.0,Will_Warren,1.0,1.0,1.0,0.0,0.0,4.0,4.0,0.0,1.0,7.0,0.11428571428571428,0.2225,0.2225,0.0,0.0,26.7,4.830882352941177,8.172794117647058,1.964495798319328,1.08,0.0,72.0,0,1.0,-0.4999999999999997,-0.8660254037844388,0.7818314824680298,0.6234898018587336,0.5,1.5,0.5,0.5,0.5,0.5,1.5,0.5,0.5,0.5,synthetic,synthetic,synthetic,synthetic,synthetic,0.0,0.0,0.0,0.0,0.0,-110.0,-110.0,-110.0,-110.0,-110.0,-110.0,-110.0,-110.0,-110.0,-110.0,0.0,0.0,0.0,0.0,0.0,2026-08-07T03:26:40.888653+00:00,0.3270122650712475,-0.5132118586730929,-0.10621404788682404,-0.4758087331775634,-0.3570188475038826,1.0,1.4,0.6,0.0,0.2,0.0,0.0,0.0,0.0,0.0,batter_pitcher_profile_network_v2,1.0,1.0,0.3819145950110997,0.0,0.8032154621111403,-0.27848517372570586,-0.1158749322034002,0.0,52.0,17.953321569617188,-0.05631624423890353,-0.019945276458395562,-0.001994527645839556,-0.42804598001466804,-0.14370047186470797,0.0,52.0,18.179152938270185,0.013733879694183588,-0.01741786670683049,-0.0027868586730928784,-0.4576948226072606,-0.1343675845420979,0.0,52.0,18.470926134428492,0.006735093217881257,-0.03127675605581037,-0.0015638378027905187,-0.5318543981481482,-0.1714144741322816,0.0,52.0,18.014326681934055,0.0,-0.05634932710253699,-0.0014087331775634248,-0.5817016203703702,-0.1290968929321206,0.0,52.0,18.226488949964796,0.07536227378548307,0.010106043002516524,0.0006063625801509914
2026-07-08,Taylor_Walls,670764,hitter,TB,NYY,2026,822957,79,139,147,1,543037.0,Gerrit_Cole,0.0,0.0,1.0,0.0,0.0,3.0,2.0,1.0,1.0,8.0,0.09090909090909091,0.22999999999999998,0.22999999999999998,0.0,0.0,27.599999999999998,6.911538461538462,10.474038461538461,1.964495798319328,1.08,0.0,72.0,0,1.0,-0.4999999999999997,-0.8660254037844388,0.9749279121818236,-0.22252093395631434,0.5,0.5,0.5,0.5,0.5,0.5,0.5,0.5,0.5,0.5,synthetic,synthetic,synthetic,synthetic,synthetic,0.0,0.0,0.0,0.0,0.0,-110.0,-110.0,-110.0,-110.0,-110.0,-110.0,-110.0,-110.0,-110.0,-110.0,0.0,0.0,0.0,0.0,0.0,2026-08-07T03:26:40.888653+00:00,0.040265534635394507,0.23003064874460488,0.12347564178506754,-0.4744,-0.38163248137734973,0.6,0.8,0.8,0.0,0.2,1.0,1.0,1.0,0.0,0.0,batter_pitcher_profile_network_v2,1.0,0.5,0.7175297576880001,1.0,0.64980130234161,-0.24162010582010585,0.027948469873779497,-0.08518518518518518,52.0,18.48427637336781,-0.05622086290496299,-0.07315404523485927,-0.0073154045234859275,-0.3967732804232804,0.19721909978566327,-0.0691358024691358,52.0,17.91449526859538,0.01711393882028346,-0.03370049080076493,-0.005392078528122389,-0.41298809523809515,0.038917678812415715,-0.1111111111111111,52.0,19.185701250036633,0.004526266344484924,-0.09089205352707064,-0.004544602676353532,-0.5256692129629629,0.3503440997856634,0.0,52.0,16.578765386524353,0.0,0.0,0.0,-0.5405685185185183,0.12338039811066134,-0.044444444444444446,52.0,18.5380980026706,0.07830394387800502,0.020560629959881532,0.0012336377975928918
2026-07-09,Taylor_Walls,670764,hitter,TB,NYY,2026,822954,80,139,147,1,621112.0,Paul_Blackburn,0.0,0.0,0.0,0.0,0.0,4.0,4.0,0.0,3.0,8.0,0.10256410256410256,0.0,0.0,0.0,0.0,10.0,0.0,11.25,1.4502100840336136,1.08,0.0,72.0,0,1.0,-0.4999999999999997,-0.8660254037844388,0.43388373911755823,-0.900968867902419,0.5,0.5,0.5,0.5,0.5,0.5,0.5,0.5,0.5,0.5,synthetic,synthetic,synthetic,synthetic,synthetic,0.0,0.0,0.0,0.0,0.0,-110.0,-110.0,-110.0,-110.0,-110.0,-110.0,-110.0,-110.0,-110.0,-110.0,0.0,0.0,0.0,0.0,0.0,2026-08-07T03:26:40.888653+00:00,-0.27088938679980207,-0.2448241858149638,-0.010914716793838375,-0.4746255927647569,-0.49803204711883253,0.4,0.4,0.8,0.0,0.0,0.0,0.0,1.0,0.0,0.0,batter_pitcher_profile_network_v2,1.0,0.05,0.9425,0.0,0.5117271875,-0.20320660612535651,-0.20000000000000004,0.0,52.0,18.46516633016933,-0.06997014247453313,-0.0023368759704416003,-0.00023368759704416004,-0.3693540954415957,-0.29999999999999993,0.0,52.0,18.218209596875344,-0.0018948687981039743,-0.009213661343523485,-0.0014741858149637578,-0.3797251602564105,-0.09999999999999998,0.0,52.0,19.298946398393092,-0.025936384854291155,-0.028119804525765516,-0.0014059902262882759,-0.5231136574074073,-0.29999999999999993,0.0,52.0,18.088619023870844,0.0,-0.009023710590277775,-0.0002255927647569444,-0.5271275462962963,-0.30000000000000004,0.0,52.0,18.152871692245345,0.05585621981298099,0.03279921468612462,0.0019679528811674773
2026-07-10,Taylor_Walls,670764,hitter,TB,SEA,2026,822955,81,139,136,1,622491.0,Luis_Castillo,0.0,0.0,0.0,0.0,1.0,4.0,3.0,0.0,2.0,7.0,0.10256410256410256,0.0,0.0,0.0,0.0,10.0,4.5,7.0,1.1538461538461537,1.08,0.0,72.0,0,1.0,-0.4999999999999997,-0.8660254037844388,-0.433883739117558,-0.9009688679024191,0.5,0.5,0.5,0.5,0.5,0.5,0.5,0.5,0.5,0.5,synthetic,synthetic,synthetic,synthetic,synthetic,0.0,0.0,0.0,0.0,0.0,-110.0,-110.0,-110.0,-110.0,-110.0,-110.0,-110.0,-110.0,-110.0,-110.0,0.0,0.0,0.0,0.0,0.0,2026-08-07T03:26:40.888653+00:00,-0.07001025641025627,-0.23273767923056682,-0.2828051631258932,-0.4744,-0.4963732178429874,0.4,0.4,0.6,0.0,0.0,0.0,0.0,0.0,0.0,0.0,batter_pitcher_profile_network_v2,1.0,0.9,0.3991051020404377,0.0,0.7709986625000418,-0.42180213675213674,0.15154536118597128,0.0,51.0,17.930819016248318,-0.007993581276573083,0.0,0.0,-0.5339347578347577,0.1427208585545037,0.0,51.0,18.163229460861597,0.044218003205971704,0.06632700480895756,0.01061232076943321,-0.5634551282051283,0.10909737413715005,0.0,51.0,18.88238173710676,-0.009564800979402713,-0.009564800979402713,-0.0004782400489701357,-0.5434840277777777,0.13027857623260394,0.0,51.0,18.15705074286148,0.0,0.0,0.0,-0.63505,0.14338882092694777,0.0,51.0,18.353848252550133,0.08059515904472475,0.06044636928354356,0.0036267821570126137
2026-07-12,Taylor_Walls,670764,hitter,TB,SEA,2026,822951,82,139,136,1,676106.0,Emerson_Hancock,0.0,0.0,0.0,0.0,0.0,4.0,4.0,0.0,0.0,7.0,0.1111111111111111,0.0,0.0,0.0,0.0,10.0,3.3419117647058822,8.694327731092438,3.4038461538461537,1.08,0.0,72.0,0,2.0,-0.4999999999999997,-0.8660254037844388,-0.7818314824680299,0.6234898018587334,0.5,0.5,0.5,0.5,0.5,0.5,0.5,0.5,0.5,0.5,synthetic,synthetic,synthetic,synthetic,synthetic,0.0,0.0,0.0,0.0,0.0,-110.0,-110.0,-110.0,-110.0,-110.0,-110.0,-110.0,-110.0,-110.0,-110.0,0.0,0.0,0.0,0.0,0.0,2026-08-07T03:26:40.888653+00:00,-0.1921367599658212,-0.3585381831584362,-0.292261078787039,-0.4749775710154207,-0.19622444692887264,0.2,0.2,0.4,0.0,0.2,0.0,0.0,0.0,0.0,1.0,batter_pitcher_profile_network_v2,1.0,0.95,0.34402610856396126,0.0,0.7924639616158691,-0.4551888888888893,-0.1330986499493909,0.0,51.0,18.842215085768707,-0.03806446122648511,-0.03974219565045521,-0.003974219565045521,-0.5561925925925928,-0.10545737496442635,0.0,51.0,19.14005046066251,0.023477610144451513,-0.0032594780735599113,-0.0005215164917695859,-0.5815462962962966,-0.14389660305649693,0.0,51.0,19.37964926217375,-0.04917417043631864,-0.10406772958693392,-0.005203386479346696,-0.5434840277777777,-0.06480254202886548,0.0,51.0,19.087788644078692,0.0,-0.02310284061682835,-0.0005775710154207087,-0.6325500000000001,-0.11960115755132587,0.0,51.0,19.16454569521841,0.06431534026923781,-0.0013903547974513375,-8.342128784708025e-05
2026-07-17,Taylor_Walls,670764,hitter,TB,BOS,2026,824737,83,139,111,0,700842.0,Eduardo_Rivera,1.0,1.0,0.0,0.0,0.0,3.0,3.0,0.0,1.0,9.0,0.08571428571428572,0.2966666666666667,0.2966666666666667,0.0,0.0,35.6,0.0,5.154545454545455,1.4661654135338347,1.08,0.0,84.0,0,5.0,-0.4999999999999997,-0.8660254037844388,-0.433883739117558,-0.9009688679024191,0.5,0.5,0.5,0.5,0.5,0.5,0.5,0.5,0.5,0.5,synthetic,synthetic,synthetic,synthetic,synthetic,0.0,0.0,0.0,0.0,0.0,-110.0,-110.0,-110.0,-110.0,-110.0,-110.0,-110.0,-110.0,-110.0,-110.0,0.0,0.0,0.0,0.0,0.0,2026-08-07T03:26:40.888653+00:00,-0.07148230689460511,-0.2535554299672219,-0.27728982294052845,-0.47492322262833014,-0.39418439631745095,0.2,0.2,0.4,0.0,0.2,0.0,0.0,0.0,0.0,0.0,batter_pitcher_profile_network_v2,1.0,0.05,0.9425,0.0,0.5117271875,-0.4243775462962962,-0.6017272727272728,0.0,51.0,15.69694718675875,-0.04364552923874327,-0.014683173753524828,-0.0014683173753524828,-0.5423476851851851,-0.6621818181818182,0.0,51.0,15.075597139496052,0.00832746489330901,-0.008158937295137489,-0.0013054299672219983,-0.5769687499999999,-0.43999999999999984,0.0,51.0,17.665092907623194,-0.07569789630273667,-0.09029520567773666,-0.004514760283886833,-0.5496692129629629,-0.6621818181818182,0.0,51.0,14.989947240873704,0.0,-0.020928905133207068,-0.0005232226283301767,-0.6711831018518517,-0.6399999999999999,0.0,51.0,15.121516494759161,0.026429006549916378,-0.004877783235710857,-0.0002926669941426514
2026-07-17,Taylor_Walls,670764,hitter,TB,BOS,2026,824766,84,139,111,0,687562.0,Jake_Bennett,1.0,2.0,0.0,0.0,0.0,3.0,3.0,0.0,0.0,8.0,0.09375,0.42333333333333334,0.42333333333333334,0.3333333333333333,28.333333333333332,65.0,1.2562929061784895,5.483164432821184,1.4661654135338347,1.08,-10.0,82.0,0,0.0,-0.4999999999999997,-0.8660254037844388,-0.433883739117558,-0.9009688679024191,0.5,0.5,0.5,0.5,0.5,0.5,0.5,0.5,0.5,0.5,synthetic,synthetic,synthetic,synthetic,synthetic,0.0,0.0,0.0,0.0,0.0,-110.0,-110.0,-110.0,-110.0,-110.0,-110.0,-110.0,-110.0,-110.0,-110.0,0.0,0.0,0.0,0.0,0.0,2026-08-07T03:26:40.888653+00:00,0.061784228233627614,0.3613751328592242,-0.312397811360013,-0.32067547781119055,-0.3380689360607889,0.2,0.2,0.2,0.0,0.2,1.0,1.0,0.0,0.0,0.0,batter_pitcher_profile_network_v2,1.0,0.5,0.7250000000000001,2.0,0.6680937499999999,-0.38398023104880585,0.20937126974220788,0.06666666666666668,49.0,18.3554440851814,-0.023415672092693313,0.057500000000000016,0.005750000000000002,-0.5130812651436483,0.006314451560389754,0.02222222222222222,49.0,19.428253444091002,0.019931109135656606,0.04906333037015158,0.007850132859224253,-0.5538724688473521,0.03121432162421868,-0.01333333333333333,49.0,19.821153949427536,-0.016788307400761333,-0.028288307400761332,-0.0014144153700380666,-0.5463729166666665,-0.11770701308607492,0.0,49.0,19.327226219793893,0.0,-0.017685779114289063,-0.0004421444778572266,-0.6620708333333332,0.05420043273532982,0.10666666666666667,49.0,19.44091656431956,0.06339540583376264,0.13954655437532199,0.008372793262519319
2026-07-18,Taylor_Walls,670764,hitter,TB,BOS,2026,824738,85,139,111,0,663776.0,Patrick_Sandoval,0.0,0.0,0.0,0.0,0.0,0.0,0.0,0.0,0.0,9.0,0.0,0.0,0.0,0.0,0.0,10.0,2.076923076923077,10.384615384615385,1.0601503759398496,1.08,10.0,71.0,0,1.0,-0.4999999999999997,-0.8660254037844388,-0.9749279121818236,-0.2225209339563146,0.5,0.5,0.5,0.5,0.5,0.5,0.5,0.5,0.5,0.5,synthetic,synthetic,synthetic,synthetic,synthetic,0.0,0.0,0.0,0.0,0.0,-110.0,-110.0,-110.0,-110.0,-110.0,-110.0,-110.0,-110.0,-110.0,-110.0,0.0,0.0,0.0,0.0,0.0,2026-08-07T03:26:40.888653+00:00,-0.2588821252907048,0.04561784721296136,-0.5,-0.47496962199735576,-0.49980474303183253,0.4,0.6,0.0,0.0,0.2,1.0,2.0,0.0,0.0,0.0,batter_pitcher_profile_network_v2,1.0,0.05,0.9425,0.0,0.5117271875,-0.3087899835583247,-0.257595141700405,0.0,50.0,18.776462414535562,-0.048017585258242394,-0.004573710975296412,-0.00045737109752964125,-0.43359640879196953,-0.5113719635627532,0.0,50.0,16.826548514701464,-0.004134356479281868,-0.018950954918990993,-0.003032152787038559,-0.4961329828660436,-0.6124512483130904,0.0,50.0,15.317141011524031,0.0026209675234229422,-0.014850825195999375,-0.0007425412597999687,-0.4499793981481482,-0.8806153846153846,0.0,50.0,11.812517879360037,0.0,-0.022784879894230767,-0.0005696219973557692,-0.5941495370370369,-0.5929885290148448,0.0,50.0,15.598130603433233,0.03135053966904263,0.0032542828027914694,0.00019525696816748814
2026-07-19,Taylor_Walls,670764,hitter,TB,BOS,2026,824739,86,139,111,0,543243.0,Sonny_Gray,1.0,1.0,0.0,0.0,0.0,4.0,3.0,1.0,0.0,8.0,0.10256410256410256,0.395,0.395,0.0,0.0,47.400000000000006,1.0,8.681818181818182,0.9530075187969924,1.08,0.0,76.0,0,1.0,-0.4999999999999997,-0.8660254037844388,-0.7818314824680299,0.6234898018587334,0.5,0.5,0.5,0.5,0.5,0.5,0.5,0.5,0.5,0.5,synthetic,synthetic,synthetic,synthetic,synthetic,0.0,0.0,0.0,0.0,0.0,-110.0,-110.0,-110.0,-110.0,-110.0,-110.0,-110.0,-110.0,-110.0,-110.0,0.0,0.0,0.0,0.0,0.0,2026-08-07T03:26:40.888653+00:00,-0.1485651022439154,0.05080703783183871,-0.4722994468347268,-0.4757244648459787,-0.3754521901034527,0.4,0.6,0.0,0.0,0.2,0.0,0.0,0.0,0.0,0.0,batter_pitcher_profile_network_v2,1.0,1.0,0.31127166238976733,0.0,0.8118692213572535,-0.33552737998921267,-0.22056858555897665,0.0,49.0,18.732372673069268,-0.041849508301274894,-0.05097058007450118,-0.0050970580074501184,-0.45654325332614176,-0.18840466371307749,0.0,49.0,19.134070756916305,0.00785658030784725,-0.04745601355100831,-0.0075929621681613295,-0.5352221885113269,-0.29828752038910156,0.0,49.0,18.626514439722648,0.04634370749917874,-0.06361184010691251,-0.0031805920053456257,-0.4539423611111112,-0.16945397563968295,0.0,49.0,19.100711975239022,0.0,-0.05297859383914905,-0.0013244648459787263,-0.6282687499999999,-0.28950885066433096,0.0,49.0,18.541632324756712,0.05107535305729478,-0.08696584431144938,-0.0052179506586869625
2026-07-20,Taylor_Walls,670764,hitter,TB,TOR,2026,822788,87,139,141,0,656302.0,Dylan_Cease,2.0,3.0,1.0,0.0,0.0,4.0,3.0,0.0,1.0,9.0,0.1,0.7200000000000001,0.7200000000000001,0.3333333333333333,28.333333333333332,65.0,0.0,16.982142857142858,3.6801619433198383,1.08,15.0,72.0,0,1.0,-0.4999999999999997,-0.8660254037844388,0.0,1.0,0.5,0.5,0.5,0.5,0.5,0.5,0.5,0.5,0.5,0.5,synthetic,synthetic,synthetic,synthetic,synthetic,0.0,0.0,0.0,0.0,0.0,-110.0,-110.0,-110.0,-110.0,-110.0,-110.0,-110.0,-110.0,-110.0,-110.0,0.0,0.0,0.0,0.0,0.0,2026-08-07T03:26:40.888653+00:00,-0.20360030307038918,0.8376951430789226,-0.17471676301424016,-0.3248935781542362,-0.28667040545447786,0.6,0.8,0.0,0.0,0.0,1.0,1.0,0.0,0.0,0.0,batter_pitcher_profile_network_v2,1.0,1.0,0.44531929326423914,1.0,0.8141983865751308,-0.23140644903080665,-0.7718739220173194,0.029629629629629634,48.0,13.205587083030705,-0.059486241521225405,-0.0776630461270643,-0.007766304612706431,-0.37500275614399453,-0.766298527809293,0.00493827160493827,48.0,13.468218773507903,-0.013427497001339236,-0.1759678557567334,-0.028154856921077345,-0.4393830802180687,-0.4443276125629503,-0.1037037037037037,48.0,17.45234190049095,0.03373561207694126,-0.14949720360464241,-0.007474860180232121,-0.4400905092592592,-0.7636311937131831,0.0,48.0,13.504611147192811,0.0,-0.1864097928361151,-0.004660244820902878,-0.5568127314814815,-0.5650136346834689,-0.05185185185185185,48.0,15.996807838562356,0.03200334833285357,-0.18797504367449722,-0.011278502620469833
2026-07-21,Taylor_Walls,670764,hitter,TB,TOR,2026,822787,88,139,141,0,592332.0,Kevin_Gausman,0.0,0.0,1.0,0.0,0.0,5.0,5.0,0.0,2.0,8.0,0.1,0.0,0.0,0.0,0.0,10.0,4.25,12.0,4.537304800462695,1.08,0.0,68.0,0,1.0,-0.4999999999999997,-0.8660254037844388,0.7818314824680298,0.6234898018587336,0.5,1.5,0.5,0.5,0.5,0.5,1.5,0.5,0.5,0.5,synthetic,synthetic,synthetic,synthetic,synthetic,0.0,0.0,0.0,0.0,0.0,-110.0,-110.0,-110.0,-110.0,-110.0,-110.0,-110.0,-110.0,-110.0,-110.0,0.0,0.0,0.0,0.0,0.0,2026-08-07T03:26:40.888653+00:00,0.4777407790512118,-0.20081776030215126,-0.23899769238177465,-0.4744,-0.43886919421087667,1.0,1.4,0.2,0.0,0.0,2.0,3.0,1.0,0.0,0.0,batter_pitcher_profile_network_v2,1.0,1.0,0.3506055574125779,2.0,0.8445508192169592,-0.22205271503980614,0.13082446796131159,-0.04666666666666666,47.0,18.697740211447243,-0.024572018859422628,-0.03151412967296015,-0.003151412967296015,-0.33762187175493247,0.12262408685489468,0.07111111111111111,47.0,18.81522257232384,-0.00979668854577988,0.03332649811155518,0.005332239697848829,-0.41535173286604354,0.2808818200329778,0.01333333333333333,47.0,18.419057389883218,0.05873731485239552,0.06774135190181271,0.0033870675950906357,-0.3528081018518518,0.14675972515276706,0.0,47.0,18.51000515941396,0.0,0.0,0.0,-0.4871344907407405,0.3035724228698572,0.12,47.0,17.829624616153957,0.10674190576229486,0.16109276276647583,0.00966556576598855
2026-07-22,Taylor_Walls,670764,hitter,TB,TOR,2026,822784,89,139,141,0,680755.0,Braydon_Fisher,2.0,3.0,0.0,0.0,0.0,4.0,4.0,0.0,2.0,7.0,0.10810810810810811,0.54,0.54,0.25,21.25,65.0,7.5,7.5,5.828836797877045,1.08,0.0,70.0,0,1.0,-0.4999999999999997,-0.8660254037844388,0.9749279121818236,-0.22252093395631434,0.5,1.5,0.5,0.5,0.5,0.5,1.5,0.5,0.5,0.5,synthetic,synthetic,synthetic,synthetic,synthetic,0.0,0.0,0.0,0.0,0.0,-110.0,-110.0,-110.0,-110.0,-110.0,-110.0,-110.0,-110.0,-110.0,-110.0,0.0,0.0,0.0,0.0,0.0,2026-08-07T03:26:40.888653+00:00,0.3496325987718959,-0.2222769879857096,0.26194167514361055,-0.36224981391410255,-0.22007300215967246,0.8,1.2,0.4,0.0,0.0,0.0,0.0,1.0,0.0,0.0,batter_pitcher_profile_network_v2,1.0,0.3,0.5521824583655186,0.0,0.5847072946550672,-0.35484050925925914,-0.8290000000000002,0.0,49.0,13.158987425384016,-0.01576651994265879,-0.13173125395438257,-0.013173125395438258,-0.43827361111111107,-0.8465000000000001,0.0,49.0,13.093267780819149,0.010838782360030752,-0.14988151274852307,-0.023981042039763693,-0.5344687499999998,-0.4608333333333332,0.0,49.0,18.148844670225944,0.0009702959901022135,-0.1093276193291612,-0.00546638096645806,-0.3666599537037037,-0.8465000000000001,0.0,49.0,13.137492595062774,0.0,-0.13899255656410264,-0.0034748139141025664,-0.5610905092592591,-0.6608333333333334,0.0,49.0,15.486324413235623,0.051393923346779835,-0.1274996198109985,-0.007649977188659909
2026-07-25,Taylor_Walls,670764,hitter,TB,CLE,2026,822948,90,139,114,1,676440.0,Tanner_Bibee,0.0,0.0,0.0,0.0,0.0,0.0,0.0,0.0,0.0,7.0,0.0,0.0,0.0,0.0,0.0,10.0,5.95,4.6000000000000005,4.70934065934066,1.08,0.0,72.0,0,3.0,-0.4999999999999997,-0.8660254037844388,-0.9749279121818236,-0.2225209339563146,0.5,1.5,0.5,0.5,0.5,0.5,1.5,0.5,0.5,0.5,synthetic,synthetic,synthetic,synthetic,synthetic,0.0,0.0,0.0,0.0,0.0,-110.0,-110.0,-110.0,-110.0,-110.0,-110.0,-110.0,-110.0,-110.0,-110.0,0.0,0.0,0.0,0.0,0.0,2026-08-07T03:26:40.888653+00:00,0.7237487992114813,-0.3276751706427674,-0.35605399520718783,-0.4744,-0.49708886963375065,1.0,1.4,0.4,0.0,0.0,2.0,3.0,0.0,0.0,0.0,batter_pitcher_profile_network_v2,1.0,1.0,0.3970030307083796,1.0,0.8201171287382235,-0.4124358201664967,0.17012911825017085,-0.08148148148148147,49.0,19.483147984524816,-0.02985230758117761,-0.056914938288119166,-0.005691493828811917,-0.45888344801223235,0.23091664957849173,-0.07407407407407407,49.0,19.09246084405904,-0.016860975685398266,-0.07703231651729664,-0.012325170642767462,-0.5721063646788991,0.20171381673881675,0.1111111111111111,49.0,19.932586140392946,0.036968157031783785,0.11457943651558265,0.005728971825779133,-0.30375370370370375,0.33912822966507183,0.0,49.0,17.893341668486503,0.0,0.0,0.0,-0.5376460648148147,0.2215433621933622,-0.044444444444444446,49.0,19.40997752865917,0.10608446830801106,0.04851883943748875,0.0029111303662493248
2026-07-26,Taylor_Walls,670764,hitter,TB,CLE,2026,822950,91,139,114,1,800048.0,Parker_Messick,0.0,0.0,0.0,0.0,0.0,1.0,1.0,0.0,1.0,9.0,0.03333333333333333,0.0,0.0,0.0,0.0,10.0,1.0294117647058825,6.676470588235294,4.412637362637364,1.08,0.0,72.0,0,1.0,-0.4999999999999997,-0.8660254037844388,-0.7818314824680299,0.6234898018587334,0.5,1.5,0.5,0.5,0.5,0.5,1.5,0.5,0.5,0.5,synthetic,synthetic,synthetic,synthetic,synthetic,0.0,0.0,0.0,0.0,0.0,-110.0,-110.0,-110.0,-110.0,-110.0,-110.0,-110.0,-110.0,-110.0,-110.0,0.0,0.0,0.0,0.0,0.0,2026-08-07T03:26:40.888653+00:00,0.369436772035314,-0.7258921131903592,-0.3634862268979646,-0.4757266117772251,-0.5,1.0,1.4,0.4,0.0,0.0,0.0,0.0,0.0,0.0,0.0,batter_pitcher_profile_network_v2,1.0,1.0,0.2995421588026,1.0,0.8320560855466815,-0.34330082671957685,-0.3334097195507707,-0.08148148148148147,49.0,19.586056004329087,-0.043666063985626655,-0.1331185972508256,-0.013311859725082559,-0.41279345238095244,-0.29920812861282675,-0.07407407407407407,49.0,20.105110149876584,-0.02249510560258289,-0.16838820743974436,-0.0269421131903591,-0.5218497023809525,-0.27051830860979215,-0.1111111111111111,49.0,20.523992549011645,-0.006281551415357286,-0.177361900596655,-0.00886809502983275,-0.30375370370370375,-0.2494021864286725,0.0,49.0,20.33061211560818,0.0,-0.05306447108900529,-0.0013266117772251325,-0.5351460648148147,-0.30140740568331104,-0.037037037037037035,49.0,20.04867873392328,0.0981605095448991,-0.06342695272062499,-0.003805617163237499
2026-07-28,Taylor_Walls,670764,hitter,TB,TEX,2026,822949,92,139,140,1,615698.0,Cal_Quantrill,0.0,0.0,0.0,0.0,0.0,2.0,2.0,0.0,2.0,8.0,0.06060606060606061,0.0,0.0,0.0,0.0,10.0,7.0,3.75,4.514128728414444,1.08,0.0,72.0,0,2.0,-0.4999999999999997,-0.8660254037844388,0.7818314824680298,0.6234898018587336,0.5,1.5,0.5,0.5,0.5,0.5,1.5,0.5,0.5,0.5,synthetic,synthetic,synthetic,synthetic,synthetic,0.0,0.0,0.0,0.0,0.0,-110.0,-110.0,-110.0,-110.0,-110.0,-110.0,-110.0,-110.0,-110.0,-110.0,0.0,0.0,0.0,0.0,0.0,2026-08-07T03:26:40.888653+00:00,0.4372227248941535,-0.7999003200991187,-0.3057158723130763,-0.4744,-0.4909373949890967,0.8,1.2,0.4,0.0,0.0,0.0,0.0,0.0,0.0,0.0,batter_pitcher_profile_network_v2,1.0,0.3,0.8126171113052344,0.0,0.5751363211595326,-0.4140767102660914,0.5354863855950813,0.0,49.0,16.559356884859977,-0.03187016307159563,0.0,0.0,-0.46900823894282634,0.6161833003952569,0.0,49.0,15.252828854837528,-0.02805057617057055,-0.04207586425585583,-0.006732138280936932,-0.5936617111650486,0.22780513468013466,0.0,49.0,20.801828456501987,-0.010718901948696184,-0.010718901948696184,-0.0005359450974348092,-0.3132351851851852,0.7036517347386911,0.0,49.0,13.83849148907256,0.0,0.0,0.0,-0.5903914351851851,0.3583249158249158,0.0,49.0,19.123036142604374,0.11296536261008432,0.08472402195756323,0.0050834413174537935
2026-07-29,Taylor_Walls,670764,hitter,TB,TEX,2026,822947,93,139,140,1,669022.0,MacKenzie_Gore,0.0,0.0,0.0,0.0,0.0,3.0,3.0,0.0,1.0,9.0,0.10344827586206896,0.0,0.0,0.0,0.0,10.0,5.197058823529413,9.705882352941176,3.03061224489796,1.08,0.0,72.0,0,1.0,-0.4999999999999997,-0.8660254037844388,0.9749279121818236,-0.22252093395631434,0.5,1.0,0.5,0.5,0.5,0.5,0.5,0.5,0.5,0.5,synthetic,real,real,real,synthetic,0.0,8.0,7.0,6.0,0.0,-110.0,731.661152,524.0,2664.458228,-110.0,-110.0,-600.0,-1200.0,0.0,-110.0,0.0,0.5345224838248488,0.7559289460184545,0.0,0.0,2026-07-30T00:28:52.112372+00:00,-0.1289339956672323,-0.6269483972300716,-0.4640865934083838,-0.47469375280302784,-0.49315785218517705,0.4,0.6,0.2,0.0,0.0,0.0,0.0,0.0,0.0,0.0,batter_pitcher_profile_network_v2,1.0,1.0,0.31670102721470994,0.0,0.811204124166198,-0.5070787289145583,0.002496214788059125,0.0,49.0,21.168029271753735,-0.041441970868093134,0.0,0.0,-0.5310095847084709,-0.039052289486562045,0.0,49.0,21.38609394995081,-0.02623653264727496,-0.05352446544656886,-0.008563914471451018,-0.6514963902640265,0.1842483237092385,0.0,49.0,21.157271312100313,-0.014240664789774433,-0.014240664789774433,-0.0007120332394887218,-0.3132351851851852,-0.05489852842461512,0.0,49.0,21.263831513473384,0.0,-0.011750112121114068,-0.0002937528030278517,-0.587891435185185,0.1557656540927193,0.0,49.0,20.93481481517112,0.15204772921828827,0.11403579691371621,0.006842147814822972
2026-07-30,Taylor_Walls,670764,hitter,TB,TEX,2026,822946,94,139,140,1,668390.0,Cole_Winn,0.0,0.0,0.0,0.0,0.0,3.0,2.0,1.0,0.0,8.0,0.09090909090909091,0.22999999999999998,0.22999999999999998,0.0,0.0,27.599999999999998,9.0,10.5,3.03061224489796,1.08,0.0,72.0,0,1.0,-0.4999999999999997,-0.8660254037844388,0.43388373911755823,-0.900968867902419,0.5,0.5,0.5,0.5,0.5,0.5,0.5,0.5,0.5,0.5,synthetic,synthetic,synthetic,synthetic,synthetic,0.0,0.0,0.0,0.0,0.0,-110.0,-110.0,-110.0,-110.0,-110.0,-110.0,-110.0,-110.0,-110.0,-110.0,0.0,0.0,0.0,0.0,0.0,2026-08-07T03:26:40.888653+00:00,-0.1870724799010512,-0.035227825301931026,-0.47311444615090087,-0.4744,-0.457402445260291,0.4,0.6,0.0,0.0,0.0,0.0,0.0,0.0,0.0,0.0,batter_pitcher_profile_network_v2,1.0,0.0,1.0,0.0,0.5,-0.5969528121562159,0.0,0.0,50.0,22.01368273712879,-0.036153271272174284,0.0,0.0,-0.5999565044004401,0.0,0.0,50.0,22.172113588327807,-0.027710635727743054,-0.04156595359161458,-0.006650552574658333,-0.7402071988448846,0.0,0.0,50.0,22.73287008525661,-0.048810258825067974,-0.048810258825067974,-0.0024405129412533987,-0.32271666666666665,0.0,0.0,50.0,22.034218110543513,0.0,0.0,0.0,-0.6456368055555556,0.0,0.0,50.0,22.347049775071223,0.18128559079377907,0.1359641930953343,0.008157851585720058
2026-07-31,Taylor_Walls,670764,hitter,TB,CWS,2026,822945,95,139,145,1,607200.0,Erick_Fedde,0.0,0.0,0.0,0.0,0.0,3.0,3.0,0.0,1.0,8.0,0.08823529411764706,0.0,0.0,0.0,0.0,10.0,3.5769230769230766,8.134615384615385,3.397058823529412,1.08,0.0,72.0,0,1.0,-0.4999999999999997,-0.8660254037844388,-0.433883739117558,-0.9009688679024191,0.5,0.5,0.5,0.5,0.5,0.5,0.5,0.5,0.5,0.5,synthetic,synthetic,synthetic,synthetic,synthetic,0.0,0.0,0.0,0.0,0.0,-110.0,-110.0,-110.0,-110.0,-110.0,-110.0,-110.0,-110.0,-110.0,-110.0,0.0,0.0,0.0,0.0,0.0,2026-08-07T03:26:40.888653+00:00,-0.3300758672699849,-0.5,-0.49868968518248225,-0.4744,-0.49169680063948273,0.0,0.0,0.0,0.0,0.0,0.0,0.0,0.0,0.0,0.0,batter_pitcher_profile_network_v2,1.0,0.65,0.5503647117533959,0.0,0.6836772098266358,-0.6282351851851853,0.3214648465748934,0.0,49.0,19.724372821154134,-0.017814308048420862,0.0,0.0,-0.6651,0.5332393086951073,0.0,49.0,16.946200175660795,-0.006891518980895959,-0.010337278471343938,-0.0016539645554150301,-0.7791666666666668,0.44833753456497694,0.0,49.0,18.93725035570168,0.026206296350355526,0.026206296350355526,0.0013103148175177765,-0.4428185185185185,0.7853186813186813,0.0,49.0,12.953097492606368,0.0,0.0,0.0,-0.7453185185185185,0.4791637386207437,0.0,49.0,18.201982861557745,0.18451554134482823,0.13838665600862116,0.00830319936051727
2026-08-01,Taylor_Walls,670764,hitter,TB,CWS,2026,822944,96,139,145,1,663855.0,Jordan_Hicks,0.0,0.0,0.0,0.0,0.0,3.0,3.0,0.0,1.0,9.0,0.1,0.0,0.0,0.0,0.0,10.0,0.0,12.0,1.789915966386555,1.08,0.0,72.0,0,1.0,-0.8660254037844385,-0.5000000000000004,-0.9749279121818236,-0.2225209339563146,0.5,0.5,0.5,0.5,0.5,0.5,0.5,0.5,0.5,0.5,synthetic,synthetic,synthetic,synthetic,synthetic,0.0,0.0,0.0,0.0,0.0,-110.0,-110.0,-110.0,-110.0,-110.0,-110.0,-110.0,-110.0,-110.0,-110.0,0.0,0.0,0.0,0.0,0.0,2026-08-07T03:26:40.888653+00:00,-0.5,-0.48865561636264265,-0.4972754622751627,-0.4744448182751736,-0.4917705210261804,0.0,0.0,0.0,0.0,0.0,0.0,0.0,0.0,0.0,0.0,batter_pitcher_profile_network_v2,1.0,0.05,0.9425,0.0,0.5117271875,-0.6155365319865319,0.12499999999999992,0.0,50.0,21.72987701414887,-0.005354480029044152,0.0,0.0,-0.6752098484848484,-0.06000000000000005,0.0,50.0,22.246882598356162,0.02444624780717051,0.03433989773348304,0.005494383637357286,-0.7609848484848485,0.5,0.0,50.0,18.68649692236548,0.054490754496745446,0.054490754496745446,0.0027245377248372726,-0.5196321759259259,-0.06000000000000005,0.0,50.0,22.017043164633293,0.0,-0.001792731006944446,-4.4818275173611155e-05,-0.7807259259259258,0.30000000000000004,0.0,50.0,20.784109334683986,0.1828773105293242,0.13715798289699316,0.00822947897381959
2026-08-03,Taylor_Walls,670764,hitter,TB,COL,2026,824324,97,139,115,0,547179.0,Michael_Lorenzen,2.0,2.0,2.0,0.0,2.0,5.0,5.0,0.0,0.0,9.0,0.1111111111111111,0.356,0.356,0.0,0.0,42.72,7.759090909090911,6.1909090909090905,5.497252747252747,1.0477777777777777,0.0,89.0,0,2.0,-0.8660254037844385,-0.5000000000000004,0.0,1.0,0.5,0.5,0.5,0.5,0.5,0.5,0.5,0.5,0.5,0.5,synthetic,synthetic,synthetic,synthetic,synthetic,0.0,0.0,0.0,0.0,0.0,-110.0,-110.0,-110.0,-110.0,-110.0,-110.0,-110.0,-110.0,-110.0,-110.0,0.0,0.0,0.0,0.0,0.0,2026-08-07T03:26:40.888653+00:00,-0.05138867798867797,-0.33413912709324567,-0.25753605318591555,-0.48471111111111115,-0.2732130234296595,0.0,0.0,0.0,0.0,0.0,0.0,0.0,0.0,0.0,0.0,batter_pitcher_profile_network_v2,1.0,1.0,0.38655354217587146,0.0,0.8026471910834557,-0.6398243764172336,0.6362802899919425,0.0,49.0,15.803792625382917,0.011241763242812458,0.0,0.0,-0.6925560657596371,0.4409702223536679,0.0,49.0,18.439589815330574,0.01310085933369891,0.019651289000548366,0.0031442062400877384,-0.7762755102040816,0.5006040035528253,0.0,49.0,18.475889357808498,0.10102618902894207,0.10102618902894207,0.005051309451447104,-0.5334840277777778,0.23427182279516895,0.0,49.0,20.425149185116084,0.0,0.0,0.0,-0.7995777777777777,0.5302586209185354,0.0,49.0,17.759265082697308,0.1657260564674772,0.12429454235060791,0.0074576725410364746
2026-08-04,Taylor_Walls,670764,hitter,TB,COL,2026,824321,98,139,115,0,687312.0,Gabriel_Hughes,1.0,1.0,2.0,0.0,0.0,5.0,3.0,1.0,1.0,9.0,0.10204081632653061,0.395,0.395,0.0,0.0,47.400000000000006,3.525,7.575,6.354395604395605,1.0477777777777777,-9.0,76.0,0,1.0,-0.8660254037844385,-0.5000000000000004,0.7818314824680298,0.6234898018587336,0.5,0.5,0.5,0.5,0.5,0.5,0.5,0.5,0.5,0.5,synthetic,synthetic,synthetic,synthetic,synthetic,0.0,0.0,0.0,0.0,0.0,-110.0,-110.0,-110.0,-110.0,-110.0,-110.0,-110.0,-110.0,-110.0,-110.0,0.0,0.0,0.0,0.0,0.0,2026-08-07T03:26:40.888653+00:00,0.38898831334940764,0.19462528461311557,0.32465152322507396,-0.48775034540390555,0.35327363595988437,0.4,0.4,0.4,0.0,0.4,2.0,2.0,2.0,0.0,2.0,batter_pitcher_profile_network_v2,1.0,0.2,0.685702882939548,0.0,0.5532002793679811,-0.5939651515151516,-0.14485511363636366,0.0,49.0,21.858910853992356,0.010083590511676782,-0.027041774930831288,-0.002704177493083129,-0.6795489898989899,-0.3895227272727273,0.0,49.0,20.35765268664511,0.03989366700646059,-0.023353875929932023,-0.0037366201487891238,-0.7523989898989901,-0.3663409090909091,0.0,49.0,20.5961127615776,0.0538374268056274,-0.03279371132269782,-0.0016396855661348912,-0.5981791666666666,-0.646625,0.0,49.0,17.093117766871032,0.0,-0.12156937171177679,-0.00303923429279442,-0.8278666666666666,-0.39522348484848474,0.0,49.0,20.050737566946722,0.0938664991291068,-0.03243573766493245,-0.001946144259895947
2026-08-05,Taylor_Walls,670764,hitter,TB,COL,2026,824322,99,139,115,0,608372.0,Tomoyuki_Sugano,0.0,0.0,1.0,0.0,0.0,4.0,3.0,1.0,1.0,8.0,0.11428571428571428,0.1725,0.1725,0.0,0.0,20.7,2.9960526315789475,5.133552631578947,6.1779250161603105,1.0477777777777777,-10.0,69.0,0,1.0,-0.8660254037844385,-0.5000000000000004,0.9749279121818236,-0.22252093395631434,0.5,0.5,0.5,0.5,0.5,0.5,0.5,0.5,0.5,0.5,synthetic,synthetic,synthetic,synthetic,synthetic,0.0,0.0,0.0,0.0,0.0,-110.0,-110.0,-110.0,-110.0,-110.0,-110.0,-110.0,-110.0,-110.0,-110.0,0.0,0.0,0.0,0.0,0.0,2026-08-07T03:26:40.888653+00:00,0.4880393690674649,0.10339895089864581,0.48263055695965573,-0.48471111111111115,-0.018524412332866058,0.6,0.6,0.8,0.0,0.4,1.0,1.0,2.0,0.0,0.0,batter_pitcher_profile_network_v2,1.0,1.0,0.3100297756567012,0.0,0.8120213524820541,-0.5841166666666668,0.4365297799887293,0.0,49.0,19.18259875067708,0.023455510917224216,0.0,0.0,-0.6729833333333335,0.5330644414660437,0.0,49.0,17.814963652017642,0.032460906522135645,0.048691359783203464,0.007790617565312554,-0.7458333333333335,0.27595483684701955,0.0,49.0,21.635301429916474,0.12218612303280223,0.12218612303280223,0.006109306151640112,-0.5981791666666667,0.6542449970215993,0.0,49.0,15.81482066686478,0.0,0.0,0.0,-0.8278666666666666,0.36060761462479735,0.0,49.0,20.46483109157557,0.16509637464707594,0.12382228098530695,0.007429336859118417
