Date,Player,Player_MLBAM_ID,Player_Type,Team,Opponent,Season,Game_ID,Game_Index,Team_ID,Opponent_ID,Is_Home,Opp_Starter_ID,Opp_Starter_Player,H,TB,R,HR,RBI,PA,AB,BB,SO,Batting_Order,Team_PA_share,wOBA,xwOBA,ISO,Barrel%,HardHit%,Opp_Pitcher_ERA_3,Opp_Pitcher_K9_3,Opp_Bullpen_ERA_7,Park_Factor,Wind_Out_MPH,Temp_F,Did_Not_Play,Rest_Days,Month_sin,Month_cos,DayOfWeek_sin,DayOfWeek_cos,Market_H,Market_TB,Market_R,Market_HR,Market_RBI,Synthetic_Market_H,Synthetic_Market_TB,Synthetic_Market_R,Synthetic_Market_HR,Synthetic_Market_RBI,Market_Source_H,Market_Source_TB,Market_Source_R,Market_Source_HR,Market_Source_RBI,Market_H_books,Market_TB_books,Market_R_books,Market_HR_books,Market_RBI_books,Market_H_over_price,Market_TB_over_price,Market_R_over_price,Market_HR_over_price,Market_RBI_over_price,Market_H_under_price,Market_TB_under_price,Market_R_under_price,Market_HR_under_price,Market_RBI_under_price,Market_H_line_std,Market_TB_line_std,Market_R_line_std,Market_HR_line_std,Market_RBI_line_std,Market_Fetched_At_UTC,H_market_gap,TB_market_gap,R_market_gap,HR_market_gap,RBI_market_gap,H_rolling_avg,TB_rolling_avg,R_rolling_avg,HR_rolling_avg,RBI_rolling_avg,H_lag1,TB_lag1,R_lag1,HR_lag1,RBI_lag1,Matchup_Network_Version,Matchup_Network_Batter_Support,Matchup_Network_Pitcher_Support,Pitcher_Profile_Uncertainty,Batter_Vs_Starter_Games,Matchup_Network_Confidence,Batter_Profile_H_Strength,Pitcher_Profile_H_Vulnerability,Batter_Vs_Starter_H_Lift,Archetype_Neighbor_H_Games,Archetype_Neighbor_H_Effective_Support,Archetype_Neighbor_H_Lift,Matchup_Network_H_Score,Matchup_Network_H_Adjustment,Batter_Profile_TB_Strength,Pitcher_Profile_TB_Vulnerability,Batter_Vs_Starter_TB_Lift,Archetype_Neighbor_TB_Games,Archetype_Neighbor_TB_Effective_Support,Archetype_Neighbor_TB_Lift,Matchup_Network_TB_Score,Matchup_Network_TB_Adjustment,Batter_Profile_R_Strength,Pitcher_Profile_R_Vulnerability,Batter_Vs_Starter_R_Lift,Archetype_Neighbor_R_Games,Archetype_Neighbor_R_Effective_Support,Archetype_Neighbor_R_Lift,Matchup_Network_R_Score,Matchup_Network_R_Adjustment,Batter_Profile_HR_Strength,Pitcher_Profile_HR_Vulnerability,Batter_Vs_Starter_HR_Lift,Archetype_Neighbor_HR_Games,Archetype_Neighbor_HR_Effective_Support,Archetype_Neighbor_HR_Lift,Matchup_Network_HR_Score,Matchup_Network_HR_Adjustment,Batter_Profile_RBI_Strength,Pitcher_Profile_RBI_Vulnerability,Batter_Vs_Starter_RBI_Lift,Archetype_Neighbor_RBI_Games,Archetype_Neighbor_RBI_Effective_Support,Archetype_Neighbor_RBI_Lift,Matchup_Network_RBI_Score,Matchup_Network_RBI_Adjustment
2026-03-01,Griffin_Conine,665052,hitter,MIA,WSH,2026,831475,0,146,120,0,695418.0,Brad_Lord,1.0,1.0,1.0,0.0,0.0,3.0,3.0,0.0,2.0,3.0,0.081081081081081,0.2966666666666667,0.2966666666666667,0.0,0.0,35.6,4.1,8.2,4.0,1.08,-6.0,76.0,0,2.0,1.0,6.123233995736766e-17,-0.7818314824680299,0.6234898018587334,0.5,0.5,0.5,0.5,0.5,0.5,0.5,0.5,0.5,0.5,synthetic,synthetic,synthetic,synthetic,synthetic,0.0,0.0,0.0,0.0,0.0,-110.0,-110.0,-110.0,-110.0,-110.0,-110.0,-110.0,-110.0,-110.0,-110.0,0.0,0.0,0.0,0.0,0.0,2026-08-26T14:02:39.082451+00:00,0.5189225225225225,0.3786905405405405,0.43207882882882886,-0.4744,-0.4086486486486487,1.0,1.0,1.0,0.0,0.0,1.0,1.0,1.0,0.0,0.0,,0.0,0.0,1.0,0.0,0.0,0.0,0.0,0.0,0.0,0.0,0.0,0.0,0.0,0.0,0.0,0.0,0.0,0.0,0.0,0.0,0.0,0.0,0.0,0.0,0.0,0.0,0.0,0.0,0.0,0.0,0.0,0.0,0.0,0.0,0.0,0.0,0.0,0.0,0.0,0.0,0.0,0.0,0.0,0.0,0.0
2026-03-03,Griffin_Conine,665052,hitter,MIA,ISR,2026,831436,1,146,840,1,476594.0,Robert_Stock,0.0,0.0,0.0,0.0,0.0,3.0,2.0,1.0,0.0,3.0,0.088235294117647,0.2299999999999999,0.2299999999999999,0.0,0.0,27.6,4.1,8.2,4.0,1.05,-16.0,79.0,0,2.0,1.0,6.123233995736766e-17,0.7818314824680298,0.6234898018587336,0.5,0.5,0.5,0.5,0.5,0.5,0.5,0.5,0.5,0.5,synthetic,synthetic,synthetic,synthetic,synthetic,0.0,0.0,0.0,0.0,0.0,-110.0,-110.0,-110.0,-110.0,-110.0,-110.0,-110.0,-110.0,-110.0,-110.0,0.0,0.0,0.0,0.0,0.0,2026-08-26T14:02:39.082451+00:00,0.5290392156862744,0.34210294117647055,0.4044264705882352,-0.484,-0.42023529411764715,1.0,1.0,1.0,0.0,0.0,1.0,1.0,1.0,0.0,0.0,batter_pitcher_profile_network_v2,0.0333333333333333,0.0,1.0,0.0,0.0166666666666666,-0.5568749999999999,0.0,0.0,0.0,0.0,0.0,0.0,0.0,-0.6387499999999999,0.0,0.0,0.0,0.0,0.0,0.0,0.0,-0.2781249999999998,0.0,0.0,0.0,0.0,0.0,0.0,0.0,-0.7829166666666666,0.0,0.0,0.0,0.0,0.0,0.0,0.0,-0.3318749999999999,0.0,0.0,0.0,0.0,0.0,0.0,0.0
2026-03-05,Griffin_Conine,665052,hitter,MIA,HOU,2026,831582,2,146,117,1,837227.0,Tatsuya_Imai,0.0,0.0,1.0,0.0,0.0,3.0,2.0,1.0,1.0,3.0,0.09375,0.2299999999999999,0.2299999999999999,0.0,0.0,27.6,4.1,8.2,1.5000000000000002,1.05,0.0,80.0,0,2.0,1.0,6.123233995736766e-17,0.43388373911755823,-0.900968867902419,0.5,0.5,0.5,0.5,0.5,0.5,0.5,0.5,0.5,0.5,synthetic,synthetic,synthetic,synthetic,synthetic,0.0,0.0,0.0,0.0,0.0,-110.0,-110.0,-110.0,-110.0,-110.0,-110.0,-110.0,-110.0,-110.0,-110.0,0.0,0.0,0.0,0.0,0.0,2026-08-26T14:02:39.082451+00:00,-0.03818749999999993,-0.10187500000000005,-0.17362500000000008,-0.484,-0.5,0.5,0.5,0.5,0.0,0.0,0.0,0.0,0.0,0.0,0.0,batter_pitcher_profile_network_v2,0.0666666666666666,0.0,1.0,0.0,0.0333333333333333,-0.7034027777777777,0.0,0.0,0.0,0.0,0.0,0.0,0.0,-0.7679166666666667,0.0,0.0,0.0,0.0,0.0,0.0,0.0,-0.4364583333333334,0.0,0.0,0.0,0.0,0.0,0.0,0.0,-0.8273611111111111,0.0,0.0,0.0,0.0,0.0,0.0,0.0,-0.5221527777777779,0.0,0.0,0.0,0.0,0.0,0.0,0.0
2026-03-07,Griffin_Conine,665052,hitter,MIA,HOU,2026,831523,3,146,117,0,669920.0,,1.0,1.0,0.0,0.0,0.0,4.0,2.0,2.0,0.0,4.0,0.0888888888888888,0.5675,0.5675,0.0,0.0,65.0,4.1,8.2,2.1,1.08,0.0,77.0,0,2.0,1.0,6.123233995736766e-17,-0.9749279121818236,-0.2225209339563146,0.5,0.5,0.5,0.5,0.5,0.5,0.5,0.5,0.5,0.5,synthetic,synthetic,synthetic,synthetic,synthetic,0.0,0.0,0.0,0.0,0.0,-110.0,-110.0,-110.0,-110.0,-110.0,-110.0,-110.0,-110.0,-110.0,-110.0,0.0,0.0,0.0,0.0,0.0,2026-08-26T14:02:39.082451+00:00,-0.13447952393677665,-0.044678834183333294,0.2724068231770834,-0.4744700953550347,-0.41340656984027785,0.3333333333333333,0.3333333333333333,0.6666666666666666,0.0,0.0,0.0,0.0,1.0,0.0,0.0,batter_pitcher_profile_network_v2,0.1,0.05,0.9425,0.0,0.0617271875,-0.7668287037037038,-0.48275,0.0,0.0,0.0,0.0,-0.0021285727010995,-0.0002128572701099,-0.8206944444444445,-0.5790000000000001,0.0,0.0,0.0,0.0,-0.0027322969791666,-0.0004371675166666,-0.4989583333333334,-0.94,0.0,0.0,0.0,0.0,-0.0026968697916666,-0.0001348434895833,-0.8421759259259259,-0.5790000000000001,0.0,0.0,0.0,0.0,-0.0028038142013888,-7.009535503472223e-05,-0.5855787037037039,-0.94,0.0,0.0,0.0,0.0,-0.0031650528935185,-0.0001899031736111
2026-03-10,Griffin_Conine,665052,hitter,MIA,WSH,2026,831471,4,146,120,1,656492.0,Foster_Griffin,1.0,1.0,0.0,0.0,1.0,3.0,3.0,0.0,1.0,3.0,0.075,0.2966666666666667,0.2966666666666667,0.0,0.0,35.6,0.0,4.5,0.6,1.05,-13.0,83.0,0,3.0,1.0,6.123233995736766e-17,0.7818314824680298,0.6234898018587336,0.5,0.5,0.5,0.5,0.5,0.5,0.5,0.5,0.5,0.5,synthetic,synthetic,synthetic,synthetic,synthetic,0.0,0.0,0.0,0.0,0.0,-110.0,-110.0,-110.0,-110.0,-110.0,-110.0,-110.0,-110.0,-110.0,-110.0,0.0,0.0,0.0,0.0,0.0,2026-08-26T14:02:39.082451+00:00,0.2372496991754951,0.04759034460342182,-0.20560757609161928,-0.4840698902118055,-0.5,0.5,0.5,0.5,0.0,0.0,1.0,1.0,0.0,0.0,0.0,batter_pitcher_profile_network_v2,0.1333333333333333,0.05,0.9425,0.0,0.0783938541666666,0.0591032318376065,-0.006638888888889,0.0,0.0,0.0,0.0,-3.0082450501048957e-06,-3.008245050104896e-07,-0.1963501602564104,-0.2476805555555556,0.0,0.0,0.0,0.0,-0.0003728462286139,-5.965539657822894e-05,0.1851862980769229,-0.3415046296296296,0.0,0.0,0.0,0.0,-0.0004848551657188,-2.4242758285942663e-05,-0.7456944444444444,-0.489,0.0,0.0,0.0,0.0,-0.0027956084722222,-6.989021180555557e-05,-0.1536371527777776,-0.4450925925925926,0.0,0.0,0.0,0.0,-0.0005242678163044,-3.145606897826644e-05
2026-03-11,Griffin_Conine,665052,hitter,MIA,HOU,2026,831561,5,146,117,1,837227.0,Tatsuya_Imai,0.0,0.0,0.0,0.0,0.0,3.0,3.0,0.0,2.0,3.0,0.1,0.0,0.0,0.0,0.0,10.0,0.0,13.5,4.319387755102041,1.05,-14.0,84.0,0,1.0,1.0,6.123233995736766e-17,0.9749279121818236,-0.22252093395631434,0.5,0.5,0.5,0.5,0.5,0.5,0.5,0.5,0.5,0.5,synthetic,synthetic,synthetic,synthetic,synthetic,0.0,0.0,0.0,0.0,0.0,-110.0,-110.0,-110.0,-110.0,-110.0,-110.0,-110.0,-110.0,-110.0,-110.0,0.0,0.0,0.0,0.0,0.0,2026-08-26T14:02:39.082451+00:00,0.038919038336604816,-0.0038770099388888424,-0.20991592474489795,-0.4841793568883101,-0.16610931579784916,0.6,0.6,0.4,0.0,0.2,1.0,1.0,0.0,0.0,1.0,batter_pitcher_profile_network_v2,0.1666666666666666,0.05,0.9425,1.0,0.1138105208333333,-0.0505347222222223,-0.994,-0.0666666666666666,0.0,0.0,0.0,-0.0652313853414351,-0.0065231385341435,-0.2757916666666667,-0.994,-0.0444444444444444,0.0,0.0,0.0,-0.0457938121180555,-0.0073270099388888,0.1015624999999998,-0.6399999999999999,0.1111111111111111,0.0,0.0,0.0,0.10729375,0.0053646875,-0.7531388888888888,-0.994,0.0,0.0,0.0,0.0,-0.0071742755324074,-0.0001793568883101,-0.1892847222222222,-0.815,-0.0444444444444444,0.0,0.0,0.0,-0.0446450592158564,-0.0026787035529513
2026-03-14,Griffin_Conine,665052,hitter,MIA,WSH,2026,831459,6,146,120,0,806046.0,,0.0,0.0,0.0,0.0,1.0,4.0,3.0,0.0,1.0,2.0,0.1111111111111111,0.0,0.0,0.0,0.0,10.0,4.1,8.2,0.6428571428571429,1.08,0.0,80.0,0,3.0,1.0,6.123233995736766e-17,-0.9749279121818236,-0.2225209339563146,0.5,0.5,0.5,0.5,0.5,0.5,0.5,0.5,0.5,0.5,synthetic,synthetic,synthetic,synthetic,synthetic,0.0,0.0,0.0,0.0,0.0,-110.0,-110.0,-110.0,-110.0,-110.0,-110.0,-110.0,-110.0,-110.0,-110.0,0.0,0.0,0.0,0.0,0.0,2026-08-26T14:02:39.082451+00:00,-0.1005523809523809,-0.23401666666666665,-0.5,-0.4744,-0.4941904761904762,0.4,0.4,0.2,0.0,0.2,0.0,0.0,0.0,0.0,0.0,batter_pitcher_profile_network_v2,0.2,0.0,1.0,0.0,0.1,-0.5859871466861598,0.0,0.0,0.0,0.0,0.0,0.0,0.0,-0.6821472953216374,0.0,0.0,0.0,0.0,0.0,0.0,0.0,-0.364734100877193,0.0,0.0,0.0,0.0,0.0,0.0,0.0,-0.8055092592592592,0.0,0.0,0.0,0.0,0.0,0.0,0.0,-0.4767766203703704,0.0,0.0,0.0,0.0,0.0,0.0,0.0
2026-03-15,Griffin_Conine,665052,hitter,MIA,HOU,2026,831509,7,146,117,0,664299.0,Cristian_Javier,1.0,1.0,0.0,0.0,0.0,4.0,4.0,0.0,1.0,4.0,0.125,0.2225,0.2225,0.0,0.0,26.7,4.95,8.100000000000001,4.190816326530612,1.08,12.0,79.0,0,1.0,1.0,6.123233995736766e-17,-0.7818314824680299,0.6234898018587334,0.5,0.5,0.5,0.5,0.5,0.5,0.5,0.5,0.5,0.5,synthetic,synthetic,synthetic,synthetic,synthetic,0.0,0.0,0.0,0.0,0.0,-110.0,-110.0,-110.0,-110.0,-110.0,-110.0,-110.0,-110.0,-110.0,-110.0,0.0,0.0,0.0,0.0,0.0,2026-08-26T14:02:39.082451+00:00,0.06211598639455773,-0.12021610881072975,-0.20583418367346945,-0.47499274320815016,0.06229081632653066,0.4,0.4,0.2,0.0,0.4,0.0,0.0,0.0,0.0,1.0,batter_pitcher_profile_network_v2,0.2333333333333333,0.1,0.7039420183313214,0.0,0.1430433769421079,-0.7342210144927538,0.1063838383838382,0.0,0.0,0.0,0.0,0.0,0.0,-0.8133695652173913,-0.1658623737373738,0.0,0.0,0.0,0.0,-0.0093194300670615,-0.0014911088107298,-0.5233695652173914,0.1967916666666666,0.0,0.0,0.0,0.0,0.0,0.0,-0.8429166666666666,-0.4071818181818182,0.0,0.0,0.0,0.0,-0.0237097283260089,-0.0005927432081502,-0.6616666666666666,0.0450555555555555,0.0,0.0,0.0,0.0,0.0,0.0
2026-03-20,Griffin_Conine,665052,hitter,MIA,WSH,2026,831450,8,146,120,1,656492.0,Foster_Griffin,0.0,0.0,0.0,0.0,0.0,3.0,3.0,0.0,1.0,3.0,0.09375,0.0,0.0,0.0,0.0,10.0,1.5,8.25,0.6428571428571429,1.05,0.0,70.0,0,5.0,1.0,6.123233995736766e-17,-0.433883739117558,-0.9009688679024191,0.5,0.5,0.5,0.5,0.5,0.5,0.5,0.5,0.5,0.5,synthetic,synthetic,synthetic,synthetic,synthetic,0.0,0.0,0.0,0.0,0.0,-110.0,-110.0,-110.0,-110.0,-110.0,-110.0,-110.0,-110.0,-110.0,-110.0,0.0,0.0,0.0,0.0,0.0,2026-08-26T14:02:39.082451+00:00,0.09019450291137032,-0.0013697616346003416,-0.5,-0.4848250620388517,-0.37389892639022415,0.6,0.6,0.0,0.0,0.4,1.0,1.0,0.0,0.0,0.0,batter_pitcher_profile_network_v2,0.2666666666666666,0.1,0.819553977055322,1.0,0.1770437971144056,-0.7088888888888889,-0.3576363636363637,0.0555555555555555,0.0,0.0,0.0,0.0383438386375121,0.0038343838637512,-0.796886574074074,-0.5518977272727272,0.037037037037037,0.0,0.0,0.0,0.0125327397837481,0.0020052383653997,-0.5110532407407408,-0.7092234848484847,-0.0555555555555555,0.0,0.0,0.0,-0.0679839218442637,-0.0033991960922131,-0.8477777777777777,-0.8089999999999999,0.0,0.0,0.0,0.0,-0.0330024815540718,-0.0008250620388517,-0.6712152777777777,-0.7002272727272727,0.1111111111111111,0.0,0.0,0.0,0.0784702744486463,0.0047082164669187
2026-03-21,Griffin_Conine,665052,hitter,MIA,STL,2026,831449,9,146,138,0,695766.0,,2.0,5.0,1.0,1.0,2.0,3.0,3.0,0.0,0.0,6.0,0.081081081081081,0.9966666666666668,0.9966666666666668,1.0,30.0,65.0,4.1,8.2,0.32142857142857145,1.05,-3.0,77.0,0,1.0,1.0,6.123233995736766e-17,-0.9749279121818236,-0.2225209339563146,0.5,0.5,0.5,0.5,0.5,0.5,0.5,0.5,0.5,0.5,synthetic,synthetic,synthetic,synthetic,synthetic,0.0,0.0,0.0,0.0,0.0,-110.0,-110.0,-110.0,-110.0,-110.0,-110.0,-110.0,-110.0,-110.0,-110.0,0.0,0.0,0.0,0.0,0.0,2026-08-26T14:02:39.082451+00:00,-0.18595366795366797,1.3672905405405404,-0.17684974259974262,-0.15899999999999997,-0.11057722007722015,0.4,0.4,0.0,0.0,0.4,0.0,0.0,0.0,0.0,0.0,batter_pitcher_profile_network_v2,0.3,0.0,1.0,0.0,0.15,-0.7471759259259262,0.0,0.0,0.0,0.0,0.0,0.0,0.0,-0.8244444444444445,0.0,0.0,0.0,0.0,0.0,0.0,0.0,-0.5194444444444446,0.0,0.0,0.0,0.0,0.0,0.0,0.0,-0.8721759259259259,0.0,0.0,0.0,0.0,0.0,0.0,0.0,-0.6950925925925925,0.0,0.0,0.0,0.0,0.0,0.0,0.0
2026-03-27,Griffin_Conine,665052,hitter,MIA,COL,2026,823893,10,146,115,1,607536.0,Kyle_Freeland,0.0,0.0,0.0,0.0,0.0,1.0,1.0,0.0,0.0,1.0,0.0285714285714285,0.0,0.0,0.0,0.0,10.0,1.5,8.5,8.504081632653062,1.0766666666666669,-2.0,79.0,0,6.0,1.0,6.123233995736766e-17,-0.433883739117558,-0.9009688679024191,0.5,1.5,0.5,0.5,0.5,0.5,1.5,0.5,0.5,0.5,synthetic,synthetic,synthetic,synthetic,synthetic,0.0,0.0,0.0,0.0,0.0,-110.0,-110.0,-110.0,-110.0,-110.0,-110.0,-110.0,-110.0,-110.0,-110.0,0.0,0.0,0.0,0.0,0.0,2026-08-26T14:02:39.082451+00:00,0.486932025221989,-0.13021911698270205,-0.0641134912555682,-0.23554905532946413,0.3936339335452286,0.6,1.2,0.2,0.2,0.6,2.0,5.0,1.0,1.0,2.0,batter_pitcher_profile_network_v2,0.3333333333333333,0.15,0.8282719381255919,0.0,0.2039471698036089,-0.3889356060606061,-0.1637522522522522,0.0,0.0,0.0,0.0,-0.0036457341746695,-0.0003645734174669,-0.3954848484848485,-0.1295123873873873,0.0,0.0,0.0,0.0,-0.0029319811418882,-0.0004691169827021,-0.193693181818182,-0.1218900150150149,0.0,0.0,0.0,0.0,-0.0013514577644247,-6.757288822123567e-05,-0.4368333333333332,-0.1317927927927927,0.0,0.0,0.0,0.0,-0.003295546511901,-8.238866279752544e-05,-0.2749583333333334,-0.1801726726726725,0.0,0.0,0.0,0.0,-0.0028358014570759,-0.0001701480874245
2026-03-28,Griffin_Conine,665052,hitter,MIA,COL,2026,823892,11,146,115,1,547179.0,Michael_Lorenzen,1.0,1.0,0.0,0.0,0.0,4.0,4.0,0.0,1.0,7.0,0.1111111111111111,0.2225,0.2225,0.0,0.0,26.7,10.35,6.075,8.504081632653062,1.0766666666666669,0.0,72.0,0,1.0,1.0,6.123233995736766e-17,-0.9749279121818236,-0.2225209339563146,0.5,1.5,0.5,0.5,0.5,0.5,1.5,0.5,0.5,0.5,synthetic,synthetic,synthetic,synthetic,synthetic,0.0,0.0,0.0,0.0,0.0,-110.0,-110.0,-110.0,-110.0,-110.0,-110.0,-110.0,-110.0,-110.0,-110.0,0.0,0.0,0.0,0.0,0.0,2026-08-26T14:02:39.082451+00:00,0.41721326530612246,-0.6394916666666667,-0.03767091836734693,-0.3354666666666666,0.23762074829931978,0.6,1.2,0.2,0.2,0.6,0.0,0.0,0.0,0.0,0.0,batter_pitcher_profile_network_v2,0.3666666666666666,0.1,0.8053949098681819,0.0,0.2084672456874481,-0.4933351901366606,0.6864416475972538,0.0,0.0,0.0,0.0,0.0,0.0,-0.5073328877005346,0.7857651601830663,0.0,0.0,0.0,0.0,0.0,0.0,-0.305230614973262,0.8934758771929824,0.0,0.0,0.0,0.0,0.0,0.0,-0.5043813131313131,0.9165217391304348,0.0,0.0,0.0,0.0,0.0,0.0,-0.4239835858585858,0.8813596491228071,0.0,0.0,0.0,0.0,0.0,0.0
2026-03-29,Griffin_Conine,665052,hitter,MIA,COL,2026,823891,12,146,115,1,500779.0,Jose_Quintana,0.0,0.0,0.0,0.0,0.0,0.0,0.0,0.0,0.0,2.0,0.0,0.0,0.0,0.0,0.0,10.0,11.25,9.0,5.7690166975881265,1.0766666666666669,0.0,72.0,0,1.0,1.0,6.123233995736766e-17,-0.7818314824680299,0.6234898018587334,0.5,1.5,0.5,0.5,0.5,0.5,1.5,0.5,0.5,0.5,synthetic,synthetic,synthetic,synthetic,synthetic,0.0,0.0,0.0,0.0,0.0,-110.0,-110.0,-110.0,-110.0,-110.0,-110.0,-110.0,-110.0,-110.0,-110.0,0.0,0.0,0.0,0.0,0.0,2026-08-26T14:02:39.082451+00:00,0.27422733457019177,-0.59695,-0.38679916512059365,-0.3357599430176652,-0.23254916512059365,0.8,1.4,0.2,0.2,0.4,1.0,1.0,0.0,0.0,0.0,batter_pitcher_profile_network_v2,0.4,0.1,0.8590165042944955,0.0,0.2244770478223924,-0.5030139802631577,0.5250546683046684,0.0,0.0,0.0,0.0,0.0,0.0,-0.532252375730994,0.0943835995085995,0.0,0.0,0.0,0.0,0.0,0.0,-0.3379728618421053,0.5155574324324325,0.0,0.0,0.0,0.0,0.0,0.0,-0.5452083333333333,-0.3815454545454545,0.0,0.0,0.0,0.0,-0.0117310540399446,-0.0002932763509986,-0.4703385416666666,0.4107432432432433,0.0,0.0,0.0,0.0,0.0,0.0
2026-03-30,Griffin_Conine,665052,hitter,MIA,CWS,2026,823890,13,146,145,1,663436.0,Davis_Martin,1.0,2.0,1.0,0.0,0.0,2.0,1.0,1.0,0.0,8.0,0.0526315789473684,0.98,0.98,1.0,30.0,65.0,1.2857142857142856,8.928571428571429,7.57987012987013,1.0766666666666669,0.0,72.0,0,1.0,1.0,6.123233995736766e-17,0.0,1.0,0.5,1.5,0.5,0.5,0.5,0.5,1.5,0.5,0.5,0.5,synthetic,synthetic,synthetic,synthetic,synthetic,0.0,0.0,0.0,0.0,0.0,-110.0,-110.0,-110.0,-110.0,-110.0,-110.0,-110.0,-110.0,-110.0,-110.0,0.0,0.0,0.0,0.0,0.0,2026-08-26T14:02:39.082451+00:00,0.14959792356820079,0.8328146999644548,0.24875048072856376,-0.01119262374108676,0.21275760006365685,0.6,1.2,0.2,0.2,0.4,0.0,0.0,0.0,0.0,0.0,batter_pitcher_profile_network_v2,0.4333333333333333,0.15,0.7654475343633685,0.0,0.2551015682227397,-0.6052689215024739,-0.3256542443064182,0.0,0.0,0.0,0.0,-0.0200339791733123,-0.0020033979173312,-0.6315005060728743,-0.4585339026915113,0.0,0.0,0.0,0.0,-0.0294311515379468,-0.0047089842460714,-0.4411880060728744,-0.13773455831608,0.0,0.0,0.0,0.0,-0.0061763047725403,-0.000308815238627,-0.5940277777777777,-0.4809523809523809,0.0,0.0,0.0,0.0,-0.0290382829768098,-0.0007259570744202,-0.5842922008547008,-0.3173088336783988,0.0,0.0,0.0,0.0,-0.0188440545325819,-0.0011306432719549
2026-03-31,Griffin_Conine,665052,hitter,MIA,CWS,2026,823888,14,146,145,1,607200.0,Erick_Fedde,2.0,5.0,2.0,1.0,2.0,4.0,4.0,0.0,1.0,8.0,0.1111111111111111,0.7475,0.7475,0.75,30.0,65.0,3.681818181818182,6.409090909090909,7.9012987012987015,1.0766666666666669,-13.0,77.0,0,1.0,1.0,6.123233995736766e-17,0.7818314824680298,0.6234898018587336,0.5,1.5,0.5,0.5,0.5,0.5,1.5,0.5,0.5,0.5,synthetic,synthetic,synthetic,synthetic,synthetic,0.0,0.0,0.0,0.0,0.0,-110.0,-110.0,-110.0,-110.0,-110.0,-110.0,-110.0,-110.0,-110.0,-110.0,0.0,0.0,0.0,0.0,0.0,2026-08-26T14:02:39.082451+00:00,0.6757307359307361,1.0247583333333328,0.47893993506493515,-0.07296666666666657,0.22898160173160176,0.8,1.6,0.4,0.2,0.4,1.0,2.0,1.0,0.0,0.0,batter_pitcher_profile_network_v2,0.4666666666666667,0.0,1.0,0.0,0.2333333333333333,-0.2936731150793651,0.0,0.0,0.0,0.0,0.0,0.0,0.0,-0.2396279761904762,0.0,0.0,0.0,0.0,0.0,0.0,0.0,-0.1297991071428572,0.0,0.0,0.0,0.0,0.0,0.0,0.0,-0.2306150793650793,0.0,0.0,0.0,0.0,0.0,0.0,0.0,-0.1695659722222221,0.0,0.0,0.0,0.0,0.0,0.0,0.0
2026-04-03,Griffin_Conine,665052,hitter,MIA,NYY,2026,823568,15,146,147,0,701542.0,Will_Warren,0.0,0.0,0.0,0.0,0.0,2.0,2.0,0.0,1.0,8.0,0.064516129032258,0.0,0.0,0.0,0.0,10.0,1.4423076923076923,8.676923076923076,2.025,1.08,8.0,58.0,0,3.0,0.8660254037844387,-0.4999999999999998,-0.433883739117558,-0.9009688679024191,0.5,1.5,0.5,0.5,0.5,0.5,1.5,0.5,0.5,0.5,synthetic,synthetic,synthetic,synthetic,synthetic,0.0,0.0,0.0,0.0,0.0,-110.0,-110.0,-110.0,-110.0,-110.0,-110.0,-110.0,-110.0,-110.0,-110.0,0.0,0.0,0.0,0.0,0.0,2026-08-26T14:02:39.082451+00:00,0.31015349965765937,0.15869207527496632,-0.016890476995528425,-0.2344601417949968,-0.02463175481741342,0.8,1.6,0.6,0.2,0.4,2.0,5.0,2.0,1.0,2.0,batter_pitcher_profile_network_v2,0.5,0.3,0.6201156139674906,0.0,0.3322107511866947,-0.1341990740740738,-0.6168636363636365,0.0,0.0,0.0,0.0,-0.0157238950693951,-0.0015723895069395,-0.0213611111111108,-0.6308535353535354,0.0,0.0,0.0,0.0,-0.002559610176622,-0.0004095376282595,0.0243750000000003,-0.7810185185185184,0.0,0.0,0.0,0.0,-0.0036159915234718,-0.0001807995761735,0.0218425925925926,-0.5798434343434343,0.0,0.0,0.0,0.0,-0.0024056717998713,-6.014179499678446e-05,0.0803842592592596,-0.8216582491582491,0.0,0.0,0.0,0.0,-0.0125453759891496,-0.0007527225593489
2026-04-04,Griffin_Conine,665052,hitter,MIA,NYY,2026,823569,16,146,147,0,677960.0,Ryan_Weathers,0.0,0.0,0.0,0.0,0.0,3.0,3.0,0.0,1.0,1.0,0.0652173913043478,0.0,0.0,0.0,0.0,10.0,8.292307692307693,12.246153846153845,1.7678571428571428,1.08,0.0,52.0,0,1.0,0.8660254037844387,-0.4999999999999998,-0.9749279121818236,-0.2225209339563146,0.5,1.5,0.5,0.5,0.5,0.5,1.5,0.5,0.5,0.5,synthetic,synthetic,synthetic,synthetic,synthetic,0.0,0.0,0.0,0.0,0.0,-110.0,-110.0,-110.0,-110.0,-110.0,-110.0,-110.0,-110.0,-110.0,-110.0,0.0,0.0,0.0,0.0,0.0,2026-08-26T14:02:39.082451+00:00,-0.1839905080426819,-0.5401326086956522,-0.23868322981366463,-0.33440000000000003,-0.35591149068322975,0.8,1.6,0.6,0.2,0.4,0.0,0.0,0.0,0.0,0.0,batter_pitcher_profile_network_v2,0.5333333333333333,0.2,0.768491938696019,0.0,0.3178386141686142,-0.2780091334541067,0.3837622377622378,0.0,1.0,0.0,0.0,0.0,0.0,-0.1590489130434786,0.3504289044289044,0.0,1.0,0.0,0.0,0.0,0.0,-0.135897871376812,0.5177518777518777,0.0,1.0,0.0,0.0,0.0,0.0,-0.0532638888888888,0.217095571095571,0.0,1.0,0.0,0.0,0.0,0.0,-0.0638107638888891,0.6086778036778037,0.0,1.0,0.0,0.0,0.0,0.0
2026-04-05,Griffin_Conine,665052,hitter,MIA,NYY,2026,823566,17,146,147,0,608331.0,Max_Fried,0.0,0.0,1.0,0.0,0.0,1.0,0.0,0.0,0.0,5.0,0.0256410256410256,0.72,0.72,0.0,0.0,65.0,1.8,5.666165413533835,2.4910714285714284,1.08,0.0,55.0,0,1.0,0.8660254037844387,-0.4999999999999998,-0.7818314824680299,0.6234898018587334,0.5,1.5,0.5,0.5,0.5,0.5,1.5,0.5,0.5,0.5,synthetic,synthetic,synthetic,synthetic,synthetic,0.0,0.0,0.0,0.0,0.0,-110.0,-110.0,-110.0,-110.0,-110.0,-110.0,-110.0,-110.0,-110.0,-110.0,0.0,0.0,0.0,0.0,0.0,2026-08-26T14:02:39.082451+00:00,-0.008234250096135431,-0.38542284403320903,0.10287984825064633,-0.3345122614428395,-0.15096894963833407,0.6,1.4,0.6,0.2,0.4,0.0,0.0,0.0,0.0,0.0,batter_pitcher_profile_network_v2,0.5666666666666667,0.25,0.7818084221172564,0.0,0.3468904504059923,-0.385571978791517,-0.4183676027417942,0.0,2.0,0.0,0.0,-0.0199447758794185,-0.0019944775879418,-0.26765256102441,-0.391480009511731,0.0,2.0,0.0,0.0,-0.0129552752075566,-0.002072844033209,-0.237713835534214,-0.4977073308270676,0.0,2.0,0.0,0.0,-0.0146283097123499,-0.0007314154856174,-0.1195343137254901,-0.3038311999879215,0.0,2.0,0.0,0.0,-0.0044904577135806,-0.0001122614428395,-0.1750122549019608,-0.5209513784461152,0.0,2.0,0.0,0.0,-0.0112727870125269,-0.0006763672207516
2026-04-07,Griffin_Conine,665052,hitter,MIA,CIN,2026,823887,18,146,113,1,671096.0,Andrew_Abbott,0.0,0.0,0.0,0.0,0.0,2.0,1.0,1.0,1.0,1.0,0.0476190476190476,0.345,0.345,0.0,0.0,41.4,4.046218487394958,7.861344537815126,2.4576923076923074,1.0766666666666669,0.0,72.0,0,2.0,0.8660254037844387,-0.4999999999999998,0.7818314824680298,0.6234898018587336,0.5,1.5,0.5,0.5,0.5,0.5,1.5,0.5,0.5,0.5,synthetic,synthetic,synthetic,synthetic,synthetic,0.0,0.0,0.0,0.0,0.0,-110.0,-110.0,-110.0,-110.0,-110.0,-110.0,-110.0,-110.0,-110.0,-110.0,0.0,0.0,0.0,0.0,0.0,2026-08-26T14:02:39.082451+00:00,-0.007292867916397383,-0.5297000000000001,0.2313846153846153,-0.3354666666666666,-0.23861538461538462,0.6,1.4,0.8,0.2,0.4,0.0,0.0,1.0,0.0,0.0,batter_pitcher_profile_network_v2,0.6,0.35,0.7820519142989588,0.0,0.3889695241744321,-0.2375462962962967,0.5790657805586011,0.0,3.0,0.0,0.0,0.0,0.0,-0.1656018518518521,0.5805912343305807,0.0,3.0,0.0,0.0,0.0,0.0,-0.0958333333333337,0.7324018523900049,0.0,3.0,0.0,0.0,0.0,0.0,-0.1444907407407407,0.5282898777414333,0.0,3.0,0.0,0.0,0.0,0.0,-0.0743518518518521,0.7872032089791521,0.0,3.0,0.0,0.0,0.0,0.0
2026-04-08,Griffin_Conine,665052,hitter,MIA,CIN,2026,823885,19,146,113,1,663903.0,Brady_Singer,2.0,5.0,2.0,1.0,2.0,4.0,4.0,0.0,1.0,7.0,0.1052631578947368,0.7475,0.7475,0.75,30.0,65.0,7.2,9.0,2.4576923076923074,1.0766666666666669,0.0,72.0,0,1.0,0.8660254037844387,-0.4999999999999998,0.9749279121818236,-0.22252093395631434,0.5,0.5,0.5,0.5,0.5,0.5,0.5,0.5,0.5,0.5,synthetic,synthetic,synthetic,synthetic,synthetic,0.0,0.0,0.0,0.0,0.0,-110.0,-110.0,-110.0,-110.0,-110.0,-110.0,-110.0,-110.0,-110.0,-110.0,0.0,0.0,0.0,0.0,0.0,2026-08-26T14:02:39.082451+00:00,-0.11548879892037783,1.3663723684210527,0.1973911943319837,-0.07306177178344064,-0.050075910931174084,0.4,1.0,0.6,0.2,0.4,0.0,0.0,0.0,0.0,0.0,batter_pitcher_profile_network_v2,0.6333333333333333,0.35,0.6884981069827194,0.0,0.4096473103297825,-0.2576709401709404,0.4183130999435346,0.0,4.0,0.0,0.0,0.0,0.0,-0.193603238866397,0.1585949322416713,0.0,4.0,0.0,0.0,0.0,0.0,-0.0948970985155199,0.3311820299265952,0.0,4.0,0.0,0.0,0.0,0.0,-0.1806213450292398,-0.1067583286278938,0.0,4.0,0.0,0.0,-0.003804204670963,-9.510511677407736e-05,-0.0724634502923981,0.3077309429700735,0.0,4.0,0.0,0.0,0.0,0.0
2026-04-09,Griffin_Conine,665052,hitter,MIA,CIN,2026,823884,20,146,113,1,695076.0,Rhett_Lowder,0.0,0.0,0.0,0.0,0.0,2.0,2.0,0.0,0.0,7.0,0.05,0.0,0.0,0.0,0.0,10.0,2.1999999999999997,8.0,2.1053571428571423,1.0766666666666669,0.0,72.0,0,1.0,0.8660254037844387,-0.4999999999999998,0.43388373911755823,-0.900968867902419,0.5,0.5,0.5,0.5,0.5,0.5,0.5,0.5,0.5,0.5,synthetic,synthetic,synthetic,synthetic,synthetic,0.0,0.0,0.0,0.0,0.0,-110.0,-110.0,-110.0,-110.0,-110.0,-110.0,-110.0,-110.0,-110.0,-110.0,0.0,0.0,0.0,0.0,0.0,2026-08-26T14:02:39.082451+00:00,0.11882335095655183,0.7713760046694165,-0.019344774321108094,-0.23421267882659458,-0.036465384295994,0.4,1.0,0.6,0.2,0.4,2.0,5.0,2.0,1.0,2.0,batter_pitcher_profile_network_v2,0.6666666666666666,0.2,0.7708800202896569,0.0,0.3844467728362367,-0.1383201884920636,-0.1692551783659378,0.0,5.0,0.7095836176981364,-0.0069259614041693,-0.0035760142440057,-0.0003576014244005,-0.0311741071428573,-0.3068470943613348,0.0,5.0,0.7188799050099274,0.0081657702865348,0.0107875291838524,0.0017260046694163,0.0154352678571426,-0.1768446969696968,0.0,5.0,0.653467971818936,0.033164314899466,0.0327473707206958,0.0016373685360347,0.0062222222222221,-0.4496081703107019,0.0,5.0,0.7341046796588286,0.0505868318274824,0.0501595136028813,0.001253987840072,0.1073940972222219,-0.2531026083621019,0.0,5.0,0.6167800104816841,0.0159083027271425,0.0077793093524804,0.0004667585611488
2026-06-21,Griffin_Conine,665052,hitter,MIA,SF,2026,823852,21,146,137,1,657277.0,Logan_Webb,0.0,0.0,0.0,0.0,0.0,4.0,4.0,0.0,1.0,2.0,0.1379310344827586,0.0,0.0,0.0,0.0,10.0,0.375,6.964285714285714,4.0,1.0766666666666669,0.0,72.0,0,73.0,1.2246467991473532e-16,-1.0,-0.7818314824680299,0.6234898018587334,0.5,0.5,0.5,0.5,0.5,0.5,0.5,0.5,0.5,0.5,synthetic,real,real,real,synthetic,0.0,5.0,5.0,5.0,0.0,-110.0,143.528428,298.319328,1043.346659,-110.0,-110.0,-199.310345,-449.878775,0.0,-110.0,0.0,0.4472135954999579,0.4472135954999579,0.0,0.0,2026-06-21T19:20:37.517202+00:00,0.09601100164203613,0.16660982577680417,-0.0442998308637475,-0.33440801964893774,-0.1581740778403199,0.4,1.0,0.6,0.2,0.4,0.0,0.0,0.0,0.0,0.0,batter_pitcher_profile_network_v2,0.7,0.7,0.4999610767551918,0.0,0.5521283376682422,-0.1851896893814999,0.0291668241117786,0.0,6.0,0.8625946290827836,-0.0071289069053439,0.0,0.0,-0.0939425971538042,-0.147912045835704,0.0,6.0,0.8757251686764449,0.0071555426409163,0.0058696007601989,0.0009391361216318,-0.0665666050903122,-0.1672801928463691,0.0,6.0,0.7781597466049881,0.0270389632420686,0.0231413137595344,0.0011570656879767,-0.0502579365079365,-0.3146399870121745,0.0,6.0,0.8976186525659114,0.0478809163302529,0.0423458807091595,0.0010586470177289,-0.0049454365079367,-0.1598169575522515,0.0,6.0,0.7556726213783803,0.0141249901549125,0.0103170934659323,0.0006190256079559
2026-06-22,Griffin_Conine,665052,hitter,MIA,TEX,2026,823851,22,146,140,1,641302.0,Tyler_Alexander,0.0,0.0,0.0,0.0,0.0,3.0,3.0,0.0,2.0,7.0,0.0857142857142857,0.0,0.0,0.0,0.0,10.0,3.0,4.5,3.6336734693877557,1.0766666666666669,0.0,72.0,0,1.0,1.2246467991473532e-16,-1.0,0.0,1.0,0.5,0.5,0.5,0.5,0.5,0.5,0.5,0.5,0.5,0.5,synthetic,synthetic,synthetic,synthetic,synthetic,0.0,0.0,0.0,0.0,0.0,-110.0,-110.0,-110.0,-110.0,-110.0,-110.0,-110.0,-110.0,-110.0,-110.0,0.0,0.0,0.0,0.0,0.0,2026-08-26T14:02:39.082451+00:00,0.12694598213721897,0.10202922689686245,-0.18057686813725704,-0.33558377570692555,-0.23999454189284258,0.4,1.0,0.6,0.2,0.4,0.0,0.0,0.0,0.0,0.0,batter_pitcher_profile_network_v2,0.7333333333333333,0.05,0.9425,0.0,0.3783938541666666,-0.2572005844737703,-0.8000000000000002,0.0,7.0,0.842029624223277,-0.0262099665184837,-0.0086762330495818,-0.0008676233049581,-0.1706063660801566,-0.8400000000000001,0.0,7.0,0.929858650303886,-0.0235579696053674,-0.0413798318946103,-0.0066207731031376,-0.1455637524437931,-1.0,0.0,7.0,0.7489716062216532,-0.0140728939048512,-0.0202108321328979,-0.0010105416066448,-0.1016035353535353,-0.8400000000000001,0.0,7.0,1.059248955349839,-0.0010855643881352,-0.0046843616103574,-0.0001171090402589,-0.0979813762626265,-1.0,0.0,7.0,0.7555676360262856,-0.0273404995619119,-0.0246369227038413,-0.0014782153622304
2026-06-24,Griffin_Conine,665052,hitter,MIA,TEX,2026,823850,23,146,140,1,594798.0,Jacob_deGrom,1.0,2.0,0.0,0.0,1.0,4.0,4.0,0.0,3.0,5.0,0.125,0.3175,0.3175,0.25,21.25,49.35,4.0,10.0,3.47295918367347,1.0766666666666669,0.0,72.0,0,2.0,1.2246467991473532e-16,-1.0,0.9749279121818236,-0.22252093395631434,0.5,0.5,0.5,0.5,0.5,0.5,0.5,0.5,0.5,0.5,synthetic,synthetic,synthetic,synthetic,synthetic,0.0,0.0,0.0,0.0,0.0,-110.0,-110.0,-110.0,-110.0,-110.0,-110.0,-110.0,-110.0,-110.0,-110.0,0.0,0.0,0.0,0.0,0.0,2026-08-26T14:02:39.082451+00:00,-0.10068598289920466,0.5899230581379253,-0.07190377798110392,-0.21926146955434828,-0.10549440473118044,0.4,1.0,0.4,0.2,0.4,0.0,0.0,0.0,0.0,0.0,batter_pitcher_profile_network_v2,0.7666666666666667,0.8,0.4611443906117424,0.0,0.6181411830533826,-0.3955735553697514,-0.2950070636784544,0.0,7.0,1.274243513520218,-0.0280847907661105,-0.048210169128103,-0.0048210169128103,-0.2890196488294316,-0.0780133762409611,0.0,7.0,1.4052722104024595,-0.0125481972929436,-0.0281371366379685,-0.0045019418620749,-0.2786075111482723,-0.087492672572905,0.0,7.0,1.3127752403329245,0.0015355818461614,-0.0085347432955495,-0.0004267371647774,-0.1484842995169081,0.1343412749218296,0.0,7.0,1.31560732738624,0.023207884492732,0.023207884492732,0.0005801971123183,-0.190427234299517,-0.0342659283868586,0.0,7.0,1.2872749429597414,-0.0051249397700825,-0.0065393985809009,-0.000392363914854
2026-06-26,Griffin_Conine,665052,hitter,MIA,STL,2026,823039,24,146,138,0,700241.0,Michael_McGreevy,1.0,1.0,0.0,0.0,0.0,5.0,3.0,2.0,1.0,2.0,0.131578947368421,0.454,0.454,0.0,0.0,54.48,4.999999999999999,4.7,8.865487453722748,1.08,6.0,77.0,0,2.0,1.2246467991473532e-16,-1.0,-0.433883739117558,-0.9009688679024191,0.5,1.5,0.5,0.5,0.5,0.5,1.5,0.5,0.5,0.5,synthetic,real,real,real,synthetic,0.0,8.0,7.0,7.0,0.0,-110.0,119.421511,115.0,824.786402,-110.0,-110.0,-163.147032,0.0,0.0,-110.0,0.0,0.0,0.7559289460184545,0.0,0.0,2026-06-27T01:11:02.474098+00:00,0.6954405507804888,-0.10292215871974664,0.30963630008346066,-0.334697304798548,0.5112777712458056,0.6,1.4,0.4,0.2,0.6,1.0,2.0,0.0,0.0,1.0,batter_pitcher_profile_network_v2,0.8,0.9,0.4318303318063807,0.0,0.6673907059183466,-0.4843367552334946,0.1344692292326115,0.0,8.0,1.905906710252319,-0.005940240523481,0.0,0.0,-0.3379355374396136,0.1778784535156954,0.0,8.0,1.9220079464780588,0.0185151281414066,0.02777269221211,0.0044436307539376,-0.3483695652173914,-0.060855839658834,0.0,8.0,1.9288938171279824,-0.027914621621547,-0.037550925737744,-0.0018775462868872,-0.095441261574074,0.2393583757954882,0.0,8.0,1.8482568981704697,-0.0118921919419205,-0.0118921919419205,-0.000297304798548,-0.1711574074074074,-0.005414345703739,0.0,8.0,1.900564016689981,0.0464851043747481,0.0344426075734197,0.0020665564544051
2026-06-27,Griffin_Conine,665052,hitter,MIA,STL,2026,823038,25,146,138,0,669467.0,Andre_Pallante,1.0,1.0,0.0,0.0,0.0,4.0,4.0,0.0,0.0,7.0,0.1052631578947368,0.2225,0.2225,0.0,0.0,26.7,2.357142857142857,6.071428571428572,8.681813984334992,1.08,0.0,83.0,0,1.0,1.2246467991473532e-16,-1.0,-0.9749279121818236,-0.2225209339563146,0.5,1.0,0.5,0.5,0.5,0.5,0.5,0.5,0.5,0.5,synthetic,real,real,real,synthetic,0.0,8.0,6.0,8.0,0.0,-110.0,-108.270005,129.057405,626.161835,-110.0,-110.0,110.407471,-169.907407,0.0,-110.0,0.0,0.5345224838248488,0.0,0.0,0.0,2026-06-27T13:01:31.487963+00:00,0.47283797290723417,-0.3735039783666061,-0.16765904751087607,-0.4754894402402481,-0.032270335492528,0.4,0.6,0.0,0.0,0.2,1.0,1.0,0.0,0.0,0.0,batter_pitcher_profile_network_v2,0.8333333333333334,0.8,0.4389894168872412,0.0,0.653645703811717,-0.4187765315315319,0.0048576235589556,0.0,9.0,2.6490641659953083,0.0118994647328902,0.0,0.0,-0.3008832432432435,-0.0326384878702039,0.0,9.0,2.6958832060249387,0.0146176293801884,0.0173353325771335,0.0027736532123413,-0.2768015765765768,-0.0929763390086014,0.0,9.0,2.6329924150926494,-0.0580947078261789,-0.0701265134998839,-0.0035063256749941,-0.1190491666666666,-0.0415246610545614,0.0,9.0,2.661681117132301,-0.0412664908443644,-0.0435776096099244,-0.0010894402402481,-0.1376616666666666,-0.0936944488782476,0.0,9.0,2.6015037028873502,0.010250913112256,0.0016581934418643,9.949160651185952e-05
2026-06-28,Griffin_Conine,665052,hitter,MIA,STL,2026,823037,26,146,138,0,681517.0,Kyle_Leahy,0.0,0.0,0.0,0.0,0.0,2.0,2.0,0.0,1.0,6.0,0.0606060606060606,0.0,0.0,0.0,0.0,10.0,3.9,7.921052631578948,7.1982975008185095,1.08,7.0,92.0,0,1.0,1.2246467991473532e-16,-1.0,-0.7818314824680299,0.6234898018587334,0.5,0.5,0.5,0.5,0.5,0.5,0.5,0.5,0.5,0.5,synthetic,synthetic,synthetic,synthetic,synthetic,0.0,0.0,0.0,0.0,0.0,-110.0,-110.0,-110.0,-110.0,-110.0,-110.0,-110.0,-110.0,-110.0,-110.0,0.0,0.0,0.0,0.0,0.0,2026-08-26T14:02:39.082451+00:00,0.4333701775447021,0.10269073584632948,-0.41064027870930564,-0.47606343420387265,-0.22612614212685622,0.6,0.8,0.0,0.0,0.2,1.0,1.0,0.0,0.0,0.0,batter_pitcher_profile_network_v2,0.8666666666666667,0.95,0.4020468241744275,0.0,0.7190451341700344,-0.3763186431623933,0.182458796361938,0.0,10.0,3.188617815780752,0.0270795011255571,0.0,0.0,-0.2871298076923077,0.0996009935445667,0.0,10.0,3.288936438999806,0.0160788236021306,0.0241182354031959,0.0038589176645113,-0.2793629807692308,0.0911869732719485,0.0,10.0,3.1934039271131063,-0.0733758022773508,-0.0733758022773508,-0.0036687901138675,-0.1527128739316239,-0.0022615376275031,0.0,10.0,3.2887999070122658,-0.0663583905309211,-0.0665373681549112,-0.0016634342038727,-0.1817994123931623,0.0974613913933118,0.0,10.0,3.1788485743138906,-0.006972098677978,-0.0052290740084835,-0.000313744440509
2026-06-29,Griffin_Conine,665052,hitter,MIA,COL,2026,824339,27,146,115,0,807743.0,,1.0,4.0,2.0,1.0,3.0,3.0,2.0,1.0,1.0,6.0,0.0681818181818181,0.93,0.93,1.5,30.0,65.0,4.1,8.2,5.957142857142857,1.0477777777777777,0.0,88.0,0,1.0,1.2246467991473532e-16,-1.0,0.0,1.0,0.5,0.5,0.5,0.5,0.5,0.5,0.5,0.5,0.5,0.5,synthetic,synthetic,synthetic,synthetic,synthetic,0.0,0.0,0.0,0.0,0.0,-110.0,-110.0,-110.0,-110.0,-110.0,-110.0,-110.0,-110.0,-110.0,-110.0,0.0,0.0,0.0,0.0,0.0,2026-08-26T14:02:39.082451+00:00,0.20677965367965356,2.1687579146560148,0.04848221299532074,-0.03660905382027513,-0.0007692513807486256,0.6,0.8,0.0,0.0,0.2,0.0,0.0,0.0,0.0,0.0,batter_pitcher_profile_network_v2,0.9,0.25,0.7018443658850846,0.0,0.5160060162947693,-0.4533016975308642,0.6583223990208079,0.0,11.0,2.959618089770132,0.0031026544516614,0.0,0.0,-0.3593657407407407,0.6748519889840883,0.0,11.0,2.849700780701834,-0.0057498505494322,-0.0086247758241483,-0.0013799641318637,-0.3496875,0.5310738372093025,0.0,11.0,3.109220677337957,-0.0706804154182598,-0.0706804154182598,-0.0035340207709129,-0.1907554012345678,0.7436746634026928,0.0,11.0,2.580382067460315,-0.0759177083665621,-0.0759177083665621,-0.001897942709164,-0.2492044753086419,0.5810302325581398,0.0,11.0,3.011997722481444,-0.0179602759935478,-0.0134702069951608,-0.0008082124197096
2026-06-30,Griffin_Conine,665052,hitter,MIA,COL,2026,824338,28,146,115,0,685299.0,Tanner_Gordon,4.0,5.0,1.0,0.0,2.0,6.0,5.0,1.0,0.0,3.0,0.12,0.7716666666666666,0.7716666666666666,0.2,17.0,65.0,7.915789473684211,6.1684210526315795,4.354945054945055,1.0477777777777777,-6.0,83.0,0,1.0,1.2246467991473532e-16,-1.0,0.7818314824680298,0.6234898018587336,0.5,1.5,0.5,0.5,0.5,0.5,1.5,0.5,0.5,0.5,synthetic,synthetic,synthetic,synthetic,synthetic,0.0,0.0,0.0,0.0,0.0,-110.0,-110.0,-110.0,-110.0,-110.0,-110.0,-110.0,-110.0,-110.0,-110.0,0.0,0.0,0.0,0.0,0.0,2026-08-26T14:02:39.082451+00:00,0.5731100828995566,0.6476452971458051,0.5106174813980224,-0.15498679316506547,0.8192261405825643,0.8,1.6,0.4,0.2,0.8,1.0,4.0,2.0,1.0,3.0,batter_pitcher_profile_network_v2,0.9333333333333332,0.15,0.7796937497428196,0.0,0.5048397940151423,-0.3448872005880667,0.4225037878787879,0.0,12.0,3.7244015192783007,0.0041319522692234,0.0,0.0,-0.1654049591222031,0.0057992424242424,0.0,12.0,4.182759926312092,-0.0159501507813684,-0.0239252261720526,-0.0038280361875284,-0.2401869531698221,-0.074046717171717,0.0,12.0,4.11663470972534,-0.1062718120453178,-0.1099287603179379,-0.0054964380158968,0.0435126488095238,-0.4501666666666666,0.0,12.0,3.5091336326804448,-0.1069996254165881,-0.1110272821581743,-0.0027756820539543,-0.023049851190476,-0.0404292929292927,0.0,12.0,4.092185356014199,-0.0473247846223765,-0.0356852027448069,-0.0021411121646884
2026-07-01,Griffin_Conine,665052,hitter,MIA,COL,2026,824337,29,146,115,0,607536.0,Kyle_Freeland,0.0,0.0,0.0,0.0,0.0,1.0,1.0,0.0,0.0,4.0,0.0285714285714285,0.0,0.0,0.0,0.0,10.0,6.994652406417113,7.390374331550802,8.212087912087911,1.0477777777777777,-13.0,86.0,0,1.0,-0.4999999999999997,-0.8660254037844388,0.9749279121818236,-0.22252093395631434,1.5,2.5,0.5,0.5,0.5,1.5,2.5,0.5,0.5,0.5,synthetic,synthetic,synthetic,synthetic,synthetic,0.0,0.0,0.0,0.0,0.0,-110.0,-110.0,-110.0,-110.0,-110.0,-110.0,-110.0,-110.0,-110.0,-110.0,0.0,0.0,0.0,0.0,0.0,2026-08-26T14:02:39.082451+00:00,0.36838834156270517,-0.5385021286968033,0.14051140172319476,-0.34753299013272576,0.6471790149709546,1.4,2.2,0.6,0.2,1.0,4.0,5.0,1.0,0.0,2.0,batter_pitcher_profile_network_v2,0.9666666666666668,0.85,0.4380556275937082,1.0,0.7539707911101385,-0.1889507539067546,0.6161681747463742,-0.0766283524904214,12.0,3.24237483132801,-0.0206283610346506,-0.0550979167660424,-0.0055097916766042,-0.0460955217615911,0.5988293382683869,-0.0893997445721583,12.0,3.239789358083208,-0.0191688231964257,-0.0930341376883548,-0.0148854620301367,-0.0800085964742349,0.5138380555446461,-0.0919540229885057,12.0,3.318630952772384,-0.0707423775047643,-0.1368598776240153,-0.0068429938812007,0.0739087643678161,0.5588950390770123,-0.1021711366538952,12.0,3.292118470822501,-0.0618498981492534,-0.1128751608645861,-0.0028218790216146,0.0733627873563218,0.624107035778249,-0.10727969348659,12.0,3.052118063590577,-0.0197656869024119,-0.0670896772240141,-0.0040253806334408
2026-07-02,Griffin_Conine,665052,hitter,MIA,COL,2026,824335,30,146,115,0,547179.0,Michael_Lorenzen,0.0,0.0,0.0,0.0,0.0,4.0,2.0,2.0,1.0,5.0,0.1025641025641025,0.345,0.345,0.0,0.0,41.4,3.908823529411764,6.341911764705883,7.89065934065934,1.0477777777777777,4.0,86.0,0,1.0,-0.4999999999999997,-0.8660254037844388,0.43388373911755823,-0.900968867902419,1.5,1.5,0.5,0.5,0.5,1.5,1.5,0.5,0.5,0.5,synthetic,synthetic,synthetic,synthetic,synthetic,0.0,0.0,0.0,0.0,0.0,-110.0,-110.0,-110.0,-110.0,-110.0,-110.0,-110.0,-110.0,-110.0,-110.0,0.0,0.0,0.0,0.0,0.0,2026-08-26T14:02:39.082451+00:00,-0.17118135768487708,-0.12412622577567434,0.25632499777697737,-0.34884375480321494,0.49906929755695395,1.2,2.0,0.6,0.2,1.0,0.0,0.0,0.0,0.0,0.0,batter_pitcher_profile_network_v2,1.0,0.95,0.3960581235989887,1.0,0.8051587358661677,-0.2333071759259258,0.6847856472606195,0.037037037037037,13.0,3.7053136260500112,-0.0421350923650532,0.025852928214796,0.0025852928214796,-0.0983597222222221,0.5491807637978003,-0.0123456790123456,13.0,4.043522946551745,-0.046586401128688,-0.0784972444312974,-0.0125595591090075,-0.11596875,0.497739304812834,-0.0888888888888888,13.0,4.025579772459407,-0.0967277420196634,-0.158774769735174,-0.0079387384867587,0.0321164351851852,0.3756513520330944,-0.0987654320987654,13.0,4.389833645589472,-0.1036509122501665,-0.1653057476841549,-0.0041326436921038,0.0121094907407407,0.574798128342246,-0.1037037037037037,13.0,3.854000365006733,-0.0552885967600641,-0.1096509015232959,-0.0065790540913977
2026-07-03,Griffin_Conine,665052,hitter,MIA,ATH,2026,824982,31,146,133,0,678022.0,Jack_Perkins,0.0,0.0,0.0,0.0,0.0,5.0,4.0,1.0,3.0,6.0,0.108695652173913,0.1379999999999999,0.1379999999999999,0.0,0.0,16.56,5.400000000000002,11.4,5.853896103896105,1.08,10.0,89.0,0,1.0,-0.4999999999999997,-0.8660254037844388,-0.433883739117558,-0.9009688679024191,0.5,1.5,0.5,0.5,0.5,0.5,1.5,0.5,0.5,0.5,synthetic,synthetic,synthetic,synthetic,synthetic,0.0,0.0,0.0,0.0,0.0,-110.0,-110.0,-110.0,-110.0,-110.0,-110.0,-110.0,-110.0,-110.0,-110.0,0.0,0.0,0.0,0.0,0.0,2026-08-26T14:02:39.082451+00:00,0.39433845285149627,-0.3245315821352799,0.0415320644177849,-0.3374411373002266,0.3452421058391776,1.0,1.8,0.6,0.2,1.0,0.0,0.0,0.0,0.0,0.0,batter_pitcher_profile_network_v2,1.0,0.3,0.704671090646539,0.0,0.5791033374187396,-0.1719126144688642,0.1990575610829846,0.0,14.0,5.252736185343586,-0.0550647825683045,0.0,0.0,-0.0559084096459094,0.3678685064935064,0.0,14.0,5.196453735500197,-0.0749051429549716,-0.1123577144324574,-0.0179772343091931,-0.0596077152014649,0.6811617231638417,0.0,14.0,4.22091514312415,-0.0953852503230139,-0.0953852503230139,-0.0047692625161506,0.0342645833333334,0.5379426590358793,0.0,14.0,4.757651635197591,-0.1270891070069861,-0.1216454920090644,-0.0030411373002266,0.0288062500000002,0.6802542372881354,0.0,14.0,4.30427902451985,-0.0894669927849203,-0.0613131052024891,-0.0036787863121493
2026-07-04,Griffin_Conine,665052,hitter,MIA,ATH,2026,824983,32,146,133,0,650644.0,Aaron_Civale,0.0,0.0,0.0,0.0,0.0,5.0,4.0,1.0,2.0,5.0,0.1136363636363636,0.1379999999999999,0.1379999999999999,0.0,0.0,16.56,9.299999999999999,6.95,6.0073051948051965,1.08,8.0,89.0,0,1.0,-0.4999999999999997,-0.8660254037844388,-0.9749279121818236,-0.2225209339563146,0.5,1.5,0.5,0.5,0.5,0.5,1.5,0.5,0.5,0.5,synthetic,synthetic,synthetic,synthetic,synthetic,0.0,0.0,0.0,0.0,0.0,-110.0,-110.0,-110.0,-110.0,-110.0,-110.0,-110.0,-110.0,-110.0,-110.0,0.0,0.0,0.0,0.0,0.0,2026-08-26T14:02:39.082451+00:00,0.6302376623376624,-0.3206203320330827,0.06386186672664551,-0.3375068373294122,0.35738922772262416,1.0,1.8,0.6,0.2,1.0,0.0,0.0,0.0,0.0,0.0,batter_pitcher_profile_network_v2,1.0,0.85,0.4261472319786016,0.0,0.7531274194702281,-0.2900030689964158,0.4827590906646147,0.0,15.0,5.1584950945417525,-0.0669682441828233,0.0,0.0,-0.1375316756272401,0.5405405833477309,0.0,15.0,5.017885218424197,-0.0810885046832998,-0.1216327570249497,-0.0194612411239919,-0.1647476478494623,0.3264159616148485,0.0,15.0,5.325098074782375,-0.1267042239086487,-0.1267042239086487,-0.0063352111954324,0.0301756944444444,0.5603782905300514,0.0,15.0,4.885132941792327,-0.1339772310478035,-0.12427349317649,-0.0031068373294122,-0.0011993055555555,0.4425957498284765,0.0,15.0,5.113372671359414,-0.1113865700888799,-0.0835399275666599,-0.0050123956539995
2026-07-05,Griffin_Conine,665052,hitter,MIA,ATH,2026,824980,33,146,133,0,695611.0,Gage_Jump,0.0,0.0,0.0,0.0,0.0,3.0,2.0,0.0,1.0,8.0,0.06,0.24,0.24,0.0,0.0,28.8,3.214285714285714,11.614285714285714,6.0073051948051965,1.08,9.0,83.0,0,1.0,-0.4999999999999997,-0.8660254037844388,-0.7818314824680299,0.6234898018587334,0.5,0.5,0.5,0.5,0.5,0.5,0.5,0.5,0.5,0.5,synthetic,synthetic,synthetic,synthetic,synthetic,0.0,0.0,0.0,0.0,0.0,-110.0,-110.0,-110.0,-110.0,-110.0,-110.0,-110.0,-110.0,-110.0,-110.0,0.0,0.0,0.0,0.0,0.0,2026-08-26T14:02:39.082451+00:00,0.15186058748936648,0.16829960031856483,-0.23450033095382417,-0.4777745951382899,-0.08408852994929505,0.8,1.0,0.2,0.0,0.4,0.0,0.0,0.0,0.0,0.0,batter_pitcher_profile_network_v2,1.0,0.45,0.716339404629043,0.0,0.618011790319824,-0.3249110014619884,-0.2514347599203287,0.0,16.0,5.107121468352229,-0.0600329700902585,-0.0231733458855582,-0.0023173345885558,-0.1636999269005848,-0.3974275158203426,0.0,16.0,4.658805528968703,-0.0788235762558682,-0.1366899980089695,-0.0218703996814351,-0.1935992324561403,-0.437488907692006,0.0,16.0,4.707174155248668,-0.1202864658575509,-0.1443118138816801,-0.007215590694084,0.0260868055555555,-0.5588186448526007,0.0,16.0,4.070456290216242,-0.130848659996673,-0.1349838055315971,-0.0033745951382899,-0.0187048611111111,-0.4563934775844792,0.0,16.0,4.403985924462713,-0.1304110413645887,-0.1002298281592496,-0.0060137896895549
2026-07-07,Griffin_Conine,665052,hitter,MIA,SEA,2026,823847,34,146,136,1,693433.0,Bryan_Woo,1.0,1.0,1.0,0.0,0.0,3.0,3.0,0.0,2.0,5.0,0.0697674418604651,0.2966666666666667,0.2966666666666667,0.0,0.0,35.6,4.697368421052631,9.225563909774435,3.567857142857143,1.0766666666666669,0.0,72.0,0,2.0,-0.4999999999999997,-0.8660254037844388,0.7818314824680298,0.6234898018587336,0.5,0.5,0.5,0.5,0.5,0.5,0.5,0.5,0.5,0.5,synthetic,synthetic,synthetic,synthetic,synthetic,0.0,0.0,0.0,0.0,0.0,-110.0,-110.0,-110.0,-110.0,-110.0,-110.0,-110.0,-110.0,-110.0,-110.0,0.0,0.0,0.0,0.0,0.0,2026-08-26T14:02:39.082451+00:00,-0.40755838763821134,-0.4213329257017275,-0.41130681231527394,-0.4799331745623028,-0.45076091832623316,0.0,0.0,0.0,0.0,0.0,0.0,0.0,0.0,0.0,0.0,batter_pitcher_profile_network_v2,1.0,1.0,0.3326405720125444,0.0,0.8092515299284633,-0.4373106284475965,-0.0349257227376631,0.0,17.0,6.029979987336129,-0.0687003088007383,-0.0101928406532586,-0.0010192840653258,-0.2488475177304963,-0.1156454284915597,0.0,17.0,5.933749374269957,-0.0958171698552917,-0.1629310763334721,-0.0260689722133555,-0.3183266843971629,-0.0421223176183702,0.0,17.0,6.183452215514106,-0.141517863242535,-0.1504662573796778,-0.0075233128689838,0.0126793981481481,-0.1503019600230911,0.0,17.0,5.8858997298555895,-0.1773885033412154,-0.1786603158254485,-0.0044665078956362,-0.097372685185185,-0.0158516719727245,0.0,17.0,6.041188558709288,-0.1586329365546533,-0.120004784949956,-0.0072002870969973
2026-07-08,Griffin_Conine,665052,hitter,MIA,SEA,2026,823848,35,146,136,1,669923.0,George_Kirby,1.0,1.0,0.0,0.0,0.0,3.0,3.0,0.0,2.0,5.0,0.1,0.2966666666666667,0.2966666666666667,0.0,0.0,35.6,2.75,7.625,0.7788461538461539,1.0766666666666669,0.0,72.0,0,1.0,-0.4999999999999997,-0.8660254037844388,0.9749279121818236,-0.22252093395631434,0.5,0.5,0.5,0.5,0.5,0.5,0.5,0.5,0.5,0.5,synthetic,synthetic,synthetic,synthetic,synthetic,0.0,0.0,0.0,0.0,0.0,-110.0,-110.0,-110.0,-110.0,-110.0,-110.0,-110.0,-110.0,-110.0,-110.0,0.0,0.0,0.0,0.0,0.0,2026-08-26T14:02:39.082451+00:00,-0.11762948717948696,-0.12183744743417446,-0.24358158870459207,-0.4806894723674416,-0.5,0.2,0.2,0.2,0.0,0.0,1.0,1.0,1.0,0.0,0.0,batter_pitcher_profile_network_v2,1.0,1.0,0.3600081324675027,0.0,0.8058990037727309,-0.4772042454688733,0.1545212123711264,0.0,18.0,7.101510123060798,-0.0555221635675659,0.0,0.0,-0.2754432624113476,0.0061003246229683,0.0,18.0,7.019287610163755,-0.0982810309757276,-0.1474215464635914,-0.0235874474341746,-0.3365890957446808,-0.132458300091241,0.0,18.0,6.834117747991525,-0.1002778514004022,-0.1288112612713295,-0.0064405630635664,0.0126793981481481,-0.1850369704589988,0.0,18.0,6.622748536618098,-0.2074107063618829,-0.2089122280310031,-0.005222805700775,-0.092372685185185,-0.0863619886158311,0.0,18.0,6.736168002854743,-0.1683866899380674,-0.1313955454001633,-0.0078837327240098
2026-07-09,Griffin_Conine,665052,hitter,MIA,SEA,2026,823846,36,146,136,1,682243.0,Bryce_Miller,3.0,7.0,2.0,1.0,1.0,4.0,4.0,0.0,0.0,6.0,0.1,1.065,1.065,1.0,30.0,65.0,2.188235294117647,13.452100840336135,0.7788461538461539,1.0766666666666669,0.0,72.0,0,1.0,-0.4999999999999997,-0.8660254037844388,0.43388373911755823,-0.900968867902419,0.5,0.5,0.5,0.5,0.5,0.5,0.5,0.5,0.5,0.5,synthetic,synthetic,synthetic,synthetic,synthetic,0.0,0.0,0.0,0.0,0.0,-110.0,-110.0,-110.0,-110.0,-110.0,-110.0,-110.0,-110.0,-110.0,-110.0,0.0,0.0,0.0,0.0,0.0,2026-08-26T14:02:39.082451+00:00,-0.28566120372955606,1.544514682322268,0.02695458629597458,-0.1563183354017535,-0.32481074105551644,0.4,0.4,0.2,0.0,0.0,1.0,1.0,0.0,0.0,0.0,batter_pitcher_profile_network_v2,1.0,0.4,0.6454673943372202,0.0,0.6083720976774762,-0.4244588750985029,-0.8423906520515683,0.0,19.0,3.652849314878927,-0.0172620220136267,-0.1267667453326227,-0.0126766745332622,-0.2312488179669031,-0.5584648182699653,0.0,19.0,5.5557347107973785,-0.081914906655376,-0.168658235485824,-0.0269853176777318,-0.2726307624113475,-0.7323687440952713,0.0,19.0,4.82725550799169,-0.0989662323813411,-0.1697544279266641,-0.0084877213963332,0.0221608796296296,-0.2625883389800244,0.0,19.0,7.187338750383789,-0.2320036573161059,-0.2340667494034797,-0.0058516687350869,-0.0346273148148146,-0.6855085369946795,0.0,19.0,4.862053673610106,-0.1632913225530955,-0.1308841457970698,-0.0078530487478241
2026-07-10,Griffin_Conine,665052,hitter,MIA,CLE,2026,823845,37,146,114,1,800048.0,Parker_Messick,0.0,0.0,0.0,0.0,0.0,1.0,1.0,0.0,0.0,7.0,0.0285714285714285,0.0,0.0,0.0,0.0,10.0,3.182608695652174,7.963043478260869,2.1,1.0766666666666669,0.0,72.0,0,1.0,-0.4999999999999997,-0.8660254037844388,-0.433883739117558,-0.9009688679024191,0.5,1.5,0.5,0.5,0.5,0.5,1.5,0.5,0.5,0.5,synthetic,synthetic,synthetic,synthetic,synthetic,0.0,0.0,0.0,0.0,0.0,-110.0,-110.0,-110.0,-110.0,-110.0,-110.0,-110.0,-110.0,-110.0,-110.0,0.0,0.0,0.0,0.0,0.0,2026-08-26T14:02:39.082451+00:00,0.6331251221988206,0.49684783072604466,-0.055678230893916825,-0.2422770330585171,-0.3689181778568661,1.0,1.8,0.6,0.2,0.2,3.0,7.0,2.0,1.0,1.0,batter_pitcher_profile_network_v2,1.0,1.0,0.2699190411199434,0.0,0.8169349174628069,-0.208882387706856,-0.2747109247697524,0.0,20.0,7.002645892005637,-0.045069488289941,-0.0418937055480266,-0.0041893705548026,0.01319414893617,-0.2525781562429828,0.0,20.0,7.351641733588063,-0.1042203492533383,-0.1587635579622217,-0.0254021692739554,-0.0630141843971633,-0.2612373690099011,0.0,20.0,7.477052578075573,-0.1365462735489795,-0.1485646178783365,-0.0074282308939168,0.21128125,-0.2332484654114262,0.0,20.0,7.561103310513145,-0.2364355159843643,-0.272414655674022,-0.0068103663918505,0.2143888888888887,-0.2666953469772074,0.0,20.0,7.221435922513371,-0.1780793018448573,-0.1753029642811002,-0.010518177856866
2026-07-11,Griffin_Conine,665052,hitter,MIA,CLE,2026,823844,38,146,114,1,676440.0,Tanner_Bibee,1.0,1.0,0.0,0.0,0.0,4.0,4.0,0.0,0.0,6.0,0.1111111111111111,0.2225,0.2225,0.0,0.0,26.7,5.357142857142858,3.107142857142857,2.5285714285714285,1.0766666666666669,0.0,72.0,0,1.0,-0.4999999999999997,-0.8660254037844388,-0.9749279121818236,-0.2225209339563146,0.5,1.5,0.5,0.5,0.5,0.5,1.5,0.5,0.5,0.5,synthetic,synthetic,synthetic,synthetic,synthetic,0.0,0.0,0.0,0.0,0.0,-110.0,-110.0,-110.0,-110.0,-110.0,-110.0,-110.0,-110.0,-110.0,-110.0,0.0,0.0,0.0,0.0,0.0,2026-08-26T14:02:39.082451+00:00,0.5985857142857143,-0.30599400841183133,-0.07946998618667594,-0.3403341692754406,-0.34022771570754645,1.0,1.8,0.6,0.2,0.2,0.0,0.0,0.0,0.0,0.0,batter_pitcher_profile_network_v2,1.0,1.0,0.4087166976599367,0.0,0.7999322045366577,-0.243131575600326,0.2022540424313552,0.0,21.0,8.732132577592644,-0.0876793057332973,0.0,0.0,-0.0163346306471308,0.3663535223864519,0.0,21.0,8.366976401389445,-0.1604264239381869,-0.2406396359072804,-0.0385023417451648,-0.1018103250915752,0.2542387368016223,0.0,21.0,8.551134894364989,-0.1804711523049496,-0.1804711523049496,-0.0090235576152474,0.2050960648148148,0.5588507690824872,0.0,21.0,7.332335731932719,-0.2624718692175912,-0.1947001043509602,-0.004867502608774,0.1757557870370369,0.312773061324383,0.0,21.0,8.357001930389904,-0.2005151963177112,-0.1178825633797441,-0.0070729538027846
2026-07-12,Griffin_Conine,665052,hitter,MIA,CLE,2026,823842,39,146,114,1,676282.0,Joey_Cantillo,1.0,4.0,1.0,1.0,1.0,2.0,2.0,0.0,1.0,8.0,0.054054054054054,1.05,1.05,1.5,30.0,65.0,1.7000000000000002,11.1,2.5285714285714285,1.0766666666666669,0.0,72.0,0,1.0,-0.4999999999999997,-0.8660254037844388,-0.7818314824680299,0.6234898018587334,1.5,1.5,0.5,0.5,0.5,1.5,1.5,0.5,0.5,0.5,synthetic,synthetic,synthetic,synthetic,synthetic,0.0,0.0,0.0,0.0,0.0,-110.0,-110.0,-110.0,-110.0,-110.0,-110.0,-110.0,-110.0,-110.0,-110.0,0.0,0.0,0.0,0.0,0.0,2026-08-26T14:02:39.082451+00:00,-0.6090204583617344,2.0678923849889794,0.28251735373600007,0.10694631644441399,-0.16061554572537073,1.2,2.0,0.6,0.2,0.2,1.0,1.0,0.0,0.0,0.0,batter_pitcher_profile_network_v2,1.0,1.0,0.3794782407749846,0.0,0.8035139155050643,-0.151643719806763,-0.0095051344556105,0.0,22.0,9.439899070255777,-0.0791363673523653,-0.0008944163071778,-8.944163071778415e-05,0.0513532608695654,0.0216846131914195,0.0,22.0,9.586917181533847,-0.1616466737512967,-0.2417790127377977,-0.0386846420380476,-0.0290217391304346,0.284333839967912,0.0,22.0,9.257235034147358,-0.2053865160135915,-0.2053865160135915,-0.0102693258006795,0.21128125,0.0770983455857858,0.0,22.0,9.537866345154267,-0.3135886243132142,-0.3034806755567782,-0.0075870168889194,0.2118888888888889,0.2208567272918556,0.0,22.0,9.36804157808774,-0.2300889188855138,-0.1435280786918296,-0.0086116847215097
2026-07-17,Griffin_Conine,665052,hitter,MIA,MIL,2026,823766,40,146,158,0,701656.0,Logan_Henderson,1.0,4.0,1.0,1.0,1.0,2.0,2.0,0.0,0.0,6.0,0.0571428571428571,1.05,1.05,1.5,30.0,65.0,2.2875,10.65,7.319436865655353,1.0733333333333333,0.0,92.0,0,5.0,-0.4999999999999997,-0.8660254037844388,-0.433883739117558,-0.9009688679024191,1.5,2.5,0.5,0.5,0.5,1.5,2.5,0.5,0.5,0.5,synthetic,synthetic,synthetic,synthetic,synthetic,0.0,0.0,0.0,0.0,0.0,-110.0,-110.0,-110.0,-110.0,-110.0,-110.0,-110.0,-110.0,-110.0,-110.0,0.0,0.0,0.0,0.0,0.0,2026-08-26T14:02:39.082451+00:00,-0.3008626263928089,1.887265760945958,0.6886963423617489,0.35056842236888064,0.3788576120758148,1.2,2.6,0.6,0.4,0.4,1.0,4.0,1.0,1.0,1.0,batter_pitcher_profile_network_v2,1.0,0.3,0.7464152792936178,0.0,0.5775692384859595,-0.196720695970696,-0.4690957207207207,0.0,23.0,8.0807083103471,-0.0272441501583792,-0.0234010101902306,-0.002340101019023,0.0575056471306472,-0.4821452702702703,0.0,23.0,8.146000454948211,-0.0498303899368975,-0.0817764940877622,-0.0130842390540419,-0.0792582417582415,-0.379349099099099,0.0,23.0,8.959539922194624,-0.1428856026107345,-0.1505100184203796,-0.0075255009210189,0.2737812500000001,-0.4900563063063063,0.0,23.0,8.150521631280025,-0.081906759258263,-0.1159297719114417,-0.002898244297786,0.2463333333333336,-0.3974665915915915,0.0,23.0,8.602539353990824,-0.1516563001707982,-0.1385705201158807,-0.0083142312069528
2026-07-18,Griffin_Conine,665052,hitter,MIA,MIL,2026,823763,41,146,158,0,675660.0,Shane_Drohan,1.0,4.0,1.0,1.0,3.0,2.0,2.0,0.0,1.0,8.0,0.0526315789473684,1.05,1.05,1.5,30.0,65.0,2.979876160990712,7.547987616099071,7.04392666157372,1.0733333333333333,-7.0,86.0,0,1.0,-0.4999999999999997,-0.8660254037844388,-0.9749279121818236,-0.2225209339563146,1.5,3.5,0.5,0.5,0.5,1.5,3.5,0.5,0.5,0.5,synthetic,synthetic,synthetic,synthetic,synthetic,0.0,0.0,0.0,0.0,0.0,-110.0,-110.0,-110.0,-110.0,-110.0,-110.0,-110.0,-110.0,-110.0,-110.0,0.0,0.0,0.0,0.0,0.0,2026-08-26T14:02:39.082451+00:00,-0.18907389328937296,1.2410906204557843,0.7758585037574199,0.4893302204925263,0.4970537523093591,1.2,3.2,0.8,0.6,0.6,1.0,4.0,1.0,1.0,1.0,batter_pitcher_profile_network_v2,1.0,0.5,0.6488380001107132,0.0,0.6352586724932188,-0.0111314412238323,0.0944027944476715,0.0,24.0,10.50437584777058,-0.0691925536469781,0.0,0.0,0.2919571256038649,0.0454784175107135,0.0,24.0,10.566916651734273,-0.1128295260184047,-0.1645816484671348,-0.0263330637547415,0.1298460144927538,0.0829187690315604,0.0,24.0,10.56402945612327,-0.1818532218602044,-0.1780723758990103,-0.0089036187949505,0.4816516203703704,-0.0201465824892864,0.0,24.0,10.423932247764,-0.1620502994085524,-0.1654578469656149,-0.0041364461741403,0.5181620370370372,0.0810752155724409,0.0,24.0,10.435343194136069,-0.1760546362485364,-0.1172886268572033,-0.0070373176114321
2026-07-19,Griffin_Conine,665052,hitter,MIA,MIL,2026,823764,42,146,158,0,688107.0,Robert_Gasser,1.0,1.0,0.0,0.0,0.0,4.0,4.0,0.0,3.0,7.0,0.1176470588235294,0.2225,0.2225,0.0,0.0,26.7,9.37084398976982,7.21227621483376,8.329640947288006,1.0733333333333333,-6.0,77.0,0,1.0,-0.4999999999999997,-0.8660254037844388,-0.7818314824680299,0.6234898018587334,0.5,2.5,0.5,0.5,0.5,0.5,2.5,0.5,0.5,0.5,synthetic,synthetic,synthetic,synthetic,synthetic,0.0,0.0,0.0,0.0,0.0,-110.0,-110.0,-110.0,-110.0,-110.0,-110.0,-110.0,-110.0,-110.0,-110.0,0.0,0.0,0.0,0.0,0.0,2026-08-26T14:02:39.082451+00:00,0.6614964723984633,-0.22761416285261316,0.3513923610949278,0.042044419797883203,0.9907611681877018,0.8,2.6,0.6,0.6,1.0,1.0,4.0,1.0,1.0,3.0,batter_pitcher_profile_network_v2,1.0,0.6,0.5584496352446818,0.0,0.6689539518095159,0.0588055555555553,0.3017331932913881,0.0,25.0,10.536623251277222,-0.0725083454724119,0.0078346877804255,0.0007834687780425,0.3550416666666665,0.4650181027863563,0.0,25.0,9.815228113624386,-0.1388491758342713,-0.1353734442994207,-0.0216597510879073,0.2083333333333332,0.5461028747166231,0.0,25.0,9.179946307177165,-0.1792354251434432,-0.1289996077423906,-0.0064499803871195,0.5395868055555556,0.6639598358540855,0.0,25.0,8.390778335827374,-0.215081459990744,-0.0568898747513393,-0.0014222468687834,0.6075555555555555,0.6072972638268489,0.0,25.0,8.888888562497229,-0.1688637013977776,0.0362696607805156,0.0021761796468309
2026-07-20,Griffin_Conine,665052,hitter,MIA,HOU,2026,824167,43,146,117,0,669854.0,Ronel_Blanco,1.0,1.0,0.0,0.0,0.0,4.0,4.0,0.0,2.0,5.0,0.1,0.2225,0.2225,0.0,0.0,26.7,4.1,8.2,5.568131868131869,1.08,0.0,73.0,0,1.0,-0.4999999999999997,-0.8660254037844388,0.0,1.0,0.5,2.5,0.5,0.5,0.5,0.5,2.5,0.5,0.5,0.5,synthetic,synthetic,synthetic,synthetic,synthetic,0.0,0.0,0.0,0.0,0.0,-110.0,-110.0,-110.0,-110.0,-110.0,-110.0,-110.0,-110.0,-110.0,-110.0,0.0,0.0,0.0,0.0,0.0,2026-08-26T14:02:39.082451+00:00,0.5954586080586082,-0.5491175232935586,0.06724683528128872,-0.05951510771246793,0.34054908746897905,1.0,2.8,0.6,0.6,1.0,1.0,1.0,0.0,0.0,0.0,batter_pitcher_profile_network_v2,1.0,0.0,1.0,0.0,0.5,-0.0068177698975573,0.0,0.0,26.0,11.155749202280688,-0.0702555127342471,0.0,0.0,0.3118082151300235,0.0,0.0,26.0,11.215704676291065,-0.1295521803898269,-0.1943282705847404,-0.0310925232935584,0.1562943262411346,0.0,0.0,26.0,11.202988784764596,-0.2056951625060947,-0.2056951625060947,-0.0102847581253047,0.5457719907407408,0.0,0.0,26.0,11.0790644754332,-0.2046043084987166,-0.2046043084987166,-0.0051151077124679,0.6112407407407406,0.0,0.0,26.0,11.020866017276534,-0.2046112430581027,-0.153458432293577,-0.0092075059376146
2026-07-21,Griffin_Conine,665052,hitter,MIA,HOU,2026,824165,44,146,117,0,837227.0,Tatsuya_Imai,1.0,2.0,0.0,0.0,0.0,3.0,3.0,0.0,1.0,6.0,0.0789473684210526,0.4233333333333333,0.4233333333333333,0.3333333333333333,28.33333333333333,65.0,12.886363636363635,11.954545454545455,5.864835164835164,1.08,0.0,73.0,0,1.0,-0.4999999999999997,-0.8660254037844388,0.7818314824680298,0.6234898018587336,0.5,2.5,0.5,0.5,0.5,0.5,2.5,0.5,0.5,0.5,synthetic,synthetic,synthetic,synthetic,synthetic,0.0,0.0,0.0,0.0,0.0,-110.0,-110.0,-110.0,-110.0,-110.0,-110.0,-110.0,-110.0,-110.0,-110.0,0.0,0.0,0.0,0.0,0.0,2026-08-26T14:02:39.082451+00:00,0.376524940950289,-0.10413245931627735,0.15977239875273452,0.09151903849015885,0.3902121746424323,1.0,2.8,0.6,0.6,1.0,1.0,1.0,0.0,0.0,0.0,batter_pitcher_profile_network_v2,1.0,0.8,0.5578970108290981,2.0,0.7628260929387484,-0.1117465277777772,-0.0370987565066513,-0.1533333333333333,26.0,11.075793798993988,-0.0685024059875106,-0.1212715782812565,-0.0121271578281256,0.2335208333333337,0.0676471226142278,-0.2,26.0,11.290839631734828,-0.1236835770264166,-0.3343311602004196,-0.0534929856320671,0.0642187500000005,0.6537390350877192,0.0133333333333333,26.0,8.854525653211732,-0.1594740226700249,-0.1305275406576679,-0.0065263770328833,0.4878368055555557,0.2452082128397917,-0.2,26.0,10.956551967318116,-0.2270004890374144,-0.3299051270603138,-0.0082476281765078,0.5545034722222225,0.5476002506265665,-0.2,26.0,9.70071781012196,-0.1906418095197158,-0.1645281477080662,-0.0098716888624839
2026-07-22,Griffin_Conine,665052,hitter,MIA,HOU,2026,824166,45,146,117,0,663567.0,Peter_Lambert,0.0,0.0,1.0,0.0,0.0,4.0,3.0,1.0,0.0,6.0,0.1111111111111111,0.1725,0.1725,0.0,0.0,20.7,0.9999999999999997,11.676470588235295,4.579120879120879,1.08,0.0,73.0,0,1.0,-0.4999999999999997,-0.8660254037844388,0.9749279121818236,-0.22252093395631434,0.5,2.5,0.5,0.5,0.5,0.5,2.5,0.5,0.5,0.5,synthetic,synthetic,synthetic,synthetic,synthetic,0.0,0.0,0.0,0.0,0.0,-110.0,-110.0,-110.0,-110.0,-110.0,-110.0,-110.0,-110.0,-110.0,-110.0,0.0,0.0,0.0,0.0,0.0,2026-08-26T14:02:39.082451+00:00,0.39433163699370555,-0.6550348795658811,-0.1291039992874009,-0.19824463980539292,0.1508449289624052,1.0,2.4,0.4,0.4,0.8,1.0,2.0,0.0,0.0,0.0,batter_pitcher_profile_network_v2,1.0,0.85,0.3569621464428934,0.0,0.7603313165016337,-0.1721787280701747,-0.3681746467497479,0.0,27.0,10.021104616821042,-0.0286366553753946,-0.0407633542603177,-0.0040763354260317,0.1842280701754391,-0.2655819910942066,0.0,27.0,10.757441853489256,-0.0567051630918939,-0.1165200806200907,-0.0186432128992145,-0.0136677631578939,-0.1887661030627702,0.0,27.0,10.974195405808214,-0.1120418205262629,-0.1137008648688965,-0.0056850432434448,0.4854062500000001,-0.1312228944020946,0.0,27.0,11.26769238453304,-0.1128263874656937,-0.1537855922157163,-0.0038446398053929,0.5022291666666672,-0.247257939364721,0.0,27.0,10.472769570249769,-0.1497028772995735,-0.1921296943384234,-0.0115277816603054
2026-07-24,Griffin_Conine,665052,hitter,MIA,SD,2026,823843,46,146,135,1,608566.0,Germán_Márquez,1.0,1.0,0.0,0.0,0.0,3.0,3.0,0.0,0.0,6.0,0.0789473684210526,0.2966666666666667,0.2966666666666667,0.0,0.0,35.6,4.250000000000001,7.400000000000001,7.5480376766091055,1.0766666666666669,0.0,72.0,0,2.0,-0.4999999999999997,-0.8660254037844388,-0.433883739117558,-0.9009688679024191,0.5,1.5,0.5,0.5,0.5,0.5,1.5,0.5,0.5,0.5,synthetic,synthetic,synthetic,synthetic,synthetic,0.0,0.0,0.0,0.0,0.0,-110.0,-110.0,-110.0,-110.0,-110.0,-110.0,-110.0,-110.0,-110.0,-110.0,0.0,0.0,0.0,0.0,0.0,2026-08-26T14:02:39.082451+00:00,0.40144080530997817,-0.41204394205939443,0.1872552597866345,-0.33623562404626717,0.17724328586993432,0.8,1.6,0.4,0.2,0.6,0.0,0.0,1.0,0.0,0.0,batter_pitcher_profile_network_v2,1.0,0.7,0.5482829033748111,0.0,0.6979847410356099,-0.0783552286177926,0.3917986680083174,0.0,28.0,11.54081835264738,-0.0737035531092659,0.0,0.0,0.2518989833906075,0.5533818908199886,0.0,28.0,10.5691532880929,-0.1203304235989893,-0.1175279273449007,-0.0188044683751841,0.0576455111683854,0.6811272008803522,0.0,28.0,9.580489116270668,-0.1284756849239755,-0.110739498420276,-0.0055369749210138,0.4893692129629631,0.7497761215892194,0.0,28.0,8.99451559481304,-0.1965011354625697,-0.030758295184025,-0.0007689573796006,0.52884837962963,0.7038996367777881,0.0,28.0,9.521102990260635,-0.1575549363711361,0.0499882796053538,0.0029992967763212
2026-07-25,Griffin_Conine,665052,hitter,MIA,SD,2026,823841,47,146,135,1,681190.0,Randy_Vásquez,0.0,0.0,0.0,0.0,0.0,3.0,3.0,0.0,2.0,7.0,0.0909090909090909,0.0,0.0,0.0,0.0,10.0,13.0,6.5,6.554081632653061,1.0766666666666669,0.0,72.0,0,1.0,-0.4999999999999997,-0.8660254037844388,-0.9749279121818236,-0.2225209339563146,0.5,0.5,0.5,0.5,0.5,0.5,0.5,0.5,0.5,0.5,synthetic,synthetic,synthetic,synthetic,synthetic,0.0,0.0,0.0,0.0,0.0,-110.0,-110.0,-110.0,-110.0,-110.0,-110.0,-110.0,-110.0,-110.0,-110.0,0.0,0.0,0.0,0.0,0.0,2026-08-26T14:02:39.082451+00:00,0.56459538164061,0.23474481699742344,-0.2887934970788784,-0.4778639118532078,-0.3587856320474663,0.8,1.0,0.2,0.0,0.0,1.0,1.0,0.0,0.0,0.0,batter_pitcher_profile_network_v2,1.0,0.9,0.4314454918258277,0.0,0.7674331345262025,0.0130499355670103,0.4435361001287815,0.0,29.0,11.753578517635052,-0.0837668840633043,0.0032908603145703,0.000329086031457,0.3218666237113403,0.4212579677846094,0.0,29.0,11.952033182542646,-0.1329677387270346,-0.1223619392206497,-0.0195779102753039,0.1390437070446736,0.3521143017354031,0.0,29.0,12.20551055425694,-0.1436966832593778,-0.1158606651397201,-0.005793033256986,0.4988506944444445,0.4125612623582528,0.0,29.0,11.911771756156764,-0.2129020050584658,-0.0958898074616483,-0.0023972451865412,0.5815937500000002,0.4016400338628795,0.0,29.0,11.98129720448424,-0.1859415318050081,-0.0066467431535039,-0.0003988045892102
2026-07-26,Griffin_Conine,665052,hitter,MIA,SD,2026,823840,48,146,135,1,621111.0,Walker_Buehler,0.0,0.0,1.0,0.0,0.0,3.0,1.0,2.0,0.0,6.0,0.0833333333333333,0.4599999999999999,0.4599999999999999,0.0,0.0,55.2,11.258823529411766,5.488235294117647,6.211224489795918,1.0766666666666669,0.0,72.0,0,1.0,-0.4999999999999997,-0.8660254037844388,-0.7818314824680299,0.6234898018587334,0.5,0.5,0.5,0.5,0.5,0.5,0.5,0.5,0.5,0.5,synthetic,synthetic,synthetic,synthetic,synthetic,0.0,0.0,0.0,0.0,0.0,-110.0,-110.0,-110.0,-110.0,-110.0,-110.0,-110.0,-110.0,-110.0,-110.0,0.0,0.0,0.0,0.0,0.0,2026-08-26T14:02:39.082451+00:00,0.31400388155262104,0.1570682532880896,-0.053233466247756045,-0.479767622377808,-0.2495625523433183,0.6,0.8,0.2,0.0,0.0,0.0,0.0,0.0,0.0,0.0,batter_pitcher_profile_network_v2,1.0,1.0,0.3696153320841403,0.0,0.8047221218196927,-0.1646478324915828,0.252387020696423,0.0,30.0,13.315020452530751,-0.0995863767371457,0.0,0.0,0.1817039141414139,0.1943562874390834,0.0,30.0,13.50194539335628,-0.1480987596373056,-0.1998859169494397,-0.0319817467119103,-0.0391745580808082,0.3916538257050393,0.0,30.0,12.732183612755628,-0.130893814751038,-0.130893814751038,-0.0065446907375519,0.4784803240740741,0.1681730350118989,0.0,30.0,13.360866873057628,-0.2227636993312745,-0.1720382284456595,-0.0043009557111414,0.4512233796296296,0.3649163661581137,0.0,30.0,12.841564650236789,-0.2078151035561091,-0.0520629472185715,-0.0031237768331142
2026-07-27,Griffin_Conine,665052,hitter,MIA,PHI,2026,823839,49,146,143,1,554430.0,Zack_Wheeler,2.0,5.0,1.0,1.0,2.0,5.0,5.0,0.0,1.0,6.0,0.119047619047619,0.5980000000000001,0.5980000000000001,0.6,30.0,65.0,1.2857142857142856,14.857142857142856,4.788311688311688,1.0766666666666669,0.0,72.0,0,1.0,-0.4999999999999997,-0.8660254037844388,0.0,1.0,0.5,0.5,0.5,0.5,0.5,0.5,0.5,0.5,0.5,0.5,synthetic,synthetic,synthetic,synthetic,synthetic,0.0,0.0,0.0,0.0,0.0,-110.0,-110.0,-110.0,-110.0,-110.0,-110.0,-110.0,-110.0,-110.0,-110.0,0.0,0.0,0.0,0.0,0.0,2026-08-26T14:02:39.082451+00:00,-0.29796611995942424,0.8482472584692575,0.2668941778195739,-0.2573801843336439,-0.25070576676209777,0.4,0.6,0.4,0.0,0.0,0.0,0.0,1.0,0.0,0.0,batter_pitcher_profile_network_v2,1.0,0.8,0.460824297062274,0.0,0.7348392188878972,-0.0931446759259261,-0.6188825154463699,0.0,31.0,9.565602729453367,-0.0724010388743015,-0.0310811130141575,-0.0031081113014157,0.2329930555555553,-0.4661940228244407,0.0,31.0,11.139447235183129,-0.1188845906433442,-0.2368921345671423,-0.0379027415307427,0.023802083333333,-0.5099943201363478,0.0,31.0,10.419369532407758,-0.076883117256328,-0.0834281319202117,-0.0041714065960105,0.4835914351851853,-0.3163584965086513,0.0,31.0,12.297816079438563,-0.1940531543976394,-0.2765407066790957,-0.0069135176669773,0.4781053240740741,-0.5073298464521374,0.0,31.0,10.222839925307078,-0.1927666102875041,-0.2753558529613709,-0.0165213511776822
2026-07-28,Griffin_Conine,665052,hitter,MIA,PHI,2026,823838,50,146,143,1,605400.0,Aaron_Nola,1.0,1.0,0.0,0.0,0.0,2.0,2.0,0.0,0.0,6.0,0.0606060606060606,0.445,0.445,0.0,0.0,53.4,5.5125,10.049999999999999,5.125811688311688,1.0766666666666669,0.0,72.0,0,1.0,-0.4999999999999997,-0.8660254037844388,0.7818314824680298,0.6234898018587336,0.5,1.5,0.5,0.5,0.5,0.5,1.5,0.5,0.5,0.5,synthetic,synthetic,synthetic,synthetic,synthetic,0.0,0.0,0.0,0.0,0.0,-110.0,-110.0,-110.0,-110.0,-110.0,-110.0,-110.0,-110.0,-110.0,-110.0,0.0,0.0,0.0,0.0,0.0,2026-08-26T14:02:39.082451+00:00,0.2890900432900434,0.07896036009046914,0.2542471154597604,-0.2362198115172207,0.26180919602486175,0.6,1.2,0.6,0.2,0.4,2.0,5.0,1.0,1.0,2.0,batter_pitcher_profile_network_v2,1.0,1.0,0.3375965918862524,0.0,0.808644417493934,-0.1034368582691606,0.3500506668578875,0.0,32.0,14.03327281974878,-0.1087982839683545,0.0,0.0,0.2219788228822879,0.4698454405329058,0.0,32.0,13.406244304385506,-0.1565633101724545,-0.1657591130709323,-0.0265214580913491,-0.0007225660066009,0.5201562869249958,0.0,32.0,13.021838070687211,-0.0781421063892103,-0.0781421063892103,-0.0039071053194605,0.4835914351851852,0.5804759592967028,0.0,32.0,12.550468402004617,-0.2160711758929646,-0.0301257940221675,-0.0007531448505541,0.4538032407407407,0.5893620448352238,0.0,32.0,12.56676022809945,-0.197419516957118,0.0290980722758344,0.00174588433655
2026-07-29,Griffin_Conine,665052,hitter,MIA,PHI,2026,823837,51,146,143,1,666200.0,Jesús_Luzardo,1.0,4.0,1.0,1.0,2.0,1.0,1.0,0.0,0.0,8.0,0.027027027027027,2.1,2.1,3.0,30.0,65.0,1.0285714285714287,11.057142857142855,3.7232142857142856,1.0766666666666669,0.0,72.0,0,1.0,-0.4999999999999997,-0.8660254037844388,0.9749279121818236,-0.22252093395631434,0.5,1.5,0.5,0.5,0.5,0.5,1.5,0.5,0.5,0.5,synthetic,synthetic,synthetic,synthetic,synthetic,0.0,0.0,0.0,0.0,0.0,-110.0,-110.0,-110.0,-110.0,-110.0,-110.0,-110.0,-110.0,-110.0,-110.0,0.0,0.0,0.0,0.0,0.0,2026-08-26T14:02:39.082451+00:00,0.12857160769607456,3.945724279670996,0.7650813440148521,0.4841375931424575,0.3126543706023328,0.8,1.4,0.4,0.2,0.4,1.0,1.0,0.0,0.0,0.0,batter_pitcher_profile_network_v2,1.0,1.0,0.3139207491102918,0.0,0.8115447082339893,-0.0224669508617533,-0.4516753320063714,0.0,33.0,12.308030366930405,-0.0630434789769449,-0.0069621727175042,-0.0006962172717504,0.2896593784378434,-0.4658005609046002,0.0,33.0,12.14066384701772,-0.0709513313721122,-0.198995211515732,-0.0318392338425171,0.0785482673267322,-0.3479049719684886,0.0,33.0,12.93113870680749,-0.0389197705215527,-0.0576684864983272,-0.0028834243249163,0.4996655092592592,-0.5159296931360051,0.0,33.0,11.38165352854585,-0.0389636781841861,-0.2158296076350342,-0.0053957401908758,0.532273148148148,-0.3775761152191773,0.0,33.0,12.390838076313385,-0.1337132737420502,-0.2381687911194218,-0.0142901274671653
2026-07-30,Griffin_Conine,665052,hitter,MIA,NYM,2026,823595,52,146,121,0,690997.0,Nolan_McLean,0.0,0.0,0.0,0.0,0.0,4.0,4.0,0.0,3.0,6.0,0.1142857142857142,0.0,0.0,0.0,0.0,10.0,0.9999999999999988,12.0,1.7142857142857142,1.08,0.0,72.0,0,1.0,-0.4999999999999997,-0.8660254037844388,0.43388373911755823,-0.900968867902419,0.5,1.5,0.5,0.5,0.5,0.5,1.5,0.5,0.5,0.5,synthetic,synthetic,synthetic,synthetic,synthetic,0.0,0.0,0.0,0.0,0.0,-110.0,-110.0,-110.0,-110.0,-110.0,-110.0,-110.0,-110.0,-110.0,-110.0,0.0,0.0,0.0,0.0,0.0,2026-08-26T14:02:39.082451+00:00,0.13007932864775018,0.2892994485408762,-0.0931323170901942,-0.09804254057907591,0.28064897473729533,0.8,2.0,0.6,0.4,0.8,1.0,4.0,1.0,1.0,2.0,batter_pitcher_profile_network_v2,1.0,1.0,0.3493480934180776,0.0,0.8072048585562854,0.0624760015117157,-0.383459194238274,0.0,34.0,13.80289276214076,-0.0782450742722128,-0.0155876659034496,-0.0015587665903449,0.3597077664399092,-0.36390103106342,0.0,34.0,13.976578111132769,-0.0771812638175004,-0.2009409466195225,-0.0321505514591236,0.151360544217687,-0.1287291833611081,0.0,34.0,15.34682766652555,-0.0592544164906002,-0.0719320560895983,-0.0035966028044799,0.5637858796296297,-0.3167886892912681,0.0,34.0,14.13027301619349,-0.0294945486005025,-0.1457016231630395,-0.0036425405790759,0.6091851851851852,-0.1845932832204611,0.0,34.0,14.759376971592465,-0.1350067613641441,-0.1744218496165059,-0.0104653109769903
2026-07-31,Griffin_Conine,665052,hitter,MIA,NYM,2026,823593,53,146,121,0,673540.0,Kodai_Senga,1.0,1.0,1.0,0.0,0.0,4.0,3.0,1.0,1.0,5.0,0.1142857142857142,0.395,0.395,0.0,0.0,47.400000000000006,8.5,11.5,4.0,1.08,7.0,79.0,0,1.0,-0.4999999999999997,-0.8660254037844388,-0.433883739117558,-0.9009688679024191,0.5,1.5,0.5,0.5,0.5,0.5,1.5,0.5,0.5,0.5,synthetic,synthetic,synthetic,synthetic,synthetic,0.0,0.0,0.0,0.0,0.0,-110.0,-110.0,-110.0,-110.0,-110.0,-110.0,-110.0,-110.0,-110.0,-110.0,0.0,0.0,0.0,0.0,0.0,2026-08-26T14:02:39.082451+00:00,0.1409174448035181,-0.10328716102114255,0.10704956905994245,-0.19975796960214992,0.20145480831021567,0.8,2.0,0.6,0.4,0.8,0.0,0.0,0.0,0.0,0.0,batter_pitcher_profile_network_v2,1.0,0.5,0.6700226330853833,0.0,0.6339611137235203,0.0361927609427608,0.1541611633558748,0.0,35.0,16.712192171086453,-0.1363072888341928,0.0018411147018487,0.0001841114701848,0.342185606060606,0.3986358833474217,0.0,35.0,15.638778243581896,-0.2070374208685774,-0.2655447563821405,-0.0424871610211424,0.1380050505050504,0.8256102071005917,0.0,35.0,11.608589672692815,-0.1366057048724789,-0.0990086188011512,-0.0049504309400575,0.5637858796296297,0.6675892857142857,0.0,35.0,13.187212777778806,-0.3385148116875375,-0.2143187840859993,-0.0053579696021499,0.6116851851851851,0.778328402366864,0.0,35.0,12.300073671613372,-0.2638036851586873,-0.0407531948297373,-0.0024451916897842
2026-08-01,Griffin_Conine,665052,hitter,MIA,NYM,2026,823594,54,146,121,0,804267.0,Zac_Thornton,2.0,5.0,1.0,1.0,1.0,4.0,3.0,1.0,0.0,9.0,0.0930232558139534,0.92,0.92,1.0,30.0,65.0,4.1,8.2,4.0,1.08,4.0,87.0,0,1.0,-0.8660254037844384,-0.5000000000000004,-0.9749279121818236,-0.2225209339563146,0.5,2.5,0.5,0.5,0.5,0.5,2.5,0.5,0.5,0.5,synthetic,synthetic,synthetic,synthetic,synthetic,0.0,0.0,0.0,0.0,0.0,-110.0,-110.0,-110.0,-110.0,-110.0,-110.0,-110.0,-110.0,-110.0,-110.0,0.0,0.0,0.0,0.0,0.0,2026-08-26T14:02:39.082451+00:00,0.5868876761076978,0.586767664052271,0.4690395662425252,0.12767167180255234,0.3285606909837938,1.0,2.2,0.6,0.4,0.8,1.0,1.0,1.0,0.0,0.0,batter_pitcher_profile_network_v2,1.0,0.3,0.7499854181871526,0.0,0.5774380358816221,0.1112281144781144,-0.3319746150866267,0.0,36.0,15.347511824111832,-0.1032139233437381,-0.009231766054805,-0.0009231766054805,0.3921489898989899,-0.365585838188066,0.0,36.0,14.984414948237694,-0.0988701338687399,-0.1841483206035418,-0.0294637312965666,0.1926767676767676,-0.4805912388948409,0.0,36.0,13.302786954091555,-0.0752436797822352,-0.0983947216611258,-0.0049197360830562,0.5320740740740741,-0.3620510021224922,0.0,36.0,14.693219040947868,-0.0689708309568705,-0.1171331278979087,-0.0029283281974477,0.613462962962963,-0.511680719769158,0.0,36.0,12.735192537652209,-0.0694650147870864,-0.1305776308902598,-0.0078346578534155
2026-08-02,Griffin_Conine,665052,hitter,MIA,NYM,2026,823592,55,146,121,0,476594.0,Robert_Stock,0.0,0.0,0.0,0.0,0.0,4.0,4.0,0.0,2.0,5.0,0.125,0.0,0.0,0.0,0.0,10.0,4.1,8.2,1.7142857142857142,1.08,13.0,82.0,0,1.0,-0.8660254037844384,-0.5000000000000004,-0.7818314824680299,0.6234898018587334,0.5,2.5,0.5,0.5,0.5,0.5,2.5,0.5,0.5,0.5,synthetic,synthetic,synthetic,synthetic,synthetic,0.0,0.0,0.0,0.0,0.0,-110.0,-110.0,-110.0,-110.0,-110.0,-110.0,-110.0,-110.0,-110.0,-110.0,0.0,0.0,0.0,0.0,0.0,2026-08-26T14:02:39.082451+00:00,0.6501659510854718,-0.43913556219119787,-0.07548764957494986,-0.09803912807065168,-0.0025012919933773414,1.0,2.2,0.6,0.4,0.6,2.0,5.0,1.0,1.0,1.0,batter_pitcher_profile_network_v2,1.0,0.05,0.9425,1.0,0.5304771875000001,0.1421806878306877,-0.6556666666666667,-0.0962962962962963,37.0,12.077030137576584,-0.0827105257480831,-0.0988881081929012,-0.0098888108192901,0.4131087301587301,-0.7362916666666668,-0.1111111111111111,37.0,10.933487880973942,-0.0675856049268935,-0.2267847636949864,-0.0362855621911978,0.206547619047619,-0.6882638888888889,-0.1111111111111111,37.0,11.051659389364376,-0.0729478812352744,-0.1890387057847122,-0.0094519352892356,0.5797203703703704,-0.804,-0.1111111111111111,37.0,9.84734016103696,-0.0108479834371817,-0.1455651228260706,-0.0036391280706517,0.6148592592592591,-0.7802777777777777,-0.1111111111111111,37.0,9.772823677594786,-0.0463422711305107,-0.1702596284610517,-0.0102155777076631
2026-08-04,Griffin_Conine,665052,hitter,MIA,ATL,2026,824888,56,146,144,0,656550.0,Grant_Holmes,0.0,0.0,0.0,0.0,0.0,4.0,3.0,1.0,1.0,2.0,0.1142857142857142,0.1725,0.1725,0.0,0.0,20.7,5.528571428571429,6.771428571428572,6.369642857142858,1.08,0.0,85.0,0,2.0,-0.8660254037844384,-0.5000000000000004,0.7818314824680298,0.6234898018587336,0.5,1.5,0.5,0.5,0.5,0.5,1.5,0.5,0.5,0.5,synthetic,synthetic,synthetic,synthetic,synthetic,0.0,0.0,0.0,0.0,0.0,-110.0,-110.0,-110.0,-110.0,-110.0,-110.0,-110.0,-110.0,-110.0,-110.0,0.0,0.0,0.0,0.0,0.0,2026-08-26T14:02:39.082451+00:00,0.5005196440752335,-0.20209566320948613,0.1307855995385636,-0.20086393998611934,0.11676777025942464,0.8,2.0,0.6,0.4,0.6,0.0,0.0,0.0,0.0,0.0,batter_pitcher_profile_network_v2,1.0,1.0,0.3313796184254851,0.0,0.809405996742878,0.0594648904006046,0.1438715083919403,0.0,37.0,17.219186652289235,-0.1255899555804357,0.0057202502761443,0.0005720250276144,0.3574494331065759,0.2581903341674936,0.0,37.0,16.931590790820962,-0.2126824082935575,-0.257316645059287,-0.0411706632094859,0.1596938775510203,0.3566139056679755,0.0,37.0,16.419809055816334,-0.1845081668504723,-0.1464308663715833,-0.0073215433185791,0.5735351851851853,0.4040478923070286,0.0,37.0,15.97459885445167,-0.4135008000614837,-0.2585575994447745,-0.0064639399861193,0.6111740740740741,0.3337989831873553,0.0,37.0,16.447496284803332,-0.2455257452355436,-0.0477395432953038,-0.0028643725977182
2026-08-05,Griffin_Conine,665052,hitter,MIA,ATL,2026,824889,57,146,144,0,693821.0,Bryce_Elder,0.0,0.0,0.0,0.0,0.0,4.0,4.0,0.0,2.0,4.0,0.1212121212121212,0.0,0.0,0.0,0.0,10.0,2.1,8.299999999999999,5.941071428571429,1.08,7.0,76.0,0,1.0,-0.8660254037844384,-0.5000000000000004,0.9749279121818236,-0.22252093395631434,0.5,1.5,0.5,0.5,0.5,0.5,1.5,0.5,0.5,0.5,synthetic,synthetic,synthetic,synthetic,synthetic,0.0,0.0,0.0,0.0,0.0,-110.0,-110.0,-110.0,-110.0,-110.0,-110.0,-110.0,-110.0,-110.0,-110.0,0.0,0.0,0.0,0.0,0.0,2026-08-26T14:02:39.082451+00:00,0.23953024363445896,-0.7746581334863174,-0.12577089231023914,-0.3421474681549696,-0.22165662451077733,0.6,1.2,0.4,0.2,0.2,0.0,0.0,0.0,0.0,0.0,batter_pitcher_profile_network_v2,1.0,1.0,0.375394412183648,0.0,0.8040141845075031,0.0863870370370368,0.1801842378863252,0.0,38.0,17.961651357757003,-0.1468989527624908,0.0097223497645034,0.0009722349764503,0.3757277777777776,0.2598788902479131,0.0,38.0,17.75825432302815,-0.2392915822618881,-0.2979485615622111,-0.0476717698499537,0.1999999999999998,0.3200656179935592,0.0,38.0,17.44558093884706,-0.2060176840150008,-0.1660347293216666,-0.0083017364660833,0.5774981481481483,0.3823386095826324,0.0,38.0,16.95388319683679,-0.4478115394268293,-0.3098987261987856,-0.0077474681549696,0.630137037037037,0.3317760303289715,0.0,38.0,17.291188376315983,-0.2686803713227699,-0.070927508080056,-0.0042556504848033
2026-08-06,Griffin_Conine,665052,hitter,MIA,ATL,2026,824885,58,146,144,0,527048.0,Martín_Pérez,1.0,1.0,0.0,0.0,1.0,3.0,3.0,0.0,1.0,8.0,0.07894736842105263,0.2966666666666667,0.2966666666666667,0.0,0.0,35.6,1.8,7.2214285714285715,5.169642857142857,1.08,0.0,87.0,0,1.0,-0.8660254037844384,-0.5000000000000004,0.43388373911755823,-0.900968867902419,0.5,1.5,0.5,0.5,0.5,0.5,1.5,0.5,0.5,0.5,synthetic,synthetic,synthetic,synthetic,synthetic,0.0,0.0,0.0,0.0,0.0,-110.0,-110.0,-110.0,-110.0,-110.0,-110.0,-110.0,-110.0,-110.0,-110.0,0.0,0.0,0.0,0.0,0.0,2026-08-26T14:02:39.082451+00:00,0.25070679677247865,-0.6810985198942853,-0.09214720648330499,-0.3399586599119725,-0.2234885075964595,0.6,1.2,0.4,0.2,0.2,0.0,0.0,0.0,0.0,0.0,batter_pitcher_profile_network_v2,1.0,0.9,0.3916743531532822,0.0,0.7718179025648506,0.040026567656765405,-0.05207039724980894,0.0,39.0,18.735951143366652,-0.13138476712289723,-0.0012678718742109038,-0.0001267871874210904,0.34312326732673254,-0.0763661705941117,0.0,39.0,18.58671584263003,-0.16211938388344524,-0.2591190388129675,-0.0414590462100748,0.1951732673267325,-0.036171112710818396,0.0,39.0,18.34692446187245,-0.1160994477808113,-0.12039400435281726,-0.006019700217640863,0.5133777777777778,-0.056358053710994796,0.0,39.0,18.237629041211918,-0.20474572734426844,-0.22234639647889914,-0.005558659911972479,0.6172666666666666,-0.10649308240778807,0.0,39.0,17.742464332590735,-0.09807715639618111,-0.1135459286126715,-0.00681275571676029
2026-08-07,Griffin_Conine,665052,hitter,MIA,LAA,2026,823836,59,146,108,1,691946.0,George_Klassen,0.0,0.0,0.0,0.0,0.0,3.0,3.0,0.0,2.0,3.0,0.06976744186046512,0.0,0.0,0.0,0.0,10.0,4.1,8.2,4.636363636363636,1.0766666666666667,0.0,72.0,0,1.0,-0.8660254037844384,-0.5000000000000004,-0.433883739117558,-0.9009688679024191,0.5,1.5,0.5,0.5,0.5,0.5,1.5,0.5,0.5,0.5,synthetic,synthetic,synthetic,synthetic,synthetic,0.0,0.0,0.0,0.0,0.0,-110.0,-110.0,-110.0,-110.0,-110.0,-110.0,-110.0,-110.0,-110.0,-110.0,0.0,0.0,0.0,0.0,0.0,2026-08-26T14:02:39.082451+00:00,0.23547935165609568,-0.6746182999605561,-0.37033533329310797,-0.341886966206018,-0.04928530817359261,0.6,1.2,0.2,0.2,0.4,1.0,1.0,0.0,0.0,1.0,batter_pitcher_profile_network_v2,1.0,0.0,1.0,0.0,0.5,-0.04436201814058939,0.0,0.0,40.0,19.593843341914578,-0.0651426521382732,0.0,0.0,0.2859568027210886,0.0,0.0,40.0,19.570138350669023,-0.12439311030076602,-0.18658966545114902,-0.029854346472183844,0.13367346938775526,0.0,0.0,40.0,19.21006595163131,-0.09620983710951536,-0.09620983710951536,-0.004810491855475768,0.4776972222222222,0.0,0.0,40.0,19.170433051903245,-0.25681198157405194,-0.25681198157405194,-0.006420299539351299,0.5988777777777777,0.0,0.0,40.0,18.981851107168044,-0.04777781377070002,-0.03583336032802502,-0.002150001619681501
2026-08-08,Griffin_Conine,665052,hitter,MIA,LAA,2026,823834,60,146,108,1,700712.0,Walbert_Ureña,2.0,2.0,0.0,0.0,1.0,4.0,4.0,0.0,1.0,5.0,0.10810810810810811,0.445,0.445,0.0,0.0,53.4,1.0,8.5,3.864935064935065,1.0766666666666667,0.0,72.0,0,1.0,-0.8660254037844384,-0.5000000000000004,-0.9749279121818236,-0.2225209339563146,0.5,0.5,0.5,0.5,0.5,0.5,0.5,0.5,0.5,0.5,synthetic,synthetic,synthetic,synthetic,synthetic,0.0,0.0,0.0,0.0,0.0,-110.0,-110.0,-110.0,-110.0,-110.0,-110.0,-110.0,-110.0,-110.0,-110.0,0.0,0.0,0.0,0.0,0.0,2026-08-26T14:02:39.082451+00:00,-0.16909580775363686,-0.18593910534668595,-0.2632620030301782,-0.4810945140285461,-0.21211894740133813,0.2,0.2,0.0,0.0,0.2,0.0,0.0,0.0,0.0,0.0,batter_pitcher_profile_network_v2,1.0,0.95,0.3592038653397676,0.0,0.7906976501710845,-0.09487222222222265,-0.5064329425606208,0.0,40.0,15.522815251238805,-0.029419557514100168,-0.030787959366250863,-0.0030787959366250866,0.2522833333333331,-0.5096793156946936,0.0,40.0,15.260652680066158,-0.04212424967471539,-0.14558224625462501,-0.02329315940074,0.11249999999999977,-0.31268431911226013,0.0,40.0,16.97300470372047,-0.061958173269153975,-0.08449944986295427,-0.004224972493147713,0.4776972222222222,-0.47709002998040784,0.0,40.0,15.184188215237794,-0.07907351921236573,-0.2251138944751755,-0.005627847361879388,0.6063777777777777,-0.44713868419162517,0.0,40.0,15.229676863944817,0.03163774092593664,-0.15001392972044286,-0.00900083578322657
2026-08-09,Griffin_Conine,665052,hitter,MIA,LAA,2026,823835,61,146,108,1,680570.0,Grayson_Rodriguez,2.0,8.0,2.0,2.0,3.0,5.0,4.0,1.0,2.0,4.0,0.11363636363636363,0.9780000000000001,0.9780000000000001,1.5,30.0,65.0,5.807142857142857,8.421428571428573,4.1949579831932775,1.0766666666666667,0.0,72.0,0,1.0,-0.8660254037844384,-0.5000000000000004,-0.7818314824680299,0.6234898018587334,0.5,0.5,0.5,0.5,0.5,0.5,0.5,0.5,0.5,0.5,synthetic,synthetic,synthetic,synthetic,synthetic,0.0,0.0,0.0,0.0,0.0,-110.0,-110.0,-110.0,-110.0,-110.0,-110.0,-110.0,-110.0,-110.0,-110.0,0.0,0.0,0.0,0.0,0.0,2026-08-26T14:02:39.082451+00:00,0.4112390119684237,2.3724864188499843,0.06204426221306558,-0.03312757982092818,0.2776589110384339,0.6,0.6,0.0,0.0,0.4,2.0,2.0,0.0,0.0,1.0,batter_pitcher_profile_network_v2,1.0,0.7,0.54087211149806,0.0,0.6986202164390414,-0.09042777777777822,0.3653667128141579,0.0,41.0,18.79486154799838,-0.10648852454992942,0.0,0.0,0.2556166666666664,0.34427512295240675,0.0,41.0,19.12298446491775,-0.188413298231992,-0.2422155640057792,-0.03875449024092467,0.11666666666666642,0.5399669867947179,0.0,41.0,17.594543312315334,-0.1396323911942439,-0.11070910256833236,-0.005535455128416618,0.48214166666666664,0.36793583723812107,0.0,41.0,18.886652173584125,-0.387884527019039,-0.3064365261704612,-0.00766091315426153,0.6133222222222222,0.5188062725090036,0.0,41.0,17.697907866555457,-0.15313100278183847,0.031244137373437064,0.0018746482424062238
2026-08-11,Griffin_Conine,665052,hitter,MIA,PIT,2026,823832,62,146,134,1,694973.0,Paul_Skenes,1.0,1.0,0.0,0.0,0.0,4.0,3.0,1.0,0.0,3.0,0.12903225806451613,0.395,0.395,0.0,0.0,47.400000000000006,8.362499999999999,15.0375,2.0357142857142856,1.0766666666666667,0.0,72.0,0,2.0,-0.8660254037844384,-0.5000000000000004,0.7818314824680298,0.6234898018587336,0.5,2.5,0.5,0.5,0.5,0.5,2.5,0.5,0.5,0.5,synthetic,synthetic,synthetic,synthetic,synthetic,0.0,0.0,0.0,0.0,0.0,-110.0,-110.0,-110.0,-110.0,-110.0,-110.0,-110.0,-110.0,-110.0,-110.0,0.0,0.0,0.0,0.0,0.0,2026-08-26T14:02:39.082451+00:00,0.28828492003332007,0.1520342740522489,0.1966082761970407,-0.00579056393626598,0.7337502903273383,1.0,2.2,0.4,0.4,1.0,2.0,8.0,2.0,2.0,3.0,batter_pitcher_profile_network_v2,1.0,1.0,0.3676394018615265,0.0,0.804964173271963,-0.034987037037037386,-0.1865528444732857,0.0,42.0,19.87449715937373,-0.08938234220727961,-0.004127374167566496,-0.00041273741675664963,0.294072222222222,-0.21719110580637183,0.0,42.0,19.537081400710694,-0.16336143903473255,-0.28543094846376643,-0.04566895175420263,0.1499999999999998,0.005719789510006915,0.0,42.0,20.33742880473888,-0.1557042104266484,-0.15516166499928227,-0.007758083249964114,0.5438324074074075,-0.24749001884985009,0.0,42.0,18.784967825630414,-0.3278445221406839,-0.4129558907839692,-0.01032389726959923,0.6362629629629629,0.01569261559696345,0.0,42.0,20.08601472301006,-0.12569316981872877,-0.0879559907041192,-0.005277359442247152
2026-08-12,Griffin_Conine,665052,hitter,MIA,PIT,2026,823833,63,146,134,1,669387.0,Carmen_Mlodzinski,2.0,6.0,3.0,1.0,1.0,5.0,2.0,3.0,0.0,3.0,0.11904761904761904,1.0879999999999999,1.0879999999999999,2.0,30.0,65.0,5.0,6.0,2.0357142857142856,1.0766666666666667,0.0,72.0,0,1.0,-0.8660254037844384,-0.5000000000000004,0.9749279121818236,-0.22252093395631434,1.5,2.5,0.5,0.5,0.5,1.5,2.5,0.5,0.5,0.5,synthetic,synthetic,synthetic,synthetic,synthetic,0.0,0.0,0.0,0.0,0.0,-110.0,-110.0,-110.0,-110.0,-110.0,-110.0,-110.0,-110.0,-110.0,-110.0,0.0,0.0,0.0,0.0,0.0,2026-08-26T14:02:39.082451+00:00,-0.2775384419167446,1.9905113812632917,0.28437344962851985,0.3688371485192431,0.449785530522239,1.2,2.4,0.4,0.4,1.0,1.0,1.0,0.0,0.0,0.0,batter_pitcher_profile_network_v2,1.0,0.6,0.6086202626166963,0.0,0.6652664106976728,0.03969276094276078,0.364545921780623,0.0,43.0,19.935775339787725,-0.14081523173025234,0.005663199880173392,0.0005663199880173393,0.344810606060606,0.1267084717543684,0.0,43.0,21.407980115986536,-0.22864394276205038,-0.3258663671044269,-0.0521386187367083,0.20883838383838377,0.08699721966574432,0.0,43.0,21.315613094080863,-0.17835602062149383,-0.17124529314389197,-0.008562264657194599,0.5552546296296297,-0.1632108830843413,0.0,43.0,20.269474633281174,-0.392379152406011,-0.4278473925636092,-0.01069618481409023,0.6576851851851852,0.1314327035367121,0.0,43.0,21.053004926007333,-0.16511260325584348,-0.09000306272458716,-0.0054001837634752295
2026-08-13,Griffin_Conine,665052,hitter,MIA,PIT,2026,823829,64,146,134,1,677952.0,Braxton_Ashcraft,1.0,1.0,0.0,0.0,0.0,2.0,2.0,0.0,1.0,4.0,0.07142857142857142,0.445,0.445,0.0,0.0,53.4,4.3999999999999995,8.500000000000002,4.0,1.0766666666666667,0.0,72.0,0,1.0,-0.8660254037844384,-0.5000000000000004,0.43388373911755823,-0.900968867902419,1.5,3.5,0.5,0.5,0.5,1.5,3.5,0.5,0.5,0.5,synthetic,synthetic,synthetic,synthetic,synthetic,0.0,0.0,0.0,0.0,0.0,-110.0,-110.0,-110.0,-110.0,-110.0,-110.0,-110.0,-110.0,-110.0,-110.0,0.0,0.0,0.0,0.0,0.0,2026-08-26T14:02:39.082451+00:00,-0.11866570578029112,-0.44072610091132036,0.7605033824178857,0.032717182952292756,0.46071461790413093,1.4,3.4,1.0,0.6,1.0,2.0,6.0,3.0,1.0,1.0,batter_pitcher_profile_network_v2,1.0,1.0,0.3362145334280655,0.0,0.808813719655062,0.11348120645397844,-0.01757300017559816,0.0,44.0,21.797898399804012,-0.14765736072609048,-0.0013237244695751586,-0.00013237244695751585,0.3951201870187017,0.08896180994355507,0.0,44.0,21.88331891817229,-0.27399706183457795,-0.38766313069575475,-0.06202610091132076,0.2615924092409239,0.139513558820556,0.0,44.0,21.731269079486403,-0.24415765891174224,-0.21993235164229283,-0.010996617582114641,0.6124120370370371,0.1988277865889903,0.0,44.0,21.307884613949113,-0.5534715404698337,-0.4726460152416223,-0.011816150381040558,0.6785925925925925,0.19669110659125666,0.0,44.0,21.383879706288972,-0.20224963215555758,-0.06308970159781765,-0.003785382095869059
2026-08-14,Griffin_Conine,665052,hitter,MIA,CIN,2026,824479,65,146,113,0,695505.0,Chase_Burns,0.0,0.0,0.0,0.0,0.0,3.0,3.0,0.0,2.0,4.0,0.1,0.0,0.0,0.0,0.0,10.0,3.9125,10.275,7.798872180451128,1.08,3.0,84.0,0,1.0,-0.8660254037844384,-0.5000000000000004,-0.433883739117558,-0.9009688679024191,1.5,3.5,0.5,0.5,0.5,1.5,3.5,0.5,0.5,0.5,synthetic,synthetic,synthetic,synthetic,synthetic,0.0,0.0,0.0,0.0,0.0,-110.0,-110.0,-110.0,-110.0,-110.0,-110.0,-110.0,-110.0,-110.0,-110.0,0.0,0.0,0.0,0.0,0.0,2026-08-26T14:02:39.082451+00:00,0.03599811438790801,-1.1922144390869365,0.3203154430547227,-0.06909275949134885,0.37929367301685213,1.6,3.6,1.0,0.6,1.0,1.0,1.0,0.0,0.0,0.0,batter_pitcher_profile_network_v2,1.0,1.0,0.34524535140507434,0.0,0.8077074444528785,0.146435185185185,-0.4457111805194055,0.0,45.0,19.04613843427323,-0.1057121544551873,-0.04273439496804143,-0.0042734394968041425,0.4176388888888888,-0.3681023757880734,0.0,45.0,19.897494570797612,-0.22482985338907271,-0.4379027442933555,-0.07006443908693688,0.28749999999999987,-0.2742856753812635,0.0,45.0,20.270226101474144,-0.1959312458194973,-0.24756331935667558,-0.01237816596783378,0.6190046296296297,-0.2958597287292498,0.0,45.0,20.222210110944737,-0.46779956807064477,-0.5877103796539535,-0.014692759491348836,0.6901851851851852,-0.3233311546840958,0.0,45.0,19.417871960261976,-0.14406882411252536,-0.2541656000950733,-0.015249936005704396
2026-08-15,Griffin_Conine,665052,hitter,MIA,CIN,2026,824480,66,146,113,0,663903.0,Brady_Singer,1.0,1.0,0.0,0.0,1.0,5.0,4.0,0.0,1.0,4.0,0.10869565217391304,0.32199999999999995,0.32199999999999995,0.0,0.0,38.63999999999999,3.0,6.576923076923077,6.696831364124598,1.08,0.0,84.0,0,1.0,-0.8660254037844384,-0.5000000000000004,-0.9749279121818236,-0.2225209339563146,1.5,3.5,0.5,0.5,0.5,1.5,3.5,0.5,0.5,0.5,synthetic,synthetic,synthetic,synthetic,synthetic,0.0,0.0,0.0,0.0,0.0,-110.0,-110.0,-110.0,-110.0,-110.0,-110.0,-110.0,-110.0,-110.0,-110.0,0.0,0.0,0.0,0.0,0.0,2026-08-26T14:02:39.082451+00:00,-0.2091977807484957,-1.408241544829199,0.4581231915453522,-0.06483237649619389,0.30862984250651804,1.2,3.2,1.0,0.6,0.8,0.0,0.0,0.0,0.0,0.0,batter_pitcher_profile_network_v2,1.0,1.0,0.33557021620117833,1.0,0.8276426485153556,0.13695370370370347,0.16550251155426318,0.1111111111111111,45.0,22.84176133208792,-0.1523744288762355,0.08925843170355295,0.008925843170355295,0.41052777777777766,0.26568449347892026,0.1111111111111111,45.0,22.39518997831093,-0.31647550510929756,-0.32804498126944986,-0.05248719700311198,0.2958333333333332,0.1800865829322837,0.1111111111111111,45.0,22.966117902304653,-0.2600942181144918,-0.15049796800016368,-0.007524898400008185,0.6095231481481481,0.37024261449802853,0.1111111111111111,45.0,21.466850627696246,-0.6414362339171189,-0.4172950598477552,-0.010432376496193881,0.6857037037037036,0.21143256665485977,0.1111111111111111,45.0,22.592756441061017,-0.26376575398099816,-0.027296877603894376,-0.0016378126562336625
2026-08-16,Griffin_Conine,665052,hitter,MIA,CIN,2026,824477,67,146,113,0,666157.0,Nick_Lodolo,0.0,0.0,0.0,0.0,1.0,1.0,0.0,1.0,0.0,6.0,0.022222222222222223,0.69,0.69,0.0,0.0,65.0,4.7,8.15,8.433673469387756,1.08,9.0,87.0,0,1.0,-0.8660254037844384,-0.5000000000000004,-0.7818314824680299,0.6234898018587334,0.5,1.5,0.5,0.5,0.5,0.5,1.5,0.5,0.5,0.5,synthetic,synthetic,synthetic,synthetic,synthetic,0.0,0.0,0.0,0.0,0.0,-110.0,-110.0,-110.0,-110.0,-110.0,-110.0,-110.0,-110.0,-110.0,-110.0,0.0,0.0,0.0,0.0,0.0,2026-08-26T14:02:39.082451+00:00,0.6647523188085738,-0.05553185740088851,0.3636659142707508,-0.3448237052523647,0.2907281642848245,1.0,1.8,0.6,0.2,0.4,1.0,1.0,0.0,0.0,1.0,batter_pitcher_profile_network_v2,1.0,0.85,0.4307309409417453,0.0,0.7526501407744408,0.10082935460212668,0.2041927646810639,0.0,47.0,23.690079770949698,-0.09605402157804581,0.011720466997302089,0.001172046699730209,0.3856312981298129,0.3073266345553351,0.0,47.0,23.12617000484519,-0.22393004431626284,-0.2684282754222212,-0.042948524067555394,0.2949257425742573,0.2711607345204372,0.0,47.0,23.636083247218497,-0.1708809291200525,-0.12535518397273954,-0.006267759198636977,0.5560101851851853,0.4023779801644003,0.0,47.0,22.17923763579296,-0.544308644916293,-0.41694821009459015,-0.010423705252364754,0.6859407407407407,0.30042242007284514,0.0,47.0,23.22703289430261,-0.2250548123754025,-0.0514807086316114,-0.003088842517896684
2026-08-17,Griffin_Conine,665052,hitter,MIA,PHI,2026,823427,68,146,143,0,650911.0,Cristopher_Sánchez,1.0,1.0,0.0,0.0,1.0,4.0,4.0,0.0,1.0,8.0,0.09302325581395349,0.2225,0.2225,0.0,0.0,26.7,1.2,12.600000000000001,3.9662337662337666,1.08,5.0,86.0,0,1.0,-0.8660254037844384,-0.5000000000000004,0.0,1.0,0.5,1.5,0.5,0.5,0.5,0.5,1.5,0.5,0.5,0.5,synthetic,synthetic,synthetic,synthetic,synthetic,0.0,0.0,0.0,0.0,0.0,-110.0,-110.0,-110.0,-110.0,-110.0,-110.0,-110.0,-110.0,-110.0,-110.0,0.0,0.0,0.0,0.0,0.0,2026-08-26T14:02:39.082451+00:00,0.08548683525524314,-0.4635371472183285,-0.05010298143137837,-0.3471743218466774,0.1403301750128162,0.8,1.6,0.6,0.2,0.6,0.0,0.0,0.0,0.0,1.0,batter_pitcher_profile_network_v2,1.0,1.0,0.4395301732332157,0.0,0.796157553778931,0.12119972497249701,-0.04515043559120743,0.0,48.0,24.707807520254185,-0.09789406255704754,-0.0030670144061903646,-0.00030670144061903647,0.4009090759075906,-0.14254452021351843,0.0,48.0,24.12588960156766,-0.20320350148047628,-0.3368346410447848,-0.05389354256716557,0.2949257425742573,0.023769799476676956,0.0,48.0,24.655060430131517,-0.1789085174380877,-0.17497944137296098,-0.00874897206864805,0.5763805555555557,-0.22594646632130283,0.0,48.0,22.81310392342329,-0.43798224390797097,-0.5109728738670974,-0.012774321846677436,0.7063111111111111,0.043803482111407506,0.0,48.0,24.378104041809575,-0.2259395747721147,-0.1521143689346915,-0.00912686213608149
2026-08-18,Griffin_Conine,665052,hitter,MIA,PHI,2026,823423,69,146,143,0,554430.0,Zack_Wheeler,2.0,5.0,2.0,1.0,1.0,4.0,4.0,0.0,0.0,4.0,0.1111111111111111,0.7475,0.7475,0.75,30.0,65.0,9.65,12.375,4.909090909090908,1.08,-9.0,85.0,0,1.0,-0.8660254037844384,-0.5000000000000004,0.7818314824680298,0.6234898018587336,0.5,0.5,0.5,0.5,0.5,0.5,0.5,0.5,0.5,0.5,synthetic,synthetic,synthetic,synthetic,synthetic,0.0,0.0,0.0,0.0,0.0,-110.0,-110.0,-110.0,-110.0,-110.0,-110.0,-110.0,-110.0,-110.0,-110.0,0.0,0.0,0.0,0.0,0.0,2026-08-26T14:02:39.082451+00:00,0.16680009812904462,1.2135591463527469,-0.034309288969524454,-0.22560372588256322,0.3633085293323911,0.6,0.6,0.0,0.0,0.6,1.0,1.0,0.0,0.0,1.0,batter_pitcher_profile_network_v2,1.0,0.95,0.43571067811865477,1.0,0.8005441698339415,0.08407101210120993,-0.3913070582595454,0.1111111111111111,48.0,21.812579247662015,-0.09201354328602333,0.0611979509874154,0.00611979509874154,0.3761566006600659,-0.2736685940819281,0.1111111111111111,48.0,23.09334231998578,-0.2344449410796054,-0.32999491862866515,-0.05279918698058642,0.2576732673267325,-0.21226056827652756,0.1111111111111111,48.0,23.188506163022396,-0.2016752236647783,-0.15277668848139808,-0.007638834424069905,0.5763805555555557,-0.15158386253830392,0.1111111111111111,48.0,23.659592403382337,-0.5786087867229739,-0.5481490353025296,-0.01370372588256324,0.698811111111111,-0.20619280168443208,0.1111111111111111,48.0,22.91384224342123,-0.265997426920668,-0.20104471314701725,-0.012062682788821034
2026-08-19,Griffin_Conine,665052,hitter,MIA,PHI,2026,823424,70,146,143,0,605400.0,Aaron_Nola,0.0,0.0,0.0,0.0,0.0,4.0,4.0,0.0,3.0,4.0,0.11428571428571428,0.0,0.0,0.0,0.0,10.0,3.3000000000000003,12.699999999999998,3.857142857142857,1.08,0.0,85.0,0,1.0,-0.8660254037844384,-0.5000000000000004,0.9749279121818236,-0.22252093395631434,0.5,1.5,0.5,0.5,0.5,0.5,1.5,0.5,0.5,0.5,synthetic,synthetic,synthetic,synthetic,synthetic,0.0,0.0,0.0,0.0,0.0,-110.0,-110.0,-110.0,-110.0,-110.0,-110.0,-110.0,-110.0,-110.0,-110.0,0.0,0.0,0.0,0.0,0.0,2026-08-26T14:02:39.082451+00:00,0.38607474100538364,0.0461473665744343,0.04119227493377953,-0.24329374575498408,0.23595942514504797,0.8,1.4,0.4,0.2,0.8,2.0,5.0,2.0,1.0,1.0,batter_pitcher_profile_network_v2,1.0,1.0,0.35979669719011714,1.0,0.8246749045942107,0.14282810140237326,0.22402214318960634,0.01481481481481481,49.0,24.677325851931172,-0.11494144180142543,0.030556933863358927,0.003055693386335893,0.4153279935275081,0.4193127087930848,-0.061728395061728385,49.0,22.892253352439653,-0.22677687102757726,-0.2706414589097859,-0.04330263342556575,0.3176779935275081,0.4179512004552218,-0.1111111111111111,49.0,23.484338555334155,-0.1777553860208962,-0.16829735846726906,-0.008414867923363453,0.5763805555555557,0.5842739919789255,-0.1111111111111111,49.0,20.675432743356946,-0.49580310192582183,-0.35574983019936285,-0.008893745754984072,0.7113111111111111,0.4855489143195286,-0.1111111111111111,49.0,22.54705375004941,-0.24514947517639088,-0.03829529520158215,-0.002297717712094929
2026-08-21,Griffin_Conine,665052,hitter,MIA,WSH,2026,823830,71,146,120,1,695418.0,Brad_Lord,0.0,0.0,0.0,0.0,0.0,4.0,3.0,1.0,2.0,3.0,0.10526315789473684,0.1725,0.1725,0.0,0.0,20.7,10.125,9.0,2.033717834960071,1.0766666666666667,0.0,72.0,0,2.0,-0.8660254037844384,-0.5000000000000004,-0.433883739117558,-0.9009688679024191,0.5,1.5,0.5,0.5,0.5,0.5,1.5,0.5,0.5,0.5,synthetic,synthetic,synthetic,synthetic,synthetic,0.0,0.0,0.0,0.0,0.0,-110.0,-110.0,-110.0,-110.0,-110.0,-110.0,-110.0,-110.0,-110.0,-110.0,0.0,0.0,0.0,0.0,0.0,2026-08-26T14:02:39.082451+00:00,0.14147527484110112,-0.5898310810277636,-0.23004835829286902,-0.3442801440880119,0.014605621372291377,0.8,1.4,0.4,0.2,0.8,0.0,0.0,0.0,0.0,0.0,batter_pitcher_profile_network_v2,1.0,0.2,0.8273244067516454,1.0,0.5684805520345847,0.03611931216931215,0.37051219512195105,0.018518518518518514,51.0,24.852304313800037,-0.11009125749631508,0.01923052670768511,0.001923052670768511,0.3424912698412699,0.04507012195121937,-0.05185185185185184,51.0,27.019250678170724,-0.15958294906075104,-0.28408405905510115,-0.045453449448816186,0.26428571428571423,0.6454420731707317,0.1111111111111111,51.0,21.804864891666202,-0.17078979834078764,-0.039816579764820115,-0.001990828988241006,0.5122601851851852,-0.2640000000000001,-0.1111111111111111,51.0,24.356310343087504,-0.22766899877366062,-0.3525390968538063,-0.008813477421345159,0.6934407407407407,0.5072560975609756,-0.1111111111111111,51.0,23.908032911629142,-0.24828893948707215,-0.22699573433204503,-0.013619744059922702
2026-08-22,Griffin_Conine,665052,hitter,MIA,WSH,2026,823831,72,146,120,1,663623.0,Jake_Irvin,0.0,0.0,1.0,0.0,0.0,4.0,3.0,1.0,1.0,2.0,0.12121212121212122,0.1725,0.1725,0.0,0.0,20.7,7.625,8.2875,2.7569321206743567,1.0766666666666667,0.0,72.0,0,1.0,-0.8660254037844384,-0.5000000000000004,-0.9749279121818236,-0.2225209339563146,0.5,1.5,0.5,0.5,0.5,0.5,1.5,0.5,0.5,0.5,synthetic,synthetic,synthetic,synthetic,synthetic,0.0,0.0,0.0,0.0,0.0,-110.0,-110.0,-110.0,-110.0,-110.0,-110.0,-110.0,-110.0,-110.0,-110.0,0.0,0.0,0.0,0.0,0.0,2026-08-26T14:02:39.082451+00:00,0.09158824770337715,-0.6740382578877789,-0.16547198880227743,-0.33931067483901883,-0.049567423226845986,0.6,1.2,0.4,0.2,0.6,0.0,0.0,0.0,0.0,0.0,batter_pitcher_profile_network_v2,1.0,0.85,0.47505678886386316,0.0,0.7480347118595503,0.006694548286604189,0.10664564578824892,0.0,52.0,27.04062711770856,-0.07481715406456386,0.0003747802791821241,3.7478027918212416e-05,0.32150747663551393,0.16988735264800323,0.0,52.0,26.883533850836947,-0.1152686770954388,-0.14423058907134523,-0.023076894251415236,0.2514408099688472,0.3929959677723155,0.0,52.0,25.51520755241372,-0.12528973249789027,-0.0734173512653592,-0.00367086756326796,0.45210277777777785,0.2812256091321531,0.0,52.0,25.93870222588478,-0.2205031181066541,-0.15376032689408548,-0.0038440081723521372,0.6745333333333333,0.3802191906349476,0.0,52.0,25.480466258157186,-0.10638736099181124,0.05484193656636073,0.0032905161939816435
2026-08-23,Griffin_Conine,665052,hitter,MIA,WSH,2026,823827,73,146,120,1,800600.0,Jackson_Kent,1.0,1.0,1.0,0.0,0.0,4.0,3.0,1.0,2.0,8.0,0.10810810810810811,0.395,0.395,0.0,0.0,47.400000000000006,9.511363636363637,10.431818181818182,1.6548913043478262,1.0766666666666667,0.0,72.0,0,1.0,-0.8660254037844384,-0.5000000000000004,-0.7818314824680299,0.6234898018587334,0.5,1.5,0.5,0.5,0.5,0.5,1.5,0.5,0.5,0.5,synthetic,synthetic,synthetic,synthetic,synthetic,0.0,0.0,0.0,0.0,0.0,-110.0,-110.0,-110.0,-110.0,-110.0,-110.0,-110.0,-110.0,-110.0,-110.0,0.0,0.0,0.0,0.0,0.0,2026-08-26T14:02:39.082451+00:00,-0.07858637537238516,-0.5919115222039694,0.09116208571928108,-0.3398763258422486,-0.19505943031551304,0.6,1.2,0.6,0.2,0.4,0.0,0.0,1.0,0.0,0.0,batter_pitcher_profile_network_v2,1.0,0.1,0.8457582521472478,0.0,0.5246394614111962,0.07456578400830717,0.3680464185867155,0.0,53.0,25.609981416136133,-0.07857380745720854,0.004232959590253197,0.0004232959590253197,0.36656978193146406,0.21034029451460523,0.0,53.0,27.318795489116727,-0.11945171226806654,-0.16728485161264595,-0.026765576258023352,0.3065031152647974,0.7244165742793792,0.0,53.0,21.095362265670747,-0.15022112525945522,-0.11597391428653152,-0.005798695714326577,0.44988055555555556,0.018953099392654008,0.0,53.0,27.175146964356966,-0.17770152947415924,-0.17638636702327465,-0.0044096591755818666,0.6773111111111111,0.6402549889135256,0.0,53.0,22.64778942616295,-0.14338585621139596,-0.04065217780065933,-0.0024391306680395597
2026-08-24,Griffin_Conine,665052,hitter,MIA,BOS,2026,823828,74,146,111,1,624133.0,Ranger_Suarez,0.0,0.0,0.0,0.0,0.0,2.0,2.0,0.0,0.0,8.0,0.046511627906976744,0.0,0.0,0.0,0.0,10.0,5.8500000000000005,5.8875,1.26055900621118,1.0766666666666667,0.0,72.0,0,1.0,-0.8660254037844384,-0.5000000000000004,0.0,1.0,0.5,2.5,0.5,0.5,0.5,0.5,1.5,0.5,0.5,0.5,real,real,real,real,real,1.0,1.0,1.0,1.0,1.0,-125.0,410.0,185.0,600.0,240.0,0.0,0.0,0.0,0.0,0.0,0.7071067811865476,1.2909944487358056,0.7071067811865476,0.0,0.7071067811865476,2026-08-24T13:15:18.979782+00:00,0.18070683910385898,-1.6943943443893095,-0.09978716527073267,-0.3399524918502952,-0.5,0.6,1.2,0.8,0.2,0.2,1.0,1.0,1.0,0.0,0.0,batter_pitcher_profile_network_v2,1.0,1.0,0.4105207590346745,0.0,0.7997112070182524,0.0822324506749739,-0.24327948717948733,0.0,53.0,26.25264689996895,-0.0374578719206365,-0.011792808345107209,-0.001179280834510721,0.3723197819314641,-0.37793372285609134,0.0,53.0,24.15865543499602,-0.045681394196127253,-0.15146901289829878,-0.024235042063727806,0.3065031152647974,-0.27507331162989057,0.0,53.0,24.779876031105783,-0.15369585261144642,-0.20339533488164802,-0.010169766744082402,0.4575472222222223,-0.49928424733161575,0.0,53.0,21.354271980014737,-0.04476876165143116,-0.17943300734513956,-0.004485825183628489,0.6849777777777778,-0.30739994333152226,0.0,53.0,23.96496337426464,-0.03468645636279037,-0.15013684688311954,-0.009008210812987172
2026-08-25,Griffin_Conine,665052,hitter,MIA,BOS,2026,823826,75,146,111,1,801139.0,Payton_Tolle,1.0,1.0,0.0,0.0,0.0,5.0,5.0,0.0,2.0,7.0,0.1111111111111111,0.178,0.178,0.0,0.0,21.36,2.3000000000000003,12.1,1.26055900621118,1.0766666666666667,0.0,72.0,0,1.0,-0.8660254037844384,-0.5000000000000004,0.7818314824680298,0.6234898018587336,0.5,0.5,0.5,0.5,0.5,0.5,0.5,0.5,0.5,0.5,synthetic,synthetic,synthetic,synthetic,synthetic,0.0,0.0,0.0,0.0,0.0,-110.0,-110.0,-110.0,-110.0,-110.0,-110.0,-110.0,-110.0,-110.0,-110.0,0.0,0.0,0.0,0.0,0.0,2026-08-26T14:02:39.082451+00:00,-0.44698565190590217,-0.3003319209046936,-0.3067870923742478,-0.480303724108098,-0.5,0.2,0.2,0.4,0.0,0.0,0.0,0.0,0.0,0.0,0.0,batter_pitcher_profile_network_v2,1.0,1.0,0.41949180599303815,0.0,0.7986122537658529,0.08665929419986002,-0.24013076369511382,0.0,54.0,27.08099455766891,-0.029437555334579882,-0.012080121543494044,-0.0012080121543494044,0.3735734800838573,-0.21917771097779953,0.0,54.0,27.026882767019256,-0.055042613358314764,-0.13009533898766817,-0.02081525423802691,0.30220125786163504,-0.1563182857071047,0.0,54.0,27.022059574050985,-0.1818778889342559,-0.20930085369613574,-0.010465042684806788,0.3958574074074075,-0.19295075870014222,0.0,54.0,26.509935877685407,-0.149142508781494,-0.19348229765725392,-0.004837057441431349,0.6521074074074074,-0.15979939561310616,0.0,54.0,26.610099109290246,-0.07418911915926364,-0.1161344907775041,-0.006968069446650246
