Date,Player,Player_MLBAM_ID,Player_Type,Team,Opponent,Season,Game_ID,Game_Index,Team_ID,Opponent_ID,Is_Home,Opp_Starter_ID,Opp_Starter_Player,H,TB,R,HR,RBI,PA,AB,BB,SO,Batting_Order,Team_PA_share,wOBA,xwOBA,ISO,Barrel%,HardHit%,Opp_Pitcher_ERA_3,Opp_Pitcher_K9_3,Opp_Bullpen_ERA_7,Park_Factor,Wind_Out_MPH,Temp_F,Did_Not_Play,Rest_Days,Month_sin,Month_cos,DayOfWeek_sin,DayOfWeek_cos,Market_H,Market_TB,Market_R,Market_HR,Market_RBI,Synthetic_Market_H,Synthetic_Market_TB,Synthetic_Market_R,Synthetic_Market_HR,Synthetic_Market_RBI,Market_Source_H,Market_Source_TB,Market_Source_R,Market_Source_HR,Market_Source_RBI,Market_H_books,Market_TB_books,Market_R_books,Market_HR_books,Market_RBI_books,Market_H_over_price,Market_TB_over_price,Market_R_over_price,Market_HR_over_price,Market_RBI_over_price,Market_H_under_price,Market_TB_under_price,Market_R_under_price,Market_HR_under_price,Market_RBI_under_price,Market_H_line_std,Market_TB_line_std,Market_R_line_std,Market_HR_line_std,Market_RBI_line_std,Market_Fetched_At_UTC,H_market_gap,TB_market_gap,R_market_gap,HR_market_gap,RBI_market_gap,H_rolling_avg,TB_rolling_avg,R_rolling_avg,HR_rolling_avg,RBI_rolling_avg,H_lag1,TB_lag1,R_lag1,HR_lag1,RBI_lag1,Matchup_Network_Version,Matchup_Network_Batter_Support,Matchup_Network_Pitcher_Support,Pitcher_Profile_Uncertainty,Batter_Vs_Starter_Games,Matchup_Network_Confidence,Batter_Profile_H_Strength,Pitcher_Profile_H_Vulnerability,Batter_Vs_Starter_H_Lift,Archetype_Neighbor_H_Games,Archetype_Neighbor_H_Effective_Support,Archetype_Neighbor_H_Lift,Matchup_Network_H_Score,Matchup_Network_H_Adjustment,Batter_Profile_TB_Strength,Pitcher_Profile_TB_Vulnerability,Batter_Vs_Starter_TB_Lift,Archetype_Neighbor_TB_Games,Archetype_Neighbor_TB_Effective_Support,Archetype_Neighbor_TB_Lift,Matchup_Network_TB_Score,Matchup_Network_TB_Adjustment,Batter_Profile_R_Strength,Pitcher_Profile_R_Vulnerability,Batter_Vs_Starter_R_Lift,Archetype_Neighbor_R_Games,Archetype_Neighbor_R_Effective_Support,Archetype_Neighbor_R_Lift,Matchup_Network_R_Score,Matchup_Network_R_Adjustment,Batter_Profile_HR_Strength,Pitcher_Profile_HR_Vulnerability,Batter_Vs_Starter_HR_Lift,Archetype_Neighbor_HR_Games,Archetype_Neighbor_HR_Effective_Support,Archetype_Neighbor_HR_Lift,Matchup_Network_HR_Score,Matchup_Network_HR_Adjustment,Batter_Profile_RBI_Strength,Pitcher_Profile_RBI_Vulnerability,Batter_Vs_Starter_RBI_Lift,Archetype_Neighbor_RBI_Games,Archetype_Neighbor_RBI_Effective_Support,Archetype_Neighbor_RBI_Lift,Matchup_Network_RBI_Score,Matchup_Network_RBI_Adjustment
2026-03-02,Alex_Freeland,690976,hitter,LAD,COL,2026,831808,0,119,115,0,623474.0,Jimmy_Herget,0.0,0.0,0.0,0.0,0.0,3.0,2.0,1.0,0.0,2.0,0.07692307692307693,0.22999999999999998,0.22999999999999998,0.0,0.0,27.599999999999998,4.1,8.2,10.5,1.0611111111111111,8.0,85.0,0,2.0,1.0,6.123233995736766e-17,0.0,1.0,0.5,0.5,0.5,0.5,0.5,0.5,0.5,0.5,0.5,0.5,synthetic,synthetic,synthetic,synthetic,synthetic,0.0,0.0,0.0,0.0,0.0,-110.0,-110.0,-110.0,-110.0,-110.0,-110.0,-110.0,-110.0,-110.0,-110.0,0.0,0.0,0.0,0.0,0.0,2026-08-07T03:26:40.888653+00:00,-0.014256410256410168,-0.42491666666666666,-0.05482692307692305,-0.48044444444444445,-0.10853846153846153,0.0,0.0,0.0,0.0,0.0,0.0,0.0,0.0,0.0,0.0,,0.0,0.0,1.0,0.0,0.0,0.0,0.0,0.0,0.0,0.0,0.0,0.0,0.0,0.0,0.0,0.0,0.0,0.0,0.0,0.0,0.0,0.0,0.0,0.0,0.0,0.0,0.0,0.0,0.0,0.0,0.0,0.0,0.0,0.0,0.0,0.0,0.0,0.0,0.0,0.0,0.0,0.0,0.0,0.0,0.0
2026-03-03,Alex_Freeland,690976,hitter,LAD,CLE,2026,831811,1,119,114,0,676282.0,Joey_Cantillo,0.0,0.0,1.0,0.0,0.0,3.0,1.0,2.0,0.0,4.0,0.07692307692307693,0.45999999999999996,0.45999999999999996,0.0,0.0,55.199999999999996,4.1,8.2,4.6514423076923075,1.08,-5.0,82.0,0,1.0,1.0,6.123233995736766e-17,0.7818314824680298,0.6234898018587336,0.5,0.5,0.5,0.5,0.5,0.5,0.5,0.5,0.5,0.5,synthetic,synthetic,synthetic,synthetic,synthetic,0.0,0.0,0.0,0.0,0.0,-110.0,-110.0,-110.0,-110.0,-110.0,-110.0,-110.0,-110.0,-110.0,-110.0,0.0,0.0,0.0,0.0,0.0,2026-08-07T03:26:40.888653+00:00,-0.2531320512820512,-0.31234999999999996,-0.24075480769230773,-0.4744,-0.3319663461538461,0.0,0.0,0.0,0.0,0.0,0.0,0.0,0.0,0.0,0.0,batter_pitcher_profile_network_v2,0.03333333333333333,0.0,1.0,0.0,0.016666666666666666,-0.015555555555555559,0.0,0.0,0.0,0.0,0.0,0.0,0.0,-0.33666666666666667,0.0,0.0,0.0,0.0,0.0,0.0,0.0,0.03749999999999998,0.0,0.0,0.0,0.0,0.0,0.0,0.0,-0.8718055555555556,0.0,0.0,0.0,0.0,0.0,0.0,0.0,-0.6530555555555555,0.0,0.0,0.0,0.0,0.0,0.0,0.0
2026-03-05,Alex_Freeland,690976,hitter,LAD,CIN,2026,831810,2,119,113,0,683742.0,Jose_Franco,0.0,0.0,0.0,0.0,0.0,4.0,3.0,1.0,0.0,2.0,0.08163265306122448,0.1725,0.1725,0.0,0.0,20.7,4.1,8.2,9.321428571428571,1.08,12.0,76.0,0,2.0,1.0,6.123233995736766e-17,0.43388373911755823,-0.900968867902419,0.5,0.5,0.5,0.5,0.5,0.5,0.5,0.5,0.5,0.5,synthetic,synthetic,synthetic,synthetic,synthetic,0.0,0.0,0.0,0.0,0.0,-110.0,-110.0,-110.0,-110.0,-110.0,-110.0,-110.0,-110.0,-110.0,-110.0,0.0,0.0,0.0,0.0,0.0,2026-08-07T03:26:40.888653+00:00,-0.08740952380952371,-0.43658214285714286,0.32055357142857144,-0.4744,-0.1791785714285714,0.0,0.0,0.5,0.0,0.0,0.0,0.0,1.0,0.0,0.0,batter_pitcher_profile_network_v2,0.06666666666666667,0.0,1.0,0.0,0.03333333333333333,0.6190277777777776,0.0,0.0,0.0,0.0,0.0,0.0,0.0,0.1908333333333332,0.0,0.0,0.0,0.0,0.0,0.0,0.0,0.5937499999999998,0.0,0.0,0.0,0.0,0.0,0.0,0.0,-0.7184722222222222,0.0,0.0,0.0,0.0,0.0,0.0,0.0,-0.055972222222222354,0.0,0.0,0.0,0.0,0.0,0.0,0.0
2026-03-06,Alex_Freeland,690976,hitter,LAD,KC,2026,831842,3,119,118,1,687765.0,Mitch_Spence,0.0,0.0,0.0,0.0,0.0,3.0,3.0,0.0,0.0,6.0,0.07894736842105263,0.0,0.0,0.0,0.0,10.0,0.0,9.0,3.5113636363636367,1.0611111111111111,0.0,70.0,0,1.0,1.0,6.123233995736766e-17,-0.433883739117558,-0.9009688679024191,0.5,0.5,0.5,0.5,0.5,0.5,0.5,0.5,0.5,0.5,synthetic,synthetic,synthetic,synthetic,synthetic,0.0,0.0,0.0,0.0,0.0,-110.0,-110.0,-110.0,-110.0,-110.0,-110.0,-110.0,-110.0,-110.0,-110.0,0.0,0.0,0.0,0.0,0.0,2026-08-07T03:26:40.888653+00:00,-0.40082615629984053,-0.5,-0.3548748006379585,-0.48044444444444445,-0.5,0.0,0.0,0.3333333333333333,0.0,0.0,0.0,0.0,0.0,0.0,0.0,batter_pitcher_profile_network_v2,0.1,0.0,1.0,0.0,0.05,0.29079861111111105,0.0,0.0,0.0,0.0,0.0,0.0,0.0,-0.08229166666666676,0.0,0.0,0.0,0.0,0.0,0.0,0.0,0.2911458333333332,0.0,0.0,0.0,0.0,0.0,0.0,0.0,-0.7951388888888888,0.0,0.0,0.0,0.0,0.0,0.0,0.0,-0.37170138888888893,0.0,0.0,0.0,0.0,0.0,0.0,0.0
2026-03-08,Alex_Freeland,690976,hitter,LAD,ATH,2026,831812,4,119,133,0,682052.0,Jacob_Lopez,1.0,1.0,1.0,0.0,0.0,3.0,3.0,0.0,0.0,6.0,0.07894736842105263,0.2966666666666667,0.2966666666666667,0.0,0.0,35.6,4.1,8.2,6.986895161290323,1.0611111111111111,0.0,85.0,0,2.0,1.0,6.123233995736766e-17,-0.7818314824680299,0.6234898018587334,0.5,0.5,0.5,0.5,0.5,0.5,0.5,0.5,0.5,0.5,synthetic,synthetic,synthetic,synthetic,synthetic,0.0,0.0,0.0,0.0,0.0,-110.0,-110.0,-110.0,-110.0,-110.0,-110.0,-110.0,-110.0,-110.0,-110.0,0.0,0.0,0.0,0.0,0.0,2026-08-07T03:26:40.888653+00:00,-0.15180489530277302,-0.3927061403508772,-0.07126489105829081,-0.48044444444444445,-0.2618131366723259,0.0,0.0,0.25,0.0,0.0,0.0,0.0,0.0,0.0,0.0,batter_pitcher_profile_network_v2,0.13333333333333333,0.0,1.0,0.0,0.06666666666666667,-0.00694444444444442,0.0,0.0,0.0,0.0,0.0,0.0,0.0,-0.3302083333333333,0.0,0.0,0.0,0.0,0.0,0.0,0.0,-0.05625000000000002,0.0,0.0,0.0,0.0,0.0,0.0,0.0,-0.8631944444444444,0.0,0.0,0.0,0.0,0.0,0.0,0.0,-0.7006944444444444,0.0,0.0,0.0,0.0,0.0,0.0,0.0
2026-03-09,Alex_Freeland,690976,hitter,LAD,MIL,2026,831802,5,119,158,0,676879.0,Aaron_Ashby,0.0,0.0,0.0,0.0,0.0,3.0,3.0,0.0,1.0,1.0,0.07894736842105263,0.0,0.0,0.0,0.0,10.0,0.0,4.5,2.3845327604726103,1.0722222222222222,-6.0,77.0,0,1.0,1.0,6.123233995736766e-17,0.0,1.0,0.5,0.5,0.5,0.5,0.5,0.5,0.5,0.5,0.5,0.5,synthetic,synthetic,synthetic,synthetic,synthetic,0.0,0.0,0.0,0.0,0.0,-110.0,-110.0,-110.0,-110.0,-110.0,-110.0,-110.0,-110.0,-110.0,-110.0,0.0,0.0,0.0,0.0,0.0,2026-08-07T03:26:40.888653+00:00,0.09310060866451841,-0.2568728070175439,-0.17854967776584313,-0.4768888888888889,-0.5,0.2,0.2,0.4,0.0,0.0,1.0,1.0,1.0,0.0,0.0,batter_pitcher_profile_network_v2,0.16666666666666666,0.0,1.0,0.0,0.08333333333333333,0.00911111111111114,0.0,0.0,0.0,0.0,0.0,0.0,0.0,-0.31816666666666665,0.0,0.0,0.0,0.0,0.0,0.0,0.0,-0.08750000000000002,0.0,0.0,0.0,0.0,0.0,0.0,0.0,-0.8471388888888889,0.0,0.0,0.0,0.0,0.0,0.0,0.0,-0.7033888888888888,0.0,0.0,0.0,0.0,0.0,0.0,0.0
2026-03-13,Alex_Freeland,690976,hitter,LAD,SEA,2026,831801,6,119,136,0,807739.0,Kade_Anderson,0.0,0.0,0.0,0.0,0.0,3.0,2.0,1.0,1.0,6.0,0.06976744186046512,0.22999999999999998,0.22999999999999998,0.0,0.0,27.599999999999998,0.0,6.0,7.1641656662665065,1.0722222222222222,0.0,87.0,0,4.0,1.0,6.123233995736766e-17,-0.433883739117558,-0.9009688679024191,0.5,0.5,0.5,0.5,0.5,0.5,0.5,0.5,0.5,0.5,synthetic,synthetic,synthetic,synthetic,synthetic,0.0,0.0,0.0,0.0,0.0,-110.0,-110.0,-110.0,-110.0,-110.0,-110.0,-110.0,-110.0,-110.0,-110.0,0.0,0.0,0.0,0.0,0.0,2026-08-07T03:26:40.888653+00:00,0.10243917169017358,-0.30382600324392767,-0.014666221192488671,-0.47706015548726854,-0.28422965874395284,0.2,0.2,0.4,0.0,0.0,0.0,0.0,0.0,0.0,0.0,batter_pitcher_profile_network_v2,0.2,0.05,0.9425,0.0,0.1117271875,-0.027592592592592585,-0.5965,0.0,0.0,0.0,0.0,-0.000189278287037037,-1.89278287037037e-05,-0.34569444444444447,-0.6739999999999999,0.0,0.0,0.0,0.0,-0.002679477638888889,-0.00042871642222222224,-0.05625000000000002,-0.9733333333333332,0.0,0.0,0.0,0.0,-0.0006296250000000002,-3.148125000000001e-05,-0.8838425925925926,-0.6739999999999999,0.0,0.0,0.0,0.0,-0.006850663935185184,-0.00017126659837962962,-0.7213425925925925,-0.9733333333333332,0.0,0.0,0.0,0.0,-0.00807422808641975,-0.00048445368518518504
2026-03-14,Alex_Freeland,690976,hitter,LAD,CWS,2026,831809,7,119,145,0,678024.0,Mike_Vasil,0.0,0.0,0.0,0.0,1.0,3.0,2.0,0.0,1.0,6.0,0.07692307692307693,0.0,0.0,0.0,0.0,10.0,0.0,3.0,3.8105983302411874,1.0611111111111111,0.0,88.0,0,1.0,1.0,6.123233995736766e-17,-0.9749279121818236,-0.2225209339563146,0.5,0.5,0.5,0.5,0.5,0.5,0.5,0.5,0.5,0.5,synthetic,synthetic,synthetic,synthetic,synthetic,0.0,0.0,0.0,0.0,0.0,-110.0,-110.0,-110.0,-110.0,-110.0,-110.0,-110.0,-110.0,-110.0,-110.0,0.0,0.0,0.0,0.0,0.0,2026-08-07T03:26:40.888653+00:00,0.1281675229532372,-0.40441666666666665,-0.4277970065648637,-0.48044444444444445,-0.5,0.2,0.2,0.2,0.0,0.0,0.0,0.0,0.0,0.0,0.0,batter_pitcher_profile_network_v2,0.23333333333333334,0.0,1.0,0.0,0.11666666666666667,-0.025873015873015853,0.0,0.0,0.0,0.0,0.0,0.0,0.0,-0.3444047619047619,0.0,0.0,0.0,0.0,0.0,0.0,0.0,-0.0785714285714286,0.0,0.0,0.0,0.0,0.0,0.0,0.0,-0.8821230158730159,0.0,0.0,0.0,0.0,0.0,0.0,0.0,-0.733015873015873,0.0,0.0,0.0,0.0,0.0,0.0,0.0
2026-03-15,Alex_Freeland,690976,hitter,LAD,TEX,2026,831727,8,119,140,1,657022.0,Trey_Supak,0.0,0.0,0.0,0.0,0.0,3.0,3.0,0.0,1.0,7.0,0.09090909090909091,0.0,0.0,0.0,0.0,10.0,0.0,0.0,6.345918367346939,1.0611111111111111,0.0,86.0,0,1.0,1.0,6.123233995736766e-17,-0.7818314824680299,0.6234898018587334,0.5,0.5,0.5,0.5,0.5,0.5,0.5,0.5,0.5,0.5,synthetic,synthetic,synthetic,synthetic,synthetic,0.0,0.0,0.0,0.0,0.0,-110.0,-110.0,-110.0,-110.0,-110.0,-110.0,-110.0,-110.0,-110.0,-110.0,0.0,0.0,0.0,0.0,0.0,2026-08-07T03:26:40.888653+00:00,0.3907412155895005,-0.3896376297939394,-0.2934941583371985,-0.4806193441111111,-0.07338712189022872,0.2,0.2,0.2,0.0,0.2,0.0,0.0,0.0,0.0,1.0,batter_pitcher_profile_network_v2,0.26666666666666666,0.05,0.9425,0.0,0.14506052083333332,-0.10527777777777786,-0.404,0.0,0.0,0.0,0.0,-0.0006521607407407413,-6.521607407407413e-05,-0.39927083333333335,-0.5039999999999999,0.0,0.0,0.0,0.0,-0.0030855649999999993,-0.0004936903999999999,-0.13281250000000006,-0.8399999999999999,0.0,0.0,0.0,0.0,-0.0017106250000000003,-8.553125000000002e-05,-0.9052777777777778,-0.5039999999999999,0.0,0.0,0.0,0.0,-0.0069959866666666655,-0.00017489966666666665,-0.7662152777777776,-0.8399999999999999,0.0,0.0,0.0,0.0,-0.009868852777777774,-0.0005921311666666664
2026-03-17,Alex_Freeland,690976,hitter,LAD,KC,2026,831806,9,119,118,0,592717.0,Aaron_Sanchez,0.0,0.0,0.0,0.0,0.0,3.0,3.0,0.0,2.0,5.0,0.06976744186046512,0.0,0.0,0.0,0.0,10.0,1.5,3.0,5.808842871868082,1.0611111111111111,7.0,91.0,0,2.0,1.0,6.123233995736766e-17,0.7818314824680298,0.6234898018587336,0.5,0.5,0.5,0.5,0.5,0.5,0.5,0.5,0.5,0.5,synthetic,synthetic,synthetic,synthetic,synthetic,0.0,0.0,0.0,0.0,0.0,-110.0,-110.0,-110.0,-110.0,-110.0,-110.0,-110.0,-110.0,-110.0,-110.0,0.0,0.0,0.0,0.0,0.0,2026-08-07T03:26:40.888653+00:00,0.21157852107627373,-0.41223062015503875,-0.3269008796624099,-0.48044444444444445,-0.2845113447786889,0.2,0.2,0.2,0.0,0.2,0.0,0.0,0.0,0.0,0.0,batter_pitcher_profile_network_v2,0.3,0.0,1.0,0.0,0.15,-0.20900132275132258,0.0,0.0,0.0,0.0,0.0,0.0,0.0,-0.46992063492063485,0.0,0.0,0.0,0.0,0.0,0.0,0.0,-0.20992063492063484,0.0,0.0,0.0,0.0,0.0,0.0,0.0,-0.9232870370370371,0.0,0.0,0.0,0.0,0.0,0.0,0.0,-0.7962037037037036,0.0,0.0,0.0,0.0,0.0,0.0,0.0
2026-03-18,Alex_Freeland,690976,hitter,LAD,SF,2026,831761,10,119,137,1,694738.0,Landen_Roupp,0.0,0.0,0.0,0.0,0.0,3.0,2.0,1.0,1.0,9.0,0.08823529411764706,0.22999999999999998,0.22999999999999998,0.0,0.0,27.599999999999998,3.0,9.0,4.787557603686636,1.0611111111111111,0.0,96.0,0,1.0,1.0,6.123233995736766e-17,0.9749279121818236,-0.22252093395631434,0.5,0.5,0.5,0.5,0.5,0.5,0.5,0.5,0.5,0.5,synthetic,synthetic,synthetic,synthetic,synthetic,0.0,0.0,0.0,0.0,0.0,-110.0,-110.0,-110.0,-110.0,-110.0,-110.0,-110.0,-110.0,-110.0,-110.0,0.0,0.0,0.0,0.0,0.0,2026-08-07T03:26:40.888653+00:00,-0.21603827637255624,-0.41638986051502447,-0.3965759200182592,-0.48154880886554785,-0.2464258246300453,0.0,0.0,0.0,0.0,0.2,0.0,0.0,0.0,0.0,0.0,batter_pitcher_profile_network_v2,0.3333333333333333,0.15,0.7981009526419165,0.0,0.20450156166187144,-0.41350089605734797,-0.4479090909090909,0.0,0.0,0.0,0.0,-0.012464628729629596,-0.0012464628729629598,-0.607454301075269,-0.5849431818181818,0.0,0.0,0.0,0.0,-0.023913343905177447,-0.0038261350248283916,-0.3401209677419357,-0.3322588383838383,0.0,0.0,0.0,0.0,-0.0076054158165257185,-0.00038027079082628596,-0.9376944444444445,-0.7,0.0,0.0,0.0,0.0,-0.04417457684413682,-0.0011043644211034206,-0.8126944444444444,-0.4779343434343434,0.0,0.0,0.0,0.0,-0.02614017827883607,-0.0015684106967301641
2026-03-22,Alex_Freeland,690976,hitter,LAD,LAA,2026,831804,11,119,108,0,691946.0,George_Klassen,0.0,0.0,1.0,0.0,0.0,4.0,2.0,2.0,0.0,9.0,0.08695652173913043,0.345,0.345,0.0,0.0,41.4,4.454545454545454,6.8181818181818175,3.3102433281004715,1.08,8.0,74.0,0,4.0,1.0,6.123233995736766e-17,-0.7818314824680299,0.6234898018587334,0.5,0.5,0.5,0.5,0.5,0.5,0.5,0.5,0.5,0.5,synthetic,synthetic,synthetic,synthetic,synthetic,0.0,0.0,0.0,0.0,0.0,-110.0,-110.0,-110.0,-110.0,-110.0,-110.0,-110.0,-110.0,-110.0,-110.0,0.0,0.0,0.0,0.0,0.0,2026-08-07T03:26:40.888653+00:00,-0.2602732708285503,-0.35314347826086956,-0.4084226162036721,-0.4744,-0.28572696402975906,0.0,0.0,0.0,0.0,0.2,0.0,0.0,0.0,0.0,0.0,batter_pitcher_profile_network_v2,0.36666666666666664,0.1,0.7368706954824858,0.0,0.20930666731367287,-0.4537633689839571,0.44465725806451595,0.0,0.0,0.0,0.0,0.0,0.0,-0.6337967914438501,0.6250201612903226,0.0,0.0,0.0,0.0,0.0,0.0,-0.3965240641711229,0.7074260752688172,0.0,0.0,0.0,0.0,0.0,0.0,-0.9317045454545455,0.8724999999999999,0.0,0.0,0.0,0.0,0.0,0.0,-0.8220454545454545,0.7299731182795699,0.0,0.0,0.0,0.0,0.0,0.0
2026-03-24,Alex_Freeland,690976,hitter,LAD,LAA,2026,831820,12,119,108,1,686799.0,Jack_Kochanowicz,1.0,1.0,0.0,0.0,0.0,3.0,3.0,0.0,0.0,9.0,0.0967741935483871,0.2966666666666667,0.2966666666666667,0.0,0.0,35.6,1.3499999999999999,7.1000000000000005,4.424529042386186,1.08,0.0,80.0,0,2.0,1.0,6.123233995736766e-17,0.7818314824680298,0.6234898018587336,0.5,0.5,0.5,0.5,0.5,0.5,0.5,0.5,0.5,0.5,synthetic,synthetic,synthetic,synthetic,synthetic,0.0,0.0,0.0,0.0,0.0,-110.0,-110.0,-110.0,-110.0,-110.0,-110.0,-110.0,-110.0,-110.0,-110.0,0.0,0.0,0.0,0.0,0.0,2026-08-07T03:26:40.888653+00:00,-0.18868214733256106,-0.3641725806451612,-0.09911041623367306,-0.4744,-0.2334430861109884,0.0,0.0,0.2,0.0,0.2,0.0,0.0,1.0,0.0,0.0,batter_pitcher_profile_network_v2,0.4,0.1,0.7113666395337801,0.0,0.2262857586657112,-0.35472465886939586,-0.3226470588235294,0.0,0.0,0.0,0.0,-0.013213735441375156,-0.0013213735441375157,-0.5662902046783627,0.05734558823529415,0.0,0.0,0.0,0.0,0.0,0.0,-0.3636513157894738,-0.09004166666666655,0.0,0.0,0.0,0.0,-0.003780377812335921,-0.00018901889061679605,-0.9139351851851851,0.4590000000000001,0.0,0.0,0.0,0.0,0.0,0.0,-0.8170601851851851,-0.08409803921568618,0.0,0.0,0.0,0.0,-0.007933164053349548,-0.00047598984320097287
2026-03-27,Alex_Freeland,690976,hitter,LAD,AZ,2026,823971,13,119,109,1,669194.0,Ryne_Nelson,2.0,6.0,2.0,1.0,1.0,3.0,3.0,0.0,0.0,9.0,0.0967741935483871,1.1233333333333333,1.1233333333333333,1.3333333333333333,30.0,65.0,3.4499999999999997,12.299999999999999,4.032052821128452,1.08,2.0,67.0,0,3.0,1.0,6.123233995736766e-17,-0.433883739117558,-0.9009688679024191,0.5,0.5,0.5,0.5,0.5,0.5,0.5,0.5,0.5,0.5,synthetic,synthetic,synthetic,synthetic,synthetic,0.0,0.0,0.0,0.0,0.0,-110.0,-110.0,-110.0,-110.0,-110.0,-110.0,-110.0,-110.0,-110.0,-110.0,0.0,0.0,0.0,0.0,0.0,2026-08-07T03:26:40.888653+00:00,-0.2486197984438389,1.8717716099598598,0.19593984704250522,-0.06606666666666666,-0.1405909073306742,0.2,0.2,0.2,0.0,0.0,1.0,1.0,0.0,0.0,0.0,batter_pitcher_profile_network_v2,0.43333333333333335,0.2,0.7375281631944188,0.0,0.2685972266684034,-0.29410074004586223,-0.2670550847457627,0.0,0.0,0.0,0.0,-0.008933091384394501,-0.0008933091384394501,-0.5250343964978113,-0.00584110169491525,0.0,0.0,0.0,0.0,-0.00034880871861644775,-5.580939497863164e-05,-0.34798311444652924,-0.09177189265536714,0.0,0.0,0.0,0.0,-0.0036322243643702986,-0.00018161121821851493,-0.9038568376068377,0.21719915254237296,0.0,0.0,0.0,0.0,0.0,0.0,-0.8177991452991452,0.02384604519774021,0.0,0.0,0.0,0.0,0.0,0.0
2026-03-28,Alex_Freeland,690976,hitter,LAD,AZ,2026,823973,14,119,109,1,593958.0,Eduardo_Rodriguez,0.0,0.0,0.0,0.0,0.0,1.0,1.0,0.0,0.0,9.0,0.03125,0.0,0.0,0.0,0.0,10.0,10.8,10.8,3.9891956782713085,1.08,0.0,76.0,0,1.0,1.0,6.123233995736766e-17,-0.9749279121818236,-0.2225209339563146,0.5,1.5,0.5,0.5,0.5,0.5,1.5,0.5,0.5,0.5,synthetic,synthetic,synthetic,synthetic,synthetic,0.0,0.0,0.0,0.0,0.0,-110.0,-110.0,-110.0,-110.0,-110.0,-110.0,-110.0,-110.0,-110.0,-110.0,0.0,0.0,0.0,0.0,0.0,2026-08-07T03:26:40.888653+00:00,0.1831186885543188,0.13830260705404052,0.02958478391356545,-0.2345266910277778,-0.2607902160864345,0.6,1.4,0.6,0.2,0.2,2.0,6.0,2.0,1.0,1.0,batter_pitcher_profile_network_v2,0.4666666666666667,0.05,0.9425,0.0,0.24506052083333335,-0.18904874639249636,-0.23650000000000002,0.0,1.0,0.0,0.0,-0.0011997190986689813,-0.00011997190986689814,-0.3108175505050505,-0.354,0.0,1.0,0.0,0.0,-0.0029524559122474743,-0.0004723929459595959,-0.29649959415584426,0.4600000000000002,0.0,1.0,0.0,0.0,0.0,0.0,-0.5334920634920635,-0.354,0.0,1.0,0.0,0.0,-0.00506764111111111,-0.00012669102777777776,-0.602576884920635,0.2600000000000001,0.0,1.0,0.0,0.0,0.0,0.0
2026-03-31,Alex_Freeland,690976,hitter,LAD,CLE,2026,823969,15,119,114,1,676440.0,Tanner_Bibee,0.0,0.0,0.0,0.0,0.0,2.0,2.0,0.0,0.0,9.0,0.05405405405405406,0.0,0.0,0.0,0.0,10.0,10.119327731092437,8.77563025210084,3.0890819706609176,1.08,0.0,66.0,0,3.0,1.0,6.123233995736766e-17,0.7818314824680298,0.6234898018587336,0.5,1.5,0.5,0.5,0.5,0.5,1.5,0.5,0.5,0.5,synthetic,synthetic,synthetic,synthetic,synthetic,0.0,0.0,0.0,0.0,0.0,-110.0,-110.0,-110.0,-110.0,-110.0,-110.0,-110.0,-110.0,-110.0,-110.0,0.0,0.0,0.0,0.0,0.0,2026-08-07T03:26:40.888653+00:00,-0.044692107652478996,-0.6763229729729731,-0.26668779335884596,-0.33440000000000003,-0.4389783338993865,0.6,1.4,0.6,0.2,0.2,0.0,0.0,0.0,0.0,0.0,batter_pitcher_profile_network_v2,0.5,0.25,0.7793775076626512,0.0,0.3136315638278313,-0.21825000000000006,0.5287822964759026,0.0,1.0,0.0,0.0,0.0,0.0,-0.35020370370370374,0.6091329723984454,0.0,1.0,0.0,0.0,0.0,0.0,-0.33888888888888896,0.40320427807486625,0.0,1.0,0.0,0.0,0.0,0.0,-0.5765833333333333,0.6091329723984454,0.0,1.0,0.0,0.0,0.0,0.0,-0.6689444444444445,0.6032042780748663,0.0,1.0,0.0,0.0,0.0,0.0
2026-04-01,Alex_Freeland,690976,hitter,LAD,CLE,2026,823970,16,119,114,1,668909.0,Gavin_Williams,0.0,0.0,0.0,0.0,0.0,3.0,2.0,1.0,2.0,9.0,0.09375,0.22999999999999998,0.22999999999999998,0.0,0.0,27.599999999999998,5.614285714285714,10.5,4.053367684946632,1.08,0.0,68.0,0,1.0,0.8660254037844387,-0.4999999999999998,0.9749279121818236,-0.22252093395631434,0.5,1.5,0.5,0.5,0.5,0.5,1.5,0.5,0.5,0.5,synthetic,synthetic,synthetic,synthetic,synthetic,0.0,0.0,0.0,0.0,0.0,-110.0,-110.0,-110.0,-110.0,-110.0,-110.0,-110.0,-110.0,-110.0,-110.0,0.0,0.0,0.0,0.0,0.0,2026-08-07T03:26:40.888653+00:00,-0.024967490063996844,-0.529475,-0.0419566157526684,-0.33440000000000003,-0.27508161575266843,0.6,1.4,0.6,0.2,0.2,0.0,0.0,0.0,0.0,0.0,batter_pitcher_profile_network_v2,0.5333333333333333,0.25,0.7745820803759653,0.0,0.33044509045515275,-0.20483008274231684,-0.12779455041486304,0.0,2.0,0.0,0.0,-0.003146974618621596,-0.00031469746186215964,-0.3537813977541372,0.04400455447330439,0.0,2.0,0.0,0.0,0.0,0.0,-0.3515070921985816,0.09499234006734003,0.0,2.0,0.0,0.0,0.0,0.0,-0.6142881944444445,0.1971295544733045,0.0,2.0,0.0,0.0,0.0,0.0,-0.7117361111111111,0.1258488215488215,0.0,2.0,0.0,0.0,0.0,0.0
2026-04-03,Alex_Freeland,690976,hitter,LAD,WSH,2026,822758,17,119,120,0,571945.0,Miles_Mikolas,0.0,0.0,0.0,0.0,0.0,5.0,3.0,2.0,2.0,9.0,0.10416666666666667,0.27599999999999997,0.27599999999999997,0.0,0.0,33.12,7.9714285714285715,6.042857142857142,4.863520408163266,1.08,4.0,62.0,0,2.0,0.8660254037844387,-0.4999999999999998,-0.433883739117558,-0.9009688679024191,0.5,1.5,0.5,0.5,0.5,0.5,1.5,0.5,0.5,0.5,synthetic,synthetic,synthetic,synthetic,synthetic,0.0,0.0,0.0,0.0,0.0,-110.0,-110.0,-110.0,-110.0,-110.0,-110.0,-110.0,-110.0,-110.0,-110.0,0.0,0.0,0.0,0.0,0.0,2026-08-07T03:26:40.888653+00:00,0.21792295918367355,-0.49740000000000006,-0.09102397959183672,-0.33440000000000003,-0.20852397959183666,0.6,1.4,0.4,0.2,0.2,0.0,0.0,0.0,0.0,0.0,batter_pitcher_profile_network_v2,0.5666666666666667,0.15,0.7281038326696381,0.0,0.3224544254080287,-0.319877450980392,0.5297778257118205,0.0,3.0,0.0,0.0,0.0,0.0,-0.4405718954248365,0.6316808671268335,0.0,3.0,0.0,0.0,0.0,0.0,-0.4499999999999999,0.751021174863388,0.0,3.0,0.0,0.0,0.0,0.0,-0.6360539215686275,0.8093960310612598,0.0,3.0,0.0,0.0,0.0,0.0,-0.7350490196078432,0.734275956284153,0.0,3.0,0.0,0.0,0.0,0.0
2026-04-04,Alex_Freeland,690976,hitter,LAD,WSH,2026,822757,18,119,120,0,663623.0,Jake_Irvin,1.0,1.0,1.0,0.0,0.0,5.0,5.0,0.0,2.0,8.0,0.10869565217391304,0.178,0.178,0.0,0.0,21.36,3.0,10.799999999999999,5.093112244897959,1.08,5.0,87.0,0,1.0,0.8660254037844387,-0.4999999999999998,-0.9749279121818236,-0.2225209339563146,0.5,1.5,0.5,0.5,0.5,0.5,1.5,0.5,0.5,0.5,synthetic,synthetic,synthetic,synthetic,synthetic,0.0,0.0,0.0,0.0,0.0,-110.0,-110.0,-110.0,-110.0,-110.0,-110.0,-110.0,-110.0,-110.0,-110.0,0.0,0.0,0.0,0.0,0.0,2026-08-07T03:26:40.888653+00:00,-0.025407696109085554,-0.6606069164501536,-0.11851484257541106,-0.33440000000000003,-0.2217377841887903,0.4,1.2,0.4,0.2,0.2,0.0,0.0,0.0,0.0,0.0,batter_pitcher_profile_network_v2,0.6,0.15,0.7574743127549377,0.0,0.338581409503128,-0.3901882716049382,-0.3489814814814815,0.0,3.0,0.0,0.0,-0.019814612673228225,-0.0019814612673228226,-0.49613271604938264,-0.004550925925925913,0.0,3.0,0.0,0.0,-0.00032855390041643535,-5.256862406662966e-05,-0.5291666666666666,-0.20180709876543204,0.0,3.0,0.0,0.0,-0.015539531188788393,-0.0007769765594394197,-0.6519938271604939,0.31200000000000006,0.0,3.0,0.0,0.0,0.0,0.0,-0.758753086419753,-0.0935123456790123,0.0,3.0,0.0,0.0,-0.010324723170167392,-0.0006194833902100435
2026-04-05,Alex_Freeland,690976,hitter,LAD,WSH,2026,822756,19,119,120,0,656492.0,Foster_Griffin,0.0,0.0,0.0,0.0,0.0,3.0,3.0,0.0,2.0,9.0,0.07142857142857142,0.0,0.0,0.0,0.0,10.0,4.0,10.0,5.88061224489796,1.08,-4.0,60.0,0,1.0,0.8660254037844387,-0.4999999999999998,-0.7818314824680299,0.6234898018587334,0.5,0.5,0.5,0.5,0.5,0.5,0.5,0.5,0.5,0.5,synthetic,synthetic,synthetic,synthetic,synthetic,0.0,0.0,0.0,0.0,0.0,-110.0,-110.0,-110.0,-110.0,-110.0,-110.0,-110.0,-110.0,-110.0,-110.0,0.0,0.0,0.0,0.0,0.0,2026-08-07T03:26:40.888653+00:00,-0.12985052632834354,-0.2651217817118955,-0.22295384219140751,-0.4755282136205993,-0.41754983296545994,0.2,0.2,0.2,0.0,0.0,1.0,1.0,1.0,0.0,0.0,batter_pitcher_profile_network_v2,0.6333333333333333,0.2,0.7808351289303834,0.0,0.36753620600787223,-0.45536988304093573,-0.18062499999999998,0.0,3.0,0.0,0.0,-0.011416827909286267,-0.0011416827909286268,-0.5479327485380118,-0.30995312499999994,0.0,3.0,0.0,0.0,-0.023573635699346764,-0.0037717817118954823,-0.5791666666666668,-0.4315052083333332,0.0,3.0,0.0,0.0,-0.03468908872610998,-0.001734454436305499,-0.6731330409356725,-0.48299999999999993,0.0,3.0,0.0,0.0,-0.04512854482397293,-0.0011282136205993233,-0.7761812865497075,-0.3991874999999999,0.0,3.0,0.0,0.0,-0.04300742017263259,-0.0025804452103579557
2026-04-06,Alex_Freeland,690976,hitter,LAD,TOR,2026,822832,20,119,141,0,453286.0,Max_Scherzer,0.0,0.0,0.0,0.0,0.0,5.0,5.0,0.0,1.0,7.0,0.1,0.0,0.0,0.0,0.0,10.0,0.5,7.014285714285715,3.401020408163266,1.08,0.0,68.0,0,1.0,0.8660254037844387,-0.4999999999999998,0.0,1.0,0.5,0.5,0.5,0.5,0.5,0.5,0.5,0.5,0.5,0.5,synthetic,synthetic,synthetic,synthetic,synthetic,0.0,0.0,0.0,0.0,0.0,-110.0,-110.0,-110.0,-110.0,-110.0,-110.0,-110.0,-110.0,-110.0,-110.0,0.0,0.0,0.0,0.0,0.0,2026-08-07T03:26:40.888653+00:00,-0.1456337276579619,-0.381360777022267,-0.43347829112010317,-0.4760194385215293,-0.5,0.2,0.2,0.2,0.0,0.0,0.0,0.0,0.0,0.0,0.0,batter_pitcher_profile_network_v2,0.6666666666666666,0.2,0.6512358067887681,0.0,0.3873780560670085,-0.5444515873015876,-0.502429176755448,0.0,4.0,0.0,0.0,-0.0636025827020687,-0.0063602582702068705,-0.6153575396825399,-0.4897196995532516,0.0,4.0,0.0,0.0,-0.07006735638916875,-0.011210777022267,-0.6452380952380954,-0.5704837357478202,0.0,4.0,0.0,0.0,-0.08558623056532876,-0.004279311528266438,-0.6984694444444444,-0.3988746291307164,0.0,4.0,0.0,0.0,-0.06477754086117302,-0.0016194385215293255,-0.8011777777777779,-0.6598264587525151,0.0,4.0,0.0,0.0,-0.12291340585658928,-0.007374804351395356
2026-04-07,Alex_Freeland,690976,hitter,LAD,TOR,2026,822831,21,119,141,0,592332.0,Kevin_Gausman,3.0,4.0,2.0,0.0,1.0,4.0,3.0,0.0,0.0,9.0,0.10256410256410256,1.0166666666666666,1.0166666666666666,0.3333333333333333,28.333333333333332,65.0,2.3000000000000003,11.700000000000001,5.605102040816327,1.08,0.0,68.0,0,1.0,0.8660254037844387,-0.4999999999999998,0.7818314824680298,0.6234898018587336,0.5,0.5,0.5,0.5,0.5,0.5,0.5,0.5,0.5,0.5,synthetic,synthetic,synthetic,synthetic,synthetic,0.0,0.0,0.0,0.0,0.0,-110.0,-110.0,-110.0,-110.0,-110.0,-110.0,-110.0,-110.0,-110.0,-110.0,0.0,0.0,0.0,0.0,0.0,2026-08-07T03:26:40.888653+00:00,-0.28783765645265547,0.4847778668705448,0.22047551785409636,-0.32080461642244845,-0.09182529150040342,0.2,0.2,0.2,0.0,0.0,0.0,0.0,0.0,0.0,0.0,batter_pitcher_profile_network_v2,0.7,0.25,0.8092145360137297,0.0,0.41271780483457954,-0.5418410364145662,-0.8583099271086428,0.0,5.0,0.4170054142116616,0.006907242359736699,-0.06210968854539331,-0.0062109688545393315,-0.6208887332710863,-0.6987622440124955,0.0,5.0,0.4458694052961597,0.016243493874830005,-0.033575832059095354,-0.005372133129455257,-0.6632352941176473,-0.7377160852713178,0.0,5.0,0.4615311888154728,0.006802769087175943,-0.05854040168311727,-0.0029270200841558635,-0.7213928571428572,-0.5354628254078444,0.0,5.0,0.47325513408095043,0.02873617688668653,-0.022851323564605234,-0.0005712830891151309,-0.8320079365079365,-0.7415387596899224,0.0,5.0,0.42799132345906626,0.005510332967706129,-0.07826296927673945,-0.004695778156604367
2026-04-08,Alex_Freeland,690976,hitter,LAD,TOR,2026,822833,22,119,141,0,656302.0,Dylan_Cease,1.0,1.0,0.0,0.0,0.0,4.0,4.0,0.0,2.0,8.0,0.0975609756097561,0.2225,0.2225,0.0,0.0,26.7,1.9471153846153848,14.503846153846155,3.641465677179963,1.08,0.0,68.0,0,1.0,0.8660254037844387,-0.4999999999999998,0.9749279121818236,-0.22252093395631434,0.5,0.5,0.5,0.5,0.5,0.5,0.5,0.5,0.5,0.5,synthetic,synthetic,synthetic,synthetic,synthetic,0.0,0.0,0.0,0.0,0.0,-110.0,-110.0,-110.0,-110.0,-110.0,-110.0,-110.0,-110.0,-110.0,-110.0,0.0,0.0,0.0,0.0,0.0,2026-08-07T03:26:40.888653+00:00,0.3134556085319674,0.7781590061589561,0.22631669331470705,-0.47669335519809564,-0.13883660644173035,0.8,1.0,0.6,0.0,0.2,3.0,4.0,2.0,0.0,1.0,batter_pitcher_profile_network_v2,0.7333333333333333,0.2,0.7733836618361198,0.0,0.4177187669516817,-0.472219696969697,-0.8697368421052633,0.0,6.0,0.5605368246821524,0.033874730275382195,-0.06825345009264916,-0.006825345009264916,-0.5472045454545454,-0.9185855263157896,0.0,6.0,0.4914228231622927,0.03422008150384694,-0.03220362004311167,-0.005152579206897867,-0.6430555555555555,-0.7108004385964912,0.0,6.0,0.6214801359127953,0.039792280517597235,-0.03616839625167733,-0.0018084198125838666,-0.6012916666666667,-1.0,0.0,6.0,0.4087758182791241,0.008191636899707595,-0.09173420792382711,-0.002293355198095678,-0.7882424242424243,-0.8146929824561405,0.0,6.0,0.5476430605718221,0.022480252155442262,-0.08985996029669577,-0.005391597617801746
2026-04-10,Alex_Freeland,690976,hitter,LAD,TEX,2026,823968,23,119,140,1,677958.0,Kumar_Rocker,1.0,1.0,0.0,0.0,0.0,2.0,2.0,0.0,0.0,8.0,0.04878048780487805,0.445,0.445,0.0,0.0,53.4,3.4499999999999997,10.049999999999999,1.8214285714285714,1.08,0.0,65.0,0,2.0,0.8660254037844387,-0.4999999999999998,-0.433883739117558,-0.9009688679024191,0.5,1.5,0.5,0.5,0.5,0.5,1.5,0.5,0.5,0.5,synthetic,synthetic,synthetic,synthetic,synthetic,0.0,0.0,0.0,0.0,0.0,-110.0,-110.0,-110.0,-110.0,-110.0,-110.0,-110.0,-110.0,-110.0,-110.0,0.0,0.0,0.0,0.0,0.0,2026-08-07T03:26:40.888653+00:00,0.2381164705636748,-0.463855349146455,-0.0831548265666256,-0.47618361692145406,-0.3784717296794019,1.0,1.2,0.6,0.0,0.2,1.0,1.0,0.0,0.0,0.0,batter_pitcher_profile_network_v2,0.7666666666666667,0.1,0.7495504057178537,0.0,0.40915134086328964,-0.5267363971523009,-0.2321538461538461,0.0,7.0,0.8075431655862255,0.026299629086055164,-0.02347989366638849,-0.0023479893666388495,-0.5903854563946097,-0.45947115384615383,0.0,7.0,0.7801611065929861,0.0429588104176153,0.012352238566362701,0.0019763581706180324,-0.6879385964912281,-0.43543910256410234,0.0,7.0,0.8211290792992402,0.0337246362862449,-0.023793395444012072,-0.0011896697722006038,-0.6183792270531402,-0.7275,0.0,7.0,0.6569350449594628,0.015035642137809722,-0.07134467685816344,-0.001783616921454086,-0.8011690821256038,-0.476705128205128,0.0,7.0,0.768931093446868,0.022021843358053447,-0.056816865156118154,-0.003409011909367089
2026-04-11,Alex_Freeland,690976,hitter,LAD,TEX,2026,823967,24,119,140,1,683004.0,Jack_Leiter,0.0,0.0,0.0,0.0,0.0,4.0,4.0,0.0,2.0,8.0,0.1111111111111111,0.0,0.0,0.0,0.0,10.0,1.5999999999999999,13.9,2.931818181818182,1.08,10.0,67.0,0,1.0,0.8660254037844387,-0.4999999999999998,-0.9749279121818236,-0.2225209339563146,0.5,1.5,0.5,0.5,0.5,0.5,1.5,0.5,0.5,0.5,synthetic,synthetic,synthetic,synthetic,synthetic,0.0,0.0,0.0,0.0,0.0,-110.0,-110.0,-110.0,-110.0,-110.0,-110.0,-110.0,-110.0,-110.0,-110.0,0.0,0.0,0.0,0.0,0.0,2026-08-07T03:26:40.888653+00:00,0.1885058764036024,-0.590403906506483,-0.321712180677622,-0.47314973131510857,-0.38097831001120974,1.0,1.2,0.4,0.0,0.2,1.0,1.0,0.0,0.0,0.0,batter_pitcher_profile_network_v2,0.8,0.25,0.6747358195179872,0.0,0.4668362155272617,-0.47084237001424545,-0.3945131964809384,0.0,7.0,0.8135847825290179,0.029582797141866075,-0.048335175357916586,-0.004833517535791659,-0.5544589565527068,-0.07962724828934507,0.0,7.0,0.7807610991829178,0.03937872834956863,0.04757975100114808,0.007612760160183692,-0.6505949519230774,-0.3268162186379928,0.0,7.0,0.8303516938977911,0.0342656370592167,-0.02106179537062195,-0.0010530897685310976,-0.621681712962963,0.15548699902248292,0.0,7.0,0.7281358100403338,0.050010747395657,0.050010747395657,0.0012502686848914252,-0.7780966435185186,-0.18129426523297487,0.0,7.0,0.7761500287881503,0.021477968592603293,-0.020598096146425528,-0.0012358857687855317
2026-04-12,Alex_Freeland,690976,hitter,LAD,TEX,2026,823966,25,119,140,1,594798.0,Jacob_deGrom,0.0,0.0,0.0,0.0,0.0,4.0,3.0,1.0,1.0,6.0,0.10526315789473684,0.1725,0.1725,0.0,0.0,20.7,2.5285714285714285,13.1,2.3713786213786214,1.08,7.0,65.0,0,1.0,0.8660254037844387,-0.4999999999999998,-0.7818314824680299,0.6234898018587334,0.5,1.5,0.5,0.5,0.5,0.5,1.5,0.5,0.5,0.5,synthetic,synthetic,synthetic,synthetic,synthetic,0.0,0.0,0.0,0.0,0.0,-110.0,-110.0,-110.0,-110.0,-110.0,-110.0,-110.0,-110.0,-110.0,-110.0,0.0,0.0,0.0,0.0,0.0,2026-08-07T03:26:40.888653+00:00,0.046527946152388866,-0.6646015749429409,-0.24289019557880215,-0.4739215558710758,-0.36579720416932693,1.0,1.2,0.4,0.0,0.2,0.0,0.0,0.0,0.0,0.0,batter_pitcher_profile_network_v2,0.8333333333333334,0.15,0.7892297997745068,0.0,0.4546645690958101,-0.5482263685636857,-0.671299319727891,0.0,8.0,0.9168130146690614,0.031195843813714562,-0.06464040808019259,-0.006464040808019259,-0.6163738753387533,-0.40422023809523805,0.0,8.0,0.9395724944075956,0.038241104246521856,0.013600353975039677,0.0021760566360063483,-0.7222560975609756,-0.5016595804988662,0.0,8.0,0.9706006917019423,0.029325612423996957,-0.034314111902031715,-0.0017157055951015857,-0.6440088888888889,-0.16691156462585036,0.0,8.0,0.9254951090381236,0.038017950440369104,0.01913776515696689,0.00047844412892417224,-0.8206755555555556,-0.4405498866213151,0.0,8.0,0.9299873155924188,0.020101640138489307,-0.04842681537447541,-0.0029056089224685244
2026-04-14,Alex_Freeland,690976,hitter,LAD,NYM,2026,823965,26,119,121,1,690997.0,Nolan_McLean,0.0,0.0,0.0,0.0,0.0,2.0,2.0,0.0,0.0,9.0,0.06451612903225806,0.0,0.0,0.0,0.0,10.0,2.7098684210526316,10.839473684210526,4.876948051948053,1.08,8.0,65.0,0,2.0,0.8660254037844387,-0.4999999999999998,0.7818314824680298,0.6234898018587336,0.5,1.5,0.5,0.5,0.5,0.5,1.5,0.5,0.5,0.5,synthetic,synthetic,synthetic,synthetic,synthetic,0.0,0.0,0.0,0.0,0.0,-110.0,-110.0,-110.0,-110.0,-110.0,-110.0,-110.0,-110.0,-110.0,-110.0,0.0,0.0,0.0,0.0,0.0,2026-08-07T03:26:40.888653+00:00,0.19609200925104708,-0.79670487941747,-0.2946223590715158,-0.4762388928831533,-0.3432092433287499,1.0,1.2,0.4,0.0,0.2,0.0,0.0,0.0,0.0,0.0,batter_pitcher_profile_network_v2,0.8666666666666667,0.15,0.7160018051683381,0.0,0.4726768001633651,-0.5517852812562115,-0.7547894736842106,0.0,8.0,0.8801381191122388,0.03333788644185262,-0.1025093829376811,-0.01025093829376811,-0.6242963128602663,-0.6882368421052631,0.0,8.0,0.8353552034485757,0.0379755434171288,-0.04879057700434844,-0.00780649232069575,-0.7104651162790698,-0.46361403508771915,0.0,8.0,0.9796143275054092,0.030869590684050797,-0.05020168499127157,-0.0025100842495635787,-0.6600459401709402,-0.5819868421052632,0.0,8.0,0.8115978449311485,0.0209928629865099,-0.07355571532613235,-0.001838892883153309,-0.8220811965811965,-0.5652807017543857,0.0,8.0,0.8971889509717922,0.02078067347852972,-0.09879356113480109,-0.005927613668088065
2026-04-15,Alex_Freeland,690976,hitter,LAD,NYM,2026,823963,27,119,121,1,605280.0,Clay_Holmes,1.0,1.0,0.0,0.0,0.0,4.0,4.0,0.0,2.0,9.0,0.10256410256410256,0.2225,0.2225,0.0,0.0,26.7,1.6213235294117647,6.048844537815126,6.162662337662338,1.08,7.0,66.0,0,1.0,0.8660254037844387,-0.4999999999999998,0.9749279121818236,-0.22252093395631434,0.5,0.5,0.5,0.5,0.5,0.5,0.5,0.5,0.5,0.5,synthetic,synthetic,synthetic,synthetic,synthetic,0.0,0.0,0.0,0.0,0.0,-110.0,-110.0,-110.0,-110.0,-110.0,-110.0,-110.0,-110.0,-110.0,-110.0,0.0,0.0,0.0,0.0,0.0,2026-08-07T03:26:40.888653+00:00,0.1436018072252495,-0.14687784605032717,-0.31649840671219914,-0.4760979532931792,-0.3047880500707529,0.4,0.4,0.0,0.0,0.0,0.0,0.0,0.0,0.0,0.0,batter_pitcher_profile_network_v2,0.9,0.2,0.6678685326106186,0.0,0.5036372209510398,-0.5376878039655818,-0.39187227845683736,0.0,8.0,0.9793609989343954,0.027308560425532587,-0.06298356826385251,-0.006298356826385252,-0.6204036662925552,-0.45021485867074107,0.0,8.0,0.9284142987371294,0.04044137843651952,-0.022830287814544922,-0.0036528460503271877,-0.6965909090909093,-0.44254582060096753,0.0,8.0,0.9837852927335985,0.03240270915842146,-0.05974585652170586,-0.002987292826085293,-0.679298353909465,-0.46612394957983194,0.0,8.0,0.8587071189073636,0.026730537818242302,-0.06791813172716979,-0.0016979532931792449,-0.8347304526748971,-0.5510306690858161,0.0,8.0,0.9017778696519002,0.02139808842071915,-0.12144252615424089,-0.007286551569254453
2026-04-17,Alex_Freeland,690976,hitter,LAD,COL,2026,824373,28,119,115,0,608372.0,Tomoyuki_Sugano,1.0,1.0,0.0,0.0,1.0,4.0,3.0,0.0,0.0,9.0,0.09523809523809523,0.2225,0.2225,0.0,0.0,26.7,2.142857142857143,6.571428571428572,3.9186142198815017,1.0477777777777777,0.0,35.0,0,2.0,0.8660254037844387,-0.4999999999999998,-0.433883739117558,-0.9009688679024191,0.5,0.5,0.5,0.5,0.5,0.5,0.5,0.5,0.5,0.5,synthetic,synthetic,synthetic,synthetic,synthetic,0.0,0.0,0.0,0.0,0.0,-110.0,-110.0,-110.0,-110.0,-110.0,-110.0,-110.0,-110.0,-110.0,-110.0,0.0,0.0,0.0,0.0,0.0,2026-08-07T03:26:40.888653+00:00,0.0018357491485172517,-0.019133102776174526,-0.43537773715194816,-0.4835456202672164,-0.41879022409040845,0.4,0.4,0.0,0.0,0.0,1.0,1.0,0.0,0.0,0.0,batter_pitcher_profile_network_v2,0.9333333333333333,0.25,0.6688491893988626,0.0,0.5336831602413266,-0.5799087301587302,-0.07089720695970696,0.0,9.0,1.0483201042789603,0.021506484597044306,-0.012707244086474766,-0.0012707244086474767,-0.6531111111111111,0.19804395604395608,0.0,9.0,0.9481386182016158,0.03149401621038427,0.047241024315576405,0.007558563890492225,-0.7250000000000001,-0.14418040293040288,0.0,9.0,1.101406194863298,0.023638796521368247,-0.00866896292046478,-0.000433448146023239,-0.6905486111111111,0.4709606227106228,0.0,9.0,0.8267545042965548,0.04661963375578864,0.04661963375578864,0.001165490843894716,-0.8398492063492062,-0.0812637362637362,0.0,9.0,1.0354201568747576,0.017660223185365656,-0.00784891807472558,-0.00047093508448353477
2026-04-18,Alex_Freeland,690976,hitter,LAD,COL,2026,824372,29,119,115,0,663372.0,Ryan_Feltner,0.0,0.0,0.0,0.0,0.0,2.0,2.0,0.0,2.0,8.0,0.05263157894736842,0.0,0.0,0.0,0.0,10.0,6.75,7.5625,3.935204081632654,1.0477777777777777,6.0,59.0,0,1.0,0.8660254037844387,-0.4999999999999998,-0.9749279121818236,-0.2225209339563146,0.5,0.5,0.5,0.5,0.5,0.5,0.5,0.5,0.5,0.5,synthetic,synthetic,synthetic,synthetic,synthetic,0.0,0.0,0.0,0.0,0.0,-110.0,-110.0,-110.0,-110.0,-110.0,-110.0,-110.0,-110.0,-110.0,-110.0,0.0,0.0,0.0,0.0,0.0,2026-08-07T03:26:40.888653+00:00,0.0035849176512710024,-0.1681528347676619,-0.49977516799094873,-0.48366073317081987,-0.23746886623026425,0.4,0.4,0.0,0.0,0.2,1.0,1.0,0.0,0.0,1.0,batter_pitcher_profile_network_v2,0.9666666666666667,0.25,0.8053045545140725,0.0,0.5461708813513398,-0.540480603448276,0.6072697345027853,0.0,10.0,0.698840025709667,0.006932047878273709,0.0,0.0,-0.6310713601532568,0.5900451582315989,0.0,10.0,0.8267898125579131,0.02162561536866023,0.03243842305299035,0.005190147688478456,-0.6989583333333336,0.566002331002331,0.0,10.0,0.7572882790553312,0.004496640181025673,0.004496640181025673,0.00022483200905128368,-0.7010229885057471,0.5599315218679625,0.0,10.0,0.9342369261159486,0.042015117611650825,0.042015117611650825,0.0010503779402912708,-0.8446149425287355,0.634600815850816,0.0,10.0,0.7243051430523842,0.019470952133283162,0.014603214099962371,0.0008761928459977423
2026-04-19,Alex_Freeland,690976,hitter,LAD,COL,2026,824371,30,119,115,0,547179.0,Michael_Lorenzen,2.0,2.0,1.0,0.0,2.0,4.0,4.0,0.0,1.0,9.0,0.09302325581395349,0.445,0.445,0.0,0.0,53.4,2.7794117647058822,5.492647058823529,2.282142857142858,1.0477777777777777,0.0,65.0,0,1.0,0.8660254037844387,-0.4999999999999998,-0.7818314824680299,0.6234898018587334,0.5,0.5,0.5,0.5,0.5,0.5,0.5,0.5,0.5,0.5,synthetic,synthetic,synthetic,synthetic,synthetic,0.0,0.0,0.0,0.0,0.0,-110.0,-110.0,-110.0,-110.0,-110.0,-110.0,-110.0,-110.0,-110.0,-110.0,0.0,0.0,0.0,0.0,0.0,2026-08-07T03:26:40.888653+00:00,-0.011669119275617146,-0.0666380135199574,-0.3973630062080134,-0.4839433450767414,-0.29955851467070477,0.4,0.4,0.0,0.0,0.2,0.0,0.0,0.0,0.0,0.0,batter_pitcher_profile_network_v2,1.0,0.3,0.7068173099553587,0.0,0.5790244638591405,-0.6045196900982613,0.8285714285714286,0.0,11.0,0.6540834944466302,-0.0010448739398963276,0.0,0.0,-0.6782421390778532,0.8628571428571429,0.0,11.0,0.7359060042044461,0.00978024082446715,0.014670361236700725,0.002347257797872116,-0.7335884353741496,0.7958005249343832,0.0,11.0,0.6935224482494996,-0.003589027814754039,-0.003589027814754039,-0.00017945139073770195,-0.7169842592592592,0.8628571428571429,0.0,11.0,0.8401632756377522,0.030710641374789013,0.030710641374789013,0.0007677660343697254,-0.852748148148148,0.8979002624671916,0.0,11.0,0.6518764632340074,0.00975541410984541,0.007316560582384057,0.00043899363494304344
2026-04-21,Alex_Freeland,690976,hitter,LAD,SF,2026,823236,31,119,137,0,694738.0,Landen_Roupp,0.0,0.0,0.0,0.0,0.0,4.0,3.0,1.0,3.0,9.0,0.1111111111111111,0.1725,0.1725,0.0,0.0,20.7,3.714285714285714,9.5,1.4030075187969924,1.08,14.0,57.0,0,2.0,0.8660254037844387,-0.4999999999999998,0.7818314824680298,0.6234898018587336,0.5,0.5,0.5,0.5,0.5,0.5,0.5,0.5,0.5,0.5,synthetic,synthetic,synthetic,synthetic,synthetic,0.0,0.0,0.0,0.0,0.0,-110.0,-110.0,-110.0,-110.0,-110.0,-110.0,-110.0,-110.0,-110.0,-110.0,0.0,0.0,0.0,0.0,0.0,2026-08-07T03:26:40.888653+00:00,0.29585377453429884,0.3538660301528529,-0.3064322814132817,-0.47858802021055974,0.17904513499789343,0.8,0.8,0.2,0.0,0.6,2.0,2.0,1.0,0.0,2.0,batter_pitcher_profile_network_v2,1.0,0.45,0.6676314377833337,1.0,0.6394468169921937,-0.6231799663299664,-0.4510811314363145,-0.05185185185185185,12.0,1.3540402309494997,0.035424240003700175,-0.13666526217580743,-0.013666526217580743,-0.689886026936027,-0.5780427313201704,-0.046913580246913576,12.0,1.189039158254864,0.04051401241932855,-0.11088939487800291,-0.017742303180480465,-0.7523989898989901,-0.353681265324558,-0.06666666666666667,12.0,1.4174538880473508,0.01988097510012326,-0.1241531470626259,-0.006207657353131295,-0.7074287037037037,-0.6855884630274874,-0.024691358024691357,12.0,1.0006197697446702,0.014267634469358838,-0.16752080842239012,-0.004188020210559753,-0.8431925925925925,-0.4570501677635823,-0.044444444444444446,12.0,1.2952708794407783,0.030820422385960815,-0.14203179347704786,-0.008521907608622871
2026-04-23,Alex_Freeland,690976,hitter,LAD,SF,2026,823233,32,119,137,0,657277.0,Logan_Webb,1.0,1.0,0.0,0.0,0.0,4.0,3.0,1.0,1.0,9.0,0.10810810810810811,0.395,0.395,0.0,0.0,47.400000000000006,3.9285714285714284,7.285714285714286,0.631578947368421,1.08,8.0,60.0,0,2.0,0.8660254037844387,-0.4999999999999998,0.43388373911755823,-0.900968867902419,0.5,0.5,0.5,0.5,0.5,0.5,0.5,0.5,0.5,0.5,synthetic,synthetic,synthetic,synthetic,synthetic,0.0,0.0,0.0,0.0,0.0,-110.0,-110.0,-110.0,-110.0,-110.0,-110.0,-110.0,-110.0,-110.0,-110.0,0.0,0.0,0.0,0.0,0.0,2026-08-07T03:26:40.888653+00:00,0.11896302919460822,0.19587544014256386,-0.35954404916171945,-0.474425144688214,-0.1059248556343233,0.8,0.8,0.2,0.0,0.6,0.0,0.0,0.0,0.0,0.0,batter_pitcher_profile_network_v2,1.0,0.35,0.7197343650396726,0.0,0.591641389098924,-0.7386092592592595,0.2517941032182104,0.0,13.0,1.4802925167720886,0.01705302402816032,0.0,0.0,-0.7679037037037039,0.04522431749435234,0.0,13.0,1.6199090132339324,0.030922442035457624,0.04638366305318643,0.007421386088509829,-0.8208333333333335,0.13674565895776714,0.0,13.0,1.6264082745909603,0.013215745072864354,0.013215745072864354,0.0006607872536432178,-0.7202064814814815,-0.14997385323735496,0.0,13.0,1.5722433356393886,0.029266303795471384,-0.001005787528561758,-2.514468821404395e-05,-0.8559703703703703,0.14033813863256392,0.0,13.0,1.5559959263644803,0.04135693026934261,0.031017697702006956,0.0018610618621204174
2026-04-24,Alex_Freeland,690976,hitter,LAD,CHC,2026,823962,33,119,112,1,592791.0,Jameson_Taillon,1.0,1.0,1.0,0.0,0.0,3.0,2.0,1.0,0.0,9.0,0.08823529411764706,0.5266666666666667,0.5266666666666667,0.0,0.0,63.20000000000001,5.0,9.0,2.5714285714285716,1.08,0.0,66.0,0,1.0,0.8660254037844387,-0.4999999999999998,-0.433883739117558,-0.9009688679024191,0.5,0.5,0.5,0.5,0.5,0.5,0.5,0.5,0.5,0.5,synthetic,synthetic,synthetic,synthetic,synthetic,0.0,0.0,0.0,0.0,0.0,-110.0,-110.0,-110.0,-110.0,-110.0,-110.0,-110.0,-110.0,-110.0,-110.0,0.0,0.0,0.0,0.0,0.0,2026-08-07T03:26:40.888653+00:00,0.24962969187675077,0.3717100441268696,-0.2154144308128496,-0.47372613464347685,0.0075998700711330525,0.8,0.8,0.2,0.0,0.6,1.0,1.0,0.0,0.0,0.0,batter_pitcher_profile_network_v2,1.0,0.35,0.7777471946006976,0.0,0.589154089031495,-0.7662203703703707,0.47336366152355924,0.0,14.0,1.4937351996547612,0.020962084905930864,0.0,0.0,-0.7854870370370373,0.62241156680274,0.0,14.0,1.3827696196755352,0.0237795956266621,0.035669393439993154,0.005707102950398905,-0.8458333333333335,0.819959451901566,0.0,14.0,1.1016148853541456,0.008420067216397242,0.008420067216397242,0.00042100336081986214,-0.7103175925925926,0.7785567010309279,0.0,14.0,1.254447561213996,0.026954614260925148,0.026954614260925148,0.0006738653565231288,-0.8460814814814814,0.8319071588366892,0.0,14.0,1.11504149131062,0.050305235941141224,0.03772892695585592,0.002263735617351355
2026-04-25,Alex_Freeland,690976,hitter,LAD,CHC,2026,823960,34,119,112,1,607067.0,Colin_Rea,2.0,4.0,1.0,0.0,1.0,4.0,4.0,0.0,1.0,9.0,0.09090909090909091,0.635,0.635,0.5,30.0,65.0,2.5500000000000003,5.95,2.142857142857143,1.08,11.0,63.0,0,1.0,0.8660254037844387,-0.4999999999999998,-0.9749279121818236,-0.2225209339563146,0.5,0.5,0.5,0.5,0.5,0.5,0.5,0.5,0.5,0.5,synthetic,synthetic,synthetic,synthetic,synthetic,0.0,0.0,0.0,0.0,0.0,-110.0,-110.0,-110.0,-110.0,-110.0,-110.0,-110.0,-110.0,-110.0,-110.0,0.0,0.0,0.0,0.0,0.0,2026-08-07T03:26:40.888653+00:00,0.37465668980034916,1.02487991719479,0.09360037326351878,-0.27363852294339475,-0.11553884903506056,0.8,0.8,0.4,0.0,0.4,1.0,1.0,1.0,0.0,0.0,batter_pitcher_profile_network_v2,1.0,0.25,0.818891899015777,0.0,0.5624214355926418,-0.7465166666666669,-0.019277056277056254,0.0,15.0,2.034701559234163,0.02337284181781223,-0.0026062621696698275,-0.00026062621696698276,-0.7707092592592595,0.11677860750360758,0.0,15.0,1.985564926429309,0.03002995800859423,0.04504493701289134,0.007207189922062615,-0.8500000000000002,-0.05354436026936013,0.0,15.0,2.0457018132605373,0.006483951299920141,-0.0017587684958589225,-8.793842479294612e-05,-0.6906138888888889,0.2610652236652238,0.0,15.0,1.8786532577266266,0.030459082264210065,0.030459082264210065,0.0007614770566052517,-0.8288777777777776,-0.02529730639730625,0.0,15.0,1.9588244380056619,0.025267899306868024,0.01515338188318837,0.0009092029129913021
2026-04-26,Alex_Freeland,690976,hitter,LAD,CHC,2026,823959,35,119,112,1,684007.0,Shota_Imanaga,0.0,0.0,0.0,0.0,0.0,1.0,1.0,0.0,1.0,6.0,0.029411764705882353,0.0,0.0,0.0,0.0,10.0,0.9285714285714285,10.428571428571429,3.7959183673469385,1.08,12.0,66.0,0,1.0,0.8660254037844387,-0.4999999999999998,-0.7818314824680299,0.6234898018587334,1.5,1.5,0.5,0.5,0.5,1.5,1.5,0.5,0.5,0.5,synthetic,synthetic,synthetic,synthetic,synthetic,0.0,0.0,0.0,0.0,0.0,-110.0,-110.0,-110.0,-110.0,-110.0,-110.0,-110.0,-110.0,-110.0,-110.0,0.0,0.0,0.0,0.0,0.0,2026-08-07T03:26:40.888653+00:00,-0.45340760598042285,-0.010232401637263244,-0.09232976807317966,-0.4737057388410346,0.00041253164514143403,1.2,1.6,0.6,0.0,0.6,2.0,4.0,1.0,0.0,1.0,batter_pitcher_profile_network_v2,1.0,0.45,0.7126184377413891,0.0,0.618216908619506,-0.7127880156765679,-0.29865584415584423,0.0,16.0,2.1318453133074735,0.03276834316486155,-0.06117730030042499,-0.006117730030042499,-0.7032929363769712,-0.03848430735930735,0.0,16.0,2.15416063418057,0.04268526048881353,0.05624969564945696,0.008999951303913114,-0.8045454826732674,-0.083497655122655,0.0,16.0,2.194271080878135,0.020615421838050554,0.0013098006012314811,6.549003006157406e-05,-0.573475,0.25100432900432906,0.0,16.0,2.0302515860018744,0.027770446358615163,0.027770446358615163,0.0006942611589653791,-0.727492361111111,-0.03147113997113987,0.0,16.0,2.1068975109633445,0.03162565057443152,0.01713963306127887,0.001028377983676732
2026-04-27,Alex_Freeland,690976,hitter,LAD,MIA,2026,823961,36,119,146,1,663978.0,Chris_Paddack,0.0,0.0,0.0,0.0,0.0,2.0,2.0,0.0,0.0,9.0,0.05,0.0,0.0,0.0,0.0,10.0,5.5,9.071428571428571,5.064935064935065,1.08,0.0,62.0,0,1.0,0.8660254037844387,-0.4999999999999998,0.0,1.0,0.5,1.5,0.5,0.5,0.5,0.5,1.5,0.5,0.5,0.5,real,synthetic,synthetic,synthetic,synthetic,1.0,0.0,0.0,0.0,0.0,-128.0,-110.0,-110.0,-110.0,-110.0,-104.0,-110.0,-110.0,-110.0,-110.0,0.0,0.0,0.0,0.0,0.0,2026-04-27T02:00:02.937037+00:00,0.13092597402597406,-0.7972413785489567,-0.30112432644834963,-0.47385962035133766,-0.3438705716931447,0.8,1.2,0.4,0.0,0.2,0.0,0.0,0.0,0.0,0.0,batter_pitcher_profile_network_v2,1.0,0.4,0.715970232193649,0.0,0.6049174586225112,-0.7360403409090912,0.11124183855773918,0.0,17.0,2.3880606656615444,0.022915170490407855,0.0,0.0,-0.7187944865319867,0.1306736235179471,0.0,17.0,2.4109380848016655,0.03128592271268062,0.046928884069020925,0.0075086214510433485,-0.8158803661616164,-0.047752226463104244,0.0,17.0,2.482224330675507,0.008644235394111263,-0.002421593902057354,-0.00012107969510286769,-0.573475,0.10440931054084791,0.0,17.0,2.349114037955443,0.021615185946492546,0.021615185946492546,0.0005403796486623137,-0.7249923611111112,0.05989249363867692,0.0,17.0,2.379428041827866,0.024059445780044906,0.01804458433503368,0.0010826750601020208
2026-04-28,Alex_Freeland,690976,hitter,LAD,MIA,2026,823956,37,119,146,1,676083.0,Janson_Junk,1.0,1.0,0.0,0.0,0.0,4.0,4.0,0.0,1.0,9.0,0.1111111111111111,0.2225,0.2225,0.0,0.0,26.7,4.0875,5.2875000000000005,5.034322820037105,1.08,9.0,66.0,0,1.0,0.8660254037844387,-0.4999999999999998,0.7818314824680298,0.6234898018587336,0.5,0.5,0.5,0.5,0.5,0.5,1.5,0.5,0.5,0.5,synthetic,real,real,real,synthetic,0.0,7.0,6.0,7.0,0.0,-110.0,19.857142857142858,157.5,757.1428571428571,-110.0,-110.0,-107.8,-218.4,0.0,-110.0,0.0,0.5345224838248488,0.0,0.0,0.0,2026-04-28T17:23:11.163256+00:00,0.4273979128014843,0.3672603318451192,-0.10324520172315366,-0.4744569753729862,-0.2072298982547276,0.8,1.2,0.4,0.0,0.2,0.0,0.0,0.0,0.0,0.0,batter_pitcher_profile_network_v2,1.0,0.3,0.7560660433390064,0.0,0.5772145729072915,-0.7498172855253213,0.330586469086469,0.0,18.0,2.4283036353832395,0.014265299891614389,0.0,0.0,-0.7349112150415722,0.09397913197913194,0.0,18.0,2.68153902292406,0.02146666046577482,0.03219999069866223,0.005151998511785957,-0.8414832057823131,-0.0019889508639508446,0.0,18.0,2.7306095977054543,-0.0013185898600612843,-0.0017268545001790697,-8.634272500895349e-05,-0.5799935185185185,-0.11301491563991563,0.0,18.0,2.5404514103406917,0.013710348207509241,-0.002279014919448317,-5.6975372986207935e-05,-0.7650525462962963,0.01041514966514969,0.0,18.0,2.647750026367887,0.01416209059445271,0.010621567945839532,0.0006372940767503718
2026-04-29,Alex_Freeland,690976,hitter,LAD,MIA,2026,823958,38,119,146,1,645261.0,Sandy_Alcantara,1.0,1.0,0.0,0.0,0.0,4.0,3.0,0.0,0.0,9.0,0.10526315789473684,0.2966666666666667,0.2966666666666667,0.0,0.0,35.6,6.2,4.6000000000000005,5.112244897959184,1.08,0.0,74.0,0,1.0,0.8660254037844387,-0.4999999999999998,0.9749279121818236,-0.22252093395631434,0.5,1.5,0.5,0.5,0.5,0.5,1.5,0.5,0.5,0.5,synthetic,real,real,synthetic,synthetic,0.0,8.0,7.0,0.0,0.0,-110.0,0.0,0.0,-110.0,-110.0,-110.0,0.0,0.0,-110.0,-110.0,0.0,0.3535533905932738,0.7559289460184545,0.0,0.0,2026-04-30T03:22:26.750124+00:00,0.6300055859101696,-0.4738956223693669,-0.06967492708284706,-0.4752093932134539,-0.19185879596419503,0.8,1.2,0.4,0.0,0.2,1.0,1.0,0.0,0.0,0.0,batter_pitcher_profile_network_v2,1.0,0.45,0.7256405637419653,0.0,0.6174990639237241,-0.6995886363636366,-0.18865665368872914,0.0,19.0,2.8458716997499747,0.009435116101230205,-0.036210521134610145,-0.0036210521134610145,-0.6947294612794614,-0.24105986572826194,0.0,19.0,2.770383392270441,0.018160775925946365,-0.018706192440122373,-0.0029929907904195797,-0.7962007575757578,-0.30395835662706727,0.0,19.0,2.820886183968835,-0.010310110628382156,-0.07670835189682645,-0.0038354175948413227,-0.5738083333333333,-0.25361882799241287,0.0,19.0,2.6134808409226955,0.007551415292067491,-0.0323757285381571,-0.0008093932134539275,-0.7289194444444447,-0.32270442580945713,0.0,19.0,2.693090449272045,0.013592579883247415,-0.054341909106079805,-0.003260514546364788
2026-05-02,Alex_Freeland,690976,hitter,LAD,STL,2026,823067,39,119,138,0,700241.0,Michael_McGreevy,1.0,1.0,0.0,0.0,0.0,2.0,2.0,0.0,0.0,9.0,0.05714285714285714,0.445,0.445,0.0,0.0,53.4,3.8176470588235296,5.788235294117648,4.678598712212159,1.08,-7.0,60.0,0,3.0,0.49999999999999994,-0.8660254037844387,-0.9749279121818236,-0.2225209339563146,0.5,0.5,0.5,0.5,0.5,0.5,1.5,0.5,0.5,0.5,synthetic,real,real,real,synthetic,0.0,7.0,6.0,7.0,0.0,-110.0,10.428571428571429,141.83333333333334,794.2857142857143,-110.0,-110.0,-23.0,-194.4,0.0,-110.0,0.0,0.5345224838248488,0.0,0.0,0.0,2026-05-02T16:59:46.553036+00:00,0.417907272529606,0.5470548290877857,-0.20063810376072394,-0.47411119183220674,-0.2263855910173564,0.8,1.2,0.2,0.0,0.2,1.0,1.0,0.0,0.0,0.0,batter_pitcher_profile_network_v2,1.0,0.45,0.5753977301312753,0.0,0.6257812001265135,-0.59797962962963,-0.11388491405952045,0.0,20.0,3.1558541892306025,0.010097792943843218,-0.028915779196646046,-0.0028915779196646047,-0.6179592592592595,0.025170616838284712,0.0,20.0,3.150449667501808,0.015645121199106892,0.023467681798660336,0.003754829087785654,-0.712166666666667,-0.3306683395580453,0.0,20.0,3.082379541418296,-0.021370787389730337,-0.12136078742663732,-0.006068039371331866,-0.5643268518518518,0.1921845057271736,0.0,20.0,3.0052543094264945,0.011552326711728542,0.011552326711728542,0.00028880816779321356,-0.6786740740740742,-0.25073778400248975,0.0,20.0,3.0408987787392485,0.007105065281599581,-0.06692544379940565,-0.004015526627964339
2026-05-03,Alex_Freeland,690976,hitter,LAD,STL,2026,823065,40,119,138,0,669160.0,Dustin_May,0.0,0.0,0.0,0.0,0.0,3.0,3.0,0.0,1.0,9.0,0.075,0.0,0.0,0.0,0.0,10.0,2.0625,5.8125,4.174397031539889,1.08,16.0,68.0,0,1.0,0.49999999999999994,-0.8660254037844387,-0.7818314824680299,0.6234898018587334,0.5,0.5,0.5,0.5,0.5,0.5,0.5,0.5,0.5,0.5,synthetic,synthetic,synthetic,synthetic,synthetic,0.0,0.0,0.0,0.0,0.0,-110.0,-110.0,-110.0,-110.0,-110.0,-110.0,-110.0,-110.0,-110.0,-110.0,0.0,0.0,0.0,0.0,0.0,2026-08-07T03:26:40.888653+00:00,0.32700088126159554,-0.013232722075287695,-0.5,-0.47726617610384847,-0.5,0.6,0.6,0.0,0.0,0.0,1.0,1.0,0.0,0.0,0.0,batter_pitcher_profile_network_v2,1.0,0.45,0.6298601174584388,0.0,0.6227789610251036,-0.45223699494949493,0.0630899006099487,0.0,21.0,3.43151949125924,0.010736150660404242,0.0,0.0,-0.5070968855218855,-0.22209168975237537,0.0,21.0,3.376672259050822,0.012029254950605944,-0.023642012970547903,-0.0037827220752876646,-0.5897140151515151,-0.43393891501219084,0.0,21.0,3.2760944291446386,-0.0324384713930012,-0.12715721547965203,-0.006357860773982602,-0.5482527777777778,-0.533765540327088,0.0,21.0,2.7133305525074283,-0.006329886283609611,-0.11464704415394009,-0.0028661761038485025,-0.6002041666666666,-0.4214892023685126,0.0,21.0,3.17826900106615,-0.00432475700449304,-0.09688139810198783,-0.00581288388611927
2026-05-04,Alex_Freeland,690976,hitter,LAD,HOU,2026,824201,41,119,117,0,595345.0,Steven_Okert,3.0,6.0,2.0,1.0,1.0,5.0,4.0,1.0,0.0,9.0,0.1111111111111111,0.914,0.914,0.75,30.0,65.0,13.5,3.0,7.367701863354037,1.08,0.0,73.0,0,1.0,0.49999999999999994,-0.8660254037844387,0.0,1.0,0.5,0.5,0.5,0.5,0.5,0.5,0.5,0.5,0.5,0.5,synthetic,synthetic,synthetic,synthetic,synthetic,0.0,0.0,0.0,0.0,0.0,-110.0,-110.0,-110.0,-110.0,-110.0,-110.0,-110.0,-110.0,-110.0,-110.0,0.0,0.0,0.0,0.0,0.0,2026-08-07T03:26:40.888653+00:00,0.5317747412008282,1.201458290322555,0.13586345841130365,-0.21188726861065027,-0.019821625144708754,0.6,0.6,0.0,0.0,0.0,0.0,0.0,0.0,0.0,0.0,batter_pitcher_profile_network_v2,1.0,0.0,1.0,0.0,0.5,-0.4922971801346801,0.0,0.0,22.0,3.7712599827855695,-0.0027756454465850547,0.0,0.0,-0.5407357744107744,0.0,0.0,22.0,3.7693904519883508,0.000728987455090626,0.001093481182635939,0.00017495698922175026,-0.645339015151515,0.0,0.0,22.0,3.732406818859436,-0.03943269512796476,-0.03943269512796476,-0.001971634756398238,-0.5547712962962963,0.0,0.0,22.0,3.596137982458157,0.0005092555739892988,0.0005092555739892988,1.2731389349732472e-05,-0.6477643518518517,0.0,0.0,22.0,3.6635092107900857,-0.0016307773128311509,-0.0012230829846233632,-7.33849790774018e-05
2026-05-05,Alex_Freeland,690976,hitter,LAD,HOU,2026,824200,42,119,117,0,663567.0,Peter_Lambert,0.0,0.0,0.0,0.0,0.0,3.0,1.0,2.0,0.0,8.0,0.08333333333333333,0.45999999999999996,0.45999999999999996,0.0,0.0,55.199999999999996,3.784615384615385,10.876923076923077,6.364844720496895,1.08,0.0,73.0,0,1.0,0.49999999999999994,-0.8660254037844387,0.7818314824680298,0.6234898018587336,1.5,1.5,0.5,0.5,0.5,1.5,1.5,0.5,0.5,0.5,synthetic,synthetic,synthetic,synthetic,synthetic,0.0,0.0,0.0,0.0,0.0,-110.0,-110.0,-110.0,-110.0,-110.0,-110.0,-110.0,-110.0,-110.0,-110.0,0.0,0.0,0.0,0.0,0.0,2026-08-07T03:26:40.888653+00:00,-0.11696143498355593,0.6387045581937363,0.3452928024050934,-0.23678017334778173,0.05479649921712104,1.2,1.8,0.4,0.2,0.2,3.0,6.0,2.0,1.0,1.0,batter_pitcher_profile_network_v2,1.0,0.2,0.840621905864763,0.0,0.5494047633063133,-0.3903500000000002,-0.31221703296703296,0.0,22.0,3.6266048134793683,-0.025124734526993195,-0.019424032906114025,-0.0019424032906114027,-0.40415370370370385,-0.48913804945054945,0.0,22.0,3.2765491943496245,-0.02876802751744396,-0.07465901128914995,-0.011945441806263992,-0.5318333333333335,-0.171389423076923,0.0,22.0,3.792025729945977,-0.059461262185134665,-0.07398867239502742,-0.003699433619751371,-0.4085305555555555,-0.6219505494505495,0.0,22.0,2.839422209750683,-0.0547112228033984,-0.09520693391127032,-0.002380173347781758,-0.4935444444444444,-0.2781602564102563,0.0,22.0,3.6429198237440703,-0.02517619501092397,-0.04076228012872832,-0.002445736807723699
2026-05-06,Alex_Freeland,690976,hitter,LAD,HOU,2026,824198,43,119,117,0,621121.0,Lance_McCullers_Jr,1.0,1.0,1.0,0.0,1.0,5.0,4.0,1.0,1.0,9.0,0.1111111111111111,0.316,0.316,0.0,0.0,37.92,6.900000000000001,8.700000000000001,5.079130434782608,1.08,0.0,73.0,0,1.0,0.49999999999999994,-0.8660254037844387,0.9749279121818236,-0.22252093395631434,0.5,1.5,0.5,0.5,0.5,0.5,1.5,0.5,0.5,0.5,synthetic,synthetic,synthetic,synthetic,synthetic,0.0,0.0,0.0,0.0,0.0,-110.0,-110.0,-110.0,-110.0,-110.0,-110.0,-110.0,-110.0,-110.0,-110.0,0.0,0.0,0.0,0.0,0.0,2026-08-07T03:26:40.888653+00:00,0.42723188405797097,-0.3549717755493418,-0.05145063855954235,-0.33571000069683504,-0.17790240988881761,1.0,1.6,0.4,0.2,0.2,0.0,0.0,0.0,0.0,0.0,batter_pitcher_profile_network_v2,1.0,0.45,0.7000278039860293,0.0,0.6189109673052702,-0.3592712962962966,0.03321439859754745,0.0,23.0,3.8614828550617872,-0.023258977345903112,0.0,0.0,-0.37829259259259285,0.007501624064290707,0.0,23.0,3.860927372898547,-0.029812953677813118,-0.04471943051671968,-0.0071551088826751486,-0.497041666666667,0.3763178714879534,0.0,23.0,3.225952155652825,-0.0391432059734553,-0.0391432059734553,-0.0019571602986727652,-0.40127129629629626,0.017867061222760727,0.0,23.0,3.676219463417364,-0.052400027873401235,-0.052400027873401235,-0.001310000696835031,-0.4599657407407409,0.2873959680271155,0.0,23.0,3.402196678260398,-0.0072355176581052555,-0.005426638243578942,-0.0003255982946147365
2026-05-09,Alex_Freeland,690976,hitter,LAD,ATL,2026,823955,44,119,144,1,675911.0,Spencer_Strider,0.0,0.0,0.0,0.0,0.0,3.0,3.0,0.0,2.0,9.0,0.08571428571428572,0.0,0.0,0.0,0.0,10.0,5.271428571428571,14.292857142857143,2.0888355342136857,1.08,8.0,70.0,0,3.0,0.49999999999999994,-0.8660254037844387,-0.9749279121818236,-0.2225209339563146,0.5,1.5,0.5,0.5,0.5,0.5,1.5,0.5,0.5,0.5,synthetic,synthetic,synthetic,synthetic,synthetic,0.0,0.0,0.0,0.0,0.0,-110.0,-110.0,-110.0,-110.0,-110.0,-110.0,-110.0,-110.0,-110.0,-110.0,0.0,0.0,0.0,0.0,0.0,2026-08-07T03:26:40.888653+00:00,0.11292634854452721,-0.3834478281272933,-0.13738023310858138,-0.33505515412198916,-0.15541294285768292,1.0,1.6,0.6,0.2,0.4,1.0,1.0,1.0,0.0,1.0,batter_pitcher_profile_network_v2,1.0,0.1,0.8393360353651361,0.0,0.5247181335667771,-0.5039488017429196,-0.45914705882352946,0.0,24.0,3.747241572017034,-0.008142002876166534,-0.03717549014496388,-0.003717549014496388,-0.5905985838779957,-0.3230367647058824,0.0,24.0,3.9446496840283274,-0.0033060948943698354,-0.035611425795582186,-0.005697828127293149,-0.6596911764705883,0.16315441176470594,0.0,24.0,3.9277562317525256,-0.011440196385313213,-0.011440196385313213,-0.0005720098192656607,-0.6217175925925925,-0.17726470588235294,0.0,24.0,3.9065806020155973,-0.008499616485025502,-0.02620616487956555,-0.0006551541219891388,-0.6988425925925924,0.031647058823529445,0.0,24.0,4.0245942569143835,0.0076728984807273755,0.005754673860545532,0.0003452804316327319
2026-05-10,Alex_Freeland,690976,hitter,LAD,ATL,2026,823954,45,119,144,1,693821.0,Bryce_Elder,0.0,0.0,0.0,0.0,0.0,4.0,4.0,0.0,2.0,9.0,0.1111111111111111,0.0,0.0,0.0,0.0,10.0,2.785714285714286,7.857142857142857,2.945978391356543,1.08,0.0,79.0,0,1.0,0.49999999999999994,-0.8660254037844387,-0.7818314824680299,0.6234898018587334,0.5,1.5,0.5,0.5,0.5,0.5,1.5,0.5,0.5,0.5,synthetic,synthetic,synthetic,synthetic,synthetic,0.0,0.0,0.0,0.0,0.0,-110.0,-110.0,-110.0,-110.0,-110.0,-110.0,-110.0,-110.0,-110.0,-110.0,0.0,0.0,0.0,0.0,0.0,2026-08-07T03:26:40.888653+00:00,0.26859792006013994,-0.6310977936663009,-0.2083444189246012,-0.33754563890815004,-0.25054444883128324,0.8,1.4,0.6,0.2,0.4,0.0,0.0,0.0,0.0,0.0,batter_pitcher_profile_network_v2,1.0,0.55,0.6189920022623263,0.0,0.6507954138475758,-0.5562678062678063,-0.3515453483251665,0.0,24.0,3.946608397477981,-0.009264379072306542,-0.07450739403645575,-0.007450739403645575,-0.6254779202279203,-0.42561935097997006,0.0,24.0,3.7628200650055517,-0.0035512044431858744,-0.10675704374771325,-0.01708112699963412,-0.6987371794871794,-0.36048303412274,0.0,24.0,3.9707621435598393,-0.03189737102066017,-0.1278667698485664,-0.0063933384924283205,-0.6217175925925925,-0.4704110176466366,0.0,24.0,3.491309174206863,-0.014394888420069318,-0.1258255563260001,-0.0031456389081500023,-0.7013425925925925,-0.43402470078940664,0.0,24.0,3.7661233705161625,-0.012251217591514523,-0.12516725109628513,-0.007510035065777108
2026-05-27,Alex_Freeland,690976,hitter,LAD,COL,2026,823947,46,119,115,1,608372.0,Tomoyuki_Sugano,0.0,0.0,0.0,0.0,0.0,3.0,3.0,0.0,0.0,9.0,0.09375,0.0,0.0,0.0,0.0,10.0,5.1000000000000005,3.15,5.244155844155846,1.08,8.0,61.0,0,17.0,0.49999999999999994,-0.8660254037844387,0.9749279121818236,-0.22252093395631434,0.5,1.5,0.5,0.5,0.5,0.5,1.5,0.5,0.5,0.5,synthetic,synthetic,synthetic,synthetic,synthetic,0.0,0.0,0.0,0.0,0.0,-110.0,-110.0,-110.0,-110.0,-110.0,-110.0,-110.0,-110.0,-110.0,-110.0,0.0,0.0,0.0,0.0,0.0,2026-08-07T03:26:40.888653+00:00,0.49636309258918154,-0.6339872902567645,-0.11249811450744618,-0.3348456446093777,-0.1438772893690693,0.8,1.4,0.6,0.2,0.4,0.0,0.0,0.0,0.0,0.0,batter_pitcher_profile_network_v2,1.0,0.6,0.5306152937686874,1.0,0.6897497759080016,-0.6066125087351503,0.3188989675946041,0.03333333333333334,24.0,3.8825645342372415,-0.01990855126878133,0.025510254896144797,0.0025510254896144798,-0.6590410552061496,0.3489776528518091,0.007407407407407405,24.0,3.7939399545358654,-0.007997173091502852,-0.0063268141047776606,-0.0010122902567644258,-0.7323003144654089,0.10232801838684205,-0.06666666666666667,24.0,4.1652531921826235,-0.020597624512480428,-0.07161813430477001,-0.003580906715238501,-0.6217175925925925,0.396710495989064,-0.024691358024691357,24.0,3.6052797487669475,0.0010707007331486286,-0.01782578437510677,-0.00044564460937766923,-0.7013425925925927,0.14533046936723423,0.1111111111111111,24.0,4.037729278971838,-0.00971405680201157,0.07774864038564061,0.004664918423138436
2026-05-29,Alex_Freeland,690976,hitter,LAD,PHI,2026,823946,47,119,143,1,554430.0,Zack_Wheeler,0.0,0.0,0.0,0.0,0.0,2.0,2.0,0.0,0.0,9.0,0.06666666666666667,0.0,0.0,0.0,0.0,10.0,0.4090909090909088,8.064935064935066,3.8035714285714284,1.08,0.0,66.0,0,2.0,0.49999999999999994,-0.8660254037844387,-0.433883739117558,-0.9009688679024191,0.5,0.5,0.5,0.5,0.5,0.5,0.5,0.5,0.5,0.5,synthetic,synthetic,synthetic,synthetic,synthetic,0.0,0.0,0.0,0.0,0.0,-110.0,-110.0,-110.0,-110.0,-110.0,-110.0,-110.0,-110.0,-110.0,-110.0,0.0,0.0,0.0,0.0,0.0,2026-08-07T03:26:40.888653+00:00,-0.24663232459205653,-0.43695915789629486,-0.4830327138904,-0.47897162578867836,-0.4021711238450635,0.2,0.2,0.2,0.0,0.2,0.0,0.0,0.0,0.0,0.0,batter_pitcher_profile_network_v2,1.0,0.3,0.6527630026949821,0.0,0.5810109596509594,-0.5759179769392033,-0.6298176481626174,0.0,26.0,3.8890868480469325,-0.029741668891522854,-0.12595095154827105,-0.012595095154827105,-0.6455101327742837,-0.691151037689695,0.0,26.0,3.63354061549636,-0.023426124897871662,-0.19005723685184303,-0.030409157896294885,-0.7282555031446541,-0.7462472458952021,0.0,26.0,3.6860653567404924,-0.050516751895969506,-0.23922570637942847,-0.011961285318971424,-0.628236111111111,-0.7268558249237376,0.0,26.0,3.399268275105859,-0.0243037441449387,-0.18286503154713477,-0.004571625788678369,-0.7414027777777779,-0.7919668085429563,0.0,26.0,3.45911822729637,-0.03370092413361786,-0.2291615878939156,-0.013749695273634935
2026-05-31,Alex_Freeland,690976,hitter,LAD,PHI,2026,823944,48,119,143,1,691725.0,Andrew_Painter,2.0,6.0,2.0,1.0,2.0,4.0,3.0,1.0,1.0,9.0,0.1,1.0150000000000001,1.0150000000000001,1.3333333333333333,30.0,65.0,2.5473684210526315,5.321052631578947,1.2613636363636365,1.08,6.0,82.0,0,2.0,0.49999999999999994,-0.8660254037844387,-0.7818314824680299,0.6234898018587334,0.5,0.5,0.5,0.5,0.5,0.5,0.5,0.5,0.5,0.5,synthetic,synthetic,synthetic,synthetic,synthetic,0.0,0.0,0.0,0.0,0.0,-110.0,-110.0,-110.0,-110.0,-110.0,-110.0,-110.0,-110.0,-110.0,-110.0,0.0,0.0,0.0,0.0,0.0,2026-08-07T03:26:40.888653+00:00,-0.07486475279106852,1.6801619327796966,0.00023735496724652805,-0.06632937188130755,-0.17193907192557029,0.2,0.2,0.2,0.0,0.2,0.0,0.0,0.0,0.0,0.0,batter_pitcher_profile_network_v2,1.0,0.65,0.5830698242883845,0.0,0.6810730652410374,-0.5828276609133406,0.36398540974927124,0.0,27.0,4.443202220099352,-0.03756028175126677,0.0,0.0,-0.6584968356706221,0.2998164057656388,0.0,27.0,4.591780321935779,-0.026825280084597926,-0.04023792012689689,-0.006438067220303503,-0.7520699838187702,0.22044328826488271,0.0,27.0,4.64035993598483,-0.03661653701870869,-0.03661653701870869,-0.0018308268509354348,-0.636799074074074,0.24581330659208514,0.0,27.0,4.568115511182535,-0.010508208585636336,-0.010508208585636336,-0.0002627052146409084,-0.7902157407407409,0.25972875658444194,0.0,27.0,4.503012754736541,-0.0023834165278257932,-0.001787562395869345,-0.0001072537437521607
2026-06-01,Alex_Freeland,690976,hitter,LAD,AZ,2026,825078,49,119,109,0,593958.0,Eduardo_Rodriguez,0.0,0.0,0.0,0.0,0.0,1.0,1.0,0.0,1.0,8.0,0.030303030303030304,0.0,0.0,0.0,0.0,10.0,2.6875,8.089285714285714,1.5824175824175823,1.08,0.0,75.0,0,1.0,1.2246467991473532e-16,-1.0,0.0,1.0,0.5,1.5,0.5,0.5,0.5,0.5,1.5,0.5,0.5,0.5,synthetic,synthetic,synthetic,synthetic,synthetic,0.0,0.0,0.0,0.0,0.0,-110.0,-110.0,-110.0,-110.0,-110.0,-110.0,-110.0,-110.0,-110.0,-110.0,0.0,0.0,0.0,0.0,0.0,2026-08-07T03:26:40.888653+00:00,0.07230117268775837,0.00029058007969640087,-0.214152840627154,-0.234902993533335,-0.09174010073398631,0.4,1.2,0.4,0.2,0.4,2.0,6.0,2.0,1.0,2.0,batter_pitcher_profile_network_v2,1.0,0.6,0.5464856844626111,1.0,0.6885833021919981,-0.4178317810457517,-0.09725276648025757,-0.08148148148148147,28.0,5.453751929487941,-0.027195361655893154,-0.08143366106780436,-0.008143366106780436,-0.43131007625272344,-0.17339837527537696,-0.07901234567901234,28.0,5.356504324631569,0.0072992097345220665,-0.08406455632007868,-0.01345032901121259,-0.5772855392156864,-0.11986384228661794,-0.07407407407407407,28.0,5.481570510526784,0.0045477126407576195,-0.08411075859702655,-0.0042055379298513275,-0.41021944444444447,-0.21511323292662246,-0.04938271604938271,28.0,5.089276746061365,0.05808484025160016,-0.02011974133340024,-0.000502993533335006,-0.5408791666666668,-0.1930867070553012,-0.06666666666666667,28.0,5.332534770154242,0.009720818831731332,-0.09162239152048728,-0.005497343491229236
2026-06-02,Alex_Freeland,690976,hitter,LAD,AZ,2026,825079,50,119,109,0,647336.0,Michael_Soroka,1.0,1.0,1.0,0.0,0.0,4.0,3.0,0.0,1.0,9.0,0.1,0.2966666666666667,0.2966666666666667,0.0,0.0,35.6,2.558823529411766,6.735294117647059,1.5824175824175823,1.08,0.0,74.0,0,1.0,1.2246467991473532e-16,-1.0,0.7818314824680298,0.6234898018587336,0.5,1.5,0.5,0.5,0.5,0.5,1.5,0.5,0.5,0.5,synthetic,synthetic,synthetic,synthetic,synthetic,0.0,0.0,0.0,0.0,0.0,-110.0,-110.0,-110.0,-110.0,-110.0,-110.0,-110.0,-110.0,-110.0,-110.0,0.0,0.0,0.0,0.0,0.0,2026-08-07T03:26:40.888653+00:00,-0.03406800258564957,-0.616443875958357,-0.24837132292328568,-0.3334755177510418,-0.23391210908877053,0.4,1.2,0.4,0.2,0.4,0.0,0.0,0.0,0.0,0.0,batter_pitcher_profile_network_v2,1.0,0.7,0.5640602899393531,0.0,0.6966318301377005,-0.40018472222222257,0.1269437732431379,0.0,29.0,5.788658045167514,-0.03675926425320989,0.0,0.0,-0.4195453703703706,0.010171079194989196,0.0,29.0,5.8525219393688594,0.000858850173512593,0.0012882752602688895,0.00020612404164302233,-0.5613541666666669,0.1329660645588598,0.0,29.0,5.6876074862331345,0.011822625783370502,0.011822625783370502,0.0005911312891685251,-0.41021944444444447,-0.11194822047927788,0.0,29.0,5.624279682505625,0.05699909609297503,0.03697928995832894,0.0009244822489582236,-0.5383791666666667,0.1533508365458305,0.0,29.0,5.5642045645498435,0.030378039785562548,0.02278352983917191,0.0013670117903503145
2026-06-03,Alex_Freeland,690976,hitter,LAD,AZ,2026,825077,51,119,109,0,668678.0,Zac_Gallen,3.0,3.0,0.0,0.0,2.0,5.0,4.0,1.0,0.0,9.0,0.10416666666666667,0.6719999999999999,0.6719999999999999,0.0,0.0,65.0,5.6875,7.075,2.4395604395604393,1.08,0.0,74.0,0,1.0,1.2246467991473532e-16,-1.0,0.9749279121818236,-0.22252093395631434,0.5,1.5,0.5,0.5,0.5,0.5,1.5,0.5,0.5,0.5,synthetic,synthetic,synthetic,synthetic,synthetic,0.0,0.0,0.0,0.0,0.0,-110.0,-110.0,-110.0,-110.0,-110.0,-110.0,-110.0,-110.0,-110.0,-110.0,0.0,0.0,0.0,0.0,0.0,2026-08-07T03:26:40.888653+00:00,0.2653574175824176,-0.1740511834250904,0.2763071350786487,-0.33232499883822214,-0.07287588833730885,0.6,1.4,0.6,0.2,0.4,1.0,1.0,1.0,0.0,0.0,batter_pitcher_profile_network_v2,1.0,0.8,0.4343439855993866,0.0,0.7374342894112601,-0.35728783670033654,0.6201036471000063,0.0,30.0,4.754757891707981,-0.016010560832086664,0.0,0.0,-0.38191658249158233,0.6084672252020263,0.0,30.0,4.7438883692100395,0.021453402395456456,0.032180103593184683,0.005148816574909549,-0.524794823232323,0.44659933724579004,0.0,30.0,5.244795086151118,0.05458226201253612,0.05458226201253612,0.002729113100626806,-0.40073796296296293,0.6002503721668825,0.0,30.0,4.717796259325234,0.08300004647111439,0.08300004647111439,0.0020750011617778597,-0.49313379629629595,0.5339935065748636,0.0,30.0,4.884744836777154,0.0454686596593123,0.03410149474448423,0.0020460896846690537
2026-06-04,Alex_Freeland,690976,hitter,LAD,AZ,2026,825076,52,119,109,0,669194.0,Ryne_Nelson,0.0,0.0,0.0,0.0,0.0,2.0,2.0,0.0,0.0,9.0,0.06060606060606061,0.0,0.0,0.0,0.0,10.0,3.910714285714286,4.098214285714286,1.7967032967032968,1.08,0.0,74.0,0,1.0,1.2246467991473532e-16,-1.0,0.43388373911755823,-0.900968867902419,1.5,1.5,0.5,0.5,0.5,1.5,1.5,0.5,0.5,0.5,synthetic,synthetic,synthetic,synthetic,synthetic,0.0,0.0,0.0,0.0,0.0,-110.0,-110.0,-110.0,-110.0,-110.0,-110.0,-110.0,-110.0,-110.0,-110.0,0.0,0.0,0.0,0.0,0.0,2026-08-07T03:26:40.888653+00:00,0.02085090369088527,0.1474057672747897,-0.31618250897505784,-0.331694141037578,0.24332114770154667,1.2,2.0,0.6,0.2,0.8,3.0,3.0,0.0,0.0,2.0,batter_pitcher_profile_network_v2,1.0,0.8,0.5124638631605345,1.0,0.7485285414102676,-0.3977032407407407,0.2398486200626747,0.1111111111111111,30.0,6.534551191974558,0.025684421831375606,0.08402577017558524,0.008402577017558524,-0.4415824074074074,0.44358465285137655,0.1111111111111111,30.0,5.914083769961049,0.046374274436991436,0.1535871818310724,0.024573949092971583,-0.5828541666666667,0.4604980227996243,0.1111111111111111,30.0,5.719729274408665,0.05334802634723369,0.13737379652281895,0.006868689826140948,-0.48372407407407414,0.7131784955813469,0.1111111111111111,30.0,4.774820973464418,0.024208588321295698,0.10823435849688094,0.002705858962422024,-0.5711754629629628,0.5297048724534325,0.1111111111111111,30.0,5.427716935030734,0.13714909740265166,0.18688759322757398,0.011213255593654438
2026-06-05,Alex_Freeland,690976,hitter,LAD,LAA,2026,823943,53,119,108,1,672282.0,Reid_Detmers,0.0,0.0,0.0,0.0,0.0,1.0,0.0,0.0,0.0,9.0,0.03333333333333333,0.72,0.72,0.0,0.0,65.0,6.41029411764706,13.685294117647059,6.708791208791209,1.08,7.0,70.0,0,1.0,1.2246467991473532e-16,-1.0,-0.433883739117558,-0.9009688679024191,1.5,1.5,0.5,0.5,0.5,1.5,1.5,0.5,0.5,0.5,synthetic,synthetic,synthetic,synthetic,synthetic,0.0,0.0,0.0,0.0,0.0,-110.0,-110.0,-110.0,-110.0,-110.0,-110.0,-110.0,-110.0,-110.0,-110.0,0.0,0.0,0.0,0.0,0.0,2026-08-07T03:26:40.888653+00:00,-0.7535682549850734,-0.01369977228861785,0.28431841943405933,-0.33631293222821224,0.34121893312577123,1.2,2.0,0.6,0.2,0.8,0.0,0.0,0.0,0.0,0.0,batter_pitcher_profile_network_v2,1.0,0.7,0.5225062422337527,0.0,0.7001950897284557,-0.37970368953136824,-0.24205086215695254,0.0,32.0,6.989527892997373,-0.018011444393862867,-0.04388530787702213,-0.004388530787702213,-0.4362786942554801,-0.30247801611411496,0.0,32.0,6.714993044735017,-0.002782499777219798,-0.06718607680386221,-0.010749772288617954,-0.5868178146258505,-0.06056141521944508,0.0,32.0,7.362385504525973,0.01954660007519047,0.0025771798899799046,0.00012885899449899523,-0.4899092592592593,-0.3480207277128611,0.0,32.0,6.273136891469752,0.004894717059161446,-0.07651728912848978,-0.0019129322282122445,-0.6098085648148148,-0.09872560017242311,0.0,32.0,7.138040608529754,0.028981924823876976,-0.0070104552298224584,-0.0004206273137893475
2026-06-06,Alex_Freeland,690976,hitter,LAD,LAA,2026,823942,54,119,108,1,686799.0,Jack_Kochanowicz,0.0,0.0,1.0,0.0,1.0,4.0,4.0,0.0,2.0,9.0,0.10256410256410256,0.0,0.0,0.0,0.0,10.0,9.107142857142856,7.785714285714286,7.351648351648351,1.08,4.0,70.0,0,1.0,1.2246467991473532e-16,-1.0,-0.9749279121818236,-0.2225209339563146,0.5,0.5,0.5,0.5,0.5,0.5,0.5,0.5,0.5,0.5,synthetic,synthetic,synthetic,synthetic,synthetic,0.0,0.0,0.0,0.0,0.0,-110.0,-110.0,-110.0,-110.0,-110.0,-110.0,-110.0,-110.0,-110.0,-110.0,0.0,0.0,0.0,0.0,0.0,2026-08-07T03:26:40.888653+00:00,0.40384974976632393,0.007691735822842993,-0.24985674054271306,-0.4747319714033416,-0.033999085969082354,0.8,0.8,0.2,0.0,0.4,0.0,0.0,0.0,0.0,0.0,batter_pitcher_profile_network_v2,1.0,0.75,0.5401795301240311,1.0,0.7316210056698547,-0.34477093117602153,0.06489788250690437,0.03333333333333334,33.0,7.889300192045074,0.00012020973441995866,0.025669658835400525,0.002566965883540053,-0.404993275105002,0.022145810779097753,0.0,33.0,7.7898364959552495,0.01267389926184623,0.019010848892769345,0.003041735822843095,-0.5415671176975947,0.23560320608924126,-0.06666666666666667,33.0,7.6025829486011665,0.022940770552803788,-0.028398547117997247,-0.0014199273558998624,-0.4856129629629631,0.053291958815351544,-0.04938271604938271,33.0,7.4495764258003305,0.024750268066927508,-0.013278856133665851,-0.0003319714033416463,-0.565408101851852,0.14804467134603888,-0.07407407407407407,33.0,7.637893503068898,0.049460733581530275,-0.019948136114742332,-0.00119688816688454
2026-06-07,Alex_Freeland,690976,hitter,LAD,LAA,2026,823941,55,119,108,1,667755.0,José_Soriano,0.0,0.0,0.0,0.0,0.0,4.0,3.0,1.0,2.0,9.0,0.1,0.1725,0.1725,0.0,0.0,20.7,3.9857142857142853,10.049999999999999,3.019350215002389,1.08,7.0,75.0,0,1.0,1.2246467991473532e-16,-1.0,-0.7818314824680299,0.6234898018587334,0.5,0.5,0.5,0.5,0.5,0.5,0.5,0.5,0.5,0.5,synthetic,synthetic,synthetic,synthetic,synthetic,0.0,0.0,0.0,0.0,0.0,-110.0,-110.0,-110.0,-110.0,-110.0,-110.0,-110.0,-110.0,-110.0,-110.0,0.0,0.0,0.0,0.0,0.0,2026-08-07T03:26:40.888653+00:00,0.12474517668860108,0.054625099368999175,-0.10828568098484614,-0.4772302459043516,0.08878532239421477,0.8,0.8,0.4,0.0,0.6,0.0,0.0,1.0,0.0,1.0,batter_pitcher_profile_network_v2,1.0,0.75,0.47328388498963325,0.0,0.7190170430665774,-0.34477093117602153,-0.5283969445893875,0.0,34.0,6.762035929897288,-0.05075790633698326,-0.09595498578161207,-0.009595498578161207,-0.404993275105002,-0.4611550295969465,0.0,34.0,7.064433552486361,-0.03795993949007116,-0.155311878943755,-0.0248499006310008,-0.5415671176975947,-0.20110218635671356,0.0,34.0,8.139168254645261,-0.0001990080451214462,-0.057563834699311076,-0.002878191734965554,-0.4856129629629631,-0.3659479181599963,0.0,34.0,7.199487850351352,-0.019607614266431005,-0.1132098361740638,-0.0028302459043515952,-0.565408101851852,-0.32508984520324335,0.0,34.0,7.589527352552963,-0.016073256747333026,-0.10886980593174601,-0.006532188355904761
2026-06-09,Alex_Freeland,690976,hitter,LAD,PIT,2026,823374,56,119,134,0,694973.0,Paul_Skenes,2.0,2.0,2.0,0.0,1.0,5.0,3.0,2.0,0.0,9.0,0.09803921568627451,0.632,0.632,0.0,0.0,65.0,3.6053571428571427,11.324999999999998,4.845918367346939,1.08,0.0,81.0,0,2.0,1.2246467991473532e-16,-1.0,0.7818314824680298,0.6234898018587336,0.5,0.5,0.5,0.5,0.5,0.5,0.5,0.5,0.5,0.5,synthetic,synthetic,synthetic,synthetic,synthetic,0.0,0.0,0.0,0.0,0.0,-110.0,-110.0,-110.0,-110.0,-110.0,-110.0,-110.0,-110.0,-110.0,-110.0,0.0,0.0,0.0,0.0,0.0,2026-08-07T03:26:40.888653+00:00,0.02772336998810221,0.13889739901319853,-0.032870730269764836,-0.47632355022612133,0.16139247373223198,0.6,0.6,0.2,0.0,0.6,0.0,0.0,0.0,0.0,0.0,batter_pitcher_profile_network_v2,1.0,0.75,0.5535442014100416,0.0,0.7116431264954524,-0.38343072499045433,-0.2948670881749829,0.0,35.0,8.377635734440924,-0.061399744380382176,-0.05047678431265691,-0.0050476784312656914,-0.43076647098129056,-0.31589280587833224,0.0,35.0,8.244196190846036,-0.04787964729494643,-0.13257140322633243,-0.02121142451621319,-0.5673403135738831,-0.054861215538847055,0.0,35.0,8.952832927073668,-0.007025280579531883,-0.0209212080363528,-0.00104606040181764,-0.485612962962963,-0.24993885850991118,0.0,35.0,8.143024448717796,-0.022754084012371282,-0.07694200904485383,-0.001923550226121346,-0.565408101851852,-0.06349060150375935,0.0,35.0,8.75567359620613,0.003645613887345527,-0.013292704702898707,-0.0007975622821739224
2026-06-10,Alex_Freeland,690976,hitter,LAD,PIT,2026,823372,57,119,134,0,683003.0,Jared_Jones,0.0,0.0,0.0,0.0,0.0,3.0,2.0,1.0,0.0,9.0,0.07692307692307693,0.22999999999999998,0.22999999999999998,0.0,0.0,27.599999999999998,5.1923076923076925,9.830769230769231,7.417346938775511,1.08,11.0,87.0,0,1.0,1.2246467991473532e-16,-1.0,0.9749279121818236,-0.22252093395631434,0.5,0.5,0.5,0.5,0.5,0.5,0.5,0.5,0.5,0.5,synthetic,synthetic,synthetic,synthetic,synthetic,0.0,0.0,0.0,0.0,0.0,-110.0,-110.0,-110.0,-110.0,-110.0,-110.0,-110.0,-110.0,-110.0,-110.0,0.0,0.0,0.0,0.0,0.0,2026-08-07T03:26:40.888653+00:00,0.3512990057561487,0.11300547220631363,0.38747747952114076,-0.47410422971335514,0.17324860774714823,0.4,0.4,0.6,0.0,0.4,2.0,2.0,2.0,0.0,1.0,batter_pitcher_profile_network_v2,1.0,0.1,0.8480099918660855,0.0,0.5246118775996405,-0.24189884259259287,0.25419139194139195,0.0,36.0,8.894323479003122,-0.014309519931116298,0.0,0.0,-0.3171587962962965,0.35737500000000005,0.0,36.0,8.412014904633207,0.003564467526306819,0.005346701289460228,0.0008554722063136366,-0.429510416666667,0.44231242368742385,0.0,36.0,8.254401195376385,0.04874111318576412,0.04874111318576412,0.002437055659288206,-0.4652425925925927,0.41823809523809524,0.0,36.0,8.021308942633787,0.011830811465794051,0.011830811465794051,0.0002957702866448513,-0.4528710648148151,0.4752191697191699,0.0,36.0,7.960454517786148,0.08710494104075892,0.06532870578056918,0.00391972234683415
2026-06-11,Alex_Freeland,690976,hitter,LAD,PIT,2026,823371,58,119,134,0,656605.0,Mitch_Keller,0.0,0.0,0.0,0.0,0.0,3.0,3.0,0.0,1.0,9.0,0.061224489795918366,0.0,0.0,0.0,0.0,10.0,9.607142857142856,8.821428571428571,8.317346938775511,1.08,11.0,72.0,0,1.0,1.2246467991473532e-16,-1.0,0.43388373911755823,-0.900968867902419,0.5,0.5,0.5,0.5,0.5,0.5,0.5,0.5,0.5,0.5,synthetic,synthetic,synthetic,synthetic,synthetic,0.0,0.0,0.0,0.0,0.0,-110.0,-110.0,-110.0,-110.0,-110.0,-110.0,-110.0,-110.0,-110.0,-110.0,0.0,0.0,0.0,0.0,0.0,2026-08-07T03:26:40.888653+00:00,0.06468911564625857,-0.2917106075691758,0.005435629156108179,-0.47489209365003116,-0.03142332681229265,0.4,0.4,0.6,0.0,0.4,0.0,0.0,0.0,0.0,0.0,batter_pitcher_profile_network_v2,1.0,0.8,0.43761623644336406,0.0,0.7371136088285504,-0.17418388047138014,0.13688284545305116,0.0,36.0,9.221609638829072,-0.010620718010257412,0.0,0.0,-0.2717793771043769,0.032965820996935735,0.0,36.0,9.28493794186499,-0.013407293442994279,-0.020110940164491418,-0.003217750426318627,-0.3880789141414138,0.15887599851959278,0.0,36.0,9.339891856151748,0.03350850148950881,0.03350850148950881,0.0016754250744754407,-0.46490925925925936,-0.017652116856171563,0.0,36.0,9.009628849971564,-0.015068469089301588,-0.019683746001247268,-0.0004920936500311817,-0.4539439814814813,0.13148546179642895,0.0,36.0,9.205868960081453,0.037985027754039336,0.0284887708155295,0.00170932624893177
2026-06-12,Alex_Freeland,690976,hitter,LAD,CWS,2026,824588,59,119,145,0,641743.0,Anthony_Kay,0.0,0.0,0.0,0.0,0.0,1.0,1.0,0.0,0.0,4.0,0.029411764705882353,0.0,0.0,0.0,0.0,10.0,5.600000000000001,7.3,2.6863152375574733,1.08,14.0,79.0,0,1.0,1.2246467991473532e-16,-1.0,-0.433883739117558,-0.9009688679024191,0.5,0.5,0.5,0.5,0.5,0.5,0.5,0.5,0.5,0.5,synthetic,synthetic,synthetic,synthetic,synthetic,0.0,0.0,0.0,0.0,0.0,-110.0,-110.0,-110.0,-110.0,-110.0,-110.0,-110.0,-110.0,-110.0,-110.0,0.0,0.0,0.0,0.0,0.0,2026-08-07T03:26:40.888653+00:00,-0.09857876304672059,-0.32400748746647046,-0.2668421936559854,-0.47446717376011394,-0.3487232200528787,0.4,0.4,0.6,0.0,0.4,0.0,0.0,0.0,0.0,0.0,batter_pitcher_profile_network_v2,1.0,0.8,0.4309846823791506,0.0,0.7377635011268432,-0.25997220804988674,0.21600673573389212,0.0,37.0,9.640082085458083,-0.00970503725228046,0.0,0.0,-0.33566758314436895,0.27596308781739143,0.0,37.0,9.33326299285005,-0.003229727188725046,-0.004844590783087569,-0.000775134525294011,-0.4612344812925171,0.3510405924091148,0.0,37.0,9.30336487311099,0.020664418734584244,0.020664418734584244,0.0010332209367292123,-0.4710944444444445,0.3589193761609497,0.0,37.0,8.815472440926976,-0.0026869504045577025,-0.0026869504045577025,-6.717376011394256e-05,-0.49257708333333317,0.348805162961262,0.0,37.0,9.157023971098422,0.07495072833622161,0.05621304625216621,0.0033727827751299723
2026-06-13,Alex_Freeland,690976,hitter,LAD,CWS,2026,824587,60,119,145,0,680732.0,Sean_Burke,0.0,0.0,0.0,0.0,0.0,2.0,2.0,0.0,1.0,9.0,0.043478260869565216,0.0,0.0,0.0,0.0,10.0,3.4965659340659343,11.649725274725276,2.6863152375574733,1.08,0.0,86.0,0,1.0,1.2246467991473532e-16,-1.0,-0.9749279121818236,-0.2225209339563146,0.5,0.5,0.5,0.5,0.5,0.5,0.5,0.5,0.5,0.5,synthetic,synthetic,synthetic,synthetic,synthetic,0.0,0.0,0.0,0.0,0.0,-110.0,-110.0,-110.0,-110.0,-110.0,-110.0,-110.0,-110.0,-110.0,-110.0,0.0,0.0,0.0,0.0,0.0,2026-08-07T03:26:40.888653+00:00,-0.26279179240494754,-0.31990114671710346,-0.4290165724500706,-0.47583749567609207,-0.471070030422074,0.4,0.4,0.4,0.0,0.2,0.0,0.0,0.0,0.0,0.0,batter_pitcher_profile_network_v2,1.0,0.65,0.5440855661389274,0.0,0.6841771867961879,-0.19212032502863674,-0.008126646926918307,0.0,38.0,10.603071904474046,-0.04504854661151329,-0.0007118164924370851,-7.118164924370851e-05,-0.2904329944635356,-0.05409755637464398,0.0,38.0,10.493685773582552,-0.04534706642318324,-0.07518379741667927,-0.012029407586668683,-0.3951665592783503,0.05465827160756592,0.0,38.0,10.69275391620731,-0.01729886047192771,-0.01729886047192771,-0.0008649430235963857,-0.4710944444444445,-0.07363442687824104,0.0,38.0,10.14178085639935,-0.041684716371229516,-0.05749982704368457,-0.0014374956760921144,-0.4800770833333332,0.04072391908958032,0.0,38.0,10.506700170845809,0.010750509276524696,0.008062881957393521,0.00048377291744361125
2026-06-14,Alex_Freeland,690976,hitter,LAD,CWS,2026,824586,61,119,145,0,663542.0,Bryan_Hudson,1.0,2.0,0.0,0.0,2.0,4.0,3.0,0.0,1.0,9.0,0.10256410256410256,0.3175,0.3175,0.3333333333333333,28.333333333333332,53.1,9.0,0.0,3.457743808986045,1.08,9.0,69.0,0,1.0,1.2246467991473532e-16,-1.0,-0.7818314824680299,0.6234898018587334,0.5,0.5,0.5,0.5,0.5,0.5,0.5,0.5,0.5,0.5,synthetic,synthetic,synthetic,synthetic,synthetic,0.0,0.0,0.0,0.0,0.0,-110.0,-110.0,-110.0,-110.0,-110.0,-110.0,-110.0,-110.0,-110.0,-110.0,0.0,0.0,0.0,0.0,0.0,2026-08-07T03:26:40.888653+00:00,0.34859199920685435,0.26462448942242955,-0.15001837248989675,-0.3265727067469272,-0.28242996118704755,0.4,0.4,0.4,0.0,0.2,0.0,0.0,0.0,0.0,0.0,batter_pitcher_profile_network_v2,1.0,0.15,0.5294749429583239,0.0,0.5427708979231408,-0.2909958211500977,-0.6977500000000002,0.0,39.0,7.763241288733367,-0.04177913543568629,-0.09553650588484994,-0.009553650588484994,-0.3700506091617936,-0.7490000000000001,0.0,39.0,7.39430747363842,-0.05847583080378657,-0.21812819110981568,-0.03490051057757051,-0.49054111842105286,-0.6869696969696969,0.0,39.0,7.6233359869255395,-0.03166587083098963,-0.19022664339936637,-0.00951133216996832,-0.48716851851851856,-0.7490000000000001,0.0,39.0,7.235995114210443,-0.08188541531509241,-0.25357493654375374,-0.006339373413593844,-0.5610469907407407,-0.8051515151515152,0.0,39.0,6.672780039063118,-0.03176845202932294,-0.23637560419557435,-0.01418253625173446
2026-06-15,Alex_Freeland,690976,hitter,LAD,TB,2026,823938,62,119,139,1,607259.0,Nick_Martinez,0.0,0.0,0.0,0.0,0.0,2.0,2.0,0.0,2.0,9.0,0.06060606060606061,0.0,0.0,0.0,0.0,10.0,6.642857142857143,3.75,7.85064935064935,1.08,9.0,71.0,0,1.0,1.2246467991473532e-16,-1.0,0.0,1.0,0.5,0.5,0.5,0.5,0.5,0.5,0.5,0.5,0.5,0.5,synthetic,synthetic,synthetic,synthetic,synthetic,0.0,0.0,0.0,0.0,0.0,-110.0,-110.0,-110.0,-110.0,-110.0,-110.0,-110.0,-110.0,-110.0,-110.0,0.0,0.0,0.0,0.0,0.0,2026-08-07T03:26:40.888653+00:00,0.29801688311688324,-0.015490855486331279,-0.4041109179155159,-0.4751361854002323,0.26387015646657974,0.2,0.4,0.0,0.0,0.4,1.0,2.0,0.0,0.0,2.0,batter_pitcher_profile_network_v2,1.0,0.8,0.4351314901528609,0.0,0.7373571139650196,-0.17890261939571148,0.5252455852590702,0.0,39.0,9.091971081741907,-0.0001624737999171429,0.0,0.0,-0.26714588206627676,0.3806128713139533,0.0,39.0,9.889665834846634,-0.026344473617289695,-0.03951671042593454,-0.006322673668149527,-0.41072203947368413,0.17865117538597924,0.0,39.0,10.997317564961097,0.00485956376760485,0.00485956376760485,0.00024297818838024253,-0.3921824074074074,0.2480235855996677,0.0,39.0,10.275515501295153,-0.029447416009291516,-0.029447416009291516,-0.0007361854002322879,-0.5001233796296295,0.251130231823369,0.0,39.0,10.60896519469201,0.02366581469743987,0.017749361023079904,0.0010649616613847943
2026-06-16,Alex_Freeland,690976,hitter,LAD,TB,2026,823939,63,119,139,1,656876.0,Drew_Rasmussen,0.0,0.0,0.0,0.0,0.0,3.0,3.0,0.0,2.0,8.0,0.10344827586206896,0.0,0.0,0.0,0.0,10.0,3.75,12.428571428571429,7.047077922077922,1.08,0.0,70.0,0,1.0,1.2246467991473532e-16,-1.0,0.7818314824680298,0.6234898018587336,0.5,0.5,0.5,0.5,0.5,0.5,0.5,0.5,0.5,0.5,synthetic,synthetic,synthetic,synthetic,synthetic,0.0,0.0,0.0,0.0,0.0,-110.0,-110.0,-110.0,-110.0,-110.0,-110.0,-110.0,-110.0,-110.0,-110.0,0.0,0.0,0.0,0.0,0.0,2026-08-07T03:26:40.888653+00:00,-0.25301343255744674,-0.26145150404810796,-0.3848384195588047,-0.475941949833154,-0.052016646269325006,0.2,0.4,0.0,0.0,0.4,0.0,0.0,0.0,0.0,0.0,batter_pitcher_profile_network_v2,1.0,0.8,0.49344792395063297,0.0,0.731642103452838,-0.30765914725209087,-0.20984111737444106,0.0,40.0,11.106188685840033,-0.04644990619516839,-0.03270276862566927,-0.0032702768625669275,-0.36511011051373954,-0.12278482564122706,0.0,40.0,11.37674527247447,-0.06430677532210245,-0.1191688830592955,-0.01906702128948728,-0.522984879032258,-0.2063665797125431,0.0,40.0,11.254884906260807,-0.031072421318807813,-0.08574286497815511,-0.004287143248907756,-0.4060342592592593,-0.023814128311850157,0.0,40.0,11.243110208298809,-0.05677996302233992,-0.061677993326161425,-0.0015419498331540357,-0.5715793981481481,-0.16633876072144516,0.0,40.0,11.215392418841002,-0.047468086422182185,-0.08376191311690467,-0.00502571478701428
2026-06-17,Alex_Freeland,690976,hitter,LAD,TB,2026,823940,64,119,139,1,663556.0,Shane_McClanahan,1.0,1.0,0.0,0.0,1.0,4.0,3.0,1.0,2.0,9.0,0.1,0.395,0.395,0.0,0.0,47.400000000000006,6.0,10.65,7.047077922077922,1.08,4.0,78.0,0,1.0,1.2246467991473532e-16,-1.0,0.9749279121818236,-0.22252093395631434,0.5,0.5,0.5,0.5,0.5,0.5,0.5,0.5,0.5,0.5,synthetic,synthetic,synthetic,synthetic,synthetic,0.0,0.0,0.0,0.0,0.0,-110.0,-110.0,-110.0,-110.0,-110.0,-110.0,-110.0,-110.0,-110.0,-110.0,0.0,0.0,0.0,0.0,0.0,2026-08-07T03:26:40.888653+00:00,-0.13980624226035876,-0.10996729602786792,-0.18624258535119326,-0.4802493001957568,0.05300401530162169,0.2,0.4,0.0,0.0,0.4,0.0,0.0,0.0,0.0,0.0,batter_pitcher_profile_network_v2,1.0,0.8,0.46153094579214554,0.0,0.7347699673123698,-0.48481356780167284,-0.4311710222375663,0.0,41.0,10.517740416060487,-0.04907763139304631,-0.1125602581014239,-0.01125602581014239,-0.49948466248506584,-0.5285752992105932,0.0,41.0,9.852006390958275,-0.07842103703914974,-0.259795600174175,-0.041567296027868,-0.6713316532258067,-0.408553878637702,0.0,41.0,10.714706858280826,-0.02424094806982288,-0.17192962910178836,-0.008596481455089419,-0.42573796296296296,-0.6165217277820219,0.0,41.0,8.955247483027202,-0.09263642500208155,-0.23397200783027347,-0.005849300195756837,-0.6655886574074075,-0.47936286132168465,0.0,41.0,10.061656566856245,-0.09203763596911775,-0.240831346704575,-0.0144498808022745
2026-06-19,Alex_Freeland,690976,hitter,LAD,BAL,2026,823936,65,119,110,1,694346.0,Trey_Gibson,2.0,2.0,1.0,0.0,0.0,4.0,4.0,0.0,2.0,9.0,0.09090909090909091,0.445,0.445,0.0,0.0,53.4,6.611829347123464,5.37556561085973,3.6122448979591835,1.08,5.0,69.0,0,2.0,1.2246467991473532e-16,-1.0,-0.433883739117558,-0.9009688679024191,0.5,1.5,0.5,0.5,0.5,0.5,0.5,0.5,0.5,0.5,synthetic,real,real,real,synthetic,0.0,6.0,4.0,7.0,0.0,-110.0,168.929348,132.003668,785.908539,-110.0,-110.0,-165.442552,-165.0,0.0,-110.0,0.0,0.5163977794943223,0.0,0.0,0.0,2026-06-19T20:50:58.917955+00:00,0.21841454567841134,-0.7899568139571468,-0.33108757726125165,-0.47508701198337916,0.198015053510058,0.4,0.6,0.0,0.0,0.6,1.0,1.0,0.0,0.0,1.0,batter_pitcher_profile_network_v2,1.0,0.25,0.7850780380010058,0.0,0.5634569850862192,-0.5666546669653525,0.37626066580478346,0.0,42.0,11.417678307969524,0.010979310272753503,0.0,0.0,-0.5959774940262844,0.5539365707821591,0.0,42.0,10.03477396833374,0.007793578208857965,0.011690367313286947,0.0018704587701259116,-0.7473800403225807,0.6952838558500323,0.0,42.0,9.077162235792596,0.04509446590669203,0.04509446590669203,0.0022547232953346015,-0.5385064814814815,0.8633115707821591,0.0,42.0,7.429815119390077,-0.02748047933516646,-0.02748047933516646,-0.0006870119833791615,-0.7512738425925926,0.6134088558500324,0.0,42.0,9.74551309861326,0.04430483784461862,0.033228628383463965,0.001993717703007838
2026-06-20,Alex_Freeland,690976,hitter,LAD,BAL,2026,823937,66,119,110,1,669432.0,Trevor_Rogers,0.0,0.0,0.0,0.0,0.0,1.0,1.0,0.0,0.0,5.0,0.029411764705882353,0.0,0.0,0.0,0.0,10.0,3.117647058823529,5.176470588235294,4.313543599257885,1.08,0.0,67.0,0,1.0,1.2246467991473532e-16,-1.0,-0.9749279121818236,-0.2225209339563146,0.5,1.5,0.5,0.5,0.5,0.5,0.5,0.5,0.5,0.5,synthetic,real,real,real,synthetic,0.0,4.0,2.0,5.0,0.0,-110.0,159.159951,127.282609,677.945626,-110.0,-110.0,-166.666667,0.0,0.0,-110.0,0.0,0.5,0.0,0.0,0.0,2026-06-20T11:58:55.263102+00:00,0.5686868420095312,-0.6758367353358147,-0.3119934904924463,-0.4757410815856069,-0.13371919866118204,0.8,1.0,0.2,0.0,0.6,2.0,2.0,1.0,0.0,0.0,batter_pitcher_profile_network_v2,1.0,0.8,0.47235671489477227,0.0,0.7337090419403123,-0.49450532407407444,0.4692066775030272,0.0,43.0,10.938818857596702,-0.0055844331064253735,0.0,0.0,-0.534177314814815,0.3829144065247824,0.0,43.0,11.425258068585958,-0.01918492664432612,-0.02877738996648918,-0.004604382394638269,-0.6698229166666669,0.3883590625905534,0.0,43.0,11.709882580914593,0.010410120304953684,0.010410120304953684,0.0005205060152476842,-0.5224324074074074,0.313697452501794,0.0,43.0,11.606656018449499,-0.05364326342427698,-0.05364326342427698,-0.0013410815856069245,-0.6703039351851852,0.43852429247561087,0.0,43.0,11.237564373868935,0.022564135151246414,0.01692310136343481,0.0010153860818060884
2026-06-21,Alex_Freeland,690976,hitter,LAD,BAL,2026,823934,67,119,110,1,687064.0,Brandon_Young,0.0,0.0,0.0,0.0,0.0,4.0,3.0,1.0,1.0,8.0,0.11428571428571428,0.1725,0.1725,0.0,0.0,20.7,2.9210526315789473,5.037593984962406,4.956400742115028,1.08,6.0,74.0,0,1.0,1.2246467991473532e-16,-1.0,-0.7818314824680299,0.6234898018587334,0.5,1.0,0.5,0.5,0.5,0.5,0.5,0.5,0.5,0.5,synthetic,real,real,real,synthetic,0.0,8.0,7.0,8.0,0.0,-110.0,122.236035,141.537931,630.680094,-110.0,-110.0,-122.222222,-192.22896,0.0,-110.0,0.0,0.5345224838248488,0.0,0.0,0.0,2026-06-21T19:20:37.517202+00:00,0.3427763304364808,-0.5448814795912267,-0.2512911709347121,-0.4769451239351224,-0.227080415059788,0.6,0.6,0.2,0.0,0.2,0.0,0.0,0.0,0.0,0.0,batter_pitcher_profile_network_v2,1.0,0.55,0.543210131036305,0.0,0.6559012174214289,-0.5047849293372317,0.0017576323675793301,0.0,44.0,13.305204972287923,-0.048184816244693764,0.0,0.0,-0.5410303849902534,-0.049304096867106975,0.0,44.0,13.230447884691323,-0.05836208070847931,-0.09972799744516729,-0.015956479591226768,-0.6600093201754385,-0.07495726128929334,0.0,44.0,13.40985948577023,-0.032125628098033925,-0.054724160809269645,-0.0027362080404634823,-0.5224324074074074,-0.0683489081878617,0.0,44.0,12.87333518989756,-0.08549404881342416,-0.10180495740489634,-0.0025451239351224086,-0.6603039351851852,-0.11190301600627445,0.0,44.0,13.08683569466318,-0.04500710911942421,-0.06750753609232289,-0.004050452165539373
2026-06-22,Alex_Freeland,690976,hitter,LAD,MIN,2026,823692,68,119,142,0,805673.0,Zebby_Matthews,1.0,1.0,0.0,0.0,0.0,1.0,1.0,0.0,0.0,9.0,0.02631578947368421,0.89,0.89,0.0,0.0,65.0,5.214285714285714,4.571428571428572,4.821428571428571,1.08,-4.0,77.0,0,1.0,1.2246467991473532e-16,-1.0,0.0,1.0,0.5,0.5,0.5,0.5,0.5,0.5,0.5,0.5,0.5,0.5,synthetic,synthetic,synthetic,synthetic,synthetic,0.0,0.0,0.0,0.0,0.0,-110.0,-110.0,-110.0,-110.0,-110.0,-110.0,-110.0,-110.0,-110.0,-110.0,0.0,0.0,0.0,0.0,0.0,2026-08-07T03:26:40.888653+00:00,0.24536992481203002,0.18835789986053486,0.01692315950335177,-0.47622497341722025,-0.11936235774017734,0.6,0.6,0.2,0.0,0.2,0.0,0.0,0.0,0.0,0.0,batter_pitcher_profile_network_v2,1.0,0.5,0.6835913060296142,0.0,0.6331300325056861,-0.5142988182261207,0.2588029012654012,0.0,45.0,13.167408549026069,-0.027033246254744556,0.0,0.0,-0.5489470516569199,0.23713642191142184,0.0,45.0,13.168890715493934,-0.0397039260197007,-0.05955588902955105,-0.009528942244728169,-0.6652176535087717,0.11927435064935066,0.0,45.0,13.835382842528938,-0.031123276098377894,-0.031123276098377894,-0.0015561638049188947,-0.5246546296296297,0.24253414918414917,0.0,45.0,12.887869172156874,-0.07299893668881041,-0.07299893668881041,-0.0018249734172202604,-0.667317824074074,0.18347619047619046,0.0,45.0,13.457566102815635,-0.030692327392411924,-0.023019245544308942,-0.0013811547326585366
2026-06-23,Alex_Freeland,690976,hitter,LAD,MIN,2026,823690,69,119,142,0,696070.0,Kendry_Rojas,2.0,2.0,1.0,0.0,0.0,5.0,4.0,1.0,0.0,8.0,0.09615384615384616,0.49399999999999994,0.49399999999999994,0.0,0.0,59.279999999999994,1.5,9.75,4.821428571428571,1.08,-6.0,68.0,0,1.0,1.2246467991473532e-16,-1.0,0.7818314824680298,0.6234898018587336,0.5,0.5,0.5,0.5,0.5,0.5,0.5,0.5,0.5,0.5,synthetic,synthetic,synthetic,synthetic,synthetic,0.0,0.0,0.0,0.0,0.0,-110.0,-110.0,-110.0,-110.0,-110.0,-110.0,-110.0,-110.0,-110.0,-110.0,0.0,0.0,0.0,0.0,0.0,2026-08-07T03:26:40.888653+00:00,0.32153240841197006,0.34147277925849107,-0.10592717141943442,-0.4777687881811733,-0.15994782891751708,0.8,0.8,0.2,0.0,0.2,1.0,1.0,0.0,0.0,0.0,batter_pitcher_profile_network_v2,1.0,0.05,0.9425,0.0,0.5117271875,-0.449061785426731,-0.6083750000000001,0.0,46.0,10.510405912778346,-0.041476398546731366,-0.015708882913266782,-0.0015708882913266784,-0.4880668075684379,-0.6765,0.0,46.0,9.956416265513328,-0.06433162726901845,-0.11548262963443044,-0.01847722074150887,-0.5754207427536231,-0.7594444444444444,0.0,46.0,8.972037263282738,-0.06692141793179902,-0.09204892289418327,-0.0046024461447091635,-0.5137657407407408,-0.6765,0.0,46.0,9.804424706014727,-0.11476668213929356,-0.13475152724693246,-0.0033687881811733118,-0.5699011574074073,-0.8372222222222223,0.0,46.0,8.138090395958091,-0.0811126347657897,-0.08826967609781192,-0.005296180565868715
2026-06-24,Alex_Freeland,690976,hitter,LAD,MIN,2026,823691,70,119,142,0,657746.0,Joe_Ryan,1.0,2.0,1.0,0.0,0.0,4.0,4.0,0.0,1.0,9.0,0.10526315789473684,0.3175,0.3175,0.25,21.25,49.35,2.0,10.700000000000001,6.658163265306122,1.08,11.0,74.0,0,1.0,1.2246467991473532e-16,-1.0,0.9749279121818236,-0.22252093395631434,0.5,0.5,0.5,0.5,0.5,0.5,0.5,0.5,0.5,0.5,synthetic,synthetic,synthetic,synthetic,synthetic,0.0,0.0,0.0,0.0,0.0,-110.0,-110.0,-110.0,-110.0,-110.0,-110.0,-110.0,-110.0,-110.0,-110.0,0.0,0.0,0.0,0.0,0.0,2026-08-07T03:26:40.888653+00:00,0.656492584195578,0.8192325593820964,0.15125963417800758,-0.36439680696578236,-0.2528304022069078,1.0,1.0,0.4,0.0,0.0,2.0,2.0,1.0,0.0,0.0,batter_pitcher_profile_network_v2,1.0,0.95,0.33912790002245435,0.0,0.7930339906348869,-0.40755854044834283,-0.3701877890919594,0.0,46.0,12.52806404844379,-0.05989602004518703,-0.09970788521930189,-0.00997078852193019,-0.4588553849902533,-0.3565390340853785,0.0,46.0,12.674198139905906,-0.0747534841789428,-0.22024880649347725,-0.03523980903895636,-0.5406134868421051,-0.3824915493787958,0.0,46.0,12.553608493273378,-0.09644696825109701,-0.2331021606933396,-0.011655108034666982,-0.5115879629629629,-0.3446235103946054,0.0,46.0,12.461005015210329,-0.10835706465226935,-0.22487227863129672,-0.0056218069657824185,-0.5580775462962962,-0.37320383117430705,0.0,46.0,12.435915321523964,-0.07820854239500581,-0.196300652607073,-0.01177803915642438
2026-06-26,Alex_Freeland,690976,hitter,LAD,SD,2026,823285,71,119,135,0,621111.0,Walker_Buehler,0.0,0.0,0.0,0.0,0.0,3.0,3.0,0.0,1.0,9.0,0.08823529411764706,0.0,0.0,0.0,0.0,10.0,1.805357142857143,9.508928571428571,2.854591836734694,1.08,0.0,70.0,0,2.0,1.2246467991473532e-16,-1.0,-0.433883739117558,-0.9009688679024191,0.5,0.5,0.5,0.5,0.5,0.5,0.5,0.5,0.5,0.5,synthetic,real,real,real,synthetic,0.0,7.0,6.0,7.0,0.0,-110.0,138.059268,168.79692,960.985571,-110.0,-110.0,-142.119715,-229.912121,0.0,-110.0,0.0,0.5345224838248488,0.0,0.0,0.0,2026-06-27T01:11:02.474098+00:00,0.2541764605842338,0.3770769474669242,-0.22754980120857377,-0.4782061158405903,-0.5,0.8,1.0,0.4,0.0,0.0,1.0,2.0,1.0,0.0,0.0,batter_pitcher_profile_network_v2,1.0,0.95,0.26847590727474985,0.0,0.801256116290901,-0.33640277777777816,0.11832668219853207,0.0,47.0,14.57827050192677,-0.05534834035540526,0.0,0.0,-0.3840231481481484,0.0012024225555921225,0.0,47.0,14.680298487019513,-0.06635830712311008,-0.09953746068466512,-0.01592599370954642,-0.4742291666666668,0.0006924582122858208,0.0,47.0,14.929249555342322,-0.08411727267087651,-0.08411727267087651,-0.004205863633543826,-0.43477430555555563,-0.13612350582637067,0.0,47.0,14.180068830708418,-0.10895084125743831,-0.1522446336236124,-0.00380611584059031,-0.4763680555555555,0.013197431687086876,0.0,47.0,14.692053069162851,-0.07197162209953376,-0.053978716574650316,-0.003238722994479019
2026-06-27,Alex_Freeland,690976,hitter,LAD,SD,2026,823283,72,119,135,0,606996.0,Kyle_Hart,0.0,0.0,1.0,0.0,0.0,5.0,4.0,1.0,1.0,9.0,0.10204081632653061,0.13799999999999998,0.13799999999999998,0.0,0.0,16.56,1.500000000000001,15.0,2.693877551020408,1.08,0.0,69.0,0,1.0,1.2246467991473532e-16,-1.0,-0.9749279121818236,-0.2225209339563146,0.5,0.5,0.5,0.5,0.5,0.5,0.5,0.5,0.5,0.5,synthetic,real,real,real,synthetic,0.0,3.0,3.0,3.0,0.0,-110.0,132.941176,137.263158,782.692308,-110.0,-110.0,-105.0,-200.0,0.0,-110.0,0.0,0.5773502691896258,0.0,0.0,0.0,2026-06-27T13:01:31.487963+00:00,-0.15117823129251695,0.18813198124443897,-0.2795683520442549,-0.47408148102369413,-0.49939475466300975,0.8,1.0,0.4,0.0,0.0,0.0,0.0,0.0,0.0,0.0,batter_pitcher_profile_network_v2,1.0,0.0,1.0,0.0,0.5,-0.5507363573680067,0.0,0.0,48.0,15.525960135737055,-0.021228120792937743,0.0,0.0,-0.6060819542947206,0.0,0.0,48.0,15.50296201040004,-0.008527459100551754,-0.01279118865082763,-0.0020465901841324207,-0.686051861702128,0.0,0.0,48.0,15.751602844191012,-0.02967316333407708,-0.02967316333407708,-0.0014836581667038542,-0.592644675925926,0.0,0.0,48.0,15.166936996435712,0.012740759052233479,0.012740759052233479,0.000318518976305837,-0.6925300925925927,0.0,0.0,48.0,15.513114803969247,-0.05530293808955977,-0.04147720356716983,-0.0024886322140301896
2026-06-28,Alex_Freeland,690976,hitter,LAD,SD,2026,823281,73,119,135,0,650633.0,Michael_King,1.0,1.0,2.0,0.0,0.0,3.0,2.0,1.0,1.0,8.0,0.07894736842105263,0.5266666666666667,0.5266666666666667,0.0,0.0,63.20000000000001,3.4269230769230767,4.185164835164835,4.163265306122449,1.08,0.0,70.0,0,1.0,1.2246467991473532e-16,-1.0,-0.7818314824680299,0.6234898018587334,0.5,0.5,0.5,0.5,0.5,0.5,0.5,0.5,0.5,0.5,synthetic,synthetic,synthetic,synthetic,synthetic,0.0,0.0,0.0,0.0,0.0,-110.0,-110.0,-110.0,-110.0,-110.0,-110.0,-110.0,-110.0,-110.0,-110.0,0.0,0.0,0.0,0.0,0.0,2026-08-07T03:26:40.888653+00:00,0.41743330569335146,0.338474916485092,0.2547308980998715,-0.47378498370962524,-0.33636989474777124,0.8,1.0,0.6,0.0,0.0,0.0,0.0,1.0,0.0,0.0,batter_pitcher_profile_network_v2,1.0,1.0,0.36073300309046546,0.0,0.8058102071214179,-0.6294592592592594,-0.040384191629948135,0.0,48.0,15.497349052029172,-0.02225704866256207,-0.016250297055854325,-0.0016250297055854326,-0.668700925925926,0.0812815417707908,0.0,48.0,15.418010181171644,-0.005773374294573067,-0.008660061441859601,-0.0013856098306975363,-0.7580625000000001,0.03802057144749093,0.0,48.0,15.741612636002174,-0.06645436166887964,-0.06645436166887964,-0.003322718083443982,-0.606955787037037,0.21714596270620287,0.0,48.0,14.642944374335986,0.024600651614988873,0.024600651614988873,0.0006150162903747219,-0.753799537037037,0.028635363578151656,0.0,48.0,15.511238783628526,-0.052783673712259116,-0.03958775528419434,-0.00237526531705166
2026-06-29,Alex_Freeland,690976,hitter,LAD,ATH,2026,824986,74,119,133,0,695611.0,Gage_Jump,0.0,0.0,0.0,0.0,0.0,2.0,2.0,0.0,1.0,8.0,0.044444444444444446,0.0,0.0,0.0,0.0,10.0,1.8000000000000005,12.0,4.538961038961039,1.08,5.0,87.0,0,1.0,1.2246467991473532e-16,-1.0,0.0,1.0,0.5,0.5,0.5,0.5,0.5,0.5,0.5,0.5,0.5,0.5,synthetic,synthetic,synthetic,synthetic,synthetic,0.0,0.0,0.0,0.0,0.0,-110.0,-110.0,-110.0,-110.0,-110.0,-110.0,-110.0,-110.0,-110.0,-110.0,0.0,0.0,0.0,0.0,0.0,2026-08-07T03:26:40.888653+00:00,0.20362775017912527,0.1810221581407212,0.3314760095122433,-0.47853467266732475,-0.5,0.8,1.0,1.0,0.0,0.0,1.0,1.0,2.0,0.0,0.0,batter_pitcher_profile_network_v2,1.0,0.4,0.738639117388111,0.0,0.6038066832479826,-0.6118142336485425,-0.5209797958701469,0.0,48.0,13.209400529482803,-0.01930445836726871,-0.0833069137931637,-0.00833069137931637,-0.6503054767533493,-0.6416393076546586,0.0,48.0,12.024750229497236,-0.02796766428809453,-0.15100734495382578,-0.024161175192612128,-0.7293559397163123,-0.6472471973283376,0.0,48.0,11.887561986153704,-0.041059279141554675,-0.1644408487161743,-0.008222042435808714,-0.5975928240740741,-0.7479278879015722,0.0,48.0,10.70552634819521,-0.048570003512269616,-0.1653869066929905,-0.004134672667324763,-0.7112143518518519,-0.7161129380690784,0.0,48.0,11.010550829811045,-0.07280257712974157,-0.18771559146336458,-0.011262935487801875
2026-07-01,Alex_Freeland,690976,hitter,LAD,ATH,2026,824985,75,119,133,0,669372.0,JT_Ginn,0.0,0.0,0.0,0.0,0.0,4.0,4.0,0.0,3.0,7.0,0.10810810810810811,0.0,0.0,0.0,0.0,10.0,3.187500000000005,6.8125,4.84915084915085,1.08,8.0,83.0,0,2.0,-0.4999999999999997,-0.8660254037844388,0.9749279121818236,-0.22252093395631434,0.5,0.5,0.5,0.5,0.5,0.5,0.5,0.5,0.5,0.5,synthetic,synthetic,synthetic,synthetic,synthetic,0.0,0.0,0.0,0.0,0.0,-110.0,-110.0,-110.0,-110.0,-110.0,-110.0,-110.0,-110.0,-110.0,-110.0,0.0,0.0,0.0,0.0,0.0,2026-08-07T03:26:40.888653+00:00,0.13976477804890997,-0.13018843143025005,0.03406703614678763,-0.4761904085372274,-0.4296707623989554,0.4,0.6,0.8,0.0,0.0,0.0,0.0,0.0,0.0,0.0,batter_pitcher_profile_network_v2,1.0,0.9,0.4588704885739923,0.0,0.7644095286347173,-0.5830736708482677,-0.218534813749286,0.0,49.0,15.850831014726275,-0.023231422212308735,-0.06895174836043128,-0.0068951748360431275,-0.631145101553166,-0.1855528272976403,0.0,49.0,16.00706298051462,-0.028137298001564365,-0.10557803427690086,-0.016892485484304137,-0.7268622311827958,-0.08710076279929198,0.0,49.0,16.520145066378095,-0.03287540329881094,-0.0671344505394243,-0.003356722526971215,-0.5975928240740741,-0.1314538013236143,0.0,49.0,15.81683496095857,-0.02910745364192952,-0.0716163414890967,-0.0017904085372274173,-0.7212143518518519,-0.15818030825383742,0.0,49.0,16.059711830737573,-0.0568767721624588,-0.10439066652721718,-0.006263439991633031
2026-07-03,Alex_Freeland,690976,hitter,LAD,SD,2026,823933,76,119,135,1,650633.0,Michael_King,0.0,0.0,0.0,0.0,0.0,2.0,2.0,0.0,1.0,9.0,0.058823529411764705,0.0,0.0,0.0,0.0,10.0,4.846153846153847,6.2967032967032965,9.324254317111459,1.08,4.0,73.0,0,2.0,-0.4999999999999997,-0.8660254037844388,-0.433883739117558,-0.9009688679024191,0.5,0.5,0.5,0.5,0.5,0.5,0.5,0.5,0.5,0.5,synthetic,synthetic,synthetic,synthetic,synthetic,0.0,0.0,0.0,0.0,0.0,-110.0,-110.0,-110.0,-110.0,-110.0,-110.0,-110.0,-110.0,-110.0,-110.0,0.0,0.0,0.0,0.0,0.0,2026-08-07T03:26:40.888653+00:00,0.09665487496241265,-0.42190605569526285,0.04806488889365912,-0.4751581840117088,-0.2620986374801592,0.2,0.2,0.6,0.0,0.0,0.0,0.0,0.0,0.0,0.0,batter_pitcher_profile_network_v2,1.0,1.0,0.37436631442562746,1.0,0.8228901264828608,-0.6233962514934289,-0.07673277762409282,0.04814814814814815,48.0,16.101164882374817,-0.04455003751651766,0.0031594554449154884,0.00031594554449154884,-0.6580268219832737,0.028989001164062334,0.017283950617283945,48.0,16.08505146087129,-0.0362154507233218,-0.04244593633068716,-0.006791349812909946,-0.7454106182795701,0.030155294984006875,0.1111111111111111,48.0,16.33989924545387,-0.1366631645495034,-0.060309480414746305,-0.0030154740207373153,-0.5975928240740741,0.16191749461384403,-0.024691358024691357,48.0,15.37465457874699,-0.013359875105072081,-0.03032736046835143,-0.0007581840117087858,-0.716214351851852,0.005258097021852589,-0.06666666666666667,48.0,16.112982949714908,-0.038646473224804447,-0.07479706539945759,-0.004487823923967455
2026-07-04,Alex_Freeland,690976,hitter,LAD,SD,2026,823932,77,119,135,1,593974.0,Wandy_Peralta,1.0,1.0,0.0,0.0,0.0,3.0,3.0,0.0,1.0,9.0,0.0967741935483871,0.2966666666666667,0.2966666666666667,0.0,0.0,35.6,12.0,9.0,9.967111459968603,1.08,0.0,77.0,0,1.0,-0.4999999999999997,-0.8660254037844388,-0.9749279121818236,-0.2225209339563146,0.5,0.5,0.5,0.5,0.5,0.5,0.5,0.5,0.5,0.5,synthetic,synthetic,synthetic,synthetic,synthetic,0.0,0.0,0.0,0.0,0.0,-110.0,-110.0,-110.0,-110.0,-110.0,-110.0,-110.0,-110.0,-110.0,-110.0,0.0,0.0,0.0,0.0,0.0,2026-08-07T03:26:40.888653+00:00,0.04106279525786838,-0.2865411916168747,0.2760983693552558,-0.4805225405536093,-0.11197156509466694,0.2,0.2,0.6,0.0,0.0,0.0,0.0,0.0,0.0,0.0,batter_pitcher_profile_network_v2,1.0,0.15,0.625,0.0,0.541015625,-0.6759909219001613,-0.8000000000000002,0.0,49.0,11.17882756186095,-0.04175341553834942,-0.20279727657004842,-0.020279727657004844,-0.6930899355877619,-0.8400000000000001,0.0,49.0,10.748755787928259,-0.04765365924204271,-0.2898038185732091,-0.04636861097171346,-0.7804737318840583,-1.0,0.0,49.0,8.433199457271876,-0.06950943415965352,-0.36218708361617535,-0.01810935418080877,-0.5975928240740741,-0.8400000000000001,0.0,49.0,10.60864868179474,-0.05665988256104021,-0.24490162214437355,-0.006122540553609339,-0.716214351851852,-1.0,0.0,49.0,8.546597905742427,-0.08930592865185857,-0.3355598284333384,-0.020133589706000304
2026-07-05,Alex_Freeland,690976,hitter,LAD,SD,2026,823931,78,119,135,1,676664.0,JP_Sears,1.0,1.0,0.0,0.0,1.0,4.0,4.0,0.0,2.0,8.0,0.1111111111111111,0.2225,0.2225,0.0,0.0,26.7,7.165966386554622,9.718487394957982,8.497723704866562,1.08,0.0,81.0,0,1.0,-0.4999999999999997,-0.8660254037844388,-0.7818314824680299,0.6234898018587334,0.5,0.5,0.5,0.5,0.5,0.5,0.5,0.5,0.5,0.5,synthetic,synthetic,synthetic,synthetic,synthetic,0.0,0.0,0.0,0.0,0.0,-110.0,-110.0,-110.0,-110.0,-110.0,-110.0,-110.0,-110.0,-110.0,-110.0,0.0,0.0,0.0,0.0,0.0,2026-08-07T03:26:40.888653+00:00,0.28238457844676335,0.0020486985863584772,0.07888080535990505,-0.47447912932316677,-0.1697396345436764,0.4,0.4,0.4,0.0,0.0,1.0,1.0,0.0,0.0,0.0,batter_pitcher_profile_network_v2,1.0,0.1,0.7210919236413144,0.0,0.5261666239353939,-0.6512960424133808,0.5475806451612903,0.0,49.0,13.982414830694259,-0.02670179509515299,0.0,0.0,-0.667595818399044,0.6774395161290323,0.0,49.0,12.311253878819723,-0.016915144779061454,-0.02537271716859218,-0.004059634746974749,-0.7435490591397848,0.7822916666666667,0.0,49.0,11.178444788193561,-0.02260759766846354,-0.02260759766846354,-0.0011303798834231772,-0.5881113425925926,0.8180645161290323,0.0,49.0,10.648687080722217,-0.0031651729266720667,-0.0031651729266720667,-7.912932316680168e-05,-0.6634689814814813,0.8208333333333334,0.0,49.0,10.608133176248641,0.021278078807306543,0.015958559105479907,0.0009575135463287944
2026-07-07,Alex_Freeland,690976,hitter,LAD,COL,2026,823929,79,119,115,1,547179.0,Michael_Lorenzen,3.0,3.0,1.0,0.0,1.0,4.0,4.0,0.0,1.0,8.0,0.10256410256410256,0.6675,0.6675,0.0,0.0,65.0,4.6934389140271495,4.034219457013574,3.214285714285715,1.08,0.0,76.0,0,2.0,-0.4999999999999997,-0.8660254037844388,0.7818314824680298,0.6234898018587336,0.5,0.5,0.5,0.5,0.5,0.5,0.5,0.5,0.5,0.5,synthetic,synthetic,synthetic,synthetic,synthetic,0.0,0.0,0.0,0.0,0.0,-110.0,-110.0,-110.0,-110.0,-110.0,-110.0,-110.0,-110.0,-110.0,-110.0,0.0,0.0,0.0,0.0,0.0,2026-08-07T03:26:40.888653+00:00,0.3270180827934869,0.21477419855424484,-0.20093257661815522,-0.4716374860566926,-0.010485446325329217,0.4,0.4,0.0,0.0,0.2,1.0,1.0,0.0,0.0,1.0,batter_pitcher_profile_network_v2,1.0,1.0,0.3779113346311138,1.0,0.8224558615076886,-0.8051163082437275,0.6754139245329364,0.1111111111111111,48.0,12.243885221105154,-0.0109421485568813,0.07655062970172855,0.007655062970172855,-0.8608432795698924,0.5327012286182395,0.10123456790123456,48.0,13.882129405230774,0.02745757445348864,0.11093249096403007,0.01774919855424481,-0.8981182795698924,0.5339025273133728,0.1111111111111111,48.0,14.146507386565364,0.02839673903406712,0.10494736873579566,0.005247368436789784,-0.7731298611111111,0.3652347107610967,0.0,48.0,15.432828549872408,0.11050055773229593,0.11050055773229593,0.0027625139433073986,-0.8616888888888888,0.5859374975514682,0.1111111111111111,48.0,13.38418588792986,0.007596568064369912,0.08224805575000597,0.004934883345000358
2026-07-10,Alex_Freeland,690976,hitter,LAD,AZ,2026,823927,80,119,109,1,593958.0,Eduardo_Rodriguez,0.0,0.0,0.0,0.0,0.0,1.0,1.0,0.0,1.0,4.0,0.027777777777777776,0.0,0.0,0.0,0.0,10.0,1.4285714285714286,4.178571428571427,2.838650479954828,1.08,8.0,77.0,0,3.0,-0.4999999999999997,-0.8660254037844388,-0.433883739117558,-0.9009688679024191,0.5,0.5,0.5,0.5,0.5,0.5,0.5,0.5,0.5,0.5,synthetic,synthetic,synthetic,synthetic,synthetic,0.0,0.0,0.0,0.0,0.0,-110.0,-110.0,-110.0,-110.0,-110.0,-110.0,-110.0,-110.0,-110.0,-110.0,0.0,0.0,0.0,0.0,0.0,2026-08-07T03:26:40.888653+00:00,0.8673215046817453,0.4491417421398294,-0.3862029605684914,-0.47324821454296007,-0.1991460433816027,1.0,1.0,0.2,0.0,0.4,3.0,3.0,1.0,0.0,1.0,batter_pitcher_profile_network_v2,1.0,0.95,0.3274215841817782,2.0,0.8318963131408456,-0.6658601851851852,-0.0821671354562344,-0.13333333333333333,48.0,17.500809455697567,-0.051707411227139066,-0.12529276421209695,-0.012529276421209696,-0.7508638888888889,-0.10660889587411908,-0.09777777777777778,48.0,17.511670920366342,0.004816864260999017,-0.11150994495939986,-0.017841591193503977,-0.7645,-0.13716081041542566,-0.14666666666666667,48.0,17.595641322880958,0.010160753926601917,-0.15770969132465712,-0.007885484566232856,-0.7527594907407408,-0.09586057748846875,0.0,48.0,17.25239382147788,0.09460464952245679,0.04607141828159636,0.001151785457039909,-0.7577351851851851,-0.18950479397297426,-0.12,48.0,17.10464793160853,-0.048262326103123865,-0.21242056743351367,-0.01274523404601082
2026-07-11,Alex_Freeland,690976,hitter,LAD,AZ,2026,823926,81,119,109,1,694297.0,Brandon_Pfaadt,0.0,0.0,0.0,0.0,0.0,1.0,1.0,0.0,1.0,3.0,0.030303030303030304,0.0,0.0,0.0,0.0,10.0,6.5625,7.7250000000000005,2.931818181818182,1.08,-4.0,81.0,0,1.0,-0.4999999999999997,-0.8660254037844388,-0.9749279121818236,-0.2225209339563146,0.5,0.5,0.5,0.5,0.5,0.5,0.5,0.5,0.5,0.5,synthetic,synthetic,synthetic,synthetic,synthetic,0.0,0.0,0.0,0.0,0.0,-110.0,-110.0,-110.0,-110.0,-110.0,-110.0,-110.0,-110.0,-110.0,-110.0,0.0,0.0,0.0,0.0,0.0,2026-08-07T03:26:40.888653+00:00,0.3071143774696108,0.04929981421841845,-0.5,-0.4719929379526858,-0.3435774149874772,1.0,1.0,0.2,0.0,0.4,0.0,0.0,0.0,0.0,0.0,batter_pitcher_profile_network_v2,1.0,0.35,0.771922788504098,0.0,0.5894038104428868,-0.7564079749103942,-0.08813332438238465,0.0,49.0,18.600496002325652,-0.054292992556187095,-0.01520471015237621,-0.001520471015237621,-0.8202599462365591,-0.04755115467239535,0.0,49.0,18.750273719350066,0.00409276716998878,-0.002756842953066215,-0.0004410948724905944,-0.8244932795698925,-0.16048885606874333,0.0,49.0,18.603776786639887,0.02225899561475494,-0.007920633350109209,-0.00039603166750546044,-0.7622409722222223,0.02192722878625131,0.0,49.0,18.496012155070893,0.0962824818925659,0.0962824818925659,0.0024070620473141476,-0.7979805555555555,-0.1660637307554601,0.0,49.0,18.34258313848892,-0.06647244484878523,-0.08007812857916533,-0.004804687714749919
2026-07-19,Alex_Freeland,690976,hitter,LAD,NYY,2026,823521,82,119,147,0,642232.0,Ryan_Yarbrough,0.0,0.0,0.0,0.0,0.0,0.0,0.0,0.0,0.0,3.0,0.0,0.0,0.0,0.0,0.0,10.0,1.8,3.6,1.5737476808905382,1.08,0.0,76.0,0,8.0,-0.4999999999999997,-0.8660254037844388,-0.7818314824680299,0.6234898018587334,0.5,0.5,0.5,0.5,0.5,0.5,0.5,0.5,0.5,0.5,synthetic,synthetic,synthetic,synthetic,synthetic,0.0,0.0,0.0,0.0,0.0,-110.0,-110.0,-110.0,-110.0,-110.0,-110.0,-110.0,-110.0,-110.0,-110.0,0.0,0.0,0.0,0.0,0.0,2026-08-07T03:26:40.888653+00:00,0.39268324056895487,0.02573448933767708,-0.49908697896670523,-0.4720226914262948,-0.4411926868462646,1.0,1.0,0.2,0.0,0.4,0.0,0.0,0.0,0.0,0.0,batter_pitcher_profile_network_v2,1.0,0.0,1.0,0.0,0.5,-0.8986703703703705,0.0,0.0,49.0,18.867701498004003,0.003967039699156203,0.0,0.0,-0.9240027777777777,0.0,0.0,49.0,18.902542507363936,0.037852038906988135,0.056778058360482206,0.009084489337677153,-0.9208333333333334,0.0,0.0,49.0,19.160508188434047,0.018260420665895435,0.018260420665895435,0.0009130210332947719,-0.7826113425925927,0.0,0.0,49.0,18.59629784930233,0.0950923429482059,0.0950923429482059,0.0023773085737051475,-0.8511703703703704,0.0,0.0,49.0,18.883737446433166,0.024887313537966214,0.01866548515347466,0.0011199291092084795
2026-07-20,Alex_Freeland,690976,hitter,LAD,PHI,2026,823436,83,119,143,0,650911.0,Cristopher_Sánchez,0.0,0.0,0.0,0.0,0.0,2.0,2.0,0.0,1.0,6.0,0.046511627906976744,0.0,0.0,0.0,0.0,10.0,17.957142857142856,9.9,3.685714285714286,1.08,7.0,82.0,0,1.0,-0.4999999999999997,-0.8660254037844388,0.0,1.0,0.5,0.5,0.5,0.5,0.5,0.5,0.5,0.5,0.5,0.5,synthetic,synthetic,synthetic,synthetic,synthetic,0.0,0.0,0.0,0.0,0.0,-110.0,-110.0,-110.0,-110.0,-110.0,-110.0,-110.0,-110.0,-110.0,-110.0,0.0,0.0,0.0,0.0,0.0,2026-08-07T03:26:40.888653+00:00,0.12253399778516061,-0.05366084549736805,-0.47160538184996154,-0.47431571605025075,-0.28064133745189246,0.8,0.8,0.2,0.0,0.4,0.0,0.0,0.0,0.0,0.0,batter_pitcher_profile_network_v2,1.0,1.0,0.45,0.0,0.794875,-0.8986703703703705,0.042461670619655584,0.0,48.0,18.800382057860777,0.007359740911858664,0.0,0.0,-0.9240027777777777,-0.061188007546058895,0.0,48.0,18.77641729794737,0.03280746272861273,0.018115355176333763,0.002898456828213402,-0.9,-0.008556779829987489,0.0,48.0,19.075836573136275,0.019320660046513467,0.015085054030669658,0.000754252701533483,-0.7826113425925927,-0.19273097629605884,0.0,48.0,17.97343394921878,0.08632975445500086,0.003371357989968987,8.428394974922468e-05,-0.8386703703703703,0.036944522253345845,0.0,48.0,18.813593052471433,0.030561640973080072,0.022921230729810053,0.0013752738437886032
2026-07-26,Alex_Freeland,690976,hitter,LAD,NYM,2026,823599,84,119,121,0,642547.0,Freddy_Peralta,0.0,0.0,0.0,0.0,0.0,1.0,1.0,0.0,1.0,3.0,0.02564102564102564,0.0,0.0,0.0,0.0,10.0,5.964972527472528,11.38598901098901,3.26456043956044,1.08,-5.0,79.0,0,6.0,-0.4999999999999997,-0.8660254037844388,-0.7818314824680299,0.6234898018587334,0.5,0.5,0.5,0.5,0.5,0.5,0.5,0.5,0.5,0.5,synthetic,synthetic,synthetic,synthetic,synthetic,0.0,0.0,0.0,0.0,0.0,-110.0,-110.0,-110.0,-110.0,-110.0,-110.0,-110.0,-110.0,-110.0,-110.0,0.0,0.0,0.0,0.0,0.0,2026-08-07T03:26:40.888653+00:00,-0.14929139194139185,-0.19307969122466134,-0.48783513455987415,-0.47190652375417413,-0.46046747050058456,0.6,0.6,0.2,0.0,0.2,0.0,0.0,0.0,0.0,0.0,batter_pitcher_profile_network_v2,1.0,1.0,0.3367932827278372,0.0,0.80874282286584,-0.9190407407407407,0.23342143639425397,0.0,49.0,18.926355056125235,0.015011462045792186,0.0,0.0,-0.9392805555555555,0.20343731971475512,0.0,49.0,19.058775418889763,0.04279295323057765,0.06418942984586648,0.010270308775338638,-0.8875,0.46354251224089194,0.0,49.0,17.09818533955163,0.03758302308823122,0.03758302308823122,0.0018791511544115611,-0.802981712962963,0.20847314774023284,0.0,49.0,18.74235084509796,0.09973904983303294,0.09973904983303294,0.002493476245825824,-0.8515407407407406,0.4404829757936166,0.0,49.0,17.159179911010106,0.07001469705660554,0.052511022792454155,0.003150661367547249
