Date,Player,Player_MLBAM_ID,Player_Type,Team,Opponent,Season,Game_ID,Game_Index,Team_ID,Opponent_ID,Is_Home,Opp_Starter_ID,Opp_Starter_Player,H,TB,R,HR,RBI,PA,AB,BB,SO,Batting_Order,Team_PA_share,wOBA,xwOBA,ISO,Barrel%,HardHit%,Opp_Pitcher_ERA_3,Opp_Pitcher_K9_3,Opp_Bullpen_ERA_7,Park_Factor,Wind_Out_MPH,Temp_F,Did_Not_Play,Rest_Days,Month_sin,Month_cos,DayOfWeek_sin,DayOfWeek_cos,Market_H,Market_TB,Market_R,Market_HR,Market_RBI,Synthetic_Market_H,Synthetic_Market_TB,Synthetic_Market_R,Synthetic_Market_HR,Synthetic_Market_RBI,Market_Source_H,Market_Source_TB,Market_Source_R,Market_Source_HR,Market_Source_RBI,Market_H_books,Market_TB_books,Market_R_books,Market_HR_books,Market_RBI_books,Market_H_over_price,Market_TB_over_price,Market_R_over_price,Market_HR_over_price,Market_RBI_over_price,Market_H_under_price,Market_TB_under_price,Market_R_under_price,Market_HR_under_price,Market_RBI_under_price,Market_H_line_std,Market_TB_line_std,Market_R_line_std,Market_HR_line_std,Market_RBI_line_std,Market_Fetched_At_UTC,H_market_gap,TB_market_gap,R_market_gap,HR_market_gap,RBI_market_gap,H_rolling_avg,TB_rolling_avg,R_rolling_avg,HR_rolling_avg,RBI_rolling_avg,H_lag1,TB_lag1,R_lag1,HR_lag1,RBI_lag1,Matchup_Network_Version,Matchup_Network_Batter_Support,Matchup_Network_Pitcher_Support,Pitcher_Profile_Uncertainty,Batter_Vs_Starter_Games,Matchup_Network_Confidence,Batter_Profile_H_Strength,Pitcher_Profile_H_Vulnerability,Batter_Vs_Starter_H_Lift,Archetype_Neighbor_H_Games,Archetype_Neighbor_H_Effective_Support,Archetype_Neighbor_H_Lift,Matchup_Network_H_Score,Matchup_Network_H_Adjustment,Batter_Profile_TB_Strength,Pitcher_Profile_TB_Vulnerability,Batter_Vs_Starter_TB_Lift,Archetype_Neighbor_TB_Games,Archetype_Neighbor_TB_Effective_Support,Archetype_Neighbor_TB_Lift,Matchup_Network_TB_Score,Matchup_Network_TB_Adjustment,Batter_Profile_R_Strength,Pitcher_Profile_R_Vulnerability,Batter_Vs_Starter_R_Lift,Archetype_Neighbor_R_Games,Archetype_Neighbor_R_Effective_Support,Archetype_Neighbor_R_Lift,Matchup_Network_R_Score,Matchup_Network_R_Adjustment,Batter_Profile_HR_Strength,Pitcher_Profile_HR_Vulnerability,Batter_Vs_Starter_HR_Lift,Archetype_Neighbor_HR_Games,Archetype_Neighbor_HR_Effective_Support,Archetype_Neighbor_HR_Lift,Matchup_Network_HR_Score,Matchup_Network_HR_Adjustment,Batter_Profile_RBI_Strength,Pitcher_Profile_RBI_Vulnerability,Batter_Vs_Starter_RBI_Lift,Archetype_Neighbor_RBI_Games,Archetype_Neighbor_RBI_Effective_Support,Archetype_Neighbor_RBI_Lift,Matchup_Network_RBI_Score,Matchup_Network_RBI_Adjustment
2026-03-01,Mookie_Betts,605141,hitter,LAD,LAA,2026,831827,0,119,108,1,672282.0,Reid_Detmers,0.0,0.0,1.0,0.0,0.0,2.0,2.0,0.0,0.0,3.0,0.05,0.0,0.0,0.0,0.0,10.0,4.1,8.2,4.0,1.0611111111111111,0.0,88.0,0,2.0,1.0,6.123233995736766e-17,-0.7818314824680299,0.6234898018587334,0.5,0.5,0.5,0.5,0.5,0.5,0.5,0.5,0.5,0.5,synthetic,synthetic,synthetic,synthetic,synthetic,0.0,0.0,0.0,0.0,0.0,-110.0,-110.0,-110.0,-110.0,-110.0,-110.0,-110.0,-110.0,-110.0,-110.0,0.0,0.0,0.0,0.0,0.0,2026-08-07T03:26:40.888653+00:00,-0.2998333333333333,-0.5,0.2297499999999999,-0.48044444444444445,-0.5,0.0,0.0,1.0,0.0,0.0,0.0,0.0,1.0,0.0,0.0,,0.0,0.0,1.0,0.0,0.0,0.0,0.0,0.0,0.0,0.0,0.0,0.0,0.0,0.0,0.0,0.0,0.0,0.0,0.0,0.0,0.0,0.0,0.0,0.0,0.0,0.0,0.0,0.0,0.0,0.0,0.0,0.0,0.0,0.0,0.0,0.0,0.0,0.0,0.0,0.0,0.0,0.0,0.0,0.0,0.0
2026-03-02,Mookie_Betts,605141,hitter,LAD,COL,2026,831808,1,119,115,0,623474.0,Jimmy_Herget,1.0,1.0,0.0,0.0,0.0,3.0,3.0,0.0,0.0,3.0,0.07692307692307693,0.2966666666666667,0.2966666666666667,0.0,0.0,35.6,4.1,8.2,10.5,1.0611111111111111,8.0,85.0,0,1.0,1.0,6.123233995736766e-17,0.0,1.0,0.5,0.5,0.5,0.5,0.5,0.5,0.5,0.5,0.5,0.5,synthetic,synthetic,synthetic,synthetic,synthetic,0.0,0.0,0.0,0.0,0.0,-110.0,-110.0,-110.0,-110.0,-110.0,-110.0,-110.0,-110.0,-110.0,-110.0,0.0,0.0,0.0,0.0,0.0,2026-08-07T03:26:40.888653+00:00,-0.014256410256410168,-0.39491666666666664,0.7518397435897435,-0.48044444444444445,-0.08853846153846151,0.0,0.0,1.0,0.0,0.0,0.0,0.0,1.0,0.0,0.0,batter_pitcher_profile_network_v2,0.03333333333333333,0.0,1.0,0.0,0.016666666666666666,-0.09999999999999998,0.0,0.0,0.0,0.0,0.0,0.0,0.0,-0.4,0.0,0.0,0.0,0.0,0.0,0.0,0.0,-0.025000000000000022,0.0,0.0,0.0,0.0,0.0,0.0,0.0,-0.95625,0.0,0.0,0.0,0.0,0.0,0.0,0.0,-0.7749999999999999,0.0,0.0,0.0,0.0,0.0,0.0,0.0
2026-03-06,Mookie_Betts,605141,hitter,LAD,KC,2026,831842,2,119,118,1,687765.0,Mitch_Spence,1.0,2.0,1.0,0.0,1.0,3.0,3.0,0.0,0.0,3.0,0.07894736842105263,0.42333333333333334,0.42333333333333334,0.3333333333333333,28.333333333333332,65.0,0.0,9.0,3.5113636363636367,1.0611111111111111,0.0,70.0,0,4.0,1.0,6.123233995736766e-17,-0.433883739117558,-0.9009688679024191,0.5,0.5,0.5,0.5,0.5,0.5,0.5,0.5,0.5,0.5,synthetic,synthetic,synthetic,synthetic,synthetic,0.0,0.0,0.0,0.0,0.0,-110.0,-110.0,-110.0,-110.0,-110.0,-110.0,-110.0,-110.0,-110.0,-110.0,0.0,0.0,0.0,0.0,0.0,2026-08-07T03:26:40.888653+00:00,0.07917384370015945,0.5142938596491227,0.01462519936204143,-0.3262777777777778,-0.39758971291866024,0.5,0.5,0.5,0.0,0.0,1.0,1.0,0.0,0.0,0.0,batter_pitcher_profile_network_v2,0.06666666666666667,0.0,1.0,0.0,0.03333333333333333,-0.06888888888888886,0.0,0.0,0.0,0.0,0.0,0.0,0.0,-0.37666666666666665,0.0,0.0,0.0,0.0,0.0,0.0,0.0,-0.025000000000000022,0.0,0.0,0.0,0.0,0.0,0.0,0.0,-0.9251388888888888,0.0,0.0,0.0,0.0,0.0,0.0,0.0,-0.7438888888888888,0.0,0.0,0.0,0.0,0.0,0.0,0.0
2026-03-07,Mookie_Betts,605141,hitter,LAD,COL,2026,831863,3,119,115,1,807743.0,Sean_Sullivan,1.0,1.0,0.0,0.0,0.0,3.0,3.0,0.0,0.0,3.0,0.075,0.2966666666666667,0.2966666666666667,0.0,0.0,35.6,5.4,10.8,8.229494190020505,1.0611111111111111,-4.0,77.0,0,1.0,1.0,6.123233995736766e-17,-0.9749279121818236,-0.2225209339563146,0.5,0.5,0.5,0.5,0.5,0.5,0.5,0.5,0.5,0.5,synthetic,synthetic,synthetic,synthetic,synthetic,0.0,0.0,0.0,0.0,0.0,-110.0,-110.0,-110.0,-110.0,-110.0,-110.0,-110.0,-110.0,-110.0,-110.0,0.0,0.0,0.0,0.0,0.0,2026-08-07T03:26:40.888653+00:00,0.3180964342674869,0.5029833333333333,0.4225580428343585,-0.48044444444444445,0.18234137616769197,0.6666666666666666,1.0,0.6666666666666666,0.0,0.3333333333333333,1.0,2.0,1.0,0.0,1.0,batter_pitcher_profile_network_v2,0.1,0.0,1.0,0.0,0.05,0.10928240740740743,0.0,0.0,0.0,0.0,0.0,0.0,0.0,-0.07171296296296296,0.0,0.0,0.0,0.0,0.0,0.0,0.0,0.0031249999999999334,0.0,0.0,0.0,0.0,0.0,0.0,0.0,-0.051481481481481475,0.0,0.0,0.0,0.0,0.0,0.0,0.0,-0.3629398148148148,0.0,0.0,0.0,0.0,0.0,0.0,0.0
2026-03-10,Mookie_Betts,605141,hitter,LAD,AZ,2026,831956,4,119,109,1,694297.0,Brandon_Pfaadt,2.0,2.0,0.0,0.0,0.0,3.0,3.0,0.0,1.0,3.0,0.08333333333333333,0.5933333333333334,0.5933333333333334,0.0,0.0,65.0,0.0,3.8571428571428568,6.218496728835076,1.0611111111111111,-7.0,73.0,0,3.0,1.0,6.123233995736766e-17,0.7818314824680298,0.6234898018587336,0.5,0.5,0.5,0.5,0.5,0.5,0.5,0.5,0.5,0.5,synthetic,synthetic,synthetic,synthetic,synthetic,0.0,0.0,0.0,0.0,0.0,-110.0,-110.0,-110.0,-110.0,-110.0,-110.0,-110.0,-110.0,-110.0,-110.0,0.0,0.0,0.0,0.0,0.0,2026-08-07T03:26:40.888653+00:00,0.6350007442817096,0.5055369272190477,0.24899250565196096,-0.48046850501140875,-0.036186156747987475,0.75,1.0,0.5,0.0,0.25,1.0,1.0,0.0,0.0,0.0,batter_pitcher_profile_network_v2,0.13333333333333333,0.05,0.9425,0.0,0.07839385416666667,0.16774305555555552,-0.3782857142857143,0.0,0.0,0.0,0.0,-0.00048648681216931206,-4.864868121693121e-05,-0.07909722222222232,-0.4782857142857142,0.0,0.0,0.0,0.0,-0.0002900382142857146,-4.640611428571434e-05,0.0828124999999999,-0.49343915343915334,0.0,0.0,0.0,0.0,-0.00031328246252204536,-1.5664123126102268e-05,-0.26246527777777784,-0.4782857142857142,0.0,0.0,0.0,0.0,-0.0009624226785714286,-2.4060566964285717e-05,-0.37392361111111116,-0.6452910052910054,0.0,0.0,0.0,0.0,-0.0018498864956888108,-0.00011099318974132865
2026-03-14,Mookie_Betts,605141,hitter,LAD,CWS,2026,831809,5,119,145,0,678024.0,Mike_Vasil,0.0,0.0,1.0,0.0,0.0,3.0,2.0,1.0,1.0,3.0,0.07692307692307693,0.22999999999999998,0.22999999999999998,0.0,0.0,27.599999999999998,0.0,3.0,3.8105983302411874,1.0611111111111111,0.0,88.0,0,4.0,1.0,6.123233995736766e-17,-0.9749279121818236,-0.2225209339563146,0.5,1.5,0.5,0.5,0.5,0.5,1.5,0.5,0.5,0.5,synthetic,synthetic,synthetic,synthetic,synthetic,0.0,0.0,0.0,0.0,0.0,-110.0,-110.0,-110.0,-110.0,-110.0,-110.0,-110.0,-110.0,-110.0,-110.0,0.0,0.0,0.0,0.0,0.0,2026-08-07T03:26:40.888653+00:00,0.9521675229532374,-0.4009166666666666,-0.14329700656486372,-0.48044444444444445,-0.3070085450264021,1.0,1.2,0.4,0.0,0.2,2.0,2.0,0.0,0.0,0.0,batter_pitcher_profile_network_v2,0.16666666666666666,0.0,1.0,0.0,0.08333333333333333,0.5277361111111109,0.0,0.0,0.0,0.0,0.0,0.0,0.0,0.18797222222222199,0.0,0.0,0.0,0.0,0.0,0.0,0.0,0.4643749999999997,0.0,0.0,0.0,0.0,0.0,0.0,0.0,-0.3237222222222223,0.0,0.0,0.0,0.0,0.0,0.0,0.0,-0.05559722222222248,0.0,0.0,0.0,0.0,0.0,0.0,0.0
2026-03-15,Mookie_Betts,605141,hitter,LAD,CHC,2026,831814,6,119,112,0,592791.0,Jameson_Taillon,1.0,4.0,1.0,1.0,1.0,3.0,3.0,0.0,0.0,3.0,0.06818181818181818,0.7000000000000001,0.7000000000000001,1.0,30.0,65.0,23.142857142857142,7.7142857142857135,4.299313186813187,1.0277777777777777,0.0,85.0,0,1.0,1.0,6.123233995736766e-17,-0.7818314824680299,0.6234898018587334,0.5,1.5,0.5,0.5,0.5,0.5,1.5,0.5,0.5,0.5,synthetic,synthetic,synthetic,synthetic,synthetic,0.0,0.0,0.0,0.0,0.0,-110.0,-110.0,-110.0,-110.0,-110.0,-110.0,-110.0,-110.0,-110.0,-110.0,0.0,0.0,0.0,0.0,0.0,2026-08-07T03:26:40.888653+00:00,0.41349868506609067,0.7051218623680215,0.26882399197769147,-0.16611111111111115,-0.1518525224775224,1.0,1.2,0.4,0.0,0.2,0.0,0.0,1.0,0.0,0.0,batter_pitcher_profile_network_v2,0.2,0.05,0.9425,0.0,0.1117271875,0.3861151960784311,0.7803571428571429,0.0,0.0,0.0,0.0,0.0034650391390931346,0.0003465039139093135,0.05537309368191694,0.8242857142857143,0.0,0.0,0.0,0.0,0.0005248973758947999,8.398358014316797e-05,0.3465073529411762,1.0,0.0,0.0,0.0,0.0,0.003984834558823526,0.00019924172794117632,-0.4338194444444445,0.8242857142857143,0.0,0.0,0.0,0.0,0.0,0.0,-0.17756944444444456,1.0,0.0,0.0,0.0,0.0,0.0,0.0
2026-03-16,Mookie_Betts,605141,hitter,LAD,MIL,2026,831785,7,119,158,1,694477.0,Chad_Patrick,0.0,0.0,1.0,0.0,0.0,3.0,2.0,1.0,0.0,3.0,0.06666666666666667,0.22999999999999998,0.22999999999999998,0.0,0.0,27.599999999999998,5.25,12.0,3.9411654135338345,1.0611111111111111,0.0,90.0,0,1.0,1.0,6.123233995736766e-17,0.0,1.0,0.5,1.5,0.5,0.5,0.5,0.5,1.5,0.5,0.5,0.5,synthetic,synthetic,synthetic,synthetic,synthetic,0.0,0.0,0.0,0.0,0.0,-110.0,-110.0,-110.0,-110.0,-110.0,-110.0,-110.0,-110.0,-110.0,-110.0,0.0,0.0,0.0,0.0,0.0,2026-08-07T03:26:40.888653+00:00,0.3623895535435939,0.24099285622000832,0.11896216521167147,-0.24040277897034712,-0.015947582493395618,1.0,1.8,0.6,0.2,0.4,1.0,4.0,1.0,1.0,1.0,batter_pitcher_profile_network_v2,0.23333333333333334,0.1,0.7559143667485326,0.0,0.14240671567399715,0.719375,0.18133333333333349,0.0,0.0,0.0,0.0,0.007429370022404502,0.0007429370022404503,0.6087896825396826,0.20000000000000004,0.0,0.0,0.0,0.0,0.0069345180417173845,0.0011095228866747815,0.6941964285714286,0.33077777777777784,0.0,0.0,0.0,0.0,0.01307789069959325,0.0006538945349796625,0.2701190476190475,0.10833333333333335,0.0,0.0,0.0,0.0,0.0016666189638931783,4.166547409732946e-05,0.4455654761904762,0.39022222222222236,0.0,0.0,0.0,0.0,0.009902447165209808,0.0005941468299125885
2026-03-18,Mookie_Betts,605141,hitter,LAD,SF,2026,831761,8,119,137,1,694738.0,Landen_Roupp,1.0,1.0,0.0,0.0,1.0,3.0,2.0,1.0,0.0,3.0,0.08823529411764706,0.5266666666666667,0.5266666666666667,0.0,0.0,63.20000000000001,3.0,9.0,4.787557603686636,1.0611111111111111,0.0,96.0,0,2.0,1.0,6.123233995736766e-17,0.9749279121818236,-0.22252093395631434,0.5,1.5,0.5,0.5,0.5,0.5,1.5,0.5,0.5,0.5,synthetic,synthetic,synthetic,synthetic,synthetic,0.0,0.0,0.0,0.0,0.0,-110.0,-110.0,-110.0,-110.0,-110.0,-110.0,-110.0,-110.0,-110.0,-110.0,0.0,0.0,0.0,0.0,0.0,2026-08-07T03:26:40.888653+00:00,0.3277015237903008,-0.4134846771680438,0.3504336567170936,-0.3405512102497077,-0.15630737309464426,0.8,1.4,0.6,0.2,0.2,0.0,0.0,1.0,0.0,0.0,batter_pitcher_profile_network_v2,0.26666666666666666,0.15,0.7981009526419165,0.0,0.17116822832853812,0.6247743055555555,-0.4479090909090909,0.0,0.0,0.0,0.0,-0.015066627101058775,-0.0015066627101058775,0.48045138888888883,-0.5849431818181818,0.0,0.0,0.0,0.0,-0.015130947986550233,-0.0024209516778480374,0.60078125,-0.3322588383838383,0.0,0.0,0.0,0.0,-0.010747214442807145,-0.0005373607221403572,0.11331597222222217,-0.7,0.0,0.0,0.0,0.0,-0.004270632210529385,-0.00010676580526323462,0.2914409722222222,-0.4779343434343434,0.0,0.0,0.0,0.0,-0.007499319355484519,-0.00044995916132907113
2026-03-20,Mookie_Betts,605141,hitter,LAD,SD,2026,831766,9,119,135,1,594835.0,Marco_Gonzales,0.0,0.0,1.0,0.0,0.0,3.0,1.0,2.0,0.0,3.0,0.07317073170731707,0.45999999999999996,0.45999999999999996,0.0,0.0,55.199999999999996,17.0,7.5,3.8688311688311687,1.0611111111111111,0.0,104.0,0,2.0,1.0,6.123233995736766e-17,-0.433883739117558,-0.9009688679024191,0.5,1.5,0.5,0.5,0.5,0.5,1.5,0.5,0.5,0.5,synthetic,synthetic,synthetic,synthetic,synthetic,0.0,0.0,0.0,0.0,0.0,-110.0,-110.0,-110.0,-110.0,-110.0,-110.0,-110.0,-110.0,-110.0,-110.0,0.0,0.0,0.0,0.0,0.0,2026-08-07T03:26:40.888653+00:00,0.5238990372899415,-0.31608889362229564,0.1099962796937648,-0.34043016726730024,0.05685736854540868,0.8,1.4,0.6,0.2,0.4,1.0,1.0,0.0,0.0,1.0,batter_pitcher_profile_network_v2,0.3,0.05,0.9425,0.0,0.16172718749999998,0.7393595679012348,0.9812500000000001,0.0,0.0,0.0,0.0,0.012514815936053244,0.0012514815936053244,0.5372067901234568,0.9613157894736842,0.0,0.0,0.0,0.0,0.008908337624878167,0.0014253340199805067,0.713541666666667,0.9905263157894737,0.0,0.0,0.0,0.0,0.012191986019736846,0.0006095993009868424,0.035308641975308586,0.9376315789473684,0.0,0.0,0.0,0.0,0.0005710870857699795,1.4277177144249489e-05,0.3597299382716051,0.9857894736842104,0.0,0.0,0.0,0.0,0.006117160267422029,0.00036702961604532174
2026-03-22,Mookie_Betts,605141,hitter,LAD,LAA,2026,831804,10,119,108,0,691946.0,George_Klassen,1.0,1.0,2.0,0.0,1.0,4.0,3.0,1.0,1.0,3.0,0.08695652173913043,0.395,0.395,0.0,0.0,47.400000000000006,4.454545454545454,6.8181818181818175,3.3102433281004715,1.08,8.0,74.0,0,2.0,1.0,6.123233995736766e-17,-0.7818314824680299,0.6234898018587334,0.5,0.5,0.5,0.5,0.5,0.5,0.5,0.5,0.5,0.5,synthetic,synthetic,synthetic,synthetic,synthetic,0.0,0.0,0.0,0.0,0.0,-110.0,-110.0,-110.0,-110.0,-110.0,-110.0,-110.0,-110.0,-110.0,-110.0,0.0,0.0,0.0,0.0,0.0,2026-08-07T03:26:40.888653+00:00,0.01481938308810593,0.2941889985702666,0.3334546045799781,-0.33440000000000003,-0.13328136878557212,0.4,1.0,0.8,0.2,0.4,0.0,0.0,1.0,0.0,0.0,batter_pitcher_profile_network_v2,0.3333333333333333,0.1,0.7368706954824858,0.0,0.1926400006470062,0.7929722222222223,0.44465725806451595,0.0,0.0,0.0,0.0,0.030926539166561344,0.0030926539166561346,0.5509444444444445,0.6250201612903226,0.0,0.0,0.0,0.0,0.030202980194600777,0.004832476831136125,0.7662500000000002,0.7074260752688172,0.0,0.0,0.0,0.0,0.047544415673001085,0.0023772207836500543,-0.03598611111111115,0.8724999999999999,0.0,0.0,0.0,0.0,0.0,0.0,0.37630555555555567,0.7299731182795699,0.0,0.0,0.0,0.0,0.024093254069781207,0.0014455952441868724
2026-03-24,Mookie_Betts,605141,hitter,LAD,LAA,2026,831820,11,119,108,1,686799.0,Jack_Kochanowicz,0.0,0.0,0.0,0.0,0.0,2.0,2.0,0.0,0.0,3.0,0.06451612903225806,0.0,0.0,0.0,0.0,10.0,1.3499999999999999,7.1000000000000005,4.424529042386186,1.08,0.0,80.0,0,2.0,1.0,6.123233995736766e-17,0.7818314824680298,0.6234898018587336,0.5,1.5,0.5,0.5,0.5,0.5,1.5,0.5,0.5,0.5,synthetic,synthetic,synthetic,synthetic,synthetic,0.0,0.0,0.0,0.0,0.0,-110.0,-110.0,-110.0,-110.0,-110.0,-110.0,-110.0,-110.0,-110.0,-110.0,0.0,0.0,0.0,0.0,0.0,2026-08-07T03:26:40.888653+00:00,0.31047754860083254,-0.648379737947187,0.40889697247719925,-0.33440000000000003,0.07190723699135038,0.6,1.2,1.0,0.2,0.6,1.0,1.0,2.0,0.0,1.0,batter_pitcher_profile_network_v2,0.36666666666666664,0.1,0.7113666395337801,0.0,0.20961909199904452,0.8031060606060608,-0.3226470588235294,0.0,0.0,0.0,0.0,-0.027423227720340934,-0.0027423227720340935,0.5341161616161618,0.05734558823529415,0.0,0.0,0.0,0.0,0.0032415571849208034,0.0005186491495873286,0.7761363636363641,-0.09004166666666655,0.0,0.0,0.0,0.0,-0.007396044455100746,-0.0003698022227550373,-0.10219696969696979,0.4590000000000001,0.0,0.0,0.0,0.0,0.0,0.0,0.3561363636363639,-0.08409803921568618,0.0,0.0,0.0,0.0,-0.003169714498240326,-0.00019018286989441955
2026-03-26,Mookie_Betts,605141,hitter,LAD,AZ,2026,823974,12,119,109,1,668678.0,Zac_Gallen,1.0,1.0,1.0,0.0,1.0,5.0,4.0,0.0,1.0,3.0,0.125,0.32199999999999995,0.32199999999999995,0.0,0.0,38.63999999999999,7.875,4.125,3.964383648196121,1.08,7.0,76.0,0,2.0,1.0,6.123233995736766e-17,0.43388373911755823,-0.900968867902419,0.5,0.5,0.5,0.5,0.5,0.5,0.5,0.5,0.5,0.5,synthetic,synthetic,synthetic,synthetic,synthetic,0.0,0.0,0.0,0.0,0.0,-110.0,-110.0,-110.0,-110.0,-110.0,-110.0,-110.0,-110.0,-110.0,-110.0,0.0,0.0,0.0,0.0,0.0,2026-08-07T03:26:40.888653+00:00,0.24199310822860798,-0.0699710159328703,0.23277449918592896,-0.4744,-0.07867833063127716,0.4,0.4,0.8,0.0,0.4,0.0,0.0,0.0,0.0,0.0,batter_pitcher_profile_network_v2,0.4,0.2,0.8243750000000001,0.0,0.2498028125,0.6329108796296299,0.9411250000000001,0.0,0.0,0.0,0.0,0.041844289674298325,0.004184428967429833,0.37068287037037057,0.955,0.0,0.0,0.0,0.0,0.024868650419560184,0.00397898406712963,0.5992187500000004,0.5726634615384616,0.0,0.0,0.0,0.0,0.024106335522460942,0.0012053167761230472,-0.19200231481481492,0.955,0.0,0.0,0.0,0.0,0.0,0.0,0.16068865740740762,0.741894230769231,0.0,0.0,0.0,0.0,0.00837478264861279,0.0005024869589167673
2026-03-27,Mookie_Betts,605141,hitter,LAD,AZ,2026,823971,13,119,109,1,669194.0,Ryne_Nelson,1.0,4.0,1.0,1.0,3.0,4.0,4.0,0.0,0.0,3.0,0.12903225806451613,0.525,0.525,0.75,30.0,65.0,3.4499999999999997,12.299999999999999,4.032052821128452,1.08,2.0,67.0,0,1.0,1.0,6.123233995736766e-17,-0.433883739117558,-0.9009688679024191,0.5,0.5,0.5,0.5,0.5,0.5,0.5,0.5,0.5,0.5,synthetic,synthetic,synthetic,synthetic,synthetic,0.0,0.0,0.0,0.0,0.0,-110.0,-110.0,-110.0,-110.0,-110.0,-110.0,-110.0,-110.0,-110.0,-110.0,0.0,0.0,0.0,0.0,0.0,2026-08-07T03:26:40.888653+00:00,0.069804365591428,1.1857666983725212,0.49137596938852335,-0.21189999999999998,0.2858654312460186,0.6,0.6,0.8,0.0,0.6,1.0,1.0,1.0,0.0,1.0,batter_pitcher_profile_network_v2,0.43333333333333335,0.2,0.7375281631944188,0.0,0.2685972266684034,0.6217435897435899,-0.2670550847457627,0.0,1.0,0.0,0.0,-0.01888499941882113,-0.0018884999418821132,0.34363675213675227,-0.00584110169491525,0.0,1.0,0.0,0.0,-0.0002282964620639633,-3.652743393023413e-05,0.5888461538461541,-0.09177189265536714,0.0,1.0,0.0,0.0,-0.006146336583795336,-0.00030731682918976684,-0.24351282051282058,0.21719915254237296,0.0,1.0,0.0,0.0,0.0,0.0,0.12815384615384628,0.02384604519774021,0.0,1.0,0.0,0.0,0.0003475784287492415,2.085470572495449e-05
2026-03-28,Mookie_Betts,605141,hitter,LAD,AZ,2026,823973,14,119,109,1,593958.0,Eduardo_Rodriguez,0.0,0.0,1.0,0.0,0.0,4.0,3.0,1.0,0.0,3.0,0.125,0.1725,0.1725,0.0,0.0,20.7,10.8,10.8,3.9891956782713085,1.08,0.0,76.0,0,1.0,1.0,6.123233995736766e-17,-0.9749279121818236,-0.2225209339563146,0.5,1.5,0.5,0.5,0.5,0.5,1.5,0.5,0.5,0.5,synthetic,synthetic,synthetic,synthetic,synthetic,0.0,0.0,0.0,0.0,0.0,-110.0,-110.0,-110.0,-110.0,-110.0,-110.0,-110.0,-110.0,-110.0,-110.0,0.0,0.0,0.0,0.0,0.0,2026-08-07T03:26:40.888653+00:00,0.18060913687286628,-0.08598815267555548,0.41899305068439874,-0.23440662526979167,0.7653431304385656,0.6,1.2,1.0,0.2,1.0,1.0,4.0,1.0,1.0,3.0,batter_pitcher_profile_network_v2,0.4666666666666667,0.05,0.9425,0.0,0.24506052083333335,0.6965297619047621,-0.23650000000000002,0.0,2.0,0.0,0.0,-0.004420235913194446,-0.00044202359131944463,0.5021269841269842,-0.354,0.0,2.0,0.0,0.0,-0.004769704222222222,-0.0007631526755555555,0.6615178571428575,0.4600000000000002,0.0,2.0,0.0,0.0,0.008165335416666674,0.00040826677083333375,0.027898809523809354,-0.354,0.0,2.0,0.0,0.0,-0.00026501079166666504,-6.625269791666626e-06,0.31855357142857155,0.2600000000000001,0.0,2.0,0.0,0.0,0.0022224420833333353,0.0001333465250000001
2026-03-30,Mookie_Betts,605141,hitter,LAD,CLE,2026,823972,15,119,114,1,800048.0,Parker_Messick,1.0,2.0,1.0,0.0,1.0,4.0,4.0,0.0,1.0,3.0,0.12121212121212122,0.3175,0.3175,0.25,21.25,49.35,4.046218487394958,8.546218487394958,2.5533676849466325,1.08,0.0,68.0,0,2.0,1.0,6.123233995736766e-17,0.0,1.0,0.5,1.5,0.5,0.5,0.5,0.5,1.5,0.5,0.5,0.5,synthetic,synthetic,synthetic,synthetic,synthetic,0.0,0.0,0.0,0.0,0.0,-110.0,-110.0,-110.0,-110.0,-110.0,-110.0,-110.0,-110.0,-110.0,-110.0,0.0,0.0,0.0,0.0,0.0,2026-08-07T03:26:40.888653+00:00,0.053828208341009764,-0.28253127701048664,0.4215559324963939,-0.218775,0.25254804945157217,0.6,1.2,1.0,0.2,1.0,0.0,0.0,1.0,0.0,0.0,batter_pitcher_profile_network_v2,0.5,0.15,0.7865596249670661,0.0,0.28804696689123016,0.62571712962963,0.06328666305231773,0.0,2.0,0.0,0.0,0.004226071310741765,0.00042260713107417655,0.4225824074074076,0.21897922878828951,0.0,2.0,0.0,0.0,0.00987554141173181,0.0015800866258770896,0.5923125000000004,-0.06793820592753219,0.0,2.0,0.0,0.0,-0.004294489564210991,-0.00021472447821054954,-0.0446925925925927,0.34992680943345084,0.0,2.0,0.0,0.0,0.0,0.0,0.2229393518518521,0.058990557513328046,0.0,2.0,0.0,0.0,0.0014035109797662442,8.421065878597465e-05
2026-03-31,Mookie_Betts,605141,hitter,LAD,CLE,2026,823969,16,119,114,1,676440.0,Tanner_Bibee,0.0,0.0,0.0,0.0,0.0,4.0,4.0,0.0,2.0,3.0,0.10810810810810811,0.0,0.0,0.0,0.0,10.0,10.119327731092437,8.77563025210084,3.0890819706609176,1.08,0.0,66.0,0,1.0,1.0,6.123233995736766e-17,0.7818314824680298,0.6234898018587336,0.5,1.5,0.5,0.5,0.5,0.5,1.5,0.5,0.5,0.5,synthetic,synthetic,synthetic,synthetic,synthetic,0.0,0.0,0.0,0.0,0.0,-110.0,-110.0,-110.0,-110.0,-110.0,-110.0,-110.0,-110.0,-110.0,-110.0,0.0,0.0,0.0,0.0,0.0,2026-08-07T03:26:40.888653+00:00,0.1786454856174745,-0.33231387799145184,0.13080265287922443,-0.33434913848825126,0.3296022788773947,0.6,1.4,0.8,0.2,1.0,1.0,2.0,1.0,0.0,1.0,batter_pitcher_profile_network_v2,0.5333333333333333,0.25,0.7793775076626512,0.0,0.33029823049449797,0.6233003472222223,0.5287822964759026,0.0,2.0,0.0,0.0,0.038781338104940555,0.0038781338104940557,0.4344392361111112,0.6091329723984454,0.0,2.0,0.0,0.0,0.031137924715588444,0.004982067954494151,0.582734375,0.40320427807486625,0.0,2.0,0.0,0.0,0.027646762599247494,0.0013823381299623747,0.028384982638888917,0.6091329723984454,0.0,2.0,0.0,0.0,0.0020344604699492584,5.0861511748731464e-05,0.23788368055555564,0.6032042780748663,0.0,2.0,0.0,0.0,0.016884086820225217,0.001013045209213513
2026-04-01,Mookie_Betts,605141,hitter,LAD,CLE,2026,823970,17,119,114,1,668909.0,Gavin_Williams,0.0,0.0,0.0,0.0,0.0,4.0,3.0,1.0,0.0,3.0,0.125,0.1725,0.1725,0.0,0.0,20.7,5.614285714285714,10.5,4.053367684946632,1.08,0.0,68.0,0,1.0,0.8660254037844387,-0.4999999999999998,0.9749279121818236,-0.22252093395631434,0.5,1.5,0.5,0.5,0.5,0.5,1.5,0.5,0.5,0.5,synthetic,synthetic,synthetic,synthetic,synthetic,0.0,0.0,0.0,0.0,0.0,-110.0,-110.0,-110.0,-110.0,-110.0,-110.0,-110.0,-110.0,-110.0,-110.0,0.0,0.0,0.0,0.0,0.0,2026-08-07T03:26:40.888653+00:00,0.02056850618065864,-0.5209777317588911,0.15404773024905916,-0.33440000000000003,0.28852147014926977,0.6,1.4,0.8,0.2,1.0,0.0,0.0,0.0,0.0,0.0,batter_pitcher_profile_network_v2,0.5666666666666667,0.25,0.7745820803759653,0.0,0.3471117571218194,0.4387393790849674,-0.12779455041486304,0.0,3.0,0.0,0.0,-0.007162012172066337,-0.0007162012172066337,0.2749379084967321,0.04400455447330439,0.0,3.0,0.0,0.0,0.0015454265069314102,0.0002472682411090256,0.4192279411764707,0.09499234006734003,0.0,3.0,0.0,0.0,0.005086920034552063,0.00025434600172760316,-0.04268831699346402,0.1971295544733045,0.0,3.0,0.0,0.0,0.0,0.0,0.10687663398692829,0.1258488215488215,0.0,3.0,0.0,0.0,0.0017180983656352128,0.00010308590193811276
2026-04-03,Mookie_Betts,605141,hitter,LAD,WSH,2026,822758,18,119,120,0,571945.0,Miles_Mikolas,2.0,5.0,2.0,1.0,2.0,6.0,6.0,0.0,0.0,3.0,0.125,0.49833333333333335,0.49833333333333335,0.5,30.0,65.0,7.9714285714285715,6.042857142857142,4.863520408163266,1.08,4.0,62.0,0,2.0,0.8660254037844387,-0.4999999999999998,-0.433883739117558,-0.9009688679024191,0.5,1.5,0.5,0.5,0.5,0.5,1.5,0.5,0.5,0.5,synthetic,synthetic,synthetic,synthetic,synthetic,0.0,0.0,0.0,0.0,0.0,-110.0,-110.0,-110.0,-110.0,-110.0,-110.0,-110.0,-110.0,-110.0,-110.0,0.0,0.0,0.0,0.0,0.0,2026-08-07T03:26:40.888653+00:00,0.11618768180264893,0.10534607586024669,0.2479173158232686,-0.13439999999999996,0.2909560222979236,0.4,1.2,0.6,0.2,0.8,0.0,0.0,0.0,0.0,0.0,batter_pitcher_profile_network_v2,0.6,0.15,0.7281038326696381,0.0,0.3391210920746954,0.42113387345679026,0.5297778257118205,0.0,4.0,0.0,0.0,0.03639722618975337,0.0036397226189753373,0.2393279320987656,0.6316808671268335,0.0,4.0,0.0,0.0,0.024662974126541268,0.0039460758602466025,0.3930729166666669,0.751021174863388,0.0,4.0,0.0,0.0,0.04815924163544167,0.0024079620817720835,-0.09925964506172827,0.8093960310612598,0.0,4.0,0.0,0.0,0.0,0.0,0.03895794753086456,0.734275956284153,0.0,4.0,0.0,0.0,0.004666698162671907,0.0002800018897603144
2026-04-04,Mookie_Betts,605141,hitter,LAD,WSH,2026,822757,19,119,120,0,663623.0,Jake_Irvin,0.0,0.0,1.0,0.0,0.0,1.0,0.0,1.0,0.0,3.0,0.021739130434782608,0.69,0.69,0.0,0.0,65.0,3.0,10.799999999999999,5.093112244897959,1.08,5.0,87.0,0,1.0,0.8660254037844387,-0.4999999999999998,-0.9749279121818236,-0.2225209339563146,0.5,1.5,0.5,0.5,0.5,0.5,1.5,0.5,0.5,0.5,synthetic,synthetic,synthetic,synthetic,synthetic,0.0,0.0,0.0,0.0,0.0,-110.0,-110.0,-110.0,-110.0,-110.0,-110.0,-110.0,-110.0,-110.0,-110.0,0.0,0.0,0.0,0.0,0.0,2026-08-07T03:26:40.888653+00:00,0.26197033710684337,0.29884954856940427,0.6395622610930576,-0.23434753202650555,0.42209594345442514,0.6,1.4,0.8,0.2,0.6,2.0,5.0,2.0,1.0,2.0,batter_pitcher_profile_network_v2,0.6333333333333333,0.15,0.7574743127549377,0.0,0.35524807616979465,0.5181276249335459,-0.3489814814814815,0.0,4.0,0.0,0.0,-0.02777341094872209,-0.002777341094872209,0.35390477139819243,-0.004550925925925913,0.0,4.0,0.0,0.0,-0.00024738665861540906,-3.958186537846545e-05,0.4740096690590111,-0.20180709876543204,0.0,4.0,0.0,0.0,-0.014693109993329722,-0.0007346554996664861,0.043793494152046836,0.31200000000000006,0.0,4.0,0.0,0.0,0.0020987189397789446,5.2467973494473615e-05,0.14491191520467844,-0.0935123456790123,0.0,4.0,0.0,0.0,-0.0020814363629537576,-0.00012488618177722546
2026-05-11,Mookie_Betts,605141,hitter,LAD,SF,2026,823953,20,119,137,1,686790.0,Trevor_McDonald,1.0,1.0,0.0,0.0,0.0,5.0,5.0,0.0,1.0,2.0,0.13157894736842105,0.178,0.178,0.0,0.0,21.36,28.92857142857143,15.428571428571429,6.253656869446344,1.08,4.0,72.0,0,37.0,0.49999999999999994,-0.8660254037844387,0.0,1.0,0.5,1.5,0.5,0.5,0.5,0.5,1.5,0.5,0.5,0.5,synthetic,synthetic,synthetic,synthetic,synthetic,0.0,0.0,0.0,0.0,0.0,-110.0,-110.0,-110.0,-110.0,-110.0,-110.0,-110.0,-110.0,-110.0,-110.0,0.0,0.0,0.0,0.0,0.0,2026-08-07T03:26:40.888653+00:00,-0.11070596934382049,-0.5127686827128201,0.42430455811758916,-0.33440127018409527,0.13548474094027885,0.6,1.4,0.8,0.2,0.6,0.0,0.0,1.0,0.0,0.0,batter_pitcher_profile_network_v2,0.6666666666666666,0.05,0.9425,0.0,0.34506052083333333,0.615530902777778,-0.8100714285714286,0.0,4.0,0.0,0.0,-0.019113919913483803,-0.0019113919913483803,0.4196659722222223,-0.46733333333333343,0.0,4.0,0.0,0.0,-0.007518082744598768,-0.001202893239135803,0.5795468750000001,-0.7361904761904762,0.0,4.0,0.0,0.0,-0.016355180778769844,-0.0008177590389384922,0.013166319444444456,-0.10066666666666672,0.0,4.0,0.0,0.0,-5.080736381172846e-05,-1.2701840952932116e-06,0.21969756944444457,-0.6628571428571428,0.0,4.0,0.0,0.0,-0.005582410621693124,-0.0003349446373015875
2026-05-12,Mookie_Betts,605141,hitter,LAD,SF,2026,823951,21,119,137,1,605288.0,Adrian_Houser,0.0,0.0,0.0,0.0,0.0,4.0,4.0,0.0,0.0,2.0,0.10810810810810811,0.0,0.0,0.0,0.0,10.0,8.428571428571429,5.035714285714286,5.903007518796993,1.08,8.0,66.0,0,1.0,0.49999999999999994,-0.8660254037844387,0.7818314824680298,0.6234898018587336,0.5,1.5,0.5,0.5,0.5,0.5,1.5,0.5,0.5,0.5,synthetic,synthetic,synthetic,synthetic,synthetic,0.0,0.0,0.0,0.0,0.0,-110.0,-110.0,-110.0,-110.0,-110.0,-110.0,-110.0,-110.0,-110.0,-110.0,0.0,0.0,0.0,0.0,0.0,2026-08-07T03:26:40.888653+00:00,0.4816653660296756,-0.5939006155591131,0.014983285047583172,-0.33440000000000003,-0.09753144849134804,0.6,1.2,0.6,0.2,0.4,1.0,1.0,0.0,0.0,0.0,batter_pitcher_profile_network_v2,0.7,0.5,0.6154422793392144,0.0,0.4873041603904731,0.5473859126984126,0.49848268565883475,0.0,4.0,0.0,0.0,0.07345193977924415,0.007345193977924415,0.3527414021164022,0.48676751388402145,0.0,4.0,0.0,0.0,0.0462208149177049,0.007395330386832784,0.5243799603174604,0.4061678123501653,0.0,4.0,0.0,0.0,0.05733385783034573,0.0028666928915172868,-0.037633928571428506,0.5070096310011386,0.0,4.0,0.0,0.0,0.0,0.0,0.16010416666666688,0.4574947643021173,0.0,4.0,0.0,0.0,0.01971734056111798,0.0011830404336670786
2026-05-13,Mookie_Betts,605141,hitter,LAD,SF,2026,823952,22,119,137,1,592662.0,Robbie_Ray,1.0,4.0,1.0,1.0,1.0,4.0,4.0,0.0,0.0,1.0,0.11428571428571428,0.525,0.525,0.75,30.0,65.0,2.5210526315789474,8.26842105263158,5.26015037593985,1.08,0.0,65.0,0,1.0,0.49999999999999994,-0.8660254037844387,0.9749279121818236,-0.22252093395631434,0.5,1.5,0.5,0.5,0.5,0.5,1.5,0.5,0.5,0.5,synthetic,synthetic,synthetic,synthetic,synthetic,0.0,0.0,0.0,0.0,0.0,-110.0,-110.0,-110.0,-110.0,-110.0,-110.0,-110.0,-110.0,-110.0,-110.0,0.0,0.0,0.0,0.0,0.0,2026-08-07T03:26:40.888653+00:00,0.13966496722894683,0.39396572707520305,0.2821376589879183,-0.07159485043553376,0.03416130488579894,0.6,1.2,0.6,0.2,0.4,0.0,0.0,0.0,0.0,0.0,batter_pitcher_profile_network_v2,0.7333333333333333,0.6,0.4480916482113527,0.0,0.5437319305231322,0.4870639786018076,-0.5945289797811758,0.0,5.0,0.42482378894561507,-0.01135813336460612,-0.11719995177068214,-0.011719995177068215,0.28576571637426906,-0.33263087018295173,0.0,5.0,0.5367052763439046,-0.00657835540734089,-0.04833920577998045,-0.007734272924796872,0.45760441586921863,-0.24325893723763067,0.0,5.0,0.6702746360502092,-0.042343813509830165,-0.08739719618148388,-0.004369859809074194,-0.08955334595959599,-0.03583367101282732,0.0,5.0,0.6861385660984509,0.013504780279821625,0.012205982578647644,0.00030514956446619113,0.06502051767676778,-0.31279818343403454,0.0,5.0,0.563621541071754,0.01661512666870029,0.0042297681467720494,0.00025378608880632296
2026-05-15,Mookie_Betts,605141,hitter,LAD,LAA,2026,824037,23,119,108,0,686799.0,Jack_Kochanowicz,0.0,0.0,0.0,0.0,0.0,5.0,5.0,0.0,2.0,2.0,0.13157894736842105,0.0,0.0,0.0,0.0,10.0,6.447368421052631,5.342105263157895,3.693609022556391,1.08,0.0,68.0,0,2.0,0.49999999999999994,-0.8660254037844387,-0.433883739117558,-0.9009688679024191,0.5,1.5,0.5,0.5,0.5,0.5,1.5,0.5,0.5,0.5,synthetic,synthetic,synthetic,synthetic,synthetic,0.0,0.0,0.0,0.0,0.0,-110.0,-110.0,-110.0,-110.0,-110.0,-110.0,-110.0,-110.0,-110.0,-110.0,0.0,0.0,0.0,0.0,0.0,2026-08-07T03:26:40.888653+00:00,0.5422682314702243,0.3368498270734763,0.19258313992915965,-0.09483738428607064,0.1103863011423094,0.8,2.0,0.8,0.4,0.6,1.0,4.0,1.0,1.0,1.0,batter_pitcher_profile_network_v2,0.7666666666666667,0.55,0.6584208757779421,1.0,0.5502222268277945,0.5393855676328505,-0.15455600316428825,-0.07246376811594203,6.0,1.048008307561472,-0.009674426926621354,-0.08191918905715509,-0.008191918905715509,0.38538345410628044,-0.22123997697724998,-0.09339774557165861,6.0,1.0642218373100545,0.05199815535365183,-0.021777396580247688,-0.00348438345283963,0.516870471014493,-0.10115842648615533,-0.1111111111111111,6.0,1.2071316221337356,-0.026908738004126315,-0.13273569765740992,-0.006636784882870496,0.06895984299516912,-0.2193495448784845,-0.1111111111111111,6.0,1.0236647277308313,0.07860035935593289,-0.017495371442826577,-0.0004373842860706644,0.18887832125603893,-0.20068603279616903,-0.1111111111111111,6.0,1.095229031675036,0.04650375310798271,-0.06718320151288959,-0.0040309920907733755
2026-05-16,Mookie_Betts,605141,hitter,LAD,LAA,2026,824038,24,119,108,0,667755.0,José_Soriano,2.0,5.0,2.0,1.0,1.0,5.0,4.0,1.0,0.0,2.0,0.10416666666666667,0.736,0.736,0.75,30.0,65.0,5.941304347826087,10.089130434782609,3.2650375939849625,1.08,8.0,68.0,0,1.0,0.49999999999999994,-0.8660254037844387,-0.9749279121818236,-0.2225209339563146,0.5,0.5,0.5,0.5,0.5,0.5,0.5,0.5,0.5,0.5,synthetic,synthetic,synthetic,synthetic,synthetic,0.0,0.0,0.0,0.0,0.0,-110.0,-110.0,-110.0,-110.0,-110.0,-110.0,-110.0,-110.0,-110.0,-110.0,0.0,0.0,0.0,0.0,0.0,2026-08-07T03:26:40.888653+00:00,-0.16483262260113363,1.363047952552913,0.14709388092187314,-0.06972691012888121,-0.15037526441426452,0.4,1.0,0.4,0.2,0.2,0.0,0.0,0.0,0.0,0.0,batter_pitcher_profile_network_v2,0.8,0.55,0.6062700523101716,0.0,0.5516525552256022,0.4178498604302829,-0.6460160186244819,0.0,7.0,1.1592011406830194,-0.010363859799953103,-0.08502604621401799,-0.0085026046214018,0.2782463575708058,-0.5519241663068389,0.0,7.0,1.1837338452024564,0.03828137993855655,0.009049703455706146,0.0014479525529129834,0.4124578737745094,-0.4513328870714652,0.0,7.0,1.3149188724041407,-0.04052388389633018,-0.09915997554750142,-0.004957998777375071,0.01692563657407407,-0.4458032985382438,0.0,7.0,1.1766817340322364,0.08930030775450448,0.08692359484475037,0.0021730898711187596,0.10104021990740723,-0.5349813030494266,0.0,7.0,1.199223442747758,0.024320807490910666,0.001214264774788032,7.285588648728192e-05
2026-05-18,Mookie_Betts,605141,hitter,LAD,SD,2026,823301,25,119,135,0,650633.0,Michael_King,1.0,1.0,0.0,0.0,0.0,4.0,4.0,0.0,0.0,2.0,0.11764705882352941,0.2225,0.2225,0.0,0.0,26.7,3.0294117647058822,8.147058823529411,1.9479054779806657,1.08,0.0,66.0,0,2.0,0.49999999999999994,-0.8660254037844387,0.0,1.0,0.5,1.5,0.5,0.5,0.5,0.5,1.5,0.5,0.5,0.5,synthetic,synthetic,synthetic,synthetic,synthetic,0.0,0.0,0.0,0.0,0.0,-110.0,-110.0,-110.0,-110.0,-110.0,-110.0,-110.0,-110.0,-110.0,-110.0,0.0,0.0,0.0,0.0,0.0,2026-08-07T03:26:40.888653+00:00,0.452233310983038,0.5809184344152616,0.231215497602542,-0.09060379754092185,-0.055546526343985936,0.8,2.0,0.6,0.4,0.4,2.0,5.0,2.0,1.0,1.0,batter_pitcher_profile_network_v2,0.8333333333333334,0.65,0.48280974416949646,0.0,0.6057229407871705,0.5274236111111106,0.07312266044441157,0.0,8.0,1.65105113865507,-0.011084448322203982,0.016621899030269643,0.0016621899030269645,0.4163416666666663,0.21392330666130532,0.0,8.0,1.6955029779111808,0.039712611110624844,0.09795528862479193,0.01567284617996671,0.5277597222222218,0.38331569517172,0.0,8.0,1.6921616354405695,-0.03799045564161024,0.04919859171722954,0.002459929585861477,0.15849861111111102,0.39751425648209393,0.0,8.0,1.7094796841887798,0.12469325777260039,0.15184809836312452,0.003796202459078113,0.24867361111111083,0.3587360954106686,0.0,8.0,1.630848977538082,0.014408399649274534,0.0492543096751694,0.002955258580510164
2026-05-19,Mookie_Betts,605141,hitter,LAD,SD,2026,823302,26,119,135,0,656288.0,Griffin_Canning,0.0,0.0,0.0,0.0,0.0,4.0,4.0,0.0,0.0,2.0,0.11428571428571428,0.0,0.0,0.0,0.0,10.0,15.553846153846157,11.261538461538462,1.9479054779806657,1.08,0.0,71.0,0,1.0,0.49999999999999994,-0.8660254037844387,0.7818314824680298,0.6234898018587336,0.5,1.5,0.5,0.5,0.5,0.5,1.5,0.5,0.5,0.5,synthetic,synthetic,synthetic,synthetic,synthetic,0.0,0.0,0.0,0.0,0.0,-110.0,-110.0,-110.0,-110.0,-110.0,-110.0,-110.0,-110.0,-110.0,-110.0,0.0,0.0,0.0,0.0,0.0,2026-08-07T03:26:40.888653+00:00,0.17595539164800822,-0.0867653800799082,-0.1791073937591245,-0.19072090039170897,-0.2890823465141721,0.8,2.0,0.6,0.4,0.4,1.0,1.0,0.0,0.0,0.0,batter_pitcher_profile_network_v2,0.8666666666666667,0.15,0.7930837377301281,0.0,0.47126041965254223,0.5209009024368065,0.290765734265734,0.0,9.0,1.975471826591944,-0.009665036823749805,0.027160956057046493,0.0027160956057046496,0.39411733951627553,0.07377709790209769,0.0,9.0,2.251905205372112,0.0456264004982455,0.0736538745005745,0.01178461992009192,0.5201563352427712,0.6347800116550117,0.0,9.0,1.8532917015980002,-0.08426455186955262,-0.025053353163155552,-0.0012526676581577777,0.1141599893162393,-0.19355244755244772,0.0,9.0,2.1363801468112356,0.15112639336408493,0.1471639843316427,0.003679099608291068,0.21025373931623934,0.5409731934731934,0.0,9.0,1.9259511461363719,-0.02447644709860593,0.00203965977991092,0.00012237958679465517
2026-05-20,Mookie_Betts,605141,hitter,LAD,SD,2026,823299,27,119,135,0,681190.0,Randy_Vásquez,2.0,3.0,0.0,0.0,0.0,5.0,4.0,1.0,0.0,2.0,0.1282051282051282,0.5700000000000001,0.5700000000000001,0.25,21.25,65.0,2.188235294117647,6.158823529411765,1.1672932330827066,1.08,0.0,74.0,0,1.0,0.49999999999999994,-0.8660254037844387,0.9749279121818236,-0.22252093395631434,0.5,1.5,0.5,0.5,0.5,0.5,1.5,0.5,0.5,0.5,synthetic,synthetic,synthetic,synthetic,synthetic,0.0,0.0,0.0,0.0,0.0,-110.0,-110.0,-110.0,-110.0,-110.0,-110.0,-110.0,-110.0,-110.0,-110.0,0.0,0.0,0.0,0.0,0.0,2026-08-07T03:26:40.888653+00:00,0.29020134104137607,0.34751377321983146,0.11181057911304637,-0.07484179857436629,-0.14031873028994518,0.8,2.0,0.6,0.4,0.4,0.0,0.0,0.0,0.0,0.0,batter_pitcher_profile_network_v2,0.9,0.55,0.6213543441759939,0.0,0.6006362510611424,0.46070473251028793,-0.08985701375522284,0.0,9.0,2.1960351954043817,0.00983123149640403,-0.014107502728825178,-0.001410750272882518,0.32999485596707806,-0.06982624953231677,0.0,9.0,2.2576421008779533,0.06508397587700847,0.08977358262394558,0.014363773219831294,0.45958333333333307,-0.1760274541634836,0.0,9.0,2.2721926040840175,-0.019281935341120517,-0.04685088159101286,-0.002342544079550643,0.06623328189300408,-0.03909708286565005,0.0,9.0,2.2553456348003875,0.1582105192381025,0.1573280570253491,0.003933201425633728,0.13193930041152244,-0.15633995416348356,0.0,9.0,2.212496828165293,0.02153650299652521,0.009122954778144244,0.0005473772866886546
2026-05-22,Mookie_Betts,605141,hitter,LAD,MIL,2026,823788,28,119,158,0,701656.0,Logan_Henderson,0.0,0.0,0.0,0.0,0.0,4.0,3.0,1.0,1.0,2.0,0.10810810810810811,0.1725,0.1725,0.0,0.0,20.7,2.8000000000000003,11.200000000000001,1.3928571428571428,1.0733333333333333,0.0,57.0,0,2.0,0.49999999999999994,-0.8660254037844387,-0.433883739117558,-0.9009688679024191,0.5,1.5,0.5,0.5,0.5,0.5,1.5,0.5,0.5,0.5,synthetic,synthetic,synthetic,synthetic,synthetic,0.0,0.0,0.0,0.0,0.0,-110.0,-110.0,-110.0,-110.0,-110.0,-110.0,-110.0,-110.0,-110.0,-110.0,0.0,0.0,0.0,0.0,0.0,2026-08-07T03:26:40.888653+00:00,0.3497818965206527,0.14629446569714832,-0.24959695543015553,-0.33250815379601373,-0.4087145501442646,1.0,1.8,0.4,0.2,0.2,2.0,3.0,0.0,0.0,0.0,batter_pitcher_profile_network_v2,0.9333333333333333,0.2,0.7942091079257494,0.0,0.5172085435224858,0.5108804563492062,-0.2769894366197183,0.0,10.0,2.5353227796051625,0.04325646778373294,-0.02717974779218411,-0.0027179747792184113,0.3785515873015872,-0.2597095070422535,0.0,10.0,2.539137909940502,0.10077802251033739,0.1322838227693392,0.02116541164309427,0.5149330357142855,-0.2566519953051643,0.0,10.0,2.578837803956275,-0.03623667705747922,-0.06162057578457855,-0.003081028789228928,0.11024057539682543,-0.2791197183098591,0.0,10.0,2.4043319473494438,0.16691728267147213,0.16100718149278678,0.00402517953731967,0.19260664682539674,-0.19718309859154926,0.0,10.0,2.5655084216498554,0.004336355510718666,-0.0040423737042823045,-0.00024254242225693826
2026-05-23,Mookie_Betts,605141,hitter,LAD,MIL,2026,823787,29,119,158,0,688107.0,Robert_Gasser,0.0,0.0,0.0,0.0,0.0,6.0,6.0,0.0,1.0,2.0,0.1276595744680851,0.0,0.0,0.0,0.0,10.0,6.0,10.25,1.3928571428571428,1.0733333333333333,0.0,65.0,0,1.0,0.49999999999999994,-0.8660254037844387,-0.9749279121818236,-0.2225209339563146,0.5,1.5,0.5,0.5,0.5,0.5,1.5,0.5,0.5,0.5,synthetic,synthetic,synthetic,synthetic,synthetic,0.0,0.0,0.0,0.0,0.0,-110.0,-110.0,-110.0,-110.0,-110.0,-110.0,-110.0,-110.0,-110.0,-110.0,0.0,0.0,0.0,0.0,0.0,2026-08-07T03:26:40.888653+00:00,0.18807221531148077,-0.33828687514837674,-0.31894690620079147,-0.3336569942565385,-0.4377783745383649,1.0,1.8,0.4,0.2,0.2,0.0,0.0,0.0,0.0,0.0,batter_pitcher_profile_network_v2,0.9666666666666667,0.2,0.8373327774186721,0.0,0.5328186802865759,0.4806549329501915,0.26440062111801227,0.0,11.0,2.4332239304629506,0.018185205053835817,0.019983551291099518,0.0019983551291099517,0.341669061302682,0.3511669254658384,0.0,11.0,2.4868445420776206,0.041000819846654324,0.08036793457796444,0.012858869532474311,0.48965158045977,0.5788392857142857,0.0,11.0,2.231181546267012,-0.0883844212232293,-0.043816543468715365,-0.002190827173435768,0.0698539272030652,0.46857763975155275,0.0,11.0,2.515294325730627,0.10990662216065764,0.11505356307179619,0.002876339076794905,0.15076987547892717,0.5972619047619048,0.0,11.0,2.149645981659989,-0.031077276214946842,-0.009148187594835901,-0.0005488912556901541
2026-05-24,Mookie_Betts,605141,hitter,LAD,MIL,2026,823786,30,119,158,0,687075.0,Brandon_Sproat,1.0,1.0,1.0,0.0,0.0,5.0,5.0,0.0,1.0,2.0,0.125,0.178,0.178,0.0,0.0,21.36,3.6160714285714284,10.339285714285714,3.0,1.0733333333333333,-5.0,73.0,0,1.0,0.49999999999999994,-0.8660254037844387,-0.7818314824680299,0.6234898018587334,0.5,0.5,0.5,0.5,0.5,0.5,0.5,0.5,0.5,0.5,synthetic,synthetic,synthetic,synthetic,synthetic,0.0,0.0,0.0,0.0,0.0,-110.0,-110.0,-110.0,-110.0,-110.0,-110.0,-110.0,-110.0,-110.0,-110.0,0.0,0.0,0.0,0.0,0.0,2026-08-07T03:26:40.888653+00:00,0.007989183012058865,0.1224444515850821,-0.39812464910576134,-0.4737024624367891,-0.4430591882888688,0.6,0.8,0.0,0.0,0.0,0.0,0.0,0.0,0.0,0.0,batter_pitcher_profile_network_v2,1.0,0.45,0.6146627116331052,0.0,0.6236167180212251,0.4188451429859062,0.04152102204016073,0.0,12.0,2.7543343726085054,0.027443590042636638,0.006701353930111752,0.0006701353930111752,0.27972392248443123,0.2300796847357852,0.0,12.0,2.740010788833312,0.051776986702741425,0.10246532240676276,0.016394451585082043,0.43100285766961627,0.5128813459931881,0.0,12.0,2.466316808231412,-0.09067307125134573,-0.0054929821152268354,-0.00027464910576134176,0.028196759259259217,0.461421059004791,0.0,12.0,2.6410470350901627,0.10822137481559449,0.1132348358617707,0.0028308708965442677,0.08276967592592567,0.4721491335175546,0.0,12.0,2.4713256581709877,-0.03028263613211649,-0.007653138147813593,-0.00045918828886881555
2026-05-25,Mookie_Betts,605141,hitter,LAD,COL,2026,823948,31,119,115,1,685299.0,Tanner_Gordon,0.0,0.0,0.0,0.0,1.0,4.0,3.0,0.0,0.0,2.0,0.11428571428571428,0.0,0.0,0.0,0.0,10.0,6.06578947368421,9.118421052631579,3.6712987012987024,1.08,3.0,69.0,0,1.0,0.49999999999999994,-0.8660254037844387,0.0,1.0,0.5,0.5,0.5,0.5,0.5,0.5,0.5,0.5,0.5,0.5,synthetic,synthetic,synthetic,synthetic,synthetic,0.0,0.0,0.0,0.0,0.0,-110.0,-110.0,-110.0,-110.0,-110.0,-110.0,-110.0,-110.0,-110.0,-110.0,0.0,0.0,0.0,0.0,0.0,2026-08-07T03:26:40.888653+00:00,0.20332109645916363,0.18039615592767333,-0.20832544853292184,-0.47129492676169216,-0.4745871359841574,0.6,0.8,0.2,0.0,0.0,1.0,1.0,1.0,0.0,0.0,batter_pitcher_profile_network_v2,1.0,0.05,0.9425,0.0,0.5117271875,0.42698235153256725,-0.2755294117647059,0.0,13.0,3.031449552471379,0.04008868921929398,-0.00676465627872155,-0.0006764656278721551,0.29044378991060044,-0.4978308823529412,0.0,13.0,2.6237485213572085,0.10115167207983548,0.14341347454795844,0.02294615592767335,0.4538588362068967,-0.5882867647058823,0.0,13.0,2.329052955314275,0.0025447789600160924,-0.012807671957140507,-0.0006403835978570254,0.03240416666666664,-0.78,0.0,13.0,1.724579249222836,0.1256562564073133,0.1242029295323133,0.0031050732383078325,0.11543541666666672,-0.5965588235294117,0.0,13.0,2.306196518698088,0.01523355127445514,0.007465482515124444,0.0004479289509074666
2026-05-26,Mookie_Betts,605141,hitter,LAD,COL,2026,823949,32,119,115,1,607536.0,Kyle_Freeland,3.0,9.0,2.0,2.0,5.0,5.0,5.0,0.0,1.0,4.0,0.11363636363636363,1.018,1.018,1.2,30.0,65.0,11.255844155844157,7.425974025974026,4.228441558441559,1.08,0.0,63.0,0,1.0,0.49999999999999994,-0.8660254037844387,0.7818314824680298,0.6234898018587336,0.5,0.5,0.5,0.5,0.5,0.5,0.5,0.5,0.5,0.5,synthetic,synthetic,synthetic,synthetic,synthetic,0.0,0.0,0.0,0.0,0.0,-110.0,-110.0,-110.0,-110.0,-110.0,-110.0,-110.0,-110.0,-110.0,-110.0,0.0,0.0,0.0,0.0,0.0,2026-08-07T03:26:40.888653+00:00,0.14887385651389962,1.9274764282701282,0.21980228101801758,-0.09748121780360652,0.15153341949709143,0.6,0.8,0.2,0.0,0.2,0.0,0.0,0.0,0.0,1.0,batter_pitcher_profile_network_v2,1.0,0.55,0.6067174102505329,0.0,0.6516224144843703,0.37782893518518496,0.46588661690313665,0.0,13.0,2.515001525889685,0.013525563605429064,0.06922774262817295,0.006922774262817295,0.2486439814814813,0.501764697097943,0.0,13.0,2.667518263174467,0.01993717022524202,0.07897199487012072,0.012635519179219314,0.40479513888888874,0.5208293485916771,0.0,13.0,2.7641783330446486,-0.07194775096585762,0.010967698282427996,0.0005483849141213998,0.022922685185185095,0.5160648123053163,0.0,13.0,2.8756764281053893,0.07209891558206052,0.07675128785573901,0.0019187821963934752,0.06519004629629627,0.5773856081922915,0.0,13.0,2.6092431742051905,-0.06251570252327562,-0.03208370102250464,-0.0019250220613502786
2026-05-27,Mookie_Betts,605141,hitter,LAD,COL,2026,823947,33,119,115,1,608372.0,Tomoyuki_Sugano,0.0,0.0,0.0,0.0,0.0,4.0,4.0,0.0,1.0,4.0,0.125,0.0,0.0,0.0,0.0,10.0,5.1000000000000005,3.15,5.244155844155846,1.08,8.0,61.0,0,1.0,0.49999999999999994,-0.8660254037844387,0.9749279121818236,-0.22252093395631434,0.5,1.5,0.5,0.5,1.5,0.5,1.5,0.5,0.5,1.5,synthetic,synthetic,synthetic,synthetic,synthetic,0.0,0.0,0.0,0.0,0.0,-110.0,-110.0,-110.0,-110.0,-110.0,-110.0,-110.0,-110.0,-110.0,-110.0,0.0,0.0,0.0,0.0,0.0,2026-08-07T03:26:40.888653+00:00,0.9663363832263505,1.0732185121189106,0.26114707924309466,0.011752414508235276,0.23704321585228527,0.8,2.0,0.6,0.4,1.2,3.0,9.0,2.0,2.0,5.0,batter_pitcher_profile_network_v2,1.0,0.6,0.5306152937686874,0.0,0.6709997759080015,0.4400413534858385,0.3188989675946041,0.0,14.0,3.1442826788913134,0.06385181550719637,0.06586816126783307,0.0065868161267833075,0.36682263071895405,0.3489776528518091,0.0,14.0,3.2890780996550633,0.1268939353087439,0.25042820074319155,0.04006851211891065,0.49578860294117616,0.10232801838684205,0.0,14.0,3.5099803305385895,-0.010027584235565337,0.013785740706046011,0.0006892870353023006,0.1336865740740741,0.396710495989064,0.0,14.0,3.408376381311011,0.22120282481190348,0.24609658032941095,0.006152414508235274,0.22163449074074063,0.14533046936723423,0.0,14.0,3.416324323468041,0.08729519718801187,0.08059039407487903,0.0048354236444927414
2026-05-29,Mookie_Betts,605141,hitter,LAD,PHI,2026,823946,34,119,143,1,554430.0,Zack_Wheeler,0.0,0.0,0.0,0.0,0.0,3.0,3.0,0.0,1.0,4.0,0.1,0.0,0.0,0.0,0.0,10.0,0.4090909090909088,8.064935064935066,3.8035714285714284,1.08,0.0,66.0,0,2.0,0.49999999999999994,-0.8660254037844387,-0.433883739117558,-0.9009688679024191,0.5,1.5,0.5,0.5,1.5,0.5,1.5,0.5,0.5,1.5,synthetic,synthetic,synthetic,synthetic,synthetic,0.0,0.0,0.0,0.0,0.0,-110.0,-110.0,-110.0,-110.0,-110.0,-110.0,-110.0,-110.0,-110.0,-110.0,0.0,0.0,0.0,0.0,0.0,2026-08-07T03:26:40.888653+00:00,0.21509578478502966,-0.23941438216816913,-0.12847801074273135,-0.19148058937546242,-0.6717582767691609,0.8,2.0,0.6,0.4,1.2,0.0,0.0,0.0,0.0,0.0,batter_pitcher_profile_network_v2,1.0,0.3,0.6527630026949821,0.0,0.5810109596509594,0.35972245370370376,-0.6298176481626174,0.0,15.0,2.8699417199072648,0.057501795347895256,-0.07866985777740923,-0.007866985777740924,0.3042458333333334,-0.691151037689695,0.0,15.0,2.4952513080066083,0.11007636395167746,0.09209761144894427,0.014735617831831083,0.41761458333333346,-0.7462472458952021,0.0,15.0,2.292840707597577,8.259053109724816e-05,-0.1081316434260543,-0.005406582171302715,0.12420509259259264,-0.7268558249237376,0.0,15.0,2.086568799830974,0.14812470158496022,0.11677642498150448,0.002919410624537612,0.1663891203703705,-0.7919668085429563,0.0,15.0,2.156951221379873,0.004634978912783954,-0.04228080329554169,-0.0025368481977325013
2026-05-30,Mookie_Betts,605141,hitter,LAD,PHI,2026,823945,35,119,143,1,666200.0,Jesús_Luzardo,3.0,4.0,0.0,0.0,1.0,4.0,4.0,0.0,0.0,4.0,0.10526315789473684,0.7625,0.7625,0.25,21.25,65.0,1.0,7.499999999999999,2.1964285714285716,1.08,0.0,68.0,0,1.0,0.49999999999999994,-0.8660254037844387,-0.9749279121818236,-0.2225209339563146,0.5,1.5,0.5,0.5,1.5,0.5,1.5,0.5,0.5,1.5,synthetic,synthetic,synthetic,synthetic,synthetic,0.0,0.0,0.0,0.0,0.0,-110.0,-110.0,-110.0,-110.0,-110.0,-110.0,-110.0,-110.0,-110.0,-110.0,0.0,0.0,0.0,0.0,0.0,2026-08-07T03:26:40.888653+00:00,0.2025544700206977,0.419198131365321,0.21913965064587582,-0.07400994664308008,-0.5141272746077336,0.8,2.0,0.6,0.4,1.2,0.0,0.0,0.0,0.0,0.0,batter_pitcher_profile_network_v2,1.0,0.7,0.569261000966133,0.0,0.6961858691671541,0.2528243055555555,-0.13218529955841976,0.0,16.0,3.9082450863678195,0.0662725691573473,-0.014395149417083619,-0.001439514941708362,0.21480138888888883,-0.24564510979830517,0.0,16.0,3.7353724476666272,0.11713428216391869,0.15297351840167647,0.024475762944268235,0.3021979166666664,-0.1758230447149619,0.0,16.0,3.857652430394672,-0.04588052809794864,-0.06876713745842612,-0.0034383568729213065,0.1038347222222224,-0.40601217329036865,0.0,16.0,3.166093337509463,0.2087612984471709,0.19060213427679862,0.004765053356919966,0.056990972222222235,-0.1600459283128455,0.0,16.0,3.7819910660746023,0.016612307416101407,0.00853038561045528,0.0005118231366273168
2026-05-31,Mookie_Betts,605141,hitter,LAD,PHI,2026,823944,36,119,143,1,691725.0,Andrew_Painter,0.0,0.0,1.0,0.0,0.0,5.0,3.0,2.0,1.0,4.0,0.125,0.27599999999999997,0.27599999999999997,0.0,0.0,33.12,2.5473684210526315,5.321052631578947,1.2613636363636365,1.08,6.0,82.0,0,1.0,0.49999999999999994,-0.8660254037844387,-0.7818314824680299,0.6234898018587334,1.5,2.5,0.5,0.5,1.5,1.5,2.5,0.5,0.5,1.5,synthetic,synthetic,synthetic,synthetic,synthetic,0.0,0.0,0.0,0.0,0.0,-110.0,-110.0,-110.0,-110.0,-110.0,-110.0,-110.0,-110.0,-110.0,-110.0,0.0,0.0,0.0,0.0,0.0,2026-08-07T03:26:40.888653+00:00,0.06763982503720944,-0.13445906361437832,-0.1963347365975786,-0.18874690225656798,-0.3844882618097212,1.2,2.6,0.4,0.4,1.4,3.0,4.0,0.0,0.0,1.0,batter_pitcher_profile_network_v2,1.0,0.65,0.5830698242883845,0.0,0.6810730652410374,0.3791981098867459,0.36398540974927124,0.0,17.0,4.002337443195114,0.09218342180578759,0.05754577828277843,0.005754577828277843,0.3323576905417812,0.2998164057656388,0.0,17.0,4.255341891767879,0.12309853863937345,0.22619335241013377,0.0361909363856214,0.41695213498622574,0.22044328826488271,0.0,17.0,4.448605627116056,-0.06738021343346143,-0.029058368315206327,-0.0014529184157603165,0.17992615740740736,0.24581330659208514,0.0,17.0,4.3664481080009505,0.20768382032222332,0.22612390973728025,0.005653097743432006,0.16433240740740737,0.25972875658444194,0.0,17.0,4.318619040109122,0.057240783395440344,0.06072593953495169,0.003643556372097101
2026-06-01,Mookie_Betts,605141,hitter,LAD,AZ,2026,825078,37,119,109,0,593958.0,Eduardo_Rodriguez,1.0,1.0,0.0,0.0,0.0,4.0,4.0,0.0,0.0,4.0,0.12121212121212122,0.2225,0.2225,0.0,0.0,26.7,2.6875,8.089285714285714,1.5824175824175823,1.08,0.0,75.0,0,1.0,1.2246467991473532e-16,-1.0,0.0,1.0,1.5,2.5,0.5,0.5,1.5,1.5,2.5,0.5,0.5,1.5,synthetic,synthetic,synthetic,synthetic,synthetic,0.0,0.0,0.0,0.0,0.0,-110.0,-110.0,-110.0,-110.0,-110.0,-110.0,-110.0,-110.0,-110.0,-110.0,0.0,0.0,0.0,0.0,0.0,2026-08-07T03:26:40.888653+00:00,-0.5291775338057936,-0.7399807880967009,0.05527867191003055,-0.191411170574046,-0.6933166017162462,1.2,2.6,0.6,0.4,1.2,0.0,0.0,1.0,0.0,0.0,batter_pitcher_profile_network_v2,1.0,0.6,0.5464856844626111,1.0,0.6885833021919981,0.2821245934959347,-0.09725276648025757,-0.07777777777777777,18.0,4.8082986701478845,0.09968073748781402,-0.07258436236696193,-0.007258436236696194,0.18543584010840092,-0.17339837527537696,-0.10370370370370369,18.0,4.716271756799788,0.14184944467594235,0.11800359712289178,0.018880575539662686,0.31349695121951193,-0.11986384228661794,0.08888888888888889,18.0,4.845366678901007,-0.04558061149028041,0.006110401237572595,0.00030552006187862976,-0.0006312499999999374,-0.21511323292662246,-0.1111111111111111,18.0,4.468423511016401,0.20553063120963308,0.11955317703816183,0.002988829425954046,0.0023583333333331846,-0.1930867070553012,-0.1111111111111111,18.0,4.621186591475242,0.00965350471892005,-0.07888225637633092,-0.0047329353825798556
2026-06-02,Mookie_Betts,605141,hitter,LAD,AZ,2026,825079,38,119,109,0,647336.0,Michael_Soroka,1.0,1.0,0.0,0.0,1.0,5.0,4.0,1.0,1.0,4.0,0.125,0.316,0.316,0.0,0.0,37.92,2.558823529411766,6.735294117647059,1.5824175824175823,1.08,0.0,74.0,0,1.0,1.2246467991473532e-16,-1.0,0.7818314824680298,0.6234898018587336,0.5,0.5,0.5,0.5,0.5,0.5,0.5,0.5,0.5,0.5,synthetic,synthetic,synthetic,synthetic,synthetic,0.0,0.0,0.0,0.0,0.0,-110.0,-110.0,-110.0,-110.0,-110.0,-110.0,-110.0,-110.0,-110.0,-110.0,0.0,0.0,0.0,0.0,0.0,2026-08-07T03:26:40.888653+00:00,0.4162557822678381,0.4637795786436235,-0.28655491691029966,-0.4700505664708989,-0.3359023095454673,0.8,1.0,0.2,0.0,0.2,1.0,1.0,0.0,0.0,0.0,batter_pitcher_profile_network_v2,1.0,0.7,0.5640602899393531,0.0,0.6966318301377005,0.28438555107526864,0.1269437732431379,0.0,19.0,5.225042627018667,0.08627912885750452,0.01573784853487727,0.001573784853487727,0.1867070340501791,0.010171079194989196,0.0,19.0,5.316156483758673,0.11790467451271176,0.177684866522647,0.028429578643623523,0.30204939516129015,0.1329660645588598,0.0,19.0,5.382784332867226,-0.05202427048813818,-0.03451592062357413,-0.0017257960311787065,-0.0009645833333332826,-0.11194822047927788,0.0,19.0,5.092403849216572,0.17402441541075647,0.17397734116404398,0.0043494335291010995,-0.00656875000000004,0.1533508365458305,0.0,19.0,5.254444592823207,0.003929140747856378,0.002946855560892283,0.00017681133365353698
2026-06-03,Mookie_Betts,605141,hitter,LAD,AZ,2026,825077,39,119,109,0,668678.0,Zac_Gallen,0.0,0.0,1.0,0.0,0.0,5.0,5.0,0.0,1.0,4.0,0.10416666666666667,0.0,0.0,0.0,0.0,10.0,5.6875,7.075,2.4395604395604393,1.08,0.0,74.0,0,1.0,1.2246467991473532e-16,-1.0,0.9749279121818236,-0.22252093395631434,0.5,1.5,0.5,0.5,0.5,0.5,1.5,0.5,0.5,0.5,synthetic,synthetic,synthetic,synthetic,synthetic,0.0,0.0,0.0,0.0,0.0,-110.0,-110.0,-110.0,-110.0,-110.0,-110.0,-110.0,-110.0,-110.0,-110.0,0.0,0.0,0.0,0.0,0.0,2026-08-07T03:26:40.888653+00:00,0.5472602048591233,-0.5834363643477432,-0.4393301428428227,-0.4722841872402231,-0.11027056723547529,1.0,1.2,0.2,0.0,0.4,1.0,1.0,0.0,0.0,1.0,batter_pitcher_profile_network_v2,1.0,0.8,0.4343439855993866,1.0,0.7561842894112601,0.22173892195767217,0.6201036471000063,0.029629629629629634,19.0,4.347772131890074,0.06072299269381866,0.09902787276705699,0.0099027872767057,0.13831051587301607,0.6084672252020263,-0.03209876543209877,19.0,4.497950988628621,0.07595927332592557,0.13852272282660555,0.02216363565225689,0.23917509920634947,0.44659933724579004,0.0962962962962963,19.0,5.188410785566005,-0.07564509964536127,0.05383670358310745,0.002691835179155373,-0.010327546296296244,0.6002503721668825,-0.1111111111111111,19.0,4.6578384562791095,0.1643182873688191,0.08463251039107539,0.002115812759776885,-0.05165393518518492,0.5339935065748636,0.08888888888888889,19.0,4.853051258772914,0.05392207759046503,0.10419017977504375,0.006251410786502624
2026-06-04,Mookie_Betts,605141,hitter,LAD,AZ,2026,825076,40,119,109,0,669194.0,Ryne_Nelson,0.0,0.0,0.0,0.0,0.0,4.0,4.0,0.0,0.0,1.0,0.12121212121212122,0.0,0.0,0.0,0.0,10.0,3.910714285714286,4.098214285714286,1.7967032967032968,1.08,0.0,74.0,0,1.0,1.2246467991473532e-16,-1.0,0.43388373911755823,-0.900968867902419,0.5,1.5,0.5,0.5,0.5,0.5,1.5,0.5,0.5,0.5,synthetic,synthetic,synthetic,synthetic,synthetic,0.0,0.0,0.0,0.0,0.0,-110.0,-110.0,-110.0,-110.0,-110.0,-110.0,-110.0,-110.0,-110.0,-110.0,0.0,0.0,0.0,0.0,0.0,2026-08-07T03:26:40.888653+00:00,0.5491370509303628,-0.7026354909237436,-0.15161924694021695,-0.4706616423370147,-0.2841939209008991,1.0,1.2,0.4,0.0,0.4,0.0,0.0,1.0,0.0,0.0,batter_pitcher_profile_network_v2,1.0,0.8,0.5124638631605345,1.0,0.7485285414102676,0.11605844907407387,0.2398486200626747,0.029629629629629634,20.0,6.026488453082826,0.059754455248251494,0.03597815166127027,0.003597815166127027,0.053684027777777615,0.44358465285137655,0.1111111111111111,20.0,5.675347146549214,0.03770485730631379,0.15219295445387626,0.0243508727126202,0.13002083333333306,0.4604980227996243,0.0962962962962963,20.0,5.792004336482536,-0.04064692700252673,0.061366309946909794,0.0030683154973454897,-0.027068287037036995,0.7131784955813469,0.1111111111111111,20.0,4.867209347206499,0.06550853634382753,0.14953430651941277,0.0037383576629853193,-0.14047800925925935,0.5297048724534325,0.1111111111111111,20.0,5.505888004346104,-0.013690810934525819,0.07375766197469087,0.004425459718481452
2026-06-05,Mookie_Betts,605141,hitter,LAD,LAA,2026,823943,41,119,108,1,672282.0,Reid_Detmers,0.0,0.0,0.0,0.0,0.0,3.0,2.0,1.0,0.0,4.0,0.1,0.22999999999999998,0.22999999999999998,0.0,0.0,27.599999999999998,6.41029411764706,13.685294117647059,6.708791208791209,1.08,7.0,70.0,0,1.0,1.2246467991473532e-16,-1.0,-0.433883739117558,-0.9009688679024191,0.5,0.5,0.5,0.5,0.5,0.5,0.5,0.5,0.5,0.5,synthetic,synthetic,synthetic,synthetic,synthetic,0.0,0.0,0.0,0.0,0.0,-110.0,-110.0,-110.0,-110.0,-110.0,-110.0,-110.0,-110.0,-110.0,-110.0,0.0,0.0,0.0,0.0,0.0,2026-08-07T03:26:40.888653+00:00,-0.20195469354255613,-0.13533348635546583,0.022977986818970564,-0.4749186853598542,-0.14180165821802332,0.4,0.4,0.4,0.0,0.2,0.0,0.0,0.0,0.0,0.0,batter_pitcher_profile_network_v2,1.0,0.7,0.5225062422337527,1.0,0.7189450897284557,0.07389930555555539,-0.24205086215695254,-0.07777777777777777,22.0,6.31881213981017,0.0762612403370864,-0.06774969345184903,-0.006774969345184904,0.013451388888888756,-0.30247801611411496,-0.10370370370370369,22.0,6.022427553220854,0.08441052056437214,0.04572821027833826,0.007316513644534122,0.07965624999999976,-0.06056141521944508,0.1111111111111111,22.0,6.80117757842785,-0.03651167717618928,0.04576852758820038,0.002288426379410019,-0.040920138888888846,-0.3480207277128611,-0.1111111111111111,22.0,5.5531604671812085,0.0706362813194659,-0.020747414394169036,-0.0005186853598542259,-0.2094340277777778,-0.09872560017242311,-0.1111111111111111,22.0,6.527356049026505,-0.026084974814314557,-0.11402031095973106,-0.006841218657583863
2026-06-06,Mookie_Betts,605141,hitter,LAD,LAA,2026,823942,42,119,108,1,686799.0,Jack_Kochanowicz,1.0,1.0,1.0,0.0,0.0,4.0,3.0,1.0,0.0,4.0,0.10256410256410256,0.395,0.395,0.0,0.0,47.400000000000006,9.107142857142856,7.785714285714286,7.351648351648351,1.08,4.0,70.0,0,1.0,1.2246467991473532e-16,-1.0,-0.9749279121818236,-0.2225209339563146,0.5,0.5,0.5,0.5,0.5,0.5,0.5,0.5,0.5,0.5,synthetic,synthetic,synthetic,synthetic,synthetic,0.0,0.0,0.0,0.0,0.0,-110.0,-110.0,-110.0,-110.0,-110.0,-110.0,-110.0,-110.0,-110.0,-110.0,0.0,0.0,0.0,0.0,0.0,2026-08-07T03:26:40.888653+00:00,0.11885244148258922,-0.07584329333212786,0.009770695473088953,-0.4766397113118222,-0.06084245685856027,0.4,0.4,0.2,0.0,0.2,0.0,0.0,0.0,0.0,0.0,batter_pitcher_profile_network_v2,1.0,0.75,0.5401795301240311,2.0,0.7503710056698546,0.11759321167097313,0.06489788250690437,-0.13999999999999999,22.0,6.945171857641338,0.05484873341600165,-0.10430342400194735,-0.010430342400194735,0.049512758397932684,0.022145810779097753,-0.18666666666666665,22.0,6.9111503043723985,0.052816875283390595,-0.06402058332579944,-0.010243293332127909,0.11687039728682144,0.23560320608924126,-0.2,22.0,7.096234185108562,-0.03949304895729734,-0.180849826801959,-0.00904249134009795,-0.034401620370370284,0.053291958815351544,-0.2,22.0,6.726056284324915,0.06442950053951338,-0.08958845247288974,-0.0022397113118222435,-0.1743738425925927,0.14804467134603888,-0.2,22.0,6.990591365980515,-0.028870708347072543,-0.17567098427270753,-0.010540259056362451
2026-06-09,Mookie_Betts,605141,hitter,LAD,PIT,2026,823374,43,119,134,0,694973.0,Paul_Skenes,2.0,3.0,2.0,0.0,0.0,6.0,6.0,0.0,1.0,4.0,0.11764705882352941,0.36000000000000004,0.36000000000000004,0.16666666666666666,14.166666666666666,50.7,3.6053571428571427,11.324999999999998,4.845918367346939,1.08,0.0,81.0,0,3.0,1.2246467991473532e-16,-1.0,0.7818314824680298,0.6234898018587336,0.5,0.5,0.5,0.5,0.5,0.5,0.5,0.5,0.5,0.5,synthetic,synthetic,synthetic,synthetic,synthetic,0.0,0.0,0.0,0.0,0.0,-110.0,-110.0,-110.0,-110.0,-110.0,-110.0,-110.0,-110.0,-110.0,-110.0,0.0,0.0,0.0,0.0,0.0,2026-08-07T03:26:40.888653+00:00,0.06352581893588771,0.28495593132281927,0.1593564536357368,-0.3974866967836356,-0.17125434815932727,0.4,0.4,0.4,0.0,0.2,1.0,1.0,1.0,0.0,0.0,batter_pitcher_profile_network_v2,1.0,0.75,0.5535442014100416,0.0,0.7116431264954524,0.15714664351851837,-0.2948670881749829,0.0,24.0,7.158459068083394,0.06287068929864102,-0.020687588952449525,-0.002068758895244953,0.07817986111111101,-0.31589280587833224,0.0,24.0,6.985481195711493,0.04833118009617335,0.06147089429703279,0.009835343087525247,0.13933333333333311,-0.054861215538847055,0.0,24.0,7.837256736998159,-0.03508247063237653,-0.03849517698514817,-0.0019247588492574087,-0.03115717592592583,-0.24993885850991118,0.0,24.0,6.9285358539770225,-0.003324479710386613,-0.00680120467875758,-0.0001700301169689395,-0.16548356481481488,-0.06349060150375935,0.0,24.0,7.646398194848727,-0.058261386345148235,-0.048386795052412855,-0.0029032077031447712
2026-06-10,Mookie_Betts,605141,hitter,LAD,PIT,2026,823372,44,119,134,0,683003.0,Jared_Jones,0.0,0.0,0.0,0.0,0.0,4.0,4.0,0.0,0.0,4.0,0.10256410256410256,0.0,0.0,0.0,0.0,10.0,5.1923076923076925,9.830769230769231,7.417346938775511,1.08,11.0,87.0,0,1.0,1.2246467991473532e-16,-1.0,0.9749279121818236,-0.22252093395631434,0.5,0.5,0.5,0.5,0.5,0.5,0.5,0.5,0.5,0.5,synthetic,synthetic,synthetic,synthetic,synthetic,0.0,0.0,0.0,0.0,0.0,-110.0,-110.0,-110.0,-110.0,-110.0,-110.0,-110.0,-110.0,-110.0,-110.0,0.0,0.0,0.0,0.0,0.0,2026-08-07T03:26:40.888653+00:00,0.5253996903601432,0.4325745594807706,0.47020967893808774,-0.47273798216512525,-0.3004576440094109,0.6,0.8,0.8,0.0,0.0,2.0,3.0,2.0,0.0,0.0,batter_pitcher_profile_network_v2,1.0,0.1,0.8480099918660855,0.0,0.5246118775996405,0.10570251068376021,0.25419139194139195,0.0,25.0,8.061603573433263,0.05035785259816773,0.004083769116869766,0.00040837691168697657,-0.0016501780626784063,0.35737500000000005,0.0,25.0,7.799973671747717,0.033018997836544155,0.04952849675481623,0.007924559480770596,0.0853389423076917,0.44231242368742385,0.0,25.0,7.9136705649995465,0.02149416841870428,0.02723125537085633,0.0013615627685428166,-0.13246041666666655,0.41823809523809524,0.0,25.0,7.625343189854971,0.06648071339498848,0.06648071339498848,0.0016620178348747121,-0.24845347222222253,0.4752191697191699,0.0,25.0,7.670373739096842,0.023547209698420012,0.01766040727381501,0.0010596244364289005
2026-06-11,Mookie_Betts,605141,hitter,LAD,PIT,2026,823371,45,119,134,0,656605.0,Mitch_Keller,1.0,1.0,0.0,0.0,0.0,6.0,5.0,1.0,0.0,4.0,0.12244897959183673,0.26333333333333336,0.26333333333333336,0.0,0.0,31.600000000000005,9.607142857142856,8.821428571428571,8.317346938775511,1.08,11.0,72.0,0,1.0,1.2246467991473532e-16,-1.0,0.43388373911755823,-0.900968867902419,0.5,0.5,0.5,0.5,0.5,0.5,0.5,0.5,0.5,0.5,synthetic,synthetic,synthetic,synthetic,synthetic,0.0,0.0,0.0,0.0,0.0,-110.0,-110.0,-110.0,-110.0,-110.0,-110.0,-110.0,-110.0,-110.0,-110.0,0.0,0.0,0.0,0.0,0.0,2026-08-07T03:26:40.888653+00:00,0.2912786591547696,0.15923208691116286,0.27828358313402823,-0.4730672445858904,-0.15394334940970816,0.6,0.8,0.6,0.0,0.0,0.0,0.0,0.0,0.0,0.0,batter_pitcher_profile_network_v2,1.0,0.8,0.43761623644336406,0.0,0.7371136088285504,0.07658329772079767,0.13688284545305116,0.0,25.0,8.276278411210217,0.0591590974961576,0.005895435085110587,0.0005895435085110588,-0.0261849002849003,0.032965820996935735,0.0,25.0,8.302460051738997,0.05986583832032166,0.0897987574804825,0.0143678011968772,0.044661858974358815,0.15887599851959278,0.0,25.0,8.558865103957483,0.04695326649256868,0.05094377152409956,0.0025471885762049784,-0.13642337962962947,-0.017652116856171563,0.0,25.0,8.050620679349533,0.05466452745777581,0.0533102165643825,0.0013327554141095625,-0.28257268518518514,0.13148546179642895,0.0,25.0,8.393959600837663,0.00420674781147144,0.00315506085860358,0.0001893036515162148
2026-06-12,Mookie_Betts,605141,hitter,LAD,CWS,2026,824588,46,119,145,0,641743.0,Anthony_Kay,0.0,0.0,0.0,0.0,0.0,3.0,3.0,0.0,1.0,4.0,0.08823529411764706,0.0,0.0,0.0,0.0,10.0,5.600000000000001,7.3,2.6863152375574733,1.08,14.0,79.0,0,1.0,1.2246467991473532e-16,-1.0,-0.433883739117558,-0.9009688679024191,0.5,0.5,0.5,0.5,0.5,0.5,0.5,0.5,0.5,0.5,synthetic,synthetic,synthetic,synthetic,synthetic,0.0,0.0,0.0,0.0,0.0,-110.0,-110.0,-110.0,-110.0,-110.0,-110.0,-110.0,-110.0,-110.0,-110.0,0.0,0.0,0.0,0.0,0.0,2026-08-07T03:26:40.888653+00:00,0.4010903565066014,0.2627756679182105,-0.19097964479224672,-0.4735544973940046,-0.499166845857282,0.8,1.0,0.6,0.0,0.0,1.0,1.0,0.0,0.0,0.0,batter_pitcher_profile_network_v2,1.0,0.8,0.4309846823791506,0.0,0.7377635011268432,0.09751201599326607,0.21600673573389212,0.0,26.0,8.769884701030989,0.05965450874445323,0.011985313180278383,0.0011985313180278385,-0.03164600168350158,0.27596308781739143,0.0,26.0,8.6268196860134,0.04071969475724941,0.06107954213587412,0.00977272674173986,0.04977367424242443,0.3510405924091148,0.0,26.0,8.829384993278483,0.045620289121932514,0.05556245483288741,0.0027781227416443705,-0.20523703703703705,0.3589193761609497,0.0,26.0,8.348050968125865,0.03382010423981418,0.03382010423981418,0.0008455026059953545,-0.322879398148148,0.348805162961262,0.0,26.0,8.687814517630533,0.018514536504844303,0.013885902378633228,0.0008331541427179936
2026-06-13,Mookie_Betts,605141,hitter,LAD,CWS,2026,824587,47,119,145,0,680732.0,Sean_Burke,3.0,3.0,3.0,0.0,0.0,5.0,5.0,0.0,2.0,4.0,0.10869565217391304,0.534,0.534,0.0,0.0,64.08,3.4965659340659343,11.649725274725276,2.6863152375574733,1.08,0.0,86.0,0,1.0,1.2246467991473532e-16,-1.0,-0.9749279121818236,-0.2225209339563146,0.5,0.5,0.5,0.5,0.5,0.5,0.5,0.5,0.5,0.5,synthetic,synthetic,synthetic,synthetic,synthetic,0.0,0.0,0.0,0.0,0.0,-110.0,-110.0,-110.0,-110.0,-110.0,-110.0,-110.0,-110.0,-110.0,-110.0,0.0,0.0,0.0,0.0,0.0,2026-08-07T03:26:40.888653+00:00,0.10510342487781743,0.3855871125324113,0.12672124919650274,-0.47485255550748395,-0.37149696649519603,0.8,1.0,0.6,0.0,0.0,0.0,0.0,0.0,0.0,0.0,batter_pitcher_profile_network_v2,1.0,0.65,0.5440855661389274,0.0,0.6841771867961879,0.12288502085100403,-0.008126646926918307,0.0,27.0,9.53454221345185,0.05242165080468196,-0.0004552958386999479,-4.5529583869994796e-05,-0.014730665111676304,-0.05409755637464398,0.0,27.0,9.423602795450693,0.04166496150354471,0.06213412724061345,0.009941460358498152,0.05835567748091636,0.05465827160756592,0.0,27.0,9.743512838687318,0.018525117579343903,0.0199793115899712,0.0009989655794985601,-0.20523703703703702,-0.07363442687824104,0.0,27.0,9.114107855399244,-0.01121220813066352,-0.018102220299359928,-0.00045255550748399823,-0.3278793981481479,0.04072391908958032,0.0,27.0,9.551722061558625,-0.018640340657587958,-0.013980255493190968,-0.000838815329591458
2026-06-14,Mookie_Betts,605141,hitter,LAD,CWS,2026,824586,48,119,145,0,663542.0,Bryan_Hudson,2.0,5.0,1.0,1.0,1.0,4.0,4.0,0.0,0.0,4.0,0.10256410256410256,0.7475,0.7475,0.75,30.0,65.0,9.0,0.0,3.457743808986045,1.08,9.0,69.0,0,1.0,1.2246467991473532e-16,-1.0,-0.7818314824680299,0.6234898018587334,1.5,1.5,0.5,0.5,0.5,1.5,1.5,0.5,0.5,0.5,synthetic,synthetic,synthetic,synthetic,synthetic,0.0,0.0,0.0,0.0,0.0,-110.0,-110.0,-110.0,-110.0,-110.0,-110.0,-110.0,-110.0,-110.0,-110.0,0.0,0.0,0.0,0.0,0.0,2026-08-07T03:26:40.888653+00:00,0.3176186533865706,1.0512909392585401,0.9505719469273792,-0.21440890663335277,-0.28234163602494594,1.2,1.4,1.0,0.0,0.0,3.0,3.0,3.0,0.0,0.0,batter_pitcher_profile_network_v2,1.0,0.15,0.5294749429583239,0.0,0.5427708979231408,0.1378883417508419,-0.6977500000000002,0.0,28.0,6.6130760139614715,0.07843777527078995,-0.045269964087685605,-0.004526996408768561,0.00665210437710452,-0.7490000000000001,0.0,28.0,6.156814441416245,0.07767098448513302,0.11416212036587779,0.018265939258540448,0.09028219696969716,-0.6869696969696969,0.0,28.0,6.136332242599972,0.0407622423212229,0.01157974494615439,0.0005789872473077195,-0.18917037037037035,-0.7490000000000001,0.0,28.0,5.877568230422423,-0.033688225251585234,-0.10035626533411127,-0.0025089066333527817,-0.2590939814814813,-0.8051515151515152,0.0,28.0,5.258787816529793,-0.02677421448695512,-0.11823685149388054,-0.007094211089632832
2026-06-15,Mookie_Betts,605141,hitter,LAD,TB,2026,823938,49,119,139,1,607259.0,Nick_Martinez,1.0,2.0,1.0,0.0,0.0,4.0,4.0,0.0,0.0,4.0,0.12121212121212122,0.3175,0.3175,0.25,21.25,49.35,6.642857142857143,3.75,7.85064935064935,1.08,9.0,71.0,0,1.0,1.2246467991473532e-16,-1.0,0.0,1.0,1.5,1.5,0.5,0.5,0.5,1.5,1.5,0.5,0.5,0.5,synthetic,synthetic,synthetic,synthetic,synthetic,0.0,0.0,0.0,0.0,0.0,-110.0,-110.0,-110.0,-110.0,-110.0,-110.0,-110.0,-110.0,-110.0,-110.0,0.0,0.0,0.0,0.0,0.0,2026-08-07T03:26:40.888653+00:00,0.21206948102816825,0.7888789330231578,0.5524067984039174,-0.11941166664026626,0.13348520238532258,1.2,1.8,0.8,0.2,0.2,2.0,5.0,1.0,1.0,1.0,batter_pitcher_profile_network_v2,1.0,0.8,0.4351314901528609,0.0,0.7373571139650196,0.1672321403133905,0.5252455852590702,0.0,28.0,8.527649823574276,0.012921986126518329,0.049616888203757696,0.00496168882037577,0.05049704415954439,0.3806128713139533,0.0,28.0,9.304126252238797,-0.003111546512377944,0.006189354122003665,0.0009902966595205865,0.13233894230769255,0.17865117538597924,0.0,28.0,10.248584087450197,0.062086254850658766,0.0754411628835441,0.0037720581441772053,-0.15792037037037024,0.2480235855996677,0.0,28.0,9.666253910989973,-0.025466665610648687,-0.025466665610648687,-0.0006366666402662172,-0.20192384259259225,0.251130231823369,0.0,28.0,9.988533443901497,0.00349511794223346,0.002621338456675095,0.0001572803074005057
2026-06-16,Mookie_Betts,605141,hitter,LAD,TB,2026,823939,50,119,139,1,656876.0,Drew_Rasmussen,0.0,0.0,0.0,0.0,0.0,3.0,3.0,0.0,1.0,4.0,0.10344827586206896,0.0,0.0,0.0,0.0,10.0,3.75,12.428571428571429,7.047077922077922,1.08,0.0,70.0,0,1.0,1.2246467991473532e-16,-1.0,0.7818314824680298,0.6234898018587336,1.5,2.5,0.5,0.5,0.5,1.5,2.5,0.5,0.5,0.5,synthetic,synthetic,synthetic,synthetic,synthetic,0.0,0.0,0.0,0.0,0.0,-110.0,-110.0,-110.0,-110.0,-110.0,-110.0,-110.0,-110.0,-110.0,-110.0,0.0,0.0,0.0,0.0,0.0,2026-08-07T03:26:40.888653+00:00,-0.2949923778065955,-0.83992778644369,0.4435766935503519,-0.3359924638168089,-0.18546056314117026,1.4,2.2,1.0,0.2,0.2,1.0,2.0,1.0,0.0,0.0,batter_pitcher_profile_network_v2,1.0,0.8,0.49344792395063297,0.0,0.731642103452838,0.11752356934001683,-0.20984111737444106,0.0,29.0,9.915837976248213,0.0538353012388757,-0.012492221117157925,-0.0012492221117157926,0.023888861041492744,-0.12278482564122706,0.0,29.0,10.2450015750418,0.027893443512508845,0.04035435196831594,0.00645669631493055,0.06943562030075201,-0.2063665797125431,0.0,29.0,9.944148630557962,0.08981787889306635,0.08255939720497542,0.004127969860248771,-0.10147708333333323,-0.023814128311850157,0.0,29.0,10.276382615648785,-0.062474424860538134,-0.0636985526723559,-0.0015924638168088976,-0.241209722222222,-0.16633876072144516,0.0,29.0,9.971579743257708,-0.027781838226734683,-0.04116052764765857,-0.002469631658859514
2026-06-17,Mookie_Betts,605141,hitter,LAD,TB,2026,823940,51,119,139,1,663556.0,Shane_McClanahan,1.0,1.0,1.0,0.0,0.0,5.0,4.0,1.0,0.0,4.0,0.125,0.316,0.316,0.0,0.0,37.92,6.0,10.65,7.047077922077922,1.08,4.0,78.0,0,1.0,1.2246467991473532e-16,-1.0,0.9749279121818236,-0.22252093395631434,1.5,1.5,0.5,0.5,0.5,1.5,1.5,0.5,0.5,0.5,synthetic,synthetic,synthetic,synthetic,synthetic,0.0,0.0,0.0,0.0,0.0,-110.0,-110.0,-110.0,-110.0,-110.0,-110.0,-110.0,-110.0,-110.0,-110.0,0.0,0.0,0.0,0.0,0.0,2026-08-07T03:26:40.888653+00:00,-0.4136685154115809,-0.07540839654600417,0.5028539538754733,-0.33723953322224887,-0.06904089200203894,1.2,2.0,1.0,0.2,0.2,0.0,0.0,0.0,0.0,0.0,batter_pitcher_profile_network_v2,1.0,0.8,0.46153094579214554,0.0,0.7347699673123698,0.08047038097257558,-0.4311710222375663,0.0,30.0,9.283998990029977,0.05269590195878599,-0.01868298961364539,-0.001868298961364539,-0.006108326265196529,-0.5285752992105932,0.0,30.0,8.549415113972316,0.03966572147592104,0.05776002158747375,0.0092416034539958,0.031468988549618104,-0.408553878637702,0.0,30.0,9.238659574260828,0.055924132159917046,0.04900115543154302,0.0024500577715771514,-0.10568449074074057,-0.6165217277820219,0.0,30.0,7.572028372876262,-0.07849641658664822,-0.1135813288899531,-0.002839533222248828,-0.27137546296296294,-0.47936286132168465,0.0,30.0,8.577133879825938,-0.04426463082539774,-0.10324646843225244,-0.006194788105935146
2026-06-19,Mookie_Betts,605141,hitter,LAD,BAL,2026,823936,52,119,110,1,694346.0,Trey_Gibson,3.0,7.0,2.0,1.0,1.0,5.0,5.0,0.0,2.0,4.0,0.11363636363636363,0.852,0.852,0.8,30.0,65.0,6.611829347123464,5.37556561085973,3.6122448979591835,1.08,5.0,69.0,0,2.0,1.2246467991473532e-16,-1.0,-0.433883739117558,-0.9009688679024191,1.5,1.5,0.5,0.5,0.5,1.5,2.5,1.5,0.5,0.5,synthetic,real,real,real,synthetic,0.0,8.0,7.0,9.0,0.0,-110.0,116.295602,-108.493485,465.542348,-110.0,-110.0,-154.606962,-126.567164,0.0,-110.0,0.0,0.0,0.0,0.0,0.0,2026-06-19T20:50:58.917955+00:00,-0.06704128417346444,1.3584424447324435,0.8794660590750807,-0.06068109868762728,-0.08787281824506243,1.4,2.2,1.2,0.2,0.2,1.0,1.0,1.0,0.0,0.0,batter_pitcher_profile_network_v2,1.0,0.25,0.7850780380010058,0.0,0.5634569850862192,0.1403642676767675,0.37626066580478346,0.0,31.0,10.707045923807557,-0.001909658517420655,0.01135079239033379,0.001135079239033379,0.0434604377104376,0.5539365707821591,0.0,31.0,9.63491864210324,-0.04385966905439979,-0.060615402240410565,-0.00969846435846569,0.09303219696969675,0.6952838558500323,0.0,31.0,9.026627876625373,0.03253795400444961,0.046439919906067245,0.002321995995303362,-0.09534374999999987,0.8633115707821591,0.0,31.0,7.411256325048046,-0.05124394750509018,-0.05124394750509018,-0.0012810986876272547,-0.2149513888888889,0.6134088558500324,0.0,31.0,9.619814683619285,-0.01603170620856073,-0.012023779656420548,-0.0007214267793852328
2026-06-20,Mookie_Betts,605141,hitter,LAD,BAL,2026,823937,53,119,110,1,669432.0,Trevor_Rogers,1.0,1.0,0.0,0.0,0.0,4.0,3.0,1.0,0.0,4.0,0.11764705882352941,0.395,0.395,0.0,0.0,47.400000000000006,3.117647058823529,5.176470588235294,4.313543599257885,1.08,0.0,67.0,0,1.0,1.2246467991473532e-16,-1.0,-0.9749279121818236,-0.2225209339563146,1.5,1.5,0.5,0.5,0.5,1.5,2.5,0.5,0.5,0.5,synthetic,real,real,real,synthetic,0.0,7.0,5.0,7.0,0.0,-110.0,102.991412,-108.562265,395.229439,-110.0,-110.0,-138.264268,-136.842105,0.0,-110.0,0.0,0.0,0.0,0.0,0.0,2026-06-20T11:58:55.263102+00:00,0.24973691162691414,1.5337161870933662,0.6803235828187835,-0.09598615038758335,0.11053623397732437,1.4,3.0,1.0,0.4,0.4,3.0,7.0,2.0,1.0,1.0,batter_pitcher_profile_network_v2,1.0,0.8,0.47235671489477227,0.0,0.7337090419403123,0.13507842522974103,0.4692066775030272,0.0,32.0,10.32041802924217,-0.023558983835051787,0.03344187264442008,0.003344187264442008,0.05249209830130884,0.3829144065247824,0.0,32.0,10.842328381273662,-0.045213751311611976,-0.057215007137051854,-0.009154401141928297,0.11902913533834583,0.3883590625905534,0.0,32.0,11.291813594497306,0.023831313356783394,0.0482221747648378,0.00241110873824189,-0.08909374999999993,0.313697452501794,0.0,32.0,11.08248300535594,-0.06344601550333367,-0.06344601550333367,-0.0015861503875833419,-0.16309722222222217,0.43852429247561087,0.0,32.0,10.897945389801464,-0.02208638137867821,-0.016564786034008655,-0.0009938871620405192
2026-06-21,Mookie_Betts,605141,hitter,LAD,BAL,2026,823934,54,119,110,1,687064.0,Brandon_Young,1.0,1.0,0.0,0.0,0.0,4.0,4.0,0.0,1.0,4.0,0.11428571428571428,0.2225,0.2225,0.0,0.0,26.7,2.9210526315789473,5.037593984962406,4.956400742115028,1.08,6.0,74.0,0,1.0,1.2246467991473532e-16,-1.0,-0.7818314824680299,0.6234898018587334,1.5,1.5,0.5,0.5,0.5,1.5,2.5,0.5,0.5,0.5,synthetic,real,real,real,synthetic,0.0,8.0,7.0,9.0,0.0,-110.0,116.861443,-103.648078,428.859103,-110.0,-110.0,-156.069597,-134.722627,0.0,-110.0,0.0,0.0,0.0,0.0,0.0,2026-06-21T19:20:37.517202+00:00,-0.10920283449669221,0.11380343443643492,0.20254151789814023,-0.3373880872037324,-0.2114524890535744,1.2,2.2,0.8,0.2,0.2,1.0,1.0,0.0,0.0,0.0,batter_pitcher_profile_network_v2,1.0,0.55,0.543210131036305,0.0,0.6559012174214289,0.25950778619528625,0.0017576323675793301,0.0,33.0,12.244290835565394,-0.01594277682033565,0.00020835066826968763,2.0835066826968763e-05,0.14757154882154894,-0.049304096867106975,0.0,33.0,12.16493409246476,-0.04683249041017415,-0.07357228477228206,-0.01177156556356513,0.22840719696969713,-0.07495726128929334,0.0,33.0,12.265674774759399,-0.0002497862388046323,-0.008070384152223987,-0.00040351920761119936,-0.07524189814814812,-0.0683489081878617,0.0,33.0,11.851993583900285,-0.11717435416460847,-0.11952348814929685,-0.0029880872037324215,-0.09164120370370352,-0.11190301600627445,0.0,33.0,11.9116021185189,-0.06981034114145468,-0.05704210265543006,-0.0034225261593258034
2026-06-22,Mookie_Betts,605141,hitter,LAD,MIN,2026,823692,55,119,142,0,805673.0,Zebby_Matthews,0.0,0.0,0.0,0.0,0.0,4.0,3.0,1.0,1.0,4.0,0.10526315789473684,0.1725,0.1725,0.0,0.0,20.7,5.214285714285714,4.571428571428572,4.821428571428571,1.08,-4.0,77.0,0,1.0,1.2246467991473532e-16,-1.0,0.0,1.0,1.5,1.5,0.5,0.5,0.5,1.5,1.5,0.5,0.5,0.5,synthetic,synthetic,synthetic,synthetic,synthetic,0.0,0.0,0.0,0.0,0.0,-110.0,-110.0,-110.0,-110.0,-110.0,-110.0,-110.0,-110.0,-110.0,-110.0,0.0,0.0,0.0,0.0,0.0,2026-08-07T03:26:40.888653+00:00,-0.08944460049256309,-0.03587059330754294,0.031867756986548645,-0.3343936179541796,-0.2419049872323123,1.2,2.0,0.6,0.2,0.2,1.0,1.0,0.0,0.0,0.0,batter_pitcher_profile_network_v2,1.0,0.5,0.6835913060296142,0.0,0.6331300325056861,0.13834141751484297,0.2588029012654012,0.0,34.0,12.33925252587256,-0.010498087217125392,0.011328431164592876,0.0011328431164592877,-0.0007353512864010092,0.23713642191142184,0.0,34.0,12.417041012867159,-0.021220673869147895,-0.031831010803721846,-0.005092961728595496,0.11072876908396936,0.11927435064935066,0.0,34.0,12.989854951763064,0.04661614745036876,0.05079498935503375,0.0025397494677516876,-0.22692708333333333,0.24253414918414917,0.0,34.0,12.271385664550081,0.0002552818328155792,0.0002552818328155792,6.38204582038948e-06,-0.24321180555555563,0.18347619047619046,0.0,34.0,12.729055565964813,-0.03368643306558689,-0.02526482479919017,-0.0015158894879514103
2026-06-23,Mookie_Betts,605141,hitter,LAD,MIN,2026,823690,56,119,142,0,696070.0,Kendry_Rojas,2.0,2.0,1.0,0.0,1.0,6.0,6.0,0.0,2.0,4.0,0.11538461538461539,0.2966666666666667,0.2966666666666667,0.0,0.0,35.6,1.5,9.75,4.821428571428571,1.08,-6.0,68.0,0,1.0,1.2246467991473532e-16,-1.0,0.7818314824680298,0.6234898018587336,1.5,1.5,0.5,0.5,0.5,1.5,1.5,0.5,0.5,0.5,synthetic,synthetic,synthetic,synthetic,synthetic,0.0,0.0,0.0,0.0,0.0,-110.0,-110.0,-110.0,-110.0,-110.0,-110.0,-110.0,-110.0,-110.0,-110.0,0.0,0.0,0.0,0.0,0.0,2026-08-07T03:26:40.888653+00:00,-0.5169779932913158,-0.09757778076122059,0.1121997944809564,-0.3357470449855712,-0.1940627966581816,1.2,2.0,0.6,0.2,0.2,0.0,0.0,0.0,0.0,0.0,batter_pitcher_profile_network_v2,1.0,0.05,0.9425,0.0,0.5117271875,0.10020157442748083,-0.6083750000000001,0.0,35.0,9.316649067194051,0.031709941838429574,-0.0035052076384333225,-0.0003505207638433323,-0.027735987418716482,-0.6765,0.0,35.0,8.685861749982825,0.026853510321983118,0.03920137024237088,0.006272219238779341,0.06976979961832053,-0.7594444444444444,0.0,35.0,7.522024200335435,0.03958838865074856,0.03654167716491576,0.0018270838582457882,-0.22914930555555552,-0.6765,0.0,35.0,8.426877549759936,-0.04496817787336726,-0.05388179942284642,-0.0013470449855711606,-0.26022569444444443,-0.8372222222222223,0.0,35.0,6.747039501337811,-0.046108726421992804,-0.04710888203196528,-0.0028265329219179167
2026-06-24,Mookie_Betts,605141,hitter,LAD,MIN,2026,823691,57,119,142,0,657746.0,Joe_Ryan,3.0,7.0,1.0,1.0,1.0,4.0,4.0,0.0,0.0,4.0,0.10526315789473684,1.065,1.065,1.0,30.0,65.0,2.0,10.700000000000001,6.658163265306122,1.08,11.0,74.0,0,1.0,1.2246467991473532e-16,-1.0,0.9749279121818236,-0.22252093395631434,1.5,2.5,0.5,0.5,0.5,1.5,2.5,0.5,0.5,0.5,synthetic,synthetic,synthetic,synthetic,synthetic,0.0,0.0,0.0,0.0,0.0,-110.0,-110.0,-110.0,-110.0,-110.0,-110.0,-110.0,-110.0,-110.0,-110.0,0.0,0.0,0.0,0.0,0.0,2026-08-07T03:26:40.888653+00:00,-0.06408839953608014,0.8314964134513705,0.7511771120017021,-0.01171803141263733,0.408092887635533,1.4,2.2,0.6,0.2,0.4,2.0,2.0,1.0,0.0,1.0,batter_pitcher_profile_network_v2,1.0,0.95,0.33912790002245435,0.0,0.7930339906348869,0.1043043459342802,-0.3701877890919594,0.0,35.0,11.295917759227692,-0.007677447010289693,-0.0255177225358813,-0.0025517722535881304,-0.015969942216652662,-0.3565390340853785,0.0,35.0,11.398879841331507,-0.011453682515960868,-0.020943468560515963,-0.003350954969682554,0.09296640037593987,-0.3824915493787958,0.0,35.0,11.091720217658775,0.006247255926926967,-0.01725260421945363,-0.0008626302109726816,-0.21966782407407398,-0.3446235103946054,0.0,35.0,11.171002518883016,-0.042691456394362066,-0.09272125650549375,-0.002318031412637344,-0.20748032407407394,-0.37320383117430705,0.0,35.0,11.000160991859229,-0.08965272201864277,-0.11841248856639366,-0.00710474931398362
2026-06-26,Mookie_Betts,605141,hitter,LAD,SD,2026,823285,58,119,135,0,621111.0,Walker_Buehler,1.0,4.0,1.0,1.0,1.0,4.0,3.0,1.0,0.0,4.0,0.11764705882352941,0.6975,0.6975,1.0,30.0,65.0,1.805357142857143,9.508928571428571,2.854591836734694,1.08,0.0,70.0,0,2.0,1.2246467991473532e-16,-1.0,-0.433883739117558,-0.9009688679024191,1.5,1.5,0.5,0.5,0.5,1.5,2.5,0.5,0.5,0.5,synthetic,real,real,real,synthetic,0.0,8.0,7.0,9.0,0.0,-110.0,132.810477,123.778636,546.014729,-110.0,-110.0,-181.252091,-167.83147,0.0,-110.0,0.0,0.0,0.0,0.0,0.0,2026-06-27T01:11:02.474098+00:00,-0.013097531032281173,2.3876778823690104,0.2466480805922151,0.09093542978590774,0.12554022779804808,1.4,2.2,0.4,0.2,0.4,3.0,7.0,1.0,1.0,1.0,batter_pitcher_profile_network_v2,1.0,0.95,0.26847590727474985,0.0,0.801256116290901,0.17221980218855237,0.11832668219853207,0.0,36.0,13.615976021061595,0.000702049313228961,0.014907142658380517,0.0014907142658380518,0.09514036195286212,0.0012024225555921225,0.0,36.0,13.664793532802602,0.019453768514425374,0.029264338335721785,0.004682294133715486,0.18293087121212134,0.0006924582122858208,0.0,36.0,13.896118866049926,-0.013928770851541743,-0.013836107243334811,-0.0006918053621667406,-0.11315740740740735,-0.13612350582637067,0.0,36.0,13.080373556199735,0.024685137215053065,0.01341719143630956,0.000335429785907739,-0.07279282407407392,0.013197431687086876,0.0,36.0,13.694986671207444,-0.08427344922571463,-0.06320508691928597,-0.0037923052151571583
2026-06-27,Mookie_Betts,605141,hitter,LAD,SD,2026,823283,59,119,135,0,606996.0,Kyle_Hart,1.0,4.0,1.0,1.0,3.0,5.0,5.0,0.0,1.0,4.0,0.10204081632653061,0.42000000000000004,0.42000000000000004,0.6,30.0,65.0,1.500000000000001,15.0,2.693877551020408,1.08,0.0,69.0,0,1.0,1.2246467991473532e-16,-1.0,-0.9749279121818236,-0.2225209339563146,1.5,1.5,0.5,0.5,0.5,1.5,2.5,0.5,0.5,0.5,synthetic,real,real,real,synthetic,0.0,8.0,7.0,8.0,0.0,-110.0,122.293065,111.331977,520.591001,-110.0,-110.0,-162.012912,-148.175182,0.0,-110.0,0.0,0.0,0.0,0.0,0.0,2026-06-27T13:01:31.487963+00:00,-0.6031782312925171,1.7175623564710194,0.19373663751729286,0.13227266861759257,0.1520496416527165,1.4,2.8,0.6,0.4,0.6,1.0,4.0,1.0,1.0,1.0,batter_pitcher_profile_network_v2,1.0,0.0,1.0,0.0,0.5,0.2935988005050507,0.0,0.0,37.0,14.463682205651128,-0.007095766627418821,0.0,0.0,0.2614547558922561,0.0,0.0,37.0,14.486229244149415,0.018682437676862954,0.028023656515294433,0.00448378504244711,0.30030776515151536,0.0,0.0,37.0,14.717417525659476,-0.025573372103122702,-0.025573372103122702,-0.0012786686051561352,0.07200000000000002,0.0,0.0,37.0,14.23023563648673,0.06690674470369933,0.06690674470369933,0.0016726686175924832,0.10351041666666685,0.0,0.0,37.0,14.496168982921773,-0.080983019962311,-0.06073726497173325,-0.0036442358983039946
2026-06-28,Mookie_Betts,605141,hitter,LAD,SD,2026,823281,60,119,135,0,650633.0,Michael_King,2.0,2.0,0.0,0.0,2.0,4.0,4.0,0.0,0.0,4.0,0.10526315789473684,0.445,0.445,0.0,0.0,53.4,3.4269230769230767,4.185164835164835,4.163265306122449,1.08,0.0,70.0,0,1.0,1.2246467991473532e-16,-1.0,-0.7818314824680299,0.6234898018587334,1.5,3.5,0.5,0.5,1.5,1.5,3.5,0.5,0.5,1.5,synthetic,synthetic,synthetic,synthetic,synthetic,0.0,0.0,0.0,0.0,0.0,-110.0,-110.0,-110.0,-110.0,-110.0,-110.0,-110.0,-110.0,-110.0,-110.0,0.0,0.0,0.0,0.0,0.0,2026-08-07T03:26:40.888653+00:00,0.004280531734097481,-0.6315808146590247,0.40885647447950946,0.04324596581732365,-0.04371732216839863,1.4,3.4,0.8,0.6,1.2,1.0,4.0,1.0,1.0,3.0,batter_pitcher_profile_network_v2,1.0,1.0,0.36073300309046546,1.0,0.824560207121418,0.3710987683771559,-0.040384191629948135,-0.007407407407407405,36.0,13.917438938184485,-0.02085064601585842,-0.01462014191155475,-0.001462014191155475,0.36815226533785705,0.0812815417707908,-0.0691358024691358,36.0,14.002283127300572,-0.029011916939764203,-0.07142614425048488,-0.011428183080077581,0.3763108301526719,0.03802057144749093,-0.1111111111111111,36.0,14.322677235045601,-0.042317463844478445,-0.10876739547962934,-0.005438369773981468,0.21112037037037037,0.21714596270620287,-0.1111111111111111,36.0,13.513867389502368,-0.04787160469618679,-0.09416136730705912,-0.002354034182676478,0.23513078703703724,0.028635363578151656,-0.1111111111111111,36.0,14.090112487169506,-0.17538972655153812,-0.2028343526455264,-0.012170061158731585
2026-06-29,Mookie_Betts,605141,hitter,LAD,ATH,2026,824986,61,119,133,0,695611.0,Gage_Jump,1.0,1.0,0.0,0.0,0.0,5.0,5.0,0.0,0.0,4.0,0.1111111111111111,0.178,0.178,0.0,0.0,21.36,1.8000000000000005,12.0,4.538961038961039,1.08,5.0,87.0,0,1.0,1.2246467991473532e-16,-1.0,0.0,1.0,1.5,3.5,0.5,0.5,1.5,1.5,3.5,0.5,0.5,1.5,synthetic,synthetic,synthetic,synthetic,synthetic,0.0,0.0,0.0,0.0,0.0,-110.0,-110.0,-110.0,-110.0,-110.0,-110.0,-110.0,-110.0,-110.0,-110.0,0.0,0.0,0.0,0.0,0.0,2026-08-07T03:26:40.888653+00:00,0.12387784151087744,-0.7692214853891581,0.14845168955032995,-0.055613143662890385,0.016882663761347727,1.8,3.8,0.8,0.6,1.6,2.0,2.0,0.0,0.0,2.0,batter_pitcher_profile_network_v2,1.0,0.4,0.738639117388111,0.0,0.6038066832479826,0.4465652955840458,-0.5209797958701469,0.0,38.0,12.10701844378888,0.02684487010641293,-0.06080600047564355,-0.0060806000475643555,0.42686883903133915,-0.6416393076546586,0.0,38.0,10.830355458603178,0.03395369193277588,-0.02065511701557326,-0.0033048187224917216,0.44281490384615396,-0.6472471973283376,0.0,38.0,10.4827740120602,-0.028018421012107043,-0.10292724795444119,-0.00514636239772206,0.222987037037037,-0.7479278879015722,0.0,38.0,9.40188382727355,-0.004936442784480646,-0.04852574651561538,-0.0012131436628903846,0.2859349537037037,-0.7161129380690784,0.0,38.0,9.624013060272988,-0.13157894721669297,-0.1522009142228524,-0.009132054853371143
2026-06-30,Mookie_Betts,605141,hitter,LAD,ATH,2026,824984,62,119,133,0,605488.0,Jeffrey_Springs,3.0,4.0,1.0,0.0,1.0,5.0,5.0,0.0,0.0,4.0,0.1111111111111111,0.61,0.61,0.2,17.0,65.0,11.096590909090908,10.397727272727272,4.118631368631369,1.08,10.0,83.0,0,1.0,1.2246467991473532e-16,-1.0,0.7818314824680298,0.6234898018587336,1.5,3.5,0.5,0.5,1.5,1.5,3.5,0.5,0.5,1.5,synthetic,synthetic,synthetic,synthetic,synthetic,0.0,0.0,0.0,0.0,0.0,-110.0,-110.0,-110.0,-110.0,-110.0,-110.0,-110.0,-110.0,-110.0,-110.0,0.0,0.0,0.0,0.0,0.0,2026-08-07T03:26:40.888653+00:00,-0.09062074934348141,-0.5949720351449441,0.24877027640726268,0.03746390632074248,-0.3178910498410714,1.6,3.6,0.6,0.6,1.4,1.0,1.0,0.0,0.0,0.0,batter_pitcher_profile_network_v2,1.0,1.0,0.34533353678972767,0.0,0.8076966417432583,0.48069462998303647,0.3427775496451298,0.0,39.0,14.454423606351332,-0.06334777307671362,0.10787026214294033,0.010787026214294034,0.45491679035906135,0.5366105173495814,0.0,39.0,12.886190226559286,-0.10427249013058455,0.003403947010762659,0.0005446315217220255,0.47883229961832063,0.6416198983246857,0.0,39.0,12.238144459727792,-0.06935792559892036,0.1317741595138845,0.006588707975694225,0.22719444444444437,0.7816385906356336,0.0,39.0,10.481319122726536,-0.1417020005993097,-0.02544374717030104,-0.000636093679257526,0.31610069444444444,0.6855378455272073,0.0,39.0,11.73223030871556,-0.11113819074299149,0.05851191767822457,0.0035107150606934743
2026-07-02,Mookie_Betts,605141,hitter,LAD,SD,2026,823935,63,119,135,1,681190.0,Randy_Vásquez,2.0,3.0,2.0,0.0,1.0,5.0,5.0,0.0,0.0,4.0,0.1111111111111111,0.43200000000000005,0.43200000000000005,0.2,17.0,60.84,10.200000000000001,4.8,7.267111459968603,1.08,8.0,71.0,0,2.0,-0.4999999999999997,-0.8660254037844388,0.43388373911755823,-0.900968867902419,1.5,2.5,0.5,0.5,1.5,1.5,2.5,0.5,0.5,1.5,synthetic,synthetic,synthetic,synthetic,synthetic,0.0,0.0,0.0,0.0,0.0,-110.0,-110.0,-110.0,-110.0,-110.0,-110.0,-110.0,-110.0,-110.0,-110.0,0.0,0.0,0.0,0.0,0.0,2026-08-07T03:26:40.888653+00:00,0.5429531683375708,0.3933937854985552,0.43997548571813516,-0.10116758287869215,-0.05782051685983447,1.6,3.0,0.6,0.4,1.4,3.0,4.0,1.0,0.0,1.0,batter_pitcher_profile_network_v2,1.0,0.85,0.4358319316526428,1.0,0.7708690001166686,0.4498205841815098,0.30034989528567535,0.0962962962962963,39.0,15.2093834851207,-0.012921796251582194,0.14535376605493405,0.014535376605493406,0.35355631538026583,0.30132667247820993,0.08641975308641975,39.0,15.160080571977518,0.006112683673191464,0.13131532603263518,0.02101045216522163,0.42141626908396956,0.19541020799708375,-0.1111111111111111,39.0,15.917946553139823,-0.0012920042341372142,-0.034601745605903206,-0.0017300872802951603,0.08323611111111107,0.3068775484889916,-0.1111111111111111,39.0,14.874143394801154,0.09465441482044772,0.02929668485231464,0.0007324171213078661,0.17326736111111118,0.2372829618155923,-0.0962962962962963,39.0,15.575013265005817,0.05141134645603519,-0.007379275415518381,-0.00044275652493110286
2026-07-03,Mookie_Betts,605141,hitter,LAD,SD,2026,823933,64,119,135,1,650633.0,Michael_King,0.0,0.0,1.0,0.0,0.0,4.0,3.0,1.0,0.0,4.0,0.11764705882352941,0.1725,0.1725,0.0,0.0,20.7,4.846153846153847,6.2967032967032965,9.324254317111459,1.08,4.0,73.0,0,1.0,-0.4999999999999997,-0.8660254037844388,-0.433883739117558,-0.9009688679024191,1.5,2.5,0.5,0.5,1.5,1.5,2.5,0.5,0.5,1.5,synthetic,synthetic,synthetic,synthetic,synthetic,0.0,0.0,0.0,0.0,0.0,-110.0,-110.0,-110.0,-110.0,-110.0,-110.0,-110.0,-110.0,-110.0,-110.0,0.0,0.0,0.0,0.0,0.0,2026-08-07T03:26:40.888653+00:00,0.5522262632268702,-0.24057665081949864,0.6731259658969655,-0.33426010018484875,-0.018993161753839027,1.8,2.8,0.8,0.2,1.4,2.0,3.0,2.0,0.0,1.0,batter_pitcher_profile_network_v2,1.0,1.0,0.37436631442562746,2.0,0.8416401264828607,0.5637459806397305,-0.07673277762409282,0.06000000000000001,39.0,15.344824675623443,-0.021882784606116784,0.014167455736552512,0.0014167455736552514,0.45696460437710423,0.028989001164062334,-0.05777777777777779,39.0,15.47391506014786,0.023768123401983508,0.004236005907543458,0.0006777609452069533,0.5238134469696969,0.030155294984006875,-0.2,39.0,15.727391565296951,0.028613397247963634,-0.0989408815250897,-0.004947044076254486,0.1518574074074074,0.16191749461384403,-0.2,39.0,15.033384353088627,0.1276493109114214,0.0055959926060501625,0.00013989981515125406,0.2717636574074073,0.005258097021852589,0.2,39.0,15.404709926652494,-0.05797015535592334,0.09485302023529288,0.005691181214117573
2026-07-04,Mookie_Betts,605141,hitter,LAD,SD,2026,823932,65,119,135,1,593974.0,Wandy_Peralta,1.0,2.0,0.0,0.0,0.0,4.0,4.0,0.0,0.0,4.0,0.12903225806451613,0.3175,0.3175,0.25,21.25,49.35,12.0,9.0,9.967111459968603,1.08,0.0,77.0,0,1.0,-0.4999999999999997,-0.8660254037844388,-0.9749279121818236,-0.2225209339563146,1.5,1.5,0.5,0.5,0.5,1.5,1.5,0.5,0.5,0.5,synthetic,synthetic,synthetic,synthetic,synthetic,0.0,0.0,0.0,0.0,0.0,-110.0,-110.0,-110.0,-110.0,-110.0,-110.0,-110.0,-110.0,-110.0,-110.0,0.0,0.0,0.0,0.0,0.0,2026-08-07T03:26:40.888653+00:00,0.04202752823395062,0.2046292525662432,0.6518940995337135,-0.3566833361697256,0.48859066678934715,1.6,2.0,0.8,0.0,0.8,0.0,0.0,1.0,0.0,0.0,batter_pitcher_profile_network_v2,1.0,0.15,0.625,0.0,0.541015625,0.6244783173210804,-0.8000000000000002,0.0,42.0,10.299548301843869,-0.003537727985783877,-0.18734349519632415,-0.018734349519632414,0.5025747424115845,-0.8400000000000001,0.0,42.0,9.623448263232588,0.03971164073889757,-0.09874358275130277,-0.015798973240208444,0.5772326127819548,-1.0,0.0,42.0,7.267248211346413,-0.03188014272691129,-0.24834237252014432,-0.012417118626007216,0.1558203703703704,-0.8400000000000001,0.0,42.0,9.263753367104876,0.1327499698776441,0.0836665532109774,0.0020916638302744353,0.30088287037037015,-1.0,0.0,42.0,7.286754639970619,-0.021932824658235282,-0.12928069488256527,-0.007756841692953916
2026-07-05,Mookie_Betts,605141,hitter,LAD,SD,2026,823931,66,119,135,1,676664.0,JP_Sears,0.0,0.0,0.0,0.0,0.0,4.0,3.0,1.0,0.0,4.0,0.1111111111111111,0.1725,0.1725,0.0,0.0,20.7,7.165966386554622,9.718487394957982,8.497723704866562,1.08,0.0,81.0,0,1.0,-0.4999999999999997,-0.8660254037844388,-0.7818314824680299,0.6234898018587334,1.5,1.5,0.5,0.5,0.5,1.5,1.5,0.5,0.5,0.5,synthetic,synthetic,synthetic,synthetic,synthetic,0.0,0.0,0.0,0.0,0.0,-110.0,-110.0,-110.0,-110.0,-110.0,-110.0,-110.0,-110.0,-110.0,-110.0,0.0,0.0,0.0,0.0,0.0,2026-08-07T03:26:40.888653+00:00,-0.029157740587160808,0.12287182698896393,0.3522217627439578,-0.47430749248090176,0.09248503424118382,1.4,2.0,0.8,0.0,0.4,1.0,2.0,0.0,0.0,0.0,batter_pitcher_profile_network_v2,1.0,0.1,0.7210919236413144,0.0,0.5261666239353939,0.5537861876914512,0.5475806451612903,0.0,42.0,14.778900922258506,-0.01917899987761946,0.08457680966075741,0.00845768096607574,0.4426025201893626,0.6774395161290323,0.0,42.0,13.409226577391122,-0.0254866457001176,0.04539683534769091,0.007263493655630546,0.49379511278195526,0.7822916666666667,0.0,42.0,12.443106048273007,-0.033528353332225945,0.07421155001258956,0.003710577500629478,0.1500240740740741,0.8180645161290323,0.0,42.0,11.995330779400515,-0.030529912172006315,0.003700300763929871,9.250751909824678e-05,0.23019074074074092,0.8208333333333334,0.0,42.0,11.98121803636333,0.06711624530958962,0.10303637218648161,0.006182182331188896
2026-07-06,Mookie_Betts,605141,hitter,LAD,COL,2026,823930,67,119,115,1,607536.0,Kyle_Freeland,0.0,0.0,0.0,0.0,0.0,5.0,5.0,0.0,0.0,4.0,0.1111111111111111,0.0,0.0,0.0,0.0,10.0,5.0181818181818185,9.472727272727273,4.697802197802198,1.08,4.0,74.0,0,1.0,-0.4999999999999997,-0.8660254037844388,0.0,1.0,1.5,1.5,0.5,0.5,0.5,1.5,1.5,0.5,0.5,0.5,synthetic,synthetic,synthetic,synthetic,synthetic,0.0,0.0,0.0,0.0,0.0,-110.0,-110.0,-110.0,-110.0,-110.0,-110.0,-110.0,-110.0,-110.0,-110.0,0.0,0.0,0.0,0.0,0.0,2026-08-07T03:26:40.888653+00:00,-0.4581495705407086,-0.351814104606998,0.07267524154574578,-0.47577823112854195,-0.14955690962344403,1.2,1.8,0.8,0.0,0.4,0.0,0.0,0.0,0.0,0.0,batter_pitcher_profile_network_v2,1.0,0.9,0.39001490072271283,1.0,0.790750857195321,0.5592974957912459,0.5897198312492564,0.1111111111111111,41.0,13.9326331328208,-0.047975853319174255,0.2784137185023377,0.027841371850233772,0.4430183922558923,0.5516894563085823,0.1111111111111111,41.0,14.453224872144602,-0.09169508442493281,0.08876601287292935,0.014202562059668696,0.49119223484848495,0.4891438731547092,0.1111111111111111,41.0,15.465494277205577,-0.04307767687763178,0.1807026331127176,0.009035131655635879,0.14542407407407415,0.4876588440636845,0.1111111111111111,41.0,15.094476004588923,-0.1756108133380895,-0.0551292451416793,-0.0013782311285419826,0.21049699074074094,0.5952153017261377,0.1111111111111111,41.0,14.292296295637954,-0.07405797466117249,0.09810523032965544,0.005886313819779327
2026-07-08,Mookie_Betts,605141,hitter,LAD,COL,2026,823928,68,119,115,1,687312.0,Gabriel_Hughes,1.0,1.0,1.0,0.0,1.0,4.0,3.0,1.0,1.0,4.0,0.12121212121212122,0.395,0.395,0.0,0.0,47.400000000000006,0.0,3.0,0.32142857142857195,1.08,7.0,77.0,0,2.0,-0.4999999999999997,-0.8660254037844388,0.9749279121818236,-0.22252093395631434,0.5,0.5,0.5,0.5,0.5,0.5,0.5,0.5,0.5,0.5,synthetic,synthetic,synthetic,synthetic,synthetic,0.0,0.0,0.0,0.0,0.0,-110.0,-110.0,-110.0,-110.0,-110.0,-110.0,-110.0,-110.0,-110.0,-110.0,0.0,0.0,0.0,0.0,0.0,2026-08-07T03:26:40.888653+00:00,0.28343896103896105,0.3259667216684542,-0.05506620641691967,-0.47345022235429973,-0.3792029042521772,0.6,1.0,0.6,0.0,0.2,0.0,0.0,0.0,0.0,0.0,batter_pitcher_profile_network_v2,1.0,0.0,1.0,0.0,0.5,0.5236548245614034,0.0,0.0,43.0,18.179568503527594,0.0019395057512568324,0.0,0.0,0.41256062378167646,0.0,0.0,43.0,18.094723076188643,-0.0033204778965923148,-0.004980716844888472,-0.0007969146951821556,0.451467105263158,0.0,0.0,43.0,18.324071788910107,-0.03729815431242114,-0.03729815431242114,-0.001864907715621057,0.1392388888888889,0.0,0.0,43.0,17.64223724032888,0.0379911058280093,0.0379911058280093,0.0009497776457002325,0.17186388888888898,0.0,0.0,43.0,17.993837444516288,0.01511583624310356,0.01133687718232767,0.0006802126309396602
2026-07-10,Mookie_Betts,605141,hitter,LAD,AZ,2026,823927,69,119,109,1,593958.0,Eduardo_Rodriguez,1.0,1.0,0.0,0.0,0.0,3.0,3.0,0.0,0.0,4.0,0.08333333333333333,0.2966666666666667,0.2966666666666667,0.0,0.0,35.6,1.4285714285714286,4.178571428571427,2.838650479954828,1.08,8.0,77.0,0,2.0,-0.4999999999999997,-0.8660254037844388,-0.433883739117558,-0.9009688679024191,0.5,0.5,0.5,0.5,0.5,0.5,0.5,0.5,0.5,0.5,synthetic,synthetic,synthetic,synthetic,synthetic,0.0,0.0,0.0,0.0,0.0,-110.0,-110.0,-110.0,-110.0,-110.0,-110.0,-110.0,-110.0,-110.0,-110.0,0.0,0.0,0.0,0.0,0.0,2026-08-07T03:26:40.888653+00:00,0.26259245449493807,0.11296885764727715,-0.02469140722180513,-0.4761923115125919,-0.17530882836049977,0.4,0.6,0.4,0.0,0.2,1.0,1.0,1.0,0.0,1.0,batter_pitcher_profile_network_v2,1.0,0.95,0.3274215841817782,2.0,0.8318963131408456,0.5356963383838383,-0.0821671354562344,-0.12000000000000002,42.0,17.48970942982831,0.008355101758190379,-0.10924993274683799,-0.0109249932746838,0.42307533670033665,-0.10660889587411908,-0.17777777777777778,42.0,17.26862681062795,0.014797729432407357,-0.12613213970451775,-0.02018114235272284,0.4642859848484848,-0.13716081041542566,-0.07999999999999999,42.0,17.231246243975303,-0.054884061984336936,-0.15081195772426528,-0.007540597886213265,0.14275000000000004,-0.09586057748846875,-0.2,42.0,16.824900857639726,0.07025332649022938,-0.07169246050367763,-0.0017923115125919407,0.1868958333333334,-0.18950479397297426,-0.17333333333333334,42.0,16.534882419477533,0.024233532291568532,-0.12068920597068657,-0.007241352358241194
2026-07-11,Mookie_Betts,605141,hitter,LAD,AZ,2026,823926,70,119,109,1,694297.0,Brandon_Pfaadt,1.0,1.0,0.0,0.0,1.0,3.0,3.0,0.0,0.0,4.0,0.09090909090909091,0.2966666666666667,0.2966666666666667,0.0,0.0,35.6,6.5625,7.7250000000000005,2.931818181818182,1.08,-4.0,81.0,0,1.0,-0.4999999999999997,-0.8660254037844388,-0.9749279121818236,-0.2225209339563146,0.5,0.5,0.5,0.5,0.5,0.5,0.5,0.5,0.5,0.5,synthetic,synthetic,synthetic,synthetic,synthetic,0.0,0.0,0.0,0.0,0.0,-110.0,-110.0,-110.0,-110.0,-110.0,-110.0,-110.0,-110.0,-110.0,-110.0,0.0,0.0,0.0,0.0,0.0,2026-08-07T03:26:40.888653+00:00,0.27306640425577156,0.25955514286640313,-0.2802517369476416,-0.4767150763623078,-0.32070267149570575,0.6,0.8,0.2,0.0,0.2,1.0,1.0,0.0,0.0,0.0,batter_pitcher_profile_network_v2,1.0,0.35,0.771922788504098,1.0,0.6081538104428869,0.5924189814814815,-0.08813332438238465,0.0962962962962963,44.0,18.694950201404165,-0.01595196120770662,0.07340646680014029,0.00734064668001403,0.4699212962962963,-0.04755115467239535,0.00987654320987654,44.0,18.74741691018909,-0.026884123174959994,-0.03667240253952598,-0.005867584406324157,0.5225625,-0.16048885606874333,-0.1111111111111111,44.0,18.302696551708646,-0.0685273903294207,-0.18609534501343847,-0.009304767250671924,0.15223148148148152,0.02192722878625131,-0.1111111111111111,44.0,18.48490948584001,0.0050757753802619715,-0.09260305449231322,-0.0023150763623078306,0.23964120370370376,-0.1660637307554601,-0.0962962962962963,44.0,17.936527486766426,-0.011982082981495059,-0.10337785826176256,-0.006202671495705753
2026-07-12,Mookie_Betts,605141,hitter,LAD,AZ,2026,823925,71,119,109,1,683352.0,Mitch_Bratt,0.0,0.0,0.0,0.0,0.0,4.0,4.0,0.0,0.0,4.0,0.11764705882352941,0.0,0.0,0.0,0.0,10.0,3.1875,7.875,2.6103896103896105,1.08,4.0,83.0,0,1.0,-0.4999999999999997,-0.8660254037844388,-0.7818314824680299,0.6234898018587334,0.5,0.5,0.5,0.5,0.5,0.5,0.5,0.5,0.5,0.5,synthetic,synthetic,synthetic,synthetic,synthetic,0.0,0.0,0.0,0.0,0.0,-110.0,-110.0,-110.0,-110.0,-110.0,-110.0,-110.0,-110.0,-110.0,-110.0,0.0,0.0,0.0,0.0,0.0,2026-08-07T03:26:40.888653+00:00,0.2827887305591311,0.019507350516395516,-0.4215821699227378,-0.47356033291224997,-0.09636310771388457,0.6,0.6,0.2,0.0,0.4,1.0,1.0,0.0,0.0,1.0,batter_pitcher_profile_network_v2,1.0,0.1,0.5868133961196909,0.0,0.5278115358975338,0.645164351851852,-0.4208235294117648,0.0,45.0,16.157745272741625,-0.017863236609948676,-0.11218030327041441,-0.011218030327041441,0.5141157407407408,-0.5058088235294118,0.0,45.0,14.961766677241975,-0.0017572824434770786,-0.11008273574311608,-0.017613237718898573,0.5781875000000001,-0.0994999999999999,0.0,45.0,18.903075562802083,-0.07796840790896772,-0.10173889119730681,-0.005086944559865341,0.16171296296296306,-0.5058088235294118,0.0,45.0,14.445254006008728,0.06738363031619356,0.03358668350999931,0.0008396670877499828,0.29238657407407415,-0.2994999999999999,0.0,45.0,17.015552945928754,-0.04587932969308881,-0.0705921568305952,-0.004235529409835712
2026-07-17,Mookie_Betts,605141,hitter,LAD,NYY,2026,823524,72,119,147,0,543037.0,Gerrit_Cole,0.0,0.0,1.0,0.0,0.0,4.0,3.0,1.0,0.0,4.0,0.12121212121212122,0.1725,0.1725,0.0,0.0,20.7,4.871052631578947,9.854605263157895,1.5737476808905382,1.08,7.0,81.0,0,5.0,-0.4999999999999997,-0.8660254037844388,-0.433883739117558,-0.9009688679024191,0.5,0.5,0.5,0.5,0.5,0.5,0.5,0.5,0.5,0.5,synthetic,synthetic,synthetic,synthetic,synthetic,0.0,0.0,0.0,0.0,0.0,-110.0,-110.0,-110.0,-110.0,-110.0,-110.0,-110.0,-110.0,-110.0,-110.0,0.0,0.0,0.0,0.0,0.0,2026-08-07T03:26:40.888653+00:00,0.010126434551006813,-0.03207905256623528,-0.3729509935355929,-0.4748596208876578,-0.24937348905434603,0.6,0.6,0.2,0.0,0.4,0.0,0.0,0.0,0.0,0.0,batter_pitcher_profile_network_v2,1.0,0.55,0.6673483454600031,0.0,0.6475374052246323,0.6051041666666664,0.03270451662090039,0.0,45.0,19.228829929226478,-0.04425797416488017,0.006583056247953044,0.0006583056247953044,0.4804768518518517,0.13585105577783857,0.0,45.0,19.13009538732552,-0.05913254861959855,-0.06698555581169797,-0.010717688929871676,0.5350624999999998,-0.008382298728436141,0.0,45.0,19.291441284520534,-0.07832104560939111,-0.07981300614784902,-0.003990650307392451,0.15519444444444447,0.21927559494834548,0.0,45.0,18.625267407781067,-0.029705089114979717,-0.018384835506314312,-0.0004596208876578578,0.25232638888888875,0.06967933721626432,0.0,45.0,19.099346642189158,-0.037938827581561835,-0.02260546073879106,-0.0013563276443274636
2026-07-19,Mookie_Betts,605141,hitter,LAD,NYY,2026,823521,73,119,147,0,642232.0,Ryan_Yarbrough,0.0,0.0,0.0,0.0,0.0,4.0,4.0,0.0,1.0,4.0,0.12121212121212122,0.0,0.0,0.0,0.0,10.0,1.8,3.6,1.5737476808905382,1.08,0.0,76.0,0,2.0,-0.4999999999999997,-0.8660254037844388,-0.7818314824680299,0.6234898018587334,0.5,0.5,0.5,0.5,0.5,0.5,0.5,0.5,0.5,0.5,synthetic,synthetic,synthetic,synthetic,synthetic,0.0,0.0,0.0,0.0,0.0,-110.0,-110.0,-110.0,-110.0,-110.0,-110.0,-110.0,-110.0,-110.0,-110.0,0.0,0.0,0.0,0.0,0.0,2026-08-07T03:26:40.888653+00:00,0.29886505875077307,-0.1104408630652361,-0.1994231757165439,-0.47465870219777273,-0.30215373549877167,0.6,0.6,0.4,0.0,0.4,0.0,0.0,1.0,0.0,0.0,batter_pitcher_profile_network_v2,1.0,0.0,1.0,0.0,0.5,0.5627673611111108,0.0,0.0,45.0,19.49535617271526,-0.03457720761158593,0.0,0.0,0.44524768518518504,0.0,0.0,45.0,19.403947529224077,-0.04772708095363518,-0.07159062143045278,-0.011454499428872444,0.49334374999999975,0.0,0.0,45.0,19.594041110801815,-0.07175664976687006,-0.07175664976687006,-0.0035878324883435032,0.14530555555555558,0.0,0.0,45.0,18.943954157244846,-0.010348087910909983,-0.010348087910909983,-0.0002587021977727496,0.20998958333333315,0.0,0.0,45.0,19.265886094169318,-0.05303497975006912,-0.03977623481255184,-0.00238657408875311
2026-07-19,Mookie_Betts,605141,hitter,LAD,NYY,2026,823523,74,119,147,0,693645.0,Cam_Schlittler,0.0,0.0,0.0,0.0,0.0,5.0,3.0,2.0,2.0,4.0,0.1111111111111111,0.27599999999999997,0.27599999999999997,0.0,0.0,33.12,5.7749999999999995,9.450000000000001,1.5737476808905382,1.08,15.0,76.0,0,0.0,-0.4999999999999997,-0.8660254037844388,-0.7818314824680299,0.6234898018587334,0.5,0.5,0.5,0.5,0.5,0.5,0.5,0.5,0.5,0.5,synthetic,synthetic,synthetic,synthetic,synthetic,0.0,0.0,0.0,0.0,0.0,-110.0,-110.0,-110.0,-110.0,-110.0,-110.0,-110.0,-110.0,-110.0,-110.0,0.0,0.0,0.0,0.0,0.0,2026-08-07T03:26:40.888653+00:00,-0.15890395557133735,-0.11884020674012957,-0.3296643078613093,-0.47441449808342445,-0.370182731455057,0.4,0.4,0.2,0.0,0.2,0.0,0.0,0.0,0.0,0.0,batter_pitcher_profile_network_v2,1.0,1.0,0.40550735254367726,0.0,0.8003253493133995,0.4951932870370368,-0.4898464557988728,0.0,44.0,15.470361498667405,0.030904067926654115,-0.14420529473625482,-0.014420529473625482,0.37736805555555547,-0.3999683002184735,0.0,44.0,16.391301256636453,0.022221851131063595,-0.056397125459143375,-0.00902354007346294,0.4258437499999997,-0.41806423439257057,0.0,44.0,16.109086942774738,0.007803712471158884,-0.0980338381167228,-0.00490169190583614,0.08873842592592604,-0.32067059232934775,0.0,44.0,16.693519097535024,0.01633684268308352,-0.000579923336979777,-1.4498083424494425e-05,0.12852662037037021,-0.4070865336107653,0.0,44.0,16.006035027768455,-0.07712219776711025,-0.08894636943750994,-0.005336782166250597
2026-07-20,Mookie_Betts,605141,hitter,LAD,PHI,2026,823436,75,119,143,0,650911.0,Cristopher_Sánchez,4.0,10.0,3.0,2.0,3.0,5.0,5.0,0.0,0.0,5.0,0.11627906976744186,1.1960000000000002,1.1960000000000002,1.2,30.0,65.0,17.957142857142856,9.9,3.685714285714286,1.08,7.0,82.0,0,1.0,-0.4999999999999997,-0.8660254037844388,0.0,1.0,0.5,0.5,0.5,0.5,0.5,0.5,0.5,0.5,0.5,0.5,synthetic,synthetic,synthetic,synthetic,synthetic,0.0,0.0,0.0,0.0,0.0,-110.0,-110.0,-110.0,-110.0,-110.0,-110.0,-110.0,-110.0,-110.0,-110.0,0.0,0.0,0.0,0.0,0.0,2026-08-07T03:26:40.888653+00:00,-0.1817361738287971,1.6155763951651974,0.28233957867651427,-0.10044075003380254,0.018958660656062554,0.2,0.2,0.2,0.0,0.2,0.0,0.0,0.0,0.0,0.0,batter_pitcher_profile_network_v2,1.0,1.0,0.45,0.0,0.794875,0.5017097383720927,0.042461670619655584,0.0,45.0,20.049621068968598,-0.016126779971048385,0.011716888511586157,0.0011716888511586158,0.39009260335917284,-0.061188007546058895,0.0,45.0,19.81383368355395,-0.03395782489560675,-0.06406468138031168,-0.01025034902084987,0.44939607558139494,-0.008556779829987489,0.0,45.0,20.131698810923133,-0.018040309522173063,-0.02015527032353879,-0.0010077635161769396,0.09730138888888887,-0.19273097629605884,0.0,45.0,18.606099455307785,-0.03131585593056709,-0.041630001352102014,-0.0010407500338025504,0.177339583333333,0.036944522253345845,0.0,45.0,19.890066302587307,-0.09083214755994849,-0.0645206612693898,-0.0038712396761633877
2026-07-21,Mookie_Betts,605141,hitter,LAD,PHI,2026,823437,76,119,143,0,554430.0,Zack_Wheeler,0.0,0.0,0.0,0.0,0.0,3.0,3.0,0.0,2.0,5.0,0.0967741935483871,0.0,0.0,0.0,0.0,10.0,2.9999999999999996,17.42857142857143,5.088311688311689,1.08,11.0,73.0,0,1.0,-0.4999999999999997,-0.8660254037844388,0.7818314824680298,0.6234898018587336,0.5,1.5,0.5,0.5,0.5,0.5,1.5,0.5,0.5,0.5,synthetic,synthetic,synthetic,synthetic,synthetic,0.0,0.0,0.0,0.0,0.0,-110.0,-110.0,-110.0,-110.0,-110.0,-110.0,-110.0,-110.0,-110.0,-110.0,0.0,0.0,0.0,0.0,0.0,2026-08-07T03:26:40.888653+00:00,0.3655840729726674,1.1093693243183513,0.46187904343344144,0.00319413216238007,0.4473537749891028,0.8,2.0,0.8,0.4,0.6,4.0,10.0,3.0,2.0,3.0,batter_pitcher_profile_network_v2,1.0,0.75,0.49366596064245805,1.0,0.7358944398659741,0.646687384259259,-0.6173065878092399,-0.1111111111111111,45.0,14.873390406141382,0.012689349892689604,-0.28511220980691254,-0.028511220980691254,0.5970159722222221,-0.47127810968857975,-0.1111111111111111,45.0,16.80328945135145,0.01297051770308301,-0.2059880939780492,-0.032958095036487875,0.6178333333333332,-0.4940017436246461,-0.1111111111111111,45.0,16.35987529070234,-0.026920465971820812,-0.2644404970622179,-0.013222024853110895,0.30342175925925935,-0.32343479982942475,-0.1111111111111111,45.0,18.051413897861792,0.03643691134642049,-0.0962347135047997,-0.002405867837619993,0.42322384259259255,-0.5008474009016414,-0.1111111111111111,45.0,16.044991396516657,-0.09888221920605551,-0.2644710173230833,-0.015868261039384997
2026-07-22,Mookie_Betts,605141,hitter,LAD,PHI,2026,823438,77,119,143,0,605400.0,Aaron_Nola,0.0,0.0,1.0,0.0,0.0,4.0,3.0,1.0,1.0,5.0,0.1,0.1725,0.1725,0.0,0.0,20.7,3.9857142857142858,10.799999999999999,2.0883116883116886,1.08,0.0,89.0,0,1.0,-0.4999999999999997,-0.8660254037844388,0.9749279121818236,-0.22252093395631434,0.5,1.5,0.5,0.5,0.5,0.5,1.5,0.5,0.5,0.5,synthetic,synthetic,synthetic,synthetic,synthetic,0.0,0.0,0.0,0.0,0.0,-110.0,-110.0,-110.0,-110.0,-110.0,-110.0,-110.0,-110.0,-110.0,-110.0,0.0,0.0,0.0,0.0,0.0,2026-08-07T03:26:40.888653+00:00,0.13857552457920996,-0.1656832420409864,0.013411157226653203,-0.1960859759569042,-0.10401019817995938,0.8,2.0,0.8,0.4,0.6,0.0,0.0,0.0,0.0,0.0,batter_pitcher_profile_network_v2,1.0,1.0,0.33680601966990076,0.0,0.8087412625904371,0.6173905092592591,0.3332047397085546,0.0,46.0,19.6788531956864,-0.025049590318233103,0.13643057046742454,0.013643057046742455,0.5774847222222221,0.4608250993235937,0.0,46.0,18.482401080055606,-0.07248522200887995,0.06776098724383575,0.010841757959013721,0.5941354166666666,0.5529780889955671,0.0,46.0,17.64902198793361,-0.03047685885492559,0.18741145622137267,0.009370572811068635,0.30342175925925935,0.5846359400315583,0.0,46.0,17.065094828555353,-0.18508385768612018,-0.06743903827616592,-0.001685975956904148,0.4207238425925925,0.616033029998517,0.0,46.0,16.74036938501062,-0.06864379848354243,0.12040362340760141,0.007224217404456085
2026-07-24,Mookie_Betts,605141,hitter,LAD,NYM,2026,823601,78,119,121,0,640455.0,Sean_Manaea,1.0,1.0,0.0,0.0,0.0,4.0,4.0,0.0,0.0,5.0,0.10256410256410256,0.2225,0.2225,0.0,0.0,26.7,5.228571428571429,9.471428571428572,2.7931318681318684,1.08,7.0,77.0,0,2.0,-0.4999999999999997,-0.8660254037844388,-0.433883739117558,-0.9009688679024191,0.5,1.5,0.5,0.5,0.5,0.5,1.5,0.5,0.5,0.5,synthetic,synthetic,synthetic,synthetic,synthetic,0.0,0.0,0.0,0.0,0.0,-110.0,-110.0,-110.0,-110.0,-110.0,-110.0,-110.0,-110.0,-110.0,-110.0,0.0,0.0,0.0,0.0,0.0,2026-08-07T03:26:40.888653+00:00,0.1680667734029052,-0.15576941220709495,0.21413723233565396,-0.19793409459242722,-0.06189912038686424,0.8,2.0,0.8,0.4,0.6,0.0,0.0,1.0,0.0,0.0,batter_pitcher_profile_network_v2,1.0,0.5,0.6659628945642062,0.0,0.6342097727079423,0.5744417067658204,0.03875743704230397,0.0,46.0,21.706737486403018,0.024307243366218572,0.007436964798283534,0.0007436964798283534,0.5374716316710408,0.1927417232123101,0.0,46.0,21.360966751673974,-0.04200436786209043,-0.02840257629434341,-0.004544412207094946,0.5394119094488183,0.1053220037253481,0.0,46.0,21.78966806586497,0.06352009692633631,0.08249739396582419,0.004124869698291209,0.2873550925925928,0.35474997194327457,0.0,46.0,20.146162081752898,-0.17541526268162078,-0.14136378369708774,-0.003534094592427194,0.34943842592592567,0.17593219831079648,0.0,46.0,21.3283253505328,-0.11451652856685472,-0.0653516401473728,-0.0039210984088423675
2026-07-25,Mookie_Betts,605141,hitter,LAD,NYM,2026,823600,79,119,121,0,690997.0,Nolan_McLean,1.0,1.0,0.0,0.0,0.0,4.0,4.0,0.0,1.0,5.0,0.10810810810810811,0.2225,0.2225,0.0,0.0,26.7,0.9999999999999988,11.0,3.6502747252747256,1.08,0.0,77.0,0,1.0,-0.4999999999999997,-0.8660254037844388,-0.9749279121818236,-0.2225209339563146,0.5,2.5,0.5,0.5,0.5,0.5,2.5,0.5,0.5,0.5,synthetic,synthetic,synthetic,synthetic,synthetic,0.0,0.0,0.0,0.0,0.0,-110.0,-110.0,-110.0,-110.0,-110.0,-110.0,-110.0,-110.0,-110.0,-110.0,0.0,0.0,0.0,0.0,0.0,2026-08-07T03:26:40.888653+00:00,0.3966644535033098,-0.8844004613831915,0.12184675337281503,-0.19218886109833483,-0.014341516031170287,1.0,2.2,0.8,0.4,0.6,1.0,1.0,0.0,0.0,0.0,batter_pitcher_profile_network_v2,1.0,1.0,0.3948278984900632,0.0,0.8016335824349672,0.48369402158063535,-0.4326843210418495,0.0,47.0,18.712564207237456,0.049988419730969375,-0.1266545442659842,-0.01266545442659842,0.40912440944881845,-0.3987541191103306,0.0,47.0,18.950073474399083,0.052362220986861815,-0.020184471482784322,-0.0032295154372454916,0.4368077427821516,-0.15894474929275185,0.0,47.0,21.294339128965316,0.08185208635723573,0.03983601785724782,0.0019918008928623914,0.13566990740740745,-0.3354478824365566,0.0,47.0,19.088499611317093,0.11598704924370322,0.08844555606660756,0.002211138901665189,0.19369074074074039,-0.2186848878855024,0.0,47.0,20.46482639787962,-0.09338627352773447,-0.09567312383403019,-0.005740387430041812
2026-07-26,Mookie_Betts,605141,hitter,LAD,NYM,2026,823599,80,119,121,0,642547.0,Freddy_Peralta,0.0,0.0,0.0,0.0,0.0,4.0,4.0,0.0,0.0,5.0,0.10256410256410256,0.0,0.0,0.0,0.0,10.0,5.964972527472528,11.38598901098901,3.26456043956044,1.08,-5.0,79.0,0,1.0,-0.4999999999999997,-0.8660254037844388,-0.7818314824680299,0.6234898018587334,1.5,2.5,0.5,0.5,0.5,1.5,2.5,0.5,0.5,0.5,synthetic,synthetic,synthetic,synthetic,synthetic,0.0,0.0,0.0,0.0,0.0,-110.0,-110.0,-110.0,-110.0,-110.0,-110.0,-110.0,-110.0,-110.0,-110.0,0.0,0.0,0.0,0.0,0.0,2026-08-07T03:26:40.888653+00:00,-0.48152800666611006,-0.8525303982850101,-0.016701521840453648,-0.19512533005601207,-0.10254450721103792,1.2,2.4,0.8,0.4,0.6,1.0,1.0,0.0,0.0,0.0,batter_pitcher_profile_network_v2,1.0,1.0,0.3367932827278372,0.0,0.80874282286584,0.43192340696996195,0.23342143639425397,0.0,48.0,21.985830972009346,0.03678837881527612,0.06686462198358835,0.006686462198358835,0.3539115923009623,0.20343731971475512,0.0,48.0,22.22720434547445,0.013248270562087381,0.06762251071868555,0.010819601714989689,0.3951435367454067,0.46354251224089194,0.0,48.0,20.316607634663228,0.12031693169733304,0.24179373901510187,0.012089686950755095,0.0650414351851853,0.20847314774023284,0.0,48.0,21.94892128850028,-0.038005882578893264,-0.02901320224048222,-0.0007253300560120555,0.14811435185185184,0.4404829757936166,0.0,48.0,20.4025582971424,-0.08853430695205557,-0.02313189674074443,-0.0013879138044446658
2026-07-28,Mookie_Betts,605141,hitter,LAD,SEA,2026,823923,81,119,136,1,622491.0,Luis_Castillo,1.0,1.0,1.0,0.0,0.0,5.0,5.0,0.0,0.0,5.0,0.12195121951219512,0.178,0.178,0.0,0.0,21.36,4.685714285714286,5.685714285714286,3.1714285714285713,1.08,6.0,77.0,0,2.0,-0.4999999999999997,-0.8660254037844388,0.7818314824680298,0.6234898018587336,0.5,0.5,0.5,0.5,0.5,0.5,0.5,0.5,0.5,0.5,synthetic,synthetic,synthetic,synthetic,synthetic,0.0,0.0,0.0,0.0,0.0,-110.0,-110.0,-110.0,-110.0,-110.0,-110.0,-110.0,-110.0,-110.0,-110.0,0.0,0.0,0.0,0.0,0.0,2026-08-07T03:26:40.888653+00:00,0.13679090027233287,-0.1350557938348253,-0.2867159139777822,-0.4766617288837435,-0.4408683003265447,0.4,0.4,0.2,0.0,0.0,0.0,0.0,0.0,0.0,0.0,batter_pitcher_profile_network_v2,1.0,1.0,0.34480975964014815,0.0,0.8077608044440818,0.46491122685185177,0.28072981858856444,0.0,49.0,22.463974849858584,0.009070375825031797,0.08551179017977283,0.008551179017977284,0.37590347222222215,0.3280574454363754,0.0,49.0,22.149826039251792,-0.024599993792381782,0.04389671536160982,0.007023474457857571,0.41296874999999983,0.29751514255916817,0.0,49.0,22.792845054242076,0.08758282450372669,0.1680824173084688,0.00840412086542344,0.06504143518518528,0.3875049512368394,0.0,49.0,21.523108027444508,-0.10698249034581668,-0.09046915534973893,-0.002261728883743473,0.14561435185185184,0.35000305825909084,0.0,49.0,22.11730056399874,-0.11684194881575255,-0.054239384071912734,-0.003254363044314764
2026-07-29,Mookie_Betts,605141,hitter,LAD,SEA,2026,823924,82,119,136,1,676106.0,Emerson_Hancock,1.0,1.0,1.0,0.0,0.0,4.0,4.0,0.0,1.0,6.0,0.11428571428571428,0.2225,0.2225,0.0,0.0,26.7,1.0,7.242857142857143,3.492857142857143,1.08,6.0,77.0,0,1.0,-0.4999999999999997,-0.8660254037844388,0.9749279121818236,-0.22252093395631434,0.5,1.5,0.5,0.5,0.5,0.5,0.5,0.5,0.5,0.5,synthetic,real,real,real,synthetic,0.0,8.0,7.0,9.0,0.0,-110.0,120.364949,108.546713,436.808192,-110.0,-110.0,-163.785094,-144.572655,0.0,-110.0,0.0,0.0,0.0,0.0,0.0,2026-07-30T00:28:52.112372+00:00,0.32350167908002236,-0.868850672358317,-0.003440224688083804,-0.47514928019450037,-0.42430863291435883,0.6,0.6,0.4,0.0,0.0,1.0,1.0,1.0,0.0,0.0,batter_pitcher_profile_network_v2,1.0,1.0,0.3669997227298178,0.0,0.8050425339655973,0.43865289351851866,-0.1609749448271798,0.0,49.0,23.33123649967252,0.03098849971363069,-0.04469749491406271,-0.004469749491406271,0.35405347222222233,-0.10767016711021547,0.0,49.0,23.53920165768166,0.005980099418379342,-0.015160452239481778,-0.0024256723583170846,0.38292708333333353,-0.17259697326967724,0.0,49.0,22.99854962911008,0.0976746528800164,0.055838363381180284,0.002791918169059014,0.058908101851851864,-0.03941814632499603,0.0,49.0,23.31712292528333,-0.028501350639175905,-0.02997120778001636,-0.000749280194500409,0.1168560185185187,-0.15289864763457334,0.0,49.0,22.8025935728826,-0.14273102819866484,-0.11835816762026714,-0.007101490057216028
2026-07-30,Mookie_Betts,605141,hitter,LAD,SEA,2026,823921,83,119,136,1,693433.0,Bryan_Woo,2.0,3.0,0.0,0.0,2.0,4.0,4.0,0.0,1.0,5.0,0.11428571428571428,0.54,0.54,0.25,21.25,65.0,5.8,9.5,3.2785714285714285,1.08,3.0,78.0,0,1.0,-0.4999999999999997,-0.8660254037844388,0.43388373911755823,-0.900968867902419,0.5,0.5,0.5,0.5,0.5,0.5,0.5,0.5,0.5,0.5,synthetic,synthetic,synthetic,synthetic,synthetic,0.0,0.0,0.0,0.0,0.0,-110.0,-110.0,-110.0,-110.0,-110.0,-110.0,-110.0,-110.0,-110.0,-110.0,0.0,0.0,0.0,0.0,0.0,2026-08-07T03:26:40.888653+00:00,0.3503973530462384,0.7150435183794202,0.17724343240491724,-0.3585076320540096,-0.3381518997156696,0.8,0.8,0.4,0.0,0.0,1.0,1.0,1.0,0.0,0.0,batter_pitcher_profile_network_v2,1.0,1.0,0.3027943661695042,0.0,0.8129076901442358,0.3587329232283467,0.12745677488518992,0.0,49.0,24.318230212285695,0.06750759503188616,0.031878292367145386,0.0031878292367145387,0.22654972659667566,0.04774548256479356,0.0,49.0,24.35618182960966,0.05577867169982529,0.0912094898713755,0.01459351837942008,0.273940698818898,0.13899801587301605,0.0,49.0,24.39002710061498,0.16474957168254684,0.19129721952691248,0.009564860976345624,-0.09902708333333321,-0.0004453069088906029,0.0,49.0,23.79350651673272,0.010725462826271381,0.010694717839615172,0.0002673679459903793,-0.060797916666666216,0.17881161236424412,0.0,49.0,23.98108708696616,-0.12178824764980192,-0.09134118573735145,-0.005480471144241087
2026-07-31,Mookie_Betts,605141,hitter,LAD,BOS,2026,823922,84,119,111,1,624133.0,Ranger_Suarez,1.0,1.0,0.0,0.0,0.0,4.0,4.0,0.0,1.0,5.0,0.10526315789473684,0.2225,0.2225,0.0,0.0,26.7,4.875,14.125,2.536813186813187,1.08,4.0,78.0,0,1.0,-0.4999999999999997,-0.8660254037844388,-0.433883739117558,-0.9009688679024191,0.5,1.5,0.5,0.5,0.5,0.5,1.5,0.5,0.5,0.5,synthetic,synthetic,synthetic,synthetic,synthetic,0.0,0.0,0.0,0.0,0.0,-110.0,-110.0,-110.0,-110.0,-110.0,-110.0,-110.0,-110.0,-110.0,-110.0,0.0,0.0,0.0,0.0,0.0,2026-08-07T03:26:40.888653+00:00,0.3429678848065836,-0.21443477948784162,-0.1929263476537028,-0.4722133558888074,0.1092240162660626,1.0,1.2,0.4,0.0,0.4,2.0,3.0,0.0,0.0,2.0,batter_pitcher_profile_network_v2,1.0,1.0,0.40599384096398744,0.0,0.8002657544819115,0.35686971602508044,-0.2857850340835634,0.0,49.0,22.995361959179085,0.08433558585517446,-0.060581514378738224,-0.006058151437873823,0.24723968722659678,-0.382231545621561,0.0,49.0,21.579363110341124,0.0784353836276327,0.061517825569410226,0.009842852091105636,0.2772764927821524,-0.42189744468637635,0.0,49.0,20.628688989549033,0.11901645446641654,0.049528281165388294,0.002476414058269415,-0.030268981481481397,-0.5129300750333257,0.0,49.0,19.010507849870802,0.09668822741193188,0.08746576444770134,0.0021866441111925337,-0.014800231481481194,-0.42242440547069005,0.0,49.0,20.291724054546894,-0.1540731981651956,-0.11926861264679002,-0.007156116758807401
2026-08-01,Mookie_Betts,605141,hitter,LAD,BOS,2026,823920,85,119,111,1,801139.0,Payton_Tolle,0.0,0.0,0.0,0.0,0.0,1.0,1.0,0.0,0.0,8.0,0.027777777777777776,0.0,0.0,0.0,0.0,10.0,4.060828877005347,14.429478609625669,1.646703296703297,1.08,7.0,85.0,0,1.0,-0.8660254037844385,-0.5000000000000004,-0.9749279121818236,-0.2225209339563146,0.5,1.5,0.5,0.5,0.5,0.5,1.5,0.5,0.5,0.5,synthetic,synthetic,synthetic,synthetic,synthetic,0.0,0.0,0.0,0.0,0.0,-110.0,-110.0,-110.0,-110.0,-110.0,-110.0,-110.0,-110.0,-110.0,-110.0,0.0,0.0,0.0,0.0,0.0,2026-08-07T03:26:40.888653+00:00,0.07218423597046364,-0.6837955001243554,-0.4867794026434042,-0.4756998802581154,-0.41399679776108345,1.0,1.2,0.4,0.0,0.4,1.0,1.0,0.0,0.0,0.0,batter_pitcher_profile_network_v2,1.0,0.85,0.4875751896038776,0.0,0.7467312333824963,0.35686971602508033,-0.26120527725807235,0.0,49.0,23.72579157672288,0.07384783863833257,-0.047766320830515095,-0.0047766320830515095,0.24723968722659678,-0.20903042636680505,0.0,49.0,24.038862077777953,0.03940981425176038,0.03263229088944601,0.005221166542311362,0.27310982611548573,-0.15444134759380096,0.0,49.0,24.3153921249881,0.08432244688553424,0.06270865042861848,0.003135432521430924,-0.03026898148148138,-0.14973576055703644,0.0,49.0,23.864875910110058,-0.04967272226638913,-0.051995210324616875,-0.001299880258115422,-0.0173002314814812,-0.15553764150982496,0.0,49.0,23.953762988779157,-0.17590884796280537,-0.13331048771525006,-0.007998629262915002
2026-08-02,Mookie_Betts,605141,hitter,LAD,BOS,2026,823919,86,119,111,1,687562.0,Jake_Bennett,0.0,0.0,0.0,0.0,0.0,4.0,4.0,0.0,0.0,5.0,0.10526315789473684,0.0,0.0,0.0,0.0,10.0,3.009287925696595,5.512383900928794,1.3252747252747257,1.08,0.0,87.0,0,1.0,-0.8660254037844385,-0.5000000000000004,-0.7818314824680299,0.6234898018587334,0.5,1.5,0.5,0.5,0.5,0.5,1.5,0.5,0.5,0.5,synthetic,synthetic,synthetic,synthetic,synthetic,0.0,0.0,0.0,0.0,0.0,-110.0,-110.0,-110.0,-110.0,-110.0,-110.0,-110.0,-110.0,-110.0,-110.0,0.0,0.0,0.0,0.0,0.0,2026-08-07T03:26:40.888653+00:00,0.49682372425411403,-0.7389980834196181,-0.37349021076183114,-0.4762293362718525,-0.3384091858584859,1.0,1.2,0.4,0.0,0.4,0.0,0.0,0.0,0.0,0.0,batter_pitcher_profile_network_v2,1.0,0.65,0.5245023566991228,0.0,0.6857364998478324,0.34727679211469553,0.21973214932866295,0.0,49.0,24.862247895143728,0.05283413988999579,0.03628421517634689,0.003628421517634689,0.23572249103942675,0.04959943462951101,0.0,49.0,25.380957289635614,0.018812699408738278,0.033778425995807784,0.0054045481593292454,0.23711693548387125,0.029287409669905756,0.0,49.0,25.43024751406056,0.09398736774319758,0.09728948054128354,0.004864474027064178,-0.03423194444444437,-0.04130130066460663,0.0,49.0,24.69258978802222,-0.0725011809749718,-0.07317345087410053,-0.0018293362718525134,-0.056419444444444085,0.06080089006206265,0.0,49.0,25.14305252407439,-0.16583101792072805,-0.12437326344054603,-0.007462395806432761
2026-08-03,Mookie_Betts,605141,hitter,LAD,CHC,2026,824647,87,119,112,0,571510.0,Matthew_Boyd,0.0,0.0,0.0,0.0,0.0,4.0,4.0,0.0,0.0,5.0,0.11428571428571428,0.0,0.0,0.0,0.0,10.0,0.9285714285714285,5.857142857142858,2.1432172869147657,1.0522222222222224,-10.0,76.0,0,1.0,-0.8660254037844385,-0.5000000000000004,0.0,1.0,0.5,0.5,0.5,0.5,0.5,0.5,0.5,0.5,0.5,0.5,synthetic,synthetic,synthetic,synthetic,synthetic,0.0,0.0,0.0,0.0,0.0,-110.0,-110.0,-110.0,-110.0,-110.0,-110.0,-110.0,-110.0,-110.0,-110.0,0.0,0.0,0.0,0.0,0.0,2026-08-07T03:26:40.888653+00:00,0.3225411838412877,0.13735558634680267,-0.4473859093361386,-0.48571036624373365,-0.2853264558664945,0.8,1.0,0.2,0.0,0.4,0.0,0.0,0.0,0.0,0.0,batter_pitcher_profile_network_v2,1.0,0.65,0.5212186841174662,0.0,0.6859979622771468,0.3241685185185184,0.08180332033612754,0.0,50.0,25.949703199508335,0.08797900873604159,0.012696352218398302,0.0012696352218398302,0.21128611111111098,0.0569355966808928,0.0,50.0,25.856265034719712,0.03465576801269435,0.0577432480008491,0.009238919680135857,0.19708333333333306,0.0643957258640763,0.0,50.0,25.929223661365658,0.12798815741108147,0.13406452636246208,0.006703226318123104,-0.043713425925925836,0.03991009500865199,0.0,50.0,25.325600689379872,-0.0968590941937937,-0.0968590941937937,-0.0024214773548448427,-0.11166481481481492,0.08447864113720899,0.0,50.0,25.622766132282237,-0.1308293380496177,-0.09812200353721326,-0.005887320212232795
2026-08-04,Mookie_Betts,605141,hitter,LAD,CHC,2026,824645,88,119,112,0,665871.0,Javier_Assad,0.0,0.0,0.0,0.0,0.0,3.0,3.0,0.0,0.0,5.0,0.0967741935483871,0.0,0.0,0.0,0.0,10.0,0.6923076923076924,13.153846153846153,1.75750300120048,1.0522222222222224,8.0,83.0,0,1.0,-0.8660254037844385,-0.5000000000000004,0.7818314824680298,0.6234898018587336,0.5,0.5,0.5,0.5,0.5,0.5,0.5,0.5,0.5,0.5,synthetic,synthetic,synthetic,synthetic,synthetic,0.0,0.0,0.0,0.0,0.0,-110.0,-110.0,-110.0,-110.0,-110.0,-110.0,-110.0,-110.0,-110.0,-110.0,0.0,0.0,0.0,0.0,0.0,2026-08-07T03:26:40.888653+00:00,-0.18702942333078354,0.010876424979486488,-0.49140624288634427,-0.48349908441990586,-0.3230233883452611,0.6,0.8,0.0,0.0,0.4,0.0,0.0,0.0,0.0,0.0,batter_pitcher_profile_network_v2,1.0,0.45,0.6424978494043789,0.0,0.6220823060515837,0.14848564814814813,0.1955456130706086,0.0,50.0,25.622658906619804,0.13131847712477973,0.010380331307091628,0.0010380331307091627,-0.006561111111111184,0.34827959915571516,0.0,50.0,24.19865787280771,0.10784307899158742,0.16176461848738113,0.02588233895798098,-0.006770833333333504,0.08681376323620166,0.0,50.0,26.040428867043374,0.17187514227311412,0.17187514227311412,0.008593757113655707,-0.23283379629629625,0.5128293303385109,0.0,50.0,21.877387746794824,-0.008407821240680157,-0.008407821240680157,-0.00021019553101700396,-0.37318101851851854,0.16221922918602244,0.0,50.0,25.60776697049174,-0.08233311151529815,-0.061749833636473614,-0.0037049900181884165
2026-08-05,Mookie_Betts,605141,hitter,LAD,CHC,2026,824646,89,119,112,0,684007.0,Shota_Imanaga,4.0,4.0,1.0,0.0,0.0,5.0,5.0,0.0,0.0,6.0,0.11904761904761904,0.712,0.712,0.0,0.0,65.0,0.8999999999999987,6.414285714285715,1.3289315726290514,1.0522222222222224,9.0,80.0,0,1.0,-0.8660254037844385,-0.5000000000000004,0.9749279121818236,-0.22252093395631434,0.5,0.5,0.5,0.5,0.5,0.5,0.5,0.5,0.5,0.5,synthetic,synthetic,synthetic,synthetic,synthetic,0.0,0.0,0.0,0.0,0.0,-110.0,-110.0,-110.0,-110.0,-110.0,-110.0,-110.0,-110.0,-110.0,-110.0,0.0,0.0,0.0,0.0,0.0,2026-08-07T03:26:40.888653+00:00,-0.12142052645965712,-0.0023118154189997187,-0.22436622457876526,-0.47994400344492444,-0.3746274866905336,0.2,0.2,0.0,0.0,0.0,0.0,0.0,0.0,0.0,0.0,batter_pitcher_profile_network_v2,1.0,1.0,0.35915382338665797,0.0,0.8060036566351344,0.026396527777777914,0.04127997907985153,0.0,50.0,26.28444607964706,0.1528125587641044,0.0006982968279975485,6.982968279975486e-05,-0.17847083333333325,0.24964657867064627,0.0,50.0,25.34313097773873,0.16654799130972328,0.2498219869645849,0.039971517914333586,-0.14171874999999995,0.1533310810667853,0.0,50.0,26.09800007772274,0.21674393579564358,0.21674393579564358,0.01083719678978218,-0.4219541666666667,0.483528508308173,0.0,50.0,22.520819937507255,0.13379541775857676,0.13379541775857676,0.003344885443964419,-0.5811034722222221,0.22365490835889612,0.0,50.0,25.543301801733485,-0.03720145159969254,-0.027901088699769407,-0.0016740653219861643
