Date,Player,Player_MLBAM_ID,Player_Type,Team,Opponent,Season,Game_ID,Game_Index,Team_ID,Opponent_ID,Is_Home,Opp_Starter_ID,Opp_Starter_Player,H,TB,R,HR,RBI,PA,AB,BB,SO,Batting_Order,Team_PA_share,wOBA,xwOBA,ISO,Barrel%,HardHit%,Opp_Pitcher_ERA_3,Opp_Pitcher_K9_3,Opp_Bullpen_ERA_7,Park_Factor,Wind_Out_MPH,Temp_F,Did_Not_Play,Rest_Days,Month_sin,Month_cos,DayOfWeek_sin,DayOfWeek_cos,Market_H,Market_TB,Market_R,Market_HR,Market_RBI,Synthetic_Market_H,Synthetic_Market_TB,Synthetic_Market_R,Synthetic_Market_HR,Synthetic_Market_RBI,Market_Source_H,Market_Source_TB,Market_Source_R,Market_Source_HR,Market_Source_RBI,Market_H_books,Market_TB_books,Market_R_books,Market_HR_books,Market_RBI_books,Market_H_over_price,Market_TB_over_price,Market_R_over_price,Market_HR_over_price,Market_RBI_over_price,Market_H_under_price,Market_TB_under_price,Market_R_under_price,Market_HR_under_price,Market_RBI_under_price,Market_H_line_std,Market_TB_line_std,Market_R_line_std,Market_HR_line_std,Market_RBI_line_std,Market_Fetched_At_UTC,H_market_gap,TB_market_gap,R_market_gap,HR_market_gap,RBI_market_gap,H_rolling_avg,TB_rolling_avg,R_rolling_avg,HR_rolling_avg,RBI_rolling_avg,H_lag1,TB_lag1,R_lag1,HR_lag1,RBI_lag1,Matchup_Network_Version,Matchup_Network_Batter_Support,Matchup_Network_Pitcher_Support,Pitcher_Profile_Uncertainty,Batter_Vs_Starter_Games,Matchup_Network_Confidence,Batter_Profile_H_Strength,Pitcher_Profile_H_Vulnerability,Batter_Vs_Starter_H_Lift,Archetype_Neighbor_H_Games,Archetype_Neighbor_H_Effective_Support,Archetype_Neighbor_H_Lift,Matchup_Network_H_Score,Matchup_Network_H_Adjustment,Batter_Profile_TB_Strength,Pitcher_Profile_TB_Vulnerability,Batter_Vs_Starter_TB_Lift,Archetype_Neighbor_TB_Games,Archetype_Neighbor_TB_Effective_Support,Archetype_Neighbor_TB_Lift,Matchup_Network_TB_Score,Matchup_Network_TB_Adjustment,Batter_Profile_R_Strength,Pitcher_Profile_R_Vulnerability,Batter_Vs_Starter_R_Lift,Archetype_Neighbor_R_Games,Archetype_Neighbor_R_Effective_Support,Archetype_Neighbor_R_Lift,Matchup_Network_R_Score,Matchup_Network_R_Adjustment,Batter_Profile_HR_Strength,Pitcher_Profile_HR_Vulnerability,Batter_Vs_Starter_HR_Lift,Archetype_Neighbor_HR_Games,Archetype_Neighbor_HR_Effective_Support,Archetype_Neighbor_HR_Lift,Matchup_Network_HR_Score,Matchup_Network_HR_Adjustment,Batter_Profile_RBI_Strength,Pitcher_Profile_RBI_Vulnerability,Batter_Vs_Starter_RBI_Lift,Archetype_Neighbor_RBI_Games,Archetype_Neighbor_RBI_Effective_Support,Archetype_Neighbor_RBI_Lift,Matchup_Network_RBI_Score,Matchup_Network_RBI_Adjustment
2026-03-03,Colt_Keith,690993,hitter,DET,DOM,2026,836149,0,116,805,0,622663.0,Luis_Severino,2.0,3.0,0.0,0.0,0.0,3.0,3.0,0.0,0.0,5.0,0.07894736842105263,0.7200000000000001,0.7200000000000001,0.3333333333333333,28.333333333333332,65.0,4.1,8.2,4.0,1.08,-4.0,75.0,0,2.0,1.0,6.123233995736766e-17,0.7818314824680298,0.6234898018587336,1.5,2.5,0.5,0.5,0.5,1.5,2.5,0.5,0.5,0.5,synthetic,synthetic,synthetic,synthetic,synthetic,0.0,0.0,0.0,0.0,0.0,-110.0,-110.0,-110.0,-110.0,-110.0,-110.0,-110.0,-110.0,-110.0,-110.0,0.0,0.0,0.0,0.0,0.0,2026-08-07T03:26:40.888653+00:00,0.33111929824561415,0.4868605263157897,-0.13777631578947364,-0.3202333333333333,-0.28415789473684205,2.0,3.0,0.0,0.0,0.0,2.0,3.0,0.0,0.0,0.0,,0.0,0.0,1.0,0.0,0.0,0.0,0.0,0.0,0.0,0.0,0.0,0.0,0.0,0.0,0.0,0.0,0.0,0.0,0.0,0.0,0.0,0.0,0.0,0.0,0.0,0.0,0.0,0.0,0.0,0.0,0.0,0.0,0.0,0.0,0.0,0.0,0.0,0.0,0.0,0.0,0.0,0.0,0.0,0.0,0.0
2026-03-07,Colt_Keith,690993,hitter,DET,PIT,2026,831518,1,116,134,1,682995.0,Hunter_Barco,1.0,1.0,1.0,0.0,0.0,3.0,3.0,0.0,2.0,7.0,0.08823529411764706,0.2966666666666667,0.2966666666666667,0.0,0.0,35.6,0.0,9.0,4.1454545454545455,1.0611111111111111,9.0,83.0,0,4.0,1.0,6.123233995736766e-17,-0.9749279121818236,-0.2225209339563146,1.5,2.5,0.5,0.5,0.5,1.5,2.5,0.5,0.5,0.5,synthetic,synthetic,synthetic,synthetic,synthetic,0.0,0.0,0.0,0.0,0.0,-110.0,-110.0,-110.0,-110.0,-110.0,-110.0,-110.0,-110.0,-110.0,-110.0,0.0,0.0,0.0,0.0,0.0,2026-08-07T03:26:40.888653+00:00,0.33872246417112306,-0.10279188549019613,-0.37166576047237077,-0.48048009444444445,-0.39302512684491975,2.0,3.0,0.0,0.0,0.0,2.0,3.0,0.0,0.0,0.0,batter_pitcher_profile_network_v2,0.03333333333333333,0.05,0.9425,0.0,0.028393854166666666,1.0,-0.7040000000000001,0.0,0.0,0.0,0.0,-0.0013493333333333335,-0.00013493333333333335,1.0,-0.744,0.0,0.0,0.0,0.0,-0.001426,-0.00022816,0.75,-0.43999999999999984,0.0,0.0,0.0,0.0,-0.0006324999999999997,-3.162499999999999e-05,1.0,-0.744,0.0,0.0,0.0,0.0,-0.001426,-3.565e-05,0.8499999999999999,-0.6399999999999999,0.0,0.0,0.0,0.0,-0.0010426666666666664,-6.255999999999998e-05
2026-03-08,Colt_Keith,690993,hitter,DET,TOR,2026,831627,2,116,141,0,592332.0,Kevin_Gausman,2.0,2.0,0.0,0.0,0.0,3.0,3.0,0.0,1.0,4.0,0.08571428571428572,0.5933333333333334,0.5933333333333334,0.0,0.0,65.0,0.0,9.0,5.884033613445379,1.08,5.0,79.0,0,1.0,1.0,6.123233995736766e-17,-0.7818314824680299,0.6234898018587334,1.5,1.5,0.5,0.5,0.5,1.5,1.5,0.5,0.5,0.5,synthetic,synthetic,synthetic,synthetic,synthetic,0.0,0.0,0.0,0.0,0.0,-110.0,-110.0,-110.0,-110.0,-110.0,-110.0,-110.0,-110.0,-110.0,-110.0,0.0,0.0,0.0,0.0,0.0,2026-08-07T03:26:40.888653+00:00,-0.08492794869829612,0.13717101186666647,0.3652729390056024,-0.47443803014062497,-0.22007903686939773,1.5,2.0,0.5,0.0,0.0,1.0,1.0,1.0,0.0,0.0,batter_pitcher_profile_network_v2,0.06666666666666667,0.05,0.9425,0.0,0.04506052083333333,0.08041666666666678,-0.7340000000000001,0.0,0.0,0.0,0.0,-0.00022626569444444478,-2.262656944444448e-05,0.16638888888888897,-0.774,0.0,0.0,0.0,0.0,-0.0004936758333333336,-7.898813333333338e-05,0.11666666666666681,-0.5399999999999999,0.0,0.0,0.0,0.0,-0.00024150000000000026,-1.2075000000000014e-05,0.5127083333333332,-0.774,0.0,0.0,0.0,0.0,-0.0015212056249999995,-3.8030140624999994e-05,0.49083333333333323,-0.7149999999999999,0.0,0.0,0.0,0.0,-0.0013452923611111105,-8.071754166666663e-05
2026-03-12,Colt_Keith,690993,hitter,DET,NYY,2026,831621,3,116,147,1,701542.0,Will_Warren,0.0,0.0,0.0,0.0,0.0,2.0,2.0,0.0,0.0,3.0,0.06451612903225806,0.0,0.0,0.0,0.0,10.0,0.0,7.056818181818182,2.0571428571428574,1.0611111111111111,-16.0,82.0,0,4.0,1.0,6.123233995736766e-17,0.43388373911755823,-0.900968867902419,1.5,1.5,0.5,0.5,0.5,1.5,1.5,0.5,0.5,0.5,synthetic,synthetic,synthetic,synthetic,synthetic,0.0,0.0,0.0,0.0,0.0,-110.0,-110.0,-110.0,-110.0,-110.0,-110.0,-110.0,-110.0,-110.0,-110.0,0.0,0.0,0.0,0.0,0.0,2026-08-07T03:26:40.888653+00:00,0.08587971727363586,-0.022448093687106985,-0.4160511750376733,-0.4805700323800636,-0.5,1.6666666666666667,2.0,0.3333333333333333,0.0,0.0,2.0,2.0,0.0,0.0,0.0,batter_pitcher_profile_network_v2,0.1,0.1,0.5253433179824513,0.0,0.07856454435471497,0.1348611111111112,-0.6308083003952569,0.0,0.0,0.0,0.0,-0.004037975985888258,-0.00040379759858882587,0.09148148148148155,-0.6952648221343873,0.0,0.0,0.0,0.0,-0.00301899952291348,-0.0004830399236661568,0.1583333333333335,-0.7503896103896104,0.0,0.0,0.0,0.0,-0.005639476175892921,-0.00028197380879464604,0.15222222222222218,-0.6952648221343873,0.0,0.0,0.0,0.0,-0.005023517424766959,-0.000125587935619174,0.4313888888888888,-0.8361038961038962,0.0,0.0,0.0,0.0,-0.01712019871335283,-0.0010272119228011698
2026-03-13,Colt_Keith,690993,hitter,DET,PIT,2026,831512,4,116,134,1,605182.0,Mike_Clevinger,0.0,0.0,1.0,0.0,0.0,3.0,2.0,1.0,2.0,7.0,0.08108108108108109,0.22999999999999998,0.22999999999999998,0.0,0.0,27.599999999999998,6.0,7.5,5.468181818181818,1.0611111111111111,-7.0,76.0,0,1.0,1.0,6.123233995736766e-17,-0.433883739117558,-0.9009688679024191,1.5,1.5,0.5,0.5,0.5,1.5,1.5,0.5,0.5,0.5,synthetic,synthetic,synthetic,synthetic,synthetic,0.0,0.0,0.0,0.0,0.0,-110.0,-110.0,-110.0,-110.0,-110.0,-110.0,-110.0,-110.0,-110.0,-110.0,0.0,0.0,0.0,0.0,0.0,2026-08-07T03:26:40.888653+00:00,-0.36654456060205654,-0.49045913949178277,-0.19123715734541363,-0.48047022632638886,-0.35531559062844664,1.25,1.5,0.25,0.0,0.0,0.0,0.0,0.0,0.0,0.0,batter_pitcher_profile_network_v2,0.13333333333333333,0.05,0.9425,0.0,0.07839385416666667,0.2365782828282828,-0.7040000000000001,0.0,0.0,0.0,0.0,-0.001276891851851852,-0.0001276891851851852,0.09095959595959593,-0.744,0.0,0.0,0.0,0.0,-0.0005188335353535352,-8.301336565656563e-05,0.3463068181818182,-0.43999999999999984,0.0,0.0,0.0,0.0,-0.001168208333333333,-5.841041666666665e-05,-0.18079861111111112,-0.744,0.0,0.0,0.0,0.0,-0.001031275277777778,-2.578188194444445e-05,0.2582638888888889,-0.6399999999999999,0.0,0.0,0.0,0.0,-0.0012672148148148146,-7.603288888888888e-05
2026-03-15,Colt_Keith,690993,hitter,DET,NYY,2026,831611,5,116,147,0,661563.0,Luis_Gil,1.0,1.0,1.0,0.0,0.0,4.0,4.0,0.0,1.0,3.0,0.08695652173913043,0.2225,0.2225,0.0,0.0,26.7,1.3499999999999999,14.399999999999999,3.434265734265734,1.08,7.0,77.0,0,2.0,1.0,6.123233995736766e-17,-0.7818314824680299,0.6234898018587334,0.5,1.5,0.5,0.5,0.5,0.5,1.5,0.5,0.5,0.5,synthetic,synthetic,synthetic,synthetic,synthetic,0.0,0.0,0.0,0.0,0.0,-110.0,-110.0,-110.0,-110.0,-110.0,-110.0,-110.0,-110.0,-110.0,-110.0,0.0,0.0,0.0,0.0,0.0,2026-08-07T03:26:40.888653+00:00,0.05925789154952976,-0.664737116486693,-0.013606511992418302,-0.4744780781617154,-0.4523112253436476,1.0,1.2,0.4,0.0,0.0,0.0,0.0,1.0,0.0,0.0,batter_pitcher_profile_network_v2,0.16666666666666666,0.1,0.7803095506994685,0.0,0.10877454133726483,-0.1887916666666665,-0.49015384615384605,0.0,0.0,0.0,0.0,-0.003388247776215099,-0.00033882477762150993,-0.2528611111111109,-0.31635576923076913,0.0,0.0,0.0,0.0,-0.002928988911395655,-0.00046863822582330483,-0.014374999999999749,-0.3805929487179486,0.0,0.0,0.0,0.0,-0.0002003219401877659,-1.0016097009388295e-05,-0.3415,-0.2497692307692307,0.0,0.0,0.0,0.0,-0.003123126468616909,-7.807816171542273e-05,0.04537500000000018,-0.3549358974358973,0.0,0.0,0.0,0.0,-0.0005896937025281359,-3.538162215168815e-05
2026-03-16,Colt_Keith,690993,hitter,DET,PHI,2026,831498,6,116,143,1,666155.0,Chuck_King,1.0,1.0,1.0,0.0,1.0,3.0,3.0,0.0,0.0,5.0,0.06382978723404255,0.2966666666666667,0.2966666666666667,0.0,0.0,35.6,0.0,12.0,4.0547434763379036,1.0611111111111111,20.0,83.0,0,1.0,1.0,6.123233995736766e-17,0.0,1.0,0.5,0.5,0.5,0.5,0.5,0.5,0.5,0.5,0.5,0.5,synthetic,synthetic,synthetic,synthetic,synthetic,0.0,0.0,0.0,0.0,0.0,-110.0,-110.0,-110.0,-110.0,-110.0,-110.0,-110.0,-110.0,-110.0,-110.0,0.0,0.0,0.0,0.0,0.0,2026-08-07T03:26:40.888653+00:00,0.193352859620892,0.22678546099290786,0.13707937239845558,-0.48044444444444445,-0.4261989963958708,0.8,0.8,0.6,0.0,0.0,1.0,1.0,1.0,0.0,0.0,batter_pitcher_profile_network_v2,0.2,0.0,1.0,0.0,0.1,-0.2769502314814811,0.0,0.0,0.0,0.0,0.0,0.0,0.0,-0.3571412037037034,0.0,0.0,0.0,0.0,0.0,0.0,0.0,-0.09869791666666622,0.0,0.0,0.0,0.0,0.0,0.0,0.0,-0.45030092592592597,0.0,0.0,0.0,0.0,0.0,0.0,0.0,-0.10056134259259239,0.0,0.0,0.0,0.0,0.0,0.0,0.0
2026-03-21,Colt_Keith,690993,hitter,DET,NYY,2026,831601,7,116,147,1,693645.0,Cam_Schlittler,1.0,1.0,0.0,0.0,0.0,3.0,2.0,1.0,0.0,4.0,0.08571428571428572,0.5266666666666667,0.5266666666666667,0.0,0.0,63.20000000000001,1.2272727272727273,15.077922077922079,3.9556943056943052,1.0611111111111111,4.0,76.0,0,5.0,1.0,6.123233995736766e-17,-0.9749279121818236,-0.2225209339563146,0.5,0.5,0.5,0.5,0.5,0.5,0.5,0.5,0.5,0.5,synthetic,synthetic,synthetic,synthetic,synthetic,0.0,0.0,0.0,0.0,0.0,-110.0,-110.0,-110.0,-110.0,-110.0,-110.0,-110.0,-110.0,-110.0,-110.0,0.0,0.0,0.0,0.0,0.0,2026-08-07T03:26:40.888653+00:00,0.034132566887896565,0.3510271472458686,0.2961383375522332,-0.48142859545551375,-0.041048472701976924,0.8,0.8,0.6,0.0,0.2,1.0,1.0,1.0,0.0,1.0,batter_pitcher_profile_network_v2,0.23333333333333334,0.1,0.6716963422533202,0.0,0.14343838647406348,-0.1321180555555552,-0.8554347826086958,0.0,0.0,0.0,0.0,-0.00865768110438451,-0.0008657681104384511,-0.2830853174603172,-0.9096467391304348,0.0,0.0,0.0,0.0,-0.019726163046655167,-0.0031561860874648267,-0.018973214285713788,-0.8675271739130435,0.0,0.0,0.0,0.0,-0.001260887982977823,-6.304439914889116e-05,-0.5138888888888888,-1.0,0.0,0.0,0.0,0.0,-0.03936604044277318,-0.0009841510110693294,-0.1550347222222218,-0.8885869565217392,0.0,0.0,0.0,0.0,-0.010553133111536621,-0.0006331879866921972
2026-03-23,Colt_Keith,690993,hitter,DET,COL,2026,831857,8,116,115,0,663372.0,Ryan_Feltner,0.0,0.0,0.0,0.0,0.0,3.0,3.0,0.0,1.0,3.0,0.08333333333333333,0.0,0.0,0.0,0.0,10.0,9.075000000000001,11.424999999999999,8.148802982731555,1.0611111111111111,0.0,93.0,0,2.0,1.0,6.123233995736766e-17,0.0,1.0,0.5,0.5,0.5,0.5,0.5,0.5,0.5,0.5,0.5,0.5,synthetic,synthetic,synthetic,synthetic,synthetic,0.0,0.0,0.0,0.0,0.0,-110.0,-110.0,-110.0,-110.0,-110.0,-110.0,-110.0,-110.0,-110.0,-110.0,0.0,0.0,0.0,0.0,0.0,2026-08-07T03:26:40.888653+00:00,0.32529019940315695,-0.00941666666666674,0.08325895746991108,-0.48044444444444445,-0.15155985086342227,0.6,0.6,0.6,0.0,0.2,1.0,1.0,0.0,0.0,0.0,batter_pitcher_profile_network_v2,0.26666666666666666,0.05,0.9425,0.0,0.14506052083333332,0.14062065972222232,0.40850000000000003,0.0,0.0,0.0,0.0,0.0008808009389467599,8.8080093894676e-05,-0.09098090277777765,0.506,0.0,0.0,0.0,0.0,0.0,0.0,0.21035156250000014,0.42666666666666664,0.0,0.0,0.0,0.0,0.0013761666666666675,6.880833333333337e-05,-0.5232465277777778,0.506,0.0,0.0,0.0,0.0,0.0,0.0,-0.027087673611110884,0.6266666666666667,0.0,0.0,0.0,0.0,0.0,0.0
2026-03-24,Colt_Keith,690993,hitter,DET,COL,2026,831856,9,116,115,0,608372.0,Tomoyuki_Sugano,2.0,3.0,1.0,0.0,0.0,3.0,2.0,1.0,0.0,5.0,0.06521739130434782,0.9500000000000001,0.9500000000000001,0.5,30.0,65.0,0.0,3.0,7.2375,1.0611111111111111,3.0,91.0,0,1.0,1.0,6.123233995736766e-17,0.7818314824680298,0.6234898018587336,0.5,0.5,0.5,0.5,0.5,0.5,0.5,0.5,0.5,0.5,synthetic,synthetic,synthetic,synthetic,synthetic,0.0,0.0,0.0,0.0,0.0,-110.0,-110.0,-110.0,-110.0,-110.0,-110.0,-110.0,-110.0,-110.0,-110.0,0.0,0.0,0.0,0.0,0.0,2026-08-07T03:26:40.888653+00:00,0.5340362318840579,0.8582639449969405,0.5172852564607238,-0.2805843138333333,0.0664421195489131,0.6,0.6,0.6,0.0,0.2,0.0,0.0,0.0,0.0,0.0,batter_pitcher_profile_network_v2,0.3,0.05,0.9425,0.0,0.16172718749999998,-0.10783564814814817,0.35600000000000004,0.0,0.0,0.0,0.0,0.0,0.0,-0.3028626543209876,-0.04399999999999994,0.0,0.0,0.0,0.0,-0.00022987275462962924,-3.677964074074068e-05,-0.026099537037037004,-0.6066666666666665,0.0,0.0,0.0,0.0,-0.0002731316550925921,-1.3656582754629606e-05,-0.5962037037037037,-0.5439999999999999,0.0,0.0,0.0,0.0,-0.0055947755555555536,-0.00013986938888888885,-0.24510416666666646,-0.5066666666666665,0.0,0.0,0.0,0.0,-0.0021422104166666637,-0.00012853262499999983
2026-03-26,Colt_Keith,690993,hitter,DET,SD,2026,823325,10,116,135,0,601713.0,Nick_Pivetta,2.0,2.0,1.0,0.0,0.0,5.0,5.0,0.0,1.0,3.0,0.11627906976744186,0.356,0.356,0.0,0.0,42.72,7.0,7.25,4.233112475759535,1.08,0.0,74.0,0,2.0,1.0,6.123233995736766e-17,0.43388373911755823,-0.900968867902419,0.5,1.5,0.5,0.5,0.5,0.5,1.5,0.5,0.5,0.5,synthetic,synthetic,synthetic,synthetic,synthetic,0.0,0.0,0.0,0.0,0.0,-110.0,-110.0,-110.0,-110.0,-110.0,-110.0,-110.0,-110.0,-110.0,-110.0,0.0,0.0,0.0,0.0,0.0,2026-08-07T03:26:40.888653+00:00,0.7600619292301289,-0.15090538754675897,0.2659937694404684,-0.4744,-0.20104013813808003,1.0,1.2,0.6,0.0,0.2,2.0,3.0,1.0,0.0,0.0,batter_pitcher_profile_network_v2,0.3333333333333333,0.15,0.7613990010960492,0.0,0.20517596002152677,0.2951354166666666,0.8125,0.0,0.0,0.0,0.0,0.01907197641607927,0.001907197641607927,0.1172152777777778,0.85,0.0,0.0,0.0,0.0,0.007924176669964858,0.0012678682671943772,0.3899479166666668,0.8231884057971015,0.0,0.0,0.0,0.0,0.02553035491029901,0.0012765177455149506,-0.2747083333333333,0.85,0.0,0.0,0.0,0.0,0.0,0.0,0.1747187500000003,0.9115942028985508,0.0,0.0,0.0,0.0,0.01266753379052661,0.0007600520274315965
2026-03-27,Colt_Keith,690993,hitter,DET,SD,2026,823324,11,116,135,0,650633.0,Michael_King,0.0,0.0,1.0,0.0,0.0,2.0,1.0,1.0,0.0,3.0,0.05,0.345,0.345,0.0,0.0,41.4,10.554545454545455,7.186363636363635,4.340255332902392,1.08,0.0,66.0,0,1.0,1.0,6.123233995736766e-17,-0.433883739117558,-0.9009688679024191,1.5,1.5,0.5,0.5,0.5,1.5,1.5,0.5,0.5,0.5,synthetic,synthetic,synthetic,synthetic,synthetic,0.0,0.0,0.0,0.0,0.0,-110.0,-110.0,-110.0,-110.0,-110.0,-110.0,-110.0,-110.0,-110.0,-110.0,0.0,0.0,0.0,0.0,0.0,2026-08-07T03:26:40.888653+00:00,-0.2316231187783695,-0.24460741257193575,0.1815964332528297,-0.4744,-0.2771424555173222,1.2,1.4,0.6,0.0,0.2,2.0,2.0,1.0,0.0,0.0,batter_pitcher_profile_network_v2,0.36666666666666664,0.2,0.8244856777360695,0.0,0.23313343422879962,0.3043956529581535,0.775,0.0,0.0,0.0,0.0,0.01518183057050132,0.0015181830570501322,0.10571410533910579,0.8200000000000001,0.0,0.0,0.0,0.0,0.005578671425400827,0.0008925874280641323,0.3968384740259746,0.8486486486486488,0.0,0.0,0.0,0.0,0.021673332154202366,0.0010836666077101184,-0.32394444444444437,0.8200000000000001,0.0,0.0,0.0,0.0,0.0,0.0,0.1526369949494955,0.9243243243243243,0.0,0.0,0.0,0.0,0.009079630625969854,0.0005447778375581912
2026-03-28,Colt_Keith,690993,hitter,DET,SD,2026,823323,12,116,135,0,681190.0,Randy_Vásquez,2.0,3.0,0.0,0.0,0.0,4.0,3.0,1.0,1.0,3.0,0.12121212121212122,0.7125,0.7125,0.3333333333333333,28.333333333333332,65.0,5.625,5.625,4.661683904330963,1.08,0.0,71.0,0,1.0,1.0,6.123233995736766e-17,-0.9749279121818236,-0.2225209339563146,0.5,1.5,0.5,0.5,0.5,0.5,1.5,0.5,0.5,0.5,synthetic,synthetic,synthetic,synthetic,synthetic,0.0,0.0,0.0,0.0,0.0,-110.0,-110.0,-110.0,-110.0,-110.0,-110.0,-110.0,-110.0,-110.0,-110.0,0.0,0.0,0.0,0.0,0.0,2026-08-07T03:26:40.888653+00:00,0.57124815698733,-0.005152450600071745,0.4894340043814106,-0.3202333333333333,-0.20317142565415225,1.0,1.2,0.6,0.0,0.0,0.0,0.0,1.0,0.0,0.0,batter_pitcher_profile_network_v2,0.4,0.1,0.7061376654449207,0.0,0.22634981359829973,0.3383309715965968,0.36434893822393816,0.0,1.0,0.0,0.0,0.014489826322734363,0.0014489826322734364,0.11274302427427442,0.5701399613899614,0.0,1.0,0.0,0.0,0.007555706476823964,0.0012089130362918342,0.4183917511261264,0.405668918918919,0.0,1.0,0.0,0.0,0.019950728751793812,0.0009975364375896907,-0.36619675925925926,0.8475892857142857,0.0,1.0,0.0,0.0,0.0,0.0,0.1290028935185188,0.49342229729729736,0.0,1.0,0.0,0.0,0.007482076397417614,0.00044892458384505684
2026-03-30,Colt_Keith,690993,hitter,DET,AZ,2026,825108,13,116,109,0,647336.0,Michael_Soroka,2.0,4.0,1.0,0.0,2.0,5.0,5.0,0.0,2.0,3.0,0.12195121951219512,0.508,0.508,0.4,30.0,65.0,10.800000000000002,11.1,4.589195678271309,1.08,0.0,88.0,0,2.0,1.0,6.123233995736766e-17,0.0,1.0,1.5,1.5,0.5,0.5,0.5,1.5,1.5,0.5,0.5,0.5,synthetic,synthetic,synthetic,synthetic,synthetic,0.0,0.0,0.0,0.0,0.0,-110.0,-110.0,-110.0,-110.0,-110.0,-110.0,-110.0,-110.0,-110.0,-110.0,0.0,0.0,0.0,0.0,0.0,2026-08-07T03:26:40.888653+00:00,-0.20965999172961713,0.6512902264129341,0.23426413441842808,-0.2994,-0.26705287329105465,1.2,1.6,0.6,0.0,0.0,2.0,3.0,0.0,0.0,0.0,batter_pitcher_profile_network_v2,0.43333333333333335,0.15,0.89875,0.0,0.25265213541666665,0.42085277256618725,0.41730769230769216,0.0,1.0,0.0,0.0,0.007705551232704029,0.000770555123270403,0.22589045236606212,0.5483173076923076,0.0,1.0,0.0,0.0,0.005434341910104945,0.0008694947056167912,0.511796435272045,0.8869391025641026,0.0,1.0,0.0,0.0,0.019916278389936082,0.0009958139194968041,-0.19027136752136758,0.6,0.0,1.0,0.0,0.0,0.0,0.0,0.27847863247863247,0.9176282051282051,0.0,1.0,0.0,0.0,0.011211810817307688,0.0006727086490384613
2026-03-31,Colt_Keith,690993,hitter,DET,AZ,2026,825107,14,116,109,0,694297.0,Brandon_Pfaadt,1.0,1.0,1.0,0.0,0.0,4.0,4.0,0.0,2.0,1.0,0.11764705882352941,0.2225,0.2225,0.0,0.0,26.7,1.6875,8.678571428571429,5.874909963985594,1.08,-1.0,86.0,0,1.0,1.0,6.123233995736766e-17,0.7818314824680298,0.6234898018587336,1.5,2.5,0.5,0.5,0.5,1.5,2.5,0.5,0.5,0.5,synthetic,synthetic,synthetic,synthetic,synthetic,0.0,0.0,0.0,0.0,0.0,-110.0,-110.0,-110.0,-110.0,-110.0,-110.0,-110.0,-110.0,-110.0,-110.0,0.0,0.0,0.0,0.0,0.0,2026-08-07T03:26:40.888653+00:00,0.21610863335664177,-0.3292781394250359,0.4221504100224571,-0.4744273784855376,0.296610893699516,1.6,2.4,0.8,0.0,0.4,2.0,4.0,1.0,0.0,2.0,batter_pitcher_profile_network_v2,0.4666666666666667,0.1,0.8089473753375237,0.0,0.25842372798544866,0.3651219806763286,-0.7066428571428571,0.0,1.0,0.0,0.0,-0.02300370244798722,-0.002300370244798722,0.23639216701173227,-0.7483928571428571,0.0,1.0,0.0,0.0,-0.015773297877066734,-0.0025237276603306776,0.4682453416149069,-0.4576926406926406,0.0,1.0,0.0,0.0,-0.019107645889393336,-0.0009553822944696668,-0.016412698412698504,-0.7483928571428571,0.0,1.0,0.0,0.0,-0.0010951394215067429,-2.7378485537668574e-05,0.355015873015873,-0.6516320346320346,0.0,1.0,0.0,0.0,-0.020625761270573306,-0.0012375456762343984
2026-04-01,Colt_Keith,690993,hitter,DET,AZ,2026,825106,15,116,109,0,668678.0,Zac_Gallen,1.0,2.0,0.0,0.0,0.0,4.0,4.0,0.0,0.0,1.0,0.125,0.3175,0.3175,0.25,21.25,49.35,10.875,2.625,5.732052821128451,1.08,0.0,80.0,0,1.0,0.8660254037844387,-0.4999999999999998,0.9749279121818236,-0.22252093395631434,1.5,1.5,0.5,0.5,0.5,1.5,1.5,0.5,0.5,0.5,synthetic,synthetic,synthetic,synthetic,synthetic,0.0,0.0,0.0,0.0,0.0,-110.0,-110.0,-110.0,-110.0,-110.0,-110.0,-110.0,-110.0,-110.0,-110.0,0.0,0.0,0.0,0.0,0.0,2026-08-07T03:26:40.888653+00:00,0.22506433708299922,0.3587054531141156,0.47909506314692707,-0.35877499999999996,0.009644378235175721,1.4,2.0,0.8,0.0,0.4,1.0,1.0,1.0,0.0,0.0,batter_pitcher_profile_network_v2,0.5,0.25,0.7883101317992942,0.0,0.3133580022136466,0.27394999999999986,0.9940000000000001,0.0,1.0,0.0,0.0,0.028822242378610915,0.0028822242378610916,0.1589925925925925,0.9955,0.0,1.0,0.0,0.0,0.016752831963222876,0.0026804531141156602,0.4291666666666666,0.7121267605633804,0.0,1.0,0.0,0.0,0.032348441810090264,0.0016174220905045133,-0.08160555555555561,0.9955,0.0,1.0,0.0,0.0,0.0,0.0,0.3313111111111111,0.8515633802816902,0.0,1.0,0.0,0.0,0.029862286312551854,0.0017917371787531111
2026-04-05,Colt_Keith,690993,hitter,DET,STL,2026,824296,16,116,138,1,681517.0,Kyle_Leahy,1.0,1.0,1.0,0.0,0.0,3.0,3.0,0.0,1.0,1.0,0.075,0.2966666666666667,0.2966666666666667,0.0,0.0,35.6,5.3999999999999995,7.95,4.885714285714285,1.0666666666666667,15.0,44.0,0,4.0,0.8660254037844387,-0.4999999999999998,-0.7818314824680299,0.6234898018587334,1.5,1.5,0.5,0.5,0.5,1.5,1.5,0.5,0.5,0.5,synthetic,synthetic,synthetic,synthetic,synthetic,0.0,0.0,0.0,0.0,0.0,-110.0,-110.0,-110.0,-110.0,-110.0,-110.0,-110.0,-110.0,-110.0,-110.0,0.0,0.0,0.0,0.0,0.0,2026-08-07T03:26:40.888653+00:00,-0.4608722279596693,0.12610549804935833,0.09332467298670355,-0.4786666666666667,-0.09896797883661956,1.2,2.0,0.6,0.0,0.4,1.0,2.0,0.0,0.0,0.0,batter_pitcher_profile_network_v2,0.5333333333333333,0.25,0.8040182260908297,0.0,0.329543608492635,0.34440625000000014,0.2636771968854281,0.0,2.0,0.0,0.0,0.009492006117592109,0.0009492006117592109,0.22410474537037048,0.12153491842788272,0.0,2.0,0.0,0.0,0.0028468628084888704,0.00045549804935821926,0.4860127314814815,0.24499779693486584,0.0,2.0,0.0,0.0,0.012445840686453173,0.0006222920343226587,-0.006220920138888836,0.000234631071560883,0.0,2.0,0.0,0.0,0.0,0.0,0.36228819444444454,0.24044559386973174,0.0,2.0,0.0,0.0,0.009105114627769436,0.0005463068776661662
2026-04-06,Colt_Keith,690993,hitter,DET,MIN,2026,823728,17,116,142,0,657746.0,Joe_Ryan,1.0,2.0,1.0,0.0,1.0,4.0,4.0,0.0,1.0,3.0,0.10526315789473684,0.3175,0.3175,0.25,21.25,49.35,4.3500000000000005,7.3875,5.55,1.08,0.0,37.0,0,1.0,0.8660254037844387,-0.4999999999999998,0.0,1.0,1.5,2.5,0.5,0.5,0.5,1.5,2.5,0.5,0.5,0.5,synthetic,synthetic,synthetic,synthetic,synthetic,0.0,0.0,0.0,0.0,0.0,-110.0,-110.0,-110.0,-110.0,-110.0,-110.0,-110.0,-110.0,-110.0,-110.0,0.0,0.0,0.0,0.0,0.0,2026-08-07T03:26:40.888653+00:00,-0.2532308550251172,-0.5423823919238415,0.29461253941896737,-0.3588519854072757,-0.025256291953820453,1.4,2.2,0.6,0.0,0.4,1.0,1.0,1.0,0.0,0.0,batter_pitcher_profile_network_v2,0.5666666666666667,0.25,0.8020291384706686,0.0,0.3462711909676691,0.2961132180942555,-0.09814573863636371,0.0,3.0,0.0,0.0,-0.0032603046371360313,-0.00032603046371360315,0.17282112143102873,-0.27554886363636366,0.0,3.0,0.0,0.0,-0.005342252155589145,-0.0008547603448942633,0.4667614809081529,-0.34147803030303026,0.0,3.0,0.0,0.0,-0.017880790568022116,-0.0008940395284011059,-0.05852655228758164,-0.46901477272727266,0.0,3.0,0.0,0.0,-0.0030794162910272576,-7.698540727568145e-05,0.33057271241830094,-0.3576333333333333,0.0,3.0,0.0,0.0,-0.013262760633850639,-0.0007957656380310383
2026-04-07,Colt_Keith,690993,hitter,DET,MIN,2026,823727,18,116,142,0,671737.0,Taj_Bradley,0.0,0.0,0.0,0.0,0.0,3.0,3.0,0.0,1.0,1.0,0.07317073170731707,0.0,0.0,0.0,0.0,10.0,2.4923076923076923,11.33076923076923,3.9428571428571426,1.08,0.0,44.0,0,1.0,0.8660254037844387,-0.4999999999999998,0.7818314824680298,0.6234898018587336,1.5,1.5,0.5,0.5,0.5,1.5,1.5,0.5,0.5,0.5,synthetic,synthetic,synthetic,synthetic,synthetic,0.0,0.0,0.0,0.0,0.0,-110.0,-110.0,-110.0,-110.0,-110.0,-110.0,-110.0,-110.0,-110.0,-110.0,0.0,0.0,0.0,0.0,0.0,2026-08-07T03:26:40.888653+00:00,-0.6674219516693581,-0.006257080298094797,0.1465568539076071,-0.4744193521338041,0.05648849593847116,1.2,2.0,0.8,0.0,0.6,1.0,2.0,1.0,0.0,1.0,batter_pitcher_profile_network_v2,0.6,0.2,0.7956698263537598,0.0,0.35050608925433285,0.28190318887876925,-0.7403624084249085,0.0,4.0,0.0,0.0,-0.02558751454938309,-0.002558751454938309,0.1769874139850231,-0.8092559523809524,0.0,4.0,0.0,0.0,-0.017559495765531136,-0.0028095193224849818,0.44821465163934404,-0.5572767094017094,0.0,4.0,0.0,0.0,-0.030622503729389256,-0.0015311251864694629,0.007199845679012384,-0.8769642857142856,0.0,4.0,0.0,0.0,-0.0007740853521651208,-1.9352133804128022e-05,0.3398213734567902,-0.6813418803418804,0.0,4.0,0.0,0.0,-0.028385694869848432,-0.001703141692190906
2026-04-08,Colt_Keith,690993,hitter,DET,MIN,2026,823726,19,116,142,0,641927.0,Bailey_Ober,1.0,2.0,1.0,0.0,0.0,3.0,3.0,0.0,1.0,1.0,0.06818181818181818,0.42333333333333334,0.42333333333333334,0.3333333333333333,28.333333333333332,65.0,7.269230769230769,5.826923076923077,3.9964285714285714,1.08,15.0,51.0,0,1.0,0.8660254037844387,-0.4999999999999998,0.9749279121818236,-0.22252093395631434,0.5,1.5,0.5,0.5,0.5,0.5,1.5,0.5,0.5,0.5,synthetic,synthetic,synthetic,synthetic,synthetic,0.0,0.0,0.0,0.0,0.0,-110.0,-110.0,-110.0,-110.0,-110.0,-110.0,-110.0,-110.0,-110.0,-110.0,0.0,0.0,0.0,0.0,0.0,2026-08-07T03:26:40.888653+00:00,0.2270989922712423,-0.19536638656878602,0.11030472600877184,-0.3202333333333333,-0.2494128695177793,0.8,1.2,0.6,0.0,0.2,0.0,0.0,0.0,0.0,0.0,batter_pitcher_profile_network_v2,0.6333333333333333,0.3,0.7460428398901121,0.0,0.39424959230070505,0.1586648391812865,0.5070866845920037,0.0,5.0,0.5131259479326248,-0.013385387926346633,0.012940638663137629,0.001294063866313763,0.0637770467836257,0.3964266717325227,0.0,5.0,0.4834209956081032,-0.0067565457464669985,-0.006068325145822463,-0.0009709320233315941,0.332626096491228,0.2713793644298963,0.0,5.0,0.5369153865055254,0.005298823510096664,0.019817463898382452,0.0009908731949191227,-0.055277046783625675,0.28758358662613975,0.0,5.0,0.453404321021635,0.0,0.0,0.0,0.22184466374269007,0.274566421167485,0.0,5.0,0.5012012668708964,-8.735567749970634e-05,0.009731395482899148,0.0005838837289739489
2026-04-09,Colt_Keith,690993,hitter,DET,MIN,2026,823724,20,116,142,0,690953.0,Mick_Abel,1.0,1.0,0.0,0.0,0.0,4.0,3.0,1.0,0.0,1.0,0.1111111111111111,0.395,0.395,0.0,0.0,47.400000000000006,8.25,8.85,4.253571428571429,1.08,6.0,45.0,0,1.0,0.8660254037844387,-0.4999999999999998,0.43388373911755823,-0.900968867902419,0.5,1.5,0.5,0.5,0.5,0.5,1.5,0.5,0.5,0.5,synthetic,synthetic,synthetic,synthetic,synthetic,0.0,0.0,0.0,0.0,0.0,-110.0,-110.0,-110.0,-110.0,-110.0,-110.0,-110.0,-110.0,-110.0,-110.0,0.0,0.0,0.0,0.0,0.0,2026-08-07T03:26:40.888653+00:00,0.2599826621361834,-0.15758862422411002,0.30128202289980777,-0.4744514816281328,-0.195304147470164,0.8,1.4,0.6,0.0,0.2,1.0,2.0,1.0,0.0,0.0,batter_pitcher_profile_network_v2,0.6666666666666666,0.2,0.7826870605192794,0.0,0.38415750035061097,0.17074947657545586,-0.024333622068230268,0.0,6.0,0.6374517471695834,-0.013835111612321108,-0.0006019500667375922,-6.0195006673759224e-05,0.09879455845771135,-0.179297974413646,0.0,6.0,0.6039885581502051,-0.0037973082940413114,-0.008262234734022027,-0.0013219575574435244,0.365051850124378,-0.043235163468372376,0.0,6.0,0.6938638816477198,0.014355607244524992,0.01206902942472719,0.0006034514712363595,0.043528472222222316,-0.3265461087420042,0.0,6.0,0.5781167912322516,0.0,-0.002059265125311358,-5.148162813278395e-05,0.290992013888889,-0.09000444207533753,0.0,6.0,0.6475478732355873,0.0017394768505000445,-0.002489759423369183,-0.00014938556540215097
2026-04-10,Colt_Keith,690993,hitter,DET,MIA,2026,824297,21,116,146,1,663978.0,Chris_Paddack,2.0,2.0,0.0,0.0,0.0,4.0,4.0,0.0,0.0,3.0,0.12121212121212122,0.445,0.445,0.0,0.0,53.4,6.75,9.321428571428571,5.528571428571429,1.0666666666666667,-7.0,52.0,0,1.0,0.8660254037844387,-0.4999999999999998,-0.433883739117558,-0.9009688679024191,0.5,1.5,0.5,0.5,0.5,0.5,1.5,0.5,0.5,0.5,synthetic,synthetic,synthetic,synthetic,synthetic,0.0,0.0,0.0,0.0,0.0,-110.0,-110.0,-110.0,-110.0,-110.0,-110.0,-110.0,-110.0,-110.0,-110.0,0.0,0.0,0.0,0.0,0.0,2026-08-07T03:26:40.888653+00:00,0.3279911104074894,-0.39486437641293426,0.2441906307240529,-0.47866860826861474,-0.104947855321959,0.8,1.2,0.6,0.0,0.2,1.0,1.0,0.0,0.0,0.0,batter_pitcher_profile_network_v2,0.7,0.25,0.7811890261653706,0.0,0.4135760860736855,0.23273337711453893,-0.16704513888888897,0.0,7.0,0.7100490947072909,-0.01393730906632941,-0.005954696790907196,-0.0005954696790907197,0.12954138721216174,-0.12634523809523812,0.0,7.0,0.7393930190984748,-0.005528795996085445,-0.010800079853566746,-0.0017280127765706794,0.41669118879946326,-0.2188273809523809,0.0,7.0,0.7631585007379978,0.00466208770839219,-0.009304268635826073,-0.0004652134317913037,0.005060185185185279,-0.10020436507936507,0.0,7.0,0.7396458812893667,0.0,-7.766407792211003e-05,-1.9416019480527507e-06,0.29008498677248673,-0.16310317460317458,0.0,7.0,0.7505426022417725,0.0002874498739342598,-0.00703135493308314,-0.0004218812959849884
2026-04-11,Colt_Keith,690993,hitter,DET,MIA,2026,824294,22,116,146,1,676083.0,Janson_Junk,1.0,2.0,1.0,0.0,1.0,4.0,4.0,0.0,2.0,3.0,0.11428571428571428,0.3175,0.3175,0.25,21.25,49.35,6.202797202797203,5.688811188811189,4.564285714285715,1.0666666666666667,-5.0,52.0,0,1.0,0.8660254037844387,-0.4999999999999998,-0.9749279121818236,-0.2225209339563146,0.5,1.5,0.5,0.5,0.5,0.5,1.5,0.5,0.5,0.5,synthetic,synthetic,synthetic,synthetic,synthetic,0.0,0.0,0.0,0.0,0.0,-110.0,-110.0,-110.0,-110.0,-110.0,-110.0,-110.0,-110.0,-110.0,-110.0,0.0,0.0,0.0,0.0,0.0,2026-08-07T03:26:40.888653+00:00,0.7386780941183229,0.10620871057671355,-0.010214550777934317,-0.3630447109233702,-0.19930234771252392,1.0,1.4,0.4,0.0,0.2,2.0,2.0,0.0,0.0,0.0,batter_pitcher_profile_network_v2,0.7333333333333333,0.15,0.9175,0.0,0.40230760416666667,0.30121117424242433,0.6661215312465313,0.0,8.0,0.8390758926858433,-0.010215083387050095,0.012138916541203233,0.0012138916541203234,0.1677253787878789,0.30572864635364627,0.0,8.0,0.9025315747277343,-0.0008861035353389129,0.0017731911044578644,0.0002837105767132583,0.4766145833333335,0.14421191308691317,0.0,8.0,0.975577866982861,-0.00023510664689260847,0.003923270155598524,0.00019616350777992622,-0.026880681818181748,-0.07487651237651236,0.0,8.0,0.8942491456988451,0.0,-0.00012177026814331468,-3.044256703582867e-06,0.3026884469696972,0.21779326229326237,0.0,8.0,0.9344819674726063,-0.009020794389019815,-0.0027772237801621646,-0.00016663342680972988
2026-04-12,Colt_Keith,690993,hitter,DET,MIA,2026,824293,23,116,146,1,645261.0,Sandy_Alcantara,1.0,1.0,1.0,0.0,0.0,5.0,5.0,0.0,1.0,3.0,0.1282051282051282,0.178,0.178,0.0,0.0,21.36,0.7199999999999999,6.6361904761904755,3.0642857142857145,1.0666666666666667,-13.0,62.0,0,1.0,0.8660254037844387,-0.4999999999999998,-0.7818314824680299,0.6234898018587334,0.5,1.5,0.5,0.5,0.5,0.5,1.5,0.5,0.5,0.5,synthetic,synthetic,synthetic,synthetic,synthetic,0.0,0.0,0.0,0.0,0.0,-110.0,-110.0,-110.0,-110.0,-110.0,-110.0,-110.0,-110.0,-110.0,-110.0,0.0,0.0,0.0,0.0,0.0,2026-08-07T03:26:40.888653+00:00,0.5540208900648904,-0.2463961085306472,-0.008665287417577716,-0.4787497060090481,-0.14275946444859472,1.0,1.4,0.4,0.0,0.2,1.0,2.0,1.0,0.0,1.0,batter_pitcher_profile_network_v2,0.7666666666666667,0.3,0.7585476183392039,0.0,0.4604567083593676,0.241903198189935,-0.7151821428571429,0.0,8.0,0.5646589736376406,-0.005503712787983674,-0.03202553158552817,-0.003202553158552817,0.13923055402678444,-0.7740428571428571,0.0,8.0,0.5847740011099423,-0.006475613493766114,-0.029663178316546294,-0.004746108530647407,0.43295519170794394,-0.8834897546897547,0.0,8.0,0.5223551649187214,-0.010552658100982036,-0.08136069340650036,-0.0040680346703250185,0.023181461352657057,-0.7740428571428571,0.0,8.0,0.6392612698102283,0.0,-0.0033215736952558602,-8.303934238139651e-05,0.31309541062801965,-0.9132877344877346,0.0,8.0,0.5024407813416407,0.0007326452275093787,-0.052383015535187434,-0.003142980932111246
2026-04-14,Colt_Keith,690993,hitter,DET,KC,2026,824292,24,116,118,1,666142.0,Cole_Ragans,0.0,0.0,0.0,0.0,0.0,1.0,1.0,0.0,0.0,2.0,0.03125,0.0,0.0,0.0,0.0,10.0,16.5,16.75,2.702922077922078,1.0666666666666667,10.0,77.0,0,2.0,0.8660254037844387,-0.4999999999999998,0.7818314824680298,0.6234898018587336,1.5,1.5,0.5,0.5,0.5,1.5,1.5,0.5,0.5,0.5,synthetic,synthetic,synthetic,synthetic,synthetic,0.0,0.0,0.0,0.0,0.0,-110.0,-110.0,-110.0,-110.0,-110.0,-110.0,-110.0,-110.0,-110.0,-110.0,0.0,0.0,0.0,0.0,0.0,2026-08-07T03:26:40.888653+00:00,-0.8979547587008309,-0.4429558665552038,-0.10188712950788964,-0.4786666666666667,-0.4835781857071336,1.2,1.6,0.6,0.0,0.2,1.0,1.0,1.0,0.0,0.0,batter_pitcher_profile_network_v2,0.8,0.35,0.7384732849102349,0.0,0.4908379579094737,0.20576496362433833,0.34630507780507774,0.0,9.0,1.0010291465139722,-0.008066887147779558,0.014908581822857642,0.0014908581822857642,0.09763690476190455,0.3780899877149876,0.0,9.0,0.9437074479399783,-0.0023609567254846415,0.004182084029975611,0.0006691334447960979,0.3941629464285712,0.675615444990445,0.0,9.0,0.8192568898345467,0.001119141907425641,0.056835331920128115,0.002841766596006406,-0.0216860532407408,0.33076453726453725,0.0,9.0,0.9134736305109531,0.0,0.0,0.0,0.25591377314814806,0.7134288834288833,0.0,9.0,0.7815855293664458,-0.01702713687893727,0.025428506612707288,0.0015257103967624371
2026-04-15,Colt_Keith,690993,hitter,DET,KC,2026,824291,25,116,118,1,607625.0,Seth_Lugo,0.0,0.0,0.0,0.0,0.0,4.0,4.0,0.0,2.0,3.0,0.13333333333333333,0.0,0.0,0.0,0.0,10.0,1.6736842105263159,7.515789473684211,3.345779220779221,1.0666666666666667,0.0,70.0,0,1.0,0.8660254037844387,-0.4999999999999998,0.9749279121818236,-0.22252093395631434,0.5,1.5,0.5,0.5,0.5,0.5,1.5,0.5,0.5,0.5,synthetic,synthetic,synthetic,synthetic,synthetic,0.0,0.0,0.0,0.0,0.0,-110.0,-110.0,-110.0,-110.0,-110.0,-110.0,-110.0,-110.0,-110.0,-110.0,0.0,0.0,0.0,0.0,0.0,2026-08-07T03:26:40.888653+00:00,0.42860831909868413,-0.7238707828189218,-0.22331050503556144,-0.478818692843054,-0.33412191291470367,1.0,1.2,0.4,0.0,0.2,0.0,0.0,0.0,0.0,0.0,batter_pitcher_profile_network_v2,0.8333333333333334,0.2,0.7729501091648225,0.0,0.4677293889921285,0.13850483660130697,-0.2925673020060957,0.0,10.0,1.1200207640461652,-0.014604795533359458,-0.007667093816074902,-0.0007667093816074903,0.0303413725490195,-0.3911225435563845,0.0,10.0,1.0911936230630657,-0.014006347698115597,-0.02325489261826074,-0.0037207828189217184,0.33238137254901956,-0.3251362852355607,0.0,10.0,1.1023746441987792,-0.0065417296374494,-0.026989321490450247,-0.0013494660745225124,-0.06801305555555559,-0.47254810535413727,0.0,10.0,1.0882067019931398,0.0,-0.00608104705549401,-0.00015202617638735024,0.17460777777777786,-0.41911334516065435,0.0,10.0,1.02117946640422,-0.008446517696525336,-0.020181232561079274,-0.0012108739536647564
2026-04-16,Colt_Keith,690993,hitter,DET,KC,2026,824289,26,116,118,1,663460.0,Kris_Bubic,1.0,1.0,0.0,0.0,1.0,2.0,2.0,0.0,0.0,6.0,0.047619047619047616,0.445,0.445,0.0,0.0,53.4,2.9,11.514285714285714,3.827922077922078,1.0666666666666667,8.0,67.0,0,1.0,0.8660254037844387,-0.4999999999999998,0.43388373911755823,-0.900968867902419,0.5,0.5,0.5,0.5,0.5,0.5,0.5,0.5,0.5,0.5,synthetic,synthetic,synthetic,synthetic,synthetic,0.0,0.0,0.0,0.0,0.0,-110.0,-110.0,-110.0,-110.0,-110.0,-110.0,-110.0,-110.0,-110.0,-110.0,0.0,0.0,0.0,0.0,0.0,2026-08-07T03:26:40.888653+00:00,-0.02764201906739383,0.25649222311467923,-0.09283428791504433,-0.4790320065899128,-0.27721904323764657,0.8,1.0,0.4,0.0,0.2,0.0,0.0,0.0,0.0,0.0,batter_pitcher_profile_network_v2,0.8666666666666667,0.35,0.7570620560314331,0.0,0.5233742976809856,0.022109028377989323,-0.8119270708283315,0.0,11.0,0.8531154252315972,-0.01483633816256772,-0.0037794980332457734,-0.00037794980332457736,-0.06798393834629768,-0.725062575030012,0.0,11.0,0.9863255646015153,-0.018113488695943664,-0.037548605533255314,-0.006007776885320851,0.22760740780754854,-0.5006645158063225,0.0,11.0,1.1231415355918704,-0.010615051913543633,-0.034607836222964275,-0.0017303918111482139,-0.11077644230769236,-0.6265594237695077,0.0,11.0,1.1202315276790895,0.0,-0.01461359692984431,-0.00036533992324610777,0.09263301282051295,-0.6218777511004401,0.0,11.0,1.0233368037566932,-0.008609298484676913,-0.018585785562508096,-0.0011151471337504857
2026-04-18,Colt_Keith,690993,hitter,DET,BOS,2026,824775,27,116,111,0,678394.0,Brayan_Bello,1.0,1.0,0.0,0.0,0.0,3.0,3.0,0.0,0.0,3.0,0.07692307692307693,0.2966666666666667,0.2966666666666667,0.0,0.0,35.6,6.814285714285714,6.685714285714286,4.122619861341666,1.08,0.0,50.0,0,2.0,0.8660254037844387,-0.4999999999999998,-0.9749279121818236,-0.2225209339563146,0.5,0.5,0.5,0.5,0.5,0.5,0.5,0.5,0.5,0.5,synthetic,synthetic,synthetic,synthetic,synthetic,0.0,0.0,0.0,0.0,0.0,-110.0,-110.0,-110.0,-110.0,-110.0,-110.0,-110.0,-110.0,-110.0,-110.0,0.0,0.0,0.0,0.0,0.0,2026-08-07T03:26:40.888653+00:00,0.20012687906206894,0.24508320160083263,-0.09245653812195376,-0.4745407511891975,0.024461080959346293,0.6,0.8,0.4,0.0,0.4,1.0,1.0,0.0,0.0,1.0,batter_pitcher_profile_network_v2,0.9,0.25,0.8221326902312676,0.0,0.5123221863616675,0.06598323949712835,0.029231168831168858,0.0,12.0,1.4647811695076256,-0.02298033683651126,0.00030875817193474434,3.0875817193474434e-05,-0.042704246370912996,-0.11171720779220774,0.0,12.0,1.4697856112418857,-0.020602518468729618,-0.03166748999479601,-0.0050667983991673615,0.25192384004884016,-0.07980054112554107,0.0,12.0,1.4965863816077156,-0.02532729024574808,-0.028545495575614248,-0.0014272747787807125,-0.1325120884773662,-0.26541038961038954,0.0,12.0,1.48331119877614,0.0,-0.0056300475678996405,-0.00014075118919749103,0.09919701646090555,-0.09936493506493502,0.0,12.0,1.4276567864837866,-0.0008173010186496684,-0.00219084282125957,-0.0001314505692755742
2026-04-20,Colt_Keith,690993,hitter,DET,BOS,2026,824776,28,116,111,0,543243.0,Sonny_Gray,0.0,0.0,0.0,0.0,0.0,4.0,4.0,0.0,0.0,3.0,0.0975609756097561,0.0,0.0,0.0,0.0,10.0,4.75,3.1973684210526314,3.3141783029001073,1.08,9.0,47.0,0,2.0,0.8660254037844387,-0.4999999999999998,0.0,1.0,0.5,0.5,0.5,0.5,0.5,0.5,0.5,0.5,0.5,0.5,synthetic,synthetic,synthetic,synthetic,synthetic,0.0,0.0,0.0,0.0,0.0,-110.0,-110.0,-110.0,-110.0,-110.0,-110.0,-110.0,-110.0,-110.0,-110.0,0.0,0.0,0.0,0.0,0.0,2026-08-07T03:26:40.888653+00:00,0.3588814702643337,0.010443422150362647,-0.39774082047585435,-0.4744,-0.3769470763743846,0.6,0.6,0.2,0.0,0.2,1.0,1.0,0.0,0.0,0.0,batter_pitcher_profile_network_v2,0.9333333333333333,0.35,0.7650366613179942,0.0,0.5563657198126577,0.08649915569064512,0.19406473651707012,0.0,13.0,1.5778559173671924,-0.023752480336716023,0.0036812505461944105,0.0003681250546194411,-0.03771650202634236,0.20517860537377475,0.0,13.0,1.535974822445349,-0.01976318006454561,-0.029644770096818415,-0.004743163215490946,0.2629888551165148,0.12891696230011654,0.0,13.0,1.6170699336428034,-0.029966354559119765,-0.022531297783047858,-0.001126564889152393,-0.15975868055555553,0.23418388706391563,0.0,13.0,1.4774252976474003,0.0,0.0,0.0,0.08201587301587321,0.1716605069010555,0.0,13.0,1.5265918158091567,-0.012732179471404335,-0.006461647274386614,-0.00038769883646319684
2026-04-21,Colt_Keith,690993,hitter,DET,MIL,2026,824290,29,116,158,1,690986.0,Kyle_Harrison,1.0,1.0,1.0,0.0,0.0,1.0,1.0,0.0,0.0,9.0,0.024390243902439025,0.89,0.89,0.0,0.0,65.0,3.1096153846153847,8.867307692307692,6.275510204081633,1.0666666666666667,0.0,71.0,0,1.0,0.8660254037844387,-0.4999999999999998,0.7818314824680298,0.6234898018587336,0.5,0.5,0.5,0.5,0.5,0.5,0.5,0.5,0.5,0.5,synthetic,synthetic,synthetic,synthetic,synthetic,0.0,0.0,0.0,0.0,0.0,-110.0,-110.0,-110.0,-110.0,-110.0,-110.0,-110.0,-110.0,-110.0,-110.0,0.0,0.0,0.0,0.0,0.0,2026-08-07T03:26:40.888653+00:00,-0.08456279624736501,0.05833870465784996,-0.04059314038635459,-0.4786666666666667,-0.04846952062945148,0.4,0.4,0.0,0.0,0.2,0.0,0.0,0.0,0.0,0.0,batter_pitcher_profile_network_v2,0.9666666666666667,0.3,0.7822847702178406,0.0,0.5595843680278277,0.059920449214168225,-0.05668051588982015,0.0,14.0,1.816114675210731,-0.031988988650550935,-0.0007147833183105857,-7.147833183105857e-05,-0.07286816795683804,0.2154862127374609,0.0,14.0,1.7468303497473945,-0.02935600701505624,-0.04403401052258436,-0.007045441683613499,0.22167062514661026,0.25288569374550685,0.0,14.0,1.7795822292146253,-0.03880487477883922,-0.027007158150187855,-0.0013503579075093929,-0.19493462643678164,0.46767663329820863,0.0,14.0,1.4986025251242072,0.0,0.0,0.0,0.011455459770114931,0.3267466750539181,0.0,14.0,1.665435467955733,-0.021671616767585663,-0.01546596104669135,-0.000927957662801481
2026-04-22,Colt_Keith,690993,hitter,DET,MIL,2026,824286,30,116,158,1,669084.0,DL_Hall,2.0,2.0,0.0,0.0,1.0,3.0,3.0,0.0,0.0,3.0,0.08571428571428572,0.5933333333333334,0.5933333333333334,0.0,0.0,65.0,22.5,13.5,4.346938775510204,1.0666666666666667,-7.0,73.0,0,1.0,0.8660254037844387,-0.4999999999999998,0.9749279121818236,-0.22252093395631434,0.5,0.5,0.5,0.5,0.5,0.5,0.5,0.5,0.5,0.5,synthetic,synthetic,synthetic,synthetic,synthetic,0.0,0.0,0.0,0.0,0.0,-110.0,-110.0,-110.0,-110.0,-110.0,-110.0,-110.0,-110.0,-110.0,-110.0,0.0,0.0,0.0,0.0,0.0,2026-08-07T03:26:40.888653+00:00,-0.019517752500209817,0.25633070171239025,0.10367383523110618,-0.47930459304030637,-0.16113222617353867,0.6,0.6,0.2,0.0,0.2,1.0,1.0,1.0,0.0,0.0,batter_pitcher_profile_network_v2,1.0,0.1,0.7983017449694043,0.0,0.5252208036241248,0.16034444444444454,-0.5345,0.0,15.0,1.6814875843808208,-0.022840869222212096,-0.01728636853951355,-0.001728636853951355,0.004230555555555664,-0.61,0.0,15.0,1.6271019198032324,-0.026816735957872217,-0.04074561429756132,-0.006519298287609812,0.30002777777777795,-0.3536666666666666,0.0,15.0,1.869105379873725,-0.03372657119740434,-0.05512873755474858,-0.002756436877737429,-0.20739513888888889,-0.61,0.0,15.0,1.6608293507997085,0.0,-0.025517054945587325,-0.0006379263736396831,0.07576111111111128,-0.5536666666666666,0.0,15.0,1.633624121933878,0.005077022543354274,-0.00465274915081498,-0.00027916494904889875
2026-04-23,Colt_Keith,690993,hitter,DET,MIL,2026,824288,31,116,158,1,687075.0,Brandon_Sproat,0.0,0.0,1.0,0.0,0.0,3.0,2.0,1.0,0.0,3.0,0.08823529411764706,0.22999999999999998,0.22999999999999998,0.0,0.0,27.599999999999998,4.540909090909091,8.427272727272728,3.7653061224489797,1.0666666666666667,-7.0,73.0,0,1.0,0.8660254037844387,-0.4999999999999998,0.43388373911755823,-0.900968867902419,0.5,0.5,0.5,0.5,0.5,0.5,0.5,0.5,0.5,0.5,synthetic,synthetic,synthetic,synthetic,synthetic,0.0,0.0,0.0,0.0,0.0,-110.0,-110.0,-110.0,-110.0,-110.0,-110.0,-110.0,-110.0,-110.0,-110.0,0.0,0.0,0.0,0.0,0.0,2026-08-07T03:26:40.888653+00:00,0.6287714090962924,0.4836193354032349,-0.25862319566081143,-0.4786666666666667,-0.0014622816407602324,1.0,1.0,0.2,0.0,0.4,2.0,2.0,0.0,0.0,1.0,batter_pitcher_profile_network_v2,1.0,0.2,0.7898246072080247,0.0,0.5506492971234034,0.14187222222222226,0.16217857142857142,0.0,15.0,1.9789248787986746,-0.03365688231711835,0.004835848756947204,0.0004835848756947204,-0.03475092592592589,0.27983928571428573,0.0,15.0,1.8917623437538975,-0.027015024055149158,-0.040522536082723735,-0.006483605773235798,0.26794444444444454,0.6302083333333335,0.0,15.0,1.6195248378237013,-0.02178983697034217,0.013700552570085896,0.0006850276285042949,-0.29038125000000004,0.4418928571428572,0.0,15.0,1.705854344211593,0.0,0.0,0.0,0.024511111111111185,0.5920833333333334,0.0,15.0,1.6264731306719953,-0.03722900859487268,-0.024871560759371084,-0.001492293645562265
2026-04-24,Colt_Keith,690993,hitter,DET,CIN,2026,824529,32,116,113,0,671096.0,Andrew_Abbott,2.0,2.0,1.0,0.0,0.0,2.0,2.0,0.0,0.0,8.0,0.047619047619047616,0.89,0.89,0.0,0.0,65.0,10.053571428571429,4.053571428571428,2.214935064935065,1.08,0.0,74.0,0,1.0,0.8660254037844387,-0.4999999999999998,-0.433883739117558,-0.9009688679024191,0.5,0.5,0.5,0.5,0.5,0.5,0.5,0.5,0.5,0.5,synthetic,synthetic,synthetic,synthetic,synthetic,0.0,0.0,0.0,0.0,0.0,-110.0,-110.0,-110.0,-110.0,-110.0,-110.0,-110.0,-110.0,-110.0,-110.0,0.0,0.0,0.0,0.0,0.0,2026-08-07T03:26:40.888653+00:00,0.3246787820167012,0.3386939154064338,0.19559322368736964,-0.4744,-0.22499826855507488,0.8,0.8,0.4,0.0,0.2,0.0,0.0,1.0,0.0,0.0,batter_pitcher_profile_network_v2,1.0,0.5,0.692270177698185,0.0,0.6325984516159862,0.2049446127946131,0.6913142361203858,0.0,16.0,1.6183029352585718,-0.034336085597340166,0.043599508478699166,0.004359950847869917,0.005198569023569275,0.5595952543445858,0.0,16.0,1.7539222669502745,-0.027497162573499837,-0.040350528709789,-0.00645608459356624,0.297616161616162,0.6921176821544468,0.0,16.0,1.66415792570885,-0.011458444172732559,0.05192940881232819,0.0025964704406164097,-0.293344212962963,0.3922074338317654,0.0,16.0,1.871427649511523,0.0,0.0,0.0,0.006825925925926207,0.7201251607869255,0.0,16.0,1.6060016212720303,-0.04079513213666994,-0.02908369669713535,-0.0017450218018281209
2026-04-25,Colt_Keith,690993,hitter,DET,CIN,2026,824527,33,116,113,0,663903.0,Brady_Singer,1.0,1.0,0.0,0.0,0.0,4.0,4.0,0.0,1.0,3.0,0.10810810810810811,0.2225,0.2225,0.0,0.0,26.7,7.625,4.875,2.9863636363636368,1.08,7.0,72.0,0,1.0,0.8660254037844387,-0.4999999999999998,-0.9749279121818236,-0.2225209339563146,0.5,0.5,0.5,0.5,0.5,0.5,0.5,0.5,0.5,0.5,synthetic,synthetic,synthetic,synthetic,synthetic,0.0,0.0,0.0,0.0,0.0,-110.0,-110.0,-110.0,-110.0,-110.0,-110.0,-110.0,-110.0,-110.0,-110.0,0.0,0.0,0.0,0.0,0.0,2026-08-07T03:26:40.888653+00:00,0.81170337555502,0.511857416586478,0.12074278087606871,-0.4744,-0.31564864089096867,1.0,1.0,0.6,0.0,0.2,2.0,2.0,1.0,0.0,0.0,batter_pitcher_profile_network_v2,1.0,0.5,0.656873872959218,0.0,0.6347664752812479,0.2787434429327289,0.6287100686447182,0.0,17.0,2.0254321158629787,-0.009718072153155795,0.060132445148889345,0.0060132445148889345,0.06263852985638718,0.3619765919252133,0.0,17.0,2.2678530937416337,-0.01756844447466878,-0.018572734172351377,-0.0029716374675762204,0.3527644557823132,0.40313580476900146,0.0,17.0,2.274832972642789,-0.007128990035203602,0.04166765683341331,0.0020833828416706654,-0.293344212962963,0.09570268482138825,0.0,17.0,2.344064899416969,0.0,0.0,0.0,0.0375898148148151,0.4205435916542474,0.0,17.0,2.202022080962082,-0.04838687376447055,-0.03086596407142899,-0.0018519578442857394
2026-04-26,Colt_Keith,690993,hitter,DET,CIN,2026,824528,34,116,113,0,695076.0,Rhett_Lowder,0.0,0.0,0.0,0.0,0.0,3.0,3.0,0.0,2.0,3.0,0.06818181818181818,0.0,0.0,0.0,0.0,10.0,4.1000000000000005,4.425,2.9863636363636368,1.08,-6.0,64.0,0,1.0,0.8660254037844387,-0.4999999999999998,-0.7818314824680299,0.6234898018587334,1.5,1.5,0.5,0.5,0.5,1.5,1.5,0.5,0.5,0.5,synthetic,synthetic,synthetic,synthetic,synthetic,0.0,0.0,0.0,0.0,0.0,-110.0,-110.0,-110.0,-110.0,-110.0,-110.0,-110.0,-110.0,-110.0,-110.0,0.0,0.0,0.0,0.0,0.0,2026-08-07T03:26:40.888653+00:00,-0.27154079591522473,-0.6524479830874377,-0.19747704624499146,-0.4753945225831596,-0.4290450015158097,1.2,1.2,0.6,0.0,0.2,1.0,1.0,0.0,0.0,0.0,batter_pitcher_profile_network_v2,1.0,0.35,0.6999137847660657,0.0,0.592491196478155,0.29441736111111155,0.033282467532467476,0.0,18.0,2.5910196046113554,-0.02271427135086639,0.0029405256962347476,0.0002940525696234748,0.07978379629629664,-0.21947564935064937,0.0,18.0,2.4809631958162623,-0.027965742371292707,-0.04720330338739437,-0.007552528541983099,0.37084375000000047,-0.2103858225108224,0.0,18.0,2.430474643781627,-0.04567357269965606,-0.06908637944528306,-0.0034543189722641534,-0.28715902777777785,-0.461642857142857,0.0,18.0,2.2806098766460012,0.0,-0.039780903326384766,-0.0009945225831596192,0.07122291666666702,-0.26333766233766226,0.0,18.0,2.289789558505664,-0.026828940432677733,-0.02575002526349605,-0.001545001515809763
2026-04-28,Colt_Keith,690993,hitter,DET,ATL,2026,824931,35,116,144,0,527048.0,Martín_Pérez,1.0,1.0,1.0,0.0,0.0,2.0,2.0,0.0,0.0,8.0,0.05263157894736842,0.445,0.445,0.0,0.0,53.4,2.6,7.2,3.4285714285714284,1.08,-6.0,65.0,0,2.0,0.8660254037844387,-0.4999999999999998,0.7818314824680298,0.6234898018587336,0.5,0.5,0.5,0.5,0.5,0.5,0.5,0.5,0.5,0.5,synthetic,synthetic,synthetic,synthetic,synthetic,0.0,0.0,0.0,0.0,0.0,-110.0,-110.0,-110.0,-110.0,-110.0,-110.0,-110.0,-110.0,-110.0,-110.0,0.0,0.0,0.0,0.0,0.0,2026-08-07T03:26:40.888653+00:00,0.31285324003571635,0.2644174505555813,-0.12854734493688202,-0.4749038484323387,-0.2915611221416809,1.0,1.0,0.4,0.0,0.2,0.0,0.0,0.0,0.0,0.0,batter_pitcher_profile_network_v2,1.0,0.2,0.7465931886279892,0.0,0.5517084668786143,0.2543571759259262,-0.009004329004329022,0.0,19.0,2.7944518557439175,-0.03746932705499587,-0.000580381597723098,-5.8038159772309805e-05,0.04614490740740759,-0.16054599567099562,0.0,19.0,2.7658907943950397,-0.04023275090906666,-0.06222646034340647,-0.009956233654945036,0.3193854166666669,-0.322195707070707,0.0,19.0,2.5145987788595225,-0.049757387648911605,-0.07583411678275362,-0.003791705839137681,-0.29367754629629633,-0.2708138528138528,0.0,19.0,2.731114023214464,0.0,-0.020153937293549078,-0.000503848432338727,0.02616273148148164,-0.3780786435786435,0.0,19.0,2.3702063869079275,-0.027422998646645765,-0.023073840205960112,-0.0013844304123576067
2026-04-29,Colt_Keith,690993,hitter,DET,ATL,2026,824930,36,116,144,0,702275.0,JR_Ritchie,1.0,1.0,0.0,0.0,0.0,4.0,4.0,0.0,1.0,3.0,0.1111111111111111,0.2225,0.2225,0.0,0.0,26.7,2.357142857142857,9.0,4.071428571428571,1.08,9.0,77.0,0,1.0,0.8660254037844387,-0.4999999999999998,0.9749279121818236,-0.22252093395631434,0.5,1.5,0.5,0.5,0.5,0.5,0.5,0.5,0.5,0.5,synthetic,real,real,synthetic,synthetic,0.0,8.0,7.0,0.0,0.0,-110.0,0.0,0.0,-110.0,-110.0,-110.0,0.0,0.0,-110.0,-110.0,0.0,1.0606601717798212,0.7559289460184545,0.0,0.0,2026-04-30T03:22:26.750124+00:00,0.392755044983626,-0.7555323270415203,0.1756590508958652,-0.4744,-0.3943999976772966,0.8,0.8,0.6,0.0,0.0,1.0,1.0,1.0,0.0,0.0,batter_pitcher_profile_network_v2,1.0,0.1,0.8146128389002205,0.0,0.5250209927234722,0.319653165154951,-0.30972727272727274,0.0,20.0,2.592646665318853,-0.035851981615197794,-0.018354312068502958,-0.0018354312068502958,0.0966801965230538,0.006220175173663578,0.0,20.0,2.9922804230265347,-0.04024374213620273,-0.0602541273428349,-0.009640660374853584,0.3472436224489798,0.1853532668881507,0.0,20.0,2.975719958316039,-0.03267957912839602,-0.020747553511265893,-0.0010373776755632947,-0.28378865740740744,0.421336454243431,0.0,20.0,2.673703795466414,0.0,0.0,0.0,0.050999537037037246,0.0691517165005538,0.0,20.0,2.874959715763486,-0.053940472687361546,-0.03980154858986452,-0.002388092915391871
2026-04-30,Colt_Keith,690993,hitter,DET,ATL,2026,824929,37,116,144,0,693821.0,Bryce_Elder,2.0,2.0,0.0,0.0,0.0,4.0,4.0,0.0,0.0,3.0,0.08888888888888889,0.445,0.445,0.0,0.0,53.4,2.6357142857142857,7.263025210084034,2.7857142857142856,1.08,0.0,62.0,0,1.0,0.8660254037844387,-0.4999999999999998,0.43388373911755823,-0.900968867902419,0.5,0.5,0.5,0.5,0.5,0.5,0.5,0.5,0.5,0.5,synthetic,synthetic,synthetic,synthetic,synthetic,0.0,0.0,0.0,0.0,0.0,-110.0,-110.0,-110.0,-110.0,-110.0,-110.0,-110.0,-110.0,-110.0,-110.0,0.0,0.0,0.0,0.0,0.0,2026-08-07T03:26:40.888653+00:00,0.4609821214470158,0.4430434942663889,-0.06446397649694557,-0.4754466026241201,-0.4167403673932761,1.0,1.0,0.4,0.0,0.0,1.0,1.0,0.0,0.0,0.0,batter_pitcher_profile_network_v2,1.0,0.45,0.6934336970697611,0.0,0.6192744674490294,0.27500595538720574,-0.280147613248826,0.0,20.0,2.63542216615992,-0.03616431472770186,-0.023618561440207627,-0.002361856144020763,0.06458051346801377,-0.39450312159226075,0.0,20.0,2.6038593723064856,-0.04030624809907493,-0.06826982750173564,-0.010923172400277703,0.3129807449494953,-0.37780008998945697,0.0,20.0,2.5580008990694663,-0.028744142638818453,-0.06499381565319695,-0.003249690782659848,-0.2870849537037037,-0.4756713153095382,0.0,20.0,2.6090083311219434,0.0,-0.04186410496480368,-0.001046602624120092,0.03688726851851886,-0.43723835351476237,0.0,20.0,2.410266563179669,-0.016949938002610153,-0.017656916872061848,-0.0010594150123237108
2026-05-02,Colt_Keith,690993,hitter,DET,TEX,2026,824284,38,116,140,1,677958.0,Kumar_Rocker,2.0,2.0,1.0,0.0,0.0,4.0,3.0,1.0,1.0,3.0,0.10810810810810811,0.6174999999999999,0.6174999999999999,0.0,0.0,65.0,2.785714285714286,7.857142857142857,1.9553571428571428,1.0666666666666667,8.0,48.0,0,2.0,0.49999999999999994,-0.8660254037844387,-0.9749279121818236,-0.2225209339563146,0.5,1.5,0.5,0.5,0.5,0.5,0.5,0.5,0.5,0.5,synthetic,real,real,real,synthetic,0.0,8.0,7.0,8.0,0.0,-110.0,63.375,133.42857142857142,722.5,-110.0,-110.0,-58.4,-186.6,0.0,-110.0,0.0,0.46291004988627577,0.0,0.0,0.0,2026-05-02T16:59:46.553036+00:00,0.49537742404128826,-0.32309017258926565,-0.11503866278381786,-0.47965900236247805,-0.38442222332323966,1.0,1.0,0.2,0.0,0.0,2.0,2.0,0.0,0.0,0.0,batter_pitcher_profile_network_v2,1.0,0.3,0.6482093286864101,0.0,0.5811783071707745,0.26704236111111157,-0.16662276168349854,0.0,21.0,3.0705872585614875,-0.02310092418667963,-0.015653044014402682,-0.0015653044014402682,0.05670046296296331,-0.27597911628972865,0.0,21.0,3.0585646281066614,-0.03495186370478367,-0.05793266652074949,-0.009269226643319918,0.3027187500000003,-0.21233434811583665,0.0,21.0,3.0666649786422915,-0.04534246686879914,-0.06795472285782385,-0.0033977361428911925,-0.2907145833333332,-0.3881212918622477,0.0,21.0,3.0207687545359856,0.0,-0.039693427832456024,-0.0009923356958114007,0.02134791666666702,-0.268175633103114,0.0,21.0,2.92223071260136,-0.032319459870613285,-0.026253593353865703,-0.001575215601231942
2026-05-03,Colt_Keith,690993,hitter,DET,TEX,2026,824285,39,116,140,1,683004.0,Jack_Leiter,0.0,0.0,0.0,0.0,0.0,4.0,4.0,0.0,1.0,3.0,0.12121212121212122,0.0,0.0,0.0,0.0,10.0,5.388235294117647,6.588235294117648,1.0982142857142858,1.0666666666666667,12.0,60.0,0,1.0,0.49999999999999994,-0.8660254037844387,-0.7818314824680299,0.6234898018587334,1.5,1.5,0.5,0.5,0.5,1.5,1.5,0.5,0.5,0.5,synthetic,synthetic,synthetic,synthetic,synthetic,0.0,0.0,0.0,0.0,0.0,-110.0,-110.0,-110.0,-110.0,-110.0,-110.0,-110.0,-110.0,-110.0,-110.0,0.0,0.0,0.0,0.0,0.0,2026-08-07T03:26:40.888653+00:00,-0.2616039739063116,-0.460092620417631,-0.2097226802345999,-0.4786666666666667,-0.5,1.2,1.2,0.4,0.0,0.0,2.0,2.0,1.0,0.0,0.0,batter_pitcher_profile_network_v2,1.0,0.45,0.6734931700539568,0.0,0.6203736890007756,0.38489055738907246,0.08201953357100414,0.0,22.0,3.4170966798326043,-0.02689480934289487,0.010307345225145582,0.0010307345225145583,0.15411623579024583,0.28943798276886507,0.0,22.0,3.279041993801073,-0.037652416810165505,-0.04191410488292109,-0.006706256781267374,0.42345049504950505,0.22497150425826903,0.0,22.0,3.3493099521195226,-0.03331778787031943,-0.0022133449517368134,-0.00011066724758684068,-0.2703442129629629,0.4586057635175282,0.0,22.0,2.8631477196650774,0.0,0.0,0.0,0.13177037037037045,0.31142315309962376,0.0,22.0,3.1650916105020386,-0.056992229416940154,-0.029345525396949523,-0.0017607315238169713
2026-05-04,Colt_Keith,690993,hitter,DET,BOS,2026,824283,40,116,111,1,801139.0,Payton_Tolle,1.0,1.0,2.0,0.0,0.0,3.0,2.0,0.0,0.0,8.0,0.08823529411764706,0.5366666666666666,0.5366666666666666,0.0,0.0,64.39999999999999,2.4285714285714284,11.821428571428571,2.423547880690738,1.0666666666666667,0.0,72.0,0,1.0,0.49999999999999994,-0.8660254037844387,0.0,1.0,1.5,1.5,0.5,0.5,0.5,1.5,1.5,0.5,0.5,0.5,synthetic,synthetic,synthetic,synthetic,synthetic,0.0,0.0,0.0,0.0,0.0,-110.0,-110.0,-110.0,-110.0,-110.0,-110.0,-110.0,-110.0,-110.0,-110.0,0.0,0.0,0.0,0.0,0.0,2026-08-07T03:26:40.888653+00:00,-0.7454323023559881,-0.5350137053337518,-0.08223599278187377,-0.479131878973021,-0.409003520920466,1.2,1.2,0.4,0.0,0.0,0.0,0.0,0.0,0.0,0.0,batter_pitcher_profile_network_v2,1.0,0.1,0.8855330085889911,0.0,0.5241522206447848,0.19649395424836627,-0.7448571428571429,0.0,23.0,2.372298753695736,-0.01447082459033281,-0.01675338031797041,-0.0016753380317970409,-0.034290141612200245,-0.5976190476190475,0.0,23.0,2.8721073544547493,-0.02808888835497975,-0.04447904068889083,-0.007116646510222533,0.22150245098039223,-0.19660317460317456,0.0,23.0,3.5402215752868034,-0.04514566314942748,-0.05013048142625417,-0.0025065240713127088,-0.3969645833333332,-0.4095238095238095,0.0,23.0,3.349569520696142,0.0,-0.018608492254174564,-0.00046521230635436414,-0.07130833333333322,-0.32406349206349205,0.0,23.0,3.268889734432065,-0.03970914904300238,-0.03242701395593032,-0.0019456208373558191
2026-05-06,Colt_Keith,690993,hitter,DET,BOS,2026,824282,41,116,111,1,543243.0,Sonny_Gray,1.0,1.0,0.0,0.0,0.0,4.0,3.0,1.0,0.0,3.0,0.11428571428571428,0.395,0.395,0.0,0.0,47.400000000000006,4.875,3.9473684210526314,3.3189560439560437,1.0666666666666667,8.0,54.0,0,2.0,0.49999999999999994,-0.8660254037844387,0.9749279121818236,-0.22252093395631434,1.5,1.5,0.5,0.5,0.5,1.5,1.5,0.5,0.5,0.5,synthetic,synthetic,synthetic,synthetic,synthetic,0.0,0.0,0.0,0.0,0.0,-110.0,-110.0,-110.0,-110.0,-110.0,-110.0,-110.0,-110.0,-110.0,-110.0,0.0,0.0,0.0,0.0,0.0,2026-08-07T03:26:40.888653+00:00,-0.22813587810286284,-0.44110611357041773,0.37122089301526584,-0.4786666666666667,-0.3789157792464217,1.2,1.2,0.6,0.0,0.0,1.0,1.0,2.0,0.0,0.0,batter_pitcher_profile_network_v2,1.0,0.4,0.7444471981945106,1.0,0.6222720872884691,0.2529296296296296,0.18193361937966876,-0.1074074074074074,22.0,3.4827243763788522,-0.010387605574227484,-0.08192365475139807,-0.008192365475139808,0.009021296296296284,0.16553561239399994,-0.08888888888888888,22.0,3.466684417373096,-0.02317590128915312,-0.11191320981511027,-0.017906113570417645,0.24924999999999997,0.08531188367159731,-0.1111111111111111,22.0,3.48498763545626,-0.04305852187442217,-0.13453818365073006,-0.006726909182536503,-0.3889349537037037,0.16016388036785617,0.0,22.0,3.354839047582574,0.0,0.0,0.0,-0.04943148148148155,0.1215060557848871,-0.044444444444444446,22.0,3.3555072209553636,-0.05417004103624983,-0.07939302407039872,-0.0047635814442239235
2026-05-08,Colt_Keith,690993,hitter,DET,KC,2026,824116,42,116,118,0,663460.0,Kris_Bubic,0.0,0.0,0.0,0.0,0.0,2.0,2.0,0.0,0.0,3.0,0.05128205128205128,0.0,0.0,0.0,0.0,10.0,2.5285714285714285,8.100000000000001,2.3727272727272726,1.06,0.0,64.0,0,2.0,0.49999999999999994,-0.8660254037844387,-0.433883739117558,-0.9009688679024191,1.5,1.5,0.5,0.5,0.5,1.5,1.5,0.5,0.5,0.5,synthetic,synthetic,synthetic,synthetic,synthetic,0.0,0.0,0.0,0.0,0.0,-110.0,-110.0,-110.0,-110.0,-110.0,-110.0,-110.0,-110.0,-110.0,-110.0,0.0,0.0,0.0,0.0,0.0,2026-08-07T03:26:40.888653+00:00,-0.5196497965985017,-0.6830337071114686,-0.254061345987493,-0.482623664216393,-0.4976043623476377,1.2,1.2,0.6,0.0,0.0,1.0,1.0,0.0,0.0,0.0,batter_pitcher_profile_network_v2,1.0,0.55,0.6440483187089158,1.0,0.6678572445269868,0.2771494008714599,-0.5146217780208672,0.0,23.0,2.8936187640112134,-0.019842833502415873,-0.05076836225541265,-0.005076836225541265,0.02674188453159059,-0.5329465272837892,-0.017283950617283952,23.0,2.9696264249225197,-0.02916154871216258,-0.0630231694466794,-0.010083707111468705,0.2809289215686276,-0.3019371636930048,-0.1037037037037037,23.0,3.4047845489911737,-0.04582208754509439,-0.1612618847848259,-0.008063094239241295,-0.3867127314814814,-0.5299383497136957,0.0,23.0,3.091994866635664,0.0,-0.07294656865572108,-0.001823664216393027,-0.03241759259259241,-0.4278347493627867,0.1111111111111111,23.0,3.081711504036489,-0.06196252933860128,0.03992729420603788,0.002395637652362273
2026-05-09,Colt_Keith,690993,hitter,DET,KC,2026,824115,43,116,118,0,608379.0,Michael_Wacha,0.0,0.0,0.0,0.0,0.0,3.0,3.0,0.0,2.0,3.0,0.08571428571428572,0.0,0.0,0.0,0.0,10.0,6.632142857142857,7.098214285714286,1.6714285714285713,1.06,0.0,82.0,0,1.0,0.49999999999999994,-0.8660254037844387,-0.9749279121818236,-0.2225209339563146,0.5,0.5,0.5,0.5,0.5,0.5,0.5,0.5,0.5,0.5,synthetic,synthetic,synthetic,synthetic,synthetic,0.0,0.0,0.0,0.0,0.0,-110.0,-110.0,-110.0,-110.0,-110.0,-110.0,-110.0,-110.0,-110.0,-110.0,0.0,0.0,0.0,0.0,0.0,2026-08-07T03:26:40.888653+00:00,0.23006761479077087,-0.03206314748628991,-0.24045063315517834,-0.4808,-0.5,0.8,0.8,0.6,0.0,0.0,0.0,0.0,0.0,0.0,0.0,batter_pitcher_profile_network_v2,1.0,0.5,0.6797088783222026,0.0,0.6333678312027651,0.17566689814814843,-0.002158928571428527,0.0,25.0,4.231985971066524,-0.02985241296060283,-0.00012147113991085747,-1.2147113991085747e-05,-0.08555046296296276,0.07033322981366463,0.0,25.0,4.234530150478551,-0.03630478119287467,-0.054457171789312,-0.00871314748628992,0.1625312500000002,0.2140162525879918,0.0,25.0,4.196839186579398,-0.06658234630147446,-0.055441234532137895,-0.002772061726606895,-0.49006921296296296,0.19628431677018637,0.0,25.0,4.022028112604232,0.0,0.0,0.0,-0.1844719907407406,0.18186951345755703,0.0,25.0,4.0706065291934985,-0.071686298322888,-0.053764723742166,-0.00322588342452996
2026-05-10,Colt_Keith,690993,hitter,DET,KC,2026,824113,44,116,118,0,702070.0,Noah_Cameron,0.0,0.0,0.0,0.0,0.0,3.0,3.0,0.0,1.0,3.0,0.06976744186046512,0.0,0.0,0.0,0.0,10.0,7.421052631578948,7.904605263157895,2.314285714285714,1.06,0.0,69.0,0,1.0,0.49999999999999994,-0.8660254037844387,-0.7818314824680299,0.6234898018587334,0.5,0.5,0.5,0.5,0.5,0.5,0.5,0.5,0.5,0.5,synthetic,synthetic,synthetic,synthetic,synthetic,0.0,0.0,0.0,0.0,0.0,-110.0,-110.0,-110.0,-110.0,-110.0,-110.0,-110.0,-110.0,-110.0,-110.0,0.0,0.0,0.0,0.0,0.0,2026-08-07T03:26:40.888653+00:00,-0.13929578966967204,-0.29346000986118126,-0.35536644281705365,-0.4808,-0.5,0.4,0.4,0.4,0.0,0.0,0.0,0.0,0.0,0.0,0.0,batter_pitcher_profile_network_v2,1.0,0.45,0.6628621457773478,0.0,0.6209597242140237,0.06667237811791384,0.5953606480378926,0.0,26.0,3.749885144195622,-0.018191792971114888,0.013382387152436745,0.0013382387152436745,-0.20179989606953888,0.5505105969344553,0.0,26.0,3.775620831250765,-0.019566901553371718,-0.029350352330057575,-0.004696056372809212,0.05758737244897954,0.5707045182164184,0.0,26.0,3.8593801538308727,-0.04583426706070491,-0.03475410551050784,-0.001737705275525392,-0.6041895833333333,0.49139601360112195,0.0,26.0,3.7800839883283652,0.0,0.0,0.0,-0.31225902777777775,0.6323191015497517,0.0,26.0,3.604030635781574,-0.046672253848886354,-0.03500419038666477,-0.0021002514231998858
2026-05-12,Colt_Keith,690993,hitter,DET,NYM,2026,823632,45,116,121,0,642547.0,Freddy_Peralta,2.0,3.0,0.0,0.0,0.0,3.0,3.0,0.0,1.0,3.0,0.07692307692307693,0.7200000000000001,0.7200000000000001,0.3333333333333333,28.333333333333332,65.0,1.5588235294117645,7.8352941176470585,3.857142857142857,1.08,12.0,59.0,0,2.0,0.49999999999999994,-0.8660254037844387,0.7818314824680298,0.6234898018587336,0.5,0.5,0.5,0.5,0.5,0.5,0.5,0.5,0.5,0.5,synthetic,synthetic,synthetic,synthetic,synthetic,0.0,0.0,0.0,0.0,0.0,-110.0,-110.0,-110.0,-110.0,-110.0,-110.0,-110.0,-110.0,-110.0,-110.0,0.0,0.0,0.0,0.0,0.0,2026-08-07T03:26:40.888653+00:00,-0.10292137889622283,0.44137690035457444,0.12499737929914534,-0.32241634491226223,-0.2974087667170367,0.4,0.4,0.4,0.0,0.0,0.0,0.0,0.0,0.0,0.0,batter_pitcher_profile_network_v2,1.0,0.5,0.6141846239254997,0.0,0.6373811917845631,0.059203803932798865,-0.40246954122410405,0.0,27.0,4.136837256495334,-0.0266720699918951,-0.009193103765072803,-0.0009193103765072803,-0.21347493318060318,-0.4007024225766387,0.0,27.0,4.245311734655972,-0.024969503511137272,-0.07045687278390952,-0.011273099645425524,0.061644974226804275,-0.25176072424230356,0.0,27.0,4.505538017896158,-0.06466903856892162,-0.07065680962148932,-0.003532840481074466,-0.6103747685185185,-0.37080017139180454,0.0,27.0,4.369306002924042,0.0,-0.08732046315715629,-0.0021830115789289073,-0.33589212962962944,-0.3265563403560476,0.0,27.0,4.239954237325163,-0.02640657456696646,-0.06212413392863425,-0.0037274480357180548
2026-05-13,Colt_Keith,690993,hitter,DET,NYM,2026,823631,46,116,121,0,681035.0,Christian_Scott,1.0,1.0,0.0,0.0,0.0,4.0,4.0,0.0,1.0,3.0,0.09523809523809523,0.2225,0.2225,0.0,0.0,26.7,4.0928571428571425,10.907142857142858,3.857142857142857,1.08,16.0,60.0,0,1.0,0.49999999999999994,-0.8660254037844387,0.9749279121818236,-0.22252093395631434,0.5,0.5,0.5,0.5,0.5,0.5,0.5,0.5,0.5,0.5,synthetic,synthetic,synthetic,synthetic,synthetic,0.0,0.0,0.0,0.0,0.0,-110.0,-110.0,-110.0,-110.0,-110.0,-110.0,-110.0,-110.0,-110.0,-110.0,0.0,0.0,0.0,0.0,0.0,2026-08-07T03:26:40.888653+00:00,0.1914835998068023,0.5148426415830518,-0.38154817075166036,-0.4748945450601099,-0.42340819630832544,0.6,0.8,0.0,0.0,0.0,2.0,3.0,0.0,0.0,0.0,batter_pitcher_profile_network_v2,1.0,0.15,0.8791958077928625,0.0,0.5363447770318062,0.07738680555555535,-0.5472857142857143,0.0,28.0,4.0732300607648755,-0.00743813419564275,-0.005116382884357758,-0.0005116382884357758,-0.183902314814815,-0.43880952380952387,0.0,28.0,4.497502493167701,-0.0015523819134088245,-0.012077240105926399,-0.001932358416948224,0.1062395833333331,0.18461904761904774,0.0,28.0,5.108971272616607,-0.07297570756527771,-0.07060627217606395,-0.0035303136088031977,-0.5838319444444445,-0.28047619047619043,0.0,28.0,4.870952679863119,0.0,-0.01978180240439686,-0.0004945450601099216,-0.26445347222222254,0.016285714285714376,0.0,28.0,4.979315473468988,-0.044785314788184746,-0.033588986091138556,-0.002015339165468313
2026-05-14,Colt_Keith,690993,hitter,DET,NYM,2026,823630,47,116,121,0,690997.0,Nolan_McLean,0.0,0.0,1.0,0.0,0.0,4.0,3.0,1.0,3.0,2.0,0.11428571428571428,0.1725,0.1725,0.0,0.0,20.7,3.35,11.700000000000001,3.5357142857142856,1.08,-2.0,62.0,0,1.0,0.49999999999999994,-0.8660254037844387,0.43388373911755823,-0.900968867902419,0.5,0.5,0.5,0.5,0.5,0.5,0.5,0.5,0.5,0.5,synthetic,synthetic,synthetic,synthetic,synthetic,0.0,0.0,0.0,0.0,0.0,-110.0,-110.0,-110.0,-110.0,-110.0,-110.0,-110.0,-110.0,-110.0,-110.0,0.0,0.0,0.0,0.0,0.0,2026-08-07T03:26:40.888653+00:00,0.03487148436808207,0.22762375935754753,-0.3913942399609779,-0.4778552820950115,-0.43477625527655145,0.6,0.8,0.0,0.0,0.0,1.0,1.0,0.0,0.0,0.0,batter_pitcher_profile_network_v2,1.0,0.4,0.6004753226080226,0.0,0.6105767091922069,0.0709259545628104,-0.6906552963290581,0.0,28.0,3.6064460023666305,-0.004691517950649232,-0.01957087060489223,-0.001957087060489223,-0.1905444253531881,-0.6459021036045999,0.0,28.0,3.889245745053378,0.001733643100112126,-0.04657025401532788,-0.0074512406424524615,0.0974342783505156,-0.5176528822055136,0.0,28.0,4.158466308681335,-0.05594820483889633,-0.07609908493384387,-0.0038049542466921937,-0.5871282407407408,-0.5892056750331711,0.0,28.0,4.180004790435816,0.0,-0.13821128380046088,-0.003455282095011522,-0.2785657407407407,-0.5613731203007518,0.0,28.0,3.992284254244046,-0.021407238704192803,-0.0785328260377626,-0.0047119695622657555
2026-05-15,Colt_Keith,690993,hitter,DET,TOR,2026,824280,48,116,141,1,702056.0,Trey_Yesavage,1.0,1.0,0.0,0.0,0.0,3.0,3.0,0.0,1.0,3.0,0.08571428571428572,0.2966666666666667,0.2966666666666667,0.0,0.0,35.6,0.75,10.6875,2.9488041370394313,1.0666666666666667,-9.0,68.0,0,1.0,0.49999999999999994,-0.8660254037844387,-0.433883739117558,-0.9009688679024191,0.5,0.5,0.5,0.5,0.5,0.5,0.5,0.5,0.5,0.5,synthetic,synthetic,synthetic,synthetic,synthetic,0.0,0.0,0.0,0.0,0.0,-110.0,-110.0,-110.0,-110.0,-110.0,-110.0,-110.0,-110.0,-110.0,-110.0,0.0,0.0,0.0,0.0,0.0,2026-08-07T03:26:40.888653+00:00,-0.09683569009064463,0.10665476290341647,-0.12853724677417583,-0.48229980374441056,-0.45907156398382143,0.6,0.8,0.2,0.0,0.0,0.0,0.0,1.0,0.0,0.0,batter_pitcher_profile_network_v2,1.0,0.15,0.7462435565298214,0.0,0.5387877746487645,-0.03815057751050027,-0.4264616228070177,0.0,29.0,4.683928091938368,-0.014248939946275331,-0.004128555722219094,-0.00041285557222190945,-0.2855352615502101,-0.608155701754386,0.0,29.0,4.289662563228647,0.0014796990068827428,-0.04184523185364745,-0.0066952370965835915,0.04370038659793804,-0.5710124269005848,0.0,29.0,4.265305656943971,-0.031550303628156626,-0.037882405856281304,-0.0018941202928140653,-0.6599789351851851,-0.8677500000000001,0.0,29.0,3.5405381351749226,0.0,-0.14532548310975532,-0.003633137077743883,-0.3161560185185185,-0.6319590643274854,0.0,29.0,4.056817192028883,-0.005994982085322794,-0.05519618059654992,-0.003311770835792995
2026-05-16,Colt_Keith,690993,hitter,DET,TOR,2026,824278,49,116,141,1,689254.0,Mason_Fluharty,0.0,0.0,0.0,0.0,0.0,1.0,1.0,0.0,1.0,8.0,0.02631578947368421,0.0,0.0,0.0,0.0,10.0,0.0,6.0,3.4309469941822885,1.0666666666666667,0.0,63.0,0,1.0,0.49999999999999994,-0.8660254037844387,-0.9749279121818236,-0.2225209339563146,0.5,0.5,0.5,0.5,0.5,0.5,0.5,0.5,0.5,0.5,synthetic,synthetic,synthetic,synthetic,synthetic,0.0,0.0,0.0,0.0,0.0,-110.0,-110.0,-110.0,-110.0,-110.0,-110.0,-110.0,-110.0,-110.0,-110.0,0.0,0.0,0.0,0.0,0.0,2026-08-07T03:26:40.888653+00:00,0.32267066293780367,0.17518007789883416,-0.5,-0.47868910882881943,-0.5,0.8,1.0,0.2,0.0,0.0,1.0,1.0,0.0,0.0,0.0,batter_pitcher_profile_network_v2,1.0,0.05,0.9425,0.0,0.5117271875,0.014594792859870254,0.9760000000000001,0.0,29.0,2.9494938972425477,-0.019083548011348105,0.0008190597752959186,8.190597752959187e-05,-0.24134081710576544,0.476,0.0,29.0,4.532279165654995,-0.015861517526787446,-0.02379227629018117,-0.003806764206428987,0.09932538659793838,0.76,0.0,29.0,3.809860429879368,-0.01956775166925701,-0.015227232274927102,-0.0007613616137463552,-0.6504974537037038,-0.023999999999999966,0.0,29.0,5.2649617986521084,0.0,-0.0008976864861111099,-2.244216215277775e-05,-0.26341064814814796,0.6599999999999999,0.0,29.0,4.052132365936156,-0.036765746604561354,-0.027574309953421014,-0.0016544585972052609
2026-05-17,Colt_Keith,690993,hitter,DET,TOR,2026,824279,50,116,141,1,592332.0,Kevin_Gausman,0.0,0.0,0.0,0.0,0.0,3.0,3.0,0.0,1.0,3.0,0.08571428571428572,0.0,0.0,0.0,0.0,10.0,6.974789915966387,5.773109243697479,3.5792986425339373,1.0666666666666667,-8.0,83.0,0,1.0,0.49999999999999994,-0.8660254037844387,-0.7818314824680299,0.6234898018587334,0.5,0.5,0.5,0.5,0.5,0.5,0.5,0.5,0.5,0.5,synthetic,synthetic,synthetic,synthetic,synthetic,0.0,0.0,0.0,0.0,0.0,-110.0,-110.0,-110.0,-110.0,-110.0,-110.0,-110.0,-110.0,-110.0,-110.0,0.0,0.0,0.0,0.0,0.0,2026-08-07T03:26:40.888653+00:00,0.38908815756551995,0.11303770266789337,-0.4023140749492036,-0.4794948927333926,-0.5,0.8,1.0,0.2,0.0,0.0,0.0,0.0,0.0,0.0,0.0,batter_pitcher_profile_network_v2,1.0,0.6,0.5922423552742182,1.0,0.685220186887345,-0.08460338693957131,-0.07945949731243857,0.1111111111111111,29.0,5.2405418290292936,-0.017933500920685547,0.08571674049036361,0.008571674049036361,-0.3220871345029241,-0.09285345219168753,0.08148148148148149,29.0,5.286747803591861,0.0031658511619815483,0.057423141674333586,0.009187702667893373,-0.012277412280701963,-0.24021370214752566,-0.07407407407407407,29.0,5.135635489881381,-0.020405642504647627,-0.0805801415180088,-0.00402900707590044,-0.7142706018518519,-0.1137480600348248,0.0,29.0,5.264476204432329,0.0,-0.03312904266903645,-0.0008282260667259113,-0.3594060185185185,-0.19786484593837533,-0.022222222222222223,29.0,5.057962426986319,-0.020403480998197717,-0.06199139479068737,-0.003719483687441242
2026-05-18,Colt_Keith,690993,hitter,DET,CLE,2026,824277,51,116,114,1,677944.0,Slade_Cecconi,1.0,1.0,0.0,0.0,0.0,4.0,4.0,0.0,0.0,1.0,0.12121212121212122,0.2225,0.2225,0.0,0.0,26.7,3.9375,8.625,4.004081632653062,1.0666666666666667,12.0,75.0,0,1.0,0.49999999999999994,-0.8660254037844387,0.0,1.0,0.5,0.5,0.5,0.5,0.5,0.5,0.5,0.5,0.5,0.5,synthetic,synthetic,synthetic,synthetic,synthetic,0.0,0.0,0.0,0.0,0.0,-110.0,-110.0,-110.0,-110.0,-110.0,-110.0,-110.0,-110.0,-110.0,-110.0,0.0,0.0,0.0,0.0,0.0,2026-08-07T03:26:40.888653+00:00,-0.0022382498453927258,-0.1309426549930759,-0.19156975533395942,-0.4786666666666667,-0.38509399879092787,0.4,0.4,0.2,0.0,0.0,0.0,0.0,0.0,0.0,0.0,batter_pitcher_profile_network_v2,1.0,0.65,0.5605575697632819,0.0,0.6828656035075986,-0.20477161150512224,0.19085539990046613,0.0,30.0,5.5545814104025215,-0.027572506077932518,0.0,0.0,-0.4143258274231679,0.17860800819660838,0.0,30.0,5.56180066460806,-0.007005380652967476,-0.010508070979451214,-0.0016812913567121942,-0.09798138297872352,0.16735578478937432,0.0,30.0,5.671419692722482,-0.0325221938777039,-0.0325221938777039,-0.0016261096938851951,-0.7281224537037038,0.14830388942266204,0.0,30.0,5.521032803454193,0.0,0.0,0.0,-0.41836203703703706,0.18419566346114954,0.0,30.0,5.467056401061862,-0.035411888200789506,-0.02655891615059213,-0.0015935349690355278
2026-05-19,Colt_Keith,690993,hitter,DET,CLE,2026,824276,52,116,114,1,800048.0,Parker_Messick,0.0,0.0,0.0,0.0,0.0,1.0,1.0,0.0,0.0,6.0,0.025,0.0,0.0,0.0,0.0,10.0,3.8294117647058825,10.455882352941176,4.004081632653062,1.0666666666666667,8.0,76.0,0,1.0,0.49999999999999994,-0.8660254037844387,0.7818314824680298,0.6234898018587336,0.5,0.5,0.5,0.5,0.5,0.5,0.5,0.5,0.5,0.5,synthetic,synthetic,synthetic,synthetic,synthetic,0.0,0.0,0.0,0.0,0.0,-110.0,-110.0,-110.0,-110.0,-110.0,-110.0,-110.0,-110.0,-110.0,-110.0,0.0,0.0,0.0,0.0,0.0,2026-08-07T03:26:40.888653+00:00,-0.09448937694337917,-0.2013431545894161,-0.48699624493573224,-0.48025100905248963,-0.5,0.4,0.4,0.2,0.0,0.0,1.0,1.0,0.0,0.0,0.0,batter_pitcher_profile_network_v2,1.0,0.6,0.5176946719227693,0.0,0.6719494416136764,-0.24710841706067765,-0.3307435396543258,0.0,31.0,5.670717940707157,-0.008592101371386053,-0.039418579357762426,-0.003941857935776243,-0.44955499408983446,-0.24877059967108908,0.0,31.0,5.950970637366834,0.007237942707364179,-0.04308221618385018,-0.006893154589416028,-0.13136679964538997,-0.3263672733138198,0.0,31.0,5.7579040424567545,-0.04832825751895965,-0.06900653136770574,-0.003450326568385287,-0.7380113425925926,-0.1780426034164074,0.0,31.0,6.078846630191472,0.0,-0.06337369543291804,-0.0015843423858229511,-0.4556988425925924,-0.30720450802043653,0.0,31.0,5.684746643463411,-0.024866502139529664,-0.08616912039306959,-0.005170147223584175
2026-05-20,Colt_Keith,690993,hitter,DET,CLE,2026,824273,53,116,114,1,676440.0,Tanner_Bibee,0.0,0.0,0.0,0.0,0.0,5.0,5.0,0.0,0.0,1.0,0.13513513513513514,0.0,0.0,0.0,0.0,10.0,4.8500000000000005,8.4,3.1469387755102045,1.0666666666666667,-8.0,56.0,0,1.0,0.49999999999999994,-0.8660254037844387,0.9749279121818236,-0.22252093395631434,0.5,0.5,0.5,0.5,0.5,0.5,0.5,0.5,0.5,0.5,synthetic,synthetic,synthetic,synthetic,synthetic,0.0,0.0,0.0,0.0,0.0,-110.0,-110.0,-110.0,-110.0,-110.0,-110.0,-110.0,-110.0,-110.0,-110.0,0.0,0.0,0.0,0.0,0.0,2026-08-07T03:26:40.888653+00:00,-0.09347380033094316,-0.21259123412099912,-0.46750015254837074,-0.4786666666666667,-0.47767415407008973,0.4,0.4,0.0,0.0,0.0,0.0,0.0,0.0,0.0,0.0,batter_pitcher_profile_network_v2,1.0,0.7,0.5317334180845492,0.0,0.6994038593992499,-0.2545008241758243,0.22446237049216086,0.0,32.0,6.310953975540286,-0.012952835474441211,0.0,0.0,-0.4645172161172163,0.2452144737924975,0.0,32.0,6.271084508731461,0.006629992964305484,0.009944989446458226,0.0015911983114333162,-0.16774221611721632,0.16990053256772147,0.0,32.0,6.493360791463267,-0.037347231883024,-0.037347231883024,-0.0018673615941512001,-0.7835749999999999,0.24260176887446483,0.0,32.0,6.193058963205353,0.0,0.0,0.0,-0.524075,0.23184383857865043,0.0,32.0,6.209044011667445,-0.020889150322642124,-0.01566686274198159,-0.0009400117645188954
2026-05-21,Colt_Keith,690993,hitter,DET,CLE,2026,824274,54,116,114,1,676282.0,Joey_Cantillo,0.0,0.0,0.0,0.0,0.0,2.0,1.0,1.0,1.0,8.0,0.05405405405405406,0.345,0.345,0.0,0.0,41.4,3.0,5.0,2.6326530612244903,1.0666666666666667,-9.0,60.0,0,1.0,0.49999999999999994,-0.8660254037844387,0.43388373911755823,-0.900968867902419,0.5,0.5,0.5,0.5,0.5,0.5,0.5,0.5,0.5,0.5,synthetic,synthetic,synthetic,synthetic,synthetic,0.0,0.0,0.0,0.0,0.0,-110.0,-110.0,-110.0,-110.0,-110.0,-110.0,-110.0,-110.0,-110.0,-110.0,0.0,0.0,0.0,0.0,0.0,2026-08-07T03:26:40.888653+00:00,-0.1811203446240887,-0.2708327014260038,-0.475161554075253,-0.4786666666666667,-0.49525568557902205,0.2,0.2,0.0,0.0,0.0,0.0,0.0,0.0,0.0,0.0,batter_pitcher_profile_network_v2,1.0,0.6,0.5906361877605099,0.0,0.6665882401996025,-0.2434577737077738,-0.05544628347638431,0.0,33.0,7.012754042997952,-0.021142090644025488,-0.005525931991944803,-0.0005525931991944803,-0.4624502442002443,0.01352949044932305,0.0,33.0,7.07966185481523,0.0026677981123717854,0.0040016971685576785,0.0006402715469692286,-0.16531135531135532,0.16706311665241996,0.0,33.0,7.011638631508225,-0.028046304891712795,-0.028046304891712795,-0.0014023152445856398,-0.7877824074074073,0.11323125393480027,0.0,33.0,6.956619182068972,0.0,0.0,0.0,-0.5492407407407406,0.1065141885749649,0.0,33.0,6.90210939145215,-0.021242360173647504,-0.01593177013023563,-0.0009559062078141377
2026-05-22,Colt_Keith,690993,hitter,DET,BAL,2026,824842,55,116,110,0,669211.0,Keegan_Akin,0.0,0.0,0.0,0.0,0.0,3.0,3.0,0.0,1.0,3.0,0.08571428571428572,0.0,0.0,0.0,0.0,10.0,54.0,4.5,10.007554945054945,1.08,-6.0,55.0,0,1.0,0.49999999999999994,-0.8660254037844387,-0.433883739117558,-0.9009688679024191,0.5,0.5,0.5,0.5,0.5,0.5,0.5,0.5,0.5,0.5,synthetic,synthetic,synthetic,synthetic,synthetic,0.0,0.0,0.0,0.0,0.0,-110.0,-110.0,-110.0,-110.0,-110.0,-110.0,-110.0,-110.0,-110.0,-110.0,0.0,0.0,0.0,0.0,0.0,2026-08-07T03:26:40.888653+00:00,0.16780637662164222,-0.38886408468483463,-0.20586929928690956,-0.47551571961805555,-0.1932795368994803,0.2,0.2,0.0,0.0,0.0,0.0,0.0,0.0,0.0,0.0,batter_pitcher_profile_network_v2,1.0,0.05,0.9425,0.0,0.5117271875,-0.21376600241545884,-1.0,0.0,34.0,3.744507717202046,-0.01950474614751043,-0.012291545138888882,-0.0012291545138888884,-0.4321032608695652,-1.0,0.0,34.0,3.8235646364268145,0.0035886054798555593,-0.019463029280216655,-0.0031140846848346647,-0.14295742753623172,-1.0,0.0,34.0,3.658824701913324,-0.011720878709803503,-0.019940930793136826,-0.0009970465396568413,-0.7761527777777778,-1.0,0.0,34.0,3.929846226837318,0.0,-0.04462878472222222,-0.0011157196180555556,-0.499798611111111,-1.0,0.0,34.0,3.729807615536253,0.005933801246793269,-0.02428806920379393,-0.0014572841522276358
2026-05-24,Colt_Keith,690993,hitter,DET,BAL,2026,824839,56,116,110,0,687064.0,Brandon_Young,1.0,1.0,0.0,0.0,1.0,3.0,2.0,0.0,0.0,6.0,0.07692307692307693,0.2966666666666667,0.2966666666666667,0.0,0.0,35.6,4.261363636363637,7.767045454545454,10.489697802197801,1.08,-3.0,58.0,0,2.0,0.49999999999999994,-0.8660254037844387,-0.7818314824680299,0.6234898018587334,0.5,0.5,0.5,0.5,0.5,0.5,0.5,0.5,0.5,0.5,synthetic,synthetic,synthetic,synthetic,synthetic,0.0,0.0,0.0,0.0,0.0,-110.0,-110.0,-110.0,-110.0,-110.0,-110.0,-110.0,-110.0,-110.0,-110.0,0.0,0.0,0.0,0.0,0.0,2026-08-07T03:26:40.888653+00:00,0.026045895770895777,-0.2642140766401434,-0.06044099824358734,-0.4744,-0.09027733411967775,0.2,0.2,0.0,0.0,0.0,0.0,0.0,0.0,0.0,0.0,batter_pitcher_profile_network_v2,1.0,0.3,0.6897719319801225,0.0,0.5796508814997305,-0.18151564407814424,0.21081004309701873,0.0,34.0,7.247425927248762,-0.03464186209251263,0.0,0.0,-0.4106030219780221,0.2604742290395646,0.0,34.0,7.149316041114706,-0.009850319333931334,-0.014775479000897,-0.0023640766401435203,-0.10062385531135531,0.3061527134824985,0.0,34.0,7.128922735143073,-0.03531263886442076,-0.03531263886442076,-0.0017656319432210379,-0.7761527777777778,0.3371066917261317,0.0,34.0,6.84303695563604,0.0,0.0,0.0,-0.487298611111111,0.27928393238797117,0.0,34.0,7.033444562663071,-0.027194726469029214,-0.020396044851771912,-0.0012237626911063147
2026-05-24,Colt_Keith,690993,hitter,DET,BAL,2026,824840,57,116,110,0,669432.0,Trevor_Rogers,1.0,1.0,0.0,0.0,0.0,2.0,2.0,0.0,0.0,5.0,0.05405405405405406,0.445,0.445,0.0,0.0,53.4,15.62727272727273,8.304545454545456,10.489697802197801,1.08,-5.0,62.0,0,0.0,0.49999999999999994,-0.8660254037844387,-0.7818314824680299,0.6234898018587334,0.5,0.5,0.5,0.5,0.5,0.5,0.5,0.5,0.5,0.5,synthetic,synthetic,synthetic,synthetic,synthetic,0.0,0.0,0.0,0.0,0.0,-110.0,-110.0,-110.0,-110.0,-110.0,-110.0,-110.0,-110.0,-110.0,-110.0,0.0,0.0,0.0,0.0,0.0,2026-08-07T03:26:40.888653+00:00,0.12422009882009877,-0.0820262741854545,0.0024091711772142865,-0.4744,0.2240694453729507,0.2,0.2,0.0,0.0,0.2,1.0,1.0,0.0,0.0,1.0,batter_pitcher_profile_network_v2,1.0,0.55,0.608455589761483,0.0,0.65150530463982,-0.201229669887279,0.5011876337681707,0.0,35.0,6.500142196978336,-0.02583779577639163,0.0,0.0,-0.4284154589371984,0.3980693738588034,0.0,35.0,6.904240066850224,-0.008138755052006369,-0.012208132578009553,-0.0019533012124815286,-0.13526268115942075,0.48637138324638335,0.0,35.0,6.68105595937404,-0.03367654081567969,-0.03367654081567969,-0.0016838270407839844,-0.7827453703703703,0.27501916018358974,0.0,35.0,7.231540936739209,0.0,0.0,0.0,-0.5230231481481483,0.5399842749842751,0.0,35.0,6.331172347126545,-0.010733606766821238,-0.008050205075115929,-0.0004830123045069557
2026-05-26,Colt_Keith,690993,hitter,DET,LAA,2026,824275,58,116,108,1,686799.0,Jack_Kochanowicz,2.0,4.0,2.0,0.0,0.0,2.0,2.0,0.0,0.0,4.0,0.04878048780487805,1.2550000000000001,1.2550000000000001,1.0,30.0,65.0,9.0,5.5,4.478571428571429,1.0666666666666667,-3.0,79.0,0,2.0,0.49999999999999994,-0.8660254037844387,0.7818314824680298,0.6234898018587336,0.5,0.5,0.5,0.5,0.5,0.5,0.5,0.5,0.5,0.5,synthetic,synthetic,synthetic,synthetic,synthetic,0.0,0.0,0.0,0.0,0.0,-110.0,-110.0,-110.0,-110.0,-110.0,-110.0,-110.0,-110.0,-110.0,-110.0,0.0,0.0,0.0,0.0,0.0,2026-08-07T03:26:40.888653+00:00,0.22436959225158637,1.5927317683454834,0.14972020707231948,-0.15400189326089836,-0.00016325402617473062,0.4,0.4,0.0,0.0,0.2,1.0,1.0,0.0,0.0,0.0,batter_pitcher_profile_network_v2,1.0,0.65,0.5766125535205553,0.0,0.6815872254259258,-0.1815156440781445,-0.10590761140883305,0.0,36.0,7.846854251165661,-0.028035250898690547,-0.008139152977749033,-0.0008139152977749034,-0.4106030219780223,-0.10918422609557095,0.0,36.0,7.927838861019724,-0.002081490995426146,-0.022103277109023475,-0.003536524337443756,-0.12145718864468896,0.024908062610895024,0.0,36.0,8.04957514473445,-0.05343557980797038,-0.05343557980797038,-0.0026717789903985194,-0.7761527777777778,-0.04080498880743531,0.0,36.0,7.995392880953927,0.0,-0.01340906376926667,-0.0003352265942316668,-0.49979861111111135,-0.06131015772808804,0.0,36.0,7.795711988757759,-0.003983427514364601,-0.015961318554712407,-0.0009576791132827443
2026-05-27,Colt_Keith,690993,hitter,DET,LAA,2026,824270,59,116,108,1,667755.0,José_Soriano,2.0,2.0,1.0,0.0,0.0,3.0,3.0,0.0,1.0,1.0,0.08333333333333333,0.5933333333333334,0.5933333333333334,0.0,0.0,65.0,4.666304347826086,9.264130434782608,4.307142857142858,1.0666666666666667,0.0,76.0,0,1.0,0.49999999999999994,-0.8660254037844387,0.9749279121818236,-0.22252093395631434,0.5,1.5,0.5,0.5,0.5,0.5,1.5,0.5,0.5,0.5,synthetic,synthetic,synthetic,synthetic,synthetic,0.0,0.0,0.0,0.0,0.0,-110.0,-110.0,-110.0,-110.0,-110.0,-110.0,-110.0,-110.0,-110.0,-110.0,0.0,0.0,0.0,0.0,0.0,2026-08-07T03:26:40.888653+00:00,0.4787906764857369,0.04675634685020014,0.38734850877760174,-0.48232902219304996,-0.16905797922373667,0.8,1.2,0.4,0.0,0.2,2.0,4.0,2.0,0.0,0.0,batter_pitcher_profile_network_v2,1.0,0.65,0.5341325849767009,0.0,0.6849696929212301,0.004280794839783719,-0.6109935490400737,0.0,37.0,6.3589646406199645,-0.02073236826412529,-0.001218493941803284,-0.0001218493941803284,-0.22008749479816886,-0.5600556417016701,0.0,37.0,6.748163299808614,0.015392043015427953,-0.03433533218625046,-0.0054936531498000745,0.09795880149812752,-0.36882193136337316,0.0,37.0,7.541656043513216,-0.025007859334131445,-0.04183934825748766,-0.0020919674128743833,-0.6578657407407408,-0.47799228553728645,0.0,37.0,7.2353141963019665,0.0,-0.14649422105533075,-0.003662355526383269,-0.2627962962962962,-0.47464099529031384,0.0,37.0,6.972257310045208,0.0015876749015880352,-0.05691870134799262,-0.0034151220808795574
2026-05-28,Colt_Keith,690993,hitter,DET,LAA,2026,824272,60,116,108,1,680570.0,Grayson_Rodriguez,0.0,0.0,0.0,0.0,0.0,4.0,2.0,2.0,0.0,1.0,0.1111111111111111,0.345,0.345,0.0,0.0,41.4,7.844919786096258,9.134071810542398,1.9928571428571427,1.0666666666666667,7.0,70.0,0,1.0,0.49999999999999994,-0.8660254037844387,0.43388373911755823,-0.900968867902419,1.5,1.5,0.5,0.5,0.5,1.5,1.5,0.5,0.5,0.5,synthetic,synthetic,synthetic,synthetic,synthetic,0.0,0.0,0.0,0.0,0.0,-110.0,-110.0,-110.0,-110.0,-110.0,-110.0,-110.0,-110.0,-110.0,-110.0,0.0,0.0,0.0,0.0,0.0,2026-08-07T03:26:40.888653+00:00,-0.32232263814616724,-0.05887059027322605,0.15995960567664036,-0.47866854993699226,-0.32389321901696766,1.2,1.6,0.6,0.0,0.2,2.0,2.0,1.0,0.0,0.0,batter_pitcher_profile_network_v2,1.0,0.25,0.7251402836336682,0.0,0.5652925788137189,-0.06259712047212049,0.2284821834909042,0.0,38.0,8.438729479763785,-0.022666504851744734,0.0,0.0,-0.27291351241351236,0.09238230822361986,0.0,38.0,8.771682095167664,0.009566984972668809,0.014350477459003214,0.0022960763934405143,0.03492445054945064,0.5152249684458765,0.0,38.0,7.549747552300149,-0.008610841024185368,-0.0036650293243348083,-0.00018325146621674042,-0.6578657407407408,-0.00041660481985834885,0.0,38.0,8.857029776199717,0.0,-7.533081302250771e-05,-1.883270325562693e-06,-0.3010601851851851,0.4007412727937024,0.0,38.0,7.872175869893419,-0.015616507255366695,-0.011712380441525021,-0.0007027428264915012
2026-05-29,Colt_Keith,690993,hitter,DET,CWS,2026,824594,61,116,145,0,607200.0,Erick_Fedde,0.0,0.0,0.0,0.0,0.0,2.0,2.0,0.0,0.0,3.0,0.05405405405405406,0.0,0.0,0.0,0.0,10.0,12.4,5.900000000000001,4.071428571428571,1.08,-8.0,75.0,0,1.0,0.49999999999999994,-0.8660254037844387,-0.433883739117558,-0.9009688679024191,1.5,1.5,0.5,0.5,0.5,1.5,1.5,0.5,0.5,0.5,synthetic,synthetic,synthetic,synthetic,synthetic,0.0,0.0,0.0,0.0,0.0,-110.0,-110.0,-110.0,-110.0,-110.0,-110.0,-110.0,-110.0,-110.0,-110.0,0.0,0.0,0.0,0.0,0.0,2026-08-07T03:26:40.888653+00:00,-0.41161673101673113,-0.550127780895115,-0.15824936462825806,-0.4744,-0.3895369759699463,1.2,1.6,0.6,0.0,0.2,0.0,0.0,0.0,0.0,0.0,batter_pitcher_profile_network_v2,1.0,0.35,0.6677078928208068,0.0,0.5938720240953079,-0.09859470611916246,0.4102578429430024,0.0,39.0,7.954512258754909,-0.003344690216711003,0.0,0.0,-0.3045384460547502,0.6009356961231094,0.0,39.0,6.939982118489621,0.009146633657741522,0.013719950486612283,0.002195192077857965,0.0026675724637683085,0.5497145691609978,0.0,39.0,7.527460633488575,-0.014065300447481659,-0.013578026155895135,-0.0006789013077947568,-0.6666064814814814,0.8457273627897762,0.0,39.0,5.321621167209079,0.0,0.0,0.0,-0.34101620370370356,0.5896451247165533,0.0,39.0,7.138468415641682,0.007200619801279278,0.005400464850959459,0.00032402789105756753
2026-05-30,Colt_Keith,690993,hitter,DET,CWS,2026,824593,62,116,145,0,641743.0,Anthony_Kay,0.0,0.0,0.0,0.0,0.0,2.0,2.0,0.0,0.0,6.0,0.05714285714285714,0.0,0.0,0.0,0.0,10.0,2.0625000000000013,7.3125,4.071428571428571,1.08,0.0,68.0,0,1.0,0.49999999999999994,-0.8660254037844387,-0.9749279121818236,-0.2225209339563146,0.5,1.5,0.5,0.5,0.5,0.5,1.5,0.5,0.5,0.5,synthetic,synthetic,synthetic,synthetic,synthetic,0.0,0.0,0.0,0.0,0.0,-110.0,-110.0,-110.0,-110.0,-110.0,-110.0,-110.0,-110.0,-110.0,-110.0,0.0,0.0,0.0,0.0,0.0,2026-08-07T03:26:40.888653+00:00,0.35363214285714295,-0.6690406163739235,-0.18316174614935715,-0.4744,-0.499457043930226,1.0,1.4,0.6,0.0,0.0,0.0,0.0,0.0,0.0,0.0,batter_pitcher_profile_network_v2,1.0,0.7,0.4933381594271028,0.0,0.702696252829126,-0.1476133241758241,0.11517970875857744,0.0,40.0,9.040239647893676,-0.006146911502660405,0.0,0.0,-0.3441496235246234,0.16109387376013187,0.0,40.0,9.010593597934278,0.01628909844198536,0.02443364766297804,0.0039093836260764864,-0.04642971611721591,0.26548675069128214,0.0,40.0,8.939802648587007,0.010336505584286181,0.010336505584286181,0.0005168252792143091,-0.673125,0.23294678895447818,0.0,40.0,8.78022844164737,0.0,0.0,0.0,-0.3810763888888888,0.24089237495512195,0.0,40.0,8.764563561853798,0.012065690439421944,0.009049267829566457,0.0005429560697739874
2026-05-31,Colt_Keith,690993,hitter,DET,CWS,2026,824592,63,116,145,0,680732.0,Sean_Burke,0.0,0.0,0.0,0.0,0.0,3.0,3.0,0.0,0.0,1.0,0.08823529411764706,0.0,0.0,0.0,0.0,10.0,4.912087912087912,10.104395604395604,2.142857142857143,1.08,-7.0,66.0,0,1.0,0.49999999999999994,-0.8660254037844387,-0.7818314824680299,0.6234898018587334,0.5,1.5,0.5,0.5,0.5,0.5,1.5,0.5,0.5,0.5,synthetic,synthetic,synthetic,synthetic,synthetic,0.0,0.0,0.0,0.0,0.0,-110.0,-110.0,-110.0,-110.0,-110.0,-110.0,-110.0,-110.0,-110.0,-110.0,0.0,0.0,0.0,0.0,0.0,2026-08-07T03:26:40.888653+00:00,0.037267054514113496,-0.7563743219022441,-0.1894576970624673,-0.4744,-0.49944512368381766,0.8,1.2,0.6,0.0,0.0,0.0,0.0,0.0,0.0,0.0,batter_pitcher_profile_network_v2,1.0,0.6,0.5734644845503762,0.0,0.6678503603855473,-0.2977753612128611,0.06167805825293621,0.0,41.0,9.615236699044608,0.007222904447956393,0.0,0.0,-0.4706774013024012,0.017706387217505566,0.0,41.0,9.683351370547632,0.027594737172022238,0.04139210575803336,0.006622736921285337,-0.2299713827838826,0.1185170462103827,0.0,41.0,9.725066522321164,0.029459504128804274,0.029459504128804274,0.0014729752064402137,-0.6934953703703703,0.00011154285952896976,0.0,41.0,9.642219951353631,0.0,0.0,0.0,-0.5412384259259257,0.11461707863580424,0.0,41.0,9.493814522778983,0.012330584804051518,0.009247938603038639,0.0005548763161823183
2026-06-01,Colt_Keith,690993,hitter,DET,TB,2026,822974,64,116,139,0,643377.0,Griffin_Jax,0.0,0.0,0.0,0.0,0.0,4.0,4.0,0.0,1.0,6.0,0.09090909090909091,0.0,0.0,0.0,0.0,10.0,2.1,8.700000000000001,9.156122448979591,1.08,0.0,72.0,0,1.0,1.2246467991473532e-16,-1.0,0.0,1.0,0.5,0.5,0.5,0.5,0.5,0.5,0.5,0.5,0.5,0.5,synthetic,synthetic,synthetic,synthetic,synthetic,0.0,0.0,0.0,0.0,0.0,-110.0,-110.0,-110.0,-110.0,-110.0,-110.0,-110.0,-110.0,-110.0,-110.0,0.0,0.0,0.0,0.0,0.0,2026-08-07T03:26:40.888653+00:00,0.1455826860026589,-0.2541170802633441,-0.14240331395701333,-0.4766977559312674,-0.23195741704867645,0.4,0.4,0.2,0.0,0.0,0.0,0.0,0.0,0.0,0.0,batter_pitcher_profile_network_v2,1.0,0.3,0.7501355506515104,0.0,0.577432518513557,-0.3038993055555559,-0.3114880952380953,0.0,42.0,9.309535452177624,0.022154276393555522,-0.023652422595551385,-0.0023652422595551387,-0.48145601851851877,-0.4154583333333334,0.0,42.0,8.902468522194619,0.04148687876583659,0.012251202899553539,0.001960192463928566,-0.24168402777777814,-0.45922420634920635,0.0,42.0,8.397784389885574,0.03763392555064976,0.009902180971051208,0.0004951090485525604,-0.6996805555555555,-0.5257261904761904,0.0,42.0,8.296170556861934,0.0,-0.09191023725069565,-0.002297755931267391,-0.574871527777778,-0.5349484126984126,0.0,42.0,7.900286104366826,0.020839280814568307,-0.06121050677911503,-0.0036726304067469014
2026-06-03,Colt_Keith,690993,hitter,DET,TB,2026,822973,65,116,139,0,607259.0,Nick_Martinez,0.0,0.0,0.0,0.0,0.0,3.0,3.0,0.0,0.0,7.0,0.07317073170731707,0.0,0.0,0.0,0.0,10.0,1.3571428571428574,4.642857142857143,7.404545454545454,1.08,0.0,72.0,0,2.0,1.2246467991473532e-16,-1.0,0.9749279121818236,-0.22252093395631434,0.5,0.5,0.5,0.5,0.5,0.5,0.5,0.5,0.5,0.5,synthetic,synthetic,synthetic,synthetic,synthetic,0.0,0.0,0.0,0.0,0.0,-110.0,-110.0,-110.0,-110.0,-110.0,-110.0,-110.0,-110.0,-110.0,-110.0,0.0,0.0,0.0,0.0,0.0,2026-08-07T03:26:40.888653+00:00,-0.017333396684616198,-0.4965223537966946,-0.3900327589580949,-0.4744,-0.33628576695729584,0.0,0.0,0.0,0.0,0.0,0.0,0.0,0.0,0.0,0.0,batter_pitcher_profile_network_v2,1.0,0.7,0.3526373674725355,0.0,0.7147613457392301,-0.2539908806471305,0.41625563318604314,0.0,43.0,9.147544967551221,-0.002236600428285141,0.0,0.0,-0.44818373524623517,0.283511166195285,0.0,43.0,9.729127063299304,0.014490192513772489,0.021735288770658733,0.0034776462033053973,-0.20007841117216105,0.09263434561445485,0.0,43.0,10.311593147034142,0.015896927268257408,0.015896927268257408,0.0007948463634128704,-0.6996805555555555,0.1528215765296315,0.0,43.0,10.044253599635597,0.0,0.0,0.0,-0.5698715277777777,0.15034267894778822,0.0,43.0,10.007387698135375,0.009737329502812456,0.0073029971271093425,0.0004381798276265605
2026-06-05,Colt_Keith,690993,hitter,DET,SEA,2026,824271,66,116,136,1,693433.0,Bryan_Woo,1.0,1.0,1.0,0.0,0.0,4.0,4.0,0.0,3.0,7.0,0.11428571428571428,0.2225,0.2225,0.0,0.0,26.7,2.571428571428571,10.428571428571429,1.7510204081632652,1.0666666666666667,0.0,79.0,0,2.0,1.2246467991473532e-16,-1.0,-0.433883739117558,-0.9009688679024191,0.5,0.5,0.5,0.5,0.5,0.5,0.5,0.5,0.5,0.5,synthetic,synthetic,synthetic,synthetic,synthetic,0.0,0.0,0.0,0.0,0.0,-110.0,-110.0,-110.0,-110.0,-110.0,-110.0,-110.0,-110.0,-110.0,-110.0,0.0,0.0,0.0,0.0,0.0,2026-08-07T03:26:40.888653+00:00,-0.44957893496174856,-0.38739050619968507,-0.4990024421677098,-0.4810676143856302,-0.5,0.0,0.0,0.0,0.0,0.0,0.0,0.0,0.0,0.0,0.0,batter_pitcher_profile_network_v2,1.0,0.75,0.5457382940846045,0.0,0.7123602942309769,-0.3268981984702093,-0.23734521790867166,0.0,44.0,10.177076307997059,0.01771550224403693,-0.03524513193041036,-0.0035245131930410362,-0.510489231078905,-0.2856904512228809,0.0,44.0,10.12072115345486,0.03347731732118931,-0.016034413748031662,-0.0025655061996850657,-0.29480751811594197,-0.28882332451499115,0.0,44.0,10.014601772091979,0.04510990054466469,0.006430748482538828,0.00032153742412694146,-0.7157546296296295,-0.29537409319818947,0.0,44.0,10.124439598205466,0.0,-0.09603790875854215,-0.002400947718963554,-0.660841435185185,-0.2766396825396825,0.0,44.0,9.920876892504156,0.014885613192319633,-0.07188162790025018,-0.004312897674015011
2026-06-06,Colt_Keith,690993,hitter,DET,SEA,2026,824269,67,116,136,1,682243.0,Bryce_Miller,1.0,3.0,0.0,0.0,0.0,3.0,3.0,0.0,1.0,7.0,0.09375,0.54,0.54,0.6666666666666666,30.0,65.0,1.2,9.705882352941176,2.8653061224489798,1.0666666666666667,15.0,81.0,0,1.0,1.2246467991473532e-16,-1.0,-0.9749279121818236,-0.2225209339563146,0.5,0.5,0.5,0.5,0.5,0.5,0.5,0.5,0.5,0.5,synthetic,synthetic,synthetic,synthetic,synthetic,0.0,0.0,0.0,0.0,0.0,-110.0,-110.0,-110.0,-110.0,-110.0,-110.0,-110.0,-110.0,-110.0,-110.0,0.0,0.0,0.0,0.0,0.0,2026-08-07T03:26:40.888653+00:00,-0.11713939707047766,0.7960387722504323,-0.02732167757106646,-0.23960112623163005,-0.38452998448320275,0.2,0.2,0.2,0.0,0.0,1.0,1.0,1.0,0.0,0.0,batter_pitcher_profile_network_v2,1.0,0.15,0.7373513380905121,0.0,0.5389511691625868,-0.408419937600644,-0.6466513982642239,0.0,45.0,8.240549937200333,0.04100161689293083,-0.06936690988044782,-0.006936690988044782,-0.5648370571658614,-0.6082190212150435,0.0,45.0,8.703531392383127,0.045211744738151705,-0.02241392343479874,-0.0035862277495677984,-0.3741553442028984,-0.7238623031179685,0.0,45.0,7.535808249068391,0.06189528842709865,-0.009239673870310265,-0.00046198369351551326,-0.7157546296296295,-0.5534546769527483,0.0,45.0,9.197190029100334,0.0,-0.1040450492652006,-0.002601126231630015,-0.675841435185185,-0.7378752812600449,0.0,45.0,7.4695948450654335,0.018077175337712137,-0.11742151009419585,-0.007045290605651751
2026-06-07,Colt_Keith,690993,hitter,DET,SEA,2026,824268,68,116,136,1,622491.0,Luis_Castillo,0.0,0.0,0.0,0.0,0.0,2.0,2.0,0.0,0.0,6.0,0.05263157894736842,0.0,0.0,0.0,0.0,10.0,3.1714285714285713,11.442857142857143,2.314285714285714,1.0666666666666667,0.0,80.0,0,1.0,1.2246467991473532e-16,-1.0,-0.7818314824680299,0.6234898018587334,0.5,0.5,0.5,0.5,0.5,0.5,0.5,0.5,0.5,0.5,synthetic,synthetic,synthetic,synthetic,synthetic,0.0,0.0,0.0,0.0,0.0,-110.0,-110.0,-110.0,-110.0,-110.0,-110.0,-110.0,-110.0,-110.0,-110.0,0.0,0.0,0.0,0.0,0.0,2026-08-07T03:26:40.888653+00:00,-0.14820300751879706,0.36396758524971584,-0.4992706007670288,-0.4786666666666667,-0.4999547111608532,0.4,0.8,0.2,0.0,0.0,1.0,3.0,0.0,0.0,0.0,batter_pitcher_profile_network_v2,1.0,0.7,0.515576406152207,0.0,0.7007893231724482,-0.440436698717949,0.4132527810539919,0.0,45.0,10.113685118259339,0.018072507105084634,0.0,0.0,-0.5368883547008549,0.3904971345063841,0.0,45.0,10.191214437006611,0.0010162543299561861,0.0015243814949342793,0.0002439010391894847,-0.3939543269230772,0.505729076404092,0.0,45.0,9.754421713758921,0.014587984659424543,0.014587984659424543,0.0007293992329712272,-0.584375,0.36517690482440524,0.0,45.0,10.222404308885249,0.0,0.0,0.0,-0.6046354166666666,0.5500392943075078,0.0,45.0,9.28757784465346,0.001006418647706057,0.0007548139857795428,4.528883914677256e-05
2026-06-09,Colt_Keith,690993,hitter,DET,MIN,2026,824267,69,116,142,1,671737.0,Taj_Bradley,0.0,0.0,0.0,0.0,0.0,4.0,3.0,1.0,1.0,7.0,0.0975609756097561,0.1725,0.1725,0.0,0.0,20.7,6.171428571428571,11.914285714285713,5.267660910518053,1.0666666666666667,-12.0,78.0,0,2.0,1.2246467991473532e-16,-1.0,0.7818314824680298,0.6234898018587336,0.5,0.5,0.5,0.5,0.5,0.5,0.5,0.5,0.5,0.5,synthetic,synthetic,synthetic,synthetic,synthetic,0.0,0.0,0.0,0.0,0.0,-110.0,-110.0,-110.0,-110.0,-110.0,-110.0,-110.0,-110.0,-110.0,-110.0,0.0,0.0,0.0,0.0,0.0,2026-08-07T03:26:40.888653+00:00,-0.14855631436296002,0.06075322607025502,-0.24403271425811507,-0.48122666300817735,-0.3668504255993419,0.4,0.8,0.2,0.0,0.0,0.0,0.0,0.0,0.0,0.0,batter_pitcher_profile_network_v2,1.0,0.65,0.566973342719163,1.0,0.7011047475859866,-0.463761444028298,-0.3623654743663545,-0.05555555555555555,45.0,10.337722926249903,0.07264258742724992,-0.11629765882404727,-0.011629765882404728,-0.559019975031211,-0.37397105589382473,-0.04938271604938271,45.0,10.442079437433334,0.045902222555818425,-0.06036474559749186,-0.009658359295598698,-0.43263108614232215,-0.1541682503676429,-0.05185185185185185,45.0,11.345657309702853,0.07015545605480855,0.0006482189537927036,3.241094768963518e-05,-0.6047453703703703,-0.39103186670463547,0.0,45.0,10.423027503004894,0.0,-0.10239985366042642,-0.0025599963415106606,-0.6631481481481482,-0.22526059270998527,-0.007407407407407407,45.0,10.877695570452564,0.01142664280977654,-0.06191964070529601,-0.00371517844231776
2026-06-10,Colt_Keith,690993,hitter,DET,MIN,2026,824266,70,116,142,1,702474.0,Mike_Paredes,0.0,0.0,0.0,0.0,0.0,3.0,3.0,0.0,0.0,7.0,0.07317073170731707,0.0,0.0,0.0,0.0,10.0,4.909090909090909,4.909090909090909,6.163764806621949,1.0666666666666667,0.0,87.0,0,1.0,1.2246467991473532e-16,-1.0,0.9749279121818236,-0.22252093395631434,0.5,0.5,0.5,0.5,0.5,0.5,0.5,0.5,0.5,0.5,synthetic,synthetic,synthetic,synthetic,synthetic,0.0,0.0,0.0,0.0,0.0,-110.0,-110.0,-110.0,-110.0,-110.0,-110.0,-110.0,-110.0,-110.0,-110.0,0.0,0.0,0.0,0.0,0.0,2026-08-07T03:26:40.888653+00:00,0.2553236890867552,-0.029016204240514654,-0.32237717294309565,-0.4786666666666667,-0.39849458101268725,0.4,0.8,0.2,0.0,0.0,0.0,0.0,0.0,0.0,0.0,batter_pitcher_profile_network_v2,1.0,0.0,1.0,0.0,0.5,-0.45979848106533505,0.0,0.0,47.0,12.09599320647415,0.045004483257626675,0.0,0.0,-0.5560477528089888,0.0,0.0,47.0,12.180041504124667,0.020130653062896686,0.03019597959434503,0.0048313567350952045,-0.4284644194756555,0.0,0.0,47.0,12.249761148634173,0.04978929549174734,0.04978929549174734,0.002489464774587367,-0.6007824074074074,0.0,0.0,47.0,12.154217785827592,0.0,0.0,0.0,-0.6566851851851853,0.0,0.0,47.0,11.99144442934393,0.005964403742453333,0.0044733028068399995,0.0002683981684104
2026-06-11,Colt_Keith,690993,hitter,DET,MIN,2026,824265,71,116,142,1,805673.0,Zebby_Matthews,2.0,5.0,2.0,1.0,3.0,4.0,4.0,0.0,0.0,6.0,0.1,0.7475,0.7475,0.75,30.0,65.0,7.203296703296704,8.703296703296704,6.592336235193378,1.0666666666666667,0.0,82.0,0,1.0,1.2246467991473532e-16,-1.0,0.43388373911755823,-0.900968867902419,0.5,0.5,0.5,0.5,0.5,0.5,0.5,0.5,0.5,0.5,synthetic,synthetic,synthetic,synthetic,synthetic,0.0,0.0,0.0,0.0,0.0,-110.0,-110.0,-110.0,-110.0,-110.0,-110.0,-110.0,-110.0,-110.0,-110.0,0.0,0.0,0.0,0.0,0.0,2026-08-07T03:26:40.888653+00:00,0.09886194757623323,1.2388116651374337,0.15728189557208372,-0.21616666666666667,-0.12129869331770965,0.4,0.8,0.2,0.0,0.0,0.0,0.0,0.0,0.0,0.0,batter_pitcher_profile_network_v2,1.0,0.4,0.7414462808757625,0.0,0.6036691322370876,-0.4799466292134832,0.08715553342006827,0.0,47.0,12.069810316853879,0.0582342565281769,0.0,0.0,-0.5711588639200998,0.054703822340450216,0.0,47.0,12.161205641102624,0.02911110473930729,0.043666657108960935,0.00698666513743375,-0.44513108614232216,0.02741558441558442,0.0,47.0,12.266816876302105,0.11580167624829484,0.11580167624829484,0.005790083812414742,-0.6209305555555555,0.0649716794833074,0.0,47.0,12.108208740328063,0.0,0.0,0.0,-0.6868333333333334,0.048219155844155856,0.0,47.0,12.004830020149114,0.005210998280476549,0.003908248710357411,0.00023449492262144468
2026-06-12,Colt_Keith,690993,hitter,DET,CLE,2026,824425,72,116,114,0,676440.0,Tanner_Bibee,0.0,0.0,0.0,0.0,0.0,3.0,3.0,0.0,1.0,6.0,0.0967741935483871,0.0,0.0,0.0,0.0,10.0,8.5,6.625,3.9214285714285717,1.08,0.0,76.0,0,1.0,1.2246467991473532e-16,-1.0,-0.433883739117558,-0.9009688679024191,0.5,1.5,0.5,0.5,0.5,0.5,1.5,0.5,0.5,0.5,synthetic,synthetic,synthetic,synthetic,synthetic,0.0,0.0,0.0,0.0,0.0,-110.0,-110.0,-110.0,-110.0,-110.0,-110.0,-110.0,-110.0,-110.0,-110.0,0.0,0.0,0.0,0.0,0.0,2026-08-07T03:26:40.888653+00:00,0.4815508848132508,0.1909919582751094,0.012350074277523437,-0.23570846879274676,0.40207866626245325,0.6,1.6,0.4,0.2,0.6,2.0,5.0,2.0,1.0,3.0,batter_pitcher_profile_network_v2,1.0,0.9,0.45715612160760566,1.0,0.7833485375927616,-0.4734281106949646,0.36611378446115284,-0.05555555555555555,46.0,10.797335782557697,0.060389979060658606,-0.0404765589335446,-0.00404765589335446,-0.5141866416978776,0.43413305137844604,-0.05679012345679013,46.0,10.338640712332303,0.01368627084843232,-0.020846631748308232,-0.0033354610797293174,-0.44513108614232216,0.3812430555555556,-0.05185185185185185,46.0,10.986383161042754,0.06964135837384848,0.03186323670254019,0.0015931618351270095,-0.476912037037037,0.5138205513784462,-0.024691358024691357,46.0,9.661433494019892,-0.03434916996162835,-0.0523387517098704,-0.00130846879274676,-0.6178148148148148,0.45863888888888893,-0.029629629629629627,46.0,10.302627462095353,-0.033421423022338935,-0.046653565364644656,-0.0027992139218786793
2026-06-13,Colt_Keith,690993,hitter,DET,CLE,2026,824426,73,116,114,0,676282.0,Joey_Cantillo,0.0,0.0,0.0,0.0,0.0,1.0,1.0,0.0,0.0,8.0,0.02564102564102564,0.0,0.0,0.0,0.0,10.0,13.200000000000001,8.700000000000001,3.278571428571429,1.08,0.0,82.0,0,1.0,1.2246467991473532e-16,-1.0,-0.9749279121818236,-0.2225209339563146,0.5,0.5,0.5,0.5,0.5,0.5,0.5,0.5,0.5,0.5,synthetic,synthetic,synthetic,synthetic,synthetic,0.0,0.0,0.0,0.0,0.0,-110.0,-110.0,-110.0,-110.0,-110.0,-110.0,-110.0,-110.0,-110.0,-110.0,0.0,0.0,0.0,0.0,0.0,2026-08-07T03:26:40.888653+00:00,-0.1405569930173855,0.038703663615435646,-0.41063641689940533,-0.33591936729336885,-0.19408555894224194,0.4,1.0,0.4,0.2,0.6,0.0,0.0,0.0,0.0,0.0,batter_pitcher_profile_network_v2,1.0,0.8,0.48517682691811853,1.0,0.7512026709620244,-0.5057314814814817,0.13263350400931126,-0.05555555555555555,47.0,12.427548987818753,0.05098035740611158,-0.041254911858836625,-0.004125491185883663,-0.5357222222222224,0.22756028982739343,-0.05679012345679013,47.0,12.194782565127928,0.0033380568495968038,-0.03716460240352669,-0.00594633638456427,-0.47083333333333355,0.46768032895635214,-0.05185185185185185,47.0,11.250769171079687,0.04605097168819862,0.007546387286617773,0.0003773193643308887,-0.476912037037037,0.3550641718149711,-0.024691358024691357,47.0,11.493833805860724,-0.04243917535304893,-0.0607746917347541,-0.0015193672933688524,-0.6203148148148148,0.4151402150847165,-0.029629629629629627,47.0,11.359443493679949,-0.04106265211503927,-0.052799608744325655,-0.003167976524659539
2026-06-15,Colt_Keith,690993,hitter,DET,HOU,2026,824181,74,116,117,0,678906.0,Kai-Wei_Teng,3.0,12.0,3.0,3.0,6.0,5.0,4.0,0.0,1.0,6.0,0.11363636363636363,1.4040000000000001,1.4040000000000001,2.25,30.0,65.0,7.95,8.549999999999999,1.4271428571428573,1.08,0.0,73.0,0,2.0,1.2246467991473532e-16,-1.0,0.0,1.0,0.5,0.5,0.5,0.5,0.5,0.5,0.5,0.5,0.5,0.5,synthetic,synthetic,synthetic,synthetic,synthetic,0.0,0.0,0.0,0.0,0.0,-110.0,-110.0,-110.0,-110.0,-110.0,-110.0,-110.0,-110.0,-110.0,-110.0,0.0,0.0,0.0,0.0,0.0,2026-08-07T03:26:40.888653+00:00,-0.11563549783549776,3.470100075185189,0.4016178657281896,0.3013582321837216,0.23914763819237728,0.4,1.0,0.4,0.2,0.6,0.0,0.0,0.0,0.0,0.0,batter_pitcher_profile_network_v2,1.0,0.4,0.7330292669074557,0.0,0.6040815659215346,-0.44039057239057255,0.021110001947799006,0.0,49.0,13.504938315953114,0.03387260268819843,0.0,0.0,-0.49216161616161624,-0.07824196532917799,0.0,49.0,13.416539734240757,-0.0033165234126384213,-0.015255211910750896,-0.0024408339057201433,-0.4439393939393941,0.21741390728476828,0.0,49.0,13.441118653393964,0.04257809378456638,0.04257809378456638,0.002128904689228319,-0.476912037037037,-0.13869312426957534,0.0,49.0,13.168851692181805,-0.05201208824204541,-0.06967071265113621,-0.0017417678162784053,-0.6303148148148148,0.11259464679911708,0.0,49.0,13.332227363046742,-0.04546374002509465,-0.03409780501882099,-0.0020458683011292593
2026-06-17,Colt_Keith,690993,hitter,DET,HOU,2026,824178,75,116,117,0,663567.0,Peter_Lambert,0.0,0.0,0.0,0.0,0.0,3.0,2.0,0.0,0.0,6.0,0.0967741935483871,0.24,0.24,0.0,0.0,28.799999999999997,2.709868421052631,6.8921052631578945,2.1721008403361344,1.08,0.0,73.0,0,2.0,1.2246467991473532e-16,-1.0,0.9749279121818236,-0.22252093395631434,0.5,3.5,0.5,0.5,1.5,0.5,3.5,0.5,0.5,1.5,synthetic,synthetic,synthetic,synthetic,synthetic,0.0,0.0,0.0,0.0,0.0,-110.0,-110.0,-110.0,-110.0,-110.0,-110.0,-110.0,-110.0,-110.0,-110.0,0.0,0.0,0.0,0.0,0.0,2026-08-07T03:26:40.888653+00:00,0.7978926577101146,0.38058967500894036,0.5791848821685099,0.3802587729729675,0.6780138969106888,1.0,3.4,1.0,0.8,1.8,3.0,12.0,3.0,3.0,6.0,batter_pitcher_profile_network_v2,1.0,0.55,0.5713316628256341,0.0,0.6540065292171229,-0.2633888888888889,-0.21057344604444048,0.0,50.0,13.132014256022822,0.015574598982250927,-0.023775105948987484,-0.0023775105948987485,-0.18980555555555553,-0.2404167831659471,0.0,50.0,13.070898797194316,-0.06086647967801861,-0.11086090216186811,-0.0177377443458989,-0.2745277777777777,-0.07990518716176602,0.0,50.0,13.593945148801417,0.007290477191044452,-0.0021128743852909656,-0.00010564371926454829,-0.1315416666666667,-0.2217163863405503,0.0,50.0,13.10162659465464,-0.20114699346747159,-0.21364908108129968,-0.005341227027032492,-0.2963055555555554,-0.16290452578610465,0.0,50.0,13.052846138338298,-0.136802220645008,-0.1232932786503601,-0.007397596719021606
2026-06-19,Colt_Keith,690993,hitter,DET,CWS,2026,824264,76,116,145,1,685126.0,Brandon_Eisert,0.0,0.0,0.0,0.0,0.0,2.0,2.0,0.0,0.0,8.0,0.06451612903225806,0.0,0.0,0.0,0.0,10.0,15.0,13.5,3.908487940630798,1.0666666666666667,0.0,75.0,0,2.0,1.2246467991473532e-16,-1.0,-0.433883739117558,-0.9009688679024191,0.5,1.0,0.5,0.5,1.5,0.5,3.5,0.5,0.5,1.5,synthetic,real,real,real,synthetic,0.0,8.0,7.0,9.0,0.0,-110.0,-101.18918,136.337272,708.686887,-110.0,-110.0,103.376993,-184.334491,0.0,-110.0,0.0,0.5345224838248488,0.0,0.0,0.0,2026-06-19T20:50:58.917955+00:00,0.07484489396931793,1.049631124499994,0.05161425166192102,0.07553679524103307,-0.30363249061941344,1.0,3.4,1.0,0.8,1.8,0.0,0.0,0.0,0.0,0.0,batter_pitcher_profile_network_v2,1.0,0.1,0.826806987085987,0.0,0.5248716144081966,-0.3051296296296294,0.5,0.0,50.0,12.017580314500263,0.01253382916434928,0.0,0.0,-0.25523148148148134,0.6,0.0,50.0,11.053702347748272,-0.07946036834679972,-0.11919055252019958,-0.019070488403231934,-0.3575833333333332,0.8363636363636364,0.0,50.0,9.266425629622919,-0.03700935900528188,-0.03700935900528188,-0.001850467950264094,-0.2279351851851852,0.6,0.0,50.0,10.96390180512304,-0.23186152369200846,-0.23186152369200846,-0.005796538092300212,-0.4199907407407407,0.9181818181818182,0.0,50.0,8.33010083948305,-0.13173011984198263,-0.09879758988148697,-0.005927855392889218
2026-06-21,Colt_Keith,690993,hitter,DET,CWS,2026,824260,77,116,145,1,663436.0,Davis_Martin,1.0,1.0,1.0,0.0,0.0,5.0,5.0,0.0,0.0,6.0,0.11627906976744186,0.178,0.178,0.0,0.0,21.36,11.957142857142856,7.885714285714285,5.065630797773656,1.0666666666666667,-4.0,74.0,0,2.0,1.2246467991473532e-16,-1.0,-0.7818314824680299,0.6234898018587334,0.5,1.5,1.5,0.5,1.5,0.5,2.5,0.5,0.5,1.5,synthetic,real,real,real,synthetic,0.0,8.0,7.0,6.0,0.0,-110.0,161.940299,348.226356,1406.628542,-110.0,-110.0,-221.730472,-567.040988,0.0,-110.0,0.0,0.0,0.48795003647426666,0.0,0.0,2026-06-21T19:20:37.517202+00:00,0.19949052262236966,0.0733039020612094,-0.9636026985303262,-0.06482395820096798,-0.5427543226146039,0.6,2.4,0.6,0.6,1.2,0.0,0.0,0.0,0.0,0.0,batter_pitcher_profile_network_v2,1.0,0.85,0.4279507010674079,0.0,0.7529396332513562,-0.3181945496632995,-0.09774742002063991,0.0,49.0,13.764136947027827,0.051669953377370605,-0.017792275610020107,-0.0017792275610020109,-0.27063741582491574,-0.22585576809671237,0.0,49.0,13.361767259422544,-0.02678415841717722,-0.07514276328023257,-0.012022842124837212,-0.40308996212121206,-0.16411523784952567,0.0,49.0,13.442637525672339,-0.0030744319725849174,-0.04091732651971496,-0.0020458663259857483,-0.23412037037037042,-0.3556255049388176,0.0,49.0,12.572879853692912,-0.19866330872396812,-0.24629166137205227,-0.006157291534301307,-0.4711238425925926,-0.17570515013022744,0.0,49.0,13.201213454243,-0.14086294100107843,-0.15300080916330694,-0.009180048549798417
2026-06-22,Colt_Keith,690993,hitter,DET,NYY,2026,824261,78,116,147,1,543037.0,Gerrit_Cole,1.0,1.0,0.0,0.0,1.0,4.0,4.0,0.0,1.0,6.0,0.10810810810810811,0.2225,0.2225,0.0,0.0,26.7,4.75,7.125,4.371428571428572,1.0666666666666667,-13.0,75.0,0,1.0,1.2246467991473532e-16,-1.0,0.0,1.0,0.5,2.5,0.5,0.5,1.5,0.5,2.5,0.5,0.5,1.5,synthetic,synthetic,synthetic,synthetic,synthetic,0.0,0.0,0.0,0.0,0.0,-110.0,-110.0,-110.0,-110.0,-110.0,-110.0,-110.0,-110.0,-110.0,-110.0,0.0,0.0,0.0,0.0,0.0,2026-08-07T03:26:40.888653+00:00,0.47931636802760325,-0.6525453675581836,0.28658279196049896,-0.06458809683247357,-0.5727549083398594,0.8,2.6,0.8,0.6,1.2,1.0,1.0,1.0,0.0,0.0,batter_pitcher_profile_network_v2,1.0,0.35,0.798635284831287,0.0,0.5882585121628585,-0.18260384415314157,-0.238335900112005,0.0,49.0,13.73589881765685,0.04825852108365303,-0.008763604151252736,-0.0008763604151252736,-0.180070464003329,-0.037702385194990445,0.0,49.0,14.4229543982098,-0.05314870180575166,-0.0810901350764869,-0.012974421612237903,-0.31236259363295854,-0.17733011319281808,0.0,49.0,13.902303549398471,0.024556795613562107,0.01340294345708116,0.0006701471728540581,-0.233875925925926,0.186119336116485,0.0,49.0,13.976049471841446,-0.23685720663227564,-0.23685720663227564,-0.005921430165806891,-0.4700773148148147,-0.15411631537861048,0.0,49.0,13.814989067678306,-0.16302624233096202,-0.13685786744038758,-0.008211472046423255
2026-06-23,Colt_Keith,690993,hitter,DET,NYY,2026,824262,79,116,147,1,607074.0,Carlos_Rodón,0.0,0.0,0.0,0.0,0.0,2.0,2.0,0.0,0.0,7.0,0.05714285714285714,0.0,0.0,0.0,0.0,10.0,3.8000000000000003,11.200000000000001,4.114285714285714,1.0666666666666667,0.0,74.0,0,1.0,1.2246467991473532e-16,-1.0,0.7818314824680298,0.6234898018587336,0.5,2.5,0.5,0.5,1.5,0.5,2.5,0.5,0.5,1.5,synthetic,synthetic,synthetic,synthetic,synthetic,0.0,0.0,0.0,0.0,0.0,-110.0,-110.0,-110.0,-110.0,-110.0,-110.0,-110.0,-110.0,-110.0,-110.0,0.0,0.0,0.0,0.0,0.0,2026-08-07T03:26:40.888653+00:00,0.3194477603370627,-0.6825921537281352,-0.06317931719851083,-0.06474799205102649,-0.418560598833452,1.0,2.8,0.8,0.6,1.4,1.0,1.0,0.0,0.0,1.0,batter_pitcher_profile_network_v2,1.0,0.35,0.663014452684449,0.0,0.5940732553411543,-0.19016180555555554,-0.48745029060343614,0.0,49.0,12.042439302266516,0.06268631234882752,-0.031236682343659793,-0.0031236682343659793,-0.1874439814814815,-0.44353342931902523,0.0,49.0,12.541538755252,-0.028164844619427663,-0.07026346080084418,-0.011242153728135069,-0.34273263888888883,-0.07525844878079949,0.0,49.0,14.411041514132426,0.015819987472891622,0.007127941744071128,0.00035639708720355644,-0.23717222222222226,-0.3591170385905484,0.0,49.0,13.136486952908282,-0.21455108483781243,-0.24325301537439148,-0.006081325384359787,-0.4966895833333333,-0.22008874679404453,0.0,49.0,13.620807496572047,-0.1836580913323556,-0.17458140912896025,-0.010474884547737614
2026-06-24,Colt_Keith,690993,hitter,DET,NYY,2026,824259,80,116,147,1,677960.0,Ryan_Weathers,0.0,0.0,0.0,0.0,0.0,1.0,1.0,0.0,0.0,9.0,0.02631578947368421,0.0,0.0,0.0,0.0,10.0,7.127530364372469,7.174089068825911,4.114285714285714,1.0666666666666667,-6.0,74.0,0,1.0,1.2246467991473532e-16,-1.0,0.9749279121818236,-0.22252093395631434,0.5,0.5,0.5,0.5,0.5,0.5,0.5,0.5,0.5,0.5,synthetic,synthetic,synthetic,synthetic,synthetic,0.0,0.0,0.0,0.0,0.0,-110.0,-110.0,-110.0,-110.0,-110.0,-110.0,-110.0,-110.0,-110.0,-110.0,0.0,0.0,0.0,0.0,0.0,2026-08-07T03:26:40.888653+00:00,-0.06944881434355121,-0.351764796918153,-0.5,-0.4847259177125307,-0.4285891872906749,0.4,0.4,0.2,0.0,0.2,0.0,0.0,0.0,0.0,0.0,batter_pitcher_profile_network_v2,1.0,0.85,0.4479071480126456,0.0,0.7508616682131832,-0.1425427579365077,0.125118490144315,0.0,49.0,14.460285487938032,0.030518563051805263,0.0,0.0,-0.15569794973544962,0.2911354886995697,0.0,49.0,13.754504171738176,-0.07813182926423398,-0.11719774389635097,-0.018751639023416155,-0.3151532738095236,0.3324298816680398,0.0,49.0,13.888197589701905,-0.023883818534303634,-0.023883818534303634,-0.0011941909267151817,-0.2371722222222223,0.445905225541675,0.0,49.0,12.565213166363055,-0.24237004183456223,-0.24237004183456223,-0.006059251045864056,-0.4991895833333333,0.4051601448259345,0.0,49.0,13.169663170657378,-0.18335203168918368,-0.13751402376688776,-0.008250841426013265
2026-06-25,Colt_Keith,690993,hitter,DET,HOU,2026,824258,81,116,117,1,837227.0,Tatsuya_Imai,0.0,0.0,0.0,0.0,0.0,4.0,4.0,0.0,1.0,5.0,0.125,0.0,0.0,0.0,0.0,10.0,25.2,14.799999999999999,2.6774436090225566,1.0666666666666667,9.0,77.0,0,1.0,1.2246467991473532e-16,-1.0,0.43388373911755823,-0.900968867902419,0.5,0.5,0.5,0.5,0.5,0.5,0.5,0.5,0.5,0.5,synthetic,synthetic,synthetic,synthetic,synthetic,0.0,0.0,0.0,0.0,0.0,-110.0,-110.0,-110.0,-110.0,-110.0,-110.0,-110.0,-110.0,-110.0,-110.0,0.0,0.0,0.0,0.0,0.0,2026-08-07T03:26:40.888653+00:00,-0.3493005440056707,-0.24396894834089672,-0.4163776316080798,-0.4849663821420023,-0.38484389858526047,0.4,0.4,0.2,0.0,0.2,0.0,0.0,0.0,0.0,0.0,batter_pitcher_profile_network_v2,1.0,0.65,0.6425000000000001,0.0,0.6763409375,-0.11244644975031207,-0.03688801511220538,0.0,49.0,15.097016817488761,0.022595487218692454,-0.001482883665728949,-0.0001482883665728949,-0.13563374427798583,0.011292730356025238,0.0,49.0,15.11762809676016,-0.07799561808706956,-0.11699342713060434,-0.018718948340896695,-0.3034224016853932,0.5826040686681837,0.0,49.0,12.540427054406221,-0.04999624118415128,-0.04999624118415128,-0.0024998120592075643,-0.2371722222222222,0.13988502007565146,0.0,49.0,14.796125100939392,-0.2519886190134251,-0.2519886190134251,-0.0062997154753356285,-0.5041895833333333,0.479876264929866,0.0,49.0,13.198479321640725,-0.19369064525307358,-0.1452679839398052,-0.00871607903638831
2026-06-26,Colt_Keith,690993,hitter,DET,HOU,2026,824255,82,116,117,1,681293.0,Spencer_Arrighetti,1.0,4.0,1.0,1.0,1.0,4.0,3.0,1.0,0.0,6.0,0.11428571428571428,0.6975,0.6975,1.0,30.0,65.0,6.5,11.0,2.463157894736842,1.0666666666666667,-5.0,73.0,0,1.0,1.2246467991473532e-16,-1.0,-0.433883739117558,-0.9009688679024191,0.5,4.5,1.5,0.5,0.5,0.5,0.5,0.5,0.5,0.5,synthetic,real,real,synthetic,synthetic,0.0,8.0,7.0,0.0,0.0,-110.0,299.0,450.0,-110.0,-110.0,-110.0,0.0,0.0,-110.0,-110.0,0.0,1.4142135623730951,0.37796447300922725,0.0,0.0,2026-06-27T01:11:02.474098+00:00,-0.20531418095527343,-2.7413439509311863,-1.066080249338924,-0.16032287196986006,-0.20263519647791123,0.4,0.4,0.2,0.0,0.2,0.0,0.0,0.0,0.0,0.0,batter_pitcher_profile_network_v2,1.0,0.6,0.547749295487755,0.0,0.66974042678165,-0.1869435497295049,-0.3753997115634555,0.0,49.0,13.77502916511444,0.03914806870725624,-0.031738300780804155,-0.0031738300780804157,-0.19080002080732428,-0.3510320930291743,0.0,49.0,13.953118383585176,-0.05592705283038218,-0.11418094331991482,-0.018268950931186374,-0.35683520599250945,-0.15717352443614724,0.0,49.0,14.707484203329706,-0.0068983795111084295,-0.03226288151532404,-0.001613144075766202,-0.24335740740740747,-0.28707091555477154,0.0,49.0,14.19755439113348,-0.23465360084581577,-0.2662482121277354,-0.0066562053031933854,-0.5315518518518519,-0.25674619224047035,0.0,49.0,13.952533879982441,-0.19421923980228198,-0.2073848535792231,-0.012443091214753385
2026-06-27,Colt_Keith,690993,hitter,DET,HOU,2026,824257,83,116,117,1,678906.0,Kai-Wei_Teng,0.0,0.0,1.0,0.0,0.0,4.0,4.0,0.0,0.0,2.0,0.09523809523809523,0.0,0.0,0.0,0.0,10.0,8.75,13.85,2.463157894736842,1.0666666666666667,-7.0,77.0,0,1.0,1.2246467991473532e-16,-1.0,-0.9749279121818236,-0.2225209339563146,0.5,1.5,0.5,0.5,0.5,0.5,0.5,0.5,0.5,0.5,synthetic,real,real,real,synthetic,0.0,7.0,7.0,8.0,0.0,-110.0,106.909015,153.526672,714.013745,-110.0,-110.0,-102.957671,-206.151117,0.0,-110.0,0.0,0.5345224838248488,0.0,0.0,0.0,2026-06-27T13:01:31.487963+00:00,-0.20463498799003643,-0.35198010202030483,-0.29311516113236236,-0.2480413252881346,-0.13495999578270607,0.4,1.0,0.2,0.2,0.4,1.0,4.0,1.0,1.0,1.0,batter_pitcher_profile_network_v2,1.0,0.5,0.6809653196881458,1.0,0.6520408741691011,-0.0532637580515298,0.05552038065027762,0.1111111111111111,49.0,15.521184951791055,-0.014828641054181845,0.09338696220489698,0.009338696220489698,-0.012357628824476705,0.060776665344964356,0.1111111111111111,49.0,15.515477040216654,-0.1715500665545353,-0.16393813762690598,-0.026230102020304957,-0.21804211956521743,0.3391377147766324,0.1111111111111111,49.0,14.80620642239939,-0.11384807958898609,-0.02046111738408911,-0.0010230558692044555,-0.05423703703703711,0.09663362410785098,0.1111111111111111,49.0,15.317703650858247,-0.46837330706361274,-0.37498634485871574,-0.009374658621467894,-0.3299002314814817,0.28000756013745715,0.1111111111111111,49.0,14.802879557612508,-0.32713573892982395,-0.15196484199247098,-0.009117890519548259
2026-06-28,Colt_Keith,690993,hitter,DET,HOU,2026,824256,84,116,117,1,686613.0,Hunter_Brown,1.0,2.0,0.0,0.0,0.0,4.0,4.0,0.0,0.0,2.0,0.08888888888888889,0.3175,0.3175,0.25,21.25,49.35,2.0294117647058822,11.705882352941176,1.8470864661654136,1.0666666666666667,-8.0,82.0,0,1.0,1.2246467991473532e-16,-1.0,-0.7818314824680299,0.6234898018587334,0.5,0.5,0.5,0.5,0.5,0.5,0.5,0.5,0.5,0.5,synthetic,synthetic,synthetic,synthetic,synthetic,0.0,0.0,0.0,0.0,0.0,-110.0,-110.0,-110.0,-110.0,-110.0,-110.0,-110.0,-110.0,-110.0,-110.0,0.0,0.0,0.0,0.0,0.0,2026-08-07T03:26:40.888653+00:00,-0.3947768699633899,0.4168472280011509,-0.03104846136670547,-0.22803225328630533,-0.3761540851901183,0.2,0.8,0.4,0.2,0.2,0.0,0.0,1.0,0.0,0.0,batter_pitcher_profile_network_v2,1.0,0.3,0.7430887016026047,0.0,0.5776914902161043,-0.05908673941798934,-0.9000042016806722,0.0,50.0,8.655488506121767,0.036735271707082275,-0.013662109629476426,-0.0013662109629476427,-0.016239616402116422,-0.8730790210821169,0.0,50.0,8.978722069000419,-0.0365067552905517,-0.058402741659473775,-0.009344438665515804,-0.2052574404761905,-0.42544869526758056,0.0,50.0,13.12590788188039,-0.03312052636807952,-0.05555569349952245,-0.0027777846749761225,-0.05423703703703711,-0.8353597228365028,0.0,50.0,9.302745995330646,-0.18798347251747943,-0.19962346478554646,-0.0049905866196386615,-0.31990023148148167,-0.6179048356184579,0.0,50.0,11.121147589903718,-0.18321677382437185,-0.188195697195373,-0.01129174183172238
2026-06-30,Colt_Keith,690993,hitter,DET,NYY,2026,823528,85,116,147,0,693645.0,Cam_Schlittler,1.0,1.0,1.0,0.0,0.0,4.0,4.0,0.0,1.0,5.0,0.10256410256410256,0.2225,0.2225,0.0,0.0,26.7,0.4285714285714286,14.9,1.1444270015698588,1.08,0.0,86.0,0,2.0,1.2246467991473532e-16,-1.0,0.7818314824680298,0.6234898018587336,0.5,1.5,0.5,0.5,0.5,0.5,1.5,0.5,0.5,0.5,synthetic,synthetic,synthetic,synthetic,synthetic,0.0,0.0,0.0,0.0,0.0,-110.0,-110.0,-110.0,-110.0,-110.0,-110.0,-110.0,-110.0,-110.0,-110.0,0.0,0.0,0.0,0.0,0.0,2026-08-07T03:26:40.888653+00:00,-0.25715621831615065,-0.3877106526981473,-0.2759007035210602,-0.3417761547474643,-0.4317972916789008,0.4,1.2,0.4,0.2,0.2,1.0,2.0,0.0,0.0,0.0,batter_pitcher_profile_network_v2,1.0,1.0,0.3472496175741326,1.0,0.8262119218471687,-0.008309393667861584,-0.6377404403490561,0.04814814814814815,50.0,11.795235717107591,0.0194766168040036,0.02897470851824223,0.0028974708518242232,0.03445454002389478,-0.644875125790934,-0.017283950617283952,50.0,11.726494309988173,-0.06792603449158159,-0.12803532936342182,-0.02048565269814749,-0.1550181451612906,-0.6632819499249518,-0.08888888888888889,50.0,10.620091680269887,-0.02256242003806086,-0.14955645660644762,-0.0074778228303223815,0.010946990740740889,-0.6680842325194722,-0.1111111111111111,50.0,11.308799340010436,-0.2154250912277835,-0.2950461898985724,-0.00737615474746431,-0.2876328703703704,-0.6746958130340005,-0.08888888888888889,50.0,10.633752674189465,-0.18201805686065067,-0.3230671062129725,-0.019384026372778352
2026-07-01,Colt_Keith,690993,hitter,DET,NYY,2026,823530,86,116,147,0,701542.0,Will_Warren,1.0,1.0,0.0,0.0,0.0,3.0,3.0,0.0,1.0,5.0,0.06818181818181818,0.2966666666666667,0.2966666666666667,0.0,0.0,35.6,5.205882352941177,4.985294117647059,1.6587127158555732,1.08,2.0,95.0,0,1.0,-0.4999999999999997,-0.8660254037844388,0.9749279121818236,-0.22252093395631434,0.5,1.5,0.5,0.5,0.5,0.5,1.5,0.5,0.5,0.5,synthetic,synthetic,synthetic,synthetic,synthetic,0.0,0.0,0.0,0.0,0.0,-110.0,-110.0,-110.0,-110.0,-110.0,-110.0,-110.0,-110.0,-110.0,-110.0,0.0,0.0,0.0,0.0,0.0,2026-08-07T03:26:40.888653+00:00,0.37884744693049677,-0.42871392335531366,0.015859926612439068,-0.34363593275271487,-0.4199457496757396,0.6,1.4,0.6,0.2,0.2,1.0,1.0,1.0,0.0,0.0,batter_pitcher_profile_network_v2,1.0,1.0,0.38655354217587146,1.0,0.8213971910834558,0.03547127167060679,-0.11111509790829711,-0.06666666666666667,50.0,16.28414925218581,-0.01295461440242165,-0.04863628548646006,-0.004863628548646006,0.07033763790386127,-0.15385401680966987,-0.09382716049382715,50.0,16.181760371835612,-0.1243691256057687,-0.25824043006162006,-0.04131846880985921,-0.1015343528368795,-0.11490228922857025,-0.0962962962962963,50.0,16.0739544973723,-0.06411255851424108,-0.13802933512194548,-0.006901466756097274,0.017132175925925947,-0.1889474076142676,-0.1111111111111111,50.0,15.847538268298422,-0.29042078236593455,-0.3694373101085947,-0.009235932752714868,-0.24399976851851857,-0.12520161873048596,-0.08888888888888889,50.0,15.828651862039337,-0.2275846861769833,-0.2510533941722752,-0.015063203650336511
2026-07-02,Colt_Keith,690993,hitter,DET,TEX,2026,822884,87,116,140,0,543135.0,Nathan_Eovaldi,1.0,4.0,1.0,1.0,1.0,2.0,2.0,0.0,1.0,5.0,0.04878048780487805,1.05,1.05,1.5,30.0,65.0,2.785714285714286,10.928571428571429,7.939285714285715,1.08,0.0,74.0,0,1.0,-0.4999999999999997,-0.8660254037844388,0.43388373911755823,-0.900968867902419,0.5,1.5,0.5,0.5,0.5,0.5,1.5,0.5,0.5,0.5,synthetic,synthetic,synthetic,synthetic,synthetic,0.0,0.0,0.0,0.0,0.0,-110.0,-110.0,-110.0,-110.0,-110.0,-110.0,-110.0,-110.0,-110.0,-110.0,0.0,0.0,0.0,0.0,0.0,2026-08-07T03:26:40.888653+00:00,0.34724800552249213,1.8202117129676165,0.5820703356623205,0.10730235646991926,0.10266615188543415,0.8,1.6,0.6,0.2,0.2,1.0,1.0,0.0,0.0,0.0,batter_pitcher_profile_network_v2,1.0,0.95,0.3241582647877392,0.0,0.7947760819353269,-0.0044223453506700705,-0.007256054284936642,0.0,50.0,17.0483396024828,-0.00932391858921891,-2.168693535786257e-05,-2.168693535786257e-06,0.04374189322301007,0.0725311999153923,0.0,50.0,16.93073109923697,-0.1439568892366473,-0.21379112322069035,-0.03420657971531046,-0.12396343085106407,-0.049044186688064845,0.0,50.0,16.907721610014548,-0.08803838842626957,-0.09214729372223458,-0.004607364686111729,0.017132175925925947,0.14267522739953606,0.0,50.0,16.539138606421396,-0.3335577262276879,-0.3319057412032293,-0.008297643530080733,-0.2414997685185186,0.014390009929271308,0.0,50.0,16.769117555789897,-0.2147552774975183,-0.16106645812313872,-0.009663987487388323
2026-07-04,Colt_Keith,690993,hitter,DET,TEX,2026,822882,88,116,140,0,615698.0,Cal_Quantrill,1.0,1.0,1.0,0.0,0.0,4.0,4.0,0.0,2.0,6.0,0.1111111111111111,0.2225,0.2225,0.0,0.0,26.7,4.5,6.75,6.9750000000000005,1.08,0.0,74.0,0,2.0,-0.4999999999999997,-0.8660254037844388,-0.9749279121818236,-0.2225209339563146,0.5,1.5,0.5,0.5,0.5,0.5,1.5,0.5,0.5,0.5,synthetic,synthetic,synthetic,synthetic,synthetic,0.0,0.0,0.0,0.0,0.0,-110.0,-110.0,-110.0,-110.0,-110.0,-110.0,-110.0,-110.0,-110.0,-110.0,0.0,0.0,0.0,0.0,0.0,2026-08-07T03:26:40.888653+00:00,0.6092276663216984,0.13972334801573982,0.2884276245177857,-0.24179707971660547,0.03967446596302826,0.8,1.6,0.6,0.2,0.2,1.0,4.0,1.0,1.0,1.0,batter_pitcher_profile_network_v2,1.0,0.15,0.8458364779650318,0.0,0.5369577547173925,0.04820950059101667,-0.007625000000000062,0.0,50.0,17.697434369969876,-0.0003591563440648676,-5.66701163507678e-05,-5.66701163507678e-06,0.20016003743104815,0.020468749999999966,0.0,50.0,17.66734632529427,-0.12702518010462618,-0.18990615823495902,-0.030384985317593444,-0.0329550088652481,-0.26621875,0.0,50.0,16.440557988935147,-0.06759499587100484,-0.06894750964428716,-0.0034473754822143578,0.2526784722222223,0.05249999999999999,0.0,50.0,17.43182323257932,-0.29792826333327976,-0.29588318866421964,-0.007397079716605491,-0.02147430555555541,-0.186375,0.0,50.0,16.80975798942886,-0.2101151206016312,-0.15820334506064215,-0.009492200703638529
2026-07-05,Colt_Keith,690993,hitter,DET,TEX,2026,822879,89,116,140,0,677958.0,Kumar_Rocker,0.0,0.0,0.0,0.0,0.0,2.0,1.0,1.0,0.0,6.0,0.04878048780487805,0.345,0.345,0.0,0.0,41.4,6.6000000000000005,11.5,4.403571428571429,1.08,0.0,74.0,0,1.0,-0.4999999999999997,-0.8660254037844388,-0.7818314824680299,0.6234898018587334,0.5,1.5,0.5,0.5,0.5,0.5,1.5,0.5,0.5,0.5,synthetic,synthetic,synthetic,synthetic,synthetic,0.0,0.0,0.0,0.0,0.0,-110.0,-110.0,-110.0,-110.0,-110.0,-110.0,-110.0,-110.0,-110.0,-110.0,0.0,0.0,0.0,0.0,0.0,2026-08-07T03:26:40.888653+00:00,0.3215109213804843,-0.1541322971310175,0.15228534327791177,-0.34352755334509577,-0.28908304183780265,1.0,1.8,0.6,0.2,0.2,1.0,1.0,1.0,0.0,0.0,batter_pitcher_profile_network_v2,1.0,0.75,0.48693448960215335,1.0,0.7365128937678022,-0.18303796296296282,0.17922459226301152,0.1111111111111111,48.0,16.786728074551114,0.004981848993544938,0.08260747164456407,0.008260747164456407,-0.053312037037036894,0.09839342987862217,0.05432098765432099,48.0,17.123739584254,-0.09067637424225665,-0.09562868633715364,-0.015300589813944583,-0.2625416666666667,0.23955068081545722,0.1111111111111111,48.0,16.838580648717127,-0.07974032734068753,0.002867144303876537,0.00014335721519382686,0.06974328703703724,0.04824366949523558,-0.1111111111111111,48.0,17.056678412737586,-0.28422095936209757,-0.3651021338038301,-0.009127553345095752,-0.2645657407407406,0.2054059790050206,-0.08888888888888889,48.0,16.710790363155702,-0.20360685079936952,-0.21879111541517837,-0.013127466924910703
2026-07-07,Colt_Keith,690993,hitter,DET,ATH,2026,824254,90,116,133,1,669372.0,JT_Ginn,1.0,4.0,1.0,1.0,2.0,3.0,2.0,1.0,0.0,2.0,0.08108108108108109,0.93,0.93,1.5,30.0,65.0,3.687500000000005,7.3125,4.9770854145854155,1.0666666666666667,-5.0,85.0,0,2.0,-0.4999999999999997,-0.8660254037844388,0.7818314824680298,0.6234898018587336,0.5,1.5,0.5,0.5,0.5,0.5,1.5,0.5,0.5,0.5,synthetic,synthetic,synthetic,synthetic,synthetic,0.0,0.0,0.0,0.0,0.0,-110.0,-110.0,-110.0,-110.0,-110.0,-110.0,-110.0,-110.0,-110.0,-110.0,0.0,0.0,0.0,0.0,0.0,2026-08-07T03:26:40.888653+00:00,0.3596635192539661,1.550726073953553,0.44156894119642176,0.10373628825033265,-0.044630601911873624,0.8,1.4,0.6,0.2,0.2,0.0,0.0,0.0,0.0,0.0,batter_pitcher_profile_network_v2,1.0,0.95,0.4252455146709574,0.0,0.7830120532301673,-0.19509924463937628,-0.20666492076971985,0.0,49.0,17.386955235319522,0.06100462929532334,-0.02317419851973192,-0.0023174198519731923,-0.06897943469785577,-0.16024669224035212,0.0,49.0,17.59792081438351,-0.0564498249539608,-0.09102791616867074,-0.01456446658698732,-0.28717434210526316,-0.030671276296634818,0.0,49.0,17.74920499753563,-0.02888739432891803,-0.03394983390022289,-0.0016974916950111445,0.061002546296296326,-0.08334120443547405,0.0,49.0,17.611592209225943,-0.30095973675578624,-0.3038818033200232,-0.00759704508300058,-0.30952175925925907,-0.1123938372722446,0.0,49.0,17.308604645116716,-0.21414530635506368,-0.18060373320826334,-0.0108362239924958
2026-07-08,Colt_Keith,690993,hitter,DET,ATH,2026,824253,91,116,133,1,605488.0,Jeffrey_Springs,0.0,0.0,0.0,0.0,0.0,2.0,2.0,0.0,1.0,6.0,0.05405405405405406,0.0,0.0,0.0,0.0,10.0,9.971590909090908,7.7727272727272725,6.262799700299701,1.0666666666666667,-7.0,87.0,0,1.0,-0.4999999999999997,-0.8660254037844388,0.9749279121818236,-0.22252093395631434,0.5,1.5,0.5,0.5,0.5,0.5,1.5,0.5,0.5,0.5,synthetic,synthetic,synthetic,synthetic,synthetic,0.0,0.0,0.0,0.0,0.0,-110.0,-110.0,-110.0,-110.0,-110.0,-110.0,-110.0,-110.0,-110.0,-110.0,0.0,0.0,0.0,0.0,0.0,2026-08-07T03:26:40.888653+00:00,0.5000017505017507,0.22860678692252479,0.05709519625509052,-0.1024123193843719,0.3019291719403283,0.8,2.0,0.6,0.4,0.6,1.0,4.0,1.0,1.0,2.0,batter_pitcher_profile_network_v2,1.0,1.0,0.3591669384717331,0.0,0.8060020500372127,-0.1073449960598895,0.38272209101644095,0.0,50.0,16.42837896209422,0.018784398178745387,0.0,0.0,0.1106684594168638,0.5743714801526023,0.0,50.0,14.256659866251127,-0.11328228695120857,-0.12918900065313926,-0.02067024010450228,-0.16501950354609918,0.6624331039755351,0.0,50.0,14.074693241616384,-0.09805793736005332,-0.09805793736005332,-0.004902896868002667,0.3009932870370371,0.8179207920792079,0.0,50.0,11.133066789351068,-0.30759194637207093,-0.14982610870820928,-0.0037456527177052324,-0.0804685185185184,0.7094418960244648,0.0,50.0,13.204403454209082,-0.2172973476049833,-0.16297301070373746,-0.009778380642224247
2026-07-10,Colt_Keith,690993,hitter,DET,PHI,2026,824252,92,116,143,1,605400.0,Aaron_Nola,1.0,4.0,1.0,1.0,1.0,5.0,5.0,0.0,1.0,2.0,0.13157894736842105,0.42000000000000004,0.42000000000000004,0.6,30.0,65.0,7.331868131868132,9.461538461538462,7.971428571428572,1.0666666666666667,-5.0,82.0,0,2.0,-0.4999999999999997,-0.8660254037844388,-0.433883739117558,-0.9009688679024191,0.5,1.5,0.5,0.5,0.5,0.5,1.5,0.5,0.5,0.5,synthetic,synthetic,synthetic,synthetic,synthetic,0.0,0.0,0.0,0.0,0.0,-110.0,-110.0,-110.0,-110.0,-110.0,-110.0,-110.0,-110.0,-110.0,-110.0,0.0,0.0,0.0,0.0,0.0,2026-08-07T03:26:40.888653+00:00,0.29853460574513224,0.5327239913930022,0.37022637593278784,0.020159688757825145,0.28361480635185377,0.6,1.8,0.6,0.4,0.6,0.0,0.0,0.0,0.0,0.0,batter_pitcher_profile_network_v2,1.0,1.0,0.33731609045650807,0.0,0.8086787789190777,-0.14723861308116637,0.3693371077198663,0.0,50.0,17.263580708295212,0.006166075668115489,0.0,0.0,0.08407271473601256,0.4316326928818308,0.0,50.0,16.63301201310532,-0.12524113067497314,-0.1638138695832113,-0.02621021913331381,-0.18328191489361711,0.5267127953464161,0.0,50.0,16.3909928263971,-0.1176905264570286,-0.1176905264570286,-0.005884526322851431,0.3009932870370371,0.4899301066749343,0.0,50.0,15.956229838593227,-0.34466891187751736,-0.24694578302032077,-0.0061736445755080195,-0.07546851851851842,0.5896893279134658,0.0,50.0,15.37269801782081,-0.23763254055195807,-0.17822440541396856,-0.010693464324838113
2026-07-11,Colt_Keith,690993,hitter,DET,PHI,2026,824249,93,116,143,1,650911.0,Cristopher_Sánchez,0.0,0.0,0.0,0.0,0.0,1.0,1.0,0.0,0.0,7.0,0.027777777777777776,0.0,0.0,0.0,0.0,10.0,11.1,8.357142857142858,9.428571428571429,1.0666666666666667,-11.0,83.0,0,1.0,-0.4999999999999997,-0.8660254037844388,-0.9749279121818236,-0.2225209339563146,0.5,1.5,0.5,0.5,0.5,0.5,1.5,0.5,0.5,0.5,synthetic,synthetic,synthetic,synthetic,synthetic,0.0,0.0,0.0,0.0,0.0,-110.0,-110.0,-110.0,-110.0,-110.0,-110.0,-110.0,-110.0,-110.0,-110.0,0.0,0.0,0.0,0.0,0.0,2026-08-07T03:26:40.888653+00:00,0.4034655833801031,0.07154949801328292,0.17352636228706708,-0.10866016513463966,0.2684956108343851,0.6,1.8,0.6,0.4,0.6,1.0,4.0,1.0,1.0,1.0,batter_pitcher_profile_network_v2,1.0,0.95,0.4367746430727704,0.0,0.7816703509124063,-0.08453686521573159,-0.1372440379970534,0.0,50.0,19.428199991916244,0.018301667489514284,-0.006534642389445601,-0.0006534642389445602,0.1519695589919814,-0.20163463689142297,0.0,50.0,18.939648899661435,-0.09280195685030314,-0.15646147075031636,-0.02503383532005062,-0.1004776632302409,-0.20625971481782676,0.0,50.0,18.4238709976601,-0.06137162220775446,-0.07304418283008925,-0.0036522091415044627,0.388030324074074,-0.30758221753658427,0.0,50.0,17.759645848594054,-0.3325183009822871,-0.39973993871891944,-0.009993498467972987,0.03142962962962946,-0.16367234922642893,0.0,50.0,18.514183658702386,-0.23168417633840943,-0.1766604543475519,-0.010599627260853114
2026-07-12,Colt_Keith,690993,hitter,DET,PHI,2026,824250,94,116,143,1,554430.0,Zack_Wheeler,0.0,0.0,0.0,0.0,0.0,4.0,3.0,1.0,1.0,3.0,0.12903225806451613,0.1725,0.1725,0.0,0.0,20.7,3.4285714285714284,14.571428571428571,9.428571428571429,1.0666666666666667,-8.0,83.0,0,1.0,-0.4999999999999997,-0.8660254037844388,-0.7818314824680299,0.6234898018587334,0.5,1.5,0.5,0.5,0.5,0.5,1.5,0.5,0.5,0.5,synthetic,synthetic,synthetic,synthetic,synthetic,0.0,0.0,0.0,0.0,0.0,-110.0,-110.0,-110.0,-110.0,-110.0,-110.0,-110.0,-110.0,-110.0,-110.0,0.0,0.0,0.0,0.0,0.0,2026-08-07T03:26:40.888653+00:00,-0.03632164207898475,-0.4274675636406673,0.16789409644300257,-0.20862662773009877,0.2787581646285937,0.4,1.6,0.4,0.4,0.6,0.0,0.0,0.0,0.0,0.0,batter_pitcher_profile_network_v2,1.0,0.7,0.5238152613632081,0.0,0.7000828413381048,-0.09837300194931768,-0.5487373511997419,0.0,50.0,16.328760551157043,0.02858736765015364,-0.025704900052520428,-0.002570490005252043,0.14274546783625736,-0.40129375455759675,0.0,50.0,17.84095198018571,-0.09950597204848181,-0.1765361840444932,-0.02824578944711891,-0.11386842105263151,-0.44801747444455303,0.0,50.0,16.50726792549328,-0.05050981829635236,-0.07480240293718346,-0.0037401201468591732,0.38803032407407406,-0.2515471329359752,0.0,50.0,18.623828118369918,-0.3519190427998179,-0.39839844253728196,-0.00995996106343205,0.028929629629629763,-0.444613445415524,0.0,50.0,16.522860402824417,-0.2398854810215923,-0.18603903806414662,-0.011162342283848797
2026-07-17,Colt_Keith,690993,hitter,DET,LAA,2026,824009,95,116,108,0,672282.0,Reid_Detmers,0.0,0.0,0.0,0.0,0.0,1.0,1.0,0.0,1.0,8.0,0.02857142857142857,0.0,0.0,0.0,0.0,10.0,7.808823529411765,11.735294117647058,6.507692307692308,1.08,9.0,80.0,0,5.0,-0.4999999999999997,-0.8660254037844388,-0.433883739117558,-0.9009688679024191,0.5,1.5,0.5,0.5,0.5,0.5,1.5,0.5,0.5,0.5,synthetic,synthetic,synthetic,synthetic,synthetic,0.0,0.0,0.0,0.0,0.0,-110.0,-110.0,-110.0,-110.0,-110.0,-110.0,-110.0,-110.0,-110.0,-110.0,0.0,0.0,0.0,0.0,0.0,2026-08-07T03:26:40.888653+00:00,-0.1649962854877131,-0.6120781876050723,-0.2510416295530342,-0.20424836102220567,-0.03726188055670537,0.4,1.6,0.4,0.4,0.6,0.0,0.0,0.0,0.0,0.0,batter_pitcher_profile_network_v2,1.0,1.0,0.3894742472176136,0.0,0.8022894047158423,-0.06925378898635486,-0.22214871669047348,0.0,50.0,19.81304827872711,0.0033810017669362582,-0.009392719130525305,-0.0009392719130525305,0.1672801900584795,-0.197608502922247,0.0,50.0,19.721364861786018,-0.11957976041280706,-0.19955117253170032,-0.03192818760507205,-0.06485800438596498,0.017196204404496603,0.0,50.0,20.117167589258838,-0.10352489875299074,-0.10352489875299074,-0.005176244937649538,0.391993287037037,-0.13977258215136906,0.0,50.0,19.524194460465164,-0.36048378745028503,-0.393934440888226,-0.00984836102220565,0.06804884259259258,-0.010302457265738937,0.0,50.0,19.801908520790082,-0.249351436738337,-0.18744159902201368,-0.01124649594132082
2026-07-18,Colt_Keith,690993,hitter,DET,LAA,2026,824008,96,116,108,0,680570.0,Grayson_Rodriguez,4.0,4.0,1.0,0.0,2.0,5.0,4.0,0.0,0.0,3.0,0.125,0.712,0.712,0.0,0.0,65.0,5.383928571428572,4.660714285714286,6.85054945054945,1.08,0.0,79.0,0,1.0,-0.4999999999999997,-0.8660254037844388,-0.9749279121818236,-0.2225209339563146,0.5,0.5,0.5,0.5,0.5,0.5,0.5,0.5,0.5,0.5,synthetic,synthetic,synthetic,synthetic,synthetic,0.0,0.0,0.0,0.0,0.0,-110.0,-110.0,-110.0,-110.0,-110.0,-110.0,-110.0,-110.0,-110.0,-110.0,0.0,0.0,0.0,0.0,0.0,2026-08-07T03:26:40.888653+00:00,0.1992840161568693,0.30012641844065624,0.19432538445268466,-0.3452001722290563,0.030011488972965905,0.2,0.8,0.2,0.2,0.2,0.0,0.0,0.0,0.0,0.0,batter_pitcher_profile_network_v2,1.0,0.5,0.6471845252194117,1.0,0.6541099478303111,-0.12400760902031085,0.3548294117647059,-0.06296296296296296,49.0,18.594274525417404,-0.04042624399960545,-0.051855809127277774,-0.0051855809127277774,0.1307776433691755,0.23623938200280115,-0.10864197530864196,49.0,19.697997341310607,-0.15354724565203717,-0.3088973847458989,-0.04942358155934382,-0.09719388440860234,0.5190696049253034,-0.1037037037037037,49.0,17.621039336811545,-0.15563219352141744,-0.2410417614957573,-0.012052088074787866,0.391993287037037,0.16735917366946787,-0.1111111111111111,49.0,19.92669695344818,-0.36364262865777386,-0.43200688916225205,-0.010800172229056302,0.0705488425925926,0.45069286881419235,-0.1111111111111111,49.0,18.090676424275536,-0.2510767280545403,-0.26859972590844394,-0.016115983554506635
2026-07-19,Colt_Keith,690993,hitter,DET,LAA,2026,824007,97,116,108,0,696270.0,Ryan_Johnson,0.0,0.0,0.0,0.0,0.0,2.0,2.0,0.0,1.0,3.0,0.058823529411764705,0.0,0.0,0.0,0.0,10.0,3.9,6.8999999999999995,3.25054945054945,1.08,9.0,84.0,0,1.0,-0.4999999999999997,-0.8660254037844388,-0.7818314824680299,0.6234898018587334,0.5,1.5,0.5,0.5,0.5,0.5,1.5,0.5,0.5,0.5,synthetic,synthetic,synthetic,synthetic,synthetic,0.0,0.0,0.0,0.0,0.0,-110.0,-110.0,-110.0,-110.0,-110.0,-110.0,-110.0,-110.0,-110.0,-110.0,0.0,0.0,0.0,0.0,0.0,2026-08-07T03:26:40.888653+00:00,0.9789130771989123,-0.02685471353942881,-0.186950584043321,-0.3421371895164374,0.1533911161176309,1.0,1.6,0.4,0.2,0.6,4.0,4.0,1.0,0.0,2.0,batter_pitcher_profile_network_v2,1.0,0.4,0.7145087377896007,0.0,0.6049890718483095,0.08896518912529554,0.1393154385171791,0.0,51.0,20.87129493049364,-0.06188422929193216,0.0035384427497333493,0.000353844274973335,0.28753882978723405,0.2738991862567812,0.0,51.0,19.889880665744585,-0.180572922466512,-0.2483750478567245,-0.03974000765707592,0.08785549645390067,0.22861075949367102,0.0,51.0,20.679845978376502,-0.13264808230669517,-0.12691407259234017,-0.006345703629617009,0.4061784722222222,0.44759380650994585,0.0,51.0,18.10388820811945,-0.36139073960939716,-0.30948758065749604,-0.007737189516437402,0.16111944444444437,0.25783808016877646,0.0,51.0,20.196737826681673,-0.3116540478492935,-0.22188044996794878,-0.013312826998076926
2026-07-20,Colt_Keith,690993,hitter,DET,CHC,2026,824654,98,116,112,0,592791.0,Jameson_Taillon,1.0,2.0,1.0,0.0,0.0,2.0,2.0,0.0,0.0,3.0,0.0425531914893617,0.635,0.635,0.5,30.0,65.0,6.347368421052631,11.242105263157896,3.9642857142857144,1.0522222222222224,7.0,79.0,0,1.0,-0.4999999999999997,-0.8660254037844388,0.0,1.0,0.5,0.5,0.5,0.5,0.5,0.5,0.5,0.5,0.5,0.5,synthetic,synthetic,synthetic,synthetic,synthetic,0.0,0.0,0.0,0.0,0.0,-110.0,-110.0,-110.0,-110.0,-110.0,-110.0,-110.0,-110.0,-110.0,-110.0,0.0,0.0,0.0,0.0,0.0,2026-08-07T03:26:40.888653+00:00,0.03341935690289566,0.784006010803264,-0.09177458395441401,-0.2885182492054085,-0.09360605060653726,0.8,0.8,0.2,0.0,0.4,0.0,0.0,0.0,0.0,0.0,batter_pitcher_profile_network_v2,1.0,0.8,0.5294331215725516,0.0,0.7281155540858899,-0.016589635603345143,0.45262302179188996,0.0,51.0,17.968488369237747,-0.06123138982712031,0.0,0.0,0.18311030465949835,0.6159968778440692,0.0,51.0,15.870233780867947,-0.15008826602202632,-0.1720546310611616,-0.027528740969785855,-0.005184139784946057,0.720866935483871,0.0,51.0,15.479294533660294,-0.1521178189059106,-0.1521178189059106,-0.007605890945295531,0.31080810185185187,0.8084913793103449,0.0,51.0,13.33445301339989,-0.3274211264412915,-0.2091744126607875,-0.005229360316519688,0.04866574074074086,0.7641862170087977,0.0,51.0,14.636000037119604,-0.27584230321568265,-0.18938149187187198,-0.011362889512312319
2026-07-21,Colt_Keith,690993,hitter,DET,CHC,2026,824652,99,116,112,0,656849.0,David_Peterson,0.0,0.0,0.0,0.0,0.0,1.0,1.0,0.0,0.0,2.0,0.02702702702702703,0.0,0.0,0.0,0.0,10.0,9.840641711229948,4.713368983957219,3.560924369747899,1.0522222222222224,-14.0,82.0,0,1.0,-0.4999999999999997,-0.8660254037844388,0.7818314824680298,0.6234898018587336,0.5,1.5,0.5,0.5,0.5,0.5,1.5,0.5,0.5,0.5,synthetic,synthetic,synthetic,synthetic,synthetic,0.0,0.0,0.0,0.0,0.0,-110.0,-110.0,-110.0,-110.0,-110.0,-110.0,-110.0,-110.0,-110.0,-110.0,0.0,0.0,0.0,0.0,0.0,2026-08-07T03:26:40.888653+00:00,0.6128654270972134,-0.59977078861223,-0.2025422078171903,-0.4935564024626597,-0.32346378731245606,1.0,1.2,0.4,0.0,0.4,1.0,2.0,1.0,0.0,0.0,batter_pitcher_profile_network_v2,1.0,0.75,0.4945526516238348,0.0,0.7170629751320602,0.09638490143369187,0.4037916691151986,0.0,51.0,19.008409813357453,-0.08012292668972412,0.01967171775428427,0.001967171775428427,0.2951241935483872,0.17512408669761614,0.0,51.0,20.962602041861643,-0.1699195130803257,-0.2287560549525647,-0.03660096879241036,0.10971169354838721,0.4083203642762467,0.0,51.0,19.808964840502384,-0.1704923942009172,-0.14784960717278578,-0.007392480358639289,0.4061784722222222,-0.040741297917768524,0.0,51.0,20.873642476821285,-0.4023362798603542,-0.41070054295083436,-0.01026751357377086,0.17997361111111118,0.3654678001736827,0.0,51.0,19.865208712202673,-0.3175227598304401,-0.20489649306058016,-0.01229378958363481
2026-07-22,Colt_Keith,690993,hitter,DET,CHC,2026,824650,100,116,112,0,607067.0,Colin_Rea,0.0,0.0,0.0,0.0,0.0,3.0,3.0,0.0,1.0,3.0,0.08333333333333333,0.0,0.0,0.0,0.0,10.0,4.3875,7.125,3.3772509003601443,1.0522222222222224,-10.0,72.0,0,1.0,-0.4999999999999997,-0.8660254037844388,0.9749279121818236,-0.22252093395631434,0.5,1.5,0.5,0.5,0.5,0.5,1.5,0.5,0.5,0.5,synthetic,synthetic,synthetic,synthetic,synthetic,0.0,0.0,0.0,0.0,0.0,-110.0,-110.0,-110.0,-110.0,-110.0,-110.0,-110.0,-110.0,-110.0,-110.0,0.0,0.0,0.0,0.0,0.0,2026-08-07T03:26:40.888653+00:00,0.3809809085935628,-0.8142651973764079,-0.29115858587986077,-0.49081657413215635,-0.26672665804196527,1.0,1.2,0.4,0.0,0.4,0.0,0.0,0.0,0.0,0.0,batter_pitcher_profile_network_v2,1.0,0.95,0.330328781774244,0.0,0.7940579880210223,0.08877106481481493,0.32087835223646677,0.0,51.0,20.178389488780024,-0.08517201632184211,0.01907539245823615,0.0019075392458236151,0.28492638888888905,0.3307362633587574,0.0,51.0,20.092616107999753,-0.1778289634116472,-0.20363665026921626,-0.0325818640430746,0.09170486111111127,0.32123985235793107,0.0,51.0,20.77450355720652,-0.17515063384026078,-0.15542261795735934,-0.007771130897867968,0.40221550925925925,0.36244121562606046,0.0,51.0,19.659966941898688,-0.39873173043535476,-0.30110740973070005,-0.007527685243267502,0.15085439814814836,0.3377787346172788,0.0,51.0,20.34167318503503,-0.3252578946149333,-0.20982005099954187,-0.012589203059972512
2026-07-23,Colt_Keith,690993,hitter,DET,KC,2026,824247,101,116,118,1,677976.0,Randy_Dobnak,0.0,0.0,0.0,0.0,0.0,2.0,2.0,0.0,0.0,3.0,0.058823529411764705,0.0,0.0,0.0,0.0,10.0,2.192307692307692,4.635746606334841,6.964285714285714,1.0666666666666667,-7.0,76.0,0,1.0,-0.4999999999999997,-0.8660254037844388,0.43388373911755823,-0.900968867902419,0.5,1.5,0.5,0.5,0.5,0.5,1.5,0.5,0.5,0.5,synthetic,synthetic,synthetic,synthetic,synthetic,0.0,0.0,0.0,0.0,0.0,-110.0,-110.0,-110.0,-110.0,-110.0,-110.0,-110.0,-110.0,-110.0,-110.0,0.0,0.0,0.0,0.0,0.0,2026-08-07T03:26:40.888653+00:00,0.6368856830554788,-0.8466722688831364,-0.14424633814760834,-0.48922446768283395,-0.11881101414871365,1.0,1.2,0.4,0.0,0.4,0.0,0.0,0.0,0.0,0.0,batter_pitcher_profile_network_v2,1.0,0.1,0.7383151076318567,0.0,0.5259556399315097,0.04710439814814815,0.24148217754467755,0.0,52.0,21.643855599346995,-0.09797299122467806,0.0029766323216482917,0.0002976632321648292,0.2571486111111111,0.17987519425019433,0.0,52.0,21.984693827756526,-0.1962259423532372,-0.2822347687548964,-0.04515756300078343,0.07226041666666665,0.23872536260036276,0.0,52.0,22.024103994752828,-0.19107958595614036,-0.18656541841435031,-0.009328270920717516,0.4022155092592592,0.16633352758352768,0.0,52.0,21.747670620684485,-0.4398192635597163,-0.4223120406466922,-0.010557801016167306,0.15585439814814808,0.18069295519295536,0.0,52.0,21.915170453188306,-0.3476431417400945,-0.2533628408539113,-0.015201770451234678
2026-07-24,Colt_Keith,690993,hitter,DET,KC,2026,824248,102,116,118,1,694360.0,Beck_Way,1.0,1.0,1.0,0.0,0.0,4.0,4.0,0.0,2.0,1.0,0.12903225806451613,0.2225,0.2225,0.0,0.0,26.7,1.8,9.6,6.75,1.0666666666666667,-8.0,78.0,0,1.0,-0.4999999999999997,-0.8660254037844388,-0.433883739117558,-0.9009688679024191,0.5,0.5,0.5,0.5,0.5,0.5,0.5,0.5,0.5,0.5,synthetic,synthetic,synthetic,synthetic,synthetic,0.0,0.0,0.0,0.0,0.0,-110.0,-110.0,-110.0,-110.0,-110.0,-110.0,-110.0,-110.0,-110.0,-110.0,0.0,0.0,0.0,0.0,0.0,2026-08-07T03:26:40.888653+00:00,-0.05165591397849456,-0.1490130911900841,-0.04697451567098282,-0.4859210348892182,-0.24661938178801251,0.2,0.4,0.2,0.0,0.0,0.0,0.0,0.0,0.0,0.0,batter_pitcher_profile_network_v2,1.0,0.0,1.0,0.0,0.5,-0.09648093434343422,0.0,0.0,51.0,22.251452565205547,-0.05138594827502678,0.0,0.0,0.1042414141414142,0.0,0.0,51.0,22.13313982670251,-0.11788048748556551,-0.17682073122834827,-0.028291316996535722,-0.06903219696969687,0.0,0.0,51.0,21.890224279605064,-0.08360321664546357,-0.08360321664546357,-0.004180160832273179,0.2755951388888888,0.0,0.0,51.0,21.717022528419015,-0.2901747289020592,-0.2901747289020592,-0.0072543682225514805,-0.010193055555555601,0.0,0.0,51.0,21.642737709157288,-0.2135848282640789,-0.16018862119805918,-0.00961131727188355
2026-07-25,Colt_Keith,690993,hitter,DET,KC,2026,824244,103,116,118,1,608379.0,Michael_Wacha,2.0,3.0,0.0,0.0,0.0,4.0,4.0,0.0,1.0,1.0,0.1111111111111111,0.54,0.54,0.25,21.25,65.0,4.357142857142857,11.714285714285714,6.107142857142857,1.0666666666666667,0.0,78.0,0,1.0,-0.4999999999999997,-0.8660254037844388,-0.9749279121818236,-0.2225209339563146,0.5,0.5,0.5,0.5,0.5,0.5,0.5,0.5,0.5,0.5,synthetic,synthetic,synthetic,synthetic,synthetic,0.0,0.0,0.0,0.0,0.0,-110.0,-110.0,-110.0,-110.0,-110.0,-110.0,-110.0,-110.0,-110.0,-110.0,0.0,0.0,0.0,0.0,0.0,2026-08-07T03:26:40.888653+00:00,0.061855611512977915,0.5273681396071792,0.3360626119939333,-0.3712531475938301,-0.20810548235865534,0.4,0.6,0.4,0.0,0.0,1.0,1.0,1.0,0.0,0.0,batter_pitcher_profile_network_v2,1.0,1.0,0.3402848481912664,1.0,0.8270651060965699,-0.09280059040782346,0.05946777062814042,-0.07037037037037036,49.0,21.60624963495406,-0.06493408703111704,-0.04715817058450751,-0.004715817058450752,0.11339096441947569,0.04863747858995603,-0.10370370370370369,49.0,21.520711095546428,-0.11949138123158794,-0.2450949607884637,-0.039215193726154195,-0.03394861891385756,0.009598612633459434,-0.1037037037037037,49.0,21.26021633572265,-0.11139436587649605,-0.18089061726419134,-0.009044530863209567,0.28178032407407405,0.06573306682525017,-0.1111111111111111,49.0,21.132779139091483,-0.26621839971902134,-0.32845923708653946,-0.008211480927163487,0.03844004629629634,0.01951282831973395,-0.1037037037037037,49.0,21.058151852856746,-0.19976015358042443,-0.21882153137441435,-0.013129291882464861
2026-07-26,Colt_Keith,690993,hitter,DET,KC,2026,824246,104,116,118,1,679883.0,Luinder_Avila,1.0,1.0,1.0,0.0,0.0,5.0,4.0,1.0,0.0,1.0,0.125,0.316,0.316,0.0,0.0,37.92,3.3473684210526318,7.515789473684211,6.107142857142857,1.0666666666666667,0.0,82.0,0,1.0,-0.4999999999999997,-0.8660254037844388,-0.7818314824680299,0.6234898018587334,0.5,0.5,0.5,0.5,0.5,0.5,0.5,0.5,0.5,0.5,synthetic,synthetic,synthetic,synthetic,synthetic,0.0,0.0,0.0,0.0,0.0,-110.0,-110.0,-110.0,-110.0,-110.0,-110.0,-110.0,-110.0,-110.0,-110.0,0.0,0.0,0.0,0.0,0.0,2026-08-07T03:26:40.888653+00:00,0.5915795739348371,0.5539552592884533,-0.035502751284672285,-0.4851242341317113,-0.25318691187261927,0.6,0.8,0.2,0.0,0.0,2.0,3.0,0.0,0.0,0.0,batter_pitcher_profile_network_v2,1.0,0.5,0.6808004555868177,0.0,0.6333009720953074,-0.012457699275361903,0.3436243527261651,0.0,50.0,20.783302585737964,-0.08153709944726742,0.0,0.0,0.20101153381642542,0.30146835973195246,0.0,50.0,21.170969304901384,-0.14204012033941035,-0.1937171294471669,-0.030994740711546707,0.0756163949275366,0.7270025510204083,0.0,50.0,16.790796961049328,-0.15574533898518794,-0.1381978828363018,-0.006909894141815091,0.3643902777777778,0.30918519646664633,0.0,50.0,20.923096642885053,-0.29426502148989714,-0.2583026986017843,-0.006457567465044608,0.17089375000000026,0.6401530612244899,0.0,50.0,17.850020422754326,-0.20976100547026819,-0.12240091216270224,-0.0073440547297621344
2026-07-27,Colt_Keith,690993,hitter,DET,BAL,2026,824245,105,116,110,1,680694.0,Kyle_Bradish,2.0,3.0,1.0,0.0,0.0,3.0,3.0,0.0,0.0,3.0,0.07894736842105263,0.7200000000000001,0.7200000000000001,0.3333333333333333,28.333333333333332,65.0,2.1239130434782605,6.206521739130435,2.8392857142857144,1.0666666666666667,6.0,84.0,0,1.0,-0.4999999999999997,-0.8660254037844388,0.0,1.0,0.5,0.5,0.5,0.5,0.5,0.5,0.5,0.5,0.5,0.5,synthetic,synthetic,synthetic,synthetic,synthetic,0.0,0.0,0.0,0.0,0.0,-110.0,-110.0,-110.0,-110.0,-110.0,-110.0,-110.0,-110.0,-110.0,-110.0,0.0,0.0,0.0,0.0,0.0,2026-08-07T03:26:40.888653+00:00,0.46331517065558236,0.9679235105533095,0.21829021071222732,-0.3213168234916794,-0.34037218883291076,0.8,1.0,0.4,0.0,0.0,1.0,1.0,1.0,0.0,0.0,batter_pitcher_profile_network_v2,1.0,1.0,0.3969306879589188,0.0,0.8013759907250324,-0.14039312600644133,-0.07670885317211386,0.0,50.0,22.384408839979727,-0.018706922862561516,-0.00649469204938535,-0.0006494692049385351,-0.07158677536231896,-0.0866250197618014,0.0,50.0,22.217318045590353,0.03358893894566074,0.046643651484499796,0.007462984237519968,-0.0803763586956523,0.11038181992786164,0.0,50.0,22.222796230212754,-0.037955184251695064,-0.037955184251695064,-0.0018977592125847534,0.029360648148148066,-0.08051259837815358,0.0,50.0,21.78046083746582,0.12875265712940456,0.1273270603328251,0.0031831765083206276,-0.17280254629629643,0.04492453481255767,0.0,50.0,21.9589931177431,0.040476004214346446,0.030357003160759836,0.00182142018964559
2026-07-28,Colt_Keith,690993,hitter,DET,BAL,2026,824243,106,116,110,1,665152.0,Dean_Kremer,2.0,4.0,1.0,0.0,2.0,5.0,3.0,2.0,0.0,5.0,0.10869565217391304,0.778,0.778,0.6666666666666666,30.0,65.0,6.8999999999999995,8.65,2.8392857142857144,1.0666666666666667,7.0,79.0,0,1.0,-0.4999999999999997,-0.8660254037844388,0.7818314824680298,0.6234898018587336,1.5,1.5,0.5,0.5,0.5,1.5,1.5,0.5,0.5,0.5,synthetic,synthetic,synthetic,synthetic,synthetic,0.0,0.0,0.0,0.0,0.0,-110.0,-110.0,-110.0,-110.0,-110.0,-110.0,-110.0,-110.0,-110.0,-110.0,0.0,0.0,0.0,0.0,0.0,2026-08-07T03:26:40.888653+00:00,-0.22591671434164784,1.0705523495079596,0.3949108736924932,-0.2339297531290107,-0.2884542148316187,1.2,1.6,0.6,0.0,0.0,2.0,3.0,1.0,0.0,0.0,batter_pitcher_profile_network_v2,1.0,0.35,0.7228405359097473,0.0,0.5915082120228696,-0.0569857185990338,-0.06590102396983134,0.0,50.0,22.90508387946407,-0.04341223840174905,-0.001040849420619725,-0.0001040849420619725,0.02161692834138481,0.21760894767890177,0.0,50.0,22.327847522315288,-0.0029246066960439726,-0.003083141662208651,-0.0004933026659533842,0.0054569746376811334,0.2505199113949116,0.0,50.0,22.406270875913474,-0.05357757460110817,-0.05319867521845929,-0.002659933760922965,0.1257541666666666,0.4950582720032261,0.0,50.0,19.49623941687044,0.10555513489663122,0.1228098748395742,0.0030702468709893553,-0.0641173611111111,0.3044895059895062,0.0,50.0,21.8674548420788,0.030120277723863678,0.02259020829289776,0.0013554124975738654
2026-07-29,Colt_Keith,690993,hitter,DET,BAL,2026,824242,107,116,110,1,669432.0,Trevor_Rogers,1.0,3.0,0.0,0.0,0.0,2.0,2.0,0.0,0.0,3.0,0.0392156862745098,0.81,0.81,1.0,30.0,65.0,1.830827067669173,8.360902255639099,3.8035714285714284,1.0666666666666667,11.0,79.0,0,1.0,-0.4999999999999997,-0.8660254037844388,0.9749279121818236,-0.22252093395631434,1.5,2.5,0.5,0.5,0.5,1.5,2.5,0.5,0.5,0.5,synthetic,synthetic,synthetic,synthetic,synthetic,0.0,0.0,0.0,0.0,0.0,-110.0,-110.0,-110.0,-110.0,-110.0,-110.0,-110.0,-110.0,-110.0,-110.0,0.0,0.0,0.0,0.0,0.0,2026-08-07T03:26:40.888653+00:00,0.00043226964061959805,1.0346950425556902,0.5178596040006986,-0.15223020275176774,0.27533583772026493,1.6,2.4,0.8,0.0,0.4,2.0,4.0,1.0,0.0,2.0,batter_pitcher_profile_network_v2,1.0,1.0,0.2401788845547335,1.0,0.8393280866420452,0.0974379507797273,0.2358997904258822,0.025925925925925918,50.0,22.09969489688441,-0.08953633903654996,0.03354133122854486,0.0033541331228544857,0.19417097953216392,0.0959760199652092,-0.027160493827160494,50.0,22.718506450898765,-0.043538966444154364,-0.06799054285046618,-0.01087848685607459,0.1692286184210528,0.16929322409845382,-0.1037037037037037,50.0,22.536349918679253,-0.07707738237443437,-0.11961464267510505,-0.005980732133755252,0.2732078703703704,-0.012634787895052754,-0.09876543209876543,50.0,22.285468149676348,0.12132480266154272,0.057458556595957805,0.0014364639148989453,0.12776689814814832,0.17523663749001137,-0.07407407407407407,50.0,22.305920270608475,-0.02722546489829078,-0.04933967945216907,-0.002960380767130144
2026-07-31,Colt_Keith,690993,hitter,DET,ATH,2026,824975,108,116,133,0,605488.0,Jeffrey_Springs,0.0,0.0,0.0,0.0,0.0,1.0,1.0,0.0,1.0,5.0,0.020833333333333332,0.0,0.0,0.0,0.0,10.0,14.353846153846154,3.969230769230769,4.393577430972388,1.08,6.0,95.0,0,2.0,-0.4999999999999997,-0.8660254037844388,-0.433883739117558,-0.9009688679024191,1.5,2.5,0.5,0.5,0.5,1.5,2.5,0.5,0.5,0.5,synthetic,synthetic,synthetic,synthetic,synthetic,0.0,0.0,0.0,0.0,0.0,-110.0,-110.0,-110.0,-110.0,-110.0,-110.0,-110.0,-110.0,-110.0,-110.0,0.0,0.0,0.0,0.0,0.0,2026-08-07T03:26:40.888653+00:00,0.1536312278220371,-0.4238324479963098,-0.2040691267066974,-0.4683310855147833,-0.2729542306736493,1.6,2.8,0.6,0.0,0.4,1.0,3.0,0.0,0.0,0.0,batter_pitcher_profile_network_v2,1.0,1.0,0.4058511155724616,1.0,0.8190332383423735,0.18517261473429963,0.48287115777104317,-0.08518518518518518,50.0,19.7219232354251,-0.061384638815469184,-0.0067533095532003665,-0.0006753309553200366,0.34100766908212565,0.6389270749582533,-0.10617283950617284,50.0,17.351164809820816,-0.03334918778137458,0.004797200023061582,0.0007675520036898531,0.2698319746376814,0.6951539855072463,-0.0962962962962963,50.0,17.71819751188225,-0.0587181791986355,-0.014959965106335897,-0.0007479982553167949,0.4581208333333333,0.8268918918918918,-0.09876543209876543,50.0,14.376097347904858,0.08710798285493343,0.2427565794086659,0.006068914485216648,0.31692986111111116,0.753594584286804,-0.07407407407407407,50.0,16.5862445221373,-0.03385021242747612,0.06444829629552062,0.0038668977777312373
2026-08-01,Colt_Keith,690993,hitter,DET,ATH,2026,824972,109,116,133,0,678022.0,Jack_Perkins,2.0,2.0,0.0,0.0,1.0,3.0,3.0,0.0,0.0,5.0,0.06818181818181818,0.5933333333333334,0.5933333333333334,0.0,0.0,65.0,5.858823529411766,6.517647058823528,6.96500600240096,1.08,6.0,98.0,0,1.0,-0.8660254037844385,-0.5000000000000004,-0.9749279121818236,-0.2225209339563146,1.5,2.5,0.5,0.5,0.5,1.5,2.5,0.5,0.5,0.5,synthetic,synthetic,synthetic,synthetic,synthetic,0.0,0.0,0.0,0.0,0.0,-110.0,-110.0,-110.0,-110.0,-110.0,-110.0,-110.0,-110.0,-110.0,-110.0,0.0,0.0,0.0,0.0,0.0,2026-08-07T03:26:40.888653+00:00,-0.19807864516593332,-0.9062139416694415,0.3085027146044199,-0.4711656025116935,0.08771725257651497,1.2,2.2,0.6,0.0,0.4,0.0,0.0,0.0,0.0,0.0,batter_pitcher_profile_network_v2,1.0,0.45,0.6921977909015316,0.0,0.6193425967765531,0.1245561225551394,0.15029088315654116,0.0,52.0,24.412973065213045,-0.06520361759419108,0.0057619495193179365,0.0005761949519317936,0.29390068664169783,0.323574694631951,0.0,52.0,23.161648912015497,-0.05417478194781471,-0.0519905445249199,-0.008318487123987185,0.22179096441947577,0.6632916130933247,0.0,52.0,19.82824734711815,-0.10008162038909207,-0.0548001951610488,-0.00274000975805244,0.4519356481481481,0.5183663612986177,0.0,52.0,20.74597505259243,0.057267618516870795,0.12937589953226092,0.0032343974883065232,0.28329675925925923,0.6431310939676418,0.0,52.0,19.908477876766995,-0.023993405204661963,0.038085571244144814,0.0022851342746486886
2026-08-02,Colt_Keith,690993,hitter,DET,ATH,2026,824971,110,116,133,0,695611.0,Gage_Jump,0.0,0.0,0.0,0.0,0.0,1.0,1.0,0.0,0.0,8.0,0.020833333333333332,0.0,0.0,0.0,0.0,10.0,6.311688311688311,13.25974025974026,7.212523191094618,1.08,0.0,95.0,0,1.0,-0.8660254037844385,-0.5000000000000004,-0.7818314824680299,0.6234898018587334,1.5,2.5,0.5,0.5,0.5,1.5,2.5,0.5,0.5,0.5,synthetic,synthetic,synthetic,synthetic,synthetic,0.0,0.0,0.0,0.0,0.0,-110.0,-110.0,-110.0,-110.0,-110.0,-110.0,-110.0,-110.0,-110.0,-110.0,0.0,0.0,0.0,0.0,0.0,2026-08-07T03:26:40.888653+00:00,-0.19366049325365675,-0.8298599080287081,-0.2240016461757004,-0.4733993555785625,0.15823648109826294,1.4,2.4,0.4,0.0,0.6,2.0,2.0,0.0,0.0,1.0,batter_pitcher_profile_network_v2,1.0,0.7,0.5704211399344858,0.0,0.6960863872506178,0.23894490740740743,-0.019426819384611715,0.0,53.0,24.797423606180363,-0.0936589876089508,-0.001994079104281087,-0.0001994079104281087,0.3883388888888889,-0.08589592074970333,0.0,53.0,24.30603435790031,-0.06236338711111645,-0.10787442517942578,-0.017259908028708124,0.32970138888888895,0.048770314304175916,0.0,53.0,24.28161627275284,-0.07946358818586999,-0.07255611460862606,-0.003627805730431303,0.4723060185185186,-0.16911904361659752,0.0,53.0,23.07618417839365,0.07433879303132876,0.04002577685749882,0.0010006444214374706,0.3851949074074075,0.020727794395188445,0.0,53.0,23.964968695271263,-0.04656600269450495,-0.03149464094113399,-0.0018896784564680393
2026-08-04,Colt_Keith,690993,hitter,DET,SEA,2026,823108,111,116,136,0,676106.0,Emerson_Hancock,3.0,4.0,0.0,0.0,2.0,5.0,4.0,1.0,0.0,5.0,0.11627906976744186,0.748,0.748,0.25,21.25,65.0,2.8000000000000003,8.1,5.444805194805194,1.08,0.0,77.0,0,2.0,-0.8660254037844385,-0.5000000000000004,0.7818314824680298,0.6234898018587336,0.5,1.5,0.5,0.5,0.5,0.5,1.5,0.5,0.5,0.5,synthetic,synthetic,synthetic,synthetic,synthetic,0.0,0.0,0.0,0.0,0.0,-110.0,-110.0,-110.0,-110.0,-110.0,-110.0,-110.0,-110.0,-110.0,-110.0,0.0,0.0,0.0,0.0,0.0,2026-08-07T03:26:40.888653+00:00,0.4952126335189012,0.25652665626187066,0.11970462969541362,-0.35712662731079936,0.24357432746995233,1.0,1.8,0.2,0.0,0.6,0.0,0.0,0.0,0.0,0.0,batter_pitcher_profile_network_v2,1.0,1.0,0.368946183657877,0.0,0.80480409250191,0.238944907407407,-0.19297452594661998,0.0,53.0,23.865614893767415,-0.08804061426427544,-0.029098068314461902,-0.0029098068314461906,0.38833888888888857,-0.11615606314246921,0.0,53.0,24.207812204655962,-0.06310668444833921,-0.12312554952610007,-0.01970008792417601,0.3297013888888886,-0.19986001016845092,0.0,53.0,22.460318231253837,-0.0623624212832515,-0.10394515903645918,-0.005197257951822959,0.47230601851851844,-0.021250241224660956,0.0,53.0,24.011032504617,0.07226855291884314,0.06593490756802498,0.0016483726892006245,0.38519490740740714,-0.1803936859675377,0.0,53.0,22.564673502514246,-0.048425030653486335,-0.0801686386136499,-0.004810118316818993
2026-08-05,Colt_Keith,690993,hitter,DET,SEA,2026,823106,112,116,136,0,693433.0,Bryan_Woo,0.0,0.0,0.0,0.0,0.0,4.0,4.0,0.0,1.0,5.0,0.11764705882352941,0.0,0.0,0.0,0.0,10.0,6.999999999999999,11.299999999999999,7.159090909090908,1.08,-6.0,83.0,0,1.0,-0.8660254037844385,-0.5000000000000004,0.9749279121818236,-0.22252093395631434,1.5,1.5,0.5,0.5,0.5,1.5,1.5,0.5,0.5,0.5,synthetic,synthetic,synthetic,synthetic,synthetic,0.0,0.0,0.0,0.0,0.0,-110.0,-110.0,-110.0,-110.0,-110.0,-110.0,-110.0,-110.0,-110.0,-110.0,0.0,0.0,0.0,0.0,0.0,2026-08-07T03:26:40.888653+00:00,-0.006216605603842407,0.1750280525912924,-0.3291132312871244,-0.4747658235507242,0.4257171808404052,1.2,1.8,0.0,0.0,0.6,3.0,4.0,0.0,0.0,2.0,batter_pitcher_profile_network_v2,1.0,1.0,0.3233815049496944,1.0,0.8291357656436624,0.41693340964590964,0.012171701664390862,0.011111111111111108,52.0,24.758173870130268,-0.12246210609331291,0.010785815619329713,0.0010785815619329714,0.5468343101343102,-0.03476771036672021,-0.04444444444444445,52.0,24.45444572044965,-0.08053725290434002,-0.1630783477750119,-0.026092535644001904,0.4939745879120879,-0.043226649165106795,0.1111111111111111,52.0,23.738635750684917,-0.10013486770699372,-0.04106141718633796,-0.002053070859316898,0.5549159722222222,-0.06940642344688891,-0.09876543209876543,52.0,23.654598318785695,0.07677901169781327,-0.014632942028969267,-0.0003658235507242317,0.5304819444444444,-0.0011652919217875202,-0.08888888888888889,52.0,23.789086641685397,-0.045248726177494716,-0.0931717631768473,-0.005590305790610838
