Prediction_Run_Date,Game_Date,Commence_Time_UTC,Game_ID,Game_Status_Code,Game_Status_Detail,Player,Player_ID,Player_Type,Team,Team_ID,Opponent,Opponent_ID,Is_Home,Target,Prediction,Baseline,Market_Line,Market_Source,Market_Books,Market_Line_Std,Market_Over_Price,Market_Under_Price,Edge,History_Rows,Last_History_Date,Model_Selected,Model_Members,Model_Weights,Model_Val_MAE,Model_Val_RMSE
2026-05-07,2026-05-07,2026-05-07T16:35:00Z,823551,P,Scheduled,Aaron Judge,aaron_judge,hitter,NYY,147,TEX,140,1,H,1.4175893241167437,1.4,1.5,synthetic,0,0.0,,,-0.08241067588325635,41,2026-05-06,et,et,1.0,0.6195141137959386,0.8513879847662356
2026-05-07,2026-05-07,2026-05-07T16:35:00Z,823551,P,Scheduled,Aaron Judge,aaron_judge,hitter,NYY,147,TEX,140,1,TB,3.1898032258064517,2.8,1.5,real,8,0.0,,,1.6898032258064517,41,2026-05-06,et,et,1.0,1.8505179940733645,2.266823591608443
2026-05-07,2026-05-07,2026-05-07T16:35:00Z,823551,P,Scheduled,Aaron Judge,aaron_judge,hitter,NYY,147,TEX,140,1,R,1.5019913594470047,1.6,0.5,real,7,0.7559289460184545,,,1.0019913594470047,41,2026-05-06,et,et,1.0,0.6709736849950724,0.8113882847999989
2026-05-07,2026-05-07,2026-05-07T16:35:00Z,823551,P,Scheduled,Aaron Judge,aaron_judge,hitter,NYY,147,TEX,140,1,HR,0.5681,0.4,0.5,synthetic,0,0.0,,,0.06810000000000005,41,2026-05-06,et,et,1.0,0.4797135243344366,0.5587187350983457
2026-05-07,2026-05-07,2026-05-07T16:35:00Z,823551,P,Scheduled,Aaron Judge,aaron_judge,hitter,NYY,147,TEX,140,1,RBI,1.158152649769585,1.4,1.5,synthetic,0,0.0,,,-0.3418473502304149,41,2026-05-06,et,et,1.0,0.8237641061848823,1.0611711996417044
2026-05-07,2026-05-07,2026-05-07T16:35:00Z,823551,P,Scheduled,Alejandro Osuna,alejandro_osuna,hitter,NYY,140,TEX,147,1,H,0.4189119047619048,0.2,0.5,synthetic,0,0.0,,,-0.08108809523809518,22,2026-05-06,et,et,1.0,0.6315488185158182,0.8333478622672869
2026-05-07,2026-05-07,2026-05-07T16:35:00Z,823551,P,Scheduled,Alejandro Osuna,alejandro_osuna,hitter,NYY,140,TEX,147,1,TB,0.4316000000000001,0.4,0.5,real,1,0.0,,,-0.0683999999999999,22,2026-05-06,et,et,1.0,1.059514160082342,1.2938957276412077
2026-05-07,2026-05-07,2026-05-07T16:35:00Z,823551,P,Scheduled,Alejandro Osuna,alejandro_osuna,hitter,NYY,140,TEX,147,1,R,0.2979107142857143,0.2,0.5,real,1,0.0,,,-0.2020892857142857,22,2026-05-06,et,et,1.0,0.40605061784698704,0.4684949097618931
2026-05-07,2026-05-07,2026-05-07T16:35:00Z,823551,P,Scheduled,Alejandro Osuna,alejandro_osuna,hitter,NYY,140,TEX,147,1,HR,0.025600000000000022,0.0,0.5,synthetic,0,0.0,,,-0.4744,22,2026-05-06,et,et,1.0,0.16569812294376043,0.2695476697264553
2026-05-07,2026-05-07,2026-05-07T16:35:00Z,823551,P,Scheduled,Alejandro Osuna,alejandro_osuna,hitter,NYY,140,TEX,147,1,RBI,0.2690107142857143,0.2,0.5,synthetic,0,0.0,,,-0.23098928571428567,22,2026-05-06,et,et,1.0,0.4062054095793189,0.4692806288448517
2026-05-07,2026-05-07,2026-05-07T16:35:00Z,823551,P,Scheduled,Amed Rosario,amed_rosario,hitter,NYY,147,TEX,110,1,H,0.8122452380952382,0.6,0.5,synthetic,0,0.0,,,0.3122452380952382,28,2026-05-01,et,et,1.0,0.527098435733947,0.7105038302465511
2026-05-07,2026-05-07,2026-05-07T16:35:00Z,823551,P,Scheduled,Amed Rosario,amed_rosario,hitter,NYY,147,TEX,110,1,TB,1.0676,1.2,1.5,real,8,1.0606601717798212,,,-0.4323999999999999,28,2026-05-01,et,et,1.0,1.2524859154285817,1.8832334693620116
2026-05-07,2026-05-07,2026-05-07T16:35:00Z,823551,P,Scheduled,Amed Rosario,amed_rosario,hitter,NYY,147,TEX,110,1,R,0.7239107142857143,0.6,1.5,real,7,0.5345224838248488,,,-0.7760892857142857,28,2026-05-01,et,et,1.0,0.5300227522688127,0.6511094446410274
2026-05-07,2026-05-07,2026-05-07T16:35:00Z,823551,P,Scheduled,Amed Rosario,amed_rosario,hitter,NYY,147,TEX,110,1,HR,0.1656,0.2,0.5,synthetic,0,0.0,,,-0.33440000000000003,28,2026-05-01,et,et,1.0,0.2112496347008539,0.45824678369618294
2026-05-07,2026-05-07,2026-05-07T16:35:00Z,823551,P,Scheduled,Amed Rosario,amed_rosario,hitter,NYY,147,TEX,110,1,RBI,0.6770107142857142,0.8,0.5,synthetic,0,0.0,,,0.17701071428571424,28,2026-05-01,et,et,1.0,0.8104628492464413,1.2206868386010807
2026-05-07,2026-05-07,2026-05-07T16:35:00Z,823551,P,Scheduled,Andrew McCutchen,andrew_mccutchen,hitter,NYY,140,TEX,147,1,H,0.9709119047619047,0.6,0.5,synthetic,0,0.0,,,0.4709119047619047,33,2026-05-06,et,et,1.0,0.6144135083495832,0.7734549572544098
2026-05-07,2026-05-07,2026-05-07T16:35:00Z,823551,P,Scheduled,Andrew McCutchen,andrew_mccutchen,hitter,NYY,140,TEX,147,1,TB,0.8356000000000001,0.6,1.5,real,5,0.4472135954999579,,,-0.6643999999999999,33,2026-05-06,et,et,1.0,1.1063149017938945,1.3998999393169986
2026-05-07,2026-05-07,2026-05-07T16:35:00Z,823551,P,Scheduled,Andrew McCutchen,andrew_mccutchen,hitter,NYY,140,TEX,147,1,R,0.2879107142857143,0.2,0.5,real,6,0.0,,,-0.2120892857142857,33,2026-05-06,et,et,1.0,0.5285382541122248,0.6291835699497738
2026-05-07,2026-05-07,2026-05-07T16:35:00Z,823551,P,Scheduled,Andrew McCutchen,andrew_mccutchen,hitter,NYY,140,TEX,147,1,HR,0.025600000000000022,0.0,0.5,synthetic,0,0.0,,,-0.4744,33,2026-05-06,et,et,1.0,0.14036247063164178,0.2544836231233174
2026-05-07,2026-05-07,2026-05-07T16:35:00Z,823551,P,Scheduled,Andrew McCutchen,andrew_mccutchen,hitter,NYY,140,TEX,147,1,RBI,0.1330107142857143,0.0,0.5,synthetic,0,0.0,,,-0.3669892857142857,33,2026-05-06,et,et,1.0,0.6480196975315722,0.8152657969405415
2026-05-07,2026-05-07,2026-05-07T16:35:00Z,823551,P,Scheduled,Austin Wells,austin_wells,hitter,NYY,147,TEX,140,1,H,0.8221699692780337,0.8,0.5,synthetic,0,0.0,,,0.32216996927803365,34,2026-05-06,et,et,1.0,0.6114025974613532,0.6897232973155957
2026-05-07,2026-05-07,2026-05-07T16:35:00Z,823551,P,Scheduled,Austin Wells,austin_wells,hitter,NYY,147,TEX,140,1,TB,1.0038274193548389,1.4,1.5,real,5,0.5477225575051662,,,-0.4961725806451611,34,2026-05-06,et,et,1.0,0.9389658031121229,1.3929349708254497
2026-05-07,2026-05-07,2026-05-07T16:35:00Z,823551,P,Scheduled,Austin Wells,austin_wells,hitter,NYY,147,TEX,140,1,R,0.7617628648233487,1.0,0.5,real,6,0.0,,,0.26176286482334865,34,2026-05-06,et,et,1.0,0.35567841111621085,0.5313526928379737
2026-05-07,2026-05-07,2026-05-07T16:35:00Z,823551,P,Scheduled,Austin Wells,austin_wells,hitter,NYY,147,TEX,140,1,HR,0.1656,0.2,0.5,synthetic,0,0.0,,,-0.33440000000000003,34,2026-05-06,et,et,1.0,0.11424396203023601,0.2900702382080514
2026-05-07,2026-05-07,2026-05-07T16:35:00Z,823551,P,Scheduled,Austin Wells,austin_wells,hitter,NYY,147,TEX,140,1,RBI,0.23571716589861752,0.2,0.5,synthetic,0,0.0,,,-0.2642828341013825,34,2026-05-06,et,et,1.0,0.35750128989244473,0.5036687054078239
2026-05-07,2026-05-07,2026-05-07T16:35:00Z,823551,P,Scheduled,Ben Rice,ben_rice,hitter,NYY,147,TEX,110,1,H,1.263617331118494,1.4,1.5,synthetic,0,0.0,,,-0.23638266888150605,46,2026-05-03,et,et,1.0,0.6839483999306267,0.8521773115850885
2026-05-07,2026-05-07,2026-05-07T16:35:00Z,823551,P,Scheduled,Ben Rice,ben_rice,hitter,NYY,147,TEX,110,1,TB,4.857690697674419,2.6,1.0,real,2,0.7071067811865476,,,3.8576906976744194,46,2026-05-03,et,et,1.0,1.8628299151578573,2.1910274702347716
2026-05-07,2026-05-07,2026-05-07T16:35:00Z,823551,P,Scheduled,Ben Rice,ben_rice,hitter,NYY,147,TEX,110,1,R,1.3960153654485052,0.6,0.5,real,2,0.0,,,0.8960153654485052,46,2026-05-03,et,et,1.0,0.6810436889368369,0.8114869247216236
2026-05-07,2026-05-07,2026-05-07T16:35:00Z,823551,P,Scheduled,Ben Rice,ben_rice,hitter,NYY,147,TEX,110,1,HR,0.8806,0.4,0.5,synthetic,0,0.0,,,0.38060000000000005,46,2026-05-03,et,et,1.0,0.39233949285072356,0.4832405972795762
2026-05-07,2026-05-07,2026-05-07T16:35:00Z,823551,P,Scheduled,Ben Rice,ben_rice,hitter,NYY,147,TEX,110,1,RBI,1.137108388704319,1.0,0.5,synthetic,0,0.0,,,0.637108388704319,46,2026-05-03,et,et,1.0,0.7661747877229349,0.9847300684793019
2026-05-07,2026-05-07,2026-05-07T16:35:00Z,823551,P,Scheduled,Brandon Nimmo,brandon_nimmo,hitter,NYY,140,TEX,147,1,H,1.411661904761905,1.4,1.5,synthetic,0,0.0,,,-0.088338095238095,46,2026-05-06,et,et,1.0,0.8026788578819273,1.0307897337112104
2026-05-07,2026-05-07,2026-05-07T16:35:00Z,823551,P,Scheduled,Brandon Nimmo,brandon_nimmo,hitter,NYY,140,TEX,147,1,TB,1.16535,1.4,1.5,real,8,1.0606601717798212,,,-0.3346499999999999,46,2026-05-06,et,et,1.0,1.58986643232949,2.436725880593323
2026-05-07,2026-05-07,2026-05-07T16:35:00Z,823551,P,Scheduled,Brandon Nimmo,brandon_nimmo,hitter,NYY,140,TEX,147,1,R,0.46196071428571417,0.4,0.5,real,7,0.7559289460184545,,,-0.03803928571428583,46,2026-05-06,et,et,1.0,0.7010168066101805,0.9761189677028936
2026-05-07,2026-05-07,2026-05-07T16:35:00Z,823551,P,Scheduled,Brandon Nimmo,brandon_nimmo,hitter,NYY,140,TEX,147,1,HR,0.025600000000000022,0.0,0.5,synthetic,0,0.0,,,-0.4744,46,2026-05-06,et,et,1.0,0.29324514075261215,0.4853709714638682
2026-05-07,2026-05-07,2026-05-07T16:35:00Z,823551,P,Scheduled,Brandon Nimmo,brandon_nimmo,hitter,NYY,140,TEX,147,1,RBI,0.12671071428571426,0.0,0.5,synthetic,0,0.0,,,-0.37328928571428577,46,2026-05-06,et,et,1.0,0.7825030785752919,1.0017647499344884
2026-05-07,2026-05-07,2026-05-07T16:35:00Z,823551,P,Scheduled,Cody Bellinger,cody_bellinger,hitter,NYY,147,TEX,140,1,H,1.9655893241167437,2.0,1.5,synthetic,0,0.0,,,0.4655893241167437,47,2026-05-06,et,et,1.0,0.6246468289995972,0.8534269496291047
2026-05-07,2026-05-07,2026-05-07T16:35:00Z,823551,P,Scheduled,Cody Bellinger,cody_bellinger,hitter,NYY,147,TEX,140,1,TB,3.751303225806452,4.8,3.5,real,8,0.5175491695067655,,,0.2513032258064518,47,2026-05-06,et,et,1.0,1.2722494130177184,2.1874913711957635
2026-05-07,2026-05-07,2026-05-07T16:35:00Z,823551,P,Scheduled,Cody Bellinger,cody_bellinger,hitter,NYY,147,TEX,140,1,R,0.7684913594470046,0.8,1.5,real,7,0.7559289460184544,,,-0.7315086405529954,47,2026-05-06,et,et,1.0,0.5477544073566992,0.7273757231236423
2026-05-07,2026-05-07,2026-05-07T16:35:00Z,823551,P,Scheduled,Cody Bellinger,cody_bellinger,hitter,NYY,147,TEX,140,1,HR,0.3056,0.4,0.5,synthetic,0,0.0,,,-0.19440000000000002,47,2026-05-06,et,et,1.0,0.14330520142708383,0.4311317222866411
2026-05-07,2026-05-07,2026-05-07T16:35:00Z,823551,P,Scheduled,Cody Bellinger,cody_bellinger,hitter,NYY,147,TEX,140,1,RBI,2.1431526497695854,2.2,2.5,synthetic,0,0.0,,,-0.3568473502304146,47,2026-05-06,et,et,1.0,0.7394831677457652,1.1844670316950756
2026-05-07,2026-05-07,2026-05-07T16:35:00Z,823551,P,Scheduled,Corey Seager,corey_seager,hitter,NYY,140,TEX,147,1,H,0.7276619047619047,0.6,0.5,synthetic,0,0.0,,,0.22766190476190473,48,2026-05-06,et,et,1.0,0.6534476157535101,0.7634203406089394
2026-05-07,2026-05-07,2026-05-07T16:35:00Z,823551,P,Scheduled,Corey Seager,corey_seager,hitter,NYY,140,TEX,147,1,TB,1.51825,0.8,1.5,real,8,0.0,,,0.0182500000000001,48,2026-05-06,et,et,1.0,1.4460211463889558,1.749664517763463
2026-05-07,2026-05-07,2026-05-07T16:35:00Z,823551,P,Scheduled,Corey Seager,corey_seager,hitter,NYY,140,TEX,147,1,R,0.6310607142857143,0.2,0.5,real,7,0.7559289460184545,,,0.1310607142857143,48,2026-05-06,et,et,1.0,0.6280063963231916,0.7007461178643646
2026-05-07,2026-05-07,2026-05-07T16:35:00Z,823551,P,Scheduled,Corey Seager,corey_seager,hitter,NYY,140,TEX,147,1,HR,0.2506,0.0,0.5,synthetic,0,0.0,,,-0.2494,48,2026-05-06,et,et,1.0,0.30745133774251016,0.40503804187056397
2026-05-07,2026-05-07,2026-05-07T16:35:00Z,823551,P,Scheduled,Corey Seager,corey_seager,hitter,NYY,140,TEX,147,1,RBI,0.2233107142857143,0.0,0.5,synthetic,0,0.0,,,-0.2766892857142857,48,2026-05-06,et,et,1.0,0.6593592069968776,0.9012848140576848
2026-05-07,2026-05-07,2026-05-07T16:35:00Z,823551,P,Scheduled,Danny Jansen,danny_jansen,hitter,NYY,140,TEX,147,1,H,0.5866560908084163,0.4,0.5,synthetic,0,0.0,,,0.0866560908084163,31,2026-05-05,et,et,1.0,0.6061778433885996,0.7595234336678037
2026-05-07,2026-05-07,2026-05-07T16:35:00Z,823551,P,Scheduled,Danny Jansen,danny_jansen,hitter,NYY,140,TEX,147,1,TB,0.9472313953488372,1.4,1.5,real,8,0.5175491695067657,,,-0.5527686046511628,31,2026-05-05,et,et,1.0,1.180733841099215,1.6885665440018003
2026-05-07,2026-05-07,2026-05-07T16:35:00Z,823551,P,Scheduled,Danny Jansen,danny_jansen,hitter,NYY,140,TEX,147,1,R,0.2988700166112956,0.4,0.5,real,7,0.0,,,-0.20112998338870441,31,2026-05-05,et,et,1.0,0.3794245628787594,0.4612837162360465
2026-05-07,2026-05-07,2026-05-07T16:35:00Z,823551,P,Scheduled,Danny Jansen,danny_jansen,hitter,NYY,140,TEX,147,1,HR,0.1656,0.2,0.5,synthetic,0,0.0,,,-0.33440000000000003,31,2026-05-05,et,et,1.0,0.10201310959605127,0.254498515761316
2026-05-07,2026-05-07,2026-05-07T16:35:00Z,823551,P,Scheduled,Danny Jansen,danny_jansen,hitter,NYY,140,TEX,147,1,RBI,0.33230606312292355,0.4,0.5,synthetic,0,0.0,,,-0.16769393687707645,31,2026-05-05,et,et,1.0,0.6833354553550832,0.8884512961407026
2026-05-07,2026-05-07,2026-05-07T16:35:00Z,823551,P,Scheduled,Evan Carter,evan_carter,hitter,NYY,140,TEX,147,1,H,0.5589119047619048,0.2,0.5,synthetic,0,0.0,,,0.058911904761904776,47,2026-05-06,et,et,1.0,0.5861360302511638,0.6541897504505763
2026-05-07,2026-05-07,2026-05-07T16:35:00Z,823551,P,Scheduled,Evan Carter,evan_carter,hitter,NYY,140,TEX,147,1,TB,1.6701,0.4,1.5,real,8,1.246423454758225,,,0.17009999999999992,47,2026-05-06,et,et,1.0,1.3060479602662651,1.683660352810934
2026-05-07,2026-05-07,2026-05-07T16:35:00Z,823551,P,Scheduled,Evan Carter,evan_carter,hitter,NYY,140,TEX,147,1,R,0.6674107142857143,0.4,0.5,real,7,0.0,,,0.1674107142857143,47,2026-05-06,et,et,1.0,0.4843155061534683,0.5082863131859402
2026-05-07,2026-05-07,2026-05-07T16:35:00Z,823551,P,Scheduled,Evan Carter,evan_carter,hitter,NYY,140,TEX,147,1,HR,0.2881,0.0,0.5,synthetic,0,0.0,,,-0.21189999999999998,47,2026-05-06,et,et,1.0,0.25588360309948505,0.3624080127348061
2026-05-07,2026-05-07,2026-05-07T16:35:00Z,823551,P,Scheduled,Evan Carter,evan_carter,hitter,NYY,140,TEX,147,1,RBI,0.1720107142857143,0.0,0.5,synthetic,0,0.0,,,-0.3279892857142857,47,2026-05-06,et,et,1.0,0.6428486106387999,0.8670005464567707
2026-05-07,2026-05-07,2026-05-07T16:35:00Z,823551,P,Scheduled,Ezequiel Duran,ezequiel_duran,hitter,NYY,140,TEX,147,1,H,1.6916619047619048,1.4,1.5,synthetic,0,0.0,,,0.1916619047619048,41,2026-05-06,et,et,1.0,0.6033759104291224,0.8494604183903736
2026-05-07,2026-05-07,2026-05-07T16:35:00Z,823551,P,Scheduled,Ezequiel Duran,ezequiel_duran,hitter,NYY,140,TEX,147,1,TB,2.67355,2.2,4.5,real,8,1.0606601717798212,,,-1.82645,41,2026-05-06,et,et,1.0,1.3371848912079982,1.7154551749362368
2026-05-07,2026-05-07,2026-05-07T16:35:00Z,823551,P,Scheduled,Ezequiel Duran,ezequiel_duran,hitter,NYY,140,TEX,147,1,R,0.9117607142857143,0.8,1.5,real,7,0.6900655593423543,,,-0.5882392857142857,41,2026-05-06,et,et,1.0,0.571967631015657,0.6584501337346119
2026-05-07,2026-05-07,2026-05-07T16:35:00Z,823551,P,Scheduled,Ezequiel Duran,ezequiel_duran,hitter,NYY,140,TEX,147,1,HR,0.17976666666666666,0.0,0.5,synthetic,0,0.0,,,-0.32023333333333337,41,2026-05-06,et,et,1.0,0.22342989517558656,0.3151779122209769
2026-05-07,2026-05-07,2026-05-07T16:35:00Z,823551,P,Scheduled,Ezequiel Duran,ezequiel_duran,hitter,NYY,140,TEX,147,1,RBI,0.4575107142857143,0.2,0.5,synthetic,0,0.0,,,-0.042489285714285674,41,2026-05-06,et,et,1.0,0.6747214655280537,0.8800846598563336
2026-05-07,2026-05-07,2026-05-07T16:35:00Z,823551,P,Scheduled,JC Escarra,jc_escarra,hitter,NYY,147,TEX,110,1,H,1.084014468864469,1.2,1.5,synthetic,0,0.0,,,-0.41598553113553094,22,2026-05-02,et,et,1.0,0.7195376682922417,0.8805542930241694
2026-05-07,2026-05-07,2026-05-07T16:35:00Z,823551,P,Scheduled,JC Escarra,jc_escarra,hitter,NYY,147,TEX,110,1,TB,1.691525,2.0,1.5,real,6,0.408248290463863,,,0.19152499999999995,22,2026-05-02,et,et,1.0,1.535659731096686,1.883066583631728
2026-05-07,2026-05-07,2026-05-07T16:35:00Z,823551,P,Scheduled,JC Escarra,jc_escarra,hitter,NYY,147,TEX,110,1,R,0.5245164835164834,0.6,0.5,real,6,0.8366600265340756,,,0.02451648351648339,22,2026-05-02,et,et,1.0,0.44845684364576854,0.5831600165208205
2026-05-07,2026-05-07,2026-05-07T16:35:00Z,823551,P,Scheduled,JC Escarra,jc_escarra,hitter,NYY,147,TEX,110,1,HR,0.14122500000000002,0.0,0.5,synthetic,0,0.0,,,-0.35877499999999996,22,2026-05-02,et,et,1.0,0.20109321558449048,0.31352918954479586
2026-05-07,2026-05-07,2026-05-07T16:35:00Z,823551,P,Scheduled,JC Escarra,jc_escarra,hitter,NYY,147,TEX,110,1,RBI,0.6567760989010988,0.8,0.5,synthetic,0,0.0,,,0.15677609890109878,22,2026-05-02,et,et,1.0,0.529978700389269,0.7505561444158544
2026-05-07,2026-05-07,2026-05-07T16:35:00Z,823551,P,Scheduled,Jake Burger,jake_burger,hitter,NYY,140,TEX,147,1,H,0.6909119047619047,0.6,0.5,synthetic,0,0.0,,,0.19091190476190467,50,2026-05-06,et,et,1.0,0.6531739344813262,0.8512049811944287
2026-05-07,2026-05-07,2026-05-07T16:35:00Z,823551,P,Scheduled,Jake Burger,jake_burger,hitter,NYY,140,TEX,147,1,TB,1.0741,1.4,1.5,real,8,0.4629100498862757,,,-0.42589999999999995,50,2026-05-06,et,et,1.0,1.4992867069466371,1.9007513371239062
2026-05-07,2026-05-07,2026-05-07T16:35:00Z,823551,P,Scheduled,Jake Burger,jake_burger,hitter,NYY,140,TEX,147,1,R,0.4634107142857143,0.4,0.5,real,7,0.0,,,-0.03658928571428571,50,2026-05-06,et,et,1.0,0.49738580997452503,0.5462355273414324
2026-05-07,2026-05-07,2026-05-07T16:35:00Z,823551,P,Scheduled,Jake Burger,jake_burger,hitter,NYY,140,TEX,147,1,HR,0.1656,0.2,0.5,synthetic,0,0.0,,,-0.33440000000000003,50,2026-05-06,et,et,1.0,0.3377226328353813,0.45346495464159564
2026-05-07,2026-05-07,2026-05-07T16:35:00Z,823551,P,Scheduled,Jake Burger,jake_burger,hitter,NYY,140,TEX,147,1,RBI,0.5800107142857143,0.4,0.5,synthetic,0,0.0,,,0.08001071428571427,50,2026-05-06,et,et,1.0,0.9135251559906711,1.1969800029549194
2026-05-07,2026-05-07,2026-05-07T16:35:00Z,823551,P,Scheduled,Joc Pederson,joc_pederson,hitter,NYY,140,TEX,147,1,H,0.5524700442967885,0.4,0.5,synthetic,0,0.0,,,0.052470044296788476,44,2026-05-05,et,et,1.0,0.5480598590069825,0.6484148038528884
2026-05-07,2026-05-07,2026-05-07T16:35:00Z,823551,P,Scheduled,Joc Pederson,joc_pederson,hitter,NYY,140,TEX,147,1,TB,0.5928360465116278,1.0,1.5,real,8,0.46291004988627577,,,-0.9071639534883722,44,2026-05-05,et,et,1.0,0.7915113122683138,1.136104142546882
2026-05-07,2026-05-07,2026-05-07T16:35:00Z,823551,P,Scheduled,Joc Pederson,joc_pederson,hitter,NYY,140,TEX,147,1,R,0.08256769102990025,0.2,0.5,real,7,0.0,,,-0.41743230897009975,44,2026-05-05,et,et,1.0,0.32950911147032547,0.5041630385227029
2026-05-07,2026-05-07,2026-05-07T16:35:00Z,823551,P,Scheduled,Joc Pederson,joc_pederson,hitter,NYY,140,TEX,147,1,HR,0.1656,0.2,0.5,synthetic,0,0.0,,,-0.33440000000000003,44,2026-05-05,et,et,1.0,0.11569850355524146,0.25917814645231463
2026-05-07,2026-05-07,2026-05-07T16:35:00Z,823551,P,Scheduled,Joc Pederson,joc_pederson,hitter,NYY,140,TEX,147,1,RBI,0.2509572259136213,0.4,0.5,synthetic,0,0.0,,,-0.2490427740863787,44,2026-05-05,et,et,1.0,0.2366169285250853,0.3944740090235275
2026-05-07,2026-05-07,2026-05-07T16:35:00Z,823551,P,Scheduled,Josh Jung,josh_jung,hitter,NYY,140,TEX,147,1,H,1.963661904761905,1.8,1.5,synthetic,0,0.0,,,0.46366190476190505,38,2026-05-06,et,et,1.0,0.8085651132132213,1.034185874734798
2026-05-07,2026-05-07,2026-05-07T16:35:00Z,823551,P,Scheduled,Josh Jung,josh_jung,hitter,NYY,140,TEX,147,1,TB,1.6931500000000002,2.0,1.5,real,8,0.0,,,0.19315000000000015,38,2026-05-06,et,et,1.0,1.526265165215723,2.0471857208877795
2026-05-07,2026-05-07,2026-05-07T16:35:00Z,823551,P,Scheduled,Josh Jung,josh_jung,hitter,NYY,140,TEX,147,1,R,0.2921607142857142,0.2,0.5,real,7,0.0,,,-0.20783928571428578,38,2026-05-06,et,et,1.0,0.5836937964922942,0.6805593970408208
2026-05-07,2026-05-07,2026-05-07T16:35:00Z,823551,P,Scheduled,Josh Jung,josh_jung,hitter,NYY,140,TEX,147,1,HR,0.025600000000000022,0.0,0.5,synthetic,0,0.0,,,-0.4744,38,2026-05-06,et,et,1.0,0.24128201388144818,0.3674057092529206
2026-05-07,2026-05-07,2026-05-07T16:35:00Z,823551,P,Scheduled,Josh Jung,josh_jung,hitter,NYY,140,TEX,147,1,RBI,0.5879107142857143,0.8,0.5,synthetic,0,0.0,,,0.08791071428571429,38,2026-05-06,et,et,1.0,0.6680864735679695,0.8401946403125843
2026-05-07,2026-05-07,2026-05-07T16:35:00Z,823551,P,Scheduled,Max Schuemann,max_schuemann,hitter,NYY,147,TEX,110,1,H,0.28591190476190476,0.2,0.5,synthetic,0,0.0,,,-0.21408809523809524,16,2026-05-04,et,et,1.0,0.6019003565878566,0.669074539375764
2026-05-07,2026-05-07,2026-05-07T16:35:00Z,823551,P,Scheduled,Max Schuemann,max_schuemann,hitter,NYY,147,TEX,110,1,TB,0.39265,0.8,1.5,real,8,0.8345229603962802,,,-1.10735,16,2026-05-04,et,et,1.0,1.1344599844599845,1.3197847870591994
2026-05-07,2026-05-07,2026-05-07T16:35:00Z,823551,P,Scheduled,Max Schuemann,max_schuemann,hitter,NYY,147,TEX,110,1,R,0.14266071428571425,0.4,0.5,real,7,0.7559289460184545,,,-0.35733928571428575,16,2026-05-04,et,et,1.0,0.4189286408036408,0.4941898293749003
2026-05-07,2026-05-07,2026-05-07T16:35:00Z,823551,P,Scheduled,Max Schuemann,max_schuemann,hitter,NYY,147,TEX,110,1,HR,0.1656,0.2,0.5,synthetic,0,0.0,,,-0.33440000000000003,16,2026-05-04,et,et,1.0,0.08114697802197801,0.2527854932384037
2026-05-07,2026-05-07,2026-05-07T16:35:00Z,823551,P,Scheduled,Max Schuemann,max_schuemann,hitter,NYY,147,TEX,110,1,RBI,0.16891071428571428,0.4,0.5,synthetic,0,0.0,,,-0.33108928571428575,16,2026-05-04,et,et,1.0,0.3088878135753136,0.43090471858540025
2026-05-07,2026-05-07,2026-05-07T16:35:00Z,823551,P,Scheduled,Paul Goldschmidt,paul_goldschmidt,hitter,NYY,147,TEX,140,1,H,1.374169969278034,1.2,1.5,synthetic,0,0.0,,,-0.12583003072196597,21,2026-05-06,et,et,1.0,0.5959263838852517,0.6987614464563261
2026-05-07,2026-05-07,2026-05-07T16:35:00Z,823551,P,Scheduled,Paul Goldschmidt,paul_goldschmidt,hitter,NYY,147,TEX,140,1,TB,2.066327419354839,2.2,3.5,real,8,0.3535533905932738,,,-1.433672580645161,21,2026-05-06,et,et,1.0,1.199624180429134,1.581990277707893
2026-05-07,2026-05-07,2026-05-07T16:35:00Z,823551,P,Scheduled,Paul Goldschmidt,paul_goldschmidt,hitter,NYY,147,TEX,140,1,R,0.888596198156682,1.0,1.5,real,7,0.7559289460184545,,,-0.611403801843318,21,2026-05-06,et,et,1.0,0.6097300260225956,0.711846037953777
2026-05-07,2026-05-07,2026-05-07T16:35:00Z,823551,P,Scheduled,Paul Goldschmidt,paul_goldschmidt,hitter,NYY,147,TEX,140,1,HR,0.2656,0.2,0.5,synthetic,0,0.0,,,-0.2344,21,2026-05-06,et,et,1.0,0.1404580645900858,0.3075713648402898
2026-05-07,2026-05-07,2026-05-07T16:35:00Z,823551,P,Scheduled,Paul Goldschmidt,paul_goldschmidt,hitter,NYY,147,TEX,140,1,RBI,0.7147171658986176,0.8,0.5,synthetic,0,0.0,,,0.21471716589861756,21,2026-05-06,et,et,1.0,0.4361126330056007,0.8192979308169788
2026-05-07,2026-05-07,2026-05-07T16:35:00Z,823551,P,Scheduled,Sam Haggerty,sam_haggerty,hitter,NYY,140,TEX,147,1,H,0.5182839977851605,0.4,0.5,synthetic,0,0.0,,,0.018283997785160544,33,2026-05-05,et,et,1.0,0.4723432427839852,0.5618856685730922
2026-05-07,2026-05-07,2026-05-07T16:35:00Z,823551,P,Scheduled,Sam Haggerty,sam_haggerty,hitter,NYY,140,TEX,147,1,TB,0.19544069767441857,0.4,1.5,real,5,0.4472135954999579,,,-1.3045593023255815,33,2026-05-05,et,et,1.0,0.5713756774931146,0.8306731732791349
2026-05-07,2026-05-07,2026-05-07T16:35:00Z,823551,P,Scheduled,Sam Haggerty,sam_haggerty,hitter,NYY,140,TEX,147,1,R,0.0,0.0,0.5,real,6,0.0,,,-0.5,33,2026-05-05,et,et,1.0,0.5355014058035852,0.6461685720914935
2026-05-07,2026-05-07,2026-05-07T16:35:00Z,823551,P,Scheduled,Sam Haggerty,sam_haggerty,hitter,NYY,140,TEX,147,1,HR,0.025600000000000022,0.0,0.5,synthetic,0,0.0,,,-0.4744,33,2026-05-05,et,et,1.0,0.0,0.0
2026-05-07,2026-05-07,2026-05-07T16:35:00Z,823551,P,Scheduled,Sam Haggerty,sam_haggerty,hitter,NYY,140,TEX,147,1,RBI,0.08760838870431888,0.2,0.5,synthetic,0,0.0,,,-0.41239161129568114,33,2026-05-05,et,et,1.0,0.10925262403896915,0.24997958358763409
2026-05-07,2026-05-07,2026-05-07T16:35:00Z,823551,P,Scheduled,Trent Grisham,trent_grisham,hitter,NYY,147,TEX,140,1,H,1.0055893241167435,1.0,0.5,synthetic,0,0.0,,,0.5055893241167435,48,2026-05-06,et,et,1.0,0.6215847882680429,0.7019410769923711
2026-05-07,2026-05-07,2026-05-07T16:35:00Z,823551,P,Scheduled,Trent Grisham,trent_grisham,hitter,NYY,147,TEX,140,1,TB,1.5255532258064515,2.4,3.5,real,8,1.7677669529663689,,,-1.9744467741935485,48,2026-05-06,et,et,1.0,1.1664486444924573,1.781963352509724
2026-05-07,2026-05-07,2026-05-07T16:35:00Z,823551,P,Scheduled,Trent Grisham,trent_grisham,hitter,NYY,147,TEX,140,1,R,0.8272413594470045,1.2,0.5,real,7,0.9511897312113418,,,0.3272413594470045,48,2026-05-06,et,et,1.0,0.5823396999420837,0.7263938642556622
2026-05-07,2026-05-07,2026-05-07T16:35:00Z,823551,P,Scheduled,Trent Grisham,trent_grisham,hitter,NYY,147,TEX,140,1,HR,0.1656,0.2,0.5,synthetic,0,0.0,,,-0.33440000000000003,48,2026-05-06,et,et,1.0,0.13174202059374332,0.3734219733129628
2026-05-07,2026-05-07,2026-05-07T16:35:00Z,823551,P,Scheduled,Trent Grisham,trent_grisham,hitter,NYY,147,TEX,140,1,RBI,0.5926526497695852,0.8,0.5,synthetic,0,0.0,,,0.0926526497695852,48,2026-05-06,et,et,1.0,0.6794924619713193,1.0227616796082533
2026-05-07,2026-05-07,2026-05-07T16:35:00Z,823551,P,Scheduled,Will Warren,will_warren,pitcher,NYY,147,TEX,140,1,K,6.922101694915256,7.4,7.5,synthetic,0,0.0,,,-0.5778983050847444,13,2026-05-06,et,et,1.0,1.9323565323565326,2.62561274327571
2026-05-07,2026-05-07,2026-05-07T16:35:00Z,823551,P,Scheduled,Will Warren,will_warren,pitcher,NYY,147,TEX,140,1,ER,1.1799560606060606,1.4,1.5,synthetic,0,0.0,,,-0.3200439393939394,13,2026-05-06,et,et,1.0,1.0829392829392828,1.648634745502707
2026-05-07,2026-05-07,2026-05-07T16:35:00Z,823551,P,Scheduled,Will Warren,will_warren,pitcher,NYY,147,TEX,140,1,ERA,2.6549011363636366,2.169924812030075,2.2,synthetic,0,0.0,,,0.4549011363636364,13,2026-05-06,et,et,1.0,2.0838929135681337,3.5747395527768218
2026-05-07,2026-05-07,2026-05-07T16:35:00Z,823551,P,Scheduled,David Bednar,david_bednar,pitcher,NYY,147,TEX,140,1,K,1.190101694915254,0.8,2.5,synthetic,0,0.0,,,-1.309898305084746,18,2026-05-05,et,et,1.0,0.7487073656191304,0.9168949218356981
2026-05-07,2026-05-07,2026-05-07T16:35:00Z,823551,P,Scheduled,David Bednar,david_bednar,pitcher,NYY,147,TEX,140,1,ER,0.15595606060606074,0.2,0.5,synthetic,0,0.0,,,-0.3440439393939393,18,2026-05-05,et,et,1.0,0.38765590346472695,0.4997985811674369
2026-05-07,2026-05-07,2026-05-07T16:35:00Z,823551,P,Scheduled,David Bednar,david_bednar,pitcher,NYY,147,TEX,140,1,ERA,0.8421627272727282,1.8,1.8,synthetic,0,0.0,,,-0.9578372727272718,18,2026-05-05,et,et,1.0,4.511046602498808,7.054224475738754
2026-05-07,2026-05-07,2026-05-07T16:35:00Z,823551,P,Scheduled,Brent Headrick,brent_headrick,pitcher,NYY,147,TEX,140,1,K,1.0501016949152542,0.8,2.5,synthetic,0,0.0,,,-1.4498983050847458,24,2026-05-05,et,et,1.0,0.8904311240115185,1.1615624919825973
2026-05-07,2026-05-07,2026-05-07T16:35:00Z,823551,P,Scheduled,Brent Headrick,brent_headrick,pitcher,NYY,147,TEX,140,1,ER,0.15595606060606074,0.2,0.5,synthetic,0,0.0,,,-0.3440439393939393,24,2026-05-05,et,et,1.0,0.16125230565725587,0.3416201984002989
2026-05-07,2026-05-07,2026-05-07T16:35:00Z,823551,P,Scheduled,Brent Headrick,brent_headrick,pitcher,NYY,147,TEX,140,1,ERA,1.0527034090909102,1.8,1.8,synthetic,0,0.0,,,-0.7472965909090898,24,2026-05-05,et,et,1.0,2.430798842316207,6.00854597634833
2026-05-07,2026-05-07,2026-05-07T16:35:00Z,823551,P,Scheduled,Paul Blackburn,paul_blackburn,pitcher,NYY,147,TEX,110,1,K,1.4781016949152543,1.2,1.5,real,3,0.5773502691896258,,,-0.02189830508474566,11,2026-05-04,et,et,1.0,1.0371933621933622,1.3692380244864926
2026-05-07,2026-05-07,2026-05-07T16:35:00Z,823551,P,Scheduled,Paul Blackburn,paul_blackburn,pitcher,NYY,147,TEX,110,1,ER,0.5879560606060608,0.8,0.5,real,4,0.0,,,0.08795606060606076,11,2026-05-04,et,et,1.0,0.6314935064935064,0.7362895976964113
2026-05-07,2026-05-07,2026-05-07T16:35:00Z,823551,P,Scheduled,Paul Blackburn,paul_blackburn,pitcher,NYY,147,TEX,110,1,ERA,5.291604545454547,4.2,4.2,synthetic,0,0.0,,,1.0916045454545467,11,2026-05-04,et,et,1.0,3.5008387445887448,4.036982918961193
2026-05-07,2026-05-07,2026-05-07T16:35:00Z,823551,P,Scheduled,Ryan Weathers,ryan_weathers,pitcher,NYY,147,TEX,110,1,K,5.646101694915254,6.6,5.5,real,5,0.5477225575051661,,,0.14610169491525404,11,2026-05-02,et,et,1.0,1.6927849927849927,2.2376829212988323
2026-05-07,2026-05-07,2026-05-07T16:35:00Z,823551,P,Scheduled,Ryan Weathers,ryan_weathers,pitcher,NYY,147,TEX,110,1,ER,1.9159560606060608,2.2,2.5,synthetic,0,0.0,,,-0.5840439393939392,11,2026-05-02,et,et,1.0,2.0286796536796534,2.3865129062678743
2026-05-07,2026-05-07,2026-05-07T16:35:00Z,823551,P,Scheduled,Ryan Weathers,ryan_weathers,pitcher,NYY,147,TEX,110,1,ERA,3.44872090909091,4.172727272727273,4.2,synthetic,0,0.0,,,-0.7512790909090903,11,2026-05-02,et,et,1.0,7.232379873913967,8.704160686979177
2026-05-07,2026-05-07,2026-05-07T16:35:00Z,823551,P,Scheduled,Nathan Eovaldi,nathan_eovaldi,pitcher,TEX,140,NYY,147,0,K,4.717481481481482,5.4,5.5,synthetic,0,0.0,,,-0.7825185185185184,11,2026-05-06,et,et,1.0,2.275252525252525,2.60789453715967
2026-05-07,2026-05-07,2026-05-07T16:35:00Z,823551,P,Scheduled,Nathan Eovaldi,nathan_eovaldi,pitcher,TEX,140,NYY,147,0,ER,1.572527777777778,2.0,1.5,synthetic,0,0.0,,,0.07252777777777797,11,2026-05-06,et,et,1.0,1.961940836940837,2.408792041182884
2026-05-07,2026-05-07,2026-05-07T16:35:00Z,823551,P,Scheduled,Nathan Eovaldi,nathan_eovaldi,pitcher,TEX,140,NYY,147,0,ERA,1.7690937500000001,3.12,3.1,synthetic,0,0.0,,,-1.33090625,11,2026-05-06,et,et,1.0,3.9167152315471636,4.783196604509528
2026-05-07,2026-05-07,2026-05-07T16:35:00Z,823551,P,Scheduled,Jacob Latz,jacob_latz,pitcher,TEX,140,NYY,147,0,K,0.7094814814814813,1.0,2.5,synthetic,0,0.0,,,-1.7905185185185188,20,2026-05-06,et,et,1.0,1.4187652006576155,1.783561518642956
2026-05-07,2026-05-07,2026-05-07T16:35:00Z,823551,P,Scheduled,Jacob Latz,jacob_latz,pitcher,TEX,140,NYY,147,0,ER,0.13252777777777808,0.0,0.5,synthetic,0,0.0,,,-0.3674722222222219,20,2026-05-06,et,et,1.0,1.4657494457726652,1.836549148503265
2026-05-07,2026-05-07,2026-05-07T16:35:00Z,823551,P,Scheduled,Jacob Latz,jacob_latz,pitcher,TEX,140,NYY,147,0,ERA,1.1927500000000026,0.0,1.5,synthetic,0,0.0,,,-0.30724999999999736,20,2026-05-06,et,et,1.0,5.6122750063404085,6.459048395506343
2026-05-07,2026-05-07,2026-05-07T16:35:00Z,823551,P,Scheduled,Tyler Alexander,tyler_alexander,pitcher,TEX,140,NYY,147,0,K,0.2814814814814813,0.6,2.5,synthetic,0,0.0,,,-2.218518518518519,20,2026-05-05,et,et,1.0,0.7806942874377085,0.9237195599242272
2026-05-07,2026-05-07,2026-05-07T16:35:00Z,823551,P,Scheduled,Tyler Alexander,tyler_alexander,pitcher,TEX,140,NYY,147,0,ER,0.7405277777777781,0.4,0.5,synthetic,0,0.0,,,0.24052777777777812,20,2026-05-05,et,et,1.0,0.6135099197328301,0.9039862694250036
2026-05-07,2026-05-07,2026-05-07T16:35:00Z,823551,P,Scheduled,Tyler Alexander,tyler_alexander,pitcher,TEX,140,NYY,147,0,ERA,6.664750000000003,10.8,10.8,synthetic,0,0.0,,,-4.135249999999997,20,2026-05-05,et,et,1.0,4.821212143699953,12.261997968029467
2026-05-07,2026-05-07,2026-05-07T17:05:00Z,822741,P,Scheduled,Austin Martin,austin_martin,hitter,WSH,142,MIN,120,1,H,1.354043414556458,1.2,1.5,synthetic,0,0.0,,,-0.14595658544354206,43,2026-05-05,et,et,1.0,0.6102073686875195,0.7938930849919115
2026-05-07,2026-05-07,2026-05-07T17:05:00Z,822741,P,Scheduled,Austin Martin,austin_martin,hitter,WSH,142,MIN,120,1,TB,0.979445652173913,1.2,1.5,real,8,1.1649647450214349,,,-0.520554347826087,43,2026-05-05,et,et,1.0,0.7553691763906112,1.0897227970356398
2026-05-07,2026-05-07,2026-05-07T17:05:00Z,822741,P,Scheduled,Austin Martin,austin_martin,hitter,WSH,142,MIN,120,1,R,0.29226586239847097,0.0,0.5,real,7,0.7559289460184545,,,-0.20773413760152903,43,2026-05-05,et,et,1.0,0.503277327474134,0.5949468280776717
2026-05-07,2026-05-07,2026-05-07T17:05:00Z,822741,P,Scheduled,Austin Martin,austin_martin,hitter,WSH,142,MIN,120,1,HR,0.025600000000000022,0.0,0.5,synthetic,0,0.0,,,-0.4744,43,2026-05-05,et,et,1.0,0.03254818064376675,0.15337716049767708
2026-05-07,2026-05-07,2026-05-07T17:05:00Z,822741,P,Scheduled,Austin Martin,austin_martin,hitter,WSH,142,MIN,120,1,RBI,0.41488542761586233,0.2,0.5,synthetic,0,0.0,,,-0.08511457238413767,43,2026-05-05,et,et,1.0,0.3030624211201434,0.4705289950383141
2026-05-07,2026-05-07,2026-05-07T17:05:00Z,822741,P,Scheduled,Brady House,brady_house,hitter,WSH,120,MIN,142,1,H,0.9105243717522787,0.6,0.5,synthetic,0,0.0,,,0.41052437175227874,45,2026-05-06,et,et,1.0,0.6118710371052792,0.8321661759826549
2026-05-07,2026-05-07,2026-05-07T17:05:00Z,822741,P,Scheduled,Brady House,brady_house,hitter,WSH,120,MIN,142,1,TB,2.1709267441860467,1.2,1.5,real,8,1.0606601717798212,,,0.6709267441860467,45,2026-05-06,et,et,1.0,1.312435295784102,1.9320136944529172
2026-05-07,2026-05-07,2026-05-07T17:05:00Z,822741,P,Scheduled,Brady House,brady_house,hitter,WSH,120,MIN,142,1,R,0.7026209685663174,0.2,0.5,real,7,0.0,,,0.2026209685663174,45,2026-05-06,et,et,1.0,0.5639990342800706,0.6444316264326001
2026-05-07,2026-05-07,2026-05-07T17:05:00Z,822741,P,Scheduled,Brady House,brady_house,hitter,WSH,120,MIN,142,1,HR,0.4406,0.2,0.5,synthetic,0,0.0,,,-0.05940000000000001,45,2026-05-06,et,et,1.0,0.21950093918945532,0.35456812178695085
2026-05-07,2026-05-07,2026-05-07T17:05:00Z,822741,P,Scheduled,Brady House,brady_house,hitter,WSH,120,MIN,142,1,RBI,1.1166035267058523,1.0,0.5,synthetic,0,0.0,,,0.6166035267058523,45,2026-05-06,et,et,1.0,0.6856104599408459,0.9392937651103639
2026-05-07,2026-05-07,2026-05-07T17:05:00Z,822741,P,Scheduled,Brooks Lee,brooks_lee,hitter,WSH,142,MIN,120,1,H,1.7532715585489778,1.4,1.5,synthetic,0,0.0,,,0.25327155854897776,47,2026-05-06,et,et,1.0,0.7200655980104259,0.9339265608221998
2026-05-07,2026-05-07,2026-05-07T17:05:00Z,822741,P,Scheduled,Brooks Lee,brooks_lee,hitter,WSH,142,MIN,120,1,TB,1.8535532258064518,1.8,3.5,real,8,1.164964745021435,,,-1.6464467741935482,47,2026-05-06,et,et,1.0,1.3791262198802325,1.8432620823083958
2026-05-07,2026-05-07,2026-05-07T17:05:00Z,822741,P,Scheduled,Brooks Lee,brooks_lee,hitter,WSH,142,MIN,120,1,R,1.041989985820631,0.8,1.5,real,7,0.6900655593423543,,,-0.45801001417936904,47,2026-05-06,et,et,1.0,0.5925153079214234,0.7398349226657687
2026-05-07,2026-05-07,2026-05-07T17:05:00Z,822741,P,Scheduled,Brooks Lee,brooks_lee,hitter,WSH,142,MIN,120,1,HR,0.025600000000000022,0.0,0.5,synthetic,0,0.0,,,-0.4744,47,2026-05-06,et,et,1.0,0.18153968145881844,0.3408102626383589
2026-05-07,2026-05-07,2026-05-07T17:05:00Z,822741,P,Scheduled,Brooks Lee,brooks_lee,hitter,WSH,142,MIN,120,1,RBI,1.2734012761432116,0.8,0.5,synthetic,0,0.0,,,0.7734012761432116,47,2026-05-06,et,et,1.0,0.6170417116780921,0.7923432037761723
2026-05-07,2026-05-07,2026-05-07T17:05:00Z,822741,P,Scheduled,Byron Buxton,byron_buxton,hitter,WSH,142,MIN,120,1,H,1.4258522037102683,1.4,1.5,synthetic,0,0.0,,,-0.07414779628973167,38,2026-05-06,et,et,1.0,0.7106107062556093,0.9940154105116243
2026-05-07,2026-05-07,2026-05-07T17:05:00Z,822741,P,Scheduled,Byron Buxton,byron_buxton,hitter,WSH,142,MIN,120,1,TB,3.042327419354839,4.0,1.5,real,8,0.7071067811865476,,,1.542327419354839,38,2026-05-06,et,et,1.0,1.8135841564560533,2.41992270599227
2026-05-07,2026-05-07,2026-05-07T17:05:00Z,822741,P,Scheduled,Byron Buxton,byron_buxton,hitter,WSH,142,MIN,120,1,R,0.9993448245303084,1.0,0.5,real,7,0.0,,,0.4993448245303084,38,2026-05-06,et,et,1.0,0.7801631085068838,1.0270379396882527
2026-05-07,2026-05-07,2026-05-07T17:05:00Z,822741,P,Scheduled,Byron Buxton,byron_buxton,hitter,WSH,142,MIN,120,1,HR,0.6856,0.8,0.5,synthetic,0,0.0,,,0.1856,38,2026-05-06,et,et,1.0,0.4239041371556475,0.5501754376068203
2026-05-07,2026-05-07,2026-05-07T17:05:00Z,822741,P,Scheduled,Byron Buxton,byron_buxton,hitter,WSH,142,MIN,120,1,RBI,1.6434657922722438,1.4,1.5,synthetic,0,0.0,,,0.14346579227224376,38,2026-05-06,et,et,1.0,0.6483596273604898,0.8520313800330223
2026-05-07,2026-05-07,2026-05-07T17:05:00Z,822741,P,Scheduled,CJ Abrams,cj_abrams,hitter,WSH,120,MIN,142,1,H,1.0425243717522787,1.0,0.5,synthetic,0,0.0,,,0.5425243717522787,49,2026-05-06,et,et,1.0,0.6885825526261877,0.882084718299143
2026-05-07,2026-05-07,2026-05-07T17:05:00Z,822741,P,Scheduled,CJ Abrams,cj_abrams,hitter,WSH,120,MIN,142,1,TB,2.6332267441860466,1.6,1.5,real,8,1.0606601717798212,,,1.1332267441860466,49,2026-05-06,et,et,1.0,1.454900515328229,1.9711961616731801
2026-05-07,2026-05-07,2026-05-07T17:05:00Z,822741,P,Scheduled,CJ Abrams,cj_abrams,hitter,WSH,120,MIN,142,1,R,1.2363209685663175,0.8,0.5,real,7,0.0,,,0.7363209685663175,49,2026-05-06,et,et,1.0,0.5746394984521332,0.6989721002784559
2026-05-07,2026-05-07,2026-05-07T17:05:00Z,822741,P,Scheduled,CJ Abrams,cj_abrams,hitter,WSH,120,MIN,142,1,HR,0.49060000000000004,0.2,0.5,synthetic,0,0.0,,,-0.009399999999999964,49,2026-05-06,et,et,1.0,0.24343624249116336,0.3949212435295688
2026-05-07,2026-05-07,2026-05-07T17:05:00Z,822741,P,Scheduled,CJ Abrams,cj_abrams,hitter,WSH,120,MIN,142,1,RBI,1.3528035267058522,1.0,0.5,synthetic,0,0.0,,,0.8528035267058522,49,2026-05-06,et,et,1.0,0.718015074801952,1.1508505682254377
2026-05-07,2026-05-07,2026-05-07T17:05:00Z,822741,P,Scheduled,Curtis Mead,curtis_mead,hitter,WSH,120,MIN,142,1,H,1.0505243717522788,0.6,0.5,synthetic,0,0.0,,,0.5505243717522788,34,2026-05-06,et,et,1.0,0.7077481818119546,0.9473933185702698
2026-05-07,2026-05-07,2026-05-07T17:05:00Z,822741,P,Scheduled,Curtis Mead,curtis_mead,hitter,WSH,120,MIN,142,1,TB,1.1878267441860466,1.0,1.5,real,8,1.0606601717798212,,,-0.3121732558139534,34,2026-05-06,et,et,1.0,1.5778590115791808,2.0340342347893294
2026-05-07,2026-05-07,2026-05-07T17:05:00Z,822741,P,Scheduled,Curtis Mead,curtis_mead,hitter,WSH,120,MIN,142,1,R,0.5037209685663173,0.2,0.5,real,7,0.7559289460184545,,,0.0037209685663173175,34,2026-05-06,et,et,1.0,0.6215841779941549,0.8448743977086168
2026-05-07,2026-05-07,2026-05-07T17:05:00Z,822741,P,Scheduled,Curtis Mead,curtis_mead,hitter,WSH,120,MIN,142,1,HR,0.025600000000000022,0.0,0.5,synthetic,0,0.0,,,-0.4744,34,2026-05-06,et,et,1.0,0.2477009941452073,0.3728984341870867
2026-05-07,2026-05-07,2026-05-07T17:05:00Z,822741,P,Scheduled,Curtis Mead,curtis_mead,hitter,WSH,120,MIN,142,1,RBI,0.6132035267058522,0.2,0.5,synthetic,0,0.0,,,0.11320352670585221,34,2026-05-06,et,et,1.0,0.5638907726297857,0.796919628708001
2026-05-07,2026-05-07,2026-05-07T17:05:00Z,822741,P,Scheduled,Daylen Lile,daylen_lile,hitter,WSH,120,MIN,142,1,H,0.7745243717522787,0.4,0.5,synthetic,0,0.0,,,0.27452437175227873,48,2026-05-06,et,et,1.0,0.6604763707333249,0.839559676032013
2026-05-07,2026-05-07,2026-05-07T17:05:00Z,822741,P,Scheduled,Daylen Lile,daylen_lile,hitter,WSH,120,MIN,142,1,TB,0.9238267441860464,0.8,1.5,real,8,1.0606601717798212,,,-0.5761732558139536,48,2026-05-06,et,et,1.0,1.3831873949504188,1.6291252480761824
2026-05-07,2026-05-07,2026-05-07T17:05:00Z,822741,P,Scheduled,Daylen Lile,daylen_lile,hitter,WSH,120,MIN,142,1,R,1.0497209685663174,0.6,0.5,real,7,0.7559289460184545,,,0.5497209685663174,48,2026-05-06,et,et,1.0,0.6454397247830738,0.7539079469492682
2026-05-07,2026-05-07,2026-05-07T17:05:00Z,822741,P,Scheduled,Daylen Lile,daylen_lile,hitter,WSH,120,MIN,142,1,HR,0.025600000000000022,0.0,0.5,synthetic,0,0.0,,,-0.4744,48,2026-05-06,et,et,1.0,0.2669646466872546,0.360170483132875
2026-05-07,2026-05-07,2026-05-07T17:05:00Z,822741,P,Scheduled,Daylen Lile,daylen_lile,hitter,WSH,120,MIN,142,1,RBI,0.31720352670585217,0.0,0.5,synthetic,0,0.0,,,-0.18279647329414783,48,2026-05-06,et,et,1.0,0.6103940915582545,0.7287059721340877
2026-05-07,2026-05-07,2026-05-07T17:05:00Z,822741,P,Scheduled,Drew Millas,drew_millas,hitter,WSH,120,MIN,142,1,H,0.4643383252406509,0.2,0.5,synthetic,0,0.0,,,-0.035661674759349116,34,2026-05-06,et,et,1.0,0.524977206734905,0.6271270403008967
2026-05-07,2026-05-07,2026-05-07T17:05:00Z,822741,P,Scheduled,Drew Millas,drew_millas,hitter,WSH,120,MIN,142,1,TB,1.701356395348837,0.2,1.5,real,1,0.0,,,0.2013563953488371,34,2026-05-06,et,et,1.0,0.7088298453787403,1.1987587529154193
2026-05-07,2026-05-07,2026-05-07T17:05:00Z,822741,P,Scheduled,Drew Millas,drew_millas,hitter,WSH,120,MIN,142,1,R,0.607993642984922,0.0,0.5,real,1,0.0,,,0.10799364298492198,34,2026-05-06,et,et,1.0,0.3237986974019359,0.5086567856557457
2026-05-07,2026-05-07,2026-05-07T17:05:00Z,822741,P,Scheduled,Drew Millas,drew_millas,hitter,WSH,120,MIN,142,1,HR,0.3506,0.0,0.5,synthetic,0,0.0,,,-0.14939999999999998,34,2026-05-06,et,et,1.0,0.029411764705882353,0.17149858514250885
2026-05-07,2026-05-07,2026-05-07T17:05:00Z,822741,P,Scheduled,Drew Millas,drew_millas,hitter,WSH,120,MIN,142,1,RBI,0.45980468949654985,0.0,0.5,synthetic,0,0.0,,,-0.040195310503450155,34,2026-05-06,et,et,1.0,0.3419004459272843,0.4919198221540548
2026-05-07,2026-05-07,2026-05-07T17:05:00Z,822741,P,Scheduled,Jacob Young,jacob_young,hitter,WSH,120,MIN,142,1,H,0.7705243717522787,0.6,0.5,synthetic,0,0.0,,,0.2705243717522787,40,2026-05-06,et,et,1.0,0.605214763234659,0.6994510337884883
2026-05-07,2026-05-07,2026-05-07T17:05:00Z,822741,P,Scheduled,Jacob Young,jacob_young,hitter,WSH,120,MIN,142,1,TB,0.5558267441860464,0.6,1.5,real,8,1.0606601717798212,,,-0.9441732558139536,40,2026-05-06,et,et,1.0,0.821890595485128,1.1283563605582814
2026-05-07,2026-05-07,2026-05-07T17:05:00Z,822741,P,Scheduled,Jacob Young,jacob_young,hitter,WSH,120,MIN,142,1,R,0.3797209685663173,0.0,2.5,real,7,0.9759000729485331,,,-2.120279031433683,40,2026-05-06,et,et,1.0,0.5011146562042647,0.6004340256284153
2026-05-07,2026-05-07,2026-05-07T17:05:00Z,822741,P,Scheduled,Jacob Young,jacob_young,hitter,WSH,120,MIN,142,1,HR,0.025600000000000022,0.0,0.5,synthetic,0,0.0,,,-0.4744,40,2026-05-06,et,et,1.0,0.11426874823752498,0.23068440840696325
2026-05-07,2026-05-07,2026-05-07T17:05:00Z,822741,P,Scheduled,Jacob Young,jacob_young,hitter,WSH,120,MIN,142,1,RBI,0.4772035267058522,0.2,0.5,synthetic,0,0.0,,,-0.0227964732941478,40,2026-05-06,et,et,1.0,0.5213673460047307,0.7208307525660355
2026-05-07,2026-05-07,2026-05-07T17:05:00Z,822741,P,Scheduled,James Wood,james_wood,hitter,WSH,120,MIN,142,1,H,0.9105243717522787,0.6,0.5,synthetic,0,0.0,,,0.41052437175227874,49,2026-05-06,et,et,1.0,0.717320340186259,0.955140981668578
2026-05-07,2026-05-07,2026-05-07T17:05:00Z,822741,P,Scheduled,James Wood,james_wood,hitter,WSH,120,MIN,142,1,TB,1.0219267441860465,0.8,1.5,real,8,1.0606601717798212,,,-0.47807325581395355,49,2026-05-06,et,et,1.0,1.5960619612530662,2.036639930730257
2026-05-07,2026-05-07,2026-05-07T17:05:00Z,822741,P,Scheduled,James Wood,james_wood,hitter,WSH,120,MIN,142,1,R,0.5156209685663173,0.0,0.5,real,7,0.7867957924694432,,,0.01562096856631734,49,2026-05-06,et,et,1.0,0.8172322017359696,1.0132144349999743
2026-05-07,2026-05-07,2026-05-07T17:05:00Z,822741,P,Scheduled,James Wood,james_wood,hitter,WSH,120,MIN,142,1,HR,0.025600000000000022,0.0,0.5,synthetic,0,0.0,,,-0.4744,49,2026-05-06,et,et,1.0,0.3095242267179661,0.4278149100058427
2026-05-07,2026-05-07,2026-05-07T17:05:00Z,822741,P,Scheduled,James Wood,james_wood,hitter,WSH,120,MIN,142,1,RBI,0.6786035267058522,0.2,0.5,synthetic,0,0.0,,,0.17860352670585222,49,2026-05-06,et,et,1.0,0.6904515027311133,0.9098751426064653
2026-05-07,2026-05-07,2026-05-07T17:05:00Z,822741,P,Scheduled,Jorbit Vivas,jorbit_vivas,hitter,WSH,120,MIN,142,1,H,0.6735941391941394,0.4,0.5,synthetic,0,0.0,,,0.17359413919413935,41,2026-05-05,et,et,1.0,0.5046801330184619,0.5748085525210349
2026-05-07,2026-05-07,2026-05-07T17:05:00Z,822741,P,Scheduled,Jorbit Vivas,jorbit_vivas,hitter,WSH,120,MIN,142,1,TB,0.26598333333333335,0.4,1.0,real,2,0.7071067811865476,,,-0.7340166666666667,41,2026-05-05,et,et,1.0,0.5969939300402063,0.7236724656756133
2026-05-07,2026-05-07,2026-05-07T17:05:00Z,822741,P,Scheduled,Jorbit Vivas,jorbit_vivas,hitter,WSH,120,MIN,142,1,R,0.3154093406593407,0.2,0.5,real,1,0.0,,,-0.18459065934065932,41,2026-05-05,et,et,1.0,0.5314125353169681,0.6822379207047673
2026-05-07,2026-05-07,2026-05-07T17:05:00Z,822741,P,Scheduled,Jorbit Vivas,jorbit_vivas,hitter,WSH,120,MIN,142,1,HR,0.025600000000000022,0.0,0.5,synthetic,0,0.0,,,-0.4744,41,2026-05-05,et,et,1.0,0.0,0.0
2026-05-07,2026-05-07,2026-05-07T17:05:00Z,822741,P,Scheduled,Jorbit Vivas,jorbit_vivas,hitter,WSH,120,MIN,142,1,RBI,0.22832600732600733,0.0,0.5,synthetic,0,0.0,,,-0.27167399267399267,41,2026-05-05,et,et,1.0,0.16879029186922018,0.3064321445125275
2026-05-07,2026-05-07,2026-05-07T17:05:00Z,822741,P,Scheduled,Josh Bell,josh_bell,hitter,WSH,142,MIN,120,1,H,0.9292715585489779,0.6,0.5,synthetic,0,0.0,,,0.4292715585489779,49,2026-05-06,et,et,1.0,0.6789258639177259,0.8394593409543936
2026-05-07,2026-05-07,2026-05-07T17:05:00Z,822741,P,Scheduled,Josh Bell,josh_bell,hitter,WSH,142,MIN,120,1,TB,0.5495532258064515,0.6,1.5,real,8,0.0,,,-0.9504467741935485,49,2026-05-06,et,et,1.0,1.1153595333509916,1.5004218418646296
2026-05-07,2026-05-07,2026-05-07T17:05:00Z,822741,P,Scheduled,Josh Bell,josh_bell,hitter,WSH,142,MIN,120,1,R,0.3579899858206309,0.2,0.5,real,7,0.0,,,-0.1420100141793691,49,2026-05-06,et,et,1.0,0.6102402890979162,0.8082393688172679
2026-05-07,2026-05-07,2026-05-07T17:05:00Z,822741,P,Scheduled,Josh Bell,josh_bell,hitter,WSH,142,MIN,120,1,HR,0.025600000000000022,0.0,0.5,synthetic,0,0.0,,,-0.4744,49,2026-05-06,et,et,1.0,0.1694322705652712,0.28648565595741676
2026-05-07,2026-05-07,2026-05-07T17:05:00Z,822741,P,Scheduled,Josh Bell,josh_bell,hitter,WSH,142,MIN,120,1,RBI,0.6814012761432117,0.4,0.5,synthetic,0,0.0,,,0.18140127614321166,49,2026-05-06,et,et,1.0,0.602349657734182,0.7576946138058288
2026-05-07,2026-05-07,2026-05-07T17:05:00Z,822741,P,Scheduled,Keibert Ruiz,keibert_ruiz,hitter,WSH,120,MIN,142,1,H,0.9495941391941394,0.6,0.5,synthetic,0,0.0,,,0.4495941391941394,34,2026-05-05,et,et,1.0,0.543587848642112,0.5888710633871316
2026-05-07,2026-05-07,2026-05-07T17:05:00Z,822741,P,Scheduled,Keibert Ruiz,keibert_ruiz,hitter,WSH,120,MIN,142,1,TB,0.9179833333333334,1.0,5.0,real,8,2.799872446074234,,,-4.082016666666666,34,2026-05-05,et,et,1.0,0.9742747531972646,1.2715123290609098
2026-05-07,2026-05-07,2026-05-07T17:05:00Z,822741,P,Scheduled,Keibert Ruiz,keibert_ruiz,hitter,WSH,120,MIN,142,1,R,0.15740934065934065,0.0,2.5,real,7,1.2535663410560174,,,-2.3425906593406594,34,2026-05-05,et,et,1.0,0.2926930711610504,0.3883757468883728
2026-05-07,2026-05-07,2026-05-07T17:05:00Z,822741,P,Scheduled,Keibert Ruiz,keibert_ruiz,hitter,WSH,120,MIN,142,1,HR,0.025600000000000022,0.0,0.5,synthetic,0,0.0,,,-0.4744,34,2026-05-05,et,et,1.0,0.1737564443118163,0.2764664411059319
2026-05-07,2026-05-07,2026-05-07T17:05:00Z,822741,P,Scheduled,Keibert Ruiz,keibert_ruiz,hitter,WSH,120,MIN,142,1,RBI,0.22832600732600733,0.0,0.5,synthetic,0,0.0,,,-0.27167399267399267,34,2026-05-05,et,et,1.0,0.6962483264021445,0.9193174301113476
2026-05-07,2026-05-07,2026-05-07T17:05:00Z,822741,P,Scheduled,Kody Clemens,kody_clemens,hitter,WSH,142,MIN,120,1,H,0.8304328488715585,0.8,0.5,synthetic,0,0.0,,,0.33043284887155855,36,2026-05-06,et,et,1.0,0.6914858384030321,0.7890957455006592
2026-05-07,2026-05-07,2026-05-07T17:05:00Z,822741,P,Scheduled,Kody Clemens,kody_clemens,hitter,WSH,142,MIN,120,1,TB,0.7111016129032257,1.2,1.5,real,8,1.1649647450214349,,,-0.7888983870967743,36,2026-05-06,et,et,1.0,1.5080214091895805,1.8811940486898457
2026-05-07,2026-05-07,2026-05-07T17:05:00Z,822741,P,Scheduled,Kody Clemens,kody_clemens,hitter,WSH,142,MIN,120,1,R,1.326699663239986,1.2,0.5,real,7,0.37796447300922725,,,0.8266996632399859,36,2026-05-06,et,et,1.0,0.4618714448176731,0.695395340198891
2026-05-07,2026-05-07,2026-05-07T17:05:00Z,822741,P,Scheduled,Kody Clemens,kody_clemens,hitter,WSH,142,MIN,120,1,HR,0.025600000000000022,0.0,0.5,synthetic,0,0.0,,,-0.4744,36,2026-05-06,et,et,1.0,0.18237195720690733,0.3249808540279492
2026-05-07,2026-05-07,2026-05-07T17:05:00Z,822741,P,Scheduled,Kody Clemens,kody_clemens,hitter,WSH,142,MIN,120,1,RBI,0.30953030840127604,0.2,0.5,synthetic,0,0.0,,,-0.19046969159872396,36,2026-05-06,et,et,1.0,0.569971519556368,0.9571870464006593
2026-05-07,2026-05-07,2026-05-07T17:05:00Z,822741,P,Scheduled,Luke Keaschall,luke_keaschall,hitter,WSH,142,MIN,120,1,H,1.0178522037102682,0.8,0.5,synthetic,0,0.0,,,0.5178522037102682,48,2026-05-06,et,et,1.0,0.5608103920063093,0.7691280511710632
2026-05-07,2026-05-07,2026-05-07T17:05:00Z,822741,P,Scheduled,Luke Keaschall,luke_keaschall,hitter,WSH,142,MIN,120,1,TB,1.6008274193548386,1.4,1.5,real,8,1.0606601717798212,,,0.10082741935483863,48,2026-05-06,et,et,1.0,1.1683188966787554,1.527149573912001
2026-05-07,2026-05-07,2026-05-07T17:05:00Z,822741,P,Scheduled,Luke Keaschall,luke_keaschall,hitter,WSH,142,MIN,120,1,R,1.184178157863642,0.8,1.5,real,7,0.5773502691896257,,,-0.3158218421363581,48,2026-05-06,et,et,1.0,0.5981270960220101,0.6709081948413876
2026-05-07,2026-05-07,2026-05-07T17:05:00Z,822741,P,Scheduled,Luke Keaschall,luke_keaschall,hitter,WSH,142,MIN,120,1,HR,0.17976666666666666,0.0,0.5,synthetic,0,0.0,,,-0.32023333333333337,48,2026-05-06,et,et,1.0,0.1407548173568341,0.2529496569752543
2026-05-07,2026-05-07,2026-05-07T17:05:00Z,822741,P,Scheduled,Luke Keaschall,luke_keaschall,hitter,WSH,142,MIN,120,1,RBI,0.6104657922722438,0.4,0.5,synthetic,0,0.0,,,0.11046579227224385,48,2026-05-06,et,et,1.0,0.5838997021057523,0.8200574922033146
2026-05-07,2026-05-07,2026-05-07T17:05:00Z,822741,P,Scheduled,Matt Wallner,matt_wallner,hitter,WSH,142,MIN,120,1,H,0.8858522037102683,0.4,0.5,synthetic,0,0.0,,,0.3858522037102683,42,2026-05-06,et,et,1.0,0.5872051188237213,0.738500903774127
2026-05-07,2026-05-07,2026-05-07T17:05:00Z,822741,P,Scheduled,Matt Wallner,matt_wallner,hitter,WSH,142,MIN,120,1,TB,2.442827419354839,0.6,1.5,real,8,1.3093073414159542,,,0.9428274193548392,42,2026-05-06,et,et,1.0,1.396726072283268,1.6419811559953086
2026-05-07,2026-05-07,2026-05-07T17:05:00Z,822741,P,Scheduled,Matt Wallner,matt_wallner,hitter,WSH,142,MIN,120,1,R,0.6975114911969752,0.0,0.5,real,7,0.7559289460184545,,,0.1975114911969752,42,2026-05-06,et,et,1.0,0.5673510149033779,0.6183931797292291
2026-05-07,2026-05-07,2026-05-07T17:05:00Z,822741,P,Scheduled,Matt Wallner,matt_wallner,hitter,WSH,142,MIN,120,1,HR,0.3506,0.0,0.5,synthetic,0,0.0,,,-0.14939999999999998,42,2026-05-06,et,et,1.0,0.3073506665908738,0.3923037811616695
2026-05-07,2026-05-07,2026-05-07T17:05:00Z,822741,P,Scheduled,Matt Wallner,matt_wallner,hitter,WSH,142,MIN,120,1,RBI,0.806465792272244,0.2,0.5,synthetic,0,0.0,,,0.306465792272244,42,2026-05-06,et,et,1.0,0.5099771414302586,0.5982557223944777
2026-05-07,2026-05-07,2026-05-07T17:05:00Z,822741,P,Scheduled,Royce Lewis,royce_lewis,hitter,WSH,142,MIN,120,1,H,0.6700434145564581,0.4,0.5,synthetic,0,0.0,,,0.1700434145564581,38,2026-05-05,et,et,1.0,0.46237846761166534,0.5650906704800744
2026-05-07,2026-05-07,2026-05-07T17:05:00Z,822741,P,Scheduled,Royce Lewis,royce_lewis,hitter,WSH,142,MIN,120,1,TB,0.328145652173913,0.4,0.5,real,7,0.5345224838248488,,,-0.171854347826087,38,2026-05-05,et,et,1.0,0.8988106285545203,1.3271822953921966
2026-05-07,2026-05-07,2026-05-07T17:05:00Z,822741,P,Scheduled,Royce Lewis,royce_lewis,hitter,WSH,142,MIN,120,1,R,0.233565862398471,0.0,0.5,real,6,0.0,,,-0.266434137601529,38,2026-05-05,et,et,1.0,0.4548670041858937,0.5874749251658735
2026-05-07,2026-05-07,2026-05-07T17:05:00Z,822741,P,Scheduled,Royce Lewis,royce_lewis,hitter,WSH,142,MIN,120,1,HR,0.025600000000000022,0.0,0.5,synthetic,0,0.0,,,-0.4744,38,2026-05-05,et,et,1.0,0.19404962050329802,0.32167961950675156
2026-05-07,2026-05-07,2026-05-07T17:05:00Z,822741,P,Scheduled,Royce Lewis,royce_lewis,hitter,WSH,142,MIN,120,1,RBI,0.26868542761586234,0.0,0.5,synthetic,0,0.0,,,-0.23131457238413766,38,2026-05-05,et,et,1.0,0.6485877986071473,0.7787636608877372
2026-05-07,2026-05-07,2026-05-07T17:05:00Z,822741,P,Scheduled,Ryan Jeffers,ryan_jeffers,hitter,WSH,142,MIN,120,1,H,1.1950134940328487,1.2,1.5,synthetic,0,0.0,,,-0.30498650596715127,39,2026-05-06,et,et,1.0,0.7384479738358537,0.956116112446804
2026-05-07,2026-05-07,2026-05-07T17:05:00Z,822741,P,Scheduled,Ryan Jeffers,ryan_jeffers,hitter,WSH,142,MIN,120,1,TB,1.4518758064516128,2.0,6.5,real,8,2.9640705601780613,,,-5.048124193548388,39,2026-05-06,et,et,1.0,1.2846137252596803,1.7126087941028905
2026-05-07,2026-05-07,2026-05-07T17:05:00Z,822741,P,Scheduled,Ryan Jeffers,ryan_jeffers,hitter,WSH,142,MIN,120,1,R,0.7500545019496633,0.8,2.5,real,7,0.8997354108424375,,,-1.7499454980503368,39,2026-05-06,et,et,1.0,0.5331962420650637,0.7998647923253295
2026-05-07,2026-05-07,2026-05-07T17:05:00Z,822741,P,Scheduled,Ryan Jeffers,ryan_jeffers,hitter,WSH,142,MIN,120,1,HR,0.1656,0.2,0.5,synthetic,0,0.0,,,-0.33440000000000003,39,2026-05-06,et,et,1.0,0.18792890710350724,0.343839701687736
2026-05-07,2026-05-07,2026-05-07T17:05:00Z,822741,P,Scheduled,Ryan Jeffers,ryan_jeffers,hitter,WSH,142,MIN,120,1,RBI,0.5435948245303084,0.6,0.5,synthetic,0,0.0,,,0.043594824530308385,39,2026-05-06,et,et,1.0,0.8668177412321761,1.1036783178873697
2026-05-07,2026-05-07,2026-05-07T17:05:00Z,822741,P,Scheduled,Trevor Larnach,trevor_larnach,hitter,WSH,142,MIN,120,1,H,1.6132715585489779,1.4,1.5,synthetic,0,0.0,,,0.11327155854897786,40,2026-05-06,et,et,1.0,0.647045896502284,0.7361980676602361
2026-05-07,2026-05-07,2026-05-07T17:05:00Z,822741,P,Scheduled,Trevor Larnach,trevor_larnach,hitter,WSH,142,MIN,120,1,TB,1.5735532258064515,1.8,1.5,real,8,1.0606601717798212,,,0.07355322580645152,40,2026-05-06,et,et,1.0,0.9503837069685656,1.274809365234652
2026-05-07,2026-05-07,2026-05-07T17:05:00Z,822741,P,Scheduled,Trevor Larnach,trevor_larnach,hitter,WSH,142,MIN,120,1,R,0.6239899858206308,0.6,0.5,real,7,0.7559289460184545,,,0.12398998582063081,40,2026-05-06,et,et,1.0,0.5213584813350536,0.6496859845405228
2026-05-07,2026-05-07,2026-05-07T17:05:00Z,822741,P,Scheduled,Trevor Larnach,trevor_larnach,hitter,WSH,142,MIN,120,1,HR,0.025600000000000022,0.0,0.5,synthetic,0,0.0,,,-0.4744,40,2026-05-06,et,et,1.0,0.09843802559759182,0.22628397937081188
2026-05-07,2026-05-07,2026-05-07T17:05:00Z,822741,P,Scheduled,Trevor Larnach,trevor_larnach,hitter,WSH,142,MIN,120,1,RBI,0.9774012761432116,0.6,0.5,synthetic,0,0.0,,,0.4774012761432116,40,2026-05-06,et,et,1.0,0.4403599857448673,0.7402786428315691
2026-05-07,2026-05-07,2026-05-07T17:05:00Z,822741,P,Scheduled,Tristan Gray,tristan_gray,hitter,WSH,142,MIN,120,1,H,1.2898522037102682,1.2,1.5,synthetic,0,0.0,,,-0.2101477962897318,32,2026-05-06,et,et,1.0,0.6244765129047505,0.7489742177841646
2026-05-07,2026-05-07,2026-05-07T17:05:00Z,822741,P,Scheduled,Tristan Gray,tristan_gray,hitter,WSH,142,MIN,120,1,TB,1.2583274193548388,1.8,1.5,real,8,1.2817398889233114,,,-0.24167258064516117,32,2026-05-06,et,et,1.0,0.9468139766174173,1.3739676705904715
2026-05-07,2026-05-07,2026-05-07T17:05:00Z,822741,P,Scheduled,Tristan Gray,tristan_gray,hitter,WSH,142,MIN,120,1,R,0.7913448245303084,0.8,0.5,real,7,0.0,,,0.2913448245303084,32,2026-05-06,et,et,1.0,0.46066433685412583,0.5690982099986932
2026-05-07,2026-05-07,2026-05-07T17:05:00Z,822741,P,Scheduled,Tristan Gray,tristan_gray,hitter,WSH,142,MIN,120,1,HR,0.1656,0.2,0.5,synthetic,0,0.0,,,-0.33440000000000003,32,2026-05-06,et,et,1.0,0.1248437833086152,0.2987484527293594
2026-05-07,2026-05-07,2026-05-07T17:05:00Z,822741,P,Scheduled,Tristan Gray,tristan_gray,hitter,WSH,142,MIN,120,1,RBI,0.48346579227224395,0.4,0.5,synthetic,0,0.0,,,-0.016534207727756045,32,2026-05-06,et,et,1.0,0.7290057956797688,1.187309740665516
2026-05-07,2026-05-07,2026-05-07T17:05:00Z,822741,P,Scheduled,Cade Cavalli,cade_cavalli,pitcher,WSH,120,MIN,142,1,K,5.362336283185841,6.0,5.5,synthetic,0,0.0,,,-0.137663716814159,11,2026-05-05,et,et,1.0,2.573124098124098,3.3097156526490794
2026-05-07,2026-05-07,2026-05-07T17:05:00Z,822741,P,Scheduled,Cade Cavalli,cade_cavalli,pitcher,WSH,120,MIN,142,1,ER,1.6841113636363636,2.0,1.5,synthetic,0,0.0,,,0.1841113636363636,11,2026-05-05,et,et,1.0,0.8844516594516595,1.3417113409232038
2026-05-07,2026-05-07,2026-05-07T17:05:00Z,822741,P,Scheduled,Cade Cavalli,cade_cavalli,pitcher,WSH,120,MIN,142,1,ERA,3.789250568181818,7.555714285714286,7.6,synthetic,0,0.0,,,-3.8107494318181816,11,2026-05-05,et,et,1.0,3.567572454601675,7.962642044661252
2026-05-07,2026-05-07,2026-05-07T17:05:00Z,822741,P,Scheduled,Andre Granillo,andre_granillo,pitcher,WSH,120,MIN,142,1,K,0.07033628318584056,0.4,2.5,synthetic,0,0.0,,,-2.4296637168141593,13,2026-05-05,et,et,1.0,0.5094821844821845,0.5583539171380886
2026-05-07,2026-05-07,2026-05-07T17:05:00Z,822741,P,Scheduled,Andre Granillo,andre_granillo,pitcher,WSH,120,MIN,142,1,ER,0.35611136363636364,0.6,0.5,synthetic,0,0.0,,,-0.14388863636363636,13,2026-05-05,et,et,1.0,0.7645465645465646,1.251099479665974
2026-05-07,2026-05-07,2026-05-07T17:05:00Z,822741,P,Scheduled,Andre Granillo,andre_granillo,pitcher,WSH,120,MIN,142,1,ERA,1.6025011363636363,6.3,6.3,synthetic,0,0.0,,,-4.697498863636364,13,2026-05-05,et,et,1.0,6.973551448551448,10.975415399291627
2026-05-07,2026-05-07,2026-05-07T17:05:00Z,822741,P,Scheduled,Orlando Ribalta,orlando_ribalta,pitcher,WSH,120,MIN,142,1,K,0.35833628318584054,0.8,2.5,synthetic,0,0.0,,,-2.1416637168141595,11,2026-05-05,et,et,1.0,0.67994227994228,0.8333435717092486
2026-05-07,2026-05-07,2026-05-07T17:05:00Z,822741,P,Scheduled,Orlando Ribalta,orlando_ribalta,pitcher,WSH,120,MIN,142,1,ER,0.0,0.0,0.5,synthetic,0,0.0,,,-0.5,11,2026-05-05,et,et,1.0,0.29354256854256855,0.43690728485640357
2026-05-07,2026-05-07,2026-05-07T17:05:00Z,822741,P,Scheduled,Orlando Ribalta,orlando_ribalta,pitcher,WSH,120,MIN,142,1,ERA,0.0,0.0,1.5,synthetic,0,0.0,,,-1.5,11,2026-05-05,et,et,1.0,2.6418831168831165,3.9321655637076325
2026-05-07,2026-05-07,2026-05-07T17:05:00Z,822741,P,Scheduled,Simeon Woods Richardson,simeon_woods_richardson,pitcher,WSH,142,MIN,141,1,K,1.7943362831858407,2.6,3.5,real,9,0.0,,,-1.7056637168141593,11,2026-05-01,et,et,1.0,0.948989898989899,1.1467283770881858
2026-05-07,2026-05-07,2026-05-07T17:05:00Z,822741,P,Scheduled,Simeon Woods Richardson,simeon_woods_richardson,pitcher,WSH,142,MIN,141,1,ER,3.3001113636363635,3.8,3.5,real,5,0.5477225575051661,,,-0.19988863636363652,11,2026-05-01,et,et,1.0,1.3742063492063492,1.8943763170175842
2026-05-07,2026-05-07,2026-05-07T17:05:00Z,822741,P,Scheduled,Simeon Woods Richardson,simeon_woods_richardson,pitcher,WSH,142,MIN,141,1,ERA,6.364500487012987,7.4215384615384625,7.4,synthetic,0,0.0,,,-1.0354995129870135,11,2026-05-01,et,et,1.0,3.775672660672661,5.0480652689156535
2026-05-07,2026-05-07,2026-05-07T17:05:00Z,822741,P,Scheduled,Bailey Ober,bailey_ober,pitcher,MIN,142,WSH,120,0,K,3.9949090909090907,4.8,4.5,synthetic,0,0.0,,,-0.5050909090909093,12,2026-05-06,et,et,1.0,1.852056277056277,2.8696824204657982
2026-05-07,2026-05-07,2026-05-07T17:05:00Z,822741,P,Scheduled,Bailey Ober,bailey_ober,pitcher,MIN,142,WSH,120,0,ER,1.834781818181818,1.8,1.5,synthetic,0,0.0,,,0.33478181818181807,12,2026-05-06,et,et,1.0,1.3228535353535353,1.7240294399887621
2026-05-07,2026-05-07,2026-05-07T17:05:00Z,822741,P,Scheduled,Bailey Ober,bailey_ober,pitcher,MIN,142,WSH,120,0,ERA,3.302607272727273,2.735294117647059,2.7,synthetic,0,0.0,,,0.6026072727272727,12,2026-05-06,et,et,1.0,2.720078149995429,3.3042772010133294
2026-05-07,2026-05-07,2026-05-07T17:05:00Z,822741,P,Scheduled,Kody Funderburk,kody_funderburk,pitcher,MIN,142,WSH,120,0,K,0.25890909090909076,0.0,2.5,synthetic,0,0.0,,,-2.241090909090909,21,2026-05-06,et,et,1.0,0.8765960252747073,0.98908114630953
2026-05-07,2026-05-07,2026-05-07T17:05:00Z,822741,P,Scheduled,Kody Funderburk,kody_funderburk,pitcher,MIN,142,WSH,120,0,ER,0.5227818181818182,0.2,0.5,synthetic,0,0.0,,,0.022781818181818236,21,2026-05-06,et,et,1.0,0.4046888061649229,0.4769236284219955
2026-05-07,2026-05-07,2026-05-07T17:05:00Z,822741,P,Scheduled,Kody Funderburk,kody_funderburk,pitcher,MIN,142,WSH,120,0,ERA,4.705036363636364,1.35,1.5,synthetic,0,0.0,,,3.2050363636363643,21,2026-05-06,et,et,1.0,3.3061732526098404,4.162199962782848
2026-05-07,2026-05-07,2026-05-07T17:05:00Z,822741,P,Scheduled,Justin Topa,justin_topa,pitcher,MIN,142,WSH,120,0,K,0.5469090909090908,0.4,2.5,synthetic,0,0.0,,,-1.9530909090909092,26,2026-05-06,et,et,1.0,0.6680705483961307,0.8065738307893541
2026-05-07,2026-05-07,2026-05-07T17:05:00Z,822741,P,Scheduled,Justin Topa,justin_topa,pitcher,MIN,142,WSH,120,0,ER,1.1307818181818183,0.6,0.5,synthetic,0,0.0,,,0.6307818181818183,26,2026-05-06,et,et,1.0,1.0182625089178539,1.5561710853991166
2026-05-07,2026-05-07,2026-05-07T17:05:00Z,822741,P,Scheduled,Justin Topa,justin_topa,pitcher,MIN,142,WSH,120,0,ERA,10.177036363636365,6.3,6.3,synthetic,0,0.0,,,3.877036363636365,26,2026-05-06,et,et,1.0,12.335733317116736,20.3006470094906
2026-05-07,2026-05-07,2026-05-07T18:10:00Z,824117,P,Scheduled,Bo Naylor,bo_naylor,hitter,KC,114,CLE,118,1,H,0.21248831168831178,0.4,0.5,synthetic,0,0.0,,,-0.2875116883116882,34,2026-05-05,et,et,1.0,0.5312289289826482,0.6765432877569273
2026-05-07,2026-05-07,2026-05-07T18:10:00Z,824117,P,Scheduled,Bo Naylor,bo_naylor,hitter,KC,114,CLE,118,1,TB,0.32523181818181823,0.6,0.5,real,8,0.4629100498862757,343.0,-675.0,-0.17476818181818177,34,2026-05-05,et,et,1.0,0.7615814136135742,1.0810292399667876
2026-05-07,2026-05-07,2026-05-07T18:10:00Z,824117,P,Scheduled,Bo Naylor,bo_naylor,hitter,KC,114,CLE,118,1,R,0.0698603896103896,0.4,0.5,real,7,0.0,377.5,-700.0,-0.4301396103896104,34,2026-05-05,et,et,1.0,0.2892602540671976,0.4611135153834568
2026-05-07,2026-05-07,2026-05-07T18:10:00Z,824117,P,Scheduled,Bo Naylor,bo_naylor,hitter,KC,114,CLE,118,1,HR,0.01920000000000002,0.0,0.5,real,7,0.0,1757.142857142857,,-0.4808,34,2026-05-05,et,et,1.0,0.0424541035581418,0.17292081823297573
2026-05-07,2026-05-07,2026-05-07T18:10:00Z,824117,P,Scheduled,Bo Naylor,bo_naylor,hitter,KC,114,CLE,118,1,RBI,0.025019480519480525,0.2,0.5,synthetic,0,0.0,,,-0.47498051948051945,34,2026-05-05,et,et,1.0,0.35864066118622595,0.4953346889466333
2026-05-07,2026-05-07,2026-05-07T18:10:00Z,824117,P,Scheduled,Brayan Rocchio,brayan_rocchio,hitter,KC,114,CLE,118,1,H,0.7276496548496549,1.0,0.5,synthetic,0,0.0,,,0.22764965484965494,48,2026-05-06,et,et,1.0,0.5922609487898279,0.8155181811106073
2026-05-07,2026-05-07,2026-05-07T18:10:00Z,824117,P,Scheduled,Brayan Rocchio,brayan_rocchio,hitter,KC,114,CLE,118,1,TB,0.8267290540540541,1.2,1.5,real,8,0.3535533905932738,164.0,-232.5,-0.6732709459459459,48,2026-05-06,et,et,1.0,1.1551155038947047,1.4304181554007254
2026-05-07,2026-05-07,2026-05-07T18:10:00Z,824117,P,Scheduled,Brayan Rocchio,brayan_rocchio,hitter,KC,114,CLE,118,1,R,0.3725879694629695,0.6,0.5,real,7,0.0,357.5,-650.0,-0.12741203053703049,48,2026-05-06,et,et,1.0,0.5651538661293114,0.6333602229979891
2026-05-07,2026-05-07,2026-05-07T18:10:00Z,824117,P,Scheduled,Brayan Rocchio,brayan_rocchio,hitter,KC,114,CLE,118,1,HR,0.01920000000000002,0.0,0.5,real,7,0.0,1814.2857142857142,,-0.4808,48,2026-05-06,et,et,1.0,0.19962931183127097,0.3186065328761822
2026-05-07,2026-05-07,2026-05-07T18:10:00Z,824117,P,Scheduled,Brayan Rocchio,brayan_rocchio,hitter,KC,114,CLE,118,1,RBI,0.2686318883818884,0.4,0.5,synthetic,0,0.0,,,-0.2313681116181116,48,2026-05-06,et,et,1.0,0.6522809817947545,0.8146073408933432
2026-05-07,2026-05-07,2026-05-07T18:10:00Z,824117,P,Scheduled,Carter Jensen,carter_jensen,hitter,KC,118,CLE,114,1,H,0.30557922077922084,0.2,0.5,synthetic,0,0.0,,,-0.19442077922077916,47,2026-05-05,et,et,1.0,0.751119336195553,0.8413014222824573
2026-05-07,2026-05-07,2026-05-07T18:10:00Z,824117,P,Scheduled,Carter Jensen,carter_jensen,hitter,KC,118,CLE,114,1,TB,0.28341363636363637,0.2,1.5,real,8,1.1649647450214349,228.75,-325.0,-1.2165863636363636,47,2026-05-05,et,et,1.0,1.512089232930804,1.793446261672619
2026-05-07,2026-05-07,2026-05-07T18:10:00Z,824117,P,Scheduled,Carter Jensen,carter_jensen,hitter,KC,118,CLE,114,1,R,0.19822402597402594,0.2,1.5,real,7,0.7559289460184544,401.6666666666667,-600.0,-1.301775974025974,47,2026-05-05,et,et,1.0,0.5606720523917395,0.6361335992345342
2026-05-07,2026-05-07,2026-05-07T18:10:00Z,824117,P,Scheduled,Carter Jensen,carter_jensen,hitter,KC,118,CLE,114,1,HR,0.01920000000000002,0.0,0.5,real,7,0.0,1357.142857142857,,-0.4808,47,2026-05-05,et,et,1.0,0.314542799534517,0.40229783589357454
2026-05-07,2026-05-07,2026-05-07T18:10:00Z,824117,P,Scheduled,Carter Jensen,carter_jensen,hitter,KC,118,CLE,114,1,RBI,0.09629220779220779,0.2,0.5,synthetic,0,0.0,,,-0.4037077922077922,47,2026-05-05,et,et,1.0,0.631374403002292,0.7355142466588339
2026-05-07,2026-05-07,2026-05-07T18:10:00Z,824117,P,Scheduled,Chase DeLauter,chase_delauter,hitter,KC,114,CLE,118,1,H,1.683649654849655,2.2,2.5,synthetic,0,0.0,,,-0.8163503451503451,45,2026-05-06,et,et,1.0,0.7574393841733368,0.9872080841584092
2026-05-07,2026-05-07,2026-05-07T18:10:00Z,824117,P,Scheduled,Chase DeLauter,chase_delauter,hitter,KC,114,CLE,118,1,TB,2.6721040540540537,3.2,2.5,real,8,0.5175491695067657,228.0,-335.0,0.1721040540540537,45,2026-05-06,et,et,1.0,1.782863448650203,2.351048656246701
2026-05-07,2026-05-07,2026-05-07T18:10:00Z,824117,P,Scheduled,Chase DeLauter,chase_delauter,hitter,KC,114,CLE,118,1,R,0.6247129694629696,0.6,0.5,real,7,0.0,447.5,-900.0,0.12471296946296961,45,2026-05-06,et,et,1.0,0.6425895876536867,0.7883602266696538
2026-05-07,2026-05-07,2026-05-07T18:10:00Z,824117,P,Scheduled,Chase DeLauter,chase_delauter,hitter,KC,114,CLE,118,1,HR,0.274825,0.2,0.5,real,7,0.0,2007.142857142857,,-0.22517500000000001,45,2026-05-06,et,et,1.0,0.3933523441123396,0.5296475156181264
2026-05-07,2026-05-07,2026-05-07T18:10:00Z,824117,P,Scheduled,Chase DeLauter,chase_delauter,hitter,KC,114,CLE,118,1,RBI,0.7868818883818884,1.0,0.5,synthetic,0,0.0,,,0.28688188838188844,45,2026-05-06,et,et,1.0,0.889332940587623,1.0013513692065084
2026-05-07,2026-05-07,2026-05-07T18:10:00Z,824117,P,Scheduled,Daniel Schneemann,daniel_schneemann,hitter,KC,114,CLE,118,1,H,0.5956496548496548,0.6,0.5,synthetic,0,0.0,,,0.09564965484965482,40,2026-05-06,et,et,1.0,0.6250289547327188,0.7798763080648163
2026-05-07,2026-05-07,2026-05-07T18:10:00Z,824117,P,Scheduled,Daniel Schneemann,daniel_schneemann,hitter,KC,114,CLE,118,1,TB,1.137604054054054,0.6,1.5,real,8,0.0,164.0,-230.0,-0.36239594594594604,40,2026-05-06,et,et,1.0,1.2279927970996287,1.6408425679766054
2026-05-07,2026-05-07,2026-05-07T18:10:00Z,824117,P,Scheduled,Daniel Schneemann,daniel_schneemann,hitter,KC,114,CLE,118,1,R,0.1732129694629695,0.0,1.5,real,7,0.37796447300922725,256.6666666666667,,-1.3267870305370306,40,2026-05-06,et,et,1.0,0.5753836375839074,0.6359416754491178
2026-05-07,2026-05-07,2026-05-07T18:10:00Z,824117,P,Scheduled,Daniel Schneemann,daniel_schneemann,hitter,KC,114,CLE,118,1,HR,0.17336666666666667,0.0,0.5,real,7,0.0,1700.0,,-0.32663333333333333,40,2026-05-06,et,et,1.0,0.18371163303826205,0.3399151910750909
2026-05-07,2026-05-07,2026-05-07T18:10:00Z,824117,P,Scheduled,Daniel Schneemann,daniel_schneemann,hitter,KC,114,CLE,118,1,RBI,0.09188188838188838,0.0,0.5,synthetic,0,0.0,,,-0.4081181116181116,40,2026-05-06,et,et,1.0,0.6352773574310928,0.9199599429810323
2026-05-07,2026-05-07,2026-05-07T18:10:00Z,824117,P,Scheduled,Isaac Collins,isaac_collins,hitter,KC,118,CLE,114,1,H,1.433671912401324,1.4,1.5,synthetic,0,0.0,,,-0.06632808759867603,41,2026-05-06,et,et,1.0,0.6727465500845081,0.8105190918732617
2026-05-07,2026-05-07,2026-05-07T18:10:00Z,824117,P,Scheduled,Isaac Collins,isaac_collins,hitter,KC,118,CLE,114,1,TB,2.607520588235294,2.6,0.5,real,8,0.5175491695067657,398.75,-1125.0,2.107520588235294,41,2026-05-06,et,et,1.0,1.017042404659077,1.5463735035224004
2026-05-07,2026-05-07,2026-05-07T18:10:00Z,824117,P,Scheduled,Isaac Collins,isaac_collins,hitter,KC,118,CLE,114,1,R,0.4417320473644003,0.4,0.5,real,7,0.7559289460184545,235.0,,-0.058267952635599696,41,2026-05-06,et,et,1.0,0.5454349538870517,0.6859787220610323
2026-05-07,2026-05-07,2026-05-07T18:10:00Z,824117,P,Scheduled,Isaac Collins,isaac_collins,hitter,KC,118,CLE,114,1,HR,0.2592,0.2,0.5,real,7,0.0,2664.285714285714,,-0.24080000000000001,41,2026-05-06,et,et,1.0,0.10450121884461447,0.2665256076575696
2026-05-07,2026-05-07,2026-05-07T18:10:00Z,824117,P,Scheduled,Isaac Collins,isaac_collins,hitter,KC,118,CLE,114,1,RBI,0.6600996944232239,0.8,0.5,synthetic,0,0.0,,,0.16009969442322391,41,2026-05-06,et,et,1.0,0.34945000409702437,0.6060070128156552
2026-05-07,2026-05-07,2026-05-07T18:10:00Z,824117,P,Scheduled,Jac Caglianone,jac_caglianone,hitter,KC,118,CLE,114,1,H,0.47596603004838295,0.8,0.5,synthetic,0,0.0,,,-0.02403396995161705,40,2026-05-06,et,et,1.0,0.6581678594304157,0.8429961132637157
2026-05-07,2026-05-07,2026-05-07T18:10:00Z,824117,P,Scheduled,Jac Caglianone,jac_caglianone,hitter,KC,118,CLE,114,1,TB,1.1591676470588235,2.0,1.5,real,8,1.1649647450214349,243.75,-362.5,-0.34083235294117653,40,2026-05-06,et,et,1.0,1.114741101909583,1.5137190971314767
2026-05-07,2026-05-07,2026-05-07T18:10:00Z,824117,P,Scheduled,Jac Caglianone,jac_caglianone,hitter,KC,118,CLE,114,1,R,0.21855557677616494,0.6,0.5,real,7,0.7559289460184545,155.0,,-0.28144442322383506,40,2026-05-06,et,et,1.0,0.49583119979349755,0.7613376738973666
2026-05-07,2026-05-07,2026-05-07T18:10:00Z,824117,P,Scheduled,Jac Caglianone,jac_caglianone,hitter,KC,118,CLE,114,1,HR,0.29919999999999997,0.4,0.5,real,7,0.0,1785.7142857142858,,-0.20080000000000003,40,2026-05-06,et,et,1.0,0.11246233016726526,0.3048007001300745
2026-05-07,2026-05-07,2026-05-07T18:10:00Z,824117,P,Scheduled,Jac Caglianone,jac_caglianone,hitter,KC,118,CLE,114,1,RBI,0.3963349885408709,0.8,0.5,synthetic,0,0.0,,,-0.1036650114591291,40,2026-05-06,et,et,1.0,0.20913863667350685,0.46581863883909164
2026-05-07,2026-05-07,2026-05-07T18:10:00Z,824117,P,Scheduled,Kyle Isbel,kyle_isbel,hitter,KC,118,CLE,114,1,H,0.47596603004838295,0.8,0.5,synthetic,0,0.0,,,-0.02403396995161705,43,2026-05-06,et,et,1.0,0.7248519782755977,0.9454078827579585
2026-05-07,2026-05-07,2026-05-07T18:10:00Z,824117,P,Scheduled,Kyle Isbel,kyle_isbel,hitter,KC,118,CLE,114,1,TB,0.5391676470588235,1.0,1.5,real,8,0.5175491695067657,,,-0.9608323529411765,43,2026-05-06,et,et,1.0,1.2266945627973878,1.6914724715357565
2026-05-07,2026-05-07,2026-05-07T18:10:00Z,824117,P,Scheduled,Kyle Isbel,kyle_isbel,hitter,KC,118,CLE,114,1,R,0.0,0.2,0.5,real,7,0.7559289460184545,,,-0.5,43,2026-05-06,et,et,1.0,0.5001995272045403,0.6676518913883277
2026-05-07,2026-05-07,2026-05-07T18:10:00Z,824117,P,Scheduled,Kyle Isbel,kyle_isbel,hitter,KC,118,CLE,114,1,HR,0.01920000000000002,0.0,0.5,synthetic,0,0.0,,,-0.4808,43,2026-05-06,et,et,1.0,0.11502930433803156,0.2613708038933543
2026-05-07,2026-05-07,2026-05-07T18:10:00Z,824117,P,Scheduled,Kyle Isbel,kyle_isbel,hitter,KC,118,CLE,114,1,RBI,0.0,0.0,0.5,synthetic,0,0.0,,,-0.5,43,2026-05-06,et,et,1.0,0.5345145163751142,0.6580755271224511
2026-05-07,2026-05-07,2026-05-07T18:10:00Z,824117,P,Scheduled,Kyle Manzardo,kyle_manzardo,hitter,KC,114,CLE,118,1,H,0.6124604656604656,0.8,0.5,synthetic,0,0.0,,,0.11246046566046564,47,2026-05-06,et,et,1.0,0.5933892337145195,0.6625408464492596
2026-05-07,2026-05-07,2026-05-07T18:10:00Z,824117,P,Scheduled,Kyle Manzardo,kyle_manzardo,hitter,KC,114,CLE,118,1,TB,0.9245635135135134,1.4,2.5,real,8,0.0,316.0,-550.0,-1.5754364864864865,47,2026-05-06,et,et,1.0,1.013012115632987,1.3651520615406887
2026-05-07,2026-05-07,2026-05-07T18:10:00Z,824117,P,Scheduled,Kyle Manzardo,kyle_manzardo,hitter,KC,114,CLE,118,1,R,0.3455508073008073,0.6,1.5,real,7,0.37796447300922725,526.6666666666666,,-1.1544491926991927,47,2026-05-06,et,et,1.0,0.447386499359621,0.5219170243189802
2026-05-07,2026-05-07,2026-05-07T18:10:00Z,824117,P,Scheduled,Kyle Manzardo,kyle_manzardo,hitter,KC,114,CLE,118,1,HR,0.1592,0.2,0.5,real,7,0.0,2042.857142857143,,-0.3408,47,2026-05-06,et,et,1.0,0.23462761629813456,0.3366183985557639
2026-05-07,2026-05-07,2026-05-07T18:10:00Z,824117,P,Scheduled,Kyle Manzardo,kyle_manzardo,hitter,KC,114,CLE,118,1,RBI,0.3935305370305371,0.8,0.5,synthetic,0,0.0,,,-0.10646946296946291,47,2026-05-06,et,et,1.0,0.7427648878135809,1.0196373725892833
2026-05-07,2026-05-07,2026-05-07T18:10:00Z,824117,P,Scheduled,Maikel Garcia,maikel_garcia,hitter,KC,118,CLE,114,1,H,0.46967191240132417,0.6,0.5,synthetic,0,0.0,,,-0.030328087598675835,41,2026-05-06,et,et,1.0,0.7590436153597937,0.9545804899808663
2026-05-07,2026-05-07,2026-05-07T18:10:00Z,824117,P,Scheduled,Maikel Garcia,maikel_garcia,hitter,KC,118,CLE,114,1,TB,0.7893955882352941,0.8,3.5,real,8,0.0,119.25,-172.5,-2.710604411764706,41,2026-05-06,et,et,1.0,1.3450785125823392,1.8874791734594067
2026-05-07,2026-05-07,2026-05-07T18:10:00Z,824117,P,Scheduled,Maikel Garcia,maikel_garcia,hitter,KC,118,CLE,114,1,R,0.7013570473644002,0.4,0.5,real,7,0.0,280.0,-525.0,0.2013570473644002,41,2026-05-06,et,et,1.0,0.5052929476829331,0.6445420285560896
2026-05-07,2026-05-07,2026-05-07T18:10:00Z,824117,P,Scheduled,Maikel Garcia,maikel_garcia,hitter,KC,118,CLE,114,1,HR,0.01920000000000002,0.0,0.5,real,7,0.0,1828.5714285714287,,-0.4808,41,2026-05-06,et,et,1.0,0.11342609960571114,0.26688401132858797
2026-05-07,2026-05-07,2026-05-07T18:10:00Z,824117,P,Scheduled,Maikel Garcia,maikel_garcia,hitter,KC,118,CLE,114,1,RBI,0.4133496944232238,0.4,0.5,synthetic,0,0.0,,,-0.08665030557677622,41,2026-05-06,et,et,1.0,0.5437108790142587,0.7873593451467605
2026-05-07,2026-05-07,2026-05-07T18:10:00Z,824117,P,Scheduled,Michael Massey,michael_massey,hitter,KC,118,CLE,114,1,H,0.12103376623376634,0.2,0.5,synthetic,0,0.0,,,-0.3789662337662337,28,2026-05-05,et,et,1.0,0.6451455643208284,0.7607389649210959
2026-05-07,2026-05-07,2026-05-07T18:10:00Z,824117,P,Scheduled,Michael Massey,michael_massey,hitter,KC,118,CLE,114,1,TB,1.7588227272727273,0.2,2.5,real,8,1.2817398889233114,,,-0.7411772727272727,28,2026-05-05,et,et,1.0,1.3126936270130536,1.7439200985807193
2026-05-07,2026-05-07,2026-05-07T18:10:00Z,824117,P,Scheduled,Michael Massey,michael_massey,hitter,KC,118,CLE,114,1,R,0.5382088744588746,0.2,1.5,real,7,0.7559289460184544,,,-0.9617911255411254,28,2026-05-05,et,et,1.0,0.42487393381347827,0.49743891572711146
2026-05-07,2026-05-07,2026-05-07T18:10:00Z,824117,P,Scheduled,Michael Massey,michael_massey,hitter,KC,118,CLE,114,1,HR,0.3442,0.0,0.5,synthetic,0,0.0,,,-0.1558,28,2026-05-05,et,et,1.0,0.21889415589739364,0.34888137536244423
2026-05-07,2026-05-07,2026-05-07T18:10:00Z,824117,P,Scheduled,Michael Massey,michael_massey,hitter,KC,118,CLE,114,1,RBI,0.3596558441558442,0.2,0.5,synthetic,0,0.0,,,-0.14034415584415583,28,2026-05-05,et,et,1.0,0.47611895207169763,0.7005302172797783
2026-05-07,2026-05-07,2026-05-07T18:10:00Z,824117,P,Scheduled,Petey Halpin,petey_halpin,hitter,KC,114,CLE,118,1,H,0.04764965484965486,0.0,0.5,synthetic,0,0.0,,,-0.4523503451503451,12,2026-05-06,et,et,1.0,0.5811357623857624,0.7901179322598392
2026-05-07,2026-05-07,2026-05-07T18:10:00Z,824117,P,Scheduled,Petey Halpin,petey_halpin,hitter,KC,114,CLE,118,1,TB,0.10522905405405406,0.0,1.5,real,8,0.3535533905932738,240.0,-387.5,-1.3947709459459459,12,2026-05-06,et,et,1.0,1.209493746993747,1.4188719378669958
2026-05-07,2026-05-07,2026-05-07T18:10:00Z,824117,P,Scheduled,Petey Halpin,petey_halpin,hitter,KC,114,CLE,118,1,R,0.12408796946296946,0.2,1.5,real,7,0.7559289460184544,443.3333333333333,-900.0,-1.3759120305370305,12,2026-05-06,et,et,1.0,0.5952170514670515,0.699810328526001
2026-05-07,2026-05-07,2026-05-07T18:10:00Z,824117,P,Scheduled,Petey Halpin,petey_halpin,hitter,KC,114,CLE,118,1,HR,0.01920000000000002,0.0,0.5,real,6,0.0,1991.6666666666667,,-0.4808,12,2026-05-06,et,et,1.0,0.14471200096200096,0.30199628624445957
2026-05-07,2026-05-07,2026-05-07T18:10:00Z,824117,P,Scheduled,Petey Halpin,petey_halpin,hitter,KC,114,CLE,118,1,RBI,0.011631888381888389,0.0,0.5,synthetic,0,0.0,,,-0.4883681116181116,12,2026-05-06,et,et,1.0,0.32136844636844636,0.4273265186572303
2026-05-07,2026-05-07,2026-05-07T18:10:00Z,824117,P,Scheduled,Rhys Hoskins,rhys_hoskins,hitter,KC,114,CLE,118,1,H,0.555919925119925,0.6,0.5,synthetic,0,0.0,,,0.05591992511992505,42,2026-05-06,et,et,1.0,0.7222181355642011,0.8741179343802206
2026-05-07,2026-05-07,2026-05-07T18:10:00Z,824117,P,Scheduled,Rhys Hoskins,rhys_hoskins,hitter,KC,114,CLE,118,1,TB,1.7755905405405403,2.0,1.5,real,1,0.0,,,0.27559054054054033,42,2026-05-06,et,et,1.0,1.5365942553862624,1.8877043126686843
2026-05-07,2026-05-07,2026-05-07T18:10:00Z,824117,P,Scheduled,Rhys Hoskins,rhys_hoskins,hitter,KC,114,CLE,118,1,R,0.4136589154089154,0.6,0.5,real,2,0.0,,,-0.08634108459108458,42,2026-05-06,et,et,1.0,0.5484094249239734,0.6146518770941546
2026-05-07,2026-05-07,2026-05-07T18:10:00Z,824117,P,Scheduled,Rhys Hoskins,rhys_hoskins,hitter,KC,114,CLE,118,1,HR,0.3992,0.4,0.5,synthetic,0,0.0,,,-0.1008,42,2026-05-06,et,et,1.0,0.2598936698938862,0.3683517736180304
2026-05-07,2026-05-07,2026-05-07T18:10:00Z,824117,P,Scheduled,Rhys Hoskins,rhys_hoskins,hitter,KC,114,CLE,118,1,RBI,1.3450981045981045,1.4,1.5,synthetic,0,0.0,,,-0.15490189540189547,42,2026-05-06,et,et,1.0,0.6862307473984065,0.9962764620237144
2026-05-07,2026-05-07,2026-05-07T18:10:00Z,824117,P,Scheduled,Salvador Perez,salvador_perez,hitter,KC,118,CLE,114,1,H,0.8816719124013241,1.0,0.5,synthetic,0,0.0,,,0.38167191240132414,41,2026-05-06,et,et,1.0,0.6298855870731501,0.8339307111665932
2026-05-07,2026-05-07,2026-05-07T18:10:00Z,824117,P,Scheduled,Salvador Perez,salvador_perez,hitter,KC,118,CLE,114,1,TB,1.101145588235294,1.4,1.5,real,8,1.3093073414159542,240.0,-520.0,-0.39885441176470593,41,2026-05-06,et,et,1.0,1.4919732538126889,1.9068634432893716
2026-05-07,2026-05-07,2026-05-07T18:10:00Z,824117,P,Scheduled,Salvador Perez,salvador_perez,hitter,KC,118,CLE,114,1,R,0.5426070473644004,0.8,0.5,real,7,0.7559289460184545,380.0,,0.04260704736440035,41,2026-05-06,et,et,1.0,0.5225776106876135,0.6445821331543637
2026-05-07,2026-05-07,2026-05-07T18:10:00Z,824117,P,Scheduled,Salvador Perez,salvador_perez,hitter,KC,118,CLE,114,1,HR,0.01920000000000002,0.0,0.5,real,7,0.0,1328.5714285714287,,-0.4808,41,2026-05-06,et,et,1.0,0.3264875773156995,0.4017654893061238
2026-05-07,2026-05-07,2026-05-07T18:10:00Z,824117,P,Scheduled,Salvador Perez,salvador_perez,hitter,KC,118,CLE,114,1,RBI,1.0078496944232238,1.0,0.5,synthetic,0,0.0,,,0.5078496944232238,41,2026-05-06,et,et,1.0,0.6104708518381103,0.8961535891542735
2026-05-07,2026-05-07,2026-05-07T18:10:00Z,824117,P,Scheduled,Steven Kwan,steven_kwan,hitter,KC,114,CLE,118,1,H,0.5735792207792209,0.8,0.5,synthetic,0,0.0,,,0.07357922077922086,48,2026-05-05,et,et,1.0,0.7148326354497034,0.8429577199438126
2026-05-07,2026-05-07,2026-05-07T18:10:00Z,824117,P,Scheduled,Steven Kwan,steven_kwan,hitter,KC,114,CLE,118,1,TB,0.6394136363636364,1.0,1.5,real,8,0.4629100498862757,204.0,-297.5,-0.8605863636363636,48,2026-05-05,et,et,1.0,1.2313686174858063,1.6622051880201216
2026-05-07,2026-05-07,2026-05-07T18:10:00Z,824117,P,Scheduled,Steven Kwan,steven_kwan,hitter,KC,114,CLE,118,1,R,0.6102240259740259,1.0,1.5,real,7,0.48795003647426655,428.75,-800.0,-0.8897759740259741,48,2026-05-05,et,et,1.0,0.6583059913143423,0.7741572565200271
2026-05-07,2026-05-07,2026-05-07T18:10:00Z,824117,P,Scheduled,Steven Kwan,steven_kwan,hitter,KC,114,CLE,118,1,HR,0.01920000000000002,0.0,0.5,real,7,0.0,3892.8571428571427,,-0.4808,48,2026-05-05,et,et,1.0,0.1716462563325122,0.34564691654806373
2026-05-07,2026-05-07,2026-05-07T18:10:00Z,824117,P,Scheduled,Steven Kwan,steven_kwan,hitter,KC,114,CLE,118,1,RBI,0.09629220779220779,0.2,0.5,synthetic,0,0.0,,,-0.4037077922077922,48,2026-05-05,et,et,1.0,0.4995215710666618,0.7604227307885215
2026-05-07,2026-05-07,2026-05-07T18:10:00Z,824117,P,Scheduled,Travis Bazzana,travis_bazzana,hitter,KC,114,CLE,118,1,H,0.6690337662337663,0.8,0.5,synthetic,0,0.0,,,0.1690337662337663,12,2026-05-05,et,et,1.0,0.9268157768157769,1.1453194034179466
2026-05-07,2026-05-07,2026-05-07T18:10:00Z,824117,P,Scheduled,Travis Bazzana,travis_bazzana,hitter,KC,114,CLE,118,1,TB,0.6223227272727273,0.8,1.5,real,8,0.0,161.0,-240.0,-0.8776772727272727,12,2026-05-05,et,et,1.0,1.847670153920154,2.7236279027295347
2026-05-07,2026-05-07,2026-05-07T18:10:00Z,824117,P,Scheduled,Travis Bazzana,travis_bazzana,hitter,KC,114,CLE,118,1,R,0.5240422077922078,0.8,0.5,real,7,0.0,282.5,-525.0,0.02404220779220778,12,2026-05-05,et,et,1.0,0.6943993506493507,0.8491675820248688
2026-05-07,2026-05-07,2026-05-07T18:10:00Z,824117,P,Scheduled,Travis Bazzana,travis_bazzana,hitter,KC,114,CLE,118,1,HR,0.01920000000000002,0.0,0.5,real,7,0.0,1828.5714285714287,,-0.4808,12,2026-05-05,et,et,1.0,0.32275733525733524,0.6149311839182623
2026-05-07,2026-05-07,2026-05-07T18:10:00Z,824117,P,Scheduled,Travis Bazzana,travis_bazzana,hitter,KC,114,CLE,118,1,RBI,0.19665584415584414,0.4,0.5,synthetic,0,0.0,,,-0.30334415584415586,12,2026-05-05,et,et,1.0,1.1591540404040404,1.6410402594775675
2026-05-07,2026-05-07,2026-05-07T18:10:00Z,824117,P,Scheduled,Vinnie Pasquantino,vinnie_pasquantino,hitter,KC,118,CLE,114,1,H,1.013671912401324,1.4,1.5,synthetic,0,0.0,,,-0.48632808759867596,42,2026-05-06,et,et,1.0,0.6515446472356831,0.7757913386314838
2026-05-07,2026-05-07,2026-05-07T18:10:00Z,824117,P,Scheduled,Vinnie Pasquantino,vinnie_pasquantino,hitter,KC,118,CLE,114,1,TB,1.4796455882352941,2.2,1.5,real,8,0.5175491695067657,243.0,-395.0,-0.02035441176470587,42,2026-05-06,et,et,1.0,1.145198664494838,1.623101298424396
2026-05-07,2026-05-07,2026-05-07T18:10:00Z,824117,P,Scheduled,Vinnie Pasquantino,vinnie_pasquantino,hitter,KC,118,CLE,114,1,R,0.5601070473644003,0.8,0.5,real,7,0.0,327.5,-500.0,0.06010704736440031,42,2026-05-06,et,et,1.0,0.4455944870834123,0.6330063811539163
2026-05-07,2026-05-07,2026-05-07T18:10:00Z,824117,P,Scheduled,Vinnie Pasquantino,vinnie_pasquantino,hitter,KC,118,CLE,114,1,HR,0.1592,0.2,0.5,real,7,0.0,1185.7142857142858,,-0.3408,42,2026-05-06,et,et,1.0,0.11826021055955452,0.2985977117602115
2026-05-07,2026-05-07,2026-05-07T18:10:00Z,824117,P,Scheduled,Vinnie Pasquantino,vinnie_pasquantino,hitter,KC,118,CLE,114,1,RBI,0.43084969442322385,0.6,0.5,synthetic,0,0.0,,,-0.06915030557677615,42,2026-05-06,et,et,1.0,0.5166237220889729,0.6441304204906646
2026-05-07,2026-05-07,2026-05-07T18:10:00Z,824117,P,Scheduled,Cole Ragans,cole_ragans,pitcher,KC,118,CLE,114,1,K,4.782901960784314,5.6,5.5,synthetic,0,0.0,,,-0.7170980392156858,12,2026-05-06,et,et,1.0,2.5898989898989897,3.116348569281808
2026-05-07,2026-05-07,2026-05-07T18:10:00Z,824117,P,Scheduled,Cole Ragans,cole_ragans,pitcher,KC,118,CLE,114,1,ER,2.522766666666667,3.0,2.5,synthetic,0,0.0,,,0.022766666666667046,12,2026-05-06,et,et,1.0,2.0096861471861476,2.492947788468615
2026-05-07,2026-05-07,2026-05-07T18:10:00Z,824117,P,Scheduled,Cole Ragans,cole_ragans,pitcher,KC,118,CLE,114,1,ERA,7.568300000000001,12.657692307692306,12.7,synthetic,0,0.0,,,-5.131699999999999,12,2026-05-06,et,et,1.0,11.516200473295646,14.628852206271116
2026-05-07,2026-05-07,2026-05-07T18:10:00Z,824117,P,Scheduled,John Schreiber,john_schreiber,pitcher,KC,118,CLE,114,1,K,0.0,0.2,2.5,synthetic,0,0.0,,,-2.5,22,2026-05-06,et,et,1.0,0.5519580171212595,0.642083058697305
2026-05-07,2026-05-07,2026-05-07T18:10:00Z,824117,P,Scheduled,John Schreiber,john_schreiber,pitcher,KC,118,CLE,114,1,ER,0.0,0.2,0.5,synthetic,0,0.0,,,-0.5,22,2026-05-06,et,et,1.0,0.8467135319179367,1.1005163070059256
2026-05-07,2026-05-07,2026-05-07T18:10:00Z,824117,P,Scheduled,John Schreiber,john_schreiber,pitcher,KC,118,CLE,114,1,ERA,0.0,1.08,1.5,synthetic,0,0.0,,,-1.5,22,2026-05-06,et,et,1.0,9.65114742385394,11.880266945242694
2026-05-07,2026-05-07,2026-05-07T18:10:00Z,824117,P,Scheduled,Alex Lange,alex_lange,pitcher,KC,118,CLE,114,1,K,0.06290196078431359,0.6,2.5,synthetic,0,0.0,,,-2.4370980392156865,21,2026-05-06,et,et,1.0,0.7851951615717648,1.034728730520496
2026-05-07,2026-05-07,2026-05-07T18:10:00Z,824117,P,Scheduled,Alex Lange,alex_lange,pitcher,KC,118,CLE,114,1,ER,0.0,0.2,0.5,synthetic,0,0.0,,,-0.5,21,2026-05-06,et,et,1.0,0.859624896251389,1.1194953810902806
2026-05-07,2026-05-07,2026-05-07T18:10:00Z,824117,P,Scheduled,Alex Lange,alex_lange,pitcher,KC,118,CLE,114,1,ERA,0.0,1.8,1.8,synthetic,0,0.0,,,-1.8,21,2026-05-06,et,et,1.0,9.950853392779376,14.5970128392347
2026-05-07,2026-05-07,2026-05-07T18:10:00Z,824117,P,Scheduled,Slade Cecconi,slade_cecconi,pitcher,KC,114,CLE,133,1,K,3.2029019607843137,4.0,3.5,real,9,0.4999999999999999,,,-0.29709803921568634,11,2026-05-02,et,et,1.0,1.3450577200577198,1.5610405412801391
2026-05-07,2026-05-07,2026-05-07T18:10:00Z,824117,P,Scheduled,Slade Cecconi,slade_cecconi,pitcher,KC,114,CLE,133,1,ER,2.537166666666667,3.0,2.5,real,5,0.5477225575051661,,,0.03716666666666679,11,2026-05-02,et,et,1.0,2.048629148629149,2.5229886265140453
2026-05-07,2026-05-07,2026-05-07T18:10:00Z,824117,P,Scheduled,Slade Cecconi,slade_cecconi,pitcher,KC,114,CLE,133,1,ERA,4.281468750000001,5.230588235294118,5.2,synthetic,0,0.0,,,-0.9185312499999991,11,2026-05-02,et,et,1.0,3.990348034318622,4.776549955444842
2026-05-07,2026-05-07,2026-05-07T18:10:00Z,824117,P,Scheduled,Joey Cantillo,joey_cantillo,pitcher,CLE,114,KC,118,0,K,4.197747572815534,5.0,4.5,synthetic,0,0.0,,,-0.30225242718446577,11,2026-05-06,et,et,1.0,2.0595238095238098,2.525128810616219
2026-05-07,2026-05-07,2026-05-07T18:10:00Z,824117,P,Scheduled,Joey Cantillo,joey_cantillo,pitcher,CLE,114,KC,118,0,ER,2.5660080808080807,2.6,2.5,synthetic,0,0.0,,,0.06600808080808074,11,2026-05-06,et,et,1.0,0.9767316017316016,1.3180494312568274
2026-05-07,2026-05-07,2026-05-07T18:10:00Z,824117,P,Scheduled,Joey Cantillo,joey_cantillo,pitcher,CLE,114,KC,118,0,ERA,4.618814545454546,4.954789915966386,5.0,synthetic,0,0.0,,,-0.38118545454545405,11,2026-05-06,et,et,1.0,2.597521071445107,3.321913792322246
2026-05-07,2026-05-07,2026-05-07T18:10:00Z,824117,P,Scheduled,Erik Sabrowski,erik_sabrowski,pitcher,CLE,114,KC,118,0,K,1.461747572815534,1.2,2.5,synthetic,0,0.0,,,-1.038252427184466,25,2026-05-06,et,et,1.0,0.7006026832607126,0.8059632484129085
2026-05-07,2026-05-07,2026-05-07T18:10:00Z,824117,P,Scheduled,Erik Sabrowski,erik_sabrowski,pitcher,CLE,114,KC,118,0,ER,0.054008080808080776,0.0,0.5,synthetic,0,0.0,,,-0.4459919191919192,25,2026-05-06,et,et,1.0,0.20911902246509864,0.5587242323612829
2026-05-07,2026-05-07,2026-05-07T18:10:00Z,824117,P,Scheduled,Erik Sabrowski,erik_sabrowski,pitcher,CLE,114,KC,118,0,ERA,0.36455454545454524,0.0,1.5,synthetic,0,0.0,,,-1.1354454545454549,25,2026-05-06,et,et,1.0,2.3631772380264775,6.418678612638754
2026-05-07,2026-05-07,2026-05-07T18:10:00Z,824117,P,Scheduled,Cade Smith,cade_smith,pitcher,CLE,114,KC,118,0,K,1.465747572815534,1.4,2.5,synthetic,0,0.0,,,-1.034252427184466,22,2026-05-06,et,et,1.0,0.8858140569440878,1.0944607596559988
2026-05-07,2026-05-07,2026-05-07T18:10:00Z,824117,P,Scheduled,Cade Smith,cade_smith,pitcher,CLE,114,KC,118,0,ER,0.19800808080808077,0.2,0.5,synthetic,0,0.0,,,-0.30199191919191926,22,2026-05-06,et,et,1.0,0.515102510734723,0.6908968782973728
2026-05-07,2026-05-07,2026-05-07T18:10:00Z,824117,P,Scheduled,Cade Smith,cade_smith,pitcher,CLE,114,KC,118,0,ERA,1.782072727272727,1.8,1.8,synthetic,0,0.0,,,-0.017927272727273014,22,2026-05-06,et,et,1.0,4.14350032004303,5.426692168726686
2026-05-07,2026-05-07,2026-05-07T18:20:00Z,824681,P,Scheduled,Alex Bregman,alex_bregman,hitter,CHC,112,CIN,113,1,H,1.1485972789115646,0.6,0.5,synthetic,0,0.0,,,0.6485972789115646,43,2026-05-06,et,et,1.0,0.6891145734608637,0.8947222179838537
2026-05-07,2026-05-07,2026-05-07T18:20:00Z,824681,P,Scheduled,Alex Bregman,alex_bregman,hitter,CHC,112,CIN,113,1,TB,0.9155166666666666,1.0,1.5,real,8,0.5175491695067657,328.0,-650.0,-0.5844833333333334,43,2026-05-06,et,et,1.0,1.865575761485125,2.179872156146976
2026-05-07,2026-05-07,2026-05-07T18:20:00Z,824681,P,Scheduled,Alex Bregman,alex_bregman,hitter,CHC,112,CIN,113,1,R,0.8352132653061224,0.6,1.5,real,7,0.37796447300922725,314.0,-535.0,-0.6647867346938776,43,2026-05-06,et,et,1.0,0.5595342753343393,0.6158336721750178
2026-05-07,2026-05-07,2026-05-07T18:20:00Z,824681,P,Scheduled,Alex Bregman,alex_bregman,hitter,CHC,112,CIN,113,1,HR,0.016711111111111166,0.0,0.5,real,6,0.0,1383.3333333333333,,-0.4832888888888888,43,2026-05-06,et,et,1.0,0.3910706217552734,0.4721474459520251
2026-05-07,2026-05-07,2026-05-07T18:20:00Z,824681,P,Scheduled,Alex Bregman,alex_bregman,hitter,CHC,112,CIN,113,1,RBI,0.8144632653061226,0.4,0.5,synthetic,0,0.0,,,0.31446326530612256,43,2026-05-06,et,et,1.0,0.6388332993065097,0.7560511647990145
2026-05-07,2026-05-07,2026-05-07T18:20:00Z,824681,P,Scheduled,Carson Kelly,carson_kelly,hitter,CHC,112,CIN,113,1,H,1.3815972789115647,1.2,1.5,synthetic,0,0.0,,,-0.1184027210884353,39,2026-05-06,et,et,1.0,0.6637366500333776,0.8873724682336733
2026-05-07,2026-05-07,2026-05-07T18:20:00Z,824681,P,Scheduled,Carson Kelly,carson_kelly,hitter,CHC,112,CIN,113,1,TB,0.8314416666666667,1.2,1.5,real,8,0.3535533905932738,,,-0.6685583333333333,39,2026-05-06,et,et,1.0,1.2560391579290502,1.6294537149436503
2026-05-07,2026-05-07,2026-05-07T18:20:00Z,824681,P,Scheduled,Carson Kelly,carson_kelly,hitter,CHC,112,CIN,113,1,R,0.5857882653061224,0.4,0.5,real,7,0.0,,,0.08578826530612238,39,2026-05-06,et,et,1.0,0.587371355622774,0.7024231096873527
2026-05-07,2026-05-07,2026-05-07T18:20:00Z,824681,P,Scheduled,Carson Kelly,carson_kelly,hitter,CHC,112,CIN,113,1,HR,0.016711111111111166,0.0,0.5,synthetic,0,0.0,,,-0.4832888888888888,39,2026-05-06,et,et,1.0,0.2126673919746404,0.32612813667777696
2026-05-07,2026-05-07,2026-05-07T18:20:00Z,824681,P,Scheduled,Carson Kelly,carson_kelly,hitter,CHC,112,CIN,113,1,RBI,0.7344132653061225,0.6,0.5,synthetic,0,0.0,,,0.2344132653061225,39,2026-05-06,et,et,1.0,0.7218316399906085,0.9758809693888724
2026-05-07,2026-05-07,2026-05-07T18:20:00Z,824681,P,Scheduled,Dane Myers,dane_myers,hitter,CHC,113,CIN,112,1,H,0.7317833254231926,0.4,0.5,synthetic,0,0.0,,,0.23178332542319258,43,2026-05-06,et,et,1.0,0.6391903547106141,0.7412690268783015
2026-05-07,2026-05-07,2026-05-07T18:20:00Z,824681,P,Scheduled,Dane Myers,dane_myers,hitter,CHC,113,CIN,112,1,TB,0.15671201550387595,0.4,1.5,real,8,0.5175491695067657,254.6,-465.0,-1.343287984496124,43,2026-05-06,et,et,1.0,0.9147789993820675,1.2252960300996016
2026-05-07,2026-05-07,2026-05-07T18:20:00Z,824681,P,Scheduled,Dane Myers,dane_myers,hitter,CHC,113,CIN,112,1,R,0.5607155908875178,0.6,0.5,real,7,0.0,364.0,-625.0,0.06071559088751777,43,2026-05-06,et,et,1.0,0.6183853577153646,0.8949054225774494
2026-05-07,2026-05-07,2026-05-07T18:20:00Z,824681,P,Scheduled,Dane Myers,dane_myers,hitter,CHC,113,CIN,112,1,HR,0.016711111111111166,0.0,0.5,real,6,0.0,1283.3333333333333,,-0.4832888888888888,43,2026-05-06,et,et,1.0,0.1280018913244434,0.24493759488508618
2026-05-07,2026-05-07,2026-05-07T18:20:00Z,824681,P,Scheduled,Dane Myers,dane_myers,hitter,CHC,113,CIN,112,1,RBI,0.31101210251542477,0.2,0.5,synthetic,0,0.0,,,-0.18898789748457523,43,2026-05-06,et,et,1.0,0.22005509124105815,0.34794864900313605
2026-05-07,2026-05-07,2026-05-07T18:20:00Z,824681,P,Scheduled,Dansby Swanson,dansby_swanson,hitter,CHC,112,CIN,113,1,H,1.1135972789115647,0.6,0.5,synthetic,0,0.0,,,0.6135972789115647,49,2026-05-06,et,et,1.0,0.6928594043069438,0.818802137655969
2026-05-07,2026-05-07,2026-05-07T18:20:00Z,824681,P,Scheduled,Dansby Swanson,dansby_swanson,hitter,CHC,112,CIN,113,1,TB,0.5994416666666668,0.6,1.0,real,8,0.5345224838248488,446.0,-1025.0,-0.40055833333333324,49,2026-05-06,et,et,1.0,1.5600028481110237,1.9346691425642646
2026-05-07,2026-05-07,2026-05-07T18:20:00Z,824681,P,Scheduled,Dansby Swanson,dansby_swanson,hitter,CHC,112,CIN,113,1,R,0.7057882653061225,0.4,1.5,real,7,0.48795003647426655,438.0,-850.0,-0.7942117346938775,49,2026-05-06,et,et,1.0,0.7438440640530473,0.8540821662721045
2026-05-07,2026-05-07,2026-05-07T18:20:00Z,824681,P,Scheduled,Dansby Swanson,dansby_swanson,hitter,CHC,112,CIN,113,1,HR,0.016711111111111166,0.0,0.5,real,5,0.0,1940.0,,-0.4832888888888888,49,2026-05-06,et,et,1.0,0.29820782669433465,0.3960744886105286
2026-05-07,2026-05-07,2026-05-07T18:20:00Z,824681,P,Scheduled,Dansby Swanson,dansby_swanson,hitter,CHC,112,CIN,113,1,RBI,0.4624132653061225,0.2,0.5,synthetic,0,0.0,,,-0.03758673469387752,49,2026-05-06,et,et,1.0,0.7956038220031849,0.9749155982495357
2026-05-07,2026-05-07,2026-05-07T18:20:00Z,824681,P,Scheduled,Elly De La Cruz,elly_de_la_cruz,hitter,CHC,113,CIN,112,1,H,1.1405275114697042,0.8,0.5,synthetic,0,0.0,,,0.6405275114697042,51,2026-05-06,et,et,1.0,0.6910572656494646,0.9011231711509814
2026-05-07,2026-05-07,2026-05-07T18:20:00Z,824681,P,Scheduled,Elly De La Cruz,elly_de_la_cruz,hitter,CHC,113,CIN,112,1,TB,0.6302934108527132,1.0,1.0,real,8,0.5345224838248488,250.6,-460.0,-0.3697065891472868,51,2026-05-06,et,et,1.0,1.6125717699640365,2.094436806313335
2026-05-07,2026-05-07,2026-05-07T18:20:00Z,824681,P,Scheduled,Elly De La Cruz,elly_de_la_cruz,hitter,CHC,113,CIN,112,1,R,0.40192489321309915,0.2,0.5,real,7,0.0,296.0,-451.6666666666667,-0.09807510678690085,51,2026-05-06,et,et,1.0,0.6921847345042336,0.8060770887867884
2026-05-07,2026-05-07,2026-05-07T18:20:00Z,824681,P,Scheduled,Elly De La Cruz,elly_de_la_cruz,hitter,CHC,113,CIN,112,1,HR,0.016711111111111166,0.0,0.5,real,6,0.0,1025.0,,-0.4832888888888888,51,2026-05-06,et,et,1.0,0.3659720597963545,0.48936508833238784
2026-05-07,2026-05-07,2026-05-07T18:20:00Z,824681,P,Scheduled,Elly De La Cruz,elly_de_la_cruz,hitter,CHC,113,CIN,112,1,RBI,0.420407451352634,0.2,0.5,synthetic,0,0.0,,,-0.07959254864736598,51,2026-05-06,et,et,1.0,0.8326850835075926,1.148320975605131
2026-05-07,2026-05-07,2026-05-07T18:20:00Z,824681,P,Scheduled,Ian Happ,ian_happ,hitter,CHC,112,CIN,113,1,H,1.1445972789115646,0.8,0.5,synthetic,0,0.0,,,0.6445972789115646,49,2026-05-06,et,et,1.0,0.7059562474226615,0.8558224626443799
2026-05-07,2026-05-07,2026-05-07T18:20:00Z,824681,P,Scheduled,Ian Happ,ian_happ,hitter,CHC,112,CIN,113,1,TB,2.3225166666666666,2.0,1.0,real,8,0.5345224838248488,379.0,-800.0,1.3225166666666666,49,2026-05-06,et,et,1.0,1.6083771490276964,2.100150554896164
2026-05-07,2026-05-07,2026-05-07T18:20:00Z,824681,P,Scheduled,Ian Happ,ian_happ,hitter,CHC,112,CIN,113,1,R,1.4622132653061224,1.2,1.5,real,7,0.37796447300922725,326.0,-568.3333333333334,-0.03778673469387761,49,2026-05-06,et,et,1.0,0.650179202974187,0.7867217880452998
2026-05-07,2026-05-07,2026-05-07T18:20:00Z,824681,P,Scheduled,Ian Happ,ian_happ,hitter,CHC,112,CIN,113,1,HR,0.38171111111111117,0.2,0.5,real,6,0.0,1166.6666666666667,,-0.11828888888888883,49,2026-05-06,et,et,1.0,0.3360303354057467,0.4322901282391051
2026-05-07,2026-05-07,2026-05-07T18:20:00Z,824681,P,Scheduled,Ian Happ,ian_happ,hitter,CHC,112,CIN,113,1,RBI,0.6564632653061225,0.2,0.5,synthetic,0,0.0,,,0.15646326530612253,49,2026-05-06,et,et,1.0,0.6610319160119986,0.7890292182169113
2026-05-07,2026-05-07,2026-05-07T18:20:00Z,824681,P,Scheduled,JJ Bleday,jj_bleday,hitter,CHC,113,CIN,112,1,H,1.4165275114697042,1.0,0.5,synthetic,0,0.0,,,0.9165275114697042,21,2026-05-06,et,et,1.0,0.5591354167316132,0.6994997322819395
2026-05-07,2026-05-07,2026-05-07T18:20:00Z,824681,P,Scheduled,JJ Bleday,jj_bleday,hitter,CHC,113,CIN,112,1,TB,2.590493410852713,3.0,0.5,real,8,0.4629100498862757,372.5,-950.0,2.090493410852713,21,2026-05-06,et,et,1.0,1.5220170516167866,2.111900607176826
2026-05-07,2026-05-07,2026-05-07T18:20:00Z,824681,P,Scheduled,JJ Bleday,jj_bleday,hitter,CHC,113,CIN,112,1,R,1.259724893213099,1.0,0.5,real,7,0.0,112.0,,0.7597248932130991,21,2026-05-06,et,et,1.0,0.5750244245655568,0.7763412340265993
2026-05-07,2026-05-07,2026-05-07T18:20:00Z,824681,P,Scheduled,JJ Bleday,jj_bleday,hitter,CHC,113,CIN,112,1,HR,0.5367111111111111,0.6,0.5,real,6,0.0,1766.6666666666667,,0.03671111111111114,21,2026-05-06,et,et,1.0,0.3717506488957174,0.4947094893740871
2026-05-07,2026-05-07,2026-05-07T18:20:00Z,824681,P,Scheduled,JJ Bleday,jj_bleday,hitter,CHC,113,CIN,112,1,RBI,1.0952074513526342,0.8,0.5,synthetic,0,0.0,,,0.5952074513526342,21,2026-05-06,et,et,1.0,0.6014325617377365,0.8332015054416876
2026-05-07,2026-05-07,2026-05-07T18:20:00Z,824681,P,Scheduled,Jose Trevino,jose_trevino,hitter,CHC,113,CIN,112,1,H,0.8001554184464484,0.4,0.5,synthetic,0,0.0,,,0.30015541844644844,20,2026-05-06,et,et,1.0,0.6362307141602807,0.8015949674394787
2026-05-07,2026-05-07,2026-05-07T18:20:00Z,824681,P,Scheduled,Jose Trevino,jose_trevino,hitter,CHC,113,CIN,112,1,TB,0.33150271317829466,0.6,1.5,real,1,0.0,,,-1.1684972868217054,20,2026-05-06,et,et,1.0,1.468667190437701,1.9283182891184625
2026-05-07,2026-05-07,2026-05-07T18:20:00Z,824681,P,Scheduled,Jose Trevino,jose_trevino,hitter,CHC,113,CIN,112,1,R,0.16532024205030849,0.0,0.5,synthetic,0,0.0,,,-0.3346797579496915,20,2026-05-06,et,et,1.0,0.5532564990479079,0.6422861106740797
2026-05-07,2026-05-07,2026-05-07T18:20:00Z,824681,P,Scheduled,Jose Trevino,jose_trevino,hitter,CHC,113,CIN,112,1,HR,0.016711111111111166,0.0,0.5,synthetic,0,0.0,,,-0.4832888888888888,20,2026-05-06,et,et,1.0,0.2723792025398063,0.38490384697177266
2026-05-07,2026-05-07,2026-05-07T18:20:00Z,824681,P,Scheduled,Jose Trevino,jose_trevino,hitter,CHC,113,CIN,112,1,RBI,0.22970977693402944,0.0,0.5,synthetic,0,0.0,,,-0.27029022306597056,20,2026-05-06,et,et,1.0,0.4373714222224285,0.5740096620966139
2026-05-07,2026-05-07,2026-05-07T18:20:00Z,824681,P,Scheduled,KeBryan Hayes,kebryan_hayes,hitter,CHC,113,CIN,112,1,H,0.5615972789115647,0.2,0.5,synthetic,0,0.0,,,0.061597278911564746,46,2026-05-06,et,et,1.0,0.5785540342272507,0.6467944878571528
2026-05-07,2026-05-07,2026-05-07T18:20:00Z,824681,P,Scheduled,KeBryan Hayes,kebryan_hayes,hitter,CHC,113,CIN,112,1,TB,0.3793166666666667,0.8,2.0,real,8,0.7440238091428449,128.0,,-1.6206833333333333,46,2026-05-06,et,et,1.0,0.8470296286253565,1.1415044630985565
2026-05-07,2026-05-07,2026-05-07T18:20:00Z,824681,P,Scheduled,KeBryan Hayes,kebryan_hayes,hitter,CHC,113,CIN,112,1,R,0.24541326530612245,0.2,0.5,real,7,0.0,330.0,,-0.25458673469387755,46,2026-05-06,et,et,1.0,0.4843880154306282,0.7299611620968935
2026-05-07,2026-05-07,2026-05-07T18:20:00Z,824681,P,Scheduled,KeBryan Hayes,kebryan_hayes,hitter,CHC,113,CIN,112,1,HR,0.15671111111111116,0.2,0.5,real,1,0.0,1100.0,,-0.34328888888888887,46,2026-05-06,et,et,1.0,0.04946034765540015,0.20660431523399275
2026-05-07,2026-05-07,2026-05-07T18:20:00Z,824681,P,Scheduled,KeBryan Hayes,kebryan_hayes,hitter,CHC,113,CIN,112,1,RBI,0.4196632653061225,0.4,0.5,synthetic,0,0.0,,,-0.08033673469387748,46,2026-05-06,et,et,1.0,0.43524000448066813,0.6439933719205532
2026-05-07,2026-05-07,2026-05-07T18:20:00Z,824681,P,Scheduled,Matt McLain,matt_mclain,hitter,CHC,113,CIN,112,1,H,0.5623414649580762,0.0,0.5,synthetic,0,0.0,,,0.06234146495807624,51,2026-05-06,et,et,1.0,0.9462346189481631,1.0659205097588533
2026-05-07,2026-05-07,2026-05-07T18:20:00Z,824681,P,Scheduled,Matt McLain,matt_mclain,hitter,CHC,113,CIN,112,1,TB,1.633398062015504,0.0,1.5,real,8,0.0,161.16666666666666,-227.0,0.13339806201550397,51,2026-05-06,et,et,1.0,1.922398756601336,2.3315370538822666
2026-05-07,2026-05-07,2026-05-07T18:20:00Z,824681,P,Scheduled,Matt McLain,matt_mclain,hitter,CHC,113,CIN,112,1,R,0.7327892342983706,0.0,0.5,real,7,0.0,314.0,-508.3333333333333,0.23278923429837062,51,2026-05-06,et,et,1.0,0.6789210653739187,0.861272552307144
2026-05-07,2026-05-07,2026-05-07T18:20:00Z,824681,P,Scheduled,Matt McLain,matt_mclain,hitter,CHC,113,CIN,112,1,HR,0.3417111111111112,0.0,0.5,real,6,0.0,1858.3333333333333,,-0.1582888888888888,51,2026-05-06,et,et,1.0,0.3868373645276786,0.5141956994161566
2026-05-07,2026-05-07,2026-05-07T18:20:00Z,824681,P,Scheduled,Matt McLain,matt_mclain,hitter,CHC,113,CIN,112,1,RBI,0.5560586141433317,0.0,0.5,synthetic,0,0.0,,,0.056058614143331686,51,2026-05-06,et,et,1.0,0.9249730612262517,1.273636495711136
2026-05-07,2026-05-07,2026-05-07T18:20:00Z,824681,P,Scheduled,Michael Busch,michael_busch,hitter,CHC,112,CIN,113,1,H,2.1085972789115646,1.6,1.5,synthetic,0,0.0,,,0.6085972789115646,50,2026-05-06,et,et,1.0,0.7723729575670584,0.928217871415717
2026-05-07,2026-05-07,2026-05-07T18:20:00Z,824681,P,Scheduled,Michael Busch,michael_busch,hitter,CHC,112,CIN,113,1,TB,3.041616666666666,3.2,1.5,real,8,0.0,249.0,-398.3333333333333,1.5416166666666662,50,2026-05-06,et,et,1.0,1.2566964280416013,1.736146777446216
2026-05-07,2026-05-07,2026-05-07T18:20:00Z,824681,P,Scheduled,Michael Busch,michael_busch,hitter,CHC,112,CIN,113,1,R,0.8931132653061225,0.4,0.5,real,7,0.0,381.0,-683.3333333333334,0.39311326530612245,50,2026-05-06,et,et,1.0,0.536284105094724,0.593219817316708
2026-05-07,2026-05-07,2026-05-07T18:20:00Z,824681,P,Scheduled,Michael Busch,michael_busch,hitter,CHC,112,CIN,113,1,HR,0.25671111111111117,0.2,0.5,real,6,0.0,1458.3333333333333,,-0.24328888888888883,50,2026-05-06,et,et,1.0,0.11380008831525869,0.2766914994245719
2026-05-07,2026-05-07,2026-05-07T18:20:00Z,824681,P,Scheduled,Michael Busch,michael_busch,hitter,CHC,112,CIN,113,1,RBI,1.8318632653061224,1.6,1.5,synthetic,0,0.0,,,0.3318632653061224,50,2026-05-06,et,et,1.0,0.49278899790541,0.955887498023611
2026-05-07,2026-05-07,2026-05-07T18:20:00Z,824681,P,Scheduled,Michael Conforto,michael_conforto,hitter,CHC,112,CIN,113,1,H,0.8685972789115648,0.6,0.5,synthetic,0,0.0,,,0.3685972789115648,34,2026-05-06,et,et,1.0,0.6768154342858391,0.8478452953672603
2026-05-07,2026-05-07,2026-05-07T18:20:00Z,824681,P,Scheduled,Michael Conforto,michael_conforto,hitter,CHC,112,CIN,113,1,TB,0.7773166666666668,1.4,5.5,real,8,0.5175491695067657,285.0,-456.25,-4.722683333333333,34,2026-05-06,et,et,1.0,1.16396092226606,1.486581457199932
2026-05-07,2026-05-07,2026-05-07T18:20:00Z,824681,P,Scheduled,Michael Conforto,michael_conforto,hitter,CHC,112,CIN,113,1,R,0.5514132653061224,0.6,2.5,real,7,0.7559289460184545,441.0,-925.0,-1.9485867346938774,34,2026-05-06,et,et,1.0,0.42285144624845106,0.5951006587170996
2026-05-07,2026-05-07,2026-05-07T18:20:00Z,824681,P,Scheduled,Michael Conforto,michael_conforto,hitter,CHC,112,CIN,113,1,HR,0.15671111111111116,0.2,0.5,synthetic,0,0.0,,,-0.34328888888888887,34,2026-05-06,et,et,1.0,0.031222147950089124,0.17166098910571198
2026-05-07,2026-05-07,2026-05-07T18:20:00Z,824681,P,Scheduled,Michael Conforto,michael_conforto,hitter,CHC,112,CIN,113,1,RBI,0.3116632653061225,0.2,0.5,synthetic,0,0.0,,,-0.18833673469387752,34,2026-05-06,et,et,1.0,0.46040346749756234,0.8247876687171941
2026-05-07,2026-05-07,2026-05-07T18:20:00Z,824681,P,Scheduled,Miguel Amaya,miguel_amaya,hitter,CHC,112,CIN,113,1,H,0.8685972789115648,0.6,0.5,synthetic,0,0.0,,,0.3685972789115648,30,2026-05-06,et,et,1.0,0.5793398673874732,0.6994606189071553
2026-05-07,2026-05-07,2026-05-07T18:20:00Z,824681,P,Scheduled,Miguel Amaya,miguel_amaya,hitter,CHC,112,CIN,113,1,TB,0.6533166666666668,1.2,1.5,real,8,0.3535533905932738,161.5,-228.25,-0.8466833333333332,30,2026-05-06,et,et,1.0,1.3335005708663827,1.9452866754146194
2026-05-07,2026-05-07,2026-05-07T18:20:00Z,824681,P,Scheduled,Miguel Amaya,miguel_amaya,hitter,CHC,112,CIN,113,1,R,0.42341326530612244,0.4,1.5,real,7,0.48795003647426655,265.0,-426.6666666666667,-1.0765867346938776,30,2026-05-06,et,et,1.0,0.5416297312454443,0.7021621854995428
2026-05-07,2026-05-07,2026-05-07T18:20:00Z,824681,P,Scheduled,Miguel Amaya,miguel_amaya,hitter,CHC,112,CIN,113,1,HR,0.15671111111111116,0.2,0.5,real,6,0.0,1250.0,,-0.34328888888888887,30,2026-05-06,et,et,1.0,0.3157833762124086,0.485717746852353
2026-05-07,2026-05-07,2026-05-07T18:20:00Z,824681,P,Scheduled,Miguel Amaya,miguel_amaya,hitter,CHC,112,CIN,113,1,RBI,0.44766326530612255,0.4,0.5,synthetic,0,0.0,,,-0.05233673469387745,30,2026-05-06,et,et,1.0,0.554062360982643,0.6481947548382503
2026-05-07,2026-05-07,2026-05-07T18:20:00Z,824681,P,Scheduled,Nathaniel Lowe,nathaniel_lowe,hitter,CHC,113,CIN,112,1,H,1.4205275114697042,0.8,0.5,synthetic,0,0.0,,,0.9205275114697042,42,2026-05-06,et,et,1.0,0.7084490128432915,0.8074275388122975
2026-05-07,2026-05-07,2026-05-07T18:20:00Z,824681,P,Scheduled,Nathaniel Lowe,nathaniel_lowe,hitter,CHC,113,CIN,112,1,TB,1.8444934108527136,1.6,1.0,real,4,0.5773502691896257,,,0.8444934108527136,42,2026-05-06,et,et,1.0,1.6477010939472576,2.109192767807444
2026-05-07,2026-05-07,2026-05-07T18:20:00Z,824681,P,Scheduled,Nathaniel Lowe,nathaniel_lowe,hitter,CHC,113,CIN,112,1,R,0.6957248932130992,0.2,0.5,real,4,0.0,,,0.19572489321309916,42,2026-05-06,et,et,1.0,0.4918183297450694,0.6691235037126733
2026-05-07,2026-05-07,2026-05-07T18:20:00Z,824681,P,Scheduled,Nathaniel Lowe,nathaniel_lowe,hitter,CHC,113,CIN,112,1,HR,0.25671111111111117,0.2,0.5,synthetic,0,0.0,,,-0.24328888888888883,42,2026-05-06,et,et,1.0,0.3512944545549592,0.4922677785903818
2026-05-07,2026-05-07,2026-05-07T18:20:00Z,824681,P,Scheduled,Nathaniel Lowe,nathaniel_lowe,hitter,CHC,113,CIN,112,1,RBI,1.0832074513526342,0.8,0.5,synthetic,0,0.0,,,0.5832074513526342,42,2026-05-06,et,et,1.0,0.8208827453086404,1.0747612848151453
2026-05-07,2026-05-07,2026-05-07T18:20:00Z,824681,P,Scheduled,Nico Hoerner,nico_hoerner,hitter,CHC,112,CIN,113,1,H,1.5565972789115647,1.2,1.5,synthetic,0,0.0,,,0.05659727891156474,50,2026-05-06,et,et,1.0,0.5967924151135149,0.8689102737728511
2026-05-07,2026-05-07,2026-05-07T18:20:00Z,824681,P,Scheduled,Nico Hoerner,nico_hoerner,hitter,CHC,112,CIN,113,1,TB,1.1453166666666668,1.6,2.5,real,8,0.3535533905932738,136.16666666666666,-192.0,-1.3546833333333332,50,2026-05-06,et,et,1.0,1.359023936982874,1.7474803932535112
2026-05-07,2026-05-07,2026-05-07T18:20:00Z,824681,P,Scheduled,Nico Hoerner,nico_hoerner,hitter,CHC,112,CIN,113,1,R,0.5534132653061223,0.4,1.5,real,7,0.48795003647426655,329.0,-558.3333333333334,-0.9465867346938777,50,2026-05-06,et,et,1.0,0.6738366783044932,0.78377578019369
2026-05-07,2026-05-07,2026-05-07T18:20:00Z,824681,P,Scheduled,Nico Hoerner,nico_hoerner,hitter,CHC,112,CIN,113,1,HR,0.016711111111111166,0.0,0.5,real,6,0.0,2033.3333333333333,,-0.4832888888888888,50,2026-05-06,et,et,1.0,0.21332915246980666,0.336802433896338
2026-05-07,2026-05-07,2026-05-07T18:20:00Z,824681,P,Scheduled,Nico Hoerner,nico_hoerner,hitter,CHC,112,CIN,113,1,RBI,0.4236632653061225,0.2,0.5,synthetic,0,0.0,,,-0.07633673469387747,50,2026-05-06,et,et,1.0,0.7995912482951661,1.0286094639124057
2026-05-07,2026-05-07,2026-05-07T18:20:00Z,824681,P,Scheduled,Pete Crow-Armstrong,pete_crow-armstrong,hitter,CHC,112,CIN,113,1,H,1.2495972789115648,0.8,0.5,synthetic,0,0.0,,,0.7495972789115648,42,2026-05-06,et,et,1.0,0.7126369172939007,0.8974673386100901
2026-05-07,2026-05-07,2026-05-07T18:20:00Z,824681,P,Scheduled,Pete Crow-Armstrong,pete_crow-armstrong,hitter,CHC,112,CIN,113,1,TB,2.6126916666666666,1.4,1.5,real,8,0.3535533905932738,84.66666666666667,-170.25,1.1126916666666666,42,2026-05-06,et,et,1.0,1.1657576112228545,1.5770826097316102
2026-05-07,2026-05-07,2026-05-07T18:20:00Z,824681,P,Scheduled,Pete Crow-Armstrong,pete_crow-armstrong,hitter,CHC,112,CIN,113,1,R,1.2315382653061224,0.6,1.5,real,7,0.48795003647426655,194.6,-293.3333333333333,-0.2684617346938776,42,2026-05-06,et,et,1.0,0.6917263741729803,0.8252770148196764
2026-05-07,2026-05-07,2026-05-07T18:20:00Z,824681,P,Scheduled,Pete Crow-Armstrong,pete_crow-armstrong,hitter,CHC,112,CIN,113,1,HR,0.3417111111111112,0.0,0.5,real,6,0.0,808.3333333333334,,-0.1582888888888888,42,2026-05-06,et,et,1.0,0.11919354139792966,0.2990449995130595
2026-05-07,2026-05-07,2026-05-07T18:20:00Z,824681,P,Scheduled,Pete Crow-Armstrong,pete_crow-armstrong,hitter,CHC,112,CIN,113,1,RBI,0.5379132653061225,0.0,0.5,synthetic,0,0.0,,,0.03791326530612249,42,2026-05-06,et,et,1.0,0.5699084482708953,0.8444367422799618
2026-05-07,2026-05-07,2026-05-07T18:20:00Z,824681,P,Scheduled,Sal Stewart,sal_stewart,hitter,CHC,113,CIN,112,1,H,1.0085275114697043,0.4,0.5,synthetic,0,0.0,,,0.5085275114697043,52,2026-05-06,et,et,1.0,0.660652455059439,0.8675362977888393
2026-05-07,2026-05-07,2026-05-07T18:20:00Z,824681,P,Scheduled,Sal Stewart,sal_stewart,hitter,CHC,113,CIN,112,1,TB,0.4603934108527131,0.4,4.5,real,8,1.5526475085202969,160.0,-222.75,-4.0396065891472865,52,2026-05-06,et,et,1.0,1.7751866691768556,2.221409811209869
2026-05-07,2026-05-07,2026-05-07T18:20:00Z,824681,P,Scheduled,Sal Stewart,sal_stewart,hitter,CHC,113,CIN,112,1,R,0.33982489321309906,0.0,1.5,real,7,0.6900655593423543,361.25,-616.6666666666666,-1.1601751067869008,52,2026-05-06,et,et,1.0,0.6280374006807036,0.7126775920434348
2026-05-07,2026-05-07,2026-05-07T18:20:00Z,824681,P,Scheduled,Sal Stewart,sal_stewart,hitter,CHC,113,CIN,112,1,HR,0.016711111111111166,0.0,0.5,synthetic,0,0.0,,,-0.4832888888888888,52,2026-05-06,et,et,1.0,0.3517291157049511,0.4747416159587957
2026-05-07,2026-05-07,2026-05-07T18:20:00Z,824681,P,Scheduled,Sal Stewart,sal_stewart,hitter,CHC,113,CIN,112,1,RBI,0.325807451352634,0.0,0.5,synthetic,0,0.0,,,-0.174192548647366,52,2026-05-06,et,et,1.0,0.9510559211931314,1.3693264921883839
2026-05-07,2026-05-07,2026-05-07T18:20:00Z,824681,P,Scheduled,Seiya Suzuki,seiya_suzuki,hitter,CHC,112,CIN,113,1,H,1.1445972789115646,0.8,0.5,synthetic,0,0.0,,,0.6445972789115646,24,2026-05-06,et,et,1.0,0.9390186762835336,1.0619844388855186
2026-05-07,2026-05-07,2026-05-07T18:20:00Z,824681,P,Scheduled,Seiya Suzuki,seiya_suzuki,hitter,CHC,112,CIN,113,1,TB,1.4817166666666668,1.6,1.5,real,8,0.0,,,-0.018283333333333207,24,2026-05-06,et,et,1.0,1.757158442728296,2.228515609268631
2026-05-07,2026-05-07,2026-05-07T18:20:00Z,824681,P,Scheduled,Seiya Suzuki,seiya_suzuki,hitter,CHC,112,CIN,113,1,R,0.7290132653061223,0.4,0.5,real,7,0.0,,,0.22901326530612232,24,2026-05-06,et,et,1.0,0.602112967113514,0.7179950035270753
2026-05-07,2026-05-07,2026-05-07T18:20:00Z,824681,P,Scheduled,Seiya Suzuki,seiya_suzuki,hitter,CHC,112,CIN,113,1,HR,0.27233611111111117,0.2,0.5,synthetic,0,0.0,,,-0.22766388888888883,24,2026-05-06,et,et,1.0,0.298172056041554,0.44923327906429683
2026-05-07,2026-05-07,2026-05-07T18:20:00Z,824681,P,Scheduled,Seiya Suzuki,seiya_suzuki,hitter,CHC,112,CIN,113,1,RBI,0.9492632653061225,0.8,0.5,synthetic,0,0.0,,,0.4492632653061225,24,2026-05-06,et,et,1.0,0.6106107136259243,0.8465035968295371
2026-05-07,2026-05-07,2026-05-07T18:20:00Z,824681,P,Scheduled,Spencer Steer,spencer_steer,hitter,CHC,113,CIN,112,1,H,1.5525275114697044,1.2,1.5,synthetic,0,0.0,,,0.05252751146970436,50,2026-05-06,et,et,1.0,0.6512477794270953,0.7650453107903628
2026-05-07,2026-05-07,2026-05-07T18:20:00Z,824681,P,Scheduled,Spencer Steer,spencer_steer,hitter,CHC,113,CIN,112,1,TB,1.8032934108527132,1.2,1.5,real,8,0.0,213.0,-310.0,0.3032934108527132,50,2026-05-06,et,et,1.0,1.2891757600112144,1.624827281855548
2026-05-07,2026-05-07,2026-05-07T18:20:00Z,824681,P,Scheduled,Spencer Steer,spencer_steer,hitter,CHC,113,CIN,112,1,R,0.47492489321309916,0.0,0.5,real,7,0.7559289460184545,-220.0,,-0.025075106786900836,50,2026-05-06,et,et,1.0,0.5444956685325506,0.649703026600924
2026-05-07,2026-05-07,2026-05-07T18:20:00Z,824681,P,Scheduled,Spencer Steer,spencer_steer,hitter,CHC,113,CIN,112,1,HR,0.24171111111111115,0.0,0.5,real,5,0.0,1590.0,,-0.25828888888888885,50,2026-05-06,et,et,1.0,0.1952188935436071,0.35413471857593
2026-05-07,2026-05-07,2026-05-07T18:20:00Z,824681,P,Scheduled,Spencer Steer,spencer_steer,hitter,CHC,113,CIN,112,1,RBI,0.546407451352634,0.2,0.5,synthetic,0,0.0,,,0.04640745135263402,50,2026-05-06,et,et,1.0,0.5086806830202617,0.6454341026534509
2026-05-07,2026-05-07,2026-05-07T18:20:00Z,824681,P,Scheduled,Tyler Stephenson,tyler_stephenson,hitter,CHC,113,CIN,112,1,H,1.2797833254231925,1.0,0.5,synthetic,0,0.0,,,0.7797833254231925,44,2026-05-06,et,et,1.0,0.5489357993629556,0.6092941807422588
2026-05-07,2026-05-07,2026-05-07T18:20:00Z,824681,P,Scheduled,Tyler Stephenson,tyler_stephenson,hitter,CHC,113,CIN,112,1,TB,1.317212015503876,1.4,0.5,real,8,0.4629100498862757,321.25,-860.0,0.817212015503876,44,2026-05-06,et,et,1.0,0.927956360443419,1.2805288572479983
2026-05-07,2026-05-07,2026-05-07T18:20:00Z,824681,P,Scheduled,Tyler Stephenson,tyler_stephenson,hitter,CHC,113,CIN,112,1,R,0.7242155908875177,0.2,0.5,real,7,0.7559289460184545,462.5,-841.6666666666666,0.22421559088751775,44,2026-05-06,et,et,1.0,0.2592530882407304,0.3961614234114842
2026-05-07,2026-05-07,2026-05-07T18:20:00Z,824681,P,Scheduled,Tyler Stephenson,tyler_stephenson,hitter,CHC,113,CIN,112,1,HR,0.016711111111111166,0.0,0.5,real,6,0.0,1600.0,,-0.4832888888888888,44,2026-05-06,et,et,1.0,0.12800431585363375,0.26019521781638494
2026-05-07,2026-05-07,2026-05-07T18:20:00Z,824681,P,Scheduled,Tyler Stephenson,tyler_stephenson,hitter,CHC,113,CIN,112,1,RBI,0.4420121025154247,0.0,0.5,synthetic,0,0.0,,,-0.05798789748457528,44,2026-05-06,et,et,1.0,0.33485014396057644,0.5180472512913983
2026-05-07,2026-05-07,2026-05-07T18:20:00Z,824681,P,Scheduled,Colin Rea,colin_rea,pitcher,CHC,112,CIN,113,1,K,4.304466483011938,4.4,4.5,synthetic,0,0.0,,,-0.19553351698806232,12,2026-05-06,et,et,1.0,1.1596200096200098,1.7719299861252258
2026-05-07,2026-05-07,2026-05-07T18:20:00Z,824681,P,Scheduled,Colin Rea,colin_rea,pitcher,CHC,112,CIN,113,1,ER,2.205240151515152,2.6,2.5,synthetic,0,0.0,,,-0.29475984848484815,12,2026-05-06,et,et,1.0,1.311739417989418,1.8194115160049034
2026-05-07,2026-05-07,2026-05-07T18:20:00Z,824681,P,Scheduled,Colin Rea,colin_rea,pitcher,CHC,112,CIN,113,1,ERA,3.721342755681819,5.445,5.4,synthetic,0,0.0,,,-1.6786572443181815,12,2026-05-06,et,et,1.0,3.379615513905286,4.732322666598458
2026-05-07,2026-05-07,2026-05-07T18:20:00Z,824681,P,Scheduled,Jacob Webb,jacob_webb,pitcher,CHC,112,CIN,113,1,K,1.3004664830119375,1.2,2.5,synthetic,0,0.0,,,-1.1995335169880625,25,2026-05-06,et,et,1.0,0.5743522558714373,0.8189115005232362
2026-05-07,2026-05-07,2026-05-07T18:20:00Z,824681,P,Scheduled,Jacob Webb,jacob_webb,pitcher,CHC,112,CIN,113,1,ER,0.1572401515151518,0.2,0.5,synthetic,0,0.0,,,-0.3427598484848482,25,2026-05-06,et,et,1.0,0.8565780220437644,1.0443755173611309
2026-05-07,2026-05-07,2026-05-07T18:20:00Z,824681,P,Scheduled,Jacob Webb,jacob_webb,pitcher,CHC,112,CIN,113,1,ERA,0.8490968181818199,1.8,1.8,synthetic,0,0.0,,,-0.9509031818181801,25,2026-05-06,et,et,1.0,17.764124156332294,24.27168923422579
2026-05-07,2026-05-07,2026-05-07T18:20:00Z,824681,P,Scheduled,Hoby Milner,hoby_milner,pitcher,CHC,112,CIN,113,1,K,0.5844664830119375,0.4,2.5,synthetic,0,0.0,,,-1.9155335169880625,24,2026-05-06,et,et,1.0,0.6008959090062284,0.6991046321733345
2026-05-07,2026-05-07,2026-05-07T18:20:00Z,824681,P,Scheduled,Hoby Milner,hoby_milner,pitcher,CHC,112,CIN,113,1,ER,0.1572401515151518,0.2,0.5,synthetic,0,0.0,,,-0.3427598484848482,24,2026-05-06,et,et,1.0,0.3833277841760225,0.5540725113465309
2026-05-07,2026-05-07,2026-05-07T18:20:00Z,824681,P,Scheduled,Hoby Milner,hoby_milner,pitcher,CHC,112,CIN,113,1,ERA,1.4151613636363662,1.8,1.8,synthetic,0,0.0,,,-0.3848386363636338,24,2026-05-06,et,et,1.0,3.6555759367584226,5.329498971511194
2026-05-07,2026-05-07,2026-05-07T18:20:00Z,824681,P,Scheduled,Shota Imanaga,shota_imanaga,pitcher,CHC,112,CIN,109,1,K,5.600466483011937,6.2,8.5,real,9,1.3017082793177754,,,-2.899533516988063,11,2026-05-02,et,et,1.0,2.604834054834055,3.3870338455186344
2026-05-07,2026-05-07,2026-05-07T18:20:00Z,824681,P,Scheduled,Shota Imanaga,shota_imanaga,pitcher,CHC,112,CIN,109,1,ER,1.9652401515151519,1.6,2.5,real,5,0.0,,,-0.5347598484848481,11,2026-05-02,et,et,1.0,1.3830808080808081,1.6985661494582123
2026-05-07,2026-05-07,2026-05-07T18:20:00Z,824681,P,Scheduled,Shota Imanaga,shota_imanaga,pitcher,CHC,112,CIN,109,1,ERA,2.5267373376623383,2.6046428571428573,2.6,synthetic,0,0.0,,,-0.07326266233766177,11,2026-05-02,et,et,1.0,3.4861116616067918,3.9123421485579293
2026-05-07,2026-05-07,2026-05-07T18:20:00Z,824681,P,Scheduled,Brady Singer,brady_singer,pitcher,CIN,113,CHC,112,0,K,1.4017340619307832,2.0,2.5,synthetic,0,0.0,,,-1.0982659380692168,13,2026-05-06,et,et,1.0,1.3096098346098346,1.6824889369753537
2026-05-07,2026-05-07,2026-05-07T18:20:00Z,824681,P,Scheduled,Brady Singer,brady_singer,pitcher,CIN,113,CHC,112,0,ER,2.9258897727272735,3.0,2.5,synthetic,0,0.0,,,0.42588977272727346,13,2026-05-06,et,et,1.0,1.7418081918081918,2.23715910607345
2026-05-07,2026-05-07,2026-05-07T18:20:00Z,824681,P,Scheduled,Brady Singer,brady_singer,pitcher,CIN,113,CHC,112,0,ERA,4.38883465909091,7.409999999999999,7.4,synthetic,0,0.0,,,-3.0111653409090904,13,2026-05-06,et,et,1.0,5.973314393939394,8.398332127401584
2026-05-07,2026-05-07,2026-05-07T18:20:00Z,824681,P,Scheduled,Graham Ashcraft,graham_ashcraft,pitcher,CIN,113,CHC,112,0,K,0.8217340619307831,1.0,2.5,synthetic,0,0.0,,,-1.6782659380692169,23,2026-05-06,et,et,1.0,0.8829955715303678,1.0420558249983711
2026-05-07,2026-05-07,2026-05-07T18:20:00Z,824681,P,Scheduled,Graham Ashcraft,graham_ashcraft,pitcher,CIN,113,CHC,112,0,ER,0.12588977272727286,0.0,0.5,synthetic,0,0.0,,,-0.37411022727272714,23,2026-05-06,et,et,1.0,0.5542752313195846,0.716232782675976
2026-05-07,2026-05-07,2026-05-07T18:20:00Z,824681,P,Scheduled,Graham Ashcraft,graham_ashcraft,pitcher,CIN,113,CHC,112,0,ERA,1.1330079545454557,0.0,1.5,synthetic,0,0.0,,,-0.36699204545454434,23,2026-05-06,et,et,1.0,4.490669746359441,5.713667358778706
2026-05-07,2026-05-07,2026-05-07T18:20:00Z,824681,P,Scheduled,Brock Burke,brock_burke,pitcher,CIN,113,CHC,112,0,K,0.9697340619307833,1.4,2.5,synthetic,0,0.0,,,-1.5302659380692167,24,2026-05-06,et,et,1.0,0.6221776255264106,0.8975402525520577
2026-05-07,2026-05-07,2026-05-07T18:20:00Z,824681,P,Scheduled,Brock Burke,brock_burke,pitcher,CIN,113,CHC,112,0,ER,0.8458897727272727,1.0,0.5,synthetic,0,0.0,,,0.3458897727272727,24,2026-05-06,et,et,1.0,1.1726428198720062,1.5714737055732142
2026-05-07,2026-05-07,2026-05-07T18:20:00Z,824681,P,Scheduled,Brock Burke,brock_burke,pitcher,CIN,113,CHC,112,0,ERA,7.613007954545455,9.0,9.0,synthetic,0,0.0,,,-1.3869920454545452,24,2026-05-06,et,et,1.0,6.89907496747809,10.90918473832497
2026-05-07,2026-05-07,2026-05-07T19:10:00Z,824362,P,Scheduled,Austin Slater,austin_slater,hitter,COL,121,NYM,108,1,H,0.7007095238095239,0.6,0.5,synthetic,0,0.0,,,0.2007095238095239,26,2026-05-03,et,et,1.0,0.5949027932822729,0.7293205756922517
2026-05-07,2026-05-07,2026-05-07T19:10:00Z,824362,P,Scheduled,Austin Slater,austin_slater,hitter,COL,121,NYM,108,1,TB,0.86725,0.8,1.5,real,8,0.3535533905932738,162.75,-224.66666666666666,-0.63275,26,2026-05-03,et,et,1.0,0.846103049002096,1.0059918032847037
2026-05-07,2026-05-07,2026-05-07T19:10:00Z,824362,P,Scheduled,Austin Slater,austin_slater,hitter,COL,121,NYM,108,1,R,0.1610535714285714,0.2,1.5,real,7,0.48795003647426655,252.5,-427.5,-1.3389464285714285,26,2026-05-03,et,et,1.0,0.43641538426063986,0.5694413430620847
2026-05-07,2026-05-07,2026-05-07T19:10:00Z,824362,P,Scheduled,Austin Slater,austin_slater,hitter,COL,121,NYM,108,1,HR,0.025600000000000022,0.0,0.5,real,5,0.0,1300.0,,-0.4744,26,2026-05-03,et,et,1.0,0.0,0.0
2026-05-07,2026-05-07,2026-05-07T19:10:00Z,824362,P,Scheduled,Austin Slater,austin_slater,hitter,COL,121,NYM,108,1,RBI,0.0,0.0,0.5,synthetic,0,0.0,,,-0.5,26,2026-05-03,et,et,1.0,0.28662460048560007,0.47467509260553326
2026-05-07,2026-05-07,2026-05-07T19:10:00Z,824362,P,Scheduled,Bo Bichette,bo_bichette,hitter,COL,121,NYM,115,1,H,0.6401216450216449,1.0,0.5,synthetic,0,0.0,,,0.14012164502164492,48,2026-05-06,et,et,1.0,0.6607617454615138,0.8689800500440155
2026-05-07,2026-05-07,2026-05-07T19:10:00Z,824362,P,Scheduled,Bo Bichette,bo_bichette,hitter,COL,121,NYM,115,1,TB,0.7854742424242422,1.0,0.5,real,8,0.7440238091428449,-103.42857142857143,29.6,0.28547424242424224,48,2026-05-06,et,et,1.0,1.0222484038514223,1.434405792328058
2026-05-07,2026-05-07,2026-05-07T19:10:00Z,824362,P,Scheduled,Bo Bichette,bo_bichette,hitter,COL,121,NYM,115,1,R,0.4350353896103896,0.4,0.5,real,7,0.37796447300922725,400.0,-252.5,-0.06496461038961038,48,2026-05-06,et,et,1.0,0.566430030157805,0.6397696579601201
2026-05-07,2026-05-07,2026-05-07T19:10:00Z,824362,P,Scheduled,Bo Bichette,bo_bichette,hitter,COL,121,NYM,115,1,HR,0.015288888888888864,0.0,0.5,real,7,0.0,1053.5714285714287,,-0.48471111111111115,48,2026-05-06,et,et,1.0,0.1127322614637649,0.25014128881392367
2026-05-07,2026-05-07,2026-05-07T19:10:00Z,824362,P,Scheduled,Bo Bichette,bo_bichette,hitter,COL,121,NYM,115,1,RBI,0.22673993506493506,0.2,0.5,synthetic,0,0.0,,,-0.27326006493506494,48,2026-05-06,et,et,1.0,0.7401883398581391,1.0454487319445704
2026-05-07,2026-05-07,2026-05-07T19:10:00Z,824362,P,Scheduled,Brett Baty,brett_baty,hitter,COL,121,NYM,115,1,H,0.09612164502164489,0.2,0.5,synthetic,0,0.0,,,-0.4038783549783551,44,2026-05-06,et,et,1.0,0.6458305977349243,0.7878830016386384
2026-05-07,2026-05-07,2026-05-07T19:10:00Z,824362,P,Scheduled,Brett Baty,brett_baty,hitter,COL,121,NYM,115,1,TB,0.6857742424242423,0.2,1.5,real,8,0.0,,,-0.8142257575757577,44,2026-05-06,et,et,1.0,1.0739963983781116,1.3730210154013498
2026-05-07,2026-05-07,2026-05-07T19:10:00Z,824362,P,Scheduled,Brett Baty,brett_baty,hitter,COL,121,NYM,115,1,R,0.3947353896103896,0.2,0.5,real,7,0.0,,,-0.10526461038961038,44,2026-05-06,et,et,1.0,0.5709293703073969,0.6453323290774193
2026-05-07,2026-05-07,2026-05-07T19:10:00Z,824362,P,Scheduled,Brett Baty,brett_baty,hitter,COL,121,NYM,115,1,HR,0.13091388888888886,0.0,0.5,synthetic,0,0.0,,,-0.3690861111111111,44,2026-05-06,et,et,1.0,0.12679550104016213,0.24228010202136024
2026-05-07,2026-05-07,2026-05-07T19:10:00Z,824362,P,Scheduled,Brett Baty,brett_baty,hitter,COL,121,NYM,115,1,RBI,0.15493993506493506,0.0,0.5,synthetic,0,0.0,,,-0.3450600649350649,44,2026-05-06,et,et,1.0,0.7078397097755439,0.8661401459201052
2026-05-07,2026-05-07,2026-05-07T19:10:00Z,824362,P,Scheduled,Brett Sullivan,brett_sullivan,hitter,COL,115,NYM,144,1,H,1.2053397563676633,1.4,1.5,synthetic,0,0.0,,,-0.29466024363233667,30,2026-05-03,et,et,1.0,0.7323213804710601,0.8871290901438428
2026-05-07,2026-05-07,2026-05-07T19:10:00Z,824362,P,Scheduled,Brett Sullivan,brett_sullivan,hitter,COL,115,NYM,144,1,TB,1.4657850775193797,2.0,0.5,real,8,0.5175491695067657,48.6,-245.0,0.9657850775193797,30,2026-05-03,et,et,1.0,1.463564108324236,1.9180699319807182
2026-05-07,2026-05-07,2026-05-07T19:10:00Z,824362,P,Scheduled,Brett Sullivan,brett_sullivan,hitter,COL,115,NYM,144,1,R,0.2874401993355481,0.4,0.5,real,7,0.7559289460184545,230.0,-372.5,-0.2125598006644519,30,2026-05-03,et,et,1.0,0.48751908751271034,0.5686610861382035
2026-05-07,2026-05-07,2026-05-07T19:10:00Z,824362,P,Scheduled,Brett Sullivan,brett_sullivan,hitter,COL,115,NYM,144,1,HR,0.015288888888888864,0.0,0.5,real,5,0.0,1110.0,,-0.48471111111111115,30,2026-05-03,et,et,1.0,0.251866437959764,0.3341911829368371
2026-05-07,2026-05-07,2026-05-07T19:10:00Z,824362,P,Scheduled,Brett Sullivan,brett_sullivan,hitter,COL,115,NYM,144,1,RBI,0.44679775747508305,0.6,0.5,synthetic,0,0.0,,,-0.053202242524916954,30,2026-05-03,et,et,1.0,0.7232432179637116,0.9335158948673644
2026-05-07,2026-05-07,2026-05-07T19:10:00Z,824362,P,Scheduled,Edouard Julien,edouard_julien,hitter,COL,115,NYM,121,1,H,0.3720064230343298,0.6,0.5,synthetic,0,0.0,,,-0.1279935769656702,40,2026-05-06,et,et,1.0,0.8044718724178308,0.940470187550227
2026-05-07,2026-05-07,2026-05-07T19:10:00Z,824362,P,Scheduled,Edouard Julien,edouard_julien,hitter,COL,115,NYM,121,1,TB,0.9123600775193796,1.2,0.5,real,8,0.4629100498862757,152.42857142857142,-257.0,0.41236007751937964,40,2026-05-06,et,et,1.0,1.3212394352599632,1.7051595846430332
2026-05-07,2026-05-07,2026-05-07T19:10:00Z,824362,P,Scheduled,Edouard Julien,edouard_julien,hitter,COL,115,NYM,121,1,R,0.5763651993355481,0.6,0.5,real,7,0.37796447300922725,555.0,-340.0,0.07636519933554808,40,2026-05-06,et,et,1.0,0.6035478076062104,0.6994912149101088
2026-05-07,2026-05-07,2026-05-07T19:10:00Z,824362,P,Scheduled,Edouard Julien,edouard_julien,hitter,COL,115,NYM,121,1,HR,0.15528888888888884,0.2,0.5,real,7,0.0,1157.142857142857,,-0.3447111111111112,40,2026-05-06,et,et,1.0,0.1333543816884835,0.273735786361661
2026-05-07,2026-05-07,2026-05-07T19:10:00Z,824362,P,Scheduled,Edouard Julien,edouard_julien,hitter,COL,115,NYM,121,1,RBI,0.36584775747508297,0.4,0.5,synthetic,0,0.0,,,-0.13415224252491703,40,2026-05-06,et,et,1.0,0.6057478739997598,0.8039273039162503
2026-05-07,2026-05-07,2026-05-07T19:10:00Z,824362,P,Scheduled,Ezequiel Tovar,ezequiel_tovar,hitter,COL,115,NYM,121,1,H,0.20182037652270185,0.4,0.5,synthetic,0,0.0,,,-0.29817962347729815,44,2026-05-06,et,et,1.0,0.6144460014577425,0.7747160698637818
2026-05-07,2026-05-07,2026-05-07T19:10:00Z,824362,P,Scheduled,Ezequiel Tovar,ezequiel_tovar,hitter,COL,115,NYM,121,1,TB,0.23076472868217043,0.4,1.5,real,8,0.0,,,-1.2692352713178296,44,2026-05-06,et,et,1.0,1.2514672991268616,1.534001814655823
2026-05-07,2026-05-07,2026-05-07T19:10:00Z,824362,P,Scheduled,Ezequiel Tovar,ezequiel_tovar,hitter,COL,115,NYM,121,1,R,0.0,0.0,0.5,real,7,0.0,,,-0.5,44,2026-05-06,et,et,1.0,0.4563472452687937,0.5654663402118187
2026-05-07,2026-05-07,2026-05-07T19:10:00Z,824362,P,Scheduled,Ezequiel Tovar,ezequiel_tovar,hitter,COL,115,NYM,121,1,HR,0.015288888888888864,0.0,0.5,synthetic,0,0.0,,,-0.48471111111111115,44,2026-05-06,et,et,1.0,0.18671527391549247,0.2735207233265299
2026-05-07,2026-05-07,2026-05-07T19:10:00Z,824362,P,Scheduled,Ezequiel Tovar,ezequiel_tovar,hitter,COL,115,NYM,121,1,RBI,0.09569892026578064,0.2,0.5,synthetic,0,0.0,,,-0.40430107973421936,44,2026-05-06,et,et,1.0,0.5640206700907688,0.7267739146511663
2026-05-07,2026-05-07,2026-05-07T19:10:00Z,824362,P,Scheduled,Francisco Alvarez,francisco_alvarez,hitter,COL,121,NYM,115,1,H,0.6441216450216449,0.8,0.5,synthetic,0,0.0,,,0.14412164502164493,42,2026-05-06,et,et,1.0,0.6382107038712915,0.7819841112071917
2026-05-07,2026-05-07,2026-05-07T19:10:00Z,824362,P,Scheduled,Francisco Alvarez,francisco_alvarez,hitter,COL,121,NYM,115,1,TB,1.2515742424242422,1.2,1.0,real,8,0.5345224838248488,-86.4,-81.66666666666667,0.2515742424242422,42,2026-05-06,et,et,1.0,1.3443668440486383,1.7982411321836425
2026-05-07,2026-05-07,2026-05-07T19:10:00Z,824362,P,Scheduled,Francisco Alvarez,francisco_alvarez,hitter,COL,121,NYM,115,1,R,0.5909353896103896,0.4,0.5,real,7,0.4879500364742666,311.5,-163.5,0.0909353896103896,42,2026-05-06,et,et,1.0,0.5052441740991002,0.5912436088547742
2026-05-07,2026-05-07,2026-05-07T19:10:00Z,824362,P,Scheduled,Francisco Alvarez,francisco_alvarez,hitter,COL,121,NYM,115,1,HR,0.015288888888888864,0.0,0.5,real,6,0.0,585.0,,-0.48471111111111115,42,2026-05-06,et,et,1.0,0.25152940486568187,0.40935685571567776
2026-05-07,2026-05-07,2026-05-07T19:10:00Z,824362,P,Scheduled,Francisco Alvarez,francisco_alvarez,hitter,COL,121,NYM,115,1,RBI,0.26813993506493505,0.2,0.5,synthetic,0,0.0,,,-0.23186006493506495,42,2026-05-06,et,et,1.0,0.5268663749680577,0.6048068996096314
2026-05-07,2026-05-07,2026-05-07T19:10:00Z,824362,P,Scheduled,Hunter Goodman,hunter_goodman,hitter,COL,115,NYM,121,1,H,0.10000642303432983,0.2,0.5,synthetic,0,0.0,,,-0.3999935769656702,46,2026-05-06,et,et,1.0,0.6419150284316731,0.84963896167034
2026-05-07,2026-05-07,2026-05-07T19:10:00Z,824362,P,Scheduled,Hunter Goodman,hunter_goodman,hitter,COL,115,NYM,121,1,TB,0.39836007751937974,0.4,1.5,real,8,0.3535533905932738,,,-1.1016399224806204,46,2026-05-06,et,et,1.0,1.6129986292854095,2.3504750983570806
2026-05-07,2026-05-07,2026-05-07T19:10:00Z,824362,P,Scheduled,Hunter Goodman,hunter_goodman,hitter,COL,115,NYM,121,1,R,0.2783651993355481,0.2,0.5,real,7,0.0,,,-0.2216348006644519,46,2026-05-06,et,et,1.0,0.6436885615160481,0.8907952598608655
2026-05-07,2026-05-07,2026-05-07T19:10:00Z,824362,P,Scheduled,Hunter Goodman,hunter_goodman,hitter,COL,115,NYM,121,1,HR,0.015288888888888864,0.0,0.5,synthetic,0,0.0,,,-0.48471111111111115,46,2026-05-06,et,et,1.0,0.34310610034981,0.5316887499216623
2026-05-07,2026-05-07,2026-05-07T19:10:00Z,824362,P,Scheduled,Hunter Goodman,hunter_goodman,hitter,COL,115,NYM,121,1,RBI,0.217847757475083,0.2,0.5,synthetic,0,0.0,,,-0.282152242524917,46,2026-05-06,et,et,1.0,0.726069052706153,0.88172316250765
2026-05-07,2026-05-07,2026-05-07T19:10:00Z,824362,P,Scheduled,Jake McCarthy,jake_mccarthy,hitter,COL,115,NYM,121,1,H,0.6138203765227019,0.8,0.5,synthetic,0,0.0,,,0.11382037652270194,40,2026-05-06,et,et,1.0,0.7312586325855749,0.9243984004964965
2026-05-07,2026-05-07,2026-05-07T19:10:00Z,824362,P,Scheduled,Jake McCarthy,jake_mccarthy,hitter,COL,115,NYM,121,1,TB,2.2830147286821707,1.2,1.0,real,8,0.5345224838248488,-34.2,-233.33333333333334,1.2830147286821707,40,2026-05-06,et,et,1.0,1.2173679421856984,1.4701671139601322
2026-05-07,2026-05-07,2026-05-07T19:10:00Z,824362,P,Scheduled,Jake McCarthy,jake_mccarthy,hitter,COL,115,NYM,121,1,R,0.5720128737541528,0.4,0.5,real,7,0.37796447300922725,640.0,-350.0,0.07201287375415277,40,2026-05-06,et,et,1.0,0.5096225916699874,0.573756024248929
2026-05-07,2026-05-07,2026-05-07T19:10:00Z,824362,P,Scheduled,Jake McCarthy,jake_mccarthy,hitter,COL,115,NYM,121,1,HR,0.27778888888888886,0.0,0.5,real,6,0.0,1350.0,,-0.22221111111111114,40,2026-05-06,et,et,1.0,0.025,0.15811388300841897
2026-05-07,2026-05-07,2026-05-07T19:10:00Z,824362,P,Scheduled,Jake McCarthy,jake_mccarthy,hitter,COL,115,NYM,121,1,RBI,0.3891989202657807,0.4,0.5,synthetic,0,0.0,,,-0.11080107973421932,40,2026-05-06,et,et,1.0,0.5217611434292808,0.7534527113429005
2026-05-07,2026-05-07,2026-05-07T19:10:00Z,824362,P,Scheduled,Juan Soto,juan_soto,hitter,COL,121,NYM,115,1,H,0.5041216450216449,0.8,0.5,synthetic,0,0.0,,,0.004121645021644915,25,2026-05-06,et,et,1.0,0.6046567899428311,0.8579533430200187
2026-05-07,2026-05-07,2026-05-07T19:10:00Z,824362,P,Scheduled,Juan Soto,juan_soto,hitter,COL,121,NYM,115,1,TB,1.7142742424242423,1.0,3.5,real,8,0.5345224838248488,-133.16666666666666,-26.4,-1.7857257575757577,25,2026-05-06,et,et,1.0,1.5659569679957352,2.010484490175351
2026-05-07,2026-05-07,2026-05-07T19:10:00Z,824362,P,Scheduled,Juan Soto,juan_soto,hitter,COL,121,NYM,115,1,R,0.8762353896103896,0.8,0.5,real,7,0.37796447300922725,252.66666666666666,-174.75,0.3762353896103896,25,2026-05-06,et,et,1.0,0.5308085807941778,0.6072847722796303
2026-05-07,2026-05-07,2026-05-07T19:10:00Z,824362,P,Scheduled,Juan Soto,juan_soto,hitter,COL,121,NYM,115,1,HR,0.27778888888888886,0.0,0.5,real,7,0.0,487.14285714285717,,-0.22221111111111114,25,2026-05-06,et,et,1.0,0.32864083398691013,0.4403272613163765
2026-05-07,2026-05-07,2026-05-07T19:10:00Z,824362,P,Scheduled,Juan Soto,juan_soto,hitter,COL,121,NYM,115,1,RBI,0.10993993506493505,0.0,0.5,synthetic,0,0.0,,,-0.39006006493506495,25,2026-05-06,et,et,1.0,0.7873615700044561,0.9944424418986739
2026-05-07,2026-05-07,2026-05-07T19:10:00Z,824362,P,Scheduled,Kyle Karros,kyle_karros,hitter,COL,115,NYM,121,1,H,0.9200064230343299,1.2,1.5,synthetic,0,0.0,,,-0.5799935769656701,46,2026-05-06,et,et,1.0,0.601419885080805,0.7199591528234618
2026-05-07,2026-05-07,2026-05-07T19:10:00Z,824362,P,Scheduled,Kyle Karros,kyle_karros,hitter,COL,115,NYM,121,1,TB,1.0343600775193798,1.2,2.0,real,8,0.8864052604279183,52.5,-143.33333333333334,-0.9656399224806202,46,2026-05-06,et,et,1.0,1.0497344215573192,1.3661124540417708
2026-05-07,2026-05-07,2026-05-07T19:10:00Z,824362,P,Scheduled,Kyle Karros,kyle_karros,hitter,COL,115,NYM,121,1,R,0.4943651993355482,0.6,0.5,real,7,0.37796447300922725,666.25,-340.0,-0.005634800664451822,46,2026-05-06,et,et,1.0,0.5948399145896925,0.654653207961601
2026-05-07,2026-05-07,2026-05-07T19:10:00Z,824362,P,Scheduled,Kyle Karros,kyle_karros,hitter,COL,115,NYM,121,1,HR,0.015288888888888864,0.0,0.5,real,6,0.0,1141.6666666666667,,-0.48471111111111115,46,2026-05-06,et,et,1.0,0.17394237285255315,0.27230002835892514
2026-05-07,2026-05-07,2026-05-07T19:10:00Z,824362,P,Scheduled,Kyle Karros,kyle_karros,hitter,COL,115,NYM,121,1,RBI,0.5138477574750832,0.4,0.5,synthetic,0,0.0,,,0.013847757475083156,46,2026-05-06,et,et,1.0,0.4166352145524918,0.5072698029121989
2026-05-07,2026-05-07,2026-05-07T19:10:00Z,824362,P,Scheduled,Marcus Semien,marcus_semien,hitter,COL,121,NYM,115,1,H,0.23212164502164484,0.4,0.5,synthetic,0,0.0,,,-0.26787835497835516,48,2026-05-06,et,et,1.0,0.7479953652272814,0.9578930303694619
2026-05-07,2026-05-07,2026-05-07T19:10:00Z,824362,P,Scheduled,Marcus Semien,marcus_semien,hitter,COL,121,NYM,115,1,TB,1.6767742424242422,0.4,0.5,real,8,0.5175491695067657,60.166666666666664,-210.0,1.1767742424242422,48,2026-05-06,et,et,1.0,1.0524091109811191,1.6205602954378064
2026-05-07,2026-05-07,2026-05-07T19:10:00Z,824362,P,Scheduled,Marcus Semien,marcus_semien,hitter,COL,121,NYM,115,1,R,0.6377353896103898,0.2,1.5,real,7,0.37796447300922725,215.0,-308.75,-0.8622646103896102,48,2026-05-06,et,et,1.0,0.5320908877913281,0.737074820107748
2026-05-07,2026-05-07,2026-05-07T19:10:00Z,824362,P,Scheduled,Marcus Semien,marcus_semien,hitter,COL,121,NYM,115,1,HR,0.2902888888888889,0.0,0.5,real,7,0.0,1057.142857142857,,-0.20971111111111113,48,2026-05-06,et,et,1.0,0.05932647902286962,0.20349374362380607
2026-05-07,2026-05-07,2026-05-07T19:10:00Z,824362,P,Scheduled,Marcus Semien,marcus_semien,hitter,COL,121,NYM,115,1,RBI,0.5649399350649351,0.4,0.5,synthetic,0,0.0,,,0.06493993506493512,48,2026-05-06,et,et,1.0,0.534358685958737,0.8051339429818517
2026-05-07,2026-05-07,2026-05-07T19:10:00Z,824362,P,Scheduled,Mark Vientos,mark_vientos,hitter,COL,121,NYM,115,1,H,0.7801216450216449,1.0,0.5,synthetic,0,0.0,,,0.28012164502164494,36,2026-05-06,et,et,1.0,0.7326668411600599,0.8521416726583999
2026-05-07,2026-05-07,2026-05-07T19:10:00Z,824362,P,Scheduled,Mark Vientos,mark_vientos,hitter,COL,121,NYM,115,1,TB,1.8193742424242425,2.6,0.5,real,8,0.5175491695067657,-60.666666666666664,-170.75,1.3193742424242425,36,2026-05-06,et,et,1.0,1.3148247521520917,1.8185161431784111
2026-05-07,2026-05-07,2026-05-07T19:10:00Z,824362,P,Scheduled,Mark Vientos,mark_vientos,hitter,COL,121,NYM,115,1,R,0.5511353896103897,0.8,0.5,real,7,0.37796447300922725,429.0,-275.0,0.05113538961038966,36,2026-05-06,et,et,1.0,0.4054615078876649,0.5859082300115253
2026-05-07,2026-05-07,2026-05-07T19:10:00Z,824362,P,Scheduled,Mark Vientos,mark_vientos,hitter,COL,121,NYM,115,1,HR,0.2952888888888888,0.4,0.5,real,7,0.0,710.7142857142857,,-0.20471111111111118,36,2026-05-06,et,et,1.0,0.2131037566019237,0.4301358507523645
2026-05-07,2026-05-07,2026-05-07T19:10:00Z,824362,P,Scheduled,Mark Vientos,mark_vientos,hitter,COL,121,NYM,115,1,RBI,1.2973399350649348,1.4,1.5,synthetic,0,0.0,,,-0.20266006493506517,36,2026-05-06,et,et,1.0,0.4835048072420773,0.8115313466321991
2026-05-07,2026-05-07,2026-05-07T19:10:00Z,824362,P,Scheduled,Mickey Moniak,mickey_moniak,hitter,COL,115,NYM,121,1,H,1.3320064230343298,1.6,1.5,synthetic,0,0.0,,,-0.1679935769656702,39,2026-05-06,et,et,1.0,0.6538258639002075,0.9302009661283748
2026-05-07,2026-05-07,2026-05-07T19:10:00Z,824362,P,Scheduled,Mickey Moniak,mickey_moniak,hitter,COL,115,NYM,121,1,TB,3.39226007751938,4.2,0.5,real,8,0.7440238091428449,87.28571428571429,-180.4,2.89226007751938,39,2026-05-06,et,et,1.0,1.8538492651008143,2.823041629905951
2026-05-07,2026-05-07,2026-05-07T19:10:00Z,824362,P,Scheduled,Mickey Moniak,mickey_moniak,hitter,COL,115,NYM,121,1,R,0.7244651993355481,1.0,0.5,real,7,0.7559289460184545,209.0,-315.0,0.2244651993355481,39,2026-05-06,et,et,1.0,0.7252569630836391,0.8933813417496301
2026-05-07,2026-05-07,2026-05-07T19:10:00Z,824362,P,Scheduled,Mickey Moniak,mickey_moniak,hitter,COL,115,NYM,121,1,HR,0.43528888888888884,0.6,0.5,real,7,0.0,603.5714285714286,,-0.06471111111111116,39,2026-05-06,et,et,1.0,0.4623307805731206,0.6741518826386574
2026-05-07,2026-05-07,2026-05-07T19:10:00Z,824362,P,Scheduled,Mickey Moniak,mickey_moniak,hitter,COL,115,NYM,121,1,RBI,0.8564477574750831,1.2,1.5,synthetic,0,0.0,,,-0.6435522425249169,39,2026-05-06,et,et,1.0,0.7693609640281477,1.0368387590914465
2026-05-07,2026-05-07,2026-05-07T19:10:00Z,824362,P,Scheduled,TJ Rumfield,tj_rumfield,hitter,COL,115,NYM,121,1,H,0.6440064230343299,1.0,0.5,synthetic,0,0.0,,,0.14400642303432987,53,2026-05-06,et,et,1.0,0.7807682918873319,0.986839551836699
2026-05-07,2026-05-07,2026-05-07T19:10:00Z,824362,P,Scheduled,TJ Rumfield,tj_rumfield,hitter,COL,115,NYM,121,1,TB,2.31146007751938,1.6,1.5,real,8,0.5345224838248488,-175.0,,0.8114600775193801,53,2026-05-06,et,et,1.0,1.3750007053646172,1.7973390228933277
2026-05-07,2026-05-07,2026-05-07T19:10:00Z,824362,P,Scheduled,TJ Rumfield,tj_rumfield,hitter,COL,115,NYM,121,1,R,0.7252651993355482,0.4,0.5,real,7,0.37796447300922725,877.5,,0.22526519933554823,53,2026-05-06,et,et,1.0,0.5335082151084909,0.6353778448817574
2026-05-07,2026-05-07,2026-05-07T19:10:00Z,824362,P,Scheduled,TJ Rumfield,tj_rumfield,hitter,COL,115,NYM,121,1,HR,0.4177888888888889,0.2,0.5,real,1,0.0,700.0,,-0.08221111111111112,53,2026-05-06,et,et,1.0,0.22511892802277522,0.35177116027210076
2026-05-07,2026-05-07,2026-05-07T19:10:00Z,824362,P,Scheduled,TJ Rumfield,tj_rumfield,hitter,COL,115,NYM,121,1,RBI,0.6692477574750831,0.6,0.5,synthetic,0,0.0,,,0.16924775747508314,53,2026-05-06,et,et,1.0,0.6685302785888032,0.8736477730697735
2026-05-07,2026-05-07,2026-05-07T19:10:00Z,824362,P,Scheduled,Troy Johnston,troy_johnston,hitter,COL,115,NYM,121,1,H,0.6098203765227019,1.0,0.5,synthetic,0,0.0,,,0.10982037652270193,48,2026-05-06,et,et,1.0,0.7096631621206893,0.8835437915801693
2026-05-07,2026-05-07,2026-05-07T19:10:00Z,824362,P,Scheduled,Troy Johnston,troy_johnston,hitter,COL,115,NYM,121,1,TB,1.2697647286821705,1.2,0.5,real,8,0.4629100498862757,-87.85714285714286,-70.6,0.7697647286821705,48,2026-05-06,et,et,1.0,1.4621210425456095,1.7635852760822734
2026-05-07,2026-05-07,2026-05-07T19:10:00Z,824362,P,Scheduled,Troy Johnston,troy_johnston,hitter,COL,115,NYM,121,1,R,0.4702628737541527,0.4,0.5,real,7,0.37796447300922725,429.0,-285.0,-0.02973712624584729,48,2026-05-06,et,et,1.0,0.46268205208292507,0.5343986529700367
2026-05-07,2026-05-07,2026-05-07T19:10:00Z,824362,P,Scheduled,Troy Johnston,troy_johnston,hitter,COL,115,NYM,121,1,HR,0.13091388888888886,0.0,0.5,real,7,0.0,875.0,,-0.3690861111111111,48,2026-05-06,et,et,1.0,0.11809070070894188,0.2490452321862272
2026-05-07,2026-05-07,2026-05-07T19:10:00Z,824362,P,Scheduled,Troy Johnston,troy_johnston,hitter,COL,115,NYM,121,1,RBI,0.12169892026578064,0.0,0.5,synthetic,0,0.0,,,-0.37830107973421934,48,2026-05-06,et,et,1.0,0.7374274685852349,0.8743634974962213
2026-05-07,2026-05-07,2026-05-07T19:10:00Z,824362,P,Scheduled,Tyler Freeman,tyler_freeman,hitter,COL,115,NYM,121,1,H,0.5080064230343299,0.8,0.5,synthetic,0,0.0,,,0.008006423034329857,28,2026-05-06,et,et,1.0,0.5683089850332605,0.7413773911153175
2026-05-07,2026-05-07,2026-05-07T19:10:00Z,824362,P,Scheduled,Tyler Freeman,tyler_freeman,hitter,COL,115,NYM,121,1,TB,1.4353600775193798,1.4,1.5,real,8,0.0,3.5,-165.0,-0.06463992248062023,28,2026-05-06,et,et,1.0,0.7614963087853475,1.1651887195859112
2026-05-07,2026-05-07,2026-05-07T19:10:00Z,824362,P,Scheduled,Tyler Freeman,tyler_freeman,hitter,COL,115,NYM,121,1,R,0.6573651993355482,0.6,0.5,real,7,0.0,-106.0,,0.15736519933554816,28,2026-05-06,et,et,1.0,0.47938082719365777,0.5201489555889235
2026-05-07,2026-05-07,2026-05-07T19:10:00Z,824362,P,Scheduled,Tyler Freeman,tyler_freeman,hitter,COL,115,NYM,121,1,HR,0.27091388888888884,0.2,0.5,real,5,0.0,1410.0,,-0.22908611111111116,28,2026-05-06,et,et,1.0,0.03983923483923484,0.1894023525322775
2026-05-07,2026-05-07,2026-05-07T19:10:00Z,824362,P,Scheduled,Tyler Freeman,tyler_freeman,hitter,COL,115,NYM,121,1,RBI,0.5678477574750831,0.6,0.5,synthetic,0,0.0,,,0.06784775747508309,28,2026-05-06,et,et,1.0,0.5210122657009014,0.5966915766800367
2026-05-07,2026-05-07,2026-05-07T19:10:00Z,824362,P,Scheduled,Tyrone Taylor,tyrone_taylor,hitter,COL,121,NYM,115,1,H,0.0,0.2,0.5,synthetic,0,0.0,,,-0.5,38,2026-05-06,et,et,1.0,0.6413937535003399,0.7130249907049028
2026-05-07,2026-05-07,2026-05-07T19:10:00Z,824362,P,Scheduled,Tyrone Taylor,tyrone_taylor,hitter,COL,121,NYM,115,1,TB,0.054819696969696866,0.2,1.5,real,8,0.0,-131.0,-40.0,-1.4451803030303032,38,2026-05-06,et,et,1.0,1.1506669678945058,1.445954435526522
2026-05-07,2026-05-07,2026-05-07T19:10:00Z,824362,P,Scheduled,Tyrone Taylor,tyrone_taylor,hitter,COL,121,NYM,115,1,R,0.0,0.0,0.5,real,7,0.37796447300922725,361.4,-223.33333333333334,-0.5,38,2026-05-06,et,et,1.0,0.4759105120436461,0.5426494770033984
2026-05-07,2026-05-07,2026-05-07T19:10:00Z,824362,P,Scheduled,Tyrone Taylor,tyrone_taylor,hitter,COL,121,NYM,115,1,HR,0.015288888888888864,0.0,0.5,real,4,0.0,987.5,,-0.48471111111111115,38,2026-05-06,et,et,1.0,0.1879029215847899,0.3035521843786811
2026-05-07,2026-05-07,2026-05-07T19:10:00Z,824362,P,Scheduled,Tyrone Taylor,tyrone_taylor,hitter,COL,121,NYM,115,1,RBI,0.03975811688311682,0.2,0.5,synthetic,0,0.0,,,-0.4602418831168832,38,2026-05-06,et,et,1.0,0.6004393093213065,0.8485078858250075
2026-05-07,2026-05-07,2026-05-07T19:10:00Z,824362,P,Scheduled,Willi Castro,willi_castro,hitter,COL,115,NYM,121,1,H,1.0572580086580086,1.0,0.5,synthetic,0,0.0,,,0.5572580086580086,35,2026-05-04,et,et,1.0,0.6194284891316921,0.810069709876347
2026-05-07,2026-05-07,2026-05-07T19:10:00Z,824362,P,Scheduled,Willi Castro,willi_castro,hitter,COL,115,NYM,121,1,TB,1.1376719696969697,1.2,0.5,real,8,0.4629100498862757,-75.42857142857143,-113.0,0.6376719696969697,35,2026-05-04,et,et,1.0,1.110678911128434,1.5309468149937675
2026-05-07,2026-05-07,2026-05-07T19:10:00Z,824362,P,Scheduled,Willi Castro,willi_castro,hitter,COL,115,NYM,121,1,R,0.3411558441558441,0.4,0.5,real,7,0.37796447300922725,462.3333333333333,-276.25,-0.1588441558441559,35,2026-05-04,et,et,1.0,0.6015532300422544,0.6922857975064979
2026-05-07,2026-05-07,2026-05-07T19:10:00Z,824362,P,Scheduled,Willi Castro,willi_castro,hitter,COL,115,NYM,121,1,HR,0.015288888888888864,0.0,0.5,real,7,0.0,935.7142857142857,,-0.48471111111111115,35,2026-05-04,et,et,1.0,0.13845391617409272,0.25194239479913816
2026-05-07,2026-05-07,2026-05-07T19:10:00Z,824362,P,Scheduled,Willi Castro,willi_castro,hitter,COL,115,NYM,121,1,RBI,0.33159902597402596,0.4,0.5,synthetic,0,0.0,,,-0.16840097402597404,35,2026-05-04,et,et,1.0,0.673245499609876,0.8215478447160168
2026-05-07,2026-05-07,2026-05-07T19:10:00Z,824362,P,Scheduled,Michael Lorenzen,michael_lorenzen,pitcher,COL,115,NYM,121,1,K,2.4761992337164753,2.8,2.5,synthetic,0,0.0,,,-0.023800766283524677,11,2026-05-06,et,et,1.0,1.1169913419913422,1.402635276698576
2026-05-07,2026-05-07,2026-05-07T19:10:00Z,824362,P,Scheduled,Michael Lorenzen,michael_lorenzen,pitcher,COL,115,NYM,121,1,ER,2.2787999999999995,2.0,1.5,synthetic,0,0.0,,,0.7787999999999995,11,2026-05-06,et,et,1.0,2.1335497835497836,2.8072726508369077
2026-05-07,2026-05-07,2026-05-07T19:10:00Z,824362,P,Scheduled,Michael Lorenzen,michael_lorenzen,pitcher,COL,115,NYM,121,1,ERA,4.101839999999999,4.037142857142857,4.0,synthetic,0,0.0,,,0.10183999999999926,11,2026-05-06,et,et,1.0,6.413943629899512,8.214868038735306
2026-05-07,2026-05-07,2026-05-07T19:10:00Z,824362,P,Scheduled,Zach Agnos,zach_agnos,pitcher,COL,115,NYM,121,1,K,1.3401992337164752,2.0,2.5,synthetic,0,0.0,,,-1.1598007662835248,18,2026-05-06,et,et,1.0,1.0981248054777466,1.3056196117307062
2026-05-07,2026-05-07,2026-05-07T19:10:00Z,824362,P,Scheduled,Zach Agnos,zach_agnos,pitcher,COL,115,NYM,121,1,ER,1.3827999999999998,1.2,1.5,synthetic,0,0.0,,,-0.11720000000000019,18,2026-05-06,et,et,1.0,0.9669759570494865,1.153194378768029
2026-05-07,2026-05-07,2026-05-07T19:10:00Z,824362,P,Scheduled,Zach Agnos,zach_agnos,pitcher,COL,115,NYM,121,1,ERA,3.1112999999999995,4.8,4.8,synthetic,0,0.0,,,-1.6887000000000003,18,2026-05-06,et,et,1.0,8.415384635789046,13.373620590862343
2026-05-07,2026-05-07,2026-05-07T19:10:00Z,824362,P,Scheduled,Juan Mejia,juan_mejia,pitcher,COL,115,NYM,121,1,K,1.3401992337164752,2.0,2.5,synthetic,0,0.0,,,-1.1598007662835248,16,2026-05-04,et,et,1.0,0.9463624916749915,1.3376433617769798
2026-05-07,2026-05-07,2026-05-07T19:10:00Z,824362,P,Scheduled,Juan Mejia,juan_mejia,pitcher,COL,115,NYM,121,1,ER,0.9507999999999999,0.6,0.5,synthetic,0,0.0,,,0.45079999999999987,16,2026-05-04,et,et,1.0,0.7786243270618269,1.069349616829176
2026-05-07,2026-05-07,2026-05-07T19:10:00Z,824362,P,Scheduled,Juan Mejia,juan_mejia,pitcher,COL,115,NYM,121,1,ERA,4.278599999999999,4.68,4.7,synthetic,0,0.0,,,-0.4214000000000011,16,2026-05-04,et,et,1.0,11.621039741508492,21.549135137130992
2026-05-07,2026-05-07,2026-05-07T19:10:00Z,824362,P,Scheduled,Brooks Raley,brooks_raley,pitcher,NYM,121,COL,115,0,K,1.8201493930905694,1.4,2.5,synthetic,0,0.0,,,-0.6798506069094306,19,2026-05-06,et,et,1.0,0.6472524336688424,0.8212815422407286
2026-05-07,2026-05-07,2026-05-07T19:10:00Z,824362,P,Scheduled,Brooks Raley,brooks_raley,pitcher,NYM,121,COL,115,0,ER,0.15213333333333343,0.0,0.5,synthetic,0,0.0,,,-0.34786666666666655,19,2026-05-06,et,et,1.0,0.3143601195845778,0.41769656074315203
2026-05-07,2026-05-07,2026-05-07T19:10:00Z,824362,P,Scheduled,Brooks Raley,brooks_raley,pitcher,NYM,121,COL,115,0,ERA,1.0269000000000008,0.0,1.5,synthetic,0,0.0,,,-0.4730999999999992,19,2026-05-06,et,et,1.0,3.1786378288893764,4.3750690119921956
2026-05-07,2026-05-07,2026-05-07T19:10:00Z,824362,P,Scheduled,Luke Weaver,luke_weaver,pitcher,NYM,121,COL,115,0,K,2.2481493930905696,1.8,2.5,synthetic,0,0.0,,,-0.2518506069094304,20,2026-05-06,et,et,1.0,0.6391758108592474,0.9275347824940263
2026-05-07,2026-05-07,2026-05-07T19:10:00Z,824362,P,Scheduled,Luke Weaver,luke_weaver,pitcher,NYM,121,COL,115,0,ER,0.44013333333333343,0.4,0.5,synthetic,0,0.0,,,-0.05986666666666657,20,2026-05-06,et,et,1.0,0.6263482580800692,1.0703451495988423
2026-05-07,2026-05-07,2026-05-07T19:10:00Z,824362,P,Scheduled,Luke Weaver,luke_weaver,pitcher,NYM,121,COL,115,0,ERA,3.9612000000000007,3.6,3.6,synthetic,0,0.0,,,0.36120000000000063,20,2026-05-06,et,et,1.0,7.989342600124333,11.861975098426573
2026-05-07,2026-05-07,2026-05-07T19:10:00Z,824362,P,Scheduled,Devin Williams,devin_williams,pitcher,NYM,121,COL,115,0,K,1.6801493930905695,1.4,2.5,synthetic,0,0.0,,,-0.8198506069094305,19,2026-05-06,et,et,1.0,0.7135682772679677,0.9125802829821342
2026-05-07,2026-05-07,2026-05-07T19:10:00Z,824362,P,Scheduled,Devin Williams,devin_williams,pitcher,NYM,121,COL,115,0,ER,0.2961333333333334,0.2,0.5,synthetic,0,0.0,,,-0.20386666666666658,19,2026-05-06,et,et,1.0,0.4842647376703105,1.0363112741504128
2026-05-07,2026-05-07,2026-05-07T19:10:00Z,824362,P,Scheduled,Devin Williams,devin_williams,pitcher,NYM,121,COL,115,0,ERA,2.665200000000001,2.7,2.7,synthetic,0,0.0,,,-0.034799999999999276,19,2026-05-06,et,et,1.0,8.640648998833983,25.25717830934863
2026-05-07,2026-05-07,2026-05-07T19:40:00Z,825090,P,Scheduled,Geraldo Perdomo,geraldo_perdomo,hitter,AZ,109,PIT,134,1,H,1.0443591836734696,1.0,0.5,synthetic,0,0.0,,,0.5443591836734696,38,2026-05-06,et,et,1.0,0.7266428005554081,0.953964286348164
2026-05-07,2026-05-07,2026-05-07T19:40:00Z,825090,P,Scheduled,Geraldo Perdomo,geraldo_perdomo,hitter,AZ,109,PIT,134,1,TB,1.639875,2.0,1.5,real,8,0.3535533905932738,-165.0,115.0,0.13987499999999997,38,2026-05-06,et,et,1.0,1.379212802111543,1.7896226558717059
2026-05-07,2026-05-07,2026-05-07T19:40:00Z,825090,P,Scheduled,Geraldo Perdomo,geraldo_perdomo,hitter,AZ,109,PIT,134,1,R,0.7355739795918367,0.4,1.5,real,7,0.37796447300922725,,,-0.7644260204081633,38,2026-05-06,et,et,1.0,0.5765990150608893,0.6351594736922808
2026-05-07,2026-05-07,2026-05-07T19:40:00Z,825090,P,Scheduled,Geraldo Perdomo,geraldo_perdomo,hitter,AZ,109,PIT,134,1,HR,0.1656,0.2,0.5,real,2,0.0,1300.0,,-0.33440000000000003,38,2026-05-06,et,et,1.0,0.10009916213941368,0.2337241041792084
2026-05-07,2026-05-07,2026-05-07T19:40:00Z,825090,P,Scheduled,Geraldo Perdomo,geraldo_perdomo,hitter,AZ,109,PIT,134,1,RBI,1.2854989795918368,1.0,0.5,synthetic,0,0.0,,,0.7854989795918368,38,2026-05-06,et,et,1.0,0.4833484995365434,0.7229992921147451
2026-05-07,2026-05-07,2026-05-07T19:40:00Z,825090,P,Scheduled,Ketel Marte,ketel_marte,hitter,AZ,109,PIT,134,1,H,0.7763591836734693,0.4,0.5,synthetic,0,0.0,,,0.27635918367346934,38,2026-05-06,et,et,1.0,0.7279748818044206,0.8687692388758471
2026-05-07,2026-05-07,2026-05-07T19:40:00Z,825090,P,Scheduled,Ketel Marte,ketel_marte,hitter,AZ,109,PIT,134,1,TB,1.09825,0.8,1.5,real,8,0.3535533905932738,-170.0,120.0,-0.40175000000000005,38,2026-05-06,et,et,1.0,1.3631158252992386,1.9380231970137023
2026-05-07,2026-05-07,2026-05-07T19:40:00Z,825090,P,Scheduled,Ketel Marte,ketel_marte,hitter,AZ,109,PIT,134,1,R,0.7706989795918366,0.4,0.5,real,7,0.0,,,0.27069897959183664,38,2026-05-06,et,et,1.0,0.597360519134783,0.6671034873113352
2026-05-07,2026-05-07,2026-05-07T19:40:00Z,825090,P,Scheduled,Ketel Marte,ketel_marte,hitter,AZ,109,PIT,134,1,HR,0.025600000000000022,0.0,0.5,real,2,0.0,562.5,,-0.4744,38,2026-05-06,et,et,1.0,0.22204183080564888,0.42235502184630935
2026-05-07,2026-05-07,2026-05-07T19:40:00Z,825090,P,Scheduled,Ketel Marte,ketel_marte,hitter,AZ,109,PIT,134,1,RBI,0.8257489795918369,0.4,0.5,synthetic,0,0.0,,,0.3257489795918369,38,2026-05-06,et,et,1.0,0.5353060891563409,0.654491032524907
2026-05-07,2026-05-07,2026-05-07T19:40:00Z,825090,P,Scheduled,Corbin Carroll,corbin_carroll,hitter,AZ,109,PIT,134,1,H,0.6323591836734693,0.6,0.5,synthetic,0,0.0,,,0.13235918367346933,39,2026-05-06,et,et,1.0,0.8234952301249007,0.9932253297245907
2026-05-07,2026-05-07,2026-05-07T19:40:00Z,825090,P,Scheduled,Corbin Carroll,corbin_carroll,hitter,AZ,109,PIT,134,1,TB,0.5382499999999999,0.8,1.5,real,8,0.3535533905932738,-165.0,115.0,-0.9617500000000001,39,2026-05-06,et,et,1.0,1.815877522022294,2.2295037670296565
2026-05-07,2026-05-07,2026-05-07T19:40:00Z,825090,P,Scheduled,Corbin Carroll,corbin_carroll,hitter,AZ,109,PIT,134,1,R,0.6206989795918367,0.4,0.5,real,7,0.0,,,0.12069897959183673,39,2026-05-06,et,et,1.0,0.6927005157949141,0.8667592365479824
2026-05-07,2026-05-07,2026-05-07T19:40:00Z,825090,P,Scheduled,Corbin Carroll,corbin_carroll,hitter,AZ,109,PIT,134,1,HR,0.025600000000000022,0.0,0.5,real,2,0.0,637.5,,-0.4744,39,2026-05-06,et,et,1.0,0.25308596175852677,0.3570658770090869
2026-05-07,2026-05-07,2026-05-07T19:40:00Z,825090,P,Scheduled,Corbin Carroll,corbin_carroll,hitter,AZ,109,PIT,134,1,RBI,0.5297489795918368,0.2,0.5,synthetic,0,0.0,,,0.029748979591836755,39,2026-05-06,et,et,1.0,0.7101523449622301,1.022731683771369
2026-05-07,2026-05-07,2026-05-07T19:40:00Z,825090,P,Scheduled,Adrian Del Castillo,adrian_del_castillo,hitter,AZ,109,PIT,134,1,H,0.8593591836734694,0.8,0.5,synthetic,0,0.0,,,0.3593591836734694,20,2026-05-06,et,et,1.0,0.6489032252577144,0.8484721499504766
2026-05-07,2026-05-07,2026-05-07T19:40:00Z,825090,P,Scheduled,Adrian Del Castillo,adrian_del_castillo,hitter,AZ,109,PIT,134,1,TB,1.3858499999999998,2.0,1.5,real,8,0.0,-130.0,-110.0,-0.1141500000000002,20,2026-05-06,et,et,1.0,1.3393513141055708,1.5564330832500843
2026-05-07,2026-05-07,2026-05-07T19:40:00Z,825090,P,Scheduled,Adrian Del Castillo,adrian_del_castillo,hitter,AZ,109,PIT,134,1,R,0.4286989795918367,0.4,0.5,real,7,0.0,,,-0.07130102040816327,20,2026-05-06,et,et,1.0,0.45797595851001416,0.5163361992535553
2026-05-07,2026-05-07,2026-05-07T19:40:00Z,825090,P,Scheduled,Adrian Del Castillo,adrian_del_castillo,hitter,AZ,109,PIT,134,1,HR,0.3056,0.4,0.5,real,2,0.0,850.0,,-0.19440000000000002,20,2026-05-06,et,et,1.0,0.20619764308618796,0.37459363472536955
2026-05-07,2026-05-07,2026-05-07T19:40:00Z,825090,P,Scheduled,Adrian Del Castillo,adrian_del_castillo,hitter,AZ,109,PIT,134,1,RBI,1.1945489795918367,1.0,0.5,synthetic,0,0.0,,,0.6945489795918367,20,2026-05-06,et,et,1.0,0.7523959539342665,0.9823867581167779
2026-05-07,2026-05-07,2026-05-07T19:40:00Z,825090,P,Scheduled,Ildemaro Vargas,ildemaro_vargas,hitter,AZ,109,PIT,134,1,H,1.4033591836734698,1.6,1.5,synthetic,0,0.0,,,-0.09664081632653021,41,2026-05-06,et,et,1.0,0.6868252055447505,0.9261724217387954
2026-05-07,2026-05-07,2026-05-07T19:40:00Z,825090,P,Scheduled,Ildemaro Vargas,ildemaro_vargas,hitter,AZ,109,PIT,134,1,TB,1.40185,1.8,1.5,real,8,0.46291004988627577,-155.0,110.0,-0.09814999999999996,41,2026-05-06,et,et,1.0,1.5349791219193212,2.0905191735699407
2026-05-07,2026-05-07,2026-05-07T19:40:00Z,825090,P,Scheduled,Ildemaro Vargas,ildemaro_vargas,hitter,AZ,109,PIT,134,1,R,0.16269897959183674,0.0,0.5,real,7,0.0,,,-0.33730102040816323,41,2026-05-06,et,et,1.0,0.7071013980444018,0.8456604908402726
2026-05-07,2026-05-07,2026-05-07T19:40:00Z,825090,P,Scheduled,Ildemaro Vargas,ildemaro_vargas,hitter,AZ,109,PIT,134,1,HR,0.025600000000000022,0.0,0.5,real,2,0.0,1300.0,,-0.4744,41,2026-05-06,et,et,1.0,0.3013668264283156,0.46758313067301166
2026-05-07,2026-05-07,2026-05-07T19:40:00Z,825090,P,Scheduled,Ildemaro Vargas,ildemaro_vargas,hitter,AZ,109,PIT,134,1,RBI,0.6265489795918369,0.4,0.5,synthetic,0,0.0,,,0.12654897959183686,41,2026-05-06,et,et,1.0,0.882904554306474,1.2319232327180931
2026-05-07,2026-05-07,2026-05-07T19:40:00Z,825090,P,Scheduled,Lourdes Gurriel Jr,lourdes_gurriel_jr,hitter,AZ,109,PIT,134,1,H,1.4033591836734698,1.6,1.5,synthetic,0,0.0,,,-0.09664081632653021,13,2026-05-06,et,et,1.0,0.6866328116328118,0.9105457150487324
2026-05-07,2026-05-07,2026-05-07T19:40:00Z,825090,P,Scheduled,Lourdes Gurriel Jr,lourdes_gurriel_jr,hitter,AZ,109,PIT,134,1,TB,1.39535,1.8,1.5,synthetic,0,0.0,,,-0.10464999999999991,13,2026-05-06,et,et,1.0,0.8087634587634587,1.0940801788427328
2026-05-07,2026-05-07,2026-05-07T19:40:00Z,825090,P,Scheduled,Lourdes Gurriel Jr,lourdes_gurriel_jr,hitter,AZ,109,PIT,134,1,R,0.8398656462585035,0.6,0.5,synthetic,0,0.0,,,0.33986564625850346,13,2026-05-06,et,et,1.0,0.4338439338439338,0.5275489196007627
2026-05-07,2026-05-07,2026-05-07T19:40:00Z,825090,P,Scheduled,Lourdes Gurriel Jr,lourdes_gurriel_jr,hitter,AZ,109,PIT,134,1,HR,0.025600000000000022,0.0,0.5,synthetic,0,0.0,,,-0.4744,13,2026-05-06,et,et,1.0,0.0,0.0
2026-05-07,2026-05-07,2026-05-07T19:40:00Z,825090,P,Scheduled,Lourdes Gurriel Jr,lourdes_gurriel_jr,hitter,AZ,109,PIT,134,1,RBI,0.4195489795918368,0.2,0.5,synthetic,0,0.0,,,-0.08045102040816321,13,2026-05-06,et,et,1.0,0.4983322233322233,0.6701769548620484
2026-05-07,2026-05-07,2026-05-07T19:40:00Z,825090,P,Scheduled,Nolan Arenado,nolan_arenado,hitter,AZ,109,PIT,134,1,H,0.5833591836734694,0.6,0.5,synthetic,0,0.0,,,0.0833591836734694,40,2026-05-06,et,et,1.0,0.6850602957380321,0.888615006604643
2026-05-07,2026-05-07,2026-05-07T19:40:00Z,825090,P,Scheduled,Nolan Arenado,nolan_arenado,hitter,AZ,109,PIT,134,1,TB,0.63535,0.8,1.5,real,7,0.4879500364742666,,,-0.86465,40,2026-05-06,et,et,1.0,1.294300891140391,1.9179621091533614
2026-05-07,2026-05-07,2026-05-07T19:40:00Z,825090,P,Scheduled,Nolan Arenado,nolan_arenado,hitter,AZ,109,PIT,134,1,R,0.7018656462585035,0.4,0.5,real,7,0.0,,,0.20186564625850345,40,2026-05-06,et,et,1.0,0.5949512642275161,0.7354230006018347
2026-05-07,2026-05-07,2026-05-07T19:40:00Z,825090,P,Scheduled,Nolan Arenado,nolan_arenado,hitter,AZ,109,PIT,134,1,HR,0.025600000000000022,0.0,0.5,synthetic,0,0.0,,,-0.4744,40,2026-05-06,et,et,1.0,0.23553243410793376,0.4353891936550478
2026-05-07,2026-05-07,2026-05-07T19:40:00Z,825090,P,Scheduled,Nolan Arenado,nolan_arenado,hitter,AZ,109,PIT,134,1,RBI,0.2835489795918368,0.0,0.5,synthetic,0,0.0,,,-0.21645102040816322,40,2026-05-06,et,et,1.0,0.9165563942359155,1.1883514129799275
2026-05-07,2026-05-07,2026-05-07T19:40:00Z,825090,P,Scheduled,Gabriel Moreno,gabriel_moreno,hitter,AZ,109,PIT,134,1,H,1.1353591836734696,1.0,0.5,synthetic,0,0.0,,,0.6353591836734696,26,2026-05-06,et,et,1.0,0.7832430047144343,0.9477824963909607
2026-05-07,2026-05-07,2026-05-07T19:40:00Z,825090,P,Scheduled,Gabriel Moreno,gabriel_moreno,hitter,AZ,109,PIT,134,1,TB,1.7898500000000002,2.2,1.5,real,6,0.5163977794943223,,,0.28985000000000016,26,2026-05-06,et,et,1.0,1.6530260078933805,2.3394000232795795
2026-05-07,2026-05-07,2026-05-07T19:40:00Z,825090,P,Scheduled,Gabriel Moreno,gabriel_moreno,hitter,AZ,109,PIT,134,1,R,0.6566989795918368,0.6,0.5,real,6,0.0,,,0.15669897959183676,26,2026-05-06,et,et,1.0,0.4808179022841416,0.5995861350664868
2026-05-07,2026-05-07,2026-05-07T19:40:00Z,825090,P,Scheduled,Gabriel Moreno,gabriel_moreno,hitter,AZ,109,PIT,134,1,HR,0.1656,0.2,0.5,synthetic,0,0.0,,,-0.33440000000000003,26,2026-05-06,et,et,1.0,0.3063042203826113,0.4878160807701289
2026-05-07,2026-05-07,2026-05-07T19:40:00Z,825090,P,Scheduled,Gabriel Moreno,gabriel_moreno,hitter,AZ,109,PIT,134,1,RBI,1.034548979591837,1.0,0.5,synthetic,0,0.0,,,0.534548979591837,26,2026-05-06,et,et,1.0,0.6912148490415444,0.8293246206873494
2026-05-07,2026-05-07,2026-05-07T19:40:00Z,825090,P,Scheduled,Alek Thomas,alek_thomas,hitter,AZ,109,PIT,134,1,H,0.40235918367346934,0.2,0.5,synthetic,0,0.0,,,-0.09764081632653066,35,2026-05-06,et,et,1.0,0.6708116331109777,0.7843671669096559
2026-05-07,2026-05-07,2026-05-07T19:40:00Z,825090,P,Scheduled,Alek Thomas,alek_thomas,hitter,AZ,109,PIT,134,1,TB,0.49745,0.4,1.5,real,8,0.5175491695067657,,,-1.00255,35,2026-05-06,et,et,1.0,1.3654289694067157,1.6083400666250012
2026-05-07,2026-05-07,2026-05-07T19:40:00Z,825090,P,Scheduled,Alek Thomas,alek_thomas,hitter,AZ,109,PIT,134,1,R,0.6166989795918367,0.4,0.5,real,7,0.0,,,0.11669897959183673,35,2026-05-06,et,et,1.0,0.5205020061005383,0.621955049730875
2026-05-07,2026-05-07,2026-05-07T19:40:00Z,825090,P,Scheduled,Alek Thomas,alek_thomas,hitter,AZ,109,PIT,134,1,HR,0.025600000000000022,0.0,0.5,real,1,0.0,950.0,,-0.4744,35,2026-05-06,et,et,1.0,0.22475817548249288,0.3394282873931864
2026-05-07,2026-05-07,2026-05-07T19:40:00Z,825090,P,Scheduled,Alek Thomas,alek_thomas,hitter,AZ,109,PIT,134,1,RBI,0.1553489795918367,0.0,0.5,synthetic,0,0.0,,,-0.3446510204081633,35,2026-05-06,et,et,1.0,0.7506009309420023,0.9007462125309008
2026-05-07,2026-05-07,2026-05-07T19:40:00Z,825090,P,Scheduled,Juan Morillo,juan_morillo,pitcher,AZ,109,PIT,134,1,K,1.8215510204081633,1.8,2.5,synthetic,0,0.0,,,-0.6784489795918367,25,2026-05-06,et,et,1.0,0.837805721685921,1.0279049485176919
2026-05-07,2026-05-07,2026-05-07T19:40:00Z,825090,P,Scheduled,Juan Morillo,juan_morillo,pitcher,AZ,109,PIT,134,1,ER,0.0,0.2,0.5,synthetic,0,0.0,,,-0.5,25,2026-05-06,et,et,1.0,0.8026368332614127,1.107359861342906
2026-05-07,2026-05-07,2026-05-07T19:40:00Z,825090,P,Scheduled,Juan Morillo,juan_morillo,pitcher,AZ,109,PIT,134,1,ERA,0.0,1.8,1.8,synthetic,0,0.0,,,-1.8,25,2026-05-06,et,et,1.0,8.398638615758989,10.943505683424018
2026-05-07,2026-05-07,2026-05-07T19:40:00Z,825090,P,Scheduled,Taylor Clarke,taylor_clarke,pitcher,AZ,109,PIT,134,1,K,0.6735510204081632,0.4,2.5,synthetic,0,0.0,,,-1.8264489795918368,24,2026-05-06,et,et,1.0,0.6018648425880642,0.7004585488086116
2026-05-07,2026-05-07,2026-05-07T19:40:00Z,825090,P,Scheduled,Taylor Clarke,taylor_clarke,pitcher,AZ,109,PIT,134,1,ER,0.0,0.2,0.5,synthetic,0,0.0,,,-0.5,24,2026-05-06,et,et,1.0,0.48394205176220767,0.8846130203638883
2026-05-07,2026-05-07,2026-05-07T19:40:00Z,825090,P,Scheduled,Taylor Clarke,taylor_clarke,pitcher,AZ,109,PIT,134,1,ERA,0.0,1.8,1.8,synthetic,0,0.0,,,-1.8,24,2026-05-06,et,et,1.0,10.446448237215625,23.006933955956196
2026-05-07,2026-05-07,2026-05-07T19:40:00Z,825090,P,Scheduled,Kevin Ginkel,kevin_ginkel,pitcher,AZ,109,PIT,134,1,K,0.9655510204081632,1.0,2.5,synthetic,0,0.0,,,-1.5344489795918368,25,2026-05-06,et,et,1.0,0.8243451921838648,1.0753299356802444
2026-05-07,2026-05-07,2026-05-07T19:40:00Z,825090,P,Scheduled,Kevin Ginkel,kevin_ginkel,pitcher,AZ,109,PIT,134,1,ER,0.0,0.2,0.5,synthetic,0,0.0,,,-0.5,25,2026-05-06,et,et,1.0,0.8494114544688648,1.1146466267501531
2026-05-07,2026-05-07,2026-05-07T19:40:00Z,825090,P,Scheduled,Kevin Ginkel,kevin_ginkel,pitcher,AZ,109,PIT,134,1,ERA,0.0,1.8,1.8,synthetic,0,0.0,,,-1.8,25,2026-05-06,et,et,1.0,15.72103882723818,22.113099603788395
2026-05-07,2026-05-07,2026-05-07T19:40:00Z,825090,P,Scheduled,Billy Cook,billy_cook,hitter,PIT,134,AZ,109,0,H,0.0,0.2,0.5,synthetic,0,0.0,,,-0.5,40,2026-05-06,et,et,1.0,0.6056306399792849,0.7353114272906901
2026-05-07,2026-05-07,2026-05-07T19:40:00Z,825090,P,Scheduled,Billy Cook,billy_cook,hitter,PIT,134,AZ,109,0,TB,0.020650000000000016,0.2,1.5,real,2,0.0,,,-1.47935,40,2026-05-06,et,et,1.0,1.0650861380851278,1.4426381758180904
2026-05-07,2026-05-07,2026-05-07T19:40:00Z,825090,P,Scheduled,Billy Cook,billy_cook,hitter,PIT,134,AZ,109,0,R,0.0,0.0,0.5,real,1,0.0,,,-0.5,40,2026-05-06,et,et,1.0,0.39476860195254465,0.4503477309002296
2026-05-07,2026-05-07,2026-05-07T19:40:00Z,825090,P,Scheduled,Billy Cook,billy_cook,hitter,PIT,134,AZ,109,0,HR,0.025600000000000022,0.0,0.5,real,3,0.0,750.0,,-0.4744,40,2026-05-06,et,et,1.0,0.13862953289919971,0.23631331420064763
2026-05-07,2026-05-07,2026-05-07T19:40:00Z,825090,P,Scheduled,Billy Cook,billy_cook,hitter,PIT,134,AZ,109,0,RBI,0.0,0.0,0.5,synthetic,0,0.0,,,-0.5,40,2026-05-06,et,et,1.0,0.43606717012617074,0.6310796438007017
2026-05-07,2026-05-07,2026-05-07T19:40:00Z,825090,P,Scheduled,Brandon Lowe,brandon_lowe,hitter,PIT,134,AZ,109,0,H,0.47096895485466916,0.8,0.5,synthetic,0,0.0,,,-0.029031045145330836,41,2026-05-06,et,et,1.0,0.6816450392286734,0.9731923782057336
2026-05-07,2026-05-07,2026-05-07T19:40:00Z,825090,P,Scheduled,Brandon Lowe,brandon_lowe,hitter,PIT,134,AZ,109,0,TB,2.3703583333333333,1.8,4.5,real,8,0.3535533905932738,-141.25,107.0,-2.1296416666666667,41,2026-05-06,et,et,1.0,1.5263710083394604,2.4146500549416103
2026-05-07,2026-05-07,2026-05-07T19:40:00Z,825090,P,Scheduled,Brandon Lowe,brandon_lowe,hitter,PIT,134,AZ,109,0,R,1.0239195269016699,0.8,1.5,real,7,0.37796447300922725,138.0,-182.0,-0.4760804730983301,41,2026-05-06,et,et,1.0,0.5696427772515879,0.790437647448841
2026-05-07,2026-05-07,2026-05-07T19:40:00Z,825090,P,Scheduled,Brandon Lowe,brandon_lowe,hitter,PIT,134,AZ,109,0,HR,0.42810000000000004,0.2,0.5,synthetic,0,0.0,,,-0.07189999999999996,41,2026-05-06,et,et,1.0,0.3139275520885156,0.5346142202599556
2026-05-07,2026-05-07,2026-05-07T19:40:00Z,825090,P,Scheduled,Brandon Lowe,brandon_lowe,hitter,PIT,134,AZ,109,0,RBI,0.5979611935683364,0.4,0.5,synthetic,0,0.0,,,0.09796119356833644,41,2026-05-06,et,et,1.0,0.6220694793425323,1.2217593923956205
2026-05-07,2026-05-07,2026-05-07T19:40:00Z,825090,P,Scheduled,Bryan Reynolds,bryan_reynolds,hitter,PIT,134,AZ,109,0,H,0.7429689548546693,1.2,1.5,synthetic,0,0.0,,,-0.7570310451453307,50,2026-05-06,et,et,1.0,0.7910708023851128,0.9396528284625772
2026-05-07,2026-05-07,2026-05-07T19:40:00Z,825090,P,Scheduled,Bryan Reynolds,bryan_reynolds,hitter,PIT,134,AZ,109,0,TB,1.9542333333333333,2.8,1.5,real,8,0.5175491695067657,-151.66666666666666,112.5,0.45423333333333327,50,2026-05-06,et,et,1.0,1.2482867742700905,1.7175179488242784
2026-05-07,2026-05-07,2026-05-07T19:40:00Z,825090,P,Scheduled,Bryan Reynolds,bryan_reynolds,hitter,PIT,134,AZ,109,0,R,1.10354452690167,1.2,0.5,real,7,0.0,140.5,-186.0,0.6035445269016699,50,2026-05-06,et,et,1.0,0.5879433878556647,0.771642309062147
2026-05-07,2026-05-07,2026-05-07T19:40:00Z,825090,P,Scheduled,Bryan Reynolds,bryan_reynolds,hitter,PIT,134,AZ,109,0,HR,0.1656,0.2,0.5,real,4,0.0,1075.0,,-0.33440000000000003,50,2026-05-06,et,et,1.0,0.12733620029462708,0.27718144044198095
2026-05-07,2026-05-07,2026-05-07T19:40:00Z,825090,P,Scheduled,Bryan Reynolds,bryan_reynolds,hitter,PIT,134,AZ,109,0,RBI,0.9152111935683365,1.0,0.5,synthetic,0,0.0,,,0.41521119356833647,50,2026-05-06,et,et,1.0,0.6548614970588311,0.8979646066499163
2026-05-07,2026-05-07,2026-05-07T19:40:00Z,825090,P,Scheduled,Henry Davis,henry_davis,hitter,PIT,134,AZ,109,0,H,0.19896895485466926,0.4,0.5,synthetic,0,0.0,,,-0.30103104514533074,40,2026-05-06,et,et,1.0,0.5404751142889559,0.6472904754456982
2026-05-07,2026-05-07,2026-05-07T19:40:00Z,825090,P,Scheduled,Henry Davis,henry_davis,hitter,PIT,134,AZ,109,0,TB,1.0876083333333333,1.6,1.5,real,7,0.5345224838248488,,,-0.4123916666666667,40,2026-05-06,et,et,1.0,0.9792202954132305,1.6185990551763805
2026-05-07,2026-05-07,2026-05-07T19:40:00Z,825090,P,Scheduled,Henry Davis,henry_davis,hitter,PIT,134,AZ,109,0,R,0.5096695269016698,0.6,0.5,real,6,0.0,,,0.009669526901669778,40,2026-05-06,et,et,1.0,0.45668570000663167,0.7383298256334759
2026-05-07,2026-05-07,2026-05-07T19:40:00Z,825090,P,Scheduled,Henry Davis,henry_davis,hitter,PIT,134,AZ,109,0,HR,0.3056,0.4,0.5,synthetic,0,0.0,,,-0.19440000000000002,40,2026-05-06,et,et,1.0,0.1804854710380326,0.38652562725226136
2026-05-07,2026-05-07,2026-05-07T19:40:00Z,825090,P,Scheduled,Henry Davis,henry_davis,hitter,PIT,134,AZ,109,0,RBI,0.6974611935683365,0.8,0.5,synthetic,0,0.0,,,0.19746119356833647,40,2026-05-06,et,et,1.0,0.42783406146500846,0.656115136130389
2026-05-07,2026-05-07,2026-05-07T19:40:00Z,825090,P,Scheduled,Jake Mangum,jake_mangum,hitter,PIT,134,AZ,109,0,H,0.004781454854669229,0.2,0.5,synthetic,0,0.0,,,-0.49521854514533076,44,2026-05-05,et,et,1.0,0.7563115796884997,0.8951460258912414
2026-05-07,2026-05-07,2026-05-07T19:40:00Z,825090,P,Scheduled,Jake Mangum,jake_mangum,hitter,PIT,134,AZ,109,0,TB,0.12302500000000001,0.2,1.5,real,8,0.0,,,-1.376975,44,2026-05-05,et,et,1.0,0.8599300209734854,1.0441410003917633
2026-05-07,2026-05-07,2026-05-07T19:40:00Z,825090,P,Scheduled,Jake Mangum,jake_mangum,hitter,PIT,134,AZ,109,0,R,0.2849195269016697,0.4,0.5,real,7,0.0,,,-0.21508047309833028,44,2026-05-05,et,et,1.0,0.49633877534447673,0.6317947697777471
2026-05-07,2026-05-07,2026-05-07T19:40:00Z,825090,P,Scheduled,Jake Mangum,jake_mangum,hitter,PIT,134,AZ,109,0,HR,0.025600000000000022,0.0,0.5,synthetic,0,0.0,,,-0.4744,44,2026-05-05,et,et,1.0,0.0,0.0
2026-05-07,2026-05-07,2026-05-07T19:40:00Z,825090,P,Scheduled,Jake Mangum,jake_mangum,hitter,PIT,134,AZ,109,0,RBI,0.08129452690166977,0.0,0.5,synthetic,0,0.0,,,-0.4187054730983302,44,2026-05-05,et,et,1.0,0.3590176286344844,0.4931151388303133
2026-05-07,2026-05-07,2026-05-07T19:40:00Z,825090,P,Scheduled,James McCann,james_mccann,hitter,PIT,109,AZ,112,0,H,0.006114788188002582,0.4,0.5,synthetic,0,0.0,,,-0.4938852118119974,24,2026-05-02,et,et,1.0,0.7577110061053896,0.8558391411607692
2026-05-07,2026-05-07,2026-05-07T19:40:00Z,825090,P,Scheduled,James McCann,james_mccann,hitter,PIT,109,AZ,112,0,TB,0.23369166666666671,0.4,1.5,real,8,0.5175491695067657,,,-1.2663083333333334,24,2026-05-02,et,et,1.0,1.1846641377220442,1.542079373095729
2026-05-07,2026-05-07,2026-05-07T19:40:00Z,825090,P,Scheduled,James McCann,james_mccann,hitter,PIT,109,AZ,112,0,R,0.1469195269016697,0.2,0.5,real,7,0.0,,,-0.3530804730983303,24,2026-05-02,et,et,1.0,0.4246260981889516,0.5722251152947923
2026-05-07,2026-05-07,2026-05-07T19:40:00Z,825090,P,Scheduled,James McCann,james_mccann,hitter,PIT,109,AZ,112,0,HR,0.016711111111111166,0.0,0.5,synthetic,0,0.0,,,-0.4832888888888888,24,2026-05-02,et,et,1.0,0.09517881296195167,0.21515482832050278
2026-05-07,2026-05-07,2026-05-07T19:40:00Z,825090,P,Scheduled,James McCann,james_mccann,hitter,PIT,109,AZ,112,0,RBI,0.21729452690166978,0.2,0.5,synthetic,0,0.0,,,-0.2827054730983302,24,2026-05-02,et,et,1.0,0.5941139398723276,0.8123335814384502
2026-05-07,2026-05-07,2026-05-07T19:40:00Z,825090,P,Scheduled,Jared Triolo,jared_triolo,hitter,PIT,134,AZ,109,0,H,0.44763562152133585,0.8,0.5,synthetic,0,0.0,,,-0.05236437847866415,22,2026-05-06,et,et,1.0,0.6711186079923765,0.8128243832762269
2026-05-07,2026-05-07,2026-05-07T19:40:00Z,825090,P,Scheduled,Jared Triolo,jared_triolo,hitter,PIT,134,AZ,109,0,TB,0.79665,1.0,1.0,real,8,0.5345224838248488,-121.66666666666667,-117.5,-0.20335000000000003,22,2026-05-06,et,et,1.0,0.9378631860056008,1.1594531206234802
2026-05-07,2026-05-07,2026-05-07T19:40:00Z,825090,P,Scheduled,Jared Triolo,jared_triolo,hitter,PIT,134,AZ,109,0,R,0.058794526901669746,0.2,0.5,real,7,0.0,210.0,-285.0,-0.44120547309833025,22,2026-05-06,et,et,1.0,0.555603683655682,0.6336028769648734
2026-05-07,2026-05-07,2026-05-07T19:40:00Z,825090,P,Scheduled,Jared Triolo,jared_triolo,hitter,PIT,134,AZ,109,0,HR,0.025600000000000022,0.0,0.5,real,4,0.0,1350.0,,-0.4744,22,2026-05-06,et,et,1.0,0.0,0.0
2026-05-07,2026-05-07,2026-05-07T19:40:00Z,825090,P,Scheduled,Jared Triolo,jared_triolo,hitter,PIT,134,AZ,109,0,RBI,0.10704452690166977,0.2,0.5,synthetic,0,0.0,,,-0.39295547309833023,22,2026-05-06,et,et,1.0,0.4850261061139193,0.6259420695450281
2026-05-07,2026-05-07,2026-05-07T19:40:00Z,825090,P,Scheduled,Joey Bart,joey_bart,hitter,PIT,134,AZ,109,0,H,0.5527814548546691,0.8,0.5,synthetic,0,0.0,,,0.05278145485466912,30,2026-05-05,et,et,1.0,0.4727644199673139,0.5799133174881619
2026-05-07,2026-05-07,2026-05-07T19:40:00Z,825090,P,Scheduled,Joey Bart,joey_bart,hitter,PIT,134,AZ,109,0,TB,0.635025,0.8,0.5,real,8,0.5175491695067657,-153.33333333333334,112.5,0.13502499999999995,30,2026-05-05,et,et,1.0,0.6422440014645107,0.9464581005725613
2026-05-07,2026-05-07,2026-05-07T19:40:00Z,825090,P,Scheduled,Joey Bart,joey_bart,hitter,PIT,134,AZ,109,0,R,0.1469195269016697,0.2,0.5,real,7,0.0,160.0,-212.0,-0.3530804730983303,30,2026-05-05,et,et,1.0,0.25484427881329275,0.412872358113562
2026-05-07,2026-05-07,2026-05-07T19:40:00Z,825090,P,Scheduled,Joey Bart,joey_bart,hitter,PIT,134,AZ,109,0,HR,0.025600000000000022,0.0,0.5,real,4,0.0,962.5,,-0.4744,30,2026-05-05,et,et,1.0,0.04546380468144587,0.1839271379810914
2026-05-07,2026-05-07,2026-05-07T19:40:00Z,825090,P,Scheduled,Joey Bart,joey_bart,hitter,PIT,134,AZ,109,0,RBI,0.08129452690166977,0.0,0.5,synthetic,0,0.0,,,-0.4187054730983302,30,2026-05-05,et,et,1.0,0.2620304687959193,0.3888997898973995
2026-05-07,2026-05-07,2026-05-07T19:40:00Z,825090,P,Scheduled,Jorge Barrosa,jorge_barrosa,hitter,PIT,109,AZ,112,0,H,0.02482481071052499,0.4,0.5,synthetic,0,0.0,,,-0.475175189289475,38,2026-05-03,et,et,1.0,0.632381500558317,0.7402696451040404
2026-05-07,2026-05-07,2026-05-07T19:40:00Z,825090,P,Scheduled,Jorge Barrosa,jorge_barrosa,hitter,PIT,109,AZ,112,0,TB,0.5713572072072073,0.8,1.5,real,8,0.46291004988627577,-125.0,-115.0,-0.9286427927927927,38,2026-05-03,et,et,1.0,1.328922320270232,1.5930002582736142
2026-05-07,2026-05-07,2026-05-07T19:40:00Z,825090,P,Scheduled,Jorge Barrosa,jorge_barrosa,hitter,PIT,109,AZ,112,0,R,0.3754566890638318,0.4,0.5,real,7,0.0,,,-0.12454331093616822,38,2026-05-03,et,et,1.0,0.5912325943496619,0.7059063635882054
2026-05-07,2026-05-07,2026-05-07T19:40:00Z,825090,P,Scheduled,Jorge Barrosa,jorge_barrosa,hitter,PIT,109,AZ,112,0,HR,0.016711111111111166,0.0,0.5,real,2,0.0,1300.0,,-0.4832888888888888,38,2026-05-03,et,et,1.0,0.15957798141774443,0.2828653291873442
2026-05-07,2026-05-07,2026-05-07T19:40:00Z,825090,P,Scheduled,Jorge Barrosa,jorge_barrosa,hitter,PIT,109,AZ,112,0,RBI,0.27139587825302103,0.2,0.5,synthetic,0,0.0,,,-0.22860412174697897,38,2026-05-03,et,et,1.0,0.4031916407426639,0.6167403379977068
2026-05-07,2026-05-07,2026-05-07T19:40:00Z,825090,P,Scheduled,Jose Fernandez,jose_fernandez,hitter,PIT,109,AZ,134,0,H,0.08463562152133584,0.4,0.5,synthetic,0,0.0,,,-0.41536437847866414,32,2026-05-06,et,et,1.0,0.7690784976315381,0.9544249908400693
2026-05-07,2026-05-07,2026-05-07T19:40:00Z,825090,P,Scheduled,Jose Fernandez,jose_fernandez,hitter,PIT,109,AZ,134,0,TB,0.18105,0.4,1.5,real,8,0.3535533905932738,-140.0,100.0,-1.31895,32,2026-05-06,et,et,1.0,1.7196065895626707,2.2280982041690196
2026-05-07,2026-05-07,2026-05-07T19:40:00Z,825090,P,Scheduled,Jose Fernandez,jose_fernandez,hitter,PIT,109,AZ,134,0,R,0.0607945269016697,0.2,0.5,real,7,0.0,,,-0.4392054730983303,32,2026-05-06,et,et,1.0,0.6902941184411935,0.8201523110751194
2026-05-07,2026-05-07,2026-05-07T19:40:00Z,825090,P,Scheduled,Jose Fernandez,jose_fernandez,hitter,PIT,109,AZ,134,0,HR,0.025600000000000022,0.0,0.5,real,2,0.0,1000.0,,-0.4744,32,2026-05-06,et,et,1.0,0.3203027897081012,0.46300530362403663
2026-05-07,2026-05-07,2026-05-07T19:40:00Z,825090,P,Scheduled,Jose Fernandez,jose_fernandez,hitter,PIT,109,AZ,134,0,RBI,0.010244526901669722,0.0,0.5,synthetic,0,0.0,,,-0.4897554730983303,32,2026-05-06,et,et,1.0,0.7339490346312509,0.9585332470736188
2026-05-07,2026-05-07,2026-05-07T19:40:00Z,825090,P,Scheduled,Konnor Griffin,konnor_griffin,hitter,PIT,134,AZ,109,0,H,1.1549689548546695,1.6,1.5,synthetic,0,0.0,,,-0.34503104514533045,43,2026-05-06,et,et,1.0,0.6858867198338285,0.9189071243653797
2026-05-07,2026-05-07,2026-05-07T19:40:00Z,825090,P,Scheduled,Konnor Griffin,konnor_griffin,hitter,PIT,134,AZ,109,0,TB,2.0101083333333336,2.6,1.0,real,8,0.5345224838248488,-143.33333333333334,2.5,1.0101083333333336,43,2026-05-06,et,et,1.0,1.2830059913411307,1.7964028939529741
2026-05-07,2026-05-07,2026-05-07T19:40:00Z,825090,P,Scheduled,Konnor Griffin,konnor_griffin,hitter,PIT,134,AZ,109,0,R,0.5471695269016698,0.6,0.5,real,7,0.0,174.0,-237.0,0.047169526901669756,43,2026-05-06,et,et,1.0,0.489509897023316,0.597399686583883
2026-05-07,2026-05-07,2026-05-07T19:40:00Z,825090,P,Scheduled,Konnor Griffin,konnor_griffin,hitter,PIT,134,AZ,109,0,HR,0.025600000000000022,0.0,0.5,real,4,0.0,1000.0,,-0.4744,43,2026-05-06,et,et,1.0,0.2082305198622199,0.3212477008947687
2026-05-07,2026-05-07,2026-05-07T19:40:00Z,825090,P,Scheduled,Konnor Griffin,konnor_griffin,hitter,PIT,134,AZ,109,0,RBI,0.5764611935683365,0.6,0.5,synthetic,0,0.0,,,0.07646119356833647,43,2026-05-06,et,et,1.0,0.7046042414367687,0.8320500057992886
2026-05-07,2026-05-07,2026-05-07T19:40:00Z,825090,P,Scheduled,Marcell Ozuna,marcell_ozuna,hitter,PIT,134,AZ,109,0,H,0.7429689548546693,1.2,1.5,synthetic,0,0.0,,,-0.7570310451453307,42,2026-05-06,et,et,1.0,0.6510205705806031,0.8435332795575186
2026-05-07,2026-05-07,2026-05-07T19:40:00Z,825090,P,Scheduled,Marcell Ozuna,marcell_ozuna,hitter,PIT,134,AZ,109,0,TB,1.3581083333333333,2.0,1.5,real,8,0.3535533905932738,,,-0.14189166666666675,42,2026-05-06,et,et,1.0,1.1350989230921185,1.4993446059560147
2026-05-07,2026-05-07,2026-05-07T19:40:00Z,825090,P,Scheduled,Marcell Ozuna,marcell_ozuna,hitter,PIT,134,AZ,109,0,R,0.6951695269016698,0.8,0.5,real,7,0.0,,,0.19516952690166978,42,2026-05-06,et,et,1.0,0.4999396734635908,0.6910663809593987
2026-05-07,2026-05-07,2026-05-07T19:40:00Z,825090,P,Scheduled,Marcell Ozuna,marcell_ozuna,hitter,PIT,134,AZ,109,0,HR,0.1656,0.2,0.5,synthetic,0,0.0,,,-0.33440000000000003,42,2026-05-06,et,et,1.0,0.16421652454500135,0.3060579719805767
2026-05-07,2026-05-07,2026-05-07T19:40:00Z,825090,P,Scheduled,Marcell Ozuna,marcell_ozuna,hitter,PIT,134,AZ,109,0,RBI,0.8484611935683365,1.0,0.5,synthetic,0,0.0,,,0.3484611935683365,42,2026-05-06,et,et,1.0,0.5587027756726337,0.9087667163709212
2026-05-07,2026-05-07,2026-05-07T19:40:00Z,825090,P,Scheduled,Nick Gonzales,nick_gonzales,hitter,PIT,134,AZ,109,0,H,0.6069689548546692,1.0,0.5,synthetic,0,0.0,,,0.10696895485466917,43,2026-05-06,et,et,1.0,0.7957010610261236,0.9567387091566869
2026-05-07,2026-05-07,2026-05-07T19:40:00Z,825090,P,Scheduled,Nick Gonzales,nick_gonzales,hitter,PIT,134,AZ,109,0,TB,0.7189833333333333,1.0,1.5,real,8,0.0,,,-0.7810166666666667,43,2026-05-06,et,et,1.0,0.9310133630847612,1.1328129307310097
2026-05-07,2026-05-07,2026-05-07T19:40:00Z,825090,P,Scheduled,Nick Gonzales,nick_gonzales,hitter,PIT,134,AZ,109,0,R,0.42579452690166975,0.4,0.5,real,7,0.0,,,-0.07420547309833025,43,2026-05-06,et,et,1.0,0.4652384959660063,0.5562154418927535
2026-05-07,2026-05-07,2026-05-07T19:40:00Z,825090,P,Scheduled,Nick Gonzales,nick_gonzales,hitter,PIT,134,AZ,109,0,HR,0.025600000000000022,0.0,0.5,synthetic,0,0.0,,,-0.4744,43,2026-05-06,et,et,1.0,0.0,0.0
2026-05-07,2026-05-07,2026-05-07T19:40:00Z,825090,P,Scheduled,Nick Gonzales,nick_gonzales,hitter,PIT,134,AZ,109,0,RBI,0.42771119356833653,0.4,0.5,synthetic,0,0.0,,,-0.07228880643166347,43,2026-05-06,et,et,1.0,0.6604024530537944,0.7824482638336994
2026-05-07,2026-05-07,2026-05-07T19:40:00Z,825090,P,Scheduled,Oneil Cruz,oneil_cruz,hitter,PIT,134,AZ,109,0,H,0.7429689548546693,1.2,1.5,synthetic,0,0.0,,,-0.7570310451453307,41,2026-05-06,et,et,1.0,0.6959783733096568,0.9640407692221834
2026-05-07,2026-05-07,2026-05-07T19:40:00Z,825090,P,Scheduled,Oneil Cruz,oneil_cruz,hitter,PIT,134,AZ,109,0,TB,0.8859833333333332,1.4,1.5,real,8,0.4629100498862757,-51.666666666666664,117.5,-0.6140166666666668,41,2026-05-06,et,et,1.0,1.5150722456704346,2.1599117572103843
2026-05-07,2026-05-07,2026-05-07T19:40:00Z,825090,P,Scheduled,Oneil Cruz,oneil_cruz,hitter,PIT,134,AZ,109,0,R,0.6227945269016697,0.8,0.5,real,7,0.0,131.5,-173.5,0.1227945269016697,41,2026-05-06,et,et,1.0,0.7437207397532835,0.9355012334770112
2026-05-07,2026-05-07,2026-05-07T19:40:00Z,825090,P,Scheduled,Oneil Cruz,oneil_cruz,hitter,PIT,134,AZ,109,0,HR,0.025600000000000022,0.0,0.5,real,4,0.0,493.75,,-0.4744,41,2026-05-06,et,et,1.0,0.37207693344266857,0.5027500857052648
2026-05-07,2026-05-07,2026-05-07T19:40:00Z,825090,P,Scheduled,Oneil Cruz,oneil_cruz,hitter,PIT,134,AZ,109,0,RBI,0.3737111935683365,0.4,0.5,synthetic,0,0.0,,,-0.12628880643166351,41,2026-05-06,et,et,1.0,0.8237562548545196,1.0725307282040464
2026-05-07,2026-05-07,2026-05-07T19:40:00Z,825090,P,Scheduled,Ryan OHearn,ryan_ohearn,hitter,PIT,134,AZ,109,0,H,0.47096895485466916,0.8,0.5,synthetic,0,0.0,,,-0.029031045145330836,48,2026-05-06,et,et,1.0,0.7598768481979149,0.9218284370890546
2026-05-07,2026-05-07,2026-05-07T19:40:00Z,825090,P,Scheduled,Ryan OHearn,ryan_ohearn,hitter,PIT,134,AZ,109,0,TB,0.7156083333333333,1.0,1.5,real,8,0.5175491695067657,-158.33333333333334,117.5,-0.7843916666666667,48,2026-05-06,et,et,1.0,1.3930351982275402,1.719752766710242
2026-05-07,2026-05-07,2026-05-07T19:40:00Z,825090,P,Scheduled,Ryan OHearn,ryan_ohearn,hitter,PIT,134,AZ,109,0,R,0.6876695269016698,0.8,0.5,real,7,0.0,168.5,-227.5,0.18766952690166983,48,2026-05-06,et,et,1.0,0.5652457731519203,0.7541402377815021
2026-05-07,2026-05-07,2026-05-07T19:40:00Z,825090,P,Scheduled,Ryan OHearn,ryan_ohearn,hitter,PIT,134,AZ,109,0,HR,0.025600000000000022,0.0,0.5,real,4,0.0,1000.0,,-0.4744,48,2026-05-06,et,et,1.0,0.23717038770000856,0.34897387141088726
2026-05-07,2026-05-07,2026-05-07T19:40:00Z,825090,P,Scheduled,Ryan OHearn,ryan_ohearn,hitter,PIT,134,AZ,109,0,RBI,0.6974611935683365,0.8,0.5,synthetic,0,0.0,,,0.19746119356833647,48,2026-05-06,et,et,1.0,0.8089031463318137,1.0873607730893569
2026-05-07,2026-05-07,2026-05-07T19:40:00Z,825090,P,Scheduled,Spencer Horwitz,spencer_horwitz,hitter,PIT,134,AZ,109,0,H,0.33496895485466915,0.6,0.5,synthetic,0,0.0,,,-0.16503104514533085,43,2026-05-06,et,et,1.0,0.627426543718485,0.773875032166899
2026-05-07,2026-05-07,2026-05-07T19:40:00Z,825090,P,Scheduled,Spencer Horwitz,spencer_horwitz,hitter,PIT,134,AZ,109,0,TB,1.6682333333333332,1.4,1.5,real,8,0.5175491695067657,-131.66666666666666,-2.5,0.16823333333333323,43,2026-05-06,et,et,1.0,1.0164848361705612,1.446353547355505
2026-05-07,2026-05-07,2026-05-07T19:40:00Z,825090,P,Scheduled,Spencer Horwitz,spencer_horwitz,hitter,PIT,134,AZ,109,0,R,0.40154452690166975,0.2,0.5,real,7,0.0,195.0,-265.0,-0.09845547309833025,43,2026-05-06,et,et,1.0,0.38917055255920896,0.5210049392056398
2026-05-07,2026-05-07,2026-05-07T19:40:00Z,825090,P,Scheduled,Spencer Horwitz,spencer_horwitz,hitter,PIT,134,AZ,109,0,HR,0.36560000000000004,0.2,0.5,real,4,0.0,1200.0,,-0.13439999999999996,43,2026-05-06,et,et,1.0,0.14661704262457198,0.2987485645067938
2026-05-07,2026-05-07,2026-05-07T19:40:00Z,825090,P,Scheduled,Spencer Horwitz,spencer_horwitz,hitter,PIT,134,AZ,109,0,RBI,0.9032111935683365,1.0,0.5,synthetic,0,0.0,,,0.40321119356833646,43,2026-05-06,et,et,1.0,0.38322661574140027,0.6486376453931322
2026-05-07,2026-05-07,2026-05-07T19:40:00Z,825090,P,Scheduled,Gregory Soto,gregory_soto,pitcher,PIT,134,AZ,109,0,K,1.1374814814814813,1.4,2.5,synthetic,0,0.0,,,-1.3625185185185187,21,2026-05-06,et,et,1.0,0.9087124247727959,1.0762369023116223
2026-05-07,2026-05-07,2026-05-07T19:40:00Z,825090,P,Scheduled,Gregory Soto,gregory_soto,pitcher,PIT,134,AZ,109,0,ER,0.44060000000000016,0.4,0.5,synthetic,0,0.0,,,-0.05939999999999984,21,2026-05-06,et,et,1.0,0.5137121230940338,0.713363018869617
2026-05-07,2026-05-07,2026-05-07T19:40:00Z,825090,P,Scheduled,Gregory Soto,gregory_soto,pitcher,PIT,134,AZ,109,0,ERA,3.9654000000000016,3.6,3.6,synthetic,0,0.0,,,0.3654000000000015,21,2026-05-06,et,et,1.0,4.623409107846304,6.420267169826554
2026-05-07,2026-05-07,2026-05-07T19:40:00Z,825090,P,Scheduled,Evan Sisk,evan_sisk,pitcher,PIT,134,AZ,109,0,K,1.2814814814814812,1.6,2.5,synthetic,0,0.0,,,-1.2185185185185188,14,2026-05-05,et,et,1.0,0.6261754118896975,0.8804580985961368
2026-05-07,2026-05-07,2026-05-07T19:40:00Z,825090,P,Scheduled,Evan Sisk,evan_sisk,pitcher,PIT,134,AZ,109,0,ER,0.29660000000000014,0.2,0.5,synthetic,0,0.0,,,-0.20339999999999986,14,2026-05-05,et,et,1.0,0.47287038358466943,0.532179125574864
2026-05-07,2026-05-07,2026-05-07T19:40:00Z,825090,P,Scheduled,Evan Sisk,evan_sisk,pitcher,PIT,134,AZ,109,0,ERA,1.601640000000001,1.35,1.5,synthetic,0,0.0,,,0.10164000000000106,14,2026-05-05,et,et,1.0,5.747631118881119,7.9472375581786165
2026-05-07,2026-05-07,2026-05-07T19:40:00Z,825090,P,Scheduled,Dennis Santana,dennis_santana,pitcher,PIT,134,AZ,109,0,K,0.42548148148148124,0.8,2.5,synthetic,0,0.0,,,-2.0745185185185187,19,2026-05-05,et,et,1.0,0.6764361240754431,0.8019252426466017
2026-05-07,2026-05-07,2026-05-07T19:40:00Z,825090,P,Scheduled,Dennis Santana,dennis_santana,pitcher,PIT,134,AZ,109,0,ER,0.7286000000000001,0.8,0.5,synthetic,0,0.0,,,0.22860000000000014,19,2026-05-05,et,et,1.0,0.5211630302961572,1.0295739586968293
2026-05-07,2026-05-07,2026-05-07T19:40:00Z,825090,P,Scheduled,Dennis Santana,dennis_santana,pitcher,PIT,134,AZ,109,0,ERA,6.557400000000001,10.8,10.8,synthetic,0,0.0,,,-4.2425999999999995,19,2026-05-05,et,et,1.0,5.640931668950245,12.95685641379372
2026-05-07,2026-05-07,2026-05-07T19:40:00Z,825090,P,Scheduled,Zac Gallen,zac_gallen,pitcher,PIT,109,AZ,112,0,K,2.4405925925925924,3.0,4.5,real,9,0.4409585518440983,-146.4,113.25,-2.0594074074074076,11,2026-05-01,et,et,1.0,1.2243506493506493,1.6295078840359225
2026-05-07,2026-05-07,2026-05-07T19:40:00Z,825090,P,Scheduled,Zac Gallen,zac_gallen,pitcher,PIT,109,AZ,112,0,ER,0.9966000000000002,1.2,2.5,real,5,0.0,,100.0,-1.5033999999999998,11,2026-05-01,et,et,1.0,1.8957070707070705,2.4765449949947294
2026-05-07,2026-05-07,2026-05-07T19:40:00Z,825090,P,Scheduled,Zac Gallen,zac_gallen,pitcher,PIT,109,AZ,112,0,ERA,2.4462000000000006,2.0752941176470587,2.1,synthetic,0,0.0,,,0.3462000000000005,11,2026-05-01,et,et,1.0,4.635919464893395,6.071106401023775
2026-05-07,2026-05-07,2026-05-07T22:40:00Z,823467,P,Scheduled,Alec Bohm,alec_bohm,hitter,PHI,143,ATH,133,1,H,0.9693308571094286,0.8,0.5,synthetic,0,0.0,,,0.46933085710942857,46,2026-05-06,et,et,1.0,0.6727580961382508,0.7726646547909064
2026-05-07,2026-05-07,2026-05-07T22:40:00Z,823467,P,Scheduled,Alec Bohm,alec_bohm,hitter,PHI,143,ATH,133,1,TB,0.591677027027027,0.8,1.5,real,8,0.5175491695067657,163.0,,-0.908322972972973,46,2026-05-06,et,et,1.0,1.2852069958732344,1.6664733551799429
2026-05-07,2026-05-07,2026-05-07T22:40:00Z,823467,P,Scheduled,Alec Bohm,alec_bohm,hitter,PHI,143,ATH,133,1,R,0.26730152183723604,0.2,0.5,real,7,0.0,150.0,,-0.23269847816276396,46,2026-05-06,et,et,1.0,0.44090097246267257,0.5102312922823997
2026-05-07,2026-05-07,2026-05-07T22:40:00Z,823467,P,Scheduled,Alec Bohm,alec_bohm,hitter,PHI,143,ATH,133,1,HR,0.025600000000000022,0.0,0.5,real,1,0.0,750.0,,-0.4744,46,2026-05-06,et,et,1.0,0.26190856315666794,0.3902825642536576
2026-05-07,2026-05-07,2026-05-07T22:40:00Z,823467,P,Scheduled,Alec Bohm,alec_bohm,hitter,PHI,143,ATH,133,1,RBI,0.4770109812966956,0.4,0.5,synthetic,0,0.0,,,-0.022989018703304387,46,2026-05-06,et,et,1.0,0.707336474024235,0.9546810883276542
2026-05-07,2026-05-07,2026-05-07T22:40:00Z,823467,P,Scheduled,Brandon Marsh,brandon_marsh,hitter,PHI,143,ATH,133,1,H,1.8727903165688877,1.6,1.5,synthetic,0,0.0,,,0.3727903165688877,44,2026-05-06,et,et,1.0,0.6981755550312081,0.9302355545595679
2026-05-07,2026-05-07,2026-05-07T22:40:00Z,823467,P,Scheduled,Brandon Marsh,brandon_marsh,hitter,PHI,143,ATH,133,1,TB,2.6572040540540547,2.0,1.5,real,8,0.0,131.875,-173.83333333333334,1.1572040540540547,44,2026-05-06,et,et,1.0,1.1508521993574357,1.7924407213004085
2026-05-07,2026-05-07,2026-05-07T22:40:00Z,823467,P,Scheduled,Brandon Marsh,brandon_marsh,hitter,PHI,143,ATH,133,1,R,1.3369096299453445,0.8,0.5,real,7,0.0,121.71428571428571,-162.4,0.8369096299453445,44,2026-05-06,et,et,1.0,0.4880997305552667,0.6358503373943281
2026-05-07,2026-05-07,2026-05-07T22:40:00Z,823467,P,Scheduled,Brandon Marsh,brandon_marsh,hitter,PHI,143,ATH,133,1,HR,0.22560000000000002,0.0,0.5,real,8,0.0,663.75,,-0.2744,44,2026-05-06,et,et,1.0,0.13492566426743507,0.3646583515349156
2026-05-07,2026-05-07,2026-05-07T22:40:00Z,823467,P,Scheduled,Brandon Marsh,brandon_marsh,hitter,PHI,143,ATH,133,1,RBI,0.6595785488642631,0.2,0.5,synthetic,0,0.0,,,0.15957854886426315,44,2026-05-06,et,et,1.0,0.5854083675493051,0.9128605316491346
2026-05-07,2026-05-07,2026-05-07T22:40:00Z,823467,P,Scheduled,Brent Rooker,brent_rooker,hitter,PHI,133,ATH,143,1,H,1.040608239755232,1.0,0.5,synthetic,0,0.0,,,0.5406082397552321,34,2026-05-06,et,et,1.0,0.7187040131741484,0.8472679323339753
2026-05-07,2026-05-07,2026-05-07T22:40:00Z,823467,P,Scheduled,Brent Rooker,brent_rooker,hitter,PHI,133,ATH,143,1,TB,1.6240973684210527,1.6,1.5,real,8,0.0,128.75,-171.5,0.12409736842105268,34,2026-05-06,et,et,1.0,1.781284138601444,2.2414205923919717
2026-05-07,2026-05-07,2026-05-07T22:40:00Z,823467,P,Scheduled,Brent Rooker,brent_rooker,hitter,PHI,133,ATH,143,1,R,0.7693249926764965,0.4,0.5,real,7,0.0,114.57142857142857,-152.2,0.26932499267649646,34,2026-05-06,et,et,1.0,0.5617867402158654,0.6810957691476618
2026-05-07,2026-05-07,2026-05-07T22:40:00Z,823467,P,Scheduled,Brent Rooker,brent_rooker,hitter,PHI,133,ATH,143,1,HR,0.31976666666666664,0.2,0.5,real,9,0.0,403.8888888888889,,-0.18023333333333336,34,2026-05-06,et,et,1.0,0.37051962167235075,0.49780101128625504
2026-05-07,2026-05-07,2026-05-07T22:40:00Z,823467,P,Scheduled,Brent Rooker,brent_rooker,hitter,PHI,133,ATH,143,1,RBI,0.9562328874133386,0.8,0.5,synthetic,0,0.0,,,0.45623288741333856,34,2026-05-06,et,et,1.0,0.8186135261295555,1.2820141400591247
2026-05-07,2026-05-07,2026-05-07T22:40:00Z,823467,P,Scheduled,Bryce Harper,bryce_harper,hitter,PHI,143,ATH,133,1,H,1.8727903165688877,1.6,1.5,synthetic,0,0.0,,,0.3727903165688877,40,2026-05-06,et,et,1.0,0.7310034603729192,0.9780769174104336
2026-05-07,2026-05-07,2026-05-07T22:40:00Z,823467,P,Scheduled,Bryce Harper,bryce_harper,hitter,PHI,143,ATH,133,1,TB,3.7547040540540544,4.0,1.5,real,8,0.0,108.5,-145.0,2.2547040540540544,40,2026-05-06,et,et,1.0,1.756996302844534,2.270430177217078
2026-05-07,2026-05-07,2026-05-07T22:40:00Z,823467,P,Scheduled,Bryce Harper,bryce_harper,hitter,PHI,143,ATH,133,1,R,1.4454096299453445,1.2,0.5,real,7,0.0,-113.28571428571429,-119.0,0.9454096299453445,40,2026-05-06,et,et,1.0,0.6275191980992022,0.7644777694544213
2026-05-07,2026-05-07,2026-05-07T22:40:00Z,823467,P,Scheduled,Bryce Harper,bryce_harper,hitter,PHI,143,ATH,133,1,HR,0.6456000000000001,0.6,0.5,real,9,0.0,396.44444444444446,,0.14560000000000006,40,2026-05-06,et,et,1.0,0.3053490844944021,0.48561504999524907
2026-05-07,2026-05-07,2026-05-07T22:40:00Z,823467,P,Scheduled,Bryce Harper,bryce_harper,hitter,PHI,143,ATH,133,1,RBI,1.2925785488642632,0.8,0.5,synthetic,0,0.0,,,0.7925785488642632,40,2026-05-06,et,et,1.0,0.7760209235081847,1.0190384983496859
2026-05-07,2026-05-07,2026-05-07T22:40:00Z,823467,P,Scheduled,Bryson Stott,bryson_stott,hitter,PHI,143,ATH,133,1,H,1.1093308571094285,0.8,0.5,synthetic,0,0.0,,,0.6093308571094285,42,2026-05-06,et,et,1.0,0.6005392830371913,0.7570195276056118
2026-05-07,2026-05-07,2026-05-07T22:40:00Z,823467,P,Scheduled,Bryson Stott,bryson_stott,hitter,PHI,143,ATH,133,1,TB,2.731927027027027,2.8,1.0,real,8,0.5345224838248488,-16.625,68.4,1.731927027027027,42,2026-05-06,et,et,1.0,1.269459599836053,1.6412335647617056
2026-05-07,2026-05-07,2026-05-07T22:40:00Z,823467,P,Scheduled,Bryson Stott,bryson_stott,hitter,PHI,143,ATH,133,1,R,1.0360515218372361,0.8,0.5,real,7,0.0,137.57142857142858,-183.8,0.5360515218372361,42,2026-05-06,et,et,1.0,0.5280290720166445,0.6132811664123732
2026-05-07,2026-05-07,2026-05-07T22:40:00Z,823467,P,Scheduled,Bryson Stott,bryson_stott,hitter,PHI,143,ATH,133,1,HR,0.5456000000000001,0.6,0.5,real,8,0.0,886.875,,0.045600000000000085,42,2026-05-06,et,et,1.0,0.22373331367517496,0.3524431868681699
2026-05-07,2026-05-07,2026-05-07T22:40:00Z,823467,P,Scheduled,Bryson Stott,bryson_stott,hitter,PHI,143,ATH,133,1,RBI,1.7465109812966957,1.6,1.5,synthetic,0,0.0,,,0.24651098129669569,42,2026-05-06,et,et,1.0,0.5692408321597979,0.8159234417229991
2026-05-07,2026-05-07,2026-05-07T22:40:00Z,823467,P,Scheduled,Carlos Cortes,carlos_cortes,hitter,PHI,133,ATH,143,1,H,1.4179240292289164,1.2,1.5,synthetic,0,0.0,,,-0.08207597077108364,33,2026-05-06,et,et,1.0,0.8816671402768889,1.157524982509303
2026-05-07,2026-05-07,2026-05-07T22:40:00Z,823467,P,Scheduled,Carlos Cortes,carlos_cortes,hitter,PHI,133,ATH,143,1,TB,1.0068605263157895,1.2,1.5,real,8,0.3535533905932738,112.25,-129.4,-0.4931394736842105,33,2026-05-06,et,et,1.0,1.4116978327073444,2.0757891126548023
2026-05-07,2026-05-07,2026-05-07T22:40:00Z,823467,P,Scheduled,Carlos Cortes,carlos_cortes,hitter,PHI,133,ATH,143,1,R,0.7366670979396543,0.4,0.5,real,7,0.0,152.57142857142858,-210.6,0.23666709793965435,33,2026-05-06,et,et,1.0,0.5620018927892771,0.711117390335865
2026-05-07,2026-05-07,2026-05-07T22:40:00Z,823467,P,Scheduled,Carlos Cortes,carlos_cortes,hitter,PHI,133,ATH,143,1,HR,0.025600000000000022,0.0,0.5,real,9,0.0,617.7777777777778,,-0.4744,33,2026-05-06,et,et,1.0,0.16953536983144912,0.4185993123744381
2026-05-07,2026-05-07,2026-05-07T22:40:00Z,823467,P,Scheduled,Carlos Cortes,carlos_cortes,hitter,PHI,133,ATH,143,1,RBI,0.2342855189922859,0.0,0.5,synthetic,0,0.0,,,-0.2657144810077141,33,2026-05-06,et,et,1.0,0.6134431807721349,0.9854487732108013
2026-05-07,2026-05-07,2026-05-07T22:40:00Z,823467,P,Scheduled,Darell Hernaiz,darell_hernaiz,hitter,PHI,133,ATH,143,1,H,0.7498713976499691,0.8,0.5,synthetic,0,0.0,,,0.24987139764996913,29,2026-05-06,et,et,1.0,0.5656925713711329,0.7054332305311555
2026-05-07,2026-05-07,2026-05-07T22:40:00Z,823467,P,Scheduled,Darell Hernaiz,darell_hernaiz,hitter,PHI,133,ATH,143,1,TB,0.39265,0.8,1.5,real,7,0.4879500364742666,,,-1.10735,29,2026-05-06,et,et,1.0,0.7234972041157609,1.0117916818950323
2026-05-07,2026-05-07,2026-05-07T22:40:00Z,823467,P,Scheduled,Darell Hernaiz,darell_hernaiz,hitter,PHI,133,ATH,143,1,R,0.39719341372912803,0.4,0.5,real,7,0.0,,,-0.10280658627087197,29,2026-05-06,et,et,1.0,0.19258404843941024,0.47149771564793924
2026-05-07,2026-05-07,2026-05-07T22:40:00Z,823467,P,Scheduled,Darell Hernaiz,darell_hernaiz,hitter,PHI,133,ATH,143,1,HR,0.025600000000000022,0.0,0.5,synthetic,0,0.0,,,-0.4744,29,2026-05-06,et,et,1.0,0.04938148140586396,0.1874471681924659
2026-05-07,2026-05-07,2026-05-07T22:40:00Z,823467,P,Scheduled,Darell Hernaiz,darell_hernaiz,hitter,PHI,133,ATH,143,1,RBI,0.7094434137291281,0.6,0.5,synthetic,0,0.0,,,0.20944341372912811,29,2026-05-06,et,et,1.0,0.19508604091023413,0.470478948261318
2026-05-07,2026-05-07,2026-05-07T22:40:00Z,823467,P,Scheduled,Edmundo Sosa,edmundo_sosa,hitter,PHI,143,ATH,133,1,H,0.908790316568888,0.8,0.5,synthetic,0,0.0,,,0.408790316568888,26,2026-05-06,et,et,1.0,0.6786370132594648,0.7811700570868394
2026-05-07,2026-05-07,2026-05-07T22:40:00Z,823467,P,Scheduled,Edmundo Sosa,edmundo_sosa,hitter,PHI,143,ATH,133,1,TB,0.710954054054054,0.8,0.5,real,7,0.5345224838248488,0.7142857142857143,-11.2,0.21095405405405399,26,2026-05-06,et,et,1.0,0.9354499582652249,1.3575548849263384
2026-05-07,2026-05-07,2026-05-07T22:40:00Z,823467,P,Scheduled,Edmundo Sosa,edmundo_sosa,hitter,PHI,143,ATH,133,1,R,0.6101596299453442,0.2,0.5,real,6,0.0,182.66666666666666,-256.0,0.11015962994534423,26,2026-05-06,et,et,1.0,0.5191698533655859,0.5938179806928345
2026-05-07,2026-05-07,2026-05-07T22:40:00Z,823467,P,Scheduled,Edmundo Sosa,edmundo_sosa,hitter,PHI,143,ATH,133,1,HR,0.025600000000000022,0.0,0.5,real,7,0.0,822.8571428571429,,-0.4744,26,2026-05-06,et,et,1.0,0.060169071199660785,0.1990098146584792
2026-05-07,2026-05-07,2026-05-07T22:40:00Z,823467,P,Scheduled,Edmundo Sosa,edmundo_sosa,hitter,PHI,143,ATH,133,1,RBI,0.6740785488642631,0.4,0.5,synthetic,0,0.0,,,0.1740785488642631,26,2026-05-06,et,et,1.0,0.5150805155229864,0.8236026597235058
2026-05-07,2026-05-07,2026-05-07T22:40:00Z,823467,P,Scheduled,JT Realmuto,jt_realmuto,hitter,PHI,143,ATH,133,1,H,0.7767903165688881,0.4,0.5,synthetic,0,0.0,,,0.2767903165688881,30,2026-05-06,et,et,1.0,0.7257313787092637,0.929100697637905
2026-05-07,2026-05-07,2026-05-07T22:40:00Z,823467,P,Scheduled,JT Realmuto,jt_realmuto,hitter,PHI,143,ATH,133,1,TB,0.866954054054054,0.6,1.5,real,8,0.4629100498862757,175.0,,-0.633045945945946,30,2026-05-06,et,et,1.0,1.0532566418560916,1.50275444967216
2026-05-07,2026-05-07,2026-05-07T22:40:00Z,823467,P,Scheduled,JT Realmuto,jt_realmuto,hitter,PHI,143,ATH,133,1,R,0.8681596299453443,0.4,0.5,real,7,0.0,150.0,,0.36815962994534435,30,2026-05-06,et,et,1.0,0.43153460282920014,0.49517014768937473
2026-05-07,2026-05-07,2026-05-07T22:40:00Z,823467,P,Scheduled,JT Realmuto,jt_realmuto,hitter,PHI,143,ATH,133,1,HR,0.025600000000000022,0.0,0.5,real,1,0.0,750.0,,-0.4744,30,2026-05-06,et,et,1.0,0.15019981176202907,0.2679563003210308
2026-05-07,2026-05-07,2026-05-07T22:40:00Z,823467,P,Scheduled,JT Realmuto,jt_realmuto,hitter,PHI,143,ATH,133,1,RBI,1.130078548864263,0.6,0.5,synthetic,0,0.0,,,0.6300785488642631,30,2026-05-06,et,et,1.0,0.35793191789418527,0.699983312428519
2026-05-07,2026-05-07,2026-05-07T22:40:00Z,823467,P,Scheduled,Jacob Wilson,jacob_wilson,hitter,PHI,133,ATH,143,1,H,1.4912924502815479,1.4,1.5,synthetic,0,0.0,,,-0.008707549718452112,49,2026-05-06,et,et,1.0,0.7404761544704647,0.8840250049438622
2026-05-07,2026-05-07,2026-05-07T22:40:00Z,823467,P,Scheduled,Jacob Wilson,jacob_wilson,hitter,PHI,133,ATH,143,1,TB,1.2524342105263158,1.6,1.5,real,8,0.0,129.5,-169.5,-0.24756578947368424,49,2026-05-06,et,et,1.0,1.0289614689045932,1.3373456913421402
2026-05-07,2026-05-07,2026-05-07T22:40:00Z,823467,P,Scheduled,Jacob Wilson,jacob_wilson,hitter,PHI,133,ATH,143,1,R,0.7788828874133384,0.6,0.5,real,7,0.0,160.0,-213.6,0.27888288741333844,49,2026-05-06,et,et,1.0,0.47466550764916093,0.6496923209093168
2026-05-07,2026-05-07,2026-05-07T22:40:00Z,823467,P,Scheduled,Jacob Wilson,jacob_wilson,hitter,PHI,133,ATH,143,1,HR,0.025600000000000022,0.0,0.5,real,8,0.0,1041.25,,-0.4744,49,2026-05-06,et,et,1.0,0.05659597822167826,0.2009798535109363
2026-05-07,2026-05-07,2026-05-07T22:40:00Z,823467,P,Scheduled,Jacob Wilson,jacob_wilson,hitter,PHI,133,ATH,143,1,RBI,0.3495802558343911,0.0,0.5,synthetic,0,0.0,,,-0.15041974416560888,49,2026-05-06,et,et,1.0,0.5132147202541322,0.6845262742765515
2026-05-07,2026-05-07,2026-05-07T22:40:00Z,823467,P,Scheduled,Jeff McNeil,jeff_mcneil,hitter,PHI,133,ATH,143,1,H,1.728608239755232,1.6,1.5,synthetic,0,0.0,,,0.22860823975523203,48,2026-05-06,et,et,1.0,0.7416233009032521,0.9040563874213008
2026-05-07,2026-05-07,2026-05-07T22:40:00Z,823467,P,Scheduled,Jeff McNeil,jeff_mcneil,hitter,PHI,133,ATH,143,1,TB,1.895722368421053,2.2,1.0,real,8,0.5345224838248488,-3.0,65.6,0.8957223684210529,48,2026-05-06,et,et,1.0,1.055755625467899,1.4393259722689065
2026-05-07,2026-05-07,2026-05-07T22:40:00Z,823467,P,Scheduled,Jeff McNeil,jeff_mcneil,hitter,PHI,133,ATH,143,1,R,0.4741999926764964,0.2,0.5,real,7,0.0,148.28571428571428,-202.2,-0.025800007323503626,48,2026-05-06,et,et,1.0,0.3607657905038284,0.5340048038821114
2026-05-07,2026-05-07,2026-05-07T22:40:00Z,823467,P,Scheduled,Jeff McNeil,jeff_mcneil,hitter,PHI,133,ATH,143,1,HR,0.025600000000000022,0.0,0.5,real,8,0.0,1004.375,,-0.4744,48,2026-05-06,et,et,1.0,0.09505165828704255,0.21231593129208803
2026-05-07,2026-05-07,2026-05-07T22:40:00Z,823467,P,Scheduled,Jeff McNeil,jeff_mcneil,hitter,PHI,133,ATH,143,1,RBI,1.6279828874133384,1.2,1.5,synthetic,0,0.0,,,0.1279828874133384,48,2026-05-06,et,et,1.0,0.43081149477530006,0.6724023450036944
2026-05-07,2026-05-07,2026-05-07T22:40:00Z,823467,P,Scheduled,Jonah Heim,jonah_heim,hitter,PHI,133,ATH,143,1,H,1.184608239755232,0.8,0.5,synthetic,0,0.0,,,0.684608239755232,20,2026-05-06,et,et,1.0,0.6772887093127032,0.813504869379056
2026-05-07,2026-05-07,2026-05-07T22:40:00Z,823467,P,Scheduled,Jonah Heim,jonah_heim,hitter,PHI,133,ATH,143,1,TB,1.9675973684210526,1.8,1.5,real,2,0.0,,,0.4675973684210526,20,2026-05-06,et,et,1.0,1.030419280367036,1.5139438828019092
2026-05-07,2026-05-07,2026-05-07T22:40:00Z,823467,P,Scheduled,Jonah Heim,jonah_heim,hitter,PHI,133,ATH,143,1,R,0.8778249926764964,0.6,0.5,real,1,0.0,,,0.3778249926764964,20,2026-05-06,et,et,1.0,0.4734631317255156,0.6050466452867452
2026-05-07,2026-05-07,2026-05-07T22:40:00Z,823467,P,Scheduled,Jonah Heim,jonah_heim,hitter,PHI,133,ATH,143,1,HR,0.2656,0.2,0.5,synthetic,0,0.0,,,-0.2344,20,2026-05-06,et,et,1.0,0.05263157894736842,0.2239162882756068
2026-05-07,2026-05-07,2026-05-07T22:40:00Z,823467,P,Scheduled,Jonah Heim,jonah_heim,hitter,PHI,133,ATH,143,1,RBI,1.8812328874133386,1.2,1.5,synthetic,0,0.0,,,0.3812328874133386,20,2026-05-06,et,et,1.0,0.5435681541970242,1.153790385643036
2026-05-07,2026-05-07,2026-05-07T22:40:00Z,823467,P,Scheduled,Justin Crawford,justin_crawford,hitter,PHI,143,ATH,133,1,H,1.5173308571094282,1.4,1.5,synthetic,0,0.0,,,0.017330857109428166,43,2026-05-06,et,et,1.0,0.6934989156956647,0.8631848572685896
2026-05-07,2026-05-07,2026-05-07T22:40:00Z,823467,P,Scheduled,Justin Crawford,justin_crawford,hitter,PHI,143,ATH,133,1,TB,1.491677027027027,1.8,1.0,real,8,0.5345224838248488,4.375,56.4,0.491677027027027,43,2026-05-06,et,et,1.0,0.933161225265995,1.186563466206803
2026-05-07,2026-05-07,2026-05-07T22:40:00Z,823467,P,Scheduled,Justin Crawford,justin_crawford,hitter,PHI,143,ATH,133,1,R,0.39730152183723605,0.2,0.5,real,7,0.0,158.28571428571428,-221.4,-0.10269847816276395,43,2026-05-06,et,et,1.0,0.5729280088910074,0.6697177450516468
2026-05-07,2026-05-07,2026-05-07T22:40:00Z,823467,P,Scheduled,Justin Crawford,justin_crawford,hitter,PHI,143,ATH,133,1,HR,0.025600000000000022,0.0,0.5,real,8,0.0,1237.5,,-0.4744,43,2026-05-06,et,et,1.0,0.0,0.0
2026-05-07,2026-05-07,2026-05-07T22:40:00Z,823467,P,Scheduled,Justin Crawford,justin_crawford,hitter,PHI,143,ATH,133,1,RBI,0.6130109812966956,0.6,0.5,synthetic,0,0.0,,,0.11301098129669562,43,2026-05-06,et,et,1.0,0.33825719133841475,0.4486456810399434
2026-05-07,2026-05-07,2026-05-07T22:40:00Z,823467,P,Scheduled,Kyle Schwarber,kyle_schwarber,hitter,PHI,143,ATH,133,1,H,0.636790316568888,0.4,0.5,synthetic,0,0.0,,,0.13679031656888796,40,2026-05-06,et,et,1.0,0.7105120359390189,0.9099835392924339
2026-05-07,2026-05-07,2026-05-07T22:40:00Z,823467,P,Scheduled,Kyle Schwarber,kyle_schwarber,hitter,PHI,143,ATH,133,1,TB,0.883204054054054,0.4,1.5,real,8,0.3535533905932738,78.25,-105.0,-0.616795945945946,40,2026-05-06,et,et,1.0,2.0203758088583594,2.531809044666004
2026-05-07,2026-05-07,2026-05-07T22:40:00Z,823467,P,Scheduled,Kyle Schwarber,kyle_schwarber,hitter,PHI,143,ATH,133,1,R,0.6649096299453443,0.2,0.5,real,7,0.0,-145.57142857142858,107.2,0.1649096299453443,40,2026-05-06,et,et,1.0,0.6732513127466261,0.8643960185138525
2026-05-07,2026-05-07,2026-05-07T22:40:00Z,823467,P,Scheduled,Kyle Schwarber,kyle_schwarber,hitter,PHI,143,ATH,133,1,HR,0.17976666666666666,0.0,0.5,real,9,0.0,236.44444444444446,,-0.32023333333333337,40,2026-05-06,et,et,1.0,0.4655800641840326,0.5408144003400207
2026-05-07,2026-05-07,2026-05-07T22:40:00Z,823467,P,Scheduled,Kyle Schwarber,kyle_schwarber,hitter,PHI,143,ATH,133,1,RBI,0.41557854886426315,0.0,0.5,synthetic,0,0.0,,,-0.08442145113573685,40,2026-05-06,et,et,1.0,0.7990529040367966,0.9537886950512717
2026-05-07,2026-05-07,2026-05-07T22:40:00Z,823467,P,Scheduled,Lawrence Butler,lawrence_butler,hitter,PHI,133,ATH,143,1,H,0.6326082397552321,0.4,0.5,synthetic,0,0.0,,,0.13260823975523206,37,2026-05-06,et,et,1.0,0.6366639452618414,0.7559416767420791
2026-05-07,2026-05-07,2026-05-07T22:40:00Z,823467,P,Scheduled,Lawrence Butler,lawrence_butler,hitter,PHI,133,ATH,143,1,TB,0.7868473684210525,1.0,1.0,real,8,0.5345224838248488,26.875,32.2,-0.21315263157894748,37,2026-05-06,et,et,1.0,1.1206202949989723,1.5246098154681051
2026-05-07,2026-05-07,2026-05-07T22:40:00Z,823467,P,Scheduled,Lawrence Butler,lawrence_butler,hitter,PHI,133,ATH,143,1,R,0.6495749926764964,0.4,0.5,real,7,0.0,154.71428571428572,-205.8,0.14957499267649643,37,2026-05-06,et,et,1.0,0.4581278226214333,0.5500485018892126
2026-05-07,2026-05-07,2026-05-07T22:40:00Z,823467,P,Scheduled,Lawrence Butler,lawrence_butler,hitter,PHI,133,ATH,143,1,HR,0.1656,0.2,0.5,real,9,0.0,666.1111111111111,,-0.33440000000000003,37,2026-05-06,et,et,1.0,0.22186276832530405,0.3339574170191802
2026-05-07,2026-05-07,2026-05-07T22:40:00Z,823467,P,Scheduled,Lawrence Butler,lawrence_butler,hitter,PHI,133,ATH,143,1,RBI,0.7767328874133385,0.6,0.5,synthetic,0,0.0,,,0.27673288741333846,37,2026-05-06,et,et,1.0,0.6407195513360299,0.962485767076432
2026-05-07,2026-05-07,2026-05-07T22:40:00Z,823467,P,Scheduled,Nick Kurtz,nick_kurtz,hitter,PHI,133,ATH,143,1,H,1.2192924502815479,1.0,0.5,synthetic,0,0.0,,,0.7192924502815479,51,2026-05-06,et,et,1.0,0.6861131123440513,0.7845223444044994
2026-05-07,2026-05-07,2026-05-07T22:40:00Z,823467,P,Scheduled,Nick Kurtz,nick_kurtz,hitter,PHI,133,ATH,143,1,TB,1.1466342105263156,1.2,1.5,real,8,0.0,108.875,-144.83333333333334,-0.35336578947368436,51,2026-05-06,et,et,1.0,1.3146389590009677,1.6284161360238312
2026-05-07,2026-05-07,2026-05-07T22:40:00Z,823467,P,Scheduled,Nick Kurtz,nick_kurtz,hitter,PHI,133,ATH,143,1,R,0.8346828874133384,0.4,0.5,real,7,0.0,-144.42857142857142,69.0,0.3346828874133384,51,2026-05-06,et,et,1.0,0.6382469643076717,0.7526275984586531
2026-05-07,2026-05-07,2026-05-07T22:40:00Z,823467,P,Scheduled,Nick Kurtz,nick_kurtz,hitter,PHI,133,ATH,143,1,HR,0.025600000000000022,0.0,0.5,real,9,0.0,261.0,,-0.4744,51,2026-05-06,et,et,1.0,0.2568006821335113,0.3754810306612841
2026-05-07,2026-05-07,2026-05-07T22:40:00Z,823467,P,Scheduled,Nick Kurtz,nick_kurtz,hitter,PHI,133,ATH,143,1,RBI,0.852380255834391,0.6,0.5,synthetic,0,0.0,,,0.35238025583439103,51,2026-05-06,et,et,1.0,0.5639546512909596,0.7181756846063994
2026-05-07,2026-05-07,2026-05-07T22:40:00Z,823467,P,Scheduled,Shea Langeliers,shea_langeliers,hitter,PHI,133,ATH,114,1,H,1.8898063569995625,2.0,1.5,synthetic,0,0.0,,,0.38980635699956245,47,2026-05-02,et,et,1.0,0.769324833189241,0.9704532043231419
2026-05-07,2026-05-07,2026-05-07T22:40:00Z,823467,P,Scheduled,Shea Langeliers,shea_langeliers,hitter,PHI,133,ATH,114,1,TB,3.9279207317073173,3.0,1.5,real,7,0.0,-121.57142857142857,-110.6,2.4279207317073173,47,2026-05-02,et,et,1.0,2.13617863182979,2.8253507557052795
2026-05-07,2026-05-07,2026-05-07T22:40:00Z,823467,P,Scheduled,Shea Langeliers,shea_langeliers,hitter,PHI,133,ATH,114,1,R,1.368751950314494,0.6,0.5,real,7,0.0,-121.28571428571429,-112.0,0.868751950314494,47,2026-05-02,et,et,1.0,0.6251575981317798,0.800743052076129
2026-05-07,2026-05-07,2026-05-07T22:40:00Z,823467,P,Scheduled,Shea Langeliers,shea_langeliers,hitter,PHI,133,ATH,114,1,HR,0.4006,0.0,0.5,real,7,0.0,294.85714285714283,,-0.09939999999999999,47,2026-05-02,et,et,1.0,0.5527956684155346,0.6970258789986973
2026-05-07,2026-05-07,2026-05-07T22:40:00Z,823467,P,Scheduled,Shea Langeliers,shea_langeliers,hitter,PHI,133,ATH,114,1,RBI,0.7262580478754694,0.2,0.5,synthetic,0,0.0,,,0.22625804787546944,47,2026-05-02,et,et,1.0,0.8357213799912758,1.052520605442909
2026-05-07,2026-05-07,2026-05-07T22:40:00Z,823467,P,Scheduled,Trea Turner,trea_turner,hitter,PHI,143,ATH,133,1,H,1.0925200462986178,0.6,0.5,synthetic,0,0.0,,,0.5925200462986178,47,2026-05-06,et,et,1.0,0.6402649466106788,0.8849191519048832
2026-05-07,2026-05-07,2026-05-07T22:40:00Z,823467,P,Scheduled,Trea Turner,trea_turner,hitter,PHI,143,ATH,133,1,TB,1.1643175675675677,1.0,1.5,real,8,0.0,23.5,-135.5,-0.33568243243243234,47,2026-05-06,et,et,1.0,1.0148844675724351,1.4701924291411765
2026-05-07,2026-05-07,2026-05-07T22:40:00Z,823467,P,Scheduled,Trea Turner,trea_turner,hitter,PHI,143,ATH,133,1,R,1.073363683999398,0.6,0.5,real,7,0.0,-119.14285714285714,-116.0,0.5733636839993981,47,2026-05-06,et,et,1.0,0.6180305047570844,0.7614636859051769
2026-05-07,2026-05-07,2026-05-07T22:40:00Z,823467,P,Scheduled,Trea Turner,trea_turner,hitter,PHI,143,ATH,133,1,HR,0.025600000000000022,0.0,0.5,real,9,0.0,654.4444444444445,,-0.4744,47,2026-05-06,et,et,1.0,0.1093186776373159,0.28350612748373555
2026-05-07,2026-05-07,2026-05-07T22:40:00Z,823467,P,Scheduled,Trea Turner,trea_turner,hitter,PHI,143,ATH,133,1,RBI,0.6497623326480468,0.2,0.5,synthetic,0,0.0,,,0.14976233264804684,47,2026-05-06,et,et,1.0,0.36020408203570164,0.5465362535356276
2026-05-07,2026-05-07,2026-05-07T22:40:00Z,823467,P,Scheduled,Tyler Soderstrom,tyler_soderstrom,hitter,PHI,133,ATH,143,1,H,0.9046082397552322,0.8,0.5,synthetic,0,0.0,,,0.4046082397552322,48,2026-05-06,et,et,1.0,0.7370334107697202,0.8905800273850083
2026-05-07,2026-05-07,2026-05-07T22:40:00Z,823467,P,Scheduled,Tyler Soderstrom,tyler_soderstrom,hitter,PHI,133,ATH,143,1,TB,2.139847368421053,1.6,1.5,real,8,0.0,119.625,-161.5,0.6398473684210528,48,2026-05-06,et,et,1.0,1.783640102380944,2.2329851498533477
2026-05-07,2026-05-07,2026-05-07T22:40:00Z,823467,P,Scheduled,Tyler Soderstrom,tyler_soderstrom,hitter,PHI,133,ATH,143,1,R,0.9265749926764963,0.6,0.5,real,7,0.0,81.14285714285714,-149.0,0.42657499267649635,48,2026-05-06,et,et,1.0,0.6281484027453653,0.7554024414183748
2026-05-07,2026-05-07,2026-05-07T22:40:00Z,823467,P,Scheduled,Tyler Soderstrom,tyler_soderstrom,hitter,PHI,133,ATH,143,1,HR,0.42810000000000004,0.2,0.5,real,9,0.0,418.44444444444446,,-0.07189999999999996,48,2026-05-06,et,et,1.0,0.37928847697368034,0.4817736632573069
2026-05-07,2026-05-07,2026-05-07T22:40:00Z,823467,P,Scheduled,Tyler Soderstrom,tyler_soderstrom,hitter,PHI,133,ATH,143,1,RBI,0.5587328874133386,0.2,0.5,synthetic,0,0.0,,,0.0587328874133386,48,2026-05-06,et,et,1.0,0.9598290759460776,1.223180150760093
2026-05-07,2026-05-07,2026-05-07T22:40:00Z,823467,P,Scheduled,Zack Gelof,zack_gelof,hitter,PHI,133,ATH,143,1,H,1.044608239755232,0.8,0.5,synthetic,0,0.0,,,0.5446082397552321,26,2026-05-06,et,et,1.0,0.6388538115171267,0.7248398594842481
2026-05-07,2026-05-07,2026-05-07T22:40:00Z,823467,P,Scheduled,Zack Gelof,zack_gelof,hitter,PHI,133,ATH,143,1,TB,1.4624723684210528,1.4,1.5,real,6,0.5163977794943223,82.0,-23.333333333333332,-0.03752763157894723,26,2026-05-06,et,et,1.0,1.023342007713235,1.3802008417719764
2026-05-07,2026-05-07,2026-05-07T22:40:00Z,823467,P,Scheduled,Zack Gelof,zack_gelof,hitter,PHI,133,ATH,143,1,R,0.6244499926764964,0.4,0.5,real,6,0.0,155.83333333333334,-212.25,0.12444999267649637,26,2026-05-06,et,et,1.0,0.6351926946703912,0.7488384461885567
2026-05-07,2026-05-07,2026-05-07T22:40:00Z,823467,P,Scheduled,Zack Gelof,zack_gelof,hitter,PHI,133,ATH,143,1,HR,0.281225,0.2,0.5,real,7,0.0,722.8571428571429,,-0.218775,26,2026-05-06,et,et,1.0,0.093459204978925,0.2734697762614177
2026-05-07,2026-05-07,2026-05-07T22:40:00Z,823467,P,Scheduled,Zack Gelof,zack_gelof,hitter,PHI,133,ATH,143,1,RBI,0.7684828874133385,0.6,0.5,synthetic,0,0.0,,,0.2684828874133385,26,2026-05-06,et,et,1.0,0.455344626701588,0.7029630832319441
2026-05-07,2026-05-07,2026-05-07T22:40:00Z,823467,P,Scheduled,Brad Keller,brad_keller,pitcher,PHI,143,ATH,133,1,K,1.3060740740740737,1.2,2.5,synthetic,0,0.0,,,-1.1939259259259263,17,2026-05-06,et,et,1.0,0.8268173819644409,1.006878378561692
2026-05-07,2026-05-07,2026-05-07T22:40:00Z,823467,P,Scheduled,Brad Keller,brad_keller,pitcher,PHI,143,ATH,133,1,ER,0.4234897727272727,0.6,0.5,synthetic,0,0.0,,,-0.07651022727272733,17,2026-05-06,et,et,1.0,0.812325664531547,0.9932108598257092
2026-05-07,2026-05-07,2026-05-07T22:40:00Z,823467,P,Scheduled,Brad Keller,brad_keller,pitcher,PHI,143,ATH,133,1,ERA,3.8114079545454542,5.4,5.4,synthetic,0,0.0,,,-1.5885920454545461,17,2026-05-06,et,et,1.0,7.310930980783923,8.938897738431383
2026-05-07,2026-05-07,2026-05-07T22:40:00Z,823467,P,Scheduled,José Alvarado,josé_alvarado,pitcher,PHI,143,ATH,133,1,K,1.1580740740740738,0.8,2.5,synthetic,0,0.0,,,-1.3419259259259262,25,2026-05-06,et,et,1.0,0.5231204478879132,0.7258356661198125
2026-05-07,2026-05-07,2026-05-07T22:40:00Z,823467,P,Scheduled,José Alvarado,josé_alvarado,pitcher,PHI,143,ATH,133,1,ER,0.0,0.0,0.5,synthetic,0,0.0,,,-0.5,25,2026-05-06,et,et,1.0,0.6368925553589708,0.9910843648904218
2026-05-07,2026-05-07,2026-05-07T22:40:00Z,823467,P,Scheduled,José Alvarado,josé_alvarado,pitcher,PHI,143,ATH,133,1,ERA,0.0,0.0,1.5,synthetic,0,0.0,,,-1.5,25,2026-05-06,et,et,1.0,13.296877549123378,24.63749182729077
2026-05-07,2026-05-07,2026-05-07T22:40:00Z,823467,P,Scheduled,Tim Mayza,tim_mayza,pitcher,PHI,143,ATH,133,1,K,1.586074074074074,1.2,2.5,synthetic,0,0.0,,,-0.913925925925926,22,2026-05-06,et,et,1.0,0.8536733441215567,1.1372535672729733
2026-05-07,2026-05-07,2026-05-07T22:40:00Z,823467,P,Scheduled,Tim Mayza,tim_mayza,pitcher,PHI,143,ATH,133,1,ER,0.4234897727272727,0.6,0.5,synthetic,0,0.0,,,-0.07651022727272733,22,2026-05-06,et,et,1.0,0.7355792681221897,0.9911759870286927
2026-05-07,2026-05-07,2026-05-07T22:40:00Z,823467,P,Scheduled,Tim Mayza,tim_mayza,pitcher,PHI,143,ATH,133,1,ERA,3.8114079545454542,5.4,5.4,synthetic,0,0.0,,,-1.5885920454545461,22,2026-05-06,et,et,1.0,9.582583744007188,18.294037090570068
2026-05-07,2026-05-07,2026-05-07T22:40:00Z,823467,P,Scheduled,JT Ginn,jt_ginn,pitcher,PHI,133,ATH,114,1,K,3.0260740740740735,3.2,4.5,real,9,0.4409585518440984,65.0,-104.88888888888889,-1.4739259259259265,13,2026-05-01,et,et,1.0,1.3732545232545235,1.6656853985825588
2026-05-07,2026-05-07,2026-05-07T22:40:00Z,823467,P,Scheduled,JT Ginn,jt_ginn,pitcher,PHI,133,ATH,114,1,ER,0.9994897727272728,1.4,2.5,real,5,0.0,-129.6,-65.4,-1.500510227272727,13,2026-05-01,et,et,1.0,1.818173493173493,2.2400558094967398
2026-05-07,2026-05-07,2026-05-07T22:40:00Z,823467,P,Scheduled,JT Ginn,jt_ginn,pitcher,PHI,133,ATH,114,1,ERA,2.0758633741258743,4.387500000000003,4.4,synthetic,0,0.0,,,-2.324136625874126,13,2026-05-01,et,et,1.0,14.58568336654188,23.474775365588894
2026-05-07,2026-05-07,2026-05-07T22:40:00Z,823467,P,Scheduled,Jeffrey Springs,jeffrey_springs,pitcher,ATH,133,PHI,143,0,K,4.087929203539823,5.2,5.5,synthetic,0,0.0,,,-1.4120707964601769,12,2026-05-06,et,et,1.0,1.1945616883116885,1.578142507779986
2026-05-07,2026-05-07,2026-05-07T22:40:00Z,823467,P,Scheduled,Jeffrey Springs,jeffrey_springs,pitcher,ATH,133,PHI,143,0,ER,2.586243939393939,2.8,2.5,synthetic,0,0.0,,,0.08624393939393915,12,2026-05-06,et,et,1.0,1.8281445406445407,2.730677376881176
2026-05-07,2026-05-07,2026-05-07T22:40:00Z,823467,P,Scheduled,Jeffrey Springs,jeffrey_springs,pitcher,ATH,133,PHI,143,0,ERA,4.364286647727273,5.204210526315789,5.2,synthetic,0,0.0,,,-0.8357133522727276,12,2026-05-06,et,et,1.0,5.173787582118174,7.5626886382931975
2026-05-07,2026-05-07,2026-05-07T22:40:00Z,823467,P,Scheduled,Jack Perkins,jack_perkins,pitcher,ATH,133,PHI,143,0,K,1.363929203539823,2.0,2.5,synthetic,0,0.0,,,-1.136070796460177,12,2026-05-06,et,et,1.0,1.1727843915343914,1.4150276234505372
2026-05-07,2026-05-07,2026-05-07T22:40:00Z,823467,P,Scheduled,Jack Perkins,jack_perkins,pitcher,ATH,133,PHI,143,0,ER,0.2502439393939394,0.0,0.5,synthetic,0,0.0,,,-0.2497560606060606,12,2026-05-06,et,et,1.0,1.1412518037518036,1.424540430155715
2026-05-07,2026-05-07,2026-05-07T22:40:00Z,823467,P,Scheduled,Jack Perkins,jack_perkins,pitcher,ATH,133,PHI,143,0,ERA,1.689146590909091,0.0,1.5,synthetic,0,0.0,,,0.18914659090909103,12,2026-05-06,et,et,1.0,5.598664772727273,7.523430990284511
2026-05-07,2026-05-07,2026-05-07T22:40:00Z,823467,P,Scheduled,Hogan Harris,hogan_harris,pitcher,ATH,133,PHI,143,0,K,0.6479292035398229,1.2,2.5,synthetic,0,0.0,,,-1.8520707964601772,25,2026-05-06,et,et,1.0,0.8932169917472784,1.0591234720846303
2026-05-07,2026-05-07,2026-05-07T22:40:00Z,823467,P,Scheduled,Hogan Harris,hogan_harris,pitcher,ATH,133,PHI,143,0,ER,0.6982439393939394,0.4,0.5,synthetic,0,0.0,,,0.19824393939393936,25,2026-05-06,et,et,1.0,0.45857085777774975,0.7118438575481199
2026-05-07,2026-05-07,2026-05-07T22:40:00Z,823467,P,Scheduled,Hogan Harris,hogan_harris,pitcher,ATH,133,PHI,143,0,ERA,6.284195454545454,8.1,8.1,synthetic,0,0.0,,,-1.8158045454545455,25,2026-05-06,et,et,1.0,4.371442899206057,7.947170296990667
2026-05-07,2026-05-07,2026-05-07T22:40:00Z,823870,P,Scheduled,Adley Rutschman,adley_rutschman,hitter,MIA,110,BAL,146,1,H,1.0264745516388374,0.4,0.5,synthetic,0,0.0,,,0.5264745516388374,32,2026-05-06,et,et,1.0,0.7249457524464278,0.9391005730155552
2026-05-07,2026-05-07,2026-05-07T22:40:00Z,823870,P,Scheduled,Adley Rutschman,adley_rutschman,hitter,MIA,110,BAL,146,1,TB,1.5750500000000003,0.4,1.5,real,8,0.3535533905932738,128.0,-171.0,0.07505000000000028,32,2026-05-06,et,et,1.0,1.5697633141693457,2.1639880819649435
2026-05-07,2026-05-07,2026-05-07T22:40:00Z,823870,P,Scheduled,Adley Rutschman,adley_rutschman,hitter,MIA,110,BAL,146,1,R,0.7678223562152136,0.0,0.5,real,7,0.0,127.33333333333333,-179.5,0.26782235621521355,32,2026-05-06,et,et,1.0,0.4999084581595112,0.6274683311869266
2026-05-07,2026-05-07,2026-05-07T22:40:00Z,823870,P,Scheduled,Adley Rutschman,adley_rutschman,hitter,MIA,110,BAL,146,1,HR,0.26620000000000005,0.0,0.5,real,5,0.0,661.0,,-0.23379999999999995,32,2026-05-06,et,et,1.0,0.24181253777970094,0.45702960245913354
2026-05-07,2026-05-07,2026-05-07T22:40:00Z,823870,P,Scheduled,Adley Rutschman,adley_rutschman,hitter,MIA,110,BAL,146,1,RBI,0.8760723562152135,0.2,0.5,synthetic,0,0.0,,,0.3760723562152135,32,2026-05-06,et,et,1.0,0.8786869098065546,1.418093947308046
2026-05-07,2026-05-07,2026-05-07T22:40:00Z,823870,P,Scheduled,Blaze Alexander,blaze_alexander,hitter,MIA,110,BAL,146,1,H,1.5594745516388375,1.4,1.5,synthetic,0,0.0,,,0.059474551638837525,43,2026-05-06,et,et,1.0,0.6459889318566324,0.7780704063899332
2026-05-07,2026-05-07,2026-05-07T22:40:00Z,823870,P,Scheduled,Blaze Alexander,blaze_alexander,hitter,MIA,110,BAL,146,1,TB,4.05935,1.4,1.5,real,3,0.5773502691896257,211.0,,2.5593500000000002,43,2026-05-06,et,et,1.0,0.7664493843171768,0.9613092610543665
2026-05-07,2026-05-07,2026-05-07T22:40:00Z,823870,P,Scheduled,Blaze Alexander,blaze_alexander,hitter,MIA,110,BAL,146,1,R,1.0483223562152135,0.0,0.5,real,3,0.0,177.0,-250.0,0.5483223562152135,43,2026-05-06,et,et,1.0,0.430311611586878,0.5157792775570318
2026-05-07,2026-05-07,2026-05-07T22:40:00Z,823870,P,Scheduled,Blaze Alexander,blaze_alexander,hitter,MIA,110,BAL,146,1,HR,0.5995333333333334,0.0,0.5,real,1,0.0,1000.0,,0.09953333333333336,43,2026-05-06,et,et,1.0,0.0,0.0
2026-05-07,2026-05-07,2026-05-07T22:40:00Z,823870,P,Scheduled,Blaze Alexander,blaze_alexander,hitter,MIA,110,BAL,146,1,RBI,0.8474723562152134,0.2,0.5,synthetic,0,0.0,,,0.34747235621521344,43,2026-05-06,et,et,1.0,0.1988543356968657,0.33206611804484093
2026-05-07,2026-05-07,2026-05-07T22:40:00Z,823870,P,Scheduled,Christopher Morel,christopher_morel,hitter,MIA,146,BAL,110,1,H,1.2780578849721707,0.8,0.5,synthetic,0,0.0,,,0.7780578849721707,17,2026-05-06,et,et,1.0,0.5339409773233302,0.6449419248792579
2026-05-07,2026-05-07,2026-05-07T22:40:00Z,823870,P,Scheduled,Christopher Morel,christopher_morel,hitter,MIA,146,BAL,110,1,TB,0.7300083333333334,0.8,1.0,real,8,0.5345224838248488,-27.714285714285715,53.2,-0.26999166666666663,17,2026-05-06,et,et,1.0,0.8142134825958355,0.9655297919523568
2026-05-07,2026-05-07,2026-05-07T22:40:00Z,823870,P,Scheduled,Christopher Morel,christopher_morel,hitter,MIA,146,BAL,110,1,R,0.5086973562152134,0.2,0.5,real,7,0.0,122.33333333333333,-163.8,0.008697356215213392,17,2026-05-06,et,et,1.0,0.08005009696186166,0.24570598636061533
2026-05-07,2026-05-07,2026-05-07T22:40:00Z,823870,P,Scheduled,Christopher Morel,christopher_morel,hitter,MIA,146,BAL,110,1,HR,0.024533333333333403,0.0,0.5,real,8,0.0,470.125,,-0.4754666666666666,17,2026-05-06,et,et,1.0,0.0,0.0
2026-05-07,2026-05-07,2026-05-07T22:40:00Z,823870,P,Scheduled,Christopher Morel,christopher_morel,hitter,MIA,146,BAL,110,1,RBI,0.37848902288188013,0.0,0.5,synthetic,0,0.0,,,-0.12151097711811987,17,2026-05-06,et,et,1.0,0.35796711458476166,0.4411439474771803
2026-05-07,2026-05-07,2026-05-07T22:40:00Z,823870,P,Scheduled,Coby Mayo,coby_mayo,hitter,MIA,110,BAL,146,1,H,0.6769745516388375,0.2,0.5,synthetic,0,0.0,,,0.17697455163883746,40,2026-05-06,et,et,1.0,0.702980651361565,0.8646366752424756
2026-05-07,2026-05-07,2026-05-07T22:40:00Z,823870,P,Scheduled,Coby Mayo,coby_mayo,hitter,MIA,110,BAL,146,1,TB,0.1009500000000001,0.2,0.5,real,3,0.0,-121.66666666666667,-108.33333333333333,-0.3990499999999999,40,2026-05-06,et,et,1.0,1.3421714762460026,1.7519165694875445
2026-05-07,2026-05-07,2026-05-07T22:40:00Z,823870,P,Scheduled,Coby Mayo,coby_mayo,hitter,MIA,110,BAL,146,1,R,0.2203223562152134,0.0,0.5,real,2,0.0,167.5,-222.5,-0.2796776437847866,40,2026-05-06,et,et,1.0,0.4173563483214743,0.47750937692154344
2026-05-07,2026-05-07,2026-05-07T22:40:00Z,823870,P,Scheduled,Coby Mayo,coby_mayo,hitter,MIA,110,BAL,146,1,HR,0.024533333333333403,0.0,0.5,real,2,0.0,762.5,,-0.4754666666666666,40,2026-05-06,et,et,1.0,0.22706177517025808,0.347367271117864
2026-05-07,2026-05-07,2026-05-07T22:40:00Z,823870,P,Scheduled,Coby Mayo,coby_mayo,hitter,MIA,110,BAL,146,1,RBI,0.4202723562152134,0.2,0.5,synthetic,0,0.0,,,-0.07972764378478658,40,2026-05-06,et,et,1.0,0.8154356564828513,1.1462526159061468
2026-05-07,2026-05-07,2026-05-07T22:40:00Z,823870,P,Scheduled,Colton Cowser,colton_cowser,hitter,MIA,110,BAL,146,1,H,0.5667245516388375,0.2,0.5,synthetic,0,0.0,,,0.0667245516388375,42,2026-05-06,et,et,1.0,0.6018925421545323,0.7177140216635738
2026-05-07,2026-05-07,2026-05-07T22:40:00Z,823870,P,Scheduled,Colton Cowser,colton_cowser,hitter,MIA,110,BAL,146,1,TB,0.019050000000000088,0.2,1.0,real,2,0.7071067811865476,100.0,-130.0,-0.9809499999999999,42,2026-05-06,et,et,1.0,0.8624808563923639,1.058653836901312
2026-05-07,2026-05-07,2026-05-07T22:40:00Z,823870,P,Scheduled,Colton Cowser,colton_cowser,hitter,MIA,110,BAL,146,1,R,0.26382235621521344,0.2,0.5,real,2,0.0,,,-0.23617764378478656,42,2026-05-06,et,et,1.0,0.3569838803159338,0.4423442072400193
2026-05-07,2026-05-07,2026-05-07T22:40:00Z,823870,P,Scheduled,Colton Cowser,colton_cowser,hitter,MIA,110,BAL,146,1,HR,0.024533333333333403,0.0,0.5,real,1,0.0,1000.0,,-0.4754666666666666,42,2026-05-06,et,et,1.0,0.05890392925882287,0.16043624426024714
2026-05-07,2026-05-07,2026-05-07T22:40:00Z,823870,P,Scheduled,Colton Cowser,colton_cowser,hitter,MIA,110,BAL,146,1,RBI,0.6280723562152135,0.4,0.5,synthetic,0,0.0,,,0.1280723562152135,42,2026-05-06,et,et,1.0,0.3939204231955439,0.4969717538800531
2026-05-07,2026-05-07,2026-05-07T22:40:00Z,823870,P,Scheduled,Connor Norby,connor_norby,hitter,MIA,146,BAL,110,1,H,1.2780578849721707,0.8,0.5,synthetic,0,0.0,,,0.7780578849721707,44,2026-05-06,et,et,1.0,0.6699225300677474,0.812244074429974
2026-05-07,2026-05-07,2026-05-07T22:40:00Z,823870,P,Scheduled,Connor Norby,connor_norby,hitter,MIA,146,BAL,110,1,TB,0.9780083333333335,1.2,1.5,real,8,0.3535533905932738,87.14285714285714,-128.5,-0.5219916666666665,44,2026-05-06,et,et,1.0,1.2200159546936538,1.604772557377866
2026-05-07,2026-05-07,2026-05-07T22:40:00Z,823870,P,Scheduled,Connor Norby,connor_norby,hitter,MIA,146,BAL,110,1,R,0.4106973562152134,0.0,0.5,real,7,0.0,118.83333333333333,-161.4,-0.08930264378478658,44,2026-05-06,et,et,1.0,0.4299528629327696,0.4761346992638816
2026-05-07,2026-05-07,2026-05-07T22:40:00Z,823870,P,Scheduled,Connor Norby,connor_norby,hitter,MIA,146,BAL,110,1,HR,0.024533333333333403,0.0,0.5,real,8,0.0,636.25,,-0.4754666666666666,44,2026-05-06,et,et,1.0,0.22121082416253676,0.33401287386030176
2026-05-07,2026-05-07,2026-05-07T22:40:00Z,823870,P,Scheduled,Connor Norby,connor_norby,hitter,MIA,146,BAL,110,1,RBI,0.5144890228818801,0.2,0.5,synthetic,0,0.0,,,0.014489022881880143,44,2026-05-06,et,et,1.0,0.42558950736530293,0.6413138048757434
2026-05-07,2026-05-07,2026-05-07T22:40:00Z,823870,P,Scheduled,Dylan Beavers,dylan_beavers,hitter,MIA,110,BAL,146,1,H,0.8129745516388375,0.4,0.5,synthetic,0,0.0,,,0.3129745516388375,36,2026-05-06,et,et,1.0,0.7395702380257643,0.9320477729866888
2026-05-07,2026-05-07,2026-05-07T22:40:00Z,823870,P,Scheduled,Dylan Beavers,dylan_beavers,hitter,MIA,110,BAL,146,1,TB,1.1189500000000001,0.4,1.5,real,8,0.5175491695067657,65.5,-63.75,-0.3810499999999999,36,2026-05-06,et,et,1.0,1.4625203691695108,1.8678008434512412
2026-05-07,2026-05-07,2026-05-07T22:40:00Z,823870,P,Scheduled,Dylan Beavers,dylan_beavers,hitter,MIA,110,BAL,146,1,R,1.1136556895485468,0.6,0.5,real,7,0.0,149.83333333333334,-205.6,0.6136556895485468,36,2026-05-06,et,et,1.0,0.5911038068248767,0.7254248430057032
2026-05-07,2026-05-07,2026-05-07T22:40:00Z,823870,P,Scheduled,Dylan Beavers,dylan_beavers,hitter,MIA,110,BAL,146,1,HR,0.22453333333333342,0.0,0.5,real,7,0.0,758.5714285714286,,-0.2754666666666666,36,2026-05-06,et,et,1.0,0.1672160222135499,0.29098149559573666
2026-05-07,2026-05-07,2026-05-07T22:40:00Z,823870,P,Scheduled,Dylan Beavers,dylan_beavers,hitter,MIA,110,BAL,146,1,RBI,0.6162723562152135,0.2,0.5,synthetic,0,0.0,,,0.11627235621521348,36,2026-05-06,et,et,1.0,0.47413804251027675,0.6159576215867916
2026-05-07,2026-05-07,2026-05-07T22:40:00Z,823870,P,Scheduled,Esteury Ruiz,esteury_ruiz,hitter,MIA,146,BAL,110,1,H,0.9747245516388374,0.8,0.5,synthetic,0,0.0,,,0.4747245516388374,18,2026-05-05,et,et,1.0,0.5591018821410978,0.6522332904445264
2026-05-07,2026-05-07,2026-05-07T22:40:00Z,823870,P,Scheduled,Esteury Ruiz,esteury_ruiz,hitter,MIA,146,BAL,110,1,TB,1.2590500000000002,2.2,1.5,real,8,0.5175491695067657,46.0,-41.0,-0.24094999999999978,18,2026-05-05,et,et,1.0,0.9684525668594297,1.4888318946879318
2026-05-07,2026-05-07,2026-05-07T22:40:00Z,823870,P,Scheduled,Esteury Ruiz,esteury_ruiz,hitter,MIA,146,BAL,110,1,R,0.5198223562152134,0.6,0.5,real,7,0.0,152.83333333333334,-203.0,0.019822356215213444,18,2026-05-05,et,et,1.0,0.3443409078213,0.4824138730496802
2026-05-07,2026-05-07,2026-05-07T22:40:00Z,823870,P,Scheduled,Esteury Ruiz,esteury_ruiz,hitter,MIA,146,BAL,110,1,HR,0.3045333333333334,0.4,0.5,real,7,0.0,763.5714285714286,,-0.19546666666666662,18,2026-05-05,et,et,1.0,0.12485605353252412,0.32537832530227745
2026-05-07,2026-05-07,2026-05-07T22:40:00Z,823870,P,Scheduled,Esteury Ruiz,esteury_ruiz,hitter,MIA,146,BAL,110,1,RBI,0.6040723562152135,0.6,0.5,synthetic,0,0.0,,,0.10407235621521349,18,2026-05-05,et,et,1.0,0.5196901682195799,0.7211861489168561
2026-05-07,2026-05-07,2026-05-07T22:40:00Z,823870,P,Scheduled,Gunnar Henderson,gunnar_henderson,hitter,MIA,110,BAL,146,1,H,1.2984745516388374,0.8,0.5,synthetic,0,0.0,,,0.7984745516388374,41,2026-05-06,et,et,1.0,0.5756201979522819,0.8094413719458151
2026-05-07,2026-05-07,2026-05-07T22:40:00Z,823870,P,Scheduled,Gunnar Henderson,gunnar_henderson,hitter,MIA,110,BAL,146,1,TB,0.7915500000000001,1.0,1.5,real,8,0.0,116.57142857142857,-153.83333333333334,-0.7084499999999999,41,2026-05-06,et,et,1.0,1.6735580135320807,2.03846444157562
2026-05-07,2026-05-07,2026-05-07T22:40:00Z,823870,P,Scheduled,Gunnar Henderson,gunnar_henderson,hitter,MIA,110,BAL,146,1,R,0.4813223562152134,0.2,0.5,real,7,0.0,-2.3333333333333335,-130.2,-0.01867764378478659,41,2026-05-06,et,et,1.0,0.6709953415070375,0.8123479331400885
2026-05-07,2026-05-07,2026-05-07T22:40:00Z,823870,P,Scheduled,Gunnar Henderson,gunnar_henderson,hitter,MIA,110,BAL,146,1,HR,0.024533333333333403,0.0,0.5,real,8,0.0,444.5,,-0.4754666666666666,41,2026-05-06,et,et,1.0,0.3744925298511796,0.4482916605748329
2026-05-07,2026-05-07,2026-05-07T22:40:00Z,823870,P,Scheduled,Gunnar Henderson,gunnar_henderson,hitter,MIA,110,BAL,146,1,RBI,0.4790723562152135,0.2,0.5,synthetic,0,0.0,,,-0.02092764378478651,41,2026-05-06,et,et,1.0,0.7544502014031721,0.8566370553825502
2026-05-07,2026-05-07,2026-05-07T22:40:00Z,823870,P,Scheduled,Jakob Marsee,jakob_marsee,hitter,MIA,146,BAL,110,1,H,1.0020578849721709,0.6,0.5,synthetic,0,0.0,,,0.5020578849721709,40,2026-05-06,et,et,1.0,0.7569052860333197,0.9050864028283419
2026-05-07,2026-05-07,2026-05-07T22:40:00Z,823870,P,Scheduled,Jakob Marsee,jakob_marsee,hitter,MIA,146,BAL,110,1,TB,0.8312583333333334,0.6,1.0,real,8,0.5345224838248488,-17.142857142857142,41.0,-0.16874166666666657,40,2026-05-06,et,et,1.0,1.1055816945159538,1.456873579866077
2026-05-07,2026-05-07,2026-05-07T22:40:00Z,823870,P,Scheduled,Jakob Marsee,jakob_marsee,hitter,MIA,146,BAL,110,1,R,0.5984473562152135,0.2,0.5,real,7,0.0,138.5,-182.6,0.0984473562152135,40,2026-05-06,et,et,1.0,0.526033647560882,0.6536776053089514
2026-05-07,2026-05-07,2026-05-07T22:40:00Z,823870,P,Scheduled,Jakob Marsee,jakob_marsee,hitter,MIA,146,BAL,110,1,HR,0.1401583333333334,0.0,0.5,real,7,0.0,846.4285714285714,,-0.3598416666666666,40,2026-05-06,et,et,1.0,0.03405215714210734,0.1589846319115957
2026-05-07,2026-05-07,2026-05-07T22:40:00Z,823870,P,Scheduled,Jakob Marsee,jakob_marsee,hitter,MIA,146,BAL,110,1,RBI,0.4219890228818801,0.0,0.5,synthetic,0,0.0,,,-0.07801097711811988,40,2026-05-06,et,et,1.0,0.34201282957341517,0.549417201405528
2026-05-07,2026-05-07,2026-05-07T22:40:00Z,823870,P,Scheduled,Javier Sanoja,javier_sanoja,hitter,MIA,146,BAL,110,1,H,0.7300578849721708,0.2,0.5,synthetic,0,0.0,,,0.23005788497217083,33,2026-05-06,et,et,1.0,0.8784061336020758,1.0567687945956554
2026-05-07,2026-05-07,2026-05-07T22:40:00Z,823870,P,Scheduled,Javier Sanoja,javier_sanoja,hitter,MIA,146,BAL,110,1,TB,0.36450833333333343,0.4,1.0,real,8,0.5345224838248488,-29.0,60.2,-0.6354916666666666,33,2026-05-06,et,et,1.0,1.0476497364550639,1.2341125732968807
2026-05-07,2026-05-07,2026-05-07T22:40:00Z,823870,P,Scheduled,Javier Sanoja,javier_sanoja,hitter,MIA,146,BAL,110,1,R,0.5061973562152134,0.2,0.5,real,7,0.0,161.16666666666666,-220.8,0.006197356215213445,33,2026-05-06,et,et,1.0,0.2106832530780605,0.3160193562228801
2026-05-07,2026-05-07,2026-05-07T22:40:00Z,823870,P,Scheduled,Javier Sanoja,javier_sanoja,hitter,MIA,146,BAL,110,1,HR,0.024533333333333403,0.0,0.5,real,7,0.0,1007.1428571428571,,-0.4754666666666666,33,2026-05-06,et,et,1.0,0.0,0.0
2026-05-07,2026-05-07,2026-05-07T22:40:00Z,823870,P,Scheduled,Javier Sanoja,javier_sanoja,hitter,MIA,146,BAL,110,1,RBI,0.39348902288188015,0.0,0.5,synthetic,0,0.0,,,-0.10651097711811985,33,2026-05-06,et,et,1.0,0.5253311714035597,0.7060040726235405
2026-05-07,2026-05-07,2026-05-07T22:40:00Z,823870,P,Scheduled,Jeremiah Jackson,jeremiah_jackson,hitter,MIA,110,BAL,146,1,H,0.8497245516388375,0.4,0.5,synthetic,0,0.0,,,0.34972455163883753,44,2026-05-06,et,et,1.0,0.6784243604537221,0.8690837556498481
2026-05-07,2026-05-07,2026-05-07T22:40:00Z,823870,P,Scheduled,Jeremiah Jackson,jeremiah_jackson,hitter,MIA,110,BAL,146,1,TB,0.2522500000000001,0.4,1.5,real,7,0.4879500364742666,28.2,-47.5,-1.24775,44,2026-05-06,et,et,1.0,1.6131888595627095,2.188709824123871
2026-05-07,2026-05-07,2026-05-07T22:40:00Z,823870,P,Scheduled,Jeremiah Jackson,jeremiah_jackson,hitter,MIA,110,BAL,146,1,R,0.24182235621521342,0.0,0.5,real,6,0.0,167.8,-230.6,-0.2581776437847866,44,2026-05-06,et,et,1.0,0.47096589045376225,0.5403359532770983
2026-05-07,2026-05-07,2026-05-07T22:40:00Z,823870,P,Scheduled,Jeremiah Jackson,jeremiah_jackson,hitter,MIA,110,BAL,146,1,HR,0.024533333333333403,0.0,0.5,real,6,0.0,801.6666666666666,,-0.4754666666666666,44,2026-05-06,et,et,1.0,0.3743527941571278,0.48437789768847317
2026-05-07,2026-05-07,2026-05-07T22:40:00Z,823870,P,Scheduled,Jeremiah Jackson,jeremiah_jackson,hitter,MIA,110,BAL,146,1,RBI,0.31367235621521344,0.0,0.5,synthetic,0,0.0,,,-0.18632764378478656,44,2026-05-06,et,et,1.0,0.9702904912899946,1.3333704288587533
2026-05-07,2026-05-07,2026-05-07T22:40:00Z,823870,P,Scheduled,Kyle Stowers,kyle_stowers,hitter,MIA,146,BAL,110,1,H,1.1380578849721708,0.8,0.5,synthetic,0,0.0,,,0.6380578849721708,16,2026-05-06,et,et,1.0,0.8701125263625265,1.0576555018967067
2026-05-07,2026-05-07,2026-05-07T22:40:00Z,823870,P,Scheduled,Kyle Stowers,kyle_stowers,hitter,MIA,146,BAL,110,1,TB,0.6125083333333333,0.8,1.5,real,8,0.0,,,-0.8874916666666667,16,2026-05-06,et,et,1.0,1.245677933177933,1.5763313897936144
2026-05-07,2026-05-07,2026-05-07T22:40:00Z,823870,P,Scheduled,Kyle Stowers,kyle_stowers,hitter,MIA,146,BAL,110,1,R,0.9521973562152135,0.6,0.5,real,7,0.0,,,0.4521973562152135,16,2026-05-06,et,et,1.0,0.7200738497613498,0.801210937253402
2026-05-07,2026-05-07,2026-05-07T22:40:00Z,823870,P,Scheduled,Kyle Stowers,kyle_stowers,hitter,MIA,146,BAL,110,1,HR,0.024533333333333403,0.0,0.5,real,1,0.0,625.0,,-0.4754666666666666,16,2026-05-06,et,et,1.0,0.0,0.0
2026-05-07,2026-05-07,2026-05-07T22:40:00Z,823870,P,Scheduled,Kyle Stowers,kyle_stowers,hitter,MIA,146,BAL,110,1,RBI,0.39348902288188015,0.0,0.5,synthetic,0,0.0,,,-0.10651097711811985,16,2026-05-06,et,et,1.0,0.10002324064824064,0.256541691457109
2026-05-07,2026-05-07,2026-05-07T22:40:00Z,823870,P,Scheduled,Leody Taveras,leody_taveras,hitter,MIA,110,BAL,146,1,H,1.2617245516388373,0.8,0.5,synthetic,0,0.0,,,0.7617245516388373,40,2026-05-06,et,et,1.0,0.5546756921446321,0.6717759368636993
2026-05-07,2026-05-07,2026-05-07T22:40:00Z,823870,P,Scheduled,Leody Taveras,leody_taveras,hitter,MIA,110,BAL,146,1,TB,1.6327500000000001,1.4,1.5,real,8,0.5345224838248488,162.0,-220.0,0.13275000000000015,40,2026-05-06,et,et,1.0,0.9519193469661558,1.3442059997465277
2026-05-07,2026-05-07,2026-05-07T22:40:00Z,823870,P,Scheduled,Leody Taveras,leody_taveras,hitter,MIA,110,BAL,146,1,R,0.6693223562152134,0.2,0.5,real,7,0.0,153.66666666666666,-208.5,0.1693223562152134,40,2026-05-06,et,et,1.0,0.4613991479276397,0.5056695666699621
2026-05-07,2026-05-07,2026-05-07T22:40:00Z,823870,P,Scheduled,Leody Taveras,leody_taveras,hitter,MIA,110,BAL,146,1,HR,0.17870000000000005,0.0,0.5,real,4,0.0,688.75,,-0.3212999999999999,40,2026-05-06,et,et,1.0,0.12325724719698097,0.27139293037394147
2026-05-07,2026-05-07,2026-05-07T22:40:00Z,823870,P,Scheduled,Leody Taveras,leody_taveras,hitter,MIA,110,BAL,146,1,RBI,1.1646723562152137,0.8,0.5,synthetic,0,0.0,,,0.6646723562152137,40,2026-05-06,et,et,1.0,0.6400555160372081,0.8877686922647776
2026-05-07,2026-05-07,2026-05-07T22:40:00Z,823870,P,Scheduled,Liam Hicks,liam_hicks,hitter,MIA,146,BAL,110,1,H,1.9700578849721708,1.2,1.5,synthetic,0,0.0,,,0.4700578849721708,40,2026-05-06,et,et,1.0,0.7058450201619869,0.9791877428156148
2026-05-07,2026-05-07,2026-05-07T22:40:00Z,823870,P,Scheduled,Liam Hicks,liam_hicks,hitter,MIA,146,BAL,110,1,TB,2.6621333333333332,2.4,1.5,real,8,0.46291004988627577,45.714285714285715,-78.0,1.1621333333333332,40,2026-05-06,et,et,1.0,1.4239243674028315,1.889979927355296
2026-05-07,2026-05-07,2026-05-07T22:40:00Z,823870,P,Scheduled,Liam Hicks,liam_hicks,hitter,MIA,146,BAL,110,1,R,0.9390723562152136,0.4,0.5,real,7,0.0,141.0,-189.4,0.43907235621521357,40,2026-05-06,et,et,1.0,0.5594744554230762,0.6185087567223043
2026-05-07,2026-05-07,2026-05-07T22:40:00Z,823870,P,Scheduled,Liam Hicks,liam_hicks,hitter,MIA,146,BAL,110,1,HR,0.4045333333333334,0.4,0.5,real,7,0.0,900.0,,-0.09546666666666659,40,2026-05-06,et,et,1.0,0.28913503197903806,0.4137453322758033
2026-05-07,2026-05-07,2026-05-07T22:40:00Z,823870,P,Scheduled,Liam Hicks,liam_hicks,hitter,MIA,146,BAL,110,1,RBI,1.6052390228818805,1.0,0.5,synthetic,0,0.0,,,1.1052390228818805,40,2026-05-06,et,et,1.0,1.0481804804423511,1.2659933225618423
2026-05-07,2026-05-07,2026-05-07T22:40:00Z,823870,P,Scheduled,Otto Lopez,otto_lopez,hitter,MIA,146,BAL,110,1,H,1.8763912183055043,1.8,1.5,synthetic,0,0.0,,,0.37639121830550426,41,2026-05-06,et,et,1.0,0.672210082441954,0.9031681861793551
2026-05-07,2026-05-07,2026-05-07T22:40:00Z,823870,P,Scheduled,Otto Lopez,otto_lopez,hitter,MIA,146,BAL,110,1,TB,3.013466666666667,2.6,1.5,real,8,0.0,106.71428571428571,-140.83333333333334,1.513466666666667,41,2026-05-06,et,et,1.0,1.2066890369682364,1.825521556614822
2026-05-07,2026-05-07,2026-05-07T22:40:00Z,823870,P,Scheduled,Otto Lopez,otto_lopez,hitter,MIA,146,BAL,110,1,R,1.1970723562152135,0.8,0.5,real,7,0.0,106.33333333333333,-142.8,0.6970723562152135,41,2026-05-06,et,et,1.0,0.6546078648396332,0.7873381025833541
2026-05-07,2026-05-07,2026-05-07T22:40:00Z,823870,P,Scheduled,Otto Lopez,otto_lopez,hitter,MIA,146,BAL,110,1,HR,0.4645333333333334,0.2,0.5,real,8,0.0,664.375,,-0.03546666666666659,41,2026-05-06,et,et,1.0,0.15162456925344384,0.30487319981321176
2026-05-07,2026-05-07,2026-05-07T22:40:00Z,823870,P,Scheduled,Otto Lopez,otto_lopez,hitter,MIA,146,BAL,110,1,RBI,1.1559056895485469,0.8,0.5,synthetic,0,0.0,,,0.6559056895485469,41,2026-05-06,et,et,1.0,0.5064622492705421,0.642364507646765
2026-05-07,2026-05-07,2026-05-07T22:40:00Z,823870,P,Scheduled,Pete Alonso,pete_alonso,hitter,MIA,110,BAL,146,1,H,1.8464745516388374,1.4,1.5,synthetic,0,0.0,,,0.34647455163883745,51,2026-05-06,et,et,1.0,0.6083718664731043,0.758006126407292
2026-05-07,2026-05-07,2026-05-07T22:40:00Z,823870,P,Scheduled,Pete Alonso,pete_alonso,hitter,MIA,110,BAL,146,1,TB,3.48455,3.2,1.5,real,8,0.0,131.42857142857142,-177.0,1.98455,51,2026-05-06,et,et,1.0,1.373694552129593,1.7187573553768898
2026-05-07,2026-05-07,2026-05-07T22:40:00Z,823870,P,Scheduled,Pete Alonso,pete_alonso,hitter,MIA,110,BAL,146,1,R,2.1383223562152134,1.6,0.5,real,7,0.0,122.66666666666667,-163.6,1.6383223562152134,51,2026-05-06,et,et,1.0,0.6104116489593588,0.8167808401410515
2026-05-07,2026-05-07,2026-05-07T22:40:00Z,823870,P,Scheduled,Pete Alonso,pete_alonso,hitter,MIA,110,BAL,146,1,HR,0.5295333333333333,0.4,0.5,real,8,0.0,420.25,,0.0295333333333333,51,2026-05-06,et,et,1.0,0.24139000883705308,0.3850294725121359
2026-05-07,2026-05-07,2026-05-07T22:40:00Z,823870,P,Scheduled,Pete Alonso,pete_alonso,hitter,MIA,110,BAL,146,1,RBI,1.3330723562152134,0.8,0.5,synthetic,0,0.0,,,0.8330723562152134,51,2026-05-06,et,et,1.0,0.567262139274356,0.8145250693827234
2026-05-07,2026-05-07,2026-05-07T22:40:00Z,823870,P,Scheduled,Samuel Basallo,samuel_basallo,hitter,MIA,110,BAL,146,1,H,1.8137245516388376,1.2,1.5,synthetic,0,0.0,,,0.3137245516388376,39,2026-05-06,et,et,1.0,0.8512210701072249,1.091179179010885
2026-05-07,2026-05-07,2026-05-07T22:40:00Z,823870,P,Scheduled,Samuel Basallo,samuel_basallo,hitter,MIA,110,BAL,146,1,TB,2.262,2.0,1.5,real,8,0.46291004988627577,42.833333333333336,-35.0,0.762,39,2026-05-06,et,et,1.0,1.9708311074254028,2.5434970335511005
2026-05-07,2026-05-07,2026-05-07T22:40:00Z,823870,P,Scheduled,Samuel Basallo,samuel_basallo,hitter,MIA,110,BAL,146,1,R,0.7670723562152135,0.2,0.5,real,7,0.0,144.5,-196.0,0.2670723562152135,39,2026-05-06,et,et,1.0,0.6148423188911474,0.706191300054148
2026-05-07,2026-05-07,2026-05-07T22:40:00Z,823870,P,Scheduled,Samuel Basallo,samuel_basallo,hitter,MIA,110,BAL,146,1,HR,0.024533333333333403,0.0,0.5,real,8,0.0,542.375,,-0.4754666666666666,39,2026-05-06,et,et,1.0,0.34990299035983513,0.4872714540338599
2026-05-07,2026-05-07,2026-05-07T22:40:00Z,823870,P,Scheduled,Samuel Basallo,samuel_basallo,hitter,MIA,110,BAL,146,1,RBI,1.7521723562152136,1.0,0.5,synthetic,0,0.0,,,1.2521723562152136,39,2026-05-06,et,et,1.0,0.9318392279555056,1.2502927290274402
2026-05-07,2026-05-07,2026-05-07T22:40:00Z,823870,P,Scheduled,Taylor Ward,taylor_ward,hitter,MIA,110,BAL,146,1,H,1.0264745516388374,0.4,0.5,synthetic,0,0.0,,,0.5264745516388374,45,2026-05-06,et,et,1.0,0.7973087833104119,1.128522181693332
2026-05-07,2026-05-07,2026-05-07T22:40:00Z,823870,P,Scheduled,Taylor Ward,taylor_ward,hitter,MIA,110,BAL,146,1,TB,0.60585,0.4,1.0,real,8,0.5345224838248488,-40.42857142857143,70.4,-0.39415,45,2026-05-06,et,et,1.0,1.2606329062189179,1.6939018652078728
2026-05-07,2026-05-07,2026-05-07T22:40:00Z,823870,P,Scheduled,Taylor Ward,taylor_ward,hitter,MIA,110,BAL,146,1,R,1.6310223562152135,1.0,0.5,real,7,0.0,119.33333333333333,-153.6,1.1310223562152135,45,2026-05-06,et,et,1.0,0.6924277101643149,0.8395359117749637
2026-05-07,2026-05-07,2026-05-07T22:40:00Z,823870,P,Scheduled,Taylor Ward,taylor_ward,hitter,MIA,110,BAL,146,1,HR,0.024533333333333403,0.0,0.5,real,8,0.0,685.625,,-0.4754666666666666,45,2026-05-06,et,et,1.0,0.09778810346084017,0.21721081814499604
2026-05-07,2026-05-07,2026-05-07T22:40:00Z,823870,P,Scheduled,Taylor Ward,taylor_ward,hitter,MIA,110,BAL,146,1,RBI,0.6032723562152135,0.2,0.5,synthetic,0,0.0,,,0.10327235621521347,45,2026-05-06,et,et,1.0,0.561347348030384,0.8239807007037928
2026-05-07,2026-05-07,2026-05-07T22:40:00Z,823870,P,Scheduled,Xavier Edwards,xavier_edwards,hitter,MIA,146,BAL,110,1,H,1.5500578849721707,1.2,1.5,synthetic,0,0.0,,,0.050057884972170674,46,2026-05-06,et,et,1.0,0.6894829323602184,0.8912572591544418
2026-05-07,2026-05-07,2026-05-07T22:40:00Z,823870,P,Scheduled,Xavier Edwards,xavier_edwards,hitter,MIA,146,BAL,110,1,TB,1.3963833333333333,2.0,1.5,real,8,0.0,,,-0.10361666666666669,46,2026-05-06,et,et,1.0,1.0989333937463306,1.4198841676109784
2026-05-07,2026-05-07,2026-05-07T22:40:00Z,823870,P,Scheduled,Xavier Edwards,xavier_edwards,hitter,MIA,146,BAL,110,1,R,0.7318223562152135,0.4,0.5,real,7,0.0,,,0.23182235621521352,46,2026-05-06,et,et,1.0,0.5378941178850843,0.7000451617420397
2026-05-07,2026-05-07,2026-05-07T22:40:00Z,823870,P,Scheduled,Xavier Edwards,xavier_edwards,hitter,MIA,146,BAL,110,1,HR,0.1645333333333334,0.2,0.5,synthetic,0,0.0,,,-0.3354666666666666,46,2026-05-06,et,et,1.0,0.0678250753745643,0.20851912670720596
2026-05-07,2026-05-07,2026-05-07T22:40:00Z,823870,P,Scheduled,Xavier Edwards,xavier_edwards,hitter,MIA,146,BAL,110,1,RBI,0.5987390228818802,0.4,0.5,synthetic,0,0.0,,,0.09873902288188019,46,2026-05-06,et,et,1.0,0.4001658518830732,0.5976633690918068
2026-05-07,2026-05-07,2026-05-07T22:40:00Z,823870,P,Scheduled,Eury Pérez,eury_pérez,pitcher,MIA,146,BAL,110,1,K,4.882457300275481,5.4,5.5,synthetic,0,0.0,,,-0.6175426997245186,11,2026-05-06,et,et,1.0,1.3341269841269843,1.7526005421370656
2026-05-07,2026-05-07,2026-05-07T22:40:00Z,823870,P,Scheduled,Eury Pérez,eury_pérez,pitcher,MIA,146,BAL,110,1,ER,2.1430750000000005,2.2,2.5,synthetic,0,0.0,,,-0.3569249999999995,11,2026-05-06,et,et,1.0,1.3870851370851371,1.6702910670187772
2026-05-07,2026-05-07,2026-05-07T22:40:00Z,823870,P,Scheduled,Eury Pérez,eury_pérez,pitcher,MIA,146,BAL,110,1,ERA,3.857535000000001,4.140000000000001,4.1,synthetic,0,0.0,,,-0.24246499999999882,11,2026-05-06,et,et,1.0,2.6369812925170066,3.3938484578567416
2026-05-07,2026-05-07,2026-05-07T22:40:00Z,823870,P,Scheduled,Sandy Alcantara,sandy_alcantara,pitcher,MIA,146,BAL,110,1,K,3.450457300275482,3.8,3.5,synthetic,0,0.0,,,-0.04954269972451808,11,2026-05-05,et,et,1.0,1.1547619047619049,1.634689055314634
2026-05-07,2026-05-07,2026-05-07T22:40:00Z,823870,P,Scheduled,Sandy Alcantara,sandy_alcantara,pitcher,MIA,146,BAL,110,1,ER,2.863075,3.2,3.5,synthetic,0,0.0,,,-0.6369250000000002,11,2026-05-05,et,et,1.0,1.7964646464646465,2.565335371209562
2026-05-07,2026-05-07,2026-05-07T22:40:00Z,823870,P,Scheduled,Sandy Alcantara,sandy_alcantara,pitcher,MIA,146,BAL,110,1,ERA,5.946386538461538,4.752,4.8,synthetic,0,0.0,,,1.1463865384615382,11,2026-05-05,et,et,1.0,3.241047833119262,4.7461733070070995
2026-05-07,2026-05-07,2026-05-07T22:40:00Z,823870,P,Scheduled,Andrew Nardi,andrew_nardi,pitcher,MIA,146,BAL,110,1,K,1.1584573002754819,1.2,2.5,synthetic,0,0.0,,,-1.3415426997245181,19,2026-05-05,et,et,1.0,0.6831423822135897,0.8842322370810295
2026-05-07,2026-05-07,2026-05-07T22:40:00Z,823870,P,Scheduled,Andrew Nardi,andrew_nardi,pitcher,MIA,146,BAL,110,1,ER,0.6710750000000002,0.6,0.5,synthetic,0,0.0,,,0.1710750000000002,19,2026-05-05,et,et,1.0,0.6009972741396891,1.0347952332598793
2026-05-07,2026-05-07,2026-05-07T22:40:00Z,823870,P,Scheduled,Andrew Nardi,andrew_nardi,pitcher,MIA,146,BAL,110,1,ERA,6.039675000000002,5.4,5.4,synthetic,0,0.0,,,0.6396750000000013,19,2026-05-05,et,et,1.0,6.682375944488948,10.789114769242808
2026-05-07,2026-05-07,2026-05-07T22:40:00Z,823870,P,Scheduled,Anthony Nunez,anthony_nunez,pitcher,BAL,110,MIA,146,0,K,0.8453333333333332,0.8,2.5,synthetic,0,0.0,,,-1.654666666666667,20,2026-05-06,et,et,1.0,0.6736764570568751,0.8352621694340568
2026-05-07,2026-05-07,2026-05-07T22:40:00Z,823870,P,Scheduled,Anthony Nunez,anthony_nunez,pitcher,BAL,110,MIA,146,0,ER,1.1118083333333333,1.4,1.5,synthetic,0,0.0,,,-0.3881916666666667,20,2026-05-06,et,et,1.0,0.5092131831876413,0.8954065078262644
2026-05-07,2026-05-07,2026-05-07T22:40:00Z,823870,P,Scheduled,Anthony Nunez,anthony_nunez,pitcher,BAL,110,MIA,146,0,ERA,7.504706249999999,6.3,6.3,synthetic,0,0.0,,,1.2047062499999992,20,2026-05-06,et,et,1.0,3.0419753060407086,5.61614244191687
2026-05-07,2026-05-07,2026-05-07T22:40:00Z,823870,P,Scheduled,Rico Garcia,rico_garcia,pitcher,BAL,110,MIA,146,0,K,1.129333333333333,1.0,2.5,synthetic,0,0.0,,,-1.370666666666667,21,2026-05-06,et,et,1.0,0.5761476812947401,0.8408902839398988
2026-05-07,2026-05-07,2026-05-07T22:40:00Z,823870,P,Scheduled,Rico Garcia,rico_garcia,pitcher,BAL,110,MIA,146,0,ER,0.0,0.0,0.5,synthetic,0,0.0,,,-0.5,21,2026-05-06,et,et,1.0,0.22862189737466163,0.3459843318633376
2026-05-07,2026-05-07,2026-05-07T22:40:00Z,823870,P,Scheduled,Rico Garcia,rico_garcia,pitcher,BAL,110,MIA,146,0,ERA,0.0,0.0,1.5,synthetic,0,0.0,,,-1.5,21,2026-05-06,et,et,1.0,5.018924945760418,7.626156860511582
2026-05-07,2026-05-07,2026-05-07T22:40:00Z,823870,P,Scheduled,Grant Wolfram,grant_wolfram,pitcher,BAL,110,MIA,146,0,K,0.9853333333333333,0.8,2.5,synthetic,0,0.0,,,-1.5146666666666668,20,2026-05-06,et,et,1.0,0.8185826312490398,0.9518701890521253
2026-05-07,2026-05-07,2026-05-07T22:40:00Z,823870,P,Scheduled,Grant Wolfram,grant_wolfram,pitcher,BAL,110,MIA,146,0,ER,0.21580833333333332,0.6,0.5,synthetic,0,0.0,,,-0.2841916666666667,20,2026-05-06,et,et,1.0,0.43202164085484523,0.6924919521073151
2026-05-07,2026-05-07,2026-05-07T22:40:00Z,823870,P,Scheduled,Grant Wolfram,grant_wolfram,pitcher,BAL,110,MIA,146,0,ERA,1.942275,2.7,2.7,synthetic,0,0.0,,,-0.7577250000000002,20,2026-05-06,et,et,1.0,3.4880989482653577,5.674278226464689
2026-05-07,2026-05-07,2026-05-07T23:10:00Z,824767,P,Scheduled,Ben Williamson,ben_williamson,hitter,BOS,139,TB,141,1,H,1.0021281438891345,1.0,0.5,synthetic,0,0.0,,,0.5021281438891345,45,2026-05-06,et,et,1.0,0.7261194843159505,0.9309993158768659
2026-05-07,2026-05-07,2026-05-07T23:10:00Z,824767,P,Scheduled,Ben Williamson,ben_williamson,hitter,BOS,139,TB,141,1,TB,1.0027455882352942,1.0,1.5,real,8,0.4629100498862757,53.142857142857146,-63.8,-0.49725441176470575,45,2026-05-06,et,et,1.0,1.2625331382839908,1.6673530194848831
2026-05-07,2026-05-07,2026-05-07T23:10:00Z,824767,P,Scheduled,Ben Williamson,ben_williamson,hitter,BOS,139,TB,141,1,R,0.038010670057496615,0.2,0.5,real,7,0.0,163.0,-229.0,-0.4619893299425034,45,2026-05-06,et,et,1.0,0.5634354369819689,0.6730568668717074
2026-05-07,2026-05-07,2026-05-07T23:10:00Z,824767,P,Scheduled,Ben Williamson,ben_williamson,hitter,BOS,139,TB,141,1,HR,0.025600000000000022,0.0,0.5,real,7,0.0,1108.5714285714287,,-0.4744,45,2026-05-06,et,et,1.0,0.17474855445543486,0.267729638797294
2026-05-07,2026-05-07,2026-05-07T23:10:00Z,824767,P,Scheduled,Ben Williamson,ben_williamson,hitter,BOS,139,TB,141,1,RBI,0.20325331711632022,0.2,0.5,synthetic,0,0.0,,,-0.2967466828836798,45,2026-05-06,et,et,1.0,0.7259179866811656,0.9691067633302026
2026-05-07,2026-05-07,2026-05-07T23:10:00Z,824767,P,Scheduled,Caleb Durbin,caleb_durbin,hitter,BOS,111,TB,116,1,H,0.6175561981877772,0.6,0.5,synthetic,0,0.0,,,0.11755619818777718,49,2026-05-06,et,et,1.0,0.7083847517765776,0.8653801154234101
2026-05-07,2026-05-07,2026-05-07T23:10:00Z,824767,P,Scheduled,Caleb Durbin,caleb_durbin,hitter,BOS,111,TB,116,1,TB,1.0971250000000001,0.6,1.5,real,7,0.5345224838248488,17.333333333333332,-40.4,-0.40287499999999987,49,2026-05-06,et,et,1.0,1.1105144084061773,1.4853010228300427
2026-05-07,2026-05-07,2026-05-07T23:10:00Z,824767,P,Scheduled,Caleb Durbin,caleb_durbin,hitter,BOS,111,TB,116,1,R,0.3367561451706188,0.4,0.5,real,6,0.0,167.4,-228.6,-0.1632438548293812,49,2026-05-06,et,et,1.0,0.6147665902231673,0.7497942465512311
2026-05-07,2026-05-07,2026-05-07T23:10:00Z,824767,P,Scheduled,Caleb Durbin,caleb_durbin,hitter,BOS,111,TB,116,1,HR,0.1369583333333334,0.0,0.5,real,6,0.0,1145.0,,-0.3630416666666666,49,2026-05-06,et,et,1.0,0.025120309423852412,0.14323911360725794
2026-05-07,2026-05-07,2026-05-07T23:10:00Z,824767,P,Scheduled,Caleb Durbin,caleb_durbin,hitter,BOS,111,TB,116,1,RBI,0.2290157605552342,0.2,0.5,synthetic,0,0.0,,,-0.2709842394447658,49,2026-05-06,et,et,1.0,0.5249204236500973,0.6852487490140836
2026-05-07,2026-05-07,2026-05-07T23:10:00Z,824767,P,Scheduled,Ceddanne Rafaela,ceddanne_rafaela,hitter,BOS,111,TB,116,1,H,1.301556198187777,1.4,1.5,synthetic,0,0.0,,,-0.198443801812223,45,2026-05-06,et,et,1.0,0.7283289819647021,0.9758920620819019
2026-05-07,2026-05-07,2026-05-07T23:10:00Z,824767,P,Scheduled,Ceddanne Rafaela,ceddanne_rafaela,hitter,BOS,111,TB,116,1,TB,2.2375000000000003,2.0,1.5,real,8,0.0,138.85714285714286,-185.66666666666666,0.7375000000000003,45,2026-05-06,et,et,1.0,1.5693310939643632,2.0507237211484
2026-05-07,2026-05-07,2026-05-07T23:10:00Z,824767,P,Scheduled,Ceddanne Rafaela,ceddanne_rafaela,hitter,BOS,111,TB,116,1,R,0.5218811451706188,0.4,0.5,real,7,0.0,141.0,-187.0,0.021881145170618788,45,2026-05-06,et,et,1.0,0.6296857841027139,0.7245739912256733
2026-05-07,2026-05-07,2026-05-07T23:10:00Z,824767,P,Scheduled,Ceddanne Rafaela,ceddanne_rafaela,hitter,BOS,111,TB,116,1,HR,0.2613333333333334,0.2,0.5,real,8,0.0,739.375,,-0.23866666666666658,45,2026-05-06,et,et,1.0,0.25399096525388587,0.33929205125922246
2026-05-07,2026-05-07,2026-05-07T23:10:00Z,824767,P,Scheduled,Ceddanne Rafaela,ceddanne_rafaela,hitter,BOS,111,TB,116,1,RBI,1.1252657605552343,0.8,0.5,synthetic,0,0.0,,,0.6252657605552343,45,2026-05-06,et,et,1.0,0.8330786274011266,1.165796816011301
2026-05-07,2026-05-07,2026-05-07T23:10:00Z,824767,P,Scheduled,Chandler Simpson,chandler_simpson,hitter,BOS,139,TB,141,1,H,1.0021281438891345,1.0,0.5,synthetic,0,0.0,,,0.5021281438891345,49,2026-05-06,et,et,1.0,0.661899130534691,0.8385284852885609
2026-05-07,2026-05-07,2026-05-07T23:10:00Z,824767,P,Scheduled,Chandler Simpson,chandler_simpson,hitter,BOS,139,TB,141,1,TB,1.0252455882352942,1.0,1.5,real,8,0.0,129.66666666666666,-171.66666666666666,-0.4747544117647058,49,2026-05-06,et,et,1.0,0.8327631988409944,1.1389108632345502
2026-05-07,2026-05-07,2026-05-07T23:10:00Z,824767,P,Scheduled,Chandler Simpson,chandler_simpson,hitter,BOS,139,TB,141,1,R,0.5795106700574967,0.8,0.5,real,7,0.0,117.5,-159.5,0.07951067005749668,49,2026-05-06,et,et,1.0,0.555935449086365,0.601434901045387
2026-05-07,2026-05-07,2026-05-07T23:10:00Z,824767,P,Scheduled,Chandler Simpson,chandler_simpson,hitter,BOS,139,TB,141,1,HR,0.025600000000000022,0.0,0.5,real,3,0.0,2216.6666666666665,,-0.4744,49,2026-05-06,et,et,1.0,0.051629161655017644,0.14808633095204732
2026-05-07,2026-05-07,2026-05-07T23:10:00Z,824767,P,Scheduled,Chandler Simpson,chandler_simpson,hitter,BOS,139,TB,141,1,RBI,0.0582533171163202,0.2,0.5,synthetic,0,0.0,,,-0.4417466828836798,49,2026-05-06,et,et,1.0,0.37179201617265323,0.5310382395473898
2026-05-07,2026-05-07,2026-05-07T23:10:00Z,824767,P,Scheduled,Connor Wong,connor_wong,hitter,BOS,111,TB,116,1,H,0.327531153465058,0.4,0.5,synthetic,0,0.0,,,-0.172468846534942,27,2026-05-05,et,et,1.0,0.5110775827750595,0.7159717895236898
2026-05-07,2026-05-07,2026-05-07T23:10:00Z,824767,P,Scheduled,Connor Wong,connor_wong,hitter,BOS,111,TB,116,1,TB,0.6849563953488372,0.6,1.5,real,7,0.5345224838248488,40.8,-70.0,-0.8150436046511628,27,2026-05-05,et,et,1.0,0.7198680418148421,1.0803968501319647
2026-05-07,2026-05-07,2026-05-07T23:10:00Z,824767,P,Scheduled,Connor Wong,connor_wong,hitter,BOS,111,TB,116,1,R,0.38148467826543087,0.4,0.5,real,6,0.0,162.6,-220.0,-0.11851532173456913,27,2026-05-05,et,et,1.0,0.19774194558332547,0.36807869975931856
2026-05-07,2026-05-07,2026-05-07T23:10:00Z,824767,P,Scheduled,Connor Wong,connor_wong,hitter,BOS,111,TB,116,1,HR,0.0213333333333334,0.0,0.5,real,6,0.0,912.5,,-0.4786666666666666,27,2026-05-05,et,et,1.0,0.0,0.0
2026-05-07,2026-05-07,2026-05-07T23:10:00Z,824767,P,Scheduled,Connor Wong,connor_wong,hitter,BOS,111,TB,116,1,RBI,0.35529572477705884,0.6,0.5,synthetic,0,0.0,,,-0.14470427522294116,27,2026-05-05,et,et,1.0,0.4230558511322335,0.7436050054884242
2026-05-07,2026-05-07,2026-05-07T23:10:00Z,824767,P,Scheduled,Jarren Duran,jarren_duran,hitter,BOS,111,TB,116,1,H,0.9192485058800849,1.4,1.5,synthetic,0,0.0,,,-0.5807514941199151,40,2026-05-06,et,et,1.0,0.6859703407549655,0.8362456016528945
2026-05-07,2026-05-07,2026-05-07T23:10:00Z,824767,P,Scheduled,Jarren Duran,jarren_duran,hitter,BOS,111,TB,116,1,TB,2.13845,3.2,1.5,real,8,0.0,108.85714285714286,-144.66666666666666,0.6384500000000002,40,2026-05-06,et,et,1.0,1.1135707202425802,1.5937109282401771
2026-05-07,2026-05-07,2026-05-07T23:10:00Z,824767,P,Scheduled,Jarren Duran,jarren_duran,hitter,BOS,111,TB,116,1,R,0.41423883747831103,0.6,0.5,real,7,0.0,-1.5,-131.4,-0.08576116252168897,40,2026-05-06,et,et,1.0,0.5422335321516215,0.577968938374587
2026-05-07,2026-05-07,2026-05-07T23:10:00Z,824767,P,Scheduled,Jarren Duran,jarren_duran,hitter,BOS,111,TB,116,1,HR,0.44133333333333336,0.6,0.5,real,8,0.0,598.125,,-0.058666666666666645,40,2026-05-06,et,et,1.0,0.11474950712137615,0.3050498376047792
2026-05-07,2026-05-07,2026-05-07T23:10:00Z,824767,P,Scheduled,Jarren Duran,jarren_duran,hitter,BOS,111,TB,116,1,RBI,0.9027196067090804,1.4,1.5,synthetic,0,0.0,,,-0.5972803932909196,40,2026-05-06,et,et,1.0,0.5643775806250755,0.9127885961490447
2026-05-07,2026-05-07,2026-05-07T23:10:00Z,824767,P,Scheduled,Jonathan Aranda,jonathan_aranda,hitter,BOS,139,TB,141,1,H,1.8181281438891348,2.2,2.5,synthetic,0,0.0,,,-0.6818718561108652,45,2026-05-06,et,et,1.0,0.8758533266372451,1.0631816355320496
2026-05-07,2026-05-07,2026-05-07T23:10:00Z,824767,P,Scheduled,Jonathan Aranda,jonathan_aranda,hitter,BOS,139,TB,141,1,TB,2.169370588235294,2.4,1.5,real,8,0.3535533905932738,93.85714285714286,-123.0,0.669370588235294,45,2026-05-06,et,et,1.0,1.6454458087011963,2.0179923032551885
2026-05-07,2026-05-07,2026-05-07T23:10:00Z,824767,P,Scheduled,Jonathan Aranda,jonathan_aranda,hitter,BOS,139,TB,141,1,R,0.25188567005749657,0.2,0.5,real,7,0.0,130.66666666666666,-177.8,-0.24811432994250343,45,2026-05-06,et,et,1.0,0.5873301019500212,0.6567475405396959
2026-05-07,2026-05-07,2026-05-07T23:10:00Z,824767,P,Scheduled,Jonathan Aranda,jonathan_aranda,hitter,BOS,139,TB,141,1,HR,0.025600000000000022,0.0,0.5,real,7,0.0,727.8571428571429,,-0.4744,45,2026-05-06,et,et,1.0,0.28522143654062504,0.4491007433095147
2026-05-07,2026-05-07,2026-05-07T23:10:00Z,824767,P,Scheduled,Jonathan Aranda,jonathan_aranda,hitter,BOS,139,TB,141,1,RBI,0.7170033171163203,0.8,0.5,synthetic,0,0.0,,,0.21700331711632026,45,2026-05-06,et,et,1.0,0.6619166978361893,0.866008819378873
2026-05-07,2026-05-07,2026-05-07T23:10:00Z,824767,P,Scheduled,Jonny DeLuca,jonny_deluca,hitter,BOS,139,TB,141,1,H,0.4501281438891346,0.6,0.5,synthetic,0,0.0,,,-0.04987185611086542,39,2026-05-06,et,et,1.0,0.6545773157177113,0.7488886429935352
2026-05-07,2026-05-07,2026-05-07T23:10:00Z,824767,P,Scheduled,Jonny DeLuca,jonny_deluca,hitter,BOS,139,TB,141,1,TB,0.9639955882352942,0.8,1.5,real,8,0.0,135.57142857142858,-182.33333333333334,-0.5360044117647058,39,2026-05-06,et,et,1.0,1.0131751018498432,1.2323929196617491
2026-05-07,2026-05-07,2026-05-07T23:10:00Z,824767,P,Scheduled,Jonny DeLuca,jonny_deluca,hitter,BOS,139,TB,141,1,R,0.12776067005749664,0.2,0.5,real,7,0.0,136.83333333333334,-187.0,-0.37223932994250336,39,2026-05-06,et,et,1.0,0.5328568165828548,0.6602747958529221
2026-05-07,2026-05-07,2026-05-07T23:10:00Z,824767,P,Scheduled,Jonny DeLuca,jonny_deluca,hitter,BOS,139,TB,141,1,HR,0.14122500000000002,0.0,0.5,real,8,0.0,726.25,,-0.35877499999999996,39,2026-05-06,et,et,1.0,0.0867434273641642,0.22677967196608187
2026-05-07,2026-05-07,2026-05-07T23:10:00Z,824767,P,Scheduled,Jonny DeLuca,jonny_deluca,hitter,BOS,139,TB,141,1,RBI,0.0,0.0,0.5,synthetic,0,0.0,,,-0.5,39,2026-05-06,et,et,1.0,0.6709906126602758,0.8172295705700475
2026-05-07,2026-05-07,2026-05-07T23:10:00Z,824767,P,Scheduled,Junior Caminero,junior_caminero,hitter,BOS,139,TB,141,1,H,0.7261281438891346,0.8,0.5,synthetic,0,0.0,,,0.2261281438891346,42,2026-05-06,et,et,1.0,0.5953358998895497,0.9358714788021166
2026-05-07,2026-05-07,2026-05-07T23:10:00Z,824767,P,Scheduled,Junior Caminero,junior_caminero,hitter,BOS,139,TB,141,1,TB,1.033120588235294,1.4,1.5,real,8,0.0,40.857142857142854,-132.0,-0.46687941176470593,42,2026-05-06,et,et,1.0,1.6258084188666357,2.1045463752780016
2026-05-07,2026-05-07,2026-05-07T23:10:00Z,824767,P,Scheduled,Junior Caminero,junior_caminero,hitter,BOS,139,TB,141,1,R,0.3571356700574966,0.8,0.5,real,7,0.0,-37.0,-126.4,-0.14286432994250342,42,2026-05-06,et,et,1.0,0.6253660446518,0.7164552520551373
2026-05-07,2026-05-07,2026-05-07T23:10:00Z,824767,P,Scheduled,Junior Caminero,junior_caminero,hitter,BOS,139,TB,141,1,HR,0.1656,0.2,0.5,real,8,0.0,380.0,,-0.33440000000000003,42,2026-05-06,et,et,1.0,0.36330184406945853,0.5028996931269696
2026-05-07,2026-05-07,2026-05-07T23:10:00Z,824767,P,Scheduled,Junior Caminero,junior_caminero,hitter,BOS,139,TB,141,1,RBI,0.0,0.2,0.5,synthetic,0,0.0,,,-0.5,42,2026-05-06,et,et,1.0,0.5768321750091566,0.7556840260674016
2026-05-07,2026-05-07,2026-05-07T23:10:00Z,824767,P,Scheduled,Marcelo Mayer,marcelo_mayer,hitter,BOS,111,TB,116,1,H,0.8895561981877772,1.0,0.5,synthetic,0,0.0,,,0.3895561981877772,45,2026-05-06,et,et,1.0,0.6479258538440932,0.7477258689521394
2026-05-07,2026-05-07,2026-05-07T23:10:00Z,824767,P,Scheduled,Marcelo Mayer,marcelo_mayer,hitter,BOS,111,TB,116,1,TB,1.08,1.0,1.5,real,8,0.5175491695067657,22.0,-16.8,-0.41999999999999993,45,2026-05-06,et,et,1.0,0.844910022447923,1.219445068551633
2026-05-07,2026-05-07,2026-05-07T23:10:00Z,824767,P,Scheduled,Marcelo Mayer,marcelo_mayer,hitter,BOS,111,TB,116,1,R,0.003381145170618771,0.0,0.5,real,7,0.0,147.66666666666666,-195.6,-0.49661885482938123,45,2026-05-06,et,et,1.0,0.4842657792761394,0.5676631389311538
2026-05-07,2026-05-07,2026-05-07T23:10:00Z,824767,P,Scheduled,Marcelo Mayer,marcelo_mayer,hitter,BOS,111,TB,116,1,HR,0.0213333333333334,0.0,0.5,real,7,0.0,775.7142857142857,,-0.4786666666666666,45,2026-05-06,et,et,1.0,0.04055524969300928,0.15120257628050798
2026-05-07,2026-05-07,2026-05-07T23:10:00Z,824767,P,Scheduled,Marcelo Mayer,marcelo_mayer,hitter,BOS,111,TB,116,1,RBI,0.25226576055523425,0.2,0.5,synthetic,0,0.0,,,-0.24773423944476575,45,2026-05-06,et,et,1.0,0.27227893397294245,0.4640030480777308
2026-05-07,2026-05-07,2026-05-07T23:10:00Z,824767,P,Scheduled,Masataka Yoshida,masataka_yoshida,hitter,BOS,111,TB,116,1,H,0.8895561981877772,1.0,0.5,synthetic,0,0.0,,,0.3895561981877772,27,2026-05-06,et,et,1.0,0.736146671444304,0.9595476536677425
2026-05-07,2026-05-07,2026-05-07T23:10:00Z,824767,P,Scheduled,Masataka Yoshida,masataka_yoshida,hitter,BOS,111,TB,116,1,TB,1.3665,1.2,1.5,real,6,0.0,124.6,-165.4,-0.13349999999999995,27,2026-05-06,et,et,1.0,0.9852582937326658,1.4613900287681958
2026-05-07,2026-05-07,2026-05-07T23:10:00Z,824767,P,Scheduled,Masataka Yoshida,masataka_yoshida,hitter,BOS,111,TB,116,1,R,0.31888114517061883,0.2,0.5,real,6,0.408248290463863,264.2,-500.8,-0.18111885482938117,27,2026-05-06,et,et,1.0,0.44265918530329024,0.5709620809610522
2026-05-07,2026-05-07,2026-05-07T23:10:00Z,824767,P,Scheduled,Masataka Yoshida,masataka_yoshida,hitter,BOS,111,TB,116,1,HR,0.0213333333333334,0.0,0.5,real,5,0.0,882.0,,-0.4786666666666666,27,2026-05-06,et,et,1.0,0.0,0.0
2026-05-07,2026-05-07,2026-05-07T23:10:00Z,824767,P,Scheduled,Masataka Yoshida,masataka_yoshida,hitter,BOS,111,TB,116,1,RBI,0.0,0.0,0.5,synthetic,0,0.0,,,-0.5,27,2026-05-06,et,et,1.0,0.6087869641076294,0.8274219480183317
2026-05-07,2026-05-07,2026-05-07T23:10:00Z,824767,P,Scheduled,Nick Fortes,nick_fortes,hitter,BOS,139,TB,141,1,H,0.27089284977148753,0.4,0.5,synthetic,0,0.0,,,-0.22910715022851247,40,2026-05-06,et,et,1.0,0.5297807811547912,0.7219858904880461
2026-05-07,2026-05-07,2026-05-07T23:10:00Z,824767,P,Scheduled,Nick Fortes,nick_fortes,hitter,BOS,139,TB,141,1,TB,0.3745029411764706,0.4,1.5,real,7,0.5345224838248488,40.8,-61.25,-1.1254970588235294,40,2026-05-06,et,et,1.0,1.0086428028366687,1.2542012755370235
2026-05-07,2026-05-07,2026-05-07T23:10:00Z,824767,P,Scheduled,Nick Fortes,nick_fortes,hitter,BOS,139,TB,141,1,R,0.0,0.0,0.5,real,6,0.0,171.8,-236.0,-0.5,40,2026-05-06,et,et,1.0,0.3996918844075417,0.44418288354576596
2026-05-07,2026-05-07,2026-05-07T23:10:00Z,824767,P,Scheduled,Nick Fortes,nick_fortes,hitter,BOS,139,TB,141,1,HR,0.025600000000000022,0.0,0.5,real,6,0.0,908.3333333333334,,-0.4744,40,2026-05-06,et,et,1.0,0.2110004792799796,0.30014068311149605
2026-05-07,2026-05-07,2026-05-07T23:10:00Z,824767,P,Scheduled,Nick Fortes,nick_fortes,hitter,BOS,139,TB,141,1,RBI,0.0,0.0,0.5,synthetic,0,0.0,,,-0.5,40,2026-05-06,et,et,1.0,0.43900104244964017,0.5177213942429769
2026-05-07,2026-05-07,2026-05-07T23:10:00Z,824767,P,Scheduled,Roman Anthony,roman_anthony,hitter,BOS,111,TB,116,1,H,0.8537869674185464,1.2,1.5,synthetic,0,0.0,,,-0.6462130325814536,35,2026-05-04,et,et,1.0,0.7175179340633256,0.9108262362030888
2026-05-07,2026-05-07,2026-05-07T23:10:00Z,824767,P,Scheduled,Roman Anthony,roman_anthony,hitter,BOS,111,TB,116,1,TB,1.18825,1.6,1.5,real,3,0.0,,,-0.31174999999999997,35,2026-05-04,et,et,1.0,1.2265852408403541,1.4631877708136816
2026-05-07,2026-05-07,2026-05-07T23:10:00Z,824767,P,Scheduled,Roman Anthony,roman_anthony,hitter,BOS,111,TB,116,1,R,0.0,0.2,0.5,real,2,0.0,,,-0.5,35,2026-05-04,et,et,1.0,0.6380691641283123,0.7226261389172983
2026-05-07,2026-05-07,2026-05-07T23:10:00Z,824767,P,Scheduled,Roman Anthony,roman_anthony,hitter,BOS,111,TB,116,1,HR,0.0213333333333334,0.0,0.5,synthetic,0,0.0,,,-0.4786666666666666,35,2026-05-04,et,et,1.0,0.17449862076921743,0.2733129634689726
2026-05-07,2026-05-07,2026-05-07T23:10:00Z,824767,P,Scheduled,Roman Anthony,roman_anthony,hitter,BOS,111,TB,116,1,RBI,0.0,0.0,0.5,synthetic,0,0.0,,,-0.5,35,2026-05-04,et,et,1.0,0.45455958530828955,0.5620781983965394
2026-05-07,2026-05-07,2026-05-07T23:10:00Z,824767,P,Scheduled,Ryan Vilade,ryan_vilade,hitter,BOS,139,TB,141,1,H,0.13489284977148755,0.2,0.5,synthetic,0,0.0,,,-0.3651071502285125,35,2026-05-06,et,et,1.0,0.7522017983025596,0.930380156646404
2026-05-07,2026-05-07,2026-05-07T23:10:00Z,824767,P,Scheduled,Ryan Vilade,ryan_vilade,hitter,BOS,139,TB,141,1,TB,0.5925029411764705,0.8,1.5,real,8,0.5175491695067657,52.666666666666664,-50.0,-0.9074970588235295,35,2026-05-06,et,et,1.0,1.1494407809607767,1.422720884795063
2026-05-07,2026-05-07,2026-05-07T23:10:00Z,824767,P,Scheduled,Ryan Vilade,ryan_vilade,hitter,BOS,139,TB,141,1,R,0.07257684652808477,0.2,0.5,real,7,0.0,146.16666666666666,-201.0,-0.42742315347191523,35,2026-05-06,et,et,1.0,0.5244443335197946,0.6973220695317961
2026-05-07,2026-05-07,2026-05-07T23:10:00Z,824767,P,Scheduled,Ryan Vilade,ryan_vilade,hitter,BOS,139,TB,141,1,HR,0.1656,0.2,0.5,real,7,0.0,828.5714285714286,,-0.33440000000000003,35,2026-05-06,et,et,1.0,0.09104161518531688,0.23958492880432222
2026-05-07,2026-05-07,2026-05-07T23:10:00Z,824767,P,Scheduled,Ryan Vilade,ryan_vilade,hitter,BOS,139,TB,141,1,RBI,0.4339150818222025,0.8,0.5,synthetic,0,0.0,,,-0.06608491817779749,35,2026-05-06,et,et,1.0,0.44591269440104314,0.6923521132671709
2026-05-07,2026-05-07,2026-05-07T23:10:00Z,824767,P,Scheduled,Taylor Walls,taylor_walls,hitter,BOS,139,TB,141,1,H,0.40689284977148743,0.6,0.5,synthetic,0,0.0,,,-0.09310715022851257,33,2026-05-06,et,et,1.0,0.6938650661203015,0.8410812362358071
2026-05-07,2026-05-07,2026-05-07T23:10:00Z,824767,P,Scheduled,Taylor Walls,taylor_walls,hitter,BOS,139,TB,141,1,TB,0.7260029411764706,0.8,1.5,real,7,0.5345224838248488,54.666666666666664,-161.8,-0.7739970588235294,33,2026-05-06,et,et,1.0,0.7911534278011088,0.9668263470622906
2026-05-07,2026-05-07,2026-05-07T23:10:00Z,824767,P,Scheduled,Taylor Walls,taylor_walls,hitter,BOS,139,TB,141,1,R,0.5617435131947516,0.6,0.5,real,6,0.0,173.0,-238.0,0.061743513194751576,33,2026-05-06,et,et,1.0,0.5212773819739738,0.6455302381042654
2026-05-07,2026-05-07,2026-05-07T23:10:00Z,824767,P,Scheduled,Taylor Walls,taylor_walls,hitter,BOS,139,TB,141,1,HR,0.025600000000000022,0.0,0.5,real,6,0.0,1253.3333333333333,,-0.4744,33,2026-05-06,et,et,1.0,0.0,0.0
2026-05-07,2026-05-07,2026-05-07T23:10:00Z,824767,P,Scheduled,Taylor Walls,taylor_walls,hitter,BOS,139,TB,141,1,RBI,0.2509150818222025,0.4,0.5,synthetic,0,0.0,,,-0.2490849181777975,33,2026-05-06,et,et,1.0,0.43146403293870195,0.5855212462821343
2026-05-07,2026-05-07,2026-05-07T23:10:00Z,824767,P,Scheduled,Trevor Story,trevor_story,hitter,BOS,111,TB,116,1,H,0.8855561981877772,1.2,1.5,synthetic,0,0.0,,,-0.6144438018122228,46,2026-05-06,et,et,1.0,0.6624834780033817,0.9517355529035537
2026-05-07,2026-05-07,2026-05-07T23:10:00Z,824767,P,Scheduled,Trevor Story,trevor_story,hitter,BOS,111,TB,116,1,TB,1.0102499999999999,1.4,1.5,real,8,0.0,134.28571428571428,-185.0,-0.48975000000000013,46,2026-05-06,et,et,1.0,1.2520036260151566,1.658372650791092
2026-05-07,2026-05-07,2026-05-07T23:10:00Z,824767,P,Scheduled,Trevor Story,trevor_story,hitter,BOS,111,TB,116,1,R,0.35213114517061883,0.4,0.5,real,7,0.0,125.0,-171.6,-0.14786885482938117,46,2026-05-06,et,et,1.0,0.5355413485607203,0.6324287442002122
2026-05-07,2026-05-07,2026-05-07T23:10:00Z,824767,P,Scheduled,Trevor Story,trevor_story,hitter,BOS,111,TB,116,1,HR,0.0213333333333334,0.0,0.5,real,8,0.0,644.375,,-0.4786666666666666,46,2026-05-06,et,et,1.0,0.080175781358631,0.20985878638175828
2026-05-07,2026-05-07,2026-05-07T23:10:00Z,824767,P,Scheduled,Trevor Story,trevor_story,hitter,BOS,111,TB,116,1,RBI,0.0,0.2,0.5,synthetic,0,0.0,,,-0.5,46,2026-05-06,et,et,1.0,0.6040507673496891,0.9441432329529815
2026-05-07,2026-05-07,2026-05-07T23:10:00Z,824767,P,Scheduled,Willson Contreras,willson_contreras,hitter,BOS,111,TB,116,1,H,0.9232485058800849,1.2,1.5,synthetic,0,0.0,,,-0.5767514941199151,44,2026-05-06,et,et,1.0,0.702843563782204,0.9748808134721584
2026-05-07,2026-05-07,2026-05-07T23:10:00Z,824767,P,Scheduled,Willson Contreras,willson_contreras,hitter,BOS,111,TB,116,1,TB,1.89235,2.0,1.5,real,8,0.0,124.0,-167.83333333333334,0.39235,44,2026-05-06,et,et,1.0,1.6383639518947435,2.1694778689668195
2026-05-07,2026-05-07,2026-05-07T23:10:00Z,824767,P,Scheduled,Willson Contreras,willson_contreras,hitter,BOS,111,TB,116,1,R,0.6083388374783112,0.6,0.5,real,7,0.0,-1.8333333333333333,-132.6,0.10833883747831119,44,2026-05-06,et,et,1.0,0.6061421511606697,0.7101253949007281
2026-05-07,2026-05-07,2026-05-07T23:10:00Z,824767,P,Scheduled,Willson Contreras,willson_contreras,hitter,BOS,111,TB,116,1,HR,0.2613333333333334,0.2,0.5,real,8,0.0,429.625,,-0.23866666666666658,44,2026-05-06,et,et,1.0,0.3131542822211272,0.4278990656170208
2026-05-07,2026-05-07,2026-05-07T23:10:00Z,824767,P,Scheduled,Willson Contreras,willson_contreras,hitter,BOS,111,TB,116,1,RBI,0.34131960670908046,0.4,0.5,synthetic,0,0.0,,,-0.15868039329091954,44,2026-05-06,et,et,1.0,0.818868889514983,1.1661731461163394
2026-05-07,2026-05-07,2026-05-07T23:10:00Z,824767,P,Scheduled,Wilyer Abreu,wilyer_abreu,hitter,BOS,111,TB,116,1,H,1.203248505880085,1.2,1.5,synthetic,0,0.0,,,-0.29675149411991497,43,2026-05-06,et,et,1.0,0.8462625508189006,1.017988406758787
2026-05-07,2026-05-07,2026-05-07T23:10:00Z,824767,P,Scheduled,Wilyer Abreu,wilyer_abreu,hitter,BOS,111,TB,116,1,TB,1.98625,1.8,1.5,real,8,0.0,111.28571428571429,-148.33333333333334,0.48625000000000007,43,2026-05-06,et,et,1.0,1.6865647857562913,2.1625961557936337
2026-05-07,2026-05-07,2026-05-07T23:10:00Z,824767,P,Scheduled,Wilyer Abreu,wilyer_abreu,hitter,BOS,111,TB,116,1,R,0.5224388374783111,0.6,0.5,real,7,0.0,109.5,-145.6,0.022438837478311102,43,2026-05-06,et,et,1.0,0.5781051623094974,0.6477515446448324
2026-05-07,2026-05-07,2026-05-07T23:10:00Z,824767,P,Scheduled,Wilyer Abreu,wilyer_abreu,hitter,BOS,111,TB,116,1,HR,0.2613333333333334,0.2,0.5,real,8,0.0,466.625,,-0.23866666666666658,43,2026-05-06,et,et,1.0,0.25582552450342844,0.361736742367349
2026-05-07,2026-05-07,2026-05-07T23:10:00Z,824767,P,Scheduled,Wilyer Abreu,wilyer_abreu,hitter,BOS,111,TB,116,1,RBI,0.4359196067090805,0.6,0.5,synthetic,0,0.0,,,-0.06408039329091952,43,2026-05-06,et,et,1.0,0.48916651162780417,0.599949028180679
2026-05-07,2026-05-07,2026-05-07T23:10:00Z,824767,P,Scheduled,Tyler Samaniego,tyler_samaniego,pitcher,BOS,111,TB,116,1,K,0.0,0.2,2.5,synthetic,0,0.0,,,-2.5,15,2026-05-06,et,et,1.0,1.1976469826469827,1.4424135331435326
2026-05-07,2026-05-07,2026-05-07T23:10:00Z,824767,P,Scheduled,Tyler Samaniego,tyler_samaniego,pitcher,BOS,111,TB,116,1,ER,0.1030769230769232,0.0,0.5,synthetic,0,0.0,,,-0.3969230769230768,15,2026-05-06,et,et,1.0,0.0,0.0
2026-05-07,2026-05-07,2026-05-07T23:10:00Z,824767,P,Scheduled,Tyler Samaniego,tyler_samaniego,pitcher,BOS,111,TB,116,1,ERA,0.4638461538461544,0.0,1.5,synthetic,0,0.0,,,-1.0361538461538455,15,2026-05-06,et,et,1.0,0.0,0.0
2026-05-07,2026-05-07,2026-05-07T23:10:00Z,824767,P,Scheduled,Greg Weissert,greg_weissert,pitcher,BOS,111,TB,116,1,K,0.09904207119741079,0.8,2.5,synthetic,0,0.0,,,-2.400957928802589,18,2026-05-06,et,et,1.0,0.7078573342053734,0.929502372787513
2026-05-07,2026-05-07,2026-05-07T23:10:00Z,824767,P,Scheduled,Greg Weissert,greg_weissert,pitcher,BOS,111,TB,116,1,ER,0.6950769230769231,0.6,0.5,synthetic,0,0.0,,,0.19507692307692315,18,2026-05-06,et,et,1.0,0.6791240667466157,0.8293601565043357
2026-05-07,2026-05-07,2026-05-07T23:10:00Z,824767,P,Scheduled,Greg Weissert,greg_weissert,pitcher,BOS,111,TB,116,1,ERA,6.255692307692309,6.75,6.8,synthetic,0,0.0,,,-0.544307692307691,18,2026-05-06,et,et,1.0,7.485201685569333,9.881535355439668
2026-05-07,2026-05-07,2026-05-07T23:10:00Z,824767,P,Scheduled,Zack Kelly,zack_kelly,pitcher,BOS,111,TB,116,1,K,0.2470420711974108,1.2,2.5,synthetic,0,0.0,,,-2.2529579288025894,18,2026-05-06,et,et,1.0,0.789098129539306,0.9094740288991376
2026-05-07,2026-05-07,2026-05-07T23:10:00Z,824767,P,Scheduled,Zack Kelly,zack_kelly,pitcher,BOS,111,TB,116,1,ER,0.4070769230769232,0.2,0.5,synthetic,0,0.0,,,-0.09292307692307678,18,2026-05-06,et,et,1.0,0.7900929045536887,0.9534271762961382
2026-05-07,2026-05-07,2026-05-07T23:10:00Z,824767,P,Scheduled,Zack Kelly,zack_kelly,pitcher,BOS,111,TB,116,1,ERA,3.663692307692309,1.8,1.8,synthetic,0,0.0,,,1.863692307692309,18,2026-05-06,et,et,1.0,6.1305901900387205,7.819406512625044
2026-05-07,2026-05-07,2026-05-07T23:10:00Z,824767,P,Scheduled,Griffin Jax,griffin_jax,pitcher,BOS,139,TB,137,1,K,0.8097087378640775,1.6,3.5,real,7,0.0,-73.0,-124.5,-2.6902912621359225,15,2026-05-02,et,et,1.0,0.8392366892366891,1.0321658668652745
2026-05-07,2026-05-07,2026-05-07T23:10:00Z,824767,P,Scheduled,Griffin Jax,griffin_jax,pitcher,BOS,139,TB,137,1,ER,0.5446769230769232,0.6,1.5,real,4,0.0,121.0,-166.25,-0.9553230769230768,15,2026-05-02,et,et,1.0,0.7484739334739334,0.9612876587884321
2026-05-07,2026-05-07,2026-05-07T23:10:00Z,824767,P,Scheduled,Griffin Jax,griffin_jax,pitcher,BOS,139,TB,137,1,ERA,1.8382846153846157,5.4,5.4,synthetic,0,0.0,,,-3.5617153846153844,15,2026-05-02,et,et,1.0,7.31306943056943,9.041199873322945
2026-05-07,2026-05-07,2026-05-07T23:10:00Z,824767,P,Scheduled,Bryan Baker,bryan_baker,pitcher,TB,139,BOS,141,0,K,1.4750967741935483,1.0,2.5,synthetic,0,0.0,,,-1.0249032258064517,21,2026-05-06,et,et,1.0,0.6491459549509085,0.8196492406464578
2026-05-07,2026-05-07,2026-05-07T23:10:00Z,824767,P,Scheduled,Bryan Baker,bryan_baker,pitcher,TB,139,BOS,141,0,ER,0.09891060606060609,0.0,0.5,synthetic,0,0.0,,,-0.4010893939393939,21,2026-05-06,et,et,1.0,0.8065168467092395,0.9669705458126379
2026-05-07,2026-05-07,2026-05-07T23:10:00Z,824767,P,Scheduled,Bryan Baker,bryan_baker,pitcher,TB,139,BOS,141,0,ERA,0.8901954545454548,0.0,1.5,synthetic,0,0.0,,,-0.6098045454545452,21,2026-05-06,et,et,1.0,7.258651620383153,8.70273491231374
2026-05-07,2026-05-07,2026-05-07T23:10:00Z,824767,P,Scheduled,Ian Seymour,ian_seymour,pitcher,TB,139,BOS,141,0,K,1.7550967741935484,1.0,2.5,synthetic,0,0.0,,,-0.7449032258064516,20,2026-05-06,et,et,1.0,1.3053029632905795,1.618625441278197
2026-05-07,2026-05-07,2026-05-07T23:10:00Z,824767,P,Scheduled,Ian Seymour,ian_seymour,pitcher,TB,139,BOS,141,0,ER,0.09891060606060609,0.0,0.5,synthetic,0,0.0,,,-0.4010893939393939,20,2026-05-06,et,et,1.0,0.9005605632327768,1.3603083245754688
2026-05-07,2026-05-07,2026-05-07T23:10:00Z,824767,P,Scheduled,Ian Seymour,ian_seymour,pitcher,TB,139,BOS,141,0,ERA,0.8901954545454548,0.0,1.5,synthetic,0,0.0,,,-0.6098045454545452,20,2026-05-06,et,et,1.0,3.9118041903916514,6.596716431683894
2026-05-07,2026-05-07,2026-05-07T23:10:00Z,824767,P,Scheduled,Kevin Kelly,kevin_kelly,pitcher,TB,139,BOS,141,0,K,1.4710967741935483,0.8,2.5,synthetic,0,0.0,,,-1.0289032258064517,22,2026-05-06,et,et,1.0,0.4906874318023347,0.6283304032711912
2026-05-07,2026-05-07,2026-05-07T23:10:00Z,824767,P,Scheduled,Kevin Kelly,kevin_kelly,pitcher,TB,139,BOS,141,0,ER,0.09891060606060609,0.0,0.5,synthetic,0,0.0,,,-0.4010893939393939,22,2026-05-06,et,et,1.0,0.7832991034827509,1.1870500659054704
2026-05-07,2026-05-07,2026-05-07T23:10:00Z,824767,P,Scheduled,Kevin Kelly,kevin_kelly,pitcher,TB,139,BOS,141,0,ERA,0.8901954545454548,0.0,1.5,synthetic,0,0.0,,,-0.6098045454545452,22,2026-05-06,et,et,1.0,13.915390625417364,29.515742381943994
2026-05-07,2026-05-07,2026-05-08T02:10:00Z,823306,P,Scheduled,Alec Burleson,alec_burleson,hitter,SD,138,STL,158,1,H,0.9404754483611626,1.2,1.5,synthetic,0,0.0,,,-0.5595245516388374,46,2026-05-06,et,et,1.0,0.8644937715792236,1.0693610443741042
2026-05-07,2026-05-07,2026-05-08T02:10:00Z,823306,P,Scheduled,Alec Burleson,alec_burleson,hitter,SD,138,STL,158,1,TB,1.3615749999999998,2.0,1.5,real,8,0.0,125.75,-169.16666666666666,-0.13842500000000024,46,2026-05-06,et,et,1.0,1.4876632557770662,1.814169055780957
2026-05-07,2026-05-07,2026-05-08T02:10:00Z,823306,P,Scheduled,Alec Burleson,alec_burleson,hitter,SD,138,STL,158,1,R,0.6660526437847867,0.8,0.5,real,7,0.0,137.85714285714286,-188.8,0.16605264378478668,46,2026-05-06,et,et,1.0,0.5236490759558592,0.6336646469172277
2026-05-07,2026-05-07,2026-05-08T02:10:00Z,823306,P,Scheduled,Alec Burleson,alec_burleson,hitter,SD,138,STL,158,1,HR,0.1656,0.2,0.5,real,9,0.0,540.0,,-0.33440000000000003,46,2026-05-06,et,et,1.0,0.1935539506293817,0.34509999221924553
2026-05-07,2026-05-07,2026-05-08T02:10:00Z,823306,P,Scheduled,Alec Burleson,alec_burleson,hitter,SD,138,STL,158,1,RBI,0.9250776437847866,1.2,1.5,synthetic,0,0.0,,,-0.5749223562152134,46,2026-05-06,et,et,1.0,0.7262901331060811,0.9722918366470956
2026-05-07,2026-05-07,2026-05-08T02:10:00Z,823306,P,Scheduled,Freddy Fermin,freddy_fermin,hitter,SD,135,STL,137,1,H,0.2892122904664258,0.2,0.5,synthetic,0,0.0,,,-0.21078770953357417,38,2026-05-06,et,et,1.0,0.6904293033236111,0.847254433592622
2026-05-07,2026-05-07,2026-05-08T02:10:00Z,823306,P,Scheduled,Freddy Fermin,freddy_fermin,hitter,SD,135,STL,137,1,TB,0.2595973684210526,0.4,1.0,real,2,0.7071067811865476,-155.0,115.0,-0.7404026315789474,38,2026-05-06,et,et,1.0,1.3299373878510563,1.7278672644934976
2026-05-07,2026-05-07,2026-05-08T02:10:00Z,823306,P,Scheduled,Freddy Fermin,freddy_fermin,hitter,SD,135,STL,137,1,R,0.0,0.0,0.5,real,2,0.0,175.0,-235.0,-0.5,38,2026-05-06,et,et,1.0,0.7706669412210332,0.956942587199784
2026-05-07,2026-05-07,2026-05-08T02:10:00Z,823306,P,Scheduled,Freddy Fermin,freddy_fermin,hitter,SD,135,STL,137,1,HR,0.025600000000000022,0.0,0.5,real,1,0.0,1000.0,,-0.4744,38,2026-05-06,et,et,1.0,0.17683787142921045,0.26567900035907105
2026-05-07,2026-05-07,2026-05-08T02:10:00Z,823306,P,Scheduled,Freddy Fermin,freddy_fermin,hitter,SD,135,STL,137,1,RBI,0.031717117468997164,0.0,0.5,synthetic,0,0.0,,,-0.4682828825310028,38,2026-05-06,et,et,1.0,0.8567753161563484,1.2599149874028215
2026-05-07,2026-05-07,2026-05-08T02:10:00Z,823306,P,Scheduled,Gavin Sheets,gavin_sheets,hitter,SD,135,STL,137,1,H,0.6665280799401099,0.4,0.5,synthetic,0,0.0,,,0.16652807994010987,45,2026-05-06,et,et,1.0,0.7208657933911448,0.8547225824443041
2026-05-07,2026-05-07,2026-05-08T02:10:00Z,823306,P,Scheduled,Gavin Sheets,gavin_sheets,hitter,SD,135,STL,137,1,TB,2.0258605263157894,0.4,0.5,real,3,0.5773502691896258,-167.5,130.0,1.5258605263157894,45,2026-05-06,et,et,1.0,1.7042781013360058,2.0620351923833296
2026-05-07,2026-05-07,2026-05-08T02:10:00Z,823306,P,Scheduled,Gavin Sheets,gavin_sheets,hitter,SD,135,STL,137,1,R,0.630151327995313,0.2,0.5,real,2,0.0,125.0,-160.0,0.13015132799531304,45,2026-05-06,et,et,1.0,0.5815372383108037,0.6475599617994968
2026-05-07,2026-05-07,2026-05-08T02:10:00Z,823306,P,Scheduled,Gavin Sheets,gavin_sheets,hitter,SD,135,STL,137,1,HR,0.3506,0.0,0.5,real,2,0.0,725.0,,-0.14939999999999998,45,2026-05-06,et,et,1.0,0.3382905592513302,0.4700934801725975
2026-05-07,2026-05-07,2026-05-08T02:10:00Z,823306,P,Scheduled,Gavin Sheets,gavin_sheets,hitter,SD,135,STL,137,1,RBI,0.21076974904794454,0.0,0.5,synthetic,0,0.0,,,-0.28923025095205546,45,2026-05-06,et,et,1.0,0.757474994619109,0.9799763822886189
2026-05-07,2026-05-07,2026-05-08T02:10:00Z,823306,P,Scheduled,JJ Wetherholt,jj_wetherholt,hitter,SD,138,STL,158,1,H,1.0844754483611625,1.0,0.5,synthetic,0,0.0,,,0.5844754483611625,46,2026-05-06,et,et,1.0,0.648825569439462,0.7764060860333153
2026-05-07,2026-05-07,2026-05-08T02:10:00Z,823306,P,Scheduled,JJ Wetherholt,jj_wetherholt,hitter,SD,138,STL,158,1,TB,1.2934499999999998,1.6,1.5,real,8,0.46291004988627577,59.625,-79.5,-0.20655000000000023,46,2026-05-06,et,et,1.0,1.2240140279343306,1.8703870066726613
2026-05-07,2026-05-07,2026-05-08T02:10:00Z,823306,P,Scheduled,JJ Wetherholt,jj_wetherholt,hitter,SD,138,STL,158,1,R,0.5756776437847866,0.6,0.5,real,7,0.0,115.28571428571429,-155.6,0.07567764378478659,46,2026-05-06,et,et,1.0,0.6362280849513073,0.8393579726635534
2026-05-07,2026-05-07,2026-05-08T02:10:00Z,823306,P,Scheduled,JJ Wetherholt,jj_wetherholt,hitter,SD,138,STL,158,1,HR,0.1656,0.2,0.5,real,9,0.0,561.7777777777778,,-0.33440000000000003,46,2026-05-06,et,et,1.0,0.26695058845353037,0.4470297458197934
2026-05-07,2026-05-07,2026-05-08T02:10:00Z,823306,P,Scheduled,JJ Wetherholt,jj_wetherholt,hitter,SD,138,STL,158,1,RBI,0.7703276437847866,0.6,0.5,synthetic,0,0.0,,,0.2703276437847866,46,2026-05-06,et,et,1.0,0.6060369413742471,0.8034046666779148
2026-05-07,2026-05-07,2026-05-08T02:10:00Z,823306,P,Scheduled,Jackson Merrill,jackson_merrill,hitter,SD,135,STL,137,1,H,1.6998965009927416,1.6,1.5,synthetic,0,0.0,,,0.1998965009927416,49,2026-05-06,et,et,1.0,0.8082556232224418,1.0158060617877438
2026-05-07,2026-05-07,2026-05-08T02:10:00Z,823306,P,Scheduled,Jackson Merrill,jackson_merrill,hitter,SD,135,STL,137,1,TB,2.564734210526316,2.4,1.5,real,8,0.0,121.5,-166.83333333333334,1.064734210526316,49,2026-05-06,et,et,1.0,1.4819598024312193,1.9503798207916085
2026-05-07,2026-05-07,2026-05-08T02:10:00Z,823306,P,Scheduled,Jackson Merrill,jackson_merrill,hitter,SD,135,STL,137,1,R,0.9530671174689971,0.6,0.5,real,7,0.0,117.0,-156.6,0.4530671174689971,49,2026-05-06,et,et,1.0,0.6272235110491868,0.7647093182524068
2026-05-07,2026-05-07,2026-05-08T02:10:00Z,823306,P,Scheduled,Jackson Merrill,jackson_merrill,hitter,SD,135,STL,137,1,HR,0.281225,0.2,0.5,real,9,0.0,608.8888888888889,,-0.218775,49,2026-05-06,et,et,1.0,0.19602049434786298,0.3201908731961938
2026-05-07,2026-05-07,2026-05-08T02:10:00Z,823306,P,Scheduled,Jackson Merrill,jackson_merrill,hitter,SD,135,STL,137,1,RBI,0.9082644858900497,0.6,0.5,synthetic,0,0.0,,,0.4082644858900497,49,2026-05-06,et,et,1.0,0.6179324295634376,0.7915020038266489
2026-05-07,2026-05-07,2026-05-08T02:10:00Z,823306,P,Scheduled,Jordan Walker,jordan_walker,hitter,SD,138,STL,158,1,H,1.4884754483611629,1.8,1.5,synthetic,0,0.0,,,-0.011524551638837144,45,2026-05-06,et,et,1.0,0.6921574336140015,0.9236832533825857
2026-05-07,2026-05-07,2026-05-08T02:10:00Z,823306,P,Scheduled,Jordan Walker,jordan_walker,hitter,SD,138,STL,158,1,TB,2.4247000000000005,3.4,1.0,real,8,0.5345224838248488,-20.125,25.5,1.4247000000000005,45,2026-05-06,et,et,1.0,1.5108409435654244,2.047456268523402
2026-05-07,2026-05-07,2026-05-08T02:10:00Z,823306,P,Scheduled,Jordan Walker,jordan_walker,hitter,SD,138,STL,158,1,R,1.1194276437847868,1.2,0.5,real,7,0.0,137.85714285714286,-190.6,0.6194276437847868,45,2026-05-06,et,et,1.0,0.5538120464147533,0.7600290578177946
2026-05-07,2026-05-07,2026-05-08T02:10:00Z,823306,P,Scheduled,Jordan Walker,jordan_walker,hitter,SD,138,STL,158,1,HR,0.3056,0.4,0.5,real,9,0.0,420.0,,-0.19440000000000002,45,2026-05-06,et,et,1.0,0.30344992126635284,0.4264051430456952
2026-05-07,2026-05-07,2026-05-08T02:10:00Z,823306,P,Scheduled,Jordan Walker,jordan_walker,hitter,SD,138,STL,158,1,RBI,1.0978276437847865,1.4,1.5,synthetic,0,0.0,,,-0.4021723562152135,45,2026-05-06,et,et,1.0,0.6314857634860199,0.9075681795787842
2026-05-07,2026-05-07,2026-05-08T02:10:00Z,823306,P,Scheduled,Luis Campusano,luis_campusano,hitter,SD,135,STL,137,1,H,0.9138863010743408,1.2,1.5,synthetic,0,0.0,,,-0.5861136989256592,27,2026-05-05,et,et,1.0,0.6302346011332565,0.7748934686592968
2026-05-07,2026-05-07,2026-05-08T02:10:00Z,823306,P,Scheduled,Luis Campusano,luis_campusano,hitter,SD,135,STL,137,1,TB,2.016856395348837,3.0,1.5,real,6,0.408248290463863,135.16666666666666,-143.33333333333334,0.516856395348837,27,2026-05-05,et,et,1.0,1.344724031682909,2.069796119162133
2026-05-07,2026-05-07,2026-05-08T02:10:00Z,823306,P,Scheduled,Luis Campusano,luis_campusano,hitter,SD,135,STL,137,1,R,0.532761946110368,0.6,0.5,real,6,0.0,155.5,-209.25,0.03276194611036798,27,2026-05-05,et,et,1.0,0.39120903184101463,0.5717412879121022
2026-05-07,2026-05-07,2026-05-08T02:10:00Z,823306,P,Scheduled,Luis Campusano,luis_campusano,hitter,SD,135,STL,137,1,HR,0.3056,0.4,0.5,real,7,0.0,588.5714285714286,,-0.19440000000000002,27,2026-05-05,et,et,1.0,0.13451118234740228,0.3225793363166623
2026-05-07,2026-05-07,2026-05-08T02:10:00Z,823306,P,Scheduled,Luis Campusano,luis_campusano,hitter,SD,135,STL,137,1,RBI,0.667072992621996,0.8,0.5,synthetic,0,0.0,,,0.16707299262199604,27,2026-05-05,et,et,1.0,0.37860564042119804,0.5703500979702247
2026-05-07,2026-05-07,2026-05-08T02:10:00Z,823306,P,Scheduled,Manny Machado,manny_machado,hitter,SD,135,STL,137,1,H,0.5998965009927414,0.6,0.5,synthetic,0,0.0,,,0.09989650099274139,39,2026-05-06,et,et,1.0,0.6948495891049029,0.8242378067830586
2026-05-07,2026-05-07,2026-05-08T02:10:00Z,823306,P,Scheduled,Manny Machado,manny_machado,hitter,SD,135,STL,137,1,TB,0.8619592105263157,1.2,1.5,real,8,0.0,123.75,-173.5,-0.6380407894736843,39,2026-05-06,et,et,1.0,1.3589372483561826,1.9771230124751515
2026-05-07,2026-05-07,2026-05-08T02:10:00Z,823306,P,Scheduled,Manny Machado,manny_machado,hitter,SD,135,STL,137,1,R,0.28634211746899707,0.2,0.5,real,7,0.0,14.285714285714286,-135.4,-0.21365788253100293,39,2026-05-06,et,et,1.0,0.6841863617792759,0.8334878692454444
2026-05-07,2026-05-07,2026-05-08T02:10:00Z,823306,P,Scheduled,Manny Machado,manny_machado,hitter,SD,135,STL,137,1,HR,0.1656,0.2,0.5,real,9,0.0,401.3333333333333,,-0.33440000000000003,39,2026-05-06,et,et,1.0,0.27419568984106996,0.4521982269894512
2026-05-07,2026-05-07,2026-05-08T02:10:00Z,823306,P,Scheduled,Manny Machado,manny_machado,hitter,SD,135,STL,137,1,RBI,0.38641448589004973,0.4,0.5,synthetic,0,0.0,,,-0.11358551410995027,39,2026-05-06,et,et,1.0,0.6369957964546127,1.0399355352267567
2026-05-07,2026-05-07,2026-05-08T02:10:00Z,823306,P,Scheduled,Masyn Winn,masyn_winn,hitter,SD,138,STL,158,1,H,1.2164754483611626,1.4,1.5,synthetic,0,0.0,,,-0.2835245516388374,42,2026-05-06,et,et,1.0,0.6921760976125283,0.8470808556343162
2026-05-07,2026-05-07,2026-05-08T02:10:00Z,823306,P,Scheduled,Masyn Winn,masyn_winn,hitter,SD,138,STL,158,1,TB,1.15345,1.6,1.0,real,8,0.5345224838248488,21.375,35.0,0.1534500000000001,42,2026-05-06,et,et,1.0,0.9057916274678961,1.2337420649541313
2026-05-07,2026-05-07,2026-05-08T02:10:00Z,823306,P,Scheduled,Masyn Winn,masyn_winn,hitter,SD,138,STL,158,1,R,0.3976776437847866,0.4,0.5,real,7,0.0,191.0,-264.4,-0.1023223562152134,42,2026-05-06,et,et,1.0,0.5320638642547765,0.6069111591140801
2026-05-07,2026-05-07,2026-05-08T02:10:00Z,823306,P,Scheduled,Masyn Winn,masyn_winn,hitter,SD,138,STL,158,1,HR,0.025600000000000022,0.0,0.5,real,8,0.0,1033.75,,-0.4744,42,2026-05-06,et,et,1.0,0.03448841825294689,0.15535183980340564
2026-05-07,2026-05-07,2026-05-08T02:10:00Z,823306,P,Scheduled,Masyn Winn,masyn_winn,hitter,SD,138,STL,158,1,RBI,0.3383276437847866,0.2,0.5,synthetic,0,0.0,,,-0.16167235621521342,42,2026-05-06,et,et,1.0,0.37109379638884277,0.725928053730068
2026-05-07,2026-05-07,2026-05-08T02:10:00Z,823306,P,Scheduled,Miguel Andujar,miguel_andujar,hitter,SD,135,STL,137,1,H,1.5252122904664256,1.4,1.5,synthetic,0,0.0,,,0.02521229046642559,40,2026-05-06,et,et,1.0,0.8064137659265744,0.9743085131364269
2026-05-07,2026-05-07,2026-05-08T02:10:00Z,823306,P,Scheduled,Miguel Andujar,miguel_andujar,hitter,SD,135,STL,137,1,TB,2.463597368421053,2.6,1.5,real,8,0.0,117.375,-159.66666666666666,0.9635973684210528,40,2026-05-06,et,et,1.0,1.4617916496833776,1.806744588670713
2026-05-07,2026-05-07,2026-05-08T02:10:00Z,823306,P,Scheduled,Miguel Andujar,miguel_andujar,hitter,SD,135,STL,137,1,R,0.416309222732155,0.4,0.5,real,7,0.0,124.42857142857143,-165.4,-0.08369077726784502,40,2026-05-06,et,et,1.0,0.6250536279899157,0.7387314451469773
2026-05-07,2026-05-07,2026-05-08T02:10:00Z,823306,P,Scheduled,Miguel Andujar,miguel_andujar,hitter,SD,135,STL,137,1,HR,0.1656,0.2,0.5,real,8,0.0,732.5,,-0.33440000000000003,40,2026-05-06,et,et,1.0,0.20210911291902742,0.3223632212570811
2026-05-07,2026-05-07,2026-05-08T02:10:00Z,823306,P,Scheduled,Miguel Andujar,miguel_andujar,hitter,SD,135,STL,137,1,RBI,0.5997171174689973,0.6,0.5,synthetic,0,0.0,,,0.09971711746899725,40,2026-05-06,et,et,1.0,0.6428905175899636,0.9202950382662796
2026-05-07,2026-05-07,2026-05-08T02:10:00Z,823306,P,Scheduled,Nathan Church,nathan_church,hitter,SD,138,STL,158,1,H,0.9544754483611626,1.2,1.5,synthetic,0,0.0,,,-0.5455245516388374,44,2026-05-06,et,et,1.0,0.669326258025791,0.8348705538444252
2026-05-07,2026-05-07,2026-05-08T02:10:00Z,823306,P,Scheduled,Nathan Church,nathan_church,hitter,SD,138,STL,158,1,TB,1.64785,1.8,1.0,real,4,0.5773502691896257,-33.333333333333336,-11.666666666666666,0.64785,44,2026-05-06,et,et,1.0,1.120689344381445,1.736224159859825
2026-05-07,2026-05-07,2026-05-08T02:10:00Z,823306,P,Scheduled,Nathan Church,nathan_church,hitter,SD,138,STL,158,1,R,0.6756776437847867,0.4,0.5,real,3,0.0,215.0,-297.5,0.17567764378478667,44,2026-05-06,et,et,1.0,0.5325095785686688,0.6019402462419933
2026-05-07,2026-05-07,2026-05-08T02:10:00Z,823306,P,Scheduled,Nathan Church,nathan_church,hitter,SD,138,STL,158,1,HR,0.025600000000000022,0.0,0.5,real,3,0.0,833.3333333333334,,-0.4744,44,2026-05-06,et,et,1.0,0.14632470380669738,0.388677360248074
2026-05-07,2026-05-07,2026-05-08T02:10:00Z,823306,P,Scheduled,Nathan Church,nathan_church,hitter,SD,138,STL,158,1,RBI,0.5655276437847866,0.6,0.5,synthetic,0,0.0,,,0.0655276437847866,44,2026-05-06,et,et,1.0,0.5390155458891732,0.8543492307553509
2026-05-07,2026-05-07,2026-05-08T02:10:00Z,823306,P,Scheduled,Nick Castellanos,nick_castellanos,hitter,SD,135,STL,137,1,H,0.7012122904664256,0.6,0.5,synthetic,0,0.0,,,0.20121229046642564,35,2026-05-06,et,et,1.0,0.6530132329709005,0.7576385522044584
2026-05-07,2026-05-07,2026-05-08T02:10:00Z,823306,P,Scheduled,Nick Castellanos,nick_castellanos,hitter,SD,135,STL,137,1,TB,1.2198473684210527,1.4,1.0,real,4,0.5773502691896257,-17.25,135.0,0.21984736842105268,35,2026-05-06,et,et,1.0,1.2361197357476637,1.6435471020076884
2026-05-07,2026-05-07,2026-05-08T02:10:00Z,823306,P,Scheduled,Nick Castellanos,nick_castellanos,hitter,SD,135,STL,137,1,R,0.7490592227321552,0.6,0.5,real,4,0.0,149.5,-206.0,0.2490592227321552,35,2026-05-06,et,et,1.0,0.48120788775481793,0.6006324585220411
2026-05-07,2026-05-07,2026-05-08T02:10:00Z,823306,P,Scheduled,Nick Castellanos,nick_castellanos,hitter,SD,135,STL,137,1,HR,0.1656,0.2,0.5,real,4,0.0,566.0,,-0.33440000000000003,35,2026-05-06,et,et,1.0,0.20738435326358373,0.3170040656605148
2026-05-07,2026-05-07,2026-05-08T02:10:00Z,823306,P,Scheduled,Nick Castellanos,nick_castellanos,hitter,SD,135,STL,137,1,RBI,1.0292171174689972,0.8,0.5,synthetic,0,0.0,,,0.5292171174689972,35,2026-05-06,et,et,1.0,0.6412338706342646,0.8267791215268365
2026-05-07,2026-05-07,2026-05-08T02:10:00Z,823306,P,Scheduled,Nolan Gorman,nolan_gorman,hitter,SD,138,STL,158,1,H,1.0844754483611625,1.0,0.5,synthetic,0,0.0,,,0.5844754483611625,45,2026-05-06,et,et,1.0,0.6305869795784663,0.7688423366465803
2026-05-07,2026-05-07,2026-05-08T02:10:00Z,823306,P,Scheduled,Nolan Gorman,nolan_gorman,hitter,SD,138,STL,158,1,TB,2.17795,1.8,1.0,real,8,0.5345224838248488,36.75,-147.4,1.17795,45,2026-05-06,et,et,1.0,1.2047393307656171,1.5858624295106674
2026-05-07,2026-05-07,2026-05-08T02:10:00Z,823306,P,Scheduled,Nolan Gorman,nolan_gorman,hitter,SD,138,STL,158,1,R,0.5371776437847866,0.4,0.5,real,7,0.0,164.28571428571428,-223.2,0.03717764378478661,45,2026-05-06,et,et,1.0,0.45144191357246166,0.5453816343737795
2026-05-07,2026-05-07,2026-05-08T02:10:00Z,823306,P,Scheduled,Nolan Gorman,nolan_gorman,hitter,SD,138,STL,158,1,HR,0.31976666666666664,0.2,0.5,real,9,0.0,506.6666666666667,,-0.18023333333333336,45,2026-05-06,et,et,1.0,0.24011276409487817,0.3587288282585061
2026-05-07,2026-05-07,2026-05-08T02:10:00Z,823306,P,Scheduled,Nolan Gorman,nolan_gorman,hitter,SD,138,STL,158,1,RBI,0.5973276437847868,0.6,0.5,synthetic,0,0.0,,,0.09732764378478675,45,2026-05-06,et,et,1.0,0.6356383025704738,0.828782701888339
2026-05-07,2026-05-07,2026-05-08T02:10:00Z,823306,P,Scheduled,Ty France,ty_france,hitter,SD,135,STL,137,1,H,1.1718438694137943,1.2,1.5,synthetic,0,0.0,,,-0.32815613058620574,34,2026-05-06,et,et,1.0,0.6428941059079851,0.8370730332522521
2026-05-07,2026-05-07,2026-05-08T02:10:00Z,823306,P,Scheduled,Ty France,ty_france,hitter,SD,135,STL,137,1,TB,2.9146236842105266,1.8,1.5,real,4,0.5,51.0,-73.33333333333333,1.4146236842105266,34,2026-05-06,et,et,1.0,1.5284380151788297,2.1153367153012113
2026-05-07,2026-05-07,2026-05-08T02:10:00Z,823306,P,Scheduled,Ty France,ty_france,hitter,SD,135,STL,137,1,R,0.5954934332584709,0.4,0.5,real,4,0.0,143.0,-198.33333333333334,0.09549343325847093,34,2026-05-06,et,et,1.0,0.5338136306606821,0.768037393288651
2026-05-07,2026-05-07,2026-05-08T02:10:00Z,823306,P,Scheduled,Ty France,ty_france,hitter,SD,135,STL,137,1,HR,0.3506,0.0,0.5,real,4,0.0,618.75,,-0.14939999999999998,34,2026-05-06,et,et,1.0,0.22713685056181476,0.4415077621415644
2026-05-07,2026-05-07,2026-05-08T02:10:00Z,823306,P,Scheduled,Ty France,ty_france,hitter,SD,135,STL,137,1,RBI,0.892822380626892,1.0,0.5,synthetic,0,0.0,,,0.392822380626892,34,2026-05-06,et,et,1.0,0.8200061163834441,1.0529575317807123
2026-05-07,2026-05-07,2026-05-08T02:10:00Z,823306,P,Scheduled,Xander Bogaerts,xander_bogaerts,hitter,SD,135,STL,137,1,H,0.8611596588874784,0.8,0.5,synthetic,0,0.0,,,0.36115965888747836,44,2026-05-06,et,et,1.0,0.7355906024755307,0.9250964641045661
2026-05-07,2026-05-07,2026-05-08T02:10:00Z,823306,P,Scheduled,Xander Bogaerts,xander_bogaerts,hitter,SD,135,STL,137,1,TB,6.038386842105264,1.4,1.5,real,8,0.3535533905932738,85.75,-121.16666666666667,4.538386842105264,44,2026-05-06,et,et,1.0,1.4176639354372382,1.7356915361918335
2026-05-07,2026-05-07,2026-05-08T02:10:00Z,823306,P,Scheduled,Xander Bogaerts,xander_bogaerts,hitter,SD,135,STL,137,1,R,1.461835538521629,0.4,0.5,real,7,0.0,122.14285714285714,-168.4,0.9618355385216291,44,2026-05-06,et,et,1.0,0.5983405793354508,0.7716161663397685
2026-05-07,2026-05-07,2026-05-08T02:10:00Z,823306,P,Scheduled,Xander Bogaerts,xander_bogaerts,hitter,SD,135,STL,137,1,HR,1.0906,0.2,0.5,real,9,0.0,627.7777777777778,,0.5906,44,2026-05-06,et,et,1.0,0.252795237843823,0.3978649502395799
2026-05-07,2026-05-07,2026-05-08T02:10:00Z,823306,P,Scheduled,Xander Bogaerts,xander_bogaerts,hitter,SD,135,STL,137,1,RBI,1.2968750122058395,0.6,0.5,synthetic,0,0.0,,,0.7968750122058395,44,2026-05-06,et,et,1.0,0.7115739239108544,0.9431794306958468
2026-05-07,2026-05-07,2026-05-08T02:10:00Z,823306,P,Scheduled,Adrian Morejon,adrian_morejon,pitcher,SD,135,STL,137,1,K,1.7054814814814814,1.8,2.5,synthetic,0,0.0,,,-0.7945185185185186,22,2026-05-06,et,et,1.0,1.0682494249972436,1.2666028685093365
2026-05-07,2026-05-07,2026-05-08T02:10:00Z,823306,P,Scheduled,Adrian Morejon,adrian_morejon,pitcher,SD,135,STL,137,1,ER,0.8598916666666667,0.8,0.5,synthetic,0,0.0,,,0.3598916666666667,22,2026-05-06,et,et,1.0,0.8074537173977787,1.0318133722286
2026-05-07,2026-05-07,2026-05-08T02:10:00Z,823306,P,Scheduled,Adrian Morejon,adrian_morejon,pitcher,SD,135,STL,137,1,ERA,3.8695125000000004,6.3,6.3,synthetic,0,0.0,,,-2.4304874999999995,22,2026-05-06,et,et,1.0,11.936284424834945,23.710288337300522
2026-05-07,2026-05-07,2026-05-08T02:10:00Z,823306,P,Scheduled,Bradgley Rodriguez,bradgley_rodriguez,pitcher,SD,135,STL,137,1,K,0.13748148148148126,0.4,2.5,synthetic,0,0.0,,,-2.362518518518519,22,2026-05-06,et,et,1.0,0.8633670946434808,1.0206155441459877
2026-05-07,2026-05-07,2026-05-08T02:10:00Z,823306,P,Scheduled,Bradgley Rodriguez,bradgley_rodriguez,pitcher,SD,135,STL,137,1,ER,0.2518916666666668,0.4,0.5,synthetic,0,0.0,,,-0.2481083333333332,22,2026-05-06,et,et,1.0,0.36839399713555354,0.5451474370621999
2026-05-07,2026-05-07,2026-05-08T02:10:00Z,823306,P,Scheduled,Bradgley Rodriguez,bradgley_rodriguez,pitcher,SD,135,STL,137,1,ERA,2.267025000000001,5.4,5.4,synthetic,0,0.0,,,-3.132974999999999,22,2026-05-06,et,et,1.0,3.53085413003827,6.312861790470255
2026-05-07,2026-05-07,2026-05-08T02:10:00Z,823306,P,Scheduled,Mason Miller,mason_miller,pitcher,SD,135,STL,137,1,K,0.9894814814814814,1.0,2.5,synthetic,0,0.0,,,-1.5105185185185186,19,2026-05-06,et,et,1.0,0.9884568776596638,1.184868141452023
2026-05-07,2026-05-07,2026-05-08T02:10:00Z,823306,P,Scheduled,Mason Miller,mason_miller,pitcher,SD,135,STL,137,1,ER,0.2518916666666668,0.4,0.5,synthetic,0,0.0,,,-0.2481083333333332,19,2026-05-06,et,et,1.0,0.30081752183145377,0.5335013201319536
2026-05-07,2026-05-07,2026-05-08T02:10:00Z,823306,P,Scheduled,Mason Miller,mason_miller,pitcher,SD,135,STL,137,1,ERA,2.267025000000001,3.6,3.6,synthetic,0,0.0,,,-1.332974999999999,19,2026-05-06,et,et,1.0,3.5035675044769476,5.57252238655185
2026-05-07,2026-05-07,2026-05-08T02:10:00Z,823306,P,Scheduled,Michael King,michael_king,pitcher,SD,135,STL,145,1,K,5.001481481481481,5.6,5.5,real,9,0.0,-116.22222222222223,-111.88888888888889,-0.4985185185185186,11,2026-05-02,et,et,1.0,1.3295454545454548,1.7687612654457963
2026-05-07,2026-05-07,2026-05-08T02:10:00Z,823306,P,Scheduled,Michael King,michael_king,pitcher,SD,135,STL,145,1,ER,1.579891666666667,1.8,1.5,real,5,0.0,-159.2,116.8,0.07989166666666692,11,2026-05-02,et,et,1.0,1.8054834054834055,2.2441085949181003
2026-05-07,2026-05-07,2026-05-08T02:10:00Z,823306,P,Scheduled,Michael King,michael_king,pitcher,SD,135,STL,145,1,ERA,2.3698375000000005,2.7705882352941176,2.8,synthetic,0,0.0,,,-0.43016249999999934,11,2026-05-02,et,et,1.0,4.504719276140207,5.7321165855339675
2026-05-07,2026-05-07,2026-05-08T02:10:00Z,823306,P,Scheduled,Matt Svanson,matt_svanson,pitcher,STL,138,SD,158,0,K,0.4464905660377356,1.0,2.5,synthetic,0,0.0,,,-2.0535094339622644,21,2026-05-06,et,et,1.0,0.7468968403621211,0.9483050102954986
2026-05-07,2026-05-07,2026-05-08T02:10:00Z,823306,P,Scheduled,Matt Svanson,matt_svanson,pitcher,STL,138,SD,158,0,ER,0.6841916666666669,0.6,0.5,synthetic,0,0.0,,,0.18419166666666686,21,2026-05-06,et,et,1.0,0.9331456679919751,1.4622566757138635
2026-05-07,2026-05-07,2026-05-08T02:10:00Z,823306,P,Scheduled,Matt Svanson,matt_svanson,pitcher,STL,138,SD,158,0,ERA,6.157725000000002,5.4,5.4,synthetic,0,0.0,,,0.7577250000000015,21,2026-05-06,et,et,1.0,14.269359453387537,22.63243795863551
2026-05-07,2026-05-07,2026-05-08T02:10:00Z,823306,P,Scheduled,Kyle Leahy,kyle_leahy,pitcher,STL,138,SD,158,0,K,3.7304905660377363,4.2,4.5,synthetic,0,0.0,,,-0.7695094339622637,11,2026-05-04,et,et,1.0,2.046897546897547,2.3682303452740556
2026-05-07,2026-05-07,2026-05-08T02:10:00Z,823306,P,Scheduled,Kyle Leahy,kyle_leahy,pitcher,STL,138,SD,158,0,ER,2.7481916666666666,2.8,2.5,synthetic,0,0.0,,,0.2481916666666666,11,2026-05-04,et,et,1.0,1.4348845598845599,1.8412096361817143
2026-05-07,2026-05-07,2026-05-08T02:10:00Z,823306,P,Scheduled,Kyle Leahy,kyle_leahy,pitcher,STL,138,SD,158,0,ERA,4.6375734375,5.152500000000001,5.2,synthetic,0,0.0,,,-0.5624265624999998,11,2026-05-04,et,et,1.0,3.1282954545454547,4.963870216716901
2026-05-07,2026-05-07,2026-05-08T02:10:00Z,823306,P,Scheduled,JoJo Romero,jojo_romero,pitcher,STL,138,SD,158,0,K,1.0144905660377357,1.4,2.5,synthetic,0,0.0,,,-1.4855094339622643,22,2026-05-04,et,et,1.0,0.6329939045302821,0.7822077201722655
2026-05-07,2026-05-07,2026-05-08T02:10:00Z,823306,P,Scheduled,JoJo Romero,jojo_romero,pitcher,STL,138,SD,158,0,ER,0.8281916666666668,0.8,0.5,synthetic,0,0.0,,,0.32819166666666677,22,2026-05-04,et,et,1.0,0.4719715773015802,0.812316459150949
2026-05-07,2026-05-07,2026-05-08T02:10:00Z,823306,P,Scheduled,JoJo Romero,jojo_romero,pitcher,STL,138,SD,158,0,ERA,7.453725000000001,9.9,9.9,synthetic,0,0.0,,,-2.446274999999999,22,2026-05-04,et,et,1.0,5.499299847879393,10.578094736975563
