Date,Player,Player_MLBAM_ID,Player_Type,Team,Opponent,Season,Game_ID,Game_Index,Team_ID,Opponent_ID,Is_Home,Opp_Starter_ID,Opp_Starter_Player,H,TB,R,HR,RBI,PA,AB,BB,SO,Batting_Order,Team_PA_share,wOBA,xwOBA,ISO,Barrel%,HardHit%,Opp_Pitcher_ERA_3,Opp_Pitcher_K9_3,Opp_Bullpen_ERA_7,Park_Factor,Wind_Out_MPH,Temp_F,Did_Not_Play,Rest_Days,Month_sin,Month_cos,DayOfWeek_sin,DayOfWeek_cos,Market_H,Market_TB,Market_R,Market_HR,Market_RBI,Synthetic_Market_H,Synthetic_Market_TB,Synthetic_Market_R,Synthetic_Market_HR,Synthetic_Market_RBI,Market_Source_H,Market_Source_TB,Market_Source_R,Market_Source_HR,Market_Source_RBI,Market_H_books,Market_TB_books,Market_R_books,Market_HR_books,Market_RBI_books,Market_H_over_price,Market_TB_over_price,Market_R_over_price,Market_HR_over_price,Market_RBI_over_price,Market_H_under_price,Market_TB_under_price,Market_R_under_price,Market_HR_under_price,Market_RBI_under_price,Market_H_line_std,Market_TB_line_std,Market_R_line_std,Market_HR_line_std,Market_RBI_line_std,Market_Fetched_At_UTC,H_market_gap,TB_market_gap,R_market_gap,HR_market_gap,RBI_market_gap,H_rolling_avg,TB_rolling_avg,R_rolling_avg,HR_rolling_avg,RBI_rolling_avg,H_lag1,TB_lag1,R_lag1,HR_lag1,RBI_lag1,Matchup_Network_Version,Matchup_Network_Batter_Support,Matchup_Network_Pitcher_Support,Pitcher_Profile_Uncertainty,Batter_Vs_Starter_Games,Matchup_Network_Confidence,Batter_Profile_H_Strength,Pitcher_Profile_H_Vulnerability,Batter_Vs_Starter_H_Lift,Archetype_Neighbor_H_Games,Archetype_Neighbor_H_Effective_Support,Archetype_Neighbor_H_Lift,Matchup_Network_H_Score,Matchup_Network_H_Adjustment,Batter_Profile_TB_Strength,Pitcher_Profile_TB_Vulnerability,Batter_Vs_Starter_TB_Lift,Archetype_Neighbor_TB_Games,Archetype_Neighbor_TB_Effective_Support,Archetype_Neighbor_TB_Lift,Matchup_Network_TB_Score,Matchup_Network_TB_Adjustment,Batter_Profile_R_Strength,Pitcher_Profile_R_Vulnerability,Batter_Vs_Starter_R_Lift,Archetype_Neighbor_R_Games,Archetype_Neighbor_R_Effective_Support,Archetype_Neighbor_R_Lift,Matchup_Network_R_Score,Matchup_Network_R_Adjustment,Batter_Profile_HR_Strength,Pitcher_Profile_HR_Vulnerability,Batter_Vs_Starter_HR_Lift,Archetype_Neighbor_HR_Games,Archetype_Neighbor_HR_Effective_Support,Archetype_Neighbor_HR_Lift,Matchup_Network_HR_Score,Matchup_Network_HR_Adjustment,Batter_Profile_RBI_Strength,Pitcher_Profile_RBI_Vulnerability,Batter_Vs_Starter_RBI_Lift,Archetype_Neighbor_RBI_Games,Archetype_Neighbor_RBI_Effective_Support,Archetype_Neighbor_RBI_Lift,Matchup_Network_RBI_Score,Matchup_Network_RBI_Adjustment
2026-03-01,Wilyer_Abreu,677800,hitter,BOS,BAL,2026,831638,0,111,110,1,605135.0,Chris_Bassitt,0.0,0.0,1.0,0.0,0.0,2.0,1.0,1.0,0.0,1.0,0.0465116279069767,0.345,0.345,0.0,0.0,41.4,4.1,8.2,4.0,1.08,-8.0,78.0,0,2.0,1.0,6.123233995736766e-17,-0.7818314824680299,0.6234898018587334,0.5,0.5,0.5,0.5,0.5,0.5,0.5,0.5,0.5,0.5,synthetic,synthetic,synthetic,synthetic,synthetic,0.0,0.0,0.0,0.0,0.0,-110.0,-110.0,-110.0,-110.0,-110.0,-110.0,-110.0,-110.0,-110.0,-110.0,0.0,0.0,0.0,0.0,0.0,2026-08-28T01:24:59.045926+00:00,-0.3425612403100775,-0.3973093023255814,0.4351046511627906,-0.4744,-0.4348023255813954,0.0,0.0,1.0,0.0,0.0,0.0,0.0,1.0,0.0,0.0,,0.0,0.0,1.0,0.0,0.0,0.0,0.0,0.0,0.0,0.0,0.0,0.0,0.0,0.0,0.0,0.0,0.0,0.0,0.0,0.0,0.0,0.0,0.0,0.0,0.0,0.0,0.0,0.0,0.0,0.0,0.0,0.0,0.0,0.0,0.0,0.0,0.0,0.0,0.0,0.0,0.0,0.0,0.0,0.0,0.0
2026-03-03,Wilyer_Abreu,677800,hitter,VEN,HOU,2026,831440,1,944,117,0,664299.0,Cristian_Javier,2.0,4.0,1.0,0.0,0.0,4.0,4.0,0.0,0.0,4.0,0.1142857142857142,0.6275000000000001,0.6275000000000001,0.5,30.0,65.0,4.1,8.2,4.500000000000001,1.08,0.0,76.0,0,2.0,1.0,6.123233995736766e-17,0.7818314824680298,0.6234898018587336,0.5,0.5,0.5,0.5,0.5,0.5,0.5,0.5,0.5,0.5,synthetic,synthetic,synthetic,synthetic,synthetic,0.0,0.0,0.0,0.0,0.0,-110.0,-110.0,-110.0,-110.0,-110.0,-110.0,-110.0,-110.0,-110.0,-110.0,0.0,0.0,0.0,0.0,0.0,2026-08-28T01:24:59.045926+00:00,-0.23226666666666668,0.4038249999999999,0.6708750000000001,-0.2744,-0.24535000000000007,0.0,0.0,1.0,0.0,0.0,0.0,0.0,1.0,0.0,0.0,batter_pitcher_profile_network_v2,0.0333333333333333,0.0,1.0,0.0,0.0166666666666666,0.6190277777777776,0.0,0.0,0.0,0.0,0.0,0.0,0.0,0.1908333333333332,0.0,0.0,0.0,0.0,0.0,0.0,0.0,0.7187499999999998,0.0,0.0,0.0,0.0,0.0,0.0,0.0,-0.7184722222222222,0.0,0.0,0.0,0.0,0.0,0.0,0.0,0.0190277777777776,0.0,0.0,0.0,0.0,0.0,0.0,0.0
2026-03-04,Wilyer_Abreu,677800,hitter,VEN,WSH,2026,831428,2,944,120,0,656492.0,Foster_Griffin,0.0,0.0,0.0,0.0,0.0,3.0,2.0,1.0,2.0,7.0,0.0789473684210526,0.2299999999999999,0.2299999999999999,0.0,0.0,27.6,4.1,8.2,1.8,1.08,0.0,75.0,0,1.0,1.0,6.123233995736766e-17,0.9749279121818236,-0.22252093395631434,0.5,1.5,0.5,0.5,0.5,0.5,1.5,0.5,0.5,0.5,synthetic,synthetic,synthetic,synthetic,synthetic,0.0,0.0,0.0,0.0,0.0,-110.0,-110.0,-110.0,-110.0,-110.0,-110.0,-110.0,-110.0,-110.0,-110.0,0.0,0.0,0.0,0.0,0.0,2026-08-28T01:24:59.045926+00:00,0.5631192982456139,0.38636052631578943,0.24272368421052626,-0.4744,-0.5,1.0,2.0,1.0,0.0,0.0,2.0,4.0,1.0,0.0,0.0,batter_pitcher_profile_network_v2,0.0666666666666666,0.0,1.0,0.0,0.0333333333333333,0.9688888888888888,0.0,0.0,0.0,0.0,0.0,0.0,0.0,0.935,0.0,0.0,0.0,0.0,0.0,0.0,0.0,0.90625,0.0,0.0,0.0,0.0,0.0,0.0,0.0,0.893888888888889,0.0,0.0,0.0,0.0,0.0,0.0,0.0,0.862638888888889,0.0,0.0,0.0,0.0,0.0,0.0,0.0
2026-03-21,Wilyer_Abreu,677800,hitter,BOS,ATL,2026,831502,3,111,144,1,519242.0,Chris_Sale,0.0,0.0,0.0,0.0,0.0,3.0,3.0,0.0,0.0,7.0,0.0909090909090909,0.0,0.0,0.0,0.0,10.0,2.25,5.25,1.3252747252747255,1.08,-6.0,77.0,0,17.0,1.0,6.123233995736766e-17,-0.9749279121818236,-0.2225209339563146,0.5,1.5,0.5,0.5,0.5,0.5,1.5,0.5,0.5,0.5,synthetic,synthetic,synthetic,synthetic,synthetic,0.0,0.0,0.0,0.0,0.0,-110.0,-110.0,-110.0,-110.0,-110.0,-110.0,-110.0,-110.0,-110.0,-110.0,0.0,0.0,0.0,0.0,0.0,2026-08-28T01:24:59.045926+00:00,0.21223855388535817,-0.6771137186293817,-0.24603835619833136,-0.47440469892256704,-0.5,0.6666666666666666,1.3333333333333333,0.6666666666666666,0.0,0.0,0.0,0.0,0.0,0.0,0.0,batter_pitcher_profile_network_v2,0.1,0.1,0.7129031045706198,0.0,0.0762669369690099,0.4344907407407407,0.2868888888888889,0.0,0.0,0.0,0.0,0.0035786790467219,0.0003578679046721,0.3972222222222221,0.1627083333333334,0.0,0.0,0.0,0.0,0.0018555464451527,0.0002968874312244,0.5194444444444444,-0.3543379629629629,0.0,0.0,0.0,0.0,-0.0052842734837763,-0.0002642136741888,0.267824074074074,-0.0244444444444444,0.0,0.0,0.0,0.0,-0.0001879569026815,-4.698922567039244e-06,0.5032407407407407,-0.2387592592592591,0.0,0.0,0.0,0.0,-0.0034495664236128,-0.0002069739854167
2026-03-22,Wilyer_Abreu,677800,hitter,BOS,PIT,2026,831552,4,111,134,0,656605.0,Mitch_Keller,1.0,1.0,1.0,0.0,0.0,3.0,3.0,0.0,1.0,2.0,0.075,0.2966666666666667,0.2966666666666667,0.0,0.0,35.6,8.25,11.25,6.183673469387755,1.08,5.0,77.0,0,1.0,1.0,6.123233995736766e-17,-0.7818314824680299,0.6234898018587334,0.5,0.5,0.5,0.5,0.5,0.5,0.5,0.5,0.5,0.5,synthetic,synthetic,synthetic,synthetic,synthetic,0.0,0.0,0.0,0.0,0.0,-110.0,-110.0,-110.0,-110.0,-110.0,-110.0,-110.0,-110.0,-110.0,-110.0,0.0,0.0,0.0,0.0,0.0,2026-08-28T01:24:59.045926+00:00,-0.03049060847653373,0.23207543855422608,0.0836703062600771,-0.4744,-0.3066163265306122,0.5,1.0,0.5,0.0,0.0,0.0,0.0,0.0,0.0,0.0,batter_pitcher_profile_network_v2,0.1333333333333333,0.1,0.8400652392332348,0.0,0.0913758674860595,0.133637152777778,0.0436974789915965,0.0,0.0,0.0,0.0,0.0001245274795598,1.2452747955982142e-05,0.0231770833333334,0.3216859243697478,0.0,0.0,0.0,0.0,0.0001589909639129,2.543855422607744e-05,0.0805989583333335,0.8141544117647058,0.0,0.0,0.0,0.0,0.0013993224804524,6.996612402262159e-05,-0.0940972222222222,0.6314285714285715,0.0,0.0,0.0,0.0,0.0,0.0,-0.1382378472222221,0.7522058823529412,0.0,0.0,0.0,0.0,0.0,0.0
2026-03-23,Wilyer_Abreu,677800,hitter,BOS,MIN,2026,832036,5,111,142,1,641927.0,Bailey_Ober,1.0,4.0,1.0,1.0,1.0,4.0,3.0,1.0,2.0,5.0,0.0869565217391304,0.6975,0.6975,1.0,30.0,65.0,1.875,3.75,2.4795918367346936,1.08,0.0,77.0,0,1.0,1.0,6.123233995736766e-17,0.0,1.0,0.5,0.5,0.5,0.5,0.5,0.5,0.5,0.5,0.5,0.5,synthetic,synthetic,synthetic,synthetic,synthetic,0.0,0.0,0.0,0.0,0.0,-110.0,-110.0,-110.0,-110.0,-110.0,-110.0,-110.0,-110.0,-110.0,-110.0,0.0,0.0,0.0,0.0,0.0,2026-08-28T01:24:59.045926+00:00,0.42190909252082753,1.7654724414121468,0.3079048935107852,-0.14939999999999998,-0.35764321349750977,0.6,1.0,0.6,0.0,0.0,1.0,1.0,1.0,0.0,0.0,batter_pitcher_profile_network_v2,0.1666666666666666,0.15,0.7632193378151191,0.0,0.1218091780009805,0.0042847222222223,-0.0394999999999999,0.0,0.0,0.0,0.0,-6.679050819952545e-06,-6.679050819952545e-07,-0.1158749999999999,-0.0124107142857141,0.0,0.0,0.0,0.0,-5.675204364677868e-05,-9.080326983484588e-06,0.0271875,-0.2780416666666666,0.0,0.0,0.0,0.0,-0.0002983143450783,-1.4915717253916573e-05,-0.254361111111111,0.0514285714285714,0.0,0.0,0.0,0.0,0.0,0.0,-0.1844652777777777,-0.3060476190476189,0.0,0.0,0.0,0.0,-0.00222791499103,-0.0001336748994618
2026-03-24,Wilyer_Abreu,677800,hitter,BOS,MIN,2026,832037,6,111,142,0,687849.0,Zak_Kent,0.0,0.0,0.0,0.0,0.0,3.0,3.0,0.0,0.0,5.0,0.075,0.0,0.0,0.0,0.0,10.0,5.400000000000001,4.800000000000001,3.180890538033395,1.08,0.0,82.0,0,1.0,1.0,6.123233995736766e-17,0.7818314824680298,0.6234898018587336,0.5,1.5,0.5,0.5,0.5,0.5,1.5,0.5,0.5,0.5,synthetic,synthetic,synthetic,synthetic,synthetic,0.0,0.0,0.0,0.0,0.0,-110.0,-110.0,-110.0,-110.0,-110.0,-110.0,-110.0,-110.0,-110.0,-110.0,0.0,0.0,0.0,0.0,0.0,2026-08-28T01:24:59.045926+00:00,0.5392189548546691,0.1545500000000002,-0.05570547309833024,-0.2344,-0.24975547309833024,0.8,1.8,0.6,0.2,0.2,1.0,4.0,1.0,1.0,1.0,batter_pitcher_profile_network_v2,0.2,0.0,1.0,0.0,0.1,0.111259746588694,0.0,0.0,0.0,0.0,0.0,0.0,0.0,0.3276608187134504,0.0,0.0,0.0,0.0,0.0,0.0,0.0,0.2337719298245615,0.0,0.0,0.0,0.0,0.0,0.0,0.0,0.5369907407407407,0.0,0.0,0.0,0.0,0.0,0.0,0.0,0.5293518518518519,0.0,0.0,0.0,0.0,0.0,0.0,0.0
2026-03-26,Wilyer_Abreu,677800,hitter,BOS,CIN,2026,824541,7,111,113,0,671096.0,Andrew_Abbott,1.0,1.0,0.0,0.0,0.0,4.0,4.0,0.0,1.0,6.0,0.1,0.2225,0.2225,0.0,0.0,26.7,15.564935064935064,11.805194805194807,7.6499999999999995,1.08,0.0,81.0,0,2.0,1.0,6.123233995736766e-17,0.43388373911755823,-0.900968867902419,0.5,0.5,0.5,0.5,0.5,0.5,0.5,0.5,0.5,0.5,synthetic,synthetic,synthetic,synthetic,synthetic,0.0,0.0,0.0,0.0,0.0,-110.0,-110.0,-110.0,-110.0,-110.0,-110.0,-110.0,-110.0,-110.0,-110.0,0.0,0.0,0.0,0.0,0.0,2026-08-28T01:24:59.045926+00:00,-0.012193073593073533,0.2264915763926172,0.043671391056331,-0.3341863490120171,-0.08974089049713113,0.4,1.0,0.4,0.2,0.2,0.0,0.0,0.0,0.0,0.0,batter_pitcher_profile_network_v2,0.2333333333333333,0.25,0.8024507769171643,0.0,0.1795916116235785,-0.0318262987012988,0.5444148936170213,0.0,0.0,0.0,0.0,0.0,0.0,0.1102110389610388,0.635531914893617,0.0,0.0,0.0,0.0,0.0032286024538575,0.0005165763926172,0.0233360389610388,0.8625514403292182,0.0,0.0,0.0,0.0,0.0009278211266189,4.639105633094694e-05,0.2917261904761905,0.635531914893617,0.0,0.0,0.0,0.0,0.0085460395193163,0.0002136509879829,0.1588392857142857,0.931275720164609,0.0,0.0,0.0,0.0,0.0068184917144809,0.0004091095028688
2026-03-28,Wilyer_Abreu,677800,hitter,BOS,CIN,2026,824540,8,111,113,0,663903.0,Brady_Singer,2.0,6.0,1.0,1.0,2.0,5.0,5.0,0.0,0.0,5.0,0.1063829787234042,0.674,0.674,0.8,30.0,65.0,3.75,6.204545454545454,5.721428571428571,1.08,0.0,49.0,0,2.0,1.0,6.123233995736766e-17,-0.9749279121818236,-0.2225209339563146,0.5,1.5,0.5,0.5,0.5,0.5,1.5,0.5,0.5,0.5,synthetic,synthetic,synthetic,synthetic,synthetic,0.0,0.0,0.0,0.0,0.0,-110.0,-110.0,-110.0,-110.0,-110.0,-110.0,-110.0,-110.0,-110.0,-110.0,0.0,0.0,0.0,0.0,0.0,2026-08-28T01:24:59.045926+00:00,0.32674618218660767,0.6601202127659578,0.2135639817629179,-0.059423220049072245,-0.04358695439307381,0.6,1.2,0.4,0.2,0.2,1.0,1.0,0.0,0.0,0.0,batter_pitcher_profile_network_v2,0.2666666666666666,0.25,0.7166251015632661,0.0,0.1988866895979583,-0.1083056223290602,0.5485448318804482,0.0,1.0,0.0,0.0,0.0,0.0,-0.0072095352564105,0.2222075031133249,0.0,1.0,0.0,0.0,0.0,0.0,-0.0618840144230773,0.4188846513075965,0.0,1.0,0.0,0.0,0.0,0.0,0.1309722222222222,-0.0938455790784558,0.0,1.0,0.0,0.0,-0.0009288019628892,-2.3220049072230144e-05,0.0211414930555554,0.3675747198007473,0.0,1.0,0.0,0.0,0.000587234279572,3.52340567743222e-05
2026-03-29,Wilyer_Abreu,677800,hitter,BOS,CIN,2026,824538,9,111,113,0,695076.0,Rhett_Lowder,3.0,7.0,1.0,1.0,2.0,4.0,4.0,0.0,0.0,5.0,0.1052631578947368,1.065,1.065,1.0,30.0,65.0,4.3545454545454545,9.872727272727273,5.831632653061225,1.08,0.0,60.0,0,1.0,1.0,6.123233995736766e-17,-0.7818314824680299,0.6234898018587334,0.5,2.5,0.5,0.5,0.5,0.5,2.5,0.5,0.5,0.5,synthetic,synthetic,synthetic,synthetic,synthetic,0.0,0.0,0.0,0.0,0.0,-110.0,-110.0,-110.0,-110.0,-110.0,-110.0,-110.0,-110.0,-110.0,-110.0,0.0,0.0,0.0,0.0,0.0,2026-08-28T01:24:59.045926+00:00,0.6099858263577043,1.518109338553674,0.700853886973587,0.2298824832913715,0.6700265706322812,1.0,2.4,0.6,0.4,0.6,2.0,6.0,1.0,1.0,2.0,batter_pitcher_profile_network_v2,0.3,0.1,0.7155943574835733,0.0,0.1762339691208262,0.2487498755475902,0.2607337662337662,0.0,2.0,0.0,0.0,0.0055337509968924,0.0005533750996892,0.4100873655913976,-0.1318311688311688,0.0,2.0,0.0,0.0,-0.0046126866711211,-0.0007380298673793,0.2608165322580641,0.1264309764309765,0.0,2.0,0.0,0.0,0.0028135074631442,0.0001406753731572,0.532391975308642,-0.6318311688311689,0.0,2.0,0.0,0.0,-0.028700668345141,-0.0007175167086285,0.4071952160493825,0.0745791245791246,0.0,2.0,0.0,0.0,0.0025910715834955,0.0001554642950097
2026-03-30,Wilyer_Abreu,677800,hitter,BOS,HOU,2026,824214,10,111,117,0,621121.0,Lance_McCullers_Jr,2.0,3.0,0.0,0.0,1.0,3.0,3.0,0.0,1.0,5.0,0.0967741935483871,0.7200000000000001,0.7200000000000001,0.3333333333333333,28.33333333333333,65.0,4.035714285714286,9.25,4.101923076923077,1.08,0.0,73.0,0,1.0,1.0,6.123233995736766e-17,0.0,1.0,1.5,3.5,0.5,0.5,0.5,1.5,3.5,0.5,0.5,0.5,synthetic,synthetic,synthetic,synthetic,synthetic,0.0,0.0,0.0,0.0,0.0,-110.0,-110.0,-110.0,-110.0,-110.0,-110.0,-110.0,-110.0,-110.0,-110.0,0.0,0.0,0.0,0.0,0.0,2026-08-28T01:24:59.045926+00:00,0.03158440547623864,0.4374338384756604,0.41402737227344033,0.19944324463209961,0.7420119072123552,1.4,3.6,0.6,0.6,1.0,3.0,7.0,1.0,1.0,2.0,batter_pitcher_profile_network_v2,0.3333333333333333,0.15,0.785068469715293,0.0,0.2047410335356481,0.5856706349206346,0.0038333333333332,0.0,2.0,0.0,0.0,0.0001608454985302,1.6084549853028062e-05,0.7100119047619046,-0.1097916666666666,0.0,2.0,0.0,0.0,-0.0055848804948687,-0.000893580879179,0.6026785714285712,0.1138234126984127,0.0,2.0,0.0,0.0,0.0049146911263722,0.0002457345563186,0.7035277777777778,-0.2566666666666665,0.0,2.0,0.0,0.0,-0.0129368813826882,-0.0003234220345672,0.6960277777777777,0.036531746031746,0.0,2.0,0.0,0.0,0.0018216958883043,0.0001093017532982
2026-03-31,Wilyer_Abreu,677800,hitter,BOS,HOU,2026,824212,11,111,117,0,686613.0,Hunter_Brown,0.0,0.0,0.0,0.0,0.0,4.0,4.0,0.0,1.0,5.0,0.1176470588235294,0.0,0.0,0.0,0.0,10.0,2.25,17.03571428571429,4.0,1.08,0.0,73.0,0,1.0,1.0,6.123233995736766e-17,0.7818314824680298,0.6234898018587336,1.5,3.5,0.5,0.5,0.5,1.5,3.5,0.5,0.5,0.5,synthetic,synthetic,synthetic,synthetic,synthetic,0.0,0.0,0.0,0.0,0.0,-110.0,-110.0,-110.0,-110.0,-110.0,-110.0,-110.0,-110.0,-110.0,-110.0,0.0,0.0,0.0,0.0,0.0,2026-08-28T01:24:59.045926+00:00,-0.33895925586356057,-0.9546196225589263,-0.23008847953241662,-0.1957790278395149,0.38310047419272053,1.6,3.4,0.4,0.4,1.0,2.0,3.0,0.0,0.0,1.0,batter_pitcher_profile_network_v2,0.3666666666666666,0.15,0.8024925029041535,0.0,0.2210875335924695,0.5618494152046782,-0.9457272727272727,0.0,2.0,0.0,0.0,-0.038480513817679,-0.0038480513817679,0.6961403508771928,-0.9595795454545456,0.0,2.0,0.0,0.0,-0.0483763174638784,-0.0077402107942205,0.5690191387559809,-0.5211477272727273,0.0,2.0,0.0,0.0,-0.0214754730012734,-0.0010737736500636,0.7926010101010101,-0.961,0.0,2.0,0.0,0.0,-0.0551611135805998,-0.0013790278395149,0.7191161616161617,-0.7208636363636365,0.0,2.0,0.0,0.0,-0.0375411163958367,-0.0022524669837502
2026-04-01,Wilyer_Abreu,677800,hitter,BOS,HOU,2026,824211,12,111,117,0,681347.0,Mike_Burrows,2.0,5.0,1.0,1.0,1.0,4.0,4.0,0.0,1.0,5.0,0.1052631578947368,0.7475,0.7475,0.75,30.0,65.0,4.334558823529412,8.051470588235295,3.6733516483516486,1.08,0.0,73.0,0,1.0,0.8660254037844387,-0.4999999999999998,0.9749279121818236,-0.22252093395631434,1.5,3.5,0.5,0.5,0.5,1.5,3.5,0.5,0.5,0.5,synthetic,synthetic,synthetic,synthetic,synthetic,0.0,0.0,0.0,0.0,0.0,-110.0,-110.0,-110.0,-110.0,-110.0,-110.0,-110.0,-110.0,-110.0,-110.0,0.0,0.0,0.0,0.0,0.0,2026-08-28T01:24:59.045926+00:00,-0.19696458806203498,-0.14427723694646044,0.14990582363211946,0.06786860809797357,0.4183555514169839,1.6,3.4,0.4,0.4,1.0,0.0,0.0,0.0,0.0,0.0,batter_pitcher_profile_network_v2,0.4,0.2,0.8127768610878919,0.0,0.2500869669033466,0.5075198412698412,0.053857384037531,0.0,2.0,0.0,0.0,0.0020469997706749,0.0002046999770674,0.6573511904761904,-0.0316896155315273,0.0,2.0,0.0,0.0,-0.0015600335469567,-0.000249605367513,0.5519345238095238,-0.1298388523241463,0.0,2.0,0.0,0.0,-0.0053667546566304,-0.0002683377328315,0.7126041666666667,-0.1734364104033221,0.0,2.0,0.0,0.0,-0.009255676081062,-0.0002313919020265,0.6874305555555554,-0.1137971856574797,0.0,2.0,0.0,0.0,-0.0058584114134849,-0.000351504684809
2026-04-03,Wilyer_Abreu,677800,hitter,BOS,SD,2026,824786,13,111,135,1,650633.0,Michael_King,1.0,1.0,1.0,0.0,0.0,4.0,4.0,0.0,2.0,5.0,0.1212121212121212,0.2225,0.2225,0.0,0.0,26.7,8.1,9.15,3.5357142857142856,1.08,6.0,56.0,0,2.0,0.8660254037844387,-0.4999999999999998,-0.433883739117558,-0.9009688679024191,1.5,4.5,0.5,0.5,1.5,1.5,4.5,0.5,0.5,1.5,synthetic,synthetic,synthetic,synthetic,synthetic,0.0,0.0,0.0,0.0,0.0,-110.0,-110.0,-110.0,-110.0,-110.0,-110.0,-110.0,-110.0,-110.0,-110.0,0.0,0.0,0.0,0.0,0.0,2026-08-28T01:24:59.045926+00:00,0.10502778111908251,-1.0603876973425423,0.14475956248948696,0.0470394187097799,-0.4275141923296899,1.8,4.2,0.6,0.6,1.2,2.0,5.0,1.0,1.0,1.0,batter_pitcher_profile_network_v2,0.4333333333333333,0.25,0.785843776494415,0.0,0.2801002010115252,0.5090287068004458,0.5329122340425531,0.0,3.0,0.0,0.0,0.0251739150869284,0.0025173915086928,0.6601003344481604,0.6604920212765957,0.0,3.0,0.0,0.0,0.0404604143363792,0.0064736662938206,0.5377926421404682,0.8501994680851065,0.0,3.0,0.0,0.0,0.0424315095299991,0.0021215754764999,0.7928846153846153,0.7825,0.0,3.0,0.0,0.0,0.0575767483911945,0.0014394187097798,0.7076282051282049,0.8640957446808512,0.0,3.0,0.0,0.0,0.0567439806523546,0.0034046388391412
2026-04-04,Wilyer_Abreu,677800,hitter,BOS,SD,2026,824782,14,111,135,1,681190.0,Randy_Vásquez,1.0,1.0,0.0,0.0,0.0,4.0,3.0,1.0,1.0,5.0,0.1176470588235294,0.395,0.395,0.0,0.0,47.400000000000006,3.75,7.75,3.443877551020408,1.08,-13.0,43.0,0,1.0,0.8660254037844387,-0.4999999999999998,-0.9749279121818236,-0.2225209339563146,1.5,3.5,0.5,0.5,0.5,1.5,3.5,0.5,0.5,0.5,synthetic,synthetic,synthetic,synthetic,synthetic,0.0,0.0,0.0,0.0,0.0,-110.0,-110.0,-110.0,-110.0,-110.0,-110.0,-110.0,-110.0,-110.0,-110.0,0.0,0.0,0.0,0.0,0.0,2026-08-28T01:24:59.045926+00:00,-0.17380902100029938,-1.1728461951524367,0.22846309593566805,-0.193872046578773,0.18010060483523116,1.6,3.2,0.6,0.4,0.8,1.0,1.0,1.0,0.0,0.0,batter_pitcher_profile_network_v2,0.4666666666666667,0.15,0.8563248011956138,0.0,0.2700983651113639,0.4052579365079365,-0.2718369565217392,0.0,4.0,0.0,0.0,-0.0073863284503733,-0.0007386328450373,0.5898809523809524,0.0447554347826086,0.0,4.0,0.0,0.0,0.0017701038266828,0.0002832166122692,0.4758928571428572,0.0212638888888888,0.0,4.0,0.0,0.0,0.0006784853400112,3.3924267000564645e-05,0.7375496031746033,0.4270471014492754,0.0,4.0,0.0,0.0,0.0211181368490805,0.000527953421227,0.6945436507936507,0.0192499999999999,0.0,4.0,0.0,0.0,0.0008964351290031,5.378610774018885e-05
2026-04-05,Wilyer_Abreu,677800,hitter,BOS,SD,2026,824781,15,111,135,1,621111.0,Walker_Buehler,3.0,6.0,2.0,0.0,1.0,4.0,4.0,0.0,0.0,5.0,0.1,0.945,0.945,0.75,30.0,65.0,8.549999999999999,9.15,3.443877551020409,1.08,2.0,47.0,0,1.0,0.8660254037844387,-0.4999999999999998,-0.7818314824680299,0.6234898018587334,1.5,1.5,0.5,0.5,0.5,1.5,1.5,0.5,0.5,0.5,synthetic,synthetic,synthetic,synthetic,synthetic,0.0,0.0,0.0,0.0,0.0,-110.0,-110.0,-110.0,-110.0,-110.0,-110.0,-110.0,-110.0,-110.0,-110.0,0.0,0.0,0.0,0.0,0.0,2026-08-28T01:24:59.045926+00:00,-0.5194392976954176,1.2187594738043281,0.2426869866461444,-0.07040329350953906,0.056315684151577505,1.2,2.0,0.4,0.2,0.4,1.0,1.0,0.0,0.0,0.0,batter_pitcher_profile_network_v2,0.5,0.25,0.7669769159012869,0.0,0.3140113319505231,0.4014537037037036,0.6212,0.0,4.0,0.0,0.0,0.0290560026376612,0.0029056002637661,0.5877222222222223,0.6990977272727273,0.0,4.0,0.0,0.0,0.0478717112770502,0.007659473804328,0.4694444444444444,0.7287992424242424,0.0,4.0,0.0,0.0,0.0398621819024818,0.001993109095124,0.7049259259259261,0.7289272727272728,0.0,4.0,0.0,0.0,0.0598682596184378,0.0014967064904609,0.698537037037037,0.8235909090909092,0.0,4.0,0.0,0.0,0.0670301100092825,0.0040218066005569
2026-04-06,Wilyer_Abreu,677800,hitter,BOS,MIL,2026,824783,16,111,158,1,605540.0,Brandon_Woodruff,1.0,1.0,0.0,0.0,1.0,5.0,5.0,0.0,2.0,4.0,0.1219512195121951,0.178,0.178,0.0,0.0,21.36,4.2,12.1,2.4662337662337666,1.08,9.0,46.0,0,1.0,0.8660254037844387,-0.4999999999999998,0.0,1.0,1.5,2.5,0.5,0.5,0.5,1.5,2.5,0.5,0.5,0.5,synthetic,synthetic,synthetic,synthetic,synthetic,0.0,0.0,0.0,0.0,0.0,-110.0,-110.0,-110.0,-110.0,-110.0,-110.0,-110.0,-110.0,-110.0,-110.0,0.0,0.0,0.0,0.0,0.0,2026-08-28T01:24:59.045926+00:00,-0.26567851669815434,0.07630674975743146,0.34608302482115827,-0.3327647604782345,-0.037657015431799334,1.4,2.6,0.8,0.2,0.4,3.0,6.0,2.0,0.0,1.0,batter_pitcher_profile_network_v2,0.5333333333333333,0.15,0.7866888069856424,0.0,0.3047112598383055,0.475110153256705,-0.0609593023255814,0.0,5.0,0.5535630404398959,0.0265011211173042,-0.0032949336376507,-0.000329493363765,0.6381752873563219,0.2166191860465116,0.0,5.0,0.6535874172290678,0.0494569934152567,0.0899126128132145,0.0143860180501143,0.4910919540229885,0.2012102713178294,0.0,5.0,0.5877013286152727,0.0380144707021863,0.0492559984820831,0.0024627999241041,0.7706336805555556,0.4429999999999999,0.0,5.0,0.6340148343914439,0.026570934539463,0.0654095808706221,0.0016352395217655,0.7047222222222222,0.3117480620155038,0.0,5.0,0.6053001467651058,0.0381561745847041,0.053611035169514,0.0032166621101708
2026-04-07,Wilyer_Abreu,677800,hitter,BOS,MIL,2026,824780,17,111,158,1,694819.0,Jacob_Misiorowski,0.0,0.0,1.0,0.0,0.0,4.0,3.0,1.0,2.0,4.0,0.125,0.1725,0.1725,0.0,0.0,20.7,4.369230769230771,12.176923076923076,2.8519480519480522,1.08,0.0,42.0,0,1.0,0.8660254037844387,-0.4999999999999998,0.7818314824680298,0.6234898018587336,1.5,2.5,0.5,0.5,0.5,1.5,2.5,0.5,0.5,0.5,synthetic,synthetic,synthetic,synthetic,synthetic,0.0,0.0,0.0,0.0,0.0,-110.0,-110.0,-110.0,-110.0,-110.0,-110.0,-110.0,-110.0,-110.0,-110.0,0.0,0.0,0.0,0.0,0.0,2026-08-28T01:24:59.045926+00:00,-0.4145736974353509,-0.5124153963248825,0.08489240431502187,-0.3345180445143125,0.116518638165231,1.6,2.8,0.8,0.2,0.6,1.0,1.0,0.0,0.0,1.0,batter_pitcher_profile_network_v2,0.5666666666666667,0.25,0.8002143592123625,0.0,0.3463267685824547,0.4033970588235294,-0.5741560439560439,0.0,5.0,0.2794965138900709,0.0141023947643465,-0.0262213233378612,-0.0026221323337861,0.5891797385620916,-0.518601923076923,0.0,5.0,0.3258281640172541,0.0264345859508607,0.0050600229694867,0.0008096036751178,0.4527777777777778,-0.1594076007326006,0.0,5.0,0.4347328742949275,0.031571238602801,0.0234000343523856,0.0011700017176192,0.7228823529411764,-0.4451472527472526,0.0,5.0,0.3929630397451861,0.0317085622288167,-0.0047217805725032,-0.0001180445143125,0.6904803921568627,-0.2560032967032966,0.0,5.0,0.3773584312732423,0.0304878002336742,0.0028539261304726,0.0001712355678283
2026-04-08,Wilyer_Abreu,677800,hitter,BOS,MIL,2026,824779,18,111,158,1,675660.0,Shane_Drohan,2.0,2.0,1.0,0.0,1.0,4.0,4.0,0.0,1.0,4.0,0.1025641025641025,0.445,0.445,0.0,0.0,53.4,4.704545454545454,10.204545454545455,2.8519480519480522,1.08,-8.0,43.0,0,1.0,0.8660254037844387,-0.4999999999999998,0.9749279121818236,-0.22252093395631434,1.5,1.5,0.5,0.5,0.5,1.5,1.5,0.5,0.5,0.5,synthetic,synthetic,synthetic,synthetic,synthetic,0.0,0.0,0.0,0.0,0.0,-110.0,-110.0,-110.0,-110.0,-110.0,-110.0,-110.0,-110.0,-110.0,-110.0,0.0,0.0,0.0,0.0,0.0,2026-08-28T01:24:59.045926+00:00,-0.7530916393287267,-0.16242598607300374,0.3481411753763761,-0.4737062388994587,-0.1222110445848783,1.2,1.8,0.8,0.0,0.4,0.0,0.0,1.0,0.0,0.0,batter_pitcher_profile_network_v2,0.6,0.05,0.9425,0.0,0.3117271875,0.328141192187212,0.490375,0.0,6.0,0.767566573087049,0.0331864974784554,0.0055514721805987,0.0005551472180598,0.5379202598120508,0.5785,0.0,6.0,0.7322965911756456,0.0456510933455553,0.0792125870437268,0.0126740139269962,0.4238184079601989,0.7887037037037037,0.0,6.0,0.7194594824446979,0.044727854356153,0.0562600709640855,0.0028130035482042,0.6800293209876543,0.5785,0.0,6.0,0.6848273854681416,0.0141782488260507,0.0277504440216526,0.0006937611005413,0.6849135802469135,0.8368518518518518,0.0,6.0,0.6912298049456552,0.0197711960555366,0.0346028033722423,0.0020761682023345
2026-04-10,Wilyer_Abreu,677800,hitter,BOS,STL,2026,823076,19,111,138,0,669160.0,Dustin_May,2.0,2.0,0.0,0.0,0.0,4.0,4.0,0.0,0.0,5.0,0.1176470588235294,0.445,0.445,0.0,0.0,53.4,5.1000000000000005,7.050000000000001,3.9642857142857144,1.08,-11.0,63.0,0,2.0,0.8660254037844387,-0.4999999999999998,-0.433883739117558,-0.9009688679024191,1.5,1.5,0.5,0.5,0.5,1.5,1.5,0.5,0.5,0.5,synthetic,synthetic,synthetic,synthetic,synthetic,0.0,0.0,0.0,0.0,0.0,-110.0,-110.0,-110.0,-110.0,-110.0,-110.0,-110.0,-110.0,-110.0,-110.0,0.0,0.0,0.0,0.0,0.0,2026-08-28T01:24:59.045926+00:00,-0.019665878795291025,0.24922470939893504,0.4101190882761665,-0.47494420290519795,0.24309598049532144,1.4,2.0,0.8,0.0,0.6,2.0,2.0,1.0,0.0,1.0,batter_pitcher_profile_network_v2,0.6333333333333333,0.25,0.7219040395514977,0.0,0.382058355455402,0.333207705296104,0.0434251889353582,0.0,6.0,0.7104014056552579,0.0201937303402908,0.0025484949602573,0.0002548494960257,0.54191722263405,-0.242561818548683,0.0,6.0,0.6056893334703493,0.0314932882861951,0.0240882572727557,0.0038541211636409,0.4347417840375586,-0.3599246392496392,0.0,6.0,0.4862245455256007,0.0309495834623879,0.0033901688846754,0.0001695084442337,0.6608099415204679,-0.533484437596302,0.0,6.0,0.504199474685364,0.0403224113391753,-0.0217681162079224,-0.000544202905198,0.6998450292397661,-0.3676131313131312,0.0,6.0,0.476135657573108,0.016611455707925,-0.0328541065905825,-0.0019712463954349
2026-04-11,Wilyer_Abreu,677800,hitter,BOS,STL,2026,823074,20,111,138,0,681517.0,Kyle_Leahy,0.0,0.0,0.0,0.0,0.0,5.0,4.0,1.0,0.0,5.0,0.119047619047619,0.1379999999999999,0.1379999999999999,0.0,0.0,16.56,3.6,6.6000000000000005,3.9642857142857144,1.08,-9.0,73.0,0,1.0,0.8660254037844387,-0.4999999999999998,-0.9749279121818236,-0.2225209339563146,1.5,2.5,0.5,0.5,0.5,1.5,2.5,0.5,0.5,0.5,synthetic,synthetic,synthetic,synthetic,synthetic,0.0,0.0,0.0,0.0,0.0,-110.0,-110.0,-110.0,-110.0,-110.0,-110.0,-110.0,-110.0,-110.0,-110.0,0.0,0.0,0.0,0.0,0.0,2026-08-28T01:24:59.045926+00:00,0.18865674495335893,-0.7548792641112494,0.10569449717040003,-0.4728544468480146,-0.0029742681849896924,1.6,2.2,0.8,0.0,0.6,2.0,2.0,0.0,0.0,0.0,batter_pitcher_profile_network_v2,0.6666666666666666,0.3,0.7747538874151962,0.0,0.4098611279708248,0.3877833333333332,0.2321753246753245,0.0,7.0,0.9131463733055944,0.0324974539484684,0.0135198304859677,0.0013519830485967,0.5510805555555556,0.1485243506493505,0.0,7.0,0.8746082159849442,0.043350891796266,0.0773170993046921,0.0123707358887507,0.4541666666666666,0.2690946969696969,0.0,7.0,0.849699482178457,0.0382521006482689,0.0566042291222897,0.0028302114561144,0.5935125000000001,0.0857402597402596,0.0,7.0,0.8177897347791395,0.0541805892553729,0.0618221260794163,0.0015455531519854,0.6657000000000001,0.252560606060606,0.0,7.0,0.8201777136475278,0.0199249908724658,0.0401907683454107,0.0024114461007246
2026-04-12,Wilyer_Abreu,677800,hitter,BOS,STL,2026,823075,21,111,138,0,669467.0,Andre_Pallante,0.0,0.0,1.0,0.0,0.0,5.0,4.0,1.0,1.0,5.0,0.1162790697674418,0.1379999999999999,0.1379999999999999,0.0,0.0,16.56,2.1999999999999997,5.0,5.447802197802198,1.08,18.0,78.0,0,1.0,0.8660254037844387,-0.4999999999999998,-0.7818314824680299,0.6234898018587334,0.5,0.5,0.5,0.5,0.5,0.5,0.5,0.5,0.5,0.5,synthetic,synthetic,synthetic,synthetic,synthetic,0.0,0.0,0.0,0.0,0.0,-110.0,-110.0,-110.0,-110.0,-110.0,-110.0,-110.0,-110.0,-110.0,-110.0,0.0,0.0,0.0,0.0,0.0,2026-08-28T01:24:59.045926+00:00,0.6553201638877664,0.20023540135410467,-0.08378150153042419,-0.47451116128949106,-0.07470608310219545,1.0,1.0,0.4,0.0,0.4,0.0,0.0,0.0,0.0,0.0,batter_pitcher_profile_network_v2,0.7,0.15,0.6973550736531358,0.0,0.3896861005216236,0.4274675925925924,-0.2858694638694639,0.0,8.0,0.8616170327814335,0.0062052575998794,-0.0258882324912793,-0.0025888232491279,0.5509537037037036,-0.4247357226107225,0.0,8.0,0.8137666895022961,0.0101696035461857,-0.0343208926996367,-0.0054913428319418,0.4895833333333332,-0.3465921717171716,0.0,8.0,0.7839209915281715,0.0092833855234244,-0.0266647865502145,-0.0013332393275107,0.5125370370370369,-0.4829743589743589,0.0,8.0,0.8238599834291109,0.0479957319797832,-0.0044464515796452,-0.0001111612894911,0.6217037037037036,-0.5137323232323232,0.0,8.0,0.6735138652292784,-0.0040132009152239,-0.0706729839802832,-0.0042403790388169
2026-04-13,Wilyer_Abreu,677800,hitter,BOS,MIN,2026,823725,22,111,142,0,641927.0,Bailey_Ober,2.0,2.0,0.0,0.0,1.0,4.0,3.0,1.0,1.0,5.0,0.1,0.6174999999999999,0.6174999999999999,0.0,0.0,65.0,5.5588235294117645,4.8088235294117645,5.239285714285715,1.08,14.0,63.0,0,1.0,0.8660254037844387,-0.4999999999999998,0.0,1.0,0.5,0.5,0.5,0.5,0.5,0.5,0.5,0.5,0.5,0.5,synthetic,synthetic,synthetic,synthetic,synthetic,0.0,0.0,0.0,0.0,0.0,-110.0,-110.0,-110.0,-110.0,-110.0,-110.0,-110.0,-110.0,-110.0,-110.0,0.0,0.0,0.0,0.0,0.0,2026-08-28T01:24:59.045926+00:00,0.4320552131637103,0.3083662686542975,0.42388772842198985,-0.47067015283911606,-0.08497320135377273,0.8,0.8,0.6,0.0,0.2,0.0,0.0,1.0,0.0,0.0,batter_pitcher_profile_network_v2,0.7333333333333333,0.35,0.7217533012010637,1.0,0.476971493877671,0.4180060903149136,0.4370652989520449,-0.01010101010101,8.0,1.087800665838639,0.0278721728661974,0.0285829439620328,0.0028582943962032,0.5204796494355317,0.2833716707021791,0.1111111111111111,8.0,1.0590267166400529,0.0355067707927719,0.1790079290893604,0.0286412686542976,0.4914215686274509,0.136360219250673,0.0909090909090909,8.0,1.0119255011573556,0.0190340401896799,0.1109688541540842,0.0055484427077042,0.4389229797979797,0.1462424334140437,0.1111111111111111,8.0,1.0007432466077577,0.0404432816056171,0.1491938864353592,0.0037298471608839,0.5817070707070706,0.1375713774427634,0.1111111111111111,8.0,0.9868290277266716,0.0109685687209126,0.1202085488656918,0.0072125129319415
2026-04-14,Wilyer_Abreu,677800,hitter,BOS,MIN,2026,823723,23,111,142,0,690953.0,,0.0,0.0,0.0,0.0,0.0,4.0,4.0,0.0,1.0,5.0,0.1142857142857142,0.0,0.0,0.0,0.0,10.0,4.1,8.2,7.810714285714286,1.08,0.0,64.0,0,1.0,0.8660254037844387,-0.4999999999999998,0.7818314824680298,0.6234898018587336,1.5,1.5,0.5,0.5,0.5,1.5,1.5,0.5,0.5,0.5,synthetic,synthetic,synthetic,synthetic,synthetic,0.0,0.0,0.0,0.0,0.0,-110.0,-110.0,-110.0,-110.0,-110.0,-110.0,-110.0,-110.0,-110.0,-110.0,0.0,0.0,0.0,0.0,0.0,2026-08-28T01:24:59.045926+00:00,-0.06138815734868386,-0.4555432739814389,-0.0437350461862408,-0.474244175407604,0.16296945848646982,1.2,1.2,0.4,0.0,0.4,2.0,2.0,0.0,0.0,1.0,batter_pitcher_profile_network_v2,0.7666666666666667,0.25,0.7642245067891404,0.0,0.4474289578129159,0.4238065597351137,-0.20233740824393,0.0,9.0,1.073544264550328,0.0196401519975872,-0.0155006211058877,-0.0015500621105887,0.5042317483580306,-0.34513722473179,0.0,9.0,1.022948277919183,0.0168331712811909,-0.0062079623839925,-0.0009932739814388,0.4912921348314607,-0.1882910455486542,0.0,9.0,1.0830053945097105,-0.0036937291276343,-0.0204152094391018,-0.001020760471955,0.3951111111111109,-0.4786970073404856,0.0,9.0,0.9843421670179496,0.040421889256852,0.0062329836958414,0.000155824592396,0.5710893719806762,-0.2678109730848861,0.0,9.0,1.018124721705203,0.0153894393100269,-0.0161042633207426,-0.0009662557992445
2026-04-17,Wilyer_Abreu,677800,hitter,BOS,DET,2026,824778,24,111,116,1,663554.0,Casey_Mize,0.0,0.0,0.0,0.0,0.0,4.0,4.0,0.0,2.0,3.0,0.1142857142857142,0.0,0.0,0.0,0.0,10.0,4.490950226244343,9.916289592760181,3.795918367346939,1.08,0.0,58.0,0,3.0,0.8660254037844387,-0.4999999999999998,-0.433883739117558,-0.9009688679024191,0.5,0.5,0.5,0.5,0.5,0.5,0.5,0.5,0.5,0.5,synthetic,synthetic,synthetic,synthetic,synthetic,0.0,0.0,0.0,0.0,0.0,-110.0,-110.0,-110.0,-110.0,-110.0,-110.0,-110.0,-110.0,-110.0,-110.0,0.0,0.0,0.0,0.0,0.0,2026-08-28T01:24:59.045926+00:00,0.11573831862393102,0.02742190773104658,-0.3487594380914223,-0.47371077768154857,-0.32907679907713205,0.8,0.8,0.2,0.0,0.2,0.0,0.0,0.0,0.0,0.0,batter_pitcher_profile_network_v2,0.8,0.3,0.7910508479159813,0.0,0.4759288813390877,0.374906315337515,0.3163809114687744,0.0,10.0,1.4436932444366846,0.0312476826481355,0.0198273023472928,0.0019827302347292,0.4455907071385903,0.2561040127345972,0.0,10.0,1.3964788560744468,0.0288324053594734,0.0623244233190424,0.0099719077310467,0.4503734038978497,0.5671606963298139,0.0,10.0,1.285594130939045,0.0111946810473578,0.0538928708246192,0.0026946435412309,0.3294872685185185,0.2042290127345972,0.0,10.0,1.3212804999145251,0.0163205982999109,0.0275688927380561,0.0006892223184514,0.5048301504629632,0.5322023629964806,0.0,10.0,1.2667973618719577,0.0229471736738199,0.0621213759253524,0.0037272825555211
2026-04-18,Wilyer_Abreu,677800,hitter,BOS,DET,2026,824775,25,111,116,1,669373.0,Tarik_Skubal,1.0,1.0,1.0,0.0,0.0,4.0,4.0,0.0,1.0,5.0,0.1212121212121212,0.2225,0.2225,0.0,0.0,26.7,3.4499999999999997,8.935714285714285,2.693877551020408,1.08,0.0,50.0,0,1.0,0.8660254037844387,-0.4999999999999998,-0.9749279121818236,-0.2225209339563146,0.5,0.5,0.5,0.5,0.5,0.5,0.5,0.5,0.5,0.5,synthetic,synthetic,synthetic,synthetic,synthetic,0.0,0.0,0.0,0.0,0.0,-110.0,-110.0,-110.0,-110.0,-110.0,-110.0,-110.0,-110.0,-110.0,-110.0,0.0,0.0,0.0,0.0,0.0,2026-08-28T01:24:59.045926+00:00,-0.18220921815900593,-0.12796759661903823,-0.2979785596608756,-0.47432411987470985,-0.3154034316579297,0.4,0.4,0.2,0.0,0.2,0.0,0.0,0.0,0.0,0.0,batter_pitcher_profile_network_v2,0.8333333333333334,0.25,0.8109296741448677,0.0,0.4793319453959801,0.249768702749141,-0.4473394088669951,0.0,11.0,1.1090749628996637,-0.0041837201897652,-0.0176042409592625,-0.0017604240959262,0.3303024684994273,-0.468431527093596,0.0,11.0,1.185449818430799,-0.0050238962826046,-0.0319139561417167,-0.0051062329826746,0.341935524054983,-0.619647619047619,0.0,11.0,0.9146582567043628,-0.0171107551065174,-0.0504941987833746,-0.0025247099391687,0.2691133333333332,-0.5005743842364532,0.0,11.0,1.2391021775839313,0.0242601202245245,0.0030352050116047,7.588012529011808e-05,0.4073675000000001,-0.5879809523809523,0.0,11.0,0.9648442349674434,-0.0028537020530216,-0.039879395906746,-0.0023927637544047
2026-04-19,Wilyer_Abreu,677800,hitter,BOS,DET,2026,824777,26,111,116,1,664285.0,Framber_Valdez,1.0,1.0,1.0,0.0,0.0,4.0,3.0,1.0,0.0,5.0,0.1142857142857142,0.395,0.395,0.0,0.0,47.400000000000006,5.228571428571429,4.128571428571429,2.693877551020408,1.08,10.0,45.0,0,1.0,0.8660254037844387,-0.4999999999999998,-0.7818314824680299,0.6234898018587334,0.5,0.5,0.5,0.5,0.5,0.5,0.5,0.5,0.5,0.5,synthetic,synthetic,synthetic,synthetic,synthetic,0.0,0.0,0.0,0.0,0.0,-110.0,-110.0,-110.0,-110.0,-110.0,-110.0,-110.0,-110.0,-110.0,-110.0,0.0,0.0,0.0,0.0,0.0,2026-08-28T01:24:59.045926+00:00,0.30246818953230026,0.2076409640333572,0.05632619957885121,-0.4747360485991411,-0.27236244667642506,0.6,0.6,0.4,0.0,0.2,1.0,1.0,1.0,0.0,0.0,batter_pitcher_profile_network_v2,0.8666666666666667,0.35,0.714180802488231,0.0,0.5252128314266504,0.2160631082339004,0.014011747270527,0.0,12.0,1.6653492855135317,0.0109535751885447,0.0007499225338871,7.499225338871442e-05,0.2861460607599223,-0.2593577224027519,0.0,12.0,1.5283452542964886,-0.0025735865191718,-0.0222439747915169,-0.0035590359666427,0.3071033257171873,-0.4851513123903792,0.0,12.0,1.206596325163285,-0.0104468590816643,-0.0473535594433854,-0.0023676779721692,0.2205202991452991,-0.5380365198711063,0.0,12.0,1.353057696054866,0.0159483423316391,-0.0134419439656455,-0.0003360485991411,0.357363247863248,-0.4910189284241345,0.0,12.0,1.2124997688565429,-0.0077411692155327,-0.0492720704574234,-0.0029563242274454
2026-04-20,Wilyer_Abreu,677800,hitter,BOS,DET,2026,824776,27,111,116,1,656427.0,Jack_Flaherty,0.0,0.0,0.0,0.0,1.0,5.0,4.0,1.0,1.0,3.0,0.1136363636363636,0.1379999999999999,0.1379999999999999,0.0,0.0,16.56,2.414027149321267,8.061085972850679,3.122448979591837,1.08,9.0,47.0,0,1.0,0.8660254037844387,-0.4999999999999998,0.0,1.0,0.5,0.5,0.5,0.5,0.5,0.5,0.5,0.5,0.5,0.5,synthetic,synthetic,synthetic,synthetic,synthetic,0.0,0.0,0.0,0.0,0.0,-110.0,-110.0,-110.0,-110.0,-110.0,-110.0,-110.0,-110.0,-110.0,-110.0,0.0,0.0,0.0,0.0,0.0,2026-08-28T01:24:59.045926+00:00,0.26685544347952417,0.21910021673101687,-0.041887628200489746,-0.47428027947096607,-0.325619535755502,0.8,0.8,0.4,0.0,0.2,1.0,1.0,1.0,0.0,0.0,batter_pitcher_profile_network_v2,0.9,0.3,0.7407137048836301,0.0,0.5277787713455266,0.2570457084068197,-0.0722983790415391,0.0,13.0,1.837851655393452,0.0071922766255693,-0.0043367160707004,-0.00043367160707,0.299422104644327,-0.0035793176841398,0.0,13.0,1.8812863448685948,0.0012471789485759,0.0016206727506747,0.0002593076401079,0.3346031746031748,0.0748655731523379,0.0,13.0,1.7764356771692604,-0.0026835770715756,0.0031620927620051,0.0001581046381002,0.1840452674897119,0.0736909814611594,0.0,13.0,1.7925189256614416,0.0016239133300941,0.0047888211613569,0.0001197205290339,0.3475329218106998,0.0385568124685772,0.0,13.0,1.7510211422013984,0.0007563422676338,0.003694193809043,0.0002216516285425
2026-04-21,Wilyer_Abreu,677800,hitter,BOS,NYY,2026,824773,28,111,147,1,661563.0,,0.0,0.0,0.0,0.0,0.0,4.0,4.0,0.0,0.0,4.0,0.1176470588235294,0.0,0.0,0.0,0.0,10.0,4.1,8.2,5.907467532467534,1.08,9.0,47.0,0,1.0,0.8660254037844387,-0.4999999999999998,0.7818314824680298,0.6234898018587336,0.5,0.5,0.5,0.5,0.5,0.5,0.5,0.5,0.5,0.5,synthetic,synthetic,synthetic,synthetic,synthetic,0.0,0.0,0.0,0.0,0.0,-110.0,-110.0,-110.0,-110.0,-110.0,-110.0,-110.0,-110.0,-110.0,-110.0,0.0,0.0,0.0,0.0,0.0,2026-08-28T01:24:59.045926+00:00,-0.033177254012858926,-0.2203627471522342,-0.1217525344786079,-0.47452586717279316,-0.05982974097916405,0.4,0.4,0.4,0.0,0.2,0.0,0.0,0.0,0.0,1.0,batter_pitcher_profile_network_v2,0.9333333333333332,0.3,0.7750892099199066,0.0,0.5431821382021101,0.2157452651515155,0.2611848739495798,0.0,14.0,2.1051528381421662,0.0116948520841253,0.0118286821785145,0.0011828682178514,0.2501773989898992,0.4712405462184874,0.0,14.0,1.8574963267732945,0.0106541905293367,0.0407291538279487,0.0065166646124717,0.2988683712121215,0.657752450980392,0.0,14.0,1.6549864238218823,-0.0034898312893491,0.0377758956073691,0.0018887947803684,0.1379375,0.6890714285714287,0.0,14.0,1.4326457829923869,-0.0249870188406029,-0.0050346869117314,-0.0001258671727932,0.2910104166666669,0.7004607843137254,0.0,14.0,1.5708967645831806,0.0194790692326166,0.0573990203498106,0.0034439412209886
2026-04-22,Wilyer_Abreu,677800,hitter,BOS,NYY,2026,824774,29,111,147,1,608331.0,Max_Fried,1.0,1.0,0.0,0.0,0.0,4.0,4.0,0.0,0.0,3.0,0.1176470588235294,0.2225,0.2225,0.0,0.0,26.7,5.2875000000000005,5.7375,4.461038961038962,1.08,12.0,47.0,0,1.0,0.8660254037844387,-0.4999999999999998,0.9749279121818236,-0.22252093395631434,0.5,0.5,0.5,0.5,0.5,0.5,0.5,0.5,0.5,0.5,synthetic,synthetic,synthetic,synthetic,synthetic,0.0,0.0,0.0,0.0,0.0,-110.0,-110.0,-110.0,-110.0,-110.0,-110.0,-110.0,-110.0,-110.0,-110.0,0.0,0.0,0.0,0.0,0.0,2026-08-28T01:24:59.045926+00:00,0.02950616555483465,-0.13501103520622248,-0.06531883267529137,-0.47464008995723606,-0.230532214874831,0.4,0.4,0.4,0.0,0.2,0.0,0.0,0.0,0.0,0.0,batter_pitcher_profile_network_v2,0.9666666666666668,0.4,0.6901149036526151,0.0,0.5895177030543552,0.1796460475902399,-0.2604470809510855,0.0,15.0,1.995167272851328,-0.0134161744800195,-0.0140156935731214,-0.0014015693573121,0.2017225247025609,-0.3007579467157556,0.0,15.0,2.002065729707719,-0.0222866418791116,-0.0516038965094793,-0.0082566234415166,0.2523623714458559,-0.331851081508118,0.0,15.0,1.816000457751993,-0.0095346967486956,-0.0346214968977317,-0.0017310748448865,0.0924961685823755,-0.2610840336722773,0.0,15.0,2.0255214592760344,-0.0023695485542232,-0.0096035982894441,-0.0002400899572361,0.2128984674329501,-0.3699307916530455,0.0,15.0,1.777787187559768,-0.0060347901372491,-0.0281184017208286,-0.0016871041032497
2026-04-23,Wilyer_Abreu,677800,hitter,BOS,NYY,2026,824770,30,111,147,1,693645.0,Cam_Schlittler,1.0,1.0,0.0,0.0,0.0,3.0,2.0,1.0,0.0,5.0,0.0967741935483871,0.5266666666666667,0.5266666666666667,0.0,0.0,63.20000000000001,3.6,12.0,5.103896103896105,1.08,0.0,59.0,0,1.0,0.8660254037844387,-0.4999999999999998,0.43388373911755823,-0.900968867902419,0.5,0.5,0.5,0.5,0.5,0.5,0.5,0.5,0.5,0.5,synthetic,synthetic,synthetic,synthetic,synthetic,0.0,0.0,0.0,0.0,0.0,-110.0,-110.0,-110.0,-110.0,-110.0,-110.0,-110.0,-110.0,-110.0,-110.0,0.0,0.0,0.0,0.0,0.0,2026-08-28T01:24:59.045926+00:00,0.04043192163864873,0.23666933039438987,0.08579608781882231,-0.4751395033382383,-0.1341027355572194,0.6,0.6,0.4,0.0,0.2,1.0,1.0,0.0,0.0,0.0,batter_pitcher_profile_network_v2,1.0,0.4,0.7108071297882583,0.0,0.6051704506403753,0.1845541078154426,-0.8210314443479058,0.0,16.0,1.3180498793702375,-0.017851360193327,-0.0438198703332448,-0.0043819870333244,0.1889277385436284,-0.8780647521492594,0.0,16.0,1.3500790512092276,-0.0290924152686585,-0.0916130560028062,-0.0146580889604489,0.2550983403954803,-0.8974511843790012,0.0,16.0,1.2543283841262456,-0.0088100319610847,-0.0750173582723516,-0.0037508679136175,0.0562694444444445,-0.9531087662337664,0.0,16.0,1.3542623645132004,-0.0140704594034971,-0.0295801335295338,-0.0007395033382383,0.1812937500000002,-0.9077944942381562,0.0,16.0,1.2701123574313615,-0.0277403231729755,-0.068399872748799,-0.0041039923649279
2026-04-24,Wilyer_Abreu,677800,hitter,BOS,BAL,2026,824854,31,111,110,0,687064.0,Brandon_Young,2.0,6.0,2.0,1.0,1.0,4.0,4.0,0.0,1.0,5.0,0.1081081081081081,0.8425,0.8425,1.0,30.0,65.0,0.0,3.6,2.6006493506493507,1.08,0.0,69.0,0,1.0,0.8660254037844387,-0.4999999999999998,-0.433883739117558,-0.9009688679024191,0.5,0.5,0.5,0.5,0.5,0.5,0.5,0.5,0.5,0.5,synthetic,synthetic,synthetic,synthetic,synthetic,0.0,0.0,0.0,0.0,0.0,-110.0,-110.0,-110.0,-110.0,-110.0,-110.0,-110.0,-110.0,-110.0,-110.0,0.0,0.0,0.0,0.0,0.0,2026-08-28T01:24:59.045926+00:00,0.4275187752924168,1.5952215451970724,0.0226902975037373,-0.15009477523835546,-0.14931716277438123,0.6,0.6,0.2,0.0,0.2,1.0,1.0,0.0,0.0,0.0,batter_pitcher_profile_network_v2,1.0,0.05,0.9425,0.0,0.5117271875,0.2255305808434484,-0.38,0.0,17.0,2.305941218989561,-0.0199000897843039,-0.0049278431914293,-0.0004927843191429,0.2219645230314346,-0.4799999999999999,0.0,17.0,2.2524889878919896,-0.0401138063469781,-0.0662969303561348,-0.0106075088569815,0.2934337359943975,-0.4962962962962962,0.0,17.0,2.096864253387364,-0.0252939955069435,-0.0336677248989317,-0.0016833862449465,0.0643435185185185,-0.4799999999999999,0.0,17.0,2.29111905437332,-0.0260151284231122,-0.0277910095342234,-0.0006947752383555,0.2158608796296294,-0.6481481481481481,0.0,17.0,1.918020800140443,-0.0389350340131101,-0.0372460906997331,-0.0022347654419839
2026-04-25,Wilyer_Abreu,677800,hitter,BOS,BAL,2026,824851,32,111,110,0,669432.0,Trevor_Rogers,2.0,2.0,1.0,0.0,0.0,6.0,6.0,0.0,0.0,3.0,0.12,0.2966666666666667,0.2966666666666667,0.0,0.0,35.6,6.571428571428572,9.857142857142856,2.6006493506493507,1.08,-13.0,57.0,0,1.0,0.8660254037844387,-0.4999999999999998,-0.9749279121818236,-0.2225209339563146,0.5,1.5,0.5,0.5,0.5,0.5,1.5,0.5,0.5,0.5,synthetic,synthetic,synthetic,synthetic,synthetic,0.0,0.0,0.0,0.0,0.0,-110.0,-110.0,-110.0,-110.0,-110.0,-110.0,-110.0,-110.0,-110.0,-110.0,0.0,0.0,0.0,0.0,0.0,2026-08-28T01:24:59.045926+00:00,0.35498178997354335,0.49173104421145464,0.16724363767516726,-0.23585198493700538,0.0009394758776948287,0.8,1.6,0.4,0.2,0.4,2.0,6.0,2.0,1.0,1.0,batter_pitcher_profile_network_v2,1.0,0.4,0.7292636852209902,0.0,0.6042660794241714,0.2253721424680978,0.3845345254492981,0.0,17.0,2.483515344027799,0.0031799106478456,0.0234629213804565,0.0023462921380456,0.2625533418923121,0.3064405171848353,0.0,17.0,2.439158554927047,-0.0206007336335493,-0.009118473678409,-0.0014589557885454,0.308571165966386,0.3585333994708994,0.0,17.0,2.306321058021478,-0.0280623199035814,0.0018900695206628,9.450347603314342e-05,0.1268435185185185,0.2269266282959464,0.0,17.0,2.346685669395953,-0.0658723181256686,-0.0580793974802167,-0.0014519849370054,0.2863817129629626,0.4285102513227514,0.0,17.0,2.193242085879187,-0.0045874816442773,0.0297834724204547,0.0017870083452272
2026-04-26,Wilyer_Abreu,677800,hitter,BOS,BAL,2026,824852,33,111,110,0,680694.0,Kyle_Bradish,1.0,1.0,1.0,0.0,0.0,4.0,3.0,1.0,0.0,4.0,0.1081081081081081,0.395,0.395,0.0,0.0,47.400000000000006,2.7624999999999997,10.1375,3.497265892002734,1.08,-14.0,53.0,0,1.0,0.8660254037844387,-0.4999999999999998,-0.7818314824680299,0.6234898018587334,1.5,1.5,0.5,0.5,0.5,1.5,1.5,0.5,0.5,0.5,synthetic,synthetic,synthetic,synthetic,synthetic,0.0,0.0,0.0,0.0,0.0,-110.0,-110.0,-110.0,-110.0,-110.0,-110.0,-110.0,-110.0,-110.0,-110.0,0.0,0.0,0.0,0.0,0.0,2026-08-28T01:24:59.045926+00:00,-0.39050557611631564,0.1972104422662524,0.2266248527121868,-0.3366449568366302,-0.23947051998767033,1.2,2.0,0.6,0.2,0.2,2.0,2.0,1.0,0.0,0.0,batter_pitcher_profile_network_v2,1.0,0.35,0.7294552047190932,0.0,0.5912246080976689,0.3189052405889496,-0.0973746754940563,0.0,18.0,2.7965022178179555,-0.0120393669290157,-0.0084013071534395,-0.0008401307153439,0.3270075060716454,-0.2577937989864234,0.0,18.0,2.683702301967903,-0.0483103401250969,-0.0952725736737606,-0.0152436117878016,0.3791364412568306,-0.1428143789773972,0.0,18.0,2.604137036729416,-0.0344442069647094,-0.0490931620833224,-0.0024546581041661,0.1298064814814814,-0.4514429925348105,0.0,18.0,2.4883489006365807,-0.0739442871967698,-0.0897982734652119,-0.0022449568366302,0.3015668981481482,-0.2219340026333112,0.0,18.0,2.5208992296924806,-0.0418339829125797,-0.0494824953823715,-0.0029689497229422
2026-04-27,Wilyer_Abreu,677800,hitter,BOS,TOR,2026,822825,34,111,141,0,656302.0,Dylan_Cease,2.0,3.0,0.0,0.0,1.0,5.0,4.0,1.0,0.0,4.0,0.125,0.5700000000000001,0.5700000000000001,0.25,21.25,65.0,1.8,15.0,3.636734693877551,1.08,0.0,68.0,0,1.0,0.8660254037844387,-0.4999999999999998,0.0,1.0,0.5,2.5,0.5,0.5,0.5,1.5,2.5,0.5,0.5,0.5,real,synthetic,synthetic,synthetic,synthetic,1.0,0.0,0.0,0.0,0.0,-168.0,-110.0,-110.0,-110.0,-110.0,126.0,-110.0,-110.0,-110.0,-110.0,0.0,0.0,0.0,0.0,0.0,2026-04-27T02:00:02.937037+00:00,0.45213446513916733,-0.43865312079474617,0.47507880825100846,-0.2218024529207393,-0.16581779405218633,1.4,2.2,0.8,0.2,0.2,1.0,1.0,1.0,0.0,0.0,batter_pitcher_profile_network_v2,1.0,0.35,0.672515871915113,0.0,0.5936658819916395,0.3961089600271001,-0.8853666333666333,0.0,19.0,1.649816737547118,-0.0274297793190836,-0.1148492261593481,-0.0114849226159348,0.3906031955736224,-0.92829507992008,0.0,19.0,1.733602188971306,-0.0554335929807124,-0.2018945049671647,-0.0323031207947463,0.4570307418699186,-0.6501871878121878,0.0,19.0,2.17142057439957,-0.0328448082927377,-0.1301585288573852,-0.0065079264428692,0.1436583333333333,-0.9996456043956043,0.0,19.0,1.770435932859847,-0.0740689656290239,-0.1210981168295758,-0.0030274529207393,0.3730229166666667,-0.789063936063936,0.0,19.0,1.947912569159315,-0.0638010901750652,-0.1442421457677325,-0.0086545287460639
2026-04-28,Wilyer_Abreu,677800,hitter,BOS,TOR,2026,822823,35,111,141,0,702056.0,Trey_Yesavage,0.0,0.0,0.0,0.0,0.0,4.0,3.0,1.0,2.0,4.0,0.125,0.1725,0.1725,0.0,0.0,20.7,4.1,8.2,2.7795918367346943,1.08,0.0,68.0,0,1.0,0.8660254037844387,-0.4999999999999998,0.7818314824680298,0.6234898018587336,1.5,1.5,0.5,0.5,0.5,1.5,2.5,0.5,0.5,0.5,synthetic,real,real,real,synthetic,0.0,8.0,7.0,8.0,0.0,-110.0,49.875,127.71428571428571,420.875,-110.0,-110.0,-67.5,-171.8,0.0,-110.0,0.0,0.46291004988627577,0.0,0.0,0.0,2026-04-28T17:23:11.163256+00:00,0.04533367346938788,0.629807917061501,0.07865976257442364,-0.3369075276790471,-0.025421819698523695,1.6,2.6,0.8,0.2,0.4,2.0,3.0,0.0,0.0,1.0,batter_pitcher_profile_network_v2,1.0,0.0,1.0,0.0,0.5,0.4880784722222224,0.0,0.0,20.0,3.191336387508417,-0.0159044242432271,0.0,0.0,0.477777314814815,0.0,0.0,20.0,3.144739753373315,-0.0540295122437452,-0.0810442683656179,-0.0129670829384988,0.5399270833333336,0.0,0.0,20.0,3.0441042470497512,-0.0288965852462252,-0.0288965852462252,-0.0014448292623112,0.2167868055555555,0.0,0.0,20.0,3.002891341112534,-0.100301107161884,-0.100301107161884,-0.0025075276790471,0.4471062500000001,0.0,0.0,20.0,2.9705974044929544,-0.0478091452279676,-0.0358568589209757,-0.0021514115352585
2026-04-29,Wilyer_Abreu,677800,hitter,BOS,TOR,2026,822821,36,111,141,0,641778.0,Eric_Lauer,2.0,2.0,0.0,0.0,0.0,4.0,3.0,1.0,0.0,3.0,0.1081081081081081,0.6174999999999999,0.6174999999999999,0.0,0.0,65.0,7.5375000000000005,5.8875,2.7795918367346943,1.08,0.0,68.0,0,1.0,0.8660254037844387,-0.4999999999999998,0.9749279121818236,-0.22252093395631434,1.5,1.5,0.5,0.5,0.5,1.5,2.5,0.5,0.5,0.5,synthetic,real,real,synthetic,synthetic,0.0,8.0,7.0,0.0,0.0,-110.0,0.0,0.0,-110.0,-110.0,-110.0,0.0,0.0,-110.0,-110.0,0.0,1.0606601717798212,0.4879500364742666,0.0,0.0,2026-04-30T03:22:26.750124+00:00,-0.2768152702270157,0.28369606091213306,0.31718354069386767,-0.3356655291363957,-0.06808989665950049,1.4,2.4,0.8,0.2,0.4,0.0,0.0,0.0,0.0,0.0,batter_pitcher_profile_network_v2,1.0,0.3,0.8085595723902925,0.0,0.5752854357146567,0.3951085648148148,0.404170727636849,0.0,20.0,2.9477424031645474,0.0045650190374511,0.0305713738467773,0.0030571373846777,0.3304023148148147,0.5818901869158877,0.0,20.0,2.471595313177851,-0.01154975664753,0.0194812928629948,0.0031170068580791,0.4456562499999998,0.7721756786826879,0.0,20.0,2.1794130047081497,0.0063752314987077,0.0722546528183361,0.0036127326409168,0.0316293981481481,0.804875,0.0,20.0,1.8306018342155328,-0.0554948006953901,-0.0506211654558305,-0.0012655291363957,0.2733030092592591,0.7584198375611926,0.0,20.0,2.148437374496689,-0.0185669297237002,0.0257562728104934,0.0015453763686296
2026-05-01,Wilyer_Abreu,677800,hitter,BOS,HOU,2026,824772,37,111,117,1,681347.0,Mike_Burrows,0.0,0.0,0.0,0.0,0.0,4.0,4.0,0.0,0.0,4.0,0.1212121212121212,0.0,0.0,0.0,0.0,10.0,6.771428571428571,10.799999999999999,8.135064935064936,1.08,3.0,59.0,0,2.0,0.49999999999999994,-0.8660254037844387,-0.433883739117558,-0.9009688679024191,1.5,0.5,0.5,0.5,0.5,1.5,1.5,0.5,0.5,0.5,synthetic,real,real,real,synthetic,0.0,8.0,7.0,7.0,0.0,-110.0,-116.28571428571429,144.4,546.4285714285714,-110.0,-110.0,55.8,-195.75,0.0,-110.0,0.0,0.4629100498862757,0.7559289460184545,0.0,0.0,2026-05-02T00:15:33.012287+00:00,-0.042745666534096616,0.8076822410629843,-0.0027464509883293187,-0.47465327657725537,-0.10252059679299291,1.4,1.6,0.4,0.0,0.2,2.0,2.0,0.0,0.0,0.0,batter_pitcher_profile_network_v2,1.0,0.45,0.681084307848909,1.0,0.638705227529829,0.5107691137566132,0.2140752185089322,0.0925925925925925,20.0,3.199460711330671,-0.0127200033871861,0.112699178814876,0.0112699178814876,0.4263596560846555,0.1919555570392926,0.1111111111111111,20.0,3.086179870524357,-0.0518770166271453,0.0416787793709249,0.0066686046993479,0.5732628968253961,0.1799363444289915,0.1111111111111111,20.0,3.010296517169049,-0.0258294003970935,0.1004605906230243,0.0050230295311512,0.0519997685185185,0.1207215826803183,0.1111111111111111,20.0,2.927017586759978,-0.105526627205553,-0.0101310630902194,-0.0002532765772554,0.3887254629629626,0.2143540794717265,0.1111111111111111,20.0,2.9086867917882264,-0.0448295405760919,0.0863450318050963,0.0051807019083057
2026-05-02,Wilyer_Abreu,677800,hitter,BOS,HOU,2026,824771,38,111,117,1,681293.0,Spencer_Arrighetti,2.0,2.0,0.0,0.0,1.0,5.0,3.0,2.0,0.0,4.0,0.125,0.632,0.632,0.0,0.0,65.0,2.1285714285714286,10.22857142857143,6.031168831168832,1.08,6.0,57.0,0,1.0,0.49999999999999994,-0.8660254037844387,-0.9749279121818236,-0.2225209339563146,0.5,1.5,0.5,0.5,0.5,0.5,1.5,0.5,0.5,0.5,synthetic,real,real,real,synthetic,0.0,8.0,7.0,8.0,0.0,-110.0,121.5,75.42857142857143,410.75,-110.0,-110.0,-166.16666666666666,-141.8,0.0,-110.0,0.0,0.0,0.0,0.0,0.0,2026-05-02T16:59:46.553036+00:00,0.3254257853983795,-0.4632207321514583,0.10636632573166294,-0.47637296442829535,-0.024344845340105392,1.0,1.2,0.2,0.0,0.2,0.0,0.0,0.0,0.0,0.0,batter_pitcher_profile_network_v2,1.0,0.15,0.7579774529801188,0.0,0.5385721643014904,0.5018979166666666,-0.7581309523809524,0.0,22.0,2.3297313961678,-0.0256288690648869,-0.092090630864689,-0.0092090630864689,0.413749537037037,-0.7117472527472528,0.0,22.0,2.5900861094950547,-0.0556966952519303,-0.154817075946614,-0.0247707321514582,0.5555520833333334,-0.4317851037851036,0.0,22.0,3.0087923617104675,-0.0427861623980758,-0.1008423165355749,-0.0050421158267787,0.0458145833333332,-0.6335421245421244,0.0,22.0,2.869010634855882,-0.0718937593266788,-0.0789185771318162,-0.0019729644282954,0.352592361111111,-0.575118437118437,0.0,22.0,2.7481431003350134,-0.0568580575957455,-0.0917214483091178,-0.005503286898547
2026-05-03,Wilyer_Abreu,677800,hitter,BOS,HOU,2026,824769,39,111,117,1,675989.0,,0.0,0.0,0.0,0.0,0.0,5.0,3.0,2.0,3.0,4.0,0.1162790697674418,0.2759999999999999,0.2759999999999999,0.0,0.0,33.12,4.1,8.2,6.674025974025974,1.08,-6.0,50.0,0,1.0,0.49999999999999994,-0.8660254037844387,-0.7818314824680299,0.6234898018587334,1.5,1.5,0.5,0.5,0.5,1.5,1.5,0.5,0.5,0.5,synthetic,synthetic,synthetic,synthetic,synthetic,0.0,0.0,0.0,0.0,0.0,-110.0,-110.0,-110.0,-110.0,-110.0,-110.0,-110.0,-110.0,-110.0,-110.0,0.0,0.0,0.0,0.0,0.0,2026-08-28T01:24:59.045926+00:00,-0.16879604779321333,-0.2175102253831307,-0.18951485570413001,-0.47518046770440686,0.19155538632948665,1.2,1.4,0.0,0.0,0.4,2.0,2.0,0.0,0.0,1.0,batter_pitcher_profile_network_v2,1.0,0.1,0.8260509177819975,0.0,0.5248808762571705,0.4957729166666666,-0.1260817307692308,0.0,22.0,3.541188653853241,-0.0302526081315369,-0.0108731931239184,-0.0010873193123918,0.3529439814814814,-0.2686057692307692,0.0,22.0,3.3927664144898806,-0.0445768010383774,-0.0833560598073598,-0.0133369695691775,0.55184375,0.5165865384615385,0.0,22.0,3.059056212965812,-0.0151441900083632,0.0344443537518958,0.0017222176875947,-0.0979354166666667,-0.29625,0.0,22.0,3.319679622977016,-0.0261718595819583,-0.0312187081762779,-0.0007804677044069,0.2823006944444443,0.3221153846153846,0.0,22.0,3.2288752118229587,-0.0364258949549103,-0.0115016403053954,-0.0006900984183237
2026-05-04,Wilyer_Abreu,677800,hitter,BOS,DET,2026,824283,40,111,116,0,663947.0,Tyler_Holton,1.0,1.0,1.0,0.0,1.0,5.0,4.0,1.0,2.0,5.0,0.119047619047619,0.316,0.316,0.0,0.0,37.92,12.0,7.5,3.4931722689075633,1.0666666666666669,0.0,72.0,0,1.0,0.49999999999999994,-0.8660254037844387,0.0,1.0,0.5,0.5,0.5,0.5,0.5,0.5,0.5,0.5,0.5,0.5,synthetic,synthetic,synthetic,synthetic,synthetic,0.0,0.0,0.0,0.0,0.0,-110.0,-110.0,-110.0,-110.0,-110.0,-110.0,-110.0,-110.0,-110.0,-110.0,0.0,0.0,0.0,0.0,0.0,2026-08-28T01:24:59.045926+00:00,0.2880655295922424,0.15485802296183504,-0.33635681192836286,-0.479050519433125,-0.2485732040005187,0.8,0.8,0.0,0.0,0.2,0.0,0.0,0.0,0.0,0.0,batter_pitcher_profile_network_v2,1.0,0.05,0.9425,0.0,0.5117271875,0.2852415919364242,-0.1999999999999999,0.0,22.0,3.45708168008512,-0.0089132210412926,-0.0032802783072688,-0.0003280278307268,0.120244703266258,-0.5,0.0,22.0,3.0333047942030977,-0.0126618808464171,-0.0224498564885306,-0.0035919770381649,0.3439653051181098,-0.7,0.0,22.0,2.488421376400805,-0.0174639039438178,-0.0313085074748217,-0.001565425373741,-0.2784928240740741,-1.0,0.0,22.0,2.1090805435694446,0.0006592267259208,-0.0153541106583384,-0.0003838527664584,0.0695974537037034,-0.6,0.0,22.0,2.7021474225218345,-0.0197277937051163,-0.017196957431615,-0.0010318174458969
2026-05-05,Wilyer_Abreu,677800,hitter,BOS,DET,2026,824281,41,111,116,0,664285.0,Framber_Valdez,3.0,6.0,2.0,1.0,1.0,5.0,4.0,1.0,1.0,3.0,0.1162790697674418,0.914,0.914,0.75,30.0,65.0,2.8846153846153846,10.26923076923077,3.6684969442322384,1.0666666666666669,9.0,54.0,0,1.0,0.49999999999999994,-0.8660254037844387,0.7818314824680298,0.6234898018587336,0.5,0.5,0.5,0.5,0.5,0.5,0.5,0.5,0.5,0.5,synthetic,synthetic,synthetic,synthetic,synthetic,0.0,0.0,0.0,0.0,0.0,-110.0,-110.0,-110.0,-110.0,-110.0,-110.0,-110.0,-110.0,-110.0,-110.0,0.0,0.0,0.0,0.0,0.0,2026-08-28T01:24:59.045926+00:00,0.34405522198451644,1.5850512646152164,0.28787040222073,-0.21822419505344764,0.2290859463772552,1.0,1.0,0.2,0.0,0.4,1.0,1.0,1.0,0.0,1.0,batter_pitcher_profile_network_v2,1.0,0.5,0.6458969218935993,1.0,0.654188813534017,0.1982125269164511,-0.1168320013953688,0.0,21.0,3.328516222445021,0.0003513249216063,-0.0082001654804089,-0.0008200165480408,0.0270191537467698,-0.308435168549789,-0.0271604938271604,21.0,3.1186115550498625,0.0023872753043217,-0.0217217473176869,-0.0034754795708299,0.256160125968992,-0.3961842488931579,0.1111111111111111,21.0,2.842943943702518,-0.0458234558782607,0.0096785420428274,0.0004839271021413,-0.3715085648148148,-0.5055304328669696,-0.0493827160493827,21.0,2.8540726143865096,0.0248419991802173,-0.0823011354712417,-0.002057528386781,-0.0271266203703704,-0.4256638744438187,-0.074074074074074,21.0,2.773388846035568,-0.0084491610186687,-0.0713847813478066,-0.0042830868808684
2026-05-06,Wilyer_Abreu,677800,hitter,BOS,DET,2026,824282,42,111,116,0,656427.0,Jack_Flaherty,0.0,0.0,0.0,0.0,0.0,5.0,5.0,0.0,3.0,3.0,0.1282051282051282,0.0,0.0,0.0,0.0,10.0,12.272727272727273,11.972727272727274,2.987824675324675,1.0666666666666669,8.0,54.0,0,1.0,0.49999999999999994,-0.8660254037844387,0.9749279121818236,-0.22252093395631434,1.5,1.5,0.5,0.5,0.5,1.5,1.5,0.5,0.5,0.5,synthetic,synthetic,synthetic,synthetic,synthetic,0.0,0.0,0.0,0.0,0.0,-110.0,-110.0,-110.0,-110.0,-110.0,-110.0,-110.0,-110.0,-110.0,-110.0,0.0,0.0,0.0,0.0,0.0,2026-08-28T01:24:59.045926+00:00,-0.3405377692093625,0.48527758352787265,0.16180543281179138,-0.2399237917160077,0.08241743399117296,1.2,1.8,0.6,0.2,0.6,3.0,6.0,2.0,1.0,1.0,batter_pitcher_profile_network_v2,1.0,0.45,0.7115604279159295,1.0,0.6370252314111344,0.3574649038461539,0.2876691827173346,-0.1111111111111111,22.0,3.6793894426850553,0.0371735740680713,-0.0654259771419124,-0.0065425977141912,0.2123571581196582,0.4220103461738678,-0.1111111111111111,22.0,3.263090430905085,0.0421066813761339,-0.0060776029507972,-0.0009724164721275,0.4395953525641025,0.7997916666666668,-0.1111111111111111,22.0,2.492614793811342,-0.0038094997470872,0.0025147501419226,0.0001257375070961,-0.2136381944444443,0.5971941697032795,-0.074074074074074,22.0,2.61097879186843,0.0131061249862043,-0.0502850019736449,-0.0012571250493411,0.1940354166666667,0.7408333333333333,0.1111111111111111,22.0,2.5693097522871966,-0.0207997114363584,0.120949490928473,0.0072569694557083
2026-05-07,Wilyer_Abreu,677800,hitter,BOS,TB,2026,824767,43,111,139,1,643377.0,Griffin_Jax,1.0,1.0,0.0,0.0,1.0,4.0,3.0,0.0,0.0,3.0,0.1176470588235294,0.2225,0.2225,0.0,0.0,26.7,4.5,11.571428571428571,0.20300751879699247,1.08,16.0,62.0,0,1.0,0.49999999999999994,-0.8660254037844387,0.43388373911755823,-0.900968867902419,1.5,1.5,0.5,0.5,0.5,1.5,1.5,0.5,0.5,0.5,synthetic,synthetic,synthetic,synthetic,synthetic,0.0,0.0,0.0,0.0,0.0,-110.0,-110.0,-110.0,-110.0,-110.0,-110.0,-110.0,-110.0,-110.0,-110.0,0.0,0.0,0.0,0.0,0.0,2026-08-28T01:24:59.045926+00:00,-0.8221565798051454,-0.24841545691648692,-0.1509945441932506,-0.3337009256690556,-0.1694919347029259,1.2,1.8,0.6,0.2,0.6,0.0,0.0,0.0,0.0,0.0,batter_pitcher_profile_network_v2,1.0,0.1,0.5351062127454245,0.0,0.5284449488938685,0.1763371996041843,-0.6156071428571429,0.0,24.0,3.0796805986300466,0.0152275046106517,-0.0504662845618482,-0.0050466284561848,0.0170606022052587,-0.6781071428571429,0.0,24.0,3.0639530033950413,0.0466645233838947,0.0646184678013689,0.010338954848219,0.2649411577608143,-0.5764748677248677,0.0,24.0,3.126929063479027,0.0208998351855299,-0.0501042850149453,-0.0025052142507472,-0.3715085648148148,-0.6781071428571429,0.0,24.0,3.184971217005045,0.145080230162174,0.0279629732377766,0.0006990743309444,0.0021546296296297,-0.7283267195767197,0.0,24.0,2.8040057200301605,0.0066337985321397,0.0042458030125659,0.0002547481807539
2026-05-08,Wilyer_Abreu,677800,hitter,BOS,TB,2026,824768,44,111,139,1,669947.0,Jesse_Scholtens,1.0,4.0,1.0,1.0,1.0,4.0,2.0,2.0,0.0,3.0,0.1176470588235294,0.87,0.87,1.5,30.0,65.0,5.031674208144796,6.868778280542986,0.46015037593984964,1.08,5.0,58.0,0,1.0,0.49999999999999994,-0.8660254037844387,-0.433883739117558,-0.9009688679024191,0.5,1.5,0.5,0.5,0.5,0.5,1.5,0.5,0.5,0.5,synthetic,synthetic,synthetic,synthetic,synthetic,0.0,0.0,0.0,0.0,0.0,-110.0,-110.0,-110.0,-110.0,-110.0,-110.0,-110.0,-110.0,-110.0,-110.0,0.0,0.0,0.0,0.0,0.0,2026-08-28T01:24:59.045926+00:00,0.41301504353817664,1.8598754082978446,0.22125194464937237,0.1187436483758968,0.19698264715109481,1.0,1.6,0.6,0.2,0.6,1.0,1.0,0.0,0.0,1.0,batter_pitcher_profile_network_v2,1.0,0.1,0.8164889473266876,0.0,0.5249980103952481,0.233589108001131,-0.1461681985294117,0.0,24.0,4.10402967864149,0.0179688584636176,-0.0062656727618962,-0.0006265672761896,0.0552285411365565,-0.1820608660130718,0.0,24.0,4.023544409275672,0.0481252139708109,0.0703426253909416,0.0112548200625506,0.3072757633587787,-0.2932105119825707,0.0,24.0,3.648647392537906,0.0317163352962598,0.0151826346946595,0.0007591317347329,-0.3715085648148148,-0.1817136437908496,0.0,24.0,3.865531678725364,0.1381344312963822,0.1257459350358742,0.0031436483758968,0.0046546296296297,-0.265131808278867,0.0,24.0,3.651130478568912,-0.0080938815330779,-0.0062968803728061,-0.0003778128223683
2026-05-10,Wilyer_Abreu,677800,hitter,BOS,TB,2026,824765,45,111,139,1,607259.0,Nick_Martinez,0.0,0.0,0.0,0.0,0.0,4.0,4.0,0.0,1.0,3.0,0.1081081081081081,0.0,0.0,0.0,0.0,10.0,0.975,6.364285714285714,0.46015037593984964,1.08,4.0,69.0,0,2.0,0.49999999999999994,-0.8660254037844387,-0.7818314824680299,0.6234898018587334,1.5,2.5,0.5,0.5,0.5,1.5,2.5,0.5,0.5,0.5,synthetic,synthetic,synthetic,synthetic,synthetic,0.0,0.0,0.0,0.0,0.0,-110.0,-110.0,-110.0,-110.0,-110.0,-110.0,-110.0,-110.0,-110.0,-110.0,0.0,0.0,0.0,0.0,0.0,2026-08-28T01:24:59.045926+00:00,-0.3829408597762052,-0.4271653363728194,-0.0001265223543341909,-0.09403588552745207,0.06117756881332004,1.2,2.4,0.8,0.4,0.8,1.0,4.0,1.0,1.0,1.0,batter_pitcher_profile_network_v2,1.0,0.5,0.6967277734982675,0.0,0.6323254238732311,0.3380044140514561,0.4762414848254121,0.0,24.0,3.826340879149752,0.023593702795695,0.0488182531490081,0.0048818253149008,0.2427430661577608,0.4236368014397327,0.0,24.0,3.7106464265314383,0.021419561282688,0.0633163098320389,0.0101306095731262,0.4154222328244275,0.375955927698033,0.0,24.0,3.700816552569889,-0.0093703404398055,0.037994852649142,0.0018997426324571,-0.1337400462962962,0.4100951347730661,0.0,24.0,3.4269332005988566,0.0145645789019195,0.0145645789019195,0.0003641144725479,0.2054439814814815,0.4153894072301967,0.0,24.0,3.570307284224605,-0.0337321477159933,0.0005819146865376,3.491488119225831e-05
2026-05-12,Wilyer_Abreu,677800,hitter,BOS,PHI,2026,824764,46,111,143,1,554430.0,Zack_Wheeler,1.0,1.0,0.0,0.0,0.0,4.0,4.0,0.0,1.0,3.0,0.1176470588235294,0.2225,0.2225,0.0,0.0,26.7,3.1210526315789475,9.494736842105263,2.793956043956044,1.08,0.0,62.0,0,2.0,0.49999999999999994,-0.8660254037844387,0.7818314824680298,0.6234898018587336,0.5,2.5,0.5,0.5,0.5,0.5,2.5,0.5,0.5,0.5,synthetic,synthetic,synthetic,synthetic,synthetic,0.0,0.0,0.0,0.0,0.0,-110.0,-110.0,-110.0,-110.0,-110.0,-110.0,-110.0,-110.0,-110.0,-110.0,0.0,0.0,0.0,0.0,0.0,2026-08-28T01:24:59.045926+00:00,0.25211772277639033,-0.9985574445366849,-0.018303533337021116,-0.19309046884148212,-0.04092480026102302,1.0,2.2,0.6,0.4,0.6,0.0,0.0,0.0,0.0,0.0,batter_pitcher_profile_network_v2,1.0,0.15,0.7251494293444488,0.0,0.5391753792357957,0.1511955894826125,-0.5401970508851314,0.0,25.0,3.4156618436170407,0.0288759072663526,-0.0224485334717654,-0.0022448533471765,0.0381729855810009,-0.5406661804397872,0.0,25.0,3.547189380994742,0.0546024285078139,0.0762310451751301,0.0121969672280208,0.2274840966921121,-0.3932156432748537,0.0,25.0,3.683937770648906,0.0373528744393822,0.0127674069505946,0.0006383703475297,-0.2916104166666666,-0.4959970627927284,0.0,25.0,3.688545927382816,0.0921350584828893,0.0523812463407166,0.0013095311585179,-0.0102388888888887,-0.4770514275885791,0.0,25.0,3.49327296243547,-0.0143331903351373,-0.0120923939215979,-0.0007255436352958
2026-05-13,Wilyer_Abreu,677800,hitter,BOS,PHI,2026,824763,47,111,143,1,691725.0,Andrew_Painter,3.0,3.0,1.0,0.0,0.0,4.0,4.0,0.0,0.0,3.0,0.1290322580645161,0.6675,0.6675,0.0,0.0,65.0,10.992513368983959,6.365775401069519,2.793956043956044,1.08,0.0,62.0,0,1.0,0.49999999999999994,-0.8660254037844387,0.9749279121818236,-0.22252093395631434,0.5,1.5,0.5,0.5,0.5,0.5,1.5,0.5,0.5,0.5,synthetic,synthetic,synthetic,synthetic,synthetic,0.0,0.0,0.0,0.0,0.0,-110.0,-110.0,-110.0,-110.0,-110.0,-110.0,-110.0,-110.0,-110.0,-110.0,0.0,0.0,0.0,0.0,0.0,2026-08-28T01:24:59.045926+00:00,0.29853346146846826,-0.26869982350348076,-0.013985432665772901,-0.3344023504458107,-0.0301069900547144,0.6,1.2,0.2,0.2,0.4,1.0,1.0,0.0,0.0,0.0,batter_pitcher_profile_network_v2,1.0,0.5,0.6785255632312213,0.0,0.6334403092520877,0.1830041132478631,0.5076512530590047,0.0,25.0,4.083632048221242,0.0278078946283432,0.0298657040886386,0.0029865704088638,0.0607795940170939,0.4636170767999033,0.0,25.0,3.955532633190749,0.0330106919949725,0.0585746918129227,0.0093719506900676,0.2597219551282049,0.4228015735621419,0.0,25.0,3.9632862454936753,0.0019210179245123,0.0372223995026939,0.0018611199751346,-0.2896326388888888,0.4147646756699598,0.0,25.0,3.7443620365093904,-9.401783242663089e-05,-9.401783242663089e-05,-2.3504458106657725e-06,0.0032284722222222,0.4816869313775845,0.0,25.0,3.797793844884126,-0.018371632857265,-0.013278795606459,-0.0007967277363875
2026-05-14,Wilyer_Abreu,677800,hitter,BOS,PHI,2026,824762,48,111,143,1,666200.0,Jesús_Luzardo,2.0,2.0,0.0,0.0,1.0,4.0,4.0,0.0,0.0,3.0,0.1081081081081081,0.445,0.445,0.0,0.0,53.4,5.947368421052631,14.165413533834586,2.3653846153846154,1.08,0.0,54.0,0,1.0,0.49999999999999994,-0.8660254037844387,0.43388373911755823,-0.900968867902419,1.5,1.5,0.5,0.5,0.5,1.5,1.5,0.5,0.5,0.5,synthetic,synthetic,synthetic,synthetic,synthetic,0.0,0.0,0.0,0.0,0.0,-110.0,-110.0,-110.0,-110.0,-110.0,-110.0,-110.0,-110.0,-110.0,-110.0,0.0,0.0,0.0,0.0,0.0,2026-08-28T01:24:59.045926+00:00,-0.4920818069265893,0.2611478814385031,0.08399757322802714,-0.3332892553167876,-0.14286286136101606,1.2,1.8,0.4,0.2,0.4,3.0,3.0,1.0,0.0,0.0,batter_pitcher_profile_network_v2,1.0,0.55,0.6495639282316376,0.0,0.6487356303353934,0.329291328347578,-0.0357119838365969,0.0,26.0,4.725606699969108,0.0322490063583433,-0.0041210043583042,-0.0004121004358304,0.1734216880341878,-0.130043654543157,0.0,26.0,4.55827926267006,0.0477430614297248,0.0637114211528071,0.0101938273844491,0.3909959935897433,-0.0124400164371969,0.0,26.0,4.456884504480057,0.0419470447086955,0.0402425248516053,0.0020121262425802,-0.2732252314814814,-0.285592123930912,0.0,26.0,4.222858174784201,0.0717746553929992,0.0444297873284967,0.0011107446832124,0.0918233796296296,0.0279213781206262,0.0,26.0,4.3921119119517575,-0.0182474419492372,-0.0127871210897001,-0.000767227265382
2026-05-15,Wilyer_Abreu,677800,hitter,BOS,ATL,2026,824925,49,111,144,0,675911.0,,0.0,0.0,0.0,0.0,0.0,4.0,4.0,0.0,1.0,3.0,0.1052631578947368,0.0,0.0,0.0,0.0,10.0,4.1,8.2,2.608163265306122,1.08,-5.0,77.0,0,1.0,0.49999999999999994,-0.8660254037844387,-0.433883739117558,-0.9009688679024191,1.5,1.5,0.5,0.5,0.5,1.5,1.5,0.5,0.5,0.5,synthetic,synthetic,synthetic,synthetic,synthetic,0.0,0.0,0.0,0.0,0.0,-110.0,-110.0,-110.0,-110.0,-110.0,-110.0,-110.0,-110.0,-110.0,-110.0,0.0,0.0,0.0,0.0,0.0,2026-08-28T01:24:59.045926+00:00,-0.08931905458473688,0.040758719390472375,-0.2926388985246694,-0.3332893376345168,-0.10630778382050837,1.4,2.0,0.4,0.2,0.4,2.0,2.0,0.0,0.0,1.0,batter_pitcher_profile_network_v2,1.0,0.15,0.8306096323591186,0.0,0.5372375480054012,0.3581374821937322,-0.7883333333333333,0.0,27.0,2.964681700619059,0.0329302838961143,-0.0478242730224483,-0.0047824273022448,0.1926524572649572,-0.6785151515151514,0.0,27.0,3.561412364608007,0.0529338318549426,0.0572584435588741,0.0091613509694198,0.4143934294871794,-0.2091616161616161,0.0,27.0,4.584641097749805,0.0461091291513222,0.031427185253123,0.0015713592626561,-0.2732252314814814,-0.5466969696969697,0.0,27.0,4.0837441175700455,0.0697285720129131,0.0444264946193307,0.0011106623654832,0.0943233796296296,-0.3827979797979798,0.0,27.0,4.166234734721834,0.0191455082026436,0.0082429871662511,0.000494579229975
2026-05-16,Wilyer_Abreu,677800,hitter,BOS,ATL,2026,824924,50,111,144,0,693821.0,Bryce_Elder,2.0,3.0,1.0,0.0,0.0,4.0,4.0,0.0,1.0,3.0,0.1142857142857142,0.54,0.54,0.25,21.25,65.0,1.5,11.235294117647058,2.33265306122449,1.08,0.0,82.0,0,1.0,0.49999999999999994,-0.8660254037844387,-0.9749279121818236,-0.2225209339563146,1.5,1.5,0.5,0.5,0.5,1.5,1.5,0.5,0.5,0.5,synthetic,synthetic,synthetic,synthetic,synthetic,0.0,0.0,0.0,0.0,0.0,-110.0,-110.0,-110.0,-110.0,-110.0,-110.0,-110.0,-110.0,-110.0,-110.0,0.0,0.0,0.0,0.0,0.0,2026-08-28T01:24:59.045926+00:00,-0.6323884995518836,-0.17979833020760005,-0.12828854327127015,-0.358954976301637,-0.24333034638213558,1.2,1.2,0.2,0.0,0.2,0.0,0.0,0.0,0.0,0.0,batter_pitcher_profile_network_v2,1.0,0.6,0.5010298684303975,0.0,0.6731743046703658,0.2483214209401708,-0.4570639383442483,0.0,27.0,4.111933030486913,0.059406866176406,-0.0566324945184357,-0.0056632494518435,0.1057411324786324,-0.5101524309585043,0.0,27.0,4.093378535705385,0.0669096191829225,0.0734479362025006,0.0117516697924001,0.3158918269230768,-0.3945925483424921,0.0,27.0,4.1897632045583055,0.0487719822253246,-0.0134239266498923,-0.0006711963324946,-0.2892993055555554,-0.5292602553859851,0.0,27.0,4.125955914017005,0.0692005721873387,-0.0071990520654806,-0.000179976301637,0.0158534722222223,-0.4906692022865124,0.0,27.0,3.899770118244384,0.0193307601025927,0.0106166759440007,0.00063700055664
2026-05-17,Wilyer_Abreu,677800,hitter,BOS,ATL,2026,824923,51,111,144,0,656550.0,Grant_Holmes,0.0,0.0,0.0,0.0,0.0,4.0,4.0,0.0,0.0,3.0,0.1081081081081081,0.0,0.0,0.0,0.0,10.0,6.0,8.15,2.33265306122449,1.08,0.0,85.0,0,1.0,0.49999999999999994,-0.8660254037844387,-0.7818314824680299,0.6234898018587334,1.5,1.5,0.5,0.5,0.5,1.5,1.5,0.5,0.5,0.5,synthetic,synthetic,synthetic,synthetic,synthetic,0.0,0.0,0.0,0.0,0.0,-110.0,-110.0,-110.0,-110.0,-110.0,-110.0,-110.0,-110.0,-110.0,-110.0,0.0,0.0,0.0,0.0,0.0,2026-08-28T01:24:59.045926+00:00,0.0817838443807537,0.06665983889856508,-0.16172404198392193,-0.4743053740640508,-0.41334738298198676,1.6,1.8,0.4,0.0,0.2,2.0,3.0,1.0,0.0,0.0,batter_pitcher_profile_network_v2,1.0,0.5,0.6139219361355068,0.0,0.6373972814117002,0.2908978951335056,-0.2381397099358283,0.0,28.0,5.163750739609556,0.0711435588198508,-0.0267453032047812,-0.0026745303204781,0.164148288113695,-0.1116697252250311,0.0,28.0,5.341934315789866,0.0712004122615426,0.0997236552781938,0.015955784844511,0.3727739825581394,0.0730600356030262,0.0,28.0,5.239404186490256,0.0430269848638262,0.0535417747727479,0.0026770887386373,-0.2091189814814814,0.0782543401955295,0.0,28.0,5.088238449127744,0.0037850374379666,0.0037850374379666,9.462593594916718e-05,0.1157525462962962,-0.0154543724966621,0.0,28.0,5.1059207349621385,-0.0016384948885069,-0.0019195196391072,-0.0001151711783464
2026-05-18,Wilyer_Abreu,677800,hitter,BOS,KC,2026,824114,52,111,118,0,607625.0,Seth_Lugo,0.0,0.0,0.0,0.0,0.0,5.0,5.0,0.0,2.0,3.0,0.1282051282051282,0.0,0.0,0.0,0.0,10.0,7.0,9.15,2.5500000000000003,1.06,0.0,82.0,0,1.0,0.49999999999999994,-0.8660254037844387,0.0,1.0,1.5,1.5,0.5,0.5,0.5,1.5,1.5,0.5,0.5,0.5,synthetic,synthetic,synthetic,synthetic,synthetic,0.0,0.0,0.0,0.0,0.0,-110.0,-110.0,-110.0,-110.0,-110.0,-110.0,-110.0,-110.0,-110.0,-110.0,0.0,0.0,0.0,0.0,0.0,2026-08-28T01:24:59.045926+00:00,-0.36594595118594997,-0.4699866865712048,-0.2660871005985753,-0.4808271751124791,-0.3796084652581324,1.4,1.6,0.4,0.0,0.2,0.0,0.0,0.0,0.0,0.0,batter_pitcher_profile_network_v2,1.0,0.5,0.6264116463218268,0.0,0.6366322866627881,0.2924166666666669,0.087801778671722,0.0,29.0,5.850272568552443,0.0531662252887552,0.0095917701917866,0.0009591770191786,0.1611250000000002,-0.1790127849370803,0.0,29.0,5.614963642830993,0.0528641868773015,0.0685207089299706,0.0109633134287953,0.3629479166666669,-0.0856584877650557,0.0,29.0,5.513064350353536,0.0541034584122597,0.0424887572592654,0.0021244378629632,-0.2115486111111109,-0.4709085318250471,0.0,29.0,4.972988794304328,0.0361298844299921,-0.0010870044991635,-2.71751124790878e-05,0.0931979166666669,-0.1328948293971442,0.0,29.0,5.364908461625883,-0.013334907513163,-0.0146282671227208,-0.0008776960273632
2026-05-19,Wilyer_Abreu,677800,hitter,BOS,KC,2026,824112,53,111,118,0,663559.0,,2.0,2.0,0.0,0.0,0.0,5.0,5.0,0.0,0.0,3.0,0.1219512195121951,0.356,0.356,0.0,0.0,42.72,4.1,8.2,2.335714285714286,1.06,0.0,58.0,0,1.0,0.49999999999999994,-0.8660254037844387,0.7818314824680298,0.6234898018587336,0.5,0.5,0.5,0.5,0.5,0.5,0.5,0.5,0.5,0.5,synthetic,synthetic,synthetic,synthetic,synthetic,0.0,0.0,0.0,0.0,0.0,-110.0,-110.0,-110.0,-110.0,-110.0,-110.0,-110.0,-110.0,-110.0,-110.0,0.0,0.0,0.0,0.0,0.0,2026-08-28T01:24:59.045926+00:00,0.1437382421126825,0.3067500710370463,-0.2181065867238436,-0.4825377400831137,-0.29085748763416985,0.8,1.0,0.2,0.0,0.2,0.0,0.0,0.0,0.0,0.0,batter_pitcher_profile_network_v2,1.0,0.05,0.9425,0.0,0.5117271875,0.1579208118001724,1.0,0.0,30.0,3.327523802988541,0.0499399918830399,0.0090804466785099,0.0009080446678509,0.0526107881136952,1.0,0.0,30.0,3.087928013997093,0.0243555003295136,0.0395583708108079,0.0063293393297292,0.2352843992248064,0.6,0.0,30.0,4.919149457103578,0.0098659363282715,0.0179832481015273,0.0008991624050763,-0.2319189814814814,1.0,0.0,30.0,2.908823697566876,-0.0695096033245492,-0.0695096033245492,-0.0017377400831137,-0.0147245370370368,0.8,0.0,30.0,4.107906267060394,-0.0190630236939035,-0.0142972677704276,-0.0008578360662256
2026-05-20,Wilyer_Abreu,677800,hitter,BOS,KC,2026,824111,54,111,118,0,608379.0,Michael_Wacha,1.0,1.0,0.0,0.0,0.0,5.0,5.0,0.0,3.0,3.0,0.1282051282051282,0.178,0.178,0.0,0.0,21.36,2.357142857142857,6.357142857142857,2.48265306122449,1.06,-4.0,65.0,0,1.0,0.49999999999999994,-0.8660254037844387,0.9749279121818236,-0.22252093395631434,0.5,0.5,0.5,0.5,0.5,0.5,0.5,0.5,0.5,0.5,synthetic,synthetic,synthetic,synthetic,synthetic,0.0,0.0,0.0,0.0,0.0,-110.0,-110.0,-110.0,-110.0,-110.0,-110.0,-110.0,-110.0,-110.0,-110.0,0.0,0.0,0.0,0.0,0.0,2026-08-28T01:24:59.045926+00:00,0.561638719524054,0.5142654786929908,-0.29940371798748555,-0.48154049292230316,-0.46488118196493083,0.8,1.0,0.2,0.0,0.0,2.0,2.0,0.0,0.0,0.0,batter_pitcher_profile_network_v2,1.0,0.6,0.54205616528722,0.0,0.6701588718513893,0.2559452635327634,-0.0914437111801243,0.0,30.0,6.094408746667423,0.0312240665069985,-0.010717985293211,-0.0010717985293211,0.128859188034188,0.0189468167701862,0.0,30.0,6.069887418777732,0.028902456696373,0.0444717418311918,0.0071154786929907,0.3288605769230771,0.1120803571428571,0.0,30.0,5.909724234209928,0.0286240830446943,0.0455033482565718,0.0022751674128285,-0.219800462962963,0.1876968167701862,0.0,30.0,5.540030346857278,-0.0296197168921292,-0.0296197168921292,-0.0007404929223032,0.0518106481481483,0.0857113095238095,0.0,30.0,5.789290422952863,-0.0067796194217581,-0.0030510965897699,-0.0001830657953861
2026-05-22,Wilyer_Abreu,677800,hitter,BOS,MIN,2026,824761,55,111,142,1,687570.0,Connor_Prielipp,2.0,3.0,1.0,0.0,1.0,5.0,5.0,0.0,0.0,3.0,0.1282051282051282,0.432,0.432,0.2,17.0,60.84,2.3000000000000003,10.0,2.164285714285714,1.08,0.0,64.0,0,2.0,0.49999999999999994,-0.8660254037844387,-0.433883739117558,-0.9009688679024191,0.5,1.5,0.5,0.5,0.5,0.5,1.5,0.5,0.5,0.5,synthetic,synthetic,synthetic,synthetic,synthetic,0.0,0.0,0.0,0.0,0.0,-110.0,-110.0,-110.0,-110.0,-110.0,-110.0,-110.0,-110.0,-110.0,-110.0,0.0,0.0,0.0,0.0,0.0,2026-08-28T01:24:59.045926+00:00,0.3626064175856727,-0.1423238005966334,-0.17815195611764928,-0.38257851070744886,-0.40569254059206994,1.0,1.2,0.2,0.0,0.0,1.0,1.0,0.0,0.0,0.0,batter_pitcher_profile_network_v2,1.0,0.25,0.6271040542503442,0.0,0.5682949383385832,0.2623294423240033,-0.6297058823529412,0.0,31.0,4.821844930775661,0.0176576944044856,-0.0615988278062781,-0.0061598827806278,0.1384103689567429,-0.3414093137254902,0.0,31.0,6.039269944210364,0.0226898606375316,0.0164137462710402,0.0026261994033664,0.3505478689567428,-0.2338259803921567,0.0,31.0,6.028709675654385,0.0254711688332916,-0.0050940674079302,-0.0002547033703965,-0.2155930555555555,-0.0056862745098038,0.0,31.0,6.190208791460315,-0.0266832872167614,-0.0271404282979585,-0.0006785107074489,0.0844763888888887,-0.2778333333333332,0.0,31.0,5.872129148801753,-0.0166874894171723,-0.0212676179264413,-0.0012760570755864
2026-05-23,Wilyer_Abreu,677800,hitter,BOS,MIN,2026,824760,56,111,142,1,671737.0,Taj_Bradley,0.0,0.0,0.0,0.0,0.0,4.0,4.0,0.0,2.0,3.0,0.1081081081081081,0.0,0.0,0.0,0.0,10.0,4.699248120300752,8.421052631578947,1.5214285714285711,1.08,-8.0,61.0,0,1.0,0.49999999999999994,-0.8660254037844387,-0.9749279121818236,-0.2225209339563146,0.5,1.5,0.5,0.5,0.5,0.5,1.5,0.5,0.5,0.5,synthetic,synthetic,synthetic,synthetic,synthetic,0.0,0.0,0.0,0.0,0.0,-110.0,-110.0,-110.0,-110.0,-110.0,-110.0,-110.0,-110.0,-110.0,-110.0,0.0,0.0,0.0,0.0,0.0,2026-08-28T01:24:59.045926+00:00,0.5127487186505164,-0.321835573385961,-0.33332341263154086,-0.4749354071707674,-0.296064556776226,1.0,1.2,0.2,0.0,0.2,2.0,3.0,1.0,0.0,1.0,batter_pitcher_profile_network_v2,1.0,0.5,0.6382931732518891,0.0,0.6359045431383218,0.3389229166666671,-0.4656179757007594,0.0,32.0,5.680233200208593,0.0153233110544358,-0.057080448799314,-0.0057080448799314,0.2102347222222226,-0.4342359553308665,0.0,32.0,5.931483750860345,0.0197653855955422,-0.0033726715000945,-0.0005396274400151,0.4204270833333338,-0.310910087719298,0.0,32.0,6.008186279443153,0.0400593672002676,-0.0072211483837121,-0.0003610574191856,-0.1531569444444444,-0.4050425792624904,0.0,32.0,5.931355845095276,0.0010222264811749,-0.0214162868306991,-0.0005354071707674,0.1493395833333337,-0.3675179937022041,0.0,32.0,5.816842804668343,-0.0239996461743188,-0.0378520080464965,-0.0022711204827897
2026-05-24,Wilyer_Abreu,677800,hitter,BOS,MIN,2026,824759,57,111,142,1,641927.0,Bailey_Ober,2.0,4.0,1.0,0.0,0.0,4.0,4.0,0.0,1.0,3.0,0.1052631578947368,0.635,0.635,0.5,30.0,65.0,4.8,4.733333333333333,1.4142857142857144,1.08,-7.0,57.0,0,1.0,0.49999999999999994,-0.8660254037844387,-0.7818314824680299,0.6234898018587334,0.5,1.5,0.5,0.5,0.5,0.5,1.5,0.5,0.5,0.5,synthetic,synthetic,synthetic,synthetic,synthetic,0.0,0.0,0.0,0.0,0.0,-110.0,-110.0,-110.0,-110.0,-110.0,-110.0,-110.0,-110.0,-110.0,-110.0,0.0,0.0,0.0,0.0,0.0,2026-08-28T01:24:59.045926+00:00,0.40335577848362214,0.16592243256682337,-0.1282779481384767,-0.2716763388586353,-0.2650711621412077,1.0,1.2,0.2,0.0,0.2,0.0,0.0,0.0,0.0,0.0,batter_pitcher_profile_network_v2,1.0,0.7,0.58275837183746,2.0,0.7325284696149378,0.2106487163299662,0.0897571407000965,0.0866666666666666,32.0,6.784228107165933,-0.0001474329718213,0.0764750780693053,0.0076475078069305,0.1125920454545454,0.1019990213936904,0.2,32.0,6.650140665778969,-0.0063156035418089,0.1535941509110666,0.0245750641457706,0.3084857954545454,0.0131210971978702,0.0533333333333333,32.0,6.604097043563063,0.0436279967818099,0.0875237439973851,0.0043761871998692,-0.1670087962962962,0.1593336433868176,0.2,32.0,6.225163871282615,-0.0493293915291552,0.1089464456545908,0.0027236611413647,0.077883564814815,0.0069691785266217,0.2,32.0,6.471936241536222,-0.0574457801605742,0.1154179743382698,0.0069250784602961
2026-05-26,Wilyer_Abreu,677800,hitter,BOS,ATL,2026,824758,58,111,144,1,675911.0,,0.0,0.0,1.0,0.0,0.0,5.0,4.0,1.0,1.0,3.0,0.1282051282051282,0.1379999999999999,0.1379999999999999,0.0,0.0,16.56,4.1,8.2,3.6367346938775507,1.08,4.0,82.0,0,2.0,0.49999999999999994,-0.8660254037844387,0.7818314824680298,0.6234898018587336,1.5,1.5,0.5,0.5,0.5,1.5,1.5,0.5,0.5,0.5,synthetic,synthetic,synthetic,synthetic,synthetic,0.0,0.0,0.0,0.0,0.0,-110.0,-110.0,-110.0,-110.0,-110.0,-110.0,-110.0,-110.0,-110.0,-110.0,0.0,0.0,0.0,0.0,0.0,2026-08-28T01:24:59.045926+00:00,-0.0004626759047881013,0.3825549388092717,-1.6477759247068846e-06,-0.4775351965632508,-0.2883739683219022,1.4,2.0,0.4,0.0,0.2,2.0,4.0,1.0,0.0,0.0,batter_pitcher_profile_network_v2,1.0,0.25,0.798912399167383,1.0,0.5817833077754989,0.2958639047921969,-0.6946815789473684,-0.1111111111111111,34.0,5.310777220622207,0.0011985588062144,-0.1412693545476173,-0.0141269354547617,0.2194250106022054,-0.3650130765056972,-0.1111111111111111,34.0,6.892892666879952,0.0098841027582801,-0.101219132442052,-0.0161950611907283,0.3982034828244277,-0.0530872038343279,-0.0888888888888888,34.0,7.293295590249441,0.0436656752600773,-0.0405368801652777,-0.0020268440082638,-0.0428180555555555,-0.0026419424850786,-0.074074074074074,34.0,7.139923499175981,-0.0587587297751721,-0.1254078625300348,-0.0031351965632508,0.209970138888889,-0.1706473412913726,-0.0666666666666666,34.0,7.055948080060053,-0.0299955701284151,-0.0896655630835087,-0.0053799337850105
2026-05-27,Wilyer_Abreu,677800,hitter,BOS,ATL,2026,824756,59,111,144,1,693821.0,Bryce_Elder,1.0,1.0,0.0,0.0,2.0,5.0,5.0,0.0,0.0,3.0,0.125,0.178,0.178,0.0,0.0,21.36,1.625,7.360294117647058,2.029591836734694,1.08,0.0,87.0,0,1.0,0.49999999999999994,-0.8660254037844387,0.9749279121818236,-0.22252093395631434,0.5,1.5,0.5,0.5,0.5,0.5,1.5,0.5,0.5,0.5,synthetic,synthetic,synthetic,synthetic,synthetic,0.0,0.0,0.0,0.0,0.0,-110.0,-110.0,-110.0,-110.0,-110.0,-110.0,-110.0,-110.0,-110.0,-110.0,0.0,0.0,0.0,0.0,0.0,2026-08-28T01:24:59.045926+00:00,0.45926282801483254,-0.395385610805453,0.06801907995221312,-0.476322418726934,-0.3621624707365157,1.0,1.6,0.6,0.0,0.2,0.0,0.0,1.0,0.0,0.0,batter_pitcher_profile_network_v2,1.0,0.7,0.4678988289011369,1.0,0.7236276754217276,0.2952141624579123,-0.3686228120965368,0.0962962962962963,34.0,6.4671097171594205,-0.0276348532993315,0.0127719376113104,0.001277193761131,0.2230276515151515,-0.4011248858033779,0.1012345679012345,34.0,6.478797331767404,-0.0204472104414008,-0.0039725675340817,-0.000635610805453,0.4086089015151515,-0.3957193685650361,0.1111111111111111,34.0,6.203774286086119,0.0122776370332016,0.0077897623095712,0.0003894881154785,-0.0403884259259258,-0.4009086908348244,-0.074074074074074,34.0,6.344457434527199,-0.0139143058628847,-0.0768967490773637,-0.001922418726934,0.2325247685185187,-0.4558045362799207,-0.0666666666666666,34.0,5.985948134234748,-0.0160567423002139,-0.1173677095541736,-0.0070420625732504
2026-05-28,Wilyer_Abreu,677800,hitter,BOS,ATL,2026,824757,60,111,144,1,519242.0,Chris_Sale,1.0,2.0,0.0,0.0,0.0,4.0,3.0,0.0,1.0,3.0,0.1052631578947368,0.4233333333333333,0.4233333333333333,0.3333333333333333,28.33333333333333,65.0,1.2857142857142858,10.428571428571429,2.029591836734694,1.08,-4.0,68.0,0,1.0,0.49999999999999994,-0.8660254037844387,0.43388373911755823,-0.900968867902419,0.5,1.5,0.5,0.5,0.5,0.5,1.5,0.5,0.5,0.5,synthetic,synthetic,synthetic,synthetic,synthetic,0.0,0.0,0.0,0.0,0.0,-110.0,-110.0,-110.0,-110.0,-110.0,-110.0,-110.0,-110.0,-110.0,-110.0,0.0,0.0,0.0,0.0,0.0,2026-08-28T01:24:59.045926+00:00,0.3111638859951986,0.21067488953493796,0.02992835385518189,-0.32307933309614595,0.2812161399861558,1.0,1.6,0.6,0.0,0.6,1.0,1.0,0.0,0.0,2.0,batter_pitcher_profile_network_v2,1.0,0.65,0.5534497270913756,1.0,0.7021815654803493,0.2920868560289611,-0.5441771181838296,-0.1111111111111111,36.0,6.718586054737554,-0.0115987310878678,-0.1572805815088094,-0.0157280581508809,0.2195418546365914,-0.4612453360397991,-0.1111111111111111,36.0,7.237748982195571,-0.0099125756793769,-0.1463904930382176,-0.0234224788861148,0.4038251879699248,-0.5374994069129975,-0.0962962962962963,36.0,6.591092474747182,0.0163990486490132,-0.1553230052450912,-0.0077661502622545,-0.0423662037037036,-0.3685230206035575,-0.074074074074074,36.0,7.413736556246929,-0.0493328611406624,-0.1138399905125058,-0.0028459997628126,0.2240574074074075,-0.5382362637362637,-0.0814814814814814,36.0,6.639189424258044,0.0216782633153155,-0.1008820922464883,-0.0060529255347893
2026-05-29,Wilyer_Abreu,677800,hitter,BOS,CLE,2026,824433,61,111,114,0,677944.0,Slade_Cecconi,0.0,0.0,0.0,0.0,0.0,4.0,4.0,0.0,1.0,3.0,0.1081081081081081,0.0,0.0,0.0,0.0,10.0,2.6181818181818186,9.886363636363637,2.424489795918368,1.08,0.0,70.0,0,1.0,0.49999999999999994,-0.8660254037844387,-0.433883739117558,-0.9009688679024191,0.5,1.5,0.5,0.5,0.5,0.5,1.5,0.5,0.5,0.5,synthetic,synthetic,synthetic,synthetic,synthetic,0.0,0.0,0.0,0.0,0.0,-110.0,-110.0,-110.0,-110.0,-110.0,-110.0,-110.0,-110.0,-110.0,-110.0,0.0,0.0,0.0,0.0,0.0,2026-08-28T01:24:59.045926+00:00,0.2494821295143793,-0.33818482148095996,-0.29942172940398937,-0.47676975758838747,-0.27315797488135696,0.8,1.4,0.4,0.0,0.4,1.0,2.0,0.0,0.0,0.0,batter_pitcher_profile_network_v2,1.0,0.75,0.512166950942357,0.0,0.7154446613821709,0.254959355997789,0.1743454804713657,0.0,37.0,8.167592151338416,-5.196131554093279e-05,0.0216846724357413,0.0021684672435741,0.2151235212824766,0.145346327273526,0.0,37.0,8.167422650526841,-0.0138724999127906,-0.0055554720938375,-0.000888875535014,0.3693003731343287,0.1156996123538243,0.0,37.0,8.173498324313956,-0.0130927949443533,0.0077512916775219,0.000387564583876,0.041286574074074,0.1034875085032995,0.0,37.0,7.99925664581644,-0.0968746408200007,-0.0947903035355027,-0.0023697575883875,0.2374324074074076,0.1320109661833821,0.0,37.0,7.959720805228752,-0.0318895296766664,-0.008626663540176,-0.0005175998124105
2026-05-30,Wilyer_Abreu,677800,hitter,BOS,CLE,2026,824431,62,111,114,0,800048.0,Parker_Messick,1.0,2.0,1.0,0.0,0.0,5.0,4.0,1.0,1.0,3.0,0.1063829787234042,0.392,0.392,0.25,21.25,58.29,2.1,9.926470588235295,2.038775510204082,1.08,-24.0,61.0,0,1.0,0.49999999999999994,-0.8660254037844387,-0.9749279121818236,-0.2225209339563146,0.5,1.5,0.5,0.5,0.5,0.5,1.5,0.5,0.5,0.5,synthetic,synthetic,synthetic,synthetic,synthetic,0.0,0.0,0.0,0.0,0.0,-110.0,-110.0,-110.0,-110.0,-110.0,-110.0,-110.0,-110.0,-110.0,-110.0,0.0,0.0,0.0,0.0,0.0,2026-08-28T01:24:59.045926+00:00,0.04316832967510742,-0.13929462159792627,-0.10620020325845186,-0.3591212408485879,-0.176306742251075,0.8,1.4,0.4,0.0,0.4,0.0,0.0,0.0,0.0,0.0,batter_pitcher_profile_network_v2,1.0,0.7,0.4407223664415765,0.0,0.7072080570776348,0.1117244022940849,-0.3481595253486008,0.0,38.0,8.41185327436382,-0.0091195377021809,-0.021754733780285,-0.0021754733780285,0.0250887990602541,-0.2724755748453226,0.0,38.0,8.760415391991529,0.0170703697581321,0.0217822852257269,0.0034851656361163,0.2113316231343282,-0.3214464093329638,0.0,38.0,8.364512466672885,0.0273620923542666,-0.0106306392029051,-0.0005315319601452,-0.1478337962962962,-0.2118986517683994,0.0,38.0,8.687618564048057,0.0036701753504739,-0.0138496339435198,-0.0003462408485879,0.0108641203703703,-0.3170233324098869,0.0,38.0,8.33325359434199,0.003637209298491,0.000801654333292,4.8099259997524725e-05
2026-05-31,Wilyer_Abreu,677800,hitter,BOS,CLE,2026,824430,63,111,114,0,676440.0,Tanner_Bibee,2.0,2.0,1.0,0.0,2.0,5.0,4.0,1.0,0.0,3.0,0.119047619047619,0.4939999999999999,0.4939999999999999,0.0,0.0,59.28,8.725,5.7749999999999995,3.3244897959183675,1.08,0.0,70.0,0,1.0,0.49999999999999994,-0.8660254037844387,-0.7818314824680299,0.6234898018587334,0.5,0.5,0.5,0.5,0.5,0.5,0.5,0.5,0.5,0.5,synthetic,synthetic,synthetic,synthetic,synthetic,0.0,0.0,0.0,0.0,0.0,-110.0,-110.0,-110.0,-110.0,-110.0,-110.0,-110.0,-110.0,-110.0,-110.0,0.0,0.0,0.0,0.0,0.0,2026-08-28T01:24:59.045926+00:00,0.3710969129161872,0.6545143647918326,0.17477443631844825,-0.4758241111739074,-0.06804456710821105,0.6,1.0,0.4,0.0,0.4,1.0,2.0,1.0,0.0,0.0,batter_pitcher_profile_network_v2,1.0,0.8,0.4948073973181458,0.0,0.7315088750628217,0.1003646285853525,0.4208760925330451,0.0,39.0,8.115375783254564,0.015733640139887,0.0213398774611923,0.0021339877461192,0.0382251844890005,0.5053014752458245,0.0,39.0,7.492267915719831,0.0166795750093568,0.034777279948954,0.0055643647918326,0.2067624530075192,0.4619884763274068,0.0,39.0,7.865126361537377,0.0337419880156803,0.0819989304506025,0.0040999465225301,-0.0771905092592593,0.589658566936369,0.0,39.0,6.80904181237837,-0.0569644469562999,-0.0569644469562999,-0.0014241111739074,0.0540039351851853,0.5530062652481327,0.0,39.0,7.174549325251738,-0.0527621513951126,-0.0244842817354903,-0.0014690569041294
2026-06-02,Wilyer_Abreu,677800,hitter,BOS,BAL,2026,824754,64,111,110,1,669358.0,Shane_Baz,0.0,0.0,0.0,0.0,1.0,4.0,3.0,0.0,1.0,3.0,0.1212121212121212,0.0,0.0,0.0,0.0,10.0,2.214285714285715,8.571428571428571,6.110204081632653,1.08,0.0,73.0,0,2.0,1.2246467991473532e-16,-1.0,0.7818314824680298,0.6234898018587336,0.5,1.5,0.5,0.5,0.5,0.5,1.5,0.5,0.5,0.5,synthetic,synthetic,synthetic,synthetic,synthetic,0.0,0.0,0.0,0.0,0.0,-110.0,-110.0,-110.0,-110.0,-110.0,-110.0,-110.0,-110.0,-110.0,-110.0,0.0,0.0,0.0,0.0,0.0,2026-08-28T01:24:59.045926+00:00,0.7698422714873121,-0.318570779603659,0.04517316421845219,-0.4750291990941215,0.5182344519726458,1.0,1.4,0.4,0.0,0.8,2.0,2.0,1.0,0.0,2.0,batter_pitcher_profile_network_v2,1.0,0.65,0.4925433733311719,0.0,0.6882812338985054,0.1248833091487007,0.014262457826062,0.0,40.0,9.982044821559782,0.0153037224672898,0.0009038527828283,9.038527828283851e-05,0.0576876381978993,-0.0697759981637136,0.0,40.0,9.984414741795309,0.0197600139866908,0.0275974002044026,0.0044155840327044,0.2291124067164179,0.0445358378787682,0.0,40.0,9.822867141673928,0.0785358064116808,0.0837137481909375,0.0041856874095468,-0.0727905092592592,-0.1449468180994049,0.0,40.0,9.670037474546042,-0.0198139143883817,-0.0251679637648602,-0.0006291990941215,0.0728414351851852,0.0075228421660136,0.0,40.0,9.647506219926058,-0.0186198012349534,-0.0136867775740274,-0.0008212066544416
2026-06-03,Wilyer_Abreu,677800,hitter,BOS,BAL,2026,824755,65,111,110,1,605135.0,Chris_Bassitt,2.0,5.0,1.0,1.0,3.0,5.0,5.0,0.0,1.0,3.0,0.119047619047619,0.5980000000000001,0.5980000000000001,0.6,30.0,65.0,4.976923076923077,6.1692307692307695,5.559183673469389,1.08,10.0,80.0,0,1.0,1.2246467991473532e-16,-1.0,0.9749279121818236,-0.22252093395631434,0.5,1.5,0.5,0.5,0.5,0.5,1.5,0.5,0.5,0.5,synthetic,synthetic,synthetic,synthetic,synthetic,0.0,0.0,0.0,0.0,0.0,-110.0,-110.0,-110.0,-110.0,-110.0,-110.0,-110.0,-110.0,-110.0,-110.0,0.0,0.0,0.0,0.0,0.0,2026-08-28T01:24:59.045926+00:00,0.4723719330336109,0.25295914121258445,0.20771247792061942,-0.25178422143944723,0.36892491296188845,0.8,1.2,0.4,0.0,0.6,0.0,0.0,0.0,0.0,1.0,batter_pitcher_profile_network_v2,1.0,0.55,0.6080975798527027,1.0,0.6702794255574243,-0.0124887305068226,0.6061946131223038,-0.1111111111111111,41.0,7.952719130084742,0.0415691460926527,-0.0893387544362612,-0.0089338754436261,-0.0687856968810916,0.3861497700729764,-0.1037037037037036,41.0,9.179476289581602,0.0272933133683312,-0.0424428674213469,-0.0067908587874155,0.0996529605263157,0.5039080622292507,0.1111111111111111,41.0,8.64394361517158,0.0530473859179989,0.1620658849430003,0.00810329424715,-0.1554004629629629,0.2147232005662498,-0.0493827160493827,41.0,9.68671516065617,-0.0556627444951088,-0.0953688575778916,-0.0023842214394472,-0.0514872685185184,0.4767882939183388,-0.0888888888888888,41.0,8.596424544928396,0.0189775444746529,-0.0572378451930192,-0.0034342707115811
2026-06-04,Wilyer_Abreu,677800,hitter,BOS,BAL,2026,824753,66,111,110,1,669432.0,Trevor_Rogers,1.0,1.0,0.0,0.0,0.0,4.0,3.0,1.0,0.0,3.0,0.1176470588235294,0.395,0.395,0.0,0.0,47.400000000000006,10.298701298701298,5.240259740259741,6.844897959183674,1.08,10.0,87.0,0,1.0,1.2246467991473532e-16,-1.0,0.43388373911755823,-0.900968867902419,0.5,1.5,0.5,0.5,1.5,0.5,1.5,0.5,0.5,1.5,synthetic,synthetic,synthetic,synthetic,synthetic,0.0,0.0,0.0,0.0,0.0,-110.0,-110.0,-110.0,-110.0,-110.0,-110.0,-110.0,-110.0,-110.0,-110.0,0.0,0.0,0.0,0.0,0.0,2026-08-28T01:24:59.045926+00:00,1.0361822015122466,0.5295848029192953,0.42673028417037284,-0.2370278954986838,0.10018933607085967,1.0,1.8,0.6,0.2,1.2,2.0,5.0,1.0,1.0,3.0,batter_pitcher_profile_network_v2,1.0,0.65,0.5639531535171414,1.0,0.7013452301511977,0.0998474295190713,0.5241472005080652,0.1037037037037037,41.0,8.640126784741394,0.017550238083679,0.1039142702063185,0.0103914270206318,0.0609584715312328,0.4803216559713189,0.0320987654320987,41.0,8.751938613417002,0.0193973663695052,0.0669638417750065,0.010714214684001,0.202018656716418,0.5162734702348012,0.1111111111111111,41.0,8.703910949171435,0.0326372330142129,0.1650018418708409,0.008250092093542,-0.0202430555555554,0.4360545696403837,-0.074074074074074,41.0,8.77802161607301,-0.047191629076347,-0.1051158199473522,-0.0026278954986838,0.0769722222222225,0.5768295253906764,-0.1111111111111111,41.0,8.136921941580773,0.0476233161819848,-0.0318083844132462,-0.0019085030647947
2026-06-05,Wilyer_Abreu,677800,hitter,BOS,NYY,2026,823538,67,111,147,0,677960.0,Ryan_Weathers,1.0,1.0,1.0,0.0,1.0,4.0,4.0,0.0,1.0,3.0,0.1142857142857142,0.2225,0.2225,0.0,0.0,26.7,5.0625,10.151785714285714,4.988404452690167,1.08,0.0,85.0,0,1.0,1.2246467991473532e-16,-1.0,-0.433883739117558,-0.9009688679024191,1.5,1.5,0.5,0.5,1.5,1.5,1.5,0.5,0.5,1.5,synthetic,synthetic,synthetic,synthetic,synthetic,0.0,0.0,0.0,0.0,0.0,-110.0,-110.0,-110.0,-110.0,-110.0,-110.0,-110.0,-110.0,-110.0,-110.0,0.0,0.0,0.0,0.0,0.0,2026-08-28T01:24:59.045926+00:00,-0.3119085576880174,0.006696996685402246,0.0893925376839605,-0.3360201283700262,-0.5257674123176095,1.2,2.0,0.6,0.2,1.2,1.0,1.0,0.0,0.0,0.0,batter_pitcher_profile_network_v2,1.0,0.7,0.5659430832148975,0.0,0.6964703806143225,0.0608809943338861,0.1556116846381643,0.0,43.0,10.986127462600486,0.0244631966966538,0.0041121658532846,0.0004112165853284,0.0282570826423439,0.2516642310978208,0.0,43.0,10.654310120475865,0.019283847762606,0.0320124792837646,0.0051219966854023,0.1602999067164179,0.4020770196804032,0.0,43.0,10.049247018976478,0.0289700701402367,0.0569463009890446,0.0028473150494522,-0.026761574074074,0.3422892310978208,0.0,43.0,9.98912519693148,-0.0648051348010508,-0.0648051348010508,-0.0016201283700262,0.0380057870370372,0.4592511649795485,0.0,43.0,9.53660277345266,0.0046177338286394,0.0110394174647045,0.0006623650478822
2026-06-07,Wilyer_Abreu,677800,hitter,BOS,NYY,2026,823537,68,111,147,0,693645.0,Cam_Schlittler,0.0,0.0,0.0,0.0,0.0,4.0,4.0,0.0,1.0,3.0,0.1212121212121212,0.0,0.0,0.0,0.0,10.0,4.269230769230769,8.576923076923077,4.988404452690167,1.08,14.0,81.0,0,2.0,1.2246467991473532e-16,-1.0,-0.7818314824680299,0.6234898018587334,1.5,1.5,0.5,0.5,1.5,1.5,1.5,0.5,0.5,1.5,synthetic,synthetic,synthetic,synthetic,synthetic,0.0,0.0,0.0,0.0,0.0,-110.0,-110.0,-110.0,-110.0,-110.0,-110.0,-110.0,-110.0,-110.0,-110.0,0.0,0.0,0.0,0.0,0.0,2026-08-28T01:24:59.045926+00:00,-0.24513619651537333,-0.221878588241192,0.10714873649831302,-0.3366843798822378,-0.29845423913491476,1.2,1.8,0.6,0.2,1.4,1.0,1.0,1.0,0.0,1.0,batter_pitcher_profile_network_v2,1.0,0.8,0.4392301160051558,1.0,0.7557054486314947,0.0715290215588727,-0.6336508903504138,-0.0074074074074074,42.0,8.355238171602961,-0.0130840742064876,-0.0307470562531115,-0.0030747056253111,0.0420517551133226,-0.6608958355593919,-0.0419753086419753,42.0,8.348799322237028,0.0018096543826588,-0.0430764037801788,-0.0068922246048286,0.1833619402985078,-0.7292148998043165,-0.0962962962962963,42.0,7.397645474067205,0.0293017739603312,-0.1149751772693652,-0.0057487588634682,-0.0205763888888888,-0.692635293390717,-0.074074074074074,42.0,8.13175825008104,-0.0300783212761935,-0.0913751952895143,-0.0022843798822378,0.0766388888888891,-0.7366421086396578,-0.1111111111111111,42.0,7.410334495307854,-0.0605104935021162,-0.1569986052479601,-0.0094199163148776
2026-06-08,Wilyer_Abreu,677800,hitter,BOS,TB,2026,822972,69,111,139,0,693855.0,Ian_Seymour,1.0,1.0,0.0,0.0,0.0,4.0,4.0,0.0,2.0,3.0,0.125,0.2225,0.2225,0.0,0.0,26.7,7.5,7.5,3.5018796992481205,1.08,0.0,72.0,0,1.0,1.2246467991473532e-16,-1.0,0.0,1.0,0.5,1.5,0.5,0.5,0.5,0.5,1.5,0.5,0.5,0.5,synthetic,synthetic,synthetic,synthetic,synthetic,0.0,0.0,0.0,0.0,0.0,-110.0,-110.0,-110.0,-110.0,-110.0,-110.0,-110.0,-110.0,-110.0,-110.0,0.0,0.0,0.0,0.0,0.0,2026-08-28T01:24:59.045926+00:00,0.3038918546365914,-0.499343364088221,-0.1017871617173508,-0.3372700942360199,0.27579389897137296,0.8,1.4,0.4,0.2,1.0,0.0,0.0,0.0,0.0,0.0,batter_pitcher_profile_network_v2,1.0,0.05,0.9425,0.0,0.5117271875,-0.075095098858257,0.2569999999999999,0.0,43.0,11.226845833110564,0.0241748214345516,0.0,0.0,-0.0749507449178503,0.462125,0.0,43.0,9.968619146263284,-0.0025765170342539,-0.0038647755513809,-0.0006183640882209,0.0421372180451125,0.244875,0.0,43.0,11.178266465480826,0.0092837612069097,0.0098770664048655,0.0004938533202432,-0.0409467592592592,0.634,0.0,43.0,8.544230759237156,-0.114803769440798,-0.114803769440798,-0.0028700942360199,-0.0358981481481481,0.4105000000000001,0.0,43.0,10.202260333411369,-0.0011130220229605,-0.0008347665172204,-5.0085991033225975e-05
2026-06-09,Wilyer_Abreu,677800,hitter,BOS,TB,2026,822969,70,111,139,0,607259.0,Nick_Martinez,1.0,2.0,0.0,0.0,0.0,4.0,4.0,0.0,0.0,3.0,0.1212121212121212,0.3175,0.3175,0.25,21.25,49.35,5.857142857142858,3.392857142857143,3.180451127819549,1.08,0.0,72.0,0,1.0,1.2246467991473532e-16,-1.0,0.7818314824680298,0.6234898018587336,0.5,1.5,0.5,0.5,0.5,0.5,1.5,0.5,0.5,0.5,synthetic,synthetic,synthetic,synthetic,synthetic,0.0,0.0,0.0,0.0,0.0,-110.0,-110.0,-110.0,-110.0,-110.0,-110.0,-110.0,-110.0,-110.0,-110.0,0.0,0.0,0.0,0.0,0.0,2026-08-28T01:24:59.045926+00:00,0.7586804148571364,0.09099307505732646,-0.07305737726765543,-0.2228698373669642,0.14306516412553605,1.0,1.6,0.4,0.2,0.8,1.0,1.0,0.0,0.0,0.0,batter_pitcher_profile_network_v2,1.0,0.75,0.4657864330291834,1.0,0.7384558714654438,-0.0630603324915823,0.5416689005537124,-0.1111111111111111,42.0,9.22989225488156,0.0408892629975905,-0.0814325796127324,-0.0081432579612732,-0.0686118265993264,0.4171732573714011,-0.1111111111111111,42.0,9.938447387419531,0.000556880965529,-0.0805972581644388,-0.0128955613063102,0.0469157196969699,0.2302175842857216,-0.0962962962962963,42.0,10.908884497108916,0.0211608280826756,-0.0436441277181133,-0.0021822063859056,-0.043324537037037,0.2967939838671276,-0.074074074074074,42.0,10.363953712300365,-0.1095051082700825,-0.1637934946785708,-0.0040948373669642,-0.0460780092592589,0.3027644741242781,-0.1111111111111111,42.0,10.392240156080966,0.002957954797066,-0.0792141135149328,-0.0047528468108959
2026-06-10,Wilyer_Abreu,677800,hitter,BOS,TB,2026,822970,71,111,139,0,656876.0,Drew_Rasmussen,0.0,0.0,0.0,0.0,0.0,4.0,4.0,0.0,3.0,3.0,0.1111111111111111,0.0,0.0,0.0,0.0,10.0,3.75,9.428571428571429,2.1518796992481204,1.08,0.0,72.0,0,1.0,1.2246467991473532e-16,-1.0,0.9749279121818236,-0.22252093395631434,0.5,0.5,0.5,0.5,0.5,0.5,0.5,0.5,0.5,0.5,synthetic,synthetic,synthetic,synthetic,synthetic,0.0,0.0,0.0,0.0,0.0,-110.0,-110.0,-110.0,-110.0,-110.0,-110.0,-110.0,-110.0,-110.0,-110.0,0.0,0.0,0.0,0.0,0.0,2026-08-28T01:24:59.045926+00:00,0.2730032103728509,0.40990206104850324,-0.43725223533042457,-0.4775632216318624,-0.420507594230591,0.8,1.0,0.2,0.0,0.2,1.0,2.0,0.0,0.0,0.0,batter_pitcher_profile_network_v2,1.0,0.75,0.4719784300587649,0.0,0.7191369817383509,-0.0074285128640088,-0.1106618453892434,0.0,44.0,12.139514695756692,-0.0137620673688188,-0.0004340616850249,-4.340616850249409e-05,-0.0137683912920552,-0.0242648946570658,0.0,44.0,12.307566852042672,-0.0335543638746453,-0.0505079517801885,-0.0080812722848301,0.08131679389313,-0.1596221573739379,0.0,44.0,11.929833126643617,0.0149292940943989,0.0080755941433885,0.0004037797071694,0.0231483796296295,0.0713521181224868,0.0,44.0,11.98625416736638,-0.1274009910658003,-0.1265288652744984,-0.0031632216318624,-0.0207925925925923,-0.110034164828677,0.0,44.0,11.822003606882388,-0.0376836081626477,-0.0294707643277283,-0.0017682458596637
2026-06-12,Wilyer_Abreu,677800,hitter,BOS,TEX,2026,824752,72,111,140,1,683004.0,Jack_Leiter,3.0,8.0,3.0,1.0,3.0,5.0,4.0,0.0,0.0,3.0,0.1219512195121951,0.9280000000000002,0.9280000000000002,1.25,30.0,65.0,5.214285714285714,8.579831932773109,1.4510204081632654,1.08,0.0,82.0,0,2.0,1.2246467991473532e-16,-1.0,-0.433883739117558,-0.9009688679024191,0.5,0.5,0.5,0.5,0.5,0.5,0.5,0.5,0.5,0.5,synthetic,synthetic,synthetic,synthetic,synthetic,0.0,0.0,0.0,0.0,0.0,-110.0,-110.0,-110.0,-110.0,-110.0,-110.0,-110.0,-110.0,-110.0,-110.0,0.0,0.0,0.0,0.0,0.0,2026-08-28T01:24:59.045926+00:00,0.07295830877777432,1.9468925698484267,0.05485394205871408,-0.0876503030368544,-0.16281229154719684,0.6,0.8,0.2,0.0,0.2,0.0,0.0,0.0,0.0,0.0,batter_pitcher_profile_network_v2,1.0,0.8,0.4893812192596178,0.0,0.7320406405125575,-0.2245080484330486,-0.095303187335776,0.0,45.0,12.7398739542822,0.0148998827683337,-0.0109253692636107,-0.001092536926361,-0.2376578347578349,0.0499346682868105,0.0,45.0,12.840477165256097,0.0144659922546227,0.0216989883819341,0.0034718381411094,-0.1323365384615387,0.1305683374261327,0.0,45.0,12.593776583160937,0.069887701303697,0.069887701303697,0.0034943850651848,-0.1347219907407408,0.1919176070054735,0.0,45.0,12.25365692058397,-0.0300121214741797,-0.0300121214741797,-0.0007503030368544,-0.2369546296296297,0.1387177106851856,0.0,45.0,12.335584345552022,-0.0039543578155925,-0.0029657683616944,-0.0001779461017016
2026-06-13,Wilyer_Abreu,677800,hitter,BOS,TEX,2026,824749,73,111,140,1,594798.0,Jacob_deGrom,1.0,1.0,0.0,0.0,1.0,4.0,4.0,0.0,1.0,3.0,0.1142857142857142,0.2225,0.2225,0.0,0.0,26.7,1.0,10.799999999999999,2.7795918367346943,1.08,0.0,87.0,0,1.0,1.2246467991473532e-16,-1.0,-0.9749279121818236,-0.2225209339563146,0.5,2.5,0.5,0.5,0.5,0.5,2.5,0.5,0.5,0.5,synthetic,synthetic,synthetic,synthetic,synthetic,0.0,0.0,0.0,0.0,0.0,-110.0,-110.0,-110.0,-110.0,-110.0,-110.0,-110.0,-110.0,-110.0,-110.0,0.0,0.0,0.0,0.0,0.0,2026-08-28T01:24:59.045926+00:00,0.7199344404929349,0.10682763958299724,0.3992189459969614,-0.23481902071500138,0.4342343721183547,1.0,2.2,0.6,0.2,0.6,3.0,8.0,3.0,1.0,3.0,batter_pitcher_profile_network_v2,1.0,0.7,0.5417618911323872,0.0,0.6985439178353978,0.0177341168091169,-0.3887302759160344,0.0,45.0,12.041938498875709,-0.0061193887364859,-0.0031589964311964,-0.0003158996431196,0.0381178062678063,-0.1409257599801053,0.0,45.0,13.21782790601238,0.0068603680510632,0.0078289973937316,0.001252639582997,0.0993557692307692,-0.1875677437641723,0.0,45.0,12.854737855590002,0.0708267799452734,0.0622870832045341,0.0031143541602267,0.0856483796296296,0.0985087638294184,0.0,45.0,12.998924793185196,-0.0206270366807919,-0.016760828600056,-0.0004190207150014,0.0229157407407408,-0.135953514739229,0.0,45.0,12.792067069179875,-0.0179902653865351,-0.0149203286396668,-0.00089521971838
2026-06-14,Wilyer_Abreu,677800,hitter,BOS,TEX,2026,824751,74,111,140,1,543135.0,Nathan_Eovaldi,1.0,1.0,0.0,0.0,1.0,4.0,4.0,0.0,0.0,3.0,0.1142857142857142,0.2225,0.2225,0.0,0.0,26.7,6.260504201680672,7.659663865546218,5.351020408163265,1.08,12.0,81.0,0,1.0,1.2246467991473532e-16,-1.0,-0.7818314824680299,0.6234898018587334,1.5,2.5,0.5,0.5,0.5,1.5,2.5,0.5,0.5,0.5,synthetic,synthetic,synthetic,synthetic,synthetic,0.0,0.0,0.0,0.0,0.0,-110.0,-110.0,-110.0,-110.0,-110.0,-110.0,-110.0,-110.0,-110.0,-110.0,0.0,0.0,0.0,0.0,0.0,2026-08-28T01:24:59.045926+00:00,-0.19187571028411377,-0.7470161634229624,0.10785664339674828,-0.33476960994026994,0.3811673362278898,1.2,2.4,0.6,0.2,0.8,1.0,1.0,0.0,0.0,1.0,batter_pitcher_profile_network_v2,1.0,0.8,0.42598157669028,0.0,0.7382538054843526,-0.0111120370370367,0.0643503089273986,0.0,45.0,13.559121079259851,0.0140566820993136,0.0,0.0,0.0188870370370372,0.1578941436702272,0.0,45.0,13.44608641762883,0.0130622787384877,0.0213052286064848,0.0034088365770375,0.0801250000000001,0.0435065012873836,0.0,45.0,13.600548407603233,0.0616114554182281,0.0636124597717037,0.0031806229885851,0.0856483796296297,0.2548322749833586,0.0,45.0,12.888056635284418,-0.0273129073180519,-0.0147843976107972,-0.0003696099402699,0.0229157407407409,0.1064757773816597,0.0,45.0,13.280967271251384,0.0307173446818081,0.0244385969954405,0.0014663158197264
2026-06-16,Wilyer_Abreu,677800,hitter,BOS,TOR,2026,824750,75,111,141,1,656302.0,Dylan_Cease,0.0,0.0,0.0,0.0,0.0,5.0,3.0,2.0,2.0,3.0,0.1219512195121951,0.2759999999999999,0.2759999999999999,0.0,0.0,33.12,4.785714285714286,16.04285714285714,3.6144957983193273,1.08,3.0,77.0,0,2.0,1.2246467991473532e-16,-1.0,0.7818314824680298,0.6234898018587336,1.5,2.5,0.5,0.5,0.5,1.5,2.5,0.5,0.5,0.5,synthetic,synthetic,synthetic,synthetic,synthetic,0.0,0.0,0.0,0.0,0.0,-110.0,-110.0,-110.0,-110.0,-110.0,-110.0,-110.0,-110.0,-110.0,-110.0,0.0,0.0,0.0,0.0,0.0,2026-08-28T01:24:59.045926+00:00,-0.6833216196295354,-0.7140926440673321,0.05588933104204186,-0.3354462710388955,0.45451826343691637,1.2,2.4,0.6,0.2,1.0,1.0,1.0,0.0,0.0,1.0,batter_pitcher_profile_network_v2,1.0,0.7,0.5457428418039734,1.0,0.7169525513153093,-0.1197243055555553,-0.6854934204451012,0.1074074074074074,45.0,10.324007244231518,-0.0258895164194782,0.0457311289762165,0.0045731128976216,-0.1768560185185184,-0.6669019261550774,0.1086419753086419,45.0,10.48609391247369,-0.0040648230177794,0.0242914014084432,0.0038866242253509,-0.0412812499999999,-0.4459814566852382,-0.0888888888888888,45.0,12.201215416853849,0.0561829522193409,-0.0208799091858043,-0.0010439954592902,-0.1597868055555555,-0.6744339774371286,-0.0493827160493827,45.0,10.18550353754332,0.0452689666546361,-0.0418508415558203,-0.0010462710388955,-0.2106965277777776,-0.5219536789074605,0.1037037037037037,45.0,11.46992564107862,-0.0273945432383386,0.009647322910143,0.0005788393746085
2026-06-17,Wilyer_Abreu,677800,hitter,BOS,TOR,2026,824746,76,111,141,1,680755.0,Braydon_Fisher,2.0,3.0,0.0,0.0,0.0,5.0,5.0,0.0,1.0,3.0,0.125,0.432,0.432,0.2,17.0,60.84,22.5,16.5,3.9359243697478985,1.08,12.0,76.0,0,1.0,1.2246467991473532e-16,-1.0,0.9749279121818236,-0.22252093395631434,0.5,1.5,0.5,0.5,0.5,0.5,1.5,0.5,0.5,0.5,synthetic,synthetic,synthetic,synthetic,synthetic,0.0,0.0,0.0,0.0,0.0,-110.0,-110.0,-110.0,-110.0,-110.0,-110.0,-110.0,-110.0,-110.0,-110.0,0.0,0.0,0.0,0.0,0.0,2026-08-28T01:24:59.045926+00:00,0.022631851786350743,0.19190385594294534,0.16323242034275953,-0.24310347881588046,0.35441804026959056,1.0,2.0,0.6,0.2,1.0,0.0,0.0,0.0,0.0,0.0,batter_pitcher_profile_network_v2,1.0,0.2,0.606875,0.0,0.5551315625,-0.0938121059513713,-0.8916666666666667,0.0,46.0,8.962621246225345,-0.0448901521509717,-0.0328845633689851,-0.0032884563368985,-0.1512009718688154,-0.9322916666666669,0.0,46.0,8.478403600538565,-0.0282481075648077,-0.0977884003565924,-0.0156461440570547,-0.0047984255725192,-0.6556712962962964,0.0,46.0,11.060091431491562,0.0129608830177482,0.01172403710729,0.0005862018553645,-0.1512238425925925,-1.0,0.0,46.0,7.695202649417471,0.0113107204839917,-0.0481391526352212,-0.0012034788158805,-0.1618835648148148,-0.7939814814814816,0.0,46.0,9.674784416708905,-0.0654759251755496,-0.0996363036300735,-0.0059781782178044
2026-06-18,Wilyer_Abreu,677800,hitter,BOS,TOR,2026,824748,77,111,141,1,702056.0,Trey_Yesavage,0.0,0.0,0.0,0.0,0.0,4.0,4.0,0.0,1.0,3.0,0.125,0.0,0.0,0.0,0.0,10.0,6.776470588235294,6.847058823529411,3.9359243697478985,1.08,8.0,77.0,0,1.0,1.2246467991473532e-16,-1.0,0.43388373911755823,-0.900968867902419,1.5,2.5,0.5,0.5,0.5,1.5,2.5,0.5,0.5,0.5,synthetic,synthetic,synthetic,synthetic,synthetic,0.0,0.0,0.0,0.0,0.0,-110.0,-110.0,-110.0,-110.0,-110.0,-110.0,-110.0,-110.0,-110.0,-110.0,0.0,0.0,0.0,0.0,0.0,2026-08-28T01:24:59.045926+00:00,0.05547662961017896,-0.458656866014314,-0.07668855971790611,-0.3345596801208923,0.22418803467087656,1.4,2.6,0.6,0.2,1.0,2.0,3.0,0.0,0.0,0.0,batter_pitcher_profile_network_v2,1.0,0.45,0.6602602650338404,1.0,0.6398531528900095,-0.0447602693602696,-0.3509840257781434,-0.1111111111111111,47.0,13.743381050089372,-0.0429692401089945,-0.0975740400326649,-0.0097574040032664,-0.0977377104377106,-0.3904498320307143,-0.1111111111111111,47.0,13.56959550280092,-0.0290607964371532,-0.1487929125894621,-0.0238068660143139,0.0383863636363634,-0.1016654535551593,-0.0888888888888888,47.0,14.62803800637431,0.0404196381084476,-0.0346955641060213,-0.001734778205301,-0.0887877314814814,-0.3882086704145527,-0.0493827160493827,47.0,13.260152183228412,0.0463170817674941,-0.006387204835693,-0.0001596801208923,-0.1020203703703704,-0.2386120023767082,-0.1111111111111111,47.0,14.010429138937688,-0.0128391125407806,-0.110136396941975,-0.0066081838165185
2026-06-19,Wilyer_Abreu,677800,hitter,BOS,SEA,2026,823124,78,111,136,0,682243.0,Bryce_Miller,1.0,1.0,0.0,0.0,0.0,4.0,4.0,0.0,0.0,3.0,0.1142857142857142,0.2225,0.2225,0.0,0.0,26.7,0.75,10.725,3.795918367346939,1.08,0.0,80.0,0,1.0,1.2246467991473532e-16,-1.0,-0.433883739117558,-0.9009688679024191,0.5,1.5,0.5,0.5,0.5,0.5,0.5,0.5,0.5,0.5,synthetic,real,real,real,synthetic,0.0,8.0,7.0,9.0,0.0,-110.0,126.892359,125.871606,386.736587,-110.0,-110.0,-170.621448,-169.938265,0.0,-110.0,0.0,0.0,0.0,0.0,0.0,2026-06-19T20:50:58.917955+00:00,0.17161593996680025,-0.7659492024885338,-0.35704012319242073,-0.4735218652208943,-0.13598971222742806,0.8,1.0,0.0,0.0,0.4,0.0,0.0,0.0,0.0,0.0,batter_pitcher_profile_network_v2,1.0,0.25,0.7025862358545829,0.0,0.5659832965269533,-0.1908834806397307,-0.7698941176470588,0.0,47.0,10.449852424347956,-0.0110319759467723,-0.0437079472707749,-0.0043707947270774,-0.2153923821548821,-0.5720202858713579,0.0,47.0,12.328406391804675,-0.0069215126640963,-0.047026265553336,-0.0075242024885337,-0.1057092803030304,-0.7060774234927616,0.0,47.0,10.805904641090738,0.022977815794196,0.0007791688046486,3.895844023243372e-05,-0.1091581018518517,-0.3416464540956569,0.0,47.0,13.684925727448505,0.0462169849632113,0.0351253911642288,0.0008781347791057,-0.2197344907407405,-0.7045509437419828,0.0,47.0,10.808406920021849,-0.0705110928257806,-0.0989271765795832,-0.0059356305947749
2026-06-20,Wilyer_Abreu,677800,hitter,BOS,SEA,2026,823126,79,111,136,0,676106.0,Emerson_Hancock,1.0,4.0,2.0,1.0,2.0,4.0,3.0,1.0,0.0,3.0,0.1081081081081081,0.6975,0.6975,1.0,30.0,65.0,6.1000000000000005,6.8,5.081632653061225,1.08,8.0,70.0,0,1.0,1.2246467991473532e-16,-1.0,-0.9749279121818236,-0.2225209339563146,0.5,1.5,0.5,0.5,0.5,0.5,0.5,0.5,0.5,0.5,synthetic,real,real,real,synthetic,0.0,6.0,2.0,6.0,0.0,-110.0,126.730065,117.665904,366.030981,-110.0,-110.0,-169.49854,0.0,0.0,-110.0,0.0,0.0,0.0,0.0,0.0,2026-06-20T11:58:55.263102+00:00,0.5066716305330541,0.7931824677959858,-0.03733785503073489,-0.147962548506131,-0.06633692965298371,0.8,1.0,0.0,0.0,0.2,1.0,1.0,0.0,0.0,0.0,batter_pitcher_profile_network_v2,1.0,0.8,0.4949341649025257,0.0,0.7314964518395525,-0.2332202861952861,-0.1057739139600418,0.0,48.0,14.826687788829611,0.03482792986324,-0.0124592784164729,-0.0012459278416472,-0.2506215488215487,-0.0665160792199814,0.0,48.0,14.982235406537074,0.0247939777292233,0.0287713358870729,0.0046034137419316,-0.1474280303030302,-0.1800708600786184,0.0,48.0,14.728363770223291,0.0531941533257535,0.0397859219997523,0.0019892960999876,-0.1190469907407406,-0.029770389564809,0.0,48.0,14.710132288110238,0.0592880511011922,0.0574980597547606,0.001437451493869,-0.2620712962962959,-0.129067507588197,0.0,48.0,14.594750621139092,0.027140673513778,0.0032717093136653,0.0001963025588199
2026-06-22,Wilyer_Abreu,677800,hitter,BOS,COL,2026,824344,80,111,115,0,663372.0,Ryan_Feltner,1.0,1.0,1.0,0.0,0.0,4.0,2.0,2.0,0.0,3.0,0.1111111111111111,0.5675,0.5675,0.0,0.0,65.0,5.939560439560439,8.576923076923077,6.428571428571429,1.0477777777777777,3.0,89.0,0,2.0,1.2246467991473532e-16,-1.0,0.0,1.0,0.5,1.5,0.5,0.5,0.5,0.5,1.5,0.5,0.5,0.5,synthetic,synthetic,synthetic,synthetic,synthetic,0.0,0.0,0.0,0.0,0.0,-110.0,-110.0,-110.0,-110.0,-110.0,-110.0,-110.0,-110.0,-110.0,-110.0,0.0,0.0,0.0,0.0,0.0,2026-08-28T01:24:59.045926+00:00,0.5505633699633699,0.315165145475097,0.49958030870644377,-0.24256740503888696,0.42469778716719475,0.8,1.6,0.4,0.2,0.4,1.0,4.0,2.0,1.0,2.0,batter_pitcher_profile_network_v2,1.0,0.55,0.6585272058492637,0.0,0.6481317295059059,-0.0827220749158249,0.2621888720911501,0.0,48.0,14.20255575202431,0.0286151685865428,0.0,0.0,-0.0597724326599326,0.294209820908078,0.0,48.0,14.173806931864036,0.0219728283684602,0.0329592425526904,0.0052734788084304,0.0022926136363636,0.3497488886651367,0.0,48.0,13.865309346261606,0.0652609393292567,0.0655347455574462,0.0032767372778723,0.0700733796296295,0.3711153087129561,0.0,48.0,13.59521121062958,0.0768681390987818,0.0857482428889696,0.0021437060722242,-0.0566488425925924,0.3655873032992831,0.0,48.0,13.55520718648291,0.0745010904879239,0.0558758178659429,0.0033525490719565
2026-06-23,Wilyer_Abreu,677800,hitter,BOS,COL,2026,824340,81,111,115,0,807743.0,,2.0,7.0,1.0,1.0,2.0,5.0,4.0,1.0,0.0,3.0,0.119047619047619,0.882,0.882,1.25,30.0,65.0,4.1,8.2,5.142857142857143,1.0477777777777777,-9.0,81.0,0,1.0,1.2246467991473532e-16,-1.0,0.7818314824680298,0.6234898018587336,0.5,1.5,0.5,0.5,0.5,0.5,1.5,0.5,0.5,0.5,synthetic,synthetic,synthetic,synthetic,synthetic,0.0,0.0,0.0,0.0,0.0,-110.0,-110.0,-110.0,-110.0,-110.0,-110.0,-110.0,-110.0,-110.0,-110.0,0.0,0.0,0.0,0.0,0.0,2026-08-28T01:24:59.045926+00:00,0.6283142857142858,1.6757265539198936,0.6074794066059845,0.044091220716995005,0.14406141880794598,1.0,1.8,0.6,0.2,0.4,1.0,1.0,1.0,0.0,0.0,batter_pitcher_profile_network_v2,1.0,0.2,0.7179572405970692,0.0,0.5524100476053718,-0.0503025673400673,0.7402177419354838,0.0,48.0,9.934774856420727,0.0672259461089783,0.0,0.0,-0.0547566498316498,0.736350806451613,0.0,48.0,10.110757107725943,0.0485134191106669,0.0727701286660004,0.01164322058656,0.0263882575757576,0.383396505376344,0.0,48.0,13.792819042204163,0.0868775159206057,0.0897309892625516,0.0044865494631275,0.0078337962962962,0.766491935483871,0.0,48.0,9.993270156396068,0.050399735618364,0.0520932731242457,0.0013023318281061,-0.073471759259259,0.5304865591397849,0.0,48.0,12.363314992857523,0.0737458147797517,0.0553093610848138,0.0033185616650888
2026-06-24,Wilyer_Abreu,677800,hitter,BOS,COL,2026,824341,82,111,115,0,607536.0,Kyle_Freeland,0.0,0.0,0.0,0.0,0.0,4.0,4.0,0.0,1.0,3.0,0.1052631578947368,0.0,0.0,0.0,0.0,10.0,5.794652406417112,6.5903743315508025,4.500000000000001,1.0477777777777777,-12.0,76.0,0,1.0,1.2246467991473532e-16,-1.0,0.9749279121818236,-0.22252093395631434,0.5,2.5,0.5,0.5,0.5,0.5,2.5,0.5,0.5,0.5,synthetic,synthetic,synthetic,synthetic,synthetic,0.0,0.0,0.0,0.0,0.0,-110.0,-110.0,-110.0,-110.0,-110.0,-110.0,-110.0,-110.0,-110.0,-110.0,0.0,0.0,0.0,0.0,0.0,2026-08-28T01:24:59.045926+00:00,0.7825460564248119,0.09270219684995329,0.20161535077349502,-0.10370855592984762,0.4240025306315911,1.0,2.6,0.8,0.4,0.8,2.0,7.0,1.0,1.0,2.0,batter_pitcher_profile_network_v2,1.0,0.8,0.4608132716440755,0.0,0.7348402993788806,0.1042464598997495,0.5446284291559831,0.0,49.0,12.139350658921384,0.035427995234984,0.0306126423042214,0.0030612642304221,0.1612791214146479,0.5237841309103691,0.0,49.0,12.518677121474896,-0.0113174627793096,0.0285718443472944,0.0045714950955671,0.1954656954887219,0.4566772552209857,0.0,49.0,13.30138655910169,0.0565450748571501,0.1046754365225348,0.0052337718261267,0.2282041666666668,0.488312639682299,0.0,49.0,12.94792798624856,-0.0199820545070791,0.0401022072505422,0.0010025551812635,0.179690277777778,0.55507759635159,0.0,49.0,12.259834583176833,0.021917370041635,0.0702176157896763,0.0042130569473805
2026-06-25,Wilyer_Abreu,677800,hitter,BOS,NYY,2026,824747,83,111,147,1,693645.0,Cam_Schlittler,0.0,0.0,0.0,0.0,0.0,5.0,4.0,0.0,2.0,3.0,0.1282051282051282,0.0,0.0,0.0,0.0,10.0,0.957983193277311,12.147058823529411,4.13265306122449,1.08,3.0,85.0,0,1.0,1.2246467991473532e-16,-1.0,0.43388373911755823,-0.900968867902419,0.5,2.5,0.5,0.5,0.5,0.5,2.5,0.5,0.5,0.5,synthetic,synthetic,synthetic,synthetic,synthetic,0.0,0.0,0.0,0.0,0.0,-110.0,-110.0,-110.0,-110.0,-110.0,-110.0,-110.0,-110.0,-110.0,-110.0,0.0,0.0,0.0,0.0,0.0,2026-08-28T01:24:59.045926+00:00,0.2861880780114282,-0.8917257777370791,0.05772931090730893,-0.20124125162102402,0.0919483643124458,1.0,2.6,0.8,0.4,0.8,0.0,0.0,0.0,0.0,0.0,batter_pitcher_profile_network_v2,1.0,0.95,0.3656602357412992,2.0,0.8274462900656062,0.1271018939393938,-0.6364804819383985,-0.1,47.0,11.59881309548499,-0.0076517228991897,-0.1195997505595275,-0.0119599750559527,0.1765160774410774,-0.6608289256398243,-0.1688888888888889,47.0,11.260399109302153,-0.0420216033268519,-0.2523486108567452,-0.0403757777370792,0.2107026515151515,-0.6939154332853248,-0.1866666666666666,47.0,10.723807722001352,0.0363722519974686,-0.1838360738475432,-0.0091918036923771,0.2282041666666667,-0.6964354527334204,-0.1777777777777778,47.0,10.568833760507628,-0.0514427600026465,-0.273650064840961,-0.006841251621024,0.1796902777777779,-0.7063015170291672,-0.2,47.0,10.500141367839928,-0.0762023244788456,-0.2742253253001608,-0.0164535195180096
2026-06-26,Wilyer_Abreu,677800,hitter,BOS,NYY,2026,824743,84,111,147,1,701542.0,Will_Warren,1.0,3.0,1.0,0.0,0.0,4.0,3.0,1.0,0.0,3.0,0.1111111111111111,0.5775,0.5775,0.6666666666666666,30.0,65.0,4.635746606334842,8.44683257918552,2.204081632653061,1.08,5.0,78.0,0,1.0,1.2246467991473532e-16,-1.0,-0.433883739117558,-0.9009688679024191,0.5,4.5,1.5,0.5,0.5,0.5,2.5,0.5,0.5,0.5,synthetic,real,real,synthetic,synthetic,0.0,8.0,7.0,0.0,0.0,-110.0,0.0,0.0,-110.0,-110.0,-110.0,0.0,0.0,-110.0,-110.0,0.0,0.5175491695067657,0.37796447300922725,0.0,0.0,2026-06-27T01:11:02.474098+00:00,0.21213802657051806,-1.9513352250583753,-0.7335955564067302,0.04445826614837334,0.15957854287285023,0.8,2.4,0.8,0.4,0.8,0.0,0.0,0.0,0.0,0.0,batter_pitcher_profile_network_v2,1.0,1.0,0.3878503351528071,0.0,0.8024883339437812,0.0062485269360267,-0.2185857264245118,0.0,49.0,15.978119584783707,-0.0036931169506266,-0.0008360977632846,-8.36097763284662e-05,0.0850484006734006,-0.2511529787389142,0.0,49.0,15.903722272071391,-0.0629227504490428,-0.1074597399481783,-0.0171935583917085,0.1060738636363635,-0.2214596162265666,0.0,49.0,15.946384762180026,0.0108872942059392,-0.003492760787668,-0.0001746380393834,0.2160856481481482,-0.2810636930246285,0.0,49.0,15.397490912551223,-0.0751578268820857,-0.1123360207317348,-0.0028084005182933,0.1156550925925926,-0.2315092194011697,0.0,49.0,15.595069986545433,-0.1013061978212246,-0.0923700904411584,-0.0055422054264695
2026-06-27,Wilyer_Abreu,677800,hitter,BOS,NYY,2026,824745,85,111,147,1,543037.0,Gerrit_Cole,0.0,0.0,0.0,0.0,0.0,4.0,4.0,0.0,2.0,3.0,0.1212121212121212,0.0,0.0,0.0,0.0,10.0,5.961538461538461,9.461538461538462,2.7551020408163263,1.08,-9.0,75.0,0,1.0,1.2246467991473532e-16,-1.0,-0.9749279121818236,-0.2225209339563146,0.5,1.5,0.5,0.5,0.5,0.5,2.5,0.5,0.5,0.5,synthetic,real,real,real,synthetic,0.0,8.0,7.0,8.0,0.0,-110.0,115.251663,110.320173,446.782582,-110.0,-110.0,-154.20284,-143.243243,0.0,-110.0,0.0,0.0,0.0,0.0,0.0,2026-06-27T13:01:31.487963+00:00,0.3242749691684348,0.30425423430849485,0.0019963421634706657,-0.33545506520097823,-0.2448884869993092,0.8,2.2,0.6,0.2,0.4,1.0,3.0,1.0,0.0,0.0,batter_pitcher_profile_network_v2,1.0,0.4,0.78,0.0,0.60178,0.1606944603477525,-0.0284770340960409,0.0,49.0,16.819272103416072,0.0128850293694625,-0.0010067423578009,-0.00010067423578,0.2467527883799832,0.1006685702995634,0.0,49.0,16.62308859076431,-0.0401407452918918,-0.0547462628446361,-0.0087594020551417,0.2343284828244277,-0.0190803257815243,0.0,49.0,16.94710178797076,0.0162629819419101,0.0152793479076304,0.0007639673953815,0.3593319444444445,0.2298209675598374,0.0,49.0,15.855179477559709,-0.0603706513715531,-0.0422026080391295,-0.0010550652009782,0.2456340277777779,0.0300663637161925,0.0,49.0,16.545673938948994,-0.0952562185832747,-0.0698173930930032,-0.0041890435855801
2026-06-28,Wilyer_Abreu,677800,hitter,BOS,NYY,2026,824744,86,111,147,1,607074.0,Carlos_Rodón,0.0,0.0,1.0,0.0,0.0,4.0,2.0,2.0,0.0,3.0,0.1081081081081081,0.345,0.345,0.0,0.0,41.4,4.9875,10.512500000000001,0.5510204081632654,1.08,-5.0,72.0,0,1.0,1.2246467991473532e-16,-1.0,-0.7818314824680299,0.6234898018587334,0.5,1.5,0.5,0.5,0.5,0.5,1.5,0.5,0.5,0.5,synthetic,synthetic,synthetic,synthetic,synthetic,0.0,0.0,0.0,0.0,0.0,-110.0,-110.0,-110.0,-110.0,-110.0,-110.0,-110.0,-110.0,-110.0,-110.0,0.0,0.0,0.0,0.0,0.0,2026-08-28T01:24:59.045926+00:00,-0.12583981498156416,-0.10095163533686824,-0.20185496239644163,-0.338086497662733,-0.2676355065026856,0.6,2.0,0.4,0.2,0.4,0.0,0.0,0.0,0.0,0.0,batter_pitcher_profile_network_v2,1.0,0.4,0.6201282348969013,0.0,0.6096137164900518,0.0158877314814816,-0.3996766849130733,0.0,49.0,15.824514830472433,0.0237374305981653,-0.0024121689368032,-0.0002412168936803,0.1227569444444445,-0.4129282266947578,0.0,49.0,15.685320482923274,-0.0326032880597343,-0.0681605586932639,-0.0109056893909222,0.1113437500000001,-0.0713439752684694,0.0,49.0,17.088739614626544,0.0405736091068857,0.0375560195835796,0.0018778009791789,0.2907106481481481,-0.3963639203363763,0.0,49.0,15.3953466524707,-0.1036883420292563,-0.1474599065093227,-0.003686497662733,0.1471377314814815,-0.2039053914534405,0.0,49.0,16.489708438730986,-0.0919520723551463,-0.0803610340997343,-0.004821662045984
2026-06-29,Wilyer_Abreu,677800,hitter,BOS,WSH,2026,824741,87,111,120,1,571945.0,Miles_Mikolas,1.0,1.0,1.0,0.0,1.0,4.0,3.0,0.0,0.0,3.0,0.1212121212121212,0.2225,0.2225,0.0,0.0,26.7,2.5,3.1857142857142855,7.983002291825822,1.08,0.0,79.0,0,1.0,1.2246467991473532e-16,-1.0,0.0,1.0,0.5,0.5,0.5,0.5,0.5,0.5,0.5,0.5,0.5,0.5,synthetic,synthetic,synthetic,synthetic,synthetic,0.0,0.0,0.0,0.0,0.0,-110.0,-110.0,-110.0,-110.0,-110.0,-110.0,-110.0,-110.0,-110.0,-110.0,0.0,0.0,0.0,0.0,0.0,2026-08-28T01:24:59.045926+00:00,0.3207683722953717,0.01049175775743616,0.2607319852716232,-0.4732362618642847,-0.18102688786050342,0.2,0.6,0.4,0.0,0.0,0.0,0.0,1.0,0.0,0.0,batter_pitcher_profile_network_v2,1.0,0.4,0.6555004673194265,0.0,0.6078804771013481,0.1355221688034188,0.6037706088554301,0.0,49.0,12.377799406552333,0.0608646353304146,0.0281884339290157,0.0028188433929015,0.2130657051282052,0.7275171301912373,0.0,49.0,11.146050135821524,0.0033709985058874,0.0584570087112491,0.0093531213937998,0.2144927884615385,0.7327975670163169,0.0,49.0,11.335525402844087,0.0204435936442524,0.0745919590611884,0.0037295979530594,0.3023402777777778,0.8892460262951334,0.0,49.0,9.502156617966662,-0.0460708587429577,0.0465495254286128,0.0011637381357153,0.2090798611111112,0.7822699696137196,0.0,49.0,10.73751716302913,0.0032628119125429,0.0587923833791822,0.0035275430027509
2026-06-30,Wilyer_Abreu,677800,hitter,BOS,WSH,2026,824742,88,111,120,1,676917.0,Cade_Cavalli,1.0,1.0,0.0,0.0,0.0,4.0,4.0,0.0,3.0,3.0,0.1290322580645161,0.2225,0.2225,0.0,0.0,26.7,5.05,7.625,7.983002291825822,1.08,6.0,78.0,0,1.0,1.2246467991473532e-16,-1.0,0.7818314824680298,0.6234898018587336,0.5,0.5,0.5,0.5,0.5,0.5,0.5,0.5,0.5,0.5,synthetic,synthetic,synthetic,synthetic,synthetic,0.0,0.0,0.0,0.0,0.0,-110.0,-110.0,-110.0,-110.0,-110.0,-110.0,-110.0,-110.0,-110.0,-110.0,0.0,0.0,0.0,0.0,0.0,2026-08-28T01:24:59.045926+00:00,0.37796103418840654,0.27306252645109463,0.3939636058331414,-0.4780414927184476,0.11361190520589826,0.4,0.8,0.6,0.0,0.2,1.0,1.0,1.0,0.0,1.0,batter_pitcher_profile_network_v2,1.0,0.95,0.3489723615677569,0.0,0.7918883414225523,0.0900268874643874,-0.1455628089806734,0.0,49.0,16.925896932253977,0.0546498274918225,-0.0085314350613168,-0.0008531435061316,0.1353728632478633,-0.2518495688392319,0.0,49.0,16.619088056047456,0.0122318354178776,-0.0038481209709817,-0.000615699355357,0.1563798076923077,-0.2224870719609882,0.0,49.0,16.75393270267102,0.0048077912992118,-0.0178430783888038,-0.0008921539194401,0.1819050925925926,-0.3754444705591335,0.0,49.0,15.504882624233677,-0.1011976061354921,-0.1456597087379047,-0.0036414927184476,0.0930717592592595,-0.2262038000527163,0.0,49.0,16.406223641580876,-0.1379505005832131,-0.1171690811543997,-0.0070301448692639
2026-07-01,Wilyer_Abreu,677800,hitter,BOS,WSH,2026,824740,89,111,120,1,695418.0,Brad_Lord,1.0,1.0,0.0,0.0,0.0,5.0,5.0,0.0,3.0,3.0,0.125,0.178,0.178,0.0,0.0,21.36,28.125,19.625,5.733002291825822,1.08,2.0,95.0,0,1.0,-0.4999999999999997,-0.8660254037844388,0.9749279121818236,-0.22252093395631434,0.5,0.5,0.5,0.5,0.5,0.5,0.5,0.5,0.5,0.5,synthetic,synthetic,synthetic,synthetic,synthetic,0.0,0.0,0.0,0.0,0.0,-110.0,-110.0,-110.0,-110.0,-110.0,-110.0,-110.0,-110.0,-110.0,-110.0,0.0,0.0,0.0,0.0,0.0,2026-08-28T01:24:59.045926+00:00,-0.10166162970206866,0.3752337879467532,0.11431501692073387,-0.47773464717313485,-0.17597524707341694,0.6,1.0,0.6,0.0,0.2,1.0,1.0,0.0,0.0,0.0,batter_pitcher_profile_network_v2,1.0,0.05,0.9425,0.0,0.5117271875,0.0428227121016366,0.4803571428571428,0.0,49.0,14.227675342674273,0.0715275968197104,0.0011827862489858,0.0001182786248985,0.1065635981912146,0.0242857142857143,0.0,49.0,17.557374759343126,0.0081665774760126,0.0123986746672074,0.0019837879467531,0.1300351259689925,-0.1,0.0,49.0,17.76823124054158,0.0310457485631796,0.0302980465888579,0.0015149023294428,0.1856606481481481,-0.4757142857142857,0.0,49.0,15.45623189176568,-0.1283074051248025,-0.1333858869253977,-0.0033346471731349,0.1091502314814817,0.0,0.0,49.0,17.407469299368525,-0.1338969258824036,-0.1004226944118027,-0.0060253616647081
2026-07-03,Wilyer_Abreu,677800,hitter,BOS,LAA,2026,824013,90,111,108,0,672282.0,Reid_Detmers,1.0,2.0,1.0,0.0,0.0,5.0,4.0,1.0,2.0,3.0,0.125,0.392,0.392,0.25,21.25,58.29,3.558823529411764,7.521008403361345,3.8877551020408165,1.08,8.0,77.0,0,2.0,-0.4999999999999997,-0.8660254037844388,-0.433883739117558,-0.9009688679024191,0.5,0.5,0.5,0.5,0.5,0.5,0.5,0.5,0.5,0.5,synthetic,synthetic,synthetic,synthetic,synthetic,0.0,0.0,0.0,0.0,0.0,-110.0,-110.0,-110.0,-110.0,-110.0,-110.0,-110.0,-110.0,-110.0,-110.0,0.0,0.0,0.0,0.0,0.0,2026-08-28T01:24:59.045926+00:00,0.3447489475025838,0.5174943536960057,0.01163539469631425,-0.36253776792172676,-0.20216180992398147,0.6,0.6,0.4,0.0,0.2,1.0,1.0,0.0,0.0,0.0,batter_pitcher_profile_network_v2,1.0,0.95,0.4175057553899998,0.0,0.7839127677164888,-0.0443865902239445,-0.3329486096719917,0.0,48.0,16.62114425712751,0.0301182635216422,-0.0086083641098171,-0.0008608364109817,0.0484240633074938,-0.3593556364348959,0.0,48.0,16.45140657714688,-0.0101410260336864,-0.0253477893999661,-0.0040556463039945,0.0718955910852717,-0.1581524066259191,0.0,48.0,17.404835561558563,0.0345760198343625,0.0279527918854702,0.0013976395942735,0.1856606481481481,-0.3523976844898158,0.0,48.0,16.1132014456121,-0.112400225612346,-0.1505107168690749,-0.0037627679217268,0.1091502314814817,-0.2064700076938063,0.0,48.0,16.921075994508943,-0.0747095755798124,-0.0691594171003729,-0.0041495650260223
2026-07-04,Wilyer_Abreu,677800,hitter,BOS,LAA,2026,824012,91,111,108,0,691951.0,,1.0,2.0,2.0,0.0,1.0,5.0,3.0,2.0,0.0,3.0,0.1162790697674418,0.53,0.53,0.3333333333333333,28.33333333333333,65.0,4.1,8.2,3.7040816326530615,1.08,8.0,78.0,0,1.0,-0.4999999999999997,-0.8660254037844388,-0.9749279121818236,-0.2225209339563146,0.5,0.5,0.5,0.5,0.5,0.5,0.5,0.5,0.5,0.5,synthetic,synthetic,synthetic,synthetic,synthetic,0.0,0.0,0.0,0.0,0.0,-110.0,-110.0,-110.0,-110.0,-110.0,-110.0,-110.0,-110.0,-110.0,-110.0,0.0,0.0,0.0,0.0,0.0,2026-08-28T01:24:59.045926+00:00,0.43216016453092854,1.0697894167358932,0.33686376980189814,-0.3217507033828194,-0.1755224037748801,0.8,1.0,0.6,0.0,0.2,1.0,2.0,1.0,0.0,0.0,batter_pitcher_profile_network_v2,1.0,0.25,0.762681385020756,0.0,0.5641428825837393,-0.0740261930199425,0.5195043956043955,0.0,48.0,13.988972481654509,0.0728852739663156,0.0,0.0,0.0217998219373223,0.4199370879120879,0.0,48.0,15.218405666011517,0.0304794382812599,0.0478917034365427,0.0076626725498468,0.0509639423076928,0.5319464285714286,0.0,48.0,14.385350472135755,0.0515274769236606,0.0579612052453681,0.0028980602622684,0.1624289351851852,0.4043120879120879,0.0,48.0,15.374399849981192,-0.0762799857721307,-0.0606948019794456,-0.0015173700494861,0.0951511574074079,0.5017380952380953,0.0,48.0,14.552386047247136,-0.0033435682475486,0.0088221424325884,0.0005293285459553
2026-07-05,Wilyer_Abreu,677800,hitter,BOS,LAA,2026,824010,92,111,108,0,696270.0,Ryan_Johnson,0.0,0.0,1.0,0.0,1.0,5.0,4.0,0.0,2.0,3.0,0.1219512195121951,0.0,0.0,0.0,0.0,10.0,3.6,7.0,4.714285714285714,1.08,8.0,79.0,0,1.0,-0.4999999999999997,-0.8660254037844388,-0.7818314824680299,0.6234898018587334,0.5,1.5,0.5,0.5,0.5,0.5,1.5,0.5,0.5,0.5,synthetic,synthetic,synthetic,synthetic,synthetic,0.0,0.0,0.0,0.0,0.0,-110.0,-110.0,-110.0,-110.0,-110.0,-110.0,-110.0,-110.0,-110.0,-110.0,0.0,0.0,0.0,0.0,0.0,2026-08-28T01:24:59.045926+00:00,0.6816594977222017,-0.3224679644531554,0.3668389325106495,-0.47641619430278886,0.014279439443041109,1.0,1.4,0.8,0.0,0.4,1.0,2.0,2.0,0.0,1.0,batter_pitcher_profile_network_v2,1.0,0.3,0.7362419842463499,0.0,0.5779431070789467,0.0586475879983034,0.0558823529411765,0.0,49.0,17.782749326888236,0.0353405863642534,0.00086443134513,8.644313451300952e-05,0.1498169105173875,0.0952892156862745,0.0,49.0,17.764331347066214,-0.0037131623525969,-0.001804351002953,-0.0002886961604724,0.1736801049618318,0.0671944444444445,0.0,49.0,18.12700889239676,-0.0287559410173427,-0.0256777957800417,-0.001283889789002,0.2657854166666667,0.1807058823529412,0.0,49.0,17.182992981763086,-0.0933158027471553,-0.0806477721115587,-0.0020161943027889,0.2205909722222222,0.0856666666666668,0.0,49.0,17.723721762357517,-0.0921897593870321,-0.0641580069597704,-0.0038494804175862
2026-07-07,Wilyer_Abreu,677800,hitter,BOS,CWS,2026,824579,93,111,145,0,702273.0,Noah_Schultz,0.0,0.0,1.0,0.0,0.0,5.0,3.0,1.0,1.0,3.0,0.1136363636363636,0.282,0.282,0.0,0.0,33.84,8.264423076923077,8.971153846153847,2.9033766233766234,1.08,-8.0,80.0,0,2.0,-0.4999999999999997,-0.8660254037844388,0.7818314824680298,0.6234898018587336,0.5,1.5,0.5,0.5,0.5,0.5,1.5,0.5,0.5,0.5,synthetic,synthetic,synthetic,synthetic,synthetic,0.0,0.0,0.0,0.0,0.0,-110.0,-110.0,-110.0,-110.0,-110.0,-110.0,-110.0,-110.0,-110.0,-110.0,0.0,0.0,0.0,0.0,0.0,2026-08-28T01:24:59.045926+00:00,0.2269827657481207,-0.6060130840933465,0.28230370667841476,-0.4765928022143491,-0.00046520354632784144,0.8,1.2,0.8,0.0,0.4,0.0,0.0,1.0,0.0,1.0,batter_pitcher_profile_network_v2,1.0,0.45,0.6878033079399324,0.0,0.6195848426498112,-0.0450302180520215,-0.0284966653959527,0.0,49.0,17.943125694840102,0.0369573765778291,-0.0004006142470652,-4.006142470652086e-05,0.0509579410517387,-0.0078708898524164,0.0,49.0,18.004364073562584,0.009858506535293,0.0146625425984034,0.0023460068157445,0.0810961354961832,0.4661645414024448,0.0,49.0,15.190807632121968,-0.009741181777103,0.0020611465553096,0.0001030573277654,0.1856606481481482,0.1264369058465082,0.0,49.0,17.372758732364822,-0.0950407054552411,-0.0877120885739647,-0.0021928022143491,0.1247057870370372,0.3271882869221579,0.0,49.0,16.284589051467158,-0.0807710761752217,-0.0478399725253804,-0.0028703983515228
2026-07-08,Wilyer_Abreu,677800,hitter,BOS,CWS,2026,824578,94,111,145,0,663436.0,Davis_Martin,1.0,2.0,0.0,0.0,0.0,5.0,5.0,0.0,3.0,3.0,0.1219512195121951,0.254,0.254,0.2,17.0,39.48,2.3000000000000003,3.6874999999999996,4.189090909090909,1.08,8.0,83.0,0,1.0,-0.4999999999999997,-0.8660254037844388,0.9749279121818236,-0.22252093395631434,0.5,0.5,0.5,0.5,0.5,0.5,0.5,0.5,0.5,0.5,synthetic,synthetic,synthetic,synthetic,synthetic,0.0,0.0,0.0,0.0,0.0,-110.0,-110.0,-110.0,-110.0,-110.0,-110.0,-110.0,-110.0,-110.0,-110.0,0.0,0.0,0.0,0.0,0.0,2026-08-28T01:24:59.045926+00:00,0.43251638462828934,0.5089257934420361,0.46727751457353417,-0.38614415805025337,-0.09585147747343437,0.6,1.0,1.0,0.0,0.4,0.0,0.0,1.0,0.0,0.0,batter_pitcher_profile_network_v2,1.0,1.0,0.3987691296657623,0.0,0.8011507816159441,-0.1139950611393836,-0.0496874214067236,0.0,49.0,18.040208390456428,0.0663590186152968,-0.0034054441827373,-0.0003405444182737,-0.0016926950805767,-0.2094197002182125,0.0,49.0,17.89433444445687,0.020163174922174,0.0300316358419941,0.004805061734719,0.0222621660305343,-0.1360010815973452,0.0,49.0,18.12878343012382,-0.0438910154523905,-0.0457113493275447,-0.0022855674663772,0.1762384259259259,-0.3692179507825466,0.0,49.0,16.6323849890204,-0.1306439945151659,-0.1697663220101393,-0.0042441580502534,0.084366898148148,-0.1682099792647643,0.0,49.0,17.744956620339636,-0.0757493391230288,-0.0653442845720239,-0.0039206570743214
2026-07-09,Wilyer_Abreu,677800,hitter,BOS,CWS,2026,824577,95,111,145,0,641743.0,Anthony_Kay,1.0,1.0,0.0,0.0,0.0,4.0,4.0,0.0,0.0,3.0,0.1176470588235294,0.2225,0.2225,0.0,0.0,26.7,3.2045454545454555,7.136363636363637,4.189090909090909,1.08,8.0,80.0,0,1.0,-0.4999999999999997,-0.8660254037844388,0.43388373911755823,-0.900968867902419,0.5,1.5,0.5,0.5,0.5,0.5,1.5,0.5,0.5,0.5,synthetic,synthetic,synthetic,synthetic,synthetic,0.0,0.0,0.0,0.0,0.0,-110.0,-110.0,-110.0,-110.0,-110.0,-110.0,-110.0,-110.0,-110.0,-110.0,0.0,0.0,0.0,0.0,0.0,2026-08-28T01:24:59.045926+00:00,0.3800866310160428,-0.3481867156950429,0.3048412788703102,-0.4767797911610543,-0.10632892598491184,0.6,1.2,1.0,0.0,0.4,1.0,2.0,0.0,0.0,0.0,batter_pitcher_profile_network_v2,1.0,1.0,0.3502779940351844,0.0,0.8070909457306898,-0.1163471590909092,0.1119555796295443,0.0,49.0,18.277913422269805,0.0531832367913419,0.0,0.0,0.0185935606060605,0.1041012422926935,0.0,49.0,18.41040121506888,0.0098603268211109,0.0160481004353932,0.0025676960696629,0.0363456439393938,0.1781302061908679,0.0,49.0,18.293520885732026,-0.0436776813146968,-0.0394712140376471,-0.0019735607018823,0.2369486111111112,0.121108453831155,0.0,49.0,18.093848231244287,-0.1138363809458437,-0.0951916464421756,-0.0023797911610543,0.14899375,0.1688313279857397,0.0,49.0,18.056627755570013,-0.0192673497098672,0.0018931230678689,0.0001135873840721
2026-07-10,Wilyer_Abreu,677800,hitter,BOS,NYM,2026,823604,96,111,121,0,690997.0,Nolan_McLean,3.0,7.0,2.0,1.0,2.0,5.0,4.0,1.0,1.0,3.0,0.1136363636363636,0.99,0.99,1.0,30.0,65.0,3.9999999999999987,10.5,8.794705294705295,1.08,6.0,82.0,0,1.0,-0.4999999999999997,-0.8660254037844388,-0.433883739117558,-0.9009688679024191,0.5,0.5,0.5,0.5,0.5,0.5,0.5,0.5,0.5,0.5,synthetic,synthetic,synthetic,synthetic,synthetic,0.0,0.0,0.0,0.0,0.0,-110.0,-110.0,-110.0,-110.0,-110.0,-110.0,-110.0,-110.0,-110.0,-110.0,0.0,0.0,0.0,0.0,0.0,2026-08-28T01:24:59.045926+00:00,0.39623560079995357,1.93280652436599,0.8237453937217087,-0.15030694683001528,0.35074168566044817,0.6,1.0,0.8,0.0,0.4,1.0,1.0,0.0,0.0,0.0,batter_pitcher_profile_network_v2,1.0,0.9,0.447940425026088,0.0,0.7656145681408738,-0.1636064320045239,-0.3688419534950423,0.0,50.0,18.30582172215898,0.0495118760435107,-0.0333139886704616,-0.0033313988670461,-0.0661919423240035,-0.3271375897053758,0.0,50.0,18.65080373622747,0.035326215400978,0.0410350954692545,0.0065656152750807,-0.0196030534351147,-0.0921258777286585,0.0,50.0,19.612224901181463,-0.0474367927440217,-0.0484337839074939,-0.0024216891953746,0.104013425925926,-0.2498419735916316,0.0,50.0,18.723021711011217,-0.0219315454039827,-0.0362778732006157,-0.0009069468300153,0.0300481481481482,-0.1455944796243931,0.0,50.0,19.20350848738755,0.0336659505847314,0.0228342881469969,0.0013700572888198
2026-07-11,Wilyer_Abreu,677800,hitter,BOS,NYM,2026,823603,97,111,121,0,642547.0,Freddy_Peralta,0.0,0.0,0.0,0.0,0.0,4.0,3.0,1.0,1.0,3.0,0.1052631578947368,0.1725,0.1725,0.0,0.0,20.7,4.392857142857143,9.504201680672269,10.021978021978024,1.08,-7.0,82.0,0,1.0,-0.4999999999999997,-0.8660254037844388,-0.9749279121818236,-0.2225209339563146,0.5,1.5,0.5,0.5,0.5,0.5,1.5,0.5,0.5,0.5,synthetic,synthetic,synthetic,synthetic,synthetic,0.0,0.0,0.0,0.0,0.0,-110.0,-110.0,-110.0,-110.0,-110.0,-110.0,-110.0,-110.0,-110.0,-110.0,0.0,0.0,0.0,0.0,0.0,2026-08-28T01:24:59.045926+00:00,1.038139212284104,0.8190710643179453,0.7060539078207326,-0.2342212864488774,0.6174013942584935,1.0,2.0,0.8,0.2,0.6,3.0,7.0,2.0,1.0,2.0,batter_pitcher_profile_network_v2,1.0,1.0,0.3411389173571514,0.0,0.808210482623749,-0.092003409090909,0.150412605994699,0.0,50.0,19.283659027719587,0.0684681925287216,0.0,0.0,0.0680588383838385,0.1232160179725234,0.0,50.0,19.58032959484174,0.0373527869812118,0.0615543493555784,0.0098486958968925,0.077501893939394,0.3130670241459031,0.0,50.0,18.612111767491456,-0.042017580250534,-0.0260314445107399,-0.0013015722255369,0.2792819444444446,0.1224108869681566,0.0,50.0,19.412553159270928,-0.0153760409681593,0.007148542044906,0.0001787135511226,0.2066708333333335,0.3032717184690472,0.0,50.0,18.41991243741392,0.073006150124599,0.0960503245897003,0.005763019475382
2026-07-12,Wilyer_Abreu,677800,hitter,BOS,NYM,2026,823602,98,111,121,0,804267.0,Zac_Thornton,0.0,0.0,0.0,0.0,0.0,4.0,4.0,0.0,0.0,3.0,0.1052631578947368,0.0,0.0,0.0,0.0,10.0,3.2692307692307696,8.576923076923077,8.001569858712717,1.08,-2.0,83.0,0,1.0,-0.4999999999999997,-0.8660254037844388,-0.7818314824680299,0.6234898018587334,0.5,1.5,0.5,0.5,0.5,0.5,1.5,0.5,0.5,0.5,synthetic,synthetic,synthetic,synthetic,synthetic,0.0,0.0,0.0,0.0,0.0,-110.0,-110.0,-110.0,-110.0,-110.0,-110.0,-110.0,-110.0,-110.0,-110.0,0.0,0.0,0.0,0.0,0.0,2026-08-28T01:24:59.045926+00:00,0.587872168939567,-0.24140709607430555,0.10096638693651871,-0.3358527695893158,0.00349529015812422,1.0,2.0,0.6,0.2,0.4,0.0,0.0,0.0,0.0,0.0,batter_pitcher_profile_network_v2,1.0,0.15,0.817328069230234,0.0,0.5374815967278944,-0.1015172979797981,-0.2595471866096867,0.0,50.0,20.0580039893158,0.064915665103021,-0.0048131366805118,-0.0004813136680511,0.0601421717171715,-0.3106285612535613,0.0,50.0,19.838012287850542,0.031423167541912,0.0437220969040116,0.0069955355046418,0.0681268939393937,-0.2897463200379865,0.0,50.0,19.673520998833222,-0.0462678432807309,-0.0498736989297084,-0.0024936849464854,0.2770597222222222,-0.3588924501424501,0.0,50.0,19.087138374538124,-0.0399468654336998,-0.0581107835726357,-0.0014527695893158,0.1971569444444443,-0.3161429249762582,0.0,50.0,19.282196827946823,0.0291217230673721,0.0104553923046325,0.0006273235382779
2026-07-17,Wilyer_Abreu,677800,hitter,BOS,TB,2026,824737,99,111,139,1,669438.0,Mason_Englert,2.0,8.0,2.0,2.0,3.0,4.0,4.0,0.0,0.0,3.0,0.1176470588235294,1.05,1.05,1.5,30.0,65.0,1.6588235294117648,8.814705882352941,2.808632543926662,1.08,0.0,84.0,0,5.0,-0.4999999999999997,-0.8660254037844388,-0.433883739117558,-0.9009688679024191,0.5,1.5,0.5,0.5,0.5,0.5,1.5,0.5,0.5,0.5,synthetic,synthetic,synthetic,synthetic,synthetic,0.0,0.0,0.0,0.0,0.0,-110.0,-110.0,-110.0,-110.0,-110.0,-110.0,-110.0,-110.0,-110.0,-110.0,0.0,0.0,0.0,0.0,0.0,2026-08-28T01:24:59.045926+00:00,0.3916178507766743,2.0454468013279232,0.30722315657253674,0.11479370658304411,0.07621935065229879,1.0,2.0,0.4,0.2,0.4,0.0,0.0,0.0,0.0,0.0,batter_pitcher_profile_network_v2,1.0,0.15,0.9082669477616144,0.0,0.5358105948348804,-0.0731082070707072,0.1897179144385027,0.0,50.0,19.55035852654526,0.0739441098435409,0.0,0.0,0.0790815656565655,0.1483650227767874,0.0,50.0,19.965596099634183,0.031891689058586,0.0489138318289325,0.0078262130926292,0.0870662878787876,-0.0247807486631015,0.0,50.0,20.73589558015324,-0.0336773745494444,-0.0338752948288701,-0.0016937647414435,0.2770597222222223,-0.0312646068528421,0.0,50.0,20.361861304834008,-0.0314571300006554,-0.0322517366782376,-0.0008062934169559,0.1971569444444444,0.0800340661517133,0.0,50.0,20.285132329522867,0.0743985207310939,0.0572463713249199,0.0034347822794951
2026-07-17,Wilyer_Abreu,677800,hitter,BOS,TB,2026,824766,100,111,139,1,643377.0,Griffin_Jax,1.0,1.0,0.0,0.0,0.0,5.0,4.0,1.0,2.0,3.0,0.1219512195121951,0.316,0.316,0.0,0.0,37.92,3.9000000000000004,10.299999999999999,2.808632543926662,1.08,-10.0,82.0,0,0.0,-0.4999999999999997,-0.8660254037844388,-0.433883739117558,-0.9009688679024191,1.5,3.5,0.5,0.5,0.5,1.5,3.5,0.5,0.5,0.5,synthetic,synthetic,synthetic,synthetic,synthetic,0.0,0.0,0.0,0.0,0.0,-110.0,-110.0,-110.0,-110.0,-110.0,-110.0,-110.0,-110.0,-110.0,-110.0,0.0,0.0,0.0,0.0,0.0,2026-08-28T01:24:59.045926+00:00,-0.26981589104898673,-0.2502524412102427,0.434783463964755,0.1357310755583102,0.7441729443277227,1.2,3.2,0.8,0.6,1.0,2.0,8.0,2.0,2.0,3.0,batter_pitcher_profile_network_v2,1.0,0.7,0.5487582081984275,1.0,0.7166939836469849,0.1185722432659931,-0.244846875787352,0.0148148148148148,50.0,20.1316291472251,0.0444786860370546,-0.0016281882231334,-0.0001628188223133,0.3352034090909091,-0.1106914525069287,-0.0641975308641975,50.0,20.64192332669144,-0.0651674401065344,-0.1642073307347496,-0.0262731729175599,0.2801013257575756,-0.2017250251952632,-0.1111111111111111,50.0,20.24610262761309,-0.1255951569958971,-0.2371339963388805,-0.011856699816944,0.5224949074074076,0.0069397203325774,-0.1111111111111111,50.0,20.31920542671584,-0.3103510435275711,-0.3947569776675934,-0.0098689244416898,0.4570192129629631,-0.1872265684051398,0.0962962962962963,50.0,20.08044483839004,-0.0806854738459788,-0.0245552835825346,-0.001473317014952
2026-07-18,Wilyer_Abreu,677800,hitter,BOS,TB,2026,824738,101,111,139,1,693855.0,Ian_Seymour,2.0,8.0,2.0,2.0,3.0,4.0,3.0,1.0,0.0,3.0,0.1142857142857142,1.2225,1.2225,2.0,30.0,65.0,6.6875,13.449999999999998,2.9372039724980903,1.08,10.0,71.0,0,1.0,-0.4999999999999997,-0.8660254037844388,-0.9749279121818236,-0.2225209339563146,1.5,3.5,0.5,0.5,0.5,1.5,3.5,0.5,0.5,0.5,synthetic,synthetic,synthetic,synthetic,synthetic,0.0,0.0,0.0,0.0,0.0,-110.0,-110.0,-110.0,-110.0,-110.0,-110.0,-110.0,-110.0,-110.0,-110.0,0.0,0.0,0.0,0.0,0.0,2026-08-28T01:24:59.045926+00:00,-0.6233885412892972,1.5741311582393083,0.6513205981276511,0.5113334113958692,0.5287926440739588,1.2,3.2,0.8,0.6,1.0,1.0,1.0,0.0,0.0,0.0,batter_pitcher_profile_network_v2,1.0,0.3,0.8050142033228219,1.0,0.5941657280278864,0.0639236459203569,-0.0912595430270665,0.0148148148148148,51.0,21.03609764803591,0.0496686252144023,0.0122329981077931,0.0012232998107793,0.2810154553049294,0.1812056833353561,-0.0617283950617283,51.0,20.21728369750223,-0.0588284562428643,-0.1340240110043233,-0.0214438417606917,0.2463557330827072,0.2123239875389408,-0.1111111111111111,51.0,20.385802635824383,-0.1232126103195393,-0.2132920099450696,-0.0106646004972534,0.4560219907407408,0.4333961038961038,-0.1111111111111111,51.0,17.741212803326274,-0.3089216102406655,-0.3706635441652312,-0.0092665886041307,0.4317337962962966,0.3173376168224299,-0.1111111111111111,51.0,19.23505005159701,-0.0400819257775827,-0.1036259091824288,-0.0062175545509457
2026-07-19,Wilyer_Abreu,677800,hitter,BOS,TB,2026,824739,102,111,139,1,663556.0,Shane_McClanahan,0.0,0.0,1.0,0.0,0.0,4.0,3.0,0.0,0.0,3.0,0.1142857142857142,0.18,0.18,0.0,0.0,21.6,1.0,6.368421052631579,3.1008403361344543,1.08,0.0,76.0,0,1.0,-0.4999999999999997,-0.8660254037844388,-0.7818314824680299,0.6234898018587334,0.5,3.5,0.5,0.5,1.5,0.5,3.5,0.5,0.5,1.5,synthetic,synthetic,synthetic,synthetic,synthetic,0.0,0.0,0.0,0.0,0.0,-110.0,-110.0,-110.0,-110.0,-110.0,-110.0,-110.0,-110.0,-110.0,-110.0,0.0,0.0,0.0,0.0,0.0,2026-08-28T01:24:59.045926+00:00,0.755311750075722,-0.23582317659672247,0.35832446467191803,0.2663825075162237,-0.1744296753339587,1.0,3.4,0.8,0.8,1.2,2.0,8.0,2.0,2.0,3.0,batter_pitcher_profile_network_v2,1.0,1.0,0.3695862740375251,0.0,0.8047256814304031,0.3471617324561406,-0.3670980756992464,0.0,51.0,19.69495846233071,-0.0145619393796567,-0.0803414407141021,-0.0080341440714102,0.5367467105263161,-0.4162219980441866,0.0,51.0,19.245331881551976,-0.1822461855509469,-0.4142073537295188,-0.066273176596723,0.5319654605263161,-0.3545939578774875,0.0,51.0,19.41914203899674,-0.2504350058443402,-0.3693510426960923,-0.0184675521348046,0.5763923611111111,-0.447741668094948,0.0,51.0,18.45729762397229,-0.6060057544122018,-0.768699699351056,-0.0192174924837764,0.6678854166666669,-0.4094067751363708,0.0,51.0,18.714451206407823,-0.2339776194292207,-0.3478615356780214,-0.0208716921406812
2026-07-20,Wilyer_Abreu,677800,hitter,BOS,BAL,2026,824736,103,111,110,1,669358.0,Shane_Baz,1.0,2.0,2.0,0.0,1.0,4.0,4.0,0.0,1.0,3.0,0.1176470588235294,0.3175,0.3175,0.25,21.25,49.35,3.6428571428571437,9.857142857142858,1.0714285714285714,1.08,9.0,79.0,0,1.0,-0.4999999999999997,-0.8660254037844388,0.0,1.0,0.5,3.5,0.5,0.5,1.5,0.5,3.5,0.5,0.5,1.5,synthetic,synthetic,synthetic,synthetic,synthetic,0.0,0.0,0.0,0.0,0.0,-110.0,-110.0,-110.0,-110.0,-110.0,-110.0,-110.0,-110.0,-110.0,-110.0,0.0,0.0,0.0,0.0,0.0,2026-08-28T01:24:59.045926+00:00,0.2408053356707881,-0.9571172342853278,0.3333547210581892,0.18511716109217513,-0.6923914785455556,1.0,3.4,1.0,0.8,1.2,0.0,0.0,1.0,0.0,0.0,batter_pitcher_profile_network_v2,1.0,1.0,0.345407899678597,1.0,0.8264375322893719,0.2160234638047138,0.0254277016069585,-0.0925925925925925,50.0,20.66402460126613,0.0591950718905911,-0.0586917413313352,-0.0058691741331335,0.4272039141414142,-0.1119712037446557,-0.1111111111111111,50.0,21.0239832552248,-0.0672654318105833,-0.206955140753886,-0.0331128225206217,0.3877282196969698,-0.0573209580323356,-0.1111111111111111,50.0,21.193177630314658,-0.1072468706324105,-0.1965400326177263,-0.0098270016308863,0.5165682870370369,-0.2538462037446557,-0.1111111111111111,50.0,20.23103628869088,-0.4837327318244283,-0.6443135563129928,-0.0161078389078248,0.5427280092592593,-0.0836126246990023,0.0962962962962963,50.0,20.84988604737605,-0.1037844785285094,-0.0427641382242462,-0.0025658482934547
2026-07-22,Wilyer_Abreu,677800,hitter,BOS,BAL,2026,824732,104,111,110,1,680694.0,Kyle_Bradish,0.0,0.0,0.0,0.0,0.0,4.0,4.0,0.0,2.0,3.0,0.1176470588235294,0.0,0.0,0.0,0.0,10.0,3.873913043478261,5.706521739130435,1.9285714285714286,1.08,2.0,77.0,0,2.0,-0.4999999999999997,-0.8660254037844388,0.9749279121818236,-0.22252093395631434,1.5,3.5,1.5,0.5,1.5,1.5,3.5,1.5,0.5,1.5,synthetic,synthetic,synthetic,synthetic,synthetic,0.0,0.0,0.0,0.0,0.0,-110.0,-110.0,-110.0,-110.0,-110.0,-110.0,-110.0,-110.0,-110.0,-110.0,0.0,0.0,0.0,0.0,0.0,2026-08-28T01:24:59.045926+00:00,-0.24446957259306124,-0.8714367954765567,-0.3950206527762061,0.07042645929293456,-0.45144393098384406,1.2,3.8,1.4,0.8,1.4,1.0,2.0,2.0,0.0,1.0,batter_pitcher_profile_network_v2,1.0,1.0,0.3999583843649045,1.0,0.8197550979152992,0.2382665193602691,-0.0646134244680877,0.0185185185185185,52.0,22.18864737729611,0.04577639493978,0.003724807500152,0.0003724807500152,0.4453705808080807,-0.0751320101319138,-0.0641975308641975,52.0,22.346929296955096,-0.0923122451237404,-0.203483648199071,-0.0325573837118513,0.4055407196969697,0.1414136158747521,0.0666666666666666,52.0,21.98432701673167,-0.1297674202756075,-0.0486903664484923,-0.0024345183224246,0.5559467592592592,-0.069019588748266,-0.1111111111111111,52.0,22.051371074698714,-0.5061418356280131,-0.6069416282826184,-0.0151735407070654,0.5649710648148147,0.0689682105637808,-0.1111111111111111,52.0,21.974634877090192,-0.0435945443396832,-0.0870907264814317,-0.0052254435888859
2026-07-22,Wilyer_Abreu,677800,hitter,BOS,BAL,2026,824735,105,111,110,1,665152.0,Dean_Kremer,0.0,0.0,0.0,0.0,0.0,4.0,4.0,0.0,0.0,3.0,0.1176470588235294,0.0,0.0,0.0,0.0,10.0,4.3999999999999995,8.15,1.9285714285714286,1.08,11.0,82.0,0,0.0,-0.4999999999999997,-0.8660254037844388,0.9749279121818236,-0.22252093395631434,0.5,2.5,0.5,0.5,0.5,0.5,2.5,0.5,0.5,0.5,synthetic,synthetic,synthetic,synthetic,synthetic,0.0,0.0,0.0,0.0,0.0,-110.0,-110.0,-110.0,-110.0,-110.0,-110.0,-110.0,-110.0,-110.0,-110.0,0.0,0.0,0.0,0.0,0.0,2026-08-28T01:24:59.045926+00:00,0.24333561342189203,-1.1322467419264612,0.06439439833770888,-0.20381495496065094,-0.012618641810421216,0.8,2.2,1.0,0.4,0.8,0.0,0.0,0.0,0.0,0.0,batter_pitcher_profile_network_v2,1.0,0.3,0.7113894322311753,0.0,0.5788564383655043,0.1428152356902359,-0.2381857082311627,0.0,53.0,22.64583186452403,0.0412615162656813,-0.0098175352488663,-0.0009817535248866,0.3750404040404043,0.100590663124754,0.0,53.0,22.55957230511865,-0.0962892064338484,-0.1335458135109722,-0.0213673301617555,0.3259431818181824,0.176067749170022,0.0,53.0,22.563760671297864,-0.1569521512090605,-0.1403893441701923,-0.0070194672085096,0.549761574074074,0.4338809523809524,0.0,53.0,19.067880461895,-0.4454407875109178,-0.3765981984260383,-0.0094149549606509,0.5263379629629633,0.2050019778201597,0.0,53.0,21.9930074348542,-0.0059694407012912,0.0266640930756125,0.0015998455845367
2026-07-24,Wilyer_Abreu,677800,hitter,BOS,TOR,2026,824733,106,111,141,1,702056.0,Trey_Yesavage,0.0,0.0,0.0,0.0,0.0,5.0,4.0,1.0,2.0,3.0,0.1219512195121951,0.1379999999999999,0.1379999999999999,0.0,0.0,16.56,9.700000000000001,9.8,4.799999999999999,1.08,0.0,76.0,0,2.0,-0.4999999999999997,-0.8660254037844388,-0.433883739117558,-0.9009688679024191,0.5,1.5,0.5,0.5,0.5,0.5,1.5,0.5,0.5,0.5,synthetic,synthetic,synthetic,synthetic,synthetic,0.0,0.0,0.0,0.0,0.0,-110.0,-110.0,-110.0,-110.0,-110.0,-110.0,-110.0,-110.0,-110.0,-110.0,0.0,0.0,0.0,0.0,0.0,2026-08-28T01:24:59.045926+00:00,0.10478025828883597,-0.22299496878463754,0.28204190324593814,-0.21182738282261182,0.16496374243456668,0.6,2.0,1.0,0.4,0.8,0.0,0.0,0.0,0.0,0.0,batter_pitcher_profile_network_v2,1.0,0.75,0.5116554050610997,2.0,0.7529916596600114,0.1447482824427482,-0.3010628887647324,-0.16,52.0,21.98334071009436,0.0462257963073017,-0.1422136772742408,-0.014221367727424,0.3679488549618322,-0.2399229966477771,-0.2,52.0,22.41852563760785,-0.0992978824612771,-0.3432231280747159,-0.0549157004919545,0.3080238549618324,0.0891926341997676,-0.2,52.0,22.64058139645769,-0.1475836414993382,-0.2853326667885542,-0.0142666333394277,0.5411986111111111,-0.0923950115731502,-0.2,52.0,22.456370765194507,-0.5215105639098957,-0.6970953129044758,-0.0174273828226118,0.4775250000000003,-0.0354373409246105,-0.2,52.0,22.596491906306994,-0.0285583758163455,-0.1808481951962473,-0.0108508917117748
2026-07-25,Wilyer_Abreu,677800,hitter,BOS,TOR,2026,824734,107,111,141,1,656302.0,Dylan_Cease,0.0,0.0,0.0,0.0,0.0,4.0,4.0,0.0,2.0,3.0,0.1333333333333333,0.0,0.0,0.0,0.0,10.0,1.5,16.625,4.0,1.08,-8.0,78.0,0,1.0,-0.4999999999999997,-0.8660254037844388,-0.9749279121818236,-0.2225209339563146,0.5,0.5,0.5,0.5,0.5,0.5,0.5,0.5,0.5,0.5,synthetic,synthetic,synthetic,synthetic,synthetic,0.0,0.0,0.0,0.0,0.0,-110.0,-110.0,-110.0,-110.0,-110.0,-110.0,-110.0,-110.0,-110.0,-110.0,0.0,0.0,0.0,0.0,0.0,2026-08-28T01:24:59.045926+00:00,-0.4983975272787283,-0.25071339008505034,-0.0798785273535439,-0.4963374851140146,-0.31168358325857026,0.2,0.4,0.6,0.0,0.2,0.0,0.0,0.0,0.0,0.0,batter_pitcher_profile_network_v2,1.0,1.0,0.4415019531066604,2.0,0.833416010744434,0.0568473282442745,-0.7060140124342418,0.0533333333333333,53.0,17.523484238315557,0.0609830977131226,0.0160247272127173,0.0016024727212717,0.2998148854961829,-0.6768419172768885,-0.0311111111111111,53.0,17.90365945979667,-0.0801755557991682,-0.2560211880315647,-0.0409633900850503,0.233814885496183,-0.3645502536639192,-0.2,53.0,21.357012071839435,-0.1808154996933306,-0.3725705470708774,-0.0186285273535438,0.5000069444444444,-0.652042859627221,-0.2,53.0,17.844815636222503,-0.5512643485323687,-0.8774994045605852,-0.0219374851140146,0.4182499999999999,-0.4714760666720492,-0.0133333333333333,53.0,20.04571726862608,-0.0955334591904001,-0.1913930543095061,-0.0114835832585703
2026-07-26,Wilyer_Abreu,677800,hitter,BOS,TOR,2026,824730,108,111,141,1,592332.0,Kevin_Gausman,1.0,2.0,0.0,0.0,1.0,4.0,4.0,0.0,2.0,3.0,0.1142857142857142,0.3175,0.3175,0.25,21.25,49.35,7.3500000000000005,9.4,3.0077922077922072,1.08,-9.0,75.0,0,1.0,-0.4999999999999997,-0.8660254037844388,-0.7818314824680299,0.6234898018587334,0.5,0.5,0.5,0.5,0.5,0.5,0.5,0.5,0.5,0.5,synthetic,synthetic,synthetic,synthetic,synthetic,0.0,0.0,0.0,0.0,0.0,-110.0,-110.0,-110.0,-110.0,-110.0,-110.0,-110.0,-110.0,-110.0,-110.0,0.0,0.0,0.0,0.0,0.0,2026-08-28T01:24:59.045926+00:00,-0.2201578682682067,0.1982695938923521,-0.09527915863559305,-0.3705204265344952,-0.271207408512051,0.2,0.4,0.4,0.0,0.2,0.0,0.0,0.0,0.0,0.0,batter_pitcher_profile_network_v2,1.0,1.0,0.3970472126303658,0.0,0.8013617164527802,0.0282213740458015,0.2725508331641346,0.0,54.0,21.186494824247863,0.0649781256379218,0.0046377675343846,0.0004637767534384,0.2807309160305343,0.1983868926149615,0.0,54.0,22.245222069076146,-0.0809511594677529,-0.0878462881727993,-0.0140554061076478,0.2147309160305344,0.3519530139739513,0.0,54.0,21.44727701417963,-0.1864436538338828,-0.1408753805040676,-0.0070437690252033,0.5000069444444444,0.149975875665809,0.0,54.0,22.603011027658187,-0.51503187549007,-0.4698170613798119,-0.0117454265344952,0.4182499999999999,0.373556121318584,0.0,54.0,20.72988353731904,0.0022370221489364,0.0958830183056456,0.0057529810983387
2026-07-27,Wilyer_Abreu,677800,hitter,BOS,ATH,2026,824977,109,111,133,0,678022.0,Jack_Perkins,0.0,0.0,1.0,0.0,0.0,4.0,3.0,1.0,0.0,4.0,0.1111111111111111,0.1725,0.1725,0.0,0.0,20.7,10.52727272727273,10.945454545454545,4.353310554991228,1.08,0.0,88.0,0,1.0,-0.4999999999999997,-0.8660254037844388,0.0,1.0,0.5,0.5,0.5,0.5,0.5,0.5,0.5,0.5,0.5,0.5,synthetic,synthetic,synthetic,synthetic,synthetic,0.0,0.0,0.0,0.0,0.0,-110.0,-110.0,-110.0,-110.0,-110.0,-110.0,-110.0,-110.0,-110.0,-110.0,0.0,0.0,0.0,0.0,0.0,2026-08-28T01:24:59.045926+00:00,-0.048073638406411434,0.11057122540612918,-0.37715602960524175,-0.48270290422488166,-0.089724907260114,0.2,0.4,0.0,0.0,0.2,1.0,2.0,0.0,0.0,1.0,batter_pitcher_profile_network_v2,1.0,0.4,0.7160202346412593,0.0,0.6049150085025783,-0.0067874787955893,0.2394526099724317,0.0,54.0,22.034292127632764,0.0565383210788818,0.0,0.0,0.2607296437659034,0.436762705261896,0.0,54.0,19.58436666531324,-0.0758804559321298,-0.0814819245450256,-0.0130371079272041,0.1943754770992368,0.7479166666666666,0.0,54.0,15.523624237460687,-0.1702151765830419,-0.1289311470960621,-0.0064465573548031,0.5393854166666666,0.618282766990291,0.0,54.0,16.885795521369865,-0.4268213499309728,-0.3321161689952703,-0.0083029042248817,0.4404930555555557,0.7597608024691358,0.0,54.0,15.021987987520893,0.0331230841982185,0.1198816387276327,0.0071928983236579
2026-07-28,Wilyer_Abreu,677800,hitter,BOS,ATH,2026,824976,110,111,133,0,695611.0,Gage_Jump,1.0,1.0,0.0,0.0,1.0,4.0,4.0,0.0,0.0,4.0,0.1081081081081081,0.2225,0.2225,0.0,0.0,26.7,6.841100076394194,13.465622612681436,4.298208514174901,1.08,6.0,92.0,0,1.0,-0.4999999999999997,-0.8660254037844388,0.7818314824680298,0.6234898018587336,0.5,0.5,0.5,0.5,0.5,0.5,0.5,0.5,0.5,0.5,synthetic,synthetic,synthetic,synthetic,synthetic,0.0,0.0,0.0,0.0,0.0,-110.0,-110.0,-110.0,-110.0,-110.0,-110.0,-110.0,-110.0,-110.0,-110.0,0.0,0.0,0.0,0.0,0.0,2026-08-28T01:24:59.045926+00:00,-0.30203387114815683,-0.1499277358937478,-0.0900722809851014,-0.4854032558619093,-0.24730284082651294,0.2,0.4,0.2,0.0,0.2,0.0,0.0,1.0,0.0,0.0,batter_pitcher_profile_network_v2,1.0,0.65,0.6045821694508815,0.0,0.6793601447574735,-0.0997573862029971,0.0584854818371747,0.0,55.0,23.866521826057767,0.0667228681309305,0.0,0.0,0.1550213104325697,-0.0113294185229042,0.0,55.0,24.374277198339765,-0.052690309547739,-0.0797299371737621,-0.0127567899478019,0.0917713104325697,0.0956612612893488,0.0,55.0,24.372096877404005,-0.1699498152445731,-0.1664784582012539,-0.0083239229100626,0.4292280092592591,-0.0994405808845278,0.0,55.0,24.181988241515658,-0.4232527407314782,-0.4401302344763722,-0.0110032558619093,0.3116898148148145,0.0884864457911938,0.0,55.0,23.99234670274713,0.0054945159780024,0.0150266388267827,0.0009015983296069
2026-07-29,Wilyer_Abreu,677800,hitter,BOS,ATH,2026,824973,111,111,133,0,682052.0,Jacob_Lopez,0.0,0.0,0.0,0.0,0.0,5.0,5.0,0.0,2.0,3.0,0.108695652173913,0.0,0.0,0.0,0.0,10.0,1.3846153846153848,8.353846153846154,5.583922799889186,1.08,10.0,91.0,0,1.0,-0.4999999999999997,-0.8660254037844388,0.9749279121818236,-0.22252093395631434,0.5,1.5,0.5,0.5,0.5,0.5,0.5,0.5,0.5,0.5,synthetic,real,real,real,synthetic,0.0,8.0,7.0,9.0,0.0,-110.0,100.364482,-133.456252,341.288748,-110.0,-110.0,-134.937308,-105.612034,0.0,-110.0,0.0,0.0,0.0,0.0,0.0,2026-07-30T00:28:52.112372+00:00,0.2771805463322452,-0.9810538153354467,-0.2743455624306028,-0.4802261745349573,0.052370832686960855,0.4,0.6,0.2,0.0,0.4,1.0,1.0,0.0,0.0,1.0,batter_pitcher_profile_network_v2,1.0,0.75,0.5420981195949423,0.0,0.7126947352622146,-0.1642550713881819,0.2405527530397816,0.0,55.0,22.427219171387627,0.0648284764363955,0.0,0.0,0.1012574215436811,0.339107671258773,0.0,55.0,21.4420901308754,-0.0454798172797234,-0.0524966719334974,-0.0083994675093596,0.0229171437659033,0.6546183435109493,0.0,55.0,17.62624796803192,-0.1118339193674226,-0.1049644832838501,-0.0052482241641925,0.415042824074074,0.5155601360475055,0.0,55.0,18.984534695650023,-0.3310286127720971,-0.233046981398294,-0.0058261745349573,0.2446921296296296,0.5786705735578976,0.0,55.0,18.58565593357035,0.0546306121680609,0.1058100955996639,0.0063486057359798
2026-07-30,Wilyer_Abreu,677800,hitter,BOS,ATH,2026,824974,112,111,133,0,686930.0,Mason_Barnett,1.0,4.0,1.0,1.0,1.0,4.0,4.0,0.0,2.0,3.0,0.1081081081081081,0.525,0.525,0.75,30.0,65.0,10.799999999999999,1.8,5.266026410564225,1.08,10.0,90.0,0,1.0,-0.4999999999999997,-0.8660254037844388,0.43388373911755823,-0.900968867902419,0.5,0.5,0.5,0.5,0.5,0.5,0.5,0.5,0.5,0.5,synthetic,synthetic,synthetic,synthetic,synthetic,0.0,0.0,0.0,0.0,0.0,-110.0,-110.0,-110.0,-110.0,-110.0,-110.0,-110.0,-110.0,-110.0,-110.0,0.0,0.0,0.0,0.0,0.0,2026-08-28T01:24:59.045926+00:00,0.4466266420081547,1.0333407699200332,-0.001779508182841394,-0.2168928205539361,0.031011871885174402,0.4,0.6,0.2,0.0,0.4,0.0,0.0,0.0,0.0,0.0,batter_pitcher_profile_network_v2,1.0,0.1,0.7492462120245875,0.0,0.5258217339026988,-0.3705023501554992,0.0692916666666667,0.0,55.0,24.116664353051743,0.0979896157702234,0.0,0.0,-0.1492438507209501,0.2210833333333333,0.0,55.0,23.0962516677228,0.0432779827749134,0.0649169741623701,0.0103867158659792,-0.1806257951653946,0.3334166666666667,0.0,55.0,22.69191550734877,-0.0959408985453782,-0.0959408985453782,-0.0047970449272689,0.1946724537037036,0.3898333333333333,0.0,55.0,21.07477711645124,-0.2187424798687121,-0.1997128221574469,-0.0049928205539361,-0.0084699074074075,0.2463333333333333,0.0,55.0,23.193413228751947,0.0905648049295096,0.0679236036971322,0.0040754162218279
2026-07-31,Wilyer_Abreu,677800,hitter,BOS,LAD,2026,823922,113,111,119,0,683618.0,Edgardo_Henriquez,1.0,1.0,1.0,0.0,0.0,5.0,4.0,1.0,2.0,3.0,0.108695652173913,0.316,0.316,0.0,0.0,37.92,12.0,15.0,8.415584415584416,1.08,4.0,78.0,0,1.0,-0.4999999999999997,-0.8660254037844388,-0.433883739117558,-0.9009688679024191,0.5,1.5,0.5,0.5,0.5,0.5,1.5,0.5,0.5,0.5,synthetic,synthetic,synthetic,synthetic,synthetic,0.0,0.0,0.0,0.0,0.0,-110.0,-110.0,-110.0,-110.0,-110.0,-110.0,-110.0,-110.0,-110.0,-110.0,0.0,0.0,0.0,0.0,0.0,2026-08-28T01:24:59.045926+00:00,0.13347265198569536,0.08162443312912093,0.307099590498945,-0.24460263185453207,0.41934626903244243,0.6,1.4,0.4,0.2,0.6,1.0,4.0,1.0,1.0,1.0,batter_pitcher_profile_network_v2,1.0,0.0,1.0,0.0,0.5,-0.302195433983602,0.0,0.0,54.0,24.083216732143413,0.0802409923951609,0.0,0.0,-0.0353417090754877,0.0,0.0,54.0,24.2487681844574,-0.0163384126866341,-0.0245076190299512,-0.0039212190447922,-0.1012722646310434,0.0,0.0,54.0,24.38799126599425,-0.1437230403881251,-0.1437230403881251,-0.0071861520194062,0.3525428240740742,0.0,0.0,54.0,23.98313330292293,-0.4081052741812863,-0.4081052741812863,-0.0102026318545321,0.1509629629629629,0.0,0.0,54.0,24.081675863022465,0.0209102510377742,0.0156826882783307,0.0009409612966998
2026-08-01,Wilyer_Abreu,677800,hitter,BOS,LAD,2026,823920,114,111,119,0,808967.0,Yoshinobu_Yamamoto,0.0,0.0,0.0,0.0,0.0,4.0,4.0,0.0,1.0,3.0,0.1290322580645161,0.0,0.0,0.0,0.0,10.0,4.166666666666667,7.833333333333333,8.357142857142858,1.08,7.0,85.0,0,1.0,-0.8660254037844384,-0.5000000000000004,-0.9749279121818236,-0.2225209339563146,0.5,1.5,0.5,0.5,0.5,0.5,1.5,0.5,0.5,0.5,synthetic,synthetic,synthetic,synthetic,synthetic,0.0,0.0,0.0,0.0,0.0,-110.0,-110.0,-110.0,-110.0,-110.0,-110.0,-110.0,-110.0,-110.0,-110.0,0.0,0.0,0.0,0.0,0.0,2026-08-28T01:24:59.045926+00:00,0.5460639668264196,-0.5904067374654971,0.28061189691037225,-0.34625200055022953,0.04408521665454723,0.6,1.2,0.6,0.2,0.4,1.0,1.0,1.0,0.0,0.0,batter_pitcher_profile_network_v2,1.0,1.0,0.3842246317680458,0.0,0.8029324826084143,-0.2457713599095279,-0.3942008368993339,0.0,54.0,22.73837041669708,0.039191016997563,-0.059658334808001,-0.0059658334808001,0.0119138464800677,-0.3163375673765596,0.0,54.0,23.414708733897413,-0.0482860253051213,-0.0747497704496796,-0.0119599632719487,-0.0420222646310433,-0.376471952152805,0.0,54.0,22.10410102947409,-0.2017761302179034,-0.211517822161219,-0.0105758911080609,0.3628835648148147,-0.2043772260110977,0.0,54.0,23.665866401679075,-0.4284109578682935,-0.4740800220091817,-0.0118520005502295,0.2073870370370369,-0.3781679026213458,0.0,54.0,22.02324497010624,-0.0359167185347557,-0.075231028107778,-0.0045138616864666
2026-08-02,Wilyer_Abreu,677800,hitter,BOS,LAD,2026,823919,115,111,119,0,686218.0,Emmet_Sheehan,2.0,5.0,2.0,1.0,1.0,5.0,4.0,1.0,0.0,3.0,0.1136363636363636,0.736,0.736,0.75,30.0,65.0,5.099999999999999,10.312500000000002,7.714285714285714,1.08,0.0,87.0,0,1.0,-0.8660254037844384,-0.5000000000000004,-0.7818314824680299,0.6234898018587334,0.5,1.5,0.5,0.5,0.5,0.5,1.5,0.5,0.5,0.5,synthetic,synthetic,synthetic,synthetic,synthetic,0.0,0.0,0.0,0.0,0.0,-110.0,-110.0,-110.0,-110.0,-110.0,-110.0,-110.0,-110.0,-110.0,-110.0,0.0,0.0,0.0,0.0,0.0,2026-08-28T01:24:59.045926+00:00,0.24849066473374992,0.49684329541208605,0.3694445787657449,-0.08041554563123865,0.22191690789593188,0.6,1.2,0.4,0.2,0.4,0.0,0.0,0.0,0.0,0.0,batter_pitcher_profile_network_v2,1.0,1.0,0.3724533879136619,0.0,0.8043744599805764,-0.3789864344783716,-0.0238776059736283,0.0,54.0,24.431936475374183,0.061599591976993,-0.0056788504979987,-0.0005678850497998,-0.1409316970596551,0.11995108679083,0.0,54.0,23.90657014398856,0.0037599430049043,0.0056399145073565,0.000902386321177,-0.1693874840966921,0.213339899373597,0.0,54.0,23.689388737051733,-0.1400305026071823,-0.1400305026071823,-0.0070015251303591,0.215429861111111,0.2779187018029365,0.0,54.0,22.44498014419145,-0.378194288057108,-0.3406218252495495,-0.0085155456312387,0.047242361111111,0.2483484748376808,0.0,54.0,23.016351390225594,0.0516554341089096,0.0461043090880414,0.0027662585452824
2026-08-04,Wilyer_Abreu,677800,hitter,BOS,CWS,2026,824731,116,111,145,1,663436.0,Davis_Martin,2.0,8.0,2.0,2.0,2.0,5.0,4.0,1.0,0.0,3.0,0.125,0.978,0.978,1.5,30.0,65.0,4.929411764705883,7.447058823529411,1.5450180072028814,1.08,2.0,82.0,0,2.0,-0.8660254037844384,-0.5000000000000004,0.7818314824680298,0.6234898018587336,0.5,1.5,0.5,0.5,0.5,0.5,1.5,0.5,0.5,0.5,synthetic,synthetic,synthetic,synthetic,synthetic,0.0,0.0,0.0,0.0,0.0,-110.0,-110.0,-110.0,-110.0,-110.0,-110.0,-110.0,-110.0,-110.0,-110.0,0.0,0.0,0.0,0.0,0.0,2026-08-28T01:24:59.045926+00:00,0.5569509516217044,2.704860606777011,0.7397012776214764,0.34032111045858826,0.15250309901940196,0.8,2.0,0.8,0.4,0.4,2.0,5.0,2.0,1.0,1.0,batter_pitcher_profile_network_v2,1.0,1.0,0.3633914442903276,1.0,0.8242345480744349,-0.1866574705387202,0.1157885551436849,0.0296296296296296,53.0,23.61078685123044,0.0427089751003725,0.0201983917672641,0.0020198391767264,0.0615129208754211,-0.0937460093030787,0.0271604938271604,53.0,24.532830834005143,-0.0448518926819554,-0.0524337076436797,-0.0083893932229887,0.011696022727273,0.0195435098878952,-0.1111111111111111,53.0,24.485222238482763,-0.1583940024801775,-0.2339924547733597,-0.0116996227386679,0.3733002314814815,-0.2848394247206376,-0.1111111111111111,53.0,23.26846654997636,-0.4677206280768262,-0.6111555816564751,-0.0152788895414118,0.2374460648148151,0.0047143699878238,-0.1111111111111111,53.0,24.184524828789733,0.0078684289178203,-0.0691300223457044,-0.0041478013407422
2026-08-05,Wilyer_Abreu,677800,hitter,BOS,CWS,2026,824728,117,111,145,1,680732.0,Sean_Burke,2.0,5.0,3.0,1.0,1.0,4.0,3.0,1.0,0.0,3.0,0.1212121212121212,0.92,0.92,1.0,30.0,65.0,1.0,12.25,1.8979591836734695,1.08,4.0,84.0,0,1.0,-0.8660254037844384,-0.5000000000000004,0.9749279121818236,-0.22252093395631434,1.5,3.5,1.5,0.5,0.5,1.5,3.5,1.5,0.5,0.5,synthetic,synthetic,synthetic,synthetic,synthetic,0.0,0.0,0.0,0.0,0.0,-110.0,-110.0,-110.0,-110.0,-110.0,-110.0,-110.0,-110.0,-110.0,-110.0,0.0,0.0,0.0,0.0,0.0,2026-08-28T01:24:59.045926+00:00,-0.39722518648013594,1.4689892895606436,-0.02187593684588296,0.5951403533957325,0.5762905524670352,1.2,3.6,1.2,0.8,0.8,2.0,8.0,2.0,2.0,2.0,batter_pitcher_profile_network_v2,1.0,1.0,0.329748637886369,0.0,0.8096057918589198,-0.0783417554302422,-0.3603288251761541,0.0,54.0,24.356099348365618,0.0045725889199654,-0.0189203867555966,-0.0018920386755596,0.2087480889724311,-0.3334249546951897,0.0,54.0,24.63654065448374,-0.0773343009633327,-0.1626521675187048,-0.0260243468029927,0.1352251723057645,-0.2555212889478747,0.0,54.0,24.665476824339912,-0.181864239925748,-0.2050233751365838,-0.0102511687568291,0.5278743055555555,-0.3152337295296268,0.0,54.0,24.291774473277048,-0.5068534999010222,-0.6183858641707067,-0.0154596466042676,0.4065548611111112,-0.2774671130832684,0.0,54.0,24.30601375425556,-0.0803638820704985,-0.1358810210348842,-0.008152861262093
2026-08-06,Wilyer_Abreu,677800,hitter,BOS,CWS,2026,824729,118,111,145,1,622491.0,Luis_Castillo,1.0,1.0,1.0,0.0,2.0,7.0,5.0,1.0,2.0,3.0,0.1206896551724138,0.2257142857142857,0.2257142857142857,0.0,0.0,27.08571428571429,6.685714285714286,4.885714285714286,2.24860853432282,1.08,7.0,89.0,0,1.0,-0.8660254037844384,-0.5000000000000004,0.43388373911755823,-0.900968867902419,1.5,3.5,1.5,0.5,0.5,1.5,3.5,1.5,0.5,0.5,synthetic,synthetic,synthetic,synthetic,synthetic,0.0,0.0,0.0,0.0,0.0,-110.0,-110.0,-110.0,-110.0,-110.0,-110.0,-110.0,-110.0,-110.0,-110.0,0.0,0.0,0.0,0.0,0.0,2026-08-28T01:24:59.045926+00:00,0.14630775520071682,-0.31999394527612157,0.014822219901478917,0.17766292944418316,0.24403499998266676,1.4,3.8,1.6,0.8,0.8,2.0,5.0,3.0,1.0,1.0,batter_pitcher_profile_network_v2,1.0,1.0,0.3698502995485266,0.0,0.8046933383053054,0.0375621797549429,0.3529117862890374,0.0,54.0,22.41125434864413,0.0264718794993576,0.0083533501007,0.00083533501007,0.30657447786132,0.3971453650460853,0.0,54.0,21.95260437188469,-0.0761844190430539,-0.0375529830989136,-0.0060084772958261,0.2660064223057644,0.367651226145889,0.0,54.0,23.410676379929853,-0.1530277098519295,-0.0914005894952151,-0.0045700294747607,0.5858094907407407,0.4547647470685573,0.0,54.0,21.150250062543435,-0.485358171335886,-0.3174828222326732,-0.0079370705558168,0.5224587962962964,0.4241423310148029,0.0,54.0,22.28400071187751,0.0573533371815523,0.1826542178246883,0.0109592530694813
2026-08-07,Wilyer_Abreu,677800,hitter,BOS,ATH,2026,824727,119,111,133,1,678022.0,Jack_Perkins,2.0,3.0,1.0,0.0,3.0,3.0,2.0,1.0,0.0,3.0,0.0681818181818181,0.95,0.95,0.5,30.0,65.0,6.233823529411765,9.580147058823528,4.694805194805194,1.08,0.0,92.0,0,1.0,-0.8660254037844384,-0.5000000000000004,-0.433883739117558,-0.9009688679024191,1.5,3.5,1.5,0.5,1.5,1.5,3.5,1.5,0.5,1.5,synthetic,synthetic,synthetic,synthetic,synthetic,0.0,0.0,0.0,0.0,0.0,-110.0,-110.0,-110.0,-110.0,-110.0,-110.0,-110.0,-110.0,-110.0,-110.0,0.0,0.0,0.0,0.0,0.0,2026-08-28T01:24:59.045926+00:00,-0.20169841895939733,-0.031236695982055362,0.19017805894236206,0.2740858945013003,-0.05118859800304043,1.4,3.8,1.6,0.8,1.2,1.0,1.0,1.0,0.0,2.0,batter_pitcher_profile_network_v2,1.0,0.5,0.6641901828203384,1.0,0.6530683513022544,0.0868939328509177,0.2035781311567688,-0.0925925925925925,53.0,24.79487757348234,0.0322873162966654,-0.0711054653770158,-0.0071105465377015,0.3395635037348269,0.4133591260906275,-0.1111111111111111,53.0,22.165932734599867,-0.0774583844157686,-0.1615077589787571,-0.0258412414366011,0.2990891981792714,0.7021648254995778,0.037037037037037,53.0,18.267524428852266,-0.1757675619026485,-0.0744258341397723,-0.0037212917069886,0.5859523478835978,0.6188764705882353,-0.1111111111111111,53.0,18.786564145523947,-0.4898846360447952,-0.4605642199479895,-0.0115141054986997,0.5230704034391532,0.7189560934421616,-0.1111111111111111,53.0,17.754742012045227,0.0857656116626643,0.0981554012480282,0.0058893240748816
2026-08-09,Wilyer_Abreu,677800,hitter,BOS,ATH,2026,824724,120,111,133,1,669372.0,JT_Ginn,0.0,0.0,0.0,0.0,1.0,4.0,2.0,1.0,0.0,3.0,0.1052631578947368,0.1725,0.1725,0.0,0.0,20.7,7.038461538461544,10.661943319838057,5.123376623376623,1.08,6.0,88.0,0,2.0,-0.8660254037844384,-0.5000000000000004,-0.7818314824680299,0.6234898018587334,1.5,4.5,1.5,0.5,1.5,1.5,4.5,1.5,0.5,1.5,synthetic,synthetic,synthetic,synthetic,synthetic,0.0,0.0,0.0,0.0,0.0,-110.0,-110.0,-110.0,-110.0,-110.0,-110.0,-110.0,-110.0,-110.0,-110.0,0.0,0.0,0.0,0.0,0.0,2026-08-28T01:24:59.045926+00:00,0.21187198899158988,-1.301302466660263,-0.04923814333598031,0.07146453488598403,0.33100676242890925,1.8,4.4,1.8,0.8,1.8,2.0,3.0,1.0,0.0,3.0,batter_pitcher_profile_network_v2,1.0,1.0,0.3379534201668768,0.0,0.8086007060295576,0.2860144609294793,-0.2342736043421311,0.0,54.0,25.913348033250937,-0.0088530855103354,-0.0443608539016864,-0.0044360853901686,0.4951018804785593,-0.182934168797154,0.0,54.0,26.17858610973044,-0.1205453098187769,-0.2407802192582231,-0.0385248350813157,0.4907553527007815,-0.0171065140094699,0.0,54.0,26.39287252964386,-0.2277131129853013,-0.2332710690436019,-0.01166355345218,0.6458653108465607,-0.0874802504748581,0.0,54.0,25.96854078079386,-0.5280126688108714,-0.5654186045606427,-0.014135465114016,0.6518166997354494,-0.0971833168056436,0.0,54.0,25.89767627006182,-0.2041171962548464,-0.1950257070688759,-0.0117015424241325
2026-08-10,Wilyer_Abreu,677800,hitter,BOS,TOR,2026,822780,121,111,141,0,592791.0,Jameson_Taillon,0.0,0.0,0.0,0.0,0.0,4.0,3.0,1.0,0.0,3.0,0.1081081081081081,0.1725,0.1725,0.0,0.0,20.7,10.269230769230768,9.403846153846155,2.5079878105088187,1.08,17.0,82.0,0,1.0,-0.8660254037844384,-0.5000000000000004,0.0,1.0,1.5,3.5,1.5,0.5,1.5,1.5,3.5,1.5,0.5,1.5,synthetic,synthetic,synthetic,synthetic,synthetic,0.0,0.0,0.0,0.0,0.0,-110.0,-110.0,-110.0,-110.0,-110.0,-110.0,-110.0,-110.0,-110.0,-110.0,0.0,0.0,0.0,0.0,0.0,2026-08-28T01:24:59.045926+00:00,-0.3935658778713169,-1.29406319260503,-0.5595489883338932,-0.0603351950719892,-0.08997420914943532,1.4,3.4,1.4,0.6,1.8,0.0,0.0,0.0,0.0,1.0,batter_pitcher_profile_network_v2,1.0,0.95,0.4423779732575697,0.0,0.7810182633621503,0.2901603766360341,0.4730947955390333,0.0,54.0,21.62829474205008,0.0291893124628869,0.076546651483859,0.0076546651483859,0.4906084168755219,0.6266008364312267,0.0,54.0,19.05302523115961,-0.0909155175251072,0.0350484583807233,0.0056077533409157,0.4829848057644106,0.7385416666666667,0.0,54.0,18.37692771578786,-0.1746981338962011,0.0242080984889969,0.0012104049244498,0.6009535052910053,0.7984758364312267,0.0,54.0,16.140516846730012,-0.5049809774602636,-0.2374078028795682,-0.0059351950719892,0.6058840608465605,0.7833333333333334,0.0,54.0,17.31091171972526,-0.0252863736684566,0.2456877531664754,0.0147412651899885
2026-08-11,Wilyer_Abreu,677800,hitter,BOS,TOR,2026,822778,122,111,141,0,656302.0,Dylan_Cease,1.0,4.0,1.0,1.0,1.0,4.0,3.0,1.0,2.0,5.0,0.1025641025641025,0.6975,0.6975,1.0,30.0,65.0,0.5,11.785714285714286,2.765130667651676,1.08,3.0,76.0,0,1.0,-0.8660254037844384,-0.5000000000000004,0.7818314824680298,0.6234898018587336,0.5,1.5,0.5,0.5,1.5,0.5,1.5,0.5,0.5,1.5,synthetic,synthetic,synthetic,synthetic,synthetic,0.0,0.0,0.0,0.0,0.0,-110.0,-110.0,-110.0,-110.0,-110.0,-110.0,-110.0,-110.0,-110.0,-110.0,0.0,0.0,0.0,0.0,0.0,2026-08-28T01:24:59.045926+00:00,0.1686809039996331,1.0740166068051549,0.4391718787005946,-0.03020491482469606,-0.4043879339795162,1.0,1.8,1.0,0.2,1.4,0.0,0.0,0.0,0.0,0.0,batter_pitcher_profile_network_v2,1.0,1.0,0.4294621016197155,3.0,0.8536408925515849,0.2156366913179407,-0.8568840426493178,-0.0363636363636363,52.0,15.753883974180637,0.0160389455397203,-0.1314117252328367,-0.0131411725232836,0.42962812049062,-0.786172140146381,-0.1757575757575757,52.0,16.835665259521726,-0.0565681557374613,-0.4031774574677819,-0.0645083931948451,0.4119663149350643,-0.5149660966537152,-0.2727272727272727,52.0,20.340796727131124,-0.0578429630618649,-0.3738084782551669,-0.0186904239127583,0.5432266534391533,-0.7163804734797143,-0.2727272727272727,52.0,17.57564938678645,-0.4152411445620454,-0.8321965929878463,-0.0208049148246961,0.5373412367724862,-0.6274190536429626,-0.2363636363636364,52.0,18.407460254703057,-0.2185035855085558,-0.5251641996247418,-0.0315098519774845
2026-08-12,Wilyer_Abreu,677800,hitter,BOS,TOR,2026,822779,123,111,141,0,667755.0,José_Soriano,1.0,2.0,1.0,0.0,0.0,4.0,4.0,0.0,0.0,5.0,0.1111111111111111,0.3175,0.3175,0.25,21.25,49.35,1.5,7.928571428571428,2.3365592390802474,1.08,0.0,68.0,0,1.0,-0.8660254037844384,-0.5000000000000004,0.9749279121818236,-0.22252093395631434,0.5,1.5,0.5,0.5,1.5,0.5,1.5,0.5,0.5,1.5,synthetic,synthetic,synthetic,synthetic,synthetic,0.0,0.0,0.0,0.0,0.0,-110.0,-110.0,-110.0,-110.0,-110.0,-110.0,-110.0,-110.0,-110.0,-110.0,0.0,0.0,0.0,0.0,0.0,2026-08-28T01:24:59.045926+00:00,0.3347154375996979,0.47636505843051613,0.11949973142248804,-0.134621418875917,-0.3416843366386386,0.8,1.6,0.6,0.2,1.4,1.0,4.0,1.0,1.0,1.0,batter_pitcher_profile_network_v2,1.0,1.0,0.3962965241319587,0.0,0.8014536757938351,0.3316536395856049,-0.1024717413738949,0.0,54.0,26.7977050897748,0.0006881693705398,-0.0205169386827404,-0.002051693868274,0.5280452835332604,-0.124233366184002,0.0,54.0,26.70960005866629,-0.1256530074405455,-0.2280829681426083,-0.0364932749028173,0.5303661168665936,0.15048676673568,0.0,54.0,26.60712090646358,-0.1022480457220974,-0.0540646106304895,-0.0027032305315244,0.6073470238095238,-0.1205648879231325,0.0,54.0,26.12624819228576,-0.589650733517903,-0.6338567550366808,-0.015846418875917,0.6544303571428569,0.0630864044168394,0.0,54.0,26.433701281839237,-0.1094316217751882,-0.0571494209886273,-0.0034289652593176
2026-08-13,Wilyer_Abreu,677800,hitter,BOS,TOR,2026,822776,124,111,141,0,453286.0,Max_Scherzer,1.0,1.0,2.0,0.0,0.0,5.0,3.0,2.0,0.0,3.0,0.1162790697674418,0.454,0.454,0.0,0.0,54.48,2.75,9.25,3.6222735247945326,1.08,0.0,83.0,0,1.0,-0.8660254037844384,-0.5000000000000004,0.43388373911755823,-0.900968867902419,0.5,1.5,0.5,0.5,0.5,0.5,1.5,0.5,0.5,0.5,synthetic,synthetic,synthetic,synthetic,synthetic,0.0,0.0,0.0,0.0,0.0,-110.0,-110.0,-110.0,-110.0,-110.0,-110.0,-110.0,-110.0,-110.0,-110.0,0.0,0.0,0.0,0.0,0.0,2026-08-28T01:24:59.045926+00:00,0.40023909041406025,0.08936329785540109,0.2833111649936533,-0.34892581571850534,0.33522407767188755,0.8,1.8,0.6,0.2,1.0,1.0,2.0,1.0,0.0,0.0,batter_pitcher_profile_network_v2,1.0,0.05,0.9425,0.0,0.5117271875,0.3652557310744806,0.2466011904761904,0.0,54.0,25.08502290766413,-0.0220046335144352,0.005179168641395,0.0005179168641395,0.5519114926739923,0.4684226190476189,0.0,54.0,21.98514439266018,-0.1539245930747893,-0.2160215395665362,-0.0345634463306457,0.5438094093406589,0.0850535714285714,0.0,54.0,27.10806414508408,-0.097942326676354,-0.0952827830610031,-0.0047641391530501,0.6440810515873017,0.6775,0.0,54.0,18.46641114169313,-0.6061236112061108,-0.581032628740213,-0.0145258157185053,0.6603518849206347,0.2432380952380952,0.0,54.0,25.7578476970007,-0.1419540677551004,-0.0972297435725138,-0.0058337846143508
2026-08-14,Wilyer_Abreu,677800,hitter,BOS,PIT,2026,823346,125,111,134,0,696149.0,Bubba_Chandler,1.0,2.0,0.0,0.0,0.0,4.0,4.0,0.0,0.0,5.0,0.1025641025641025,0.3175,0.3175,0.25,21.25,49.35,4.0588235294117645,7.397058823529412,2.750420168067227,1.08,0.0,77.0,0,1.0,-0.8660254037844384,-0.5000000000000004,-0.433883739117558,-0.9009688679024191,0.5,1.5,0.5,0.5,0.5,0.5,1.5,0.5,0.5,0.5,synthetic,synthetic,synthetic,synthetic,synthetic,0.0,0.0,0.0,0.0,0.0,-110.0,-110.0,-110.0,-110.0,-110.0,-110.0,-110.0,-110.0,-110.0,-110.0,0.0,0.0,0.0,0.0,0.0,2026-08-28T01:24:59.045926+00:00,0.2720487949245095,-0.07604180707624053,0.3934834614448728,-0.23443563570180248,-0.1759974096584369,0.6,1.4,0.8,0.2,0.4,1.0,1.0,2.0,0.0,0.0,batter_pitcher_profile_network_v2,1.0,1.0,0.3670914489347931,0.0,0.8050312975054879,0.4865164148351647,-0.0417088765261512,0.0,53.0,26.60993340793765,-0.0203911668312533,-0.012843013909397,-0.0012843013909397,0.6387704670329669,-0.0893080110881204,0.0,53.0,26.64282094506081,-0.1241245384087909,-0.2222925442265043,-0.0355668070762406,0.6431683836996335,0.0954512352565706,0.0,53.0,26.590291607400665,-0.1717213497962153,-0.1328663237851578,-0.0066433161892578,0.6248449404761905,-0.0934863818746372,0.0,53.0,26.10735557437121,-0.589454396124877,-0.6264254280721039,-0.0156606357018025,0.6975741071428572,0.0047513288895294,0.0,53.0,26.32724501478945,-0.1891036790106285,-0.1397300446197148,-0.0083838026771828
2026-08-15,Wilyer_Abreu,677800,hitter,BOS,PIT,2026,823347,126,111,134,0,683003.0,Jared_Jones,3.0,8.0,1.0,1.0,1.0,4.0,4.0,0.0,0.0,5.0,0.1052631578947368,1.16,1.16,1.25,30.0,65.0,11.75,8.5,2.9647058823529413,1.08,0.0,79.0,0,1.0,-0.8660254037844384,-0.5000000000000004,-0.9749279121818236,-0.2225209339563146,0.5,1.5,0.5,0.5,0.5,0.5,1.5,0.5,0.5,0.5,synthetic,synthetic,synthetic,synthetic,synthetic,0.0,0.0,0.0,0.0,0.0,-110.0,-110.0,-110.0,-110.0,-110.0,-110.0,-110.0,-110.0,-110.0,-110.0,0.0,0.0,0.0,0.0,0.0,2026-08-28T01:24:59.045926+00:00,0.3753612562202614,1.8959883066580456,0.5906183684731194,0.037985805594839994,-0.04209155865434289,0.8,1.8,0.8,0.2,0.2,1.0,2.0,0.0,0.0,0.0,batter_pitcher_profile_network_v2,1.0,0.65,0.5528001449599297,0.0,0.6834832884575656,0.5042073870573869,-0.0309184835103844,0.0,53.0,27.13885745567811,-0.0246662120936111,-0.0069715451245275,-0.0006971545124527,0.6530353479853479,0.0879445402208572,0.0,53.0,26.593966982685565,-0.1571598154893104,-0.2100566360187957,-0.0336090617630073,0.6509615384615384,0.2368696941895505,0.0,53.0,26.248305757346497,-0.2089252061616285,-0.1399700918379237,-0.0069985045918961,0.6642234126984127,0.2400655241566003,0.0,53.0,25.02298051649506,-0.6758769868716115,-0.6045677762064032,-0.01511419440516,0.7127650793650793,0.2532460328776361,0.0,53.0,25.6122337871978,-0.2213251807496644,-0.0852721076033403,-0.0051163264562004
2026-08-16,Wilyer_Abreu,677800,hitter,BOS,PIT,2026,823344,127,111,134,0,669199.0,Lake_Bachar,0.0,0.0,0.0,0.0,0.0,4.0,3.0,1.0,1.0,3.0,0.1176470588235294,0.1725,0.1725,0.0,0.0,20.7,4.5,10.0,3.500420168067227,1.08,10.0,81.0,0,1.0,-0.8660254037844384,-0.5000000000000004,-0.7818314824680299,0.6234898018587334,1.5,3.5,0.5,0.5,0.5,1.5,3.5,0.5,0.5,0.5,synthetic,synthetic,synthetic,synthetic,synthetic,0.0,0.0,0.0,0.0,0.0,-110.0,-110.0,-110.0,-110.0,-110.0,-110.0,-110.0,-110.0,-110.0,-110.0,0.0,0.0,0.0,0.0,0.0,2026-08-28T01:24:59.045926+00:00,0.03065709511883874,-0.2157362411510464,0.37486705877926674,-0.10896639544934217,-0.012426049082272517,1.4,3.4,1.0,0.4,0.4,3.0,8.0,1.0,1.0,1.0,batter_pitcher_profile_network_v2,1.0,0.2,0.8190754209239065,0.0,0.5499326521873643,0.5279104282022886,-0.771375,0.0,53.0,19.699315681993408,-0.0296987509041107,-0.0736755474110491,-0.0073675547411049,0.6688373754152823,-0.8106249999999999,0.0,53.0,18.62553220072682,-0.1282789435094491,-0.2905114336646284,-0.0464818293863405,0.6584302325581396,-0.4564212962962962,0.0,53.0,23.28286733910465,-0.1459131344221331,-0.2002848748348349,-0.0100142437417417,0.6642234126984127,-0.8106249999999999,0.0,53.0,18.015191010688977,-0.4852394925128347,-0.5826558179736884,-0.0145663954493422,0.7077650793650793,-0.6082731481481481,0.0,53.0,20.85989526943589,-0.2639235434766213,-0.2758333110350751,-0.0165499986621045
2026-08-17,Wilyer_Abreu,677800,hitter,BOS,AZ,2026,824725,128,111,109,1,683352.0,,2.0,2.0,1.0,0.0,2.0,5.0,4.0,1.0,0.0,3.0,0.1136363636363636,0.4939999999999999,0.4939999999999999,0.0,0.0,59.28,4.1,8.2,2.5102040816326534,1.08,4.0,76.0,0,1.0,-0.8660254037844384,-0.5000000000000004,0.0,1.0,1.5,2.5,0.5,0.5,0.5,1.5,2.5,0.5,0.5,0.5,synthetic,synthetic,synthetic,synthetic,synthetic,0.0,0.0,0.0,0.0,0.0,-110.0,-110.0,-110.0,-110.0,-110.0,-110.0,-110.0,-110.0,-110.0,-110.0,0.0,0.0,0.0,0.0,0.0,2026-08-28T01:24:59.045926+00:00,-0.4971078522644934,-0.6704044465972983,0.2312276043930548,-0.34890996473831837,-0.259765928750376,1.2,2.6,0.8,0.2,0.2,0.0,0.0,0.0,0.0,0.0,batter_pitcher_profile_network_v2,1.0,0.05,0.9425,0.0,0.5117271875,0.5279104282022886,-0.0971190476190477,0.0,53.0,26.955820203734906,-0.0055044731813085,-0.0029480340858722,-0.0002948034085872,0.6688373754152823,0.1383035714285714,0.0,53.0,25.827568858681342,-0.1095682482803163,-0.1590334730512958,-0.0254453556882073,0.6584302325581396,-0.190859126984127,0.0,53.0,26.236184415999464,-0.1510624807943744,-0.1582883574079196,-0.0079144178703959,0.6642234126984127,0.4223809523809524,0.0,53.0,22.226539227324903,-0.596530520297572,-0.5803985895327384,-0.0145099647383184,0.7077650793650793,-0.1232301587301587,0.0,53.0,26.403652405465444,-0.2180354301726151,-0.168541607806206,-0.0101124964683723
2026-08-18,Wilyer_Abreu,677800,hitter,BOS,AZ,2026,824723,129,111,109,1,518876.0,Merrill_Kelly,0.0,0.0,1.0,0.0,0.0,5.0,4.0,1.0,0.0,3.0,0.1162790697674418,0.1379999999999999,0.1379999999999999,0.0,0.0,16.56,7.129411764705883,6.317647058823529,4.438775510204082,1.08,-5.0,76.0,0,1.0,-0.8660254037844384,-0.5000000000000004,0.7818314824680298,0.6234898018587336,1.5,2.5,0.5,0.5,0.5,1.5,2.5,0.5,0.5,0.5,synthetic,synthetic,synthetic,synthetic,synthetic,0.0,0.0,0.0,0.0,0.0,-110.0,-110.0,-110.0,-110.0,-110.0,-110.0,-110.0,-110.0,-110.0,-110.0,0.0,0.0,0.0,0.0,0.0,2026-08-28T01:24:59.045926+00:00,0.10922258386027872,-0.5196106969908956,0.28299393475874446,-0.34266731586569954,0.337673824957501,1.4,2.6,0.8,0.2,0.6,2.0,2.0,1.0,0.0,2.0,batter_pitcher_profile_network_v2,1.0,1.0,0.3214572526583132,0.0,0.8106214865493566,0.5513053927553926,0.3980480192330703,0.0,52.0,22.1085235251643,-0.0338301489454285,0.1489035050181923,0.0148903505018192,0.6859550061050059,0.4520897179074647,0.0,52.0,21.41322895029688,-0.1291893824027557,0.0166409926441133,0.0026625588230581,0.6618589743589742,0.4114770234109904,0.0,52.0,23.6313378652117,-0.1869235425957149,-0.0021293731687249,-0.0001064686584362,0.6824752645502646,0.5389037422977088,0.0,52.0,20.18415653449209,-0.5802528362788101,-0.3306926346279829,-0.0082673158656995,0.7260169312169312,0.4223527009177655,0.0,52.0,22.97669687845566,-0.2198453898326886,0.0431810566797577,0.0025908634007854
2026-08-19,Wilyer_Abreu,677800,hitter,BOS,AZ,2026,824722,130,111,109,1,694297.0,Brandon_Pfaadt,1.0,1.0,1.0,0.0,0.0,5.0,4.0,1.0,1.0,3.0,0.1219512195121951,0.316,0.316,0.0,0.0,37.92,0.0,5.207142857142856,5.724489795918367,1.08,4.0,85.0,0,1.0,-0.8660254037844384,-0.5000000000000004,0.9749279121818236,-0.22252093395631434,1.5,2.5,0.5,0.5,0.5,1.5,2.5,0.5,0.5,0.5,synthetic,synthetic,synthetic,synthetic,synthetic,0.0,0.0,0.0,0.0,0.0,-110.0,-110.0,-110.0,-110.0,-110.0,-110.0,-110.0,-110.0,-110.0,-110.0,0.0,0.0,0.0,0.0,0.0,2026-08-28T01:24:59.045926+00:00,-0.1681112810644716,-0.8605958267656446,0.3096865238214298,-0.3437485677699298,0.1186816719838012,1.2,2.4,0.6,0.2,0.6,0.0,0.0,1.0,0.0,0.0,batter_pitcher_profile_network_v2,1.0,0.7,0.4419518253475686,0.0,0.707102630976446,0.506814660577972,-0.1320721186524676,0.0,53.0,27.10205646804981,-0.010039111614615,-0.037353560603236,-0.0037353560603236,0.6487776308615051,-0.254933282582781,0.0,53.0,26.38876065993355,-0.0243700709426872,-0.1288534904560107,-0.0206165584729617,0.6245880475281719,-0.4906210878740933,0.0,53.0,22.412751824032927,-0.1239239631639546,-0.2949300511970882,-0.0147465025598544,0.6207845238095238,-0.348920493803903,0.0,53.0,24.786265922577257,-0.2530669969863189,-0.3739427107971954,-0.0093485677699298,0.6764616071428574,-0.4936938326485708,0.0,53.0,22.48520223560191,-0.2127853556008318,-0.345957532640979,-0.0207574519584587
2026-08-21,Wilyer_Abreu,677800,hitter,BOS,SF,2026,824721,131,111,137,1,657277.0,Logan_Webb,3.0,5.0,1.0,0.0,1.0,5.0,4.0,1.0,0.0,3.0,0.1282051282051282,0.818,0.818,0.5,30.0,65.0,0.875,8.25,2.7428571428571433,1.08,-5.0,69.0,0,2.0,-0.8660254037844384,-0.5000000000000004,-0.433883739117558,-0.9009688679024191,1.5,2.5,0.5,0.5,0.5,1.5,2.5,0.5,0.5,0.5,synthetic,synthetic,synthetic,synthetic,synthetic,0.0,0.0,0.0,0.0,0.0,-110.0,-110.0,-110.0,-110.0,-110.0,-110.0,-110.0,-110.0,-110.0,-110.0,0.0,0.0,0.0,0.0,0.0,2026-08-28T01:24:59.045926+00:00,-0.3632340459109633,-0.010180587606881453,0.5753026411195818,-0.14336193679387077,0.1337647403366159,1.2,2.2,0.8,0.2,0.6,1.0,1.0,1.0,0.0,0.0,batter_pitcher_profile_network_v2,1.0,1.0,0.3791874257236547,0.0,0.8035495403488523,0.5354406147764448,-0.059461119143422,0.0,53.0,27.267636532084087,-0.0089863744235125,-0.0197653675345402,-0.001976536753454,0.6678616003271537,-0.1609808029192483,0.0,53.0,27.009258301661085,-0.0343805429332394,-0.1183161725430117,-0.0189305876068818,0.6436720169938205,-0.241567207181598,0.0,53.0,25.93238996848849,-0.1440433720972665,-0.2405735512347406,-0.012028677561737,0.6207845238095238,-0.2195453903455745,0.0,53.0,25.974738916188645,-0.2738666897252877,-0.3584774717548339,-0.0089619367938708,0.6764616071428574,-0.2342026852431566,0.0,53.0,25.892740610351428,-0.1921346667758157,-0.2424557929245346,-0.014547347575472
2026-08-22,Wilyer_Abreu,677800,hitter,BOS,SF,2026,824718,132,111,137,1,694918.0,Blade_Tidwell,0.0,0.0,0.0,0.0,1.0,5.0,5.0,0.0,4.0,3.0,0.1282051282051282,0.0,0.0,0.0,0.0,10.0,5.883257918552036,5.668778280542987,2.5553571428571424,1.08,-4.0,72.0,0,1.0,-0.8660254037844384,-0.5000000000000004,-0.9749279121818236,-0.2225209339563146,1.5,1.5,0.5,0.5,0.5,1.5,1.5,0.5,0.5,0.5,synthetic,synthetic,synthetic,synthetic,synthetic,0.0,0.0,0.0,0.0,0.0,-110.0,-110.0,-110.0,-110.0,-110.0,-110.0,-110.0,-110.0,-110.0,-110.0,0.0,0.0,0.0,0.0,0.0,2026-08-28T01:24:59.045926+00:00,0.055994322241387895,0.24557844146478214,0.12563717146283082,-0.4743787946334149,0.053838382751906444,1.2,1.6,0.8,0.0,0.6,3.0,5.0,1.0,0.0,1.0,batter_pitcher_profile_network_v2,1.0,0.15,0.8320068577117565,0.0,0.5372118739895465,0.481222023809524,0.2091419593478416,0.0,53.0,25.7321772632335,0.0226310018184511,0.0169074542604631,0.0016907454260463,0.6204797619047621,0.0396771978021977,0.0,53.0,27.046570194575388,0.0677779687193163,0.1058027591548863,0.0169284414647818,0.5710089285714288,0.2632753028561851,0.0,53.0,26.09787173884379,-0.0736377815978128,-0.0483829443697564,-0.0024191472184878,0.6207845238095238,-0.0433089133089133,0.0,53.0,26.67538272504815,0.005364794815401,0.0008482146634013,2.1205366585034624e-05,0.617472023809524,0.171512736718619,0.0,53.0,26.38368093250046,-0.0170261576965446,0.0050215806636411,0.0003012948398184
2026-08-23,Wilyer_Abreu,677800,hitter,BOS,SF,2026,824720,133,111,137,1,683363.0,,0.0,0.0,0.0,0.0,0.0,4.0,4.0,0.0,1.0,3.0,0.1111111111111111,0.0,0.0,0.0,0.0,10.0,4.1,8.2,3.6160714285714284,1.08,1.0,70.0,0,1.0,-0.8660254037844384,-0.5000000000000004,-0.7818314824680299,0.6234898018587334,1.5,1.5,0.5,0.5,0.5,1.5,1.5,0.5,0.5,0.5,synthetic,synthetic,synthetic,synthetic,synthetic,0.0,0.0,0.0,0.0,0.0,-110.0,-110.0,-110.0,-110.0,-110.0,-110.0,-110.0,-110.0,-110.0,-110.0,0.0,0.0,0.0,0.0,0.0,2026-08-28T01:24:59.045926+00:00,-0.4850863197776696,-0.48860023368874517,0.014646156049723524,-0.47540556022501296,0.21118547900872942,1.2,1.6,0.8,0.0,0.8,0.0,0.0,0.0,0.0,1.0,batter_pitcher_profile_network_v2,1.0,0.05,0.9425,0.0,0.5117271875,0.34259302074631,-0.404,0.0,52.0,25.06996715934232,-0.0137763897956731,-0.0079584358719367,-0.0007958435871936,0.522702401837928,-0.5039999999999999,0.0,52.0,23.633221051761133,0.0160004144781818,0.0088527061120095,0.0014164329779215,0.4652037907268169,-0.8399999999999999,0.0,52.0,15.907393251501142,-0.0756789644848553,-0.0981483075769605,-0.004907415378848,0.6164882275132275,-0.5039999999999999,0.0,52.0,22.954845193844047,-0.0223565801671888,-0.0402224090005221,-0.001005560225013,0.5869257275132275,-0.8399999999999999,0.0,52.0,16.339195109059645,-0.2129744072927891,-0.1880793181084807,-0.0112847590865088
2026-08-24,Wilyer_Abreu,677800,hitter,BOS,MIA,2026,823828,134,111,146,0,645261.0,Sandy_Alcantara,1.0,2.0,1.0,0.0,0.0,5.0,4.0,1.0,2.0,3.0,0.1219512195121951,0.392,0.392,0.25,21.25,58.29,1.9285714285714286,4.785714285714286,4.3867346938775515,1.0766666666666669,0.0,72.0,0,1.0,-0.8660254037844384,-0.5000000000000004,0.0,1.0,0.5,2.5,0.5,0.5,0.5,0.5,1.5,0.5,0.5,0.5,real,real,real,real,real,1.0,1.0,1.0,1.0,1.0,-220.0,220.0,105.0,480.0,150.0,0.0,0.0,0.0,0.0,0.0,0.7071067811865476,1.2909944487358056,0.7071067811865476,0.0,0.7071067811865476,2026-08-24T13:15:18.979782+00:00,0.46772806481708484,-1.2440632167362091,0.15663299274844722,-0.36210887386948476,-0.05313519298170161,0.8,1.2,0.6,0.0,0.4,0.0,0.0,0.0,0.0,0.0,batter_pitcher_profile_network_v2,1.0,1.0,0.3448314446845872,0.0,0.807758148026138,0.2817168633389026,-0.0645042479926743,0.0,51.0,26.44405919917384,0.0135442400307354,-0.0119056800189649,-0.0011905680018964,0.465139901837928,-0.0912018390601254,0.0,51.0,26.26219137165993,0.0490124200620125,0.04572532222796,0.0073160515564736,0.4056725407268169,-0.3074135167150972,0.0,51.0,24.45980448373358,0.027459990445015,-0.0542455706159224,-0.0027122785307961,0.5584245701058201,-0.1331702970040506,0.0,51.0,25.56578055061088,-0.0419663077660674,-0.0906882881127311,-0.0022672072028182,0.5177162367724867,-0.2807020681169664,0.0,51.0,24.703288891851084,-0.1505301820497034,-0.2081093636986786,-0.0124865618219207
2026-08-25,Wilyer_Abreu,677800,hitter,BOS,MIA,2026,823826,135,111,146,0,663969.0,Tyler_Phillips,0.0,0.0,0.0,0.0,0.0,5.0,5.0,0.0,3.0,3.0,0.1111111111111111,0.0,0.0,0.0,0.0,10.0,4.5,10.875,5.886734693877551,1.0766666666666669,0.0,72.0,0,1.0,-0.8660254037844384,-0.5000000000000004,0.7818314824680298,0.6234898018587336,0.5,2.5,0.5,0.5,0.5,0.5,1.5,0.5,0.5,0.5,real,real,real,real,real,1.0,1.0,1.0,1.0,1.0,-260.0,180.0,-115.0,400.0,130.0,0.0,0.0,0.0,0.0,0.0,0.7071067811865476,1.2909944487358056,0.7071067811865476,0.0,0.7071067811865476,2026-08-25T13:13:35.689836+00:00,0.4909449732311473,-1.195679783310762,0.14844532151413992,-0.4751576835016604,-0.0949098363107167,1.0,1.6,0.6,0.0,0.4,1.0,2.0,1.0,0.0,0.0,batter_pitcher_profile_network_v2,1.0,0.75,0.5211372190134747,0.0,0.714620518003137,0.3622394816591642,0.3704297325481535,0.0,51.0,22.79641450112676,-0.0112579154774307,0.0642558547604513,0.0064255854760451,0.5381454128168678,0.3671548675009201,0.0,51.0,22.66557213399885,0.0033270107144378,0.0996055209744046,0.0159368833559047,0.4828197183724234,0.3300617521367521,0.0,51.0,24.37865157727744,-0.0091399906681849,0.067171736405246,0.0033585868202623,0.6197993386243386,0.3887009201324991,0.0,51.0,22.12191002270034,-0.1030066536380056,0.012359326600248,0.0003089831650062,0.6011014219576718,0.3648168690958165,0.0,51.0,23.40505238790192,-0.1158640562229538,0.0181127054789841,0.001086762328739
2026-08-26,Wilyer_Abreu,677800,hitter,BOS,MIA,2026,823825,136,111,146,0,687473.0,Ryan_Gusto,0.0,0.0,0.0,0.0,0.0,4.0,3.0,1.0,0.0,3.0,0.1111111111111111,0.1725,0.1725,0.0,0.0,20.7,2.785714285714286,8.357142857142856,5.5653061224489795,1.0766666666666667,0.0,72.0,0,1.0,-0.8660254037844384,-0.5000000000000004,0.9749279121818236,-0.22252093395631434,0.5,2.5,0.5,0.5,0.5,0.5,1.5,0.5,0.5,0.5,real,real,real,real,real,1.0,1.0,1.0,1.0,1.0,-280.0,175.0,-115.0,400.0,130.0,0.0,0.0,0.0,0.0,0.0,0.7071067811865476,1.2909944487358056,0.7071067811865476,0.0,0.7071067811865476,2026-08-26T13:18:59.017498+00:00,0.3240493877587248,-1.5300624244232117,-0.0430228629384648,-0.47654682096645573,-0.06383495955986046,0.8,1.4,0.4,0.0,0.4,0.0,0.0,0.0,0.0,0.0,batter_pitcher_profile_network_v2,1.0,0.6,0.5881331373395176,0.0,0.6667722144055455,0.28429586640211657,0.21301922642368704,0.0,51.0,25.211663564919238,-0.016173476109775736,0.02494285717908526,0.002494285717908526,0.48618300264550285,0.21871424443162032,0.0,51.0,24.939374007420096,0.003841226794475678,0.049557764021593405,0.007929242243454945,0.43085730820105844,0.1490473376012368,0.0,51.0,26.14406729198391,-0.004712702872118787,0.021736618781724178,0.001086830939086209,0.6197993386243386,0.21472915268850104,0.0,51.0,24.56723740750346,-0.09802111544765242,-0.04320617199156129,-0.0010801542997890324,0.6011014219576721,0.19528778102631328,0.0,51.0,25.411756360429926,-0.14261822500787089,-0.058615539149602366,-0.0035169323489761418
