Date,Player,Player_MLBAM_ID,Player_Type,Team,Opponent,Season,Game_ID,Game_Index,Team_ID,Opponent_ID,Is_Home,Opp_Starter_ID,Opp_Starter_Player,H,TB,R,HR,RBI,PA,AB,BB,SO,Batting_Order,Team_PA_share,wOBA,xwOBA,ISO,Barrel%,HardHit%,Opp_Pitcher_ERA_3,Opp_Pitcher_K9_3,Opp_Bullpen_ERA_7,Park_Factor,Wind_Out_MPH,Temp_F,Did_Not_Play,Rest_Days,Month_sin,Month_cos,DayOfWeek_sin,DayOfWeek_cos,Market_H,Market_TB,Market_R,Market_HR,Market_RBI,Synthetic_Market_H,Synthetic_Market_TB,Synthetic_Market_R,Synthetic_Market_HR,Synthetic_Market_RBI,Market_Source_H,Market_Source_TB,Market_Source_R,Market_Source_HR,Market_Source_RBI,Market_H_books,Market_TB_books,Market_R_books,Market_HR_books,Market_RBI_books,Market_H_over_price,Market_TB_over_price,Market_R_over_price,Market_HR_over_price,Market_RBI_over_price,Market_H_under_price,Market_TB_under_price,Market_R_under_price,Market_HR_under_price,Market_RBI_under_price,Market_H_line_std,Market_TB_line_std,Market_R_line_std,Market_HR_line_std,Market_RBI_line_std,Market_Fetched_At_UTC,H_market_gap,TB_market_gap,R_market_gap,HR_market_gap,RBI_market_gap,H_rolling_avg,TB_rolling_avg,R_rolling_avg,HR_rolling_avg,RBI_rolling_avg,H_lag1,TB_lag1,R_lag1,HR_lag1,RBI_lag1,Matchup_Network_Version,Matchup_Network_Batter_Support,Matchup_Network_Pitcher_Support,Pitcher_Profile_Uncertainty,Batter_Vs_Starter_Games,Matchup_Network_Confidence,Batter_Profile_H_Strength,Pitcher_Profile_H_Vulnerability,Batter_Vs_Starter_H_Lift,Archetype_Neighbor_H_Games,Archetype_Neighbor_H_Effective_Support,Archetype_Neighbor_H_Lift,Matchup_Network_H_Score,Matchup_Network_H_Adjustment,Batter_Profile_TB_Strength,Pitcher_Profile_TB_Vulnerability,Batter_Vs_Starter_TB_Lift,Archetype_Neighbor_TB_Games,Archetype_Neighbor_TB_Effective_Support,Archetype_Neighbor_TB_Lift,Matchup_Network_TB_Score,Matchup_Network_TB_Adjustment,Batter_Profile_R_Strength,Pitcher_Profile_R_Vulnerability,Batter_Vs_Starter_R_Lift,Archetype_Neighbor_R_Games,Archetype_Neighbor_R_Effective_Support,Archetype_Neighbor_R_Lift,Matchup_Network_R_Score,Matchup_Network_R_Adjustment,Batter_Profile_HR_Strength,Pitcher_Profile_HR_Vulnerability,Batter_Vs_Starter_HR_Lift,Archetype_Neighbor_HR_Games,Archetype_Neighbor_HR_Effective_Support,Archetype_Neighbor_HR_Lift,Matchup_Network_HR_Score,Matchup_Network_HR_Adjustment,Batter_Profile_RBI_Strength,Pitcher_Profile_RBI_Vulnerability,Batter_Vs_Starter_RBI_Lift,Archetype_Neighbor_RBI_Games,Archetype_Neighbor_RBI_Effective_Support,Archetype_Neighbor_RBI_Lift,Matchup_Network_RBI_Score,Matchup_Network_RBI_Adjustment
2026-03-03,James_Outman,681546,hitter,MIN,TB,2026,831641,0,142,139,1,811315.0,,1.0,1.0,0.0,0.0,0.0,3.0,3.0,0.0,2.0,9.0,0.081081081081081,0.2966666666666667,0.2966666666666667,0.0,0.0,35.6,4.1,8.2,2.7,1.08,0.0,81.0,0,2.0,1.0,6.123233995736766e-17,0.7818314824680298,0.6234898018587336,0.5,0.5,0.5,0.5,0.5,0.5,0.5,0.5,0.5,0.5,synthetic,synthetic,synthetic,synthetic,synthetic,0.0,0.0,0.0,0.0,0.0,-110.0,-110.0,-110.0,-110.0,-110.0,-110.0,-110.0,-110.0,-110.0,-110.0,0.0,0.0,0.0,0.0,0.0,2026-08-28T01:24:59.045926+00:00,0.49025585585585585,0.3786905405405405,-0.4729211711711712,-0.4744,-0.4736486486486487,1.0,1.0,0.0,0.0,0.0,1.0,1.0,0.0,0.0,0.0,,0.0,0.0,1.0,0.0,0.0,0.0,0.0,0.0,0.0,0.0,0.0,0.0,0.0,0.0,0.0,0.0,0.0,0.0,0.0,0.0,0.0,0.0,0.0,0.0,0.0,0.0,0.0,0.0,0.0,0.0,0.0,0.0,0.0,0.0,0.0,0.0,0.0,0.0,0.0,0.0,0.0,0.0,0.0,0.0,0.0
2026-03-07,James_Outman,681546,hitter,MIN,BAL,2026,831630,1,142,110,0,700249.0,,1.0,1.0,0.0,0.0,1.0,3.0,3.0,0.0,0.0,6.0,0.0909090909090909,0.2966666666666667,0.2966666666666667,0.0,0.0,35.6,4.1,8.2,3.0000000000000004,1.08,-10.0,82.0,0,4.0,1.0,6.123233995736766e-17,-0.9749279121818236,-0.2225209339563146,0.5,0.5,0.5,0.5,0.5,0.5,0.5,0.5,0.5,0.5,synthetic,synthetic,synthetic,synthetic,synthetic,0.0,0.0,0.0,0.0,0.0,-110.0,-110.0,-110.0,-110.0,-110.0,-110.0,-110.0,-110.0,-110.0,-110.0,0.0,0.0,0.0,0.0,0.0,2026-08-28T01:24:59.045926+00:00,0.521369696969697,0.3894227272727273,-0.4155378787878788,-0.4744,-0.44709090909090904,1.0,1.0,0.0,0.0,0.0,1.0,1.0,0.0,0.0,0.0,batter_pitcher_profile_network_v2,0.0333333333333333,0.0,1.0,0.0,0.0166666666666666,-0.5568749999999999,0.0,0.0,0.0,0.0,0.0,0.0,0.0,-0.6387499999999999,0.0,0.0,0.0,0.0,0.0,0.0,0.0,-0.6531249999999998,0.0,0.0,0.0,0.0,0.0,0.0,0.0,-0.7829166666666666,0.0,0.0,0.0,0.0,0.0,0.0,0.0,-0.5568749999999999,0.0,0.0,0.0,0.0,0.0,0.0,0.0
2026-03-08,James_Outman,681546,hitter,MIN,PHI,2026,831522,2,142,143,1,660604.0,,0.0,0.0,1.0,0.0,0.0,2.0,1.0,0.0,0.0,1.0,0.05,0.36,0.36,0.0,0.0,43.2,4.1,8.2,5.375,1.08,0.0,83.0,0,1.0,1.0,6.123233995736766e-17,-0.7818314824680299,0.6234898018587334,0.5,0.5,0.5,0.5,0.5,0.5,0.5,0.5,0.5,0.5,synthetic,synthetic,synthetic,synthetic,synthetic,0.0,0.0,0.0,0.0,0.0,-110.0,-110.0,-110.0,-110.0,-110.0,-110.0,-110.0,-110.0,-110.0,-110.0,0.0,0.0,0.0,0.0,0.0,2026-08-28T01:24:59.045926+00:00,0.5609,0.3732230808,-0.26349999999999996,-0.474405402125,0.14254999999999995,1.0,1.0,0.0,0.0,0.5,1.0,1.0,0.0,0.0,1.0,batter_pitcher_profile_network_v2,0.0666666666666666,0.05,0.9425,0.0,0.0450605208333333,-0.5131249999999997,0.104,0.0,0.0,0.0,0.0,0.0,0.0,-0.6095833333333331,-0.0719999999999999,0.0,0.0,0.0,0.0,-0.0001682449999999,-2.6919199999999988e-05,-0.5302083333333331,0.3560000000000001,0.0,0.0,0.0,0.0,0.0,0.0,-0.7829166666666666,-0.0719999999999999,0.0,0.0,0.0,0.0,-0.0002160849999999,-5.402124999999999e-06,-0.5006249999999999,0.156,0.0,0.0,0.0,0.0,0.0,0.0
2026-03-11,James_Outman,681546,hitter,MIN,DET,2026,831619,3,142,116,1,663432.0,,0.0,0.0,0.0,0.0,0.0,3.0,3.0,0.0,1.0,7.0,0.0833333333333333,0.0,0.0,0.0,0.0,10.0,4.1,8.2,7.461428571428573,1.08,0.0,84.0,0,3.0,1.0,6.123233995736766e-17,0.9749279121818236,-0.22252093395631434,0.5,0.5,0.5,0.5,0.5,0.5,0.5,0.5,0.5,0.5,synthetic,synthetic,synthetic,synthetic,synthetic,0.0,0.0,0.0,0.0,0.0,-110.0,-110.0,-110.0,-110.0,-110.0,-110.0,-110.0,-110.0,-110.0,-110.0,0.0,0.0,0.0,0.0,0.0,2026-08-28T01:24:59.045926+00:00,0.3313571428571429,-0.0990166666666667,-0.02184523809523803,-0.4744,-0.09526190476190466,0.6666666666666666,0.6666666666666666,0.3333333333333333,0.0,0.3333333333333333,0.0,0.0,1.0,0.0,0.0,batter_pitcher_profile_network_v2,0.1,0.0,1.0,0.0,0.05,-0.0801157407407408,0.0,0.0,0.0,0.0,0.0,0.0,0.0,-0.3009722222222223,0.0,0.0,0.0,0.0,0.0,0.0,0.0,-0.0677083333333334,0.0,0.0,0.0,0.0,0.0,0.0,0.0,-0.7547685185185184,0.0,0.0,0.0,0.0,0.0,0.0,0.0,-0.2988657407407408,0.0,0.0,0.0,0.0,0.0,0.0,0.0
2026-03-13,James_Outman,681546,hitter,MIN,TOR,2026,831623,4,142,141,0,664074.0,,0.0,0.0,0.0,0.0,0.0,4.0,1.0,3.0,1.0,5.0,0.0930232558139534,0.5175,0.5175,0.0,0.0,62.1,4.1,8.2,5.8500000000000005,1.08,11.0,73.0,0,2.0,1.0,6.123233995736766e-17,-0.433883739117558,-0.9009688679024191,0.5,0.5,0.5,0.5,0.5,0.5,0.5,0.5,0.5,0.5,synthetic,synthetic,synthetic,synthetic,synthetic,0.0,0.0,0.0,0.0,0.0,-110.0,-110.0,-110.0,-110.0,-110.0,-110.0,-110.0,-110.0,-110.0,-110.0,0.0,0.0,0.0,0.0,0.0,2026-08-28T01:24:59.045926+00:00,0.11635583526794124,0.040398535555262294,0.02070248388728535,-0.4746145420429626,-0.06638581637371405,0.5,0.5,0.25,0.0,0.25,0.0,0.0,0.0,0.0,0.0,batter_pitcher_profile_network_v2,0.1333333333333333,0.1,0.8722747564417435,0.0,0.0909813009002553,-0.5910606060606061,-0.1208888888888889,0.0,0.0,0.0,0.0,-0.0012168411190379,-0.0001216841119037,-0.7143181818181817,-0.3636805555555556,0.0,0.0,0.0,0.0,-0.0044241237098429,-0.0007078597935748,-0.5974431818181818,-0.7505416666666666,0.0,0.0,0.0,0.0,-0.0076363687659215,-0.000381818438296,-0.8329166666666666,-0.605,0.0,0.0,0.0,0.0,-0.0085816817185076,-0.0002145420429626,-0.7402083333333332,-0.7022777777777777,0.0,0.0,0.0,0.0,-0.0088527535153891,-0.0005311652109233
2026-03-14,James_Outman,681546,hitter,MIN,TB,2026,831613,5,142,139,1,663765.0,Jake_Woodford,0.0,0.0,0.0,0.0,0.0,3.0,3.0,0.0,2.0,8.0,0.081081081081081,0.0,0.0,0.0,0.0,10.0,23.142857142857142,7.714285714285715,7.3829670329670325,1.08,4.0,78.0,0,1.0,1.0,6.123233995736766e-17,-0.9749279121818236,-0.2225209339563146,0.5,0.5,0.5,0.5,0.5,0.5,0.5,0.5,0.5,0.5,synthetic,synthetic,synthetic,synthetic,synthetic,0.0,0.0,0.0,0.0,0.0,-110.0,-110.0,-110.0,-110.0,-110.0,-110.0,-110.0,-110.0,-110.0,-110.0,0.0,0.0,0.0,0.0,0.0,2026-08-28T01:24:59.045926+00:00,0.13986025146025138,-0.26680945945945955,-0.26395188961830574,-0.47448707870163687,-0.19250029700029714,0.4,0.4,0.2,0.0,0.2,0.0,0.0,0.0,0.0,0.0,batter_pitcher_profile_network_v2,0.1666666666666666,0.05,0.9425,0.0,0.0950605208333333,-0.2551736111111112,0.4803571428571428,0.0,0.0,0.0,0.0,0.0,0.0,-0.4381250000000001,0.0242857142857143,0.0,0.0,0.0,0.0,0.0,0.0,-0.2588541666666668,-0.1,0.0,0.0,0.0,0.0,-0.0002480685763888,-1.2403428819444453e-05,-0.7640277777777778,-0.4757142857142857,0.0,0.0,0.0,0.0,-0.0034831480654761,-8.707870163690475e-05,-0.4214236111111112,0.0,0.0,0.0,0.0,0.0,0.0,0.0
2026-03-16,James_Outman,681546,hitter,MIN,PIT,2026,831506,6,142,134,1,663562.0,,0.0,0.0,0.0,0.0,0.0,3.0,2.0,0.0,1.0,8.0,0.0789473684210526,0.24,0.24,0.0,0.0,28.8,4.1,8.2,5.25974025974026,1.08,0.0,83.0,0,2.0,1.0,6.123233995736766e-17,0.0,1.0,0.5,0.5,0.5,0.5,0.5,0.5,0.5,0.5,0.5,0.5,synthetic,synthetic,synthetic,synthetic,synthetic,0.0,0.0,0.0,0.0,0.0,-110.0,-110.0,-110.0,-110.0,-110.0,-110.0,-110.0,-110.0,-110.0,-110.0,0.0,0.0,0.0,0.0,0.0,2026-08-28T01:24:59.045926+00:00,-0.08539488019150537,-0.2851394736842105,-0.2407893028024607,-0.4744,-0.22917088174982908,0.2,0.2,0.2,0.0,0.2,0.0,0.0,0.0,0.0,0.0,batter_pitcher_profile_network_v2,0.2,0.05,0.9425,0.0,0.1117271875,-0.7702256944444443,-0.2677048872180451,0.0,0.0,0.0,0.0,-0.0023712216006324,-0.0002371221600632,-0.8265624999999999,0.0687546992481202,0.0,0.0,0.0,0.0,0.0,0.0,-0.7263020833333333,0.1143330200501253,0.0,0.0,0.0,0.0,0.0,0.0,-0.8145833333333333,0.5047744360902255,0.0,0.0,0.0,0.0,0.0,0.0,-0.7014756944444445,0.1632694235588972,0.0,0.0,0.0,0.0,0.0,0.0
2026-03-17,James_Outman,681546,hitter,MIN,PHI,2026,831554,7,142,143,0,666200.0,Jesús_Luzardo,1.0,1.0,0.0,0.0,0.0,3.0,3.0,0.0,2.0,7.0,0.0909090909090909,0.2966666666666667,0.2966666666666667,0.0,0.0,35.6,0.0,15.0,3.2785714285714285,1.08,-13.0,55.0,0,1.0,1.0,6.123233995736766e-17,0.7818314824680298,0.6234898018587336,0.5,0.5,0.5,0.5,0.5,0.5,0.5,0.5,0.5,0.5,synthetic,synthetic,synthetic,synthetic,synthetic,0.0,0.0,0.0,0.0,0.0,-110.0,-110.0,-110.0,-110.0,-110.0,-110.0,-110.0,-110.0,-110.0,-110.0,0.0,0.0,0.0,0.0,0.0,2026-08-28T01:24:59.045926+00:00,-0.5,-0.3721616381273673,-0.2840766308302226,-0.4746753278356481,-0.4336898099147445,0.0,0.0,0.2,0.0,0.0,0.0,0.0,0.0,0.0,0.0,batter_pitcher_profile_network_v2,0.2333333333333333,0.05,0.9425,0.0,0.1283938541666666,-0.7797073412698412,-0.815909090909091,0.0,0.0,0.0,0.0,-0.0085352849655408,-0.000853528496554,-0.8340178571428571,-0.8849431818181819,0.0,0.0,0.0,0.0,-0.0099022837505918,-0.0015843654000946,-0.7482886904761905,-0.930965909090909,0.0,0.0,0.0,0.0,-0.0093464694183041,-0.0004673234709152,-0.8208531746031745,-1.0,0.0,0.0,0.0,0.0,-0.0110131134259259,-0.0002753278356481,-0.721671626984127,-0.9079545454545456,0.0,0.0,0.0,0.0,-0.0087912042067813,-0.0005274722524068
2026-03-19,James_Outman,681546,hitter,MIN,BOS,2026,831606,8,142,111,0,678394.0,Brayan_Bello,0.0,0.0,0.0,0.0,0.0,3.0,3.0,0.0,1.0,7.0,0.0833333333333333,0.0,0.0,0.0,0.0,10.0,0.0,12.6,4.104395604395605,1.08,0.0,74.0,0,2.0,1.0,6.123233995736766e-17,0.43388373911755823,-0.900968867902419,0.5,0.5,0.5,0.5,0.5,0.5,0.5,0.5,0.5,0.5,synthetic,synthetic,synthetic,synthetic,synthetic,0.0,0.0,0.0,0.0,0.0,-110.0,-110.0,-110.0,-110.0,-110.0,-110.0,-110.0,-110.0,-110.0,-110.0,0.0,0.0,0.0,0.0,0.0,2026-08-28T01:24:59.045926+00:00,-0.24766792654835912,-0.2499044247636959,-0.5,-0.4747128425925925,-0.4902937279835859,0.2,0.2,0.0,0.0,0.0,1.0,1.0,0.0,0.0,0.0,batter_pitcher_profile_network_v2,0.2666666666666666,0.05,0.9425,0.0,0.1450605208333333,-0.790134548611111,-0.6138888888888889,0.0,0.0,0.0,0.0,-0.0074375072418338,-0.0007437507241833,-0.8351302083333332,-0.7586805555555557,0.0,0.0,0.0,0.0,-0.0097151547730999,-0.0015544247636959,-0.7462890624999998,-0.8552083333333333,0.0,0.0,0.0,0.0,-0.0097862335883246,-0.0004893116794162,-0.8161111111111111,-1.0,0.0,0.0,0.0,0.0,-0.0125137037037037,-0.0003128425925925,-0.6916970486111109,-0.8069444444444446,0.0,0.0,0.0,0.0,-0.0085584700561021,-0.0005135082033661
2026-03-21,James_Outman,681546,hitter,MIN,TB,2026,831599,9,142,139,0,691765.0,,0.0,0.0,0.0,0.0,0.0,3.0,3.0,0.0,0.0,5.0,0.0967741935483871,0.0,0.0,0.0,0.0,10.0,4.1,8.2,4.821428571428571,1.0611111111111111,-8.0,76.0,0,2.0,1.0,6.123233995736766e-17,-0.9749279121818236,-0.2225209339563146,0.5,0.5,0.5,0.5,0.5,0.5,0.5,0.5,0.5,0.5,synthetic,synthetic,synthetic,synthetic,synthetic,0.0,0.0,0.0,0.0,0.0,-110.0,-110.0,-110.0,-110.0,-110.0,-110.0,-110.0,-110.0,-110.0,-110.0,0.0,0.0,0.0,0.0,0.0,2026-08-28T01:24:59.045926+00:00,-0.11821812596006143,-0.38273924731182796,-0.4702430875576037,-0.48044444444444445,-0.4381221198156682,0.2,0.2,0.0,0.0,0.0,0.0,0.0,0.0,0.0,0.0,batter_pitcher_profile_network_v2,0.3,0.0,1.0,0.0,0.15,-0.8877777777777779,0.0,0.0,0.0,0.0,0.0,0.0,0.0,-0.9158333333333332,0.0,0.0,0.0,0.0,0.0,0.0,0.0,-0.8402777777777778,0.0,0.0,0.0,0.0,0.0,0.0,0.0,-0.8440277777777778,0.0,0.0,0.0,0.0,0.0,0.0,0.0,-0.7919444444444445,0.0,0.0,0.0,0.0,0.0,0.0,0.0
2026-03-22,James_Outman,681546,hitter,MIN,ATL,2026,831492,10,142,144,1,625643.0,Reynaldo_López,1.0,1.0,0.0,0.0,0.0,1.0,1.0,0.0,0.0,2.0,0.0277777777777777,0.89,0.89,0.0,0.0,65.0,3.2045454545454546,10.159090909090908,1.0285714285714287,1.08,0.0,79.0,0,1.0,1.0,6.123233995736766e-17,-0.7818314824680299,0.6234898018587334,0.5,0.5,0.5,0.5,0.5,0.5,0.5,0.5,0.5,0.5,synthetic,synthetic,synthetic,synthetic,synthetic,0.0,0.0,0.0,0.0,0.0,-110.0,-110.0,-110.0,-110.0,-110.0,-110.0,-110.0,-110.0,-110.0,-110.0,0.0,0.0,0.0,0.0,0.0,2026-08-28T01:24:59.045926+00:00,-0.44797380606817455,-0.05288462325962573,-0.22803380642579668,-0.4753088455630265,-0.44304031567276,0.2,0.2,0.0,0.0,0.0,0.0,0.0,0.0,0.0,0.0,batter_pitcher_profile_network_v2,0.3333333333333333,0.15,0.8336410980934741,0.0,0.203848511489199,-0.866361111111111,-0.3598463491295938,0.0,0.0,0.0,0.0,-0.0172878442315297,-0.0017287844231529,-0.9034166666666664,-0.5449359284332689,0.0,0.0,0.0,0.0,-0.0272997287059939,-0.004367956592959,-0.8020833333333333,-0.3203289007092197,0.0,0.0,0.0,0.0,-0.0142475570873614,-0.000712377854368,-0.8663611111111111,-0.7567045454545455,0.0,0.0,0.0,0.0,-0.0363538225210601,-0.0009088455630265,-0.808861111111111,-0.4219468085106382,0.0,0.0,0.0,0.0,-0.0189258961333007,-0.001135553767998
2026-03-23,James_Outman,681546,hitter,MIN,BOS,2026,832036,11,142,111,0,670912.0,,1.0,1.0,1.0,0.0,0.0,4.0,3.0,1.0,1.0,5.0,0.0909090909090909,0.395,0.395,0.0,0.0,47.400000000000006,4.1,8.2,1.457142857142857,1.08,0.0,77.0,0,1.0,1.0,6.123233995736766e-17,0.0,1.0,0.5,0.5,0.5,0.5,0.5,0.5,0.5,0.5,0.5,0.5,synthetic,synthetic,synthetic,synthetic,synthetic,0.0,0.0,0.0,0.0,0.0,-110.0,-110.0,-110.0,-110.0,-110.0,-110.0,-110.0,-110.0,-110.0,-110.0,0.0,0.0,0.0,0.0,0.0,2026-08-28T01:24:59.045926+00:00,0.0239251499062898,0.05251526051151989,-0.4299127511156534,-0.47630202182576775,-0.49690970526098993,0.4,0.4,0.0,0.0,0.0,1.0,1.0,0.0,0.0,0.0,batter_pitcher_profile_network_v2,0.3666666666666666,0.1,0.7300217464110783,0.0,0.2093905669397976,-0.6644659294558487,-0.6684615384615384,0.0,0.0,0.0,0.0,-0.0439692801578822,-0.0043969280157882,-0.7420387341153469,-0.7791634615384615,0.0,0.0,0.0,0.0,-0.0572341672575467,-0.0091574667612074,-0.5909686583577711,-0.4496826923076922,0.0,0.0,0.0,0.0,-0.0263069703650178,-0.0013153485182508,-0.8290782828282829,-0.9269999999999998,0.0,0.0,0.0,0.0,-0.0760808730307151,-0.0019020218257678,-0.6326294191919192,-0.5790897435897435,0.0,0.0,0.0,0.0,-0.0362656504537283,-0.0021759390272237
2026-03-24,James_Outman,681546,hitter,MIN,BOS,2026,832037,12,142,111,1,624133.0,Ranger_Suarez,2.0,8.0,2.0,2.0,4.0,2.0,2.0,0.0,0.0,2.0,0.0465116279069767,2.1,2.1,3.0,30.0,65.0,3.0,6.0,1.8428571428571427,1.08,0.0,82.0,0,1.0,1.0,6.123233995736766e-17,0.7818314824680298,0.6234898018587336,0.5,0.5,0.5,0.5,0.5,0.5,0.5,0.5,0.5,0.5,synthetic,synthetic,synthetic,synthetic,synthetic,0.0,0.0,0.0,0.0,0.0,-110.0,-110.0,-110.0,-110.0,-110.0,-110.0,-110.0,-110.0,-110.0,-110.0,0.0,0.0,0.0,0.0,0.0,2026-08-28T01:24:59.045926+00:00,0.24742545333966215,4.503271251297321,0.7700709073992451,0.3503237468402778,-0.01671762697730872,0.6,0.6,0.2,0.0,0.0,1.0,1.0,1.0,0.0,0.0,batter_pitcher_profile_network_v2,0.4,0.05,0.9425,0.0,0.2117271875,-0.570611359126984,-0.3004090909090909,0.0,0.0,0.0,0.0,-0.0039425873121279,-0.0003942587312127,-0.6690997023809523,-0.4749431818181818,0.0,0.0,0.0,0.0,-0.0073090398568553,-0.0011694463770968,-0.5038132440476188,-0.7362992424242423,0.0,0.0,0.0,0.0,-0.0085320181280579,-0.0004266009064028,-0.8143055555555555,-0.5899999999999999,0.0,0.0,0.0,0.0,-0.0110501263888888,-0.0002762531597222,-0.5670399305555553,-0.7132878787878786,0.0,0.0,0.0,0.0,-0.0093026423128419,-0.0005581585387705
2026-03-26,James_Outman,681546,hitter,MIN,BAL,2026,824865,13,142,110,0,669432.0,Trevor_Rogers,0.0,0.0,0.0,0.0,0.0,0.0,0.0,0.0,0.0,7.0,0.0,0.0,0.0,0.0,0.0,10.0,10.339285714285714,11.330357142857144,2.27922077922078,1.08,10.0,77.0,0,2.0,1.0,6.123233995736766e-17,0.43388373911755823,-0.900968867902419,0.5,1.5,0.5,0.5,0.5,0.5,1.5,0.5,0.5,0.5,synthetic,synthetic,synthetic,synthetic,synthetic,0.0,0.0,0.0,0.0,0.0,-110.0,-110.0,-110.0,-110.0,-110.0,-110.0,-110.0,-110.0,-110.0,-110.0,0.0,0.0,0.0,0.0,0.0,2026-08-28T01:24:59.045926+00:00,0.18316708592196596,0.7578123959363285,-0.074968313696883,0.0056463941803366335,0.5060126048281983,0.8,2.0,0.6,0.4,0.8,2.0,8.0,2.0,2.0,4.0,batter_pitcher_profile_network_v2,0.4333333333333333,0.15,0.8895484328654293,0.0,0.2528212142127644,0.0483723146223141,0.5015172413793102,0.0,0.0,0.0,0.0,0.0011611189599189,0.0001161118959918,0.2646413721413719,0.5735646551724136,0.0,0.0,0.0,0.0,0.0072649746020496,0.0011623959363279,0.2356029106029104,0.568699712643678,0.0,0.0,0.0,0.0,0.0064129468415612,0.000320647342078,0.0670833333333333,0.5779827586206896,0.0,0.0,0.0,0.0,0.0018557672134612,4.63941803365319e-05,0.5012179487179487,0.730574712643678,0.0,0.0,0.0,0.0,0.0175260977859853,0.0010515658671591
2026-03-28,James_Outman,681546,hitter,MIN,BAL,2026,824862,14,142,110,0,680694.0,Kyle_Bradish,0.0,0.0,0.0,0.0,0.0,1.0,1.0,0.0,0.0,7.0,0.0285714285714285,0.0,0.0,0.0,0.0,10.0,0.0,4.33125,0.9935064935064936,1.08,-9.0,46.0,0,2.0,1.0,6.123233995736766e-17,-0.9749279121818236,-0.2225209339563146,0.5,1.5,0.5,0.5,0.5,0.5,1.5,0.5,0.5,0.5,synthetic,synthetic,synthetic,synthetic,synthetic,0.0,0.0,0.0,0.0,0.0,-110.0,-110.0,-110.0,-110.0,-110.0,-110.0,-110.0,-110.0,-110.0,-110.0,0.0,0.0,0.0,0.0,0.0,2026-08-28T01:24:59.045926+00:00,0.0987869811882981,-0.33515978358250953,-0.3845903676383678,-0.19445793972521774,-0.16914266223117436,0.8,2.0,0.6,0.4,0.8,0.0,0.0,0.0,0.0,0.0,batter_pitcher_profile_network_v2,0.4666666666666667,0.1,0.5489776590544825,0.0,0.2616083570099159,-0.0146391704204208,-0.4028024193548388,0.0,0.0,0.0,0.0,-0.0012411188529495,-0.0001241118852949,0.1784383043758041,-0.500866935483871,0.0,0.0,0.0,0.0,-0.0188111473906843,-0.0030097835825094,0.1738326496138993,-0.5552083333333332,0.0,0.0,0.0,0.0,-0.0203138462738482,-0.0010156923136924,-0.021984126984127,-0.500866935483871,0.0,0.0,0.0,0.0,-0.0023175890087084,-5.7939725217710925e-05,0.3930828373015872,-0.6885416666666666,0.0,0.0,0.0,0.0,-0.0569664484416523,-0.0034179869064991
2026-03-29,James_Outman,681546,hitter,MIN,BAL,2026,824864,15,142,110,0,669358.0,Shane_Baz,0.0,0.0,0.0,0.0,0.0,2.0,1.0,1.0,0.0,7.0,0.0465116279069767,0.345,0.345,0.0,0.0,41.4,4.5,12.0,1.2902097902097902,1.08,13.0,56.0,0,1.0,1.0,6.123233995736766e-17,-0.7818314824680299,0.6234898018587334,0.5,1.5,0.5,0.5,0.5,0.5,1.5,0.5,0.5,0.5,synthetic,synthetic,synthetic,synthetic,synthetic,0.0,0.0,0.0,0.0,0.0,-110.0,-110.0,-110.0,-110.0,-110.0,-110.0,-110.0,-110.0,-110.0,-110.0,0.0,0.0,0.0,0.0,0.0,2026-08-28T01:24:59.045926+00:00,-0.19994947367933863,-0.1576174288997001,-0.15643143264152531,-0.19448488151899918,-0.02661908047036249,0.8,2.0,0.6,0.4,0.8,0.0,0.0,0.0,0.0,0.0,batter_pitcher_profile_network_v2,0.5,0.1,0.9120495128834868,0.0,0.2738273934671772,-0.1150147417153998,-0.652375,0.0,0.0,0.0,0.0,-0.0032995831098603,-0.000329958310986,0.0589130116959062,-0.7433437500000001,0.0,0.0,0.0,0.0,-0.0019257910882424,-0.0003081265741187,0.0432949561403507,-0.4892395833333333,0.0,0.0,0.0,0.0,-0.0009314662961093,-4.657331480546533e-05,-0.0991759259259259,-0.7785000000000001,0.0,0.0,0.0,0.0,-0.0033952607599658,-8.488151899914613e-05,0.2242615740740739,-0.5530416666666667,0.0,0.0,0.0,0.0,-0.0054540733242771,-0.0003272443994566
2026-03-30,James_Outman,681546,hitter,MIN,KC,2026,824135,16,142,118,0,663460.0,Kris_Bubic,0.0,0.0,0.0,0.0,0.0,0.0,0.0,0.0,0.0,1.0,0.0,0.0,0.0,0.0,0.0,10.0,0.0,10.0,1.9042207792207793,1.06,0.0,85.0,0,1.0,1.0,6.123233995736766e-17,0.0,1.0,0.5,1.5,0.5,0.5,0.5,0.5,1.5,0.5,0.5,0.5,synthetic,synthetic,synthetic,synthetic,synthetic,0.0,0.0,0.0,0.0,0.0,-110.0,-110.0,-110.0,-110.0,-110.0,-110.0,-110.0,-110.0,-110.0,-110.0,0.0,0.0,0.0,0.0,0.0,2026-08-28T01:24:59.045926+00:00,-0.15424561038307222,-0.49822006511120986,-0.31437799899993485,-0.201296851176188,-0.15501990312774028,0.6,1.8,0.6,0.4,0.8,0.0,0.0,0.0,0.0,0.0,batter_pitcher_profile_network_v2,0.5333333333333333,0.2,0.7095216826771846,0.0,0.3192833854410756,-0.0580967881944447,-0.608607843137255,0.0,0.0,0.0,0.0,-0.0054777488523695,-0.0005477748852369,0.0706119791666665,-0.7256299019607844,0.0,0.0,0.0,0.0,-0.0079379069450617,-0.0012700651112098,0.0827148437499998,-0.5291544117647059,0.0,0.0,0.0,0.0,-0.0067807592194766,-0.0003390379609738,-0.1449131944444444,-0.88525,0.0,0.0,0.0,0.0,-0.0198740470475227,-0.000496851176188,0.2006532118055554,-0.6599754901960785,0.0,0.0,0.0,0.0,-0.0205157014796556,-0.0012309420887793
2026-04-01,James_Outman,681546,hitter,MIN,KC,2026,824136,17,142,118,0,702070.0,Noah_Cameron,0.0,0.0,0.0,0.0,0.0,2.0,2.0,0.0,1.0,2.0,0.0425531914893617,0.0,0.0,0.0,0.0,10.0,6.269230769230769,7.269230769230769,1.4756493506493507,1.06,-6.0,55.0,0,2.0,0.8660254037844387,-0.4999999999999998,0.9749279121818236,-0.22252093395631434,0.5,1.5,0.5,0.5,0.5,0.5,1.5,0.5,0.5,0.5,synthetic,synthetic,synthetic,synthetic,synthetic,0.0,0.0,0.0,0.0,0.0,-110.0,-110.0,-110.0,-110.0,-110.0,-110.0,-110.0,-110.0,-110.0,-110.0,0.0,0.0,0.0,0.0,0.0,2026-08-28T01:24:59.045926+00:00,-0.24774903961286943,-0.574481914893617,-0.41985051119093675,-0.20080000000000003,-0.1247092842521762,0.4,1.6,0.4,0.4,0.8,0.0,0.0,0.0,0.0,0.0,batter_pitcher_profile_network_v2,0.5666666666666667,0.15,0.7986489819550467,0.0,0.3211581582899093,-0.1650755718954251,0.7980192307692309,0.0,1.0,0.0,0.0,0.0,0.0,-0.0424877450980394,0.8492692307692309,0.0,1.0,0.0,0.0,0.0,0.0,-0.0151041666666669,0.7793376068376069,0.0,1.0,0.0,0.0,0.0,0.0,-0.2057924836601306,0.8909358974358974,0.0,1.0,0.0,0.0,0.0,0.0,0.0786008986928103,0.8654487179487181,0.0,1.0,0.0,0.0,0.0077615837311142,0.0004656950238668
2026-04-02,James_Outman,681546,hitter,MIN,KC,2026,824133,18,142,118,0,666142.0,Cole_Ragans,0.0,0.0,0.0,0.0,0.0,0.0,0.0,0.0,0.0,1.0,0.0,0.0,0.0,0.0,0.0,10.0,6.323863636363636,12.340909090909092,2.527597402597403,1.06,0.0,72.0,0,1.0,0.8660254037844387,-0.4999999999999998,0.43388373911755823,-0.900968867902419,0.5,0.5,0.5,0.5,0.5,0.5,0.5,0.5,0.5,0.5,synthetic,synthetic,synthetic,synthetic,synthetic,0.0,0.0,0.0,0.0,0.0,-110.0,-110.0,-110.0,-110.0,-110.0,-110.0,-110.0,-110.0,-110.0,-110.0,0.0,0.0,0.0,0.0,0.0,2026-08-28T01:24:59.045926+00:00,-0.5,-0.5,-0.5,-0.4808,-0.5,0.0,0.0,0.0,0.0,0.0,0.0,0.0,0.0,0.0,0.0,batter_pitcher_profile_network_v2,0.6,0.25,0.7159214888573474,0.0,0.3655749044037437,-0.3003463955026456,0.4866279069767441,0.0,1.0,0.0,0.0,0.0,0.0,-0.1698065476190477,0.591642441860465,0.0,1.0,0.0,0.0,0.0,0.0,-0.1515252976190477,0.8771560077519379,0.0,1.0,0.0,0.0,0.0,0.0,-0.2599074074074073,0.6,0.0,1.0,0.0,0.0,0.0,0.0,-0.0435011574074075,0.9343992248062016,0.0,1.0,0.0,0.0,0.0,0.0
2026-04-03,James_Outman,681546,hitter,MIN,TB,2026,823732,19,142,139,1,671212.0,,0.0,0.0,1.0,0.0,0.0,1.0,1.0,0.0,0.0,2.0,0.024390243902439,0.0,0.0,0.0,0.0,10.0,4.1,8.2,8.035714285714286,1.08,-9.0,38.0,0,1.0,0.8660254037844387,-0.4999999999999998,-0.433883739117558,-0.9009688679024191,0.5,0.5,0.5,0.5,0.5,0.5,0.5,0.5,0.5,0.5,synthetic,synthetic,synthetic,synthetic,synthetic,0.0,0.0,0.0,0.0,0.0,-110.0,-110.0,-110.0,-110.0,-110.0,-110.0,-110.0,-110.0,-110.0,-110.0,0.0,0.0,0.0,0.0,0.0,2026-08-28T01:24:59.045926+00:00,-0.4013256058558636,-0.5,-0.3710646999806292,-0.4747765260652404,-0.36279158961747315,0.0,0.0,0.0,0.0,0.0,0.0,0.0,0.0,0.0,0.0,batter_pitcher_profile_network_v2,0.6333333333333333,0.1,0.8922792206135786,0.0,0.3407362462141503,-0.3854289369256476,-0.3832777777777778,0.0,2.0,0.0,0.0,-0.0100783582102042,-0.0010078358210204,-0.2597572055137846,-0.5614861111111111,0.0,2.0,0.0,0.0,-0.0099503522353278,-0.0015920563576524,-0.2208920739348373,-0.4407731481481481,0.0,2.0,0.0,0.0,-0.0066424316683353,-0.0003321215834167,-0.3083260233918128,-0.7160000000000001,0.0,2.0,0.0,0.0,-0.0150610426096191,-0.0003765260652404,-0.135513523391813,-0.4691296296296295,0.0,2.0,0.0,0.0,-0.004337178874264,-0.0002602307324558
2026-04-04,James_Outman,681546,hitter,MIN,TB,2026,823730,20,142,139,1,571927.0,Steven_Matz,0.0,0.0,0.0,0.0,0.0,3.0,3.0,0.0,2.0,9.0,0.088235294117647,0.0,0.0,0.0,0.0,10.0,2.4,5.8500000000000005,10.928571428571429,1.08,14.0,39.0,0,1.0,0.8660254037844387,-0.4999999999999998,-0.9749279121818236,-0.2225209339563146,0.5,0.5,0.5,0.5,0.5,0.5,0.5,0.5,0.5,0.5,synthetic,synthetic,synthetic,synthetic,synthetic,0.0,0.0,0.0,0.0,0.0,-110.0,-110.0,-110.0,-110.0,-110.0,-110.0,-110.0,-110.0,-110.0,-110.0,0.0,0.0,0.0,0.0,0.0,2026-08-28T01:24:59.045926+00:00,-0.0692454732409542,-0.5,0.051425661456110605,-0.4747384362408665,-0.1436950960988822,0.0,0.0,0.2,0.0,0.0,0.0,0.0,1.0,0.0,0.0,batter_pitcher_profile_network_v2,0.6666666666666666,0.15,0.7572101932977778,0.0,0.3719195960314866,-0.4370862806847548,-0.0934148351648352,0.0,2.0,0.0,0.0,-0.0066087940341918,-0.0006608794034191,-0.3241015019379847,-0.1720453296703296,0.0,2.0,0.0,0.0,-0.0090253306525995,-0.0014440529044159,-0.2767108769379847,-0.4150096153846154,0.0,2.0,0.0,0.0,-0.0185876112139214,-0.000929380560696,-0.3519027777777777,-0.2376703296703296,0.0,2.0,0.0,0.0,-0.0135374496346616,-0.0003384362408665,-0.2243246527777777,-0.4077820512820512,0.0,2.0,0.0,0.0,-0.0148062234967779,-0.0008883734098066
2026-04-06,James_Outman,681546,hitter,MIN,DET,2026,823728,21,142,116,1,663554.0,Casey_Mize,0.0,0.0,0.0,0.0,0.0,4.0,4.0,0.0,4.0,8.0,0.0952380952380952,0.0,0.0,0.0,0.0,10.0,4.25,11.25,5.319466248037677,1.08,0.0,37.0,0,2.0,0.8660254037844387,-0.4999999999999998,0.0,1.0,0.5,0.5,0.5,0.5,0.5,0.5,0.5,0.5,0.5,0.5,synthetic,synthetic,synthetic,synthetic,synthetic,0.0,0.0,0.0,0.0,0.0,-110.0,-110.0,-110.0,-110.0,-110.0,-110.0,-110.0,-110.0,-110.0,-110.0,0.0,0.0,0.0,0.0,0.0,2026-08-28T01:24:59.045926+00:00,-0.5,-0.49935,-0.34927668759811625,-0.4744,-0.4150266875981162,0.0,0.0,0.2,0.0,0.0,0.0,0.0,0.0,0.0,0.0,batter_pitcher_profile_network_v2,0.7,0.2,0.853083666390299,0.0,0.3990994501734377,-0.6011604986197381,0.2473125671321159,0.0,2.0,0.0,0.0,0.0,0.0,-0.4605421842650106,0.2913250537056927,0.0,2.0,0.0,0.0,0.0,0.0,-0.4209142080745344,0.6911951754385963,0.0,2.0,0.0,0.0,0.0,0.0,-0.391329365079365,0.3490553168635875,0.0,2.0,0.0,0.0,0.0,0.0,-0.3139632936507938,0.631578947368421,0.0,2.0,0.0,0.0,0.0,0.0
2026-04-08,James_Outman,681546,hitter,MIN,DET,2026,823726,22,142,116,1,664285.0,Framber_Valdez,0.0,0.0,0.0,0.0,0.0,0.0,0.0,0.0,0.0,2.0,0.0,0.0,0.0,0.0,0.0,10.0,0.9736842105263156,6.894736842105263,6.020764949336377,1.08,15.0,51.0,0,2.0,0.8660254037844387,-0.4999999999999998,0.9749279121818236,-0.22252093395631434,0.5,0.5,0.5,0.5,0.5,0.5,0.5,0.5,0.5,0.5,synthetic,synthetic,synthetic,synthetic,synthetic,0.0,0.0,0.0,0.0,0.0,-110.0,-110.0,-110.0,-110.0,-110.0,-110.0,-110.0,-110.0,-110.0,-110.0,0.0,0.0,0.0,0.0,0.0,2026-08-28T01:24:59.045926+00:00,-0.39668667212507847,-0.5,-0.3804059914412851,-0.47661725800381977,-0.49688558852767983,0.0,0.0,0.2,0.0,0.0,0.0,0.0,0.0,0.0,0.0,batter_pitcher_profile_network_v2,0.7333333333333333,0.25,0.595519047589834,0.0,0.435928895834228,-0.8165893308080808,-0.2413998091886962,0.0,3.0,0.0,0.0,-0.0584709465993716,-0.0058470946599371,-0.6287594696969696,-0.4552710916023621,0.0,3.0,0.0,0.0,-0.0849090759793433,-0.0135854521566949,-0.5924005681818181,-0.7050225046840403,0.0,3.0,0.0,0.0,-0.1238847781620804,-0.006194238908104,-0.4271717171717172,-0.6999616255829447,0.0,3.0,0.0,0.0,-0.0886903201527945,-0.0022172580038198,-0.3931802398989898,-0.7036572134219043,0.0,3.0,0.0,0.0,-0.0820639332416451,-0.0049238359944987
2026-04-09,James_Outman,681546,hitter,MIN,DET,2026,823724,23,142,116,1,656427.0,Jack_Flaherty,0.0,0.0,0.0,0.0,0.0,2.0,2.0,0.0,1.0,9.0,0.0555555555555555,0.0,0.0,0.0,0.0,10.0,6.956043956043956,7.041758241758242,4.833951762523191,1.08,6.0,45.0,0,1.0,0.8660254037844387,-0.4999999999999998,0.43388373911755823,-0.900968867902419,0.5,0.5,0.5,0.5,0.5,0.5,0.5,0.5,0.5,0.5,synthetic,synthetic,synthetic,synthetic,synthetic,0.0,0.0,0.0,0.0,0.0,-110.0,-110.0,-110.0,-110.0,-110.0,-110.0,-110.0,-110.0,-110.0,-110.0,0.0,0.0,0.0,0.0,0.0,2026-08-28T01:24:59.045926+00:00,-0.3919965082536512,-0.5,-0.4335524118738405,-0.4744,-0.4859690785405072,0.0,0.0,0.2,0.0,0.0,0.0,0.0,0.0,0.0,0.0,batter_pitcher_profile_network_v2,0.7666666666666667,0.2,0.802702004857246,0.0,0.4336671342143308,-0.8740957125603864,0.2919625080801551,0.0,4.0,0.0,0.0,0.0,0.0,-0.6895561594202898,0.3295605742296918,0.0,4.0,0.0,0.0,0.0,0.0,-0.6353487318840579,0.2859220085470086,0.0,4.0,0.0,0.0,0.0,0.0,-0.459897342995169,0.3681022408963584,0.0,4.0,0.0,0.0,0.0,0.0,-0.4530087560386472,0.3193247863247864,0.0,4.0,0.0,0.0,0.0,0.0
2026-04-11,James_Outman,681546,hitter,MIN,TOR,2026,822830,24,142,141,0,641778.0,Eric_Lauer,0.0,0.0,0.0,0.0,0.0,0.0,0.0,0.0,0.0,7.0,0.0,0.0,0.0,0.0,0.0,10.0,7.7250000000000005,7.7625,4.651669758812616,1.08,0.0,68.0,0,2.0,0.8660254037844387,-0.4999999999999998,-0.9749279121818236,-0.2225209339563146,0.5,0.5,0.5,0.5,0.5,0.5,0.5,0.5,0.5,0.5,synthetic,synthetic,synthetic,synthetic,synthetic,0.0,0.0,0.0,0.0,0.0,-110.0,-110.0,-110.0,-110.0,-110.0,-110.0,-110.0,-110.0,-110.0,-110.0,0.0,0.0,0.0,0.0,0.0,2026-08-28T01:24:59.045926+00:00,-0.40965820964749533,-0.5,-0.4934499793871401,-0.4749539301711409,-0.5,0.0,0.0,0.2,0.0,0.0,0.0,0.0,0.0,0.0,0.0,batter_pitcher_profile_network_v2,0.8,0.2,0.8618750000000001,0.0,0.4488840625,-0.9268098958333332,0.1488668529746116,0.0,5.0,0.6071313048321973,-0.014046015673805,0.0,0.0,-0.7452864583333334,0.1639646646456991,0.0,5.0,0.5550361825279577,-0.0159640903989162,-0.0239461355983743,-0.0038313816957398,-0.7021484375000001,0.4718862889983579,0.0,5.0,0.4689112600873856,-0.0156693465554191,-0.0156693465554191,-0.0007834673277709,-0.4898958333333333,0.211486216369837,0.0,5.0,0.4984763878454872,-0.0221572068456389,-0.0221572068456389,-0.0005539301711409,-0.5243098958333333,0.441232553366174,0.0,5.0,0.4571885069932314,-0.0152919907361311,-0.0114689930520983,-0.0006881395831259
2026-04-12,James_Outman,681546,hitter,MIN,TOR,2026,822828,25,142,141,0,453286.0,Max_Scherzer,0.0,0.0,0.0,0.0,0.0,4.0,4.0,0.0,2.0,9.0,0.1052631578947368,0.0,0.0,0.0,0.0,10.0,3.5,6.8,4.651669758812616,1.08,0.0,68.0,0,1.0,0.8660254037844387,-0.4999999999999998,-0.7818314824680299,0.6234898018587334,0.5,0.5,0.5,0.5,0.5,0.5,0.5,0.5,0.5,0.5,synthetic,synthetic,synthetic,synthetic,synthetic,0.0,0.0,0.0,0.0,0.0,-110.0,-110.0,-110.0,-110.0,-110.0,-110.0,-110.0,-110.0,-110.0,-110.0,0.0,0.0,0.0,0.0,0.0,2026-08-28T01:24:59.045926+00:00,-0.21349859892478984,-0.4988044919919309,-0.5,-0.4752509475728551,-0.439749177020823,0.0,0.0,0.0,0.0,0.0,0.0,0.0,0.0,0.0,0.0,batter_pitcher_profile_network_v2,0.8333333333333334,0.25,0.7938878629985082,0.0,0.4798538508623374,-0.9512444444444444,-0.4102087912087912,0.0,6.0,0.6158492873835713,-0.0136683465805069,-0.067022313825576,-0.0067022313825576,-0.7759333333333333,-0.2948241758241758,0.0,6.0,0.6244007503083511,-0.0171460753706091,-0.0650116275811469,-0.0104018604129835,-0.7333333333333334,-0.3404761904761904,0.0,6.0,0.51630524639407,-0.0165002446402564,-0.0593857461618631,-0.0029692873080931,-0.5174944444444444,-0.0948241758241757,0.0,6.0,0.6052770019708251,-0.0256094650677359,-0.0340379029142043,-0.0008509475728551,-0.5662444444444444,-0.4129761904761904,0.0,6.0,0.4943740116075959,-0.0158270918142296,-0.0520356440944058,-0.0031221386456643
2026-04-13,James_Outman,681546,hitter,MIN,BOS,2026,823725,26,142,111,1,676979.0,,0.0,0.0,0.0,0.0,0.0,0.0,0.0,0.0,0.0,1.0,0.0,0.0,0.0,0.0,0.0,10.0,4.1,8.2,4.014624031430754,1.08,14.0,63.0,0,1.0,0.8660254037844387,-0.4999999999999998,0.0,1.0,0.5,0.5,0.5,0.5,0.5,0.5,0.5,0.5,0.5,0.5,synthetic,synthetic,synthetic,synthetic,synthetic,0.0,0.0,0.0,0.0,0.0,-110.0,-110.0,-110.0,-110.0,-110.0,-110.0,-110.0,-110.0,-110.0,-110.0,0.0,0.0,0.0,0.0,0.0,2026-08-28T01:24:59.045926+00:00,-0.4803483720761031,-0.5,-0.5,-0.4754250219576925,-0.5,0.0,0.0,0.0,0.0,0.0,0.0,0.0,0.0,0.0,0.0,batter_pitcher_profile_network_v2,0.8666666666666667,0.3,0.7812097461518777,0.0,0.5096238751622518,-0.9573931623931624,0.0200642376289561,0.0,7.0,0.8499951060110686,-0.0178089434545152,0.0,0.0,-0.7901602564102563,-0.0607387655184472,0.0,7.0,0.8096491096117162,-0.021068729847934,-0.0407035099894198,-0.0065125615983071,-0.7625,0.0039790270249267,0.0,7.0,0.7103303039819198,-0.0214946391270712,-0.0214946391270712,-0.0010747319563535,-0.5429700854700854,-0.1033501996269743,0.0,7.0,0.7551357557340607,-0.0303602496218481,-0.0410008783077033,-0.0010250219576925,-0.601431623931624,0.0413385231489577,0.0,7.0,0.6896892751681178,-0.0209039874879345,-0.0156779906159509,-0.000940679436957
2026-04-15,James_Outman,681546,hitter,MIN,BOS,2026,823722,27,142,111,1,813349.0,Connelly_Early,0.0,0.0,0.0,0.0,0.0,1.0,0.0,1.0,0.0,3.0,0.0263157894736842,0.69,0.69,0.0,0.0,65.0,2.754807692307692,9.836538461538462,2.08690557562738,1.08,-3.0,59.0,0,2.0,0.8660254037844387,-0.4999999999999998,0.9749279121818236,-0.22252093395631434,0.5,0.5,0.5,0.5,0.5,0.5,0.5,0.5,0.5,0.5,synthetic,synthetic,synthetic,synthetic,synthetic,0.0,0.0,0.0,0.0,0.0,-110.0,-110.0,-110.0,-110.0,-110.0,-110.0,-110.0,-110.0,-110.0,-110.0,0.0,0.0,0.0,0.0,0.0,2026-08-28T01:24:59.045926+00:00,-0.5,-0.2941970580389912,-0.30307905880231945,-0.47844877435786326,-0.4585571196444149,0.0,0.0,0.0,0.0,0.0,0.0,0.0,0.0,0.0,0.0,batter_pitcher_profile_network_v2,0.9,0.3,0.6617309821304129,0.0,0.5306813864067074,-0.9630864197530864,-0.5271589491589492,0.0,8.0,0.8540301426181316,-0.0172253542043708,-0.1545651481651835,-0.0154565148165183,-0.8033333333333332,-0.649416650916651,0.0,8.0,0.7746687188239071,-0.0194650131760147,-0.1880243759015903,-0.0300839001442544,-0.7458333333333333,-0.5033886395136393,0.0,8.0,0.7704123562044294,-0.0223436723691004,-0.13664464641061,-0.0068322323205305,-0.5665586419753087,-0.7875078671328672,0.0,8.0,0.6701147559596012,-0.0261182217773433,-0.1619509743145345,-0.0040487743578633,-0.6078086419753087,-0.6226172431172431,0.0,8.0,0.7149294094867902,-0.0208250208595519,-0.1308294474472764,-0.0078497668468365
2026-04-17,James_Outman,681546,hitter,MIN,CIN,2026,823720,28,142,113,1,682227.0,,0.0,0.0,0.0,0.0,0.0,0.0,0.0,0.0,0.0,4.0,0.0,0.0,0.0,0.0,0.0,10.0,4.1,8.2,2.5714285714285716,1.08,14.0,43.0,0,2.0,0.8660254037844387,-0.4999999999999998,-0.433883739117558,-0.9009688679024191,0.5,0.5,0.5,0.5,0.5,0.5,0.5,0.5,0.5,0.5,synthetic,synthetic,synthetic,synthetic,synthetic,0.0,0.0,0.0,0.0,0.0,-110.0,-110.0,-110.0,-110.0,-110.0,-110.0,-110.0,-110.0,-110.0,-110.0,0.0,0.0,0.0,0.0,0.0,2026-08-28T01:24:59.045926+00:00,-0.5,-0.5,-0.5,-0.47531869402983246,-0.5,0.0,0.0,0.0,0.0,0.0,0.0,0.0,0.0,0.0,0.0,batter_pitcher_profile_network_v2,0.9333333333333332,0.3,0.7228860405862294,0.0,0.5451006046751228,-0.9465476190476192,-0.0887344980427398,0.0,9.0,1.1979283165285697,-0.0226915976469642,-0.0217235173197072,-0.0021723517319707,-0.7991964285714286,0.0287340829817373,0.0,9.0,1.1240821721780074,-0.0265108212205436,-0.0397662318308155,-0.0063625970929304,-0.75,-0.0157160240202274,0.0,9.0,1.0548237261257192,-0.0288569778676294,-0.0319055686173704,-0.0015952784308685,-0.5666369047619048,0.2050891714773126,0.0,9.0,1.0034826366901637,-0.0367477611933038,-0.0367477611933038,-0.0009186940298325,-0.6036904761904762,-0.0583026759376315,0.0,9.0,1.0206805448687233,-0.0279961377416789,-0.0301003852317029,-0.0018060231139021
2026-04-18,James_Outman,681546,hitter,MIN,CIN,2026,823721,29,142,113,1,671096.0,Andrew_Abbott,0.0,0.0,0.0,0.0,0.0,0.0,0.0,0.0,0.0,6.0,0.0,0.0,0.0,0.0,0.0,10.0,10.242647058823529,4.772058823529412,1.607142857142857,1.08,19.0,39.0,0,1.0,0.8660254037844387,-0.4999999999999998,-0.9749279121818236,-0.2225209339563146,0.5,0.5,0.5,0.5,0.5,0.5,0.5,0.5,0.5,0.5,synthetic,synthetic,synthetic,synthetic,synthetic,0.0,0.0,0.0,0.0,0.0,-110.0,-110.0,-110.0,-110.0,-110.0,-110.0,-110.0,-110.0,-110.0,-110.0,0.0,0.0,0.0,0.0,0.0,2026-08-28T01:24:59.045926+00:00,-0.5,-0.5,-0.5,-0.4753149600481001,-0.5,0.0,0.0,0.0,0.0,0.0,0.0,0.0,0.0,0.0,0.0,batter_pitcher_profile_network_v2,0.9666666666666668,0.45,0.7235608872320058,0.0,0.600947039424669,-0.9522222222222224,0.7214032066104923,0.0,10.0,0.8607060302762857,-0.0161543718912966,0.0,0.0,-0.8111494252873562,0.6308940725994522,0.0,10.0,0.9300970519693154,-0.0214971347393893,-0.032245702109084,-0.0051593123374534,-0.7375,0.7341144127773384,0.0,10.0,0.8739413230278492,-0.0234084550600761,-0.0234084550600761,-0.0011704227530038,-0.5877825670498085,0.4930834000848322,0.0,10.0,1.0378312386604045,-0.0365984019240049,-0.0365984019240049,-0.0009149600481001,-0.6111015325670497,0.7828071515687614,0.0,10.0,0.807349052526403,-0.021737224765822,-0.0163029185743665,-0.0009781751144619
2026-04-19,James_Outman,681546,hitter,MIN,CIN,2026,823718,30,142,113,1,663903.0,Brady_Singer,2.0,3.0,1.0,0.0,0.0,4.0,4.0,0.0,0.0,9.0,0.0909090909090909,0.54,0.54,0.25,21.25,65.0,7.325,6.875,0.321428571428571,1.08,12.0,42.0,0,1.0,0.8660254037844387,-0.4999999999999998,-0.7818314824680299,0.6234898018587334,0.5,0.5,0.5,0.5,0.5,0.5,0.5,0.5,0.5,0.5,synthetic,synthetic,synthetic,synthetic,synthetic,0.0,0.0,0.0,0.0,0.0,-110.0,-110.0,-110.0,-110.0,-110.0,-110.0,-110.0,-110.0,-110.0,-110.0,0.0,0.0,0.0,0.0,0.0,2026-08-28T01:24:59.045926+00:00,-0.5,0.03173448012452662,-0.4473296723474388,-0.3599905048879812,-0.5,0.0,0.0,0.0,0.0,0.0,0.0,0.0,0.0,0.0,0.0,batter_pitcher_profile_network_v2,1.0,0.45,0.673647083426963,0.0,0.6203652045260887,-0.9575185185185184,0.6676120896054727,0.0,11.0,1.2014329201755505,-0.0212351454373207,0.0,0.0,-0.8223055555555555,0.4156526019423721,0.0,11.0,1.3880255233927885,-0.0299510297841696,-0.0449265446762545,-0.0071882471482007,-0.7333333333333334,0.4036666693474018,0.0,11.0,1.359954197846851,-0.0339311092864382,-0.0339311092864382,-0.0016965554643219,-0.6075185185185185,0.138045117865939,0.0,11.0,1.4739934398037626,-0.0486201955192491,-0.0486201955192491,-0.0012155048879812,-0.6225185185185185,0.4576595037423062,0.0,11.0,1.2871005728263645,-0.0322894766938753,-0.0242171075204065,-0.0014530264512243
2026-04-21,James_Outman,681546,hitter,MIN,NYM,2026,823640,31,142,121,0,690997.0,Nolan_McLean,0.0,0.0,1.0,0.0,0.0,0.0,0.0,0.0,0.0,3.0,0.0,0.0,0.0,0.0,0.0,10.0,1.9384398496240605,9.468045112781956,5.953416149068324,1.08,11.0,46.0,0,2.0,0.8660254037844387,-0.4999999999999998,0.7818314824680298,0.6234898018587336,0.5,0.5,0.5,0.5,0.5,0.5,0.5,0.5,0.5,0.5,synthetic,synthetic,synthetic,synthetic,synthetic,0.0,0.0,0.0,0.0,0.0,-110.0,-110.0,-110.0,-110.0,-110.0,-110.0,-110.0,-110.0,-110.0,-110.0,0.0,0.0,0.0,0.0,0.0,2026-08-28T01:24:59.045926+00:00,-0.01579461268631205,0.15547340237728224,-0.254810680474435,-0.4784398317551849,-0.5,0.4,0.6,0.2,0.0,0.0,2.0,3.0,1.0,0.0,0.0,batter_pitcher_profile_network_v2,1.0,0.2,0.6796142507578262,0.0,0.5533494508564333,-0.8813279054916987,-0.7884243487239225,0.0,12.0,1.0676383651833117,-0.0148485963285636,-0.2226233634328064,-0.0222623363432806,-0.7532432950191571,-0.7605428043571899,0.0,12.0,1.149794359572787,-0.0158754291825711,-0.2073537351419857,-0.0331765976227177,-0.6981321839080461,-0.5612007617358,0.0,12.0,1.2868772379929527,-0.0191050846805703,-0.1446297585570258,-0.0072314879278512,-0.5343900462962963,-0.6981832537953921,0.0,12.0,1.25421243998228,-0.0420566483016157,-0.1615932702073988,-0.0040398317551849,-0.5957962962962963,-0.6652082523725042,0.0,12.0,1.1756399833306768,-0.0297427673296591,-0.1492851151287386,-0.0089571069077243
2026-04-22,James_Outman,681546,hitter,MIN,NYM,2026,823641,32,142,121,0,605280.0,Clay_Holmes,0.0,0.0,0.0,0.0,0.0,0.0,0.0,0.0,0.0,9.0,0.0,0.0,0.0,0.0,0.0,10.0,1.7625,5.801785714285714,7.055456965394854,1.08,-3.0,53.0,0,1.0,0.8660254037844387,-0.4999999999999998,0.9749279121818236,-0.22252093395631434,0.5,0.5,0.5,0.5,0.5,0.5,0.5,0.5,0.5,0.5,synthetic,synthetic,synthetic,synthetic,synthetic,0.0,0.0,0.0,0.0,0.0,-110.0,-110.0,-110.0,-110.0,-110.0,-110.0,-110.0,-110.0,-110.0,-110.0,0.0,0.0,0.0,0.0,0.0,2026-08-28T01:24:59.045926+00:00,-0.025426372145014864,-0.25048412667201436,-0.13018861200754522,-0.4773066918700359,-0.4476610896130675,0.4,0.6,0.4,0.0,0.0,0.0,0.0,1.0,0.0,0.0,batter_pitcher_profile_network_v2,1.0,0.25,0.6270202213406542,0.0,0.5682975057214424,-0.9561111111111112,-0.3352503109500681,0.0,13.0,1.6723482587706244,-0.0106847669179811,-0.1195536504652349,-0.0119553650465234,-0.8038888888888889,-0.3367464838228868,0.0,13.0,1.7067971034147964,-0.0124134303319752,-0.1195882917000904,-0.0191341266720144,-0.75,-0.3724779617351526,0.0,13.0,1.5891467249127171,-0.010034144753163,-0.1142292055457591,-0.0057114602772879,-0.5438715277777777,-0.2948600159329786,0.0,13.0,1.7460575905279008,-0.0564544117962171,-0.1162676748014383,-0.0029066918700359,-0.6102777777777777,-0.4470326253437153,0.0,13.0,1.49412563008578,-0.0295264407845649,-0.1238989647135039,-0.0074339378828102
2026-04-26,James_Outman,681546,hitter,MIN,TB,2026,822991,33,142,139,0,643377.0,Griffin_Jax,1.0,2.0,1.0,0.0,0.0,4.0,4.0,0.0,0.0,9.0,0.1111111111111111,0.3175,0.3175,0.25,21.25,49.35,9.0,12.75,3.7747680890538033,1.08,0.0,72.0,0,4.0,0.8660254037844387,-0.4999999999999998,-0.7818314824680299,0.6234898018587334,0.5,0.5,0.5,0.5,0.5,0.5,0.5,0.5,0.5,0.5,synthetic,synthetic,synthetic,synthetic,synthetic,0.0,0.0,0.0,0.0,0.0,-110.0,-110.0,-110.0,-110.0,-110.0,-110.0,-110.0,-110.0,-110.0,-110.0,0.0,0.0,0.0,0.0,0.0,2026-08-28T01:24:59.045926+00:00,-0.24010927643784785,0.33089686773565097,-0.11409106960176107,-0.3603711361398157,-0.37994968935745005,0.4,0.6,0.4,0.0,0.0,0.0,0.0,0.0,0.0,0.0,batter_pitcher_profile_network_v2,1.0,0.0,1.0,0.0,0.5,-0.9684074074074076,0.0,0.0,14.0,1.99333315822871,-0.0045374897079827,0.0,0.0,-0.8131111111111111,0.0,0.0,14.0,2.013490039440236,-0.0081727733236769,-0.0122591599855154,-0.0019614655976824,-0.7791666666666667,0.0,0.0,14.0,1.9323722317848897,-0.0040894810890264,-0.0040894810890264,-0.0002044740544513,-0.5561678240740741,0.0,0.0,14.0,2.0129988502934912,-0.0638454455926297,-0.0638454455926297,-0.0015961361398157,-0.640074074074074,0.0,0.0,14.0,1.8524946614956035,-0.035661343929043,-0.0267460079467822,-0.0016047604768069
2026-04-27,James_Outman,681546,hitter,MIN,SEA,2026,823719,34,142,136,1,622491.0,Luis_Castillo,0.0,0.0,1.0,0.0,0.0,0.0,0.0,0.0,0.0,3.0,0.0,0.0,0.0,0.0,0.0,10.0,8.0625,7.987500000000001,2.6142857142857143,1.08,13.0,51.0,0,1.0,0.8660254037844387,-0.4999999999999998,0.0,1.0,0.5,0.5,0.5,0.5,0.5,0.5,0.5,0.5,0.5,0.5,synthetic,synthetic,synthetic,synthetic,synthetic,0.0,0.0,0.0,0.0,0.0,-110.0,-110.0,-110.0,-110.0,-110.0,-110.0,-110.0,-110.0,-110.0,-110.0,0.0,0.0,0.0,0.0,0.0,2026-08-28T01:24:59.045926+00:00,-0.033736904761904773,0.29600572905734635,-0.15897765144697917,-0.4759122605562561,-0.5,0.6,1.0,0.6,0.0,0.0,1.0,2.0,1.0,0.0,0.0,batter_pitcher_profile_network_v2,1.0,0.45,0.6916653504169461,0.0,0.6193719475582659,-0.9100833333333332,0.5924650153306222,0.0,14.0,1.6735828180233856,0.0107931885834573,0.0,0.0,-0.7556527777777776,0.4701316885066885,0.0,14.0,1.7782692208356912,-0.0026844622610568,-0.0040266933915852,-0.0006442709426536,-0.7833333333333332,0.5505262037523599,0.0,14.0,1.7028581804501148,-0.0088387432252982,-0.0088387432252982,-0.0004419371612649,-0.4793541666666667,0.3168983070037982,0.0,14.0,1.8905520584331583,-0.0604904222502446,-0.0604904222502446,-0.0015122605562561,-0.6246666666666666,0.6079936893014928,0.0,14.0,1.5973283682335473,-0.0313263179349313,-0.0234947384511985,-0.0014096843070719
2026-04-29,James_Outman,681546,hitter,MIN,SEA,2026,823717,35,142,136,1,669923.0,George_Kirby,0.0,0.0,1.0,0.0,0.0,1.0,1.0,0.0,1.0,4.0,0.025,0.0,0.0,0.0,0.0,10.0,2.312020460358056,5.994884910485933,3.3642857142857148,1.08,0.0,51.0,0,2.0,0.8660254037844387,-0.4999999999999998,0.9749279121818236,-0.22252093395631434,0.5,0.5,0.5,0.5,0.5,0.5,0.5,0.5,0.5,0.5,synthetic,synthetic,synthetic,synthetic,synthetic,0.0,0.0,0.0,0.0,0.0,-110.0,-110.0,-110.0,-110.0,-110.0,-110.0,-110.0,-110.0,-110.0,-110.0,0.0,0.0,0.0,0.0,0.0,2026-08-28T01:24:59.045926+00:00,-0.008367692714331465,0.034190337107308344,0.02339615373642756,-0.4769278940561856,-0.5,0.6,1.0,0.8,0.0,0.0,0.0,0.0,1.0,0.0,0.0,batter_pitcher_profile_network_v2,1.0,0.45,0.5508940478388257,0.0,0.6271319656128848,-0.95437962962963,-0.0236001156632551,0.0,15.0,2.200863953008525,-0.0138419142483706,-0.0101154242813014,-0.0010115424281301,-0.7867916666666669,-0.0793720356284867,0.0,15.0,2.229240165672824,-0.0219677069415834,-0.0609978930793227,-0.0097596628926916,-0.8041666666666669,-0.2620963527761379,0.0,15.0,2.001779917721584,-0.0067049595996686,-0.1013626395571654,-0.0050681319778582,-0.4986504629629629,-0.13976378203997,0.0,15.0,2.23633150284416,-0.0698160977901234,-0.1011157622474275,-0.0025278940561856,-0.6464629629629629,-0.2446591518192001,0.0,15.0,1.9430505190309173,-0.0371616529946363,-0.098903220476412,-0.0059341932285847
2026-04-30,James_Outman,681546,hitter,MIN,TOR,2026,823714,36,142,141,1,592332.0,Kevin_Gausman,0.0,0.0,0.0,0.0,0.0,0.0,0.0,0.0,0.0,2.0,0.0,0.0,0.0,0.0,0.0,10.0,3.7000000000000006,6.3500000000000005,2.4581632653061227,1.08,0.0,50.0,0,1.0,0.8660254037844387,-0.4999999999999998,0.43388373911755823,-0.900968867902419,0.5,0.5,0.5,0.5,0.5,0.5,0.5,0.5,0.5,0.5,synthetic,synthetic,synthetic,synthetic,synthetic,0.0,0.0,0.0,0.0,0.0,-110.0,-110.0,-110.0,-110.0,-110.0,-110.0,-110.0,-110.0,-110.0,-110.0,0.0,0.0,0.0,0.0,0.0,2026-08-28T01:24:59.045926+00:00,-0.3859586455969366,-0.3779335246569619,-0.033773136310563334,-0.4777400526891595,-0.5,0.2,0.4,0.8,0.0,0.0,0.0,0.0,1.0,0.0,0.0,batter_pitcher_profile_network_v2,1.0,0.45,0.6734387144389622,0.0,0.6203766908665522,-0.9293796296296296,-0.3685402990906508,0.0,16.0,2.2396635386807127,-0.0258018187951017,-0.1118517620918153,-0.0111851762091815,-0.7701249999999998,-0.3626392441034384,0.0,16.0,2.3209014963740056,-0.0332971960312206,-0.1411470291060119,-0.0225835246569619,-0.7666666666666666,-0.4789061996779387,0.0,16.0,2.095278815946225,0.0112747137255919,-0.1086259915173917,-0.0054312995758695,-0.4986504629629629,-0.3705196788860471,0.0,16.0,2.368677834822289,-0.0732667066843232,-0.1336021075663806,-0.0033400526891595,-0.6339629629629628,-0.4676199677938807,0.0,16.0,2.067186386883216,-0.0391869196872847,-0.1262005043148034,-0.0075720302588882
2026-05-01,James_Outman,681546,hitter,MIN,TOR,2026,823713,37,142,141,1,571578.0,Patrick_Corbin,1.0,1.0,0.0,0.0,0.0,4.0,4.0,0.0,1.0,9.0,0.1025641025641025,0.2225,0.2225,0.0,0.0,26.7,2.415126050420168,7.547899159663866,2.3969387755102045,1.08,7.0,53.0,0,1.0,0.49999999999999994,-0.8660254037844387,-0.433883739117558,-0.9009688679024191,0.5,1.0,0.5,0.5,0.5,0.5,0.5,0.5,0.5,0.5,synthetic,real,real,real,synthetic,0.0,8.0,7.0,8.0,0.0,-110.0,193.0,189.0,972.5,-110.0,-110.0,-193.2,-269.4,0.0,-110.0,0.0,0.5345224838248488,0.0,0.0,0.0,2026-05-02T00:15:33.012287+00:00,-0.27234817619355445,-0.651330545662665,-0.11758960116446482,-0.4767373185770129,-0.4882352486704739,0.2,0.4,0.6,0.0,0.0,0.0,0.0,0.0,0.0,0.0,batter_pitcher_profile_network_v2,1.0,0.2,0.727401136791074,0.0,0.5521786721486187,-0.9363425925925924,0.0601287271346775,0.0,17.0,2.8005052436108104,-0.0214087389975352,0.0,0.0,-0.7753472222222221,-0.0006703482571553,0.0,17.0,2.845125387355846,-0.0336786509384229,-0.0506596603916568,-0.008105545662665,-0.7416666666666665,-0.0282049205758252,0.0,17.0,2.706943765275585,0.0098562166388021,0.0041538165851167,0.0002076908292558,-0.505613425925926,-0.0564061077508261,0.0,17.0,2.8674233916096235,-0.085718309266026,-0.0934927430805195,-0.0023373185770129,-0.6259259259259258,-0.0290408910399602,0.0,17.0,2.6196796698000795,-0.0477836218753193,-0.0407928676894799,-0.0024475720613687
2026-05-03,James_Outman,681546,hitter,MIN,TOR,2026,823711,38,142,141,1,702056.0,Trey_Yesavage,0.0,0.0,0.0,0.0,0.0,0.0,0.0,0.0,0.0,8.0,0.0,0.0,0.0,0.0,0.0,10.0,0.0,5.0625,2.003710575139147,1.08,13.0,65.0,0,2.0,0.49999999999999994,-0.8660254037844387,-0.7818314824680299,0.6234898018587334,0.5,0.5,0.5,0.5,0.5,0.5,0.5,0.5,0.5,0.5,synthetic,synthetic,synthetic,synthetic,synthetic,0.0,0.0,0.0,0.0,0.0,-110.0,-110.0,-110.0,-110.0,-110.0,-110.0,-110.0,-110.0,-110.0,-110.0,0.0,0.0,0.0,0.0,0.0,2026-08-28T01:24:59.045926+00:00,0.016227001071321245,-0.10327064367345756,-0.3812957867062985,-0.4767100274663682,-0.5,0.4,0.6,0.6,0.0,0.0,1.0,1.0,0.0,0.0,0.0,batter_pitcher_profile_network_v2,1.0,0.05,0.9425,0.0,0.5117271875,-0.830943236714976,-0.25040625,0.0,18.0,2.783469514907549,-0.0232196946282351,-0.0119642193424479,-0.0011964219342447,-0.7053556763285025,-0.44275,0.0,18.0,2.622953869941564,-0.0376979933211199,-0.0745040229591105,-0.0119206436734576,-0.6983695652173914,-0.8493749999999999,0.0,18.0,1.8700965965613223,-0.0105185944213678,-0.0446263092651178,-0.0022313154632558,-0.5089097222222222,-0.614625,0.0,18.0,2.4132967031482493,-0.0744157519685315,-0.0924010986547294,-0.0023100274663682,-0.6467222222222222,-0.815,0.0,18.0,1.9462278619679727,-0.0372139406914549,-0.0582174756574801,-0.0034930485394488
2026-05-06,James_Outman,681546,hitter,MIN,WSH,2026,822740,39,142,120,0,571945.0,Miles_Mikolas,0.0,0.0,0.0,0.0,0.0,1.0,1.0,0.0,0.0,1.0,0.032258064516129,0.0,0.0,0.0,0.0,10.0,3.8863636363636367,6.0681818181818175,2.338775510204082,1.08,10.0,72.0,0,3.0,0.49999999999999994,-0.8660254037844387,0.9749279121818236,-0.22252093395631434,0.5,0.5,0.5,0.5,0.5,0.5,0.5,0.5,0.5,0.5,synthetic,synthetic,synthetic,synthetic,synthetic,0.0,0.0,0.0,0.0,0.0,-110.0,-110.0,-110.0,-110.0,-110.0,-110.0,-110.0,-110.0,-110.0,-110.0,0.0,0.0,0.0,0.0,0.0,2026-08-28T01:24:59.045926+00:00,-0.21537204899555124,-0.4464553618400475,-0.37904009979291586,-0.4757956112645227,-0.5,0.2,0.2,0.4,0.0,0.0,0.0,0.0,0.0,0.0,0.0,batter_pitcher_profile_network_v2,1.0,0.3,0.7173907582936923,0.0,0.5786358896327068,-0.8233598191214471,0.7021796218487396,0.0,18.0,2.2409487199096287,0.0060990573891075,0.0,0.0,-0.7003000645994832,0.7859716386554622,0.0,18.0,2.006308416604011,-0.0097132012152518,-0.0145698018228777,-0.0023311682916604,-0.6891472868217055,0.8175507703081233,0.0,18.0,1.9510292582620457,0.0125192681311504,0.0125192681311504,0.0006259634065575,-0.5089097222222222,0.8725,0.0,18.0,1.723774940941806,-0.0558244505809099,-0.0558244505809099,-0.0013956112645227,-0.6442222222222221,0.8655112044817928,0.0,18.0,1.8538049958051548,-0.0356831931033431,-0.0267623948275073,-0.0016057436896504
2026-05-07,James_Outman,681546,hitter,MIN,WSH,2026,822741,40,142,120,0,663623.0,Jake_Irvin,0.0,0.0,0.0,0.0,0.0,1.0,1.0,0.0,1.0,5.0,0.024390243902439,0.0,0.0,0.0,0.0,10.0,3.6,10.16470588235294,2.338775510204082,1.08,-6.0,59.0,0,1.0,0.49999999999999994,-0.8660254037844387,0.43388373911755823,-0.900968867902419,0.5,0.5,0.5,0.5,0.5,0.5,0.5,0.5,0.5,0.5,synthetic,synthetic,synthetic,synthetic,synthetic,0.0,0.0,0.0,0.0,0.0,-110.0,-110.0,-110.0,-110.0,-110.0,-110.0,-110.0,-110.0,-110.0,-110.0,0.0,0.0,0.0,0.0,0.0,2026-08-28T01:24:59.045926+00:00,-0.49958639621089984,-0.4701797329411887,-0.5,-0.47739863979860275,-0.5,0.2,0.2,0.2,0.0,0.0,0.0,0.0,0.0,0.0,0.0,batter_pitcher_profile_network_v2,1.0,0.45,0.6077323455760948,0.0,0.6239987544501178,-0.8786632791327915,-0.2076118161267477,0.0,19.0,2.9149397005757747,-0.0238557984228675,-0.0715578103800155,-0.0071557810380015,-0.7371690379403796,-0.1876873356715274,0.0,19.0,2.988088699435727,-0.0365841032321656,-0.1091492455165759,-0.0174638792826521,-0.7010162601626018,-0.01055327840356,0.0,19.0,2.9393007238814928,0.0008042705531475,-0.0020977333050651,-0.0001048866652532,-0.5089097222222222,-0.1502538250332295,0.0,19.0,3.0449249887495307,-0.0899505976940249,-0.1199455919441139,-0.0029986397986028,-0.6292222222222221,-0.0401676401056877,0.0,19.0,2.839286225851421,-0.0510228714533024,-0.0481814721207317,-0.0028908883272439
2026-05-09,James_Outman,681546,hitter,MIN,CLE,2026,824444,41,142,114,0,676440.0,Tanner_Bibee,0.0,0.0,0.0,0.0,0.0,0.0,0.0,0.0,0.0,4.0,0.0,0.0,0.0,0.0,0.0,10.0,4.6000000000000005,8.1,4.166883116883118,1.08,11.0,60.0,0,2.0,0.49999999999999994,-0.8660254037844387,-0.9749279121818236,-0.2225209339563146,0.5,0.5,0.5,0.5,0.5,0.5,0.5,0.5,0.5,0.5,synthetic,synthetic,synthetic,synthetic,synthetic,0.0,0.0,0.0,0.0,0.0,-110.0,-110.0,-110.0,-110.0,-110.0,-110.0,-110.0,-110.0,-110.0,-110.0,0.0,0.0,0.0,0.0,0.0,2026-08-28T01:24:59.045926+00:00,-0.34725800865800854,-0.4852917255136225,-0.5,-0.4766998309130806,-0.5,0.2,0.2,0.0,0.0,0.0,0.0,0.0,0.0,0.0,0.0,batter_pitcher_profile_network_v2,1.0,0.6,0.5368044519606435,0.0,0.6705448727808927,-0.9867378048780492,0.3486136615322663,0.0,20.0,3.17255264161626,-0.0050641577126538,0.0,0.0,-0.8106029810298105,0.3663394204404807,0.0,20.0,3.136739258321636,-0.024757189640094,-0.037135784460141,-0.0059417255136225,-0.7453252032520328,0.2689486779560309,0.0,20.0,3.156151201149992,-0.0070643461413859,-0.0070643461413859,-0.0003532173070692,-0.5255208333333333,0.3429938322051865,0.0,20.0,3.132118186768848,-0.091993236523225,-0.091993236523225,-0.0022998309130806,-0.6358333333333333,0.3549249851455734,0.0,20.0,2.9869912196296498,-0.0531481589752291,-0.0398611192314218,-0.0023916671538853
2026-05-10,James_Outman,681546,hitter,MIN,CLE,2026,824440,42,142,114,0,668909.0,Gavin_Williams,0.0,0.0,0.0,0.0,0.0,0.0,0.0,0.0,0.0,2.0,0.0,0.0,0.0,0.0,0.0,10.0,5.5,9.021739130434783,3.816233766233767,1.08,-5.0,56.0,0,1.0,0.49999999999999994,-0.8660254037844387,-0.7818314824680299,0.6234898018587334,0.5,0.5,0.5,0.5,0.5,0.5,0.5,0.5,0.5,0.5,synthetic,synthetic,synthetic,synthetic,synthetic,0.0,0.0,0.0,0.0,0.0,-110.0,-110.0,-110.0,-110.0,-110.0,-110.0,-110.0,-110.0,-110.0,-110.0,0.0,0.0,0.0,0.0,0.0,2026-08-28T01:24:59.045926+00:00,-0.44035410917709683,-0.49581450783423986,-0.5,-0.4770678092770173,-0.5,0.2,0.2,0.0,0.0,0.0,0.0,0.0,0.0,0.0,0.0,batter_pitcher_profile_network_v2,1.0,0.6,0.5854040319843441,0.0,0.6669728036491507,-1.0,-0.3453121691759391,0.0,21.0,3.3430460569196687,-0.020783535281891,-0.1431650330470844,-0.0143165033047084,-0.8194444444444444,-0.1317186277968392,0.0,21.0,3.694206594584895,-0.0387688686812745,-0.1029031739639998,-0.0164645078342399,-0.7666666666666666,-0.0424338936496863,0.0,21.0,3.648460797087561,-0.0116573039674721,-0.0251452102318186,-0.0012572605115909,-0.5255208333333333,0.0857860714512811,0.0,21.0,3.7916104331290414,-0.1067123710806921,-0.1067123710806921,-0.0026678092770173,-0.6433333333333333,-0.0450325778602126,0.0,21.0,3.5322854172416225,-0.0606441842026348,-0.0574943807038683,-0.0034496628422321
2026-05-12,James_Outman,681546,hitter,MIN,MIA,2026,823712,43,142,146,1,691587.0,Eury_Pérez,0.0,0.0,0.0,0.0,0.0,0.0,0.0,0.0,0.0,2.0,0.0,0.0,0.0,0.0,0.0,10.0,6.45,10.575000000000001,2.1581632653061225,1.08,21.0,68.0,0,2.0,0.49999999999999994,-0.8660254037844387,0.7818314824680298,0.6234898018587336,0.5,0.5,0.5,0.5,0.5,0.5,0.5,0.5,0.5,0.5,synthetic,synthetic,synthetic,synthetic,synthetic,0.0,0.0,0.0,0.0,0.0,-110.0,-110.0,-110.0,-110.0,-110.0,-110.0,-110.0,-110.0,-110.0,-110.0,0.0,0.0,0.0,0.0,0.0,2026-08-28T01:24:59.045926+00:00,-0.5,-0.5,-0.4994239431337736,-0.4744,-0.5,0.0,0.0,0.0,0.0,0.0,0.0,0.0,0.0,0.0,0.0,batter_pitcher_profile_network_v2,1.0,0.55,0.5587510136591094,0.0,0.6548541504547175,-1.0,-0.2111523453143772,0.0,22.0,3.9745325354004457,-0.0069043420194174,-0.0931707583334706,-0.009317075833347,-1.0,-0.0407876165684534,0.0,22.0,4.181035811416042,0.0014341077868935,-0.0158463327857507,-0.0025354132457201,-0.7625,0.215522696283159,0.0,22.0,4.033450367788421,0.011521137324529,0.011521137324529,0.0005760568662264,-0.8942708333333333,0.1530862821099606,0.0,22.0,4.186980423397246,0.0,0.0,0.0,-0.8574999999999999,0.1651179606003396,0.0,22.0,3.959717880927044,0.0,0.0,0.0
2026-05-14,James_Outman,681546,hitter,MIN,MIA,2026,823709,44,142,146,1,666129.0,,2.0,3.0,2.0,0.0,3.0,4.0,3.0,1.0,0.0,9.0,0.1052631578947368,0.7125,0.7125,0.3333333333333333,28.33333333333333,65.0,4.1,8.2,2.543877551020408,1.08,0.0,75.0,0,2.0,0.49999999999999994,-0.8660254037844387,0.43388373911755823,-0.900968867902419,0.5,0.5,0.5,0.5,0.5,0.5,0.5,0.5,0.5,0.5,synthetic,synthetic,synthetic,synthetic,synthetic,0.0,0.0,0.0,0.0,0.0,-110.0,-110.0,-110.0,-110.0,-110.0,-110.0,-110.0,-110.0,-110.0,-110.0,0.0,0.0,0.0,0.0,0.0,2026-08-28T01:24:59.045926+00:00,-0.3306997016872538,0.22540137965186346,-0.22256224638778282,-0.32086194983723954,-0.33000191251476907,0.0,0.0,0.0,0.0,0.0,0.0,0.0,0.0,0.0,0.0,batter_pitcher_profile_network_v2,1.0,0.05,0.9425,0.0,0.5117271875,-1.0,-0.39275,0.0,23.0,4.061138249709465,-0.0134323286571204,-0.022583125,-0.0022583125,-1.0,-0.489,0.0,23.0,3.825938623020007,-0.0096757865382882,-0.0426311798074323,-0.0068209887691891,-0.7541666666666667,-0.3899999999999999,0.0,23.0,3.905688111550005,-0.0033418702234337,-0.0202540577234337,-0.0010127028861716,-0.8942708333333333,-0.489,0.0,23.0,3.769904771404188,0.0,-0.02514466015625,-0.0006286165039062,-0.8524999999999998,-0.59,0.0,23.0,3.343154052497141,0.0,-0.0289210624999999,-0.0017352637499999
2026-05-15,James_Outman,681546,hitter,MIN,MIL,2026,823707,45,142,158,1,689441.0,,1.0,1.0,1.0,0.0,0.0,3.0,3.0,0.0,1.0,9.0,0.088235294117647,0.2966666666666667,0.2966666666666667,0.0,0.0,35.6,4.1,8.2,3.114935064935065,1.08,7.0,85.0,0,1.0,0.49999999999999994,-0.8660254037844387,-0.433883739117558,-0.9009688679024191,0.5,0.5,0.5,0.5,0.5,0.5,0.5,0.5,0.5,0.5,synthetic,synthetic,synthetic,synthetic,synthetic,0.0,0.0,0.0,0.0,0.0,-110.0,-110.0,-110.0,-110.0,-110.0,-110.0,-110.0,-110.0,-110.0,-110.0,0.0,0.0,0.0,0.0,0.0,2026-08-28T01:24:59.045926+00:00,0.26661333468356363,0.40835604538846737,0.08995295280648574,-0.47511268086751296,0.4398502327168291,0.4,0.6,0.4,0.0,0.6,2.0,3.0,2.0,0.0,3.0,batter_pitcher_profile_network_v2,1.0,0.05,0.9425,0.0,0.5117271875,-0.9891447368421052,-0.2502440476190476,0.0,23.0,4.318212444470147,-0.0284691990906414,-0.0142328360011356,-0.0014232836001135,-0.9927631578947368,-0.4391369047619048,0.0,23.0,3.956051381455953,-0.0255669730710975,-0.0634180986750203,-0.0101468957880032,-0.7594298245614035,-0.5434186507936507,0.0,23.0,3.508813259390068,-0.0340091748918426,-0.0577387539033906,-0.0028869376951695,-0.8529513888888889,-0.58125,0.0,23.0,3.5032869592119726,0.0,-0.0285072347005208,-0.000712680867513,-0.8599999999999999,-0.5610277777777777,0.0,23.0,3.421206691191344,-0.0443701554580103,-0.0610204402046188,-0.0036612264122771
2026-05-16,James_Outman,681546,hitter,MIN,MIL,2026,823706,46,142,158,1,701656.0,Logan_Henderson,1.0,3.0,0.0,0.0,0.0,3.0,3.0,0.0,2.0,9.0,0.0857142857142857,0.54,0.54,0.6666666666666666,30.0,65.0,5.2,11.5,2.922077922077922,1.08,9.0,81.0,0,1.0,0.49999999999999994,-0.8660254037844387,-0.9749279121818236,-0.2225209339563146,0.5,0.5,0.5,0.5,0.5,0.5,0.5,0.5,0.5,0.5,synthetic,synthetic,synthetic,synthetic,synthetic,0.0,0.0,0.0,0.0,0.0,-110.0,-110.0,-110.0,-110.0,-110.0,-110.0,-110.0,-110.0,-110.0,-110.0,0.0,0.0,0.0,0.0,0.0,2026-08-28T01:24:59.045926+00:00,0.06431058798040012,1.1534515345965792,0.19762162061720923,-0.23395664425276863,0.019805040829263265,0.6,0.8,0.6,0.0,0.6,1.0,1.0,1.0,0.0,0.0,batter_pitcher_profile_network_v2,1.0,0.15,0.8502194589944432,0.0,0.536877217440977,-1.0,-0.3097328623757194,0.0,23.0,4.222865799880895,-0.0380513720411028,-0.0463919556938349,-0.0046391955693834,-1.0,-0.3524677524856096,0.0,23.0,4.159136316491781,-0.0306317320780476,-0.0987404087713788,-0.0157984654034206,-0.7666666666666666,-0.2650904195011336,0.0,23.0,4.166081829752148,-0.0542047134567316,-0.0846455097337384,-0.0042322754866869,-0.8529513888888889,-0.3830162218733647,0.0,23.0,4.045200459261143,0.0,-0.0489324367774156,-0.0012233109194353,-0.8599999999999999,-0.2320419501133785,0.0,23.0,4.132593772239951,-0.0512328498514737,-0.0683142545772163,-0.0040988552746329
2026-05-17,James_Outman,681546,hitter,MIN,MIL,2026,823708,47,142,158,1,688107.0,Robert_Gasser,0.0,0.0,0.0,0.0,0.0,3.0,3.0,0.0,2.0,9.0,0.0857142857142857,0.0,0.0,0.0,0.0,10.0,7.875,10.25,2.922077922077922,1.08,-13.0,62.0,0,1.0,0.49999999999999994,-0.8660254037844387,-0.7818314824680299,0.6234898018587334,0.5,1.5,0.5,0.5,0.5,0.5,1.5,0.5,0.5,0.5,synthetic,synthetic,synthetic,synthetic,synthetic,0.0,0.0,0.0,0.0,0.0,-110.0,-110.0,-110.0,-110.0,-110.0,-110.0,-110.0,-110.0,-110.0,-110.0,0.0,0.0,0.0,0.0,0.0,2026-08-28T01:24:59.045926+00:00,0.17878311688311688,-0.2286152956226195,-0.2371189893018838,-0.4744,-0.14000323677182736,0.8,1.4,0.6,0.0,0.6,1.0,3.0,0.0,0.0,0.0,batter_pitcher_profile_network_v2,1.0,0.15,0.888916957236106,0.0,0.5361661509107866,-0.9993888888888888,0.3922794117647058,0.0,23.0,4.105110087822464,-0.0261630576683721,0.0,0.0,-0.957875,0.5531985294117646,0.0,23.0,3.8218392694294185,-0.0286053984275815,-0.0429080976413722,-0.0068652956226195,-0.7916666666666667,0.7156250000000001,0.0,23.0,3.454402401096666,-0.0394577081155987,-0.0394577081155987,-0.0019728854057799,-0.7335902777777779,0.6938235294117646,0.0,23.0,3.462178840493158,0.0,0.0,0.0,-0.824388888888889,0.7875000000000001,0.0,23.0,3.226564675144196,-0.0423807305716335,-0.0317855479287251,-0.0019071328757235
2026-05-18,James_Outman,681546,hitter,MIN,HOU,2026,823705,48,142,117,1,837227.0,Tatsuya_Imai,1.0,1.0,0.0,0.0,0.0,3.0,3.0,0.0,1.0,9.0,0.0909090909090909,0.2966666666666667,0.2966666666666667,0.0,0.0,35.6,31.5,7.014705882352941,1.625510204081633,1.08,0.0,61.0,0,1.0,0.49999999999999994,-0.8660254037844387,0.0,1.0,0.5,1.5,0.5,0.5,0.5,0.5,1.5,0.5,0.5,0.5,synthetic,synthetic,synthetic,synthetic,synthetic,0.0,0.0,0.0,0.0,0.0,-110.0,-110.0,-110.0,-110.0,-110.0,-110.0,-110.0,-110.0,-110.0,-110.0,0.0,0.0,0.0,0.0,0.0,2026-08-28T01:24:59.045926+00:00,0.1478016566318614,-0.5188928900218314,-0.1324470034553808,-0.47451714216153057,-0.11010314410603528,0.8,1.4,0.6,0.0,0.6,0.0,0.0,0.0,0.0,0.0,batter_pitcher_profile_network_v2,1.0,0.35,0.7890174755792014,0.0,0.5886708757345418,-0.9993888888888888,-0.1827407525510204,0.0,23.0,4.403992340148137,-0.0450978934302924,-0.0385315438345393,-0.0038531543834539,-0.957875,-0.1591645408163266,0.0,23.0,4.482640407268085,-0.0465375122842611,-0.1019726080909924,-0.0163156172945587,-0.7916666666666667,0.5767474489795918,0.0,23.0,3.822140534327444,-0.0436926974316726,-0.0436926974316726,-0.0021846348715836,-0.7335902777777779,-0.0302742346938776,0.0,23.0,4.59013246111454,0.0,-0.0046856864612272,-0.0001171421615306,-0.824388888888889,0.4126020408163265,0.0,23.0,4.089973269348463,-0.0508387826490662,-0.0381290869867997,-0.0022877452192079
2026-05-19,James_Outman,681546,hitter,MIN,HOU,2026,823704,49,142,117,1,669920.0,,0.0,0.0,0.0,0.0,0.0,3.0,3.0,0.0,1.0,9.0,0.081081081081081,0.0,0.0,0.0,0.0,10.0,4.1,8.2,2.78265306122449,1.08,10.0,55.0,0,1.0,0.49999999999999994,-0.8660254037844387,0.7818314824680298,0.6234898018587336,0.5,1.5,0.5,0.5,0.5,0.5,1.5,0.5,0.5,0.5,synthetic,synthetic,synthetic,synthetic,synthetic,0.0,0.0,0.0,0.0,0.0,-110.0,-110.0,-110.0,-110.0,-110.0,-110.0,-110.0,-110.0,-110.0,-110.0,0.0,0.0,0.0,0.0,0.0,2026-08-28T01:24:59.045926+00:00,0.3584152998029613,-0.42356192849745966,-0.25920624382900503,-0.478186909862855,-0.16587463314354933,1.0,1.6,0.6,0.0,0.6,1.0,1.0,0.0,0.0,0.0,batter_pitcher_profile_network_v2,1.0,0.1,0.5765382507055739,0.0,0.5279374064288567,-0.9899074074074076,-0.3295263157894738,0.0,24.0,4.395139040362684,-0.0459173217119128,-0.138133451685408,-0.0138133451685408,-0.9507638888888889,-0.453703947368421,0.0,24.0,4.115158419116708,-0.0480241430086771,-0.2547029314875014,-0.0407524690380002,-0.7916666666666667,-0.5149451754385965,0.0,24.0,3.6611446455651047,-0.0523906764287873,-0.2250211810478336,-0.0112510590523916,-0.7241087962962963,-0.4939999999999999,0.0,24.0,3.93106805682288,0.0,-0.1514763945142007,-0.003786909862855,-0.8149074074074074,-0.6489912280701755,0.0,24.0,3.257085215682972,-0.0426960349193693,-0.2559772926020879,-0.0153586375561252
2026-05-20,James_Outman,681546,hitter,MIN,HOU,2026,823703,50,142,117,1,681347.0,Mike_Burrows,1.0,2.0,0.0,0.0,0.0,3.0,3.0,0.0,0.0,9.0,0.0909090909090909,0.4233333333333333,0.4233333333333333,0.3333333333333333,28.33333333333333,65.0,5.205882352941176,6.189075630252101,2.78265306122449,1.08,0.0,57.0,0,1.0,0.49999999999999994,-0.8660254037844387,0.9749279121818236,-0.22252093395631434,0.5,0.5,0.5,0.5,0.5,0.5,0.5,0.5,0.5,0.5,synthetic,synthetic,synthetic,synthetic,synthetic,0.0,0.0,0.0,0.0,0.0,-110.0,-110.0,-110.0,-110.0,-110.0,-110.0,-110.0,-110.0,-110.0,-110.0,0.0,0.0,0.0,0.0,0.0,2026-08-28T01:24:59.045926+00:00,0.08455537123940493,0.6968725248788243,-0.2607529932263596,-0.32023333333333337,-0.42242129375403026,0.6,1.0,0.2,0.0,0.0,0.0,0.0,0.0,0.0,0.0,batter_pitcher_profile_network_v2,1.0,0.6,0.5921242080872389,0.0,0.666478870705588,-0.9899074074074076,0.2514720108323049,0.0,24.0,4.520647908514359,-0.0328123714205115,0.0,0.0,-0.9507638888888889,0.2367631657558127,0.0,24.0,4.648514161348599,-0.0397925099745961,-0.0596887649618941,-0.009550202393903,-0.8166666666666667,0.1891210505181094,0.0,24.0,4.634182679159058,-0.040288683327438,-0.040288683327438,-0.0020144341663719,-0.7241087962962963,0.1934595943272413,0.0,24.0,4.755809358782329,0.0,0.0,0.0,-0.8299074074074074,0.2294301164521753,0.0,24.0,4.521435407731657,-0.054734171652128,-0.041050628739096,-0.0024630377243457
2026-05-22,James_Outman,681546,hitter,MIN,BOS,2026,824761,51,142,111,0,801139.0,Payton_Tolle,0.0,0.0,0.0,0.0,0.0,1.0,0.0,0.0,0.0,4.0,0.0227272727272727,0.72,0.72,0.0,0.0,65.0,1.3499999999999999,6.953571428571429,1.1298701298701306,1.08,0.0,64.0,0,2.0,0.49999999999999994,-0.8660254037844387,-0.433883739117558,-0.9009688679024191,0.5,1.5,0.5,0.5,0.5,0.5,1.5,0.5,0.5,0.5,synthetic,synthetic,synthetic,synthetic,synthetic,0.0,0.0,0.0,0.0,0.0,-110.0,-110.0,-110.0,-110.0,-110.0,-110.0,-110.0,-110.0,-110.0,-110.0,0.0,0.0,0.0,0.0,0.0,2026-08-28T01:24:59.045926+00:00,0.03919136235238441,-0.2559956252850679,-0.34931733364329415,-0.4753349141615233,-0.5,0.6,1.2,0.0,0.0,0.0,1.0,2.0,0.0,0.0,0.0,batter_pitcher_profile_network_v2,1.0,0.25,0.7764185880396335,0.0,0.5637221807412862,-0.9695370370370372,-0.6212698757763976,0.0,25.0,3.868460838191107,-0.0425814904332373,-0.1346729565627359,-0.0134672956562735,-0.912337962962963,-0.4714877329192546,0.0,25.0,4.337380020339877,-0.0419825821786039,-0.159148794395312,-0.0254638071032499,-0.8375,-0.5290642339544513,0.0,25.0,3.887332364172159,-0.0448770978903775,-0.1439440754632877,-0.0071972037731643,-0.6207523148148147,-0.2694496894409938,0.0,25.0,4.841526559024879,0.0,-0.0373965664609323,-0.0009349141615233,-0.7942592592592592,-0.5532399585921324,0.0,25.0,3.779383195636657,-0.0479028001130201,-0.1341723407933072,-0.0080503404475984
2026-05-23,James_Outman,681546,hitter,MIN,BOS,2026,824760,52,142,111,0,663558.0,Jovani_Morán,0.0,0.0,0.0,0.0,0.0,0.0,0.0,0.0,0.0,2.0,0.0,0.0,0.0,0.0,0.0,10.0,0.0,23.400000000000002,2.1428571428571432,1.08,-8.0,61.0,0,1.0,0.49999999999999994,-0.8660254037844387,-0.9749279121818236,-0.2225209339563146,0.5,0.5,0.5,0.5,0.5,0.5,0.5,0.5,0.5,0.5,synthetic,synthetic,synthetic,synthetic,synthetic,0.0,0.0,0.0,0.0,0.0,-110.0,-110.0,-110.0,-110.0,-110.0,-110.0,-110.0,-110.0,-110.0,-110.0,0.0,0.0,0.0,0.0,0.0,2026-08-28T01:24:59.045926+00:00,-0.5,-0.23555869902889232,-0.5,-0.4744,-0.5,0.4,0.6,0.0,0.0,0.0,0.0,0.0,0.0,0.0,0.0,batter_pitcher_profile_network_v2,1.0,0.1,0.8325,0.0,0.524801875,-0.73875,0.5,0.0,26.0,4.457476954379892,-0.0155980375119653,0.0,0.0,-0.7567824074074074,0.6,0.0,26.0,4.249963483510369,-0.017536245953718,-0.026304368930577,-0.0042086990288923,-0.7055555555555556,1.0,0.0,26.0,3.0321750922295827,-0.0333657880895133,-0.0333657880895133,-0.0016682894044756,-0.6003819444444445,0.6,0.0,26.0,4.337278581819655,0.0,0.0,0.0,-0.7788888888888889,1.0,0.0,26.0,3.033145993322955,-0.0403527777175867,-0.03026458328819,-0.0018158749972914
2026-05-24,James_Outman,681546,hitter,MIN,BOS,2026,824759,53,142,111,0,543243.0,Sonny_Gray,0.0,0.0,0.0,0.0,0.0,4.0,2.0,2.0,2.0,8.0,0.0930232558139534,0.345,0.345,0.0,0.0,41.4,1.0,8.700000000000001,2.1428571428571432,1.08,-7.0,57.0,0,1.0,0.49999999999999994,-0.8660254037844387,-0.7818314824680299,0.6234898018587334,0.5,0.5,0.5,0.5,0.5,0.5,0.5,0.5,0.5,0.5,synthetic,synthetic,synthetic,synthetic,synthetic,0.0,0.0,0.0,0.0,0.0,-110.0,-110.0,-110.0,-110.0,-110.0,-110.0,-110.0,-110.0,-110.0,-110.0,0.0,0.0,0.0,0.0,0.0,2026-08-28T01:24:59.045926+00:00,-0.2008871924662728,0.013949678600551407,-0.45357275840099687,-0.474695372873948,-0.4775182634824288,0.4,0.6,0.0,0.0,0.0,0.0,0.0,0.0,0.0,0.0,batter_pitcher_profile_network_v2,1.0,0.55,0.6598957608947262,0.0,0.6480395231097178,-0.73875,-0.0562117259332347,0.0,26.0,5.208992760770061,-0.0371170799011912,-0.0141233089373679,-0.0014123308937367,-0.7567824074074074,-0.060641043591383,0.0,26.0,5.299544300877719,-0.0376434269617646,-0.0720732296767863,-0.0115317167482858,-0.6763888888888889,-0.1401089904012229,0.0,26.0,5.006666746065155,-0.0562673029641671,-0.0884983573887076,-0.0044249178694353,-0.6003819444444445,-0.0578616657111987,0.0,26.0,5.33080252528072,0.0,-0.0118149149579207,-0.000295372873948,-0.7613888888888889,-0.1242593360233427,0.0,26.0,4.943409848316336,-0.0583520069758279,-0.0759411577082544,-0.0045564694624952
2026-05-26,James_Outman,681546,hitter,MIN,CWS,2026,824597,54,142,145,0,680732.0,Sean_Burke,0.0,0.0,0.0,0.0,0.0,4.0,4.0,0.0,4.0,9.0,0.1,0.0,0.0,0.0,0.0,10.0,8.20879120879121,9.445054945054945,5.175000000000002,1.08,-7.0,77.0,0,2.0,0.49999999999999994,-0.8660254037844387,0.7818314824680298,0.6234898018587336,0.5,0.5,0.5,0.5,0.5,0.5,0.5,0.5,0.5,0.5,synthetic,synthetic,synthetic,synthetic,synthetic,0.0,0.0,0.0,0.0,0.0,-110.0,-110.0,-110.0,-110.0,-110.0,-110.0,-110.0,-110.0,-110.0,-110.0,0.0,0.0,0.0,0.0,0.0,2026-08-28T01:24:59.045926+00:00,-0.14785274725274716,-0.25547179660281605,-0.49170771915693523,-0.4744,-0.4194364731236396,0.2,0.4,0.0,0.0,0.0,0.0,0.0,0.0,0.0,0.0,batter_pitcher_profile_network_v2,1.0,0.55,0.5848399553933941,0.0,0.65309640800537,-0.7608083136327817,0.1640541020038602,0.0,27.0,5.490216117861334,-0.0353155323938511,0.0,0.0,-0.7705188140267928,0.1207247303267783,0.0,27.0,5.65336472865203,-0.0388408191784004,-0.0582612287676007,-0.0093217966028161,-0.6988475177304965,0.2008714948844258,0.0,27.0,5.477606712843215,-0.064154383138707,-0.064154383138707,-0.0032077191569353,-0.5887523148148148,0.0982031786026404,0.0,27.0,5.731929040181004,0.0,0.0,0.0,-0.7497592592592592,0.2100884489074143,0.0,27.0,5.381432823746751,-0.061921624969773,-0.0464412187273298,-0.0027864731236397
2026-05-27,James_Outman,681546,hitter,MIN,CWS,2026,824596,55,142,145,0,689818.0,,0.0,0.0,0.0,0.0,0.0,1.0,1.0,0.0,0.0,6.0,0.0333333333333333,0.0,0.0,0.0,0.0,10.0,4.1,8.2,4.371428571428572,1.08,0.0,72.0,0,1.0,0.49999999999999994,-0.8660254037844387,0.9749279121818236,-0.22252093395631434,0.5,0.5,0.5,0.5,0.5,0.5,0.5,0.5,0.5,0.5,synthetic,synthetic,synthetic,synthetic,synthetic,0.0,0.0,0.0,0.0,0.0,-110.0,-110.0,-110.0,-110.0,-110.0,-110.0,-110.0,-110.0,-110.0,-110.0,0.0,0.0,0.0,0.0,0.0,2026-08-28T01:24:59.045926+00:00,-0.2390761904761904,-0.3307645080576152,-0.5,-0.4744,-0.5,0.2,0.4,0.0,0.0,0.0,0.0,0.0,0.0,0.0,0.0,batter_pitcher_profile_network_v2,1.0,0.0,1.0,0.0,0.5,-0.9375370370370372,0.0,0.0,28.0,5.969329627904324,-0.0476539089827719,0.0,0.0,-0.888337962962963,0.0,0.0,28.0,6.076379665193334,-0.0492271169067303,-0.0738406753600955,-0.0118145080576152,-0.85,0.0,0.0,28.0,5.893325430673984,-0.07622703756801,-0.07622703756801,-0.0038113518784005,-0.5887523148148148,0.0,0.0,28.0,6.1207094451712765,0.0,0.0,0.0,-0.7697592592592591,0.0,0.0,28.0,5.800525629121744,-0.0651725207443544,-0.0488793905582657,-0.0029327634334959
2026-05-29,James_Outman,681546,hitter,MIN,PIT,2026,823377,56,142,134,0,683003.0,Jared_Jones,0.0,0.0,0.0,0.0,0.0,0.0,0.0,0.0,0.0,4.0,0.0,0.0,0.0,0.0,0.0,10.0,4.1,8.2,4.194805194805196,1.08,11.0,79.0,0,2.0,0.49999999999999994,-0.8660254037844387,-0.433883739117558,-0.9009688679024191,0.5,0.5,0.5,0.5,0.5,0.5,0.5,0.5,0.5,0.5,synthetic,synthetic,synthetic,synthetic,synthetic,0.0,0.0,0.0,0.0,0.0,-110.0,-110.0,-110.0,-110.0,-110.0,-110.0,-110.0,-110.0,-110.0,-110.0,0.0,0.0,0.0,0.0,0.0,2026-08-28T01:24:59.045926+00:00,-0.39847445887445876,-0.5,-0.5,-0.4744,-0.5,0.0,0.0,0.0,0.0,0.0,0.0,0.0,0.0,0.0,0.0,batter_pitcher_profile_network_v2,1.0,0.0,1.0,0.0,0.5,-0.8937870370370369,0.0,0.0,28.0,5.969329627904324,-0.0476539089827719,0.0,0.0,-0.8591712962962962,0.0,0.0,28.0,6.076379665193334,-0.0492271169067303,-0.0738406753600955,-0.0118145080576152,-0.825,0.0,0.0,28.0,5.893325430673984,-0.07622703756801,-0.07622703756801,-0.0038113518784005,-0.5887523148148148,0.0,0.0,28.0,6.1207094451712765,0.0,0.0,0.0,-0.7722592592592592,0.0,0.0,28.0,5.800525629121744,-0.0651725207443544,-0.0488793905582657,-0.0029327634334959
2026-05-30,James_Outman,681546,hitter,MIN,PIT,2026,823375,57,142,134,0,656605.0,Mitch_Keller,0.0,0.0,0.0,0.0,0.0,0.0,0.0,0.0,0.0,6.0,0.0,0.0,0.0,0.0,0.0,10.0,5.7941176470588225,5.6764705882352935,2.9090909090909096,1.08,0.0,72.0,0,1.0,0.49999999999999994,-0.8660254037844387,-0.9749279121818236,-0.2225209339563146,0.5,0.5,0.5,0.5,0.5,0.5,0.5,0.5,0.5,0.5,synthetic,synthetic,synthetic,synthetic,synthetic,0.0,0.0,0.0,0.0,0.0,-110.0,-110.0,-110.0,-110.0,-110.0,-110.0,-110.0,-110.0,-110.0,-110.0,0.0,0.0,0.0,0.0,0.0,2026-08-28T01:24:59.045926+00:00,-0.3585953230695918,-0.5,-0.5,-0.4749060544091447,-0.5,0.0,0.0,0.0,0.0,0.0,0.0,0.0,0.0,0.0,0.0,batter_pitcher_profile_network_v2,1.0,0.7,0.4632486323926757,0.0,0.7052764297723281,-0.8937870370370369,-0.0459017425151879,0.0,28.0,5.955674962568928,-0.0490520260068302,-0.0220209668813021,-0.0022020966881302,-0.8591712962962962,-0.0831928331938836,0.0,28.0,6.026740243860576,-0.0513331708237249,-0.1153650770236991,-0.0184584123237918,-0.825,-0.0110082391542475,0.0,28.0,5.885605229953766,-0.0762374203965144,-0.0811120875188319,-0.0040556043759415,-0.5887523148148148,-0.0640547612984588,0.0,28.0,6.074084354517411,0.0,-0.020242176365788,-0.0005060544091447,-0.7722592592592592,-0.0516114526618728,0.0,28.0,5.757453063594878,-0.0648454825472513,-0.0700276377866388,-0.0042016582671983
2026-05-31,James_Outman,681546,hitter,MIN,PIT,2026,823373,58,142,134,0,677952.0,Braxton_Ashcraft,0.0,0.0,0.0,0.0,0.0,1.0,1.0,0.0,1.0,4.0,0.03125,0.0,0.0,0.0,0.0,10.0,2.7022556390977446,8.475563909774436,2.994805194805195,1.08,-3.0,68.0,0,1.0,0.49999999999999994,-0.8660254037844387,-0.7818314824680299,0.6234898018587334,0.5,0.5,0.5,0.5,0.5,0.5,0.5,0.5,0.5,0.5,synthetic,synthetic,synthetic,synthetic,synthetic,0.0,0.0,0.0,0.0,0.0,-110.0,-110.0,-110.0,-110.0,-110.0,-110.0,-110.0,-110.0,-110.0,-110.0,0.0,0.0,0.0,0.0,0.0,2026-08-28T01:24:59.045926+00:00,-0.4801112918849002,-0.5,-0.5,-0.4767699564428077,-0.5,0.0,0.0,0.0,0.0,0.0,0.0,0.0,0.0,0.0,0.0,batter_pitcher_profile_network_v2,1.0,0.6,0.6098319386243214,0.0,0.6651773525111124,-0.9407531520882588,-0.3940262073395318,0.0,29.0,5.810771720937279,-0.0626870786626415,-0.1446280418838624,-0.0144628041883862,-0.8921795705279749,-0.3927538047798116,0.0,29.0,5.855520815698591,-0.0640440372541839,-0.2327836448904003,-0.037245383182464,-0.8593971631205676,-0.4095831905793416,0.0,29.0,5.49860432195296,-0.0824765904600022,-0.2198136536599406,-0.010990682682997,-0.6091226851851852,-0.3988814738189574,0.0,29.0,5.785834506107018,0.0,-0.0947982577123092,-0.0023699564428077,-0.8026296296296296,-0.4045142404014057,0.0,29.0,5.471667077819446,-0.0626347451957325,-0.1736539190750506,-0.010419235144503
2026-06-01,James_Outman,681546,hitter,MIN,CWS,2026,823702,59,142,145,1,689818.0,,0.0,0.0,0.0,0.0,0.0,0.0,0.0,0.0,0.0,5.0,0.0,0.0,0.0,0.0,0.0,10.0,4.1,8.2,1.5,1.08,-6.0,78.0,0,1.0,1.2246467991473532e-16,-1.0,0.0,1.0,0.5,0.5,0.5,0.5,0.5,0.5,0.5,0.5,0.5,0.5,synthetic,synthetic,synthetic,synthetic,synthetic,0.0,0.0,0.0,0.0,0.0,-110.0,-110.0,-110.0,-110.0,-110.0,-110.0,-110.0,-110.0,-110.0,-110.0,0.0,0.0,0.0,0.0,0.0,2026-08-28T01:24:59.045926+00:00,-0.5,-0.5,-0.5,-0.4744,-0.5,0.0,0.0,0.0,0.0,0.0,0.0,0.0,0.0,0.0,0.0,batter_pitcher_profile_network_v2,1.0,0.05,0.9425,1.0,0.5304771875000001,-0.9579074074074074,-0.4665000000000001,-0.037037037037037,30.0,5.9716753204548585,-0.0688000206128774,-0.0616668910416666,-0.0061666891041666,-0.9036157407407408,-0.0676842105263158,-0.0395061728395061,30.0,6.957875065185927,-0.0657047975949825,-0.1404442965496375,-0.022471087447942,-0.8791666666666667,-0.5661403508771929,-0.0592592592592592,30.0,5.2793352857145885,-0.0866862555994444,-0.1728613853509064,-0.0086430692675453,-0.6091226851851852,0.4086315789473683,0.0,30.0,6.249414605318732,0.0,0.0,0.0,-0.8076296296296296,-0.4708771929824561,-0.0222222222222222,30.0,5.646704795140274,-0.0639972715664776,-0.0914482134539355,-0.0054868928072361
2026-06-03,James_Outman,681546,hitter,MIN,CWS,2026,823701,60,142,145,1,607200.0,Erick_Fedde,0.0,0.0,0.0,0.0,0.0,0.0,0.0,0.0,0.0,1.0,0.0,0.0,0.0,0.0,0.0,10.0,12.700000000000001,6.95,1.1785714285714286,1.08,9.0,81.0,0,2.0,1.2246467991473532e-16,-1.0,0.9749279121818236,-0.22252093395631434,0.5,0.5,0.5,0.5,0.5,0.5,0.5,0.5,0.5,0.5,synthetic,synthetic,synthetic,synthetic,synthetic,0.0,0.0,0.0,0.0,0.0,-110.0,-110.0,-110.0,-110.0,-110.0,-110.0,-110.0,-110.0,-110.0,-110.0,0.0,0.0,0.0,0.0,0.0,2026-08-28T01:24:59.045926+00:00,-0.4472904761904761,-0.5,-0.5,-0.4744,-0.5,0.0,0.0,0.0,0.0,0.0,0.0,0.0,0.0,0.0,0.0,batter_pitcher_profile_network_v2,1.0,0.4,0.6342958289230711,0.0,0.6089195043827695,-0.9579074074074074,0.3859529016134367,0.0,30.0,6.135104720778063,-0.0440258769085817,0.0,0.0,-0.9036157407407408,0.5836060448748576,0.0,30.0,5.422068747503796,-0.0396380413877765,-0.0594570620816648,-0.0095131299330663,-0.8625,0.5572092490842491,0.0,30.0,5.681297128025088,-0.0797950089847451,-0.0797950089847451,-0.0039897504492372,-0.6091226851851852,0.8340683229813665,0.0,30.0,4.252517652375837,0.0,0.0,0.0,-0.7976296296296296,0.5826591997745844,0.0,30.0,5.517187242480842,-0.0629917025617119,-0.0472437769212839,-0.002834626615277
2026-06-04,James_Outman,681546,hitter,MIN,KC,2026,823698,61,142,118,1,607625.0,Seth_Lugo,0.0,0.0,0.0,0.0,0.0,2.0,2.0,0.0,2.0,9.0,0.0526315789473684,0.0,0.0,0.0,0.0,10.0,2.9210526315789473,6.921052631578948,6.887755102040816,1.08,9.0,83.0,0,1.0,1.2246467991473532e-16,-1.0,0.43388373911755823,-0.900968867902419,0.5,0.5,0.5,0.5,0.5,0.5,0.5,0.5,0.5,0.5,synthetic,synthetic,synthetic,synthetic,synthetic,0.0,0.0,0.0,0.0,0.0,-110.0,-110.0,-110.0,-110.0,-110.0,-110.0,-110.0,-110.0,-110.0,-110.0,0.0,0.0,0.0,0.0,0.0,2026-08-28T01:24:59.045926+00:00,-0.13077400644468312,-0.5,-0.4686638059999344,-0.4770154287554017,-0.39306835706648496,0.0,0.0,0.0,0.0,0.0,0.0,0.0,0.0,0.0,0.0,batter_pitcher_profile_network_v2,1.0,0.65,0.5128645347474082,0.0,0.6866631614207376,-0.9782777777777778,0.0602681538062663,0.0,31.0,7.089543577877218,-0.0378917642323983,0.0,0.0,-0.9362546296296296,-0.1160210549432418,0.0,31.0,7.094760866902086,-0.0448442414292575,-0.1201815737556269,-0.0192290518009003,-0.8291666666666666,-0.1090030667306074,0.0,31.0,6.878191085521896,-0.0783188754068179,-0.1223470115131887,-0.0061173505756594,-0.6917326388888889,-0.3104665878586023,0.0,31.0,6.58897302988245,0.0,-0.1046171502160701,-0.0026154287554017,-0.8188333333333332,-0.1299258723732407,0.0,31.0,6.754355183038833,-0.0720297244785827,-0.1058474835105167,-0.006350849010631
2026-06-12,James_Outman,681546,hitter,DET,CLE,2026,824425,62,116,114,0,676440.0,Tanner_Bibee,1.0,4.0,1.0,1.0,1.0,3.0,3.0,0.0,1.0,9.0,0.0967741935483871,0.7000000000000001,0.7000000000000001,1.0,30.0,65.0,8.5,6.625,3.278571428571429,1.08,0.0,76.0,0,8.0,1.2246467991473532e-16,-1.0,-0.433883739117558,-0.9009688679024191,0.5,0.5,0.5,0.5,0.5,0.5,0.5,0.5,0.5,0.5,synthetic,synthetic,synthetic,synthetic,synthetic,0.0,0.0,0.0,0.0,0.0,-110.0,-110.0,-110.0,-110.0,-110.0,-110.0,-110.0,-110.0,-110.0,-110.0,0.0,0.0,0.0,0.0,0.0,2026-08-28T01:24:59.045926+00:00,-0.23027449481746942,1.0071172377116364,-0.206334762596718,-0.14939999999999998,-0.3092886899545473,0.0,0.0,0.0,0.0,0.0,0.0,0.0,0.0,0.0,0.0,batter_pitcher_profile_network_v2,1.0,0.9,0.4571561216076056,1.0,0.7833485375927616,-0.9782777777777778,0.3661137844611528,-0.0296296296296296,31.0,6.480552766294583,-0.0260233378687688,-0.0215874980978904,-0.002158749809789,-0.9362546296296296,0.434133051378446,-0.0320987654320987,31.0,6.257672630841508,-0.0269514526648665,-0.0638136352700144,-0.0102101816432023,-0.8291666666666666,0.3812430555555556,-0.0444444444444444,31.0,6.510829211399613,-0.0465951107783106,-0.0789763579251463,-0.0039488178962573,-0.6917326388888889,0.5138205513784462,0.0,31.0,5.912517056837117,0.0,0.0,0.0,-0.8188333333333332,0.4586388888888889,-0.0222222222222222,31.0,6.158205122314836,-0.0678283462581546,-0.0670618832670338,-0.004023712996022
2026-06-13,James_Outman,681546,hitter,DET,CLE,2026,824426,63,116,114,0,676282.0,Joey_Cantillo,0.0,0.0,0.0,0.0,0.0,1.0,0.0,1.0,0.0,8.0,0.0256410256410256,0.69,0.69,0.0,0.0,65.0,13.200000000000001,8.700000000000001,2.635714285714286,1.08,0.0,82.0,0,1.0,1.2246467991473532e-16,-1.0,-0.9749279121818236,-0.2225209339563146,0.5,0.5,0.5,0.5,0.5,0.5,0.5,0.5,0.5,0.5,synthetic,synthetic,synthetic,synthetic,synthetic,0.0,0.0,0.0,0.0,0.0,-110.0,-110.0,-110.0,-110.0,-110.0,-110.0,-110.0,-110.0,-110.0,-110.0,0.0,0.0,0.0,0.0,0.0,2026-08-28T01:24:59.045926+00:00,-0.1581457875457875,0.7922107101586078,-0.05257281490325205,-0.2308106877697253,-0.12944229663301227,0.2,0.8,0.2,0.2,0.2,1.0,4.0,1.0,1.0,1.0,batter_pitcher_profile_network_v2,1.0,0.8,0.4851768269181185,0.0,0.7324526709620244,-0.9579074074074074,0.1326335040093112,0.0,33.0,8.162424690613687,-0.0291008868063823,0.0,0.0,-0.8515324074074074,0.2275602898273934,0.0,33.0,8.04728419118264,0.0044196256608661,0.0066294384912992,0.0010607101586078,-0.8291666666666666,0.4676803289563521,0.0,33.0,7.334474663319047,-0.0183244299331735,-0.0183244299331735,-0.0009162214966586,-0.5026122685185186,0.3550641718149711,0.0,33.0,7.663098227758731,0.1435724892109883,0.1435724892109883,0.0035893122302747,-0.7151296296296296,0.4151402150847165,0.0,33.0,7.436559966728373,-0.0307079349460614,-0.023030951209546,-0.0013818570725727
2026-06-15,James_Outman,681546,hitter,DET,HOU,2026,824181,64,116,117,0,678906.0,Kai-Wei_Teng,0.0,0.0,0.0,0.0,0.0,4.0,4.0,0.0,3.0,9.0,0.0909090909090909,0.0,0.0,0.0,0.0,10.0,7.95,8.549999999999999,1.4271428571428575,1.08,0.0,73.0,0,2.0,1.2246467991473532e-16,-1.0,0.0,1.0,0.5,0.5,0.5,0.5,0.5,0.5,0.5,0.5,0.5,0.5,synthetic,synthetic,synthetic,synthetic,synthetic,0.0,0.0,0.0,0.0,0.0,-110.0,-110.0,-110.0,-110.0,-110.0,-110.0,-110.0,-110.0,-110.0,-110.0,0.0,0.0,0.0,0.0,0.0,2026-08-28T01:24:59.045926+00:00,-0.2850445887445886,-0.013534021786047234,-0.5,-0.3333393175070062,-0.48099071746020206,0.2,0.8,0.2,0.2,0.2,0.0,0.0,0.0,0.0,0.0,batter_pitcher_profile_network_v2,1.0,0.4,0.7330292669074557,0.0,0.6040815659215346,-0.9521111111111112,0.021110001947799,0.0,34.0,8.812575763413875,-0.027847328949932,0.0,0.0,-0.8645462962962963,-0.0782419653291779,0.0,34.0,8.726272168387217,-0.0106971775895726,-0.0341046816173409,-0.0054567490587745,-0.825,0.2174139072847682,0.0,34.0,8.59523064427949,-0.0138119978289847,-0.0138119978289847,-0.0006905998914492,-0.5590555555555556,-0.1386931242695753,0.0,34.0,8.454905108578087,0.0631274526047713,0.0424272997197552,0.0010606824929938,-0.7276666666666668,0.112594646799117,0.0,34.0,8.5455098719938,-0.0501544716985735,-0.0376158537739301,-0.0022569512264358
2026-06-16,James_Outman,681546,hitter,DET,HOU,2026,824182,65,116,117,0,686613.0,Hunter_Brown,0.0,0.0,0.0,0.0,0.0,2.0,2.0,0.0,2.0,9.0,0.0588235294117647,0.0,0.0,0.0,0.0,10.0,2.75,14.285714285714286,2.1078151260504208,1.08,0.0,73.0,0,1.0,1.2246467991473532e-16,-1.0,0.7818314824680298,0.6234898018587336,0.5,0.5,0.5,0.5,0.5,0.5,0.5,0.5,0.5,0.5,synthetic,synthetic,synthetic,synthetic,synthetic,0.0,0.0,0.0,0.0,0.0,-110.0,-110.0,-110.0,-110.0,-110.0,-110.0,-110.0,-110.0,-110.0,-110.0,0.0,0.0,0.0,0.0,0.0,2026-08-28T01:24:59.045926+00:00,-0.5,-0.07795843050148876,-0.5,-0.33727385761906004,-0.49099055971312877,0.2,0.8,0.2,0.2,0.2,0.0,0.0,0.0,0.0,0.0,batter_pitcher_profile_network_v2,1.0,0.2,0.8202818886051584,0.0,0.5499030937291736,-0.9521111111111112,-0.963,0.0,35.0,4.3529463314431975,-0.0411448284957934,-0.1647804811300365,-0.0164780481130036,-0.8645462962962963,-0.97225,0.0,35.0,4.255535628932009,-0.0444735314675156,-0.2177732788695991,-0.0348437246191358,-0.825,-0.5444999999999999,0.0,35.0,6.5942437615200085,-0.0111413009941161,-0.0918729231090714,-0.0045936461554535,-0.5590555555555556,-0.97225,0.0,35.0,4.1826189359767705,-0.017270005492068,-0.1149543047624001,-0.00287385761906,-0.7276666666666668,-0.7444999999999999,0.0,35.0,5.36949321821913,-0.0603571723633389,-0.1426297767314183,-0.0085577866038851
2026-06-19,James_Outman,681546,hitter,DET,CWS,2026,824264,66,116,145,1,685126.0,Brandon_Eisert,0.0,0.0,0.0,0.0,0.0,0.0,0.0,0.0,0.0,9.0,0.0,0.0,0.0,0.0,0.0,10.0,15.0,13.5,5.800324675324675,1.0666666666666669,0.0,75.0,0,3.0,1.2246467991473532e-16,-1.0,-0.433883739117558,-0.9009688679024191,0.5,0.5,0.5,0.5,0.5,0.5,0.5,0.5,0.5,0.5,synthetic,real,real,synthetic,synthetic,0.0,7.0,6.0,0.0,0.0,-110.0,0.0,0.0,-110.0,-110.0,-110.0,0.0,0.0,-110.0,-110.0,0.0,0.5345224838248488,0.408248290463863,0.0,0.0,2026-06-19T20:50:58.917955+00:00,-0.48832034632034627,-0.10638697544109466,-0.45299362219403827,-0.3348407394426899,-0.36790412328965133,0.2,0.8,0.2,0.2,0.2,0.0,0.0,0.0,0.0,0.0,batter_pitcher_profile_network_v2,1.0,0.1,0.826806987085987,0.0,0.5248716144081966,-0.9521111111111112,0.5,0.0,36.0,7.829055997625224,-0.0088416743231133,0.0,0.0,-0.8645462962962963,0.6,0.0,36.0,7.320266009843626,0.0306792689954389,0.0460189034931584,0.0073630245589053,-0.825,0.8363636363636364,0.0,36.0,6.228268347690869,0.0448028807945602,0.0448028807945602,0.002240144039728,-0.5590555555555556,0.6,0.0,36.0,7.359260675800727,0.1530370889590687,0.1530370889590687,0.0038259272239767,-0.7276666666666668,0.9181818181818182,0.0,36.0,5.671226487903707,-0.02045237901967,-0.0153392842647525,-0.0009203570558851
2026-06-20,James_Outman,681546,hitter,DET,CWS,2026,824263,67,116,145,1,656794.0,Sean_Newcomb,2.0,2.0,1.0,0.0,1.0,2.0,2.0,0.0,0.0,6.0,0.0555555555555555,0.89,0.89,0.0,0.0,65.0,13.5,8.142857142857144,6.186038961038961,1.0666666666666669,13.0,74.0,0,1.0,1.2246467991473532e-16,-1.0,-0.9749279121818236,-0.2225209339563146,0.5,0.5,0.5,0.5,0.5,0.5,0.5,0.5,0.5,0.5,synthetic,real,real,real,synthetic,0.0,1.0,1.0,1.0,0.0,-110.0,140.0,210.0,800.0,-110.0,-110.0,-190.0,-300.0,0.0,-110.0,0.0,0.0,0.0,0.0,0.0,2026-06-20T11:58:55.263102+00:00,-0.1280346320346321,0.3570061618156323,0.1558223539996867,-0.3346562276471394,-0.01646832903130596,0.2,0.8,0.2,0.2,0.2,0.0,0.0,0.0,0.0,0.0,batter_pitcher_profile_network_v2,1.0,0.05,0.9425,0.0,0.5117271875,-0.9521111111111112,0.952,0.0,36.0,5.015254390184128,0.0078183294376072,0.0,0.0,-0.8645462962962963,0.964,0.0,36.0,4.969266063513131,0.0399562297873563,0.0599343446810345,0.0095894951489655,-0.8458333333333333,0.6835555555555556,0.0,36.0,7.154425732568053,0.0454081189547751,0.0454081189547751,0.0022704059477387,-0.5590555555555556,0.964,0.0,36.0,5.071372277651732,0.1604175607810886,0.1604175607810886,0.0040104390195272,-0.7401666666666668,0.8057777777777778,0.0,36.0,6.367370810721249,-0.0245246759241629,-0.0183935069431222,-0.0011036104165873
2026-06-21,James_Outman,681546,hitter,DET,CWS,2026,824260,68,116,145,1,663436.0,Davis_Martin,0.0,0.0,0.0,0.0,0.0,2.0,2.0,0.0,1.0,7.0,0.0465116279069767,0.0,0.0,0.0,0.0,10.0,11.957142857142857,7.885714285714286,6.668181818181819,1.0666666666666669,-4.0,74.0,0,1.0,1.2246467991473532e-16,-1.0,-0.7818314824680299,0.6234898018587334,0.5,0.5,0.5,0.5,0.5,0.5,0.5,0.5,0.5,0.5,synthetic,real,real,real,synthetic,0.0,8.0,7.0,5.0,0.0,-110.0,304.982222,424.205749,1440.094567,-110.0,-110.0,-581.081081,-730.207394,0.0,-110.0,0.0,0.5175491695067657,0.0,0.0,0.0,2026-06-21T19:20:37.517202+00:00,0.30156911267761155,-0.057021534737215385,-0.1974885074739377,-0.4807007479517497,-0.11736881160009671,0.4,0.4,0.2,0.0,0.2,2.0,2.0,1.0,0.0,1.0,batter_pitcher_profile_network_v2,1.0,0.85,0.4279507010674079,0.0,0.7529396332513562,-0.937925925925926,-0.0977474200206399,0.0,36.0,8.998998396239557,-0.0503677663811213,-0.0524453878720291,-0.0052445387872029,-0.8539074074074074,-0.2258557680967123,0.0,36.0,8.670380834198228,-0.0350423828863314,-0.1628889525727129,-0.026062232411634,-0.8625,-0.1641152378495256,0.0,36.0,8.543384693568237,-0.0040717600893568,-0.0850449909163867,-0.0042522495458193,-0.5448703703703704,-0.3556255049388176,0.0,36.0,7.985818203082629,0.0294826271780124,-0.0813632514033267,-0.0020340812850831,-0.7359814814814815,-0.1757051501302274,0.0,36.0,8.404742501588375,-0.0897128519264895,-0.1412596154632066,-0.0084755769277923
2026-06-22,James_Outman,681546,hitter,DET,NYY,2026,824261,69,116,147,1,543037.0,Gerrit_Cole,0.0,0.0,0.0,0.0,0.0,4.0,3.0,1.0,3.0,7.0,0.1081081081081081,0.1725,0.1725,0.0,0.0,20.7,4.75,7.125,5.032653061224489,1.0666666666666669,-13.0,75.0,0,1.0,1.2246467991473532e-16,-1.0,0.0,1.0,0.5,0.5,0.5,0.5,0.5,0.5,0.5,0.5,0.5,0.5,synthetic,synthetic,synthetic,synthetic,synthetic,0.0,0.0,0.0,0.0,0.0,-110.0,-110.0,-110.0,-110.0,-110.0,-110.0,-110.0,-110.0,-110.0,-110.0,0.0,0.0,0.0,0.0,0.0,2026-08-28T01:24:59.045926+00:00,0.09014037260204355,-0.17478864767231828,-0.24480135465462216,-0.4762085138803503,-0.23221533062814037,0.4,0.4,0.2,0.0,0.2,0.0,0.0,0.0,0.0,0.0,batter_pitcher_profile_network_v2,1.0,0.35,0.798635284831287,0.0,0.5882585121628585,-0.937925925925926,-0.238335900112005,0.0,37.0,9.292095094566465,-0.0623683186995541,-0.0450133543252167,-0.0045013354325216,-0.8539074074074074,-0.0377023851949904,0.0,37.0,9.738971137755398,-0.0320018869856773,-0.054485635789828,-0.0087177017263724,-0.8583333333333334,-0.177330113192818,0.0,37.0,9.1682559067969,-0.014855088169653,-0.0455044786412569,-0.0022752239320628,-0.5448703703703704,0.186119336116485,0.0,37.0,9.443907585931433,0.0983261114526559,0.0983261114526559,0.0024581527863163,-0.7334814814814814,-0.1541163153786104,0.0,37.0,9.138121360997626,-0.09705255779169,-0.0955519804083339,-0.0057331188245
2026-06-24,James_Outman,681546,hitter,DET,NYY,2026,824259,70,116,147,1,677960.0,Ryan_Weathers,0.0,0.0,0.0,0.0,0.0,0.0,0.0,0.0,0.0,3.0,0.0,0.0,0.0,0.0,0.0,10.0,7.127530364372469,7.174089068825911,4.775510204081633,1.0666666666666669,-6.0,74.0,0,2.0,1.2246467991473532e-16,-1.0,0.9749279121818236,-0.22252093395631434,0.5,0.5,0.5,0.5,0.5,0.5,0.5,0.5,0.5,0.5,synthetic,synthetic,synthetic,synthetic,synthetic,0.0,0.0,0.0,0.0,0.0,-110.0,-110.0,-110.0,-110.0,-110.0,-110.0,-110.0,-110.0,-110.0,-110.0,0.0,0.0,0.0,0.0,0.0,2026-08-28T01:24:59.045926+00:00,-0.08168404527803008,-0.3639856877015957,-0.44642779025670176,-0.4754397400310439,-0.42168509276797955,0.4,0.4,0.2,0.0,0.2,0.0,0.0,0.0,0.0,0.0,batter_pitcher_profile_network_v2,1.0,0.85,0.4479071480126456,0.0,0.7508616682131832,-0.933962962962963,0.125118490144315,0.0,38.0,9.894592260276104,-0.0507688707156085,0.0,0.0,-0.8509351851851852,0.2911354886995697,0.0,38.0,9.464084006854671,-0.009315365423316,-0.013973048134974,-0.0022356877015958,-0.85,0.3324298816680398,0.0,38.0,9.390972568922049,0.000933990784332,0.000933990784332,4.669953921660043e-05,-0.5409074074074074,0.445905225541675,0.0,38.0,8.712425167339452,0.12907706542491,0.12907706542491,0.0032269266356227,-0.7245185185185185,0.4051601448259345,0.0,38.0,8.999929923109608,-0.0769022882680276,-0.0576767162010207,-0.0034606029720612
2026-06-25,James_Outman,681546,hitter,DET,HOU,2026,824258,71,116,117,1,837227.0,Tatsuya_Imai,0.0,0.0,0.0,0.0,0.0,3.0,3.0,0.0,2.0,8.0,0.09375,0.0,0.0,0.0,0.0,10.0,25.2,14.799999999999999,2.6774436090225566,1.0666666666666669,9.0,77.0,0,1.0,1.2246467991473532e-16,-1.0,0.43388373911755823,-0.900968867902419,0.5,0.5,0.5,0.5,0.5,0.5,0.5,0.5,0.5,0.5,synthetic,synthetic,synthetic,synthetic,synthetic,0.0,0.0,0.0,0.0,0.0,-110.0,-110.0,-110.0,-110.0,-110.0,-110.0,-110.0,-110.0,-110.0,-110.0,0.0,0.0,0.0,0.0,0.0,2026-08-28T01:24:59.045926+00:00,-0.3899339160652373,-0.2652658406283721,-0.4846417189220517,-0.4771007195144921,-0.4182209385960952,0.4,0.4,0.2,0.0,0.2,0.0,0.0,0.0,0.0,0.0,batter_pitcher_profile_network_v2,1.0,0.65,0.6425000000000001,1.0,0.6950909375000001,-0.933962962962963,-0.0368880151122053,0.0777777777777777,38.0,10.386625992696295,-0.072034998726887,0.0515583957386035,0.0051558395738603,-0.8509351851851852,0.0112927303560252,0.0345679012345679,38.0,10.382555233922425,-0.0434710952108101,-0.0368177539273263,-0.0058908406283722,-0.8375,0.5826040686681837,-0.037037037037037,38.0,8.644887539216207,0.0026386792030764,-0.0277779874635902,-0.0013888993731795,-0.5409074074074074,0.1398850200756514,-0.0246913580246913,38.0,10.134999890904837,0.0829156638647609,0.0626378860869831,0.0015659471521745,-0.7170185185185185,0.479876264929866,-0.037037037037037,38.0,9.116760575023426,-0.0781804232716261,-0.0890519841203862,-0.0053431190472231
2026-06-26,James_Outman,681546,hitter,DET,HOU,2026,824255,72,116,117,1,681293.0,Spencer_Arrighetti,1.0,4.0,2.0,1.0,3.0,3.0,2.0,1.0,0.0,9.0,0.0857142857142857,0.93,0.93,1.5,30.0,65.0,6.5,11.0,2.463157894736842,1.0666666666666669,-5.0,73.0,0,1.0,1.2246467991473532e-16,-1.0,-0.433883739117558,-0.9009688679024191,0.5,4.5,1.5,0.5,0.5,0.5,0.5,0.5,0.5,0.5,synthetic,real,real,synthetic,synthetic,0.0,7.0,6.0,0.0,0.0,-110.0,624.137931,1100.0,-110.0,-110.0,-110.0,0.0,0.0,-110.0,-110.0,0.0,1.9880595947760098,0.8944271909999159,0.0,0.0,2026-06-27T01:11:02.474098+00:00,-0.2599966869099365,-2.087266581083063,-1.0070666099940078,-0.029947890216141637,-0.1639899054372106,0.4,0.4,0.2,0.0,0.2,0.0,0.0,0.0,0.0,0.0,batter_pitcher_profile_network_v2,1.0,0.6,0.547749295487755,0.0,0.66974042678165,-0.933962962962963,-0.3753997115634555,0.0,40.0,9.830977040295116,-0.0772337511039611,-0.1585633603274367,-0.0158563360327436,-0.8509351851851852,-0.3510320930291743,0.0,40.0,9.870666304943096,-0.0666758881533306,-0.2351036317691429,-0.0376165810830628,-0.8541666666666667,-0.1571735244361472,0.0,40.0,10.247864240097496,-0.0287743587121251,-0.0894900946169944,-0.0044745047308497,-0.5409074074074074,-0.2870709155547715,0.0,40.0,9.906492196617268,0.0189759977859826,-0.0512489419790018,-0.001281223549475,-0.7270185185185185,-0.2567461922404703,0.0,40.0,9.71025151833352,-0.1085065312520572,-0.1657966695675478,-0.0099478001740528
2026-06-27,James_Outman,681546,hitter,DET,HOU,2026,824257,73,116,117,1,678906.0,Kai-Wei_Teng,0.0,0.0,0.0,0.0,0.0,4.0,3.0,1.0,2.0,8.0,0.0952380952380952,0.1725,0.1725,0.0,0.0,20.7,8.75,13.850000000000001,2.463157894736842,1.0666666666666669,-7.0,77.0,0,1.0,1.2246467991473532e-16,-1.0,-0.9749279121818236,-0.2225209339563146,0.5,1.0,0.5,0.5,0.5,0.5,0.5,0.5,0.5,0.5,synthetic,real,real,real,synthetic,0.0,6.0,4.0,7.0,0.0,-110.0,159.516282,172.68532,737.994582,-110.0,-110.0,-178.983397,-234.328358,0.0,-110.0,0.0,0.5477225575051662,0.0,0.0,0.0,2026-06-27T13:01:31.487963+00:00,-0.3530865829506895,0.11063142958190242,0.0077755138456517825,-0.2379145544583841,0.37439385932607083,0.2,0.8,0.4,0.2,0.6,1.0,4.0,2.0,1.0,3.0,batter_pitcher_profile_network_v2,1.0,0.5,0.6809653196881458,1.0,0.6520408741691011,-0.9135925925925926,0.0555203806502776,-0.037037037037037,40.0,11.175592120581442,-0.0670466725408012,-0.0311289874016323,-0.0031128987401632,-0.7314907407407407,0.0607766653449643,-0.0493827160493827,40.0,11.158602490031992,-0.044177999051734,-0.1077723151131108,-0.0172435704180977,-0.8666666666666667,0.3391377147766324,-0.0518518518518518,40.0,10.546629027515149,-0.0165670354615218,-0.0601476178238071,-0.0030073808911903,-0.289287037037037,0.0966336241078509,-0.0493827160493827,40.0,10.95710372940538,0.0715898048668132,0.0300844883313035,0.0007521122082825,-0.5891481481481481,0.2800075601374571,-0.0592592592592592,40.0,10.583216625828982,-0.1005700582269899,-0.1252339235128541,-0.0075140354107712
2026-06-28,James_Outman,681546,hitter,DET,HOU,2026,824256,74,116,117,1,686613.0,Hunter_Brown,1.0,1.0,0.0,0.0,0.0,3.0,3.0,0.0,1.0,8.0,0.0666666666666666,0.2966666666666667,0.2966666666666667,0.0,0.0,35.6,2.0294117647058822,11.705882352941176,1.8470864661654136,1.0666666666666669,-8.0,82.0,0,1.0,1.2246467991473532e-16,-1.0,-0.7818314824680299,0.6234898018587334,0.5,0.5,0.5,0.5,0.5,0.5,0.5,0.5,0.5,0.5,synthetic,synthetic,synthetic,synthetic,synthetic,0.0,0.0,0.0,0.0,0.0,-110.0,-110.0,-110.0,-110.0,-110.0,-110.0,-110.0,-110.0,-110.0,-110.0,0.0,0.0,0.0,0.0,0.0,2026-08-28T01:24:59.045926+00:00,-0.4503378375267244,0.045663879963179554,-0.2758653158591179,-0.3409315890679445,-0.13709355602830947,0.2,0.8,0.4,0.2,0.6,0.0,0.0,0.0,0.0,0.0,batter_pitcher_profile_network_v2,1.0,0.3,0.7430887016026047,1.0,0.5964414902161044,-0.9096296296296296,-0.9000042016806722,-0.037037037037037,41.0,6.252897516496257,-0.0651298712049084,-0.2426051185961551,-0.0242605118596155,-0.7285185185185185,-0.8730790210821169,-0.0493827160493827,41.0,6.381013314644924,-0.0577263357786986,-0.2930382502301292,-0.0468861200368206,-0.8833333333333333,-0.4254486952675805,-0.0518518518518518,41.0,9.285119240762306,-0.0209843187003445,-0.1627261166811055,-0.0081363058340552,-0.285324074074074,-0.8353597228365028,-0.0493827160493827,41.0,6.498448228484417,0.013676686813466,-0.090596896051117,-0.0022649224012779,-0.5951851851851853,-0.6179048356184579,-0.0592592592592592,41.0,7.840298914360143,-0.0684451719086608,-0.1974646556096694,-0.0118478793365801
2026-06-29,James_Outman,681546,hitter,DET,NYY,2026,823529,75,116,147,0,677960.0,Ryan_Weathers,1.0,1.0,1.0,0.0,0.0,4.0,4.0,0.0,1.0,9.0,0.0930232558139534,0.2225,0.2225,0.0,0.0,26.7,5.127530364372469,8.17408906882591,1.1444270015698588,1.08,0.0,83.0,0,1.0,1.2246467991473532e-16,-1.0,0.0,1.0,0.5,0.5,0.5,0.5,0.5,0.5,0.5,0.5,0.5,0.5,synthetic,synthetic,synthetic,synthetic,synthetic,0.0,0.0,0.0,0.0,0.0,-110.0,-110.0,-110.0,-110.0,-110.0,-110.0,-110.0,-110.0,-110.0,-110.0,0.0,0.0,0.0,0.0,0.0,2026-08-28T01:24:59.045926+00:00,0.04551743225510119,0.3494087058178539,-0.31945840664425185,-0.333165469093868,-0.15341282051507937,0.4,1.0,0.4,0.2,0.6,1.0,1.0,0.0,0.0,0.0,batter_pitcher_profile_network_v2,1.0,0.9,0.4127384878785257,1.0,0.7882455817113926,-0.9205185185185184,-0.0063785751453628,-0.0333333333333333,42.0,11.216733028157844,-0.0492310359698929,-0.0269938041290916,-0.0026993804129091,-0.7598333333333332,0.1537392149139426,-0.0444444444444444,42.0,11.031171969816825,-0.0163525806327485,-0.0559230595686456,-0.0089476895309832,-0.8958333333333333,0.1160645646398369,-0.037037037037037,42.0,11.04107421085979,0.0458806428830817,0.0197188190334794,0.0009859409516739,-0.379199074074074,0.2782312099878343,-0.0493827160493827,42.0,10.555618330371182,0.0842636680447498,0.04938123624528,0.001234530906132,-0.6413518518518517,0.1808541787613476,-0.037037037037037,42.0,10.823484811221576,-0.0046624444401222,-0.029658657179694,-0.0017795194307816
2026-06-30,James_Outman,681546,hitter,DET,NYY,2026,823528,76,116,147,0,693645.0,Cam_Schlittler,1.0,4.0,1.0,1.0,3.0,4.0,3.0,1.0,1.0,8.0,0.1025641025641025,0.6975,0.6975,1.0,30.0,65.0,0.4285714285714286,14.9,1.1444270015698588,1.08,0.0,86.0,0,1.0,1.2246467991473532e-16,-1.0,0.7818314824680298,0.6234898018587336,0.5,1.5,0.5,0.5,0.5,0.5,1.5,0.5,0.5,0.5,synthetic,synthetic,synthetic,synthetic,synthetic,0.0,0.0,0.0,0.0,0.0,-110.0,-110.0,-110.0,-110.0,-110.0,-110.0,-110.0,-110.0,-110.0,-110.0,0.0,0.0,0.0,0.0,0.0,2026-08-28T01:24:59.045926+00:00,-0.16251074340918448,0.8458813588784202,0.21377696100842902,-0.013432233924411452,-0.015493109631326552,0.6,1.2,0.6,0.2,0.6,1.0,1.0,1.0,0.0,0.0,batter_pitcher_profile_network_v2,1.0,1.0,0.3472496175741326,0.0,0.8074619218471687,-0.9238148148148148,-0.6377404403490561,0.0,44.0,9.303902101518773,-0.0384964399748982,-0.3845705424120958,-0.0384570542412095,-0.7623055555555555,-0.644875125790934,0.0,44.0,9.035402170686355,-0.0387573080950502,-0.379022757009874,-0.0606436411215798,-0.9291666666666668,-0.6632819499249518,0.0,44.0,8.144941048016369,0.0612865542447541,-0.3410031660166637,-0.0170501583008331,-0.3824953703703703,-0.6680842325194722,0.0,44.0,8.498285684066158,0.0055139052161801,-0.1612893569764621,-0.0040322339244115,-0.6646481481481481,-0.6746958130340005,0.0,44.0,8.06682787207139,-0.0003747693823387,-0.2929974054200687,-0.0175798443252041
2026-07-01,James_Outman,681546,hitter,DET,NYY,2026,823530,77,116,147,0,701542.0,Will_Warren,0.0,0.0,0.0,0.0,0.0,5.0,5.0,0.0,2.0,8.0,0.1136363636363636,0.0,0.0,0.0,0.0,10.0,5.205882352941177,4.985294117647059,1.6587127158555732,1.08,2.0,95.0,0,1.0,-0.4999999999999997,-0.8660254037844388,0.9749279121818236,-0.22252093395631434,0.5,1.5,0.5,0.5,1.5,0.5,1.5,0.5,0.5,1.5,synthetic,synthetic,synthetic,synthetic,synthetic,0.0,0.0,0.0,0.0,0.0,-110.0,-110.0,-110.0,-110.0,-110.0,-110.0,-110.0,-110.0,-110.0,-110.0,0.0,0.0,0.0,0.0,0.0,2026-08-28T01:24:59.045926+00:00,0.5802322432963545,0.3146960216243999,0.016132027276519634,-0.0932310949139657,-0.28182801319260076,0.8,2.0,0.8,0.4,1.2,1.0,4.0,1.0,1.0,3.0,batter_pitcher_profile_network_v2,1.0,1.0,0.3865535421758714,0.0,0.8026471910834557,-0.9238148148148148,-0.1111150979082971,0.0,44.0,13.00584579695716,-0.016188027389654,-0.0629701400097023,-0.0062970140009702,-0.7391574074074073,-0.1538540168096698,0.0,44.0,12.82219971900946,0.0213213450946882,-0.0377805466656813,-0.006044887466509,-0.925,-0.1149022892285702,0.0,44.0,12.48788440971486,0.0904913881873704,0.0252914660384567,0.0012645733019228,-0.3408287037037036,-0.1889474076142676,0.0,44.0,12.37933623693055,0.0862613578481324,0.0467562034413741,0.0011689050860343,-0.6343703703703703,-0.1252016187304859,0.0,44.0,12.314548721738756,0.0338519316930272,-0.023333543695717,-0.001400012621743
2026-07-02,James_Outman,681546,hitter,DET,TEX,2026,822884,78,116,140,0,543135.0,Nathan_Eovaldi,0.0,0.0,0.0,0.0,0.0,2.0,2.0,0.0,2.0,8.0,0.048780487804878,0.0,0.0,0.0,0.0,10.0,2.785714285714286,10.928571428571429,8.796428571428573,1.08,0.0,74.0,0,1.0,-0.4999999999999997,-0.8660254037844388,0.43388373911755823,-0.900968867902419,0.5,1.5,0.5,0.5,0.5,0.5,1.5,0.5,0.5,0.5,synthetic,synthetic,synthetic,synthetic,synthetic,0.0,0.0,0.0,0.0,0.0,-110.0,-110.0,-110.0,-110.0,-110.0,-110.0,-110.0,-110.0,-110.0,-110.0,0.0,0.0,0.0,0.0,0.0,2026-08-28T01:24:59.045926+00:00,0.10508285486047575,-0.8054592317552722,-0.10385477644109486,-0.3337155014869081,0.11168974579071766,0.6,1.2,0.4,0.2,0.6,0.0,0.0,0.0,0.0,0.0,batter_pitcher_profile_network_v2,1.0,0.95,0.3241582647877392,0.0,0.7947760819353269,-0.9238148148148148,-0.0072560542849366,0.0,45.0,13.866288198053464,-0.0248868941177689,-0.0045303364126659,-0.0004530336412665,-0.7391574074074073,0.0725311999153923,0.0,45.0,13.744746028112226,0.0025936481741713,0.0038904722612569,0.0006224755618011,-0.9208333333333334,-0.0490441866880648,0.0,45.0,13.467726515573077,0.0727296483981348,0.0422076070666047,0.0021103803533302,-0.3408287037037036,0.142675227399536,0.0,45.0,13.403556322292284,0.0273799405236794,0.0273799405236794,0.0006844985130919,-0.6318703703703703,0.0143900099292713,0.0,45.0,13.398145486402017,-0.011056365316613,-0.0082922739874597,-0.0004975364392475
2026-07-04,James_Outman,681546,hitter,DET,TEX,2026,822882,79,116,140,0,615698.0,Cal_Quantrill,0.0,0.0,0.0,0.0,0.0,4.0,4.0,0.0,1.0,9.0,0.1111111111111111,0.0,0.0,0.0,0.0,10.0,4.5,6.75,7.832142857142857,1.08,0.0,74.0,0,2.0,-0.4999999999999997,-0.8660254037844388,-0.9749279121818236,-0.2225209339563146,0.5,1.5,0.5,0.5,0.5,0.5,1.5,0.5,0.5,0.5,synthetic,synthetic,synthetic,synthetic,synthetic,0.0,0.0,0.0,0.0,0.0,-110.0,-110.0,-110.0,-110.0,-110.0,-110.0,-110.0,-110.0,-110.0,-110.0,0.0,0.0,0.0,0.0,0.0,2026-08-28T01:24:59.045926+00:00,0.3674093389328916,-0.7368923980629906,-0.08424981660873093,-0.3339722809371074,0.13672003246453568,0.6,1.2,0.4,0.2,0.6,0.0,0.0,0.0,0.0,0.0,batter_pitcher_profile_network_v2,1.0,0.15,0.8458364779650318,0.0,0.5369577547173925,-0.9332962962962964,-0.007625,0.0,45.0,14.53332799270668,-0.0135447826573041,-0.0010970868615616,-0.0001097086861561,-0.7462685185185185,0.0204687499999999,0.0,45.0,14.482313445487868,0.0046844525153176,0.0070266787729765,0.0011242686036762,-0.9208333333333334,-0.26621875,0.0,45.0,13.32909577534268,0.0656529342205074,0.027860810682524,0.0013930405341262,-0.3503101851851851,0.0524999999999999,0.0,45.0,14.214454802237988,0.0171087625157041,0.0171087625157041,0.0004277190628926,-0.6413518518518517,-0.186375,0.0,45.0,13.610608965575745,0.0122637986230078,-0.0092296176545678,-0.000553777059274
2026-07-05,James_Outman,681546,hitter,DET,TEX,2026,822879,80,116,140,0,677958.0,Kumar_Rocker,1.0,1.0,1.0,0.0,0.0,4.0,4.0,0.0,1.0,9.0,0.0975609756097561,0.2225,0.2225,0.0,0.0,26.7,6.6000000000000005,11.5,5.260714285714286,1.08,0.0,74.0,0,1.0,-0.4999999999999997,-0.8660254037844388,-0.7818314824680299,0.6234898018587334,0.5,0.5,0.5,0.5,0.5,0.5,0.5,0.5,0.5,0.5,synthetic,synthetic,synthetic,synthetic,synthetic,0.0,0.0,0.0,0.0,0.0,-110.0,-110.0,-110.0,-110.0,-110.0,-110.0,-110.0,-110.0,-110.0,-110.0,0.0,0.0,0.0,0.0,0.0,2026-08-28T01:24:59.045926+00:00,-0.12875679442508708,0.2241898123766124,-0.10636464321740152,-0.3339625719156401,0.05701357644196492,0.4,1.0,0.4,0.2,0.6,0.0,0.0,0.0,0.0,0.0,batter_pitcher_profile_network_v2,1.0,0.75,0.4869344896021533,0.0,0.7177628937678021,-0.9332962962962964,0.1792245922630115,0.0,45.0,14.04550001041425,-0.0117937281243297,0.0,0.0,-0.7462685185185185,0.0983934298786221,0.0,45.0,14.359542333714074,0.003659279211495,0.0054889188172425,0.0008782270107588,-0.9208333333333334,0.2395506808154572,0.0,45.0,13.90728951308074,0.0509562645718314,0.0509562645718314,0.0025478132285915,-0.3503101851851851,0.0482436694952355,0.0,45.0,14.217437254580949,0.0174971233743997,0.0174971233743997,0.0004374280843599,-0.6413518518518518,0.2054059790050206,0.0,45.0,13.88337693936909,-0.0556410035738363,-0.0417307526803772,-0.0025038451608226
2026-07-07,James_Outman,681546,hitter,DET,ATH,2026,824254,81,116,133,1,669372.0,JT_Ginn,0.0,0.0,0.0,0.0,0.0,2.0,2.0,0.0,1.0,8.0,0.054054054054054,0.0,0.0,0.0,0.0,10.0,3.687500000000005,7.3125,5.79301948051948,1.0666666666666669,-5.0,85.0,0,2.0,-0.4999999999999997,-0.8660254037844388,0.7818314824680298,0.6234898018587336,0.5,0.5,0.5,0.5,0.5,0.5,0.5,0.5,0.5,0.5,synthetic,synthetic,synthetic,synthetic,synthetic,0.0,0.0,0.0,0.0,0.0,-110.0,-110.0,-110.0,-110.0,-110.0,-110.0,-110.0,-110.0,-110.0,-110.0,0.0,0.0,0.0,0.0,0.0,2026-08-28T01:24:59.045926+00:00,0.21163423631062916,0.20407370770505273,-0.10765058284918161,-0.33878766807896055,-0.034997875572778,0.4,1.0,0.4,0.2,0.6,1.0,1.0,1.0,0.0,0.0,batter_pitcher_profile_network_v2,1.0,0.95,0.4252455146709574,0.0,0.7830120532301673,-0.9474814814814816,-0.2066649207697198,0.0,46.0,14.733856853498116,0.0003198600953732,-0.1125433570294306,-0.011254335702943,-0.7800555555555555,-0.1602466922403521,0.0,46.0,14.807164545081116,0.0262162166936283,-0.03252074576234,-0.0052033193219744,-0.9208333333333334,-0.0306712762966348,0.0,46.0,14.752365378278308,0.0530395680452212,0.0368067003347261,0.0018403350167363,-0.4474814814814813,-0.083341204435474,0.0,46.0,14.68925963342352,0.0165946336079168,-0.0048400564917589,-0.0001210014122939,-0.6833148148148147,-0.1123938372722446,0.0,46.0,14.40357190136017,-0.0126207910425532,-0.0536069527719937,-0.0032164171663196
2026-07-08,James_Outman,681546,hitter,DET,ATH,2026,824253,82,116,133,1,605488.0,Jeffrey_Springs,0.0,0.0,0.0,0.0,0.0,0.0,0.0,0.0,0.0,7.0,0.0,0.0,0.0,0.0,0.0,10.0,9.971590909090908,7.7727272727272725,7.078733766233766,1.0666666666666669,-7.0,87.0,0,1.0,-0.4999999999999997,-0.8660254037844388,0.9749279121818236,-0.22252093395631434,0.5,0.5,0.5,0.5,0.5,0.5,0.5,0.5,0.5,0.5,synthetic,synthetic,synthetic,synthetic,synthetic,0.0,0.0,0.0,0.0,0.0,-110.0,-110.0,-110.0,-110.0,-110.0,-110.0,-110.0,-110.0,-110.0,-110.0,0.0,0.0,0.0,0.0,0.0,2026-08-28T01:24:59.045926+00:00,-0.09482034632034625,-0.4819492474252847,-0.3698515547908121,-0.4790957824024508,-0.4440940127935451,0.2,0.2,0.2,0.0,0.0,0.0,0.0,0.0,0.0,0.0,batter_pitcher_profile_network_v2,1.0,1.0,0.3591669384717331,0.0,0.8060020500372127,-0.967851851851852,0.3827220910164409,0.0,46.0,13.74091899837336,0.0031231786644021,0.0,0.0,-0.7953333333333332,0.5743714801526023,0.0,46.0,12.039285438530564,0.0158364690613134,0.0237547035919702,0.0038007525747152,-0.9166666666666669,0.6624331039755351,0.0,46.0,11.760852718364369,0.0292351379499926,0.0292351379499926,0.0014617568974996,-0.4678518518518518,0.8179207920792079,0.0,46.0,9.582966235604252,-0.0171646294313716,-0.0171646294313716,-0.0004291157357842,-0.7011851851851851,0.7094418960244648,0.0,46.0,11.144301340885267,-0.1117933578940755,-0.0838450184205567,-0.0050307011052334
2026-07-09,James_Outman,681546,hitter,DET,ATH,2026,824251,83,116,133,1,660761.0,José_Suarez,0.0,0.0,0.0,0.0,0.0,3.0,3.0,0.0,2.0,9.0,0.088235294117647,0.0,0.0,0.0,0.0,10.0,0.0,6.0,4.185876623376624,1.0666666666666669,7.0,80.0,0,1.0,-0.4999999999999997,-0.8660254037844388,0.43388373911755823,-0.900968867902419,0.5,0.5,0.5,0.5,0.5,0.5,0.5,0.5,0.5,0.5,synthetic,synthetic,synthetic,synthetic,synthetic,0.0,0.0,0.0,0.0,0.0,-110.0,-110.0,-110.0,-110.0,-110.0,-110.0,-110.0,-110.0,-110.0,-110.0,0.0,0.0,0.0,0.0,0.0,2026-08-28T01:24:59.045926+00:00,-0.029883608220183433,-0.3927217290844864,-0.4240393131886998,-0.4774991867968693,-0.4814410028299386,0.2,0.2,0.2,0.0,0.0,0.0,0.0,0.0,0.0,0.0,batter_pitcher_profile_network_v2,1.0,0.15,0.8546078370824611,0.0,0.5367965809936098,-0.967851851851852,-0.3570653975653977,0.0,46.0,14.902352102996185,-0.0094075294689291,-0.0502455550818967,-0.0050245555081896,-0.7953333333333332,-0.5345316951566953,0.0,46.0,12.99366731323872,0.0273543388606899,-0.0207791891309817,-0.003324670260957,-0.9208333333333334,-0.1610439113355779,0.0,46.0,15.336048663109054,0.0363685739731162,0.0148077010846771,0.0007403850542338,-0.4678518518518518,-0.7179807692307694,0.0,46.0,10.514936914049542,0.0955376774106365,0.0466991947918954,0.0011674798697973,-0.7036851851851852,-0.3070701459034791,0.0,46.0,14.259021972190892,0.0085654810678688,-0.0249923313520453,-0.0014995398811227
2026-07-10,James_Outman,681546,hitter,DET,PHI,2026,824252,84,116,143,1,605400.0,Aaron_Nola,1.0,3.0,1.0,0.0,2.0,4.0,4.0,0.0,1.0,8.0,0.1052631578947368,0.405,0.405,0.5,30.0,65.0,7.331868131868132,9.461538461538462,8.602597402597404,1.0666666666666669,-5.0,82.0,0,1.0,-0.4999999999999997,-0.8660254037844388,-0.433883739117558,-0.9009688679024191,0.5,0.5,0.5,0.5,0.5,0.5,0.5,0.5,0.5,0.5,synthetic,synthetic,synthetic,synthetic,synthetic,0.0,0.0,0.0,0.0,0.0,-110.0,-110.0,-110.0,-110.0,-110.0,-110.0,-110.0,-110.0,-110.0,-110.0,0.0,0.0,0.0,0.0,0.0,2026-08-28T01:24:59.045926+00:00,0.01309714846556953,0.41265169692136083,0.051218400438512,-0.2797252661438162,-0.12297511167211811,0.2,0.2,0.2,0.0,0.0,0.0,0.0,0.0,0.0,0.0,batter_pitcher_profile_network_v2,1.0,1.0,0.337316090456508,0.0,0.8086787789190777,-0.9794814814814816,0.3693371077198663,0.0,45.0,14.431229505870268,-0.0030565370885196,0.0,0.0,-0.8040555555555555,0.4316326928818308,0.0,45.0,14.063463527322972,0.0050180354179508,0.0075270531269262,0.0012043285003082,-0.9291666666666668,0.5267127953464161,0.0,45.0,13.752916725835597,0.0191390272254685,0.0191390272254685,0.0009569513612734,-0.4794814814814814,0.4899301066749343,0.0,45.0,13.623158763741149,-0.0423439790859878,-0.0423439790859878,-0.0010585994771496,-0.7203148148148146,0.5896893279134658,0.0,45.0,13.026760800680858,-0.1198767885821957,-0.0899075914366467,-0.0053944554861988
2026-07-12,James_Outman,681546,hitter,DET,PHI,2026,824250,85,116,143,1,554430.0,Zack_Wheeler,0.0,0.0,0.0,0.0,0.0,3.0,3.0,0.0,2.0,9.0,0.0967741935483871,0.0,0.0,0.0,0.0,10.0,3.4285714285714284,14.571428571428571,12.202597402597403,1.0666666666666669,-8.0,83.0,0,2.0,-0.4999999999999997,-0.8660254037844388,-0.7818314824680299,0.6234898018587334,0.5,0.5,0.5,0.5,0.5,0.5,0.5,0.5,0.5,0.5,synthetic,synthetic,synthetic,synthetic,synthetic,0.0,0.0,0.0,0.0,0.0,-110.0,-110.0,-110.0,-110.0,-110.0,-110.0,-110.0,-110.0,-110.0,-110.0,0.0,0.0,0.0,0.0,0.0,2026-08-28T01:24:59.045926+00:00,0.1447289249390823,0.39225256874908365,0.24649822734096072,-0.4794926431237277,0.515201314607074,0.4,0.8,0.4,0.0,0.4,1.0,3.0,1.0,0.0,2.0,batter_pitcher_profile_network_v2,1.0,0.7,0.5238152613632081,0.0,0.7000828413381048,-0.9591111111111112,-0.5487373511997419,0.0,45.0,13.41964995367112,-0.0120418155743576,-0.2506160710951438,-0.0250616071095143,-0.7540555555555555,-0.4012937545575967,0.0,45.0,14.549743802479451,0.0140830872616471,-0.1229678162859706,-0.0196748506057553,-0.9333333333333332,-0.448017474444553,0.0,45.0,13.334426000325596,0.0327739451773412,-0.1663425331975475,-0.0083171266598773,-0.352861111111111,-0.2515471329359752,0.0,45.0,15.18304946326742,0.0092276709333048,-0.0330390582824463,-0.0008259764570611,-0.6607777777777777,-0.444613445415524,0.0,45.0,13.27619436246159,0.0146424729134411,-0.1289167855949958,-0.0077350071356997
2026-07-17,James_Outman,681546,hitter,DET,LAA,2026,824009,86,116,108,0,672282.0,Reid_Detmers,0.0,0.0,1.0,0.0,0.0,0.0,0.0,0.0,0.0,3.0,0.0,0.0,0.0,0.0,0.0,10.0,7.808823529411764,11.735294117647058,6.5076923076923086,1.08,9.0,80.0,0,5.0,-0.4999999999999997,-0.8660254037844388,-0.433883739117558,-0.9009688679024191,0.5,0.5,0.5,0.5,0.5,0.5,0.5,0.5,0.5,0.5,synthetic,synthetic,synthetic,synthetic,synthetic,0.0,0.0,0.0,0.0,0.0,-110.0,-110.0,-110.0,-110.0,-110.0,-110.0,-110.0,-110.0,-110.0,-110.0,0.0,0.0,0.0,0.0,0.0,2026-08-28T01:24:59.045926+00:00,-0.3550651989945336,-0.24457583468268768,-0.3585872096193674,-0.4755661379365676,-0.19834011749090352,0.2,0.6,0.2,0.0,0.4,0.0,0.0,0.0,0.0,0.0,batter_pitcher_profile_network_v2,1.0,1.0,0.3894742472176136,0.0,0.8022894047158423,-0.9591111111111112,-0.2221487166904734,0.0,45.0,16.479069910209947,-0.0145677415815769,-0.1300818541987313,-0.0130081854198731,-0.7540555555555555,-0.197608502922247,0.0,45.0,16.37988811159211,0.005541084039841,-0.0826614667667981,-0.0132258346826877,-0.9583333333333334,0.0171962044044966,0.0,45.0,16.6855217837306,0.0255634999203455,0.0255634999203455,0.0012781749960172,-0.352861111111111,-0.139772582151369,0.0,45.0,16.16946934589511,-0.0165341989023212,-0.0466455174627059,-0.0011661379365676,-0.6757777777777777,-0.0103024572657389,0.0,45.0,16.412757122037828,-0.0548821726507629,-0.0454122145919845,-0.002724732875519
2026-07-18,James_Outman,681546,hitter,DET,LAA,2026,824008,87,116,108,0,680570.0,Grayson_Rodriguez,1.0,1.0,1.0,0.0,0.0,4.0,4.0,0.0,0.0,9.0,0.1,0.2225,0.2225,0.0,0.0,26.7,5.383928571428572,4.660714285714286,6.850549450549451,1.08,0.0,79.0,0,1.0,-0.4999999999999997,-0.8660254037844388,-0.9749279121818236,-0.2225209339563146,0.5,0.5,0.5,0.5,0.5,0.5,0.5,0.5,0.5,0.5,synthetic,synthetic,synthetic,synthetic,synthetic,0.0,0.0,0.0,0.0,0.0,-110.0,-110.0,-110.0,-110.0,-110.0,-110.0,-110.0,-110.0,-110.0,-110.0,0.0,0.0,0.0,0.0,0.0,2026-08-28T01:24:59.045926+00:00,0.16771959706959716,-0.021316369986620287,0.11510319362608412,-0.4759593321990498,0.0018761189699402214,0.2,0.6,0.4,0.0,0.4,0.0,0.0,1.0,0.0,0.0,batter_pitcher_profile_network_v2,1.0,0.5,0.6471845252194117,0.0,0.635359947830311,-0.9591111111111112,0.3548294117647059,0.0,45.0,15.865789875910927,-0.004917944187932,0.0,0.0,-0.7540555555555555,0.2362393820028011,0.0,45.0,16.884912815573962,0.0029526250557489,0.0044289375836234,0.0007086300133797,-0.9375,0.5190696049253034,0.0,45.0,15.18364687866874,0.0290144219722316,0.0290144219722316,0.0014507210986115,-0.352861111111111,0.1673591736694678,0.0,45.0,17.02551744710852,-0.0623732879619929,-0.0623732879619929,-0.0015593321990498,-0.6632777777777776,0.4506928688141923,0.0,45.0,15.591741149022878,-0.0889189679451663,-0.0666892259588747,-0.0040013535575324
2026-07-19,James_Outman,681546,hitter,DET,LAA,2026,824007,88,116,108,0,696270.0,Ryan_Johnson,1.0,1.0,0.0,0.0,0.0,3.0,3.0,0.0,1.0,8.0,0.088235294117647,0.2966666666666667,0.2966666666666667,0.0,0.0,35.6,3.9,6.8999999999999995,3.2505494505494505,1.08,9.0,84.0,0,1.0,-0.4999999999999997,-0.8660254037844388,-0.7818314824680299,0.6234898018587334,0.5,0.5,0.5,0.5,0.5,0.5,0.5,0.5,0.5,0.5,synthetic,synthetic,synthetic,synthetic,synthetic,0.0,0.0,0.0,0.0,0.0,-110.0,-110.0,-110.0,-110.0,-110.0,-110.0,-110.0,-110.0,-110.0,-110.0,0.0,0.0,0.0,0.0,0.0,2026-08-28T01:24:59.045926+00:00,0.19379452704158584,0.2613413092210326,0.09800393628787729,-0.47638124129562526,-0.1697740379786551,0.4,0.8,0.6,0.0,0.4,1.0,1.0,1.0,0.0,0.0,batter_pitcher_profile_network_v2,1.0,0.4,0.7145087377896007,0.0,0.6049890718483095,-0.952925925925926,0.1393154385171791,0.0,45.0,17.471334827663185,-0.022820555965692,0.0,0.0,-0.7494166666666666,0.2738991862567812,0.0,45.0,16.901827549842356,-0.0048401331476585,-0.0072601997214878,-0.001161631955438,-0.9375,0.228610759493671,0.0,45.0,17.298021045931762,0.0076665301100584,0.0076665301100584,0.0003833265055029,-0.3466759259259259,0.4475938065099458,0.0,45.0,15.629927674247002,-0.0792496518250126,-0.0792496518250126,-0.0019812412956253,-0.6570925925925926,0.2578380801687764,0.0,45.0,16.99436663582055,-0.0903603641884566,-0.0677702731413424,-0.0040662163884805
2026-07-20,James_Outman,681546,hitter,DET,CHC,2026,824654,89,116,112,0,592791.0,Jameson_Taillon,0.0,0.0,0.0,0.0,0.0,5.0,5.0,0.0,4.0,9.0,0.1063829787234042,0.0,0.0,0.0,0.0,10.0,6.347368421052631,11.242105263157896,3.9642857142857144,1.0522222222222224,7.0,79.0,0,1.0,-0.4999999999999997,-0.8660254037844388,0.0,1.0,0.5,0.5,0.5,0.5,0.5,0.5,0.5,0.5,0.5,0.5,synthetic,synthetic,synthetic,synthetic,synthetic,0.0,0.0,0.0,0.0,0.0,-110.0,-110.0,-110.0,-110.0,-110.0,-110.0,-110.0,-110.0,-110.0,-110.0,0.0,0.0,0.0,0.0,0.0,2026-08-28T01:24:59.045926+00:00,0.131249144136938,0.2596016671247041,-0.1565541626190815,-0.4851429552176135,-0.20164166942477402,0.6,1.0,0.6,0.0,0.4,1.0,1.0,0.0,0.0,0.0,batter_pitcher_profile_network_v2,1.0,0.8,0.5294331215725516,0.0,0.7281155540858899,-0.9434444444444444,0.4526230217918899,0.0,45.0,15.258953128864867,-0.0214404640535217,0.0,0.0,-0.7423055555555556,0.6159968778440692,0.0,45.0,13.741394875985144,0.0004782820503333,0.0007174230754999,0.0001147876920799,-0.9375,0.720866935483871,0.0,45.0,13.379562300817591,0.0087799695028719,0.0087799695028719,0.0004389984751435,-0.3371944444444444,0.8084913793103449,0.0,45.0,11.75907860245303,-0.0741626531489915,-0.0741626531489915,-0.0018540663287247,-0.6476111111111111,0.7641862170087977,0.0,45.0,12.777713241046149,-0.0880519581729585,-0.0660389686297188,-0.0039623381177831
2026-07-21,James_Outman,681546,hitter,DET,CHC,2026,824652,90,116,112,0,656849.0,David_Peterson,0.0,0.0,0.0,0.0,0.0,1.0,1.0,0.0,0.0,5.0,0.027027027027027,0.0,0.0,0.0,0.0,10.0,9.840641711229948,4.713368983957219,3.560924369747899,1.0522222222222224,-14.0,82.0,0,1.0,-0.4999999999999997,-0.8660254037844388,0.7818314824680298,0.6234898018587336,0.5,0.5,0.5,0.5,0.5,0.5,0.5,0.5,0.5,0.5,synthetic,synthetic,synthetic,synthetic,synthetic,0.0,0.0,0.0,0.0,0.0,-110.0,-110.0,-110.0,-110.0,-110.0,-110.0,-110.0,-110.0,-110.0,-110.0,0.0,0.0,0.0,0.0,0.0,2026-08-28T01:24:59.045926+00:00,0.06289825532178495,-0.34404638773669777,-0.3651115839254344,-0.48470506166081195,-0.5,0.4,0.4,0.4,0.0,0.0,0.0,0.0,0.0,0.0,0.0,batter_pitcher_profile_network_v2,1.0,0.75,0.4945526516238348,0.0,0.7170629751320602,-0.9434444444444444,0.4037916691151986,0.0,45.0,16.06893091335415,-0.0276213282929411,0.0,0.0,-0.7423055555555554,0.1751240866976161,0.0,45.0,17.734308020693568,-0.020319032986992,-0.030478549480488,-0.004876567916878,-0.9416666666666668,0.4083203642762467,0.0,45.0,16.720794866461507,0.000762870662332,0.000762870662332,3.814353311660173e-05,-0.3371944444444443,-0.0407412979177685,0.0,45.0,17.428555455788825,-0.0497032069662996,-0.0566469108769258,-0.0014161727719231,-0.650111111111111,0.3654678001736827,0.0,45.0,16.811170659234683,-0.1007037432685709,-0.0755278074514281,-0.0045316684470856
2026-07-22,James_Outman,681546,hitter,DET,CHC,2026,824650,91,116,112,0,607067.0,Colin_Rea,1.0,1.0,0.0,0.0,0.0,4.0,4.0,0.0,2.0,9.0,0.1111111111111111,0.2225,0.2225,0.0,0.0,26.7,4.3875,7.125,3.3772509003601443,1.0522222222222224,-10.0,72.0,0,1.0,-0.4999999999999997,-0.8660254037844388,0.9749279121818236,-0.22252093395631434,0.5,0.5,0.5,0.5,0.5,0.5,0.5,0.5,0.5,0.5,synthetic,synthetic,synthetic,synthetic,synthetic,0.0,0.0,0.0,0.0,0.0,-110.0,-110.0,-110.0,-110.0,-110.0,-110.0,-110.0,-110.0,-110.0,-110.0,0.0,0.0,0.0,0.0,0.0,2026-08-28T01:24:59.045926+00:00,0.011906702681072523,-0.15689953733397616,-0.18728732541418286,-0.4854727466615305,-0.43145288983919683,0.4,0.4,0.4,0.0,0.0,0.0,0.0,0.0,0.0,0.0,batter_pitcher_profile_network_v2,1.0,0.95,0.330328781774244,0.0,0.7940579880210223,-0.9434444444444444,0.3208783522364667,0.0,45.0,17.093843785989307,-0.0530329477046919,0.0,0.0,-0.7423055555555556,0.3307362633587574,0.0,45.0,17.125805584443377,-0.040310572224901,-0.0604658583373515,-0.0096745373339762,-0.925,0.321239852357931,0.0,45.0,17.51260682319169,-0.0254974086438033,-0.0254974086438033,-0.0012748704321901,-0.3371944444444444,0.3624412156260604,0.0,45.0,16.784004468306325,-0.0873543109056708,-0.0873543109056708,-0.0021838577726417,-0.6401111111111111,0.3377787346172788,0.0,45.0,17.236051818789658,-0.1051578116415731,-0.0788683587311798,-0.0047321015238707
2026-07-23,James_Outman,681546,hitter,DET,KC,2026,824247,92,116,118,1,677976.0,Randy_Dobnak,1.0,4.0,1.0,1.0,3.0,3.0,3.0,0.0,1.0,9.0,0.088235294117647,0.7000000000000001,0.7000000000000001,1.0,30.0,65.0,2.192307692307692,4.635746606334841,5.357142857142857,1.0666666666666669,-7.0,76.0,0,1.0,-0.4999999999999997,-0.8660254037844388,0.43388373911755823,-0.900968867902419,0.5,0.5,0.5,0.5,0.5,0.5,0.5,0.5,0.5,0.5,synthetic,synthetic,synthetic,synthetic,synthetic,0.0,0.0,0.0,0.0,0.0,-110.0,-110.0,-110.0,-110.0,-110.0,-110.0,-110.0,-110.0,-110.0,-110.0,0.0,0.0,0.0,0.0,0.0,2026-08-28T01:24:59.045926+00:00,0.4835375996552469,1.5014612696600835,0.016543679159352065,-0.15591335674437473,-0.21635874639044472,0.6,0.6,0.2,0.0,0.0,1.0,1.0,0.0,0.0,0.0,batter_pitcher_profile_network_v2,1.0,0.1,0.7383151076318567,0.0,0.5259556399315097,-0.9372592592592592,0.2414821775446775,0.0,45.0,18.40032731176072,-0.056725599043401,0.0,0.0,-0.7376666666666666,0.1798751942501943,0.0,45.0,18.7140582368708,-0.0505902979849474,-0.0758854469774211,-0.0121416715163873,-0.9291666666666668,0.2387253626003627,0.0,45.0,18.56095572028915,-0.0447986857205217,-0.0447986857205217,-0.002239934286026,-0.3310092592592592,0.1663335275835276,0.0,45.0,18.41581199725417,-0.0898676031083277,-0.0898676031083277,-0.0022466900777081,-0.6364259259259257,0.1806929551929553,0.0,45.0,18.49520072511923,-0.1106798917764565,-0.0830099188323424,-0.0049805951299405
2026-07-26,James_Outman,681546,hitter,DET,KC,2026,824246,93,116,118,1,679883.0,Luinder_Avila,1.0,1.0,0.0,0.0,0.0,4.0,4.0,0.0,1.0,8.0,0.1,0.2225,0.2225,0.0,0.0,26.7,3.3473684210526318,7.515789473684211,4.5,1.0666666666666669,0.0,82.0,0,3.0,-0.4999999999999997,-0.8660254037844388,-0.7818314824680299,0.6234898018587334,0.5,1.5,0.5,0.5,0.5,0.5,1.5,0.5,0.5,0.5,synthetic,synthetic,synthetic,synthetic,synthetic,0.0,0.0,0.0,0.0,0.0,-110.0,-110.0,-110.0,-110.0,-110.0,-110.0,-110.0,-110.0,-110.0,-110.0,0.0,0.0,0.0,0.0,0.0,2026-08-28T01:24:59.045926+00:00,0.35054385964912305,-0.10748557412271786,-0.12403519978204558,-0.24109618437756536,0.4956682124022005,0.6,1.2,0.2,0.2,0.6,1.0,4.0,1.0,1.0,3.0,batter_pitcher_profile_network_v2,1.0,0.5,0.6808004555868177,0.0,0.6333009720953074,-0.9372592592592592,0.3436243527261651,0.0,44.0,17.54121722417784,-0.0521742440249577,0.0,0.0,-0.7376666666666666,0.3014683597319524,0.0,44.0,17.96122516818833,-0.0460857255113249,-0.0691285882669874,-0.0110605741227179,-0.9333333333333332,0.7270025510204083,0.0,44.0,14.447906745325072,-0.0432039956409135,-0.0432039956409135,-0.0021601997820456,-0.3310092592592592,0.3091851964666463,0.0,44.0,17.73581301472457,-0.0971807084359525,-0.0971807084359525,-0.0024295177108988,-0.6389259259259258,0.6401530612244899,0.0,44.0,15.363298546946297,-0.1929286132844373,-0.1446964599633279,-0.0086817875977996
2026-07-27,James_Outman,681546,hitter,DET,BAL,2026,824245,94,116,110,1,680694.0,Kyle_Bradish,0.0,0.0,0.0,0.0,0.0,4.0,4.0,0.0,3.0,8.0,0.1052631578947368,0.0,0.0,0.0,0.0,10.0,2.123913043478261,6.206521739130435,2.8392857142857144,1.0666666666666669,6.0,84.0,0,1.0,-0.4999999999999997,-0.8660254037844388,0.0,1.0,0.5,1.5,0.5,0.5,0.5,0.5,1.5,0.5,0.5,0.5,synthetic,synthetic,synthetic,synthetic,synthetic,0.0,0.0,0.0,0.0,0.0,-110.0,-110.0,-110.0,-110.0,-110.0,-110.0,-110.0,-110.0,-110.0,-110.0,0.0,0.0,0.0,0.0,0.0,2026-08-28T01:24:59.045926+00:00,0.3588844152374626,-0.6383210256174017,-0.4655175212511876,-0.3419913504544511,-0.1311403882052931,0.6,1.2,0.2,0.2,0.6,1.0,1.0,0.0,0.0,0.0,batter_pitcher_profile_network_v2,1.0,1.0,0.3969306879589188,1.0,0.8201259907250324,-0.9514444444444444,-0.0767088531721138,-0.0481481481481481,45.0,19.05252007023676,-0.0765297046433693,-0.0776443514937422,-0.0077644351493742,-0.7483055555555554,-0.0866250197618014,-0.0592592592592592,45.0,18.82588909706784,-0.0610048498803559,-0.1719899627403394,-0.0275183940384543,-0.9333333333333332,0.1103818199278616,-0.074074074074074,45.0,18.80176808891781,-0.0455295446287271,-0.0972677182568352,-0.0048633859128417,-0.3451944444444443,-0.0805125983781535,-0.074074074074074,45.0,18.27508900887579,-0.0644883730224955,-0.13298735151138,-0.0033246837877845,-0.653111111111111,0.0449245348125576,-0.0888888888888888,45.0,18.53827329988776,-0.1815333133903462,-0.1982357933964894,-0.0118941476037893
2026-07-28,James_Outman,681546,hitter,DET,BAL,2026,824243,95,116,110,1,665152.0,Dean_Kremer,1.0,1.0,1.0,0.0,0.0,1.0,1.0,0.0,0.0,9.0,0.0217391304347826,0.89,0.89,0.0,0.0,65.0,6.8999999999999995,8.65,2.8392857142857144,1.0666666666666669,7.0,79.0,0,1.0,-0.4999999999999997,-0.8660254037844388,0.7818314824680298,0.6234898018587336,0.5,1.5,0.5,0.5,0.5,0.5,1.5,0.5,0.5,0.5,synthetic,synthetic,synthetic,synthetic,synthetic,0.0,0.0,0.0,0.0,0.0,-110.0,-110.0,-110.0,-110.0,-110.0,-110.0,-110.0,-110.0,-110.0,-110.0,0.0,0.0,0.0,0.0,0.0,2026-08-28T01:24:59.045926+00:00,-0.04337653843345973,-0.4574184514153601,-0.09017150850432215,-0.3415563567272624,0.04002450571500027,0.6,1.2,0.2,0.2,0.6,0.0,0.0,0.0,0.0,0.0,batter_pitcher_profile_network_v2,1.0,0.35,0.7228405359097473,0.0,0.5915082120228696,-0.9514444444444444,-0.0659010239698313,0.0,45.0,19.68538446652213,-0.0831305132669444,-0.0173782207735228,-0.0017378220773522,-0.7483055555555554,0.2176089476789017,0.0,45.0,19.21570712648049,-0.0662815910422616,-0.0994223865633923,-0.0159075818501427,-0.9291666666666668,0.2505199113949116,0.0,45.0,19.189665642993614,-0.0755419713286793,-0.0755419713286793,-0.0037770985664339,-0.3451944444444443,0.4950582720032261,0.0,45.0,16.97658123867739,-0.1155876024238342,-0.1155876024238342,-0.0028896900605958,-0.650611111111111,0.3044895059895062,0.0,45.0,18.8148005248694,-0.2112221642353324,-0.1584166231764993,-0.0095049973905899
2026-07-29,James_Outman,681546,hitter,DET,BAL,2026,824242,96,116,110,1,669432.0,Trevor_Rogers,0.0,0.0,0.0,0.0,0.0,1.0,0.0,0.0,0.0,1.0,0.0196078431372549,0.72,0.72,0.0,0.0,65.0,1.830827067669173,8.360902255639099,3.482142857142857,1.0666666666666669,11.0,79.0,0,1.0,-0.4999999999999997,-0.8660254037844388,0.9749279121818236,-0.22252093395631434,0.5,1.5,0.5,0.5,0.5,0.5,1.5,0.5,0.5,0.5,synthetic,synthetic,synthetic,synthetic,synthetic,0.0,0.0,0.0,0.0,0.0,-110.0,-110.0,-110.0,-110.0,-110.0,-110.0,-110.0,-110.0,-110.0,-110.0,0.0,0.0,0.0,0.0,0.0,2026-08-28T01:24:59.045926+00:00,0.2681821856592713,-0.2808215013077475,0.18917028000741742,-0.3419237802607255,0.015700162250444682,0.8,1.4,0.4,0.2,0.6,1.0,1.0,1.0,0.0,0.0,batter_pitcher_profile_network_v2,1.0,1.0,0.2401788845547335,1.0,0.8393280866420452,-0.931074074074074,0.2358997904258822,-0.0518518518518518,45.0,19.002536186499853,-0.0868721709019737,-0.0321527858958634,-0.0032152785895863,-0.7330277777777777,0.0959760199652092,-0.0617283950617283,45.0,19.51559132896961,-0.076495524345789,-0.1530204125851876,-0.02448326601363,-0.9291666666666668,0.1692932240984538,-0.0814814814814814,45.0,19.298023381228187,-0.1173290976455481,-0.1678549040533335,-0.0083927452026666,-0.324824074074074,-0.0126347878950527,-0.074074074074074,45.0,18.90823672665593,-0.0812336233475223,-0.1302845437623583,-0.0032571135940589,-0.6302407407407407,0.1752366374900113,-0.0888888888888888,45.0,19.134267919335567,-0.2035257876436449,-0.2077634022684996,-0.0124658041361099
2026-07-31,James_Outman,681546,hitter,DET,ATH,2026,824975,97,116,133,0,605488.0,Jeffrey_Springs,0.0,0.0,0.0,0.0,0.0,0.0,0.0,0.0,0.0,4.0,0.0,0.0,0.0,0.0,0.0,10.0,14.353846153846154,3.969230769230769,5.357863145258103,1.08,6.0,95.0,0,2.0,-0.4999999999999997,-0.8660254037844388,-0.433883739117558,-0.9009688679024191,0.5,1.5,0.5,0.5,0.5,0.5,1.5,0.5,0.5,0.5,synthetic,synthetic,synthetic,synthetic,synthetic,0.0,0.0,0.0,0.0,0.0,-110.0,-110.0,-110.0,-110.0,-110.0,-110.0,-110.0,-110.0,-110.0,-110.0,0.0,0.0,0.0,0.0,0.0,2026-08-28T01:24:59.045926+00:00,0.3386081881602646,-0.8785509803169586,-0.30767860229142097,-0.3381633990207683,-0.12958009524765185,0.6,1.2,0.4,0.2,0.6,0.0,0.0,0.0,0.0,0.0,batter_pitcher_profile_network_v2,1.0,1.0,0.4058511155724616,1.0,0.8190332383423735,-0.876675925925926,0.4828711577710431,-0.0518518518518518,44.0,16.589339416882442,-0.0739193360499241,-0.0364479918852119,-0.0036447991885211,-0.6885833333333334,0.6389270749582533,-0.0617283950617283,44.0,14.813519986436312,-0.0510771069673176,-0.1200061269809907,-0.0192009803169585,-0.8562500000000003,0.6951539855072463,-0.0814814814814814,44.0,15.291774774982828,-0.1091597752669045,-0.1664351910865233,-0.0083217595543261,-0.3044537037037036,0.8268918918918918,-0.074074074074074,44.0,12.57212854274228,-0.0984674009947177,-0.1505359608307348,-0.0037633990207683,-0.5583425925925927,0.753594584286804,-0.0888888888888888,44.0,14.39028457028191,-0.1938736933858642,-0.2078875418426187,-0.0124732525105571
2026-08-02,James_Outman,681546,hitter,DET,ATH,2026,824971,98,116,133,0,695611.0,Gage_Jump,1.0,4.0,1.0,1.0,1.0,1.0,1.0,0.0,0.0,8.0,0.0208333333333333,2.1,2.1,3.0,30.0,65.0,6.311688311688311,13.25974025974026,6.891094619666049,1.08,0.0,95.0,0,2.0,-0.8660254037844384,-0.5000000000000004,-0.7818314824680299,0.6234898018587334,0.5,0.5,0.5,0.5,0.5,0.5,0.5,0.5,0.5,0.5,synthetic,synthetic,synthetic,synthetic,synthetic,0.0,0.0,0.0,0.0,0.0,-110.0,-110.0,-110.0,-110.0,-110.0,-110.0,-110.0,-110.0,-110.0,-110.0,0.0,0.0,0.0,0.0,0.0,2026-08-28T01:24:59.045926+00:00,-0.16709524218899025,4.192225478991392,0.785865265012307,0.3481619068143065,0.1985981946394313,0.4,0.4,0.2,0.0,0.0,0.0,0.0,0.0,0.0,0.0,batter_pitcher_profile_network_v2,1.0,0.7,0.5704211399344858,0.0,0.6960863872506178,-0.9310740740740742,-0.0194268193846117,0.0,45.0,20.74108337216436,-0.068491101638396,-0.0077701398861929,-0.0007770139886192,-0.7330277777777777,-0.0858959207497033,0.0,45.0,20.235394238711216,-0.0660284745059158,-0.1260907563038007,-0.0201745210086081,-0.8875,0.0487703143041759,0.0,45.0,20.23111259640813,-0.0937893194199109,-0.0937893194199109,-0.0046894659709955,-0.3248240740740741,-0.1691190436165975,0.0,45.0,18.944244060627124,-0.0739252694993185,-0.0975237274277475,-0.0024380931856936,-0.6052407407407407,0.0207277943951884,0.0,45.0,19.942701045772324,-0.1657008076415828,-0.1242756057311871,-0.0074565363438712
2026-08-04,James_Outman,681546,hitter,DET,SEA,2026,823108,99,116,136,0,676106.0,Emerson_Hancock,0.0,0.0,0.0,0.0,0.0,0.0,0.0,0.0,0.0,2.0,0.0,0.0,0.0,0.0,0.0,10.0,2.8000000000000003,8.100000000000001,5.444805194805196,1.08,0.0,77.0,0,2.0,-0.8660254037844384,-0.5000000000000004,0.7818314824680298,0.6234898018587336,0.5,0.5,0.5,0.5,0.5,0.5,0.5,0.5,0.5,0.5,synthetic,synthetic,synthetic,synthetic,synthetic,0.0,0.0,0.0,0.0,0.0,-110.0,-110.0,-110.0,-110.0,-110.0,-110.0,-110.0,-110.0,-110.0,-110.0,0.0,0.0,0.0,0.0,0.0,2026-08-28T01:24:59.045926+00:00,0.050665146234244784,0.5517881638189208,-0.1439900237381767,-0.23803241705583372,-0.23247000023067615,0.4,1.0,0.4,0.2,0.2,1.0,4.0,1.0,1.0,1.0,batter_pitcher_profile_network_v2,1.0,1.0,0.368946183657877,0.0,0.80480409250191,-0.7002175925925926,-0.1929745259466199,0.0,46.0,20.39049350705161,-0.080360735391362,-0.0852706155796301,-0.008527061557963,-0.329,-0.1161560631424692,0.0,46.0,20.574259580978907,-0.0875136913129097,-0.1553864761317467,-0.0248618361810794,-0.6127083333333334,-0.1998600101684509,0.0,46.0,18.94932223042173,-0.1023294104966422,-0.1796056695687301,-0.0089802834784365,0.1142962962962963,-0.0212502412246609,0.0,46.0,20.27983522529064,-0.1437639636626155,-0.1452966822333495,-0.0036324170558337,-0.1218842592592593,-0.1803936859675377,0.0,46.0,19.03558717557955,-0.1528390099105584,-0.1285043328489336,-0.007710259970936
2026-08-05,James_Outman,681546,hitter,DET,SEA,2026,823106,100,116,136,0,693433.0,Bryan_Woo,0.0,0.0,0.0,0.0,0.0,0.0,0.0,0.0,0.0,9.0,0.0,0.0,0.0,0.0,0.0,10.0,6.999999999999999,11.299999999999999,7.159090909090909,1.08,-6.0,83.0,0,1.0,-0.8660254037844384,-0.5000000000000004,0.9749279121818236,-0.22252093395631434,0.5,0.5,0.5,0.5,0.5,0.5,0.5,0.5,0.5,0.5,synthetic,synthetic,synthetic,synthetic,synthetic,0.0,0.0,0.0,0.0,0.0,-110.0,-110.0,-110.0,-110.0,-110.0,-110.0,-110.0,-110.0,-110.0,-110.0,0.0,0.0,0.0,0.0,0.0,2026-08-28T01:24:59.045926+00:00,-0.1442363636363635,-0.008752910203368047,-0.266375271368015,-0.3383172331747874,-0.3078511729093709,0.4,1.0,0.4,0.2,0.2,0.0,0.0,0.0,0.0,0.0,batter_pitcher_profile_network_v2,1.0,1.0,0.3233815049496944,0.0,0.8103857656436624,-0.7293368055555556,0.0121717016643908,0.0,46.0,21.955717258292665,-0.0862873741075392,0.0,0.0,-0.3535347222222222,-0.0347677103667202,0.0,46.0,21.65186286223278,-0.1003009798205392,-0.1587681887710501,-0.025402910203368,-0.6200520833333334,-0.0432266491651067,0.0,46.0,20.96199279840992,-0.1234610839318843,-0.1415963364512099,-0.0070798168225604,0.1103333333333333,-0.0694064234468889,0.0,46.0,20.79805288889108,-0.1515078894258325,-0.1566893269914994,-0.0039172331747874,-0.1360034722222222,-0.0011652919217875,0.0,46.0,21.035426317387014,-0.1955396529296089,-0.1467619727319407,-0.0088057183639164
2026-08-06,James_Outman,681546,hitter,DET,SEA,2026,823105,101,116,136,0,682243.0,Bryce_Miller,1.0,1.0,1.0,0.0,0.0,1.0,1.0,0.0,0.0,4.0,0.0208333333333333,0.89,0.89,0.0,0.0,65.0,4.996323529411765,4.863970588235294,8.123376623376624,1.08,0.0,77.0,0,1.0,-0.8660254037844384,-0.5000000000000004,0.43388373911755823,-0.900968867902419,0.5,0.5,0.5,0.5,0.5,0.5,0.5,0.5,0.5,0.5,synthetic,synthetic,synthetic,synthetic,synthetic,0.0,0.0,0.0,0.0,0.0,-110.0,-110.0,-110.0,-110.0,-110.0,-110.0,-110.0,-110.0,-110.0,-110.0,0.0,0.0,0.0,0.0,0.0,2026-08-28T01:24:59.045926+00:00,0.07269275301201428,0.28751631748056605,0.2169772084004289,-0.33902752958220184,0.03242325165482263,0.2,0.8,0.2,0.2,0.2,0.0,0.0,0.0,0.0,0.0,batter_pitcher_profile_network_v2,1.0,0.6,0.6110466191087447,0.0,0.6650880734955072,-0.7293368055555556,-0.3549370036344058,0.0,46.0,20.008008372043747,-0.0919585606134336,-0.10068782511286,-0.010068782511286,-0.3535347222222222,-0.1356391374055343,0.0,46.0,21.6993531173111,-0.1058309853104647,-0.1773980157464612,-0.0283836825194338,-0.6200520833333334,-0.2973665413533833,0.0,46.0,19.09768279970066,-0.1221161639135759,-0.1938324553680465,-0.0096916227684023,0.1103333333333333,0.0936136821433379,0.0,46.0,21.72941779496,-0.1891185698058705,-0.185101183288075,-0.0046275295822018,-0.1360034722222222,-0.2459238721804511,0.0,46.0,19.610828800050825,-0.1658895943702394,-0.1374263252334772,-0.0082455795140086
2026-08-07,James_Outman,681546,hitter,DET,SF,2026,823191,102,116,137,0,664141.0,JT_Brubaker,0.0,0.0,0.0,0.0,0.0,0.0,0.0,0.0,0.0,9.0,0.0,0.0,0.0,0.0,0.0,10.0,6.0,1.0,2.7356215213358075,1.08,0.0,60.0,0,1.0,-0.8660254037844384,-0.5000000000000004,-0.433883739117558,-0.9009688679024191,0.5,0.5,0.5,0.5,0.5,0.5,0.5,0.5,0.5,0.5,synthetic,synthetic,synthetic,synthetic,synthetic,0.0,0.0,0.0,0.0,0.0,-110.0,-110.0,-110.0,-110.0,-110.0,-110.0,-110.0,-110.0,-110.0,-110.0,0.0,0.0,0.0,0.0,0.0,2026-08-28T01:24:59.045926+00:00,0.22619846508722874,0.12947535514385844,-0.3485504220304336,-0.3397025173684166,-0.5,0.4,1.0,0.4,0.2,0.2,1.0,1.0,1.0,0.0,0.0,batter_pitcher_profile_network_v2,1.0,0.05,0.9425,0.0,0.5117271875,-0.5791747685185185,-0.088,0.0,46.0,22.253522089009103,-0.1032218115976366,-0.0029306243287037,-0.0002930624328703,-0.2270069444444443,0.284,0.0,46.0,21.425845918611515,-0.1132276869005897,-0.1698415303508846,-0.0271746448561415,-0.4573437499999999,0.268,0.0,46.0,21.70618291665176,-0.1616299619444814,-0.1616299619444814,-0.008081498097224,0.1307037037037037,0.784,0.0,46.0,15.403861200861744,-0.2179928176996282,-0.2121006947366653,-0.0053025173684166,0.0116585648148148,0.168,0.0,46.0,21.822661396707613,-0.2213019945587071,-0.1658638741829192,-0.0099518324509751
2026-08-08,James_Outman,681546,hitter,DET,SF,2026,823188,103,116,137,0,694738.0,Landen_Roupp,0.0,0.0,0.0,0.0,0.0,0.0,0.0,0.0,0.0,2.0,0.0,0.0,0.0,0.0,0.0,10.0,7.487012987012986,8.175324675324676,2.896335807050093,1.08,0.0,68.0,0,1.0,-0.8660254037844384,-0.5000000000000004,-0.9749279121818236,-0.2225209339563146,0.5,0.5,0.5,0.5,0.5,0.5,0.5,0.5,0.5,0.5,synthetic,synthetic,synthetic,synthetic,synthetic,0.0,0.0,0.0,0.0,0.0,-110.0,-110.0,-110.0,-110.0,-110.0,-110.0,-110.0,-110.0,-110.0,-110.0,0.0,0.0,0.0,0.0,0.0,2026-08-28T01:24:59.045926+00:00,-0.22851280148423003,0.0010417045226404076,-0.40586477644186275,-0.3347572769830063,-0.5,0.4,1.0,0.4,0.2,0.2,0.0,0.0,0.0,0.0,0.0,batter_pitcher_profile_network_v2,1.0,1.0,0.4141073883123475,0.0,0.7992718449317374,-0.7351701388888887,0.0109971416096803,0.0,45.0,22.087021814923787,-0.0767994972776719,0.0,0.0,-0.4627013888888888,-0.0798394390697021,0.0,45.0,21.631761680414268,-0.0506052718110495,-0.0975518467334971,-0.0156082954773595,-0.6317187499999999,0.2594080088212441,0.0,45.0,21.349572403251862,-0.0686313358873484,-0.0686313358873484,-0.0034315667943674,-0.1209166666666666,-0.1107803731356362,0.0,45.0,20.721130014868283,-0.0064429344448049,-0.0142910793202539,-0.0003572769830063,-0.2693368055555554,0.1785632286014639,0.0,45.0,21.40324167099438,-0.0868781895048941,-0.0651586421286705,-0.0039095185277202
2026-08-09,James_Outman,681546,hitter,DET,SF,2026,823190,104,116,137,0,657277.0,Logan_Webb,0.0,0.0,0.0,0.0,0.0,0.0,0.0,0.0,0.0,2.0,0.0,0.0,0.0,0.0,0.0,10.0,3.0,8.0,5.075371057513915,1.08,7.0,70.0,0,1.0,-0.8660254037844384,-0.5000000000000004,-0.7818314824680299,0.6234898018587334,0.5,0.5,0.5,0.5,0.5,0.5,0.5,0.5,0.5,0.5,synthetic,synthetic,synthetic,synthetic,synthetic,0.0,0.0,0.0,0.0,0.0,-110.0,-110.0,-110.0,-110.0,-110.0,-110.0,-110.0,-110.0,-110.0,-110.0,0.0,0.0,0.0,0.0,0.0,2026-08-28T01:24:59.045926+00:00,-0.260286915531407,-0.4993803478531103,-0.42782890376555494,-0.4747473844207732,-0.5,0.2,0.2,0.2,0.0,0.0,0.0,0.0,0.0,0.0,0.0,batter_pitcher_profile_network_v2,1.0,1.0,0.3583964795406051,0.0,0.8060964312562758,-0.7642893518518519,-0.0211083387201034,0.0,45.0,22.455468195179208,-0.0812890178750741,-0.0103509116529708,-0.001035091165297,-0.4872361111111111,-0.1355193762120232,0.0,45.0,21.73909143141741,-0.0552164240472036,-0.1251896740819394,-0.0200303478531103,-0.6390625,-0.1625652104431515,0.0,45.0,20.51668535669448,-0.0602933730879208,-0.126949132825015,-0.0063474566412507,-0.1248796296296296,-0.217688493859082,0.0,45.0,20.374070614025445,0.0035465240780026,-0.0138953768309308,-0.0003473844207732,-0.2834560185185185,-0.1635170078287724,0.0,45.0,20.44618304065664,-0.0548482039564491,-0.0708743991476974,-0.0042524639488618
2026-08-11,James_Outman,681546,hitter,DET,CLE,2026,824240,105,116,114,1,676440.0,Tanner_Bibee,0.0,0.0,0.0,0.0,0.0,0.0,0.0,0.0,0.0,2.0,0.0,0.0,0.0,0.0,0.0,10.0,3.906417112299465,9.02139037433155,6.065398886827459,1.0666666666666669,-1.0,78.0,0,2.0,-0.8660254037844384,-0.5000000000000004,0.7818314824680298,0.6234898018587336,0.5,0.5,0.5,0.5,0.5,0.5,0.5,0.5,0.5,0.5,synthetic,synthetic,synthetic,synthetic,synthetic,0.0,0.0,0.0,0.0,0.0,-110.0,-110.0,-110.0,-110.0,-110.0,-110.0,-110.0,-110.0,-110.0,-110.0,0.0,0.0,0.0,0.0,0.0,2026-08-28T01:24:59.045926+00:00,-0.23839416269907426,-0.4903808338329989,-0.37533215224973815,-0.4805614673197947,-0.4923924144235798,0.2,0.2,0.2,0.0,0.0,0.0,0.0,0.0,0.0,0.0,batter_pitcher_profile_network_v2,1.0,1.0,0.3927338777382143,2.0,0.8393900999770687,-0.8170347222222223,0.0785493880211335,0.0199999999999999,45.0,22.647906244514964,-0.0789469975798391,0.0139273387773821,0.0013927338777382,-0.5314305555555556,0.2013078232182995,0.1644444444444444,45.0,22.008044680388345,-0.0956375905653683,-0.0289427114562438,-0.004630833832999,-0.6655208333333333,0.1662417910541385,0.0666666666666666,45.0,22.03160388876587,-0.1134663944134975,-0.0670419318222236,-0.0033520965911111,-0.1343611111111111,0.3869275821281528,0.2,45.0,20.15675247199404,-0.2150654138989491,-0.0757920261251276,-0.0018948006531281,-0.318701388888889,0.1899703899360392,0.08,45.0,21.86675747656465,-0.1334426682560993,-0.0443726460825459,-0.0026623587649527
2026-08-12,James_Outman,681546,hitter,DET,CLE,2026,824241,106,116,114,1,656492.0,Foster_Griffin,0.0,0.0,0.0,0.0,0.0,2.0,1.0,0.0,1.0,9.0,0.0512820512820512,0.36,0.36,0.0,0.0,43.2,8.475000000000001,7.087500000000001,6.065398886827459,1.0666666666666669,0.0,78.0,0,1.0,-0.8660254037844384,-0.5000000000000004,0.9749279121818236,-0.22252093395631434,0.5,0.5,0.5,0.5,0.5,0.5,0.5,0.5,0.5,0.5,synthetic,synthetic,synthetic,synthetic,synthetic,0.0,0.0,0.0,0.0,0.0,-110.0,-110.0,-110.0,-110.0,-110.0,-110.0,-110.0,-110.0,-110.0,-110.0,0.0,0.0,0.0,0.0,0.0,2026-08-28T01:24:59.045926+00:00,-0.06770776247561966,-0.2794775071948546,-0.18194133548923375,-0.4808517312338808,-0.3263514914276525,0.2,0.2,0.2,0.0,0.0,0.0,0.0,0.0,0.0,0.0,batter_pitcher_profile_network_v2,1.0,1.0,0.3982247890074556,0.0,0.8012174633465867,-0.8556678240740743,0.0221423163727052,0.0,47.0,24.128806403620622,-0.0522665708749489,0.0,0.0,-0.5638819444444445,0.122238700263447,0.0,47.0,23.795452371601225,-0.0488646133118943,-0.0732969199678414,-0.0117275071948546,-0.6947395833333334,0.0471285679396674,0.0,47.0,23.395799917600087,-0.051533288919825,-0.051533288919825,-0.0025766644459912,-0.1405462962962962,0.2387973102219532,0.0,47.0,22.748023290519225,-0.0874025826885687,-0.0874025826885687,-0.0021850645672142,-0.3498344907407408,0.1049233466395291,0.0,47.0,23.37685177144996,-0.1095361794826175,-0.0821521346119631,-0.0049291280767177
