Date,Player,Player_MLBAM_ID,Player_Type,Team,Opponent,Season,Game_ID,Game_Index,Team_ID,Opponent_ID,Is_Home,Opp_Starter_ID,Opp_Starter_Player,H,TB,R,HR,RBI,PA,AB,BB,SO,Batting_Order,Team_PA_share,wOBA,xwOBA,ISO,Barrel%,HardHit%,Opp_Pitcher_ERA_3,Opp_Pitcher_K9_3,Opp_Bullpen_ERA_7,Park_Factor,Wind_Out_MPH,Temp_F,Did_Not_Play,Rest_Days,Month_sin,Month_cos,DayOfWeek_sin,DayOfWeek_cos,Market_H,Market_TB,Market_R,Market_HR,Market_RBI,Synthetic_Market_H,Synthetic_Market_TB,Synthetic_Market_R,Synthetic_Market_HR,Synthetic_Market_RBI,Market_Source_H,Market_Source_TB,Market_Source_R,Market_Source_HR,Market_Source_RBI,Market_H_books,Market_TB_books,Market_R_books,Market_HR_books,Market_RBI_books,Market_H_over_price,Market_TB_over_price,Market_R_over_price,Market_HR_over_price,Market_RBI_over_price,Market_H_under_price,Market_TB_under_price,Market_R_under_price,Market_HR_under_price,Market_RBI_under_price,Market_H_line_std,Market_TB_line_std,Market_R_line_std,Market_HR_line_std,Market_RBI_line_std,Market_Fetched_At_UTC,H_market_gap,TB_market_gap,R_market_gap,HR_market_gap,RBI_market_gap,H_rolling_avg,TB_rolling_avg,R_rolling_avg,HR_rolling_avg,RBI_rolling_avg,H_lag1,TB_lag1,R_lag1,HR_lag1,RBI_lag1,Matchup_Network_Version,Matchup_Network_Batter_Support,Matchup_Network_Pitcher_Support,Pitcher_Profile_Uncertainty,Batter_Vs_Starter_Games,Matchup_Network_Confidence,Batter_Profile_H_Strength,Pitcher_Profile_H_Vulnerability,Batter_Vs_Starter_H_Lift,Archetype_Neighbor_H_Games,Archetype_Neighbor_H_Effective_Support,Archetype_Neighbor_H_Lift,Matchup_Network_H_Score,Matchup_Network_H_Adjustment,Batter_Profile_TB_Strength,Pitcher_Profile_TB_Vulnerability,Batter_Vs_Starter_TB_Lift,Archetype_Neighbor_TB_Games,Archetype_Neighbor_TB_Effective_Support,Archetype_Neighbor_TB_Lift,Matchup_Network_TB_Score,Matchup_Network_TB_Adjustment,Batter_Profile_R_Strength,Pitcher_Profile_R_Vulnerability,Batter_Vs_Starter_R_Lift,Archetype_Neighbor_R_Games,Archetype_Neighbor_R_Effective_Support,Archetype_Neighbor_R_Lift,Matchup_Network_R_Score,Matchup_Network_R_Adjustment,Batter_Profile_HR_Strength,Pitcher_Profile_HR_Vulnerability,Batter_Vs_Starter_HR_Lift,Archetype_Neighbor_HR_Games,Archetype_Neighbor_HR_Effective_Support,Archetype_Neighbor_HR_Lift,Matchup_Network_HR_Score,Matchup_Network_HR_Adjustment,Batter_Profile_RBI_Strength,Pitcher_Profile_RBI_Vulnerability,Batter_Vs_Starter_RBI_Lift,Archetype_Neighbor_RBI_Games,Archetype_Neighbor_RBI_Effective_Support,Archetype_Neighbor_RBI_Lift,Matchup_Network_RBI_Score,Matchup_Network_RBI_Adjustment
2026-03-01,Ryan_McMahon,641857,hitter,NYY,PHI,2026,831578,0,147,143,0,691725.0,Andrew_Painter,0.0,0.0,0.0,0.0,0.0,3.0,3.0,0.0,1.0,5.0,0.0769230769230769,0.0,0.0,0.0,0.0,10.0,4.1,8.2,4.0,1.08,-6.0,75.0,0,2.0,1.0,6.123233995736766e-17,-0.7818314824680299,0.6234898018587334,0.5,0.5,0.5,0.5,0.5,0.5,0.5,0.5,0.5,0.5,synthetic,synthetic,synthetic,synthetic,synthetic,0.0,0.0,0.0,0.0,0.0,-110.0,-110.0,-110.0,-110.0,-110.0,-110.0,-110.0,-110.0,-110.0,-110.0,0.0,0.0,0.0,0.0,0.0,2026-08-28T01:24:59.045926+00:00,-0.3118564102564102,-0.5,-0.5,-0.4744,-0.5,0.0,0.0,0.0,0.0,0.0,0.0,0.0,0.0,0.0,0.0,,0.0,0.0,1.0,0.0,0.0,0.0,0.0,0.0,0.0,0.0,0.0,0.0,0.0,0.0,0.0,0.0,0.0,0.0,0.0,0.0,0.0,0.0,0.0,0.0,0.0,0.0,0.0,0.0,0.0,0.0,0.0,0.0,0.0,0.0,0.0,0.0,0.0,0.0,0.0,0.0,0.0,0.0,0.0,0.0,0.0
2026-03-06,Ryan_McMahon,641857,hitter,NYY,TB,2026,831624,1,147,139,1,671212.0,,0.0,0.0,0.0,0.0,0.0,3.0,3.0,0.0,1.0,5.0,0.088235294117647,0.0,0.0,0.0,0.0,10.0,4.1,8.2,3.2399999999999998,1.08,0.0,82.0,0,5.0,1.0,6.123233995736766e-17,-0.433883739117558,-0.9009688679024191,0.5,0.5,0.5,0.5,0.5,0.5,0.5,0.5,0.5,0.5,synthetic,synthetic,synthetic,synthetic,synthetic,0.0,0.0,0.0,0.0,0.0,-110.0,-110.0,-110.0,-110.0,-110.0,-110.0,-110.0,-110.0,-110.0,-110.0,0.0,0.0,0.0,0.0,0.0,2026-08-28T01:24:59.045926+00:00,-0.2929607843137255,-0.5,-0.5,-0.4744,-0.5,0.0,0.0,0.0,0.0,0.0,0.0,0.0,0.0,0.0,0.0,batter_pitcher_profile_network_v2,0.0333333333333333,0.0,1.0,0.0,0.0166666666666666,-0.9562499999999998,0.0,0.0,0.0,0.0,0.0,0.0,0.0,-0.9708333333333332,0.0,0.0,0.0,0.0,0.0,0.0,0.0,-0.7208333333333332,0.0,0.0,0.0,0.0,0.0,0.0,0.0,-0.95625,0.0,0.0,0.0,0.0,0.0,0.0,0.0,-0.8499999999999999,0.0,0.0,0.0,0.0,0.0,0.0,0.0
2026-03-09,Ryan_McMahon,641857,hitter,NYY,PIT,2026,831517,2,147,134,1,664353.0,José_Urquidy,0.0,0.0,0.0,0.0,0.0,3.0,3.0,0.0,0.0,5.0,0.0833333333333333,0.0,0.0,0.0,0.0,10.0,0.0,9.0,1.8499999999999999,1.08,9.0,82.0,0,3.0,1.0,6.123233995736766e-17,0.0,1.0,0.5,0.5,0.5,0.5,0.5,0.5,0.5,0.5,0.5,0.5,synthetic,synthetic,synthetic,synthetic,synthetic,0.0,0.0,0.0,0.0,0.0,-110.0,-110.0,-110.0,-110.0,-110.0,-110.0,-110.0,-110.0,-110.0,-110.0,0.0,0.0,0.0,0.0,0.0,2026-08-28T01:24:59.045926+00:00,-0.395979239592803,-0.5,-0.5,-0.4744736790625,-0.5,0.0,0.0,0.0,0.0,0.0,0.0,0.0,0.0,0.0,0.0,batter_pitcher_profile_network_v2,0.0666666666666666,0.05,0.9425,0.0,0.0450605208333333,-0.9562499999999998,-0.5799090909090909,0.0,0.0,0.0,0.0,-0.0021257292613636,-0.0002125729261363,-0.9708333333333332,-0.6889431818181818,0.0,0.0,0.0,0.0,-0.0025639211884469,-0.0004102273901515,-0.7208333333333332,-0.6346022727272727,0.0,0.0,0.0,0.0,-0.0017535294744318,-8.767647372159089e-05,-0.95625,-0.804,0.0,0.0,0.0,0.0,-0.0029471625,-7.367906250000002e-05,-0.8499999999999999,-0.7297727272727272,0.0,0.0,0.0,0.0,-0.0023778428030303,-0.0001426705681818
2026-03-11,Ryan_McMahon,641857,hitter,NYY,TOR,2026,831620,3,147,141,1,641778.0,Eric_Lauer,0.0,0.0,0.0,0.0,0.0,3.0,2.0,1.0,1.0,7.0,0.081081081081081,0.2299999999999999,0.2299999999999999,0.0,0.0,27.6,3.8571428571428568,7.714285714285715,4.178571428571429,1.08,-8.0,81.0,0,2.0,1.0,6.123233995736766e-17,0.9749279121818236,-0.22252093395631434,0.5,0.5,0.5,0.5,0.5,0.5,0.5,0.5,0.5,0.5,synthetic,synthetic,synthetic,synthetic,synthetic,0.0,0.0,0.0,0.0,0.0,-110.0,-110.0,-110.0,-110.0,-110.0,-110.0,-110.0,-110.0,-110.0,-110.0,0.0,0.0,0.0,0.0,0.0,2026-08-28T01:24:59.045926+00:00,-0.2463155727155728,-0.41141839676690894,-0.4156766086987631,-0.474478352734375,-0.4197712493450773,0.0,0.0,0.0,0.0,0.0,0.0,0.0,0.0,0.0,0.0,batter_pitcher_profile_network_v2,0.1,0.05,0.9425,0.0,0.0617271875,-0.5395833333333333,0.1698506493506493,0.0,0.0,0.0,0.0,0.0,0.0,-0.6930555555555556,-0.1708522727272727,0.0,0.0,0.0,0.0,-0.0006808581715593,-0.0001089373074494,-0.4430555555555556,-0.1361477272727272,0.0,0.0,0.0,0.0,-0.0003468457899305,-1.7342289496527774e-05,-0.95625,-0.57,0.0,0.0,0.0,0.0,-0.003134109375,-7.8352734375e-05,-0.8499999999999999,-0.1745,0.0,0.0,0.0,0.0,-0.0008528687499999,-5.117212499999998e-05
2026-03-13,Ryan_McMahon,641857,hitter,NYY,ATL,2026,831563,4,147,144,0,800311.0,Didier_Fuentes,0.0,0.0,0.0,0.0,0.0,3.0,3.0,0.0,2.0,5.0,0.0833333333333333,0.0,0.0,0.0,0.0,10.0,4.1,8.2,3.182142857142857,1.08,0.0,79.0,0,2.0,1.0,6.123233995736766e-17,-0.433883739117558,-0.9009688679024191,0.5,0.5,0.5,0.5,0.5,0.5,0.5,0.5,0.5,0.5,synthetic,synthetic,synthetic,synthetic,synthetic,0.0,0.0,0.0,0.0,0.0,-110.0,-110.0,-110.0,-110.0,-110.0,-110.0,-110.0,-110.0,-110.0,-110.0,0.0,0.0,0.0,0.0,0.0,2026-08-28T01:24:59.045926+00:00,-0.3164809523809523,-0.5,-0.5,-0.4744,-0.5,0.0,0.0,0.0,0.0,0.0,0.0,0.0,0.0,0.0,0.0,batter_pitcher_profile_network_v2,0.1333333333333333,0.0,1.0,0.0,0.0666666666666666,-0.64375,0.0,0.0,0.0,0.0,0.0,0.0,0.0,-0.7625000000000001,0.0,0.0,0.0,0.0,0.0,0.0,0.0,-0.5437500000000001,0.0,0.0,0.0,0.0,0.0,0.0,0.0,-0.95625,0.0,0.0,0.0,0.0,0.0,0.0,0.0,-0.8687499999999999,0.0,0.0,0.0,0.0,0.0,0.0,0.0
2026-03-14,Ryan_McMahon,641857,hitter,NYY,PHI,2026,831514,5,147,143,1,669060.0,Bryse_Wilson,0.0,0.0,0.0,0.0,0.0,2.0,2.0,0.0,1.0,7.0,0.054054054054054,0.0,0.0,0.0,0.0,10.0,12.0,9.0,4.35,1.08,0.0,80.0,0,1.0,1.0,6.123233995736766e-17,-0.9749279121818236,-0.2225209339563146,0.5,0.5,0.5,0.5,0.5,0.5,0.5,0.5,0.5,0.5,synthetic,synthetic,synthetic,synthetic,synthetic,0.0,0.0,0.0,0.0,0.0,-110.0,-110.0,-110.0,-110.0,-110.0,-110.0,-110.0,-110.0,-110.0,-110.0,0.0,0.0,0.0,0.0,0.0,2026-08-28T01:24:59.045926+00:00,-0.34814054054054056,-0.5,-0.5,-0.4744,-0.5,0.0,0.0,0.0,0.0,0.0,0.0,0.0,0.0,0.0,0.0,batter_pitcher_profile_network_v2,0.1666666666666666,0.05,0.9425,0.0,0.0950605208333333,-0.9562499999999998,0.7000000000000001,0.0,0.0,0.0,0.0,0.0,0.0,-0.9708333333333332,0.76,0.0,0.0,0.0,0.0,0.0,0.0,-0.7458333333333332,1.0,0.0,0.0,0.0,0.0,0.0,0.0,-0.95625,0.76,0.0,0.0,0.0,0.0,0.0,0.0,-0.8649999999999999,1.0,0.0,0.0,0.0,0.0,0.0,0.0
2026-03-15,Ryan_McMahon,641857,hitter,NYY,DET,2026,831611,6,147,116,1,664285.0,Framber_Valdez,0.0,0.0,0.0,0.0,0.0,2.0,2.0,0.0,1.0,6.0,0.0555555555555555,0.0,0.0,0.0,0.0,10.0,0.0,9.0,0.6,1.08,7.0,77.0,0,1.0,1.0,6.123233995736766e-17,-0.7818314824680299,0.6234898018587334,0.5,0.5,0.5,0.5,0.5,0.5,0.5,0.5,0.5,0.5,synthetic,synthetic,synthetic,synthetic,synthetic,0.0,0.0,0.0,0.0,0.0,-110.0,-110.0,-110.0,-110.0,-110.0,-110.0,-110.0,-110.0,-110.0,-110.0,0.0,0.0,0.0,0.0,0.0,2026-08-28T01:24:59.045926+00:00,-0.5,-0.5,-0.5,-0.474630934375,-0.5,0.0,0.0,0.0,0.0,0.0,0.0,0.0,0.0,0.0,0.0,batter_pitcher_profile_network_v2,0.2,0.05,0.9425,0.0,0.1117271875,-1.0,-0.6916666666666668,0.0,0.0,0.0,0.0,-0.0079541666666666,-0.0007954166666666,-1.0,-0.7722916666666668,0.0,0.0,0.0,0.0,-0.0088813541666666,-0.0014210166666666,-0.7916666666666667,-0.959375,0.0,0.0,0.0,0.0,-0.0087343098958333,-0.0004367154947916,-0.95625,-0.8400000000000001,0.0,0.0,0.0,0.0,-0.009237375,-0.000230934375,-0.8749999999999999,-0.9458333333333334,0.0,0.0,0.0,0.0,-0.0095174479166666,-0.0005710468749999
2026-03-17,Ryan_McMahon,641857,hitter,NYY,TB,2026,831609,7,147,139,0,686752.0,,1.0,1.0,0.0,0.0,0.0,4.0,4.0,0.0,1.0,4.0,0.0952380952380952,0.2225,0.2225,0.0,0.0,26.7,4.1,8.2,8.025824175824175,1.0611111111111111,-7.0,56.0,0,2.0,1.0,6.123233995736766e-17,0.7818314824680298,0.6234898018587336,0.5,0.5,0.5,0.5,0.5,0.5,0.5,0.5,0.5,0.5,synthetic,synthetic,synthetic,synthetic,synthetic,0.0,0.0,0.0,0.0,0.0,-110.0,-110.0,-110.0,-110.0,-110.0,-110.0,-110.0,-110.0,-110.0,-110.0,0.0,0.0,0.0,0.0,0.0,2026-08-28T01:24:59.045926+00:00,-0.22241723296703303,-0.4096311866666666,-0.1797117287087912,-0.48064458756944445,-0.21326934870879116,0.0,0.0,0.0,0.0,0.0,0.0,0.0,0.0,0.0,0.0,batter_pitcher_profile_network_v2,0.2333333333333333,0.05,0.9425,0.0,0.1283938541666666,-1.0,-0.5840000000000001,0.0,0.0,0.0,0.0,-0.0078353333333333,-0.0007835333333333,-1.0,-0.624,0.0,0.0,0.0,0.0,-0.008372,-0.0013395199999999,-0.7946428571428572,-0.2399999999999999,0.0,0.0,0.0,0.0,-0.0025587499999999,-0.0001279374999999,-0.95625,-0.624,0.0,0.0,0.0,0.0,-0.008005725,-0.000200143125,-0.8767857142857142,-0.4399999999999999,0.0,0.0,0.0,0.0,-0.0051759583333333,-0.0003105574999999
2026-03-19,Ryan_McMahon,641857,hitter,NYY,BAL,2026,832062,8,147,110,1,665152.0,Dean_Kremer,1.0,2.0,0.0,0.0,0.0,3.0,3.0,0.0,2.0,6.0,0.0857142857142857,0.4233333333333333,0.4233333333333333,0.3333333333333333,28.33333333333333,65.0,0.0,4.5,5.278846153846154,1.08,-11.0,68.0,0,2.0,1.0,6.123233995736766e-17,0.43388373911755823,-0.900968867902419,0.5,0.5,0.5,0.5,0.5,0.5,0.5,0.5,0.5,0.5,synthetic,synthetic,synthetic,synthetic,synthetic,0.0,0.0,0.0,0.0,0.0,-110.0,-110.0,-110.0,-110.0,-110.0,-110.0,-110.0,-110.0,-110.0,-110.0,0.0,0.0,0.0,0.0,0.0,2026-08-28T01:24:59.045926+00:00,0.1805538461538463,0.34475,-0.23847435897435898,-0.32023333333333337,-0.3012576923076923,0.2,0.2,0.0,0.0,0.0,1.0,1.0,0.0,0.0,0.0,batter_pitcher_profile_network_v2,0.2666666666666666,0.0,1.0,0.0,0.1333333333333333,-1.0,0.0,0.0,0.0,0.0,0.0,0.0,0.0,-1.0,0.0,0.0,0.0,0.0,0.0,0.0,0.0,-0.78125,0.0,0.0,0.0,0.0,0.0,0.0,0.0,-0.95625,0.0,0.0,0.0,0.0,0.0,0.0,0.0,-0.8687499999999999,0.0,0.0,0.0,0.0,0.0,0.0,0.0
2026-03-20,Ryan_McMahon,641857,hitter,NYY,BAL,2026,831603,9,147,110,1,621107.0,,1.0,2.0,1.0,0.0,0.0,3.0,3.0,0.0,1.0,7.0,0.0967741935483871,0.4233333333333333,0.4233333333333333,0.3333333333333333,28.33333333333333,65.0,4.1,8.2,5.332792207792209,1.08,-6.0,76.0,0,1.0,1.0,6.123233995736766e-17,-0.433883739117558,-0.9009688679024191,0.5,0.5,0.5,0.5,0.5,0.5,0.5,0.5,0.5,0.5,synthetic,synthetic,synthetic,synthetic,synthetic,0.0,0.0,0.0,0.0,0.0,-110.0,-110.0,-110.0,-110.0,-110.0,-110.0,-110.0,-110.0,-110.0,-110.0,0.0,0.0,0.0,0.0,0.0,2026-08-28T01:24:59.045926+00:00,0.18558843616115073,0.7421241995400241,-0.2322747390727551,-0.3205728896006944,-0.28627366789331965,0.4,0.6,0.0,0.0,0.0,1.0,2.0,0.0,0.0,0.0,batter_pitcher_profile_network_v2,0.3,0.05,0.9425,0.0,0.1617271874999999,-1.0,-0.994,0.0,0.0,0.0,0.0,-0.0171465,-0.0017146499999999,-0.9853395061728396,-0.994,0.0,0.0,0.0,0.0,-0.0168951238425925,-0.0027032198148148,-0.7847222222222222,-0.6399999999999999,0.0,0.0,0.0,0.0,-0.0086633333333333,-0.0004331666666666,-0.7921296296296296,-0.994,0.0,0.0,0.0,0.0,-0.0135822506944444,-0.0003395562673611,-0.8532407407407406,-0.815,0.0,0.0,0.0,0.0,-0.0119954982638888,-0.0007197298958333
2026-03-22,Ryan_McMahon,641857,hitter,NYY,PHI,2026,831493,10,147,143,1,605400.0,Aaron_Nola,2.0,2.0,0.0,0.0,1.0,3.0,3.0,0.0,0.0,8.0,0.0789473684210526,0.5933333333333334,0.5933333333333334,0.0,0.0,65.0,0.0,12.0,4.714285714285714,1.08,-3.0,78.0,0,2.0,1.0,6.123233995736766e-17,-0.7818314824680299,0.6234898018587334,0.5,0.5,0.5,0.5,0.5,0.5,0.5,0.5,0.5,0.5,synthetic,synthetic,synthetic,synthetic,synthetic,0.0,0.0,0.0,0.0,0.0,-110.0,-110.0,-110.0,-110.0,-110.0,-110.0,-110.0,-110.0,-110.0,-110.0,0.0,0.0,0.0,0.0,0.0,2026-08-28T01:24:59.045926+00:00,0.08989118179389444,0.6471685219824561,0.06551062617481207,-0.4746474392708333,-0.28728927430033413,0.6,1.0,0.2,0.0,0.0,1.0,2.0,1.0,0.0,0.0,batter_pitcher_profile_network_v2,0.3333333333333333,0.05,0.9425,0.0,0.1783938541666666,-0.9507777777777778,-0.9875000000000002,0.0,0.0,0.0,0.0,-0.0179954502314814,-0.0017995450231481,-0.8866944444444443,-0.99,0.0,0.0,0.0,0.0,-0.0168250270833333,-0.0026920043333333,-0.79375,-1.0,0.0,0.0,0.0,0.0,-0.0152135416666666,-0.0007606770833333,-0.5216111111111111,-0.99,0.0,0.0,0.0,0.0,-0.0098975708333333,-0.0002474392708333,-0.7353611111111111,-1.0,0.0,0.0,0.0,0.0,-0.0140944212962962,-0.0008456652777777
2026-03-24,Ryan_McMahon,641857,hitter,NYY,CHC,2026,831779,11,147,112,0,665795.0,Edward_Cabrera,0.0,0.0,0.0,0.0,1.0,3.0,2.0,0.0,1.0,7.0,0.075,0.0,0.0,0.0,0.0,10.0,7.8181818181818175,8.704545454545455,4.0,1.0277777777777777,0.0,91.0,0,2.0,1.0,6.123233995736766e-17,0.7818314824680298,0.6234898018587336,0.5,1.5,0.5,0.5,0.5,0.5,1.5,0.5,0.5,0.5,synthetic,synthetic,synthetic,synthetic,synthetic,0.0,0.0,0.0,0.0,0.0,-110.0,-110.0,-110.0,-110.0,-110.0,-110.0,-110.0,-110.0,-110.0,-110.0,0.0,0.0,0.0,0.0,0.0,2026-08-28T01:24:59.045926+00:00,0.669689393939394,-0.39851666666666663,-0.43075,-0.49111111111111116,-0.20879999999999999,1.0,1.4,0.2,0.0,0.2,2.0,2.0,0.0,0.0,1.0,batter_pitcher_profile_network_v2,0.3666666666666666,0.15,0.7891628013303733,0.0,0.2213324668588877,-0.90511047979798,0.5681347402597403,0.0,0.0,0.0,0.0,0.0,0.0,-0.8654608585858585,0.5465600649350649,0.0,0.0,0.0,0.0,0.0,0.0,-0.8036931818181818,0.4550568181818181,0.0,0.0,0.0,0.0,0.0,0.0,-0.5258964646464646,0.4809350649350649,0.0,0.0,0.0,0.0,0.0,0.0,-0.7173737373737373,0.5875757575757575,0.0,0.0,0.0,0.0,0.0,0.0
2026-03-25,Ryan_McMahon,641857,hitter,NYY,SF,2026,823244,12,147,137,0,657277.0,Logan_Webb,1.0,1.0,1.0,0.0,2.0,4.0,3.0,1.0,2.0,8.0,0.1,0.395,0.395,0.0,0.0,47.400000000000006,7.730769230769231,7.615384615384615,5.228571428571429,1.08,19.0,63.0,0,1.0,1.0,6.123233995736766e-17,0.9749279121818236,-0.22252093395631434,0.5,1.5,0.5,0.5,0.5,0.5,1.5,0.5,0.5,0.5,synthetic,synthetic,synthetic,synthetic,synthetic,0.0,0.0,0.0,0.0,0.0,-110.0,-110.0,-110.0,-110.0,-110.0,-110.0,-110.0,-110.0,-110.0,-110.0,0.0,0.0,0.0,0.0,0.0,2026-08-28T01:24:59.045926+00:00,0.4244402930402932,-0.4483999999999999,-0.1305714285714285,-0.4744,0.13652857142857144,1.0,1.4,0.2,0.0,0.4,0.0,0.0,0.0,0.0,1.0,batter_pitcher_profile_network_v2,0.4,0.1,0.8051348441529859,0.0,0.2251370981591259,-0.91853835978836,0.6075034965034964,0.0,0.0,0.0,0.0,0.0,0.0,-0.8863326719576721,0.409548951048951,0.0,0.0,0.0,0.0,0.0,0.0,-0.8071428571428572,0.2178846153846153,0.0,0.0,0.0,0.0,0.0,0.0,-0.5803935185185185,0.172048951048951,0.0,0.0,0.0,0.0,0.0,0.0,-0.7501851851851851,0.3516346153846154,0.0,0.0,0.0,0.0,0.0,0.0
2026-03-27,Ryan_McMahon,641857,hitter,NYY,SF,2026,823243,13,147,137,0,592662.0,Robbie_Ray,0.0,0.0,0.0,0.0,0.0,2.0,1.0,1.0,1.0,5.0,0.054054054054054,0.345,0.345,0.0,0.0,41.4,0.6,11.4,4.371428571428572,1.08,6.0,64.0,0,2.0,1.0,6.123233995736766e-17,-0.433883739117558,-0.9009688679024191,0.5,1.5,0.5,0.5,0.5,0.5,1.5,0.5,0.5,0.5,synthetic,synthetic,synthetic,synthetic,synthetic,0.0,0.0,0.0,0.0,0.0,-110.0,-110.0,-110.0,-110.0,-110.0,-110.0,-110.0,-110.0,-110.0,-110.0,0.0,0.0,0.0,0.0,0.0,2026-08-28T01:24:59.045926+00:00,0.26908309387537155,-0.3934605384332108,0.0367097139576541,-0.4754966670116908,0.45322103602254216,1.0,1.4,0.4,0.0,0.8,1.0,1.0,1.0,0.0,2.0,batter_pitcher_profile_network_v2,0.4333333333333333,0.2,0.7270291206088354,0.0,0.2688544532117502,-0.9088034188034187,-0.8341250000000001,0.0,0.0,0.0,0.0,-0.0896684177456417,-0.0089668417745641,-0.8872649572649572,-0.7376905737704919,0.0,0.0,0.0,0.0,-0.0774222841264869,-0.0123875654602379,-0.8221153846153846,-0.5079542349726776,0.0,0.0,0.0,0.0,-0.0493964544376538,-0.0024698227218826,-0.5945405982905982,-0.6237561475409836,0.0,0.0,0.0,0.0,-0.0438666804676329,-0.0010966670116908,-0.7488675213675213,-0.6430908469945354,0.0,0.0,0.0,0.0,-0.0569660019409007,-0.003417960116454
2026-03-28,Ryan_McMahon,641857,hitter,NYY,SF,2026,823241,14,147,137,0,641816.0,Tyler_Mahle,0.0,0.0,0.0,0.0,0.0,4.0,4.0,0.0,0.0,8.0,0.1142857142857142,0.0,0.0,0.0,0.0,10.0,0.6,7.8999999999999995,4.371428571428572,1.08,0.0,61.0,0,1.0,1.0,6.123233995736766e-17,-0.9749279121818236,-0.2225209339563146,0.5,0.5,0.5,0.5,0.5,0.5,0.5,0.5,0.5,0.5,synthetic,synthetic,synthetic,synthetic,synthetic,0.0,0.0,0.0,0.0,0.0,-110.0,-110.0,-110.0,-110.0,-110.0,-110.0,-110.0,-110.0,-110.0,-110.0,0.0,0.0,0.0,0.0,0.0,2026-08-28T01:24:59.045926+00:00,0.24323228791483364,0.13019489660887373,-0.24665127235368461,-0.4753392742244088,0.10089956899064112,0.8,1.0,0.4,0.0,0.8,0.0,0.0,0.0,0.0,0.0,batter_pitcher_profile_network_v2,0.4666666666666667,0.2,0.7241184377413892,0.0,0.2855924316086693,-0.8983333333333333,-0.7226785714285715,0.0,1.0,0.0,0.0,-0.0835818827564253,-0.0083581882756425,-0.8870436507936508,-0.6159636118598383,0.0,1.0,0.0,0.0,-0.0703443961945382,-0.0112551033911261,-0.8169642857142857,-0.3751100628930817,0.0,1.0,0.0,0.0,-0.0394540185022626,-0.0019727009251131,-0.6114285714285713,-0.4772843665768194,0.0,1.0,0.0,0.0,-0.0375709689763525,-0.0009392742244088,-0.7444642857142856,-0.5341666666666666,0.0,1.0,0.0,0.0,-0.051197659679791,-0.0030718595807874
2026-03-30,Ryan_McMahon,641857,hitter,NYY,SEA,2026,823159,15,147,136,0,622491.0,Luis_Castillo,0.0,0.0,0.0,0.0,0.0,2.0,2.0,0.0,1.0,7.0,0.0588235294117647,0.0,0.0,0.0,0.0,10.0,3.9000000000000004,6.45,3.4967532467532467,1.08,0.0,48.0,0,2.0,1.0,6.123233995736766e-17,0.0,1.0,0.5,0.5,0.5,0.5,0.5,0.5,0.5,0.5,0.5,0.5,synthetic,synthetic,synthetic,synthetic,synthetic,0.0,0.0,0.0,0.0,0.0,-110.0,-110.0,-110.0,-110.0,-110.0,-110.0,-110.0,-110.0,-110.0,-110.0,0.0,0.0,0.0,0.0,0.0,2026-08-28T01:24:59.045926+00:00,0.010907384772090634,-0.16711470588235294,-0.47629469060351415,-0.4744,-0.0049858670741023126,0.6,0.6,0.2,0.0,0.8,0.0,0.0,0.0,0.0,0.0,batter_pitcher_profile_network_v2,0.5,0.2,0.8646084991547898,0.0,0.2988170917707076,-0.8687685185185183,0.7691310975609756,0.0,2.0,0.0,0.0,0.0,0.0,-0.8751296296296295,0.8224142530487806,0.0,2.0,0.0,0.0,0.0,0.0,-0.7958333333333332,0.7264322916666667,0.0,2.0,0.0,0.0,0.0,0.0,-0.649324074074074,0.8478048780487806,0.0,2.0,0.0,0.0,0.0,0.0,-0.7714074074074074,0.8505208333333334,0.0,2.0,0.0,0.0,0.0,0.0
2026-03-31,Ryan_McMahon,641857,hitter,NYY,SEA,2026,823158,16,147,136,0,669302.0,Logan_Gilbert,0.0,0.0,0.0,0.0,0.0,4.0,4.0,0.0,3.0,9.0,0.1111111111111111,0.0,0.0,0.0,0.0,10.0,3.9375,11.0625,2.4448051948051948,1.08,0.0,53.0,0,1.0,1.0,6.123233995736766e-17,0.7818314824680298,0.6234898018587336,0.5,0.5,0.5,0.5,0.5,0.5,0.5,0.5,0.5,0.5,synthetic,synthetic,synthetic,synthetic,synthetic,0.0,0.0,0.0,0.0,0.0,-110.0,-110.0,-110.0,-110.0,-110.0,-110.0,-110.0,-110.0,-110.0,-110.0,0.0,0.0,0.0,0.0,0.0,2026-08-28T01:24:59.045926+00:00,-0.43487763698122883,-0.35968521814294435,-0.48348722827600266,-0.4746108089333181,-0.1325035519683198,0.2,0.2,0.2,0.0,0.6,0.0,0.0,0.0,0.0,0.0,batter_pitcher_profile_network_v2,0.5333333333333333,0.2,0.8422243272572936,0.0,0.3160321706488629,-0.9077763002364068,-0.1673299825174825,0.0,3.0,0.0,0.0,-0.0127817810677004,-0.00127817810677,-0.9079561908983452,-0.1364947552447552,0.0,3.0,0.0,0.0,-0.0104284467267361,-0.0016685514762777,-0.8218971631205676,-0.1380817307692306,0.0,3.0,0.0,0.0,-0.0095497603252486,-0.0004774880162624,-0.6824826388888889,-0.1468312937062937,0.0,3.0,0.0,0.0,-0.0084323573327254,-0.0002108089333181,-0.7957638888888889,-0.102168269230769,0.0,3.0,0.0,0.0,-0.0068413062541053,-0.0004104783752463
2026-04-01,Ryan_McMahon,641857,hitter,NYY,SEA,2026,823157,17,147,136,0,669923.0,George_Kirby,0.0,0.0,0.0,0.0,0.0,1.0,1.0,0.0,0.0,7.0,0.0294117647058823,0.0,0.0,0.0,0.0,10.0,2.3482142857142856,7.821428571428572,2.0162337662337664,1.08,0.0,47.0,0,1.0,0.8660254037844387,-0.4999999999999998,0.9749279121818236,-0.22252093395631434,0.5,0.5,0.5,0.5,0.5,0.5,0.5,0.5,0.5,0.5,synthetic,synthetic,synthetic,synthetic,synthetic,0.0,0.0,0.0,0.0,0.0,-110.0,-110.0,-110.0,-110.0,-110.0,-110.0,-110.0,-110.0,-110.0,-110.0,0.0,0.0,0.0,0.0,0.0,2026-08-28T01:24:59.045926+00:00,-0.43962712662113074,-0.4519600661994012,-0.5,-0.47504399398135416,-0.388445259234463,0.2,0.2,0.2,0.0,0.4,0.0,0.0,0.0,0.0,0.0,batter_pitcher_profile_network_v2,0.5666666666666667,0.2,0.6305308210683295,0.0,0.3378853282171592,-0.9358823529411764,-0.1449584779255831,0.0,4.0,0.0,0.0,-0.0284034281669982,-0.0028403428166998,-0.9327124183006535,-0.151313439849624,0.0,4.0,0.0,0.0,-0.0295482078639046,-0.0047277132582247,-0.85,-0.2672586996336995,0.0,4.0,0.0,0.0,-0.0475616221988776,-0.0023780811099438,-0.7117401960784313,-0.1728679270291111,0.0,4.0,0.0,0.0,-0.0257597592541717,-0.0006439939813542,-0.8228431372549019,-0.2752554945054943,0.0,4.0,0.0,0.0,-0.0474197140044832,-0.0028451828402689
2026-04-03,Ryan_McMahon,641857,hitter,NYY,MIA,2026,823568,18,147,146,1,691587.0,Eury_Pérez,0.0,0.0,0.0,0.0,0.0,4.0,2.0,2.0,1.0,9.0,0.0975609756097561,0.345,0.345,0.0,0.0,41.4,2.4857142857142858,10.178571428571429,0.6857142857142857,1.08,8.0,58.0,0,2.0,0.8660254037844387,-0.4999999999999998,-0.433883739117558,-0.9009688679024191,0.5,0.5,0.5,0.5,0.5,0.5,0.5,0.5,0.5,0.5,synthetic,synthetic,synthetic,synthetic,synthetic,0.0,0.0,0.0,0.0,0.0,-110.0,-110.0,-110.0,-110.0,-110.0,-110.0,-110.0,-110.0,-110.0,-110.0,0.0,0.0,0.0,0.0,0.0,2026-08-28T01:24:59.045926+00:00,-0.5,-0.3470692307464939,-0.5,-0.4744,-0.5,0.0,0.0,0.0,0.0,0.0,0.0,0.0,0.0,0.0,0.0,batter_pitcher_profile_network_v2,0.6,0.2,0.8428188168575947,0.0,0.3493509389869889,-0.9456172839506172,-0.6309926900584796,0.0,5.0,0.4758765779406161,-0.0127145796120395,-0.0562718940856024,-0.0056271894085602,-0.9445524691358024,-0.1853354218880535,0.0,5.0,0.5036333297181952,-0.0119345062632475,-0.0344113507021729,-0.0055058161123476,-0.8583333333333334,-0.1312089947089946,0.0,5.0,0.5427566456342218,-0.0096161148084378,-0.0202372610974898,-0.0010118630548744,-0.7377469135802469,0.2903590225563909,0.0,5.0,0.4331233441888931,0.0,0.0,0.0,-0.8430246913580246,-0.1087552910052909,0.0,5.0,0.506887970443811,-0.0180127576861534,-0.022156111024707,-0.0013293666614824
2026-04-04,Ryan_McMahon,641857,hitter,NYY,MIA,2026,823569,19,147,146,1,676974.0,Max_Meyer,0.0,0.0,1.0,0.0,0.0,4.0,3.0,1.0,2.0,9.0,0.0952380952380952,0.1725,0.1725,0.0,0.0,20.7,1.8,13.0,1.2214285714285715,1.08,0.0,52.0,0,1.0,0.8660254037844387,-0.4999999999999998,-0.9749279121818236,-0.2225209339563146,0.5,0.5,0.5,0.5,0.5,0.5,0.5,0.5,0.5,0.5,synthetic,synthetic,synthetic,synthetic,synthetic,0.0,0.0,0.0,0.0,0.0,-110.0,-110.0,-110.0,-110.0,-110.0,-110.0,-110.0,-110.0,-110.0,-110.0,0.0,0.0,0.0,0.0,0.0,2026-08-28T01:24:59.045926+00:00,-0.5,-0.43518744335298043,-0.5,-0.47591084367459446,-0.5,0.0,0.0,0.0,0.0,0.0,0.0,0.0,0.0,0.0,0.0,batter_pitcher_profile_network_v2,0.6333333333333333,0.15,0.8699519052838329,0.0,0.3531813004070762,-0.9359649122807018,-0.799909090909091,0.0,6.0,0.5542813218868937,-0.0139423518100152,-0.0616646883247404,-0.006166468832474,-0.941374269005848,-0.8729431818181819,0.0,6.0,0.488086272698603,-0.0109709902739643,-0.0841402709561275,-0.0134624433529804,-0.8666666666666667,-0.7463598484848485,0.0,6.0,0.5280769988253726,-0.0088739959872765,-0.0621506205166568,-0.0031075310258328,-0.7426535087719298,-0.988,0.0,6.0,0.3846658721138995,0.0,-0.0604337469837811,-0.0015108436745945,-0.8432456140350877,-0.8036515151515151,0.0,6.0,0.5109398755898211,-0.0171955569553539,-0.0687126020385357,-0.0041227561223121
2026-04-05,Ryan_McMahon,641857,hitter,NYY,MIA,2026,823566,20,147,146,1,664126.0,Pete_Fairbanks,1.0,1.0,0.0,0.0,0.0,4.0,3.0,1.0,1.0,9.0,0.0909090909090909,0.395,0.395,0.0,0.0,47.400000000000006,0.0,15.0,3.15,1.08,0.0,55.0,0,1.0,0.8660254037844387,-0.4999999999999998,-0.7818314824680299,0.6234898018587334,0.5,0.5,0.5,0.5,0.5,0.5,0.5,0.5,0.5,0.5,synthetic,synthetic,synthetic,synthetic,synthetic,0.0,0.0,0.0,0.0,0.0,-110.0,-110.0,-110.0,-110.0,-110.0,-110.0,-110.0,-110.0,-110.0,-110.0,0.0,0.0,0.0,0.0,0.0,2026-08-28T01:24:59.045926+00:00,-0.5,-0.3293365458607453,-0.1167153220138874,-0.4744,-0.4109535963400883,0.0,0.0,0.2,0.0,0.0,0.0,0.0,1.0,0.0,0.0,batter_pitcher_profile_network_v2,0.6666666666666666,0.0,1.0,0.0,0.3333333333333333,-0.9387777777777778,0.0,0.0,6.0,0.5444682595366984,-0.0130209168281671,0.0,0.0,-0.9471388888888888,0.0,0.0,6.0,0.5920781642871364,-0.0125386380561359,-0.0188079570842039,-0.0030092731334726,-0.8833333333333333,0.0,0.0,6.0,0.6411388057888836,-0.0152155311868408,-0.0152155311868408,-0.000760776559342,-0.7585694444444445,0.0,0.0,6.0,0.6085129790528181,0.0,0.0,0.0,-0.8604444444444443,0.0,0.0,6.0,0.6040764465628217,-0.0191708277595398,-0.0143781208196548,-0.0008626872491792
2026-04-07,Ryan_McMahon,641857,hitter,NYY,ATH,2026,823567,21,147,133,1,650644.0,Aaron_Civale,0.0,0.0,0.0,0.0,0.0,0.0,0.0,0.0,0.0,7.0,0.0,0.0,0.0,0.0,0.0,10.0,5.7,9.549999999999999,4.465426170468187,1.08,16.0,43.0,0,2.0,0.8660254037844387,-0.4999999999999998,0.7818314824680298,0.6234898018587336,0.5,0.5,0.5,0.5,0.5,0.5,0.5,0.5,0.5,0.5,synthetic,synthetic,synthetic,synthetic,synthetic,0.0,0.0,0.0,0.0,0.0,-110.0,-110.0,-110.0,-110.0,-110.0,-110.0,-110.0,-110.0,-110.0,-110.0,0.0,0.0,0.0,0.0,0.0,2026-08-28T01:24:59.045926+00:00,-0.34714961984793913,-0.3418771663479386,-0.5,-0.4744,-0.5,0.2,0.2,0.2,0.0,0.0,1.0,1.0,0.0,0.0,0.0,batter_pitcher_profile_network_v2,0.7,0.2,0.8367927061281571,0.0,0.3994985786998601,-0.9271957671957672,0.247863337320574,0.0,6.0,0.4663373388818182,-0.0124692422001485,0.0,0.0,-0.9417592592592592,0.4223343301435406,0.0,6.0,0.4591768482876354,-0.0105298597830778,-0.0157947896746167,-0.0025271663479386,-0.8916666666666666,0.2484930223285488,0.0,6.0,0.5708062013809145,-0.0129735104890024,-0.0129735104890024,-0.0006486755244501,-0.7588425925925927,0.5530909090909091,0.0,6.0,0.4613855805798572,0.0,0.0,0.0,-0.8578306878306877,0.4223417065390751,0.0,6.0,0.4690227069494049,-0.0143295365749494,-0.010747152431212,-0.0006448291458727
2026-04-08,Ryan_McMahon,641857,hitter,NYY,ATH,2026,823564,22,147,133,1,622663.0,Luis_Severino,0.0,0.0,0.0,0.0,0.0,4.0,3.0,1.0,2.0,9.0,0.1111111111111111,0.1725,0.1725,0.0,0.0,20.7,5.400000000000001,12.300000000000002,6.179711884753901,1.08,0.0,44.0,0,1.0,0.8660254037844387,-0.4999999999999998,0.9749279121818236,-0.22252093395631434,0.5,0.5,0.5,0.5,0.5,0.5,0.5,0.5,0.5,0.5,synthetic,synthetic,synthetic,synthetic,synthetic,0.0,0.0,0.0,0.0,0.0,-110.0,-110.0,-110.0,-110.0,-110.0,-110.0,-110.0,-110.0,-110.0,-110.0,0.0,0.0,0.0,0.0,0.0,2026-08-28T01:24:59.045926+00:00,-0.3888220252300427,-0.28481713078380033,-0.20202145991488019,-0.4744,-0.30238224405346575,0.2,0.2,0.2,0.0,0.0,0.0,0.0,0.0,0.0,0.0,batter_pitcher_profile_network_v2,0.7333333333333333,0.2,0.8592293551913877,0.0,0.4156155474644776,-0.9355555555555556,-0.0770181159420288,0.0,7.0,0.669963583516326,-0.0168248495517513,-0.0074383395353205,-0.000743833953532,-0.9510353535353536,-0.052820652173913,0.0,7.0,0.6975381184613375,-0.0149822482828133,-0.0276591507320861,-0.0044254641171337,-0.8958333333333333,0.4885018115942031,0.0,7.0,0.5832412586273923,-0.0126410830515079,-0.0126410830515079,-0.0006320541525753,-0.7779797979797979,0.0061014492753623,0.0,7.0,0.6969661185208197,0.0,0.0,0.0,-0.8722979797979797,0.3726594202898552,0.0,7.0,0.6042737074815753,-0.0174334435072791,-0.0130750826304593,-0.0007845049578275
2026-04-09,Ryan_McMahon,641857,hitter,NYY,ATH,2026,823565,23,147,133,1,605488.0,Jeffrey_Springs,0.0,0.0,0.0,0.0,0.0,3.0,3.0,0.0,1.0,9.0,0.09375,0.0,0.0,0.0,0.0,10.0,1.625,8.625,6.179711884753901,1.08,10.0,50.0,0,1.0,0.8660254037844387,-0.4999999999999998,0.43388373911755823,-0.900968867902419,0.5,0.5,0.5,0.5,0.5,0.5,0.5,0.5,0.5,0.5,synthetic,synthetic,synthetic,synthetic,synthetic,0.0,0.0,0.0,0.0,0.0,-110.0,-110.0,-110.0,-110.0,-110.0,-110.0,-110.0,-110.0,-110.0,-110.0,0.0,0.0,0.0,0.0,0.0,2026-08-28T01:24:59.045926+00:00,-0.20665477442985036,-0.39065483678308977,-0.31992980465155246,-0.47578200807901466,-0.3767978892368738,0.2,0.2,0.2,0.0,0.0,0.0,0.0,0.0,0.0,0.0,batter_pitcher_profile_network_v2,0.7666666666666667,0.3,0.8088314832491601,0.0,0.4586087763239267,-0.9380193236714977,-0.3495637755102041,0.0,8.0,0.7970745306238318,-0.0189565122906898,-0.0480574982000659,-0.0048057498200065,-0.9535144927536232,-0.4426530612244898,0.0,8.0,0.7715190462458581,-0.0157589584623651,-0.0854989798943118,-0.0136798367830898,-0.9166666666666669,-0.1393384353741495,0.0,8.0,0.8411464769161925,-0.0170880003675469,-0.0358079777849505,-0.0017903988892475,-0.7864794685990338,-0.479579081632653,0.0,8.0,0.7130527543164422,0.0,-0.0552803231605905,-0.0013820080790147,-0.8880193236714975,-0.2648784013605442,0.0,8.0,0.7884799061877686,-0.0214453854113214,-0.0505580579094821,-0.0030334834745689
2026-04-11,Ryan_McMahon,641857,hitter,NYY,TB,2026,822996,24,147,139,0,607259.0,Nick_Martinez,1.0,1.0,0.0,0.0,0.0,2.0,2.0,0.0,0.0,9.0,0.0444444444444444,0.445,0.445,0.0,0.0,53.4,10.5,3.5,4.933928571428572,1.08,0.0,72.0,0,2.0,0.8660254037844387,-0.4999999999999998,-0.9749279121818236,-0.2225209339563146,0.5,0.5,0.5,0.5,0.5,0.5,0.5,0.5,0.5,0.5,synthetic,synthetic,synthetic,synthetic,synthetic,0.0,0.0,0.0,0.0,0.0,-110.0,-110.0,-110.0,-110.0,-110.0,-110.0,-110.0,-110.0,-110.0,-110.0,0.0,0.0,0.0,0.0,0.0,2026-08-28T01:24:59.045926+00:00,0.03475714285714282,-0.23277882414531198,-0.19845663054891904,-0.4744,-0.3612066115448362,0.2,0.2,0.2,0.0,0.0,0.0,0.0,0.0,0.0,0.0,batter_pitcher_profile_network_v2,0.8,0.25,0.8279873787865704,0.0,0.4621428865246613,-0.9452314814814816,0.857197398190045,0.0,9.0,0.4395363175760336,-0.0103056970415537,0.0,0.0,-0.9589236111111112,0.90022907239819,0.0,9.0,0.4593680709560001,-0.0092173228276888,-0.0138259842415332,-0.0022121574786453,-0.9291666666666668,0.7266826923076922,0.0,9.0,0.6614964591941437,-0.0130611824069539,-0.0130611824069539,-0.0006530591203476,-0.7981828703703704,0.9519117647058823,0.0,9.0,0.4911138006910997,0.0,0.0,0.0,-0.9027314814814812,0.8374999999999999,0.0,9.0,0.5608036956009315,-0.0148823729540315,-0.0111617797155236,-0.0006697067829314
2026-04-12,Ryan_McMahon,641857,hitter,NYY,TB,2026,822998,25,147,139,0,656876.0,Drew_Rasmussen,1.0,1.0,0.0,0.0,0.0,4.0,4.0,0.0,1.0,8.0,0.1142857142857142,0.2225,0.2225,0.0,0.0,26.7,4.905882352941176,7.588235294117648,2.523214285714286,1.08,0.0,72.0,0,1.0,0.8660254037844387,-0.4999999999999998,-0.7818314824680299,0.6234898018587334,0.5,0.5,0.5,0.5,0.5,0.5,0.5,0.5,0.5,0.5,synthetic,synthetic,synthetic,synthetic,synthetic,0.0,0.0,0.0,0.0,0.0,-110.0,-110.0,-110.0,-110.0,-110.0,-110.0,-110.0,-110.0,-110.0,-110.0,0.0,0.0,0.0,0.0,0.0,2026-08-28T01:24:59.045926+00:00,0.11258347338935548,0.00645969554789938,-0.4717308121814049,-0.4744,-0.4668336380685912,0.4,0.4,0.0,0.0,0.0,1.0,1.0,0.0,0.0,0.0,batter_pitcher_profile_network_v2,0.8333333333333334,0.25,0.8086967844093695,0.0,0.4794003276441297,-0.9325777777777778,0.183637306501548,0.0,10.0,0.9481671687646868,-0.0158734076522064,0.0,0.0,-0.9494333333333334,0.35911153250774,0.0,10.0,0.9107764465512178,-0.0129804352170856,-0.0194706528256284,-0.0031153044521005,-0.9375,0.0266447110423117,0.0,10.0,1.1106065461816037,-0.020330529342383,-0.020330529342383,-0.0010165264671191,-0.7896611111111111,0.4990786377708978,0.0,10.0,0.887280235058915,0.0,0.0,0.0,-0.8950777777777776,0.1347916408668731,0.0,10.0,1.0359530230969762,-0.0254300523178992,-0.0190725392384244,-0.0011443523543054
2026-04-13,Ryan_McMahon,641857,hitter,NYY,LAA,2026,823563,26,147,108,1,579328.0,,0.0,0.0,0.0,0.0,0.0,3.0,2.0,1.0,0.0,1.0,0.0652173913043478,0.2299999999999999,0.2299999999999999,0.0,0.0,27.6,4.1,8.2,8.346734693877552,1.08,15.0,77.0,0,1.0,0.8660254037844387,-0.4999999999999998,0.0,1.0,0.5,0.5,0.5,0.5,0.5,0.5,0.5,0.5,0.5,0.5,synthetic,synthetic,synthetic,synthetic,synthetic,0.0,0.0,0.0,0.0,0.0,-110.0,-110.0,-110.0,-110.0,-110.0,-110.0,-110.0,-110.0,-110.0,-110.0,0.0,0.0,0.0,0.0,0.0,2026-08-28T01:24:59.045926+00:00,0.26613895297249335,-0.043911783263338,-0.16829889852734137,-0.47465836114765886,-0.23119408237105038,0.4,0.4,0.0,0.0,0.0,1.0,1.0,0.0,0.0,0.0,batter_pitcher_profile_network_v2,0.8666666666666667,0.2,0.7985671996079484,0.0,0.4837684369429386,-0.9323076923076924,0.2112440387489302,0.0,11.0,1.0860694092033722,-0.0096309901088376,0.0,0.0,-0.9492307692307692,0.0699967852033669,0.0,11.0,1.1515045110343547,-0.0136632273653575,-0.0204948410480363,-0.0032791745676858,-0.9375,0.2500011781289872,0.0,11.0,1.2133465004913684,-0.0211909252939456,-0.0211909252939456,-0.0010595462646972,-0.7932051282051283,-0.074631023785397,0.0,11.0,1.1333033810635478,0.0,-0.0103344459063588,-0.0002583611476589,-0.8948076923076922,0.2136083878668149,0.0,11.0,1.166243953320695,-0.0272548719742458,-0.0204411539806844,-0.001226469238841
2026-04-14,Ryan_McMahon,641857,hitter,NYY,LAA,2026,823562,27,147,108,1,672282.0,Reid_Detmers,1.0,1.0,0.0,0.0,0.0,2.0,2.0,0.0,0.0,9.0,0.0625,0.445,0.445,0.0,0.0,53.4,5.39010989010989,10.354945054945055,9.658163265306124,1.08,0.0,81.0,0,1.0,0.8660254037844387,-0.4999999999999998,0.7818314824680298,0.6234898018587336,0.5,0.5,0.5,0.5,0.5,0.5,0.5,0.5,0.5,0.5,synthetic,synthetic,synthetic,synthetic,synthetic,0.0,0.0,0.0,0.0,0.0,-110.0,-110.0,-110.0,-110.0,-110.0,-110.0,-110.0,-110.0,-110.0,-110.0,0.0,0.0,0.0,0.0,0.0,2026-08-28T01:24:59.045926+00:00,0.08373517863099678,-0.0983291920213149,-0.0680134522749018,-0.4758332353212706,-0.10511797469353162,0.4,0.4,0.0,0.0,0.0,0.0,0.0,0.0,0.0,0.0,batter_pitcher_profile_network_v2,0.9,0.25,0.8256998596431988,0.0,0.512212941798427,-0.903562242798354,-0.1259871363930187,0.0,12.0,1.26979508397935,-0.0169162735970804,-0.017857659006621,-0.0017857659006621,-0.9300154320987656,-0.3059258080155138,0.0,12.0,1.225530603944876,-0.018075288532883,-0.0717449501332193,-0.011479192021315,-0.8937500000000002,-0.004410714285714,0.0,12.0,1.3728966897065022,-0.0228139168608807,-0.0234323108041606,-0.001171615540208,-0.7961162551440328,-0.4590508080155138,0.0,12.0,1.0961207244691709,0.0,-0.0573294128508245,-0.0014332353212706,-0.8791872427983539,-0.0871190476190474,0.0,12.0,1.302169032976346,-0.0290048833890282,-0.0337689659806313,-0.0020261379588378
2026-04-15,Ryan_McMahon,641857,hitter,NYY,LAA,2026,823561,28,147,108,1,686799.0,Jack_Kochanowicz,0.0,0.0,0.0,0.0,0.0,3.0,3.0,0.0,1.0,9.0,0.0857142857142857,0.0,0.0,0.0,0.0,10.0,4.178571428571429,6.813025210084034,8.372448979591837,1.08,0.0,83.0,0,1.0,0.8660254037844387,-0.4999999999999998,0.9749279121818236,-0.22252093395631434,0.5,0.5,0.5,0.5,0.5,0.5,0.5,0.5,0.5,0.5,synthetic,synthetic,synthetic,synthetic,synthetic,0.0,0.0,0.0,0.0,0.0,-110.0,-110.0,-110.0,-110.0,-110.0,-110.0,-110.0,-110.0,-110.0,-110.0,0.0,0.0,0.0,0.0,0.0,2026-08-28T01:24:59.045926+00:00,0.5228456081408168,-0.013276542205539754,-0.34984321469692736,-0.4755711168514098,-0.278721720183453,0.6,0.6,0.0,0.0,0.0,1.0,1.0,0.0,0.0,0.0,batter_pitcher_profile_network_v2,0.9333333333333332,0.3,0.7994848583817225,0.0,0.5422855981211384,-0.8618791134339919,-0.4836431177122012,0.0,13.0,1.29236050691645,-0.0150967301583959,-0.078010905386549,-0.0078010905386549,-0.9013254936120793,-0.4413297420080266,0.0,13.0,1.3040672510748808,-0.015064695268182,-0.0970408887846232,-0.0155265422055397,-0.8773373983739841,-0.252182965939999,0.0,13.0,1.436333986671984,-0.0229069815168451,-0.064313273530385,-0.0032156636765192,-0.7885813492063493,-0.3174166985297657,0.0,13.0,1.3196913501187242,0.0,-0.0468446740563933,-0.0011711168514098,-0.8708730158730158,-0.3969655746356513,0.0,13.0,1.306388012077624,-0.0280507164977962,-0.0857361527174147,-0.0051441691630448
2026-04-17,Ryan_McMahon,641857,hitter,NYY,KC,2026,823559,29,147,118,1,608379.0,Michael_Wacha,1.0,4.0,1.0,1.0,2.0,1.0,1.0,0.0,0.0,6.0,0.0294117647058823,2.1,2.1,3.0,30.0,65.0,0.4285714285714286,7.410714285714286,4.207792207792208,1.08,0.0,74.0,0,2.0,0.8660254037844387,-0.4999999999999998,-0.433883739117558,-0.9009688679024191,0.5,0.5,0.5,0.5,0.5,0.5,0.5,0.5,0.5,0.5,synthetic,synthetic,synthetic,synthetic,synthetic,0.0,0.0,0.0,0.0,0.0,-110.0,-110.0,-110.0,-110.0,-110.0,-110.0,-110.0,-110.0,-110.0,-110.0,0.0,0.0,0.0,0.0,0.0,2026-08-28T01:24:59.045926+00:00,0.06706620671922814,4.339805510542617,0.5579273026029163,0.3506,0.08050960990393197,0.6,0.6,0.0,0.0,0.0,0.0,0.0,0.0,0.0,0.0,batter_pitcher_profile_network_v2,0.9666666666666668,0.3,0.8303192932642391,0.0,0.5578190993058726,-0.8689770678386296,-0.1645268184196755,0.0,14.0,1.5778472450921692,-0.0151619793391269,-0.023450614243929,-0.0023450614243929,-0.906604124408384,-0.0886949895342751,0.0,14.0,1.5797652987669817,-0.016049283010522,-0.0372633532262931,-0.0059621365162068,-0.8943627450980391,0.0847187118437119,0.0,14.0,1.68107630443097,-0.0254226263221175,-0.0254226263221175,-0.0012711313161058,-0.7981944444444444,0.0451992412349556,0.0,14.0,1.539435122333271,0.0,0.0,0.0,-0.8874329501915708,0.0405039682539683,0.0,14.0,1.6096785971308942,-0.032627461773245,-0.0244705963299337,-0.001468235779796
2026-04-18,Ryan_McMahon,641857,hitter,NYY,KC,2026,823558,30,147,118,1,702070.0,Noah_Cameron,0.0,0.0,1.0,0.0,0.0,1.0,0.0,1.0,0.0,2.0,0.0232558139534883,0.69,0.69,0.0,0.0,65.0,3.9419117647058823,7.89705882352941,4.0,1.08,0.0,66.0,0,1.0,0.8660254037844387,-0.4999999999999998,-0.9749279121818236,-0.2225209339563146,0.5,1.5,0.5,0.5,0.5,0.5,1.5,0.5,0.5,0.5,synthetic,synthetic,synthetic,synthetic,synthetic,0.0,0.0,0.0,0.0,0.0,-110.0,-110.0,-110.0,-110.0,-110.0,-110.0,-110.0,-110.0,-110.0,-110.0,0.0,0.0,0.0,0.0,0.0,2026-08-28T01:24:59.045926+00:00,0.13039977200182407,0.038166315915963756,0.07310468134602854,-0.23317999210937518,0.2333017285038691,0.6,1.2,0.2,0.2,0.4,1.0,4.0,1.0,1.0,2.0,batter_pitcher_profile_network_v2,1.0,0.3,0.7709756605752787,0.0,0.5766666444738585,-0.8243237510766582,0.4575816119089776,0.0,15.0,1.386876325092588,-0.0006927938458948,0.0,0.0,-0.6804627476313524,0.4746127450980392,0.0,15.0,1.4076922452638343,0.006754029494811,0.0101310442422165,0.0016209670787546,-0.8558284883720932,0.4272461008372133,0.0,15.0,1.6436335556814654,-0.0089528847073342,-0.0089528847073342,-0.0004476442353667,-0.3972129629629629,0.4973029624893436,0.0,15.0,1.4380683801792722,0.0488003156249934,0.0488003156249934,0.0012200078906248,-0.6215879629629629,0.4940124051850395,0.0,15.0,1.49669855377995,-0.0010468601207393,-0.0007851450905545,-4.710870543327274e-05
2026-04-19,Ryan_McMahon,641857,hitter,NYY,KC,2026,823556,31,147,118,1,666142.0,Cole_Ragans,0.0,0.0,0.0,0.0,0.0,4.0,3.0,1.0,2.0,9.0,0.0975609756097561,0.1725,0.1725,0.0,0.0,20.7,13.5,13.5,5.4935064935064934,1.08,14.0,42.0,0,1.0,0.8660254037844387,-0.4999999999999998,-0.7818314824680299,0.6234898018587334,0.5,0.5,0.5,0.5,0.5,0.5,0.5,0.5,0.5,0.5,synthetic,synthetic,synthetic,synthetic,synthetic,0.0,0.0,0.0,0.0,0.0,-110.0,-110.0,-110.0,-110.0,-110.0,-110.0,-110.0,-110.0,-110.0,-110.0,0.0,0.0,0.0,0.0,0.0,2026-08-28T01:24:59.045926+00:00,-0.36877843944673205,0.20128994622452712,0.01556932494671659,-0.3330928556085624,-0.08015618314511697,0.4,1.0,0.4,0.2,0.4,0.0,0.0,1.0,0.0,0.0,batter_pitcher_profile_network_v2,1.0,0.4,0.7772887582067101,0.0,0.6019128508478712,-0.687755291005291,0.2528045948616601,0.0,16.0,1.7563451190674186,-0.0080203493780275,0.0,0.0,-0.56855291005291,0.2642826910408432,0.0,16.0,1.7755905823318765,0.0019931702444731,0.0029897553667097,0.0004783608586735,-0.6952380952380953,0.6165625000000001,0.0,16.0,1.610689606155386,0.0068434200619869,0.0068434200619869,0.0003421710030993,-0.3768425925925925,0.2649455698287221,0.0,16.0,1.796331516798488,0.0522857756575068,0.0522857756575068,0.0013071443914376,-0.4880925925925926,0.5918844696969697,0.0,16.0,1.5752644642580946,-0.0069603363892196,-0.0052202522919147,-0.0003132151375148
2026-04-21,Ryan_McMahon,641857,hitter,NYY,BOS,2026,824773,32,147,111,0,813349.0,Connelly_Early,0.0,0.0,0.0,0.0,0.0,1.0,1.0,0.0,1.0,1.0,0.0256410256410256,0.0,0.0,0.0,0.0,10.0,2.692307692307692,8.961538461538462,3.1353383458646618,1.08,9.0,47.0,0,2.0,0.8660254037844387,-0.4999999999999998,0.7818314824680298,0.6234898018587336,0.5,0.5,0.5,0.5,0.5,0.5,0.5,0.5,0.5,0.5,synthetic,synthetic,synthetic,synthetic,synthetic,0.0,0.0,0.0,0.0,0.0,-110.0,-110.0,-110.0,-110.0,-110.0,-110.0,-110.0,-110.0,-110.0,-110.0,0.0,0.0,0.0,0.0,0.0,2026-08-28T01:24:59.045926+00:00,-0.3334229303133937,0.021364397894848786,-0.35521995606514956,-0.3361438236308951,-0.3410355950496511,0.4,1.0,0.4,0.2,0.4,0.0,0.0,0.0,0.0,0.0,batter_pitcher_profile_network_v2,1.0,0.35,0.6270509385941845,0.0,0.5956151910077743,-0.688573052832244,-0.5783369988220736,0.0,17.0,1.7605422164674485,-0.0189047221298631,-0.1485184876336482,-0.0148518487633648,-0.5639761710239651,-0.6465748300207256,0.0,17.0,1.636370741177119,-0.006358729872354,-0.1455350131571946,-0.0232856021051511,-0.6828523284313727,-0.5131213382388755,0.0,17.0,1.689715018362231,-0.0102151459789646,-0.1408913133214999,-0.0070445656660749,-0.3728796296296296,-0.7052035613640091,0.0,17.0,1.4739093540115766,0.0283162641080834,-0.0697529452358057,-0.0017438236308951,-0.4589733796296298,-0.6323408656020595,0.0,17.0,1.5202331018750588,-0.0102655843374615,-0.1159393082788397,-0.0069563584967303
2026-04-22,Ryan_McMahon,641857,hitter,NYY,BOS,2026,824774,33,147,111,0,624133.0,Ranger_Suarez,0.0,0.0,0.0,0.0,0.0,1.0,1.0,0.0,1.0,5.0,0.0294117647058823,0.0,0.0,0.0,0.0,10.0,3.0,6.0,2.729323308270677,1.08,12.0,47.0,0,1.0,0.8660254037844387,-0.4999999999999998,0.9749279121818236,-0.22252093395631434,0.5,0.5,0.5,0.5,0.5,0.5,0.5,0.5,0.5,0.5,synthetic,synthetic,synthetic,synthetic,synthetic,0.0,0.0,0.0,0.0,0.0,-110.0,-110.0,-110.0,-110.0,-110.0,-110.0,-110.0,-110.0,-110.0,-110.0,0.0,0.0,0.0,0.0,0.0,2026-08-28T01:24:59.045926+00:00,-0.3171917735515259,-0.07687243826565121,-0.40397980825733276,-0.33328055510118026,-0.3506193542162862,0.2,0.8,0.4,0.2,0.4,0.0,0.0,0.0,0.0,0.0,batter_pitcher_profile_network_v2,1.0,0.3,0.7395170928920413,0.0,0.5778227468362175,-0.7470289351851853,0.3849219965427831,0.0,18.0,1.990015265655648,-0.0153912215482183,0.0,0.0,-0.6029467592592593,0.3230632382598675,0.0,18.0,2.0792008481692226,-0.0068336888519779,-0.010250533277967,-0.0016400853244747,-0.6968229166666668,0.2570811965811966,0.0,18.0,2.322247717772518,-0.0050959440055671,-0.0050959440055671,-0.0002547972002783,-0.3728796296296296,0.3043132382598675,0.0,18.0,2.114541985122568,0.0447777959527899,0.0447777959527899,0.0011194448988197,-0.4439733796296298,0.3102756410256412,0.0,18.0,2.175203221125288,-0.0149723316430606,-0.0112292487322954,-0.0006737549239377
2026-04-23,Ryan_McMahon,641857,hitter,NYY,BOS,2026,824770,34,147,111,0,801139.0,Payton_Tolle,1.0,1.0,0.0,0.0,0.0,1.0,1.0,0.0,0.0,5.0,0.0256410256410256,0.89,0.89,0.0,0.0,65.0,0.0,16.125,2.729323308270677,1.08,0.0,59.0,0,1.0,0.8660254037844387,-0.4999999999999998,0.43388373911755823,-0.900968867902419,0.5,0.5,0.5,0.5,0.5,0.5,0.5,0.5,0.5,0.5,synthetic,synthetic,synthetic,synthetic,synthetic,0.0,0.0,0.0,0.0,0.0,-110.0,-110.0,-110.0,-110.0,-110.0,-110.0,-110.0,-110.0,-110.0,-110.0,0.0,0.0,0.0,0.0,0.0,2026-08-28T01:24:59.045926+00:00,-0.5,0.3181056211042457,0.08036282688086516,-0.3333122858461226,-0.08826075006622469,0.2,0.8,0.4,0.2,0.4,0.0,0.0,0.0,0.0,0.0,batter_pitcher_profile_network_v2,1.0,0.0,1.0,0.0,0.5,-0.7870891203703704,0.0,0.0,19.0,2.455176999476473,-0.025144201489686,0.0,0.0,-0.6365856481481482,0.0,0.0,19.0,2.458429954019123,-0.0126849120656422,-0.0190273680984633,-0.0030443788957541,-0.7232812500000001,0.0,0.0,19.0,2.56410720408057,-0.0132206168072228,-0.0132206168072228,-0.0006610308403611,-0.3793981481481481,0.0,0.0,19.0,2.428983611113785,0.0435085661550967,0.0435085661550967,0.0010877141538774,-0.4740335648148148,0.0,0.0,19.0,2.4594842757431548,-0.0195724807467725,-0.0146793605600794,-0.0008807616336047
2026-04-24,Ryan_McMahon,641857,hitter,NYY,HOU,2026,824204,35,147,117,0,621121.0,Lance_McCullers_Jr,1.0,4.0,1.0,1.0,1.0,4.0,4.0,0.0,0.0,8.0,0.0930232558139534,0.525,0.525,0.75,30.0,65.0,8.803846153846154,8.169230769230769,4.5146103896103895,1.08,0.0,73.0,0,1.0,0.8660254037844387,-0.4999999999999998,-0.433883739117558,-0.9009688679024191,0.5,0.5,0.5,0.5,0.5,0.5,0.5,0.5,0.5,0.5,synthetic,synthetic,synthetic,synthetic,synthetic,0.0,0.0,0.0,0.0,0.0,-110.0,-110.0,-110.0,-110.0,-110.0,-110.0,-110.0,-110.0,-110.0,-110.0,0.0,0.0,0.0,0.0,0.0,2026-08-28T01:24:59.045926+00:00,0.0006003965027220337,0.89390517027058,-0.10402457708440643,-0.21110757089993187,-0.3012657397989525,0.2,0.2,0.2,0.0,0.0,1.0,1.0,0.0,0.0,0.0,batter_pitcher_profile_network_v2,1.0,0.35,0.7556591059038034,0.0,0.5901011158343744,-0.6248226529535867,0.0727321529573368,0.0,19.0,2.4340557880498115,-0.0299942054027222,0.0,0.0,-0.5019882501172059,-0.0304055372148858,0.0,19.0,2.4609557727212,-0.0165813182174154,-0.0286014067391064,-0.004576225078257,-0.531669963080169,0.262919821774864,0.0,19.0,2.507538025387235,-0.0092879778101459,-0.0092879778101459,-0.0004643988905072,-0.3590277777777777,-0.1190084783913563,0.0,19.0,2.407073212435096,0.042137202790119,0.0316971640027274,0.0007924291000681,-0.3138715277777777,0.1983855080493738,0.0,19.0,2.4308903252933063,-0.0198135137040278,-0.0148601352780209,-0.0008916081166812
2026-04-25,Ryan_McMahon,641857,hitter,NYY,HOU,2026,824203,36,147,117,0,681347.0,Mike_Burrows,2.0,2.0,1.0,0.0,1.0,5.0,5.0,0.0,1.0,8.0,0.1111111111111111,0.356,0.356,0.0,0.0,42.72,7.258928571428572,7.6875,4.273538961038961,1.08,0.0,73.0,0,1.0,0.8660254037844387,-0.4999999999999998,-0.9749279121818236,-0.2225209339563146,0.5,0.5,0.5,0.5,0.5,0.5,0.5,0.5,0.5,0.5,synthetic,synthetic,synthetic,synthetic,synthetic,0.0,0.0,0.0,0.0,0.0,-110.0,-110.0,-110.0,-110.0,-110.0,-110.0,-110.0,-110.0,-110.0,-110.0,0.0,0.0,0.0,0.0,0.0,2026-08-28T01:24:59.045926+00:00,0.1776332251082251,0.8585679476253296,-0.0457645437141902,-0.2319668781539741,-0.046209833534099964,0.4,1.0,0.2,0.2,0.2,1.0,4.0,1.0,1.0,1.0,batter_pitcher_profile_network_v2,1.0,0.4,0.7001563843165621,0.0,0.6056923371684885,-0.4499479166666664,0.2640851690989874,0.0,20.0,2.5176691475634363,-0.0239533076346821,0.0,0.0,-0.3170408950617282,0.1525006585706382,0.0,20.0,2.6158479037370257,0.0016025595499845,0.0024038393249767,0.0003846142919962,-0.3771045524691355,0.1134655181560608,0.0,20.0,2.7822473804253347,0.0001701646772346,0.0001701646772346,8.508233861733739e-06,-0.2011574074074074,-0.0011272149925801,0.0,20.0,2.64405320382888,0.0973928626749137,0.0973248738410398,0.0024331218460259,-0.1519386574074071,0.1479458821407351,0.0,20.0,2.6665204568178726,-0.0078544056158828,-0.0058908042119121,-0.0003534482527147
2026-04-26,Ryan_McMahon,641857,hitter,NYY,HOU,2026,824202,37,147,117,0,681293.0,Spencer_Arrighetti,1.0,1.0,0.0,0.0,1.0,4.0,4.0,0.0,1.0,8.0,0.1111111111111111,0.2225,0.2225,0.0,0.0,26.7,3.9499999999999997,10.174999999999999,4.273538961038961,1.08,0.0,73.0,0,1.0,0.8660254037844387,-0.4999999999999998,-0.7818314824680299,0.6234898018587334,0.5,1.5,0.5,0.5,0.5,0.5,1.5,0.5,0.5,0.5,synthetic,synthetic,synthetic,synthetic,synthetic,0.0,0.0,0.0,0.0,0.0,-110.0,-110.0,-110.0,-110.0,-110.0,-110.0,-110.0,-110.0,-110.0,-110.0,0.0,0.0,0.0,0.0,0.0,2026-08-28T01:24:59.045926+00:00,0.46008475616673017,-0.2413094640387885,0.007917985023697005,-0.3338473890628111,0.04922892204951601,0.8,1.4,0.4,0.2,0.4,2.0,2.0,1.0,0.0,1.0,batter_pitcher_profile_network_v2,1.0,0.1,0.7813702108712484,0.0,0.5254282149168272,-0.3429233134920635,-0.6900419580419581,0.0,21.0,2.168614647942358,-0.0269685465724575,-0.051734689414952,-0.0051734689414952,-0.2347923941798941,-0.745173951048951,0.0,21.0,2.069903171313958,-0.0054063390338854,-0.0463612335757621,-0.0074177973721219,-0.2858616071428571,-0.3160801282051281,0.0,21.0,2.708337481030051,0.002075071949683,-0.0176792605650236,-0.0008839630282511,-0.1890388888888889,-0.7728181818181817,0.0,21.0,1.9851100722956163,0.0540446515838436,0.0221044374875562,0.0005526109371889,-0.0904034722222221,-0.510551282051282,0.0,21.0,2.344999611017978,-0.00576073799977,-0.0144115444849806,-0.0008646926690988
2026-04-27,Ryan_McMahon,641857,hitter,NYY,TEX,2026,822906,38,147,140,0,683004.0,Jack_Leiter,1.0,1.0,0.0,0.0,0.0,4.0,4.0,0.0,2.0,8.0,0.1052631578947368,0.2225,0.2225,0.0,0.0,26.7,7.479144385026738,7.860962566844919,2.142857142857143,1.08,0.0,74.0,0,1.0,0.8660254037844387,-0.4999999999999998,0.0,1.0,0.5,1.5,0.5,0.5,0.5,0.5,1.5,0.5,0.5,0.5,real,synthetic,synthetic,synthetic,synthetic,1.0,0.0,0.0,0.0,0.0,-124.0,-110.0,-110.0,-110.0,-110.0,-107.0,-110.0,-110.0,-110.0,-110.0,0.0,0.0,0.0,0.0,0.0,2026-04-27T02:00:02.937037+00:00,0.4872665380276737,-0.25435762277859997,-0.24438745362195857,-0.3323351191140609,0.07236330092774268,1.0,1.6,0.4,0.2,0.6,1.0,1.0,0.0,0.0,1.0,batter_pitcher_profile_network_v2,1.0,0.4,0.6925150595207673,0.0,0.6060667620834824,-0.3429233134920635,-0.0508765503913235,0.0,21.0,2.9134064094458205,-0.0156990541128023,-0.005364614496293,-0.0005364614496293,-0.2347923941798941,0.0865918485034954,0.0,21.0,2.910197789766801,0.0080000366681137,0.0120000550021705,0.0019200088003472,-0.2816949404761904,0.110113103541812,0.0,21.0,3.042524386431196,0.0142622057563186,0.0142622057563186,0.0007131102878159,-0.1890388888888889,0.1869218174475948,0.0,21.0,2.8341001466154143,0.0825952354375669,0.0825952354375669,0.0020648808859391,-0.0879034722222221,0.1634218509538203,0.0,21.0,2.9218473871839787,-0.0070895533183339,-0.0053171649887504,-0.000319029899325
2026-04-28,Ryan_McMahon,641857,hitter,NYY,TEX,2026,822908,39,147,140,0,594798.0,Jacob_deGrom,0.0,0.0,0.0,0.0,0.0,3.0,3.0,0.0,2.0,8.0,0.0909090909090909,0.0,0.0,0.0,0.0,10.0,1.0294117647058822,12.044117647058824,2.142857142857143,1.08,0.0,74.0,0,1.0,0.8660254037844387,-0.4999999999999998,0.7818314824680298,0.6234898018587336,1.5,0.5,0.5,0.5,0.5,1.5,1.5,0.5,0.5,0.5,synthetic,real,real,real,synthetic,0.0,7.0,6.0,7.0,0.0,-110.0,166.0,205.83333333333334,711.4285714285714,-110.0,-110.0,-183.8,-289.2,0.0,-110.0,0.0,0.5345224838248488,0.0,0.0,0.0,2026-04-28T17:23:11.163256+00:00,-0.6136858144330682,0.7475216369762625,-0.38807850361789464,-0.3331262068892237,-0.17325395823579842,1.2,1.8,0.4,0.2,0.6,1.0,1.0,0.0,0.0,0.0,batter_pitcher_profile_network_v2,1.0,0.3,0.7056825612575064,0.0,0.5790661658737867,-0.3727412309368191,-0.6590976921742148,0.0,22.0,2.414794775897554,-0.0198950436814843,-0.0723058143077655,-0.0072305814307765,-0.2845799564270151,-0.4518644710096427,0.0,22.0,2.793784093393364,0.0068932850708426,-0.027506814352906,-0.0044010902964649,-0.3060808823529412,-0.4642178852366904,0.0,22.0,2.6438183176453407,-0.0085172651625988,-0.0503363061241277,-0.0025168153062063,-0.286210185185185,-0.3031642497707046,0.0,22.0,2.9578067073984955,0.0764892648209316,0.050951724431054,0.0012737931107763,-0.1566546296296293,-0.4570257760921477,0.0,22.0,2.62422585841358,-0.0231467393168736,-0.0384317714624448,-0.0023059062877466
2026-04-29,Ryan_McMahon,641857,hitter,NYY,TEX,2026,822907,40,147,140,0,543135.0,Nathan_Eovaldi,0.0,0.0,0.0,0.0,0.0,3.0,3.0,0.0,1.0,8.0,0.0909090909090909,0.0,0.0,0.0,0.0,10.0,4.2,6.3,3.0,1.08,0.0,74.0,0,1.0,0.8660254037844387,-0.4999999999999998,0.9749279121818236,-0.22252093395631434,0.5,1.0,0.5,0.5,0.5,0.5,1.5,0.5,0.5,0.5,synthetic,real,real,synthetic,synthetic,0.0,8.0,7.0,0.0,0.0,-110.0,0.0,0.0,-110.0,-110.0,-110.0,0.0,0.0,-110.0,-110.0,0.0,0.5345224838248488,0.37796447300922725,0.0,0.0,2026-04-30T03:22:26.750124+00:00,0.43903636363636367,-0.00758445239554395,-0.3417243173536953,-0.3331238130829919,-0.12904696434990687,1.0,1.6,0.4,0.2,0.6,0.0,0.0,0.0,0.0,0.0,batter_pitcher_profile_network_v2,1.0,0.45,0.6960761201403949,0.0,0.6191288038772608,-0.4989653594771241,0.3382798306113092,0.0,23.0,3.004268428558643,0.0047273229024794,0.0,0.0,-0.4053343137254901,0.4298799909202024,0.0,23.0,2.9039741667851064,0.0187200847155371,0.0280801270733057,0.0044928203317289,-0.4107009803921568,0.2545889888317788,0.0,23.0,3.3653955214335003,0.0196045620170044,0.0196045620170044,0.0009802281008502,-0.3895666666666666,0.4992671268425325,0.0,23.0,2.814892133998855,0.0510474766803279,0.0510474766803279,0.0012761869170081,-0.2640388888888887,0.3592228885081542,0.0,23.0,3.1472660230181284,-0.0212456724221757,-0.0159342543166318,-0.0009560552589979
2026-05-01,Ryan_McMahon,641857,hitter,NYY,BAL,2026,823557,41,147,110,1,700249.0,,0.0,0.0,0.0,0.0,0.0,0.0,0.0,0.0,0.0,5.0,0.0,0.0,0.0,0.0,0.0,10.0,4.1,8.2,4.268694463431306,1.08,0.0,63.0,0,2.0,0.49999999999999994,-0.8660254037844387,-0.433883739117558,-0.9009688679024191,0.5,0.5,0.5,0.5,0.5,0.5,0.5,0.5,0.5,0.5,synthetic,synthetic,synthetic,synthetic,synthetic,0.0,0.0,0.0,0.0,0.0,-110.0,-110.0,-110.0,-110.0,-110.0,-110.0,-110.0,-110.0,-110.0,-110.0,0.0,0.0,0.0,0.0,0.0,2026-08-28T01:24:59.045926+00:00,0.07271364587009244,-0.10384605986478412,-0.491362416415147,-0.4727901480697801,-0.30843634106033835,0.8,0.8,0.2,0.0,0.4,0.0,0.0,0.0,0.0,0.0,batter_pitcher_profile_network_v2,1.0,0.15,0.9175,0.0,0.5356409375,-0.6499811546840957,-0.2052832167832168,0.0,24.0,3.489494182550226,-0.0002558672954484,-0.0110079933382667,-0.0011007993338266,-0.5241905228758168,-0.1860299602358426,0.0,24.0,3.5146371483630965,0.0199630833803624,0.0218996258450997,0.0035039401352159,-0.5513627450980392,0.1181942959001783,0.0,24.0,3.73536286086007,0.0090572082657542,0.0090572082657542,0.0004528604132877,-0.409937037037037,-0.0399515288632935,0.0,24.0,3.5612476801692416,0.0657452301466013,0.0643940772087975,0.0016098519302199,-0.370937037037037,-0.0153351158645275,0.0,24.0,3.5961623704555614,-0.0187312630626397,-0.0145177371983959,-0.0008710642319037
2026-05-02,Ryan_McMahon,641857,hitter,NYY,BAL,2026,823554,42,147,110,1,680694.0,Kyle_Bradish,1.0,2.0,1.0,0.0,0.0,4.0,4.0,0.0,1.0,8.0,0.1025641025641025,0.3175,0.3175,0.25,21.25,49.35,3.3625000000000003,7.7375,3.625837320574163,1.08,8.0,63.0,0,1.0,0.49999999999999994,-0.8660254037844387,-0.9749279121818236,-0.2225209339563146,0.5,1.0,0.5,0.5,0.5,0.5,0.5,0.5,0.5,0.5,synthetic,real,real,real,synthetic,0.0,8.0,7.0,8.0,0.0,-110.0,59.375,158.71428571428572,658.125,-110.0,-110.0,-171.8,-215.6,0.0,-110.0,0.0,0.5345224838248488,0.0,0.0,0.0,2026-05-02T16:59:46.553036+00:00,-0.0509868036117454,-0.2999851277885691,-0.378038364751761,-0.3581342668627572,-0.26084949314525563,0.4,0.4,0.0,0.0,0.2,0.0,0.0,0.0,0.0,0.0,batter_pitcher_profile_network_v2,1.0,0.4,0.6926866003647258,0.0,0.6060583565821285,-0.649443134598013,-0.0491623007674145,0.0,24.0,3.571373917499368,0.0036131326840684,-0.0098119387060931,-0.0009811938706093,-0.5238318428184283,-0.1694175029515939,0.0,24.0,3.5288498407560533,0.0202230821243895,0.0030617013214433,0.0004898722114309,-0.5676707317073173,-0.0243369859307358,0.0,24.0,3.709849178291401,0.0055256556603966,0.001279999775233,6.399998876165012e-05,-0.409937037037037,-0.3060652302243211,0.0,24.0,3.313215294639208,0.0641871613509753,0.0256293254897121,0.0006407331372428,-0.3809370370370369,-0.1143559253246752,0.0,24.0,3.526216928103741,-0.0045223355379444,-0.0167790631558057,-0.0010067437893483
2026-05-03,Ryan_McMahon,641857,hitter,NYY,BAL,2026,823555,43,147,110,1,694346.0,,3.0,4.0,1.0,0.0,1.0,4.0,4.0,0.0,0.0,8.0,0.0930232558139534,0.7625,0.7625,0.25,21.25,65.0,4.1,8.2,4.989473684210526,1.08,0.0,60.0,0,1.0,0.49999999999999994,-0.8660254037844387,-0.7818314824680299,0.6234898018587334,0.5,0.5,0.5,0.5,0.5,0.5,0.5,0.5,0.5,0.5,synthetic,synthetic,synthetic,synthetic,synthetic,0.0,0.0,0.0,0.0,0.0,-110.0,-110.0,-110.0,-110.0,-110.0,-110.0,-110.0,-110.0,-110.0,-110.0,0.0,0.0,0.0,0.0,0.0,2026-08-28T01:24:59.045926+00:00,0.09338980008159925,0.7998046257112195,0.1926000120351411,-0.358425738800187,-0.20437504175713916,0.4,0.6,0.2,0.0,0.0,1.0,2.0,1.0,0.0,0.0,batter_pitcher_profile_network_v2,1.0,0.05,0.9425,0.0,0.5117271875,-0.6142912883920509,0.032,0.0,25.0,3.82980745444558,0.0151589079169784,0.0,0.0,-0.4851287601626017,0.374,0.0,25.0,3.493645578568779,0.0268676265099259,0.0403014397648889,0.0064482303623822,-0.5475475101626017,0.448,0.0,25.0,3.6081157122065775,0.0358405099806719,0.0358405099806719,0.0017920254990335,-0.3469752314814814,0.874,0.0,25.0,2.3380374335734206,0.0139704479925217,0.0139704479925217,0.000349261199813,-0.3681835648148147,0.348,0.0,25.0,3.670899943972656,0.0223538932250067,0.016765419918755,0.0010059251951253
2026-05-04,Ryan_McMahon,641857,hitter,NYY,BAL,2026,823552,44,147,110,1,669358.0,Shane_Baz,1.0,1.0,0.0,0.0,1.0,4.0,4.0,0.0,1.0,8.0,0.0975609756097561,0.2225,0.2225,0.0,0.0,26.7,4.424148606811145,8.071207430340557,8.075187969924812,1.08,13.0,70.0,0,1.0,0.49999999999999994,-0.8660254037844387,0.0,1.0,0.5,1.5,0.5,0.5,0.5,0.5,1.5,0.5,0.5,0.5,synthetic,synthetic,synthetic,synthetic,synthetic,0.0,0.0,0.0,0.0,0.0,-110.0,-110.0,-110.0,-110.0,-110.0,-110.0,-110.0,-110.0,-110.0,-110.0,0.0,0.0,0.0,0.0,0.0,2026-08-28T01:24:59.045926+00:00,0.8285951147596395,-0.09250508890232378,0.18186299840829823,-0.4737086045452884,0.08794754455247211,0.8,1.2,0.4,0.0,0.2,3.0,4.0,1.0,0.0,1.0,batter_pitcher_profile_network_v2,1.0,0.4,0.6789722224966848,0.0,0.6067303610976624,-0.4717121693121697,0.0739012860204811,0.0,25.0,3.81509625889912,-0.008202127564532,0.0,0.0,-0.3603892857142859,-0.1090498673153471,0.0,25.0,3.83061133713184,0.0091748714048411,0.0011457858238911,0.0001833257318225,-0.416464285714286,-0.0921662995157576,0.0,25.0,3.920569308967341,0.0133577341286281,0.0010354128752984,5.177064376492248e-05,-0.2759949074074074,-0.3137545376450174,0.0,25.0,3.563210205189255,0.0554551076874522,0.027655818188465,0.0006913954547116,-0.2752240740740741,-0.0910055852300432,0.0,25.0,3.808079042793204,0.004197429234827,-0.0048926876806963,-0.0002935612608417
2026-05-05,Ryan_McMahon,641857,hitter,NYY,TEX,2026,823553,45,147,140,1,594798.0,Jacob_deGrom,2.0,5.0,2.0,1.0,2.0,4.0,4.0,0.0,1.0,8.0,0.1111111111111111,0.7475,0.7475,0.75,30.0,65.0,1.0294117647058822,10.044117647058824,3.0267857142857144,1.08,0.0,76.0,0,1.0,0.49999999999999994,-0.8660254037844387,0.7818314824680298,0.6234898018587336,0.5,1.5,0.5,0.5,0.5,0.5,1.5,0.5,0.5,0.5,synthetic,synthetic,synthetic,synthetic,synthetic,0.0,0.0,0.0,0.0,0.0,-110.0,-110.0,-110.0,-110.0,-110.0,-110.0,-110.0,-110.0,-110.0,-110.0,0.0,0.0,0.0,0.0,0.0,2026-08-28T01:24:59.045926+00:00,0.41626072267884306,0.7461785849182316,0.08919881283823727,-0.21257695281982686,0.14046433624379517,1.0,1.4,0.4,0.0,0.4,1.0,1.0,0.0,0.0,1.0,batter_pitcher_profile_network_v2,1.0,0.35,0.6783738481346904,1.0,0.6121647212612252,-0.4777219246031747,-0.6963019438627662,-0.0592592592592592,25.0,2.786749991782007,-0.0184932087911037,-0.1567149020631099,-0.0156714902063109,-0.3576998015873017,-0.5331841265632467,-0.0592592592592592,25.0,3.2354957927206227,0.00663110757728,-0.1011234275943852,-0.0161797484151016,-0.4128407738095239,-0.5679095175107078,-0.0518518518518518,25.0,2.991597886470904,-0.0013888145715421,-0.1203094575209719,-0.0060154728760485,-0.2698097222222221,-0.4124665339706539,-0.0493827160493827,25.0,3.4651203822596064,0.050156181041343,-0.0270781127930798,-0.0006769528198269,-0.2415909722222222,-0.55896661627614,-0.0518518518518518,25.0,2.996120264545729,0.0094479159973724,-0.0798602689526232,-0.0047916161371573
2026-05-06,Ryan_McMahon,641857,hitter,NYY,TEX,2026,823550,46,147,140,1,543135.0,Nathan_Eovaldi,0.0,0.0,0.0,0.0,0.0,3.0,3.0,0.0,1.0,8.0,0.0967741935483871,0.0,0.0,0.0,0.0,10.0,4.2,6.3,3.7982142857142853,1.08,11.0,67.0,0,1.0,0.49999999999999994,-0.8660254037844387,0.9749279121818236,-0.22252093395631434,1.5,2.5,0.5,0.5,0.5,1.5,2.5,0.5,0.5,0.5,synthetic,synthetic,synthetic,synthetic,synthetic,0.0,0.0,0.0,0.0,0.0,-110.0,-110.0,-110.0,-110.0,-110.0,-110.0,-110.0,-110.0,-110.0,-110.0,0.0,0.0,0.0,0.0,0.0,2026-08-28T01:24:59.045926+00:00,-0.00663771693320947,-0.31652954845343517,0.2387323960627682,-0.23459193795968591,0.3723172149356778,1.4,2.4,0.8,0.2,0.8,2.0,5.0,2.0,1.0,2.0,batter_pitcher_profile_network_v2,1.0,0.5,0.6673058633730666,1.0,0.6528775158683997,-0.3213477820844099,0.2075414342424087,-0.0666666666666666,26.0,3.792743373789409,-0.0018025400873172,-0.0555768621124355,-0.0055576862112435,-0.1789056201550386,0.2795487646063292,-0.0716049382716049,26.0,3.7180187323603575,0.0112250786077612,-0.0428560488017148,-0.0068569678082743,-0.2796889534883719,0.1106333985318267,-0.0666666666666666,26.0,4.114297733761864,0.0183008202341568,-0.0372760418782787,-0.0018638020939139,-0.1119393518518517,0.33245824736495,-0.074074074074074,26.0,3.59457968992253,0.054074550626379,-0.0076775183874382,-0.0001919379596859,-0.064710185185185,0.1995917318651601,-0.0666666666666666,26.0,3.924316557677262,0.0207702391956921,-0.0399991827156664,-0.0023999509629399
2026-05-07,Ryan_McMahon,641857,hitter,NYY,TEX,2026,823551,47,147,140,1,669022.0,MacKenzie_Gore,2.0,3.0,1.0,0.0,1.0,5.0,3.0,2.0,1.0,6.0,0.1162790697674418,0.708,0.708,0.3333333333333333,28.33333333333333,65.0,7.254545454545455,9.654545454545456,3.7982142857142853,1.08,9.0,60.0,0,1.0,0.49999999999999994,-0.8660254037844387,0.43388373911755823,-0.900968867902419,1.5,2.5,0.5,0.5,0.5,1.5,2.5,0.5,0.5,0.5,synthetic,synthetic,synthetic,synthetic,synthetic,0.0,0.0,0.0,0.0,0.0,-110.0,-110.0,-110.0,-110.0,-110.0,-110.0,-110.0,-110.0,-110.0,-110.0,0.0,0.0,0.0,0.0,0.0,2026-08-28T01:24:59.045926+00:00,-0.4534086089043319,-0.2708134377421345,0.39415110444311685,-0.17884506335096084,0.2898047587759851,1.4,2.4,0.8,0.2,0.8,0.0,0.0,0.0,0.0,0.0,batter_pitcher_profile_network_v2,1.0,0.5,0.6482186104767335,0.0,0.6352966101083001,-0.2464503812636165,-0.069991952106156,0.0,28.0,4.561908823175231,-0.0250328990241424,-0.006068068304365,-0.0006068068304365,-0.128974019607843,-0.094031699435499,0.0,28.0,4.591074173244938,-0.0014899045352023,-0.0065011370511328,-0.0010401819281812,-0.2255906862745097,0.3709892920108657,0.0,28.0,4.384713948491522,-0.0084247549914874,-0.0084247549914874,-0.0004212377495743,-0.1119393518518517,-0.0716173593339762,0.0,28.0,4.544461617807197,0.0583509606146454,0.0555307992949013,0.0013882699823725,-0.062210185185185,0.2783169146843005,0.0,28.0,4.447003262589721,-0.005558701249795,-0.0041690259373462,-0.0002501415562407
2026-05-08,Ryan_McMahon,641857,hitter,NYY,MIL,2026,823794,48,147,158,0,694819.0,Jacob_Misiorowski,0.0,0.0,0.0,0.0,0.0,2.0,2.0,0.0,1.0,9.0,0.0625,0.0,0.0,0.0,0.0,10.0,2.1,14.4,2.3802411873840446,1.0733333333333333,0.0,67.0,0,1.0,0.49999999999999994,-0.8660254037844387,-0.433883739117558,-0.9009688679024191,1.5,2.5,0.5,0.5,0.5,1.5,2.5,0.5,0.5,0.5,synthetic,synthetic,synthetic,synthetic,synthetic,0.0,0.0,0.0,0.0,0.0,-110.0,-110.0,-110.0,-110.0,-110.0,-110.0,-110.0,-110.0,-110.0,-110.0,0.0,0.0,0.0,0.0,0.0,2026-08-28T01:24:59.045926+00:00,-0.3833554504638159,-0.502887785664996,-0.02395047698147751,-0.33514497642802366,0.23964000176366096,1.6,2.6,0.8,0.2,1.0,2.0,3.0,1.0,0.0,1.0,batter_pitcher_profile_network_v2,1.0,0.5,0.6351884206923128,0.0,0.6360947092325958,-0.1173772679983354,-0.6943929391504018,0.0,29.0,3.6178251975970905,-0.0163604357573016,-0.0297343129251105,-0.002973431292511,0.0015870682480232,-0.6230391695369306,0.0,29.0,3.8522824373497255,0.0144580449044733,0.0213263395937763,0.0034122143350042,-0.1100388576779025,-0.3177032561551216,0.0,29.0,4.556026120451933,0.0035029775914579,-0.0092507270135954,-0.0004625363506797,-0.0085828703703703,-0.5339688959050899,0.0,29.0,4.074103223346486,0.0572062025056379,0.0555342762123906,0.0013883569053097,0.076687962962963,-0.4084194667687204,0.0,29.0,4.253944841054139,0.0180781127024826,0.0021323732409774,0.0001279423944586
2026-05-09,Ryan_McMahon,641857,hitter,NYY,MIL,2026,823792,49,147,158,0,690986.0,Kyle_Harrison,1.0,1.0,0.0,0.0,1.0,1.0,1.0,0.0,0.0,5.0,0.024390243902439,0.89,0.89,0.0,0.0,65.0,1.5,11.5,1.6088126159554732,1.0733333333333333,0.0,69.0,0,1.0,0.49999999999999994,-0.8660254037844387,-0.9749279121818236,-0.2225209339563146,0.5,1.5,0.5,0.5,0.5,0.5,1.5,0.5,0.5,0.5,synthetic,synthetic,synthetic,synthetic,synthetic,0.0,0.0,0.0,0.0,0.0,-110.0,-110.0,-110.0,-110.0,-110.0,-110.0,-110.0,-110.0,-110.0,-110.0,0.0,0.0,0.0,0.0,0.0,2026-08-28T01:24:59.045926+00:00,-0.002541590020719575,-0.06479637951399986,0.15073585146585144,-0.3357489115615886,0.12714962279246622,1.0,1.8,0.6,0.2,0.8,0.0,0.0,0.0,0.0,0.0,batter_pitcher_profile_network_v2,1.0,0.45,0.7128868986855663,0.0,0.6182021097099581,-0.2035348180076627,-0.2762643008203498,0.0,30.0,4.989649726312158,-0.02704831174373,-0.0161441986219055,-0.0016144198621905,-0.0664037675606641,-0.151688441782233,0.0,30.0,5.170456236253198,-0.0038241913642033,-0.0086282865966459,-0.0013805258554633,-0.2075366379310343,-0.0606585397580906,0.0,30.0,5.328015277880679,-0.0101153036435141,-0.0137297329799093,-0.0006864866489954,-0.0202125,-0.062934699267263,0.0,30.0,5.165431659807591,0.031742098146079,0.0313768708697947,0.0007844217717448,0.0047458333333333,-0.041123859119368,0.0,30.0,5.216109926805346,0.0006539392280542,0.0004344194237356,2.606516542413625e-05
2026-05-10,Ryan_McMahon,641857,hitter,NYY,MIL,2026,823793,50,147,158,0,701656.0,Logan_Henderson,0.0,0.0,0.0,0.0,0.0,4.0,4.0,0.0,1.0,6.0,0.1111111111111111,0.0,0.0,0.0,0.0,10.0,4.0,13.0,1.4159554730983304,1.0733333333333333,0.0,64.0,0,1.0,0.49999999999999994,-0.8660254037844387,-0.7818314824680299,0.6234898018587334,0.5,1.5,0.5,0.5,0.5,0.5,1.5,0.5,0.5,0.5,synthetic,synthetic,synthetic,synthetic,synthetic,0.0,0.0,0.0,0.0,0.0,-110.0,-110.0,-110.0,-110.0,-110.0,-110.0,-110.0,-110.0,-110.0,-110.0,0.0,0.0,0.0,0.0,0.0,2026-08-28T01:24:59.045926+00:00,0.1603030591624377,-0.23209016820791928,-0.24858064495374127,-0.3357833225047574,0.11227192951370568,1.0,1.8,0.6,0.2,0.8,1.0,1.0,0.0,0.0,1.0,batter_pitcher_profile_network_v2,1.0,0.1,0.8292634942638305,0.0,0.524841522195268,-0.0316915013227512,-0.373,0.0,31.0,5.113634011130224,-0.0319031855113357,-0.0020182642816226,-0.0002018264281622,0.0694562830687831,-0.564125,0.0,31.0,4.626292498234419,-0.0075130549863377,-0.0179593846328294,-0.0028735015412527,-0.0391383928571426,-0.3244305555555555,0.0,31.0,5.152371400744318,-0.0004004128597455,-0.002568372173156,-0.0001284186086578,-0.0038050925925925,-0.736,0.0,31.0,3.9505220900012623,0.0304785889480024,0.0300004331430417,0.000750010828576,0.1257886574074077,-0.3122777777777777,0.0,31.0,5.107140269233054,0.0046642501703841,-0.0032085134646275,-0.0001925108078776
2026-05-11,Ryan_McMahon,641857,hitter,NYY,BAL,2026,824844,51,147,110,0,687064.0,Brandon_Young,0.0,0.0,0.0,0.0,0.0,4.0,4.0,0.0,1.0,6.0,0.1176470588235294,0.0,0.0,0.0,0.0,10.0,6.088235294117648,6.647058823529412,8.343131868131868,1.08,-4.0,62.0,0,1.0,0.49999999999999994,-0.8660254037844387,0.0,1.0,0.5,0.5,0.5,0.5,0.5,0.5,0.5,0.5,0.5,0.5,synthetic,synthetic,synthetic,synthetic,synthetic,0.0,0.0,0.0,0.0,0.0,-110.0,-110.0,-110.0,-110.0,-110.0,-110.0,-110.0,-110.0,-110.0,-110.0,0.0,0.0,0.0,0.0,0.0,2026-08-28T01:24:59.045926+00:00,0.34671351001939243,0.017726406816873652,-0.1497499584644954,-0.47433995501480986,0.03454134931835284,0.6,0.8,0.2,0.0,0.4,0.0,0.0,0.0,0.0,0.0,batter_pitcher_profile_network_v2,1.0,0.2,0.7545932093704,0.0,0.5515124663704252,-0.1031475198412697,0.2969237824161923,0.0,31.0,4.930771592540078,-0.0177180435801846,0.0,0.0,0.0096923941798942,0.2622171884882986,0.0,31.0,5.089079915116453,-0.0145582255031148,-0.0212136338651275,-0.0033941814184204,-0.1048675595238093,0.2240224277883198,0.0,31.0,5.4992826376429385,0.0021630802252828,0.0021630802252828,0.0001081540112641,-0.0176569444444444,0.2486755218216319,0.0,31.0,5.1286553080642285,0.0024017994076049,0.0024017994076049,6.00449851901241e-05,0.0593326388888891,0.2257271768922624,0.0,31.0,5.363657353288462,-0.0036753131699081,0.000530245588146,3.181473528876019e-05
2026-05-12,Ryan_McMahon,641857,hitter,NYY,BAL,2026,824843,52,147,110,0,669432.0,Trevor_Rogers,0.0,0.0,0.0,0.0,0.0,4.0,4.0,0.0,2.0,7.0,0.1025641025641025,0.0,0.0,0.0,0.0,10.0,10.971428571428573,10.457142857142857,5.257417582417582,1.08,8.0,65.0,0,1.0,0.49999999999999994,-0.8660254037844387,0.7818314824680298,0.6234898018587336,0.5,0.5,0.5,0.5,0.5,0.5,0.5,0.5,0.5,0.5,synthetic,synthetic,synthetic,synthetic,synthetic,0.0,0.0,0.0,0.0,0.0,-110.0,-110.0,-110.0,-110.0,-110.0,-110.0,-110.0,-110.0,-110.0,-110.0,0.0,0.0,0.0,0.0,0.0,2026-08-28T01:24:59.045926+00:00,0.024608791208791114,-0.00014081181316366598,-0.33320162906460277,-0.4743568174693664,-0.13766684772706722,0.6,0.8,0.2,0.0,0.4,0.0,0.0,0.0,0.0,0.0,batter_pitcher_profile_network_v2,1.0,0.45,0.7121340420530489,0.0,0.6182436109318257,-0.099089078282828,0.4069237721266516,0.0,32.0,4.748188327080065,-0.022307062703148,0.0,0.0,0.0123980218855221,0.2996018760907503,0.0,32.0,5.122975225526522,-0.0206745623164127,-0.0299425738322721,-0.0047908118131635,-0.0938285984848481,0.3829452858804953,0.0,32.0,5.282225268064133,-0.0010655483250198,-0.0010655483250198,-5.32774162509946e-05,-0.0176569444444444,0.1824389179755671,0.0,32.0,5.3775702425026894,0.0017273012253411,0.0017273012253411,4.318253063352979e-05,0.0643326388888891,0.4406536192138286,0.0,32.0,5.004324205430308,-0.0142831999588726,-0.0025518577221829,-0.0001531114633309
2026-05-13,Ryan_McMahon,641857,hitter,NYY,BAL,2026,824841,53,147,110,0,680694.0,Kyle_Bradish,0.0,0.0,0.0,0.0,0.0,3.0,3.0,0.0,2.0,6.0,0.0967741935483871,0.0,0.0,0.0,0.0,10.0,6.835714285714285,9.085714285714287,1.4002747252747254,1.08,14.0,71.0,0,1.0,0.49999999999999994,-0.8660254037844387,0.9749279121818236,-0.22252093395631434,0.5,0.5,0.5,0.5,0.5,0.5,0.5,0.5,0.5,0.5,synthetic,synthetic,synthetic,synthetic,synthetic,0.0,0.0,0.0,0.0,0.0,-110.0,-110.0,-110.0,-110.0,-110.0,-110.0,-110.0,-110.0,-110.0,-110.0,0.0,0.0,0.0,0.0,0.0,2026-08-28T01:24:59.045926+00:00,-0.3105990183748746,-0.3717292510106508,-0.4970221342256423,-0.475452484791267,-0.4773902993426308,0.2,0.2,0.0,0.0,0.2,0.0,0.0,0.0,0.0,0.0,batter_pitcher_profile_network_v2,1.0,0.5,0.6511167903615052,1.0,0.6538690965903579,-0.1282082912457911,-0.0089384199134201,0.037037037037037,32.0,5.5050039581381,-0.0375809617079926,0.0301764238372171,0.0030176423837217,-0.0121367003367002,-0.0840668470418471,0.0691358024691358,32.0,5.591795108541366,-0.0297159122860892,0.0121458102156911,0.0019433296345105,-0.1220056818181817,0.1198597883597883,0.1111111111111111,32.0,5.758402890202826,-0.0321713950884846,0.0595573154871545,0.0029778657743577,-0.0216199074074074,-0.1670529581529582,-0.074074074074074,32.0,5.517316351705296,0.0203131329093293,-0.042099391650681,-0.001052484791267,0.0377134259259259,0.0460866402116401,-0.0814814814814814,32.0,5.636695858821588,-0.0046846061393162,-0.0701747869878384,-0.0042104872192703
2026-05-15,Ryan_McMahon,641857,hitter,NYY,NYM,2026,823629,54,147,121,0,605280.0,Clay_Holmes,0.0,0.0,0.0,0.0,0.0,4.0,4.0,0.0,2.0,6.0,0.0975609756097561,0.0,0.0,0.0,0.0,10.0,1.5088235294117647,8.876470588235295,2.5714285714285716,1.08,0.0,66.0,0,2.0,0.49999999999999994,-0.8660254037844387,-0.433883739117558,-0.9009688679024191,0.5,0.5,0.5,0.5,0.5,0.5,0.5,0.5,0.5,0.5,synthetic,synthetic,synthetic,synthetic,synthetic,0.0,0.0,0.0,0.0,0.0,-110.0,-110.0,-110.0,-110.0,-110.0,-110.0,-110.0,-110.0,-110.0,-110.0,0.0,0.0,0.0,0.0,0.0,2026-08-28T01:24:59.045926+00:00,-0.28180670978903477,-0.3799889765001238,-0.5,-0.47433310902905795,-0.4150132929444186,0.2,0.2,0.0,0.0,0.2,0.0,0.0,0.0,0.0,0.0,batter_pitcher_profile_network_v2,1.0,0.45,0.5183449699430784,0.0,0.6289262335318878,-0.1708219276094279,-0.4037111624169512,0.0,34.0,5.584671190979461,-0.0418751564658287,-0.0332162404742114,-0.0033216240474211,-0.0405457912457914,-0.4340696140533627,0.0,34.0,5.563849740830557,-0.0242468530512892,-0.0448472616623598,-0.0071755618659775,-0.1420814393939395,-0.4854672933275873,0.0,34.0,5.1189755549433,-0.0166744534223456,-0.0498970386675403,-0.002494851933377,-0.0216199074074074,-0.4275792294379779,0.0,34.0,5.563828136146138,0.0071281655130723,0.0026756388376813,6.689097094203362e-05,0.042713425925926,-0.551957677942972,0.0,34.0,4.826876892813538,-0.0141133065689697,-0.0219404805486719,-0.0013164288329203
2026-05-17,Ryan_McMahon,641857,hitter,NYY,NYM,2026,823628,55,147,121,0,642547.0,Freddy_Peralta,0.0,0.0,0.0,0.0,0.0,5.0,4.0,0.0,0.0,6.0,0.1111111111111111,0.0,0.0,0.0,0.0,10.0,1.5,7.100000000000001,1.2537710736468501,1.08,2.0,85.0,0,2.0,0.49999999999999994,-0.8660254037844387,-0.7818314824680299,0.6234898018587334,0.5,0.5,0.5,0.5,0.5,0.5,0.5,0.5,0.5,0.5,synthetic,synthetic,synthetic,synthetic,synthetic,0.0,0.0,0.0,0.0,0.0,-110.0,-110.0,-110.0,-110.0,-110.0,-110.0,-110.0,-110.0,-110.0,-110.0,0.0,0.0,0.0,0.0,0.0,2026-08-28T01:24:59.045926+00:00,-0.27473803950255055,-0.49317412793526694,-0.5,-0.4747375578184993,-0.5,0.0,0.0,0.0,0.0,0.0,0.0,0.0,0.0,0.0,0.0,batter_pitcher_profile_network_v2,1.0,0.55,0.5564310638252784,0.0,0.6550104570747719,-0.3114509259259262,-0.358707976661731,0.0,35.0,6.034126328858641,-0.0425576155464495,-0.0495554911509118,-0.0049555491150911,-0.1479990740740742,-0.3521904775472247,0.0,35.0,6.124218997412781,-0.031075737180026,-0.0697341329287519,-0.0111574612686003,-0.2569583333333335,-0.2437996384223951,0.0,35.0,6.271277415796669,-0.0306143508809787,-0.0584023251540359,-0.0029201162577017,-0.0376939814814815,-0.3330697148353602,0.0,35.0,6.15158586654106,-0.0079334273207901,-0.0135023127399752,-0.0003375578184993,-0.0332564814814815,-0.297849779665333,0.0,35.0,6.03524391465793,-0.0320175964660321,-0.0284069409172044,-0.0017044164550322
2026-05-18,Ryan_McMahon,641857,hitter,NYY,TOR,2026,823549,56,147,141,1,571578.0,Patrick_Corbin,0.0,0.0,0.0,0.0,0.0,0.0,0.0,0.0,0.0,8.0,0.0,0.0,0.0,0.0,0.0,10.0,4.3269230769230775,3.504807692307692,3.750727213962508,1.08,-10.0,80.0,0,1.0,0.49999999999999994,-0.8660254037844387,0.0,1.0,0.5,0.5,0.5,0.5,0.5,0.5,0.5,0.5,0.5,0.5,synthetic,synthetic,synthetic,synthetic,synthetic,0.0,0.0,0.0,0.0,0.0,-110.0,-110.0,-110.0,-110.0,-110.0,-110.0,-110.0,-110.0,-110.0,-110.0,0.0,0.0,0.0,0.0,0.0,2026-08-28T01:24:59.045926+00:00,-0.17681129605688423,-0.5,-0.5,-0.4751851168365876,-0.5,0.0,0.0,0.0,0.0,0.0,0.0,0.0,0.0,0.0,0.0,batter_pitcher_profile_network_v2,1.0,0.35,0.6624462059465976,0.0,0.5940976189200396,-0.2965125992063493,0.3248557623198645,0.0,36.0,6.04682594538265,-0.0380479603359732,0.0,0.0,-0.1447361772486773,0.1342026178283113,0.0,36.0,6.634226235100091,-0.044030552142025,-0.0660458282130375,-0.010567332514086,-0.2546294642857144,-0.0076672040611115,0.0,36.0,7.000083366131944,-0.0421660859077498,-0.0428250908508129,-0.0021412545425406,-0.0438791666666666,-0.0664138787703281,0.0,36.0,6.846755404315276,-0.0304209790389013,-0.0314046734635059,-0.0007851168365876,-0.0668895833333334,0.0140433968459179,0.0,36.0,6.838790127290388,-0.0505555483614088,-0.0379166612710566,-0.0022749996762633
2026-05-19,Ryan_McMahon,641857,hitter,NYY,TOR,2026,823548,57,147,141,1,656302.0,Dylan_Cease,2.0,5.0,1.0,1.0,3.0,4.0,4.0,0.0,0.0,6.0,0.1142857142857142,0.7475,0.7475,0.75,30.0,65.0,1.7142857142857144,11.142857142857144,3.7507272139625085,1.08,16.0,90.0,0,1.0,0.49999999999999994,-0.8660254037844387,0.7818314824680298,0.6234898018587336,0.5,0.5,0.5,0.5,0.5,0.5,0.5,0.5,0.5,0.5,synthetic,synthetic,synthetic,synthetic,synthetic,0.0,0.0,0.0,0.0,0.0,-110.0,-110.0,-110.0,-110.0,-110.0,-110.0,-110.0,-110.0,-110.0,-110.0,0.0,0.0,0.0,0.0,0.0,2026-08-28T01:24:59.045926+00:00,-0.35564778694895877,0.7382839297716244,-0.10694508984191609,-0.21281348227732788,-0.250888035256447,0.0,0.0,0.0,0.0,0.0,0.0,0.0,0.0,0.0,0.0,batter_pitcher_profile_network_v2,1.0,0.55,0.5888896947179465,0.0,0.6528235568183783,-0.3730987584175084,-0.756312830920556,0.0,37.0,5.05323570118308,-0.045335109899078,-0.1160068503126858,-0.0116006850312685,-0.2027257154882155,-0.8401636357677287,0.0,37.0,4.669985359730518,-0.0347401608229017,-0.1221316889273471,-0.0195410702283755,-0.3346051136363637,-0.6154973899732049,0.0,37.0,5.401302664398004,-0.0424614296240629,-0.1271290108008306,-0.0063564505400415,-0.0503976851851852,-0.9643478727155196,0.0,37.0,4.025193508389472,-0.0165589600523514,-0.0365392910931161,-0.0009134822773279,-0.1144497685185186,-0.7112763391030578,0.0,37.0,4.956796206088833,-0.0459199937529212,-0.0679065992428735,-0.0040743959545724
2026-05-20,Ryan_McMahon,641857,hitter,NYY,TOR,2026,823547,58,147,141,1,702056.0,Trey_Yesavage,0.0,0.0,0.0,0.0,0.0,3.0,3.0,0.0,1.0,7.0,0.0909090909090909,0.0,0.0,0.0,0.0,10.0,1.75,12.0,3.4540239172592115,1.08,7.0,72.0,0,1.0,0.49999999999999994,-0.8660254037844387,0.9749279121818236,-0.22252093395631434,0.5,0.5,0.5,0.5,0.5,0.5,0.5,0.5,0.5,0.5,synthetic,synthetic,synthetic,synthetic,synthetic,0.0,0.0,0.0,0.0,0.0,-110.0,-110.0,-110.0,-110.0,-110.0,-110.0,-110.0,-110.0,-110.0,-110.0,0.0,0.0,0.0,0.0,0.0,2026-08-28T01:24:59.045926+00:00,0.031165648253655975,0.8105783823913668,-0.3015676013233795,-0.2336144001587866,0.3747862122109803,0.4,1.0,0.2,0.2,0.6,2.0,5.0,1.0,1.0,3.0,batter_pitcher_profile_network_v2,1.0,0.2,0.7465198765763974,0.0,0.5517102630238783,-0.3000666666666665,-0.4862336632609622,0.0,38.0,6.556110643951481,-0.0312715383686129,-0.0369833873974281,-0.0036983387397428,-0.0931935185185183,-0.6381789059174117,0.0,38.0,6.03116203693592,-0.012217762498103,-0.0334021555085023,-0.0053443448813603,-0.2531388888888886,-0.5526800411522633,0.0,38.0,6.096546054435521,-0.0358219457421319,-0.0712850346358937,-0.0035642517317946,0.0913986111111111,-0.840918103448276,0.0,38.0,5.050711587129826,0.0509061582516227,0.0314239936485363,0.0007855998412134,0.0014611111111113,-0.6434079218106996,0.0,38.0,5.6748220668099245,0.0042271798607178,0.0029320906488122,0.0001759254389287
2026-05-21,Ryan_McMahon,641857,hitter,NYY,TOR,2026,823545,59,147,141,1,680755.0,Braydon_Fisher,1.0,2.0,0.0,0.0,0.0,3.0,3.0,0.0,1.0,7.0,0.09375,0.4233333333333333,0.4233333333333333,0.3333333333333333,28.33333333333333,65.0,3.0,10.799999999999999,2.7733516483516487,1.08,0.0,64.0,0,1.0,0.49999999999999994,-0.8660254037844387,0.43388373911755823,-0.900968867902419,0.5,0.5,0.5,0.5,0.5,0.5,0.5,0.5,0.5,0.5,synthetic,synthetic,synthetic,synthetic,synthetic,0.0,0.0,0.0,0.0,0.0,-110.0,-110.0,-110.0,-110.0,-110.0,-110.0,-110.0,-110.0,-110.0,-110.0,0.0,0.0,0.0,0.0,0.0,2026-08-28T01:24:59.045926+00:00,-0.2455201007326006,0.6980088066860528,-0.23787086109425776,-0.18041240614581688,-0.009513549988808545,0.4,1.0,0.2,0.2,0.6,0.0,0.0,0.0,0.0,0.0,batter_pitcher_profile_network_v2,1.0,0.05,0.9425,0.0,0.5117271875,-0.3000666666666665,0.121,0.0,39.0,7.097217508069327,-0.0471096395559294,0.0,0.0,-0.0931935185185184,-0.1758749999999999,0.0,39.0,7.400448099195465,-0.0473558397554511,-0.0719762082121698,-0.0115161933139471,-0.2489722222222219,-0.6431249999999998,0.0,39.0,5.7733827625785805,-0.0357286219295135,-0.0449355369034719,-0.0022467768451735,0.091398611111111,-0.5039999999999999,0.0,39.0,6.665290670051324,-0.0045141807493417,-0.0071629124993417,-0.0001790728124835,0.0039611111111112,-0.5774999999999999,0.0,39.0,6.103234252296998,-0.0094053419475822,-0.0071855401065199,-0.0004311324063911
2026-05-22,Ryan_McMahon,641857,hitter,NYY,TB,2026,823546,60,147,139,1,607259.0,Nick_Martinez,0.0,0.0,0.0,0.0,0.0,4.0,4.0,0.0,2.0,8.0,0.1052631578947368,0.0,0.0,0.0,0.0,10.0,1.1294117647058823,5.988235294117647,4.262894248608534,1.08,10.0,66.0,0,1.0,0.49999999999999994,-0.8660254037844387,-0.433883739117558,-0.9009688679024191,0.5,1.5,0.5,0.5,0.5,0.5,1.5,0.5,0.5,0.5,synthetic,synthetic,synthetic,synthetic,synthetic,0.0,0.0,0.0,0.0,0.0,-110.0,-110.0,-110.0,-110.0,-110.0,-110.0,-110.0,-110.0,-110.0,-110.0,0.0,0.0,0.0,0.0,0.0,2026-08-28T01:24:59.045926+00:00,0.360069908741528,-0.3537377724404931,-0.39350216759289114,-0.3360790664511797,-0.053663950822972484,0.6,1.4,0.2,0.2,0.6,1.0,2.0,0.0,0.0,0.0,batter_pitcher_profile_network_v2,1.0,0.6,0.5524483225592862,1.0,0.6881450482918925,-0.5617907004830918,0.384863903642208,0.0407407407407407,38.0,6.131734609220611,-0.0510456364866883,0.0316239473113928,0.0031623947311392,-0.4994354669887278,0.2857230010207405,-0.0049382716049382,38.0,6.541840582639246,-0.0530076164332987,-0.0833446303846624,-0.0133351408615459,-0.5706539855072463,0.1692038334108347,-0.0666666666666666,38.0,7.300846665497168,-0.0288209019950813,-0.0805691794137242,-0.0040284589706862,-0.2443652777777777,0.2087755372526245,-0.074074074074074,38.0,6.747372767136653,-0.0096645720264762,-0.0671626580471906,-0.0016790664511797,-0.4602749999999999,0.2112116836523807,-0.0888888888888888,38.0,6.999557002768378,-0.0324061054248506,-0.0933022822934951,-0.0055981369376097
2026-05-24,Ryan_McMahon,641857,hitter,NYY,TB,2026,823544,61,147,139,1,656876.0,Drew_Rasmussen,1.0,1.0,0.0,0.0,0.0,3.0,3.0,0.0,2.0,8.0,0.1034482758620689,0.2966666666666667,0.2966666666666667,0.0,0.0,35.6,4.125,6.625,4.370037105751392,1.08,0.0,57.0,0,2.0,0.49999999999999994,-0.8660254037844387,-0.7818314824680299,0.6234898018587334,0.5,1.5,0.5,0.5,0.5,0.5,1.5,0.5,0.5,0.5,synthetic,synthetic,synthetic,synthetic,synthetic,0.0,0.0,0.0,0.0,0.0,-110.0,-110.0,-110.0,-110.0,-110.0,-110.0,-110.0,-110.0,-110.0,-110.0,0.0,0.0,0.0,0.0,0.0,2026-08-28T01:24:59.045926+00:00,0.14788993172849219,-0.5039161861023528,-0.22739236675048724,-0.33643101111531193,0.03843364913917868,0.6,1.4,0.2,0.2,0.6,0.0,0.0,0.0,0.0,0.0,batter_pitcher_profile_network_v2,1.0,0.6,0.5788543107716988,1.0,0.6862042081582802,-0.726979434697856,-0.0004366738565002,0.0407407407407407,39.0,7.527832970464521,-0.0601128529128531,0.0320281531452867,0.0032028153145286,-0.6304254873294347,0.105372923762984,-0.0049382716049382,39.0,7.456304548688563,-0.0600331601284774,-0.0939481458983252,-0.015031703343732,-0.7294912280701755,-0.0817279814444943,-0.0592592592592592,39.0,7.855554920996633,-0.0112248164047665,-0.0831143258186067,-0.0041557162909303,-0.2647356481481481,0.2072931044858756,-0.074074074074074,39.0,7.137744096896055,-0.0227643590283409,-0.0812404446124779,-0.0020310111153119,-0.5812703703703701,-0.0151508395435573,-0.0888888888888888,39.0,7.6821947130590145,-0.0286792291923642,-0.0953896427030675,-0.005723378562184
2026-05-27,Ryan_McMahon,641857,hitter,NYY,KC,2026,824104,62,147,118,0,702070.0,Noah_Cameron,2.0,5.0,2.0,1.0,2.0,4.0,4.0,0.0,1.0,7.0,0.1052631578947368,0.7475,0.7475,0.75,30.0,65.0,3.75,9.0,7.154711884753902,1.06,0.0,84.0,0,3.0,0.49999999999999994,-0.8660254037844387,0.9749279121818236,-0.22252093395631434,0.5,1.5,0.5,0.5,0.5,0.5,1.5,0.5,0.5,0.5,synthetic,synthetic,synthetic,synthetic,synthetic,0.0,0.0,0.0,0.0,0.0,-110.0,-110.0,-110.0,-110.0,-110.0,-110.0,-110.0,-110.0,-110.0,-110.0,0.0,0.0,0.0,0.0,0.0,2026-08-28T01:24:59.045926+00:00,0.5267870610442369,0.84386450797841,0.1783351311815785,-0.08049814123129939,0.31358537604410897,0.8,1.6,0.2,0.2,0.6,1.0,1.0,0.0,0.0,0.0,batter_pitcher_profile_network_v2,1.0,0.6,0.5133292418192472,1.0,0.6910203007262854,-0.7155313288022064,0.3598115001656244,-0.074074074074074,40.0,6.984292761189125,-0.0600217191675349,-0.0560492311784906,-0.005604923117849,-0.6188844661150512,0.2675536587199077,-0.0814814814814814,40.0,7.384616435805397,-0.0693466489801175,-0.165674127766516,-0.0265078604426425,-0.7143286790780141,0.3235035380486188,0.1111111111111111,40.0,7.593434941390211,-0.0422146868374354,0.0418591599303004,0.002092957996515,-0.2592171296296296,0.1692251703478146,-0.074074074074074,40.0,7.642907205511355,-0.0318764180734875,-0.0879256492519781,-0.0021981412312994,-0.5576442129629626,0.3513346104000401,-0.0888888888888888,40.0,7.30370447837535,-0.0700921607321194,-0.1198281979632783,-0.0071896918777966
2026-05-29,Ryan_McMahon,641857,hitter,NYY,ATH,2026,825002,63,147,133,0,622663.0,Luis_Severino,1.0,4.0,1.0,1.0,1.0,4.0,4.0,0.0,1.0,7.0,0.0952380952380952,0.525,0.525,0.75,30.0,65.0,4.482142857142857,10.035714285714286,4.449689440993789,1.08,3.0,72.0,0,2.0,0.49999999999999994,-0.8660254037844387,-0.433883739117558,-0.9009688679024191,0.5,1.5,0.5,0.5,0.5,0.5,1.5,0.5,0.5,0.5,synthetic,synthetic,synthetic,synthetic,synthetic,0.0,0.0,0.0,0.0,0.0,-110.0,-110.0,-110.0,-110.0,-110.0,-110.0,-110.0,-110.0,-110.0,-110.0,0.0,0.0,0.0,0.0,0.0,2026-08-28T01:24:59.045926+00:00,0.44417069610772486,1.304606289129433,0.31079714151702353,0.02654707786710997,0.28387019618428333,0.8,1.6,0.4,0.2,0.4,2.0,5.0,2.0,1.0,2.0,batter_pitcher_profile_network_v2,1.0,0.65,0.593121905864763,1.0,0.6990226682455183,-0.5503696687667048,-0.0271213388799779,-0.0814814814814814,41.0,8.392064589842677,-0.0582129095802158,-0.0709783391297896,-0.0070978339129789,-0.4342319396716303,0.0256704135300277,-0.0938271604938271,41.0,8.460642435450977,-0.0513977603780968,-0.1518356929410477,-0.0242937108705676,-0.5544851804123707,0.2411838874402435,-0.074074074074074,41.0,8.395348702828684,-0.0047420956212943,-0.0637466106533225,-0.0031873305326661,-0.1013467592592593,0.0792191423435871,-0.0987654320987654,41.0,8.338542903978457,0.0165558013937662,-0.0621168853156047,-0.0015529221328901,-0.3682634259259256,0.1929600173837463,-0.1037037037037037,41.0,8.31559441712919,-0.0479532578381332,-0.1185712644234394,-0.0071142758654063
2026-05-30,Ryan_McMahon,641857,hitter,NYY,ATH,2026,825000,64,147,133,0,669372.0,JT_Ginn,2.0,2.0,1.0,0.0,0.0,4.0,4.0,0.0,2.0,7.0,0.0975609756097561,0.445,0.445,0.0,0.0,53.4,3.321428571428576,10.392857142857144,5.0925465838509325,1.08,6.0,80.0,0,1.0,0.49999999999999994,-0.8660254037844387,-0.9749279121818236,-0.2225209339563146,0.5,2.5,0.5,0.5,0.5,0.5,2.5,0.5,0.5,0.5,synthetic,synthetic,synthetic,synthetic,synthetic,0.0,0.0,0.0,0.0,0.0,-110.0,-110.0,-110.0,-110.0,-110.0,-110.0,-110.0,-110.0,-110.0,-110.0,0.0,0.0,0.0,0.0,0.0,2026-08-28T01:24:59.045926+00:00,0.4924607939882454,-0.2625341498333018,0.2924113949276743,-0.09324818849821681,0.275569915793064,1.0,2.4,0.6,0.4,0.6,1.0,4.0,1.0,1.0,1.0,batter_pitcher_profile_network_v2,1.0,0.6,0.6326241184131587,0.0,0.6635021272966328,-0.4198027777777777,-0.2212894908708862,0.0,43.0,8.778363037493959,-0.0678036838551692,-0.0341284636927649,-0.0034128463692764,-0.2788231481481481,-0.1260450084476246,0.0,43.0,9.03468028709664,-0.0496039595112269,-0.0873170949947244,-0.0139707351991559,-0.4252916666666665,0.1129272486772489,0.0,43.0,9.235519278639122,-0.0128552706633026,-0.0128552706633026,-0.0006427635331651,0.056523611111111,0.0286825556549395,0.0,43.0,8.978290947222192,0.04547685500136,0.0460724600713285,0.0011518115017832,-0.2038305555555553,0.0155429894179896,0.0,43.0,9.094298624749085,-0.0508693492567961,-0.038152011942597,-0.0022891207165558
2026-05-31,Ryan_McMahon,641857,hitter,NYY,ATH,2026,825001,65,147,133,0,682052.0,Jacob_Lopez,0.0,0.0,0.0,0.0,0.0,1.0,1.0,0.0,1.0,3.0,0.0238095238095238,0.0,0.0,0.0,0.0,10.0,5.115584415584416,4.764935064935066,4.063975155279503,1.08,0.0,83.0,0,1.0,0.49999999999999994,-0.8660254037844387,-0.7818314824680299,0.6234898018587334,1.5,2.5,0.5,0.5,0.5,1.5,2.5,0.5,0.5,0.5,synthetic,synthetic,synthetic,synthetic,synthetic,0.0,0.0,0.0,0.0,0.0,-110.0,-110.0,-110.0,-110.0,-110.0,-110.0,-110.0,-110.0,-110.0,-110.0,0.0,0.0,0.0,0.0,0.0,2026-08-28T01:24:59.045926+00:00,-0.08228774703557296,-0.8237492934732533,0.07232998615387987,-0.19441023123958823,-0.15697647589079866,1.2,2.4,0.8,0.4,0.6,2.0,2.0,1.0,0.0,0.0,batter_pitcher_profile_network_v2,1.0,0.55,0.62084907599925,0.0,0.6506702935045505,-0.5301356841064362,0.3946523282486964,0.0,44.0,8.145317934847673,-0.0607356744428779,0.0,0.0,-0.3650975548363895,0.5672876704234737,0.0,44.0,7.1872118025032,-0.059997056138555,-0.0899955842078325,-0.0143992934732532,-0.544489684466019,0.7842517977128799,0.0,44.0,6.286507739681186,0.0076245677980929,0.0076245677980929,0.0003812283899046,0.0522273148148147,0.7961870067066597,0.0,44.0,5.666325804056438,-0.0161753722942293,-0.0004092495835289,-1.0231239588222916e-05,-0.2780226851851848,0.7429557062674521,0.0,44.0,6.463474942618796,-0.0705607478838644,-0.0529205609128983,-0.0031752336547739
2026-06-03,Ryan_McMahon,641857,hitter,NYY,CLE,2026,823540,66,147,114,1,668909.0,Gavin_Williams,0.0,0.0,0.0,0.0,0.0,3.0,3.0,0.0,1.0,7.0,0.0909090909090909,0.0,0.0,0.0,0.0,10.0,1.4285714285714286,9.339285714285714,5.5102040816326525,1.08,11.0,76.0,0,3.0,1.2246467991473532e-16,-1.0,0.9749279121818236,-0.22252093395631434,1.5,2.5,0.5,0.5,0.5,1.5,2.5,0.5,0.5,0.5,synthetic,synthetic,synthetic,synthetic,synthetic,0.0,0.0,0.0,0.0,0.0,-110.0,-110.0,-110.0,-110.0,-110.0,-110.0,-110.0,-110.0,-110.0,-110.0,0.0,0.0,0.0,0.0,0.0,2026-08-28T01:24:59.045926+00:00,-0.4783000022021717,-1.0301084939002263,0.04509874986065132,-0.1915781549287091,-0.0066858100616346006,1.2,2.4,0.8,0.4,0.6,0.0,0.0,0.0,0.0,0.0,batter_pitcher_profile_network_v2,1.0,0.8,0.4597480367240001,0.0,0.734944692401048,-0.6984277777777779,-0.2945343791040435,0.0,45.0,9.252491092584732,-0.0501191705694557,-0.1111357672288916,-0.0111135767228891,-0.5456564814814815,-0.2022492259869333,0.0,45.0,9.55969649687995,-0.018715787638494,-0.0876951323309593,-0.0140312211729534,-0.6779999999999998,-0.1860015398972872,0.0,45.0,9.563790044666248,-0.006007516693651,-0.074138175328718,-0.0037069087664359,-0.1056430555555556,-0.1242589968764212,0.0,45.0,9.57348825321076,0.1199657444583458,0.1128738028516392,0.0028218450712909,-0.4299555555555552,-0.171195273050926,0.0,45.0,9.46513868904206,-0.0382032502988698,-0.0684184175393049,-0.0041051050523582
2026-06-04,Ryan_McMahon,641857,hitter,NYY,CLE,2026,823542,67,147,114,1,677944.0,Slade_Cecconi,1.0,1.0,0.0,0.0,1.0,3.0,3.0,0.0,1.0,7.0,0.1034482758620689,0.2966666666666667,0.2966666666666667,0.0,0.0,35.6,4.695104895104895,6.713286713286713,5.21799628942486,1.08,3.0,87.0,0,1.0,1.2246467991473532e-16,-1.0,0.43388373911755823,-0.900968867902419,0.5,2.5,0.5,0.5,0.5,0.5,2.5,0.5,0.5,0.5,synthetic,synthetic,synthetic,synthetic,synthetic,0.0,0.0,0.0,0.0,0.0,-110.0,-110.0,-110.0,-110.0,-110.0,-110.0,-110.0,-110.0,-110.0,-110.0,0.0,0.0,0.0,0.0,0.0,2026-08-28T01:24:59.045926+00:00,0.5861911480965667,-1.0003709877875964,0.21384584397524709,-0.1923541931093879,0.08451898396910884,1.0,2.2,0.8,0.4,0.6,0.0,0.0,0.0,0.0,0.0,batter_pitcher_profile_network_v2,1.0,0.8,0.4841326144789137,0.0,0.7325550037810664,-0.7869527588813301,0.1948985116623209,0.0,46.0,9.835785701856755,-0.0451197428395096,0.0,0.0,-0.6155719009826152,0.1334656478285173,0.0,46.0,10.118223837284493,-0.0311937709540652,-0.0467906564310979,-0.0074865050289756,-0.7652431972789113,0.0724956709240066,0.0,46.0,10.509059953519868,0.0136907050226137,0.0136907050226137,0.0006845352511306,-0.1177615740740741,0.0506912575846149,0.0,46.0,10.19312950412676,0.0818322756244859,0.0818322756244859,0.0020458068906121,-0.4964907407407407,0.0973025814931123,0.0,46.0,10.293859246524647,-0.04524450924283,-0.0339333819321225,-0.0020360029159273
2026-06-05,Ryan_McMahon,641857,hitter,NYY,BOS,2026,823538,68,147,111,1,543243.0,Sonny_Gray,1.0,1.0,0.0,0.0,0.0,3.0,3.0,0.0,0.0,8.0,0.081081081081081,0.2966666666666667,0.2966666666666667,0.0,0.0,35.6,3.25,11.0,2.802197802197803,1.08,0.0,85.0,0,1.0,1.2246467991473532e-16,-1.0,-0.433883739117558,-0.9009688679024191,0.5,1.5,0.5,0.5,0.5,0.5,1.5,0.5,0.5,0.5,synthetic,synthetic,synthetic,synthetic,synthetic,0.0,0.0,0.0,0.0,0.0,-110.0,-110.0,-110.0,-110.0,-110.0,-110.0,-110.0,-110.0,-110.0,-110.0,0.0,0.0,0.0,0.0,0.0,2026-08-28T01:24:59.045926+00:00,0.23473537627278862,-0.3847937471921721,-0.20449261574418442,-0.3328652231879442,-0.03843601646759387,0.8,1.4,0.4,0.2,0.4,1.0,1.0,0.0,0.0,1.0,batter_pitcher_profile_network_v2,1.0,0.65,0.5969842866380614,0.0,0.6799651261764443,-0.7854640965063,-0.0718694331983805,0.0,47.0,10.834036176932273,-0.0343683283939877,-0.0227505833764608,-0.002275058337646,-0.6122445828560518,-0.1241867408906882,0.0,47.0,10.87893312347554,-0.0274229612489928,-0.0717767983294525,-0.0114842877327124,-0.7597526847079037,-0.1388112348178136,0.0,47.0,10.8966502043367,-0.0111237665390734,-0.0536266936580662,-0.0026813346829033,-0.1144652777777778,-0.1753886639676112,0.0,47.0,10.686336061718167,0.0694819805347777,0.0613910724822332,0.0015347768120558,-0.4823784722222222,-0.1447246963562751,0.0,47.0,10.723031128284548,-0.0046474681278851,-0.0316209654805914,-0.0018972579288354
2026-06-07,Ryan_McMahon,641857,hitter,NYY,BOS,2026,823537,69,147,111,1,624133.0,Ranger_Suarez,0.0,0.0,0.0,0.0,0.0,0.0,0.0,0.0,0.0,4.0,0.0,0.0,0.0,0.0,0.0,10.0,6.092307692307692,10.476923076923079,0.42857142857142855,1.08,14.0,81.0,0,2.0,1.2246467991473532e-16,-1.0,-0.7818314824680299,0.6234898018587334,0.5,0.5,0.5,0.5,0.5,0.5,0.5,0.5,0.5,0.5,synthetic,synthetic,synthetic,synthetic,synthetic,0.0,0.0,0.0,0.0,0.0,-110.0,-110.0,-110.0,-110.0,-110.0,-110.0,-110.0,-110.0,-110.0,-110.0,0.0,0.0,0.0,0.0,0.0,2026-08-28T01:24:59.045926+00:00,0.023645335215968566,0.011463708910760984,-0.5,-0.4751599276314587,-0.5,0.8,0.8,0.2,0.0,0.2,1.0,1.0,0.0,0.0,0.0,batter_pitcher_profile_network_v2,1.0,0.65,0.6134088199772663,1.0,0.6974073227093103,-0.7061134259259259,-0.0162528986850254,-0.0777777777777777,47.0,11.130397210795769,-0.0234191033326827,-0.0671803474740137,-0.0067180347474013,-0.5570092592592591,-0.0972974497222234,-0.091358024691358,47.0,11.204921432989822,-0.0251759096823022,-0.1324143193077437,-0.021186291089239,-0.7106874999999999,-0.0210699596406608,-0.074074074074074,47.0,11.381751212006831,-0.015113807314496,-0.0806585665379769,-0.0040329283268988,-0.1111689814814815,-0.1629224497222234,-0.0987654320987654,47.0,11.012850127730426,0.0562793139763772,-0.0303971052583498,-0.0007599276314587,-0.4732662037037035,-0.0289253517975235,-0.0962962962962963,47.0,11.200219881122242,-0.019804742201249,-0.0978284015277705,-0.0058697040916662
2026-06-08,Ryan_McMahon,641857,hitter,NYY,CLE,2026,824427,70,147,114,0,668909.0,Gavin_Williams,1.0,4.0,1.0,1.0,1.0,2.0,2.0,0.0,1.0,8.0,0.048780487804878,1.05,1.05,1.5,30.0,65.0,2.1160714285714284,9.214285714285714,4.207792207792208,1.08,0.0,81.0,0,1.0,1.2246467991473532e-16,-1.0,0.0,1.0,0.5,0.5,0.5,0.5,0.5,0.5,0.5,0.5,0.5,0.5,synthetic,synthetic,synthetic,synthetic,synthetic,0.0,0.0,0.0,0.0,0.0,-110.0,-110.0,-110.0,-110.0,-110.0,-110.0,-110.0,-110.0,-110.0,-110.0,0.0,0.0,0.0,0.0,0.0,2026-08-28T01:24:59.045926+00:00,-0.11109006958896805,1.9476101146042666,-0.019738872246683914,-0.0249712621197285,-0.0806850997852937,0.4,0.4,0.0,0.0,0.2,0.0,0.0,0.0,0.0,0.0,batter_pitcher_profile_network_v2,1.0,0.85,0.4274400867126546,1.0,0.7717428009710449,-0.6632706839904419,-0.2609606720949249,-0.0777777777777777,48.0,10.72818652279962,-0.0210366685020875,-0.1546145592620817,-0.0154614559262081,-0.5284474313022699,-0.1368609722149729,-0.091358024691358,48.0,11.152232819317687,-0.0239582228436161,-0.1425511129916258,-0.0228081780786601,-0.6737923387096774,-0.1174734290817774,-0.074074074074074,48.0,11.240416228003433,-0.0186501329947062,-0.116837945408814,-0.0058418972704407,-0.1111689814814815,-0.0223201558884423,-0.0987654320987654,48.0,11.127008978156958,0.0490610817544409,-0.0228504847891436,-0.0005712621197285,-0.4682662037037036,-0.0947353338436822,-0.0962962962962963,48.0,11.123997885955614,-0.0176194668532788,-0.1073427305573446,-0.0064405638334406
2026-06-09,Ryan_McMahon,641857,hitter,NYY,CLE,2026,824429,71,147,114,0,677944.0,Slade_Cecconi,2.0,2.0,0.0,0.0,0.0,4.0,3.0,1.0,0.0,8.0,0.1025641025641025,0.6174999999999999,0.6174999999999999,0.0,0.0,65.0,4.376923076923077,7.076923076923077,2.1506493506493505,1.08,10.0,86.0,0,1.0,1.2246467991473532e-16,-1.0,0.7818314824680298,0.6234898018587336,0.5,1.5,0.5,0.5,0.5,0.5,1.5,0.5,0.5,0.5,synthetic,synthetic,synthetic,synthetic,synthetic,0.0,0.0,0.0,0.0,0.0,-110.0,-110.0,-110.0,-110.0,-110.0,-110.0,-110.0,-110.0,-110.0,-110.0,0.0,0.0,0.0,0.0,0.0,2026-08-28T01:24:59.045926+00:00,0.30950724580852207,0.07753051388057686,-0.022332378396934638,-0.233947298497025,0.053853529328563576,0.6,1.2,0.2,0.2,0.4,1.0,4.0,1.0,1.0,1.0,batter_pitcher_profile_network_v2,1.0,0.85,0.4567815301430649,1.0,0.7686876231738534,-0.5020474033816424,0.1793174475649579,0.0296296296296296,49.0,11.316363874955066,-0.0587384117702798,0.021581948594712,0.0021581948594712,-0.285934380032206,0.1060835061506455,-0.0271604938271604,49.0,11.686904481928972,-0.0409547235786056,-0.0812155382463945,-0.0129944861194231,-0.4934320652173912,0.0458060068819508,-0.0814814814814814,49.0,12.065841204923636,-0.0100619445679687,-0.0694123032034269,-0.0034706151601713,0.1404513888888887,0.0167299961219923,-0.1111111111111111,49.0,11.773064639484272,0.0977639391024121,0.0181080601190002,0.000452701502975,-0.1747708333333332,0.0674589438447016,0.1111111111111111,49.0,11.859381028611532,-0.0755613611799699,0.0242612863451928,0.0014556771807115
2026-06-10,Ryan_McMahon,641857,hitter,NYY,CLE,2026,824428,72,147,114,0,800048.0,Parker_Messick,0.0,0.0,0.0,0.0,0.0,2.0,2.0,0.0,2.0,4.0,0.0454545454545454,0.0,0.0,0.0,0.0,10.0,2.188235294117647,7.694117647058824,2.472077922077922,1.08,0.0,81.0,0,1.0,1.2246467991473532e-16,-1.0,0.9749279121818236,-0.22252093395631434,0.5,1.5,0.5,0.5,0.5,0.5,1.5,0.5,0.5,0.5,synthetic,synthetic,synthetic,synthetic,synthetic,0.0,0.0,0.0,0.0,0.0,-110.0,-110.0,-110.0,-110.0,-110.0,-110.0,-110.0,-110.0,-110.0,-110.0,0.0,0.0,0.0,0.0,0.0,2026-08-28T01:24:59.045926+00:00,0.5881886398103628,-0.2963642768694503,-0.5,-0.33362876148238296,-0.34705672729943987,1.0,1.6,0.2,0.2,0.4,2.0,2.0,0.0,0.0,0.0,batter_pitcher_profile_network_v2,1.0,0.8,0.3853892987925709,0.0,0.742231848718328,-0.344070601851852,-0.2777442577030812,0.0,51.0,12.494602700997572,-0.050768356952629,-0.0587344320466145,-0.0058734432046614,-0.1617662037037038,-0.1964224789915966,0.0,51.0,12.91046727325521,-0.0480250292751782,-0.0915665031613368,-0.0146506405058138,-0.3459479166666666,-0.250736811391223,0.0,51.0,12.64413737403314,-0.0517484514403854,-0.1050609376146452,-0.0052530468807322,0.1608217592592591,-0.124179831932773,0.0,51.0,12.991331939706663,0.0431238197960539,0.0308495407046834,0.000771238517617,-0.0643483796296294,-0.2406475256769373,0.0,51.0,12.555252132954676,-0.0565360842483316,-0.0519194809646908,-0.0031151688578814
2026-06-12,Ryan_McMahon,641857,hitter,NYY,TOR,2026,822803,73,147,141,0,702056.0,Trey_Yesavage,0.0,0.0,0.0,0.0,0.0,4.0,3.0,1.0,1.0,8.0,0.0975609756097561,0.1725,0.1725,0.0,0.0,20.7,6.026470588235294,7.747058823529412,3.9894957983193273,1.08,0.0,77.0,0,2.0,1.2246467991473532e-16,-1.0,-0.433883739117558,-0.9009688679024191,0.5,1.5,0.5,0.5,0.5,0.5,1.5,0.5,0.5,0.5,synthetic,synthetic,synthetic,synthetic,synthetic,0.0,0.0,0.0,0.0,0.0,-110.0,-110.0,-110.0,-110.0,-110.0,-110.0,-110.0,-110.0,-110.0,-110.0,0.0,0.0,0.0,0.0,0.0,2026-08-28T01:24:59.045926+00:00,0.28021849591923387,-0.579928911711063,-0.3247913160993138,-0.3361661186567561,-0.300268434701779,0.8,1.4,0.2,0.2,0.2,0.0,0.0,0.0,0.0,0.0,batter_pitcher_profile_network_v2,1.0,0.4,0.6865681605010829,1.0,0.625108160135447,-0.4681116528762808,-0.4525251030686841,-0.0851851851851851,51.0,12.019381922595752,-0.049368715728071,-0.1382302898341033,-0.0138230289834103,-0.2718552994483848,-0.5138337300238013,-0.1012345679012345,51.0,11.602402373312891,-0.0336505386762934,-0.1796281067307291,-0.0287404970769166,-0.4392557624113478,-0.3042778462541085,-0.074074074074074,51.0,12.872800079734011,-0.0320012358251344,-0.136358705671457,-0.0068179352835728,0.0840081018518517,-0.5550728918735123,-0.1111111111111111,51.0,11.164451928505615,0.0376690058834713,-0.0706447462702459,-0.0017661186567561,-0.1410578703703705,-0.4194982219766519,-0.1037037037037037,51.0,11.985367668751689,-0.0636670881836709,-0.1537488655803087,-0.0092249319348185
2026-06-13,Ryan_McMahon,641857,hitter,NYY,TOR,2026,822802,74,147,141,0,592332.0,Kevin_Gausman,0.0,0.0,0.0,0.0,0.0,3.0,2.0,1.0,0.0,8.0,0.088235294117647,0.2299999999999999,0.2299999999999999,0.0,0.0,27.6,5.0,10.0,3.6680672268907557,1.08,11.0,71.0,0,1.0,1.2246467991473532e-16,-1.0,-0.9749279121818236,-0.2225209339563146,0.5,1.5,0.5,0.5,0.5,0.5,1.5,0.5,0.5,0.5,synthetic,synthetic,synthetic,synthetic,synthetic,0.0,0.0,0.0,0.0,0.0,-110.0,-110.0,-110.0,-110.0,-110.0,-110.0,-110.0,-110.0,-110.0,-110.0,0.0,0.0,0.0,0.0,0.0,2026-08-28T01:24:59.045926+00:00,-0.0119552551258294,-0.6647548132677882,-0.31757639561730433,-0.3341899152176841,-0.30461680117360723,0.6,1.2,0.2,0.2,0.2,0.0,0.0,0.0,0.0,0.0,batter_pitcher_profile_network_v2,1.0,0.85,0.4199536879356882,0.0,0.7537723222436965,-0.6104543439716315,-0.078618782640815,0.0,52.0,13.781157621682418,-0.0018888285678475,-0.0278382655440086,-0.0027838265544008,-0.4018677107959023,-0.0982722358267263,0.0,52.0,13.892768098862122,-0.0066356813342059,-0.0328609652766174,-0.0052577544442587,-0.5806431737588653,-0.1989925343093211,0.0,52.0,13.671800208356084,-0.001103879064391,-0.0681245510015465,-0.0034062275500773,0.005361111111111,-0.1247294460693139,0.0,52.0,13.757060594840214,0.0087912615441186,0.0084033912926387,0.0002100847823159,-0.2668402777777778,-0.1534135810298961,0.0,52.0,13.680207876866897,-0.0524477720537404,-0.063081140008299,-0.0037848684004979
2026-06-14,Ryan_McMahon,641857,hitter,NYY,TOR,2026,822801,75,147,141,0,571578.0,Patrick_Corbin,0.0,0.0,1.0,0.0,0.0,0.0,0.0,0.0,0.0,1.0,0.0,0.0,0.0,0.0,0.0,10.0,8.0,6.0,2.8109243697478985,1.08,0.0,68.0,0,1.0,1.2246467991473532e-16,-1.0,-0.7818314824680299,0.6234898018587334,0.5,1.5,0.5,0.5,0.5,0.5,1.5,0.5,0.5,0.5,synthetic,synthetic,synthetic,synthetic,synthetic,0.0,0.0,0.0,0.0,0.0,-110.0,-110.0,-110.0,-110.0,-110.0,-110.0,-110.0,-110.0,-110.0,-110.0,0.0,0.0,0.0,0.0,0.0,2026-08-28T01:24:59.045926+00:00,0.007316545890999282,-0.8734405235760235,-0.5,-0.33694297680441077,-0.5,0.6,1.2,0.2,0.2,0.2,0.0,0.0,0.0,0.0,0.0,batter_pitcher_profile_network_v2,1.0,0.6,0.5689640028500602,1.0,0.6869311457905206,-0.5815735887096771,0.3689689346221494,-0.0703703703703703,51.0,12.380835187687785,0.0105647335467856,-0.0552042889891687,-0.0055204288989168,-0.3823777628434884,0.2553998388562342,-0.0888888888888888,51.0,13.281984338731752,-0.0122226925934294,-0.0880657723501468,-0.0140905235760235,-0.565101142473118,0.2287475370490077,-0.0666666666666666,51.0,13.78802299930444,0.0065540489013528,-0.0457447511936491,-0.0022872375596824,0.0056944444444443,0.155052616634012,-0.1111111111111111,51.0,13.720388413858686,-0.0149349836331098,-0.1017190721764349,-0.0025429768044108,-0.2679131944444443,0.2409862936627643,-0.0888888888888888,51.0,13.572156926862586,-0.0349994716978023,-0.0959813372333544,-0.0057588802340012
2026-06-16,Ryan_McMahon,641857,hitter,NYY,CWS,2026,823535,76,147,145,1,663436.0,Davis_Martin,1.0,1.0,0.0,0.0,1.0,5.0,5.0,0.0,1.0,7.0,0.108695652173913,0.178,0.178,0.0,0.0,21.36,4.357142857142858,6.785714285714285,4.020962732919255,1.08,8.0,72.0,0,2.0,1.2246467991473532e-16,-1.0,0.7818314824680298,0.6234898018587336,0.5,0.5,0.5,0.5,0.5,0.5,0.5,0.5,0.5,0.5,synthetic,synthetic,synthetic,synthetic,synthetic,0.0,0.0,0.0,0.0,0.0,-110.0,-110.0,-110.0,-110.0,-110.0,-110.0,-110.0,-110.0,-110.0,-110.0,0.0,0.0,0.0,0.0,0.0,2026-08-28T01:24:59.045926+00:00,0.05151973054195125,-0.16868094007749307,-0.1574389262363018,-0.47311206268840955,-0.41658493341294933,0.4,0.4,0.2,0.0,0.0,0.0,0.0,1.0,0.0,0.0,batter_pitcher_profile_network_v2,1.0,0.8,0.4516194225748564,0.0,0.7357412965876641,-0.7213748179359135,-0.3256504704740716,0.0,52.0,13.839249397680524,0.0287814883556202,-0.1288233985142357,-0.0128823398514235,-0.5501233354140658,-0.4790432018621846,0.0,52.0,12.84877703195611,0.0458167277337456,-0.0757912015712884,-0.0121265922514061,-0.6830376872659176,-0.5136320340182203,0.0,52.0,12.246538450167446,0.0305166856326797,-0.1618716924278996,-0.0080935846213949,-0.1521759259259259,-0.6539126308315438,0.0,52.0,11.148849364820604,0.1060867121510382,0.0515174924636198,0.0012879373115904,-0.4422939814814814,-0.5386767183264841,0.0,52.0,11.953605914452464,0.0440012783886241,-0.0976526169238982,-0.0058591570154338
2026-06-17,Ryan_McMahon,641857,hitter,NYY,CWS,2026,823536,77,147,145,1,641743.0,Anthony_Kay,0.0,0.0,0.0,0.0,0.0,1.0,1.0,0.0,0.0,3.0,0.0238095238095238,0.0,0.0,0.0,0.0,10.0,6.300000000000002,9.0,5.446428571428571,1.08,0.0,72.0,0,1.0,1.2246467991473532e-16,-1.0,0.9749279121818236,-0.22252093395631434,0.5,0.5,0.5,0.5,0.5,0.5,0.5,0.5,0.5,0.5,synthetic,synthetic,synthetic,synthetic,synthetic,0.0,0.0,0.0,0.0,0.0,-110.0,-110.0,-110.0,-110.0,-110.0,-110.0,-110.0,-110.0,-110.0,-110.0,0.0,0.0,0.0,0.0,0.0,2026-08-28T01:24:59.045926+00:00,-0.11007619047619044,-0.30840609785232637,-0.3798817927408389,-0.4727116402550804,-0.19659919113418733,0.2,0.2,0.2,0.0,0.2,1.0,1.0,0.0,0.0,1.0,batter_pitcher_profile_network_v2,1.0,0.85,0.4209999156954518,0.0,0.7536633837782111,-0.6652799501424502,0.1887478731461236,0.0,52.0,14.492845487168536,0.0231586081481867,0.0,0.0,-0.5074316951566952,0.2283615001800094,0.0,52.0,14.314306603960834,0.0205995922819735,0.0308993884229603,0.0049439021476736,-0.628209935897436,0.3344670820783905,0.0,52.0,13.929067101241314,0.0609355737546522,0.0609355737546522,0.0030467786877326,-0.1479685185185185,0.2956387990305841,0.0,52.0,13.684399100200457,0.0675343897967851,0.0675343897967851,0.0016883597449196,-0.4096282407407406,0.3305135380170877,0.0,52.0,13.815423603718624,0.0017640065418669,0.0013230049064002,7.938029438401496e-05
2026-06-18,Ryan_McMahon,641857,hitter,NYY,CWS,2026,823533,78,147,145,1,663542.0,Bryan_Hudson,1.0,4.0,1.0,1.0,1.0,3.0,3.0,0.0,1.0,8.0,0.0967741935483871,0.7000000000000001,0.7000000000000001,1.0,30.0,65.0,3.0,0.0,5.767857142857143,1.08,0.0,86.0,0,1.0,1.2246467991473532e-16,-1.0,0.43388373911755823,-0.900968867902419,0.5,0.5,0.5,0.5,0.5,0.5,0.5,0.5,0.5,0.5,synthetic,synthetic,synthetic,synthetic,synthetic,0.0,0.0,0.0,0.0,0.0,-110.0,-110.0,-110.0,-110.0,-110.0,-110.0,-110.0,-110.0,-110.0,-110.0,0.0,0.0,0.0,0.0,0.0,2026-08-28T01:24:59.045926+00:00,0.38003351719835765,1.152811078429968,0.06226260256127858,-0.1486731985532891,-0.04353912607820165,0.2,0.2,0.2,0.0,0.2,0.0,0.0,0.0,0.0,0.0,batter_pitcher_profile_network_v2,1.0,0.2,0.7868750000000001,0.0,0.5507215625,-0.7793542145593869,-0.3214230769230769,0.0,52.0,14.76865029330133,0.0502218235716955,-0.0533883303205726,-0.0053388330320572,-0.6242805874840357,0.0909615384615384,0.0,52.0,15.5097619273642,0.0478485794797052,0.0717728692195578,0.0114836590751292,-0.7258620689655172,-0.1439444444444443,0.0,52.0,15.58388415692633,0.0659533434370986,0.0436852309490718,0.0021842615474535,-0.251325,0.5909615384615384,0.0,52.0,11.493586517980058,0.0290720578684371,0.0290720578684371,0.0007268014467109,-0.5315333333333333,-0.1217222222222221,0.0,52.0,15.499549465655384,0.0464201995631889,0.0210260861006324,0.0012615651660379
2026-06-19,Ryan_McMahon,641857,hitter,NYY,CIN,2026,823534,79,147,113,1,695076.0,Rhett_Lowder,1.0,1.0,0.0,0.0,0.0,4.0,4.0,0.0,1.0,8.0,0.1111111111111111,0.2225,0.2225,0.0,0.0,26.7,3.5294117647058822,8.176470588235295,3.6469780219780215,1.08,15.0,77.0,0,1.0,1.2246467991473532e-16,-1.0,-0.433883739117558,-0.9009688679024191,0.5,1.0,0.5,0.5,0.5,0.5,0.5,0.5,0.5,0.5,synthetic,real,real,real,synthetic,0.0,8.0,7.0,9.0,0.0,-110.0,103.14807,112.454407,421.503888,-110.0,-110.0,-106.472496,-155.430853,0.0,-110.0,0.0,0.5345224838248488,0.0,0.0,0.0,2026-06-19T20:50:58.917955+00:00,0.1467889248006895,0.3008702277243456,-0.01966792798452094,-0.23551210241958948,0.01854356338054619,0.4,1.0,0.4,0.2,0.4,1.0,4.0,1.0,1.0,1.0,batter_pitcher_profile_network_v2,1.0,0.6,0.6300692693954031,0.0,0.6636899086994379,-0.6631686447811451,0.238510692436346,0.0,52.0,14.79156704315991,0.0311282696844895,0.0,0.0,-0.4599500841750844,0.0161418652758522,0.0,52.0,15.69313453631795,0.0115078932958844,0.0172618399438266,0.0027618943910122,-0.6150246212121215,0.396306400974157,0.0,52.0,14.010652870679484,0.0571634183315609,0.0571634183315609,0.002858170916578,-0.0622046296296296,-0.1388607067406086,0.0,52.0,15.42002018782073,-0.0412887169491237,-0.0444840967835823,-0.0011121024195895,-0.3477393518518519,0.2911203584501516,0.0,52.0,14.661425048337296,-0.004933430778259,-0.0037000730836942,-0.0002220043850216
2026-06-21,Ryan_McMahon,641857,hitter,NYY,CIN,2026,823531,80,147,113,1,695505.0,Chase_Burns,0.0,0.0,0.0,0.0,0.0,2.0,2.0,0.0,1.0,7.0,0.0555555555555555,0.0,0.0,0.0,0.0,10.0,2.125,12.637500000000001,3.004120879120879,1.08,-6.0,79.0,0,2.0,1.2246467991473532e-16,-1.0,-0.7818314824680299,0.6234898018587334,0.5,0.5,0.5,0.5,0.5,0.5,1.5,0.5,0.5,0.5,synthetic,real,real,real,synthetic,0.0,8.0,7.0,6.0,0.0,-110.0,154.684018,171.428598,559.31412,-110.0,-110.0,-186.996497,-246.512968,0.0,-110.0,0.0,0.5175491695067657,0.0,0.0,0.0,2026-06-21T19:20:37.517202+00:00,-0.0682063703000812,0.3212528792031366,-0.386338743240495,-0.3361444918464323,-0.31043242511100166,0.6,1.2,0.4,0.2,0.4,1.0,1.0,0.0,0.0,0.0,batter_pitcher_profile_network_v2,1.0,0.9,0.3043447586728672,0.0,0.7814459903563165,-0.7632220797720799,-0.5630812708102109,0.0,53.0,13.040884798818649,0.0389920263897654,-0.2989620546491629,-0.0298962054649162,-0.5435659544159545,-0.419572090534327,0.0,53.0,14.50165310791691,0.0221706754675817,-0.1253986716470627,-0.02006378746353,-0.7275641025641026,-0.4090235360181807,0.0,53.0,14.203204486043887,0.0211248850153288,-0.1858957439307785,-0.0092947871965389,-0.0763898148148148,-0.2927274139844616,0.0,53.0,15.242799369941782,-0.054223853651387,-0.0697796738572946,-0.0017444918464323,-0.4470148148148148,-0.4282469187675069,0.0,53.0,13.984119855626144,0.0670770662186986,-0.0828633733396484,-0.0049718024003789
2026-07-03,Ryan_McMahon,641857,hitter,NYY,MIN,2026,823527,81,147,142,1,702474.0,,1.0,2.0,1.0,0.0,0.0,3.0,2.0,1.0,0.0,7.0,0.0909090909090909,0.6533333333333333,0.6533333333333333,0.5,30.0,65.0,4.1,8.2,6.814285714285715,1.08,11.0,92.0,0,12.0,-0.4999999999999997,-0.8660254037844388,-0.433883739117558,-0.9009688679024191,0.5,1.5,0.5,0.5,0.5,0.5,1.5,0.5,0.5,0.5,synthetic,synthetic,synthetic,synthetic,synthetic,0.0,0.0,0.0,0.0,0.0,-110.0,-110.0,-110.0,-110.0,-110.0,-110.0,-110.0,-110.0,-110.0,-110.0,0.0,0.0,0.0,0.0,0.0,2026-08-28T01:24:59.045926+00:00,0.30860779220779233,0.13079271025491868,0.09063966048172833,-0.13636476460228275,0.12335217755091232,0.6,1.2,0.2,0.2,0.4,0.0,0.0,0.0,0.0,0.0,batter_pitcher_profile_network_v2,1.0,0.2,0.7077764461345488,0.0,0.5526594770697035,-0.7891512068248024,0.3543951465201465,0.0,54.0,14.723119143826295,0.0271051241706145,0.0,0.0,-0.5608520391177695,0.3623065476190475,0.0,54.0,14.71397816164815,-0.0130417375742024,-0.0195626063613037,-0.0031300170178085,-0.7615168539325844,0.0689723748473749,0.0,54.0,16.754283921066513,0.0259317377730935,0.0259317377730935,0.0012965868886546,-0.0763898148148147,0.3888289835164835,0.0,54.0,14.325781100914154,-0.0785905840913146,-0.0785905840913146,-0.0019647646022828,-0.4570148148148147,0.124009768009768,0.0,54.0,16.44488017508016,0.016195576167462,0.0121466821255965,0.0007288009275357
2026-07-04,Ryan_McMahon,641857,hitter,NYY,MIN,2026,823526,82,147,142,1,805673.0,Zebby_Matthews,0.0,0.0,1.0,0.0,0.0,4.0,3.0,1.0,2.0,7.0,0.1,0.1725,0.1725,0.0,0.0,20.7,2.285714285714286,7.214285714285714,7.457142857142857,1.08,10.0,95.0,0,1.0,-0.4999999999999997,-0.8660254037844388,-0.9749279121818236,-0.2225209339563146,0.5,1.5,0.5,0.5,0.5,0.5,1.5,0.5,0.5,0.5,synthetic,synthetic,synthetic,synthetic,synthetic,0.0,0.0,0.0,0.0,0.0,-110.0,-110.0,-110.0,-110.0,-110.0,-110.0,-110.0,-110.0,-110.0,-110.0,0.0,0.0,0.0,0.0,0.0,2026-08-28T01:24:59.045926+00:00,0.5509714285714287,-0.2756828822120956,0.13628867198637473,-0.336280489461576,-0.11412552047412117,0.6,1.4,0.4,0.2,0.2,1.0,2.0,1.0,0.0,0.0,batter_pitcher_profile_network_v2,1.0,0.6,0.5957126796328509,0.0,0.6662151180469854,-0.6590494318181821,0.1702346656581161,0.0,54.0,16.05607860989076,0.0131508074709627,0.0,0.0,-0.4223598063973066,0.2209331401330707,0.0,54.0,15.87006146118687,-0.0298245092170651,-0.0447367638255976,-0.0071578822120956,-0.6385142045454548,0.0771821136900924,0.0,54.0,16.752414641145805,-0.0038694174153621,-0.0038694174153621,-0.0001934708707681,0.0502305555555555,0.2938276436791701,0.0,54.0,15.180891477645174,-0.0811865058754307,-0.0752195784630407,-0.001880489461576,-0.3144534722222222,0.1433124328390286,0.0,54.0,16.394564114511727,0.0148297037496878,0.0111222778122659,0.0006673366687359
2026-07-06,Ryan_McMahon,641857,hitter,NYY,TB,2026,822958,83,147,139,0,643377.0,Griffin_Jax,0.0,0.0,0.0,0.0,0.0,3.0,3.0,0.0,3.0,8.0,0.09375,0.0,0.0,0.0,0.0,10.0,2.6999999999999997,9.700000000000001,3.4285714285714284,1.08,0.0,72.0,0,2.0,-0.4999999999999997,-0.8660254037844388,0.0,1.0,0.5,1.5,0.5,0.5,0.5,0.5,1.5,0.5,0.5,0.5,synthetic,synthetic,synthetic,synthetic,synthetic,0.0,0.0,0.0,0.0,0.0,-110.0,-110.0,-110.0,-110.0,-110.0,-110.0,-110.0,-110.0,-110.0,-110.0,0.0,0.0,0.0,0.0,0.0,2026-08-28T01:24:59.045926+00:00,0.005446221290970388,-0.6416226459504004,-0.053979980315866705,-0.3367345705141598,-0.37542774953811897,0.6,1.4,0.6,0.2,0.2,0.0,0.0,1.0,0.0,0.0,batter_pitcher_profile_network_v2,1.0,0.6,0.5942318694861821,0.0,0.6663239575927656,-0.6299302188552189,-0.1398953081232492,0.0,54.0,16.84623541174038,0.0052506547181873,-0.0357580251855339,-0.0035758025185533,-0.3978250841750842,-0.0172752100840335,0.0,54.0,17.100654402910852,-0.0341727605880284,-0.0540477871900023,-0.0086476459504003,-0.6061704545454546,-0.2068573762838467,0.0,54.0,16.712051824593562,-0.0347914322939732,-0.0856710348887659,-0.0042835517444382,0.0541935185185184,0.0733497899159664,0.0,54.0,16.74136800346183,-0.0949957826443417,-0.0933828205663954,-0.0023345705141598,-0.2853342592592591,-0.1609954481792715,0.0,54.0,16.776273621782924,0.0224906190158421,-0.0017720161115066,-0.0001063209666904
2026-07-07,Ryan_McMahon,641857,hitter,NYY,TB,2026,822956,84,147,139,0,693855.0,Ian_Seymour,1.0,1.0,0.0,0.0,0.0,1.0,1.0,0.0,0.0,4.0,0.027027027027027,0.89,0.89,0.0,0.0,65.0,2.3000000000000003,9.549999999999999,3.642857142857143,1.08,0.0,72.0,0,1.0,-0.4999999999999997,-0.8660254037844388,0.7818314824680298,0.6234898018587336,0.5,0.5,0.5,0.5,0.5,0.5,0.5,0.5,0.5,0.5,synthetic,synthetic,synthetic,synthetic,synthetic,0.0,0.0,0.0,0.0,0.0,-110.0,-110.0,-110.0,-110.0,-110.0,-110.0,-110.0,-110.0,-110.0,-110.0,0.0,0.0,0.0,0.0,0.0,2026-08-28T01:24:59.045926+00:00,-0.2139384844012573,0.18839932890117017,0.13560048383688217,-0.4768033976932213,-0.31171882535494155,0.4,0.6,0.4,0.0,0.0,0.0,0.0,0.0,0.0,0.0,batter_pitcher_profile_network_v2,1.0,0.2,0.7324310079718972,0.0,0.5520554403046886,-0.672543855218855,-0.2750272168568919,0.0,54.0,16.561148046648164,-0.0007331019813227,-0.0494916651193953,-0.0049491665119395,-0.4262341750841748,0.0700271071115013,0.0,54.0,17.20345347083122,-0.0427674358847637,-0.0641511538271456,-0.0102641846123433,-0.6345795454545452,-0.1227332089552237,0.0,54.0,17.27463802918929,-0.0360892081196847,-0.0569285472005823,-0.0028464273600291,0.0541935185185185,0.4168088235294118,0.0,54.0,14.676974265663556,-0.1021798462103596,-0.0961359077288528,-0.0024033976932213,-0.2853342592592591,-0.008507462686567,0.0,54.0,17.276289955664744,0.0087445482118732,0.0059088953069583,0.0003545337184175
2026-07-09,Ryan_McMahon,641857,hitter,NYY,TB,2026,822954,85,147,139,0,656876.0,Drew_Rasmussen,2.0,4.0,1.0,0.0,2.0,5.0,5.0,0.0,2.0,8.0,0.1111111111111111,0.508,0.508,0.4,30.0,65.0,4.0,6.2,3.5649350649350646,1.08,0.0,72.0,0,2.0,-0.4999999999999997,-0.8660254037844388,0.43388373911755823,-0.900968867902419,0.5,0.5,0.5,0.5,0.5,0.5,0.5,0.5,0.5,0.5,synthetic,synthetic,synthetic,synthetic,synthetic,0.0,0.0,0.0,0.0,0.0,-110.0,-110.0,-110.0,-110.0,-110.0,-110.0,-110.0,-110.0,-110.0,-110.0,0.0,0.0,0.0,0.0,0.0,2026-08-28T01:24:59.045926+00:00,0.21738491511999325,0.7198307249396212,-0.019594988293047677,-0.3051116496541987,-0.3369521836055014,0.4,0.6,0.4,0.0,0.0,1.0,1.0,0.0,0.0,0.0,batter_pitcher_profile_network_v2,1.0,1.0,0.3875531171644428,2.0,0.8400247431473556,-0.4762588235294117,-0.2297074877033602,0.0733333333333333,52.0,16.329086750092355,-0.0261661159307396,-0.0161248747740937,-0.0016124874774093,-0.2689577342047929,-0.1441572189300716,-0.0266666666666666,52.0,16.801735679712763,-0.0499714545535563,-0.1172038024607016,-0.0187526083937122,-0.4369558823529411,-0.2795395814795929,-0.1333333333333333,52.0,16.057303689856624,-0.0325230682327944,-0.1998348307960182,-0.0099917415398009,0.074563888888889,-0.0455934198538591,-0.2,52.0,16.731984512462404,-0.0876285861309432,-0.2284659861679491,-0.0057116496541987,-0.1351722222222219,-0.2374201626959132,-0.1333333333333333,52.0,16.205034704414693,0.0325313360795901,-0.0877600586486886,-0.0052656035189213
2026-07-10,Ryan_McMahon,641857,hitter,NYY,WSH,2026,822709,86,147,120,0,687223.0,Carson_Palmquist,0.0,0.0,0.0,0.0,0.0,1.0,1.0,0.0,1.0,1.0,0.025,0.0,0.0,0.0,0.0,10.0,12.0,12.0,6.182142857142859,1.08,5.0,79.0,0,1.0,-0.4999999999999997,-0.8660254037844388,-0.433883739117558,-0.9009688679024191,0.5,1.5,0.5,0.5,0.5,0.5,1.5,0.5,0.5,0.5,synthetic,synthetic,synthetic,synthetic,synthetic,0.0,0.0,0.0,0.0,0.0,-110.0,-110.0,-110.0,-110.0,-110.0,-110.0,-110.0,-110.0,-110.0,-110.0,0.0,0.0,0.0,0.0,0.0,2026-08-28T01:24:59.045926+00:00,0.3517690476190478,-0.1608007255968571,0.06966352346785265,-0.4770514880561785,0.1380934436310618,0.8,1.4,0.6,0.0,0.4,2.0,4.0,1.0,0.0,2.0,batter_pitcher_profile_network_v2,1.0,0.1,0.9253077650307344,0.0,0.5236649798783735,-0.4700404139433548,0.1749999999999999,0.0,54.0,17.147406162477278,-0.0261331657096414,0.0,0.0,-0.2212257080610018,-0.215625,0.0,54.0,17.77327647027928,-0.0507527209511262,-0.0796920349803571,-0.0127507255968571,-0.4005294117647054,-0.009375,0.0,54.0,18.057623636543035,-0.0335919211895336,-0.0338723877858051,-0.0016936193892902,0.1886842592592592,-0.7,0.0,54.0,13.054839758837524,-0.0961942479278247,-0.1060595222471408,-0.0026514880561785,-0.0073851851851849,0.0374999999999999,0.0,54.0,17.886247179487608,0.0130289060870841,0.0097716795653131,0.0005863007739187
2026-07-11,Ryan_McMahon,641857,hitter,NYY,WSH,2026,822711,87,147,120,0,676571.0,PJ_Poulin,1.0,4.0,1.0,1.0,1.0,4.0,3.0,1.0,0.0,1.0,0.1052631578947368,0.6975,0.6975,1.0,30.0,65.0,4.5,4.5,6.653571428571431,1.08,-3.0,86.0,0,1.0,-0.4999999999999997,-0.8660254037844388,-0.9749279121818236,-0.2225209339563146,0.5,0.5,0.5,0.5,0.5,0.5,0.5,0.5,0.5,0.5,synthetic,synthetic,synthetic,synthetic,synthetic,0.0,0.0,0.0,0.0,0.0,-110.0,-110.0,-110.0,-110.0,-110.0,-110.0,-110.0,-110.0,-110.0,-110.0,0.0,0.0,0.0,0.0,0.0,2026-08-28T01:24:59.045926+00:00,0.47649581166575095,1.6322101591679168,0.30679460721225893,-0.15223280059975797,0.1466493218715751,0.6,1.0,0.4,0.0,0.4,0.0,0.0,0.0,0.0,0.0,batter_pitcher_profile_network_v2,1.0,0.55,0.6143150984988964,0.0,0.6511105202386369,-0.4992811800172261,-0.1964990212199515,0.0,53.0,17.567268038337005,-0.020235205693405,-0.0378388758236944,-0.0037838875823694,-0.2407195521102494,-0.0422454290971733,0.0,53.0,17.991202134413278,-0.0526444413772725,-0.0828888078320981,-0.0132622092531357,-0.3908565891472864,-0.3618042929292928,0.0,53.0,16.58465011360062,-0.0432697760210933,-0.0978108632736215,-0.004890543163681,0.1886842592592592,0.1525462375694933,0.0,53.0,17.278864157078903,-0.1244132209886555,-0.1133120239903212,-0.002832800599758,0.010114814814815,-0.3318737373737373,0.0,53.0,16.722852645072997,0.0446435053637826,0.0321879459798834,0.001931276758793
2026-07-12,Ryan_McMahon,641857,hitter,NYY,WSH,2026,822708,88,147,120,0,676917.0,Cade_Cavalli,0.0,0.0,0.0,0.0,0.0,2.0,2.0,0.0,2.0,7.0,0.0555555555555555,0.0,0.0,0.0,0.0,10.0,4.857142857142857,12.92857142857143,6.069155844155846,1.08,-7.0,83.0,0,1.0,-0.4999999999999997,-0.8660254037844388,-0.7818314824680299,0.6234898018587334,0.5,1.5,0.5,0.5,0.5,0.5,1.5,0.5,0.5,0.5,synthetic,synthetic,synthetic,synthetic,synthetic,0.0,0.0,0.0,0.0,0.0,-110.0,-110.0,-110.0,-110.0,-110.0,-110.0,-110.0,-110.0,-110.0,-110.0,0.0,0.0,0.0,0.0,0.0,2026-08-28T01:24:59.045926+00:00,0.22096555166286858,0.12612548999943396,-0.08622716706470446,-0.23676830991201947,0.14940726204711352,0.8,1.8,0.4,0.2,0.6,1.0,4.0,1.0,1.0,1.0,batter_pitcher_profile_network_v2,1.0,1.0,0.4260720128264154,0.0,0.7978061784287641,-0.5065728466838932,-0.1182782107466153,0.0,53.0,17.985014106229062,0.0016672504872259,-0.0343877734146024,-0.0034387773414602,-0.2296084409991386,-0.2193984321900123,0.0,53.0,17.870186559870827,-0.0106885411444381,-0.0449448541702045,-0.0071911766672327,-0.3877315891472869,-0.1421727173496498,0.0,53.0,18.032228116464594,-0.0170614891620465,-0.0486991854499359,-0.0024349592724967,0.2199342592592592,-0.3339648475032373,0.0,53.0,16.929969139875812,-0.0525772071279615,-0.0947323964807827,-0.0023683099120195,0.0311564814814813,-0.1438224659962083,0.0,53.0,17.91819503257845,0.1282320634097066,0.0936022750997991,0.0056161365059879
2026-07-17,Ryan_McMahon,641857,hitter,NYY,LAD,2026,823524,89,147,119,1,808963.0,Roki_Sasaki,1.0,2.0,0.0,0.0,0.0,3.0,3.0,0.0,0.0,8.0,0.088235294117647,0.4233333333333333,0.4233333333333333,0.3333333333333333,28.33333333333333,65.0,9.75,6.999999999999999,3.7519480519480526,1.08,7.0,81.0,0,5.0,-0.4999999999999997,-0.8660254037844388,-0.433883739117558,-0.9009688679024191,0.5,1.5,0.5,0.5,0.5,0.5,1.5,0.5,0.5,0.5,synthetic,synthetic,synthetic,synthetic,synthetic,0.0,0.0,0.0,0.0,0.0,-110.0,-110.0,-110.0,-110.0,-110.0,-110.0,-110.0,-110.0,-110.0,-110.0,0.0,0.0,0.0,0.0,0.0,2026-08-28T01:24:59.045926+00:00,0.32685047109752996,0.18914524709330527,-0.07582953482129601,-0.17901044174747066,0.03637012131812256,0.8,1.8,0.4,0.2,0.6,0.0,0.0,0.0,0.0,0.0,batter_pitcher_profile_network_v2,1.0,0.9,0.3999647657632535,0.0,0.7709038845746012,-0.5357879629629632,0.2084970903967199,0.0,53.0,17.602993540415973,-0.015357726043104,0.0,0.0,-0.2490851851851852,0.4403601213466545,0.0,53.0,15.51880412004961,-0.0431570586798558,-0.0647355880197838,-0.0103576940831654,-0.4030416666666669,0.6392715280640825,0.0,53.0,13.08190300888136,-0.0037348268053443,-0.0037348268053443,-0.0001867413402672,0.2199342592592593,0.7127108431314314,0.0,53.0,11.936125729901985,-0.0451395783256777,0.0489156634345118,0.0012228915858627,0.0336564814814813,0.6431565893064272,0.0,53.0,13.040029862957187,0.0495266025460718,0.0501335473061183,0.0030080128383671
2026-07-19,Ryan_McMahon,641857,hitter,NYY,LAD,2026,823521,90,147,119,1,694361.0,Will_Klein,1.0,2.0,0.0,0.0,0.0,1.0,1.0,0.0,0.0,7.0,0.027027027027027,1.27,1.27,1.0,30.0,65.0,1.8,9.600000000000001,3.7519480519480526,1.08,0.0,76.0,0,2.0,-0.4999999999999997,-0.8660254037844388,-0.7818314824680299,0.6234898018587334,0.5,1.5,0.5,0.5,0.5,0.5,1.5,0.5,0.5,0.5,synthetic,synthetic,synthetic,synthetic,synthetic,0.0,0.0,0.0,0.0,0.0,-110.0,-110.0,-110.0,-110.0,-110.0,-110.0,-110.0,-110.0,-110.0,-110.0,0.0,0.0,0.0,0.0,0.0,2026-08-28T01:24:59.045926+00:00,0.22281454441149573,1.7089123753025106,0.3210317461541604,-0.011802669341268557,0.21694684637489936,0.8,2.0,0.4,0.2,0.6,1.0,2.0,0.0,0.0,0.0,batter_pitcher_profile_network_v2,1.0,0.1,0.8722747564417435,0.0,0.5243146342335886,-0.5214497276688455,-0.1090714285714286,0.0,53.0,19.1071188272724,-0.0067399271757389,-0.0072644072948944,-0.0007264407294894,-0.2395263616557734,0.200517857142857,0.0,53.0,18.401777690557346,-0.0364630758791782,-0.0546946138187673,-0.0087511382110027,-0.3934828431372549,0.3493392857142857,0.0,53.0,17.12963222281534,-0.0373942099459271,-0.0373942099459271,-0.0018697104972963,0.2199342592592592,0.484,0.0,53.0,15.51105950320628,-0.109702893556803,-0.0961067736507472,-0.0024026693412686,0.0336564814814815,0.4069285714285715,0.0,53.0,16.521644731148154,0.0324600478540705,0.0260943332285509,0.001565659993713
2026-07-19,Ryan_McMahon,641857,hitter,NYY,LAD,2026,823523,91,147,119,1,808967.0,Yoshinobu_Yamamoto,0.0,0.0,0.0,0.0,0.0,3.0,3.0,0.0,0.0,8.0,0.1,0.0,0.0,0.0,0.0,10.0,4.0,9.285714285714286,3.7519480519480526,1.08,15.0,76.0,0,0.0,-0.4999999999999997,-0.8660254037844388,-0.7818314824680299,0.6234898018587334,0.5,1.5,0.5,0.5,0.5,0.5,1.5,0.5,0.5,0.5,synthetic,synthetic,synthetic,synthetic,synthetic,0.0,0.0,0.0,0.0,0.0,-110.0,-110.0,-110.0,-110.0,-110.0,-110.0,-110.0,-110.0,-110.0,-110.0,0.0,0.0,0.0,0.0,0.0,2026-08-28T01:24:59.045926+00:00,0.20444413905332082,-0.2356862327296454,-0.4259849286920957,-0.3383369458124535,-0.3508452798848351,0.6,1.6,0.2,0.2,0.2,1.0,2.0,0.0,0.0,0.0,batter_pitcher_profile_network_v2,1.0,0.9,0.4446327217170526,0.0,0.765979242430695,-0.2712153568202352,-0.4037468557451921,0.0,52.0,17.388149128352094,-0.0232327008231113,-0.0608140207222044,-0.0060814020722204,0.0337163053297198,-0.3158470675802714,0.0,52.0,18.08432706299237,-0.052458159645695,-0.0846014545602842,-0.0135362327296454,-0.1505873983739838,-0.3795422589993574,0.0,52.0,17.296751197646586,-0.0549050081112356,-0.0866466257899674,-0.0043323312894983,0.4090546296296297,-0.1997695788924886,0.0,52.0,18.37673883020236,-0.1120950672761422,-0.1574778324981433,-0.0039369458124535,0.3075685185185186,-0.3788663540219819,0.0,52.0,17.206394416849193,0.1075610353618394,0.0159552919627039,0.0009573175177622
2026-07-20,Ryan_McMahon,641857,hitter,NYY,PIT,2026,823522,92,147,134,1,677952.0,Braxton_Ashcraft,1.0,1.0,1.0,0.0,0.0,4.0,4.0,0.0,1.0,7.0,0.1111111111111111,0.2225,0.2225,0.0,0.0,26.7,6.029411764705883,11.305882352941177,4.383609022556391,1.08,0.0,79.0,0,1.0,-0.4999999999999997,-0.8660254037844388,0.0,1.0,0.5,1.5,0.5,0.5,0.5,0.5,1.5,0.5,0.5,0.5,synthetic,synthetic,synthetic,synthetic,synthetic,0.0,0.0,0.0,0.0,0.0,-110.0,-110.0,-110.0,-110.0,-110.0,-110.0,-110.0,-110.0,-110.0,-110.0,0.0,0.0,0.0,0.0,0.0,2026-08-28T01:24:59.045926+00:00,0.021913663167100972,-0.40378837574974424,-0.24745392474073746,-0.33845101526776933,-0.2380473700359183,0.6,1.6,0.2,0.2,0.2,0.0,0.0,0.0,0.0,0.0,batter_pitcher_profile_network_v2,1.0,1.0,0.3393329033783648,0.0,0.8084317193361503,-0.2324973125564591,-0.2085401970331356,0.0,52.0,19.16445068451603,-0.0137042504815437,-0.0320324675476263,-0.0032032467547626,0.0504974706413729,-0.1624447682430625,0.0,52.0,19.393256396510463,-0.0542899643988782,-0.086854431769234,-0.0138967090830774,-0.149403455284553,-0.1100456603778586,0.0,52.0,19.33988350004352,-0.0643253562472128,-0.0751875173711404,-0.003759375868557,0.3995731481481482,-0.1286987832323559,0.0,52.0,19.10885471502005,-0.1280660840824019,-0.1620406107107732,-0.0040510152677693,0.2523231481481481,-0.0763380408203996,0.0,52.0,19.281578387004668,0.0693122797801742,0.0392585361599233,0.0023555121695954
2026-07-22,Ryan_McMahon,641857,hitter,NYY,PIT,2026,823518,93,147,134,1,656605.0,Mitch_Keller,1.0,2.0,1.0,0.0,0.0,4.0,4.0,0.0,1.0,8.0,0.0952380952380952,0.3175,0.3175,0.25,21.25,49.35,7.0,5.5,4.383609022556391,1.08,14.0,83.0,0,2.0,-0.4999999999999997,-0.8660254037844388,0.9749279121818236,-0.22252093395631434,0.5,0.5,0.5,0.5,0.5,0.5,0.5,0.5,0.5,0.5,synthetic,synthetic,synthetic,synthetic,synthetic,0.0,0.0,0.0,0.0,0.0,-110.0,-110.0,-110.0,-110.0,-110.0,-110.0,-110.0,-110.0,-110.0,-110.0,0.0,0.0,0.0,0.0,0.0,2026-08-28T01:24:59.045926+00:00,0.45074436090225556,0.7035417274566238,-0.08031248966469845,-0.3580458663010811,-0.36078502555896497,0.6,1.0,0.2,0.0,0.0,1.0,1.0,1.0,0.0,0.0,batter_pitcher_profile_network_v2,1.0,1.0,0.3605158797668891,0.0,0.805836804728556,-0.3232449977416443,0.3496743113545464,0.0,52.0,17.43110280319438,0.0196173150912204,0.0,0.0,-0.0778497515808492,0.2551550943198976,0.0,52.0,18.68711065111308,6.969773593273156e-05,0.000104546603899,1.6727456623855576e-05,-0.2645076219512197,0.3610292124855767,0.0,52.0,17.590580385158376,0.0226411841496406,0.0226411841496406,0.001132059207482,0.2478879629629631,0.2188696139705526,0.0,52.0,18.842354934572068,-0.0055299542802987,0.029165347956757,0.0007291336989189,0.089075462962963,0.3641523929804821,0.0,52.0,17.569579256531057,0.1008876639800897,0.0964087218869257,0.0057845233132155
2026-07-22,Ryan_McMahon,641857,hitter,NYY,PIT,2026,823519,94,147,134,1,696149.0,Bubba_Chandler,0.0,0.0,0.0,0.0,0.0,3.0,3.0,0.0,2.0,8.0,0.1034482758620689,0.0,0.0,0.0,0.0,10.0,6.654135338345864,6.6992481203007515,4.383609022556391,1.08,15.0,82.0,0,0.0,-0.4999999999999997,-0.8660254037844388,0.9749279121818236,-0.22252093395631434,0.5,1.5,0.5,0.5,0.5,0.5,1.5,0.5,0.5,0.5,synthetic,synthetic,synthetic,synthetic,synthetic,0.0,0.0,0.0,0.0,0.0,-110.0,-110.0,-110.0,-110.0,-110.0,-110.0,-110.0,-110.0,-110.0,-110.0,0.0,0.0,0.0,0.0,0.0,2026-08-28T01:24:59.045926+00:00,0.5330962512068944,-0.33165434301620267,-0.11460856001453862,-0.4713552895038456,-0.4457336640931867,0.8,1.4,0.4,0.0,0.0,1.0,2.0,1.0,0.0,0.0,batter_pitcher_profile_network_v2,1.0,0.95,0.4194862367942584,0.0,0.7836822891930681,-0.3593017107046074,-0.0521624642300372,0.0,52.0,20.57902733406809,0.0317796169109725,-0.0108800253089839,-0.0010880025308984,-0.1428566960252938,-0.027121956468507,0.0,52.0,20.765963543737225,0.0462084031904083,0.0670633733901127,0.010730139742418,-0.3034138719512198,0.3539930250694184,0.0,52.0,18.299513141830943,0.0623232254287008,0.0623232254287008,0.003116161271435,0.16683125,0.0704133629418123,0.0,52.0,20.28662203629307,0.1149690379664197,0.1217884198461774,0.0030447104961544,0.0113520833333332,0.2307021774035707,0.0,52.0,19.44370920864634,0.1408776036009459,0.107178539420012,0.0064307123652007
2026-07-24,Ryan_McMahon,641857,hitter,NYY,PHI,2026,823434,95,147,143,0,666200.0,Jesús_Luzardo,0.0,0.0,0.0,0.0,0.0,1.0,0.0,0.0,0.0,3.0,0.03125,0.72,0.72,0.0,0.0,65.0,0.6,11.914285714285713,4.1454545454545455,1.08,9.0,80.0,0,2.0,-0.4999999999999997,-0.8660254037844388,-0.433883739117558,-0.9009688679024191,0.5,0.5,0.5,0.5,0.5,0.5,0.5,0.5,0.5,0.5,synthetic,synthetic,synthetic,synthetic,synthetic,0.0,0.0,0.0,0.0,0.0,-110.0,-110.0,-110.0,-110.0,-110.0,-110.0,-110.0,-110.0,-110.0,-110.0,0.0,0.0,0.0,0.0,0.0,2026-08-28T01:24:59.045926+00:00,-0.14082520025047252,0.37717897219967067,0.08405926710439748,-0.47323373970702787,-0.3259550517240325,0.6,1.0,0.4,0.0,0.0,0.0,0.0,0.0,0.0,0.0,batter_pitcher_profile_network_v2,1.0,1.0,0.320506535631095,0.0,0.8107379493851908,-0.4543863425925926,-0.4296837823847941,0.0,53.0,19.27983732166757,0.0536205512292426,-0.1326659635436892,-0.0132665963543689,-0.2199470679012344,-0.434180875781881,0.0,53.0,19.19667419208781,0.0532761899308694,0.0150248262479422,0.0024039721996707,-0.3962611882716047,-0.350120864661654,0.0,53.0,19.568890896838543,0.0675032509407855,-0.0267692033665979,-0.0013384601683298,0.1507571759259259,-0.4839544265065186,0.0,53.0,18.16745802774588,0.0962259848600725,0.0466504117188863,0.0011662602929721,-0.0696178240740738,-0.3716913443027858,0.0,53.0,19.330067806101848,0.1794930965480692,0.1170370167206715,0.0070222210032402
2026-07-25,Ryan_McMahon,641857,hitter,NYY,PHI,2026,823435,96,147,143,0,641835.0,Tim_Mayza,0.0,0.0,0.0,0.0,0.0,3.0,3.0,0.0,1.0,1.0,0.0857142857142857,0.0,0.0,0.0,0.0,10.0,19.5,6.0,4.1454545454545455,1.08,0.0,81.0,0,1.0,-0.4999999999999997,-0.8660254037844388,-0.9749279121818236,-0.2225209339563146,0.5,0.5,0.5,0.5,0.5,0.5,0.5,0.5,0.5,0.5,synthetic,synthetic,synthetic,synthetic,synthetic,0.0,0.0,0.0,0.0,0.0,-110.0,-110.0,-110.0,-110.0,-110.0,-110.0,-110.0,-110.0,-110.0,-110.0,0.0,0.0,0.0,0.0,0.0,2026-08-28T01:24:59.045926+00:00,0.11277940473636561,-0.13576714506347826,-0.22176822852201977,-0.47400381213778897,-0.47767226441085453,0.4,0.6,0.4,0.0,0.0,0.0,0.0,0.0,0.0,0.0,batter_pitcher_profile_network_v2,1.0,0.2,0.805625,0.0,0.5502621875,-0.2827196759259256,-0.7470740740740742,0.0,53.0,15.629580493981054,0.0269233389554971,-0.0410544374848304,-0.004105443748483,-0.0838050925925922,-0.8354212962962964,0.0,53.0,13.95047435533753,0.0173343563509112,0.0123928433532608,0.0019828549365217,-0.2137303240740736,-0.6664058641975309,0.0,53.0,16.18074355666653,0.0318659371990966,0.0041808841050602,0.000209044205253,0.1711275462962963,-0.961,0.0,53.0,11.600464014120972,0.0478131775441404,0.0158475144884402,0.000396187862211,0.0657525462962967,-0.7314135802469136,0.0,53.0,15.152872514871811,0.1736863294876356,0.1209168052736369,0.0072550083164182
2026-07-26,Ryan_McMahon,641857,hitter,NYY,PHI,2026,823433,97,147,143,0,650911.0,Cristopher_Sánchez,0.0,0.0,0.0,0.0,0.0,1.0,1.0,0.0,1.0,3.0,0.025,0.0,0.0,0.0,0.0,10.0,10.982142857142856,12.9375,4.35974025974026,1.08,7.0,81.0,0,1.0,-0.4999999999999997,-0.8660254037844388,-0.7818314824680299,0.6234898018587334,0.5,0.5,0.5,0.5,0.5,0.5,0.5,0.5,0.5,0.5,synthetic,synthetic,synthetic,synthetic,synthetic,0.0,0.0,0.0,0.0,0.0,-110.0,-110.0,-110.0,-110.0,-110.0,-110.0,-110.0,-110.0,-110.0,-110.0,0.0,0.0,0.0,0.0,0.0,2026-08-28T01:24:59.045926+00:00,-0.3106687229437229,-0.19913013951524638,-0.3057580119523392,-0.47375946383682777,-0.494888990649067,0.4,0.6,0.4,0.0,0.0,0.0,0.0,0.0,0.0,0.0,batter_pitcher_profile_network_v2,1.0,1.0,0.4475603527615644,0.0,0.7951738567867084,-0.2827196759259258,0.0654028621401233,0.0,53.0,21.331767440639897,0.0335219574318549,0.0,0.0,-0.0838050925925925,-0.0496691341907958,0.0,53.0,21.86256512173019,0.022032448426761,0.0307491280297101,0.0049198604847536,-0.1887303240740739,-0.0321076382404813,0.0,53.0,21.599009336633635,0.043447111440369,0.0400995012129567,0.0020049750606478,0.1711275462962962,-0.1984447189861173,0.0,53.0,21.15577524614015,0.0443819421900056,0.0256214465268893,0.0006405361631722,0.0807525462962964,0.0298242168602333,0.0,53.0,21.4770850869348,0.1118040050427216,0.0851834891822178,0.005111009350933
2026-07-28,Ryan_McMahon,641857,hitter,NYY,CWS,2026,824569,98,147,145,0,641743.0,Anthony_Kay,0.0,0.0,0.0,0.0,0.0,0.0,0.0,0.0,0.0,3.0,0.0,0.0,0.0,0.0,0.0,10.0,3.825000000000001,8.4,5.582773109243697,1.08,15.0,73.0,0,2.0,-0.4999999999999997,-0.8660254037844388,0.7818314824680298,0.6234898018587336,0.5,0.5,0.5,0.5,0.5,0.5,0.5,0.5,0.5,0.5,synthetic,synthetic,synthetic,synthetic,synthetic,0.0,0.0,0.0,0.0,0.0,-110.0,-110.0,-110.0,-110.0,-110.0,-110.0,-110.0,-110.0,-110.0,-110.0,0.0,0.0,0.0,0.0,0.0,2026-08-28T01:24:59.045926+00:00,-0.24908408504745866,-0.3552495969045546,-0.4061906977095535,-0.4742637423772192,-0.4949178338305098,0.2,0.4,0.2,0.0,0.0,0.0,0.0,0.0,0.0,0.0,batter_pitcher_profile_network_v2,1.0,1.0,0.3485869346296742,1.0,0.8260481005078649,-0.3635944415142991,-0.0055955041562851,-0.0592592592592592,53.0,21.728031802745534,0.0520365671155184,-0.0412834275053992,-0.0041283427505399,-0.1467524671823721,0.0278551655899279,-0.0765432098765432,53.0,21.831059260352788,0.0348267371557303,0.0006275193465339,0.0001004030954454,-0.2464415875527423,0.0547079213796957,-0.0666666666666666,53.0,21.58480070248456,0.0433658343862225,-0.0015870634347666,-7.935317173833057e-05,0.1616460648148149,0.0695170319493749,-0.074074074074074,53.0,21.3435282070762,0.0480779397987344,0.0054503049112354,0.0001362576227808,0.0380071759259263,0.0312910627007403,-0.0444444444444444,53.0,21.630021956768083,0.1518622030670032,0.0847027694915038,0.0050821661694902
2026-07-29,Ryan_McMahon,641857,hitter,NYY,CWS,2026,824567,99,147,145,0,663436.0,Davis_Martin,1.0,1.0,0.0,0.0,0.0,5.0,5.0,0.0,0.0,7.0,0.1041666666666666,0.178,0.178,0.0,0.0,21.36,6.679411764705883,5.947058823529411,5.325630252100841,1.08,9.0,75.0,0,1.0,-0.4999999999999997,-0.8660254037844388,0.9749279121818236,-0.22252093395631434,0.5,1.0,0.5,0.5,0.5,0.5,0.5,0.5,0.5,0.5,synthetic,real,real,real,synthetic,0.0,8.0,7.0,6.0,0.0,-110.0,167.417191,209.723345,635.914607,-110.0,-110.0,-137.263158,-318.447059,0.0,-110.0,0.0,0.5345224838248488,0.7559289460184545,0.0,0.0,2026-07-30T00:28:52.112372+00:00,-0.10236170409679168,-0.9079029945428969,-0.35899112185352944,-0.47575446939586297,-0.3409647273354737,0.0,0.0,0.0,0.0,0.0,0.0,0.0,0.0,0.0,0.0,batter_pitcher_profile_network_v2,1.0,1.0,0.3587697184323088,1.0,0.8248007094920422,-0.4613098318713447,0.0852929359064857,0.0555555555555555,53.0,22.032366262058275,0.0394388098955008,0.0377436032897863,0.0037743603289786,-0.2209269249512667,-0.1200905444934379,0.0,53.0,22.60803003877174,0.0179959434738326,0.0099812841068949,0.0015970054571031,-0.3112132675438592,-0.0302444497381384,-0.0666666666666666,53.0,22.43463034300926,0.0278751981475837,-0.0234526891714291,-0.0011726344585714,0.1521645833333333,-0.3163175963292911,-0.074074074074074,53.0,21.12600403348528,0.0270099394344485,-0.0541787758345236,-0.001354469395863,-0.002238194444444,-0.0446203496661441,0.1111111111111111,53.0,22.410277425816112,0.1184082223788911,0.1642293343247397,0.0098537600594843
2026-07-30,Ryan_McMahon,641857,hitter,NYY,CWS,2026,824568,100,147,145,0,680732.0,Sean_Burke,0.0,0.0,0.0,0.0,0.0,4.0,3.0,0.0,1.0,8.0,0.0930232558139534,0.18,0.18,0.0,0.0,21.6,1.4285714285714286,11.107142857142856,3.397058823529412,1.08,0.0,84.0,0,1.0,-0.4999999999999997,-0.8660254037844388,0.43388373911755823,-0.900968867902419,0.5,0.5,0.5,0.5,0.5,0.5,0.5,0.5,0.5,0.5,synthetic,synthetic,synthetic,synthetic,synthetic,0.0,0.0,0.0,0.0,0.0,-110.0,-110.0,-110.0,-110.0,-110.0,-110.0,-110.0,-110.0,-110.0,-110.0,0.0,0.0,0.0,0.0,0.0,2026-08-28T01:24:59.045926+00:00,-0.14522487713378912,-0.1587703052011496,-0.4780095461316166,-0.4747562309251844,-0.4536819609935055,0.2,0.2,0.0,0.0,0.0,1.0,1.0,0.0,0.0,0.0,batter_pitcher_profile_network_v2,1.0,1.0,0.3242145760138348,0.0,0.8102837144383053,-0.3580446759259256,-0.2298275902117511,0.0,54.0,23.22998541279893,0.0344495527014297,-0.0556093993100107,-0.005560939931001,-0.1467884259259256,-0.2043670369462077,0.0,54.0,23.508548110558635,0.0051747108979618,-0.0125106284374178,-0.0020017005499868,-0.2416053240740735,-0.1299515735370998,0.0,54.0,23.44698436931412,0.004781836903166,-0.0164357926733719,-0.0008217896336685,0.1563719907407406,-0.1855325774867482,0.0,54.0,23.153621315118475,0.0053567162706479,-0.0142492370073771,-0.0003562309251844,0.0204275462962966,-0.1361508978614241,0.0,54.0,23.391147908668763,0.1373893294355655,0.1011624832135787,0.0060697489928147
2026-07-31,Ryan_McMahon,641857,hitter,NYY,CHC,2026,824651,101,147,112,0,684007.0,Shota_Imanaga,0.0,0.0,0.0,0.0,0.0,1.0,1.0,0.0,0.0,3.0,0.03125,0.0,0.0,0.0,0.0,10.0,0.6,6.714285714285714,2.036074429771909,1.0522222222222224,0.0,77.0,0,1.0,-0.4999999999999997,-0.8660254037844388,-0.433883739117558,-0.9009688679024191,0.5,0.5,0.5,0.5,0.5,0.5,0.5,0.5,0.5,0.5,synthetic,synthetic,synthetic,synthetic,synthetic,0.0,0.0,0.0,0.0,0.0,-110.0,-110.0,-110.0,-110.0,-110.0,-110.0,-110.0,-110.0,-110.0,-110.0,0.0,0.0,0.0,0.0,0.0,2026-08-28T01:24:59.045926+00:00,-0.2512671418567426,-0.4445513597620143,-0.4976702656278728,-0.47943025160983394,-0.4933064898362732,0.2,0.2,0.0,0.0,0.0,0.0,0.0,0.0,0.0,0.0,batter_pitcher_profile_network_v2,1.0,1.0,0.3679578054287442,0.0,0.8049251688349788,-0.4742199882864795,0.0150866508785515,0.0,54.0,24.09524691732184,0.0504938944295775,0.0,0.0,-0.3539114736724679,0.1884325924513995,0.0,54.0,23.122863606849084,0.0583623898804956,0.0875435848207434,0.0140069735713189,-0.3868811495983936,0.1036779595774576,0.0,54.0,23.74325012528193,0.0465946874425455,0.0465946874425455,0.0023297343721272,-0.0909520833333335,0.3845683451395716,0.0,54.0,20.44644353818331,0.1543454911621973,0.1543454911621973,0.0038586372790549,-0.2475215277777778,0.161655110115092,0.0,54.0,23.3504747193411,0.1487446703050411,0.1115585027287808,0.0066935101637268
2026-08-01,Ryan_McMahon,641857,hitter,NYY,CHC,2026,824649,102,147,112,0,656849.0,David_Peterson,0.0,0.0,0.0,0.0,0.0,0.0,0.0,0.0,0.0,6.0,0.0,0.0,0.0,0.0,0.0,10.0,1.658823529411766,4.588235294117646,2.036074429771909,1.0522222222222224,-21.0,71.0,0,1.0,-0.8660254037844384,-0.5000000000000004,-0.9749279121818236,-0.2225209339563146,0.5,0.5,0.5,0.5,0.5,0.5,0.5,0.5,0.5,0.5,synthetic,synthetic,synthetic,synthetic,synthetic,0.0,0.0,0.0,0.0,0.0,-110.0,-110.0,-110.0,-110.0,-110.0,-110.0,-110.0,-110.0,-110.0,-110.0,0.0,0.0,0.0,0.0,0.0,2026-08-28T01:24:59.045926+00:00,-0.2189021208483392,-0.47518931460639446,-0.4980097757024387,-0.4799203796929079,-0.4944081310554692,0.2,0.2,0.0,0.0,0.0,0.0,0.0,0.0,0.0,0.0,batter_pitcher_profile_network_v2,1.0,0.85,0.4555011511405033,0.0,0.7500709426374951,-0.6253050925925928,0.3477532893187161,0.0,55.0,21.802131737158906,0.0836770995037051,0.0,0.0,-0.4734851851851853,0.1484088409946937,0.0,55.0,24.29905476107833,0.0728917446955785,0.1093376170433678,0.0174940187269388,-0.5381041666666668,0.3641904798701135,0.0,55.0,22.00545729052699,0.0398044859512267,0.0398044859512267,0.0019902242975613,-0.1113224537037037,-0.0123628070499988,0.0,55.0,24.65910064565656,0.1354897387443966,0.1347403678392388,0.0033685091959809,-0.3629439814814815,0.3202926679520501,0.0,55.0,22.57333244134749,0.1242637543229073,0.0931978157421805,0.0055918689445308
2026-08-02,Ryan_McMahon,641857,hitter,NYY,CHC,2026,824648,103,147,112,0,607067.0,Colin_Rea,1.0,1.0,1.0,0.0,0.0,4.0,4.0,0.0,1.0,7.0,0.1176470588235294,0.2225,0.2225,0.0,0.0,26.7,4.3999999999999995,7.0,2.036074429771909,1.0522222222222224,-13.0,71.0,0,1.0,-0.8660254037844384,-0.5000000000000004,-0.7818314824680299,0.6234898018587334,0.5,0.5,0.5,0.5,0.5,0.5,0.5,0.5,0.5,0.5,synthetic,synthetic,synthetic,synthetic,synthetic,0.0,0.0,0.0,0.0,0.0,-110.0,-110.0,-110.0,-110.0,-110.0,-110.0,-110.0,-110.0,-110.0,-110.0,0.0,0.0,0.0,0.0,0.0,2026-08-28T01:24:59.045926+00:00,-0.16654917967186866,-0.25035986773101593,-0.47998129733208506,-0.47996632984057225,-0.4805038041991538,0.2,0.2,0.0,0.0,0.0,0.0,0.0,0.0,0.0,0.0,batter_pitcher_profile_network_v2,1.0,1.0,0.3021022768939494,0.0,0.8129924710804912,-0.5579974002849004,0.2833635964814695,0.0,55.0,23.09194483333337,0.0711303161099397,0.0,0.0,-0.4286133903133904,0.3019486273748523,0.0,55.0,23.06110476277717,0.0571994890292636,0.0857992335438954,0.0137278773670232,-0.5140657051282052,0.244691858790801,0.0,55.0,23.84505441409724,0.0170937412334509,0.0170937412334509,0.0008546870616725,-0.1113224537037038,0.3389823133436719,0.0,55.0,22.298542355447296,0.1329023619326659,0.1329023619326659,0.0033225590483166,-0.3754439814814814,0.2572999694069851,0.0,55.0,23.72313433837955,0.1242118474617822,0.0931588855963366,0.0055895331357802
2026-08-03,Ryan_McMahon,641857,hitter,NYY,STL,2026,823520,104,147,138,1,700241.0,Michael_McGreevy,2.0,5.0,2.0,1.0,1.0,4.0,4.0,0.0,1.0,7.0,0.1081081081081081,0.7475,0.7475,0.75,30.0,65.0,14.968421052631577,7.389473684210528,5.098051948051948,1.08,0.0,80.0,0,1.0,-0.8660254037844384,-0.5000000000000004,0.0,1.0,0.5,0.5,0.5,0.5,0.5,0.5,0.5,0.5,0.5,0.5,synthetic,synthetic,synthetic,synthetic,synthetic,0.0,0.0,0.0,0.0,0.0,-110.0,-110.0,-110.0,-110.0,-110.0,-110.0,-110.0,-110.0,-110.0,-110.0,0.0,0.0,0.0,0.0,0.0,2026-08-28T01:24:59.045926+00:00,0.2537673126304706,1.1495721170759725,0.21721606061510446,-0.2089209812090137,-0.18161055573545642,0.4,0.4,0.2,0.0,0.0,1.0,1.0,1.0,0.0,0.0,batter_pitcher_profile_network_v2,1.0,1.0,0.3715434089484663,0.0,0.8044859324038128,-0.5484835113960115,0.3971279334700386,0.0,56.0,22.338362289210178,0.0604415083748637,0.0,0.0,-0.4206967236467238,0.3315901130667577,0.0,56.0,23.505460189542458,0.0437210959246615,0.0655816438869923,0.0104930630219187,-0.5046907051282052,0.2070428519214703,0.0,56.0,25.046812297529225,0.0044449399258169,0.0044449399258169,0.0002222469962908,-0.1091002314814816,0.3022374344953292,0.0,56.0,23.62086632363123,0.1191607516394532,0.1191607516394532,0.0029790187909863,-0.3659300925925926,0.2597288638262323,0.0,56.0,24.54678803863685,0.113371371706913,0.0850285287801848,0.005101711726811
2026-08-04,Ryan_McMahon,641857,hitter,NYY,STL,2026,823517,105,147,138,1,690928.0,Hunter_Dobbins,1.0,1.0,0.0,0.0,0.0,3.0,3.0,0.0,0.0,7.0,0.0967741935483871,0.2966666666666667,0.2966666666666667,0.0,0.0,35.6,4.050000000000001,7.1499999999999995,5.511317254174396,1.08,0.0,80.0,0,1.0,-0.8660254037844384,-0.5000000000000004,0.7818314824680298,0.6234898018587336,0.5,1.5,0.5,0.5,0.5,0.5,1.5,0.5,0.5,0.5,synthetic,synthetic,synthetic,synthetic,synthetic,0.0,0.0,0.0,0.0,0.0,-110.0,-110.0,-110.0,-110.0,-110.0,-110.0,-110.0,-110.0,-110.0,-110.0,0.0,0.0,0.0,0.0,0.0,2026-08-28T01:24:59.045926+00:00,0.5416107546831048,0.08279737610971138,0.370549051811633,-0.23243869062601202,-0.013733700097726731,0.6,1.2,0.6,0.2,0.2,2.0,5.0,2.0,1.0,1.0,batter_pitcher_profile_network_v2,1.0,0.2,0.7208476928744649,0.0,0.5523392315245756,-0.4932427537505862,0.0231627041951069,0.0,56.0,26.47372636247531,0.0377292897695928,0.0,0.0,-0.3162568975621192,-0.0456274158294347,0.0,56.0,26.79903943386944,0.0150602622101556,0.0185622297179562,0.0029699567548729,-0.4262126845991563,0.0682909125188538,0.0,56.0,26.44508808174846,-0.0173792286944274,-0.0173792286944274,-0.0008689614347213,0.0422516203703702,-0.1057377099470818,0.0,56.0,26.222407773609284,0.0796995128979334,0.0784523749595214,0.001961309373988,-0.2116094907407408,0.0309012066365008,0.0,56.0,26.51313224291378,0.1087552351255616,0.0815664263441712,0.0048939855806502
2026-08-05,Ryan_McMahon,641857,hitter,NYY,STL,2026,823516,106,147,138,1,669467.0,Andre_Pallante,0.0,0.0,0.0,0.0,0.0,4.0,2.0,2.0,1.0,7.0,0.1025641025641025,0.345,0.345,0.0,0.0,41.4,2.6348684210526314,6.537124060150376,4.985343228200372,1.08,0.0,77.0,0,1.0,-0.8660254037844384,-0.5000000000000004,0.9749279121818236,-0.22252093395631434,0.5,1.5,0.5,0.5,0.5,0.5,1.5,0.5,0.5,0.5,synthetic,synthetic,synthetic,synthetic,synthetic,0.0,0.0,0.0,0.0,0.0,-110.0,-110.0,-110.0,-110.0,-110.0,-110.0,-110.0,-110.0,-110.0,-110.0,0.0,0.0,0.0,0.0,0.0,2026-08-28T01:24:59.045926+00:00,0.5417267568897268,-0.33185415708859956,0.09735643845968267,-0.3334602571934172,-0.1798890751788899,0.8,1.4,0.6,0.2,0.2,1.0,1.0,0.0,0.0,0.0,batter_pitcher_profile_network_v2,1.0,1.0,0.3146738740804162,0.0,0.811452450425149,-0.4005544997741644,0.0849292786909485,0.0,56.0,26.227276428680472,0.0131094223976219,0.0,0.0,-0.2454338640469737,-0.0298227933232252,0.0,56.0,26.742596890894,-0.0122981474580536,-0.0234634818037463,-0.0037541570885994,-0.3439590955284552,-0.1285825482824707,0.0,56.0,26.23123005237605,-0.0025198311559067,-0.032829843622102,-0.0016414921811051,0.0517331018518519,-0.1266977933232251,0.0,56.0,26.062261657911463,0.0420816616906,0.0375897122633132,0.0009397428065828,-0.1588641203703701,-0.1204356184579093,0.0,56.0,26.22178267470189,0.1003358958156696,0.0621396465951155,0.0037283787957069
2026-08-07,Ryan_McMahon,641857,hitter,NYY,ATL,2026,823515,107,147,144,1,641816.0,Tyler_Mahle,2.0,3.0,0.0,0.0,1.0,5.0,3.0,1.0,1.0,8.0,0.1136363636363636,0.5700000000000001,0.5700000000000001,0.3333333333333333,28.33333333333333,65.0,4.447058823529411,8.66470588235294,3.9181318681318684,1.08,2.0,76.0,0,2.0,-0.8660254037844384,-0.5000000000000004,-0.433883739117558,-0.9009688679024191,0.5,1.5,0.5,0.5,0.5,0.5,1.5,0.5,0.5,0.5,synthetic,synthetic,synthetic,synthetic,synthetic,0.0,0.0,0.0,0.0,0.0,-110.0,-110.0,-110.0,-110.0,-110.0,-110.0,-110.0,-110.0,-110.0,-110.0,0.0,0.0,0.0,0.0,0.0,2026-08-28T01:24:59.045926+00:00,0.26025970660806463,0.03791886131539646,0.17191246795819382,-0.17960141055139495,-0.1527229931037457,0.8,1.4,0.6,0.2,0.2,0.0,0.0,0.0,0.0,0.0,batter_pitcher_profile_network_v2,1.0,1.0,0.3530583839434406,1.0,0.8255003479669285,-0.3817636574074071,0.1408573817755373,-0.0592592592592592,56.0,26.399345900492072,0.0303888544564624,-0.0400906187835093,-0.0040090618783509,-0.2276492283950614,0.1594344863965869,-0.0765432098765432,56.0,26.46280844966048,0.0040139448878293,-0.0457627985969554,-0.0073220477755128,-0.3171369598765429,0.308030921855922,-0.074074074074074,56.0,24.966224477455825,0.0215944008750293,-0.0285188726043572,-0.0014259436302178,0.0591553240740741,0.2105479921437133,-0.074074074074074,56.0,25.61146587026058,0.0673325044746274,0.025276911277538,0.0006319227819384,-0.1245877314814813,0.3034787187907879,-0.037037037037037,56.0,25.029747847187068,0.1163877346150851,0.0622341642216205,0.0037340498532972
2026-08-08,Ryan_McMahon,641857,hitter,NYY,ATL,2026,823514,108,147,144,1,519242.0,Chris_Sale,0.0,0.0,0.0,0.0,0.0,1.0,1.0,0.0,1.0,4.0,0.0285714285714285,0.0,0.0,0.0,0.0,10.0,1.5,12.571428571428571,4.426573426573427,1.08,9.0,89.0,0,1.0,-0.8660254037844384,-0.5000000000000004,-0.9749279121818236,-0.2225209339563146,1.5,1.5,0.5,0.5,0.5,1.5,1.5,0.5,0.5,0.5,synthetic,synthetic,synthetic,synthetic,synthetic,0.0,0.0,0.0,0.0,0.0,-110.0,-110.0,-110.0,-110.0,-110.0,-110.0,-110.0,-110.0,-110.0,-110.0,0.0,0.0,0.0,0.0,0.0,2026-08-28T01:24:59.045926+00:00,-0.43452282867522807,0.06475286646413192,-0.18973074700494336,-0.3365392794393583,-0.10031179960087466,1.2,2.0,0.6,0.2,0.4,2.0,3.0,0.0,0.0,1.0,batter_pitcher_profile_network_v2,1.0,1.0,0.3367963880438261,0.0,0.8087424424646312,-0.2722770016339867,-0.6321102820746132,0.0,56.0,20.824743689255584,-0.0285291116388376,-0.1141433716673663,-0.0114143371667366,-0.1139791122004356,-0.6310522101197167,0.0,56.0,20.906845585844003,-0.0644366603333866,-0.1443570845991753,-0.023097133535868,-0.2104344362745095,-0.6889551560539288,0.0,56.0,19.20921791510392,-0.060037180041128,-0.1561883666722935,-0.0078094183336146,0.1625118055555554,-0.6751140466377632,0.0,56.0,19.76046856322192,-0.012808454718091,-0.0855711775743338,-0.0021392794393583,0.0041854166666668,-0.6908717342563351,0.0,56.0,19.11634200988295,0.1305464820011485,0.0959921511742353,0.0057595290704541
2026-08-09,Ryan_McMahon,641857,hitter,NYY,ATL,2026,823513,109,147,144,1,656550.0,Grant_Holmes,0.0,0.0,0.0,0.0,0.0,4.0,3.0,1.0,2.0,8.0,0.1142857142857142,0.1725,0.1725,0.0,0.0,20.7,3.728571428571429,8.071428571428571,5.415584415584415,1.08,8.0,90.0,0,1.0,-0.8660254037844384,-0.5000000000000004,-0.7818314824680299,0.6234898018587334,0.5,1.5,0.5,0.5,0.5,0.5,1.5,0.5,0.5,0.5,synthetic,synthetic,synthetic,synthetic,synthetic,0.0,0.0,0.0,0.0,0.0,-110.0,-110.0,-110.0,-110.0,-110.0,-110.0,-110.0,-110.0,-110.0,-110.0,0.0,0.0,0.0,0.0,0.0,2026-08-28T01:24:59.045926+00:00,0.5561186147186146,-0.2769008053122197,-0.09581116292751835,-0.3290454179137079,-0.05787459583677623,1.0,1.8,0.4,0.2,0.4,0.0,0.0,0.0,0.0,0.0,batter_pitcher_profile_network_v2,1.0,1.0,0.3296487186238848,0.0,0.8096180319685742,-0.4202445253235162,0.0938261377446993,0.0,56.0,27.51116336864529,0.0188216927746209,0.0,0.0,-0.3032105477465417,0.1910866893160977,0.0,56.0,26.959094408438823,0.0334341445324178,0.0501512167986267,0.0080241946877802,-0.3420269829317267,0.2636826808857552,0.0,56.0,26.08691956806868,0.035692325865221,0.035692325865221,0.001784616293261,-0.0266085648148149,0.3143392995249144,0.0,56.0,25.125713534330096,0.2141832834516851,0.2141832834516851,0.0053545820862921,-0.1916016203703702,0.2399911688981294,0.0,56.0,26.36403396242976,0.1376929640889593,0.1032697230667195,0.0061961833840031
2026-08-11,Ryan_McMahon,641857,hitter,NYY,SEA,2026,823512,110,147,136,1,693433.0,Bryan_Woo,1.0,1.0,1.0,0.0,2.0,3.0,3.0,0.0,1.0,8.0,0.0909090909090909,0.2966666666666667,0.2966666666666667,0.0,0.0,35.6,5.999999999999999,9.942857142857143,8.093406593406593,1.08,4.0,79.0,0,2.0,-0.8660254037844384,-0.5000000000000004,0.7818314824680298,0.6234898018587336,0.5,0.5,0.5,0.5,0.5,0.5,0.5,0.5,0.5,0.5,synthetic,synthetic,synthetic,synthetic,synthetic,0.0,0.0,0.0,0.0,0.0,-110.0,-110.0,-110.0,-110.0,-110.0,-110.0,-110.0,-110.0,-110.0,-110.0,0.0,0.0,0.0,0.0,0.0,2026-08-28T01:24:59.045926+00:00,0.21082467360232626,0.12675163623099694,-0.182619838035727,-0.47028990441173635,-0.05133601923427744,0.6,0.8,0.0,0.0,0.2,0.0,0.0,0.0,0.0,0.0,batter_pitcher_profile_network_v2,1.0,1.0,0.3299937802467582,0.0,0.8095757619197721,-0.4749391371039715,-0.0357758139733881,0.0,56.0,28.431109685679,0.0210935846457523,-0.0113842996077739,-0.0011384299607773,-0.3412476963409193,-0.0785988539970772,0.0,56.0,28.55538829939023,0.0175175813204232,0.008305680989186,0.0013289089582697,-0.3815224648594379,-0.1429586945613509,0.0,56.0,27.84394041490568,0.0014976697337622,-0.0350457783635598,-0.0017522889181779,-0.028830787037037,-0.1235870615442469,0.0,56.0,27.805222952790608,0.166791130901008,0.1644038235305457,0.0041100955882636,-0.2011155092592593,-0.0989645471120147,0.0,56.0,28.024114917263603,0.1307706774804647,0.0847426697717009,0.005084560186302
2026-08-12,Ryan_McMahon,641857,hitter,NYY,SEA,2026,823511,111,147,136,1,682243.0,Bryce_Miller,2.0,3.0,0.0,0.0,1.0,4.0,4.0,0.0,0.0,7.0,0.1025641025641025,0.54,0.54,0.25,21.25,65.0,6.3374999999999995,4.6875,6.593406593406593,1.08,5.0,85.0,0,1.0,-0.8660254037844384,-0.5000000000000004,0.9749279121818236,-0.22252093395631434,0.5,0.5,0.5,0.5,0.5,0.5,0.5,0.5,0.5,0.5,synthetic,synthetic,synthetic,synthetic,synthetic,0.0,0.0,0.0,0.0,0.0,-110.0,-110.0,-110.0,-110.0,-110.0,-110.0,-110.0,-110.0,-110.0,-110.0,0.0,0.0,0.0,0.0,0.0,2026-08-28T01:24:59.045926+00:00,0.5946510149730473,0.6859488768884647,0.16793620802999987,-0.35433131321504496,0.5516311229107824,0.6,0.8,0.2,0.0,0.6,1.0,1.0,1.0,0.0,2.0,batter_pitcher_profile_network_v2,1.0,0.65,0.5853398590529466,0.0,0.6808923137229091,-0.4087471230158734,-0.3075566591154827,0.0,57.0,27.601521817647555,-0.0062922298676149,-0.0521281286578046,-0.0052128128657804,-0.2880888227513231,-0.0975348334153481,0.0,57.0,29.341358689061245,0.000679593014204,-0.0106320194470957,-0.0017011231115353,-0.3377663690476194,-0.2311964667277166,0.0,57.0,28.022687326266183,-0.0219168448404921,-0.0542978174219802,-0.002714890871099,-0.0193493055555555,0.1254686388068741,0.0,57.0,28.340333685139303,0.1777474713982028,0.1777474713982028,0.004443686784955,-0.160870138888889,-0.1826027167277166,0.0,57.0,28.38310519551101,0.1128056709882043,0.0724234770844717,0.0043454086250683
2026-08-13,Ryan_McMahon,641857,hitter,NYY,SEA,2026,823508,112,147,136,1,669302.0,Logan_Gilbert,0.0,0.0,0.0,0.0,0.0,3.0,2.0,1.0,0.0,8.0,0.0909090909090909,0.2299999999999999,0.2299999999999999,0.0,0.0,27.6,3.773949579831933,7.389075630252101,8.093406593406593,1.08,9.0,85.0,0,1.0,-0.8660254037844384,-0.5000000000000004,0.43388373911755823,-0.900968867902419,0.5,1.5,0.5,0.5,0.5,0.5,1.5,0.5,0.5,0.5,synthetic,synthetic,synthetic,synthetic,synthetic,0.0,0.0,0.0,0.0,0.0,-110.0,-110.0,-110.0,-110.0,-110.0,-110.0,-110.0,-110.0,-110.0,-110.0,0.0,0.0,0.0,0.0,0.0,2026-08-28T01:24:59.045926+00:00,0.9029160855843366,-0.1300559273298023,-0.09555673421726424,-0.4712329076607072,0.4904660389931217,1.0,1.4,0.2,0.0,0.8,2.0,3.0,0.0,0.0,1.0,batter_pitcher_profile_network_v2,1.0,1.0,0.2575751167148216,1.0,0.8371970482024343,-0.4121446486928106,-0.4099585734098967,-0.0666666666666666,57.0,26.592345239755545,-0.0155825243453344,-0.1673609360901937,-0.0167360936090193,-0.3108630991285404,-0.224991061903718,-0.0765432098765432,57.0,28.946023526564368,-0.0061239490296305,-0.1092415912658087,-0.0174786546025294,-0.3752628676470588,-0.3283453792018637,-0.0666666666666666,57.0,27.30683330970359,0.0129472990470649,-0.1204503686609685,-0.0060225184330484,-0.0633597222222222,-0.0254449000779918,-0.0493827160493827,57.0,29.176577304833422,0.1589318549068392,0.1266836935717126,0.0031670923392928,-0.2132312499999998,-0.3058203100455705,-0.0592592592592592,57.0,27.52243084774037,0.0894919782145396,-0.0185563597716493,-0.0011133815862989
2026-08-14,Ryan_McMahon,641857,hitter,NYY,TOR,2026,822777,113,147,141,0,669456.0,Shane_Bieber,1.0,1.0,0.0,0.0,0.0,3.0,3.0,0.0,1.0,7.0,0.09375,0.2966666666666667,0.2966666666666667,0.0,0.0,35.6,21.176470588235293,5.294117647058823,3.377375565610859,1.08,2.0,77.0,0,1.0,-0.8660254037844384,-0.5000000000000004,-0.433883739117558,-0.9009688679024191,0.5,0.5,0.5,0.5,0.5,0.5,0.5,0.5,0.5,0.5,synthetic,synthetic,synthetic,synthetic,synthetic,0.0,0.0,0.0,0.0,0.0,-110.0,-110.0,-110.0,-110.0,-110.0,-110.0,-110.0,-110.0,-110.0,-110.0,0.0,0.0,0.0,0.0,0.0,2026-08-28T01:24:59.045926+00:00,0.25060164027149323,0.13776693803999795,-0.2701880729749792,-0.4697402182440476,-0.015481515327424866,0.6,0.8,0.2,0.0,0.6,0.0,0.0,0.0,0.0,0.0,batter_pitcher_profile_network_v2,1.0,0.05,0.9425,0.0,0.5117271875,-0.3250482142857145,0.4942873303167421,0.0,57.0,23.890888541217112,0.017284230295621,0.0,0.0,-0.2509886243386244,0.6603817873303168,0.0,57.0,20.530607573523906,0.0385080751666584,0.0577621127499876,0.009241938039998,-0.334544642857143,0.7787660256410257,0.0,57.0,18.119600821124404,0.0980296415562249,0.0980296415562249,0.0049014820778112,-0.0608041666666666,0.8923529411764706,0.0,57.0,15.621523515017028,0.1863912702380999,0.1863912702380999,0.0046597817559524,-0.2147902777777777,0.773397435897436,0.0,57.0,18.31876403457454,0.0311045864896031,0.0233284398672023,0.0013997063920321
2026-08-15,Ryan_McMahon,641857,hitter,NYY,TOR,2026,822775,114,147,141,0,680755.0,Braydon_Fisher,0.0,0.0,0.0,0.0,0.0,3.0,3.0,0.0,1.0,8.0,0.0967741935483871,0.0,0.0,0.0,0.0,10.0,0.0,3.0,3.0806722689075627,1.08,0.0,73.0,0,1.0,-0.8660254037844384,-0.5000000000000004,-0.9749279121818236,-0.2225209339563146,0.5,0.5,0.5,0.5,0.5,0.5,0.5,0.5,0.5,0.5,synthetic,synthetic,synthetic,synthetic,synthetic,0.0,0.0,0.0,0.0,0.0,-110.0,-110.0,-110.0,-110.0,-110.0,-110.0,-110.0,-110.0,-110.0,-110.0,0.0,0.0,0.0,0.0,0.0,2026-08-28T01:24:59.045926+00:00,0.6141632531437895,0.25348167035244373,-0.46102917531512233,-0.47350639827401336,-0.11795866736315747,0.8,1.0,0.2,0.0,0.6,1.0,1.0,0.0,0.0,0.0,batter_pitcher_profile_network_v2,1.0,0.35,0.678097908140453,1.0,0.6121765521884781,-0.1830171296296298,-0.7593125000000002,0.0407407407407407,56.0,20.323583138446097,-0.0555249950918823,-0.0105503546197542,-0.0010550354619754,-0.1472703703703705,-0.7852500000000002,0.0691358024691358,56.0,19.524249486998837,-0.0507121264845836,-0.0552859312649688,-0.008845749002395,-0.2360625000000001,-0.4149999999999999,-0.0592592592592592,56.0,26.50589776095839,0.0462914070833236,-0.0349654526293659,-0.0017482726314682,-0.0513226851851852,-0.7852500000000002,-0.0493827160493827,56.0,19.06117359792892,0.0901516060907318,0.0357440690394663,0.0008936017259866,-0.1720449074074074,-0.615,-0.0592592592592592,56.0,22.78205928128711,0.0939585414176462,-0.0133122070239824,-0.0007987324214389
2026-08-16,Ryan_McMahon,641857,hitter,NYY,TOR,2026,822774,115,147,141,0,656302.0,Dylan_Cease,0.0,0.0,0.0,0.0,0.0,2.0,2.0,0.0,2.0,7.0,0.0512820512820512,0.0,0.0,0.0,0.0,10.0,2.3000000000000003,11.985714285714286,2.62689075630252,1.08,0.0,74.0,0,1.0,-0.8660254037844384,-0.5000000000000004,-0.7818314824680299,0.6234898018587334,0.5,0.5,0.5,0.5,0.5,0.5,0.5,0.5,0.5,0.5,synthetic,synthetic,synthetic,synthetic,synthetic,0.0,0.0,0.0,0.0,0.0,-110.0,-110.0,-110.0,-110.0,-110.0,-110.0,-110.0,-110.0,-110.0,-110.0,0.0,0.0,0.0,0.0,0.0,2026-08-28T01:24:59.045926+00:00,-0.06212459165102474,0.052565328232972774,-0.4989879578805298,-0.47182479784800857,-0.1923731024506406,0.8,1.0,0.2,0.0,0.6,0.0,0.0,0.0,0.0,0.0,batter_pitcher_profile_network_v2,1.0,1.0,0.4392009312335113,1.0,0.8149478859238949,-0.3549814922480621,-0.7883872170327358,0.1111111111111111,55.0,19.23296444481192,-0.0520214411457856,-0.0769912300202661,-0.0076991230020266,-0.2883330318690785,-0.6856804970486048,0.1111111111111111,55.0,21.274484555228074,-0.0630749319827173,-0.1255291985439195,-0.0200846717670271,-0.421639050387597,-0.4010180991853106,0.1111111111111111,55.0,26.245007404676866,0.035107884249652,0.0202408423894051,0.0010120421194702,-0.0716930555555555,-0.5789610764477464,0.1111111111111111,55.0,22.92131336047852,0.0463298397528699,0.1030080860796576,0.0025752021519914,-0.3247069444444445,-0.5034492508305182,0.1111111111111111,55.0,24.451666074017325,0.0372861578611287,0.0162444571090202,0.0009746674265412
2026-08-18,Ryan_McMahon,641857,hitter,NYY,BAL,2026,824803,116,147,110,0,669358.0,Shane_Baz,0.0,0.0,0.0,0.0,0.0,2.0,1.0,1.0,1.0,8.0,0.0555555555555555,0.345,0.345,0.0,0.0,41.4,6.223684210526316,7.269736842105264,5.101948051948052,1.08,-3.0,84.0,0,2.0,-0.8660254037844384,-0.5000000000000004,0.7818314824680298,0.6234898018587336,0.5,0.5,0.5,0.5,0.5,0.5,0.5,0.5,0.5,0.5,synthetic,synthetic,synthetic,synthetic,synthetic,0.0,0.0,0.0,0.0,0.0,-110.0,-110.0,-110.0,-110.0,-110.0,-110.0,-110.0,-110.0,-110.0,-110.0,0.0,0.0,0.0,0.0,0.0,2026-08-28T01:24:59.045926+00:00,0.19989833971812299,0.11450447185922485,-0.34823239241686743,-0.47324694939267326,-0.22424516912042441,0.6,0.8,0.0,0.0,0.2,0.0,0.0,0.0,0.0,0.0,batter_pitcher_profile_network_v2,1.0,1.0,0.4194481789930361,1.0,0.8173675980733531,-0.4841087739848283,-0.0393568231951157,0.0518518518518518,56.0,29.73624392403302,0.0442482141888475,0.0257392641213081,0.0025739264121308,-0.4180043061133424,-0.192857091224142,0.0074074074074074,56.0,29.598370413601742,0.0524368712961344,0.0371112824534897,0.0059378051925583,-0.5358381024096388,-0.2108332642582919,-0.0518518518518518,56.0,29.169807882249152,0.1057909964775995,0.0034040997146025,0.0001702049857301,-0.1858134259259259,-0.3598418716632637,-0.0493827160493827,56.0,27.27170865234888,0.1199878256948278,0.0461220242930717,0.0011530506073267,-0.4499939814814817,-0.2299712383101881,0.1111111111111111,56.0,28.931139168541165,0.1710517506378721,0.1470682491473296,0.0088240949488397
2026-08-19,Ryan_McMahon,641857,hitter,NYY,BAL,2026,824801,117,147,110,0,605135.0,Chris_Bassitt,1.0,1.0,0.0,0.0,1.0,3.0,3.0,0.0,1.0,7.0,0.0769230769230769,0.2966666666666667,0.2966666666666667,0.0,0.0,35.6,4.625,3.6875,2.8519480519480527,1.08,5.0,86.0,0,1.0,-0.8660254037844384,-0.5000000000000004,0.9749279121818236,-0.22252093395631434,0.5,0.5,0.5,0.5,0.5,0.5,0.5,0.5,0.5,0.5,synthetic,synthetic,synthetic,synthetic,synthetic,0.0,0.0,0.0,0.0,0.0,-110.0,-110.0,-110.0,-110.0,-110.0,-110.0,-110.0,-110.0,-110.0,-110.0,0.0,0.0,0.0,0.0,0.0,2026-08-28T01:24:59.045926+00:00,0.055179845154845086,-0.2412218527554167,-0.4435720552175485,-0.4700900757833002,-0.4650544622449137,0.2,0.2,0.0,0.0,0.0,0.0,0.0,0.0,0.0,0.0,batter_pitcher_profile_network_v2,1.0,0.65,0.5545195887540443,0.0,0.6833463777454591,-0.4103335978835977,0.6394005597356723,0.0,56.0,20.734927822986137,0.0660460972654253,0.0,0.0,-0.3582683862433861,0.416026892784022,0.0,56.0,25.70735028103365,0.0859506135190971,0.1289259202786457,0.0206281472445833,-0.4840952380952379,0.5407951531626217,0.0,56.0,23.39228380214041,0.1398159719061068,0.1398159719061068,0.0069907985953053,-0.1741837962962963,0.2393039840387749,0.0,56.0,28.264394737485965,0.172396968667995,0.172396968667995,0.0043099242166998,-0.4005518518518517,0.5096251594997574,0.0,56.0,24.06791537251984,0.1308132599143381,0.0981099449357536,0.0058865966961452
