Date,Player,Player_MLBAM_ID,Player_Type,Team,Opponent,Season,Game_ID,Game_Index,Team_ID,Opponent_ID,Is_Home,Opp_Starter_ID,Opp_Starter_Player,H,TB,R,HR,RBI,PA,AB,BB,SO,Batting_Order,Team_PA_share,wOBA,xwOBA,ISO,Barrel%,HardHit%,Opp_Pitcher_ERA_3,Opp_Pitcher_K9_3,Opp_Bullpen_ERA_7,Park_Factor,Wind_Out_MPH,Temp_F,Did_Not_Play,Rest_Days,Month_sin,Month_cos,DayOfWeek_sin,DayOfWeek_cos,Market_H,Market_TB,Market_R,Market_HR,Market_RBI,Synthetic_Market_H,Synthetic_Market_TB,Synthetic_Market_R,Synthetic_Market_HR,Synthetic_Market_RBI,Market_Source_H,Market_Source_TB,Market_Source_R,Market_Source_HR,Market_Source_RBI,Market_H_books,Market_TB_books,Market_R_books,Market_HR_books,Market_RBI_books,Market_H_over_price,Market_TB_over_price,Market_R_over_price,Market_HR_over_price,Market_RBI_over_price,Market_H_under_price,Market_TB_under_price,Market_R_under_price,Market_HR_under_price,Market_RBI_under_price,Market_H_line_std,Market_TB_line_std,Market_R_line_std,Market_HR_line_std,Market_RBI_line_std,Market_Fetched_At_UTC,H_market_gap,TB_market_gap,R_market_gap,HR_market_gap,RBI_market_gap,H_rolling_avg,TB_rolling_avg,R_rolling_avg,HR_rolling_avg,RBI_rolling_avg,H_lag1,TB_lag1,R_lag1,HR_lag1,RBI_lag1,Matchup_Network_Version,Matchup_Network_Batter_Support,Matchup_Network_Pitcher_Support,Pitcher_Profile_Uncertainty,Batter_Vs_Starter_Games,Matchup_Network_Confidence,Batter_Profile_H_Strength,Pitcher_Profile_H_Vulnerability,Batter_Vs_Starter_H_Lift,Archetype_Neighbor_H_Games,Archetype_Neighbor_H_Effective_Support,Archetype_Neighbor_H_Lift,Matchup_Network_H_Score,Matchup_Network_H_Adjustment,Batter_Profile_TB_Strength,Pitcher_Profile_TB_Vulnerability,Batter_Vs_Starter_TB_Lift,Archetype_Neighbor_TB_Games,Archetype_Neighbor_TB_Effective_Support,Archetype_Neighbor_TB_Lift,Matchup_Network_TB_Score,Matchup_Network_TB_Adjustment,Batter_Profile_R_Strength,Pitcher_Profile_R_Vulnerability,Batter_Vs_Starter_R_Lift,Archetype_Neighbor_R_Games,Archetype_Neighbor_R_Effective_Support,Archetype_Neighbor_R_Lift,Matchup_Network_R_Score,Matchup_Network_R_Adjustment,Batter_Profile_HR_Strength,Pitcher_Profile_HR_Vulnerability,Batter_Vs_Starter_HR_Lift,Archetype_Neighbor_HR_Games,Archetype_Neighbor_HR_Effective_Support,Archetype_Neighbor_HR_Lift,Matchup_Network_HR_Score,Matchup_Network_HR_Adjustment,Batter_Profile_RBI_Strength,Pitcher_Profile_RBI_Vulnerability,Batter_Vs_Starter_RBI_Lift,Archetype_Neighbor_RBI_Games,Archetype_Neighbor_RBI_Effective_Support,Archetype_Neighbor_RBI_Lift,Matchup_Network_RBI_Score,Matchup_Network_RBI_Adjustment
2026-03-04,Christian_Yelich,592885,hitter,MIL,CHC,2026,831929,0,158,112,1,665795.0,Edward_Cabrera,2.0,5.0,1.0,1.0,1.0,3.0,2.0,1.0,0.0,3.0,0.08108108108108109,1.2266666666666668,1.2266666666666668,1.5,30.0,65.0,4.1,8.2,9.270897832817338,1.0722222222222222,-4.0,80.0,0,2.0,1.0,6.123233995736766e-17,0.9749279121818236,-0.22252093395631434,1.5,4.5,0.5,0.5,0.5,1.5,4.5,0.5,0.5,0.5,synthetic,synthetic,synthetic,synthetic,synthetic,0.0,0.0,0.0,0.0,0.0,-110.0,-110.0,-110.0,-110.0,-110.0,-110.0,-110.0,-110.0,-110.0,-110.0,0.0,0.0,0.0,0.0,0.0,2026-08-07T03:26:40.888653+00:00,0.5646917691685496,1.6334572072072069,1.207123720469696,0.7731111111111109,0.9738962429922182,2.0,5.0,1.0,1.0,1.0,2.0,5.0,1.0,1.0,1.0,,0.0,0.0,1.0,0.0,0.0,0.0,0.0,0.0,0.0,0.0,0.0,0.0,0.0,0.0,0.0,0.0,0.0,0.0,0.0,0.0,0.0,0.0,0.0,0.0,0.0,0.0,0.0,0.0,0.0,0.0,0.0,0.0,0.0,0.0,0.0,0.0,0.0,0.0,0.0,0.0,0.0,0.0,0.0,0.0,0.0
2026-03-06,Christian_Yelich,592885,hitter,MIL,AZ,2026,831954,1,158,109,1,683352.0,Mitch_Bratt,0.0,0.0,0.0,0.0,0.0,3.0,2.0,1.0,2.0,3.0,0.07692307692307693,0.22999999999999998,0.22999999999999998,0.0,0.0,27.599999999999998,4.1,8.2,5.717775974025974,1.0722222222222222,-7.0,70.0,0,2.0,1.0,6.123233995736766e-17,-0.433883739117558,-0.9009688679024191,1.5,4.5,0.5,0.5,0.5,1.5,4.5,0.5,0.5,0.5,synthetic,synthetic,synthetic,synthetic,synthetic,0.0,0.0,0.0,0.0,0.0,-110.0,-110.0,-110.0,-110.0,-110.0,-110.0,-110.0,-110.0,-110.0,-110.0,0.0,0.0,0.0,0.0,0.0,2026-08-07T03:26:40.888653+00:00,0.36978796203796227,-0.6195833333333329,0.47606187562437563,0.323111111111111,0.49235033716283727,2.0,5.0,1.0,1.0,1.0,2.0,5.0,1.0,1.0,1.0,batter_pitcher_profile_network_v2,0.03333333333333333,0.0,1.0,0.0,0.016666666666666666,1.0,0.0,0.0,0.0,0.0,0.0,0.0,0.0,1.0,0.0,0.0,0.0,0.0,0.0,0.0,0.0,0.875,0.0,0.0,0.0,0.0,0.0,0.0,0.0,1.0,0.0,0.0,0.0,0.0,0.0,0.0,0.0,0.9249999999999998,0.0,0.0,0.0,0.0,0.0,0.0,0.0
2026-03-08,Christian_Yelich,592885,hitter,MIL,SEA,2026,831740,2,158,136,1,669923.0,George_Kirby,0.0,0.0,1.0,0.0,0.0,3.0,2.0,1.0,0.0,3.0,0.08108108108108109,0.22999999999999998,0.22999999999999998,0.0,0.0,27.599999999999998,4.1,8.2,11.278432494279178,1.0722222222222222,0.0,86.0,0,2.0,1.0,6.123233995736766e-17,-0.7818314824680299,0.6234898018587334,0.5,2.5,0.5,0.5,0.5,0.5,2.5,0.5,0.5,0.5,synthetic,synthetic,synthetic,synthetic,synthetic,0.0,0.0,0.0,0.0,0.0,-110.0,-110.0,-110.0,-110.0,-110.0,-110.0,-110.0,-110.0,-110.0,-110.0,0.0,0.0,0.0,0.0,0.0,2026-08-07T03:26:40.888653+00:00,0.712993155627023,-0.8650427927927928,0.2993337868761211,-0.12688888888888894,0.2752729760653103,1.0,2.5,0.5,0.5,0.5,0.0,0.0,0.0,0.0,0.0,batter_pitcher_profile_network_v2,0.06666666666666667,0.0,1.0,0.0,0.03333333333333333,0.03597222222222235,0.0,0.0,0.0,0.0,0.0,0.0,0.0,0.34833333333333344,0.0,0.0,0.0,0.0,0.0,0.0,0.0,0.3041666666666668,0.0,0.0,0.0,0.0,0.0,0.0,0.0,0.8922222222222222,0.0,0.0,0.0,0.0,0.0,0.0,0.0,0.8172222222222221,0.0,0.0,0.0,0.0,0.0,0.0,0.0
2026-03-09,Christian_Yelich,592885,hitter,MIL,LAD,2026,831802,3,158,119,1,686218.0,Emmet_Sheehan,0.0,0.0,0.0,0.0,0.0,3.0,2.0,1.0,2.0,3.0,0.07894736842105263,0.22999999999999998,0.22999999999999998,0.0,0.0,27.599999999999998,6.75,0.0,6.4234156820622985,1.0722222222222222,-6.0,77.0,0,1.0,1.0,6.123233995736766e-17,0.0,1.0,0.5,1.5,0.5,0.5,0.5,0.5,1.5,0.5,0.5,0.5,synthetic,synthetic,synthetic,synthetic,synthetic,0.0,0.0,0.0,0.0,0.0,-110.0,-110.0,-110.0,-110.0,-110.0,-110.0,-110.0,-110.0,-110.0,-110.0,0.0,0.0,0.0,0.0,0.0,2026-08-07T03:26:40.888653+00:00,0.6569892588614394,-0.38403947368421054,0.3005611349803079,-0.24355555555555558,-0.08332044396706051,0.6666666666666666,1.6666666666666667,0.6666666666666666,0.3333333333333333,0.3333333333333333,0.0,0.0,1.0,0.0,0.0,batter_pitcher_profile_network_v2,0.1,0.0,1.0,0.0,0.05,0.3833796296296295,0.0,0.0,0.0,0.0,0.0,0.0,0.0,0.5741666666666666,0.0,0.0,0.0,0.0,0.0,0.0,0.0,0.5819444444444444,0.0,0.0,0.0,0.0,0.0,0.0,0.0,0.604212962962963,0.0,0.0,0.0,0.0,0.0,0.0,0.0,0.7479629629629628,0.0,0.0,0.0,0.0,0.0,0.0,0.0
2026-03-12,Christian_Yelich,592885,hitter,MIL,CLE,2026,831791,4,158,114,0,677944.0,Slade_Cecconi,0.0,0.0,0.0,0.0,0.0,3.0,3.0,0.0,3.0,3.0,0.0967741935483871,0.0,0.0,0.0,0.0,10.0,4.5,10.125,2.5166208791208793,1.08,2.0,85.0,0,3.0,1.0,6.123233995736766e-17,0.43388373911755823,-0.900968867902419,0.5,1.5,0.5,0.5,0.5,0.5,1.5,0.5,0.5,0.5,synthetic,synthetic,synthetic,synthetic,synthetic,0.0,0.0,0.0,0.0,0.0,-110.0,-110.0,-110.0,-110.0,-110.0,-110.0,-110.0,-110.0,-110.0,-110.0,0.0,0.0,0.0,0.0,0.0,2026-08-07T03:26:40.888653+00:00,-0.05159376698570234,-0.7224954944389931,-0.24543413047662377,-0.29937967644161306,-0.38317889176453906,0.5,1.25,0.5,0.25,0.25,0.0,0.0,0.0,0.0,0.0,batter_pitcher_profile_network_v2,0.13333333333333333,0.1,0.8855330085889912,0.0,0.09081888731145152,-0.06791666666666657,0.32385648148148133,0.0,0.0,0.0,0.0,0.0,0.0,0.27041666666666675,0.26817129629629616,0.0,0.0,0.0,0.0,0.0011067887885509932,0.00017708620616815893,0.3041666666666668,0.21257561728395064,0.0,0.0,0.0,0.0,0.0009868339272898485,4.934169636449243e-05,0.4602083333333333,0.11574074074074067,0.0,0.0,0.0,0.0,0.0008129423354774893,2.0323558386937235e-05,0.7133333333333332,0.2810864197530864,0.0,0.0,0.0,0.0,0.003060211108561928,0.00018361266651371566
2026-03-14,Christian_Yelich,592885,hitter,MIL,COL,2026,831860,5,158,115,1,688642.0,Zach_Agnos,0.0,0.0,1.0,0.0,0.0,4.0,2.0,2.0,2.0,3.0,0.10810810810810811,0.345,0.345,0.0,0.0,41.4,0.0,3.375,6.73109243697479,1.0722222222222222,-7.0,88.0,0,2.0,1.0,6.123233995736766e-17,-0.9749279121818236,-0.2225209339563146,0.5,0.5,0.5,0.5,0.5,0.5,0.5,0.5,0.5,0.5,synthetic,synthetic,synthetic,synthetic,synthetic,0.0,0.0,0.0,0.0,0.0,-110.0,-110.0,-110.0,-110.0,-110.0,-110.0,-110.0,-110.0,-110.0,-110.0,0.0,0.0,0.0,0.0,0.0,2026-08-07T03:26:40.888653+00:00,0.4134126163979106,0.2862207207207207,0.10527083806495574,-0.3368888888888889,-0.08981024301612528,0.4,1.0,0.4,0.2,0.2,0.0,0.0,0.0,0.0,0.0,batter_pitcher_profile_network_v2,0.16666666666666666,0.0,1.0,0.0,0.08333333333333333,-0.22259722222222217,0.0,0.0,0.0,0.0,0.0,0.0,0.0,0.1525833333333334,0.0,0.0,0.0,0.0,0.0,0.0,0.0,0.20937500000000014,0.0,0.0,0.0,0.0,0.0,0.0,0.0,0.3346944444444444,0.0,0.0,0.0,0.0,0.0,0.0,0.0,0.6024027777777778,0.0,0.0,0.0,0.0,0.0,0.0,0.0
2026-03-15,Christian_Yelich,592885,hitter,MIL,SF,2026,831787,6,158,137,0,592662.0,Robbie_Ray,0.0,0.0,0.0,0.0,0.0,3.0,3.0,0.0,1.0,3.0,0.10344827586206896,0.0,0.0,0.0,0.0,10.0,1.6875,7.875,5.216129032258065,1.038888888888889,0.0,84.0,0,1.0,1.0,6.123233995736766e-17,-0.7818314824680299,0.6234898018587334,0.5,0.5,0.5,0.5,0.5,0.5,0.5,0.5,0.5,0.5,synthetic,synthetic,synthetic,synthetic,synthetic,0.0,0.0,0.0,0.0,0.0,-110.0,-110.0,-110.0,-110.0,-110.0,-110.0,-110.0,-110.0,-110.0,-110.0,0.0,0.0,0.0,0.0,0.0,2026-08-07T03:26:40.888653+00:00,-0.18641389767756483,-0.5,-0.026268728259769003,-0.48775007724719316,-0.4114972727161559,0.0,0.0,0.4,0.0,0.0,0.0,0.0,1.0,0.0,0.0,batter_pitcher_profile_network_v2,0.2,0.1,0.7538673731750127,0.0,0.1257651246786061,-0.23232638888888887,-0.6220000000000001,0.0,0.0,0.0,0.0,-0.007113578184621429,-0.0007113578184621429,0.10062500000000005,-0.675,0.0,0.0,0.0,0.0,-0.0033435579025256883,-0.0005349692644041102,0.17343750000000013,-0.3982499999999999,0.0,0.0,0.0,0.0,-0.0034001491775839648,-0.00017000745887919824,0.2341666666666666,-0.675,0.0,0.0,0.0,0.0,-0.0077808676655049085,-0.00019452169163762273,0.5426736111111111,-0.59825,0.0,0.0,0.0,0.0,-0.015981612380871542,-0.0009588967428522925
2026-03-18,Christian_Yelich,592885,hitter,MIL,LAA,2026,831818,7,158,108,1,696270.0,Ryan_Johnson,0.0,0.0,0.0,0.0,0.0,3.0,3.0,0.0,0.0,3.0,0.07142857142857142,0.0,0.0,0.0,0.0,10.0,3.0,11.0,2.8013147566719,1.0722222222222222,5.0,98.0,0,3.0,1.0,6.123233995736766e-17,0.9749279121818236,-0.22252093395631434,0.5,0.5,0.5,0.5,0.5,0.5,0.5,0.5,0.5,0.5,synthetic,synthetic,synthetic,synthetic,synthetic,0.0,0.0,0.0,0.0,0.0,-110.0,-110.0,-110.0,-110.0,-110.0,-110.0,-110.0,-110.0,-110.0,-110.0,0.0,0.0,0.0,0.0,0.0,2026-08-07T03:26:40.888653+00:00,-0.4048224995479388,-0.5,-0.3272711111247384,-0.4768979507291667,-0.5,0.0,0.0,0.4,0.0,0.0,0.0,0.0,0.0,0.0,0.0,batter_pitcher_profile_network_v2,0.23333333333333334,0.05,0.9425,0.0,0.12839385416666665,-0.5047420634920635,-0.8000000000000002,0.0,0.0,0.0,0.0,-0.005417564814814815,-0.0005417564814814815,-0.20333333333333337,-0.8400000000000001,0.0,0.0,0.0,0.0,-0.002291566666666667,-0.0003666506666666667,-0.1294642857142857,-1.0,0.0,0.0,0.0,0.0,-0.0017369791666666662,-8.684895833333331e-05,0.03216269841269838,-0.8400000000000001,0.0,0.0,0.0,0.0,-0.0003624736111111107,-9.061840277777768e-06,0.18097222222222217,-1.0,0.0,0.0,0.0,0.0,-0.0024280439814814807,-0.00014568263888888885
2026-03-19,Christian_Yelich,592885,hitter,MIL,TEX,2026,831722,8,158,140,1,656641.0,Jacob_Latz,1.0,4.0,1.0,1.0,3.0,4.0,4.0,0.0,3.0,3.0,0.10526315789473684,0.525,0.525,0.75,30.0,65.0,6.2,8.200000000000001,4.380612244897959,1.0722222222222222,0.0,104.0,0,1.0,1.0,6.123233995736766e-17,0.43388373911755823,-0.900968867902419,0.5,0.5,0.5,0.5,0.5,0.5,0.5,0.5,0.5,0.5,synthetic,synthetic,synthetic,synthetic,synthetic,0.0,0.0,0.0,0.0,0.0,-110.0,-110.0,-110.0,-110.0,-110.0,-110.0,-110.0,-110.0,-110.0,-110.0,0.0,0.0,0.0,0.0,0.0,2026-08-07T03:26:40.888653+00:00,-0.12363029451250357,0.6437427605788824,-0.04483780880773358,-0.2143931667177495,-0.2926799140708915,0.0,0.0,0.2,0.0,0.0,0.0,0.0,0.0,0.0,0.0,batter_pitcher_profile_network_v2,0.26666666666666666,0.15,0.7621399460136248,0.0,0.17182901182533297,-0.7090538194444445,-0.05743059628543497,0.0,0.0,0.0,0.0,-0.002582930803517066,-0.0002582930803517066,-0.4313020833333333,-0.08482099217986307,0.0,0.0,0.0,0.0,-0.0023204656802300366,-0.00037127450883680586,-0.35664062499999993,0.367044191919192,0.0,0.0,0.0,0.0,0.0,0.0,-0.11934027777777778,-0.022605083088953964,0.0,0.0,0.0,0.0,-0.00017111315442390544,-4.277828860597636e-06,-0.09030381944444445,0.23157070707070715,0.0,0.0,0.0,0.0,0.0,0.0
2026-03-20,Christian_Yelich,592885,hitter,MIL,AZ,2026,831796,9,158,109,0,668678.0,Zac_Gallen,0.0,0.0,1.0,0.0,0.0,4.0,3.0,1.0,0.0,3.0,0.10526315789473684,0.1725,0.1725,0.0,0.0,20.7,3.375,4.125,7.844109892760932,1.0611111111111111,0.0,97.0,0,1.0,1.0,6.123233995736766e-17,-0.433883739117558,-0.9009688679024191,0.5,0.5,0.5,0.5,0.5,0.5,0.5,0.5,0.5,0.5,synthetic,synthetic,synthetic,synthetic,synthetic,0.0,0.0,0.0,0.0,0.0,-110.0,-110.0,-110.0,-110.0,-110.0,-110.0,-110.0,-110.0,-110.0,-110.0,0.0,0.0,0.0,0.0,0.0,2026-08-07T03:26:40.888653+00:00,0.45691790448236713,0.6361557017543862,0.2023416654222111,-0.24038479961625697,0.6626691898295358,0.2,0.8,0.4,0.2,0.6,1.0,4.0,1.0,1.0,3.0,batter_pitcher_profile_network_v2,0.3,0.15,0.8336410980934741,0.0,0.18718184482253242,-0.5448533950617284,0.314844319775596,0.0,0.0,0.0,0.0,0.0,0.0,-0.16532407407407407,0.2461246493688639,0.0,0.0,0.0,0.0,0.0,0.0,-0.20520833333333327,-0.23513844086021501,0.0,0.0,0.0,0.0,-0.0024081632640784484,-0.00012040816320392243,0.2890586419753086,0.16537868162692848,0.0,0.0,0.0,0.0,0.0023857931274987483,5.964482818746871e-05,0.23014660493827166,-0.10995698924731173,0.0,0.0,0.0,0.0,-0.001262974878689739,-7.577849272138434e-05
2026-03-23,Christian_Yelich,592885,hitter,MIL,CIN,2026,832078,10,158,113,1,663903.0,Brady_Singer,1.0,1.0,1.0,0.0,0.0,3.0,3.0,0.0,0.0,4.0,0.08108108108108109,0.2966666666666667,0.2966666666666667,0.0,0.0,35.6,0.0,6.954545454545454,8.01189251924546,1.0733333333333333,0.0,64.0,0,3.0,1.0,6.123233995736766e-17,0.0,1.0,0.5,0.5,0.5,0.5,0.5,0.5,0.5,0.5,0.5,0.5,synthetic,synthetic,synthetic,synthetic,synthetic,0.0,0.0,0.0,0.0,0.0,-110.0,-110.0,-110.0,-110.0,-110.0,-110.0,-110.0,-110.0,-110.0,-110.0,0.0,0.0,0.0,0.0,0.0,2026-08-07T03:26:40.888653+00:00,-0.0015290494349317618,0.11149054054054064,0.366673454791102,-0.3366414344055855,0.2000171278854782,0.2,0.8,0.6,0.2,0.6,0.0,0.0,1.0,0.0,0.0,batter_pitcher_profile_network_v2,0.3333333333333333,0.2,0.7573432190896086,0.0,0.21811175779897124,-0.6169340277777778,0.3773525163919899,0.0,0.0,0.0,0.0,0.0,0.0,-0.27789583333333334,0.010050615807194699,0.0,0.0,0.0,0.0,0.0,0.0,-0.28234375,0.26471366442199784,0.0,0.0,0.0,0.0,0.0,0.0,0.15405555555555556,-0.34700956937799043,0.0,0.0,0.0,0.0,-0.0043240428900863,-0.0001081010722521575,0.09556597222222218,0.15340965207631882,0.0,0.0,0.0,0.0,0.0011858428642277682,7.115057185366609e-05
2026-03-24,Christian_Yelich,592885,hitter,MIL,CIN,2026,832077,11,158,113,1,695505.0,Chase_Burns,0.0,0.0,0.0,0.0,0.0,3.0,3.0,0.0,2.0,4.0,0.08823529411764706,0.0,0.0,0.0,0.0,10.0,6.272727272727273,9.272727272727273,7.047606804959747,1.0733333333333333,0.0,66.0,0,1.0,1.0,6.123233995736766e-17,0.7818314824680298,0.6234898018587336,0.5,0.5,0.5,0.5,0.5,0.5,0.5,0.5,0.5,0.5,synthetic,synthetic,synthetic,synthetic,synthetic,0.0,0.0,0.0,0.0,0.0,-110.0,-110.0,-110.0,-110.0,-110.0,-110.0,-110.0,-110.0,-110.0,-110.0,0.0,0.0,0.0,0.0,0.0,2026-08-07T03:26:40.888653+00:00,0.1398404575816341,0.24980294117647062,0.16430681083622267,-0.3365308522509789,0.07119458990502314,0.4,1.0,0.6,0.2,0.6,1.0,1.0,1.0,0.0,0.0,batter_pitcher_profile_network_v2,0.36666666666666664,0.15,0.7202264515223523,0.0,0.22259917228661008,-0.6114741161616163,0.12611923583662715,0.0,1.0,0.0,0.0,0.0,0.0,-0.3163825757575758,0.06791584321475626,0.0,1.0,0.0,0.0,0.0,0.0,-0.2876420454545456,0.12935732323232338,0.0,1.0,0.0,0.0,0.0,0.0,0.05864898989898994,0.01649538866930174,0.0,1.0,0.0,0.0,9.924329418055571e-05,2.481082354513893e-06,0.04648042929292921,0.17317676767676785,0.0,1.0,0.0,0.0,0.0008257295780444464,4.954377468266678e-05
2026-03-26,Christian_Yelich,592885,hitter,MIL,CWS,2026,823812,12,158,145,1,681343.0,Shane_Smith,2.0,2.0,2.0,0.0,1.0,5.0,4.0,1.0,0.0,3.0,0.1111111111111111,0.49399999999999994,0.49399999999999994,0.0,0.0,59.279999999999994,13.837499999999999,10.125,6.692574992574992,1.0733333333333333,0.0,65.0,0,2.0,1.0,6.123233995736766e-17,0.43388373911755823,-0.900968867902419,0.5,0.5,0.5,0.5,0.5,0.5,0.5,0.5,0.5,0.5,synthetic,synthetic,synthetic,synthetic,synthetic,0.0,0.0,0.0,0.0,0.0,-110.0,-110.0,-110.0,-110.0,-110.0,-110.0,-110.0,-110.0,-110.0,-110.0,0.0,0.0,0.0,0.0,0.0,2026-08-07T03:26:40.888653+00:00,-0.028013666963667028,0.3570833333333333,0.3170787496287496,-0.33653333333333335,0.22849541629541636,0.4,1.0,0.6,0.2,0.6,0.0,0.0,0.0,0.0,0.0,batter_pitcher_profile_network_v2,0.4,0.1,0.8590165042944956,0.0,0.22447704782239244,-0.7387876157407407,0.08124999999999996,0.0,1.0,0.0,0.0,0.0,0.0,-0.4589409722222222,0.35687499999999994,0.0,1.0,0.0,0.0,0.0,0.0,-0.4311197916666666,0.803125,0.0,1.0,0.0,0.0,0.0,0.0,-0.044560185185185175,0.6849999999999999,0.0,1.0,0.0,0.0,0.0,0.0,-0.12628761574074074,0.7375,0.0,1.0,0.0,0.0,0.0,0.0
2026-03-28,Christian_Yelich,592885,hitter,MIL,CWS,2026,823811,13,158,145,1,680732.0,Sean_Burke,3.0,3.0,1.0,0.0,1.0,5.0,5.0,0.0,2.0,3.0,0.12195121951219512,0.534,0.534,0.0,0.0,64.08,5.8428571428571425,9.17142857142857,7.951221609116345,1.0733333333333333,0.0,63.0,0,2.0,1.0,6.123233995736766e-17,-0.9749279121818236,-0.2225209339563146,0.5,1.5,0.5,0.5,0.5,0.5,1.5,0.5,0.5,0.5,synthetic,synthetic,synthetic,synthetic,synthetic,0.0,0.0,0.0,0.0,0.0,-110.0,-110.0,-110.0,-110.0,-110.0,-110.0,-110.0,-110.0,-110.0,-110.0,0.0,0.0,0.0,0.0,0.0,2026-08-07T03:26:40.888653+00:00,0.6284944475116314,-0.08507926829268286,0.9516696170411831,-0.33653333333333335,0.6121757146021589,0.8,1.4,1.0,0.2,0.8,2.0,2.0,2.0,0.0,1.0,batter_pitcher_profile_network_v2,0.43333333333333335,0.15,0.7688034192112909,0.0,0.2550399038386592,-0.6228038558663557,-0.018903160679476567,0.0,1.0,0.0,0.0,-0.0011794763118726103,-0.00011794763118726103,-0.3952502913752912,0.06950114870509602,0.0,1.0,0.0,0.0,0.0,0.0,-0.32373907342657315,0.1991946649029982,0.0,1.0,0.0,0.0,0.0,0.0,-0.08977136752136756,0.20642244500139237,0.0,1.0,0.0,0.0,0.0,0.0,-0.06122168803418801,0.20983509700176364,0.0,1.0,0.0,0.0,0.0,0.0
2026-03-29,Christian_Yelich,592885,hitter,MIL,CWS,2026,823810,14,158,145,1,641743.0,Anthony_Kay,1.0,4.0,1.0,1.0,3.0,1.0,1.0,0.0,0.0,4.0,0.023809523809523808,2.1,2.1,3.0,30.0,65.0,7.12012987012987,9.487012987012987,7.703968861863599,1.0733333333333333,0.0,62.0,0,1.0,1.0,6.123233995736766e-17,-0.7818314824680299,0.6234898018587334,1.5,1.5,0.5,0.5,0.5,1.5,1.5,0.5,0.5,0.5,synthetic,synthetic,synthetic,synthetic,synthetic,0.0,0.0,0.0,0.0,0.0,-110.0,-110.0,-110.0,-110.0,-110.0,-110.0,-110.0,-110.0,-110.0,-110.0,0.0,0.0,0.0,0.0,0.0,2026-08-07T03:26:40.888653+00:00,-0.1339918948761054,4.12845,1.5269484430931803,0.3484666666666666,0.6822388718909036,1.2,1.2,1.0,0.0,0.4,3.0,3.0,1.0,0.0,1.0,batter_pitcher_profile_network_v2,0.4666666666666667,0.25,0.7062385644504453,0.0,0.2992047772970384,-0.5355699404761906,0.21136688311688298,0.0,1.0,0.0,0.0,0.0,0.0,-0.3460803571428571,0.3747378246753246,0.0,1.0,0.0,0.0,0.0,0.0,-0.2346205357142858,0.43817126623376623,0.0,1.0,0.0,0.0,0.0,0.0,-0.12471428571428564,0.5356753246753247,0.0,1.0,0.0,0.0,0.0,0.0,0.010858630952380932,0.45265043290043283,0.0,1.0,0.0,0.0,0.0006738132953924184,4.0428797723545105e-05
2026-03-30,Christian_Yelich,592885,hitter,MIL,TB,2026,823809,15,158,139,1,607259.0,Nick_Martinez,0.0,0.0,0.0,0.0,0.0,4.0,4.0,0.0,2.0,3.0,0.1111111111111111,0.0,0.0,0.0,0.0,10.0,15.25,5.75,6.8809262166405025,1.0733333333333333,0.0,64.0,0,1.0,1.0,6.123233995736766e-17,0.0,1.0,1.5,1.5,0.5,0.5,0.5,1.5,1.5,0.5,0.5,0.5,synthetic,synthetic,synthetic,synthetic,synthetic,0.0,0.0,0.0,0.0,0.0,-110.0,-110.0,-110.0,-110.0,-110.0,-110.0,-110.0,-110.0,-110.0,-110.0,0.0,0.0,0.0,0.0,0.0,2026-08-07T03:26:40.888653+00:00,0.01360371533228677,0.3179058999036528,0.45178753262255156,-0.23577087190709312,0.8449476821685493,1.4,2.0,1.0,0.2,1.0,1.0,4.0,1.0,1.0,3.0,batter_pitcher_profile_network_v2,0.5,0.15,0.8336410980934741,0.0,0.2871818448225324,-0.10431666666666718,0.9460937500000001,0.0,2.0,0.0,0.0,0.0,0.0,0.24519999999999967,0.956875,0.0,2.0,0.0,0.0,0.01951604106449751,0.0031225665703196017,0.27499999999999974,0.8666666666666667,0.0,2.0,0.0,0.0,0.019824435810527653,0.0009912217905263827,0.38318333333333326,0.956875,0.0,2.0,0.0,0.0,0.03049845704961003,0.0007624614262402509,0.6944333333333331,0.9333333333333333,0.0,2.0,0.0,0.0,0.053911744497623496,0.0032347046698574097
2026-03-31,Christian_Yelich,592885,hitter,MIL,TB,2026,823807,16,158,139,1,663556.0,Shane_McClanahan,0.0,0.0,0.0,0.0,0.0,4.0,3.0,1.0,1.0,4.0,0.1111111111111111,0.1725,0.1725,0.0,0.0,20.7,0.0,9.627272727272727,6.6054160125588695,1.0733333333333333,0.0,65.0,0,1.0,1.0,6.123233995736766e-17,0.7818314824680298,0.6234898018587336,1.5,1.5,0.5,0.5,0.5,1.5,1.5,0.5,0.5,0.5,synthetic,synthetic,synthetic,synthetic,synthetic,0.0,0.0,0.0,0.0,0.0,-110.0,-110.0,-110.0,-110.0,-110.0,-110.0,-110.0,-110.0,-110.0,-110.0,0.0,0.0,0.0,0.0,0.0,2026-08-07T03:26:40.888653+00:00,-0.4644622904966704,-0.2963285069573509,0.2524873745742201,-0.3377109849392671,0.39449398289733795,1.2,1.8,0.8,0.2,1.0,0.0,0.0,0.0,0.0,0.0,batter_pitcher_profile_network_v2,0.5333333333333333,0.15,0.7095484328654293,0.0,0.3061287142127644,-0.14106944444444447,-0.8459488636363637,0.0,2.0,0.0,0.0,-0.01848627968722116,-0.001848627968722116,0.21919791666666666,-0.8718863636363636,0.0,2.0,0.0,0.0,-0.029605251816775695,-0.004736840290684111,0.2625,-0.6927272727272725,0.0,2.0,0.0,0.0,-0.028168521074469082,-0.0014084260537234542,0.3487743055555556,-0.8718863636363636,0.0,2.0,0.0,0.0,-0.047106064237350004,-0.0011776516059337503,0.6764305555555555,-0.8260606060606059,0.0,2.0,0.0,0.0,-0.08655807328787095,-0.005193484397272257
2026-04-01,Christian_Yelich,592885,hitter,MIL,TB,2026,823806,17,158,139,1,656876.0,Drew_Rasmussen,2.0,2.0,1.0,0.0,2.0,4.0,4.0,0.0,2.0,3.0,0.1111111111111111,0.445,0.445,0.0,0.0,53.4,5.055882352941176,5.788235294117647,6.872448979591837,1.0733333333333333,0.0,62.0,0,1.0,0.8660254037844387,-0.4999999999999998,0.9749279121818236,-0.22252093395631434,1.5,1.5,0.5,0.5,0.5,1.5,1.5,0.5,0.5,0.5,synthetic,synthetic,synthetic,synthetic,synthetic,0.0,0.0,0.0,0.0,0.0,-110.0,-110.0,-110.0,-110.0,-110.0,-110.0,-110.0,-110.0,-110.0,-110.0,0.0,0.0,0.0,0.0,0.0,2026-08-07T03:26:40.888653+00:00,-0.27398047218887567,-0.16695255264756415,0.4273270576398811,-0.3358990128401069,0.49608553558072654,1.2,1.8,0.8,0.2,1.0,0.0,0.0,0.0,0.0,0.0,batter_pitcher_profile_network_v2,0.5666666666666667,0.2,0.7922096430281277,0.0,0.3339241970791442,-0.1901475659229209,0.5031920088790235,0.0,2.0,0.0,0.0,0.0,0.0,0.17796044624746454,0.600741352201258,0.0,2.0,0.0,0.0,0.012588212619391656,0.0020141140191026648,0.2062643678160921,0.16849101307189557,0.0,2.0,0.0,0.0,0.0040921732057839924,0.00020460866028919962,0.32540686274509806,0.6621996855345914,0.0,2.0,0.0,0.0,0.02537281972905788,0.0006343204932264471,0.6242058823529415,0.29397712418300664,0.0,2.0,0.0,0.0,0.021606998907798797,0.0012964199344679278
2026-04-04,Christian_Yelich,592885,hitter,MIL,KC,2026,824132,18,158,118,0,679883.0,Luinder_Avila,2.0,2.0,2.0,0.0,0.0,5.0,5.0,0.0,2.0,4.0,0.125,0.356,0.356,0.0,0.0,42.72,0.0,13.5,8.395408163265307,1.06,0.0,47.0,0,3.0,0.8660254037844387,-0.4999999999999998,-0.9749279121818236,-0.2225209339563146,1.5,1.5,0.5,0.5,1.5,1.5,1.5,0.5,0.5,1.5,synthetic,synthetic,synthetic,synthetic,synthetic,0.0,0.0,0.0,0.0,0.0,-110.0,-110.0,-110.0,-110.0,-110.0,-110.0,-110.0,-110.0,-110.0,-110.0,0.0,0.0,0.0,0.0,0.0,2026-08-07T03:26:40.888653+00:00,-0.3746336734693878,0.07975000000000021,0.4738204081632653,-0.3408,0.016570408163265604,1.2,1.8,0.6,0.2,1.2,2.0,2.0,1.0,0.0,2.0,batter_pitcher_profile_network_v2,0.6,0.0,1.0,0.0,0.3,-0.16409104938271585,0.0,0.0,3.0,0.0,0.0,0.0,0.0,0.19910185185185206,0.0,0.0,3.0,0.0,0.0,0.0,0.0,0.22437500000000027,0.0,0.0,3.0,0.0,0.0,0.0,0.0,0.32482098765432105,0.0,0.0,3.0,0.0,0.0,0.0,0.0,0.6509089506172843,0.0,0.0,3.0,0.0,0.0,0.0,0.0
2026-04-04,Christian_Yelich,592885,hitter,MIL,KC,2026,824134,19,158,118,0,607625.0,Seth_Lugo,0.0,0.0,0.0,0.0,0.0,3.0,3.0,0.0,0.0,3.0,0.08333333333333333,0.0,0.0,0.0,0.0,10.0,2.25,6.631578947368421,8.395408163265307,1.06,0.0,55.0,0,0.0,0.8660254037844387,-0.4999999999999998,-0.9749279121818236,-0.2225209339563146,0.5,1.5,0.5,0.5,0.5,0.5,1.5,0.5,0.5,0.5,synthetic,synthetic,synthetic,synthetic,synthetic,0.0,0.0,0.0,0.0,0.0,-110.0,-110.0,-110.0,-110.0,-110.0,-110.0,-110.0,-110.0,-110.0,-110.0,0.0,0.0,0.0,0.0,0.0,2026-08-07T03:26:40.888653+00:00,0.8087686453257623,-0.2501890717152089,0.5033257451289788,-0.3408650174083316,0.4040350632119748,1.0,1.6,0.8,0.2,1.0,2.0,2.0,2.0,0.0,0.0,batter_pitcher_profile_network_v2,0.6333333333333333,0.1,0.89969248375862,0.0,0.34064543374062356,-0.16693786549707584,-0.09624216700108044,0.0,3.0,0.0,0.0,-0.0010206716976221412,-0.00010206716976221412,0.19615350877193,-0.11990748958172555,0.0,3.0,0.0,0.0,-0.0014941982200545483,-0.00023907171520872773,0.21044956140350898,-0.2912055422647527,0.0,3.0,0.0,0.0,-0.0038932606857303357,-0.0001946630342865168,0.3180511695906433,-0.12871430776354373,0.0,3.0,0.0,0.0,-0.0026006963332636792,-6.501740833159199e-05,0.6455621345029241,-0.29883811802232846,0.0,3.0,0.0,0.0,-0.012255749188176308,-0.0007353449512905784
2026-04-05,Christian_Yelich,592885,hitter,MIL,KC,2026,824131,20,158,118,0,663460.0,Kris_Bubic,2.0,5.0,2.0,0.0,1.0,5.0,5.0,0.0,1.0,4.0,0.11363636363636363,0.5780000000000001,0.5780000000000001,0.6,30.0,65.0,0.5,9.0,8.073979591836736,1.06,0.0,56.0,0,1.0,0.8660254037844387,-0.4999999999999998,-0.7818314824680299,0.6234898018587334,0.5,0.5,0.5,0.5,0.5,0.5,0.5,0.5,0.5,0.5,synthetic,synthetic,synthetic,synthetic,synthetic,0.0,0.0,0.0,0.0,0.0,-110.0,-110.0,-110.0,-110.0,-110.0,-110.0,-110.0,-110.0,-110.0,-110.0,0.0,0.0,0.0,0.0,0.0,2026-08-07T03:26:40.888653+00:00,0.3078778574930393,0.9854021318329127,0.425082714176121,-0.2565105693887664,0.1862657188382869,0.8,0.8,0.6,0.0,0.4,0.0,0.0,0.0,0.0,0.0,batter_pitcher_profile_network_v2,0.6666666666666666,0.25,0.7302870002372834,0.0,0.39846829395106653,-0.2575170634920636,-0.6320821917808219,0.0,3.0,0.0,0.0,-0.029267807258845688,-0.002926780725884569,0.10284880952380958,-0.6214400684931507,0.0,3.0,0.0,0.0,-0.011492357862477915,-0.0018387772579964664,0.10689880952380951,-0.46623573059360734,0.0,3.0,0.0,0.0,-0.008961671950682742,-0.00044808359753413713,0.26565555555555576,-0.595027397260274,0.0,3.0,0.0,0.0,-0.028422775550654696,-0.0007105693887663675,0.5281972222222223,-0.6088698630136986,0.0,3.0,0.0,0.0,-0.05782707316522668,-0.0034696243899136007
2026-04-06,Christian_Yelich,592885,hitter,MIL,BOS,2026,824783,21,158,111,0,678394.0,Brayan_Bello,3.0,4.0,1.0,0.0,1.0,5.0,4.0,1.0,1.0,3.0,0.10869565217391304,0.748,0.748,0.25,21.25,65.0,3.214285714285714,8.985714285714286,5.238311688311689,1.08,9.0,46.0,0,1.0,0.8660254037844387,-0.4999999999999998,0.0,1.0,1.5,1.5,0.5,0.5,0.5,1.5,1.5,0.5,0.5,0.5,synthetic,synthetic,synthetic,synthetic,synthetic,0.0,0.0,0.0,0.0,0.0,-110.0,-110.0,-110.0,-110.0,-110.0,-110.0,-110.0,-110.0,-110.0,-110.0,0.0,0.0,0.0,0.0,0.0,2026-08-07T03:26:40.888653+00:00,-0.294496288660109,0.9669969044582389,0.9166441330729089,-0.3592360362072806,0.3877756865678398,1.2,1.8,1.0,0.0,0.6,2.0,5.0,2.0,0.0,1.0,batter_pitcher_profile_network_v2,0.7,0.15,0.8440312374899901,0.0,0.3869909260111214,-0.16150859788359753,-0.1468728470111449,0.0,4.0,0.0,0.0,-0.0025898393584767496,-0.00025898393584767497,0.19219444444444475,-0.28258835697399526,0.0,4.0,0.0,0.0,-0.005929673222968106,-0.000948747715674897,0.18282738095238135,-0.37871626984126977,0.0,4.0,0.0,0.0,-0.007559461636126779,-0.000377973081806339,0.3634219576719578,-0.4647808172914555,0.0,4.0,0.0,0.0,-0.018441448291225696,-0.0004610362072806424,0.6047414021164024,-0.3448174603174603,0.0,4.0,0.0,0.0,-0.022766413404439727,-0.0013659848042663835
2026-04-07,Christian_Yelich,592885,hitter,MIL,BOS,2026,824780,22,158,111,0,676979.0,Garrett_Crochet,0.0,0.0,0.0,0.0,1.0,1.0,1.0,0.0,0.0,1.0,0.02857142857142857,0.0,0.0,0.0,0.0,10.0,5.7749999999999995,9.887500000000001,4.954698242933538,1.08,0.0,42.0,0,1.0,0.8660254037844387,-0.4999999999999998,0.7818314824680298,0.6234898018587336,1.5,2.5,1.5,0.5,0.5,1.5,2.5,1.5,0.5,0.5,synthetic,synthetic,synthetic,synthetic,synthetic,0.0,0.0,0.0,0.0,0.0,-110.0,-110.0,-110.0,-110.0,-110.0,-110.0,-110.0,-110.0,-110.0,-110.0,0.0,0.0,0.0,0.0,0.0,2026-08-07T03:26:40.888653+00:00,0.060879596384008305,-0.3995912871505891,-0.6012808901887989,-0.4742856333056993,0.19335531114280036,1.8,2.6,1.2,0.0,0.8,3.0,4.0,1.0,0.0,1.0,batter_pitcher_profile_network_v2,0.7333333333333333,0.25,0.8206554138053129,0.0,0.4290340946188789,-0.04163888888888878,0.14236033652897784,0.0,4.0,0.0,0.0,0.0,0.0,0.28737878787878796,0.09238985185623548,0.0,4.0,0.0,0.0,0.0034919553088157045,0.0005587128494105127,0.2982954545454547,0.11939227357609714,0.0,4.0,0.0,0.0,0.004683953290482381,0.00023419766452411903,0.4093317550505051,0.08497563616996098,0.0,4.0,0.0,0.0,0.00457466777202836,0.000114366694300709,0.6933611111111111,0.18649603174603177,0.0,4.0,0.0,0.0,0.017006649935389175,0.0010203989961233505
2026-04-08,Christian_Yelich,592885,hitter,MIL,BOS,2026,824779,23,158,111,0,543243.0,Sonny_Gray,1.0,1.0,0.0,0.0,0.0,4.0,4.0,0.0,1.0,3.0,0.11764705882352941,0.2225,0.2225,0.0,0.0,26.7,4.25,9.75,3.5521008403361347,1.08,-8.0,43.0,0,1.0,0.8660254037844387,-0.4999999999999998,0.9749279121818236,-0.22252093395631434,1.5,2.5,0.5,0.5,0.5,1.5,2.5,0.5,0.5,0.5,synthetic,synthetic,synthetic,synthetic,synthetic,0.0,0.0,0.0,0.0,0.0,-110.0,-110.0,-110.0,-110.0,-110.0,-110.0,-110.0,-110.0,-110.0,-110.0,0.0,0.0,0.0,0.0,0.0,2026-08-07T03:26:40.888653+00:00,-0.5449314093260437,-1.0036448189690648,0.2763512828877962,-0.4737948760990856,0.15988413387054,1.4,2.2,1.0,0.0,0.6,0.0,0.0,0.0,0.0,1.0,batter_pitcher_profile_network_v2,0.7666666666666667,0.25,0.7127929447220438,0.0,0.44900404940122074,-0.11453160225442831,-0.0753214285714286,0.0,5.0,0.605426985583427,0.013814979037500756,-0.0018995274341046696,-0.00018995274341046696,0.21344753086419754,-0.046488392857142874,0.0,5.0,0.6084835411532705,0.03107992273009455,0.04443495497275649,0.007109592795641039,0.22013050187869038,-0.034118750000000045,0.0,5.0,0.6426717281424805,0.02937270472979974,0.027718935066844738,0.001385946753342237,0.36632336956521727,-0.014457142857142844,0.0,5.0,0.5803552183034184,0.02537109091035047,0.024204956036574708,0.0006051239009143678,0.598465579710145,-0.0063583333333333755,0.0,5.0,0.6246165811981852,0.049476083268019826,0.03626917795437715,0.002176150677262629
2026-04-10,Christian_Yelich,592885,hitter,MIL,WSH,2026,823808,24,158,120,1,663623.0,Jake_Irvin,0.0,0.0,0.0,0.0,0.0,4.0,4.0,0.0,1.0,3.0,0.1111111111111111,0.0,0.0,0.0,0.0,10.0,5.7,10.200000000000001,8.972448979591837,1.0733333333333333,0.0,65.0,0,2.0,0.8660254037844387,-0.4999999999999998,-0.433883739117558,-0.9009688679024191,1.5,1.5,0.5,0.5,0.5,1.5,1.5,0.5,0.5,0.5,synthetic,synthetic,synthetic,synthetic,synthetic,0.0,0.0,0.0,0.0,0.0,-110.0,-110.0,-110.0,-110.0,-110.0,-110.0,-110.0,-110.0,-110.0,-110.0,0.0,0.0,0.0,0.0,0.0,2026-08-07T03:26:40.888653+00:00,-0.25656870748299343,-0.09808950468119626,0.1603056981124258,-0.4756183399181867,0.19864224201244574,1.2,2.0,0.6,0.0,0.6,1.0,1.0,0.0,0.0,0.0,batter_pitcher_profile_network_v2,0.8,0.2,0.7337855789394152,0.0,0.45202225331598433,-0.13432375068082802,0.09546153846153851,0.0,6.0,0.7828385391393016,0.014603696674624725,0.0,0.0,0.17150908905228748,0.14013107287449394,0.0,6.0,0.7743252965640988,0.026284171446449893,0.04454476240919203,0.007127161985470725,0.1921453737745098,0.15154166666666666,0.0,6.0,0.8103200240542212,0.012463671018376398,0.018664982656679742,0.0009332491328339871,0.3096304976851851,0.15674291497975712,0.0,6.0,0.7373008548392789,0.02626371960772483,0.036599736605867156,0.000914993415146679,0.5385193865740739,0.23172807017543864,0.0,6.0,0.7836437652732768,0.06130050083232469,0.07255210610311874,0.004353126366187125
2026-04-11,Christian_Yelich,592885,hitter,MIL,WSH,2026,823805,25,158,120,1,656492.0,Foster_Griffin,0.0,0.0,0.0,0.0,0.0,4.0,2.0,2.0,1.0,4.0,0.1111111111111111,0.345,0.345,0.0,0.0,41.4,3.6,9.6,7.258163265306123,1.0733333333333333,0.0,67.0,0,1.0,0.8660254037844387,-0.4999999999999998,-0.9749279121818236,-0.2225209339563146,1.5,1.5,0.5,0.5,0.5,1.5,1.5,0.5,0.5,0.5,synthetic,synthetic,synthetic,synthetic,synthetic,0.0,0.0,0.0,0.0,0.0,-110.0,-110.0,-110.0,-110.0,-110.0,-110.0,-110.0,-110.0,-110.0,-110.0,0.0,0.0,0.0,0.0,0.0,2026-08-07T03:26:40.888653+00:00,-0.4267451613380937,-0.08511443189758316,0.2535596598336337,-0.4771629476518411,0.21230905929144173,1.2,2.0,0.6,0.0,0.6,0.0,0.0,0.0,0.0,0.0,batter_pitcher_profile_network_v2,0.8333333333333334,0.25,0.7252528745110989,0.0,0.4819557973847643,-0.19901611423220986,-0.20593430232558135,0.0,7.0,0.8502909892899666,0.010366255206083948,-0.009383586170052891,-0.0009383586170052891,0.093901479400749,-0.24512267441860458,0.0,7.0,0.8356408602829762,0.02373095569093054,0.030326467306772343,0.004852234769083575,0.11625397940074905,-0.30504709302325567,0.0,7.0,0.8276816413162468,0.011149381704576734,0.003029931366549058,0.0001514965683274529,0.25005083333333333,-0.33618372093023247,0.0,7.0,0.7805698654372261,-0.00593784525093988,-0.025184572740309295,-0.0006296143185077325,0.4370091666666666,-0.29675736434108513,0.0,7.0,0.803912721245076,0.04479484146649748,0.003903822657813378,0.00023422935946880268
2026-04-12,Christian_Yelich,592885,hitter,MIL,WSH,2026,823804,26,158,120,1,641793.0,Zack_Littell,0.0,0.0,0.0,0.0,0.0,2.0,2.0,0.0,0.0,3.0,0.05263157894736842,0.0,0.0,0.0,0.0,10.0,5.7749999999999995,7.575,7.057792207792208,1.0733333333333333,0.0,68.0,0,1.0,0.8660254037844387,-0.4999999999999998,-0.7818314824680299,0.6234898018587334,0.5,0.5,0.5,0.5,0.5,0.5,0.5,0.5,0.5,0.5,synthetic,synthetic,synthetic,synthetic,synthetic,0.0,0.0,0.0,0.0,0.0,-110.0,-110.0,-110.0,-110.0,-110.0,-110.0,-110.0,-110.0,-110.0,-110.0,0.0,0.0,0.0,0.0,0.0,2026-08-07T03:26:40.888653+00:00,0.3136431309732256,0.07409127422014061,-0.2662224100026762,-0.4774531640013807,-0.10438679459454575,0.8,1.0,0.2,0.0,0.4,0.0,0.0,0.0,0.0,0.0,batter_pitcher_profile_network_v2,0.8666666666666667,0.15,0.8207998123872755,0.0,0.47075113678071717,-0.18736418700027557,-0.1673526348039216,0.0,8.0,1.0230758669897813,0.0026483147075338723,-0.004869783910943858,-0.00048697839109438577,0.08201824855252289,-0.367109068627451,0.0,8.0,0.9380594795906985,0.01631578047954643,0.01979743756008934,0.0031675900096142947,0.12077065239867685,0.10882761437908509,0.0,8.0,1.0758181247256835,-0.0055974232403477615,-0.003556197319416326,-0.0001778098659708163,0.2084730235042735,-0.5267291666666666,0.0,8.0,0.843491853147621,-0.01973916676069077,-0.036793226721895264,-0.0009198306680473817,0.4147791132478633,-0.05924836601307179,0.0,8.0,1.0461318477436818,0.04573017669042033,0.03048096956230861,0.0018288581737385165
2026-05-12,Christian_Yelich,592885,hitter,MIL,SD,2026,823790,27,158,135,1,699134.0,Bradgley_Rodriguez,0.0,0.0,0.0,0.0,0.0,4.0,4.0,0.0,2.0,3.0,0.1111111111111111,0.0,0.0,0.0,0.0,10.0,3.0,6.0,1.2613636363636365,1.0733333333333333,0.0,66.0,0,30.0,0.49999999999999994,-0.8660254037844387,0.7818314824680298,0.6234898018587336,0.5,0.5,0.5,0.5,0.5,0.5,0.5,0.5,0.5,0.5,synthetic,synthetic,synthetic,synthetic,synthetic,0.0,0.0,0.0,0.0,0.0,-110.0,-110.0,-110.0,-110.0,-110.0,-110.0,-110.0,-110.0,-110.0,-110.0,0.0,0.0,0.0,0.0,0.0,2026-08-07T03:26:40.888653+00:00,-0.1708272156230496,-0.35662490371931244,-0.49972439873858543,-0.47706762950860104,-0.46347966570763205,0.2,0.2,0.0,0.0,0.2,0.0,0.0,0.0,0.0,0.0,batter_pitcher_profile_network_v2,0.9,0.05,0.9425,0.0,0.4617271875,-0.2304305149447695,-0.404,0.0,8.0,0.9119296461677818,0.006017642553311118,-0.004817610775950295,-0.00048176107759502956,0.023386858349577613,-0.5039999999999999,0.0,8.0,0.8559965747039975,0.019538996306958697,0.028698518420964363,0.004591762947354298,0.06722404970760243,-0.8399999999999999,0.0,8.0,0.6007122249067082,0.008434254669080809,0.005512025228291332,0.00027560126141456664,0.15705324074074076,-0.5039999999999999,0.0,8.0,0.8566796161553893,-0.01727558438570615,-0.02137184701070615,-0.0005342961752676538,0.3278711419753088,-0.8399999999999999,0.0,8.0,0.5908947927881948,0.01423642933376493,-0.003575236541342973,-0.00021451419248057836
2026-05-17,Christian_Yelich,592885,hitter,MIL,MIN,2026,823708,28,158,142,0,641927.0,Bailey_Ober,1.0,4.0,1.0,1.0,1.0,5.0,5.0,0.0,1.0,4.0,0.11904761904761904,0.42000000000000004,0.42000000000000004,0.6,30.0,65.0,3.5,5.133333333333334,2.7857142857142856,1.08,-13.0,62.0,0,5.0,0.49999999999999994,-0.8660254037844387,-0.7818314824680299,0.6234898018587334,0.5,0.5,0.5,0.5,0.5,0.5,0.5,0.5,0.5,0.5,synthetic,synthetic,synthetic,synthetic,synthetic,0.0,0.0,0.0,0.0,0.0,-110.0,-110.0,-110.0,-110.0,-110.0,-110.0,-110.0,-110.0,-110.0,-110.0,0.0,0.0,0.0,0.0,0.0,2026-08-07T03:26:40.888653+00:00,-0.06983809523809525,0.5640197836848462,-0.302836803586799,-0.2491302321348211,-0.3858763340678609,0.2,0.2,0.0,0.0,0.0,0.0,0.0,0.0,0.0,0.0,batter_pitcher_profile_network_v2,0.9333333333333333,0.65,0.6044592239950441,0.0,0.6460366009560613,-0.3227858270202021,0.01827789920822912,0.0,8.0,1.0576322698473504,0.0065408864760514275,0.0,0.0,-0.06596667568542572,-0.003154251515700828,0.0,8.0,1.0494706923274753,0.01825864236477253,0.027311148030289115,0.004369783684846258,-0.021276943542568455,-0.06466664007242556,0.0,8.0,1.071256707530917,0.0030575885859907663,0.00254964254973472,0.000127482127486736,0.10930629960317448,0.01984015146937379,0.0,8.0,1.009512003462334,0.009990109763079123,0.010790714607155867,0.0002697678651788967,0.24484945436507943,-0.08205159032118178,0.0,8.0,1.0415517287430895,0.05073238224109277,0.030632527440412654,0.0018379516464247592
2026-05-18,Christian_Yelich,592885,hitter,MIL,CHC,2026,824680,29,158,112,0,684007.0,Shota_Imanaga,2.0,6.0,2.0,1.0,2.0,5.0,4.0,1.0,1.0,4.0,0.12195121951219512,0.812,0.812,1.0,30.0,65.0,1.357142857142857,9.714285714285715,5.23116169544741,1.0522222222222224,15.0,77.0,0,1.0,0.49999999999999994,-0.8660254037844387,0.0,1.0,0.5,0.5,0.5,0.5,0.5,0.5,0.5,0.5,0.5,0.5,synthetic,synthetic,synthetic,synthetic,synthetic,0.0,0.0,0.0,0.0,0.0,-110.0,-110.0,-110.0,-110.0,-110.0,-110.0,-110.0,-110.0,-110.0,-110.0,0.0,0.0,0.0,0.0,0.0,2026-08-07T03:26:40.888653+00:00,-0.003920906187477757,2.1554952873593485,0.3080130671811455,0.08444743114329645,0.1537230454297922,0.2,0.8,0.2,0.2,0.2,1.0,4.0,1.0,1.0,1.0,batter_pitcher_profile_network_v2,0.9666666666666667,0.65,0.5493372556531482,0.0,0.6670923543519514,-0.2764699565281463,-0.31451335244703993,0.0,9.0,1.3725784299276689,0.015047467314064505,-0.03788047640682076,-0.003788047640682076,-0.004028183023872818,-0.15952553672651892,0.0,9.0,1.4675899394915581,0.07355283199763263,0.11004930615853069,0.01760788898536491,0.0055357537577366,-0.18331539323878024,0.0,9.0,1.4881079260942065,0.02937099975706944,0.028928916468181305,0.0014464458234090653,0.20876987547892698,0.00838440951004027,0.0,9.0,1.46333304234552,0.10869025060458468,0.10945280128741496,0.002736320032185374,0.3012124042145593,-0.1557743239436787,0.0,9.0,1.4729575346481059,0.07503938581811355,0.03583877518467146,0.0021503265110802876
2026-05-19,Christian_Yelich,592885,hitter,MIL,CHC,2026,824677,30,158,112,0,676962.0,Ben_Brown,1.0,2.0,0.0,0.0,0.0,5.0,5.0,0.0,3.0,4.0,0.11904761904761904,0.254,0.254,0.2,17.0,39.480000000000004,3.0,10.5,4.542386185243329,1.0522222222222224,15.0,72.0,0,1.0,0.49999999999999994,-0.8660254037844387,0.7818314824680298,0.6234898018587336,0.5,1.5,0.5,0.5,0.5,0.5,1.5,0.5,0.5,0.5,synthetic,synthetic,synthetic,synthetic,synthetic,0.0,0.0,0.0,0.0,0.0,-110.0,-110.0,-110.0,-110.0,-110.0,-110.0,-110.0,-110.0,-110.0,-110.0,0.0,0.0,0.0,0.0,0.0,2026-08-07T03:26:40.888653+00:00,0.31467686055975874,0.9647858092775246,0.36214429305665685,-0.01016133397409874,0.3795943606787744,0.6,2.0,0.6,0.4,0.6,2.0,6.0,2.0,1.0,2.0,batter_pitcher_profile_network_v2,1.0,0.2,0.8125390625000001,0.0,0.55009279296875,-0.17658661017669056,-0.831318181818182,0.0,10.0,1.2158964588106174,0.0452878991509084,-0.027519201833078207,-0.002751920183307821,0.1302178771661569,-0.8679545454545455,0.0,10.0,1.12426453853416,0.08566305069767577,0.10730714131786169,0.01716914261085787,0.10760884938837925,-0.5744353448275861,0.0,10.0,1.5828724516009498,0.10308744748734838,0.09149967588980622,0.004574983794490311,0.3516025462962961,-0.8679545454545455,0.0,10.0,1.0763196293455846,0.08231059348917505,0.025102196591604425,0.0006275549147901106,0.44665115740740724,-0.684780172413793,0.0,10.0,1.404571331506189,0.10478300997249168,0.021250856943466775,0.0012750514166080065
2026-05-20,Christian_Yelich,592885,hitter,MIL,CHC,2026,824678,31,158,112,0,665795.0,Edward_Cabrera,0.0,0.0,0.0,0.0,0.0,5.0,5.0,0.0,2.0,4.0,0.125,0.0,0.0,0.0,0.0,10.0,6.428571428571428,8.885714285714286,5.185243328100471,1.0522222222222224,-15.0,56.0,0,1.0,0.49999999999999994,-0.8660254037844387,0.9749279121818236,-0.22252093395631434,0.5,2.5,0.5,0.5,0.5,0.5,2.5,0.5,0.5,0.5,synthetic,synthetic,synthetic,synthetic,synthetic,0.0,0.0,0.0,0.0,0.0,-110.0,-110.0,-110.0,-110.0,-110.0,-110.0,-110.0,-110.0,-110.0,-110.0,0.0,0.0,0.0,0.0,0.0,2026-08-07T03:26:40.888653+00:00,0.3623922952226146,-0.6686703608321152,-0.014845258040058318,-0.19723266832356023,0.03388253075827441,0.8,2.4,0.6,0.4,0.6,1.0,2.0,0.0,0.0,0.0,batter_pitcher_profile_network_v2,1.0,0.65,0.5212897491757917,1.0,0.7047423037218776,-0.4087807995495498,0.3183233271959389,0.1111111111111111,11.0,1.7874108967866202,0.04393830647394532,0.08451609717643287,0.008451609717643287,-0.1426621996996999,0.4108912869973811,0.1111111111111111,11.0,1.7136586051986622,0.12495998730412011,0.271956078132613,0.043512972501218085,-0.13286289414414434,0.39407888013383846,0.08888888888888889,11.0,1.7577373999431292,0.08523863335721664,0.15285151109836292,0.0076425755549181466,0.16069236111111107,0.5049007635316771,0.1111111111111111,11.0,1.619234254356369,0.11889319356104226,0.24224882261314384,0.006056220565328597,0.18451874999999987,0.4439653121434654,0.1037037037037037,11.0,1.6828398401898867,0.12298907681773558,0.21033940588751276,0.012620364353250766
2026-05-22,Christian_Yelich,592885,hitter,MIL,LAD,2026,823788,32,158,119,1,680736.0,Justin_Wrobleski,0.0,0.0,0.0,0.0,0.0,4.0,3.0,1.0,0.0,4.0,0.11764705882352941,0.1725,0.1725,0.0,0.0,20.7,3.4230769230769234,4.923076923076923,0.0,1.0733333333333333,0.0,57.0,0,2.0,0.49999999999999994,-0.8660254037844387,-0.433883739117558,-0.9009688679024191,0.5,2.5,0.5,0.5,0.5,0.5,2.5,0.5,0.5,0.5,synthetic,synthetic,synthetic,synthetic,synthetic,0.0,0.0,0.0,0.0,0.0,-110.0,-110.0,-110.0,-110.0,-110.0,-110.0,-110.0,-110.0,-110.0,-110.0,0.0,0.0,0.0,0.0,0.0,2026-08-07T03:26:40.888653+00:00,0.20816766222382965,-0.8783704090385678,-0.19277669068687509,-0.19316897150220336,-0.19026348056588333,0.8,2.4,0.6,0.4,0.6,0.0,0.0,0.0,0.0,0.0,batter_pitcher_profile_network_v2,1.0,0.45,0.7431906817104319,0.0,0.6165316136707124,-0.4273150340052445,-0.04431761294261291,0.0,12.0,2.4416282011540553,0.03127120977907332,-0.004863347595791301,-0.00048633475957913017,-0.16195045476892844,-0.22817200854700848,0.0,12.0,2.3213551362339633,0.14834318594812926,0.2130250170383643,0.03408400272613829,-0.16163726032448397,-0.34358887871387866,0.0,12.0,2.2598195196477473,0.08152266267775966,0.06726030390955696,0.0033630151954778483,0.15417384259259256,-0.3548089133089132,0.0,12.0,2.094805542424456,0.1486225216885204,0.1345744732452011,0.003364361831130028,0.14445856481481475,-0.3700075295075294,0.0,12.0,2.1732276875686467,0.12127060890667964,0.07722630429410143,0.004633578257646086
2026-05-23,Christian_Yelich,592885,hitter,MIL,LAD,2026,823787,33,158,119,1,808963.0,Roki_Sasaki,0.0,0.0,1.0,0.0,0.0,4.0,3.0,1.0,2.0,4.0,0.10810810810810811,0.1725,0.1725,0.0,0.0,20.7,3.728571428571429,8.428571428571429,0.0,1.0733333333333333,0.0,65.0,0,1.0,0.49999999999999994,-0.8660254037844387,-0.9749279121818236,-0.2225209339563146,0.5,2.5,0.5,0.5,0.5,0.5,2.5,0.5,0.5,0.5,synthetic,synthetic,synthetic,synthetic,synthetic,0.0,0.0,0.0,0.0,0.0,-110.0,-110.0,-110.0,-110.0,-110.0,-110.0,-110.0,-110.0,-110.0,-110.0,0.0,0.0,0.0,0.0,0.0,2026-08-07T03:26:40.888653+00:00,0.056690347490347515,-0.902944859240072,-0.2072658946387319,-0.19214943181994,-0.20043899737722742,0.8,2.4,0.6,0.4,0.6,0.0,0.0,0.0,0.0,0.0,batter_pitcher_profile_network_v2,1.0,0.5,0.648240526764609,0.0,0.6352952677356677,-0.4277762670565305,0.33183809523809515,0.0,13.0,2.502545028573223,0.004368879100381238,0.0,0.0,-0.16406812865497103,0.5000226190476189,0.0,13.0,2.250758413917597,0.083025361274476,0.124538041911714,0.01992608670587424,-0.16959868421052673,0.7371805555555555,0.0,13.0,1.776322669395022,0.017857782901037303,0.017857782901037303,0.0008928891450518652,0.15161828703703706,0.6977904761904761,0.0,13.0,1.9233860647717589,0.13814068329529497,0.17535606053573632,0.0043839015133934085,0.13101759259259227,0.7379444444444445,0.0,13.0,1.7892948204733032,0.08078450995700369,0.09459779146062272,0.005675867487637363
2026-05-25,Christian_Yelich,592885,hitter,MIL,STL,2026,823784,34,158,138,1,669461.0,Matthew_Liberatore,2.0,5.0,1.0,1.0,2.0,4.0,4.0,0.0,1.0,4.0,0.1111111111111111,0.7475,0.7475,0.75,30.0,65.0,5.4714285714285715,11.785714285714286,3.0520129870129873,1.0733333333333333,-8.0,80.0,0,2.0,0.49999999999999994,-0.8660254037844387,0.0,1.0,0.5,1.5,0.5,0.5,0.5,0.5,1.5,0.5,0.5,0.5,synthetic,synthetic,synthetic,synthetic,synthetic,0.0,0.0,0.0,0.0,0.0,-110.0,-110.0,-110.0,-110.0,-110.0,-110.0,-110.0,-110.0,-110.0,-110.0,0.0,0.0,0.0,0.0,0.0,2026-08-07T03:26:40.888653+00:00,-0.050671861471861424,0.7629302357012038,0.4069722961283131,-0.06885822069632952,-0.008769116405762611,0.6,1.6,0.6,0.2,0.4,0.0,0.0,1.0,0.0,0.0,batter_pitcher_profile_network_v2,1.0,0.65,0.5761400720632295,0.0,0.6816248467619653,-0.4284197564412241,0.24076524144787037,0.0,14.0,2.9409198329495494,-0.009603755070429114,0.0,0.0,-0.16630730676328528,0.2682091695467412,0.0,14.0,2.891358660661737,0.08238292653279411,0.12357438979919116,0.019771902367870586,-0.17351494565217437,0.22692330532601834,0.0,14.0,2.89298527598615,0.049932935553270816,0.049932935553270816,0.002496646777663541,0.14906273148148153,0.2674533031207485,0.0,14.0,2.8167601298866285,0.1901063461373712,0.20700450548015195,0.0051751126370037995,0.12007662037037004,0.27289878667379214,0.0,14.0,2.8238803128283254,0.08622679155304937,0.07855945961535563,0.004713567576921337
2026-05-26,Christian_Yelich,592885,hitter,MIL,STL,2026,823785,35,158,138,1,700241.0,Michael_McGreevy,3.0,4.0,1.0,0.0,0.0,5.0,5.0,0.0,0.0,1.0,0.13513513513513514,0.61,0.61,0.2,17.0,65.0,2.3,6.6000000000000005,3.9091558441558445,1.0733333333333333,0.0,81.0,0,1.0,0.49999999999999994,-0.8660254037844387,0.7818314824680298,0.6234898018587336,0.5,1.5,0.5,0.5,0.5,0.5,1.5,0.5,0.5,0.5,synthetic,synthetic,synthetic,synthetic,synthetic,0.0,0.0,0.0,0.0,0.0,-110.0,-110.0,-110.0,-110.0,-110.0,-110.0,-110.0,-110.0,-110.0,-110.0,0.0,0.0,0.0,0.0,0.0,2026-08-07T03:26:40.888653+00:00,0.561550849434955,0.65840954206113,0.30719624652339284,-0.1384046255208256,0.3396479624161708,0.6,1.4,0.4,0.2,0.4,2.0,5.0,1.0,1.0,2.0,batter_pitcher_profile_network_v2,1.0,0.65,0.5170544992706949,0.0,0.686329535495571,-0.22426385696040912,-0.1228634285001723,0.0,15.0,3.3920348102111206,0.02420530948426345,-0.013306996465940777,-0.0013306996465940778,0.04434137931034453,-0.0401668476865368,0.0,15.0,3.390878363018066,0.145956661549895,0.21807484058476315,0.03489197449356211,0.01232471264367771,-0.33872955321729825,0.0,15.0,3.017590463588524,0.06637985493481946,0.06436368090660724,0.003218184045330362,0.30693310185185196,0.05971741157272253,0.0,15.0,3.3119090128073103,0.21629628350306526,0.22514831250031164,0.005628707812507791,0.30945740740740724,-0.2922866519827303,0.0,15.0,3.0268407346483563,0.1309378740527531,0.05452085482432586,0.0032712512894595516
2026-05-27,Christian_Yelich,592885,hitter,MIL,STL,2026,823783,36,158,138,1,669160.0,Dustin_May,1.0,1.0,0.0,0.0,1.0,4.0,4.0,0.0,1.0,1.0,0.13333333333333333,0.2225,0.2225,0.0,0.0,26.7,4.75,8.9375,3.8020129870129873,1.0733333333333333,0.0,74.0,0,1.0,0.49999999999999994,-0.8660254037844387,0.9749279121818236,-0.22252093395631434,0.5,1.5,0.5,0.5,0.5,0.5,1.5,0.5,0.5,0.5,synthetic,synthetic,synthetic,synthetic,synthetic,0.0,0.0,0.0,0.0,0.0,-110.0,-110.0,-110.0,-110.0,-110.0,-110.0,-110.0,-110.0,-110.0,-110.0,0.0,0.0,0.0,0.0,0.0,2026-08-07T03:26:40.888653+00:00,0.8184055194805195,0.3543603558786488,0.21476931186304216,-0.3330886521900327,-0.10658703588889806,1.0,1.8,0.6,0.2,0.4,3.0,4.0,1.0,0.0,0.0,batter_pitcher_profile_network_v2,1.0,0.65,0.5299779157023118,0.0,0.6853005084622035,-0.10338037749287776,0.007167163916668731,0.0,16.0,3.9505294069493138,0.06070542991835504,0.0,0.0,0.14690876068376058,-0.19796667083695746,0.0,16.0,3.701359832493875,0.17238542967108203,0.24490847424155493,0.03918535587864879,0.1235101495726493,-0.2839025253943136,0.0,16.0,3.592334949786364,0.08735450101678162,0.07087325024785499,0.0035436625123927493,0.3654655092592594,-0.40387451755228587,0.0,16.0,3.1355300128547734,0.20716354235310777,0.13778724573202644,0.003444681143300661,0.3810106481481481,-0.30116377843567615,0.0,16.0,3.4940945343669743,0.08885158016453608,0.0127052460075417,0.0007623147604525019
2026-05-29,Christian_Yelich,592885,hitter,MIL,HOU,2026,824191,37,158,117,0,678906.0,Kai-Wei_Teng,0.0,0.0,2.0,0.0,0.0,5.0,4.0,1.0,1.0,1.0,0.125,0.13799999999999998,0.13799999999999998,0.0,0.0,16.56,3.0,8.200000000000001,2.5714285714285716,1.08,0.0,73.0,0,2.0,0.49999999999999994,-0.8660254037844387,-0.433883739117558,-0.9009688679024191,1.5,1.5,0.5,0.5,0.5,1.5,1.5,0.5,0.5,0.5,synthetic,synthetic,synthetic,synthetic,synthetic,0.0,0.0,0.0,0.0,0.0,-110.0,-110.0,-110.0,-110.0,-110.0,-110.0,-110.0,-110.0,-110.0,-110.0,0.0,0.0,0.0,0.0,0.0,2026-08-07T03:26:40.888653+00:00,-0.3519720263728996,0.006360394009306436,-0.0452534150029667,-0.3306001335615243,0.09435425721571267,1.2,2.0,0.6,0.2,0.6,1.0,1.0,0.0,0.0,1.0,batter_pitcher_profile_network_v2,1.0,0.25,0.8151710030151227,0.0,0.5625353880326619,-0.056055402542373026,-0.3016240740740741,0.0,17.0,4.0543887328115025,0.0629302181103956,-0.003125025633759529,-0.0003125025633759529,0.185154731638418,-0.4682212962962962,0.0,17.0,3.5897284351688854,0.14030894306201755,0.19443996255816512,0.03111039400930642,0.17935681497175113,-0.20446347736625503,0.0,17.0,4.177297896593368,0.04728116234804968,0.04050312851209629,0.0020251564256048146,0.3716506944444446,-0.5937999999999999,0.0,17.0,3.121145734181857,0.1927838632732544,0.1519946575390285,0.0037998664384757126,0.4246437499999998,-0.351775720164609,0.0,17.0,3.8808397035419238,0.08976459759510551,0.03971381073806676,0.0023828286442840055
2026-05-30,Christian_Yelich,592885,hitter,MIL,HOU,2026,824190,38,158,117,0,663567.0,Peter_Lambert,1.0,1.0,0.0,0.0,0.0,4.0,3.0,1.0,2.0,1.0,0.11428571428571428,0.395,0.395,0.0,0.0,47.400000000000006,5.585714285714285,8.571428571428571,2.185714285714286,1.08,0.0,73.0,0,1.0,0.49999999999999994,-0.8660254037844387,-0.9749279121818236,-0.2225209339563146,1.5,1.5,0.5,0.5,0.5,1.5,1.5,0.5,0.5,0.5,synthetic,synthetic,synthetic,synthetic,synthetic,0.0,0.0,0.0,0.0,0.0,-110.0,-110.0,-110.0,-110.0,-110.0,-110.0,-110.0,-110.0,-110.0,-110.0,0.0,0.0,0.0,0.0,0.0,2026-08-07T03:26:40.888653+00:00,-0.541774135653085,-0.0321520262994659,0.5987245391090548,-0.3297709376625766,-0.020670909227535672,1.2,2.0,1.0,0.2,0.6,0.0,0.0,2.0,0.0,0.0,batter_pitcher_profile_network_v2,1.0,0.4,0.7294258040870512,0.0,0.6042581355997345,-0.0478016203703709,-0.28190434946732656,0.0,18.0,4.243406632028402,0.053446666670165614,-0.0036461184356145443,-0.00036461184356145445,0.19469305555555524,-0.3852072707826524,0.0,18.0,3.9527996889248502,0.1328947583046968,0.1790498356283382,0.028647973700534114,0.19569791666666617,-0.12657554945054933,0.0,18.0,4.394051075391029,0.03547877388629644,0.02877649646680726,0.0014388248233403631,0.37408032407407416,-0.4216427103430919,0.0,18.0,3.7159429226225233,0.22783968567542112,0.18516249349693795,0.004629062337423449,0.4471983796296294,-0.23599175824175816,0.0,18.0,4.2164654201686975,0.08570403319731709,0.0357229414458345,0.00214337648675007
2026-05-31,Christian_Yelich,592885,hitter,MIL,HOU,2026,824187,39,158,117,0,837227.0,Tatsuya_Imai,0.0,0.0,0.0,0.0,0.0,4.0,4.0,0.0,3.0,1.0,0.125,0.0,0.0,0.0,0.0,10.0,6.428571428571428,6.464285714285714,2.185714285714286,1.08,0.0,73.0,0,1.0,0.49999999999999994,-0.8660254037844387,-0.7818314824680299,0.6234898018587334,1.5,2.5,0.5,0.5,0.5,1.5,2.5,0.5,0.5,0.5,synthetic,synthetic,synthetic,synthetic,synthetic,0.0,0.0,0.0,0.0,0.0,-110.0,-110.0,-110.0,-110.0,-110.0,-110.0,-110.0,-110.0,-110.0,-110.0,0.0,0.0,0.0,0.0,0.0,2026-08-07T03:26:40.888653+00:00,-0.14441917630731993,-0.9273014107295476,-0.011999491117012706,-0.3273957484501079,-0.12018991910978793,1.4,2.2,0.8,0.2,0.6,1.0,1.0,0.0,0.0,0.0,batter_pitcher_profile_network_v2,1.0,0.45,0.740971840133772,0.0,0.6166539273126258,-0.042028472222222266,-0.10728400735294122,0.0,19.0,4.7511572834081095,0.04909522738900704,-0.0011679535493926746,-0.00011679535493926747,0.14230416666666668,-0.0035110294117647878,0.0,19.0,4.7003556344096085,0.1482054014970897,0.2221786829403276,0.035548589270452416,0.20048958333333322,0.6015073529411765,0.0,19.0,3.488773481066272,0.018058142711553704,0.04929589194546066,0.0024647945972730333,0.23006180555555572,0.23417279411764702,0.0,19.0,4.3535667962476134,0.2662151230058605,0.2801700619956854,0.007004251549892135,0.3642215277777777,0.45161764705882357,0.0,19.0,3.9061927631027675,0.13262070344910576,0.14207277674162816,0.00852436660449769
2026-06-01,Christian_Yelich,592885,hitter,MIL,SF,2026,823781,40,158,137,1,694738.0,Landen_Roupp,3.0,3.0,3.0,0.0,2.0,6.0,5.0,1.0,2.0,1.0,0.11764705882352941,0.5599999999999999,0.5599999999999999,0.0,0.0,65.0,3.9499999999999997,9.637500000000001,5.642307692307694,1.0733333333333333,5.0,70.0,0,1.0,1.2246467991473532e-16,-1.0,0.0,1.0,0.5,1.5,0.5,0.5,0.5,0.5,1.5,0.5,0.5,0.5,synthetic,synthetic,synthetic,synthetic,synthetic,0.0,0.0,0.0,0.0,0.0,-110.0,-110.0,-110.0,-110.0,-110.0,-110.0,-110.0,-110.0,-110.0,-110.0,0.0,0.0,0.0,0.0,0.0,2026-08-07T03:26:40.888653+00:00,0.39249475905623776,-0.4550849955617864,0.330440354149098,-0.472629704067953,-0.0669187422705233,1.0,1.2,0.6,0.0,0.2,0.0,0.0,0.0,0.0,0.0,batter_pitcher_profile_network_v2,1.0,0.8,0.507317430570027,0.0,0.7302828918041373,-0.1648976851851856,-0.344286333412964,0.0,20.0,4.629618632268765,0.03870487161552573,-0.02797058439991525,-0.0027970584399915253,0.05526944444444424,-0.44212575648988695,0.0,20.0,4.300469159494433,0.12050287644927504,0.16871510126824832,0.02699441620291973,0.11397916666666633,-0.21676134602112856,0.0,20.0,4.719638331002556,0.03896586064297086,0.026793508321326584,0.0013396754160663292,0.2260988425925928,-0.535895166427775,0.0,20.0,3.8470346711484416,0.21584119055428655,0.1561451706152137,0.003903629265380343,0.34010231481481484,-0.2954401762488718,0.0,20.0,4.554852713500984,0.10184918436431377,0.02688219896035761,0.0016129319376214566
2026-06-02,Christian_Yelich,592885,hitter,MIL,SF,2026,823782,41,158,137,1,686790.0,Trevor_McDonald,2.0,2.0,2.0,0.0,2.0,5.0,3.0,2.0,1.0,1.0,0.12195121951219512,0.632,0.632,0.0,0.0,65.0,7.1246411483253596,8.364832535885169,7.956593406593407,1.0733333333333333,0.0,68.0,0,1.0,1.2246467991473532e-16,-1.0,0.7818314824680298,0.6234898018587336,0.5,0.5,0.5,0.5,0.5,0.5,0.5,0.5,0.5,0.5,synthetic,synthetic,synthetic,synthetic,synthetic,0.0,0.0,0.0,0.0,0.0,-110.0,-110.0,-110.0,-110.0,-110.0,-110.0,-110.0,-110.0,-110.0,-110.0,0.0,0.0,0.0,0.0,0.0,2026-08-07T03:26:40.888653+00:00,0.9682076824219144,0.8844318962419024,1.1733632763233914,-0.470745308675774,0.6724315878385767,1.0,1.0,1.0,0.0,0.6,3.0,3.0,3.0,0.0,2.0,batter_pitcher_profile_network_v2,1.0,0.25,0.7335692460153875,0.0,0.5650344418407788,-0.14990479900632347,-0.07078744348537716,0.0,21.0,5.6189378221189035,0.07488180115137034,-0.0028271973049024046,-0.00028271973049024047,0.0734869241192412,-0.1958465003436954,0.0,21.0,5.406930944111482,0.14176952770539666,0.20881977834115853,0.03341116453458536,0.15298831300812998,-0.14602237719858513,0.0,21.0,5.401310267585668,0.15645337585092955,0.15050138816710562,0.0075250694083552816,0.23698773148148167,-0.26915592657320353,0.0,21.0,5.059582592273607,0.24851571220968163,0.23152098630237322,0.005788024657559331,0.3968939814814815,-0.13442060124230093,0.0,21.0,5.363379432569564,0.1653364408376331,0.10978805604274955,0.006587283362564973
2026-06-03,Christian_Yelich,592885,hitter,MIL,SF,2026,823780,42,158,137,1,657277.0,Logan_Webb,1.0,2.0,0.0,0.0,0.0,4.0,4.0,0.0,2.0,1.0,0.12903225806451613,0.3175,0.3175,0.25,21.25,49.35,5.6208791208791204,9.032967032967035,9.456593406593408,1.0733333333333333,-6.0,77.0,0,1.0,1.2246467991473532e-16,-1.0,0.9749279121818236,-0.22252093395631434,1.5,1.5,1.5,0.5,0.5,1.5,1.5,1.5,0.5,0.5,synthetic,synthetic,synthetic,synthetic,synthetic,0.0,0.0,0.0,0.0,0.0,-110.0,-110.0,-110.0,-110.0,-110.0,-110.0,-110.0,-110.0,-110.0,-110.0,0.0,0.0,0.0,0.0,0.0,2026-08-07T03:26:40.888653+00:00,0.043593136152776824,0.0313311880614624,0.1991929895407445,-0.35463962782010783,0.7987136913839363,1.2,1.2,1.4,0.0,0.8,2.0,2.0,2.0,0.0,2.0,batter_pitcher_profile_network_v2,1.0,0.55,0.5888761267393195,0.0,0.6528244709609383,0.010681018518518232,0.22848352764553884,0.0,22.0,5.469297912443409,0.04029600368693044,0.0010033218255355479,0.0001003321825535548,0.1997972222222221,0.03831541852002747,0.0,22.0,5.6153914427763,0.1233308211157202,0.18814351409381816,0.030102962255010905,0.3118541666666665,0.10975778388278395,0.0,22.0,5.528155430749398,0.11408135947372194,0.12815348099567694,0.0064076740497838475,0.257358101851852,-0.1475018891722802,0.0,22.0,5.356662732985927,0.2663548142130271,0.25074822052902046,0.006268705513225512,0.5144310185185185,0.11538278388278396,0.0,22.0,5.454722605467134,0.14284252306559686,0.131534759506578,0.00789208557039468
2026-06-04,Christian_Yelich,592885,hitter,MIL,SF,2026,823779,43,158,137,1,605288.0,Adrian_Houser,2.0,3.0,2.0,0.0,0.0,5.0,5.0,0.0,0.0,1.0,0.1111111111111111,0.43200000000000005,0.43200000000000005,0.2,17.0,60.84,5.701298701298701,7.987012987012986,8.492307692307692,1.0733333333333333,0.0,83.0,0,1.0,1.2246467991473532e-16,-1.0,0.43388373911755823,-0.900968867902419,1.5,1.5,0.5,0.5,0.5,1.5,1.5,0.5,0.5,0.5,synthetic,synthetic,synthetic,synthetic,synthetic,0.0,0.0,0.0,0.0,0.0,-110.0,-110.0,-110.0,-110.0,-110.0,-110.0,-110.0,-110.0,-110.0,-110.0,0.0,0.0,0.0,0.0,0.0,2026-08-07T03:26:40.888653+00:00,0.05487499167499177,0.25067714329063917,0.6557089087392953,-0.37521033100713824,0.44692921725109847,1.4,1.6,1.0,0.0,0.8,1.0,2.0,0.0,0.0,0.0,batter_pitcher_profile_network_v2,1.0,0.7,0.4947727114122809,0.0,0.7025732399963969,-0.08792989097968927,0.4251383143902361,0.0,23.0,5.262939439693764,0.034336336273134836,0.0,0.0,0.14620846774193555,0.37490281248636653,0.0,23.0,5.282930384277956,0.10442853395505278,0.18433631223316113,0.029493809957305783,0.24096471774193567,0.3605874145475791,0.0,23.0,5.381051542987329,0.0909718671287268,0.1348704824782118,0.00674352412391059,0.31591990740740733,0.3507115185566541,0.0,23.0,5.164373569406202,0.29694255122395685,0.3529200930478052,0.00882300232619513,0.5108469907407408,0.3808889321194642,0.0,23.0,5.252904292930707,0.1144191276099641,0.18411943281745163,0.011047165969047097
2026-06-05,Christian_Yelich,592885,hitter,MIL,COL,2026,824350,44,158,115,0,663372.0,Ryan_Feltner,0.0,0.0,1.0,0.0,0.0,6.0,5.0,0.0,2.0,1.0,0.13043478260869565,0.12,0.12,0.0,0.0,14.399999999999999,4.0588235294117645,8.147058823529411,7.2068877551020405,1.0477777777777777,0.0,87.0,0,1.0,1.2246467991473532e-16,-1.0,-0.433883739117558,-0.9009688679024191,1.5,1.5,1.5,0.5,0.5,1.5,1.5,1.5,0.5,0.5,synthetic,synthetic,synthetic,synthetic,synthetic,0.0,0.0,0.0,0.0,0.0,-110.0,-110.0,-110.0,-110.0,-110.0,-110.0,-110.0,-110.0,-110.0,-110.0,0.0,0.0,0.0,0.0,0.0,2026-08-07T03:26:40.888653+00:00,0.3062616994623937,0.27020637791893454,-0.018158233105797228,-0.47720120921774567,0.3081500568778045,1.6,2.0,1.4,0.0,0.8,2.0,3.0,2.0,0.0,0.0,batter_pitcher_profile_network_v2,1.0,0.4,0.7483023381910627,0.0,0.6033331854286379,-0.04352102001194738,0.4280419158047832,0.0,24.0,5.779059651583012,0.07259574766007683,0.0,0.0,0.18676993727598576,0.43926007999353567,0.0,24.0,5.581331911055935,0.12201814386883052,0.20367663735565977,0.032588261976905564,0.2746622983870969,0.3537212548480929,0.0,24.0,5.928395646011574,0.14353765337817775,0.1679910610428865,0.008399553052144326,0.36451157407407414,0.46738507999353573,0.0,24.0,5.3189666984899535,0.25751503192300285,0.30039607573461935,0.007509901893365484,0.5189386574074074,0.4257153024671405,0.0,24.0,5.63456782991006,0.09062355561284342,0.12357274624793657,0.007414364774876194
2026-06-06,Christian_Yelich,592885,hitter,MIL,COL,2026,824351,45,158,115,0,688642.0,Zach_Agnos,2.0,2.0,0.0,0.0,0.0,6.0,5.0,1.0,2.0,1.0,0.13043478260869565,0.4116666666666666,0.4116666666666666,0.0,0.0,49.39999999999999,31.5,9.9,8.749744897959184,1.0477777777777777,10.0,87.0,0,1.0,1.2246467991473532e-16,-1.0,-0.9749279121818236,-0.2225209339563146,1.5,1.5,1.5,0.5,0.5,1.5,1.5,1.5,0.5,0.5,synthetic,synthetic,synthetic,synthetic,synthetic,0.0,0.0,0.0,0.0,0.0,-110.0,-110.0,-110.0,-110.0,-110.0,-110.0,-110.0,-110.0,-110.0,-110.0,0.0,0.0,0.0,0.0,0.0,2026-08-07T03:26:40.888653+00:00,-0.017370946961975164,-0.04576577174781615,0.20692025543269388,-0.48338980888733624,0.4652045185452438,1.6,2.0,1.6,0.0,0.8,0.0,0.0,1.0,0.0,0.0,batter_pitcher_profile_network_v2,1.0,0.1,0.6576161931165966,1.0,0.5456942016343217,-0.36695324612403135,-0.70025,-0.1074074074074074,25.0,4.542391107751413,0.11013375279446583,-0.17699873315125186,-0.017699873315125188,-0.293746608527132,-0.7589999999999999,-0.1111111111111111,25.0,4.353183274566706,0.13464247916578886,0.03353820193847007,0.0053661123101552115,-0.09471535852713198,-0.8899999999999999,0.05925925925925927,25.0,3.5828704726888305,0.1381176162224402,0.15837035562222876,0.007918517781111438,-0.0729791666666667,-0.7589999999999999,-0.07407407407407408,25.0,4.3499419265048225,0.13321032693269072,0.05285208895099659,0.001321302223774915,-0.031052083333333286,-0.9400000000000001,-0.1111111111111111,25.0,3.382143355593045,0.13224413800521723,-0.002900511675692344,-0.00017403070054154062
2026-06-08,Christian_Yelich,592885,hitter,MIL,ATH,2026,824998,46,158,133,0,605488.0,Jeffrey_Springs,2.0,2.0,2.0,0.0,0.0,7.0,7.0,0.0,2.0,1.0,0.11864406779661017,0.2542857142857143,0.2542857142857143,0.0,0.0,30.514285714285712,6.367464114832536,8.075598086124403,5.280612244897959,1.0666666666666667,0.0,87.0,0,2.0,1.2246467991473532e-16,-1.0,0.0,1.0,1.5,1.5,0.5,0.5,0.5,1.5,1.5,0.5,0.5,0.5,synthetic,synthetic,synthetic,synthetic,synthetic,0.0,0.0,0.0,0.0,0.0,-110.0,-110.0,-110.0,-110.0,-110.0,-110.0,-110.0,-110.0,-110.0,-110.0,0.0,0.0,0.0,0.0,0.0,2026-08-07T03:26:40.888653+00:00,0.08851803181738194,0.06387544849439597,0.4086978362465886,-0.4706504095498355,-0.033240804804739066,1.4,1.8,1.0,0.0,0.4,2.0,2.0,0.0,0.0,0.0,batter_pitcher_profile_network_v2,1.0,0.85,0.4509274345902573,0.0,0.7505471808732894,-0.2754610280605032,0.0062261448158520555,0.0,25.0,6.808946221694852,0.07421152665320482,0.0,0.0,-0.22010056191687855,0.1483316552010526,0.0,25.0,6.602064366639634,0.14015647929969097,0.21023471894953644,0.03363755503192583,0.0062154103053435605,0.10842756702361986,0.0,25.0,6.652924305235201,0.17100108243518092,0.17137111441638034,0.008568555720819018,-0.05838657407407383,0.3014566552010527,0.0,25.0,6.067758162958521,0.32065028467324586,0.32065028467324586,0.008016257116831146,0.05107523148148185,0.12923113845219128,0.0,25.0,6.554412838311787,0.17111100862365758,0.13195741559725097,0.007917444935835058
2026-06-09,Christian_Yelich,592885,hitter,MIL,ATH,2026,824999,47,158,133,0,669372.0,JT_Ginn,2.0,2.0,1.0,0.0,1.0,5.0,5.0,0.0,1.0,1.0,0.13157894736842105,0.356,0.356,0.0,0.0,42.72,3.071428571428576,11.142857142857144,5.6479591836734695,1.0666666666666667,8.0,94.0,0,1.0,1.2246467991473532e-16,-1.0,0.7818314824680298,0.6234898018587336,1.5,1.5,0.5,0.5,0.5,1.5,1.5,0.5,0.5,0.5,synthetic,synthetic,synthetic,synthetic,synthetic,0.0,0.0,0.0,0.0,0.0,-110.0,-110.0,-110.0,-110.0,-110.0,-110.0,-110.0,-110.0,-110.0,-110.0,0.0,0.0,0.0,0.0,0.0,2026-08-07T03:26:40.888653+00:00,-0.0018725169661424346,0.11989197411602781,0.7810633349284568,-0.4719936461570295,-0.2426628213645996,1.4,1.8,1.0,0.0,0.0,2.0,2.0,2.0,0.0,0.0,batter_pitcher_profile_network_v2,1.0,0.7,0.5867588512166942,0.0,0.6946854285081685,-0.26353067499802607,-0.31242969994035646,0.0,26.0,6.832122704810265,0.09320291293063682,-0.034024131351362834,-0.0034024131351362836,-0.20957225775882515,-0.20612191303320326,0.0,26.0,7.0725580929867435,0.13589131998042173,0.18598602243569784,0.029757763589711654,0.03162913113006369,-0.0009708997053465285,0.0,26.0,7.335452808271153,0.20653073131574104,0.20651804121145095,0.010325902060572548,-0.05475165343915345,-0.04269225353499535,0.0,26.0,7.02731760913474,0.2678867597810332,0.26692082038548726,0.006673020509637181,0.07413723544973547,-0.09678705860618285,0.0,26.0,7.171593637846861,0.14622868170956196,0.10670628910772921,0.0064023773464637525
2026-06-10,Christian_Yelich,592885,hitter,MIL,ATH,2026,824996,48,158,133,0,678022.0,Jack_Perkins,1.0,2.0,1.0,0.0,0.0,5.0,4.0,1.0,2.0,1.0,0.1282051282051282,0.392,0.392,0.25,21.25,58.29,17.250000000000004,13.5,5.6479591836734695,1.0666666666666667,6.0,102.0,0,1.0,1.2246467991473532e-16,-1.0,0.9749279121818236,-0.22252093395631434,1.5,1.5,1.5,0.5,0.5,1.5,1.5,1.5,0.5,0.5,synthetic,synthetic,synthetic,synthetic,synthetic,0.0,0.0,0.0,0.0,0.0,-110.0,-110.0,-110.0,-110.0,-110.0,-110.0,-110.0,-110.0,-110.0,-110.0,0.0,0.0,0.0,0.0,0.0,2026-08-07T03:26:40.888653+00:00,0.052046572475144215,0.4267149342914782,-0.22015010604510898,-0.3571498669749791,0.05760160352872268,1.6,1.8,1.2,0.0,0.2,2.0,2.0,1.0,0.0,1.0,batter_pitcher_profile_network_v2,1.0,0.1,0.8855330085889912,0.0,0.5241522206447848,-0.24460304232804225,0.3860294117647058,0.0,27.0,7.07805827025237,0.06787925518747341,0.0,0.0,-0.1997556878306877,0.544080882352941,0.0,27.0,6.28011941039815,0.10027055954782475,0.15040583932173712,0.02406493429147794,0.051349867724867715,0.9244485294117647,0.0,27.0,4.308973587174972,0.10583568112198023,0.11126946465511646,0.0055634732327558235,-0.05870720899470881,0.6699999999999999,0.0,27.0,5.663817609590435,0.23567198766750327,0.23567198766750327,0.005891799691687582,0.06470251322751334,0.899264705882353,0.0,27.0,4.416674653163411,0.07632888922309834,0.06390689293030662,0.003834413575818397
2026-06-12,Christian_Yelich,592885,hitter,MIL,PHI,2026,823778,49,158,143,1,621383.0,Tanner_Banks,0.0,0.0,1.0,0.0,0.0,5.0,4.0,1.0,1.0,1.0,0.13157894736842105,0.13799999999999998,0.13799999999999998,0.0,0.0,16.56,3.6,9.17142857142857,3.7285714285714286,1.0733333333333333,-4.0,79.0,0,2.0,1.2246467991473532e-16,-1.0,-0.433883739117558,-0.9009688679024191,1.5,1.5,0.5,0.5,0.5,1.5,1.5,0.5,0.5,0.5,synthetic,synthetic,synthetic,synthetic,synthetic,0.0,0.0,0.0,0.0,0.0,-110.0,-110.0,-110.0,-110.0,-110.0,-110.0,-110.0,-110.0,-110.0,-110.0,0.0,0.0,0.0,0.0,0.0,2026-08-07T03:26:40.888653+00:00,-0.18347418546365923,-0.10566020042393642,0.42454769186084595,-0.47097243394595,-0.26923750950341263,1.4,1.6,1.0,0.0,0.2,1.0,2.0,1.0,0.0,0.0,batter_pitcher_profile_network_v2,1.0,0.05,0.9425,0.0,0.5117271875,-0.23358637566137555,0.42499999999999993,0.0,27.0,6.908980679480347,0.07682286805116668,0.0,0.0,-0.17356957671957662,0.588125,0.0,27.0,6.049593525868299,0.0962732877072824,0.1444099315609236,0.023105589049747778,0.0705998677248679,0.49687500000000007,0.0,27.0,6.6563408444574605,0.1915758746779235,0.19359293496128163,0.009679646748064083,0.009299041005291006,0.76,0.0,27.0,5.191317588719446,0.22202960740340288,0.22243597549533412,0.005560899387383353,0.1040525132275133,0.6625000000000001,0.0,27.0,5.744368741360555,0.11020559860460205,0.08661794937921212,0.005197076962752727
2026-06-13,Christian_Yelich,592885,hitter,MIL,PHI,2026,823776,50,158,143,1,605400.0,Aaron_Nola,1.0,1.0,1.0,0.0,1.0,5.0,3.0,1.0,1.0,1.0,0.11627906976744186,0.316,0.316,0.0,0.0,37.92,5.661538461538462,10.069230769230769,3.361224489795919,1.0733333333333333,0.0,82.0,0,1.0,1.2246467991473532e-16,-1.0,-0.9749279121818236,-0.2225209339563146,1.5,1.5,0.5,0.5,0.5,1.5,1.5,0.5,0.5,0.5,synthetic,synthetic,synthetic,synthetic,synthetic,0.0,0.0,0.0,0.0,0.0,-110.0,-110.0,-110.0,-110.0,-110.0,-110.0,-110.0,-110.0,-110.0,-110.0,0.0,0.0,0.0,0.0,0.0,2026-08-07T03:26:40.888653+00:00,-0.3915489929782292,-0.3159203488783833,0.48533283707815655,-0.4699079710042472,-0.24902396766239393,1.4,1.6,1.0,0.0,0.2,0.0,0.0,1.0,0.0,0.0,batter_pitcher_profile_network_v2,1.0,0.75,0.4607477837701617,0.0,0.7201687973661164,-0.22299443865137328,0.2553102961799841,0.0,27.0,7.5449136249392925,0.09151222571627513,0.0,0.0,-0.16247248291043928,0.2530902680643971,0.0,27.0,7.467617885752663,0.12272044556487627,0.1840806683473144,0.029452906935570306,0.10099973931178288,0.3524561903585191,0.0,27.0,7.249544822047553,0.1850034022155527,0.20419969362767545,0.010209984681383774,0.011728670634920713,0.23626258667638445,0.0,27.0,7.329024381989499,0.2635202004329785,0.2650144931634468,0.00662536232908617,0.1341071428571427,0.38913402947523834,0.0,27.0,7.025006094972608,0.1484921791776965,0.1395103633549745,0.008370621801298469
2026-06-16,Christian_Yelich,592885,hitter,MIL,CLE,2026,823775,51,158,114,1,677944.0,Slade_Cecconi,0.0,0.0,0.0,0.0,0.0,4.0,4.0,0.0,1.0,1.0,0.12903225806451613,0.0,0.0,0.0,0.0,10.0,3.7769230769230773,8.276923076923078,3.278571428571429,1.0733333333333333,0.0,74.0,0,3.0,1.2246467991473532e-16,-1.0,0.7818314824680298,0.6234898018587336,1.5,1.5,1.5,0.5,0.5,1.5,1.5,1.5,0.5,0.5,synthetic,synthetic,synthetic,synthetic,synthetic,0.0,0.0,0.0,0.0,0.0,-110.0,-110.0,-110.0,-110.0,-110.0,-110.0,-110.0,-110.0,-110.0,-110.0,0.0,0.0,0.0,0.0,0.0,2026-08-07T03:26:40.888653+00:00,-0.3278194329232407,-0.4346533368024279,-0.5506458497357335,-0.4721663165402015,-0.04056445314097362,1.2,1.4,1.2,0.0,0.4,1.0,1.0,1.0,0.0,1.0,batter_pitcher_profile_network_v2,1.0,0.9,0.43884000346086527,1.0,0.7853678896184397,-0.27123240161433604,0.19700217525327537,-0.1111111111111111,28.0,8.272379607607828,0.10532009137682377,-0.07993555574782585,-0.007993555574782586,-0.24441137179932806,0.1304104709121385,-0.1111111111111111,28.0,8.300468465441503,0.1490963596282197,0.14370898369450372,0.022993437391120596,0.05187473931178299,0.10384968569802541,-0.1111111111111111,28.0,8.35109638444488,0.23881116192214483,0.16189867348809717,0.008094933674404859,-0.11705095899470891,0.04798439564332133,-0.07407407407407408,28.0,8.10722683117638,0.22797104222382442,0.17468067172527385,0.004367016793131846,0.035869179894179884,0.1264997753037602,-0.1037037037037037,28.0,8.231551961660406,0.20197015937645327,0.07941733244306273,0.004765039946583764
2026-06-17,Christian_Yelich,592885,hitter,MIL,CLE,2026,823774,52,158,114,1,668909.0,Gavin_Williams,2.0,5.0,2.0,1.0,2.0,5.0,5.0,0.0,3.0,1.0,0.13513513513513514,0.5980000000000001,0.5980000000000001,0.6,30.0,65.0,3.916071428571429,8.089285714285714,3.829591836734695,1.0733333333333333,0.0,69.0,0,1.0,1.2246467991473532e-16,-1.0,0.9749279121818236,-0.22252093395631434,0.5,0.5,0.5,0.5,0.5,0.5,0.5,0.5,0.5,0.5,synthetic,synthetic,synthetic,synthetic,synthetic,0.0,0.0,0.0,0.0,0.0,-110.0,-110.0,-110.0,-110.0,-110.0,-110.0,-110.0,-110.0,-110.0,-110.0,0.0,0.0,0.0,0.0,0.0,2026-08-07T03:26:40.888653+00:00,0.27867755942026173,1.1840606380866947,0.4199266642961689,-0.24659908044191214,0.017680271455168484,0.8,1.0,0.8,0.0,0.4,0.0,0.0,0.0,0.0,0.0,batter_pitcher_profile_network_v2,1.0,0.9,0.39548989543548807,0.0,0.7713972390282375,-0.4085355042016807,-0.26551027229373403,0.0,29.0,8.51874149740089,0.1423919736389248,-0.06557143650155904,-0.0065571436501559045,-0.3757831932773109,-0.10472691145392335,0.0,29.0,8.93804937021966,0.1572896347267642,0.21214419074454596,0.03394307051912736,-0.09360819327731085,-0.09740260871973438,0.0,29.0,8.898982096296345,0.21604777481713694,0.21053604378327564,0.010526802189163784,-0.1996609126984127,0.04264748321920014,0.0,29.0,8.809577208571303,0.1973701156568493,0.1973701156568493,0.004934252891421233,-0.11441785714285715,-0.07561033672619119,0.0,29.0,8.84642746965952,0.20434542174541145,0.1480293449919122,0.008881760699514732
2026-06-18,Christian_Yelich,592885,hitter,MIL,CLE,2026,823772,53,158,114,1,800048.0,Parker_Messick,1.0,2.0,0.0,0.0,0.0,5.0,4.0,1.0,1.0,1.0,0.12195121951219512,0.392,0.392,0.25,21.25,58.29,4.305882352941176,6.635294117647059,3.4010204081632662,1.0733333333333333,-11.0,70.0,0,1.0,1.2246467991473532e-16,-1.0,0.43388373911755823,-0.900968867902419,0.5,1.5,0.5,0.5,0.5,0.5,1.5,0.5,0.5,0.5,synthetic,synthetic,synthetic,synthetic,synthetic,0.0,0.0,0.0,0.0,0.0,-110.0,-110.0,-110.0,-110.0,-110.0,-110.0,-110.0,-110.0,-110.0,-110.0,0.0,0.0,0.0,0.0,0.0,2026-08-07T03:26:40.888653+00:00,0.5995192199792878,0.7328001267813731,0.6777042050000608,-0.11436970082716835,0.3780400488537301,0.8,1.6,1.0,0.2,0.6,2.0,5.0,2.0,1.0,2.0,batter_pitcher_profile_network_v2,1.0,0.85,0.3545865545914854,0.0,0.7605786750031616,-0.3505891534391536,-0.2898472138133763,0.0,30.0,9.1392316121647,0.14606962810115742,-0.0655851648115002,-0.00655851648115002,-0.27717698412698416,-0.23024862495247111,0.0,30.0,9.313051424240355,0.1848741731303885,0.23612121921284876,0.037779395074055803,-0.014571428571428569,-0.28313448250155204,0.0,30.0,8.989891717343415,0.23555572552923343,0.23289296013062502,0.011644648006531252,-0.06054054232804242,-0.17725451500482708,0.0,30.0,9.186940669018364,0.2684712864463776,0.261545300246602,0.00653863250616505,0.04316084656084665,-0.2830177722048679,0.0,30.0,8.915446918859788,0.27660953140997296,0.19957323832042279,0.011974394299225366
2026-06-19,Christian_Yelich,592885,hitter,MIL,ATL,2026,824910,54,158,144,0,527048.0,Martín_Pérez,1.0,1.0,1.0,0.0,0.0,5.0,4.0,1.0,0.0,1.0,0.125,0.316,0.316,0.0,0.0,37.92,3.5625,6.45,2.127551020408163,1.08,9.0,83.0,0,1.0,1.2246467991473532e-16,-1.0,-0.433883739117558,-0.9009688679024191,0.5,1.5,0.5,0.5,0.5,0.5,1.5,0.5,0.5,0.5,synthetic,real,real,real,synthetic,0.0,7.0,6.0,8.0,0.0,-110.0,132.339116,101.645874,767.876485,-110.0,-110.0,-177.629192,-138.378907,0.0,-110.0,0.0,0.0,0.0,0.0,0.0,2026-06-19T20:50:58.917955+00:00,0.4906699383377142,-0.013499539622101375,0.1651998176668149,-0.3289941375276111,-0.026903728978265595,0.8,1.6,0.8,0.2,0.6,1.0,2.0,0.0,0.0,0.0,batter_pitcher_profile_network_v2,1.0,0.55,0.5866786271110953,0.0,0.65297252749839,-0.3061916800348981,-0.1645208149805626,0.0,31.0,10.269506732845826,0.13429586865295556,-0.02082102478612302,-0.0020821024786123023,-0.2245342240797028,-0.2300881337204901,0.0,31.0,10.012932031139998,0.17736243943851165,0.2446903773618658,0.03915046037789853,0.02252897036474172,-0.23092334417380503,0.0,31.0,9.910240721428933,0.17759562297767115,0.17544533292813372,0.008772266646406686,0.013399041005291004,-0.2606915819963521,0.0,31.0,9.589160092662446,0.21767823755890492,0.2162344988955563,0.0054058624723889075,0.10041292989417995,-0.30054978095541424,0.0,31.0,9.535066484199724,0.2370475473180757,0.16531200002210283,0.009918720001326169
2026-06-21,Christian_Yelich,592885,hitter,MIL,ATL,2026,824908,55,158,144,0,693821.0,Bryce_Elder,0.0,0.0,1.0,0.0,0.0,5.0,4.0,1.0,0.0,1.0,0.11627906976744186,0.13799999999999998,0.13799999999999998,0.0,0.0,16.56,6.8500000000000005,6.2,2.513265306122449,1.08,0.0,77.0,0,2.0,1.2246467991473532e-16,-1.0,-0.7818314824680299,0.6234898018587334,0.5,1.5,1.5,0.5,0.5,0.5,1.5,0.5,0.5,0.5,synthetic,real,real,real,synthetic,0.0,8.0,7.0,6.0,0.0,-110.0,160.577042,288.09663,1149.904617,-110.0,-110.0,-215.231788,-347.572614,0.0,-110.0,0.0,0.5175491695067657,0.5773502691896257,0.0,0.0,2026-06-21T19:20:37.517202+00:00,0.6147861326794977,-0.12299222679349175,-0.7860212977076081,-0.3290569218869963,-0.07221481871397517,1.0,1.8,0.8,0.2,0.6,1.0,1.0,1.0,0.0,0.0,batter_pitcher_profile_network_v2,1.0,0.9,0.4635405173333584,0.0,0.7638946579639972,-0.21549280823831882,-0.09296563515917321,0.0,32.0,10.796560532873114,0.11132570818120313,-0.010747121235402548,-0.0010747121235402549,-0.15442880337581036,-0.1371599260872232,0.0,32.0,10.671095742659169,0.15457961164636055,0.22050643137788412,0.03528102902046146,0.1046288355130787,-0.14112202951740305,0.0,32.0,10.586968974091791,0.15099723846358062,0.14307618158585428,0.0071538090792927144,0.02373978174603175,-0.15374295528430346,0.0,32.0,10.337950292502468,0.21568110732414955,0.21372312452014833,0.005343078113003708,0.1568370039682543,-0.16664565076638926,0.0,32.0,10.424120826364263,0.21819979602225364,0.14962883222317935,0.00897772993339076
2026-06-22,Christian_Yelich,592885,hitter,MIL,CIN,2026,824502,56,158,113,0,663903.0,Brady_Singer,0.0,0.0,0.0,0.0,0.0,4.0,4.0,0.0,2.0,1.0,0.1111111111111111,0.0,0.0,0.0,0.0,10.0,2.3500000000000005,10.0,3.004120879120879,1.08,11.0,70.0,0,1.0,1.2246467991473532e-16,-1.0,0.0,1.0,0.5,1.5,0.5,0.5,0.5,0.5,1.5,0.5,0.5,0.5,synthetic,synthetic,synthetic,synthetic,synthetic,0.0,0.0,0.0,0.0,0.0,-110.0,-110.0,-110.0,-110.0,-110.0,-110.0,-110.0,-110.0,-110.0,-110.0,0.0,0.0,0.0,0.0,0.0,2026-08-07T03:26:40.888653+00:00,0.1289680847155813,-0.4786586812837885,0.15561907815105103,-0.33084952291638525,-0.2359684649382513,0.8,1.6,0.8,0.2,0.4,0.0,0.0,1.0,0.0,0.0,batter_pitcher_profile_network_v2,1.0,0.95,0.42245242597140703,1.0,0.8020870989275775,-0.22108487831612889,0.6399578137842876,-0.003703703703703715,32.0,8.094343371353276,0.02385676882381399,-0.0026341711592063177,-0.00026341711592063177,-0.16467351676101716,0.665997082552227,-0.04938271604938271,32.0,7.9258131329895205,0.07073979384382643,0.07098740864298886,0.011357985382878218,0.08834662212787162,0.6748791703507222,0.02962962962962962,32.0,7.989766346076506,0.07775202521769117,0.13326068390014167,0.006663034195007084,0.014539781746031797,0.6927958226052775,-0.09876543209876543,32.0,7.855451993621838,0.20644595309023903,0.14201908334459049,0.0035504770836147625,0.1174495039682538,0.7367873268493959,-0.1037037037037037,32.0,7.430903899942854,0.12412303602759063,0.06931374065063331,0.004158824439037999
2026-06-24,Christian_Yelich,592885,hitter,MIL,CIN,2026,824500,57,158,113,0,695076.0,Rhett_Lowder,0.0,0.0,0.0,0.0,0.0,5.0,4.0,0.0,1.0,1.0,0.11904761904761904,0.144,0.144,0.0,0.0,17.279999999999998,2.7794117647058822,9.988970588235295,2.7255494505494506,1.08,3.0,79.0,0,2.0,1.2246467991473532e-16,-1.0,0.9749279121818236,-0.22252093395631434,0.5,1.5,0.5,0.5,0.5,0.5,1.5,0.5,0.5,0.5,synthetic,synthetic,synthetic,synthetic,synthetic,0.0,0.0,0.0,0.0,0.0,-110.0,-110.0,-110.0,-110.0,-110.0,-110.0,-110.0,-110.0,-110.0,-110.0,0.0,0.0,0.0,0.0,0.0,2026-08-07T03:26:40.888653+00:00,0.17230678194354676,-0.3974244811946379,0.086752500003768,-0.3298977125752899,-0.19471474213971807,0.8,1.6,0.8,0.2,0.4,0.0,0.0,0.0,0.0,0.0,batter_pitcher_profile_network_v2,1.0,0.65,0.6020142384844624,0.0,0.6795646162606747,-0.2583407259168036,0.2586877651971885,0.0,34.0,11.52249857704176,0.020739736553843962,0.0,0.0,-0.18951074849480026,0.09665344941654119,0.0,34.0,11.946796190479443,0.07968966168900964,0.11953449253351445,0.019125518805362313,0.0635093903940886,0.4509722507884274,0.0,34.0,10.531839465114496,0.03910185018252902,0.05050054952590856,0.002525027476295428,0.014539781746031797,-0.0016208043148020698,0.0,34.0,11.727017088645859,0.1801008759769745,0.1800914969884065,0.004502287424710163,0.11744950396825403,0.35958232541529306,0.0,34.0,10.938116682617563,0.12887339925324792,0.11346308888015635,0.006807785332809381
2026-06-26,Christian_Yelich,592885,hitter,MIL,CHC,2026,823773,58,158,112,1,607067.0,Colin_Rea,2.0,3.0,0.0,0.0,1.0,5.0,5.0,0.0,1.0,1.0,0.1282051282051282,0.43200000000000005,0.43200000000000005,0.2,17.0,60.84,7.071428571428572,4.258928571428572,6.524682382834556,1.0733333333333333,0.0,71.0,0,2.0,1.2246467991473532e-16,-1.0,-0.433883739117558,-0.9009688679024191,0.5,1.5,0.5,0.5,0.5,0.5,0.5,0.5,0.5,0.5,synthetic,real,real,real,synthetic,0.0,8.0,7.0,7.0,0.0,-110.0,102.963404,187.130329,951.906289,-110.0,-110.0,-140.032218,-272.080537,0.0,-110.0,0.0,0.0,0.0,0.0,0.0,2026-06-27T01:11:02.474098+00:00,0.311702405203492,-0.6517684418497952,0.19001642624733306,-0.3796957802400572,-0.17994584584290396,0.4,0.6,0.4,0.0,0.0,0.0,0.0,0.0,0.0,0.0,batter_pitcher_profile_network_v2,1.0,0.75,0.4824036104090365,0.0,0.7181791682936698,-0.20151972484960498,0.3296437575937574,0.0,35.0,11.63260853544399,-0.006443838277896089,0.0,0.0,-0.14740538975864315,0.3605361699111698,0.0,35.0,11.416913298745287,0.03492315895918677,0.05238473843878015,0.008381558150204825,0.1125925269080236,0.33067991175491174,0.0,35.0,11.669405620129016,0.01860571760605725,0.03787691134287313,0.0018938455671436566,0.017236078042328074,0.4136611699111699,0.0,35.0,11.016117829534927,0.1698117151957993,0.17350212373104743,0.0043375530932761855,0.14114580026455043,0.35492670662670656,0.0,35.0,11.416333995746653,0.10877824141686886,0.10751340410229034,0.0064508042461374196
2026-06-27,Christian_Yelich,592885,hitter,MIL,CHC,2026,823770,59,158,112,1,656849.0,David_Peterson,0.0,0.0,0.0,0.0,0.0,1.0,1.0,0.0,1.0,5.0,0.03225806451612903,0.0,0.0,0.0,0.0,10.0,10.909090909090908,5.5681818181818175,8.6675395256917,1.0733333333333333,0.0,72.0,0,1.0,1.2246467991473532e-16,-1.0,-0.9749279121818236,-0.2225209339563146,0.5,1.5,0.5,0.5,0.5,0.5,0.5,0.5,0.5,0.5,synthetic,real,real,real,synthetic,0.0,7.0,5.0,7.0,0.0,-110.0,150.206502,-100.958046,892.550974,-110.0,-110.0,-201.736771,-130.0,0.0,-110.0,0.0,0.0,0.0,0.0,0.0,2026-06-27T13:01:31.487963+00:00,0.6115785116239534,-0.6333084512115813,-0.10173586742129981,-0.47110506948023845,-0.01857918228474298,0.6,0.8,0.4,0.0,0.2,2.0,3.0,0.0,0.0,1.0,batter_pitcher_profile_network_v2,1.0,0.6,0.5555218999411529,0.0,0.6691691403543253,-0.2013104655903459,0.3127941279980061,0.0,36.0,12.290517335831174,0.0011316804931812722,0.0,0.0,-0.17483872309197665,0.022077293439492295,0.0,36.0,12.96816889589412,0.09173225973669066,0.137598389605036,0.02201574233680576,0.11484252690802335,0.30797824982915356,0.0,36.0,12.343751404205275,0.014119153957926789,0.02983990007585218,0.001491995003792609,-0.05326299603174601,-0.27007883105849967,0.0,36.0,11.752384037234146,0.22352446391432332,0.2171305541237963,0.005428263853094908,0.10802172619047615,0.2539061280085378,0.0,36.0,12.41936390809797,0.14170900936843892,0.1184726259950718,0.007108357559704308
2026-06-28,Christian_Yelich,592885,hitter,MIL,CHC,2026,823769,60,158,112,1,669020.0,Ryan_Rolison,2.0,2.0,1.0,0.0,1.0,5.0,5.0,0.0,3.0,1.0,0.11904761904761904,0.356,0.356,0.0,0.0,42.72,0.0,6.0,7.124682382834558,1.0733333333333333,-10.0,76.0,0,1.0,1.2246467991473532e-16,-1.0,-0.7818314824680299,0.6234898018587334,0.5,0.5,0.5,0.5,0.5,0.5,0.5,0.5,0.5,0.5,synthetic,synthetic,synthetic,synthetic,synthetic,0.0,0.0,0.0,0.0,0.0,-110.0,-110.0,-110.0,-110.0,-110.0,-110.0,-110.0,-110.0,-110.0,-110.0,0.0,0.0,0.0,0.0,0.0,2026-08-07T03:26:40.888653+00:00,0.25766167200919654,0.09068712224886344,0.042681410846366674,-0.4699334899640719,-0.04633375902100656,0.4,0.6,0.2,0.0,0.2,0.0,0.0,0.0,0.0,0.0,batter_pitcher_profile_network_v2,1.0,0.05,0.9425,0.0,0.5117271875,-0.3697617897198005,-0.404,0.0,37.0,11.486208168483806,0.08303928959912348,-0.008589566375190965,-0.0008589566375190966,-0.3808371367091438,-0.5039999999999999,0.0,37.0,10.720332280246657,0.15334578285148495,0.21898201405539647,0.035037122248863434,-0.07385033115358824,-0.8399999999999999,0.0,37.0,7.076546454422952,0.12151280508749258,0.11794583409277427,0.005897291704638714,-0.24238336640211638,-0.5039999999999999,0.0,37.0,10.520044077307045,0.2710180047287913,0.26399373477045796,0.006599843369261449,-0.12409864417989405,-0.8399999999999999,0.0,37.0,7.149618479024922,0.1775946601799741,0.1272020306210917,0.007632121837265502
2026-06-29,Christian_Yelich,592885,hitter,MIL,CIN,2026,823771,61,158,113,1,666157.0,Nick_Lodolo,0.0,0.0,1.0,0.0,0.0,2.0,1.0,1.0,1.0,5.0,0.05405405405405406,0.345,0.345,0.0,0.0,41.4,5.625,8.598214285714286,4.102597402597403,1.0733333333333333,-14.0,91.0,0,1.0,1.2246467991473532e-16,-1.0,0.0,1.0,0.5,0.5,0.5,0.5,0.5,0.5,0.5,0.5,0.5,0.5,synthetic,synthetic,synthetic,synthetic,synthetic,0.0,0.0,0.0,0.0,0.0,-110.0,-110.0,-110.0,-110.0,-110.0,-110.0,-110.0,-110.0,-110.0,-110.0,0.0,0.0,0.0,0.0,0.0,2026-08-07T03:26:40.888653+00:00,0.5341859746109747,0.534726323307616,-0.1017748861467031,-0.4677634786570718,0.01744828734735615,0.8,1.0,0.2,0.0,0.4,2.0,2.0,1.0,0.0,1.0,batter_pitcher_profile_network_v2,1.0,0.65,0.6334559084827929,0.0,0.6770610732870577,-0.35368678971980044,0.3367153098058585,0.0,37.0,12.596183808157662,-0.0026869268577779663,0.0,0.0,-0.3810760255980327,0.39134543571101743,0.0,37.0,12.182488360446541,0.11249706783578808,0.16874560175368214,0.02699929628058914,-0.054725331153588186,0.3746771189172876,0.0,37.0,12.442640818163554,0.009742712306371809,0.009742712306371809,0.00048713561531859044,-0.2909750330687831,0.4363243682952871,0.0,37.0,11.724295821225711,0.350794187050462,0.350794187050462,0.00876985467626155,-0.12469031084656065,0.4214616070571129,0.0,37.0,12.036682999798499,0.13890776999818719,0.10418082749864038,0.006250849649918423
2026-06-30,Christian_Yelich,592885,hitter,MIL,CIN,2026,823768,62,158,113,1,695076.0,Rhett_Lowder,0.0,0.0,0.0,0.0,0.0,5.0,4.0,1.0,3.0,1.0,0.1282051282051282,0.13799999999999998,0.13799999999999998,0.0,0.0,16.56,4.367647058823529,9.165441176470589,6.245454545454545,1.0733333333333333,0.0,92.0,0,1.0,1.2246467991473532e-16,-1.0,0.7818314824680298,0.6234898018587336,0.5,0.5,0.5,0.5,0.5,0.5,0.5,0.5,0.5,0.5,synthetic,synthetic,synthetic,synthetic,synthetic,0.0,0.0,0.0,0.0,0.0,-110.0,-110.0,-110.0,-110.0,-110.0,-110.0,-110.0,-110.0,-110.0,-110.0,0.0,0.0,0.0,0.0,0.0,2026-08-07T03:26:40.888653+00:00,0.416457222250206,0.23416090281357405,0.14815629577773093,-0.4684560066678262,-0.014748775602846653,0.8,1.0,0.4,0.0,0.4,0.0,0.0,1.0,0.0,0.0,batter_pitcher_profile_network_v2,1.0,0.7,0.5750790570772696,1.0,0.7144369708556242,-0.288134871864413,0.28876058973429364,-0.1111111111111111,37.0,12.831392559395594,0.00231707816178908,-0.08750439205984831,-0.00875043920598483,-0.32682227789197194,0.16649934462347227,-0.10617283950617284,37.0,13.205592609614316,0.13328896703542487,0.11631814258483779,0.018610902813574047,-0.004297972336416295,0.4689069911477689,-0.1111111111111111,37.0,11.8374456128837,0.0014065313906918325,-0.08609786066915648,-0.004304893033457824,-0.2793454034391534,0.09716671750482822,-0.04938271604938271,37.0,13.021733039941182,0.3619839075357729,0.3230930666202848,0.008077326665507121,-0.07274818121693094,0.40458142617601744,-0.0962962962962963,37.0,12.129402845860215,0.14132210538460946,0.030154439253255227,0.0018092663551953136
2026-07-02,Christian_Yelich,592885,hitter,MIL,CIN,2026,823765,63,158,113,1,695505.0,Chase_Burns,0.0,0.0,0.0,0.0,0.0,4.0,3.0,1.0,1.0,1.0,0.12121212121212122,0.1725,0.1725,0.0,0.0,20.7,3.1,13.4,6.802597402597402,1.0733333333333333,-9.0,88.0,0,2.0,-0.4999999999999997,-0.8660254037844388,0.43388373911755823,-0.900968867902419,0.5,0.5,0.5,0.5,0.5,0.5,0.5,0.5,0.5,0.5,synthetic,synthetic,synthetic,synthetic,synthetic,0.0,0.0,0.0,0.0,0.0,-110.0,-110.0,-110.0,-110.0,-110.0,-110.0,-110.0,-110.0,-110.0,-110.0,0.0,0.0,0.0,0.0,0.0,2026-08-07T03:26:40.888653+00:00,0.1871891577553949,0.2272536699549682,0.048227527713781804,-0.4710773976322286,0.01578858982087694,0.8,1.0,0.4,0.0,0.4,0.0,0.0,0.0,0.0,0.0,batter_pitcher_profile_network_v2,1.0,1.0,0.3069234722162793,1.0,0.8311518746535058,-0.367348478835979,-0.48582774387023825,-0.1111111111111111,39.0,11.336966389015707,0.04679724635198398,-0.196298898636528,-0.0196298898636528,-0.3807174603174604,-0.35507972098482765,-0.10617283950617284,39.0,12.583458326040994,0.12461162183380907,0.023843959945824,0.00381503359133184,-0.05919940476190477,-0.3287020718152017,-0.1111111111111111,39.0,12.352114591606009,0.041001109979826714,-0.04509230286721913,-0.0022546151433609565,-0.28087873677248676,-0.2532673701495055,-0.04938271604938271,39.0,13.01551997710611,0.2998108187589155,0.21823742804419036,0.00545593570110476,-0.07931276455026451,-0.33493566370064326,-0.0962962962962963,39.0,12.261339334399535,0.16096673201357073,0.039387752425872294,0.0023632651455523374
2026-07-03,Christian_Yelich,592885,hitter,MIL,AZ,2026,825062,64,158,109,0,703615.0,Jose_Cabrera,0.0,0.0,1.0,0.0,0.0,6.0,4.0,2.0,0.0,1.0,0.12,0.22999999999999998,0.22999999999999998,0.0,0.0,27.599999999999998,3.6,6.300000000000001,3.8863636363636362,1.08,0.0,75.0,0,1.0,-0.4999999999999997,-0.8660254037844388,-0.433883739117558,-0.9009688679024191,0.5,0.5,0.5,0.5,0.5,0.5,0.5,0.5,0.5,0.5,synthetic,synthetic,synthetic,synthetic,synthetic,0.0,0.0,0.0,0.0,0.0,-110.0,-110.0,-110.0,-110.0,-110.0,-110.0,-110.0,-110.0,-110.0,-110.0,0.0,0.0,0.0,0.0,0.0,2026-08-07T03:26:40.888653+00:00,0.1139212121212122,-0.10774835886012896,-0.06582207763343628,-0.4669002074012842,-0.24774811378948813,0.4,0.4,0.4,0.0,0.2,0.0,0.0,0.0,0.0,0.0,batter_pitcher_profile_network_v2,1.0,0.1,0.7251161931165966,0.0,0.5261173266343216,-0.34056276455026474,0.2272621951219512,0.0,40.0,14.57243749687539,-0.04993942741367299,0.0,0.0,-0.36286031746031755,0.36587499999999995,0.0,40.0,13.803281287493244,0.054423504749462455,0.08163525712419369,0.01306164113987099,-0.04134226190476198,0.03649898373983747,0.0,40.0,14.869946022658317,-0.01180518903236248,-0.01180518903236248,-0.0005902594516181241,-0.2808787367724867,0.4946097560975611,0.0,40.0,12.707171637073836,0.2999917039486311,0.2999917039486311,0.007499792598715778,-0.07931276455026443,0.13790650406504074,0.0,40.0,14.707199876407241,0.1069712087184457,0.08022840653883428,0.004813704392330057
2026-07-04,Christian_Yelich,592885,hitter,MIL,AZ,2026,825063,65,158,109,0,518876.0,Merrill_Kelly,1.0,4.0,1.0,1.0,2.0,5.0,5.0,0.0,2.0,2.0,0.125,0.42000000000000004,0.42000000000000004,0.6,30.0,65.0,7.375,4.75,3.578910220214568,1.08,0.0,73.0,0,1.0,-0.4999999999999997,-0.8660254037844388,-0.9749279121818236,-0.2225209339563146,0.5,0.5,0.5,0.5,0.5,0.5,0.5,0.5,0.5,0.5,synthetic,synthetic,synthetic,synthetic,synthetic,0.0,0.0,0.0,0.0,0.0,-110.0,-110.0,-110.0,-110.0,-110.0,-110.0,-110.0,-110.0,-110.0,-110.0,0.0,0.0,0.0,0.0,0.0,2026-08-07T03:26:40.888653+00:00,0.17713974214191608,0.7073179755287384,0.28404242290131265,-0.24094293205965722,-0.20044474344040913,0.4,0.4,0.6,0.0,0.2,0.0,0.0,1.0,0.0,0.0,batter_pitcher_profile_network_v2,1.0,0.85,0.4100023176085158,0.0,0.7548085086790133,-0.3876298452753563,0.7685108782549109,0.0,40.0,10.026751706069447,-0.049772225911318725,0.0,0.0,-0.461851025598033,0.7989575719506624,0.0,40.0,9.617113485049197,0.07153323136974289,0.10729984705461434,0.017167975528738295,-0.11020449782025526,0.7396786013400335,0.0,40.0,10.744961427673756,-0.0830617621883144,-0.0830617621883144,-0.0041530881094157205,-0.4322305886243386,0.864456943809959,0.0,40.0,9.010507110618168,0.33828271761371215,0.33828271761371215,0.008457067940342804,-0.2311333664021165,0.794350921273032,0.0,40.0,10.085597412295503,0.10243878997471946,0.0768290924810396,0.004609745548862376
2026-07-05,Christian_Yelich,592885,hitter,MIL,AZ,2026,825061,66,158,109,0,593958.0,Eduardo_Rodriguez,0.0,0.0,0.0,0.0,0.0,4.0,3.0,0.0,0.0,3.0,0.12121212121212122,0.0,0.0,0.0,0.0,10.0,0.8571428571428572,4.82142857142857,2.936053077357425,1.08,0.0,73.0,0,1.0,-0.4999999999999997,-0.8660254037844388,-0.7818314824680299,0.6234898018587334,0.5,0.5,0.5,0.5,0.5,0.5,0.5,0.5,0.5,0.5,synthetic,synthetic,synthetic,synthetic,synthetic,0.0,0.0,0.0,0.0,0.0,-110.0,-110.0,-110.0,-110.0,-110.0,-110.0,-110.0,-110.0,-110.0,-110.0,0.0,0.0,0.0,0.0,0.0,2026-08-07T03:26:40.888653+00:00,0.14339047710461417,0.6177992118883218,0.009959152752523903,-0.22624216784979118,0.09369894290093417,0.2,0.8,0.6,0.2,0.4,1.0,4.0,1.0,1.0,2.0,batter_pitcher_profile_network_v2,1.0,0.9,0.36833718253687664,0.0,0.7743908256253094,-0.4681550800171401,-0.09791040720315763,0.0,41.0,15.104898089978041,0.05218583807109822,-0.028953689334059507,-0.0028953689334059508,-0.4930345154258889,-0.12849736987991173,0.0,41.0,15.061578522477582,0.163285323210556,0.2049098470292833,0.03278557552468533,-0.1852074320925555,-0.132459672200596,0.0,41.0,14.76679806147978,0.009080801161972081,-0.006415476852400797,-0.0003207738426200399,-0.36327225529100526,-0.12578608146383607,0.0,41.0,14.751781850533707,0.3551768616798708,0.3263132860083536,0.00815783215020884,-0.2280083664021164,-0.19610673681840526,0.0,41.0,14.307261126620539,0.15656630839639996,0.08918057479347245,0.0053508344876083466
2026-07-06,Christian_Yelich,592885,hitter,MIL,STL,2026,823036,67,158,138,0,669160.0,Dustin_May,0.0,0.0,1.0,0.0,0.0,5.0,4.0,1.0,2.0,1.0,0.13157894736842105,0.13799999999999998,0.13799999999999998,0.0,0.0,16.56,31.5,10.5,2.314285714285714,1.08,-9.0,83.0,0,1.0,-0.4999999999999997,-0.8660254037844388,0.0,1.0,0.5,0.5,0.5,0.5,0.5,0.5,0.5,0.5,0.5,0.5,synthetic,synthetic,synthetic,synthetic,synthetic,0.0,0.0,0.0,0.0,0.0,-110.0,-110.0,-110.0,-110.0,-110.0,-110.0,-110.0,-110.0,-110.0,-110.0,0.0,0.0,0.0,0.0,0.0,2026-08-07T03:26:40.888653+00:00,-0.23954048165490133,0.13177469766561978,-0.18549158541424376,-0.3279338979898152,-0.19729530092553582,0.2,0.8,0.4,0.2,0.4,0.0,0.0,0.0,0.0,0.0,batter_pitcher_profile_network_v2,1.0,0.95,0.44050014182303154,1.0,0.7999867959953447,-0.48037973116476673,0.1753225567835165,0.01481481481481481,41.0,15.47347941443946,0.023508247706533893,0.010670371420911342,0.0010670371420911343,-0.5078802705119608,-0.03802559904363322,-0.017283950617283952,41.0,15.602756443537686,0.1544214167798095,0.20837804462064963,0.03334048713930394,-0.21765388162307203,0.1594400935479677,-0.1111111111111111,41.0,15.586152698164732,-0.032879110597963744,-0.11290689625479883,-0.005645344812739941,-0.36945744047619045,-0.18869806739806355,-0.04938271604938271,41.0,14.733791789292722,0.3332180241060065,0.2586440804073905,0.006466102010184763,-0.2716414682539683,0.14383619059438119,0.1111111111111111,41.0,15.42392464798377,0.1567089803445591,0.19755952091525442,0.011853571254915264
2026-07-07,Christian_Yelich,592885,hitter,MIL,STL,2026,823035,68,158,138,0,690928.0,Hunter_Dobbins,0.0,0.0,0.0,0.0,1.0,5.0,5.0,0.0,2.0,1.0,0.1111111111111111,0.0,0.0,0.0,0.0,10.0,2.8951048951048954,10.334265734265735,3.204395604395604,1.08,-7.0,84.0,0,1.0,-0.4999999999999997,-0.8660254037844388,0.7818314824680298,0.6234898018587336,0.5,0.5,0.5,0.5,0.5,0.5,0.5,0.5,0.5,0.5,synthetic,synthetic,synthetic,synthetic,synthetic,0.0,0.0,0.0,0.0,0.0,-110.0,-110.0,-110.0,-110.0,-110.0,-110.0,-110.0,-110.0,-110.0,-110.0,0.0,0.0,0.0,0.0,0.0,2026-08-07T03:26:40.888653+00:00,-0.22213746253746253,0.042323152624116456,0.028721100953558953,-0.32411427825260375,-0.2239410218564003,0.2,0.8,0.6,0.2,0.4,0.0,0.0,1.0,0.0,0.0,batter_pitcher_profile_network_v2,1.0,0.1,0.5528263766729961,0.0,0.5282278768857558,-0.506788181868992,0.23290384615384618,0.0,43.0,16.47729054235264,-0.0021332982282458823,0.0,0.0,-0.5254859043147777,0.4066185897435898,0.0,43.0,15.283802793613827,0.11808258037826323,0.17712387056739484,0.028339819290783174,-0.2352595154258889,0.6877061965811968,0.0,43.0,12.939308118731404,-0.044973585324423665,-0.044973585324423665,-0.0022486792662211835,-0.36945744047619034,0.6014102564102564,0.0,43.0,13.263455396847654,0.4114288698958502,0.4114288698958502,0.010285721747396255,-0.2716414682539682,0.6535341880341881,0.0,43.0,13.164010724278814,0.1371673612700604,0.1028755209525453,0.006172531257152718
2026-07-07,Christian_Yelich,592885,hitter,MIL,STL,2026,823062,69,158,138,0,694335.0,Matt_Svanson,3.0,5.0,0.0,0.0,2.0,5.0,5.0,0.0,0.0,1.0,0.125,0.686,0.686,0.4,30.0,65.0,0.0,9.6,3.204395604395604,1.08,0.0,84.0,0,0.0,-0.4999999999999997,-0.8660254037844388,0.7818314824680298,0.6234898018587336,0.5,0.5,0.5,0.5,0.5,0.5,0.5,0.5,0.5,0.5,synthetic,synthetic,synthetic,synthetic,synthetic,0.0,0.0,0.0,0.0,0.0,-110.0,-110.0,-110.0,-110.0,-110.0,-110.0,-110.0,-110.0,-110.0,-110.0,0.0,0.0,0.0,0.0,0.0,2026-08-07T03:26:40.888653+00:00,-0.16500750915750917,0.8507644283454856,0.2861048670534696,-0.15092753488469113,0.29285018231265036,0.2,0.8,0.6,0.2,0.6,0.0,0.0,0.0,0.0,1.0,batter_pitcher_profile_network_v2,1.0,0.0,1.0,0.0,0.5,-0.5703031977281972,0.0,0.0,43.0,16.7974921772236,0.035602444852775195,0.0,0.0,-0.579955791430791,0.0,0.0,43.0,16.867364084747507,0.13714345143952358,0.2057151771592854,0.03291442834548566,-0.3040280136530133,0.0,0.0,43.0,16.68784368571015,0.00670173667378785,0.00670173667378785,0.00033508683368939254,-0.38330929232804223,0.0,0.0,43.0,16.53606094864962,0.3388986046123532,0.3388986046123532,0.00847246511530883,-0.34309748677248647,0.0,0.0,43.0,16.5300757555332,0.10734226873044593,0.08050670154783444,0.004830402092870067
2026-07-08,Christian_Yelich,592885,hitter,MIL,STL,2026,823032,70,158,138,0,700241.0,Michael_McGreevy,1.0,1.0,0.0,0.0,0.0,4.0,3.0,1.0,1.0,1.0,0.11428571428571428,0.395,0.395,0.0,0.0,47.400000000000006,3.9999999999999996,4.7,3.7401098901098897,1.08,5.0,87.0,0,1.0,-0.4999999999999997,-0.8660254037844388,0.9749279121818236,-0.22252093395631434,0.5,1.5,0.5,0.5,0.5,0.5,1.5,0.5,0.5,0.5,synthetic,synthetic,synthetic,synthetic,synthetic,0.0,0.0,0.0,0.0,0.0,-110.0,-110.0,-110.0,-110.0,-110.0,-110.0,-110.0,-110.0,-110.0,-110.0,0.0,0.0,0.0,0.0,0.0,2026-08-07T03:26:40.888653+00:00,0.9353201196699867,0.5378373445059323,0.012705869115730684,-0.3255463498774971,0.6440947623574118,0.8,1.8,0.4,0.2,1.0,3.0,5.0,0.0,0.0,2.0,batter_pitcher_profile_network_v2,1.0,1.0,0.3768303318063807,1.0,0.8225882843537184,-0.3639354497354497,0.10424982371848349,0.1111111111111111,42.0,16.359322005468666,-0.06507770998290013,0.07649057398924336,0.007649057398924336,-0.39384642857142854,0.14483262459266186,0.1111111111111111,42.0,16.28308717525912,0.04332855278188613,0.14148340316207256,0.02263734450593161,-0.11809920634920629,-0.09723926508587924,0.051851851851851836,42.0,15.902937430907464,0.005468296719248803,0.034007492204724384,0.0017003746102362194,-0.26918892195767197,0.2063878571508014,-0.04938271604938271,42.0,15.768941728907848,0.38814181556200267,0.3541460049001167,0.008853650122502919,-0.1893521164021163,-0.045829381364949004,-0.1111111111111111,42.0,15.959448909974514,0.04673711498789025,-0.0468455358013799,-0.002810732148082794
2026-07-11,Christian_Yelich,592885,hitter,MIL,PIT,2026,823356,71,158,134,0,696149.0,Bubba_Chandler,1.0,1.0,0.0,0.0,0.0,5.0,3.0,1.0,2.0,1.0,0.125,0.45999999999999996,0.45999999999999996,0.0,0.0,55.199999999999996,5.93092105263158,5.092105263157895,6.471428571428571,1.08,0.0,82.0,0,3.0,-0.4999999999999997,-0.8660254037844388,-0.9749279121818236,-0.2225209339563146,0.5,1.5,0.5,0.5,0.5,0.5,1.5,0.5,0.5,0.5,synthetic,synthetic,synthetic,synthetic,synthetic,0.0,0.0,0.0,0.0,0.0,-110.0,-110.0,-110.0,-110.0,-110.0,-110.0,-110.0,-110.0,-110.0,-110.0,0.0,0.0,0.0,0.0,0.0,2026-08-07T03:26:40.888653+00:00,0.7289444055460688,-0.35391758148491026,0.07159527835203872,-0.46585674868569193,0.22746486917158748,0.8,1.2,0.2,0.0,0.6,1.0,1.0,0.0,0.0,0.0,batter_pitcher_profile_network_v2,1.0,0.9,0.44659049130854706,0.0,0.7657633983332326,-0.38277937905209075,-0.03733151556875951,0.0,43.0,17.414518568452564,0.021796250604003378,-0.007908074865125481,-0.0007908074865125482,-0.4115355913257325,0.002628435438376056,0.0,43.0,17.542816036510665,0.09138507714620718,0.13707761571931076,0.021932418515089723,-0.1412119802146215,0.3824126978206976,0.0,43.0,16.309547323989687,0.055476995612205676,0.055476995612205676,0.002773849780610284,-0.2757074404761904,0.12401768414303925,0.0,43.0,17.18304911692919,0.3417300525723221,0.3417300525723221,0.008543251314308052,-0.21993313492063493,0.2609327755409048,0.0,43.0,16.858886635212347,0.08652090222575154,0.06489067666931365,0.003893440600158819
2026-07-11,Christian_Yelich,592885,hitter,MIL,PIT,2026,823357,72,158,134,0,677952.0,Braxton_Ashcraft,1.0,1.0,0.0,0.0,0.0,5.0,5.0,0.0,2.0,1.0,0.12195121951219512,0.178,0.178,0.0,0.0,21.36,3.5294117647058827,12.70588235294118,6.471428571428571,1.08,1.0,73.0,0,0.0,-0.4999999999999997,-0.8660254037844388,-0.9749279121818236,-0.2225209339563146,0.5,1.5,0.5,0.5,0.5,0.5,1.5,0.5,0.5,0.5,synthetic,synthetic,synthetic,synthetic,synthetic,0.0,0.0,0.0,0.0,0.0,-110.0,-110.0,-110.0,-110.0,-110.0,-110.0,-110.0,-110.0,-110.0,-110.0,0.0,0.0,0.0,0.0,0.0,2026-08-07T03:26:40.888653+00:00,0.4309657162162215,-0.36984839687792426,-0.08437450078385295,-0.4690384522976785,0.13980639624244262,1.0,1.4,0.2,0.0,0.6,1.0,1.0,0.0,0.0,0.0,batter_pitcher_profile_network_v2,1.0,0.95,0.37501862946279585,0.0,0.7888572069962672,-0.43790079271927873,-0.2776578310245372,0.0,44.0,16.764770288444854,0.0609644117611301,-0.07598935010122637,-0.007598935010122637,-0.4533634473507714,-0.2509734071109907,0.0,44.0,17.095426050610207,0.0983697881948732,0.0764429463422402,0.012230871414758433,-0.19106761401743794,-0.23338598229879798,0.0,44.0,16.74142977479722,0.14278016469202293,0.11491068118705242,0.005745534059352621,-0.2793370701058201,-0.2453203172233502,0.0,44.0,16.77162483272092,0.2572900431271954,0.2144619080928594,0.005361547702321485,-0.24864609788359765,-0.20320573885310508,0.0,44.0,16.924823352364285,0.14033364053864442,0.0736722254112096,0.004420333524672576
2026-07-12,Christian_Yelich,592885,hitter,MIL,PIT,2026,823358,73,158,134,0,694973.0,Paul_Skenes,1.0,2.0,1.0,0.0,0.0,4.0,4.0,0.0,1.0,1.0,0.10526315789473684,0.3175,0.3175,0.25,21.25,49.35,8.65,9.950000000000001,6.625714285714286,1.08,0.0,81.0,0,1.0,-0.4999999999999997,-0.8660254037844388,-0.7818314824680299,0.6234898018587334,1.5,1.5,0.5,0.5,0.5,1.5,1.5,0.5,0.5,0.5,synthetic,synthetic,synthetic,synthetic,synthetic,0.0,0.0,0.0,0.0,0.0,-110.0,-110.0,-110.0,-110.0,-110.0,-110.0,-110.0,-110.0,-110.0,-110.0,0.0,0.0,0.0,0.0,0.0,2026-08-07T03:26:40.888653+00:00,-0.2799634996880511,0.0941540230451241,-0.15113278409782305,-0.3547623856080642,0.16746978271046997,1.2,1.6,0.0,0.0,0.6,1.0,1.0,0.0,0.0,0.0,batter_pitcher_profile_network_v2,1.0,1.0,0.3750625056244053,0.0,0.8040548430610104,-0.4612242301679807,-0.39188607786937113,0.0,45.0,16.43596086772681,0.07014234696355282,-0.11295579888552373,-0.011295579888552374,-0.49101240564990606,-0.34939848003249996,0.0,45.0,17.000119186142623,0.10348265708716763,0.04801034140044537,0.0076816546240712595,-0.21229921120546175,-0.2775553116353574,0.0,45.0,17.135480692993145,0.10832275383090517,0.07149845338188454,0.0035749226690942274,-0.35194332010582013,-0.30321155342699535,0.0,45.0,17.07441737858441,0.22719370600189345,0.16050457567743015,0.004012614391935754,-0.30018984788359804,-0.2719303116353574,0.0,45.0,17.15688931271782,0.11567645679955951,0.03574324567575083,0.00214459474054505
2026-07-17,Christian_Yelich,592885,hitter,MIL,MIA,2026,823766,74,158,146,1,645261.0,Sandy_Alcantara,1.0,2.0,0.0,0.0,0.0,5.0,4.0,1.0,2.0,1.0,0.11904761904761904,0.392,0.392,0.25,21.25,58.29,4.307773109243697,8.016806722689076,7.092857142857143,1.0733333333333333,0.0,92.0,0,5.0,-0.4999999999999997,-0.8660254037844388,-0.433883739117558,-0.9009688679024191,1.5,1.5,0.5,0.5,0.5,1.5,1.5,0.5,0.5,0.5,synthetic,synthetic,synthetic,synthetic,synthetic,0.0,0.0,0.0,0.0,0.0,-110.0,-110.0,-110.0,-110.0,-110.0,-110.0,-110.0,-110.0,-110.0,-110.0,0.0,0.0,0.0,0.0,0.0,2026-08-07T03:26:40.888653+00:00,0.05107394957983202,0.5505540060009038,0.20264428133151258,-0.3546929779094065,0.09557334315373112,1.4,2.0,0.2,0.0,0.4,1.0,2.0,1.0,0.0,0.0,batter_pitcher_profile_network_v2,1.0,1.0,0.30907682102829825,0.0,0.8121380894240334,-0.5159731323123931,0.15071132895997344,0.0,46.0,19.39230597223879,0.056303360645157625,0.0,0.0,-0.5275746367091438,0.042344010383584096,0.0,46.0,19.689637319588876,0.12793335833709926,0.19190003750564888,0.03070400600090382,-0.25629824782025484,-0.041027689674821496,0.0,46.0,19.38804564153059,0.1602937655332875,0.15302848377310801,0.007651424188655401,-0.34375095899470903,-0.04601349422046747,0.0,46.0,19.309525171127127,0.2595426751554329,0.24861421695707428,0.006215355423926858,-0.31697665343915327,-0.015547717299130868,0.0,46.0,19.354223381292574,0.1007730910156286,0.07217476684789872,0.004330486010873923
2026-07-18,Christian_Yelich,592885,hitter,MIL,MIA,2026,823763,75,158,146,1,676974.0,Max_Meyer,1.0,2.0,1.0,0.0,2.0,5.0,3.0,2.0,1.0,1.0,0.11627906976744186,0.53,0.53,0.3333333333333333,28.333333333333332,65.0,1.7,7.042857142857144,2.5928571428571425,1.0733333333333333,-7.0,86.0,0,1.0,-0.4999999999999997,-0.8660254037844388,-0.9749279121818236,-0.2225209339563146,0.5,1.5,0.5,0.5,0.5,0.5,1.5,0.5,0.5,0.5,synthetic,synthetic,synthetic,synthetic,synthetic,0.0,0.0,0.0,0.0,0.0,-110.0,-110.0,-110.0,-110.0,-110.0,-110.0,-110.0,-110.0,-110.0,-110.0,0.0,0.0,0.0,0.0,0.0,2026-08-07T03:26:40.888653+00:00,0.5987519214074721,0.3090263348834028,-0.09156955099420316,-0.3198524650113159,-0.36937080365463437,1.0,1.4,0.2,0.0,0.0,1.0,2.0,0.0,0.0,0.0,batter_pitcher_profile_network_v2,1.0,1.0,0.2741352870177341,0.0,0.8164184273403275,-0.46772996313182486,-0.49924319901502556,0.0,46.0,16.470244725530577,0.07916954323744436,-0.16949739722096216,-0.016949739722096218,-0.4691412276258022,-0.42185924887736026,0.0,46.0,17.648248105827857,0.10451964255932089,0.013122441858476774,0.002099590697356284,-0.19375094984802443,-0.36038253231117,0.0,46.0,17.807360659230092,0.17120238924386902,0.1205192791192592,0.00602596395596296,-0.26525582010582005,-0.3463110032633252,0.0,46.0,18.189859299370106,0.16724673127839026,0.10056806621403137,0.0025142016553507847,-0.23022109788359787,-0.40821147967959104,0.0,46.0,17.25616376670308,0.05189135501388009,-0.02929744740005269,-0.0017578468440031614
2026-07-19,Christian_Yelich,592885,hitter,MIL,MIA,2026,823764,76,158,146,1,691587.0,Eury_Pérez,0.0,0.0,0.0,0.0,0.0,4.0,3.0,1.0,1.0,1.0,0.125,0.1725,0.1725,0.0,0.0,20.7,1.5625,10.92857142857143,3.107142857142857,1.0733333333333333,-6.0,77.0,0,1.0,-0.4999999999999997,-0.8660254037844388,-0.7818314824680299,0.6234898018587334,0.5,1.5,0.5,0.5,0.5,0.5,1.5,0.5,0.5,0.5,synthetic,synthetic,synthetic,synthetic,synthetic,0.0,0.0,0.0,0.0,0.0,-110.0,-110.0,-110.0,-110.0,-110.0,-110.0,-110.0,-110.0,-110.0,-110.0,0.0,0.0,0.0,0.0,0.0,2026-08-07T03:26:40.888653+00:00,0.40358444089357637,-0.09966268656738375,0.01741666625685434,-0.47105277967311426,0.15497639432032373,1.0,1.6,0.4,0.0,0.4,1.0,2.0,1.0,0.0,2.0,batter_pitcher_profile_network_v2,1.0,0.95,0.4150390472531203,0.0,0.7841998308759182,-0.42569828042328073,-0.3703645419941809,0.0,47.0,18.869927684175313,0.09637709354622334,-0.09222701963566483,-0.009222701963566483,-0.41420343915343943,-0.17270663601255518,0.0,47.0,20.686727978331383,0.11440669333569581,0.12976445895385172,0.020762313432616277,-0.15889880952380986,-0.0024210514653806997,0.0,47.0,20.957751047782804,0.13891550375711648,0.13869046799422824,0.006934523399711412,-0.17649193121693124,0.055925978200642816,0.0,47.0,20.82885747338926,0.219222146408763,0.219222146408763,0.005480553660219076,-0.17940859788359817,-0.043274477861319785,0.0,47.0,20.770666435458157,0.0475942916464177,0.03115419105301232,0.0018692514631807391
2026-07-20,Christian_Yelich,592885,hitter,MIL,NYM,2026,823762,77,158,121,1,642547.0,Freddy_Peralta,1.0,2.0,0.0,0.0,0.0,5.0,5.0,0.0,0.0,1.0,0.13513513513513514,0.254,0.254,0.2,17.0,39.480000000000004,5.777472527472528,11.01098901098901,4.279591836734694,1.0733333333333333,0.0,82.0,0,1.0,-0.4999999999999997,-0.8660254037844388,0.0,1.0,0.5,1.5,0.5,0.5,0.5,0.5,1.5,0.5,0.5,0.5,synthetic,synthetic,synthetic,synthetic,synthetic,0.0,0.0,0.0,0.0,0.0,-110.0,-110.0,-110.0,-110.0,-110.0,-110.0,-110.0,-110.0,-110.0,-110.0,0.0,0.0,0.0,0.0,0.0,2026-08-07T03:26:40.888653+00:00,0.21781620490191944,-0.20843606621690003,-0.004825906769572841,-0.37855079644207473,-0.07127167291257336,0.8,1.4,0.4,0.0,0.4,0.0,0.0,0.0,0.0,0.0,batter_pitcher_profile_network_v2,1.0,1.0,0.35331008182961643,0.0,0.8067195149758719,-0.43734996113814534,0.1511037951328335,0.0,48.0,21.25884332894469,0.08918176664090739,0.0,0.0,-0.4245459617464179,0.14091759493673195,0.0,48.0,21.49176091597641,0.11769319256471941,0.1765397888470791,0.028246366215532656,-0.15496008211678808,0.348338510574253,0.0,48.0,20.19358741983286,0.1694846224684427,0.1694846224684427,0.008474231123422136,-0.18012685185185184,0.15509409708265476,0.0,48.0,21.269402865219877,0.21930147565034466,0.21930147565034466,0.005482536891258617,-0.18497060185185168,0.33022424018798685,0.0,48.0,20.17240195594156,0.013995918483842799,0.0104969388628821,0.0006298163317729259
2026-07-22,Christian_Yelich,592885,hitter,MIL,NYM,2026,823761,78,158,121,1,681035.0,Christian_Scott,2.0,4.0,0.0,0.0,2.0,5.0,5.0,0.0,0.0,1.0,0.13513513513513514,0.502,0.502,0.4,30.0,65.0,2.25,11.955882352941176,3.047448979591837,1.0733333333333333,-2.0,72.0,0,2.0,-0.4999999999999997,-0.8660254037844388,0.9749279121818236,-0.22252093395631434,0.5,1.5,0.5,0.5,0.5,0.5,1.5,0.5,0.5,0.5,synthetic,synthetic,synthetic,synthetic,synthetic,0.0,0.0,0.0,0.0,0.0,-110.0,-110.0,-110.0,-110.0,-110.0,-110.0,-110.0,-110.0,-110.0,-110.0,0.0,0.0,0.0,0.0,0.0,2026-08-07T03:26:40.888653+00:00,0.20643157579176807,0.5404635569756047,0.07201251835516209,-0.298151885420317,-0.05773685937643047,0.8,1.6,0.4,0.0,0.4,1.0,2.0,0.0,0.0,0.0,batter_pitcher_profile_network_v2,1.0,0.65,0.5338773833739577,0.0,0.6849900133488486,-0.4260526983644227,-0.41227985700461217,0.0,48.0,19.721159134077613,0.13911574400256824,-0.08187581060161955,-0.008187581060161956,-0.40605889767504716,-0.3134122850411596,0.0,48.0,21.024491912594407,0.12932199410480275,0.13466243380023007,0.02154598940803681,-0.1558369069343064,-0.0798455486329527,0.0,48.0,22.109276366063128,0.21619589144282017,0.21039598210600047,0.010519799105300024,-0.13153518518518512,-0.21414103998187106,0.0,48.0,21.52157329930787,0.1483872301821248,0.13525791652065441,0.0033814479130163605,-0.18437893518518497,-0.1469725249175377,0.0,48.0,21.702085325080574,0.04732555551657098,0.02286287875097924,0.0013717727250587544
2026-07-24,Christian_Yelich,592885,hitter,MIL,COL,2026,823759,79,158,115,1,608372.0,Tomoyuki_Sugano,1.0,4.0,1.0,1.0,1.0,5.0,5.0,0.0,0.0,1.0,0.13513513513513514,0.42000000000000004,0.42000000000000004,0.6,30.0,65.0,6.121052631578948,5.121052631578947,5.907954545454546,1.0733333333333333,-9.0,79.0,0,2.0,-0.4999999999999997,-0.8660254037844388,-0.433883739117558,-0.9009688679024191,0.5,1.5,0.5,0.5,0.5,0.5,1.5,0.5,0.5,0.5,synthetic,synthetic,synthetic,synthetic,synthetic,0.0,0.0,0.0,0.0,0.0,-110.0,-110.0,-110.0,-110.0,-110.0,-110.0,-110.0,-110.0,-110.0,-110.0,0.0,0.0,0.0,0.0,0.0,2026-08-07T03:26:40.888653+00:00,0.9794475322212162,1.2747611613863774,0.041752624735829635,-0.245148721993317,0.6499739594435008,1.0,2.0,0.2,0.0,0.8,2.0,4.0,0.0,0.0,2.0,batter_pitcher_profile_network_v2,1.0,0.95,0.32990132289365465,0.0,0.7941077335482509,-0.35278132096512577,0.5181978361921814,0.0,49.0,18.50768196697648,0.07090525743578131,0.0,0.0,-0.3435319917545283,0.5626942144073863,0.0,49.0,17.898449102214542,0.10309830757837299,0.15464746136755947,0.024743593818809514,-0.09871555656934311,0.36708555973858586,0.0,49.0,21.11861815349558,0.20669254385663888,0.20669254385663888,0.010334627192831944,-0.09753958333333332,0.6405180095881091,0.0,49.0,16.89504188903395,0.2553844536006555,0.2553844536006555,0.0063846113400163875,-0.15335208333333325,0.44356899347352563,0.0,49.0,20.046454719682384,-0.029837483292120014,-0.02237811246909001,-0.0013426867481454005
2026-07-25,Christian_Yelich,592885,hitter,MIL,COL,2026,823758,80,158,115,1,663372.0,Ryan_Feltner,1.0,2.0,0.0,0.0,1.0,5.0,4.0,0.0,1.0,1.0,0.13157894736842105,0.254,0.254,0.25,21.25,41.730000000000004,14.054945054945053,10.434065934065934,5.050811688311689,1.0733333333333333,0.0,79.0,0,1.0,-0.4999999999999997,-0.8660254037844388,-0.9749279121818236,-0.2225209339563146,0.5,2.5,0.5,0.5,0.5,0.5,2.5,0.5,0.5,0.5,synthetic,synthetic,synthetic,synthetic,synthetic,0.0,0.0,0.0,0.0,0.0,-110.0,-110.0,-110.0,-110.0,-110.0,-110.0,-110.0,-110.0,-110.0,-110.0,0.0,0.0,0.0,0.0,0.0,2026-08-07T03:26:40.888653+00:00,0.5277474046124551,0.011092808847811497,0.17462744531106322,-0.11458814287341251,0.5236185210508466,1.0,2.4,0.4,0.2,1.0,1.0,4.0,1.0,1.0,1.0,batter_pitcher_profile_network_v2,1.0,0.8,0.5345748600343405,1.0,0.7463616637166346,-0.2663433174506622,0.44995319716176313,-0.08518518518518518,49.0,19.996425360379632,0.06705830638980022,-0.06536152181627747,-0.0065361521816277475,-0.23491159434982412,0.5367447954073012,-0.10370370370370369,49.0,18.84257276531366,0.10162452520494882,0.07286623950934633,0.011658598321495413,-0.02759238138686093,0.6271206452127078,0.1111111111111111,49.0,18.246946606762783,0.1916935853345688,0.2769477442253655,0.013847387211268276,0.039151157407407364,0.6737026029782793,-0.07407407407407408,49.0,16.91611956695363,0.2973675606871208,0.25280761839683563,0.006320190459920891,-0.04428634259259229,0.64986578191092,-0.1111111111111111,49.0,17.691958937914144,-0.038747909701180264,-0.1143150911666819,-0.006858905470000913
2026-07-27,Christian_Yelich,592885,hitter,MIL,SF,2026,823195,81,158,137,0,641816.0,Tyler_Mahle,0.0,0.0,0.0,0.0,0.0,4.0,4.0,0.0,2.0,1.0,0.13793103448275862,0.0,0.0,0.0,0.0,10.0,4.305494505494505,7.575824175824176,4.68956043956044,1.08,0.0,63.0,0,2.0,-0.4999999999999997,-0.8660254037844388,0.0,1.0,0.5,2.5,0.5,0.5,0.5,0.5,2.5,0.5,0.5,0.5,synthetic,synthetic,synthetic,synthetic,synthetic,0.0,0.0,0.0,0.0,0.0,-110.0,-110.0,-110.0,-110.0,-110.0,-110.0,-110.0,-110.0,-110.0,-110.0,0.0,0.0,0.0,0.0,0.0,2026-08-07T03:26:40.888653+00:00,0.6006164961475307,-0.6666255246833257,-0.24464324063688458,-0.3297485009565707,0.30636177206393556,1.0,2.4,0.2,0.2,0.8,1.0,2.0,0.0,0.0,1.0,batter_pitcher_profile_network_v2,1.0,1.0,0.3282773978559756,0.0,0.809786018762643,-0.2739738730062179,0.14596234117169576,0.0,50.0,23.50918631855084,0.08309328421268032,0.0,0.0,-0.2242421499053798,0.16588732936727735,0.0,50.0,23.58494831114002,0.07543244025625792,0.11314866038438688,0.018103785661501903,-0.035050714720194526,0.3692371214878783,0.0,50.0,22.35717784761884,0.24671267873635058,0.24671267873635058,0.01233563393681753,0.10280185185185194,0.2261725235420347,0.0,50.0,23.064847730104038,0.17044177024057058,0.18605996173717185,0.0046514990434292965,-0.028583564814814638,0.3446234483487197,0.0,50.0,22.382670196230944,-0.029403254795791586,-0.02205244109684369,-0.0013231464658106213
2026-07-28,Christian_Yelich,592885,hitter,MIL,SF,2026,823193,82,158,137,0,694738.0,Landen_Roupp,1.0,1.0,1.0,0.0,0.0,5.0,4.0,1.0,1.0,4.0,0.11363636363636363,0.316,0.316,0.0,0.0,37.92,1.375,6.232142857142857,3.7252747252747254,1.08,0.0,65.0,0,1.0,-0.4999999999999997,-0.8660254037844388,0.7818314824680298,0.6234898018587336,0.5,2.5,0.5,0.5,0.5,0.5,2.5,0.5,0.5,0.5,synthetic,synthetic,synthetic,synthetic,synthetic,0.0,0.0,0.0,0.0,0.0,-110.0,-110.0,-110.0,-110.0,-110.0,-110.0,-110.0,-110.0,-110.0,-110.0,0.0,0.0,0.0,0.0,0.0,2026-08-07T03:26:40.888653+00:00,0.46892693097311466,-0.8333565893437913,-0.1795008267288271,-0.3345561852168789,0.1663247439688954,1.0,2.4,0.2,0.2,0.8,0.0,0.0,0.0,0.0,0.0,batter_pitcher_profile_network_v2,1.0,1.0,0.390705426993238,1.0,0.8208885851933283,-0.3013461357799405,-0.089783991619179,0.1111111111111111,50.0,23.800798179668206,0.044904262596395336,0.060776302738138555,0.006077630273813856,-0.24249032508786153,-0.1826209039456052,0.1111111111111111,50.0,23.443530586151702,0.03190740175057109,0.09814063478312254,0.015702501565299606,-0.044965556569342924,0.11830483251256876,0.1111111111111111,50.0,24.09010612948422,0.17281096390163414,0.2500723765123696,0.01250361882561848,0.10280185185185177,-0.22670596959111938,-0.07407407407407408,50.0,22.60370697045889,0.05946029323106853,-0.0062474086751551985,-0.00015618521687887996,-0.023583564814814634,0.04636327525509247,0.1111111111111111,50.0,23.94226384272597,-0.08913423750775015,0.010410734479922829,0.0006246440687953697
2026-07-29,Christian_Yelich,592885,hitter,MIL,SF,2026,823192,83,158,137,0,657277.0,Logan_Webb,1.0,1.0,0.0,0.0,0.0,4.0,2.0,2.0,0.0,4.0,0.10256410256410256,0.5675,0.5675,0.0,0.0,65.0,5.492857142857143,5.107142857142857,4.392857142857143,1.08,9.0,67.0,0,1.0,-0.4999999999999997,-0.8660254037844388,0.9749279121818236,-0.22252093395631434,0.5,1.5,0.5,0.5,0.5,0.5,2.5,0.5,0.5,0.5,synthetic,real,real,synthetic,synthetic,0.0,8.0,7.0,0.0,0.0,-110.0,0.0,0.0,-110.0,-110.0,-110.0,0.0,0.0,-110.0,-110.0,0.0,0.3535533905932738,0.0,0.0,0.0,2026-07-30T00:28:52.112372+00:00,0.6808671850881765,0.29743548776791195,0.247825710702001,-0.32983494854708495,0.2589831701998918,1.0,2.2,0.4,0.2,0.8,1.0,1.0,1.0,0.0,0.0,batter_pitcher_profile_network_v2,1.0,1.0,0.35504773671679,1.0,0.8252566522521932,-0.2977562398621249,0.084731608742135,0.029629629629629634,50.0,24.798130911778156,0.09528178368832801,0.02007478128469319,0.002007478128469319,-0.29043286361178694,-0.028246111052689985,0.05185185185185184,50.0,24.997638340456692,0.10265040732737779,0.18381554854944862,0.02941048776791178,-0.07384420620437959,-0.04201856754356745,-0.08148148148148147,50.0,24.64158318203841,0.3387485108907213,0.28154168656749096,0.014077084328374548,-0.025977777777777773,-0.1049190908506697,-0.04938271604938271,50.0,24.319043386377807,0.2178178861281724,0.18260205811660313,0.004565051452915078,-0.13223819444444426,-0.03355265845265835,-0.0962962962962963,50.0,24.56751752053352,0.03469350615330982,-0.042084525972501376,-0.0025250715583500826
2026-07-31,Christian_Yelich,592885,hitter,MIL,LAA,2026,823999,84,158,108,0,696270.0,Ryan_Johnson,1.0,1.0,0.0,0.0,0.0,5.0,5.0,0.0,1.0,3.0,0.11363636363636363,0.178,0.178,0.0,0.0,21.36,9.6,7.2,3.195153061224489,1.08,8.0,84.0,0,2.0,-0.4999999999999997,-0.8660254037844388,-0.433883739117558,-0.9009688679024191,0.5,1.5,0.5,0.5,0.5,0.5,1.5,0.5,0.5,0.5,synthetic,synthetic,synthetic,synthetic,synthetic,0.0,0.0,0.0,0.0,0.0,-110.0,-110.0,-110.0,-110.0,-110.0,-110.0,-110.0,-110.0,-110.0,-110.0,0.0,0.0,0.0,0.0,0.0,2026-08-07T03:26:40.888653+00:00,0.4791892302059646,-0.2504475386764895,-0.14641240903874225,-0.3268536509043133,-0.17910380391361125,0.8,1.6,0.4,0.2,0.4,1.0,1.0,0.0,0.0,0.0,batter_pitcher_profile_network_v2,1.0,0.5,0.651666938988015,1.0,0.6538353999869841,-0.24894684095860592,0.2601278994322789,-0.08148148148148147,51.0,24.859388356696527,0.08807405088522746,-0.06729013455136357,-0.006729013455136357,-0.2701722766884533,0.37125832964683325,-0.09382716049382715,51.0,23.701913111266617,0.12128854062476457,0.1044472014537585,0.016711552232601363,-0.03961764705882373,0.4343367845117845,-0.08148148148148147,51.0,23.632497125545544,0.267252528915666,0.1999623943643024,0.00999811971821512,-0.08573217592592594,0.5344843397478435,-0.04938271604938271,51.0,21.393761520477,0.3426358635555669,0.30185396382746776,0.007546349095686695,-0.1324925925925926,0.46216296296296294,-0.0962962962962963,51.0,23.02866803933862,-0.0028075187335945295,-0.08163034351998921,-0.004897820611199352
2026-08-01,Christian_Yelich,592885,hitter,MIL,LAA,2026,824000,85,158,108,0,608718.0,Brent_Suter,0.0,0.0,0.0,0.0,0.0,4.0,4.0,0.0,1.0,4.0,0.1111111111111111,0.0,0.0,0.0,0.0,10.0,1.125,6.0,3.470663265306122,1.08,8.0,84.0,0,1.0,-0.8660254037844385,-0.5000000000000004,-0.9749279121818236,-0.2225209339563146,0.5,0.5,0.5,0.5,0.5,0.5,0.5,0.5,0.5,0.5,synthetic,synthetic,synthetic,synthetic,synthetic,0.0,0.0,0.0,0.0,0.0,-110.0,-110.0,-110.0,-110.0,-110.0,-110.0,-110.0,-110.0,-110.0,-110.0,0.0,0.0,0.0,0.0,0.0,2026-08-07T03:26:40.888653+00:00,0.5532265306122448,0.30717793394359894,-0.37069265599467116,-0.46484562108644345,-0.3528765388540155,0.8,1.0,0.2,0.0,0.2,1.0,1.0,0.0,0.0,0.0,batter_pitcher_profile_network_v2,1.0,0.1,0.7884906383804409,0.0,0.5253409896798396,-0.3027787037037035,0.6661616161616162,0.0,51.0,19.255890339806808,0.0629049124546262,0.0,0.0,-0.31040462962962945,0.7567487373737374,0.0,51.0,17.471255575545165,0.1216441692094402,0.1824662538141603,0.029194600610265648,-0.09220833333333311,0.9489583333333333,0.0,51.0,15.001993869475413,0.2204836148004552,0.2204836148004552,0.01102418074002276,-0.09186550925925926,0.8418181818181818,0.0,51.0,16.212265498959365,0.38217515654226103,0.38217515654226103,0.009554378913556526,-0.16375092592592566,0.9319444444444445,0.0,51.0,15.153907822176926,-0.0016970841330734478,-0.0012728130998050859,-7.636878598830515e-05
2026-08-03,Christian_Yelich,592885,hitter,MIL,PIT,2026,823757,86,158,134,1,696149.0,Bubba_Chandler,0.0,0.0,0.0,0.0,0.0,4.0,4.0,0.0,1.0,3.0,0.10526315789473684,0.0,0.0,0.0,0.0,10.0,4.285714285714286,8.475563909774436,2.025,1.0733333333333333,-10.0,76.0,0,2.0,-0.8660254037844385,-0.5000000000000004,0.0,1.0,0.5,0.5,0.5,0.5,0.5,0.5,0.5,0.5,0.5,0.5,synthetic,synthetic,synthetic,synthetic,synthetic,0.0,0.0,0.0,0.0,0.0,-110.0,-110.0,-110.0,-110.0,-110.0,-110.0,-110.0,-110.0,-110.0,-110.0,0.0,0.0,0.0,0.0,0.0,2026-08-07T03:26:40.888653+00:00,0.04854524308855368,-0.09189072305982593,-0.43427459787361805,-0.4712575962798091,-0.5,0.6,0.6,0.2,0.0,0.0,0.0,0.0,0.0,0.0,0.0,batter_pitcher_profile_network_v2,1.0,1.0,0.3859526186082858,1.0,0.821470804220485,-0.36005555555555574,0.001173632118485736,0.029629629629629634,49.0,25.246711186957185,0.10992619858060029,0.020532631386789423,0.0020532631386789425,-0.35262500000000013,-0.015101177615213311,-0.01975308641975308,49.0,25.38523731952538,0.12677178924665114,0.17319942824450923,0.02771190851912148,-0.15373148148148164,0.30538340827559113,-0.06666666666666667,49.0,24.38754462046431,0.3880748842005472,0.341876463580271,0.01709382317901355,-0.09429513888888887,0.03825318018295185,-0.04938271604938271,49.0,25.03262685172154,0.24525053445228562,0.21102948214096992,0.005275737053524248,-0.1938055555555555,0.2025412828933281,-0.0962962962962963,49.0,24.83275969669071,0.016232346539512037,-0.054556792102431584,-0.003273407526145895
2026-08-04,Christian_Yelich,592885,hitter,MIL,PIT,2026,823756,87,158,134,1,683003.0,Jared_Jones,0.0,0.0,0.0,0.0,0.0,4.0,4.0,0.0,1.0,5.0,0.10810810810810811,0.0,0.0,0.0,0.0,10.0,2.6,10.399999999999999,2.025,1.0733333333333333,-8.0,82.0,0,1.0,-0.8660254037844385,-0.5000000000000004,0.7818314824680298,0.6234898018587336,0.5,0.5,0.5,0.5,0.5,0.5,0.5,0.5,0.5,0.5,synthetic,synthetic,synthetic,synthetic,synthetic,0.0,0.0,0.0,0.0,0.0,-110.0,-110.0,-110.0,-110.0,-110.0,-110.0,-110.0,-110.0,-110.0,-110.0,0.0,0.0,0.0,0.0,0.0,2026-08-07T03:26:40.888653+00:00,-0.022175310685926264,-0.09738731494687347,-0.4488900334623335,-0.47158031303457937,-0.5,0.6,0.6,0.2,0.0,0.0,0.0,0.0,0.0,0.0,0.0,batter_pitcher_profile_network_v2,1.0,0.55,0.6051132342572256,0.0,0.6517304958419194,-0.3322777777777775,-0.35267807192807205,0.0,51.0,24.015758931294346,0.11273490296892737,-0.04627562938178741,-0.004627562938178741,-0.3341064814814813,-0.2135961538461539,0.0,51.0,25.821768838158658,0.0984063915875318,0.11942894374420314,0.019108630999072503,-0.14354629629629614,-0.1345626873126873,0.0,51.0,25.75514047123991,0.3855026294753274,0.3778750064290044,0.01889375032145022,-0.09429513888888887,-0.04484615384615385,0.0,51.0,26.393479364925266,0.1997906989587361,0.19812081195015913,0.004953020298753979,-0.1988055555555555,-0.14055627705627705,0.0,51.0,25.68999397552653,-0.001815203830914916,-0.012395869381644265,-0.0007437521628986559
2026-08-05,Christian_Yelich,592885,hitter,MIL,PIT,2026,823753,88,158,134,1,694973.0,Paul_Skenes,2.0,3.0,1.0,0.0,1.0,4.0,4.0,0.0,2.0,5.0,0.12121212121212122,0.54,0.54,0.25,21.25,65.0,6.991071428571428,14.866071428571429,2.185714285714286,1.0733333333333333,-6.0,75.0,0,1.0,-0.8660254037844385,-0.5000000000000004,0.9749279121818236,-0.22252093395631434,0.5,0.5,0.5,0.5,0.5,0.5,0.5,0.5,0.5,0.5,synthetic,synthetic,synthetic,synthetic,synthetic,0.0,0.0,0.0,0.0,0.0,-110.0,-110.0,-110.0,-110.0,-110.0,-110.0,-110.0,-110.0,-110.0,-110.0,0.0,0.0,0.0,0.0,0.0,2026-08-07T03:26:40.888653+00:00,-0.3870633591566874,0.33369311720457895,-0.2532817297531146,-0.3579513760090124,-0.38345724460083774,0.4,0.4,0.0,0.0,0.0,0.0,0.0,0.0,0.0,0.0,batter_pitcher_profile_network_v2,1.0,1.0,0.3688579869052836,1.0,0.8235648966041028,-0.3630221669430629,-0.22978418660492242,0.029629629629629634,51.0,25.0547605641108,0.09559432642059751,-0.03236844005172097,-0.0032368440051720976,-0.3588274322830296,-0.22869487516385514,0.05432098765432099,51.0,25.260162067207172,0.08007377931247144,0.105496755255891,0.01687948084094256,-0.1919116915422889,-0.07126644237405105,0.1111111111111111,51.0,25.838655854316787,0.3516900419049136,0.419105664677968,0.020955283233898402,-0.09699143518518522,-0.2304611795116812,-0.04938271604938271,51.0,24.69511954274458,0.16618502190757733,0.1182782929728391,0.0029569573243209777,-0.23250185185185196,-0.047434920634920615,-0.0962962962962963,51.0,25.918409410051524,0.0018601336208113953,-0.07147355720010987,-0.0042884134320065916
