Date,Player,Player_MLBAM_ID,Player_Type,Team,Opponent,Season,Game_ID,Game_Index,Team_ID,Opponent_ID,Is_Home,Opp_Starter_ID,Opp_Starter_Player,H,TB,R,HR,RBI,PA,AB,BB,SO,Batting_Order,Team_PA_share,wOBA,xwOBA,ISO,Barrel%,HardHit%,Opp_Pitcher_ERA_3,Opp_Pitcher_K9_3,Opp_Bullpen_ERA_7,Park_Factor,Wind_Out_MPH,Temp_F,Did_Not_Play,Rest_Days,Month_sin,Month_cos,DayOfWeek_sin,DayOfWeek_cos,Market_H,Market_TB,Market_R,Market_HR,Market_RBI,Synthetic_Market_H,Synthetic_Market_TB,Synthetic_Market_R,Synthetic_Market_HR,Synthetic_Market_RBI,Market_Source_H,Market_Source_TB,Market_Source_R,Market_Source_HR,Market_Source_RBI,Market_H_books,Market_TB_books,Market_R_books,Market_HR_books,Market_RBI_books,Market_H_over_price,Market_TB_over_price,Market_R_over_price,Market_HR_over_price,Market_RBI_over_price,Market_H_under_price,Market_TB_under_price,Market_R_under_price,Market_HR_under_price,Market_RBI_under_price,Market_H_line_std,Market_TB_line_std,Market_R_line_std,Market_HR_line_std,Market_RBI_line_std,Market_Fetched_At_UTC,H_market_gap,TB_market_gap,R_market_gap,HR_market_gap,RBI_market_gap,H_rolling_avg,TB_rolling_avg,R_rolling_avg,HR_rolling_avg,RBI_rolling_avg,H_lag1,TB_lag1,R_lag1,HR_lag1,RBI_lag1,Matchup_Network_Version,Matchup_Network_Batter_Support,Matchup_Network_Pitcher_Support,Pitcher_Profile_Uncertainty,Batter_Vs_Starter_Games,Matchup_Network_Confidence,Batter_Profile_H_Strength,Pitcher_Profile_H_Vulnerability,Batter_Vs_Starter_H_Lift,Archetype_Neighbor_H_Games,Archetype_Neighbor_H_Effective_Support,Archetype_Neighbor_H_Lift,Matchup_Network_H_Score,Matchup_Network_H_Adjustment,Batter_Profile_TB_Strength,Pitcher_Profile_TB_Vulnerability,Batter_Vs_Starter_TB_Lift,Archetype_Neighbor_TB_Games,Archetype_Neighbor_TB_Effective_Support,Archetype_Neighbor_TB_Lift,Matchup_Network_TB_Score,Matchup_Network_TB_Adjustment,Batter_Profile_R_Strength,Pitcher_Profile_R_Vulnerability,Batter_Vs_Starter_R_Lift,Archetype_Neighbor_R_Games,Archetype_Neighbor_R_Effective_Support,Archetype_Neighbor_R_Lift,Matchup_Network_R_Score,Matchup_Network_R_Adjustment,Batter_Profile_HR_Strength,Pitcher_Profile_HR_Vulnerability,Batter_Vs_Starter_HR_Lift,Archetype_Neighbor_HR_Games,Archetype_Neighbor_HR_Effective_Support,Archetype_Neighbor_HR_Lift,Matchup_Network_HR_Score,Matchup_Network_HR_Adjustment,Batter_Profile_RBI_Strength,Pitcher_Profile_RBI_Vulnerability,Batter_Vs_Starter_RBI_Lift,Archetype_Neighbor_RBI_Games,Archetype_Neighbor_RBI_Effective_Support,Archetype_Neighbor_RBI_Lift,Matchup_Network_RBI_Score,Matchup_Network_RBI_Adjustment
2026-03-01,Troy_Johnston,687859,hitter,COL,CLE,2026,831867,0,115,114,0,668909.0,Gavin_Williams,2.0,3.0,0.0,0.0,2.0,3.0,3.0,0.0,0.0,6.0,0.08571428571428572,0.7200000000000001,0.7200000000000001,0.3333333333333333,28.333333333333332,65.0,4.1,8.2,4.0,1.08,-2.0,88.0,0,2.0,1.0,6.123233995736766e-17,-0.7818314824680299,0.6234898018587334,1.5,2.5,0.5,0.5,1.5,1.5,2.5,0.5,0.5,1.5,synthetic,synthetic,synthetic,synthetic,synthetic,0.0,0.0,0.0,0.0,0.0,-110.0,-110.0,-110.0,-110.0,-110.0,-110.0,-110.0,-110.0,-110.0,-110.0,0.0,0.0,0.0,0.0,0.0,2026-08-07T03:26:40.888653+00:00,0.4017333333333333,0.4942500000000001,-0.13924999999999998,-0.3202333333333333,0.40380000000000016,2.0,3.0,0.0,0.0,2.0,2.0,3.0,0.0,0.0,2.0,,0.0,0.0,1.0,0.0,0.0,0.0,0.0,0.0,0.0,0.0,0.0,0.0,0.0,0.0,0.0,0.0,0.0,0.0,0.0,0.0,0.0,0.0,0.0,0.0,0.0,0.0,0.0,0.0,0.0,0.0,0.0,0.0,0.0,0.0,0.0,0.0,0.0,0.0,0.0,0.0,0.0,0.0,0.0,0.0,0.0
2026-03-02,Troy_Johnston,687859,hitter,COL,LAD,2026,831808,1,115,119,1,656924.0,Ryder_Ryan,1.0,1.0,0.0,0.0,0.0,3.0,3.0,0.0,0.0,6.0,0.075,0.2966666666666667,0.2966666666666667,0.0,0.0,35.6,4.1,8.2,0.0,1.0611111111111111,8.0,85.0,0,1.0,1.0,6.123233995736766e-17,0.0,1.0,1.5,2.5,0.5,0.5,1.5,1.5,2.5,0.5,0.5,1.5,synthetic,synthetic,synthetic,synthetic,synthetic,0.0,0.0,0.0,0.0,0.0,-110.0,-110.0,-110.0,-110.0,-110.0,-110.0,-110.0,-110.0,-110.0,-110.0,0.0,0.0,0.0,0.0,0.0,2026-08-07T03:26:40.888653+00:00,0.20291666666666686,-0.11701666666666677,-0.5,-0.48044444444444445,0.06420000000000026,2.0,3.0,0.0,0.0,2.0,2.0,3.0,0.0,0.0,2.0,batter_pitcher_profile_network_v2,0.03333333333333333,0.0,1.0,0.0,0.016666666666666666,1.0,0.0,0.0,0.0,0.0,0.0,0.0,0.0,1.0,0.0,0.0,0.0,0.0,0.0,0.0,0.0,0.6875,0.0,0.0,0.0,0.0,0.0,0.0,0.0,1.0,0.0,0.0,0.0,0.0,0.0,0.0,0.0,0.8124999999999999,0.0,0.0,0.0,0.0,0.0,0.0,0.0
2026-03-05,Troy_Johnston,687859,hitter,COL,MIL,2026,831792,2,115,158,1,688107.0,Robert_Gasser,1.0,1.0,1.0,0.0,0.0,3.0,3.0,0.0,0.0,6.0,0.07142857142857142,0.2966666666666667,0.2966666666666667,0.0,0.0,35.6,4.1,8.2,3.642857142857143,1.0611111111111111,18.0,76.0,0,3.0,1.0,6.123233995736766e-17,0.43388373911755823,-0.900968867902419,1.5,1.5,0.5,0.5,0.5,1.5,1.5,0.5,0.5,0.5,synthetic,synthetic,synthetic,synthetic,synthetic,0.0,0.0,0.0,0.0,0.0,-110.0,-110.0,-110.0,-110.0,-110.0,-110.0,-110.0,-110.0,-110.0,-110.0,0.0,0.0,0.0,0.0,0.0,2026-08-07T03:26:40.888653+00:00,-0.17861904761904746,-0.020916666666666694,-0.4079404761904762,-0.48044444444444445,0.2421428571428571,1.5,2.0,0.0,0.0,1.0,1.0,1.0,0.0,0.0,0.0,batter_pitcher_profile_network_v2,0.06666666666666667,0.0,1.0,0.0,0.03333333333333333,0.9366666666666666,0.0,0.0,0.0,0.0,0.0,0.0,0.0,0.7372222222222221,0.0,0.0,0.0,0.0,0.0,0.0,0.0,0.6875,0.0,0.0,0.0,0.0,0.0,0.0,0.0,0.5127083333333332,0.0,0.0,0.0,0.0,0.0,0.0,0.0,0.49083333333333323,0.0,0.0,0.0,0.0,0.0,0.0,0.0
2026-03-07,Troy_Johnston,687859,hitter,COL,LAD,2026,831863,3,115,119,0,689017.0,Landon_Knack,1.0,1.0,0.0,0.0,0.0,3.0,3.0,0.0,1.0,6.0,0.07692307692307693,0.2966666666666667,0.2966666666666667,0.0,0.0,35.6,40.5,13.5,3.493984962406015,1.0611111111111111,-4.0,77.0,0,2.0,1.0,6.123233995736766e-17,-0.9749279121818236,-0.2225209339563146,1.5,1.5,0.5,0.5,0.5,1.5,1.5,0.5,0.5,0.5,synthetic,synthetic,synthetic,synthetic,synthetic,0.0,0.0,0.0,0.0,0.0,-110.0,-110.0,-110.0,-110.0,-110.0,-110.0,-110.0,-110.0,-110.0,-110.0,0.0,0.0,0.0,0.0,0.0,2026-08-07T03:26:40.888653+00:00,-0.5499100395379471,-0.22126281555555538,-0.054930018706622286,-0.48044070694444446,0.014596757415172523,1.3333333333333333,1.6666666666666667,0.3333333333333333,0.0,0.6666666666666666,1.0,1.0,1.0,0.0,0.0,batter_pitcher_profile_network_v2,0.1,0.05,0.9425,0.0,0.0617271875,0.8822222222222222,0.5,0.0,0.0,0.0,0.0,0.002536388888888889,0.0002536388888888889,0.5806481481481481,0.6,0.0,0.0,0.0,0.0,0.002003236111111111,0.00032051777777777776,0.6875,1.0,0.0,0.0,0.0,0.0,0.003953125,0.00019765625000000002,0.04333333333333332,0.6,0.0,0.0,0.0,0.0,0.00014949999999999995,3.737499999999999e-06,0.2975,1.0,0.0,0.0,0.0,0.0,0.001710625,0.0001026375
2026-03-09,Troy_Johnston,687859,hitter,COL,CWS,2026,831865,4,115,145,0,699151.0,Jedixson_Paez,1.0,1.0,0.0,0.0,0.0,3.0,2.0,1.0,1.0,6.0,0.07692307692307693,0.5266666666666667,0.5266666666666667,0.0,0.0,63.20000000000001,40.5,13.5,3.0827922077922074,1.0611111111111111,2.0,75.0,0,2.0,1.0,6.123233995736766e-17,0.0,1.0,1.5,1.5,0.5,0.5,0.5,1.5,1.5,0.5,0.5,0.5,synthetic,synthetic,synthetic,synthetic,synthetic,0.0,0.0,0.0,0.0,0.0,-110.0,-110.0,-110.0,-110.0,-110.0,-110.0,-110.0,-110.0,-110.0,-110.0,0.0,0.0,0.0,0.0,0.0,2026-08-07T03:26:40.888653+00:00,-0.6326113886113883,-0.2214166666666666,-0.14252064602064596,-0.48044444444444445,-0.05039885114885112,1.25,1.5,0.25,0.0,0.5,1.0,1.0,0.0,0.0,0.0,batter_pitcher_profile_network_v2,0.13333333333333333,0.0,1.0,0.0,0.06666666666666667,0.855,0.0,0.0,0.0,0.0,0.0,0.0,0.0,0.502361111111111,0.0,0.0,0.0,0.0,0.0,0.0,0.0,0.6875,0.0,0.0,0.0,0.0,0.0,0.0,0.0,-0.19135416666666671,0.0,0.0,0.0,0.0,0.0,0.0,0.0,0.20083333333333328,0.0,0.0,0.0,0.0,0.0,0.0,0.0
2026-03-11,Troy_Johnston,687859,hitter,COL,SEA,2026,831861,5,115,136,0,622491.0,Luis_Castillo,2.0,5.0,1.0,0.0,3.0,5.0,3.0,1.0,1.0,4.0,0.11363636363636363,0.716,0.716,1.0,30.0,65.0,33.75,13.5,9.320778746281121,1.0722222222222222,6.0,78.0,0,2.0,1.0,6.123233995736766e-17,0.9749279121818236,-0.22252093395631434,1.5,1.5,0.5,0.5,0.5,1.5,1.5,0.5,0.5,0.5,synthetic,synthetic,synthetic,synthetic,synthetic,0.0,0.0,0.0,0.0,0.0,-110.0,-110.0,-110.0,-110.0,-110.0,-110.0,-110.0,-110.0,-110.0,-110.0,0.0,0.0,0.0,0.0,0.0,2026-08-07T03:26:40.888653+00:00,-0.3434097237283005,1.0476036868686873,0.3080104275637756,-0.1518888888888889,0.29358160939949396,1.2,1.4,0.2,0.0,0.4,1.0,1.0,0.0,0.0,0.0,batter_pitcher_profile_network_v2,0.16666666666666666,0.05,0.9425,0.0,0.09506052083333333,0.7937500000000001,0.5,0.0,0.0,0.0,0.0,0.0038033854166666667,0.0003803385416666667,0.4305555555555556,0.6,0.0,0.0,0.0,0.0,0.0024756944444444444,0.00039611111111111113,0.6166666666666667,0.8111111111111111,0.0,0.0,0.0,0.0,0.004793441358024691,0.00023967206790123457,-0.27083333333333337,0.6,0.0,0.0,0.0,0.0,0.0,0.0,0.20416666666666666,0.9055555555555556,0.0,0.0,0.0,0.0,0.001771807484567901,0.00010630844907407406
2026-03-13,Troy_Johnston,687859,hitter,COL,TEX,2026,831731,6,115,140,1,656641.0,Jacob_Latz,1.0,1.0,0.0,0.0,0.0,3.0,2.0,1.0,0.0,5.0,0.08108108108108109,0.5266666666666667,0.5266666666666667,0.0,0.0,63.20000000000001,7.05,5.55,6.354475881261595,1.0611111111111111,2.0,89.0,0,2.0,1.0,6.123233995736766e-17,-0.433883739117558,-0.9009688679024191,1.5,1.5,0.5,0.5,0.5,1.5,1.5,0.5,0.5,0.5,synthetic,synthetic,synthetic,synthetic,synthetic,0.0,0.0,0.0,0.0,0.0,-110.0,-110.0,-110.0,-110.0,-110.0,-110.0,-110.0,-110.0,-110.0,-110.0,0.0,0.0,0.0,0.0,0.0,2026-08-07T03:26:40.888653+00:00,0.07416277932509519,0.5309996040060598,0.273072205554621,-0.48010379244047724,0.6669401588604154,1.2,1.8,0.4,0.0,0.6,2.0,5.0,1.0,0.0,3.0,batter_pitcher_profile_network_v2,0.2,0.1,0.7393495870737763,0.0,0.12594296755834625,0.7645833333333332,0.24116276803118897,0.0,0.0,0.0,0.0,0.009612215521084209,0.000961221552108421,0.7379629629629628,0.3047385477582845,0.0,0.0,0.0,0.0,0.011723313326160086,0.0018757301321856137,0.5958333333333332,0.49553240740740745,0.0,0.0,0.0,0.0,0.015391653254247085,0.0007695826627123543,0.5232638888888889,0.4995302144249512,0.0,0.0,0.0,0.0,0.01362608015868721,0.00034065200396718025,0.6388888888888888,0.43287037037037035,0.0,0.0,0.0,0.0,0.014416890766405453,0.0008650134459843271
2026-03-14,Troy_Johnston,687859,hitter,COL,CHC,2026,831928,7,115,112,1,676962.0,Ben_Brown,1.0,1.0,1.0,0.0,0.0,4.0,4.0,0.0,0.0,6.0,0.11764705882352941,0.2225,0.2225,0.0,0.0,26.7,10.125,10.125,3.7059065934065933,1.0611111111111111,0.0,84.0,0,1.0,1.0,6.123233995736766e-17,-0.9749279121818236,-0.2225209339563146,1.5,1.5,0.5,0.5,0.5,1.5,1.5,0.5,0.5,0.5,synthetic,synthetic,synthetic,synthetic,synthetic,0.0,0.0,0.0,0.0,0.0,-110.0,-110.0,-110.0,-110.0,-110.0,-110.0,-110.0,-110.0,-110.0,-110.0,0.0,0.0,0.0,0.0,0.0,2026-08-07T03:26:40.888653+00:00,-0.37118124217791326,-0.12829525517952045,-0.13119064269965347,-0.48049733836501735,0.0054823116488835755,1.2,1.8,0.4,0.0,0.6,1.0,1.0,0.0,0.0,0.0,batter_pitcher_profile_network_v2,0.23333333333333334,0.05,0.9425,0.0,0.12839385416666665,0.8589052795031054,-0.0943125,0.0,0.0,0.0,0.0,-0.0010868238476562497,-0.00010868238476562497,0.7364527260179434,-0.2999375,0.0,0.0,0.0,0.0,-0.002963604675925926,-0.0004741767481481481,0.650698757763975,0.3521875000000001,0.0,0.0,0.0,0.0,0.0030746702473958333,0.00015373351236979167,0.36440476190476184,-0.43275,0.0,0.0,0.0,0.0,-0.002115756822916666,-5.289392057291665e-05,0.584047619047619,0.17875000000000008,0.0,0.0,0.0,0.0,0.0014006800347222226,8.404080208333335e-05
2026-03-17,Troy_Johnston,687859,hitter,COL,SEA,2026,831742,8,115,136,1,681867.0,Cooper_Criswell,1.0,2.0,0.0,0.0,0.0,2.0,2.0,0.0,1.0,4.0,0.05,0.635,0.635,0.5,30.0,65.0,0.0,8.25,7.139440391541233,1.0611111111111111,0.0,91.0,0,3.0,1.0,6.123233995736766e-17,0.7818314824680298,0.6234898018587336,1.5,1.5,0.5,0.5,0.5,1.5,1.5,0.5,0.5,0.5,synthetic,synthetic,synthetic,synthetic,synthetic,0.0,0.0,0.0,0.0,0.0,-110.0,-110.0,-110.0,-110.0,-110.0,-110.0,-110.0,-110.0,-110.0,-110.0,0.0,0.0,0.0,0.0,0.0,2026-08-07T03:26:40.888653+00:00,-0.21175585502961658,0.5765938911389115,0.3390398430771939,-0.2807983558182844,0.21885320862676216,1.2,1.8,0.4,0.0,0.6,1.0,1.0,1.0,0.0,0.0,batter_pitcher_profile_network_v2,0.26666666666666666,0.1,0.6657582521472478,0.0,0.16017779474452953,0.8963888888888887,-0.625829519450801,0.0,0.0,0.0,0.0,-0.05000137357932762,-0.005000137357932762,0.7089236111111109,-0.725962528604119,0.0,0.0,0.0,0.0,-0.04587151371513702,-0.007339442194421924,0.695659722222222,-0.9457880434782608,0.0,0.0,0.0,0.0,-0.058643529997355885,-0.0029321764998677946,0.19456597222222224,-0.8163157894736842,0.0,0.0,0.0,0.0,-0.014156454953596896,-0.00035391137383992244,0.48753472222222216,-0.9277173913043479,0.0,0.0,0.0,0.0,-0.04031351583832549,-0.002418810950299529
2026-03-18,Troy_Johnston,687859,hitter,COL,CIN,2026,831866,9,115,113,0,663903.0,Brady_Singer,1.0,1.0,0.0,0.0,0.0,3.0,3.0,0.0,2.0,7.0,0.06976744186046512,0.2966666666666667,0.2966666666666667,0.0,0.0,35.6,7.5,6.0,5.380050096961861,1.08,0.0,97.0,0,1.0,1.0,6.123233995736766e-17,0.9749279121818236,-0.22252093395631434,1.5,1.5,0.5,0.5,0.5,1.5,1.5,0.5,0.5,0.5,synthetic,synthetic,synthetic,synthetic,synthetic,0.0,0.0,0.0,0.0,0.0,-110.0,-110.0,-110.0,-110.0,-110.0,-110.0,-110.0,-110.0,-110.0,-110.0,0.0,0.0,0.0,0.0,0.0,2026-08-07T03:26:40.888653+00:00,-0.09548216547661181,0.1276737055845547,-0.07622968871486752,-0.4745646589781153,0.055886281515896585,1.2,2.0,0.4,0.0,0.6,1.0,2.0,0.0,0.0,0.0,batter_pitcher_profile_network_v2,0.3,0.15,0.8060492508220369,0.0,0.18768884501614508,0.8158913367390377,0.6370714285714286,0.0,0.0,0.0,0.0,0.030243577766966543,0.0030243577766966546,0.7340921668795231,0.19573214285714283,0.0,0.0,0.0,0.0,0.008360369205792797,0.0013376590729268477,0.6398946360153255,0.5071726190476191,0.0,0.0,0.0,0.0,0.01888326052373487,0.0009441630261867436,0.46391975308641986,-0.24399999999999994,0.0,0.0,0.0,0.0,-0.006586359124612286,-0.00016465897811530715,0.6069753086419752,0.3951190476190477,0.0,0.0,0.0,0.0,0.013954417331608194,0.0008372650398964916
2026-03-19,Troy_Johnston,687859,hitter,COL,SF,2026,831756,10,115,137,1,657277.0,Logan_Webb,0.0,0.0,0.0,0.0,0.0,2.0,1.0,1.0,1.0,4.0,0.045454545454545456,0.345,0.345,0.0,0.0,41.4,3.0,9.0,5.4304147465437795,1.0611111111111111,6.0,98.0,0,1.0,1.0,6.123233995736766e-17,0.43388373911755823,-0.900968867902419,1.5,1.5,0.5,0.5,0.5,1.5,1.5,0.5,0.5,0.5,synthetic,synthetic,synthetic,synthetic,synthetic,0.0,0.0,0.0,0.0,0.0,-110.0,-110.0,-110.0,-110.0,-110.0,-110.0,-110.0,-110.0,-110.0,-110.0,0.0,0.0,0.0,0.0,0.0,2026-08-07T03:26:40.888653+00:00,-0.2872243351892798,-0.028621734314393743,-0.0490766930794162,-0.48056325741319444,0.04302120761948702,1.2,2.0,0.4,0.0,0.6,1.0,1.0,0.0,0.0,0.0,batter_pitcher_profile_network_v2,0.3333333333333333,0.05,0.9425,0.0,0.17839385416666664,0.6134027777777777,-0.503909090909091,0.0,0.0,0.0,0.0,-0.005924402025462963,-0.0005924402025462963,0.5552777777777778,-0.6409431818181819,0.0,0.0,0.0,0.0,-0.006821445525568182,-0.0010914312840909091,0.50625,-0.762965909090909,0.0,0.0,0.0,0.0,-0.007403153586647725,-0.00037015767933238627,0.3279861111111111,-0.756,0.0,0.0,0.0,0.0,-0.0047525187499999995,-0.00011881296874999999,0.5336111111111111,-0.7399545454545454,0.0,0.0,0.0,0.0,-0.007567919370791245,-0.0004540751622474747
2026-03-21,Troy_Johnston,687859,hitter,COL,KC,2026,831868,11,115,118,0,666142.0,Cole_Ragans,2.0,4.0,1.0,0.0,1.0,3.0,3.0,0.0,0.0,6.0,0.075,0.8466666666666667,0.8466666666666667,0.6666666666666666,30.0,65.0,14.23636363636364,12.190909090909093,7.942630898513252,1.0611111111111111,4.0,97.0,0,2.0,1.0,6.123233995736766e-17,-0.9749279121818236,-0.2225209339563146,0.5,0.5,0.5,0.5,0.5,0.5,0.5,0.5,0.5,0.5,synthetic,synthetic,synthetic,synthetic,synthetic,0.0,0.0,0.0,0.0,0.0,-110.0,-110.0,-110.0,-110.0,-110.0,-110.0,-110.0,-110.0,-110.0,-110.0,0.0,0.0,0.0,0.0,0.0,2026-08-07T03:26:40.888653+00:00,0.2834282492045118,1.2739420879145795,0.24357406448323093,-0.23855713689567093,-0.05150205433162097,0.8,1.0,0.2,0.0,0.0,0.0,0.0,0.0,0.0,0.0,batter_pitcher_profile_network_v2,0.36666666666666664,0.15,0.7610022348751473,0.0,0.22184991726750247,0.5367416815210936,0.5,0.0,0.0,0.0,0.0,0.023518011427697747,0.002351801142769775,0.46880421865716004,0.5261904761904762,0.0,0.0,0.0,0.0,0.02161721613278879,0.003458754581246206,0.46938502673796806,0.741904761904762,0.0,0.0,0.0,0.0,0.030517057818032958,0.0015258528909016479,0.2226262626262627,0.45238095238095233,0.0,0.0,0.0,0.0,0.008825635284275426,0.00022064088210688567,0.48967171717171726,0.8414285714285713,0.0,0.0,0.0,0.0,0.03610667904527401,0.0021664007427164406
2026-03-22,Troy_Johnston,687859,hitter,COL,ATH,2026,831945,12,115,133,1,605488.0,Jeffrey_Springs,0.0,0.0,0.0,0.0,0.0,1.0,1.0,0.0,1.0,8.0,0.027777777777777776,0.0,0.0,0.0,0.0,10.0,6.75,11.089285714285714,5.9435064935064945,1.0611111111111111,0.0,98.0,0,1.0,1.0,6.123233995736766e-17,-0.7818314824680299,0.6234898018587334,0.5,1.5,0.5,0.5,0.5,0.5,1.5,0.5,0.5,0.5,synthetic,synthetic,synthetic,synthetic,synthetic,0.0,0.0,0.0,0.0,0.0,-110.0,-110.0,-110.0,-110.0,-110.0,-110.0,-110.0,-110.0,-110.0,-110.0,0.0,0.0,0.0,0.0,0.0,2026-08-07T03:26:40.888653+00:00,0.6076342978579106,-0.030235822952812352,-0.1344356827045729,-0.4804982059606481,-0.16646448379852002,1.0,1.6,0.4,0.0,0.2,2.0,4.0,1.0,0.0,1.0,batter_pitcher_profile_network_v2,0.4,0.15,0.8738801608510196,0.0,0.23644245204436254,0.6147535035035032,0.06179888627115018,0.0,0.0,0.0,0.0,0.0019165716526963218,0.0001916571652696322,0.6089020270270269,-0.031026263653887307,0.0,0.0,0.0,0.0,-0.0009530601217440762,-0.0001524896194790522,0.5082770270270268,0.4984045031055901,0.0,0.0,0.0,0.0,0.012779852402045861,0.0006389926201022931,0.4743865740740742,-0.0898577853930177,0.0,0.0,0.0,0.0,-0.0021504606481452322,-5.376151620363081e-05,0.6075462962962963,0.37712732919254655,0.0,0.0,0.0,0.0,0.011558747658142488,0.0006935248594885493
2026-03-23,Troy_Johnston,687859,hitter,COL,DET,2026,831857,13,115,116,1,656427.0,Jack_Flaherty,2.0,5.0,1.0,1.0,2.0,3.0,3.0,0.0,1.0,3.0,0.08571428571428572,0.9966666666666667,0.9966666666666667,1.0,30.0,65.0,4.5,7.2,1.084033613445378,1.0611111111111111,0.0,93.0,0,1.0,1.0,6.123233995736766e-17,0.0,1.0,0.5,1.5,0.5,0.5,0.5,0.5,1.5,0.5,0.5,0.5,synthetic,synthetic,synthetic,synthetic,synthetic,0.0,0.0,0.0,0.0,0.0,-110.0,-110.0,-110.0,-110.0,-110.0,-110.0,-110.0,-110.0,-110.0,-110.0,0.0,0.0,0.0,0.0,0.0,2026-08-07T03:26:40.888653+00:00,0.2537089012054965,0.9981928073255721,0.024883392908608304,-0.15538482697955813,-0.20315519365081436,0.8,1.4,0.2,0.0,0.2,0.0,0.0,0.0,0.0,0.0,batter_pitcher_profile_network_v2,0.43333333333333335,0.1,0.8547818991166798,0.0,0.24119558840248734,0.5007720422852002,0.11029166666666668,0.0,0.0,0.0,0.0,0.0034755666768124913,0.00034755666768124916,0.4966970310391363,0.10187500000000002,0.0,0.0,0.0,0.0,0.003184212451492467,0.0005094739922387948,0.442914979757085,-0.16859722222222212,0.0,0.0,0.0,0.0,-0.004699088606542761,-0.00023495443032713807,0.34713675213675227,0.10916666666666672,0.0,0.0,0.0,0.0,0.0023846985954514297,5.9617464886285746e-05,0.5263034188034189,-0.07894444444444434,0.0,0.0,0.0,0.0,-0.002614572051388826,-0.00015687432308332956
2026-03-24,Troy_Johnston,687859,hitter,COL,DET,2026,831856,14,115,116,1,434378.0,Justin_Verlander,2.0,4.0,0.0,0.0,1.0,3.0,3.0,0.0,0.0,1.0,0.07142857142857142,0.8466666666666667,0.8466666666666667,0.6666666666666666,30.0,65.0,8.55,15.75,1.6285714285714286,1.0611111111111111,3.0,91.0,0,1.0,1.0,6.123233995736766e-17,0.7818314824680298,0.6234898018587336,0.5,1.5,0.5,0.5,0.5,0.5,1.5,0.5,0.5,0.5,synthetic,synthetic,synthetic,synthetic,synthetic,0.0,0.0,0.0,0.0,0.0,-110.0,-110.0,-110.0,-110.0,-110.0,-110.0,-110.0,-110.0,-110.0,-110.0,0.0,0.0,0.0,0.0,0.0,2026-08-07T03:26:40.888653+00:00,0.23414495280187264,1.5913821406679434,0.24235122134761555,0.002521381171438297,0.3589829158911989,1.0,2.0,0.4,0.2,0.6,2.0,5.0,1.0,1.0,2.0,batter_pitcher_profile_network_v2,0.4666666666666667,0.1,0.711507257564556,0.0,0.25961736942816754,0.48161101432442904,0.1288461538461539,0.0,0.0,0.0,0.0,0.008354289923485712,0.0008354289923485713,0.6053266550522649,0.3680288461538462,0.0,0.0,0.0,0.0,0.029992545841315395,0.004798807334610463,0.432469512195122,0.8608173076923077,0.0,0.0,0.0,0.0,0.050119665047547425,0.0025059832523773714,0.6433234126984126,0.6,0.0,0.0,0.0,0.0,0.051966357968642324,0.001299158949216058,0.6922817460317461,0.814423076923077,0.0,0.0,0.0,0.0,0.07590574104379337,0.004554344462627602
2026-03-28,Troy_Johnston,687859,hitter,COL,MIA,2026,823892,15,115,146,0,691587.0,Eury_Pérez,1.0,1.0,0.0,0.0,0.0,3.0,3.0,0.0,1.0,6.0,0.08823529411764706,0.2966666666666667,0.2966666666666667,0.0,0.0,35.6,3.1999999999999997,13.75,1.6324675324675326,1.0766666666666667,0.0,72.0,0,4.0,1.0,6.123233995736766e-17,-0.9749279121818236,-0.2225209339563146,1.5,2.5,0.5,0.5,0.5,1.5,2.5,0.5,0.5,0.5,synthetic,synthetic,synthetic,synthetic,synthetic,0.0,0.0,0.0,0.0,0.0,-110.0,-110.0,-110.0,-110.0,-110.0,-110.0,-110.0,-110.0,-110.0,-110.0,0.0,0.0,0.0,0.0,0.0,2026-08-07T03:26:40.888653+00:00,-0.5897738509428968,-0.20584318920602085,-0.23156415850966328,-0.33541491603568674,0.18474543701136237,1.2,2.6,0.4,0.2,0.8,2.0,4.0,0.0,0.0,1.0,batter_pitcher_profile_network_v2,0.5,0.15,0.8612500000000001,0.0,0.28667453125,0.5503341750841748,-0.719,0.0,0.0,0.0,0.0,-0.027451012612058054,-0.0027451012612058055,0.6938585858585857,-0.35655555555555557,0.0,0.0,0.0,0.0,-0.01716331489057238,-0.0027461303824915808,0.4886363636363635,-0.1655925925925926,0.0,0.0,0.0,0.0,-0.00561344775883838,-0.000280672387941919,0.7875185185185185,0.037888888888888896,0.0,0.0,0.0,0.0,0.0020700252391975303,5.175063097993826e-05,0.7661296296296296,-0.20151851851851857,0.0,0.0,0.0,0.0,-0.01071075823945473,-0.0006426454943672837
2026-03-29,Troy_Johnston,687859,hitter,COL,MIA,2026,823891,16,115,146,0,676974.0,Max_Meyer,0.0,0.0,0.0,0.0,0.0,1.0,1.0,0.0,1.0,8.0,0.02702702702702703,0.0,0.0,0.0,0.0,10.0,0.0,15.0,1.4571428571428573,1.0766666666666667,0.0,72.0,0,1.0,1.0,6.123233995736766e-17,-0.7818314824680299,0.6234898018587334,1.5,2.5,0.5,0.5,0.5,1.5,2.5,0.5,0.5,0.5,synthetic,synthetic,synthetic,synthetic,synthetic,0.0,0.0,0.0,0.0,0.0,-110.0,-110.0,-110.0,-110.0,-110.0,-110.0,-110.0,-110.0,-110.0,-110.0,0.0,0.0,0.0,0.0,0.0,2026-08-07T03:26:40.888653+00:00,-0.7599719978679289,-0.718601344248504,-0.5,-0.33875484519675925,-0.15213247307688632,1.4,2.8,0.4,0.2,0.8,1.0,1.0,0.0,0.0,0.0,batter_pitcher_profile_network_v2,0.5333333333333333,0.1,0.6525000000000001,0.0,0.29367354166666665,0.5101137706855792,-1.0,0.0,0.0,0.0,0.0,-0.09454108550039399,-0.009454108550039399,0.6462969119385342,-1.0,0.0,0.0,0.0,0.0,-0.11978036101260832,-0.01916485776201733,0.46808510638297873,-0.907936507936508,0.0,0.0,0.0,0.0,-0.07876510187999548,-0.003938255093999774,0.7096788194444442,-1.0,0.0,0.0,0.0,0.0,-0.13152714120370362,-0.0032881785300925906,0.7327777777777778,-0.953968253968254,0.0,0.0,0.0,0.0,-0.12955666196355084,-0.00777339971781305
2026-03-30,Troy_Johnston,687859,hitter,COL,TOR,2026,822834,17,115,141,0,664074.0,Cody_Ponce,2.0,5.0,1.0,1.0,2.0,5.0,5.0,0.0,1.0,6.0,0.10204081632653061,0.5980000000000001,0.5980000000000001,0.6,30.0,65.0,0.0,6.647058823529412,3.9201680672268906,1.08,0.0,68.0,0,1.0,1.0,6.123233995736766e-17,0.0,1.0,0.5,1.5,0.5,0.5,0.5,0.5,1.5,0.5,0.5,0.5,synthetic,synthetic,synthetic,synthetic,synthetic,0.0,0.0,0.0,0.0,0.0,-110.0,-110.0,-110.0,-110.0,-110.0,-110.0,-110.0,-110.0,-110.0,-110.0,0.0,0.0,0.0,0.0,0.0,2026-08-07T03:26:40.888653+00:00,0.44390443948921177,0.7302328280345773,-0.06336556026248735,-0.11059359203326152,0.10685625146919708,1.0,2.0,0.2,0.2,0.6,0.0,0.0,0.0,0.0,0.0,batter_pitcher_profile_network_v2,0.5666666666666667,0.2,0.7853280975195874,0.0,0.33409279494410343,0.42359068627450985,-0.5723686845398854,0.0,0.0,0.0,0.0,-0.029493420233933143,-0.0029493420233933144,0.5546160130718953,-0.6434332142151373,0.0,0.0,0.0,0.0,-0.04341089621246083,-0.006945743393993733,0.41875000000000007,-0.6263827179808094,0.0,0.0,0.0,0.0,-0.031907843905211085,-0.0015953921952605544,0.5985294117647056,-0.6557337461300309,0.0,0.0,0.0,0.0,-0.047743681330460835,-0.001193592033261521,0.6644607843137255,-0.732433249895703,0.0,0.0,0.0,0.0,-0.05920253153579231,-0.0035521518921475385
2026-03-31,Troy_Johnston,687859,hitter,COL,TOR,2026,822836,18,115,141,0,453286.0,Max_Scherzer,0.0,0.0,0.0,0.0,0.0,2.0,2.0,0.0,0.0,6.0,0.06060606060606061,0.0,0.0,0.0,0.0,10.0,0.0,5.764285714285715,6.234453781512605,1.08,0.0,68.0,0,1.0,1.0,6.123233995736766e-17,0.7818314824680298,0.6234898018587336,1.5,2.5,0.5,0.5,0.5,1.5,2.5,0.5,0.5,0.5,synthetic,synthetic,synthetic,synthetic,synthetic,0.0,0.0,0.0,0.0,0.0,-110.0,-110.0,-110.0,-110.0,-110.0,-110.0,-110.0,-110.0,-110.0,-110.0,0.0,0.0,0.0,0.0,0.0,2026-08-07T03:26:40.888653+00:00,0.06964147253644937,0.010180683405565993,-0.061844317140842986,-0.09676553091452317,0.5832349306959805,1.4,3.0,0.4,0.4,1.0,2.0,5.0,1.0,1.0,2.0,batter_pitcher_profile_network_v2,0.6,0.15,0.6422171063744799,0.0,0.34069926067036893,0.4456193221523411,-0.5240696864111498,0.0,1.0,0.0,0.0,-0.050133021006782796,-0.00501330210067828,0.6113542394595854,-0.6024843205574912,0.0,1.0,0.0,0.0,-0.07906959235157784,-0.012651134776252456,0.42562893081761016,-0.5867687074829931,0.0,1.0,0.0,0.0,-0.05361285160219139,-0.0026806425801095698,0.7315972222222221,-0.6024843205574912,0.0,1.0,0.0,0.0,-0.09462123658092647,-0.002365530914523162,0.725462962962963,-0.7235034013605443,0.0,1.0,0.0,0.0,-0.11267476087295279,-0.006760485652377167
2026-04-01,Troy_Johnston,687859,hitter,COL,TOR,2026,822835,19,115,141,0,592332.0,Kevin_Gausman,2.0,3.0,0.0,0.0,1.0,5.0,4.0,0.0,1.0,1.0,0.125,0.54,0.54,0.25,21.25,65.0,2.3000000000000003,9.4,5.913025210084034,1.08,0.0,68.0,0,1.0,0.8660254037844387,-0.4999999999999998,0.9749279121818236,-0.22252093395631434,0.5,1.5,0.5,0.5,0.5,0.5,1.5,0.5,0.5,0.5,synthetic,synthetic,synthetic,synthetic,synthetic,0.0,0.0,0.0,0.0,0.0,-110.0,-110.0,-110.0,-110.0,-110.0,-110.0,-110.0,-110.0,-110.0,-110.0,0.0,0.0,0.0,0.0,0.0,2026-08-07T03:26:40.888653+00:00,0.41993784105393084,0.3121237667445105,0.08375151615006549,-0.21917925035607383,0.217573207035072,1.0,2.0,0.2,0.2,0.6,0.0,0.0,0.0,0.0,0.0,batter_pitcher_profile_network_v2,0.6333333333333333,0.2,0.8501576169943874,0.0,0.36583780505030417,0.4548079479000532,-0.6332441130298272,0.0,1.0,0.0,0.0,-0.027331673494304876,-0.002733167349430488,0.5866360978203082,-0.4520049058084771,0.0,1.0,0.0,0.0,-0.025163957846810265,-0.004026233255489642,0.4462121212121213,-0.543028846153846,0.0,1.0,0.0,0.0,-0.022994887082723358,-0.001149744354136168,0.6309941520467834,-0.2700337519623232,0.0,1.0,0.0,0.0,-0.01617001424295315,-0.0004042503560738288,0.6689327485380117,-0.5455769230769228,0.0,1.0,0.0,0.0,-0.03463422448549617,-0.00207805346912977
2026-04-03,Troy_Johnston,687859,hitter,COL,PHI,2026,824377,20,115,143,1,605400.0,Aaron_Nola,1.0,1.0,0.0,0.0,0.0,4.0,4.0,0.0,1.0,1.0,0.11764705882352941,0.2225,0.2225,0.0,0.0,26.7,4.05,11.200000000000001,7.240052804338519,1.0477777777777777,-19.0,51.0,0,2.0,0.8660254037844387,-0.4999999999999998,-0.433883739117558,-0.9009688679024191,0.5,1.5,0.5,0.5,0.5,0.5,1.5,0.5,0.5,0.5,synthetic,synthetic,synthetic,synthetic,synthetic,0.0,0.0,0.0,0.0,0.0,-110.0,-110.0,-110.0,-110.0,-110.0,-110.0,-110.0,-110.0,-110.0,-110.0,0.0,0.0,0.0,0.0,0.0,2026-08-07T03:26:40.888653+00:00,0.559235288581492,0.1478495152619128,-0.03188870185496445,-0.34378617161182706,0.34358894352002667,1.0,1.8,0.2,0.2,0.6,2.0,3.0,0.0,0.0,1.0,batter_pitcher_profile_network_v2,0.6666666666666666,0.15,0.7796937497428196,0.0,0.37150646068180904,0.47152777777777766,-0.13111217948717943,0.0,2.0,0.0,0.0,-0.00908000062637205,-0.000908000062637205,0.598611111111111,0.14719551282051285,0.0,2.0,0.0,0.0,0.012941210583034471,0.0020705936932855153,0.47083333333333327,0.21644123931623943,0.0,2.0,0.0,0.0,0.014967276209249671,0.0007483638104624836,0.6643663194444444,0.3791666666666666,0.0,2.0,0.0,0.0,0.03699757997136454,0.0009249394992841136,0.6923611111111111,0.24312393162393173,0.0,2.0,0.0,0.0,0.024722702110499983,0.001483362126629999
2026-04-04,Troy_Johnston,687859,hitter,COL,PHI,2026,824378,21,115,143,1,666200.0,Jesús_Luzardo,1.0,1.0,1.0,0.0,0.0,3.0,2.0,1.0,0.0,7.0,0.09090909090909091,0.5266666666666667,0.5266666666666667,0.0,0.0,63.20000000000001,4.2,10.1,5.632909947195661,1.0477777777777777,0.0,60.0,0,1.0,0.8660254037844387,-0.4999999999999998,-0.9749279121818236,-0.2225209339563146,0.5,1.5,0.5,0.5,0.5,0.5,1.5,0.5,0.5,0.5,synthetic,synthetic,synthetic,synthetic,synthetic,0.0,0.0,0.0,0.0,0.0,-110.0,-110.0,-110.0,-110.0,-110.0,-110.0,-110.0,-110.0,-110.0,-110.0,0.0,0.0,0.0,0.0,0.0,2026-08-07T03:26:40.888653+00:00,0.412325939853851,-0.027916472906975187,-0.04025501349915456,-0.3449416211688182,0.16059069208474908,1.0,1.8,0.2,0.2,0.6,1.0,1.0,0.0,0.0,0.0,batter_pitcher_profile_network_v2,0.7,0.2,0.7921081830362683,0.0,0.40059334951561143,0.4534374999999999,-0.185921052631579,0.0,2.0,0.0,0.0,-0.012268216703390544,-0.0012268216703390546,0.5608101851851851,-0.10511184210526321,0.0,2.0,0.0,0.0,-0.00857833445647561,-0.0013725335130360978,0.47812499999999997,-0.2479583333333333,0.0,2.0,0.0,0.0,-0.017252641421178386,-0.0008626320710589194,0.5853819444444444,-0.1082368421052632,0.0,2.0,0.0,0.0,-0.009220402308281892,-0.00023051005770704733,0.6597222222222221,-0.16733333333333328,0.0,2.0,0.0,0.0,-0.016064936402083917,-0.000963896184125035
2026-04-05,Troy_Johnston,687859,hitter,COL,PHI,2026,824379,22,115,143,1,592836.0,Taijuan_Walker,0.0,0.0,0.0,0.0,0.0,4.0,4.0,0.0,1.0,1.0,0.125,0.0,0.0,0.0,0.0,10.0,3.857142857142857,5.6571428571428575,4.3471956614813765,1.0477777777777777,-9.0,60.0,0,1.0,0.8660254037844387,-0.4999999999999998,-0.7818314824680299,0.6234898018587334,1.5,1.5,0.5,0.5,0.5,1.5,1.5,0.5,0.5,0.5,synthetic,synthetic,synthetic,synthetic,synthetic,0.0,0.0,0.0,0.0,0.0,-110.0,-110.0,-110.0,-110.0,-110.0,-110.0,-110.0,-110.0,-110.0,-110.0,0.0,0.0,0.0,0.0,0.0,2026-08-07T03:26:40.888653+00:00,-0.2276661716539472,-0.1030227336758669,-0.0223400644576785,-0.3454360997710987,-0.0210825033455741,1.2,2.0,0.4,0.2,0.6,1.0,1.0,1.0,0.0,0.0,batter_pitcher_profile_network_v2,0.7333333333333333,0.15,0.8056714288485041,0.0,0.4043624541615754,0.4992588195386705,0.27451785714285715,0.0,3.0,0.0,0.0,0.019531447439406494,0.0019531447439406495,0.5694932534298207,-0.054374999999999986,0.0,3.0,0.0,0.0,-0.004412918807499922,-0.0007060670091999876,0.4942786069651742,0.014240079365079455,0.0,3.0,0.0,0.0,0.0010030493650532862,5.0152468252664315e-05,0.5320123106060606,-0.3825,0.0,3.0,0.0,0.0,-0.028999546399500385,-0.0007249886599875097,0.6366666666666665,-0.08124603174603165,0.0,3.0,0.0,0.0,-0.0073714403273833955,-0.00044228641964300374
2026-04-06,Troy_Johnston,687859,hitter,COL,HOU,2026,824376,23,115,117,1,675989.0,Cody_Bolton,3.0,7.0,2.0,1.0,2.0,5.0,5.0,0.0,0.0,4.0,0.125,0.852,0.852,0.8,30.0,65.0,6.5625,10.875,5.22111046847889,1.0477777777777777,-12.0,65.0,0,1.0,0.8660254037844387,-0.4999999999999998,0.0,1.0,0.5,0.5,0.5,0.5,0.5,0.5,0.5,0.5,0.5,0.5,synthetic,synthetic,synthetic,synthetic,synthetic,0.0,0.0,0.0,0.0,0.0,-110.0,-110.0,-110.0,-110.0,-110.0,-110.0,-110.0,-110.0,-110.0,-110.0,0.0,0.0,0.0,0.0,0.0,2026-08-07T03:26:40.888653+00:00,0.15577775207248878,1.481083333333333,0.1919055234239445,-0.20971111111111113,0.006655523423944487,0.8,1.0,0.2,0.0,0.2,0.0,0.0,0.0,0.0,0.0,batter_pitcher_profile_network_v2,0.7666666666666667,0.0,1.0,0.0,0.38333333333333336,0.47318730012927823,0.0,0.0,3.0,0.0,0.0,0.0,0.0,0.5300073144179084,0.0,0.0,3.0,0.0,0.0,0.0,0.0,0.5093309859154931,0.0,0.0,3.0,0.0,0.0,0.0,0.0,0.457583031400966,0.0,0.0,3.0,0.0,0.0,0.0,0.0,0.6069806763285023,0.0,0.0,3.0,0.0,0.0,0.0,0.0
2026-04-07,Troy_Johnston,687859,hitter,COL,HOU,2026,824375,24,115,117,1,681347.0,Mike_Burrows,1.0,1.0,1.0,0.0,0.0,4.0,4.0,0.0,1.0,4.0,0.12121212121212122,0.2225,0.2225,0.0,0.0,26.7,5.534558823529411,7.901470588235294,6.715984015984016,1.0477777777777777,-6.0,71.0,0,1.0,0.8660254037844387,-0.4999999999999998,0.7818314824680298,0.6234898018587336,1.5,2.5,0.5,0.5,0.5,1.5,2.5,0.5,0.5,0.5,synthetic,synthetic,synthetic,synthetic,synthetic,0.0,0.0,0.0,0.0,0.0,-110.0,-110.0,-110.0,-110.0,-110.0,-110.0,-110.0,-110.0,-110.0,-110.0,0.0,0.0,0.0,0.0,0.0,2026-08-07T03:26:40.888653+00:00,0.21425815306249785,0.07867139591911565,0.4509044365162522,-0.2456210128138216,0.47881275753974384,1.4,2.4,0.6,0.2,0.6,3.0,7.0,2.0,1.0,2.0,batter_pitcher_profile_network_v2,0.8,0.25,0.7669138836315381,0.0,0.46401326231378415,0.5348221247563351,-0.04239842333860559,0.0,3.0,0.0,0.0,-0.004228296802492281,-0.00042282968024922815,0.6224007066276802,-0.16158753546232832,0.0,3.0,0.0,0.0,-0.018753586111589293,-0.003000573777854287,0.5440789473684209,-0.14726644385026721,0.0,3.0,0.0,0.0,-0.014940740204426619,-0.000747037010221331,0.5945066550925927,-0.32831547663879884,0.0,3.0,0.0,0.0,-0.036396068108418216,-0.0009099017027104554,0.6771064814814816,-0.16921497326203194,0.0,3.0,0.0,0.0,-0.0213649634151921,-0.001281897804911526
2026-04-08,Troy_Johnston,687859,hitter,COL,HOU,2026,824374,25,115,117,1,664299.0,Cristian_Javier,2.0,3.0,1.0,0.0,1.0,5.0,4.0,1.0,0.0,7.0,0.11363636363636363,0.5700000000000001,0.5700000000000001,0.25,21.25,65.0,9.366233766233767,3.4792207792207797,7.68026973026973,1.0477777777777777,-13.0,71.0,0,1.0,0.8660254037844387,-0.4999999999999998,0.9749279121818236,-0.22252093395631434,1.5,1.5,0.5,0.5,0.5,1.5,1.5,0.5,0.5,0.5,synthetic,synthetic,synthetic,synthetic,synthetic,0.0,0.0,0.0,0.0,0.0,-110.0,-110.0,-110.0,-110.0,-110.0,-110.0,-110.0,-110.0,-110.0,-110.0,0.0,0.0,0.0,0.0,0.0,2026-08-07T03:26:40.888653+00:00,0.050278235916409564,0.4467970829638819,0.642133214131174,-0.22824417209922704,0.17078373505910693,1.2,2.0,0.8,0.2,0.4,1.0,1.0,1.0,0.0,0.0,batter_pitcher_profile_network_v2,0.8333333333333334,0.3,0.8000352742305075,0.0,0.49226537033869555,0.5166833333333335,0.3542095010252905,0.0,4.0,0.0,0.0,0.030496977878713045,0.0030496977878713047,0.5894222222222224,0.3196176520847574,0.0,4.0,0.0,0.0,0.031392753372747634,0.005022840539639622,0.55,0.5865564194577353,0.0,4.0,0.0,0.0,0.05375818871738402,0.002687909435869201,0.5309541666666667,0.3806373889268627,0.0,4.0,0.0,0.0,0.033677560475365326,0.0008419390118841332,0.6521,0.48066826156299847,0.0,4.0,0.0,0.0,0.05223141515427788,0.0031338849092566725
2026-04-09,Troy_Johnston,687859,hitter,COL,SD,2026,823319,26,115,135,0,681190.0,Randy_Vásquez,0.0,0.0,0.0,0.0,0.0,5.0,4.0,1.0,2.0,4.0,0.10638297872340426,0.13799999999999998,0.13799999999999998,0.0,0.0,16.56,2.75,7.75,3.4213211600429645,1.08,0.0,69.0,0,1.0,0.8660254037844387,-0.4999999999999998,0.43388373911755823,-0.900968867902419,1.5,2.5,0.5,0.5,0.5,1.5,2.5,0.5,0.5,0.5,synthetic,synthetic,synthetic,synthetic,synthetic,0.0,0.0,0.0,0.0,0.0,-110.0,-110.0,-110.0,-110.0,-110.0,-110.0,-110.0,-110.0,-110.0,-110.0,0.0,0.0,0.0,0.0,0.0,2026-08-07T03:26:40.888653+00:00,-0.06662589347363679,-0.5143766219129162,0.33897596923939766,-0.3340580183930181,0.11213651593801932,1.4,2.4,1.0,0.2,0.6,2.0,3.0,1.0,0.0,1.0,batter_pitcher_profile_network_v2,0.8666666666666667,0.2,0.8123316362420144,0.0,0.483431208245404,0.5695343137254902,-0.15419926581325302,0.0,5.0,0.613907769230846,0.01765786595701119,-0.014283852654263091,-0.0014283852654263093,0.6267728758169935,-0.026925828313253006,0.0,5.0,0.6181419438781579,0.013093104893742182,0.01689478325703963,0.002703165321126341,0.5669117647058823,-0.14490788152610437,0.0,5.0,0.584380925942407,0.037708520061863184,0.02434716091520152,0.001217358045760076,0.5604727564102565,0.13523531626506022,0.0,5.0,0.5815563998794218,0.001351401577157967,0.013679264279277157,0.00034198160698192896,0.6550000000000001,-0.13991039156626503,0.0,5.0,0.5907855545976645,0.010186222381654168,-0.007265417380872703,-0.00043592504285236216
2026-04-11,Troy_Johnston,687859,hitter,COL,SD,2026,823316,27,115,135,0,608566.0,Germán_Márquez,0.0,0.0,0.0,0.0,0.0,4.0,4.0,0.0,1.0,5.0,0.10526315789473684,0.0,0.0,0.0,0.0,10.0,4.642857142857143,8.542857142857143,3.406015037593985,1.08,0.0,68.0,0,2.0,0.8660254037844387,-0.4999999999999998,-0.9749279121818236,-0.2225209339563146,1.5,2.5,0.5,0.5,0.5,1.5,2.5,0.5,0.5,0.5,synthetic,synthetic,synthetic,synthetic,synthetic,0.0,0.0,0.0,0.0,0.0,-110.0,-110.0,-110.0,-110.0,-110.0,-110.0,-110.0,-110.0,-110.0,-110.0,0.0,0.0,0.0,0.0,0.0,2026-08-07T03:26:40.888653+00:00,-0.5239288154371757,-1.1169880507810654,-0.013871760358030671,-0.33371575809210535,-0.08631606263018454,1.2,2.2,0.8,0.2,0.6,0.0,0.0,0.0,0.0,0.0,batter_pitcher_profile_network_v2,0.9,0.35,0.774444218975149,0.0,0.5392957041114405,0.5135689300411523,0.36800277460966185,0.0,6.0,0.6003380327060591,0.007962965142836481,0.03836598096658742,0.0038365980966587423,0.5704711934156379,0.3949271745369259,0.0,6.0,0.6015993131527512,0.0004041901504483314,0.046341129986761244,0.007414580797881799,0.5458333333333334,0.5417861281680814,0.0,6.0,0.5047362721538688,0.028885955845606492,0.08891817629803271,0.004445908814901636,0.49871553497942384,0.38322916568736837,0.0,6.0,0.6133874311671195,-0.011428197159466288,0.0273696763157861,0.0006842419078946526,0.6265473251028806,0.6017068508819458,0.0,6.0,0.4734426342911297,4.163985798756134e-05,0.07656186343176047,0.004593711805905628
2026-04-14,Troy_Johnston,687859,hitter,COL,HOU,2026,824210,28,115,117,0,681293.0,Spencer_Arrighetti,1.0,1.0,0.0,0.0,1.0,1.0,1.0,0.0,0.0,9.0,0.023255813953488372,0.89,0.89,0.0,0.0,65.0,4.1,8.2,6.921331773816247,1.08,0.0,73.0,0,3.0,0.8660254037844387,-0.4999999999999998,0.7818314824680298,0.6234898018587336,1.5,2.5,0.5,0.5,0.5,1.5,2.5,0.5,0.5,0.5,synthetic,synthetic,synthetic,synthetic,synthetic,0.0,0.0,0.0,0.0,0.0,-110.0,-110.0,-110.0,-110.0,-110.0,-110.0,-110.0,-110.0,-110.0,-110.0,0.0,0.0,0.0,0.0,0.0,2026-08-07T03:26:40.888653+00:00,-0.46722734920238884,-0.8163911158626014,0.5047725922013988,-0.33459357362805364,0.2549252546372218,1.2,2.2,0.8,0.2,0.6,0.0,0.0,0.0,0.0,0.0,batter_pitcher_profile_network_v2,0.9333333333333333,0.0,1.0,0.0,0.4666666666666667,0.49198556231003027,0.0,0.0,7.0,0.9097422479673702,-0.005547411497320662,0.0,0.0,0.5382304542384329,0.0,0.0,7.0,0.9199341508008438,-0.012235269582545075,-0.018352904373817612,-0.002936464699810818,0.553014184397163,0.0,0.0,7.0,0.8540894279099753,0.023073558583824448,0.023073558583824448,0.0011536779291912225,0.43876636904761895,0.0,0.0,7.0,0.9135621890791266,-0.0077429451221443365,-0.0077429451221443365,-0.0001935736280536084,0.6003809523809523,0.0,0.0,7.0,0.850485673059147,-0.010892694730953617,-0.008169521048215212,-0.0004901712628929127
2026-04-15,Troy_Johnston,687859,hitter,COL,HOU,2026,824209,29,115,117,0,681293.0,Spencer_Arrighetti,0.0,0.0,0.0,0.0,0.0,2.0,0.0,1.0,0.0,4.0,0.05263157894736842,0.705,0.705,0.0,0.0,65.0,4.25,11.375,5.674578527062999,1.08,0.0,73.0,0,1.0,0.8660254037844387,-0.4999999999999998,0.9749279121818236,-0.22252093395631434,0.5,0.5,0.5,0.5,0.5,0.5,0.5,0.5,0.5,0.5,synthetic,synthetic,synthetic,synthetic,synthetic,0.0,0.0,0.0,0.0,0.0,-110.0,-110.0,-110.0,-110.0,-110.0,-110.0,-110.0,-110.0,-110.0,-110.0,0.0,0.0,0.0,0.0,0.0,2026-08-07T03:26:40.888653+00:00,0.23418547018112856,0.5189655125037107,0.1675738460112146,-0.47646572061860054,0.2015151410001973,0.8,1.0,0.4,0.0,0.4,1.0,1.0,0.0,0.0,1.0,batter_pitcher_profile_network_v2,0.9666666666666667,0.0,1.0,1.0,0.5020833333333333,0.5083706896551725,0.0,-0.011494252873563216,7.0,0.9097422479673702,-0.00528705644025423,-0.011494252873563216,-0.0011494252873563216,0.5342892720306515,0.0,-0.061302681992337175,7.0,0.9199341508008438,-0.010832260783506827,-0.07755107316759742,-0.012408171706815588,0.5333333333333334,0.0,-0.08429118773946359,7.0,0.8540894279099753,0.02487379142707102,-0.05941739631239257,-0.0029708698156196284,0.4040244252873563,0.0,-0.07662835249042145,7.0,0.9135621890791266,-0.006000472253601008,-0.08262882474402246,-0.0020657206186005615,0.5751091954022988,0.0,0.09961685823754789,7.0,0.850485673059147,-0.013011859762464467,0.08985796341569954,0.005391477804941972
2026-04-16,Troy_Johnston,687859,hitter,COL,HOU,2026,824208,30,115,117,0,680802.0,Ryan_Weiss,1.0,1.0,0.0,0.0,0.0,4.0,4.0,0.0,1.0,7.0,0.10256410256410256,0.2225,0.2225,0.0,0.0,26.7,9.321428571428571,11.642857142857144,4.7102928127772845,1.08,0.0,73.0,0,1.0,0.8660254037844387,-0.4999999999999998,0.43388373911755823,-0.900968867902419,0.5,0.5,0.5,0.5,0.5,0.5,0.5,0.5,0.5,0.5,synthetic,synthetic,synthetic,synthetic,synthetic,0.0,0.0,0.0,0.0,0.0,-110.0,-110.0,-110.0,-110.0,-110.0,-110.0,-110.0,-110.0,-110.0,-110.0,0.0,0.0,0.0,0.0,0.0,2026-08-07T03:26:40.888653+00:00,-0.020421344572077782,0.1036024773656603,-0.23794991176445673,-0.47411945001215317,-0.09901868391231583,0.6,0.8,0.2,0.0,0.4,0.0,0.0,0.0,0.0,0.0,batter_pitcher_profile_network_v2,1.0,0.05,0.9425,0.0,0.5117271875,0.5316805841924399,-0.39015384615384613,0.0,7.0,0.8335483810889616,0.003097841192837485,-0.011927640428760242,-0.0011927640428760244,0.5359555746468118,-0.49015384615384605,0.0,7.0,0.785228315439431,0.005184681997679253,-0.007328266464623066,-0.0011725226343396904,0.5311426116838489,-0.6613675213675213,0.0,7.0,0.6585429023127787,0.02379219449166171,0.003593567318195618,0.00017967836590978092,0.3715986111111112,-0.49015384615384605,0.0,7.0,0.7698629033012521,0.02169507760041055,0.01122199951387209,0.0002805499878468023,0.5580222222222222,-0.7391452991452991,0.0,7.0,0.6161379685818366,0.011650580369470687,-0.014978486109411701,-0.0008987091665647021
2026-04-17,Troy_Johnston,687859,hitter,COL,LAD,2026,824373,31,115,119,1,607192.0,Tyler_Glasnow,0.0,0.0,0.0,0.0,1.0,4.0,4.0,0.0,2.0,4.0,0.12903225806451613,0.0,0.0,0.0,0.0,10.0,4.0,11.0,4.1571428571428575,1.0477777777777777,0.0,35.0,0,1.0,0.8660254037844387,-0.4999999999999998,-0.433883739117558,-0.9009688679024191,0.5,0.5,0.5,0.5,0.5,0.5,0.5,0.5,0.5,0.5,synthetic,synthetic,synthetic,synthetic,synthetic,0.0,0.0,0.0,0.0,0.0,-110.0,-110.0,-110.0,-110.0,-110.0,-110.0,-110.0,-110.0,-110.0,-110.0,0.0,0.0,0.0,0.0,0.0,2026-08-07T03:26:40.888653+00:00,-0.16538307122138884,-0.0963237293791337,-0.45303298217189975,-0.4849249317338139,-0.29904754006642664,0.4,0.4,0.0,0.0,0.2,1.0,1.0,0.0,0.0,0.0,batter_pitcher_profile_network_v2,1.0,0.35,0.7472114298764103,0.0,0.5904633099440489,0.4867253590325018,-0.5103713639301874,0.0,7.0,0.7781195593863195,0.006813036077772912,-0.06279538195275121,-0.006279538195275121,0.4816551776266062,-0.3991412411118293,0.0,7.0,0.8295116736677153,0.005689270916215741,-0.04006430324324141,-0.006410288518918625,0.5064625850340135,-0.2476910148674855,0.0,7.0,0.8247439312218592,0.02729596972699089,-0.004415403806658679,-0.00022077019033293397,0.27442731481481486,-0.2763471234647705,0.0,7.0,0.8639130588300543,0.010617952201724469,-0.008552824908109725,-0.00021382062270274314,0.5135592592592593,-0.23930866192630904,0.0,7.0,0.8229810020823098,0.004831823524655546,-0.027443640124008593,-0.0016466184074405154
2026-04-18,Troy_Johnston,687859,hitter,COL,LAD,2026,824372,32,115,119,1,686218.0,Emmet_Sheehan,3.0,5.0,1.0,0.0,2.0,4.0,4.0,0.0,1.0,6.0,0.12121212121212122,0.8575,0.8575,0.5,30.0,65.0,7.217647058823528,9.458823529411765,2.2285714285714286,1.0477777777777777,6.0,59.0,0,1.0,0.8660254037844387,-0.4999999999999998,-0.9749279121818236,-0.2225209339563146,0.5,0.5,0.5,0.5,0.5,0.5,0.5,0.5,0.5,0.5,synthetic,synthetic,synthetic,synthetic,synthetic,0.0,0.0,0.0,0.0,0.0,-110.0,-110.0,-110.0,-110.0,-110.0,-110.0,-110.0,-110.0,-110.0,-110.0,0.0,0.0,0.0,0.0,0.0,2026-08-07T03:26:40.888653+00:00,-0.1970973558730264,0.7475314188346205,-0.10449914041647529,-0.2846250961289981,0.1531723784371648,0.4,0.4,0.0,0.0,0.4,0.0,0.0,0.0,0.0,1.0,batter_pitcher_profile_network_v2,1.0,0.25,0.8260099360530468,0.0,0.5622034457083754,0.4092166666666667,0.22272754091965594,0.0,8.0,1.006509117462043,-0.011123975699723388,0.015858119395531913,0.0015858119395531914,0.4291925925925926,0.4226006131853127,0.0,8.0,0.9227612966245506,-0.02058249860373164,0.0006840571103193319,0.0001094491376510931,0.47777777777777775,0.5744669821313438,0.0,8.0,0.8242576950200858,0.01164568056330806,0.05940030855360989,0.0029700154276804946,0.26494583333333344,0.6595022089299937,0.0,8.0,0.777771929189101,-0.02696109561090134,0.0034405992845203993,8.601498211300998e-05,0.5140777777777777,0.5758809892235424,0.0,8.0,0.8218051952722282,-0.003160181970339361,0.04913920771898089,0.0029483524631388537
2026-04-19,Troy_Johnston,687859,hitter,COL,LAD,2026,824371,33,115,119,1,808963.0,Roki_Sasaki,2.0,3.0,0.0,0.0,0.0,4.0,3.0,1.0,0.0,6.0,0.1,0.7125,0.7125,0.3333333333333333,28.333333333333332,65.0,5.8500000000000005,10.5,1.8,1.0477777777777777,0.0,65.0,0,1.0,0.8660254037844387,-0.4999999999999998,-0.7818314824680299,0.6234898018587334,0.5,1.5,0.5,0.5,0.5,0.5,1.5,0.5,0.5,0.5,synthetic,synthetic,synthetic,synthetic,synthetic,0.0,0.0,0.0,0.0,0.0,-110.0,-110.0,-110.0,-110.0,-110.0,-110.0,-110.0,-110.0,-110.0,-110.0,0.0,0.0,0.0,0.0,0.0,2026-08-07T03:26:40.888653+00:00,0.5583838975476954,0.7852834408910074,0.038522214046755376,-0.329842591426605,0.49979267703320573,1.0,1.4,0.2,0.0,0.8,3.0,5.0,1.0,0.0,2.0,batter_pitcher_profile_network_v2,1.0,0.25,0.7517363054771105,0.0,0.5644780756447635,0.39093888888888884,0.1494565217391304,0.0,9.0,1.1849350673848558,0.004990292909572106,0.014505642143621173,0.0014505642143621174,0.452637037037037,0.3897010869565217,0.0,9.0,1.0912655739946617,-0.003048394475135807,0.039219422235463056,0.0062751075576740895,0.4583333333333333,0.8331249999999999,0.0,9.0,0.7840328839986032,0.02314504778955588,0.1179442809351061,0.005897214046755306,0.3820847222222222,0.6569565217391304,0.0,9.0,0.9265461367946458,-0.03424330648286283,0.028074120713579502,0.0007018530178394876,0.5666333333333332,0.7770652173913043,0.0,9.0,0.8250123003360681,0.019641824171244365,0.12404461722009336,0.0074426770332056014
2026-04-20,Troy_Johnston,687859,hitter,COL,LAD,2026,824370,34,115,119,1,680736.0,Justin_Wrobleski,1.0,1.0,0.0,0.0,0.0,4.0,4.0,0.0,1.0,6.0,0.10256410256410256,0.2225,0.2225,0.0,0.0,26.7,2.85,3.4499999999999997,4.114285714285715,1.0477777777777777,-7.0,78.0,0,1.0,0.8660254037844387,-0.4999999999999998,0.0,1.0,1.5,1.5,0.5,0.5,0.5,1.5,1.5,0.5,0.5,0.5,synthetic,synthetic,synthetic,synthetic,synthetic,0.0,0.0,0.0,0.0,0.0,-110.0,-110.0,-110.0,-110.0,-110.0,-110.0,-110.0,-110.0,-110.0,-110.0,0.0,0.0,0.0,0.0,0.0,2026-08-07T03:26:40.888653+00:00,0.061613175133713005,0.12525890953584873,-0.25751046169454306,-0.4852492388160654,0.007739635328665395,1.2,1.8,0.2,0.0,0.6,2.0,3.0,0.0,0.0,0.0,batter_pitcher_profile_network_v2,1.0,0.2,0.8900000000000001,0.0,0.548195,0.44749609460946105,-0.16810389610389603,0.0,10.0,1.3670814944200604,0.009044947879058686,-0.008274842069464078,-0.0008274842069464078,0.5143973964063073,-0.3326688311688311,0.0,10.0,1.2620089323187182,-0.004323507244142629,-0.0253088987342793,-0.0040494237974846884,0.4887788778877888,-0.20288095238095227,0.0,10.0,1.1991665202111503,0.019297698875491456,0.008389667208039013,0.0004194833604019507,0.47595972222222227,-0.3326688311688311,0.0,10.0,1.188318372369024,-0.0041080421059089675,-0.021525108198170852,-0.0005381277049542713,0.6053,-0.3124047619047618,0.0,10.0,1.1492194559705164,0.020178128326871086,-0.005667250016751415,-0.0003400350010050849
2026-04-21,Troy_Johnston,687859,hitter,COL,SD,2026,824369,35,115,135,1,681190.0,Randy_Vásquez,0.0,0.0,0.0,0.0,0.0,3.0,3.0,0.0,0.0,5.0,0.1,0.0,0.0,0.0,0.0,10.0,4.029411764705882,10.235294117647058,2.2434065934065934,1.0477777777777777,8.0,82.0,0,1.0,0.8660254037844387,-0.4999999999999998,0.7818314824680298,0.6234898018587336,1.5,1.5,0.5,0.5,0.5,1.5,1.5,0.5,0.5,0.5,synthetic,synthetic,synthetic,synthetic,synthetic,0.0,0.0,0.0,0.0,0.0,-110.0,-110.0,-110.0,-110.0,-110.0,-110.0,-110.0,-110.0,-110.0,-110.0,0.0,0.0,0.0,0.0,0.0,2026-08-07T03:26:40.888653+00:00,-0.3516404058554021,-0.1457963694322144,-0.4699565158513126,-0.48700083694969337,-0.16078453924261105,1.4,2.0,0.2,0.0,0.6,1.0,1.0,0.0,0.0,0.0,batter_pitcher_profile_network_v2,1.0,0.3,0.775200509959582,1.0,0.5952613812589854,0.4419857298474945,-0.10229710900108084,-0.1111111111111111,10.0,1.3694677996616098,0.018798547480074784,-0.10878630375979569,-0.010878630375979569,0.5095972766884531,-0.06464142349853333,-0.1111111111111111,10.0,1.3512173429576964,0.0032694995073085926,-0.10112314228467223,-0.016179702765547557,0.4732843137254901,-0.053332664299315546,-0.08148148148148147,10.0,1.2367700808338262,0.020460352651374834,-0.05753691043284523,-0.0028768455216422618,0.4624412037037038,-0.035532171530029355,-0.07407407407407408,10.0,1.3049138931596078,-0.022147064656380118,-0.09158903354328882,-0.0022897258385822204,0.5792814814814815,-0.051070525191704,-0.1111111111111111,10.0,1.2365331405629667,0.016922156282121882,-0.09258114854901368,-0.005554868912940821
2026-04-22,Troy_Johnston,687859,hitter,COL,SD,2026,824367,36,115,135,1,621111.0,Walker_Buehler,1.0,1.0,1.0,0.0,0.0,4.0,4.0,0.0,2.0,6.0,0.09523809523809523,0.2225,0.2225,0.0,0.0,26.7,5.7,10.699999999999998,1.8148351648351648,1.0477777777777777,0.0,78.0,0,1.0,0.8660254037844387,-0.4999999999999998,0.9749279121818236,-0.22252093395631434,1.5,1.5,0.5,0.5,0.5,1.5,1.5,0.5,0.5,0.5,synthetic,synthetic,synthetic,synthetic,synthetic,0.0,0.0,0.0,0.0,0.0,-110.0,-110.0,-110.0,-110.0,-110.0,-110.0,-110.0,-110.0,-110.0,-110.0,0.0,0.0,0.0,0.0,0.0,2026-08-07T03:26:40.888653+00:00,-0.6785209439251654,-0.29411213845881723,-0.37856219395148544,-0.4854487398583234,-0.11122500362069221,1.2,1.8,0.2,0.0,0.6,0.0,0.0,0.0,0.0,0.0,batter_pitcher_profile_network_v2,1.0,0.4,0.7113946642787122,0.0,0.6051416614503431,0.4429388888888889,0.3352497631895267,0.0,12.0,1.485332888472861,0.007339574744599681,0.04285649481427848,0.004285649481427848,0.4390907407407407,0.28527293795238967,0.0,12.0,1.5500515917934579,-0.005019237803009336,0.028622051299057892,0.004579528207849263,0.4708333333333334,0.4297291133162612,0.0,12.0,1.418301708509352,0.01302721031422231,0.0714209561351271,0.0035710478067563552,0.27332083333333335,0.22625005062844603,0.0,12.0,1.5723826320310588,-0.04735217264008784,-0.029505149888490095,-0.0007376287472122524,0.46557777777777776,0.46660411331626117,0.0,12.0,1.3875360842649116,0.011587377432295189,0.07138730229249216,0.004283238137549529
2026-04-23,Troy_Johnston,687859,hitter,COL,SD,2026,824368,37,115,135,1,663362.0,Matt_Waldron,3.0,3.0,0.0,0.0,2.0,5.0,4.0,1.0,0.0,5.0,0.11904761904761904,0.6719999999999999,0.6719999999999999,0.0,0.0,65.0,10.409090909090908,10.272727272727273,2.779120879120879,1.0477777777777777,-8.0,64.0,0,1.0,0.8660254037844387,-0.4999999999999998,0.43388373911755823,-0.900968867902419,1.5,1.5,0.5,0.5,0.5,1.5,1.5,0.5,0.5,0.5,synthetic,synthetic,synthetic,synthetic,synthetic,0.0,0.0,0.0,0.0,0.0,-110.0,-110.0,-110.0,-110.0,-110.0,-110.0,-110.0,-110.0,-110.0,-110.0,0.0,0.0,0.0,0.0,0.0,2026-08-07T03:26:40.888653+00:00,-0.3760032126925721,0.19384429652526847,0.22347280963714822,-0.48607485086878555,-0.03965759323281437,1.4,2.0,0.4,0.0,0.4,1.0,1.0,1.0,0.0,0.0,batter_pitcher_profile_network_v2,1.0,0.05,0.9425,0.0,0.5117271875,0.36295997433076643,0.5757727272727273,0.0,13.0,1.4792261557057218,0.008027121262810888,0.012016491122897708,0.001201649112289771,0.3846449211587825,0.5721904761904761,0.0,13.0,1.530102067344275,-0.007349442856682468,0.001631019949596581,0.000260963191935453,0.4306930693069307,0.5407215007215008,0.0,13.0,1.5941430011058864,0.029944425961888926,0.04333531362208352,0.002166765681104176,0.25980231481481475,0.4983809523809524,0.0,13.0,1.6401887605834236,-0.06199472049954736,-0.054549590306976814,-0.0013637397576744205,0.4545592592592593,0.67992784992785,0.0,13.0,1.4598407783034337,-0.00622044584917611,0.013106046852362215,0.0007863628111417329
2026-04-24,Troy_Johnston,687859,hitter,COL,NYM,2026,823638,38,115,121,0,642547.0,Freddy_Peralta,1.0,1.0,0.0,0.0,2.0,5.0,5.0,0.0,2.0,5.0,0.11904761904761904,0.178,0.178,0.0,0.0,21.36,4.016806722689076,7.80252100840336,6.775953859804792,1.08,8.0,57.0,0,1.0,0.8660254037844387,-0.4999999999999998,-0.433883739117558,-0.9009688679024191,1.5,1.5,0.5,0.5,0.5,1.5,1.5,0.5,0.5,0.5,synthetic,synthetic,synthetic,synthetic,synthetic,0.0,0.0,0.0,0.0,0.0,-110.0,-110.0,-110.0,-110.0,-110.0,-110.0,-110.0,-110.0,-110.0,-110.0,0.0,0.0,0.0,0.0,0.0,2026-08-07T03:26:40.888653+00:00,0.1633046454513427,0.006138660776491944,-0.11819400728544088,-0.4757489632117816,0.3287319293150992,1.4,1.6,0.2,0.0,0.4,3.0,3.0,0.0,0.0,2.0,batter_pitcher_profile_network_v2,1.0,0.35,0.6618385221318124,0.0,0.5941236733635985,0.3855173202614379,-0.43524208891477395,0.0,13.0,1.6700484927555257,-0.00983022479146817,-0.05674125187347376,-0.005674125187347376,0.4008652505446624,-0.3162674602126689,0.0,13.0,1.743152056694474,-0.023965695572926743,-0.0788208701469244,-0.012611339223507906,0.4196078431372549,-0.15431119186805153,0.0,13.0,1.700629004528795,0.029062013208845206,0.007165994486389958,0.0003582997243194979,0.27398750000000005,-0.144120721082234,0.0,13.0,1.8032607658173685,-0.04060545283928536,-0.05395852847126656,-0.0013489632117816642,0.45874444444444445,-0.20439271360718198,0.0,13.0,1.6635821905227326,-0.012518241402573875,-0.041096061252341866,-0.002465763675140512
2026-04-26,Troy_Johnston,687859,hitter,COL,NYM,2026,823635,39,115,121,0,690997.0,Nolan_McLean,1.0,1.0,0.0,0.0,1.0,4.0,4.0,0.0,0.0,4.0,0.11764705882352941,0.2225,0.2225,0.0,0.0,26.7,2.72593984962406,11.718045112781956,4.975953859804791,1.08,-9.0,54.0,0,2.0,0.8660254037844387,-0.4999999999999998,-0.7818314824680299,0.6234898018587334,1.5,1.5,0.5,0.5,0.5,1.5,1.5,0.5,0.5,0.5,synthetic,synthetic,synthetic,synthetic,synthetic,0.0,0.0,0.0,0.0,0.0,-110.0,-110.0,-110.0,-110.0,-110.0,-110.0,-110.0,-110.0,-110.0,-110.0,0.0,0.0,0.0,0.0,0.0,2026-08-07T03:26:40.888653+00:00,-0.5409067867813039,-0.50971990679952,-0.17943937476797006,-0.4756287359789074,0.5210800335236487,1.2,1.2,0.2,0.0,0.8,1.0,1.0,0.0,0.0,2.0,batter_pitcher_profile_network_v2,1.0,0.25,0.6509347982539389,0.0,0.5675651218034731,0.3577997354497355,-0.8047154424522847,0.0,14.0,1.4193219866429905,-0.01054203324979649,-0.10050528671652877,-0.010050528671652877,0.3463177248677249,-0.7127040582224793,0.0,14.0,1.4885377387468022,-0.021584904003588305,-0.11853434396758868,-0.01896549503481419,0.4077380952380953,-0.5680558061821218,0.0,14.0,1.5306789546048971,0.00890254372856195,-0.07194723751713383,-0.0035973618758566917,0.15157453703703705,-0.5872654617312512,0.0,14.0,1.5778015129258038,-0.018077578078657886,-0.049149439156296826,-0.0012287359789074207,0.39841481481481483,-0.6265938178780284,0.0,14.0,1.4625691839192263,0.03128726208968423,-0.06367667738435726,-0.003820600643061435
2026-04-26,Troy_Johnston,687859,hitter,COL,NYM,2026,823637,40,115,121,0,673540.0,Kodai_Senga,1.0,1.0,0.0,0.0,1.0,4.0,3.0,1.0,1.0,7.0,0.10810810810810811,0.395,0.395,0.0,0.0,47.400000000000006,15.458823529411765,10.263025210084033,4.975953859804791,1.08,-8.0,57.0,0,0.0,0.8660254037844387,-0.4999999999999998,-0.7818314824680299,0.6234898018587334,1.5,1.5,0.5,0.5,0.5,1.5,1.5,0.5,0.5,0.5,synthetic,synthetic,synthetic,synthetic,synthetic,0.0,0.0,0.0,0.0,0.0,-110.0,-110.0,-110.0,-110.0,-110.0,-110.0,-110.0,-110.0,-110.0,-110.0,0.0,0.0,0.0,0.0,0.0,2026-08-07T03:26:40.888653+00:00,-0.45512729672656094,-0.4214557455681962,-0.11746104452907663,-0.4756124910812295,0.5451379135297283,1.2,1.2,0.2,0.0,1.0,1.0,1.0,0.0,0.0,1.0,batter_pitcher_profile_network_v2,1.0,0.35,0.7356147275757028,0.0,0.5909605185551917,0.43334440950384356,0.2618684602045946,0.0,15.0,2.0148809357347117,-0.004289097888133749,0.03000223799863433,0.003000223799863433,0.39640614954577225,0.4168203832815176,0.0,15.0,1.8995091146402332,-0.02041377956430126,0.013063752360935207,0.002090200377749633,0.46029874213836486,0.6789741430760339,0.0,15.0,1.634493879213742,0.027872346518259792,0.11050092528934984,0.005525046264467492,0.14827824074074075,0.5581932465293808,0.0,15.0,1.7828872170849732,-0.07038226036694534,-0.04849964324918111,-0.0012124910812295279,0.39511851851851854,0.712465952192843,0.0,15.0,1.5713621340555195,-0.016900367754379003,0.061751423405890925,0.0037050854043534556
2026-04-28,Troy_Johnston,687859,hitter,COL,CIN,2026,824526,41,115,113,0,695505.0,Chase_Burns,1.0,2.0,0.0,0.0,0.0,4.0,3.0,1.0,1.0,6.0,0.10256410256410256,0.49,0.49,0.3333333333333333,28.333333333333332,65.0,3.8713235294117645,7.360294117647058,4.593506493506494,1.08,7.0,72.0,0,2.0,0.8660254037844387,-0.4999999999999998,0.7818314824680298,0.6234898018587336,1.5,1.0,0.5,0.5,1.5,1.5,1.5,0.5,0.5,1.5,synthetic,real,real,real,synthetic,0.0,8.0,7.0,8.0,0.0,-110.0,14.125,169.71428571428572,628.75,-110.0,-110.0,40.6,-233.0,0.0,-110.0,0.0,0.5345224838248488,0.0,0.0,0.0,2026-04-28T17:23:11.163256+00:00,-0.1346768829506686,0.6238429396780707,-0.08724406429953185,-0.32202973713273464,-0.32008235051005585,1.4,1.4,0.2,0.0,1.2,1.0,1.0,0.0,0.0,1.0,batter_pitcher_profile_network_v2,1.0,0.45,0.7075283588160202,0.0,0.6184974992202669,0.44997962962962945,-0.32204650260196727,0.0,16.0,2.30461367130837,-0.01805369208866157,-0.04238334244472953,-0.004238334244472953,0.4076814814814814,-0.16364106888019883,0.0,16.0,2.3697639406574647,-0.04243822643919812,-0.08316912701205911,-0.013307060321929458,0.46990740740740733,-0.10021257155337801,0.0,16.0,2.229830704624133,0.0057695096368014735,-0.008003164112515991,-0.0004001582056257996,0.15050046296296302,0.01325693725477051,0.0,16.0,2.3783385648095248,-0.07243968413958396,-0.0718561519760534,-0.001796403799401335,0.39734074074074077,-0.10794391102168065,0.0,16.0,2.2044284526317317,0.008435460729518639,-0.006217663346091461,-0.00037305980076548763
2026-04-30,Troy_Johnston,687859,hitter,COL,CIN,2026,824524,42,115,113,0,671096.0,Andrew_Abbott,1.0,1.0,1.0,0.0,0.0,4.0,4.0,0.0,1.0,9.0,0.10256410256410256,0.2225,0.2225,0.0,0.0,26.7,12.678571428571429,5.928571428571428,6.200649350649351,1.08,8.0,54.0,0,2.0,0.8660254037844387,-0.4999999999999998,0.43388373911755823,-0.900968867902419,1.5,1.5,0.5,0.5,1.5,1.5,1.5,0.5,0.5,1.5,synthetic,synthetic,synthetic,synthetic,synthetic,0.0,0.0,0.0,0.0,0.0,-110.0,-110.0,-110.0,-110.0,-110.0,-110.0,-110.0,-110.0,-110.0,-110.0,0.0,0.0,0.0,0.0,0.0,2026-08-07T03:26:40.888653+00:00,-0.06923663933690061,-0.1111780968559073,-0.30562525540611546,-0.47616934929867816,-0.47513386483976716,1.4,1.6,0.0,0.0,1.2,1.0,2.0,0.0,0.0,0.0,batter_pitcher_profile_network_v2,1.0,0.55,0.6601300955010707,0.0,0.6480237348156154,0.3860771704043491,0.7110458972375622,0.0,17.0,1.6905305480994464,-0.001191142477056416,0.09330060629799047,0.009330060629799047,0.3349779901461093,0.6392001467632455,0.0,17.0,1.9590774787822847,-0.014986075280782689,0.0502931446505783,0.008046903144092527,0.39637289755351673,0.752615802190962,0.0,17.0,1.9090376685848771,0.018341354120256014,0.11973015661295523,0.005986507830647762,0.10640324074074074,0.5283064551744606,0.0,17.0,2.2737068859318246,-0.08987925525905194,-0.07077397194712745,-0.0017693492986781863,0.3280560185185186,0.792800771038314,0.0,17.0,1.824743238249613,-0.018564030304424158,0.0744713835396774,0.004468283012380644
2026-05-01,Troy_Johnston,687859,hitter,COL,ATL,2026,824366,43,115,144,1,656550.0,Grant_Holmes,2.0,3.0,0.0,0.0,0.0,4.0,4.0,0.0,0.0,6.0,0.10526315789473684,0.54,0.54,0.25,21.25,65.0,5.035714285714286,6.821428571428572,4.071428571428571,1.0477777777777777,-10.0,62.0,0,1.0,0.49999999999999994,-0.8660254037844387,-0.433883739117558,-0.9009688679024191,0.5,1.5,0.5,0.5,0.5,0.5,1.5,0.5,0.5,0.5,synthetic,real,real,real,synthetic,0.0,8.0,7.0,8.0,0.0,-110.0,97.0,135.0,697.5,-110.0,-110.0,-122.0,-187.6,0.0,-110.0,0.0,0.3535533905932738,0.0,0.0,0.0,2026-05-02T00:15:33.012287+00:00,0.5403342768408752,-0.09123162359512293,0.05750123543489838,-0.3714215206060153,0.23813932865933407,1.0,1.2,0.2,0.0,0.8,1.0,1.0,1.0,0.0,0.0,batter_pitcher_profile_network_v2,1.0,0.4,0.6541633795881285,0.0,0.6079459944001817,0.4459053902116406,-0.33211848525747506,0.0,18.0,2.727290855799047,-0.021468199712882514,-0.05121612883435484,-0.005121612883435485,0.3815594576719579,-0.2224395764119601,0.0,18.0,2.816379939041575,-0.040274681565717646,-0.08976453343443007,-0.014362325349508811,0.43555505952380985,-0.11970386904761905,0.0,18.0,2.6976251445029815,0.00899565862785661,-0.009035441677972891,-0.00045177208389864457,0.112588425925926,-0.05550643687707635,0.0,18.0,2.9247599789024497,-0.09125511452224579,-0.09341637979616467,-0.002335409494904117,0.35668912037037054,-0.1978966985049834,0.0,18.0,2.5937962061555866,-0.016819266420484872,-0.03702622660508502,-0.002221573596305101
2026-05-02,Troy_Johnston,687859,hitter,COL,ATL,2026,824365,44,115,144,1,519242.0,Chris_Sale,0.0,0.0,0.0,0.0,0.0,3.0,3.0,0.0,1.0,9.0,0.09090909090909091,0.0,0.0,0.0,0.0,10.0,0.9285714285714285,10.5,4.071428571428571,1.0477777777777777,-12.0,71.0,0,1.0,0.49999999999999994,-0.8660254037844387,-0.9749279121818236,-0.2225209339563146,1.5,1.5,0.5,0.5,0.5,1.5,1.5,0.5,0.5,0.5,synthetic,real,real,real,synthetic,0.0,4.0,5.0,6.0,0.0,-110.0,105.0,408.4,1160.0,-110.0,-110.0,-90.0,-1197.75,0.0,-110.0,0.0,0.5,0.4472135954999579,0.0,0.0,2026-05-02T16:59:46.553036+00:00,-0.34628180740242587,-0.11476824895796311,-0.4293167260295044,-0.4860047149468658,-0.21224916849831293,1.2,1.6,0.2,0.0,0.4,2.0,3.0,0.0,0.0,0.0,batter_pitcher_profile_network_v2,1.0,0.45,0.7062630632864471,0.0,0.6185672486363346,0.4193089581284826,-0.3822992554410082,0.0,19.0,2.9374026221339506,-0.0055641043095137534,-0.047086472292657534,-0.004708647229265754,0.2990599844313342,-0.2570262436589757,0.0,19.0,3.049220041165567,-0.015048982483812501,-0.04515193477514834,-0.007224309564023735,0.38909725294985265,-0.3766436412480227,0.0,19.0,2.644590840665645,-0.0006247393087727333,-0.043672182927749444,-0.0021836091463874724,0.006078009259259474,-0.10841155293732614,0.0,19.0,3.1537358755861806,-0.05155060240130333,-0.05174415343018683,-0.001293603835754671,0.23509189814814838,-0.36382362406589214,0.0,19.0,2.654565184240212,-0.004938972416497691,-0.028828132980541647,-0.0017296879788324987
2026-05-03,Troy_Johnston,687859,hitter,COL,ATL,2026,824364,45,115,144,1,675911.0,Spencer_Strider,2.0,2.0,1.0,0.0,0.0,5.0,3.0,2.0,1.0,5.0,0.11627906976744186,0.632,0.632,0.0,0.0,65.0,3.8571428571428568,13.339285714285714,4.071428571428571,1.0477777777777777,-8.0,73.0,0,1.0,0.49999999999999994,-0.8660254037844387,-0.7818314824680299,0.6234898018587334,0.5,1.5,0.5,0.5,0.5,0.5,1.5,0.5,0.5,0.5,synthetic,synthetic,synthetic,synthetic,synthetic,0.0,0.0,0.0,0.0,0.0,-110.0,-110.0,-110.0,-110.0,-110.0,-110.0,-110.0,-110.0,-110.0,-110.0,0.0,0.0,0.0,0.0,0.0,2026-08-07T03:26:40.888653+00:00,0.14577935943533238,-0.3422615371081714,-0.008956535521933151,-0.48489786358562076,-0.12677044990682496,1.0,1.4,0.2,0.0,0.2,0.0,0.0,0.0,0.0,0.0,batter_pitcher_profile_network_v2,1.0,0.05,0.9425,0.0,0.5117271875,0.24228052482792523,-0.9406250000000002,0.0,20.0,2.093525526582165,-0.012053333650059455,-0.013103969323310365,-0.0013103969323310365,0.10952868321861682,-0.9525000000000001,0.0,20.0,1.8869565004868387,-0.007757561568777415,-0.017635091422195742,-0.0028216146275513187,0.18739002581120934,-0.8444444444444446,0.0,20.0,1.959070489017289,-0.018693013197935933,-0.027791840006769097,-0.001389592000338455,-0.14137569444444437,-0.9525000000000001,0.0,20.0,1.6764160604247582,0.0002728710847188393,-0.007470098980385324,-0.0001867524745096331,0.02319375000000002,-0.9222222222222223,0.0,20.0,1.8113418027416466,0.008616227921885518,0.005232257920580805,0.00031393547523484827
2026-05-04,Troy_Johnston,687859,hitter,COL,NYM,2026,824363,46,115,121,1,623211.0,Huascar_Brazobán,0.0,0.0,0.0,0.0,0.0,1.0,1.0,0.0,1.0,6.0,0.030303030303030304,0.0,0.0,0.0,0.0,10.0,1.5,6.75,2.669066820276498,1.0477777777777777,-13.0,68.0,0,1.0,0.49999999999999994,-0.8660254037844387,0.0,1.0,1.5,1.5,0.5,0.5,0.5,1.5,1.5,0.5,0.5,0.5,synthetic,synthetic,synthetic,synthetic,synthetic,0.0,0.0,0.0,0.0,0.0,-110.0,-110.0,-110.0,-110.0,-110.0,-110.0,-110.0,-110.0,-110.0,-110.0,0.0,0.0,0.0,0.0,0.0,2026-08-07T03:26:40.888653+00:00,-0.31325853931015235,-0.31884280316717173,-0.2760424508581506,-0.4863357709852069,-0.5,1.2,1.6,0.4,0.0,0.0,2.0,2.0,1.0,0.0,0.0,batter_pitcher_profile_network_v2,1.0,0.0,1.0,0.0,0.5,0.3153465277777778,0.0,0.0,20.0,3.4013694298317776,-0.016103773301034838,0.0,0.0,0.16846157407407408,0.0,0.0,20.0,3.478652889727136,-0.02132102329755836,-0.03198153494633754,-0.005117045591414007,0.2674479166666667,0.0,0.0,20.0,3.300322154043422,-0.008552201075874372,-0.008552201075874372,-0.0004276100537937186,-0.13048680555555559,0.0,0.0,20.0,3.5113029195165986,-0.06498639496383184,-0.06498639496383184,-0.001624659874095796,0.0879854166666666,0.0,0.0,20.0,3.25959758367004,-0.028146135609640327,-0.021109601707230245,-0.0012665761024338146
2026-05-06,Troy_Johnston,687859,hitter,COL,NYM,2026,824361,47,115,121,1,642547.0,Freddy_Peralta,2.0,3.0,1.0,0.0,1.0,4.0,4.0,0.0,1.0,6.0,0.09302325581395349,0.54,0.54,0.25,21.25,65.0,3.1470588235294117,8.823529411764705,2.8660714285714284,1.0477777777777777,8.0,41.0,0,2.0,0.49999999999999994,-0.8660254037844387,0.9749279121818236,-0.22252093395631434,0.5,1.5,0.5,0.5,0.5,0.5,1.5,0.5,0.5,0.5,synthetic,synthetic,synthetic,synthetic,synthetic,0.0,0.0,0.0,0.0,0.0,-110.0,-110.0,-110.0,-110.0,-110.0,-110.0,-110.0,-110.0,-110.0,-110.0,0.0,0.0,0.0,0.0,0.0,2026-08-07T03:26:40.888653+00:00,0.13466022780668518,-0.24355715622649132,-0.03425181018137374,-0.3714348836497059,-0.37643717961702317,1.0,1.2,0.4,0.0,0.0,0.0,0.0,0.0,0.0,0.0,batter_pitcher_profile_network_v2,1.0,0.45,0.5917429922113542,1.0,0.6436301675543491,0.31534652777777783,-0.4349285990712075,-0.01111111111111112,19.0,2.922627914617656,-0.01898597791105187,-0.06483678127781652,-0.006483678127781652,0.16846157407407414,-0.40724530075187976,-0.0419753086419753,19.0,2.8953197296971522,-0.01456418779283586,-0.08326178067913624,-0.0133218849086618,0.25911458333333337,-0.20910638729175873,-0.07407407407407407,19.0,2.9277314763066205,-0.00921984334484154,-0.09029367871053141,-0.0045146839355265705,-0.1304868055555555,-0.35280451127819557,-0.04938271604938271,19.0,2.8796487732406764,-0.03585394960928217,-0.09395090154378866,-0.0023487725385947164,0.0829854166666667,-0.280345422379478,0.1111111111111111,19.0,2.8253464662112835,-0.06382298103174298,0.031065001953268306,0.0018639001171960982
2026-05-07,Troy_Johnston,687859,hitter,COL,NYM,2026,824362,48,115,121,1,681035.0,Christian_Scott,1.0,1.0,0.0,0.0,0.0,4.0,3.0,1.0,1.0,5.0,0.10810810810810811,0.395,0.395,0.0,0.0,47.400000000000006,6.45,11.049999999999999,4.473214285714286,1.0477777777777777,7.0,64.0,0,1.0,0.49999999999999994,-0.8660254037844387,0.43388373911755823,-0.900968867902419,1.5,1.5,0.5,0.5,0.5,1.5,1.5,0.5,0.5,0.5,synthetic,synthetic,synthetic,synthetic,synthetic,0.0,0.0,0.0,0.0,0.0,-110.0,-110.0,-110.0,-110.0,-110.0,-110.0,-110.0,-110.0,-110.0,-110.0,0.0,0.0,0.0,0.0,0.0,2026-08-07T03:26:40.888653+00:00,-0.3616459923238293,0.09045469168405584,0.14229828190156502,-0.4852754220065115,-0.0278787202995584,1.2,1.6,0.4,0.0,0.2,2.0,3.0,1.0,0.0,1.0,batter_pitcher_profile_network_v2,1.0,0.1,0.8986431816442575,0.0,0.5239916210248579,0.30030924707602363,-0.41400000000000003,0.0,21.0,3.50328573275157,-0.0013775300511121625,-0.012601493379863812,-0.0012601493379863814,0.132520053606238,-0.19067241379310343,0.0,21.0,3.7087389917223836,0.007821151786344495,0.009170651854179195,0.0014673042966686712,0.2438536184210529,0.44693103448275856,0.0,21.0,3.252681586677208,0.037380579132322574,0.04842702799268849,0.002421351399634425,-0.18699722222222218,0.1041551724137931,0.0,21.0,3.7843804729651223,-0.022572435816016225,-0.022572435816016225,-0.0005643108954004057,0.045360416666666854,0.30589655172413793,0.0,21.0,3.3805788701724135,-0.0057545086753244155,-0.0029094953401316284,-0.00017456972040789769
2026-05-08,Troy_Johnston,687859,hitter,COL,PHI,2026,823466,49,115,143,0,666200.0,Jesús_Luzardo,1.0,2.0,1.0,0.0,1.0,1.0,1.0,0.0,0.0,7.0,0.020833333333333332,1.27,1.27,1.0,30.0,65.0,1.5902255639097742,10.093984962406015,4.392857142857143,1.08,12.0,68.0,0,1.0,0.49999999999999994,-0.8660254037844387,-0.433883739117558,-0.9009688679024191,0.5,1.5,0.5,0.5,0.5,0.5,1.5,0.5,0.5,0.5,synthetic,synthetic,synthetic,synthetic,synthetic,0.0,0.0,0.0,0.0,0.0,-110.0,-110.0,-110.0,-110.0,-110.0,-110.0,-110.0,-110.0,-110.0,-110.0,0.0,0.0,0.0,0.0,0.0,2026-08-07T03:26:40.888653+00:00,0.3110836916107528,1.0687291983062734,0.35049952070419743,-0.15042144450392975,-0.036890452005033714,1.0,1.2,0.4,0.0,0.2,1.0,1.0,0.0,0.0,0.0,batter_pitcher_profile_network_v2,1.0,0.5,0.6591353672181712,1.0,0.6533779587578871,0.352482143997446,-0.14376825313619224,-0.01481481481481481,20.0,3.585018339532774,-0.007779131940217594,-0.029563459832322565,-0.002956345983232257,0.1794285280970628,-0.2362206710393105,-0.03950617283950618,20.0,3.552362003393149,0.005768658810168214,-0.03856751058579123,-0.006170801693726596,0.3092273706896554,-0.21543306697360126,0.1111111111111111,20.0,3.3506761832279466,-0.0023332636140456454,0.067133271226803,0.0033566635613401503,-0.1731453703703703,-0.39752298381464085,-0.024691358024691357,20.0,3.222871874317484,0.0030868344122746885,-0.04085778015719139,-0.0010214445039297847,0.1193164351851854,-0.16983927108520183,-0.1111111111111111,20.0,3.3644158729786886,0.020257589720590413,-0.08388848579818145,-0.005033309147890887
2026-05-09,Troy_Johnston,687859,hitter,COL,PHI,2026,823468,50,115,143,0,605400.0,Aaron_Nola,1.0,1.0,1.0,0.0,0.0,4.0,4.0,0.0,1.0,5.0,0.1111111111111111,0.2225,0.2225,0.0,0.0,26.7,7.318681318681318,9.81868131868132,3.0,1.08,-7.0,61.0,0,1.0,0.49999999999999994,-0.8660254037844387,-0.9749279121818236,-0.2225209339563146,1.5,1.5,0.5,0.5,0.5,1.5,1.5,0.5,0.5,0.5,synthetic,synthetic,synthetic,synthetic,synthetic,0.0,0.0,0.0,0.0,0.0,-110.0,-110.0,-110.0,-110.0,-110.0,-110.0,-110.0,-110.0,-110.0,-110.0,0.0,0.0,0.0,0.0,0.0,2026-08-07T03:26:40.888653+00:00,-0.49086052093211907,-0.10960056956129871,0.10318599250808724,-0.4755724478634282,-0.017022636802822178,1.2,1.6,0.6,0.0,0.4,1.0,2.0,1.0,0.0,1.0,batter_pitcher_profile_network_v2,1.0,0.45,0.6505786473337699,1.0,0.640386852065726,0.4543347883597886,0.12118517481110468,-0.01111111111111112,22.0,3.8780152710847027,-0.0020259788434352933,0.010068783352803954,0.0010068783352803954,0.3177145502645504,0.1387035406764325,-0.037037037037037035,22.0,3.9643010866583364,0.011324854331348538,0.0018193569085495232,0.00029109710536792373,0.4324404761904763,0.2194641374350316,-0.08148148148148147,22.0,3.814673036891005,0.03530375189738569,0.001219850161745327,6.099250808726635e-05,-0.0666349537037036,0.12298037313716555,-0.024691358024691357,22.0,4.039854445960666,-0.026520400372514873,-0.04689791453712931,-0.0011724478634282328,0.27539629629629636,0.24292290706853942,-0.1111111111111111,22.0,3.7340980631116256,0.014667702244671888,-0.05732172449148277,-0.003439303469488966
2026-05-10,Troy_Johnston,687859,hitter,COL,PHI,2026,823463,51,115,143,0,650911.0,Cristopher_Sánchez,0.0,0.0,0.0,0.0,0.0,1.0,1.0,0.0,1.0,5.0,0.030303030303030304,0.0,0.0,0.0,0.0,10.0,4.2749999999999995,9.15,2.5714285714285716,1.08,6.0,73.0,0,1.0,0.49999999999999994,-0.8660254037844387,-0.7818314824680299,0.6234898018587334,0.5,1.5,0.5,0.5,0.5,0.5,1.5,0.5,0.5,0.5,synthetic,synthetic,synthetic,synthetic,synthetic,0.0,0.0,0.0,0.0,0.0,-110.0,-110.0,-110.0,-110.0,-110.0,-110.0,-110.0,-110.0,-110.0,-110.0,0.0,0.0,0.0,0.0,0.0,2026-08-07T03:26:40.888653+00:00,0.3208925235998623,-0.566966169782638,-0.14475408910621118,-0.4746231313292117,-0.35783575006599355,1.0,1.4,0.6,0.0,0.4,1.0,1.0,1.0,0.0,0.0,batter_pitcher_profile_network_v2,1.0,0.4,0.6564890384500194,0.0,0.607832037115949,0.4543347883597886,-0.3039301682890614,0.0,23.0,4.21352772181786,-0.004807091827854084,-0.04743407136068479,-0.004743407136068479,0.3177145502645504,-0.429676461186273,0.0,23.0,3.957717935448432,0.011649981137103497,-0.029419242959669068,-0.004707078873547051,0.4324404761904763,-0.4062415271132376,0.0,23.0,3.7316747984779397,0.01519966696949975,-0.04514671718915851,-0.0022573358594579255,-0.0666349537037036,-0.6455705999422539,0.0,23.0,3.2423072030830395,0.005851752648854413,-0.008925253168467666,-0.00022313132921169166,0.27539629629629636,-0.4039558413078149,0.0,23.0,3.7251108960937236,0.0277633553208754,-0.017392371229763164,-0.0010435422737857898
2026-05-12,Troy_Johnston,687859,hitter,COL,PIT,2026,823385,52,115,134,0,694973.0,Paul_Skenes,1.0,2.0,0.0,0.0,0.0,3.0,2.0,0.0,1.0,6.0,0.0967741935483871,0.6633333333333333,0.6633333333333333,0.5,30.0,65.0,1.8,11.025,6.8233082706766925,1.08,9.0,66.0,0,2.0,0.49999999999999994,-0.8660254037844387,0.7818314824680298,0.6234898018587336,0.5,1.5,0.5,0.5,0.5,0.5,1.5,0.5,0.5,0.5,synthetic,synthetic,synthetic,synthetic,synthetic,0.0,0.0,0.0,0.0,0.0,-110.0,-110.0,-110.0,-110.0,-110.0,-110.0,-110.0,-110.0,-110.0,-110.0,0.0,0.0,0.0,0.0,0.0,2026-08-07T03:26:40.888653+00:00,0.32297129271531366,0.26499076679857203,0.37010971237282986,-0.2750466105223578,0.13249446968388168,1.0,1.4,0.6,0.0,0.4,0.0,0.0,0.0,0.0,0.0,batter_pitcher_profile_network_v2,1.0,0.5,0.6650943741928488,0.0,0.6342629695806881,0.320111468855219,-0.37644597207303976,0.0,24.0,4.3822599617107025,-0.013750496643753293,-0.04035769294549705,-0.004035769294549705,0.21393758417508435,-0.3364542456527419,0.0,24.0,4.4015049585616435,8.499886459145571e-05,-0.023979078476667824,-0.003836652556266852,0.31913920454545475,-0.06594736842105262,0.0,24.0,4.4393397749852745,0.035558187342167265,0.028509632693882077,0.0014254816346941038,-0.08633865740740732,-0.17023802943652566,0.0,24.0,4.511204894273893,-0.0209419368458849,-0.02586442089431253,-0.0006466105223578133,0.1917655092592594,-0.08946088193456614,0.0,24.0,4.388140597347375,-0.0029481516064906494,-0.007956591047602561,-0.00047739546285615367
2026-05-13,Troy_Johnston,687859,hitter,COL,PIT,2026,823386,53,115,134,0,656605.0,Mitch_Keller,1.0,1.0,1.0,0.0,0.0,4.0,4.0,0.0,0.0,5.0,0.10256410256410256,0.2225,0.2225,0.0,0.0,26.7,3.228571428571429,8.17142857142857,8.109022556390979,1.08,13.0,61.0,0,1.0,0.49999999999999994,-0.8660254037844387,0.9749279121818236,-0.22252093395631434,0.5,1.5,0.5,0.5,0.5,0.5,1.5,0.5,0.5,0.5,synthetic,synthetic,synthetic,synthetic,synthetic,0.0,0.0,0.0,0.0,0.0,-110.0,-110.0,-110.0,-110.0,-110.0,-110.0,-110.0,-110.0,-110.0,-110.0,0.0,0.0,0.0,0.0,0.0,2026-08-07T03:26:40.888653+00:00,0.5083437334833227,-0.3719629298938951,0.08040386603149918,-0.4751085520133462,-0.06598448978235211,0.8,1.2,0.4,0.0,0.2,1.0,2.0,0.0,0.0,0.0,batter_pitcher_profile_network_v2,1.0,0.55,0.6174462201892965,0.0,0.6508995609147461,0.3994026673462452,-0.1275126676411659,0.0,25.0,4.90627646650747,-0.02333092497256555,-0.019483043034519767,-0.0019483043034519767,0.3158709140332993,-0.15947939294887434,0.0,25.0,4.9188391400996565,-0.0068939685429542045,-0.029612061836845168,-0.004737929893895227,0.395374617737003,-0.0577872141559279,0.0,25.0,4.775691782554989,0.02067981448602238,0.0119393796236204,0.00059696898118102,0.04028171296296307,-0.1419926908212147,0.0,25.0,4.867135241571338,-0.026153984307444596,-0.02834208053384776,-0.000708552013346194,0.31772962962962964,-0.11178100848216906,0.0,25.0,4.7112052221239455,-0.021906494163722395,-0.030016703621427963,-0.0018010022172856776
2026-05-14,Troy_Johnston,687859,hitter,COL,PIT,2026,823383,54,115,134,0,682254.0,Mason_Montgomery,1.0,2.0,0.0,0.0,2.0,3.0,3.0,0.0,0.0,7.0,0.09090909090909091,0.42333333333333334,0.42333333333333334,0.3333333333333333,28.333333333333332,65.0,0.0,1.8,5.494736842105263,1.08,12.0,49.0,0,1.0,0.49999999999999994,-0.8660254037844387,0.43388373911755823,-0.900968867902419,0.5,1.5,0.5,0.5,0.5,0.5,1.5,0.5,0.5,0.5,synthetic,synthetic,synthetic,synthetic,synthetic,0.0,0.0,0.0,0.0,0.0,-110.0,-110.0,-110.0,-110.0,-110.0,-110.0,-110.0,-110.0,-110.0,-110.0,0.0,0.0,0.0,0.0,0.0,2026-08-07T03:26:40.888653+00:00,0.6383895723205744,-0.03663835955947459,0.2859125376395262,-0.3202022017567616,-0.15254324008485098,0.8,1.2,0.6,0.0,0.2,1.0,1.0,1.0,0.0,0.0,batter_pitcher_profile_network_v2,1.0,0.1,0.49500000000000005,0.0,0.52893625,0.31607916666666674,-0.8000000000000002,0.0,26.0,3.840540656876648,-0.005650458920177311,-0.12769598333333337,-0.012769598333333338,0.19187129629629637,-0.8400000000000001,0.0,26.0,3.5584344104115817,0.02484000745841822,-0.04413179270126159,-0.007061086832201854,0.3112152777777779,-1.0,0.0,26.0,2.579422788592777,0.018101868387278973,-0.13906184689049883,-0.006953092344524942,-0.11765347222222221,-0.8400000000000001,0.0,26.0,3.35966198801341,0.05115386597953551,0.0012452630628688524,3.113157657172131e-05,0.17538472222222234,-1.0,0.0,26.0,2.6386590389158,0.024999644091738705,-0.06981955165341824,-0.004189173099205095
2026-05-15,Troy_Johnston,687859,hitter,COL,AZ,2026,824360,55,115,109,1,518876.0,Merrill_Kelly,0.0,0.0,0.0,0.0,0.0,3.0,3.0,0.0,1.0,5.0,0.0967741935483871,0.0,0.0,0.0,0.0,10.0,7.582417582417583,6.632967032967033,4.0,1.0477777777777777,-4.0,80.0,0,1.0,0.49999999999999994,-0.8660254037844387,-0.433883739117558,-0.9009688679024191,0.5,1.5,0.5,0.5,0.5,0.5,1.5,0.5,0.5,0.5,synthetic,synthetic,synthetic,synthetic,synthetic,0.0,0.0,0.0,0.0,0.0,-110.0,-110.0,-110.0,-110.0,-110.0,-110.0,-110.0,-110.0,-110.0,-110.0,0.0,0.0,0.0,0.0,0.0,2026-08-07T03:26:40.888653+00:00,0.49520642641414647,-0.47770848615347616,-0.2469791097758704,-0.4845101638963549,0.11398204431125236,0.8,1.2,0.4,0.0,0.4,1.0,2.0,0.0,0.0,2.0,batter_pitcher_profile_network_v2,1.0,0.4,0.7594262088033751,0.0,0.6027881157686346,0.3868111132744893,0.8235180412371134,0.0,26.0,2.766786410039626,0.0030316613303693427,0.07663380213035863,0.007663380213035863,0.26893487798546206,0.8186581829896907,0.0,26.0,2.9189066940059276,0.01231743388275105,0.07144225723969917,0.011430761158351867,0.35454390576323996,0.90890625,0.0,26.0,2.958297611467118,0.08918390322946489,0.16670812706323707,0.008335406353161854,-0.020482175925925994,0.8038144329896908,0.0,26.0,3.1653728297331827,0.008037888590250796,0.008037888590250796,0.0002009472147562699,0.23913587962962968,0.9168750000000001,0.0,26.0,2.8880235588975056,-0.04420592908924085,0.019593211639150322,0.0011755926983490193
2026-05-16,Troy_Johnston,687859,hitter,COL,AZ,2026,824359,56,115,109,1,593958.0,Eduardo_Rodriguez,0.0,0.0,0.0,0.0,0.0,1.0,1.0,0.0,1.0,7.0,0.02857142857142857,0.0,0.0,0.0,0.0,10.0,1.6457142857142857,7.011428571428571,2.7,1.0477777777777777,-9.0,76.0,0,1.0,0.49999999999999994,-0.8660254037844387,-0.9749279121818236,-0.2225209339563146,0.5,0.5,0.5,0.5,0.5,0.5,0.5,0.5,0.5,0.5,synthetic,synthetic,synthetic,synthetic,synthetic,0.0,0.0,0.0,0.0,0.0,-110.0,-110.0,-110.0,-110.0,-110.0,-110.0,-110.0,-110.0,-110.0,-110.0,0.0,0.0,0.0,0.0,0.0,2026-08-07T03:26:40.888653+00:00,0.020711361096428682,0.03959822225920273,-0.4947276116715369,-0.48390499453858793,-0.3539548627045927,0.6,1.0,0.2,0.0,0.4,0.0,0.0,0.0,0.0,0.0,batter_pitcher_profile_network_v2,1.0,0.45,0.6865843677637982,0.0,0.6196520367270206,0.23224765211640225,-0.13516642317610178,0.0,27.0,5.396532943046582,0.00951265401639697,-0.00983876998809528,-0.000983876998809528,0.13100059523809535,-0.16536790082538053,0.0,27.0,5.401272263412165,0.034588447064626146,0.04509305578668474,0.007214888925869558,0.22195684523809528,-0.012596718437507828,0.0,27.0,5.278698470112175,0.10632405407494501,0.10544776656926183,0.005272388328463092,-0.10309212962962955,-0.12408500608853842,0.0,27.0,5.373941619080551,0.03625393444419544,0.03224466290092734,0.0008061165725231835,0.11980717592592602,-0.1303269815954026,0.0,27.0,5.173700909202341,-0.028027564001190833,-0.02591437840987939,-0.0015548627045927632
2026-05-17,Troy_Johnston,687859,hitter,COL,AZ,2026,824358,57,115,109,1,647336.0,Michael_Soroka,2.0,3.0,2.0,0.0,1.0,5.0,4.0,1.0,1.0,5.0,0.12195121951219512,0.5700000000000001,0.5700000000000001,0.25,21.25,65.0,8.473684210526317,7.2105263157894735,3.1821428571428574,1.0477777777777777,-14.0,56.0,0,1.0,0.49999999999999994,-0.8660254037844387,-0.7818314824680299,0.6234898018587334,0.5,0.5,0.5,0.5,0.5,0.5,0.5,0.5,0.5,0.5,synthetic,synthetic,synthetic,synthetic,synthetic,0.0,0.0,0.0,0.0,0.0,-110.0,-110.0,-110.0,-110.0,-110.0,-110.0,-110.0,-110.0,-110.0,-110.0,0.0,0.0,0.0,0.0,0.0,2026-08-07T03:26:40.888653+00:00,0.07664624471672876,0.6955318822801622,-0.07254844275660843,-0.36836010169190325,-0.04933736380331666,0.6,1.0,0.2,0.0,0.4,0.0,0.0,0.0,0.0,0.0,batter_pitcher_profile_network_v2,1.0,0.55,0.6563978728674742,0.0,0.6482751933155539,0.21287548359002606,0.23039612260816475,0.0,28.0,5.24268886906486,-0.007620118897032677,0.01685220204228011,0.001685220204228011,0.11405001375137547,0.1532173351307093,0.0,28.0,5.505125910652125,0.015488068849820739,0.02923635774694825,0.00467781723951172,0.19403681930693106,0.37423723720303964,0.0,28.0,5.115273946683901,0.10376661158394512,0.1287175560176561,0.006435877800882806,-0.10552175925925915,0.060561744413409675,0.0,28.0,5.672443847008471,0.029040376768314963,0.029040376768314963,0.0007260094192078742,0.0947525462962967,0.397662870114432,0.0,28.0,4.960042657655149,-0.05857661379561612,-0.030985680113350997,-0.0018591408068010598
2026-05-19,Troy_Johnston,687859,hitter,COL,TEX,2026,824356,58,115,140,1,641302.0,Tyler_Alexander,2.0,2.0,0.0,0.0,0.0,4.0,4.0,0.0,1.0,6.0,0.12121212121212122,0.445,0.445,0.0,0.0,53.4,0.0,6.6000000000000005,7.301020408163265,1.0477777777777777,0.0,51.0,0,2.0,0.49999999999999994,-0.8660254037844387,0.7818314824680298,0.6234898018587336,0.5,1.5,0.5,0.5,0.5,0.5,1.5,0.5,0.5,0.5,synthetic,synthetic,synthetic,synthetic,synthetic,0.0,0.0,0.0,0.0,0.0,-110.0,-110.0,-110.0,-110.0,-110.0,-110.0,-110.0,-110.0,-110.0,-110.0,0.0,0.0,0.0,0.0,0.0,2026-08-07T03:26:40.888653+00:00,0.6618226345083487,-0.11783450078442637,0.5889550363751956,-0.4839466260709715,0.413812465696321,0.8,1.2,0.6,0.0,0.6,2.0,3.0,2.0,0.0,1.0,batter_pitcher_profile_network_v2,1.0,0.0,1.0,0.0,0.5,0.3247430147058827,0.0,0.0,29.0,5.993481950705519,-0.008972624876906504,0.0,0.0,0.22352034313725525,0.0,0.0,29.0,6.058095421825267,0.018202206327515725,0.02730330949127359,0.004368529518603774,0.3231599264705888,0.0,0.0,29.0,5.901988441749885,0.11353486479519097,0.11353486479519097,0.005676743239759549,-0.02291180555555559,0.0,0.0,29.0,6.069530088790937,0.030579401605586486,0.030579401605586486,0.0007644850401396622,0.22908125000000032,0.0,0.0,29.0,5.839346879202597,-0.050755761273262756,-0.03806682095494707,-0.002284009257296824
2026-05-20,Troy_Johnston,687859,hitter,COL,TEX,2026,824355,59,115,140,1,683004.0,Jack_Leiter,1.0,1.0,1.0,0.0,1.0,4.0,4.0,0.0,1.0,5.0,0.10810810810810811,0.2225,0.2225,0.0,0.0,26.7,2.678571428571429,10.928571428571429,7.301020408163265,1.0477777777777777,-9.0,55.0,0,1.0,0.49999999999999994,-0.8660254037844387,0.9749279121818236,-0.22252093395631434,0.5,1.5,0.5,0.5,0.5,0.5,1.5,0.5,0.5,0.5,synthetic,synthetic,synthetic,synthetic,synthetic,0.0,0.0,0.0,0.0,0.0,-110.0,-110.0,-110.0,-110.0,-110.0,-110.0,-110.0,-110.0,-110.0,-110.0,0.0,0.0,0.0,0.0,0.0,2026-08-07T03:26:40.888653+00:00,0.5796678490454557,-0.24943132305900417,0.05295676661018145,-0.484155416800635,0.17302827147365973,1.0,1.4,0.4,0.0,0.6,2.0,2.0,0.0,0.0,0.0,batter_pitcher_profile_network_v2,1.0,0.6,0.6037467240967648,0.0,0.6656246157788878,0.2439962632275135,-0.11687328972377069,0.0,29.0,6.0255352090984555,-0.021120208987992658,-0.011299814380891511,-0.001129981438089151,0.15697003968253995,0.07244868965560641,0.0,29.0,5.995099973868712,0.010355339337231668,0.020039309710052893,0.003206289553608463,0.2320193452380956,0.10910148466000069,0.0,29.0,5.88718042352605,0.12125998098320855,0.13129059971603751,0.006564529985801876,-0.02720810185185185,0.24268395581530228,0.0,29.0,5.777810999360256,0.022227772419044785,0.022227772419044785,0.0005556943104761197,0.1598891203703706,0.13781742255607166,0.0,29.0,5.786431154024923,-0.03181739037769969,-0.015131401160647822,-0.0009078840696388693
2026-05-21,Troy_Johnston,687859,hitter,COL,AZ,2026,825083,60,115,109,0,593958.0,Eduardo_Rodriguez,1.0,1.0,1.0,0.0,0.0,3.0,3.0,0.0,0.0,8.0,0.08823529411764706,0.2966666666666667,0.2966666666666667,0.0,0.0,35.6,2.0475,7.814999999999999,3.567857142857143,1.08,0.0,94.0,0,1.0,0.49999999999999994,-0.8660254037844387,0.43388373911755823,-0.900968867902419,0.5,1.5,0.5,0.5,0.5,0.5,1.5,0.5,0.5,0.5,synthetic,synthetic,synthetic,synthetic,synthetic,0.0,0.0,0.0,0.0,0.0,-110.0,-110.0,-110.0,-110.0,-110.0,-110.0,-110.0,-110.0,-110.0,-110.0,0.0,0.0,0.0,0.0,0.0,2026-08-07T03:26:40.888653+00:00,0.6059040644092031,-0.5010281314301152,0.11646185644304152,-0.47353907147065993,0.004044571028250066,1.0,1.2,0.6,0.0,0.4,1.0,1.0,1.0,0.0,1.0,batter_pitcher_profile_network_v2,1.0,0.5,0.656054609691493,1.0,0.6535666551563961,0.14042112755278655,-0.06193601433049705,-0.1111111111111111,29.0,6.1483588012434325,-0.016055955741400767,-0.0949943699135726,-0.00949943699135726,0.07333507268951207,-0.14945011195700844,-0.10617283950617284,29.0,6.1523963463866655,0.013076283609126785,-0.07206920379116169,-0.01153107260658587,0.14553368380062323,-0.038708267651888235,-0.08148148148148147,29.0,6.000281125408187,0.12892369950973362,0.0595172409056476,0.00297586204528238,-0.041393287037037006,-0.19352338781907738,0.0,29.0,6.006999541456778,0.03719233950318153,0.034437141173602005,0.0008609285293400502,0.08533935185185214,-0.12719246305418708,-0.1111111111111111,29.0,5.859092533839037,-0.008195737531637638,-0.10188319994933542,-0.0061129919969601255
2026-05-22,Troy_Johnston,687859,hitter,COL,AZ,2026,825082,61,115,109,0,647336.0,Michael_Soroka,0.0,0.0,0.0,0.0,0.0,4.0,4.0,0.0,2.0,5.0,0.10256410256410256,0.0,0.0,0.0,0.0,10.0,1.5325077399380815,9.445820433436532,4.210714285714286,1.08,0.0,95.0,0,1.0,0.49999999999999994,-0.8660254037844387,-0.433883739117558,-0.9009688679024191,1.5,1.5,0.5,0.5,0.5,1.5,1.5,0.5,0.5,0.5,synthetic,synthetic,synthetic,synthetic,synthetic,0.0,0.0,0.0,0.0,0.0,-110.0,-110.0,-110.0,-110.0,-110.0,-110.0,-110.0,-110.0,-110.0,-110.0,0.0,0.0,0.0,0.0,0.0,2026-08-07T03:26:40.888653+00:00,-0.2693899207088637,-0.4755187610762832,0.1673902665783482,-0.4736297166519752,-0.18681118091157067,1.2,1.4,0.8,0.0,0.4,1.0,1.0,1.0,0.0,0.0,batter_pitcher_profile_network_v2,1.0,0.6,0.629334227565973,1.0,0.682493934273901,0.1816450165967858,0.1717859295899822,0.09999999999999998,30.0,6.086891919356782,-0.05077568292155805,0.09303298765160839,0.009303298765160839,0.10315254192872145,0.07703956616490423,0.1111111111111111,30.0,6.361934645680422,-0.029679294481676926,0.04894524327322984,0.007831238923716774,0.16501434748427707,0.3023902871514216,0.1111111111111111,30.0,5.981518133830715,0.06846133954596123,0.17747566123729283,0.008873783061864642,-0.0380969907407407,-0.03987360177402697,0.0,30.0,6.423570435936341,0.03137439903999383,0.03081133392099245,0.0007702833480248113,0.09195162037037063,0.318750019975849,0.1111111111111111,30.0,5.833813478035141,-0.06767194243638663,0.05062866978883995,0.003037720187330397
2026-05-23,Troy_Johnston,687859,hitter,COL,AZ,2026,825080,62,115,109,0,668678.0,Zac_Gallen,2.0,2.0,1.0,0.0,1.0,4.0,3.0,1.0,0.0,5.0,0.10526315789473684,0.6174999999999999,0.6174999999999999,0.0,0.0,65.0,5.571428571428572,7.571428571428572,2.753571428571429,1.08,0.0,94.0,0,1.0,0.49999999999999994,-0.8660254037844387,-0.9749279121818236,-0.2225209339563146,1.5,1.5,0.5,0.5,0.5,1.5,1.5,0.5,0.5,0.5,synthetic,synthetic,synthetic,synthetic,synthetic,0.0,0.0,0.0,0.0,0.0,-110.0,-110.0,-110.0,-110.0,-110.0,-110.0,-110.0,-110.0,-110.0,-110.0,0.0,0.0,0.0,0.0,0.0,2026-08-07T03:26:40.888653+00:00,-0.3790080403618945,-0.3450110420462513,0.2956137611205194,-0.4740452531415654,-0.07511481283260113,1.2,1.4,0.8,0.0,0.4,0.0,0.0,0.0,0.0,0.0,batter_pitcher_profile_network_v2,1.0,0.7,0.4923182429982511,0.0,0.7027837106629,0.18164501659678572,0.5368109349887538,0.0,32.0,5.497624019787132,-0.04870701861761025,0.04950355628080289,0.004950355628080289,0.10315254192872139,0.5090222015379577,0.0,32.0,5.75808621577169,-0.028118751947893032,-0.015521315420648992,-0.002483410467303839,0.16918101415094372,0.31851764050260545,0.0,32.0,6.722794329723081,0.11121469827361798,0.13857221489159008,0.006928610744579504,-0.038096990740740785,0.4830427239260175,0.0,32.0,6.020570182650317,0.014189874337382202,0.014189874337382202,0.00035474685843455507,0.09445162037037055,0.3955045808011129,0.0,32.0,6.402467716402015,-0.04379460013860057,-0.013880965756385245,-0.0008328579453831147
2026-05-24,Troy_Johnston,687859,hitter,COL,AZ,2026,825081,63,115,109,0,669194.0,Ryne_Nelson,1.0,1.0,0.0,0.0,0.0,4.0,2.0,2.0,0.0,4.0,0.11764705882352941,0.5675,0.5675,0.0,0.0,65.0,3.021428571428572,7.864285714285715,2.622077922077922,1.08,0.0,73.0,0,1.0,0.49999999999999994,-0.8660254037844387,-0.7818314824680299,0.6234898018587334,1.5,1.5,0.5,0.5,0.5,1.5,1.5,0.5,0.5,0.5,synthetic,synthetic,synthetic,synthetic,synthetic,0.0,0.0,0.0,0.0,0.0,-110.0,-110.0,-110.0,-110.0,-110.0,-110.0,-110.0,-110.0,-110.0,-110.0,0.0,0.0,0.0,0.0,0.0,2026-08-07T03:26:40.888653+00:00,-0.20258155068591388,-0.1925427316187045,0.30063961652561455,-0.4741008835406346,0.07946180140705139,1.2,1.2,0.6,0.0,0.4,2.0,2.0,1.0,0.0,1.0,batter_pitcher_profile_network_v2,1.0,0.7,0.5445703213044668,0.0,0.6983030949481419,0.1820223750873513,0.12968989119941404,0.0,33.0,7.4156197704686475,-0.020344621023651616,0.010751083413333884,0.0010751083413333884,0.06201522536687622,0.3140524533884688,0.0,33.0,7.068807290348514,0.00642702476942469,0.018510500912507555,0.002961680146001209,0.1519325864779874,0.3787515484917372,0.0,33.0,7.089378309520469,0.14230096075908882,0.1685085260814248,0.00842542630407124,-0.14434699074074075,0.5598192973601002,0.0,33.0,6.199828252880112,0.01196465837461312,0.01196465837461312,0.000299116459365328,0.020284953703703843,0.435130094591028,0.0,33.0,6.804813688566728,0.011417123540750846,0.012582735444742987,0.0007549641266845792
2026-05-25,Troy_Johnston,687859,hitter,COL,LAD,2026,823948,64,115,119,0,686218.0,Emmet_Sheehan,1.0,1.0,1.0,0.0,0.0,4.0,4.0,0.0,1.0,5.0,0.11428571428571428,0.2225,0.2225,0.0,0.0,26.7,4.642857142857142,9.0,0.0,1.08,3.0,69.0,0,1.0,0.49999999999999994,-0.8660254037844387,0.0,1.0,0.5,0.5,0.5,0.5,0.5,0.5,0.5,0.5,0.5,0.5,synthetic,synthetic,synthetic,synthetic,synthetic,0.0,0.0,0.0,0.0,0.0,-110.0,-110.0,-110.0,-110.0,-110.0,-110.0,-110.0,-110.0,-110.0,-110.0,0.0,0.0,0.0,0.0,0.0,2026-08-07T03:26:40.888653+00:00,0.34429534091497305,0.39662557848527913,-0.17237930788972455,-0.47395200068690974,-0.3158093686111606,1.0,1.0,0.6,0.0,0.4,1.0,1.0,0.0,0.0,0.0,batter_pitcher_profile_network_v2,1.0,0.55,0.6441607978309962,1.0,0.6678496662461366,0.16087654175401786,0.016498497061619544,0.1111111111111111,33.0,7.905910134614007,-0.024774971350956604,0.09228674248306505,0.009228674248306505,0.020742077218727978,0.16635212668214194,0.1111111111111111,33.0,7.818195836342414,0.0009973532373186772,0.09406611553299458,0.015050578485279133,0.12891175314465395,0.2403942600013175,0.1111111111111111,33.0,7.777664787485766,0.1075442449281672,0.20991384220550813,0.010495692110275408,-0.2273331018518519,0.31609874830376355,0.0,33.0,7.517855680190897,0.017919972523610706,0.017919972523610706,0.00044799931309026767,-0.026138657407407388,0.2763308215628791,0.1111111111111111,33.0,7.592979404553292,-0.03199788008734714,0.06734385648065609,0.0040406313888393655
2026-05-26,Troy_Johnston,687859,hitter,COL,LAD,2026,823949,65,115,119,0,641778.0,Eric_Lauer,1.0,2.0,1.0,0.0,0.0,4.0,4.0,0.0,1.0,8.0,0.1,0.3175,0.3175,0.25,21.25,49.35,6.369230769230771,4.476923076923077,0.42857142857142855,1.08,0.0,63.0,0,1.0,0.49999999999999994,-0.8660254037844387,0.7818314824680298,0.6234898018587336,0.5,0.5,0.5,0.5,0.5,0.5,0.5,0.5,0.5,0.5,synthetic,synthetic,synthetic,synthetic,synthetic,0.0,0.0,0.0,0.0,0.0,-110.0,-110.0,-110.0,-110.0,-110.0,-110.0,-110.0,-110.0,-110.0,-110.0,0.0,0.0,0.0,0.0,0.0,2026-08-07T03:26:40.888653+00:00,0.5315165903328913,0.7121969958213816,-0.01058907179555918,-0.358625347114493,-0.4239735489365316,1.0,1.0,0.6,0.0,0.2,1.0,1.0,1.0,0.0,0.0,batter_pitcher_profile_network_v2,1.0,0.4,0.7411485379546474,0.0,0.6036837216402222,0.16087654175401817,0.5170649926582038,0.0,35.0,6.862394736646191,-0.0003707713845071166,0.021532203695212342,0.0021532203695212343,0.020742077218728235,0.6653323228495642,0.0,35.0,6.261811472371544,0.0120851511927391,0.021699973883634757,0.003471995821381561,0.13724508647798758,0.7208937610521661,0.0,35.0,6.444822997961184,0.10653659794942844,0.13214713551738705,0.006607356775869353,-0.22733310185185182,0.8641469780219779,0.0,35.0,5.3562884854367745,0.005986115420277613,0.005986115420277613,0.00014965288550694035,-0.021138657407407058,0.7420503702475685,0.0,35.0,6.285756299446727,-0.027824897002290166,-0.020868672751717623,-0.0012521203651030574
2026-05-27,Troy_Johnston,687859,hitter,COL,LAD,2026,823947,66,115,119,0,660271.0,Shohei_Ohtani,0.0,0.0,0.0,0.0,0.0,4.0,4.0,0.0,0.0,5.0,0.12121212121212122,0.0,0.0,0.0,0.0,10.0,0.8571428571428572,9.257142857142858,2.5714285714285716,1.08,8.0,61.0,0,1.0,0.49999999999999994,-0.8660254037844387,0.9749279121818236,-0.22252093395631434,0.5,1.5,0.5,0.5,0.5,0.5,1.5,0.5,0.5,0.5,synthetic,synthetic,synthetic,synthetic,synthetic,0.0,0.0,0.0,0.0,0.0,-110.0,-110.0,-110.0,-110.0,-110.0,-110.0,-110.0,-110.0,-110.0,-110.0,0.0,0.0,0.0,0.0,0.0,2026-08-07T03:26:40.888653+00:00,0.39140168706955447,-0.449384212584254,-0.029537209389891517,-0.47441386116631823,-0.38663350064705343,1.0,1.2,0.6,0.0,0.2,1.0,2.0,1.0,0.0,0.0,batter_pitcher_profile_network_v2,1.0,0.5,0.6177880458931082,0.0,0.6371604821890471,0.19431044911734155,-0.8770242972144137,0.0,36.0,4.986603138865925,-0.025760798795866853,-0.06513464445597077,-0.006513464445597077,0.07042641052267216,-0.8591988196396627,0.0,36.0,4.869818513668739,0.005427466532435224,-0.01498655592431556,-0.00239784894789049,0.16598150311526474,-0.7505722298534798,0.0,36.0,4.978254165595832,0.015898174544118047,-0.03171821377185696,-0.0015859106885928482,-0.15051944444444437,-0.8271675696396626,0.0,36.0,4.773418010025572,0.0470327774146496,-0.000554446652729558,-1.3861166318238951e-05,0.05307083333333343,-0.834418956043956,0.0,36.0,4.4935187313244755,0.005892285511989576,-0.012506396065608796,-0.0007503837639365277
2026-05-29,Troy_Johnston,687859,hitter,COL,SF,2026,824353,67,115,137,1,657277.0,Logan_Webb,1.0,1.0,1.0,0.0,0.0,5.0,5.0,0.0,2.0,5.0,0.11627906976744186,0.178,0.178,0.0,0.0,21.36,6.214285714285714,7.714285714285714,2.105357142857143,1.0477777777777777,-10.0,72.0,0,2.0,0.49999999999999994,-0.8660254037844387,-0.433883739117558,-0.9009688679024191,0.5,1.5,0.5,0.5,0.5,0.5,1.5,0.5,0.5,0.5,synthetic,synthetic,synthetic,synthetic,synthetic,0.0,0.0,0.0,0.0,0.0,-110.0,-110.0,-110.0,-110.0,-110.0,-110.0,-110.0,-110.0,-110.0,-110.0,0.0,0.0,0.0,0.0,0.0,2026-08-07T03:26:40.888653+00:00,0.33866213477323914,-0.678786829692393,-0.09767969985000458,-0.4840970845639096,-0.3679448276883853,1.0,1.2,0.6,0.0,0.2,0.0,0.0,0.0,0.0,0.0,batter_pitcher_profile_network_v2,1.0,0.5,0.6248237073232146,1.0,0.6554795479264531,0.22577080520941506,0.31388189240478404,-0.1111111111111111,37.0,8.123140799060405,-0.009951298585398156,-0.06368097784900381,-0.006368097784900381,0.08470399359640018,0.1144253674036807,-0.0962962962962963,37.0,8.747783276085626,0.003701844484556985,-0.06904317007358035,-0.011046907211772856,0.1709917250778818,0.1589137973137974,-0.0962962962962963,37.0,8.726377864495225,0.10585391005894637,0.03781630200323016,0.0018908151001615081,-0.15670462962962975,-0.08140796592965269,0.0,37.0,8.580980166486256,0.029347187785863642,0.024561061888062598,0.000614026547201565,0.014437731481481659,0.18363601953601963,-0.0962962962962963,37.0,8.556072817684791,-0.03828039415729402,-0.1059478479625686,-0.0063568708777541165
2026-05-30,Troy_Johnston,687859,hitter,COL,SF,2026,824352,68,115,137,1,605288.0,Adrian_Houser,1.0,1.0,0.0,0.0,0.0,5.0,5.0,0.0,1.0,5.0,0.11627906976744186,0.178,0.178,0.0,0.0,21.36,3.4873949579831933,6.831932773109243,4.18228021978022,1.0477777777777777,4.0,76.0,0,1.0,0.49999999999999994,-0.8660254037844387,-0.9749279121818236,-0.2225209339563146,0.5,0.5,0.5,0.5,0.5,0.5,0.5,0.5,0.5,0.5,synthetic,synthetic,synthetic,synthetic,synthetic,0.0,0.0,0.0,0.0,0.0,-110.0,-110.0,-110.0,-110.0,-110.0,-110.0,-110.0,-110.0,-110.0,-110.0,0.0,0.0,0.0,0.0,0.0,2026-08-07T03:26:40.888653+00:00,0.496122278258633,0.3533773366540284,0.14962981684034193,-0.48429000817392653,-0.39361854484832315,0.8,1.0,0.6,0.0,0.0,1.0,1.0,1.0,0.0,0.0,batter_pitcher_profile_network_v2,1.0,0.65,0.49791000694645515,0.0,0.6878539156968885,0.06747271763586034,0.36331293371829315,0.0,38.0,8.266029759877643,0.018339907728274058,0.012308088980801405,0.0012308088980801405,-0.035897200588438705,0.3253869236433671,0.0,38.0,8.561778674124888,0.021321913061035452,0.03198286959155318,0.005117259134648508,0.03580441978193184,0.29221242061455843,0.0,38.0,8.872233613411902,0.10183044425616987,0.1070835588870836,0.00535417794435418,-0.1728675925925926,0.32043632226879665,0.0,38.0,8.609112890122132,0.016844117487384756,0.016844117487384756,0.00042110293718461894,-0.0712668981481478,0.3065358742228058,0.0,38.0,8.700869370962549,0.002739069247871529,0.002054301935903647,0.00012325811615421882
2026-05-31,Troy_Johnston,687859,hitter,COL,SF,2026,824354,69,115,137,1,592662.0,Robbie_Ray,2.0,3.0,1.0,0.0,1.0,5.0,5.0,0.0,0.0,3.0,0.11627906976744186,0.43200000000000005,0.43200000000000005,0.2,17.0,60.84,11.159340659340659,4.228021978021978,5.1280219780219785,1.0477777777777777,-6.0,76.0,0,1.0,0.49999999999999994,-0.8660254037844387,-0.7818314824680299,0.6234898018587334,0.5,0.5,0.5,0.5,0.5,0.5,0.5,0.5,0.5,0.5,synthetic,synthetic,synthetic,synthetic,synthetic,0.0,0.0,0.0,0.0,0.0,-110.0,-110.0,-110.0,-110.0,-110.0,-110.0,-110.0,-110.0,-110.0,-110.0,0.0,0.0,0.0,0.0,0.0,2026-08-07T03:26:40.888653+00:00,0.6620060906854801,0.7062205085298436,0.21528231825172883,-0.3918128386074763,-0.2681206422826916,0.8,1.0,0.6,0.0,0.0,1.0,1.0,0.0,0.0,0.0,batter_pitcher_profile_network_v2,1.0,0.75,0.4935454830298789,0.0,0.7171555087466298,0.10251944660782313,-0.1753781896303693,0.0,39.0,9.326179055838177,0.0031211488779978786,-0.009105887591062707,-0.0009105887591062708,-0.012532714607130138,0.06010197795090862,0.0,39.0,9.599549314237718,0.015251795876932286,0.022877693815398427,0.0036604310104637484,0.05916890576324056,0.21107741790889958,0.0,39.0,9.503641604497766,0.07406660706710386,0.08039182887306272,0.004019591443653136,-0.17286759259259268,0.34063855351360955,0.0,39.0,9.032149627606547,0.015930900145394344,0.015930900145394344,0.0003982725036348586,-0.07126689814814763,0.15544169979528755,0.0,39.0,9.399424490272432,0.0474238393266175,0.03556787949496312,0.002134072769697787
2026-06-01,Troy_Johnston,687859,hitter,COL,LAA,2026,824027,70,115,108,0,667755.0,José_Soriano,2.0,2.0,0.0,0.0,1.0,5.0,5.0,0.0,1.0,4.0,0.10416666666666667,0.356,0.356,0.0,0.0,42.72,6.075,8.924999999999999,4.757142857142858,1.08,8.0,70.0,0,1.0,1.2246467991473532e-16,-1.0,0.0,1.0,0.5,1.5,0.5,0.5,0.5,0.5,1.5,0.5,0.5,0.5,synthetic,synthetic,synthetic,synthetic,synthetic,0.0,0.0,0.0,0.0,0.0,-110.0,-110.0,-110.0,-110.0,-110.0,-110.0,-110.0,-110.0,-110.0,-110.0,0.0,0.0,0.0,0.0,0.0,2026-08-07T03:26:40.888653+00:00,0.6549218411633668,-0.039114195437643495,0.2663344845489646,-0.47402467153252387,-0.02603123523714257,1.0,1.4,0.6,0.0,0.2,2.0,3.0,1.0,0.0,1.0,batter_pitcher_profile_network_v2,1.0,0.7,0.5006144201522171,0.0,0.7020723134719473,0.1531796296296296,-0.519271874242267,0.0,40.0,8.382836905373765,0.004709130469463274,-0.03972206455681124,-0.003972206455681124,0.04200277777777785,-0.4750711803984114,0.0,40.0,8.452334398318632,0.016167448529646532,0.01428627851472692,0.002285804562356307,0.12009259259259292,-0.27803655207267264,0.0,40.0,9.039874956520803,0.030221383454402898,0.013546833836433427,0.0006773416918216714,-0.1104314814814816,-0.40620250951233544,0.0,40.0,8.47823154065888,0.037414349772945436,0.015013138699043835,0.0003753284674760959,-0.0014037037037034211,-0.38185248034271485,0.0,40.0,8.395543609754407,0.08505960839788233,0.06352703176190681,0.0038116219057144087
2026-06-02,Troy_Johnston,687859,hitter,COL,LAA,2026,824026,71,115,108,0,680570.0,Grayson_Rodriguez,2.0,3.0,1.0,0.0,0.0,5.0,4.0,1.0,0.0,5.0,0.11627906976744186,0.5700000000000001,0.5700000000000001,0.25,21.25,65.0,8.444919786096259,8.919786096256685,6.537362637362638,1.08,9.0,76.0,0,1.0,1.2246467991473532e-16,-1.0,0.7818314824680298,0.6234898018587336,1.5,1.5,0.5,0.5,0.5,1.5,1.5,0.5,0.5,0.5,synthetic,synthetic,synthetic,synthetic,synthetic,0.0,0.0,0.0,0.0,0.0,-110.0,-110.0,-110.0,-110.0,-110.0,-110.0,-110.0,-110.0,-110.0,-110.0,0.0,0.0,0.0,0.0,0.0,2026-08-07T03:26:40.888653+00:00,-0.0872555713196983,0.23359116463465135,0.21377497423142244,-0.35823516182871346,0.27787361059782056,1.2,1.4,0.4,0.0,0.4,2.0,2.0,0.0,0.0,1.0,batter_pitcher_profile_network_v2,1.0,0.3,0.6884986748522497,0.0,0.5796976736991798,0.15308550373768254,0.12071845732991232,0.0,41.0,10.353822055016185,0.022151885153010063,0.005756621071575917,0.0005756621071575917,0.040712249405368627,0.07842916145509018,0.0,41.0,10.555324701088395,0.02210533032053964,0.034152627803777695,0.005464420448604432,0.12183123088685038,0.4886590022987083,0.0,41.0,9.526003794703536,0.06435939174588394,0.08290428912627282,0.004145214456313641,-0.11216481481481501,0.104301909202838,0.0,41.0,10.441236630482786,0.021593526851461268,0.021593526851461268,0.0005398381712865317,-0.006324537037036825,0.3797006689653749,0.0,41.0,9.84307544908645,0.0946953929594871,0.07102154471961533,0.004261292683176919
2026-06-03,Troy_Johnston,687859,hitter,COL,LAA,2026,824024,72,115,108,0,700712.0,Walbert_Ureña,2.0,3.0,0.0,0.0,2.0,4.0,4.0,0.0,1.0,5.0,0.10810810810810811,0.54,0.54,0.25,21.25,65.0,1.0999999999999999,8.1,6.28021978021978,1.08,0.0,72.0,0,1.0,1.2246467991473532e-16,-1.0,0.9749279121818236,-0.22252093395631434,1.5,1.5,0.5,0.5,0.5,1.5,1.5,0.5,0.5,0.5,synthetic,synthetic,synthetic,synthetic,synthetic,0.0,0.0,0.0,0.0,0.0,-110.0,-110.0,-110.0,-110.0,-110.0,-110.0,-110.0,-110.0,-110.0,-110.0,0.0,0.0,0.0,0.0,0.0,2026-08-07T03:26:40.888653+00:00,0.1810231967950442,0.7198790853152466,0.4364647469179158,-0.3583668320383737,0.08724920107817691,1.6,2.0,0.6,0.0,0.4,2.0,3.0,1.0,0.0,0.0,batter_pitcher_profile_network_v2,1.0,0.45,0.6334478540497432,0.0,0.6225811870455079,0.2060365740740746,-0.41989510073795633,0.0,42.0,9.61618032890193,0.008825166158265726,-0.03171179999332691,-0.0031711799993326913,0.07244814814814861,-0.43062577570909155,0.0,42.0,9.396294140834312,0.016686435928037716,0.013593945382453369,0.002175031261192539,0.1726875000000007,-0.2358266808574399,0.0,42.0,9.893334876430682,-0.01532157931554469,-0.030249166185790727,-0.0015124583092895364,-0.13291134259259269,-0.4103541788504528,0.0,42.0,9.134554476036582,0.036318738200314754,0.016326718465050023,0.0004081679616262506,0.003397685185185642,-0.3644185220441764,0.0,42.0,9.139250430146244,0.11400685269598444,0.08505128220087768,0.0051030769320526605
2026-06-05,Troy_Johnston,687859,hitter,COL,MIL,2026,824350,73,115,158,1,687075.0,Brandon_Sproat,0.0,0.0,1.0,0.0,0.0,5.0,5.0,0.0,0.0,5.0,0.10869565217391304,0.0,0.0,0.0,0.0,10.0,7.6401098901098905,11.233516483516482,3.331168831168831,1.0477777777777777,0.0,87.0,0,2.0,1.2246467991473532e-16,-1.0,-0.433883739117558,-0.9009688679024191,1.5,2.5,0.5,0.5,0.5,1.5,2.5,0.5,0.5,0.5,synthetic,synthetic,synthetic,synthetic,synthetic,0.0,0.0,0.0,0.0,0.0,-110.0,-110.0,-110.0,-110.0,-110.0,-110.0,-110.0,-110.0,-110.0,-110.0,0.0,0.0,0.0,0.0,0.0,2026-08-07T03:26:40.888653+00:00,0.10170021894425241,-0.5878096973930909,-0.2680040017017482,-0.4843457133136721,0.3685508634956213,1.8,2.4,0.4,0.0,0.8,2.0,3.0,0.0,0.0,2.0,batter_pitcher_profile_network_v2,1.0,0.55,0.5810102564564296,0.0,0.653354433971248,0.26652384259259293,0.06686452222290545,0.0,43.0,10.89463440257346,0.008555750130984016,0.007466811776708728,0.0007466811776708728,0.14013564814814844,0.19274397281765124,0.0,43.0,10.757690917134532,0.010419128366869269,0.026945731872894656,0.004311317099663145,0.2322187500000004,0.5143147374925545,0.0,43.0,9.772988252774057,0.06457927781601286,0.1146207000135975,0.005731035000679875,-0.05648657407407412,0.35819291647962315,0.0,43.0,10.216462740163719,0.014615911897560742,0.014615911897560742,0.00036539779743901857,0.08471828703703728,0.4757789393704887,0.0,43.0,9.786820208876225,0.04784527470325718,0.05277224967763078,0.0031663349806578464
2026-06-06,Troy_Johnston,687859,hitter,COL,MIL,2026,824351,74,115,158,1,694819.0,Jacob_Misiorowski,1.0,1.0,0.0,0.0,0.0,4.0,3.0,1.0,0.0,5.0,0.10810810810810811,0.395,0.395,0.0,0.0,47.400000000000006,0.4285714285714286,12.571428571428571,4.102597402597403,1.0477777777777777,10.0,87.0,0,1.0,1.2246467991473532e-16,-1.0,-0.9749279121818236,-0.2225209339563146,1.5,2.5,0.5,0.5,0.5,1.5,2.5,0.5,0.5,0.5,synthetic,synthetic,synthetic,synthetic,synthetic,0.0,0.0,0.0,0.0,0.0,-110.0,-110.0,-110.0,-110.0,-110.0,-110.0,-110.0,-110.0,-110.0,-110.0,0.0,0.0,0.0,0.0,0.0,2026-08-07T03:26:40.888653+00:00,-0.361217684600571,-0.956381271046747,0.2438283448301326,-0.4852605608593661,0.20547945419287839,1.6,2.2,0.6,0.0,0.8,0.0,0.0,1.0,0.0,0.0,batter_pitcher_profile_network_v2,1.0,0.75,0.4114158490177695,0.0,0.7247011688714924,0.17416022897897898,-0.9042294774191326,0.0,44.0,6.677529301247554,0.016062135734379458,-0.09269071051957399,-0.009269071051957399,0.044501263763763774,-0.8520577551758586,0.0,44.0,6.786374546050708,0.025842407198338916,0.01644588478666062,0.002631341565865699,0.13963992117117108,-0.6537524375050235,0.0,44.0,7.529216196339128,-0.05662301917450316,-0.11035483031907703,-0.005517741515953852,-0.13909652777777776,-0.7839641031382409,0.0,44.0,6.908388377523297,0.04220516037133015,-0.02197798993019849,-0.0005494497482549623,-0.032735416666666683,-0.7292729442970821,0.0,44.0,7.020768063673073,0.10127837756241942,0.06190748213121805,0.003714448927873083
2026-06-07,Troy_Johnston,687859,hitter,COL,MIL,2026,824349,75,115,158,1,675660.0,Shane_Drohan,1.0,2.0,0.0,0.0,1.0,3.0,2.0,0.0,0.0,9.0,0.09090909090909091,0.42333333333333334,0.42333333333333334,0.5,30.0,65.0,3.5,10.25,2.6999999999999997,1.0477777777777777,-9.0,91.0,0,1.0,1.2246467991473532e-16,-1.0,-0.7818314824680299,0.6234898018587334,1.5,1.5,0.5,0.5,0.5,1.5,1.5,0.5,0.5,0.5,synthetic,synthetic,synthetic,synthetic,synthetic,0.0,0.0,0.0,0.0,0.0,-110.0,-110.0,-110.0,-110.0,-110.0,-110.0,-110.0,-110.0,-110.0,-110.0,0.0,0.0,0.0,0.0,0.0,2026-08-07T03:26:40.888653+00:00,-0.29242227082241334,0.5313917137473494,-0.13015088873525688,-0.2843501445858362,-0.015110004589223514,1.4,1.8,0.4,0.0,0.6,1.0,1.0,0.0,0.0,0.0,batter_pitcher_profile_network_v2,1.0,0.15,0.7829717958048507,0.0,0.5381128932520859,0.28573449074074053,0.35068750000000004,0.0,45.0,10.396450465973924,0.005003063433093219,0.021746988745566388,0.002174698874556639,0.13101064814814803,0.359125,0.0,45.0,10.62593283831844,0.01167455264116263,0.027722832133050813,0.00443565314128813,0.24044791666666646,0.7656250000000002,0.0,45.0,8.544766530546932,0.0544531083710589,0.09440646771910494,0.004720323385955247,-0.12524467592592595,0.34975,0.0,45.0,10.83262124124052,0.014438661010998576,0.014438661010998576,0.0003609665252749644,0.03872060185185175,0.7075000000000001,0.0,45.0,8.826160844720366,0.01387061134880118,0.016348408361424288,0.0009809045016854572
2026-06-09,Troy_Johnston,687859,hitter,COL,CHC,2026,824347,76,115,112,1,607067.0,Colin_Rea,1.0,2.0,1.0,0.0,0.0,5.0,5.0,0.0,0.0,5.0,0.12195121951219512,0.254,0.254,0.2,17.0,39.480000000000004,3.535714285714286,6.214285714285715,3.941326530612245,1.0477777777777777,-8.0,84.0,0,2.0,1.2246467991473532e-16,-1.0,0.7818314824680298,0.6234898018587336,1.5,1.5,0.5,0.5,0.5,1.5,1.5,0.5,0.5,0.5,synthetic,synthetic,synthetic,synthetic,synthetic,0.0,0.0,0.0,0.0,0.0,-110.0,-110.0,-110.0,-110.0,-110.0,-110.0,-110.0,-110.0,-110.0,-110.0,0.0,0.0,0.0,0.0,0.0,2026-08-07T03:26:40.888653+00:00,-0.16288360347323083,0.2709794947714239,-0.08272337042999645,-0.39185706954161253,0.19242904100085811,1.2,1.8,0.4,0.0,0.6,1.0,2.0,0.0,0.0,1.0,batter_pitcher_profile_network_v2,1.0,0.65,0.5428597180200552,0.0,0.6842747949526531,0.27661075336700325,0.26171059589449003,0.0,45.0,10.869987305107532,0.020996957216405463,0.033093283336383075,0.003309328333638308,0.1538540824915825,0.3025258635595173,0.0,45.0,10.9212782936362,0.012170943276932671,0.0395339358173346,0.006325429730773537,0.2113607954545455,0.2898714394579779,0.0,45.0,11.395042459633556,0.05402750604350222,0.08203532908051023,0.004101766454025511,-0.018994675925925898,0.36190086355951734,0.0,45.0,10.776058773061434,0.014161662779943856,0.014161662779943856,0.00035404156949859643,0.04745671296296318,0.3056154870770255,0.0,45.0,11.101952945176567,0.007783824495216243,0.01246800539840626,0.0007480803239043756
2026-06-10,Troy_Johnston,687859,hitter,COL,CHC,2026,824348,77,115,112,1,684007.0,Shota_Imanaga,0.0,0.0,1.0,0.0,0.0,4.0,3.0,1.0,1.0,7.0,0.1111111111111111,0.1725,0.1725,0.0,0.0,20.7,9.312499999999998,6.625,3.5127551020408165,1.0477777777777777,0.0,88.0,0,1.0,1.2246467991473532e-16,-1.0,0.9749279121818236,-0.22252093395631434,0.5,1.5,0.5,0.5,0.5,0.5,1.5,0.5,0.5,0.5,synthetic,synthetic,synthetic,synthetic,synthetic,0.0,0.0,0.0,0.0,0.0,-110.0,-110.0,-110.0,-110.0,-110.0,-110.0,-110.0,-110.0,-110.0,-110.0,0.0,0.0,0.0,0.0,0.0,2026-08-07T03:26:40.888653+00:00,0.6627423420129235,-0.14267246646596043,-0.04421505073214754,-0.48415522712910036,-0.02628041621541166,1.0,1.6,0.4,0.0,0.6,1.0,2.0,1.0,0.0,0.0,batter_pitcher_profile_network_v2,1.0,0.85,0.46841229182759275,0.0,0.7487265701134519,0.3813891203703707,-0.005813408338500789,0.0,46.0,12.09409975239795,0.004024291232681352,-0.0011786206870927573,-0.00011786206870927573,0.24556064814814843,0.26098446349364485,0.0,46.0,11.584805994392163,-0.0011043111833836821,0.03241166792108174,0.005185866867373078,0.2968645833333337,0.16088899994804268,0.0,46.0,12.147647816871453,0.02505406046381229,0.050443883316232827,0.0025221941658116415,0.04171550925925923,0.5492158464723683,0.0,46.0,10.153355322313613,0.010056249660007285,0.022235359280430106,0.0005558839820107526,0.11208356481481505,0.23905832618917747,0.0,46.0,11.769056405264678,-0.004210130992593615,0.011086033598012858,0.0006651620158807715
2026-06-11,Troy_Johnston,687859,hitter,COL,CHC,2026,824346,78,115,112,1,665795.0,Edward_Cabrera,3.0,4.0,0.0,0.0,0.0,4.0,4.0,0.0,0.0,5.0,0.1,0.7625,0.7625,0.25,21.25,65.0,9.474025974025974,8.194805194805195,4.798469387755103,1.0477777777777777,-15.0,73.0,0,1.0,1.2246467991473532e-16,-1.0,0.43388373911755823,-0.900968867902419,0.5,0.5,0.5,0.5,0.5,0.5,0.5,0.5,0.5,0.5,synthetic,synthetic,synthetic,synthetic,synthetic,0.0,0.0,0.0,0.0,0.0,-110.0,-110.0,-110.0,-110.0,-110.0,-110.0,-110.0,-110.0,-110.0,-110.0,0.0,0.0,0.0,0.0,0.0,2026-08-07T03:26:40.888653+00:00,0.1439072004984704,0.7604638381006585,0.4830794559786653,-0.3690861111111111,-0.07124582600870294,0.6,1.0,0.6,0.0,0.2,0.0,0.0,1.0,0.0,0.0,batter_pitcher_profile_network_v2,1.0,0.75,0.5200583031089019,0.0,0.7147196434018697,0.3113879629629626,0.4310539558454123,0.0,46.0,10.855772717585317,0.007277326189349009,0.06442018061859413,0.006442018061859413,0.16995648148148118,0.5351883212077643,0.0,46.0,10.5090434275505,-0.00012198636600170074,0.04347190479578351,0.006955504767325362,0.21962499999999952,0.555226069310109,0.0,46.0,11.060399592710148,0.08209490916156831,0.1406197318182006,0.00703098659091003,-0.036931481481481496,0.6407893595464226,0.0,46.0,10.109000647212216,0.0,0.0,0.0,0.016249074074073687,0.6187916976381174,0.0,46.0,10.440294791471603,-0.01797418302894149,-0.00865492327430182,-0.0005192953964581091
2026-06-12,Troy_Johnston,687859,hitter,COL,ATH,2026,824997,79,115,133,0,695611.0,Gage_Jump,0.0,0.0,0.0,0.0,1.0,4.0,3.0,0.0,0.0,5.0,0.11428571428571428,0.0,0.0,0.0,0.0,10.0,2.8285714285714287,6.563909774436091,5.6479591836734695,1.0666666666666667,5.0,103.0,0,1.0,1.2246467991473532e-16,-1.0,-0.433883739117558,-0.9009688679024191,1.5,1.5,0.5,0.5,0.5,1.5,1.5,0.5,0.5,0.5,synthetic,synthetic,synthetic,synthetic,synthetic,0.0,0.0,0.0,0.0,0.0,-110.0,-110.0,-110.0,-110.0,-110.0,-110.0,-110.0,-110.0,-110.0,-110.0,0.0,0.0,0.0,0.0,0.0,2026-08-07T03:26:40.888653+00:00,0.24923860345572524,0.18444114524070954,-0.15558164362438953,-0.4787614621089296,-0.23945405958431343,1.2,1.8,0.4,0.0,0.2,3.0,4.0,0.0,0.0,0.0,batter_pitcher_profile_network_v2,1.0,0.25,0.8010163594265023,0.0,0.5629688739925633,0.4043949683235865,-0.22587971443760926,0.0,47.0,12.747785808392482,0.002457022741264284,-0.01817608502742592,-0.0018176085027425922,0.26007380604288477,-0.42055363218652697,0.0,47.0,11.404862937950236,-0.01302767319184018,-0.041305342245566125,-0.00660885475929058,0.3062944078947366,-0.5502054523936102,0.0,47.0,9.677222204605966,-0.06105836733220089,-0.0945920561612601,-0.004729602808063005,0.03182662037037033,-0.5987417634996582,0.0,47.0,9.36947494071473,0.0,-0.0037918176905171173,-9.479544226292794e-05,0.0946946759259259,-0.5990796106427685,0.0,47.0,9.223434402879862,0.03167283475932898,0.01246635386688388,0.0007479812320130328
2026-06-13,Troy_Johnston,687859,hitter,COL,ATH,2026,824995,80,115,133,0,683155.0,Joey_Estes,2.0,2.0,0.0,0.0,1.0,4.0,3.0,0.0,0.0,5.0,0.1111111111111111,0.625,0.625,0.0,0.0,65.0,0.0,0.0,3.076530612244898,1.0666666666666667,7.0,102.0,0,1.0,1.2246467991473532e-16,-1.0,-0.9749279121818236,-0.2225209339563146,0.5,1.5,0.5,0.5,0.5,0.5,1.5,0.5,0.5,0.5,synthetic,synthetic,synthetic,synthetic,synthetic,0.0,0.0,0.0,0.0,0.0,-110.0,-110.0,-110.0,-110.0,-110.0,-110.0,-110.0,-110.0,-110.0,-110.0,0.0,0.0,0.0,0.0,0.0,2026-08-07T03:26:40.888653+00:00,0.9110612244897958,-0.2123815773012554,0.062356196069073055,-0.4786666666666667,0.11117873364978081,1.0,1.6,0.4,0.0,0.4,0.0,0.0,0.0,0.0,1.0,batter_pitcher_profile_network_v2,1.0,0.0,1.0,0.0,0.5,0.21399845085470073,0.0,0.0,47.0,13.18308675183694,0.01743011203557412,0.0,0.0,0.02672304131054125,0.0,0.0,47.0,13.162806016009943,0.011604539022547319,0.017406808533820976,0.0027850893654113563,0.07829086538461527,0.0,0.0,47.0,13.111058421491398,0.04059330913656395,0.04059330913656395,0.0020296654568281976,-0.15729375,0.0,0.0,47.0,12.801715716088957,0.0,0.0,0.0,-0.1942173611111111,0.0,0.0,47.0,12.864582925182848,0.004123030463757976,0.003092272847818482,0.00018553637086910892
2026-06-14,Troy_Johnston,687859,hitter,COL,ATH,2026,824994,81,115,133,0,605488.0,Jeffrey_Springs,2.0,6.0,3.0,1.0,4.0,6.0,5.0,1.0,0.0,8.0,0.10714285714285714,0.6766666666666667,0.6766666666666667,0.8,30.0,65.0,7.472727272727273,8.454545454545455,3.352040816326531,1.0666666666666667,8.0,101.0,0,1.0,1.2246467991473532e-16,-1.0,-0.7818314824680299,0.6234898018587334,1.5,1.5,0.5,0.5,0.5,1.5,1.5,0.5,0.5,0.5,synthetic,synthetic,synthetic,synthetic,synthetic,0.0,0.0,0.0,0.0,0.0,-110.0,-110.0,-110.0,-110.0,-110.0,-110.0,-110.0,-110.0,-110.0,-110.0,0.0,0.0,0.0,0.0,0.0,2026-08-07T03:26:40.888653+00:00,-0.10087724657810915,1.0365798361252714,0.07017686834057268,-0.20366666666666666,0.12962266213907458,1.2,1.6,0.4,0.0,0.4,2.0,2.0,0.0,0.0,1.0,batter_pitcher_profile_network_v2,1.0,0.9,0.4233516274584504,1.0,0.7870754830727059,0.31893283475783435,0.11831209236364333,-0.1111111111111111,47.0,13.019481339952044,0.004356189765758974,-0.057316065038977584,-0.005731606503897759,0.10904195156695128,0.2583508894297618,-0.10370370370370369,47.0,12.732483783068806,0.008496722057049707,-0.0448135242170539,-0.007170163874728625,0.18762713675213638,0.23642756702361972,-0.1037037037037037,47.0,13.128100098920195,0.10138638190708923,0.05316321715158824,0.002658160857579412,-0.14310856481481488,0.41480922276309523,0.0,47.0,12.09274586636421,0.0,0.0,0.0,-0.11383425925925943,0.2664692336902864,-0.08888888888888889,47.0,12.807725652148562,-0.048528318608060096,-0.09965631128753176,-0.005979378677251905
2026-06-15,Troy_Johnston,687859,hitter,COL,CHC,2026,824666,82,115,112,0,684007.0,Shota_Imanaga,0.0,0.0,0.0,0.0,0.0,2.0,1.0,0.0,0.0,5.0,0.05263157894736842,0.36,0.36,0.0,0.0,43.199999999999996,5.812499999999999,7.825,3.029220779220779,1.0522222222222224,10.0,76.0,0,1.0,1.2246467991473532e-16,-1.0,0.0,1.0,1.5,2.5,0.5,0.5,1.5,1.5,2.5,0.5,0.5,1.5,synthetic,synthetic,synthetic,synthetic,synthetic,0.0,0.0,0.0,0.0,0.0,-110.0,-110.0,-110.0,-110.0,-110.0,-110.0,-110.0,-110.0,-110.0,-110.0,0.0,0.0,0.0,0.0,0.0,2026-08-07T03:26:40.888653+00:00,-0.15398061819010334,-0.06374663734675723,0.5240368920732239,-0.2412980087183082,-0.01793349419829804,1.4,2.4,0.8,0.2,1.2,2.0,6.0,3.0,1.0,4.0,batter_pitcher_profile_network_v2,1.0,0.9,0.44407670258944437,1.0,0.7847905435395138,0.4910522768670304,-0.06026732582090149,-0.1111111111111111,46.0,13.090503915893194,0.016599055301863914,-0.09667870411566075,-0.009667870411566075,0.29983762902246464,0.2211802583677143,-0.1111111111111111,46.0,12.815149824114435,0.0516683296842273,0.034143823600310694,0.005463011776049711,0.3373811475409829,0.13259428254586486,0.0962962962962963,46.0,13.19222972109676,0.09580253000360255,0.19020127277001048,0.009510063638500524,0.021011805555555617,0.5255710811525245,-0.024691358024691357,46.0,11.42655660386754,0.09132414357071884,0.0796352068232263,0.0019908801705806577,0.06438333333333299,0.20378362853742601,-0.1111111111111111,46.0,12.880154236048712,0.04637082678650607,-0.038154500024035407,-0.002289270001442124
2026-06-16,Troy_Johnston,687859,hitter,COL,CHC,2026,824667,83,115,112,0,665795.0,Edward_Cabrera,0.0,0.0,0.0,0.0,0.0,4.0,3.0,1.0,1.0,5.0,0.10810810810810811,0.1725,0.1725,0.0,0.0,20.7,8.670454545454545,9.721590909090908,4.1863636363636365,1.0522222222222224,15.0,71.0,0,1.0,1.2246467991473532e-16,-1.0,0.7818314824680298,0.6234898018587336,1.5,2.5,0.5,0.5,1.5,1.5,2.5,0.5,0.5,1.5,synthetic,synthetic,synthetic,synthetic,synthetic,0.0,0.0,0.0,0.0,0.0,-110.0,-110.0,-110.0,-110.0,-110.0,-110.0,-110.0,-110.0,-110.0,-110.0,0.0,0.0,0.0,0.0,0.0,2026-08-07T03:26:40.888653+00:00,-0.39552169751405963,-0.9098466245376986,-0.0007748425932491698,-0.34158025342541115,-0.59393917918262,1.4,2.4,0.6,0.2,1.2,0.0,0.0,0.0,0.0,0.0,batter_pitcher_profile_network_v2,1.0,0.8,0.4888518051992533,1.0,0.7508425230904732,0.4656693373125189,0.4556777876308013,0.1111111111111111,47.0,11.846667839739725,-0.044843209915756195,0.1911771690035466,0.01911771690035466,0.23909468166513606,0.5855295448545677,0.1111111111111111,47.0,11.315467783146635,-0.00635857395874874,0.14473534213487826,0.023157654741580522,0.29845764462809904,0.6212142752452896,-0.1111111111111111,47.0,11.71110953277242,0.14925915805450457,0.16131518744705572,0.008065759372352786,-0.09331226851851859,0.7237291717202394,-0.024691358024691357,47.0,10.696099606180736,0.08672630502304911,0.06834541853910771,0.0017086354634776929,-0.02959351851851856,0.6875046981308617,-0.1111111111111111,47.0,11.029413331723257,-0.003992373006061652,-0.08570826893228253,-0.005142496135936952
2026-06-20,Troy_Johnston,687859,hitter,COL,PIT,2026,824342,84,115,134,1,694973.0,Paul_Skenes,0.0,0.0,0.0,0.0,0.0,4.0,2.0,2.0,1.0,5.0,0.125,0.345,0.345,0.0,0.0,41.4,2.642857142857143,13.0,4.928571428571429,1.0477777777777777,-4.0,85.0,0,4.0,1.2246467991473532e-16,-1.0,-0.9749279121818236,-0.2225209339563146,0.5,1.5,0.5,0.5,1.5,0.5,1.5,0.5,0.5,1.5,synthetic,real,real,real,synthetic,0.0,6.0,2.0,6.0,0.0,-110.0,144.237552,140.49896,739.667494,-110.0,-110.0,-188.733624,-190.0,0.0,-110.0,0.0,0.0,0.0,0.0,0.0,2026-06-20T11:58:55.263102+00:00,0.12465438546043894,-0.3384754925590714,0.14495857512794086,-0.3448784437017568,-0.48543377780062147,0.8,1.6,0.6,0.2,1.2,0.0,0.0,0.0,0.0,0.0,batter_pitcher_profile_network_v2,1.0,0.85,0.49071067811865476,1.0,0.7651547506408951,0.42516371288644006,-0.27492663694476216,-0.007407407407407405,48.0,13.815683775067033,-0.02858100672548311,-0.0650513834908479,-0.0065051383490847894,0.21051685797367603,-0.2720177375576325,0.037037037037037035,48.0,13.332920511346451,-0.0131645391458063,-0.02130516182752954,-0.003408825892404727,0.2684214876033055,-0.008326293954583328,-0.1111111111111111,48.0,14.430101458914471,0.09455557321524596,0.01060007398738845,0.0005300036993694225,-0.09553449074074069,-0.19204614664854158,-0.024691358024691357,48.0,12.976273633226905,0.021054478790740447,-0.00669330362582634,-0.0001673325906456585,-0.03910740740740748,-0.010040309106098474,-0.1111111111111111,48.0,14.120521545010448,-0.00847367276251321,-0.08937248715321777,-0.005362349229193066
2026-06-22,Troy_Johnston,687859,hitter,COL,BOS,2026,824344,85,115,111,1,687562.0,Jake_Bennett,0.0,0.0,0.0,0.0,0.0,1.0,1.0,0.0,0.0,7.0,0.030303030303030304,0.0,0.0,0.0,0.0,10.0,5.7749999999999995,5.775000000000001,3.0598330241187384,1.0477777777777777,3.0,89.0,0,2.0,1.2246467991473532e-16,-1.0,0.0,1.0,0.5,1.5,0.5,0.5,0.5,0.5,1.5,0.5,0.5,0.5,synthetic,synthetic,synthetic,synthetic,synthetic,0.0,0.0,0.0,0.0,0.0,-110.0,-110.0,-110.0,-110.0,-110.0,-110.0,-110.0,-110.0,-110.0,-110.0,0.0,0.0,0.0,0.0,0.0,2026-08-07T03:26:40.888653+00:00,0.3004245523190663,-0.5895881664127729,-0.2741317648345691,-0.34444438776861486,0.07679390370414918,0.8,1.6,0.6,0.2,1.0,0.0,0.0,0.0,0.0,0.0,batter_pitcher_profile_network_v2,1.0,0.3,0.835,0.0,0.57431375,0.3783261460230722,0.5290358372793801,0.0,49.0,12.613951388134675,-0.005966831426551436,0.03302443475528952,0.0033024434755289517,0.15323934426229502,0.16955267972449417,0.0,49.0,15.221246826271704,0.014381927618624779,0.025859944768655076,0.004137591162984813,0.22761851092896163,0.18323638613861384,0.0,49.0,15.507691942631732,0.07201349664897101,0.07889531555351548,0.003944765777675774,-0.18726134259259247,-0.16370845888936722,0.0,49.0,13.969727831379224,0.015727217557739648,0.01066893369985077,0.00026672334249626926,-0.09204953703703686,0.20381600660066013,0.0,49.0,15.20114115404629,0.025908641374412077,0.019431481030809057,0.0011658888618485434
2026-06-23,Troy_Johnston,687859,hitter,COL,BOS,2026,824340,86,115,111,1,543243.0,Sonny_Gray,2.0,3.0,0.0,0.0,0.0,4.0,4.0,0.0,0.0,7.0,0.10810810810810811,0.54,0.54,0.25,21.25,65.0,3.2067669172932334,6.635338345864661,4.988404452690167,1.0477777777777777,-9.0,81.0,0,1.0,1.2246467991473532e-16,-1.0,0.7818314824680298,0.6234898018587336,0.5,1.5,0.5,0.5,0.5,0.5,1.5,0.5,0.5,0.5,synthetic,synthetic,synthetic,synthetic,synthetic,0.0,0.0,0.0,0.0,0.0,-110.0,-110.0,-110.0,-110.0,-110.0,-110.0,-110.0,-110.0,-110.0,-110.0,0.0,0.0,0.0,0.0,0.0,2026-08-07T03:26:40.888653+00:00,0.13582965922465962,-0.21566248881140848,0.21361481361701384,-0.22847004302445445,0.2903230640473219,0.4,1.2,0.6,0.2,0.8,0.0,0.0,0.0,0.0,0.0,batter_pitcher_profile_network_v2,1.0,0.8,0.5082310825201635,0.0,0.730193353913024,0.40086712962962984,-0.02325933231602515,0.0,49.0,15.383688895768318,-0.03830494495126606,-0.004585205086330647,-0.0004585205086330647,0.1682666666666668,-0.02290117575814718,0.0,49.0,15.246048262500288,-0.006652795001521897,-0.011874226242474658,-0.0018998761987959454,0.23014583333333338,-0.1344784415911191,0.0,49.0,14.712652118937578,0.019787572680602484,0.004567495325781943,0.00022837476628909714,-0.18726134259259247,-0.02778804519434888,0.0,49.0,14.624238051833691,0.02720170531145654,0.024642723466267304,0.0006160680866566827,-0.09954953703703687,-0.11027653753572843,0.0,49.0,14.540008581350827,0.02425831081585444,0.012795104627970167,0.00076770627767821
2026-06-24,Troy_Johnston,687859,hitter,COL,BOS,2026,824341,87,115,111,1,624133.0,Ranger_Suarez,1.0,1.0,0.0,0.0,1.0,1.0,1.0,0.0,0.0,7.0,0.023809523809523808,0.89,0.89,0.0,0.0,65.0,1.6736842105263159,9.292105263157895,4.666975881261595,1.0477777777777777,-12.0,76.0,0,1.0,1.2246467991473532e-16,-1.0,0.9749279121818236,-0.22252093395631434,0.5,0.5,0.5,0.5,0.5,0.5,0.5,0.5,0.5,0.5,synthetic,synthetic,synthetic,synthetic,synthetic,0.0,0.0,0.0,0.0,0.0,-110.0,-110.0,-110.0,-110.0,-110.0,-110.0,-110.0,-110.0,-110.0,-110.0,0.0,0.0,0.0,0.0,0.0,2026-08-07T03:26:40.888653+00:00,0.12023378867759371,0.5884971051829904,-0.10161565774683029,-0.48511442639764957,-0.264354937294105,0.4,0.6,0.0,0.0,0.0,2.0,3.0,0.0,0.0,0.0,batter_pitcher_profile_network_v2,1.0,0.8,0.5109486122801437,0.0,0.729927035996546,0.5426704268292685,-0.11705815870176337,0.0,49.0,15.721268350189863,-0.0527684847407048,-0.03106650081642,-0.0031066500816420003,0.29686084010840125,-0.21725530418174233,0.0,49.0,14.965920319257709,-0.025581837442802943,-0.06991392593964416,-0.011186228150343066,0.35151778455284566,-0.14034394842203884,0.0,49.0,15.156220144878048,-0.0001624714872939148,-0.024289036198200456,-0.0012144518099100228,-0.10465138888888872,-0.30286576929802134,0.0,49.0,13.538550187189959,-0.0006319695666102468,-0.016132611461536592,-0.0004033152865384148,0.015404166666666927,-0.16124511121273652,0.0,49.0,14.7309113373672,0.00820338576561608,0.0049378107135877435,0.0002962686428152646
2026-06-26,Troy_Johnston,687859,hitter,COL,MIN,2026,823688,88,115,142,0,671737.0,Taj_Bradley,1.0,1.0,0.0,0.0,0.0,3.0,3.0,0.0,0.0,6.0,0.06666666666666667,0.2966666666666667,0.2966666666666667,0.0,0.0,35.6,6.461538461538461,7.626923076923077,6.658163265306123,1.08,0.0,78.0,0,2.0,1.2246467991473532e-16,-1.0,-0.433883739117558,-0.9009688679024191,0.5,1.5,0.5,0.5,0.5,0.5,0.5,0.5,0.5,0.5,synthetic,real,real,real,synthetic,0.0,8.0,7.0,8.0,0.0,-110.0,-121.027406,230.397928,1033.151283,-110.0,-110.0,-115.820596,-342.253979,0.0,-110.0,0.0,0.0,0.0,0.0,0.0,2026-06-27T01:11:02.474098+00:00,0.3635881367107793,-0.7634405114200625,-0.25774282565100537,-0.47390416521642326,0.004748604979134874,0.6,0.8,0.0,0.0,0.2,1.0,1.0,0.0,0.0,1.0,batter_pitcher_profile_network_v2,1.0,0.8,0.46421582099928677,0.0,0.7345068495420699,0.6054776960784315,-0.1990998705130157,0.0,49.0,15.871760811903124,-0.030375275572421787,-0.06458906721978509,-0.0064589067219785095,0.33026013071895444,-0.1108119128164971,0.0,49.0,15.894618264082531,0.00311151128480821,-0.014940696375390495,-0.0023905114200624793,0.4139448529411768,0.07775726582639883,0.0,49.0,16.34946907632395,0.09140148511577162,0.10864688834043647,0.005432344417021824,-0.16689097222222216,-0.011648661450376832,0.0,49.0,15.522237009452313,0.020874986023781145,0.01983339134306959,0.0004958347835767397,0.03623750000000039,0.03847106364060647,0.0,49.0,15.985052771373972,0.031013903682326406,0.024007361897143,0.00144044171382858
2026-06-27,Troy_Johnston,687859,hitter,COL,MIN,2026,823689,89,115,142,0,702474.0,Mike_Paredes,0.0,0.0,0.0,0.0,0.0,2.0,2.0,0.0,0.0,7.0,0.047619047619047616,0.0,0.0,0.0,0.0,10.0,3.4857142857142858,5.885714285714286,8.26530612244898,1.08,-12.0,83.0,0,1.0,1.2246467991473532e-16,-1.0,-0.9749279121818236,-0.2225209339563146,0.5,1.0,0.5,0.5,0.5,0.5,0.5,0.5,0.5,0.5,synthetic,real,real,real,synthetic,0.0,4.0,4.0,5.0,0.0,-110.0,-111.622737,138.201134,871.980741,-110.0,-110.0,139.895833,-190.0,0.0,-110.0,0.0,0.5773502691896257,0.0,0.0,0.0,2026-06-27T13:01:31.487963+00:00,0.6535164185697144,-0.28937578338681635,-0.37865204001170655,-0.47434720974472766,-0.18705888464885984,0.8,1.0,0.0,0.0,0.2,1.0,1.0,0.0,0.0,0.0,batter_pitcher_profile_network_v2,1.0,0.15,0.7116639103733614,0.0,0.5394231756468895,0.6052940364092906,0.045258493455861824,0.0,50.0,16.8124015828173,-0.0048081240763470905,0.007898879574695126,0.0007898879574695126,0.3254679378531073,-0.057668998886104175,0.0,50.0,16.661624764265472,0.011833834772235775,0.012338853832397752,0.00197421661318364,0.4006596045197741,-0.11886529982363314,0.0,50.0,16.322313039942856,0.040384946342702524,0.026653077316889484,0.0013326538658444743,-0.17348356481481486,-0.105932887774993,0.0,50.0,15.79872500105851,0.0074105398573304304,0.002111610210893738,5.279025527234345e-05,0.005512962962963143,-0.17612610229276895,0.0,50.0,15.6983605208195,0.015391273018030545,0.011263487144853156,0.0006758092286911893
2026-06-28,Troy_Johnston,687859,hitter,COL,MIN,2026,823686,90,115,142,0,687570.0,Connor_Prielipp,2.0,2.0,0.0,0.0,1.0,4.0,4.0,0.0,2.0,7.0,0.10526315789473684,0.445,0.445,0.0,0.0,53.4,4.884615384615384,7.846153846153847,8.089981447124305,1.08,-17.0,74.0,0,1.0,1.2246467991473532e-16,-1.0,-0.7818314824680299,0.6234898018587334,0.5,0.5,0.5,0.5,0.5,0.5,0.5,0.5,0.5,0.5,synthetic,synthetic,synthetic,synthetic,synthetic,0.0,0.0,0.0,0.0,0.0,-110.0,-110.0,-110.0,-110.0,-110.0,-110.0,-110.0,-110.0,-110.0,-110.0,0.0,0.0,0.0,0.0,0.0,2026-08-07T03:26:40.888653+00:00,0.4514722777652409,0.33756931022671677,-0.06451079927731224,-0.4743402070268728,0.006889893898687216,0.8,1.0,0.0,0.0,0.2,0.0,0.0,0.0,0.0,0.0,batter_pitcher_profile_network_v2,1.0,0.55,0.6266627364496461,0.0,0.6502785981317051,0.5860465277777779,0.047710395183133844,0.0,50.0,16.808432081691947,0.014713379132616182,0.010438700826977601,0.0010438700826977602,0.30594027777777794,-0.02988520796096437,0.0,50.0,16.715651336788326,0.026117061365155514,0.03576213628540095,0.005721941805664153,0.36353125000000014,0.14410990982701521,0.0,50.0,16.970549277644444,0.11761242570554195,0.13717098838208153,0.006858549419104076,-0.17966875000000002,-0.0923472524953773,0.0,50.0,15.858279245011808,0.008586099225712856,0.002391718925087035,5.979297312717587e-05,-0.038120138888888766,0.11190596245859416,0.0,50.0,16.673258677031264,0.046696619072477075,0.035022464304357806,0.0021013478582614683
2026-06-29,Troy_Johnston,687859,hitter,COL,MIA,2026,824339,91,115,146,1,645261.0,Sandy_Alcantara,0.0,0.0,1.0,0.0,0.0,4.0,2.0,2.0,0.0,6.0,0.1,0.345,0.345,0.0,0.0,41.4,2.5749999999999997,7.425,3.0337981346384706,1.0477777777777777,0.0,88.0,0,1.0,1.2246467991473532e-16,-1.0,0.0,1.0,1.5,1.5,0.5,0.5,0.5,1.5,1.5,0.5,0.5,0.5,synthetic,synthetic,synthetic,synthetic,synthetic,0.0,0.0,0.0,0.0,0.0,-110.0,-110.0,-110.0,-110.0,-110.0,-110.0,-110.0,-110.0,-110.0,-110.0,0.0,0.0,0.0,0.0,0.0,2026-08-07T03:26:40.888653+00:00,-0.1293405417003448,-0.19817603961148578,-0.3687768750241787,-0.484375621897176,0.012822146523687405,1.2,1.4,0.0,0.0,0.4,2.0,2.0,0.0,0.0,1.0,batter_pitcher_profile_network_v2,1.0,1.0,0.3174735868448939,0.0,0.8111094856115004,0.5593031160968662,0.19099079183401604,0.0,51.0,16.70255067088424,0.012005845875013556,0.07290866247449601,0.007290866247449602,0.29278108974358985,0.08318780219151899,0.0,51.0,17.12215498677821,0.023045287856519027,0.051191419094880244,0.00819062705518084,0.3630317841880344,0.04114124873153126,0.0,51.0,17.287981359626276,0.13047043639691522,0.1406643648779552,0.00703321824389776,-0.17307615740740734,-7.333642234240087e-05,0.0,51.0,16.54042453797916,0.013428231719227926,0.013419568557405573,0.00033548921393513936,-0.004895601851851512,0.07376707381403952,0.0,51.0,17.02759202735405,0.022938662039195562,0.01720399652939667,0.0010322397917638003
2026-07-01,Troy_Johnston,687859,hitter,COL,MIA,2026,824337,92,115,146,1,676974.0,Max_Meyer,1.0,1.0,0.0,0.0,0.0,3.0,3.0,0.0,0.0,7.0,0.09375,0.2966666666666667,0.2966666666666667,0.0,0.0,35.6,1.7,10.842857142857143,3.6493825502228865,1.0477777777777777,-13.0,86.0,0,2.0,-0.4999999999999997,-0.8660254037844388,0.9749279121818236,-0.22252093395631434,0.5,0.5,0.5,0.5,0.5,0.5,0.5,0.5,0.5,0.5,synthetic,synthetic,synthetic,synthetic,synthetic,0.0,0.0,0.0,0.0,0.0,-110.0,-110.0,-110.0,-110.0,-110.0,-110.0,-110.0,-110.0,-110.0,-110.0,0.0,0.0,0.0,0.0,0.0,2026-08-07T03:26:40.888653+00:00,0.11454037007682416,0.07600141455358833,-0.12768639146417848,-0.48710021437994167,-0.1445688725668678,0.8,0.8,0.2,0.0,0.4,0.0,0.0,1.0,0.0,0.0,batter_pitcher_profile_network_v2,1.0,0.95,0.3300465175082928,1.0,0.8128408365249724,0.6762131944444447,-0.5440850599992448,-0.1111111111111111,51.0,14.453583894160175,-0.0211053200593875,-0.3203790812256751,-0.03203790812256751,0.3812736111111114,-0.5089648092536605,-0.10617283950617284,51.0,14.304036315762414,-0.020660407731801746,-0.2316057423734057,-0.037056918779744916,0.46019791666666693,-0.3882324207566122,-0.0962962962962963,51.0,14.936884449333606,0.05979196625041438,-0.12394371283979003,-0.0061971856419895015,-0.1614465277777777,-0.4716573447986841,-0.024691358024691357,51.0,13.858607763514637,-0.028128560351290945,-0.09556413075322062,-0.0023891032688305156,0.054546527777778096,-0.4526607382921572,-0.1037037037037037,51.0,14.036760773924506,-0.003501453720254449,-0.08813333463353643,-0.005288000078012185
2026-07-02,Troy_Johnston,687859,hitter,COL,MIA,2026,824335,93,115,146,1,687473.0,Ryan_Gusto,2.0,3.0,1.0,0.0,2.0,5.0,4.0,1.0,0.0,5.0,0.1111111111111111,0.5700000000000001,0.5700000000000001,0.25,21.25,65.0,3.9065934065934065,8.396703296703295,2.6391784685902335,1.0477777777777777,4.0,86.0,0,1.0,-0.4999999999999997,-0.8660254037844388,0.43388373911755823,-0.900968867902419,0.5,0.5,0.5,0.5,0.5,0.5,0.5,0.5,0.5,0.5,synthetic,synthetic,synthetic,synthetic,synthetic,0.0,0.0,0.0,0.0,0.0,-110.0,-110.0,-110.0,-110.0,-110.0,-110.0,-110.0,-110.0,-110.0,-110.0,0.0,0.0,0.0,0.0,0.0,2026-08-07T03:26:40.888653+00:00,0.3956007613607092,0.6945354813140259,-0.11157390410561735,-0.36919041881070713,-0.2234878484285286,0.8,0.8,0.2,0.0,0.2,1.0,1.0,0.0,0.0,0.0,batter_pitcher_profile_network_v2,1.0,0.25,0.8092927061281572,0.0,0.5627154108748251,0.6185361111111115,0.13581973908444486,0.0,51.0,18.014334280766697,-0.003739163779445155,0.016021207855980938,0.0016021207855980938,0.3330027777777782,0.02861508344596573,0.0,51.0,18.28534076694461,-0.003216426413479969,-0.0030074084540048646,-0.00048118535264077836,0.40004166666666724,0.13248893018745964,0.0,51.0,18.497021723647265,0.1542357543845856,0.16434344929741865,0.008217172464870933,-0.17233541666666663,-0.06825991655403424,0.0,51.0,17.554059573232117,-0.001928903440241622,-0.004172307983838144,-0.0001043076995959536,-0.0031305555555550396,0.10245216548157728,0.0,51.0,18.17433481622845,-0.0025208561045989447,-0.0018906420784492086,-0.00011343852470695251
2026-07-03,Troy_Johnston,687859,hitter,COL,SF,2026,824336,94,115,137,1,657277.0,Logan_Webb,0.0,0.0,0.0,0.0,0.0,1.0,0.0,1.0,0.0,1.0,0.020833333333333332,0.69,0.69,0.0,0.0,65.0,0.75,7.071428571428572,6.832792207792208,1.0477777777777777,0.0,88.0,0,1.0,-0.4999999999999997,-0.8660254037844388,-0.433883739117558,-0.9009688679024191,0.5,1.5,0.5,0.5,0.5,0.5,1.5,0.5,0.5,0.5,synthetic,synthetic,synthetic,synthetic,synthetic,0.0,0.0,0.0,0.0,0.0,-110.0,-110.0,-110.0,-110.0,-110.0,-110.0,-110.0,-110.0,-110.0,-110.0,0.0,0.0,0.0,0.0,0.0,2026-08-07T03:26:40.888653+00:00,0.7709252365050929,-0.1507038197495374,0.35127358978540923,-0.48648875167049643,0.4970796321574993,1.0,1.2,0.4,0.0,0.6,2.0,3.0,1.0,0.0,2.0,batter_pitcher_profile_network_v2,1.0,0.8,0.43431363575559107,2.0,0.7749372636959521,0.6189006944444444,-0.058754513984222476,-0.10666666666666669,50.0,18.03096504171429,-0.026163529389447205,-0.09706689901833379,-0.00970668990183338,0.3506763888888889,-0.1958732360790257,-0.1288888888888889,50.0,17.41074125243747,-0.033878485991661655,-0.1821072067679424,-0.029137153082870786,0.4005104166666666,-0.22467835728732657,0.02666666666666666,50.0,16.99310871368628,0.05445927200285723,0.022679587915977822,0.001133979395798891,-0.11009583333333325,-0.3080154116515448,-0.04444444444444445,50.0,15.894018785688477,-0.020048874995622048,-0.07110562237541282,-0.0017776405593853207,0.018067361111111097,-0.2253881749293961,-0.2,50.0,16.709026065836373,-0.05146404823227789,-0.18433297053518388,-0.011059978232111033
2026-07-04,Troy_Johnston,687859,hitter,COL,SF,2026,824334,95,115,137,1,592662.0,Robbie_Ray,0.0,0.0,0.0,0.0,0.0,4.0,3.0,1.0,2.0,9.0,0.1111111111111111,0.1725,0.1725,0.0,0.0,20.7,0.0,6.7894736842105265,5.889935064935065,1.0477777777777777,4.0,83.0,0,1.0,-0.4999999999999997,-0.8660254037844388,-0.9749279121818236,-0.2225209339563146,0.5,1.5,0.5,0.5,0.5,0.5,1.5,0.5,0.5,0.5,synthetic,synthetic,synthetic,synthetic,synthetic,0.0,0.0,0.0,0.0,0.0,-110.0,-110.0,-110.0,-110.0,-110.0,-110.0,-110.0,-110.0,-110.0,-110.0,0.0,0.0,0.0,0.0,0.0,2026-08-07T03:26:40.888653+00:00,0.5881452526356077,-0.6772351787283635,-0.07488681561614852,-0.4846326850113393,0.09249734153563716,1.0,1.2,0.4,0.0,0.6,0.0,0.0,0.0,0.0,0.0,batter_pitcher_profile_network_v2,1.0,1.0,0.40411334868829607,1.0,0.8192461147856838,0.7012629629629629,-0.1446793327047911,0.1111111111111111,50.0,18.112042978489384,-0.046311496191599334,0.017548675820646446,0.0017548675820646448,0.41975277777777775,-0.014189160726103323,0.1111111111111111,50.0,18.23029125363216,-0.05537501063151855,-0.00860528371893736,-0.0013768453950299775,0.5048333333333332,0.16253327344476615,0.1111111111111111,50.0,18.381805489192576,0.13292850643389004,0.2598286227419641,0.012991431137098206,-0.0959106481481481,0.18012247521859717,-0.024691358024691357,50.0,17.54592972247023,0.020471776690728055,0.0031370439908725463,7.842609977181367e-05,0.11042962962962963,0.09092133028040361,0.1111111111111111,50.0,18.13560744718054,-0.0990096209425208,0.009732027036954263,0.0005839216222172557
2026-07-05,Troy_Johnston,687859,hitter,COL,SF,2026,824333,96,115,137,1,641816.0,Tyler_Mahle,1.0,1.0,0.0,0.0,1.0,4.0,2.0,0.0,0.0,5.0,0.11428571428571428,0.40249999999999997,0.40249999999999997,0.0,0.0,48.3,4.56923076923077,5.994570135746606,6.318506493506493,1.0477777777777777,0.0,94.0,0,1.0,-0.4999999999999997,-0.8660254037844388,-0.7818314824680299,0.6234898018587334,0.5,0.5,0.5,0.5,0.5,0.5,0.5,0.5,0.5,0.5,synthetic,synthetic,synthetic,synthetic,synthetic,0.0,0.0,0.0,0.0,0.0,-110.0,-110.0,-110.0,-110.0,-110.0,-110.0,-110.0,-110.0,-110.0,-110.0,0.0,0.0,0.0,0.0,0.0,2026-08-07T03:26:40.888653+00:00,0.42916455155826205,0.18295369204988354,0.11808836676373691,-0.48426653757745275,0.046129875676170884,0.6,0.8,0.4,0.0,0.4,0.0,0.0,0.0,0.0,0.0,batter_pitcher_profile_network_v2,1.0,0.85,0.4306192852723559,0.0,0.7526617669210159,0.6685191764132555,0.04955134491177276,0.0,51.0,19.37875348212707,-0.0228028190713376,0.018861319386660004,0.0018861319386660005,0.37565043859649144,0.13684857108132517,0.0,51.0,19.188761757822324,-0.020157860640082563,-0.0009665080215605776,-0.00015464128344969241,0.4603212719298247,0.3328776933850464,0.0,51.0,18.775281267052492,0.1935142458404749,0.2807608417682465,0.014038042088412327,-0.1687613425925925,0.26056180637544285,0.0,51.0,18.4061376596468,0.01778294134633476,0.01778294134633476,0.000444573533658369,0.04783935185185207,0.29793896789485036,0.0,51.0,18.680030302154027,-0.09849731276508626,-0.0657574833192305,-0.00394544899915383
2026-07-06,Troy_Johnston,687859,hitter,COL,LAD,2026,823930,97,115,119,0,641778.0,Eric_Lauer,0.0,0.0,0.0,0.0,0.0,3.0,3.0,0.0,0.0,8.0,0.0625,0.0,0.0,0.0,0.0,10.0,3.0000000000000004,4.0,3.0306122448979593,1.08,4.0,74.0,0,1.0,-0.4999999999999997,-0.8660254037844388,0.0,1.0,0.5,0.5,0.5,0.5,0.5,0.5,0.5,0.5,0.5,0.5,synthetic,synthetic,synthetic,synthetic,synthetic,0.0,0.0,0.0,0.0,0.0,-110.0,-110.0,-110.0,-110.0,-110.0,-110.0,-110.0,-110.0,-110.0,-110.0,0.0,0.0,0.0,0.0,0.0,2026-08-07T03:26:40.888653+00:00,0.5321991693716766,0.24365923069253892,-0.48162101077504044,-0.4736773224402065,-0.007704676837667623,0.8,1.0,0.2,0.0,0.6,1.0,1.0,0.0,0.0,1.0,batter_pitcher_profile_network_v2,1.0,0.65,0.5355093636051027,1.0,0.7036100669229437,0.7414022782651073,0.4268516733649698,0.0,50.0,16.795721389648037,-0.03381689550064934,0.14699679575758215,0.014699679575758216,0.4366018274853802,0.5841193000990783,0.04444444444444445,50.0,15.360540161059625,-0.023556766186559684,0.11724519182836832,0.01875923069253893,0.5482900219298246,0.4610981988898396,0.1111111111111111,50.0,17.85480977457921,0.16484325694382018,0.36757978449919093,0.018378989224959546,-0.15457615740740735,0.7813056027810705,-0.024691358024691357,50.0,13.415178015832378,0.04786400811525989,0.028907102391740106,0.0007226775597935027,0.12822245370370375,0.5154540418017171,-0.1111111111111111,50.0,17.02377008503849,-0.09908651644150746,-0.12892148470942813,-0.007735289082565687
2026-07-08,Troy_Johnston,687859,hitter,COL,LAD,2026,823928,98,115,119,0,808963.0,Roki_Sasaki,0.0,0.0,0.0,0.0,0.0,2.0,2.0,0.0,1.0,6.0,0.05714285714285714,0.0,0.0,0.0,0.0,10.0,9.838235294117647,7.676470588235294,3.373469387755102,1.08,7.0,77.0,0,2.0,-0.4999999999999997,-0.8660254037844388,0.9749279121818236,-0.22252093395631434,0.5,0.5,0.5,0.5,0.5,0.5,0.5,0.5,0.5,0.5,synthetic,synthetic,synthetic,synthetic,synthetic,0.0,0.0,0.0,0.0,0.0,-110.0,-110.0,-110.0,-110.0,-110.0,-110.0,-110.0,-110.0,-110.0,-110.0,0.0,0.0,0.0,0.0,0.0,2026-08-07T03:26:40.888653+00:00,0.09309107265336991,-0.023756752818583082,-0.45842261068707507,-0.4739593778903912,-0.15753979719172528,0.6,0.8,0.2,0.0,0.6,0.0,0.0,0.0,0.0,0.0,batter_pitcher_profile_network_v2,1.0,0.85,0.4332816395602292,1.0,0.7711345492807912,0.7122233796296294,0.18861703875526042,0.1111111111111111,52.0,19.65382197226276,-0.03294561502911798,0.15575826554930652,0.015575826554930653,0.41185416666666663,0.40037920940488536,0.1111111111111111,52.0,18.220656985099648,-0.027079733060468573,0.13245779488385553,0.021193247181416887,0.5030729166666665,0.6075822388760692,-0.07407407407407407,52.0,16.88532476060513,0.20294080726671646,0.32307839850339637,0.01615391992516982,-0.15878356481481484,0.6446354943210866,-0.024691358024691357,52.0,15.877664573194108,0.035319719440650404,0.01762488438435128,0.000440622109608782,0.09055671296296286,0.6027905722094026,-0.1111111111111111,52.0,16.73612590806085,-0.12203954084351999,-0.1402211096580083,-0.008413266579480497
2026-07-10,Troy_Johnston,687859,hitter,COL,SF,2026,823200,99,115,137,0,592662.0,Robbie_Ray,0.0,0.0,1.0,0.0,0.0,1.0,0.0,1.0,0.0,9.0,0.023809523809523808,0.69,0.69,0.0,0.0,65.0,1.5,5.0,5.659090909090909,1.08,0.0,58.0,0,2.0,-0.4999999999999997,-0.8660254037844388,-0.433883739117558,-0.9009688679024191,0.5,0.5,0.5,0.5,0.5,0.5,0.5,0.5,0.5,0.5,synthetic,synthetic,synthetic,synthetic,synthetic,0.0,0.0,0.0,0.0,0.0,-110.0,-110.0,-110.0,-110.0,-110.0,-110.0,-110.0,-110.0,-110.0,-110.0,0.0,0.0,0.0,0.0,0.0,2026-08-07T03:26:40.888653+00:00,-0.11096161217596578,-0.14862290165796566,-0.1672281871203647,-0.47477939140445796,-0.14630405750706804,0.2,0.2,0.0,0.0,0.2,0.0,0.0,0.0,0.0,0.0,batter_pitcher_profile_network_v2,1.0,1.0,0.4031173196031719,2.0,0.8381181283486114,0.682057638888889,-0.12266987174266136,0.01333333333333333,50.0,19.18873240933847,-0.028914660536835918,-0.04058581872935514,-0.004058581872935514,0.38644861111111123,0.01474717225766449,0.022222222222222233,50.0,19.197593604425474,-0.03671498444294862,-0.03608063536228553,-0.005772901657965685,0.4655312500000001,0.1891183774149101,0.06666666666666668,50.0,19.349061073224554,0.17202491282227825,0.271345348501797,0.01356726742508985,-0.16299097222222217,0.21652989037846984,-0.04444444444444445,50.0,18.366724253052627,0.016004728701751736,-0.015175656178318755,-0.0003793914044579689,0.05789097222222237,0.11884386212781092,-0.01333333333333333,50.0,19.093892460589295,-0.15430552730417021,-0.1209767160268908,-0.007258602961613447
2026-07-11,Troy_Johnston,687859,hitter,COL,SF,2026,823198,100,115,137,0,641816.0,Tyler_Mahle,0.0,0.0,0.0,0.0,0.0,4.0,3.0,1.0,0.0,6.0,0.1111111111111111,0.1725,0.1725,0.0,0.0,20.7,4.846153846153847,7.656108597285068,4.566233766233767,1.08,0.0,70.0,0,1.0,-0.4999999999999997,-0.8660254037844388,-0.9749279121818236,-0.2225209339563146,0.5,0.5,0.5,0.5,0.5,0.5,0.5,0.5,0.5,0.5,synthetic,synthetic,synthetic,synthetic,synthetic,0.0,0.0,0.0,0.0,0.0,-110.0,-110.0,-110.0,-110.0,-110.0,-110.0,-110.0,-110.0,-110.0,-110.0,0.0,0.0,0.0,0.0,0.0,2026-08-07T03:26:40.888653+00:00,-0.09229857307186551,-0.27785589205483485,-0.09729742576430261,-0.4746473787850853,-0.2481306735193789,0.2,0.2,0.2,0.0,0.2,0.0,0.0,1.0,0.0,0.0,batter_pitcher_profile_network_v2,1.0,0.9,0.38389532150411326,1.0,0.7914255408041715,0.7212233796296293,0.12975680272961512,0.01481481481481481,51.0,20.4636094201942,-0.013227175794931424,0.06790839476370562,0.006790839476370563,0.40596527777777747,0.1690514076480795,-0.017283950617283952,51.0,20.357258413199826,-0.009649645655943761,0.015848591323948485,0.0025357746118317578,0.49723958333333285,0.3763648143787668,-0.07407407407407407,51.0,19.817073415746922,0.23127312503420236,0.29531771848018173,0.014765885924009087,-0.21124189814814812,0.2397664353489106,-0.024691358024691357,51.0,19.68762476239728,0.0071899760225636695,-0.009895151403413033,-0.0002473787850853258,0.07039004629629597,0.35339447735198926,0.1111111111111111,51.0,19.67294231965763,-0.1642570200912993,-0.030983808295566004,-0.0018590284977339601
2026-07-12,Troy_Johnston,687859,hitter,COL,SF,2026,823199,101,115,137,0,686790.0,Trevor_McDonald,0.0,0.0,0.0,0.0,0.0,3.0,3.0,0.0,1.0,7.0,0.09090909090909091,0.0,0.0,0.0,0.0,10.0,11.973214285714285,4.187500000000001,4.780519480519481,1.08,6.0,67.0,0,1.0,-0.4999999999999997,-0.8660254037844388,-0.7818314824680299,0.6234898018587334,0.5,0.5,0.5,0.5,0.5,0.5,0.5,0.5,0.5,0.5,synthetic,synthetic,synthetic,synthetic,synthetic,0.0,0.0,0.0,0.0,0.0,-110.0,-110.0,-110.0,-110.0,-110.0,-110.0,-110.0,-110.0,-110.0,-110.0,0.0,0.0,0.0,0.0,0.0,2026-08-07T03:26:40.888653+00:00,0.04664632186415185,-0.378215177388754,-0.35969963271074834,-0.47500178289517214,-0.31636078436867476,0.2,0.2,0.2,0.0,0.2,0.0,0.0,0.0,0.0,0.0,batter_pitcher_profile_network_v2,1.0,0.6,0.6149049439098317,0.0,0.6648044866226274,0.6863074074074074,0.2811587555456567,0.0,52.0,20.618206850103714,0.013624521313350856,0.07430845673675632,0.007430845673675632,0.37691111111111103,0.09627697595623376,0.0,52.0,21.744302281591676,-0.0015574535864268592,0.011638095865741781,0.0018620953385186851,0.46699999999999986,0.25807307093491305,0.0,52.0,21.720153152202286,0.19316707039593253,0.23957877435646127,0.011978938717823065,-0.21939745370370367,-0.041011557878352624,0.0,52.0,20.7304298729421,-0.020606295430406943,-0.02407131580688612,-0.000601782895172153,0.03797407407407403,0.24873879775195565,0.0,52.0,21.43832094699392,-0.1225354916746249,-0.08826415506232889,-0.005295849303739733
2026-07-17,Troy_Johnston,687859,hitter,COL,CIN,2026,824332,102,115,113,1,663903.0,Brady_Singer,1.0,2.0,0.0,0.0,1.0,4.0,3.0,0.0,1.0,7.0,0.11428571428571428,0.3175,0.3175,0.3333333333333333,28.333333333333332,53.1,5.070629370629371,9.7993006993007,3.4928571428571433,1.0477777777777777,5.0,90.0,0,5.0,-0.4999999999999997,-0.8660254037844388,-0.433883739117558,-0.9009688679024191,0.5,0.5,0.5,0.5,0.5,0.5,0.5,0.5,0.5,0.5,synthetic,synthetic,synthetic,synthetic,synthetic,0.0,0.0,0.0,0.0,0.0,-110.0,-110.0,-110.0,-110.0,-110.0,-110.0,-110.0,-110.0,-110.0,-110.0,0.0,0.0,0.0,0.0,0.0,2026-08-07T03:26:40.888653+00:00,-0.28767340503639316,0.06837292264339712,-0.2177881676777501,-0.3305248217358653,-0.39887504633986604,0.0,0.0,0.2,0.0,0.0,0.0,0.0,0.0,0.0,0.0,batter_pitcher_profile_network_v2,1.0,1.0,0.3903044707717895,1.0,0.8209377023304558,0.5828120370370369,0.36353099763924684,0.029629629629629634,52.0,20.019046977315856,0.04408015089294284,0.1497734421435612,0.01497734421435612,0.27302222222222206,0.4760734577235329,-0.00493827160493827,52.0,19.16535655979622,0.03076776138195227,0.12196618318789955,0.019514589310063928,0.36012499999999975,0.4205216355943263,-0.06666666666666667,52.0,20.81182926216278,0.23789047915715364,0.28387950358785397,0.0141939751793927,-0.3020074074074074,0.577524092827459,-0.024691358024691357,52.0,18.339148748176914,0.01794916106874503,0.0007849083431673808,1.962270857918452e-05,-0.08635462962962986,0.48053943774983054,-0.1037037037037037,52.0,19.94751756887528,-0.12983359546394846,-0.16946505804538747,-0.010167903482723247
2026-07-18,Troy_Johnston,687859,hitter,COL,CIN,2026,824331,103,115,113,1,695076.0,Rhett_Lowder,0.0,0.0,0.0,0.0,0.0,4.0,4.0,0.0,1.0,6.0,0.1,0.0,0.0,0.0,0.0,10.0,1.5000000000000007,4.5,3.0642857142857145,1.0477777777777777,0.0,89.0,0,1.0,-0.4999999999999997,-0.8660254037844388,-0.9749279121818236,-0.2225209339563146,0.5,0.5,0.5,0.5,0.5,0.5,0.5,0.5,0.5,0.5,synthetic,synthetic,synthetic,synthetic,synthetic,0.0,0.0,0.0,0.0,0.0,-110.0,-110.0,-110.0,-110.0,-110.0,-110.0,-110.0,-110.0,-110.0,-110.0,0.0,0.0,0.0,0.0,0.0,2026-08-07T03:26:40.888653+00:00,0.20331532763662719,0.03536855641972858,-0.42248548232037264,-0.4850715411761778,-0.22841876334294386,0.2,0.4,0.2,0.0,0.2,1.0,2.0,0.0,0.0,1.0,batter_pitcher_profile_network_v2,1.0,0.75,0.5652105705856799,0.0,0.7105712788274406,0.5459567129629627,0.32903742995476604,0.0,52.0,20.857564878794214,0.06863937575744888,0.07810565731865099,0.007810565731865099,0.24769120370370346,0.19537541941652578,0.0,52.0,22.021054967282222,0.056744652141598274,0.10615764428997117,0.016985223086395388,0.31840624999999967,0.4720352445566163,0.0,52.0,20.77533634075207,0.20565623499152222,0.2710046393068334,0.01355023196534167,-0.28566828703703706,0.08837580882462548,0.0,52.0,21.537014499698685,-0.014417202602665047,-0.014417202602665047,-0.0003604300650666262,-0.1162655092592596,0.42992530166980425,0.0,52.0,20.908387587865736,-0.049623312382881805,-0.03721748428716135,-0.002233049057229681
2026-07-19,Troy_Johnston,687859,hitter,COL,CIN,2026,824330,104,115,113,1,668881.0,Hunter_Greene,1.0,1.0,0.0,0.0,0.0,4.0,4.0,0.0,1.0,7.0,0.1111111111111111,0.2225,0.2225,0.0,0.0,26.7,10.799999999999999,17.164285714285715,3.089495798319328,1.0477777777777777,4.0,92.0,0,1.0,-0.4999999999999997,-0.8660254037844388,-0.7818314824680299,0.6234898018587334,0.5,0.5,0.5,0.5,0.5,0.5,0.5,0.5,0.5,0.5,synthetic,synthetic,synthetic,synthetic,synthetic,0.0,0.0,0.0,0.0,0.0,-110.0,-110.0,-110.0,-110.0,-110.0,-110.0,-110.0,-110.0,-110.0,-110.0,0.0,0.0,0.0,0.0,0.0,2026-08-07T03:26:40.888653+00:00,-0.5,-0.14352314993991483,-0.29583265578786755,-0.4858708348368229,-0.3076472365709289,0.2,0.4,0.2,0.0,0.2,0.0,0.0,0.0,0.0,0.0,batter_pitcher_profile_network_v2,1.0,0.1,0.8841526581534362,0.0,0.5241691299376204,0.5312908713788043,-0.10888888888888891,0.0,52.0,22.515248552734136,0.05126786885110332,-0.006701962499183056,-0.0006701962499183056,0.23791397598093117,-0.18145833333333333,0.0,52.0,21.636556129458768,0.027647464442788768,0.03646989620886572,0.005835183393418515,0.3086290222772274,0.29238425925925926,0.0,52.0,22.49794527364096,0.24089722243521924,0.2513510859233219,0.012567554296166095,-0.28566828703703706,-0.2505555555555555,0.0,52.0,19.814531331660493,-0.03809708559619462,-0.04638894902847182,-0.0011597237257117957,-0.1162655092592596,0.22324074074074077,0.0,52.0,22.449763739435205,-0.056415403412489705,-0.04231155255936728,-0.0025386931535620366
2026-07-20,Troy_Johnston,687859,hitter,COL,WSH,2026,824328,105,115,120,1,674841.0,Andrew_Alvarez,0.0,0.0,0.0,0.0,0.0,2.0,1.0,1.0,0.0,7.0,0.05555555555555555,0.345,0.345,0.0,0.0,41.4,7.147058823529412,8.445378151260504,8.415584415584416,1.0477777777777777,0.0,90.0,0,1.0,-0.4999999999999997,-0.8660254037844388,0.0,1.0,0.5,0.5,0.5,0.5,0.5,0.5,0.5,0.5,0.5,0.5,synthetic,synthetic,synthetic,synthetic,synthetic,0.0,0.0,0.0,0.0,0.0,-110.0,-110.0,-110.0,-110.0,-110.0,-110.0,-110.0,-110.0,-110.0,-110.0,0.0,0.0,0.0,0.0,0.0,2026-08-07T03:26:40.888653+00:00,0.28326516610451613,0.1110853512505201,-0.16317024133690222,-0.48775479618004935,-0.0705408749085577,0.4,0.6,0.0,0.0,0.2,1.0,1.0,0.0,0.0,0.0,batter_pitcher_profile_network_v2,1.0,0.35,0.6515009485521048,0.0,0.5945668968308285,0.4613392418408505,-0.2709335855359571,0.0,51.0,21.112429431572735,0.0582415422032318,-0.043559696225018554,-0.004355969622501856,0.18584900073340646,-0.44792711676291713,0.0,51.0,18.3915311094971,0.02761325240624282,0.01240844531575154,0.0019853512505202463,0.2515327970297027,-0.22181356813980643,0.0,51.0,20.333451038985057,0.21045470019845555,0.19101075767754003,0.009550537883877002,-0.2933349537037037,-0.6510051242817141,0.0,51.0,14.28255584881256,-0.0551971324352363,-0.12174740275752957,-0.0030436850689382396,-0.14908842592592614,-0.3257593701448189,0.0,51.0,18.87704273499243,-0.0475088183250775,-0.05255715035186484,-0.00315342902111189
2026-07-21,Troy_Johnston,687859,hitter,COL,WSH,2026,824329,106,115,120,1,687223.0,Carson_Palmquist,1.0,1.0,0.0,0.0,1.0,4.0,3.0,0.0,0.0,8.0,0.1,0.2225,0.2225,0.0,0.0,26.7,10.0,13.0,8.415584415584416,1.0477777777777777,11.0,94.0,0,1.0,-0.4999999999999997,-0.8660254037844388,0.7818314824680298,0.6234898018587336,0.5,0.5,0.5,0.5,0.5,0.5,0.5,0.5,0.5,0.5,synthetic,synthetic,synthetic,synthetic,synthetic,0.0,0.0,0.0,0.0,0.0,-110.0,-110.0,-110.0,-110.0,-110.0,-110.0,-110.0,-110.0,-110.0,-110.0,0.0,0.0,0.0,0.0,0.0,2026-08-07T03:26:40.888653+00:00,0.0043300865498991925,-0.022546589540436313,-0.18273338034160191,-0.48575443630822934,-0.052383123368083206,0.4,0.6,0.0,0.0,0.2,0.0,0.0,0.0,0.0,0.0,batter_pitcher_profile_network_v2,1.0,0.15,0.8759863543225035,0.0,0.536403750739324,0.4367194444444445,0.08124999999999996,0.0,52.0,22.703605687912546,0.07302495179693025,0.004400432598559273,0.0004400432598559273,0.1318092592592593,-0.011718750000000028,0.0,52.0,22.443330448326467,0.062398858964304665,0.09340673203893991,0.014945077126230387,0.233875,-0.002031250000000054,0.0,52.0,22.430977657572818,0.22730689133166684,0.22724797758354548,0.011362398879177275,-0.4083256944444444,-0.175,0.0,52.0,20.418813156297265,-0.03287136523615547,-0.0417330078847294,-0.001043325197118235,-0.21091944444444435,0.11687499999999995,0.0,52.0,22.490607794265582,-0.011385425495645432,-0.008539069121734074,-0.0005123441473040445
2026-07-24,Troy_Johnston,687859,hitter,COL,MIL,2026,823759,107,115,158,0,675660.0,Shane_Drohan,0.0,0.0,0.0,0.0,0.0,4.0,4.0,0.0,0.0,6.0,0.10810810810810811,0.0,0.0,0.0,0.0,10.0,3.4210526315789473,8.342105263157896,4.514835164835165,1.0733333333333333,-9.0,79.0,0,3.0,-0.4999999999999997,-0.8660254037844388,-0.433883739117558,-0.9009688679024191,0.5,0.5,0.5,0.5,0.5,0.5,0.5,0.5,0.5,0.5,synthetic,synthetic,synthetic,synthetic,synthetic,0.0,0.0,0.0,0.0,0.0,-110.0,-110.0,-110.0,-110.0,-110.0,-110.0,-110.0,-110.0,-110.0,-110.0,0.0,0.0,0.0,0.0,0.0,2026-08-07T03:26:40.888653+00:00,0.31427035103566314,0.17574187999193092,-0.4697209826525499,-0.4783226289809981,-0.00514689297682408,0.6,0.8,0.0,0.0,0.4,1.0,1.0,0.0,0.0,1.0,batter_pitcher_profile_network_v2,1.0,0.55,0.6260917901809409,1.0,0.6690670656365592,0.4228469065656569,0.02015574338359416,0.03703703703703704,52.0,22.763790494911586,0.07336629436148998,0.03329955347898945,0.003329955347898945,0.10740256734006763,-0.04393454223167827,0.07901234567901234,52.0,22.346736732821608,0.07600673531403297,0.17648641211173044,0.02823782593787687,0.21660511363636398,0.016602930690142223,-0.05185185185185185,52.0,22.521569907075918,0.2722341145900392,0.23142085778951277,0.011571042889475639,-0.4628506944444443,-0.12604160974222675,-0.024691358024691357,52.0,20.791488403881726,-0.02968339448928913,-0.07157182590658843,-0.001789295647664711,-0.24191319444444404,0.014008873024882016,0.1111111111111111,52.0,22.2102630897354,-0.05431316268860903,0.049603560771373276,0.0029762136462823966
2026-07-26,Troy_Johnston,687859,hitter,COL,MIL,2026,823755,108,115,158,0,694819.0,Jacob_Misiorowski,0.0,0.0,0.0,0.0,0.0,3.0,3.0,0.0,1.0,8.0,0.09090909090909091,0.0,0.0,0.0,0.0,10.0,1.885714285714286,15.214285714285714,2.714835164835165,1.0733333333333333,-6.0,86.0,0,2.0,-0.4999999999999997,-0.8660254037844388,-0.7818314824680299,0.6234898018587334,0.5,0.5,0.5,0.5,0.5,0.5,0.5,0.5,0.5,0.5,synthetic,synthetic,synthetic,synthetic,synthetic,0.0,0.0,0.0,0.0,0.0,-110.0,-110.0,-110.0,-110.0,-110.0,-110.0,-110.0,-110.0,-110.0,-110.0,0.0,0.0,0.0,0.0,0.0,2026-08-07T03:26:40.888653+00:00,-0.4028140089718261,-0.2637683144987434,-0.49891139809386054,-0.4843791551663233,-0.4302558698752897,0.4,0.4,0.0,0.0,0.2,0.0,0.0,0.0,0.0,0.0,batter_pitcher_profile_network_v2,1.0,1.0,0.2616895930904886,1.0,0.8366930248464152,0.4316064814814817,-1.0,0.03703703703703704,51.0,9.848332296166399,0.03861438852870009,-0.29529493487310693,-0.029529493487310696,0.1081203703703706,-0.853921568627451,0.00493827160493827,51.0,11.61606007840945,0.024654124076089544,-0.028069011071691255,-0.004491041771470601,0.21368055555555593,-0.7903703703703704,-0.044444444444444446,51.0,11.213239772537051,0.17450045177781642,0.02177203812278969,0.0010886019061394844,-0.4668136574074073,-0.707843137254902,-0.024691358024691357,51.0,13.067393095099938,-0.054295927868813945,-0.3138328733195972,-0.00784582183298993,-0.2685324074074069,-0.8367538126361656,-0.0962962962962963,51.0,10.581101794883214,-0.051291904914609124,-0.26511198376898115,-0.01590671902613887
2026-07-28,Troy_Johnston,687859,hitter,COL,SD,2026,823275,109,115,135,0,650633.0,Michael_King,1.0,1.0,0.0,0.0,0.0,4.0,4.0,0.0,0.0,6.0,0.1,0.2225,0.2225,0.0,0.0,26.7,1.5999999999999999,7.8999999999999995,5.985660580021482,1.08,0.0,74.0,0,2.0,-0.4999999999999997,-0.8660254037844388,0.7818314824680298,0.6234898018587336,0.5,0.5,0.5,0.5,0.5,0.5,0.5,0.5,0.5,0.5,synthetic,synthetic,synthetic,synthetic,synthetic,0.0,0.0,0.0,0.0,0.0,-110.0,-110.0,-110.0,-110.0,-110.0,-110.0,-110.0,-110.0,-110.0,-110.0,0.0,0.0,0.0,0.0,0.0,2026-08-07T03:26:40.888653+00:00,0.08131178127562655,-0.12269189991330182,-0.28170154872532227,-0.47626011995324885,-0.17926642124475578,0.4,0.4,0.0,0.0,0.2,0.0,0.0,0.0,0.0,0.0,batter_pitcher_profile_network_v2,1.0,1.0,0.33305800898116406,0.0,0.8092003938998074,0.2575211876417234,-0.146411477657105,0.0,53.0,22.81434512425118,0.11138943893313773,-0.02514641925232735,-0.0025146419252327352,-0.04817568972033252,-0.15271964999614246,0.0,53.0,22.414515672043436,0.10049254501410998,0.1458318755418634,0.02333310008669814,0.02986713435374172,-0.05613802685283563,0.0,53.0,22.708764909680173,0.27892669509703455,0.27780844547207334,0.013890422273603667,-0.5494236111111113,-0.11318276039953955,0.0,53.0,21.590870640114034,-0.032930823051608764,-0.07440479812995558,-0.0018601199532488897,-0.4284340277777776,-0.11652948120527727,0.0,53.0,21.991753620436196,-0.08670261575570319,-0.09832417076383212,-0.005899450245829927
2026-07-29,Troy_Johnston,687859,hitter,COL,SD,2026,823273,110,115,135,0,606996.0,Kyle_Hart,0.0,0.0,0.0,0.0,0.0,2.0,2.0,0.0,1.0,8.0,0.05714285714285714,0.0,0.0,0.0,0.0,10.0,0.0,12.0,6.4142320085929105,1.08,0.0,77.0,0,1.0,-0.4999999999999997,-0.8660254037844388,0.9749279121818236,-0.22252093395631434,0.5,0.5,0.5,0.5,0.5,0.5,0.5,0.5,0.5,0.5,synthetic,real,real,synthetic,synthetic,0.0,8.0,7.0,0.0,0.0,-110.0,0.0,0.0,-110.0,-110.0,-110.0,0.0,0.0,-110.0,-110.0,0.0,0.5175491695067657,0.0,0.0,0.0,2026-07-30T00:28:52.112372+00:00,-0.01825663901883756,-0.14334557366053008,-0.4636112104729695,-0.4790885862676483,-0.27830523702755683,0.4,0.4,0.0,0.0,0.2,1.0,1.0,0.0,0.0,0.0,batter_pitcher_profile_network_v2,1.0,0.1,0.7147747564417434,0.0,0.5262440092335886,0.2961542894935752,-0.6186666666666667,0.0,53.0,17.903193637580813,0.0778166618949636,-0.05225919362554017,-0.005225919362554017,-0.015724300831443674,-0.7122916666666668,0.0,53.0,15.743195898958833,0.0421481797478221,0.060027664621686815,0.00960442633946989,0.05075255102040818,-0.6352638888888889,0.0,53.0,15.578936319313785,0.1477398040201787,0.13854378194770012,0.006927189097385007,-0.543238425925926,-0.78,0.0,53.0,13.69422477323076,-0.06668610707689018,-0.1875434507059326,-0.004688586267648315,-0.40230092592592576,-0.7272777777777778,0.0,53.0,14.130431649771916,-0.09354862089383018,-0.15361395762003993,-0.009216837457202396
2026-07-31,Troy_Johnston,687859,hitter,COL,KC,2026,824325,111,115,118,1,608379.0,Michael_Wacha,0.0,0.0,1.0,0.0,0.0,3.0,3.0,0.0,0.0,7.0,0.0967741935483871,0.0,0.0,0.0,0.0,10.0,1.3571428571428577,9.785714285714286,10.392857142857142,1.0477777777777777,0.0,85.0,0,2.0,-0.4999999999999997,-0.8660254037844388,-0.433883739117558,-0.9009688679024191,0.5,0.5,0.5,0.5,0.5,0.5,0.5,0.5,0.5,0.5,synthetic,synthetic,synthetic,synthetic,synthetic,0.0,0.0,0.0,0.0,0.0,-110.0,-110.0,-110.0,-110.0,-110.0,-110.0,-110.0,-110.0,-110.0,-110.0,0.0,0.0,0.0,0.0,0.0,2026-08-07T03:26:40.888653+00:00,0.19752004787596034,-0.2361232950372405,-0.19955170761286017,-0.485214138873858,-0.02464454033729435,0.4,0.4,0.0,0.0,0.2,0.0,0.0,0.0,0.0,0.0,batter_pitcher_profile_network_v2,1.0,1.0,0.34645664663120956,0.0,0.8075590607876768,0.13600925925925925,0.06375951760201738,0.0,52.0,23.350944493667647,0.1388957213222946,0.005667452645933078,0.0005667452645933078,-0.14154629629629634,0.06502714689356363,0.0,52.0,23.24852342365998,0.12089980114411465,0.18134970171617198,0.029015952274587517,-0.09468750000000006,-0.021786268886716392,0.0,52.0,23.127027097885932,0.24374721377297487,0.2423990274662991,0.012119951373314956,-0.5636087962962963,0.08929114303255979,0.0,52.0,22.494826621689846,-0.02012111050987394,-0.02012111050987394,-0.0005030277627468485,-0.5113171296296297,-0.008801230276677768,0.0,52.0,22.866186444331795,-0.02038630596946684,-0.018230818217579013,-0.0010938490930547408
2026-08-02,Troy_Johnston,687859,hitter,COL,KC,2026,824323,112,115,118,1,607625.0,Seth_Lugo,1.0,1.0,1.0,0.0,0.0,4.0,4.0,0.0,2.0,6.0,0.10526315789473684,0.2225,0.2225,0.0,0.0,26.7,2.285714285714286,4.642857142857143,10.125,1.0477777777777777,0.0,99.0,0,2.0,-0.8660254037844385,-0.5000000000000004,-0.7818314824680299,0.6234898018587334,0.5,0.5,0.5,0.5,0.5,0.5,0.5,0.5,0.5,0.5,synthetic,synthetic,synthetic,synthetic,synthetic,0.0,0.0,0.0,0.0,0.0,-110.0,-110.0,-110.0,-110.0,-110.0,-110.0,-110.0,-110.0,-110.0,-110.0,0.0,0.0,0.0,0.0,0.0,2026-08-07T03:26:40.888653+00:00,0.38520716436294045,-0.23032674431522765,0.20547027349004587,-0.48142511008102096,-0.08932044347352391,0.2,0.2,0.2,0.0,0.0,0.0,0.0,1.0,0.0,0.0,batter_pitcher_profile_network_v2,1.0,1.0,0.3930468091746224,0.0,0.8018517658761087,0.0005772849462366142,0.37614061064931836,0.0,52.0,21.710856472134946,0.16992018698610103,0.00013179400534424094,1.3179400534424094e-05,-0.30325403225806447,0.2988969891135534,0.0,52.0,22.79497003172347,0.20590647470994342,0.30885971206491514,0.049417553930386424,-0.24081653225806457,0.30887148013661453,0.0,52.0,23.558733713999683,0.3892738908535476,0.3892738908535476,0.01946369454267738,-0.7193958333333333,0.23131069204242372,0.0,52.0,22.924468321556486,0.13144004120360642,0.13144004120360642,0.0032860010300901606,-0.6964791666666666,0.32874857218682374,0.0,52.0,23.06396473966232,0.153112952050345,0.11483471403775874,0.006890082842265524
2026-08-03,Troy_Johnston,687859,hitter,COL,TB,2026,824324,113,115,139,1,693855.0,Ian_Seymour,1.0,2.0,1.0,0.0,0.0,4.0,4.0,0.0,1.0,8.0,0.09302325581395349,0.3175,0.3175,0.25,21.25,49.35,4.0,10.071428571428571,2.914285714285714,1.0477777777777777,0.0,89.0,0,1.0,-0.8660254037844385,-0.5000000000000004,0.0,1.0,0.5,0.5,0.5,0.5,0.5,0.5,0.5,0.5,0.5,0.5,synthetic,synthetic,synthetic,synthetic,synthetic,0.0,0.0,0.0,0.0,0.0,-110.0,-110.0,-110.0,-110.0,-110.0,-110.0,-110.0,-110.0,-110.0,-110.0,0.0,0.0,0.0,0.0,0.0,2026-08-07T03:26:40.888653+00:00,0.036606499857825936,0.3584493748276292,-0.010668720697530387,-0.3655563944753881,-0.43622423815375916,0.4,0.4,0.4,0.0,0.0,1.0,1.0,1.0,0.0,0.0,batter_pitcher_profile_network_v2,1.0,0.35,0.7750739055944124,0.0,0.5892687062976396,-0.09349762426900599,-0.03377048726467334,0.0,52.0,24.346767843878165,0.15297382899573803,-0.0007101952201895815,-7.101952201895815e-05,-0.3702993421052633,0.24273241971207082,0.0,52.0,23.76935623951018,0.1867068589394111,0.2800602884091167,0.04480964614545867,-0.30353892543859673,0.39004563492063504,0.0,52.0,23.460555908102517,0.3806538252520494,0.3806538252520494,0.019032691262602472,-0.7255069444444444,0.5187740863787375,0.0,52.0,21.180558024400273,0.14118866542892206,0.14118866542892206,0.0035297166357230515,-0.717642361111111,0.4709484126984128,0.0,52.0,22.324294044758364,0.1425806065499074,0.10693545491243055,0.0064161272947458325
2026-08-04,Troy_Johnston,687859,hitter,COL,TB,2026,824321,114,115,139,1,642547.0,Freddy_Peralta,0.0,0.0,0.0,0.0,0.0,2.0,2.0,0.0,1.0,8.0,0.045454545454545456,0.0,0.0,0.0,0.0,10.0,6.822115384615384,9.778846153846153,5.485714285714286,1.0477777777777777,-9.0,76.0,0,1.0,-0.8660254037844385,-0.5000000000000004,0.7818314824680298,0.6234898018587336,0.5,0.5,0.5,0.5,0.5,0.5,0.5,0.5,0.5,0.5,synthetic,synthetic,synthetic,synthetic,synthetic,0.0,0.0,0.0,0.0,0.0,-110.0,-110.0,-110.0,-110.0,-110.0,-110.0,-110.0,-110.0,-110.0,-110.0,0.0,0.0,0.0,0.0,0.0,2026-08-07T03:26:40.888653+00:00,0.17253162143954148,0.2645270697818708,0.012937872363814384,-0.48146515989715255,-0.4507448029520949,0.6,0.8,0.6,0.0,0.0,1.0,2.0,1.0,0.0,0.0,batter_pitcher_profile_network_v2,1.0,1.0,0.34074233294096656,2.0,0.8457590642147316,-0.06174067982456171,0.28999639923442055,0.19333333333333336,52.0,23.076175790832803,0.1321147623238451,0.12960509218429345,0.012960509218429346,-0.3314845272904486,0.2434834445329792,0.1777777777777778,52.0,23.649902408723495,0.16099598920977817,0.3606710800760865,0.05770737281217384,-0.28468475877193017,0.4891059010347184,0.12,52.0,22.35546576993375,0.33214407613099883,0.4125886161074568,0.020629430805372842,-0.6609895833333332,0.22772546580957495,0.0,52.0,23.313650134207297,0.1298380485583443,0.1298380485583443,0.0032459512139586077,-0.6756076388888889,0.4701298372049311,0.2,52.0,22.266237304955506,0.1437885179999895,0.2419156217940888,0.014514937307645326
