Date,Player,Player_MLBAM_ID,Player_Type,Team,Opponent,Season,Game_ID,Game_Index,Team_ID,Opponent_ID,Is_Home,Opp_Starter_ID,Opp_Starter_Player,H,TB,R,HR,RBI,PA,AB,BB,SO,Batting_Order,Team_PA_share,wOBA,xwOBA,ISO,Barrel%,HardHit%,Opp_Pitcher_ERA_3,Opp_Pitcher_K9_3,Opp_Bullpen_ERA_7,Park_Factor,Wind_Out_MPH,Temp_F,Did_Not_Play,Rest_Days,Month_sin,Month_cos,DayOfWeek_sin,DayOfWeek_cos,Market_H,Market_TB,Market_R,Market_HR,Market_RBI,Synthetic_Market_H,Synthetic_Market_TB,Synthetic_Market_R,Synthetic_Market_HR,Synthetic_Market_RBI,Market_Source_H,Market_Source_TB,Market_Source_R,Market_Source_HR,Market_Source_RBI,Market_H_books,Market_TB_books,Market_R_books,Market_HR_books,Market_RBI_books,Market_H_over_price,Market_TB_over_price,Market_R_over_price,Market_HR_over_price,Market_RBI_over_price,Market_H_under_price,Market_TB_under_price,Market_R_under_price,Market_HR_under_price,Market_RBI_under_price,Market_H_line_std,Market_TB_line_std,Market_R_line_std,Market_HR_line_std,Market_RBI_line_std,Market_Fetched_At_UTC,H_market_gap,TB_market_gap,R_market_gap,HR_market_gap,RBI_market_gap,H_rolling_avg,TB_rolling_avg,R_rolling_avg,HR_rolling_avg,RBI_rolling_avg,H_lag1,TB_lag1,R_lag1,HR_lag1,RBI_lag1,Matchup_Network_Version,Matchup_Network_Batter_Support,Matchup_Network_Pitcher_Support,Pitcher_Profile_Uncertainty,Batter_Vs_Starter_Games,Matchup_Network_Confidence,Batter_Profile_H_Strength,Pitcher_Profile_H_Vulnerability,Batter_Vs_Starter_H_Lift,Archetype_Neighbor_H_Games,Archetype_Neighbor_H_Effective_Support,Archetype_Neighbor_H_Lift,Matchup_Network_H_Score,Matchup_Network_H_Adjustment,Batter_Profile_TB_Strength,Pitcher_Profile_TB_Vulnerability,Batter_Vs_Starter_TB_Lift,Archetype_Neighbor_TB_Games,Archetype_Neighbor_TB_Effective_Support,Archetype_Neighbor_TB_Lift,Matchup_Network_TB_Score,Matchup_Network_TB_Adjustment,Batter_Profile_R_Strength,Pitcher_Profile_R_Vulnerability,Batter_Vs_Starter_R_Lift,Archetype_Neighbor_R_Games,Archetype_Neighbor_R_Effective_Support,Archetype_Neighbor_R_Lift,Matchup_Network_R_Score,Matchup_Network_R_Adjustment,Batter_Profile_HR_Strength,Pitcher_Profile_HR_Vulnerability,Batter_Vs_Starter_HR_Lift,Archetype_Neighbor_HR_Games,Archetype_Neighbor_HR_Effective_Support,Archetype_Neighbor_HR_Lift,Matchup_Network_HR_Score,Matchup_Network_HR_Adjustment,Batter_Profile_RBI_Strength,Pitcher_Profile_RBI_Vulnerability,Batter_Vs_Starter_RBI_Lift,Archetype_Neighbor_RBI_Games,Archetype_Neighbor_RBI_Effective_Support,Archetype_Neighbor_RBI_Lift,Matchup_Network_RBI_Score,Matchup_Network_RBI_Adjustment
2026-03-01,CJ_Abrams,682928,hitter,WSH,MIA,2026,831475,0,120,146,1,663978.0,Chris_Paddack,0.0,0.0,0.0,0.0,0.0,3.0,2.0,1.0,1.0,1.0,0.09090909090909091,0.22999999999999998,0.22999999999999998,0.0,0.0,27.599999999999998,4.1,8.2,4.0,1.08,-6.0,76.0,0,2.0,1.0,6.123233995736766e-17,-0.7818314824680299,0.6234898018587334,0.5,0.5,0.5,0.5,0.5,0.5,0.5,0.5,0.5,0.5,synthetic,synthetic,synthetic,synthetic,synthetic,0.0,0.0,0.0,0.0,0.0,-110.0,-110.0,-110.0,-110.0,-110.0,-110.0,-110.0,-110.0,-110.0,-110.0,0.0,0.0,0.0,0.0,0.0,2026-08-07T03:26:40.888653+00:00,-0.28663030303030296,-0.4005772727272727,-0.3522045454545455,-0.4744,-0.41709090909090907,0.0,0.0,0.0,0.0,0.0,0.0,0.0,0.0,0.0,0.0,,0.0,0.0,1.0,0.0,0.0,0.0,0.0,0.0,0.0,0.0,0.0,0.0,0.0,0.0,0.0,0.0,0.0,0.0,0.0,0.0,0.0,0.0,0.0,0.0,0.0,0.0,0.0,0.0,0.0,0.0,0.0,0.0,0.0,0.0,0.0,0.0,0.0,0.0,0.0,0.0,0.0,0.0,0.0,0.0,0.0
2026-03-04,CJ_Abrams,682928,hitter,WSH,VEN,2026,831428,1,120,944,1,593958.0,Eduardo_Rodriguez,1.0,1.0,1.0,0.0,0.0,3.0,2.0,1.0,1.0,3.0,0.08823529411764706,0.5266666666666667,0.5266666666666667,0.0,0.0,63.20000000000001,4.1,8.2,3.857142857142857,1.08,0.0,75.0,0,3.0,1.0,6.123233995736766e-17,0.9749279121818236,-0.22252093395631434,0.5,0.5,0.5,0.5,0.5,0.5,0.5,0.5,0.5,0.5,synthetic,synthetic,synthetic,synthetic,synthetic,0.0,0.0,0.0,0.0,0.0,-110.0,-110.0,-110.0,-110.0,-110.0,-110.0,-110.0,-110.0,-110.0,-110.0,0.0,0.0,0.0,0.0,0.0,2026-08-07T03:26:40.888653+00:00,-0.3009417366946778,-0.2699970588235293,-0.21954971988795513,-0.4744,-0.3383781512605042,0.0,0.0,0.0,0.0,0.0,0.0,0.0,0.0,0.0,0.0,batter_pitcher_profile_network_v2,0.03333333333333333,0.0,1.0,0.0,0.016666666666666666,-0.8718055555555555,0.0,0.0,0.0,0.0,0.0,0.0,0.0,-0.9074999999999999,0.0,0.0,0.0,0.0,0.0,0.0,0.0,-0.4708333333333332,0.0,0.0,0.0,0.0,0.0,0.0,0.0,-0.8718055555555556,0.0,0.0,0.0,0.0,0.0,0.0,0.0,-0.6155555555555555,0.0,0.0,0.0,0.0,0.0,0.0,0.0
2026-03-06,CJ_Abrams,682928,hitter,WSH,HOU,2026,831524,2,120,117,0,681347.0,Mike_Burrows,0.0,0.0,0.0,0.0,0.0,3.0,2.0,1.0,1.0,2.0,0.09090909090909091,0.22999999999999998,0.22999999999999998,0.0,0.0,27.599999999999998,4.1,8.2,2.7750000000000004,1.08,0.0,84.0,0,2.0,1.0,6.123233995736766e-17,-0.433883739117558,-0.9009688679024191,0.5,0.5,0.5,0.5,0.5,0.5,0.5,0.5,0.5,0.5,synthetic,synthetic,synthetic,synthetic,synthetic,0.0,0.0,0.0,0.0,0.0,-110.0,-110.0,-110.0,-110.0,-110.0,-110.0,-110.0,-110.0,-110.0,-110.0,0.0,0.0,0.0,0.0,0.0,2026-08-07T03:26:40.888653+00:00,0.18170303030303026,0.04942272727272734,0.03654545454545466,-0.4744,-0.4783409090909091,0.5,0.5,0.5,0.0,0.0,1.0,1.0,1.0,0.0,0.0,batter_pitcher_profile_network_v2,0.06666666666666667,0.0,1.0,0.0,0.03333333333333333,-0.046944444444444136,0.0,0.0,0.0,0.0,0.0,0.0,0.0,-0.22166666666666646,0.0,0.0,0.0,0.0,0.0,0.0,0.0,0.27291666666666686,0.0,0.0,0.0,0.0,0.0,0.0,0.0,-0.6740277777777777,0.0,0.0,0.0,0.0,0.0,0.0,0.0,0.1718055555555557,0.0,0.0,0.0,0.0,0.0,0.0,0.0
2026-03-07,CJ_Abrams,682928,hitter,WSH,NYY,2026,831568,3,120,147,1,701542.0,Will_Warren,0.0,0.0,0.0,0.0,0.0,3.0,2.0,1.0,1.0,3.0,0.08823529411764706,0.22999999999999998,0.22999999999999998,0.0,0.0,27.599999999999998,0.0,7.363636363636364,1.6875,1.08,0.0,75.0,0,1.0,1.0,6.123233995736766e-17,-0.9749279121818236,-0.2225209339563146,0.5,0.5,0.5,0.5,0.5,0.5,0.5,0.5,0.5,0.5,synthetic,synthetic,synthetic,synthetic,synthetic,0.0,0.0,0.0,0.0,0.0,-110.0,-110.0,-110.0,-110.0,-110.0,-110.0,-110.0,-110.0,-110.0,-110.0,0.0,0.0,0.0,0.0,0.0,2026-08-07T03:26:40.888653+00:00,-0.11937467120477124,-0.19714883273262024,-0.27786669347426474,-0.4744806465451389,-0.5,0.3333333333333333,0.3333333333333333,0.3333333333333333,0.0,0.0,0.0,0.0,0.0,0.0,0.0,batter_pitcher_profile_network_v2,0.1,0.05,0.9425,0.0,0.0617271875,-0.32918981481481463,-0.6977272727272729,0.0,0.0,0.0,0.0,-0.0013206870922769355,-0.00013206870922769355,-0.4565277777777776,-0.7581818181818183,0.0,0.0,0.0,0.0,-0.001990253598484848,-0.0003184405757575757,-0.005208333333333148,-1.0,0.0,0.0,0.0,0.0,-2.99479166666656e-05,-1.4973958333332802e-06,-0.7399537037037036,-0.7581818181818183,0.0,0.0,0.0,0.0,-0.0032258618055555554,-8.064654513888889e-05,-0.1104398148148148,-1.0,0.0,0.0,0.0,0.0,-0.0006350289351851851,-3.8101736111111105e-05
2026-03-10,CJ_Abrams,682928,hitter,WSH,MIA,2026,831471,4,120,146,0,691587.0,Eury_Pérez,1.0,2.0,0.0,0.0,0.0,3.0,3.0,0.0,1.0,1.0,0.07142857142857142,0.42333333333333334,0.42333333333333334,0.3333333333333333,28.333333333333332,65.0,4.1,8.2,1.9408163265306122,1.05,-13.0,83.0,0,3.0,1.0,6.123233995736766e-17,0.7818314824680298,0.6234898018587336,0.5,0.5,0.5,0.5,0.5,0.5,0.5,0.5,0.5,0.5,synthetic,synthetic,synthetic,synthetic,synthetic,0.0,0.0,0.0,0.0,0.0,-110.0,-110.0,-110.0,-110.0,-110.0,-110.0,-110.0,-110.0,-110.0,-110.0,0.0,0.0,0.0,0.0,0.0,2026-08-07T03:26:40.888653+00:00,-0.2093673469387754,0.20575,-0.21337585034013606,-0.3298333333333333,-0.4849591836734694,0.25,0.25,0.25,0.0,0.0,0.0,0.0,0.0,0.0,0.0,batter_pitcher_profile_network_v2,0.13333333333333333,0.0,1.0,0.0,0.06666666666666667,-0.4703124999999997,0.0,0.0,0.0,0.0,0.0,0.0,0.0,-0.5739583333333331,0.0,0.0,0.0,0.0,0.0,0.0,0.0,-0.15989583333333307,0.0,0.0,0.0,0.0,0.0,0.0,0.0,-0.7729166666666667,0.0,0.0,0.0,0.0,0.0,0.0,0.0,-0.2609374999999998,0.0,0.0,0.0,0.0,0.0,0.0,0.0
2026-03-12,CJ_Abrams,682928,hitter,WSH,HOU,2026,831510,5,120,117,0,681347.0,Mike_Burrows,1.0,1.0,0.0,0.0,0.0,3.0,3.0,0.0,2.0,1.0,0.08333333333333333,0.2966666666666667,0.2966666666666667,0.0,0.0,35.6,0.0,9.818181818181818,3.737824675324675,1.08,0.0,78.0,0,2.0,1.0,6.123233995736766e-17,0.43388373911755823,-0.900968867902419,0.5,0.5,0.5,0.5,0.5,0.5,0.5,0.5,0.5,0.5,synthetic,synthetic,synthetic,synthetic,synthetic,0.0,0.0,0.0,0.0,0.0,-110.0,-110.0,-110.0,-110.0,-110.0,-110.0,-110.0,-110.0,-110.0,-110.0,0.0,0.0,0.0,0.0,0.0,2026-08-07T03:26:40.888653+00:00,0.027625340419315747,0.2657911274292929,-0.21235285196608944,-0.4744635016714015,-0.4191118446617965,0.4,0.6,0.2,0.0,0.0,1.0,2.0,0.0,0.0,0.0,batter_pitcher_profile_network_v2,0.16666666666666666,0.05,0.9425,1.0,0.11381052083333333,-0.3027083333333331,-0.7878636363636363,-0.044444444444444446,0.0,0.0,0.0,-0.04545222351246843,-0.004545222351246843,-0.3606944444444442,-0.8176363636363636,-0.04444444444444444,0.0,0.0,0.0,-0.04599295356691918,-0.007358872570707069,-0.010208333333333153,-0.4945454545454544,-0.044444444444444446,0.0,0.0,0.0,-0.04321504797979798,-0.002160752398989899,-0.32416666666666666,-0.8176363636363636,0.0,0.0,0.0,0.0,-0.0025400668560606053,-6.350167140151514e-05,0.007708333333333414,-0.6945454545454546,0.0,0.0,0.0,0.0,-5.1307133838384374e-05,-3.0784280303030623e-06
2026-03-13,CJ_Abrams,682928,hitter,WSH,NYM,2026,831464,6,120,121,1,605218.0,Carl_Edwards_Jr,0.0,0.0,0.0,0.0,0.0,3.0,3.0,0.0,1.0,1.0,0.08823529411764706,0.0,0.0,0.0,0.0,10.0,6.75,16.875,1.9714285714285715,1.08,0.0,77.0,0,1.0,1.0,6.123233995736766e-17,-0.433883739117558,-0.9009688679024191,0.5,0.5,0.5,0.5,0.5,0.5,0.5,0.5,0.5,0.5,synthetic,synthetic,synthetic,synthetic,synthetic,0.0,0.0,0.0,0.0,0.0,-110.0,-110.0,-110.0,-110.0,-110.0,-110.0,-110.0,-110.0,-110.0,-110.0,0.0,0.0,0.0,0.0,0.0,2026-08-07T03:26:40.888653+00:00,-0.25278697478991585,0.1290029411764706,-0.45550210084033615,-0.4744,-0.5,0.6,0.8,0.2,0.0,0.0,1.0,1.0,0.0,0.0,0.0,batter_pitcher_profile_network_v2,0.2,0.0,1.0,0.0,0.1,-0.3815277777777778,0.0,0.0,0.0,0.0,0.0,0.0,0.0,-0.44175925925925935,0.0,0.0,0.0,0.0,0.0,0.0,0.0,-0.05833333333333335,0.0,0.0,0.0,0.0,0.0,0.0,0.0,-0.419375,0.0,0.0,0.0,0.0,0.0,0.0,0.0,-0.04888888888888886,0.0,0.0,0.0,0.0,0.0,0.0,0.0
2026-03-15,CJ_Abrams,682928,hitter,WSH,STL,2026,831461,7,120,138,0,690916.0,Richard_Fitts,1.0,1.0,0.0,0.0,0.0,3.0,2.0,1.0,0.0,1.0,0.09090909090909091,0.5266666666666667,0.5266666666666667,0.0,0.0,63.20000000000001,6.75,11.0625,2.7056514913657774,1.05,0.0,83.0,0,2.0,1.0,6.123233995736766e-17,-0.7818314824680299,0.6234898018587334,0.5,0.5,0.5,0.5,0.5,0.5,0.5,0.5,0.5,0.5,synthetic,synthetic,synthetic,synthetic,synthetic,0.0,0.0,0.0,0.0,0.0,-110.0,-110.0,-110.0,-110.0,-110.0,-110.0,-110.0,-110.0,-110.0,-110.0,0.0,0.0,0.0,0.0,0.0,2026-08-07T03:26:40.888653+00:00,-0.19126257670900526,0.09052272727272737,-0.2537553042195899,-0.484,-0.3928083345226202,0.4,0.6,0.0,0.0,0.0,0.0,0.0,0.0,0.0,0.0,batter_pitcher_profile_network_v2,0.23333333333333334,0.05,0.9425,0.0,0.12839385416666665,-0.6326289682539682,0.5831875,0.0,0.0,0.0,0.0,0.0,0.0,-0.668234126984127,0.65725,0.0,0.0,0.0,0.0,0.0,0.0,-0.31026785714285715,0.5225,0.0,0.0,0.0,0.0,0.0,0.0,-0.5280158730158729,0.65725,0.0,0.0,0.0,0.0,0.0,0.0,-0.31536706349206345,0.7225000000000001,0.0,0.0,0.0,0.0,0.0,0.0
2026-03-16,CJ_Abrams,682928,hitter,WSH,NYM,2026,831457,8,120,121,0,656849.0,David_Peterson,2.0,4.0,2.0,0.0,0.0,3.0,3.0,0.0,0.0,6.0,0.06521739130434782,0.8366666666666668,0.8366666666666668,0.6666666666666666,30.0,65.0,1.125,9.375,2.824675324675325,1.08,0.0,84.0,0,1.0,1.0,6.123233995736766e-17,0.0,1.0,0.5,0.5,0.5,0.5,0.5,0.5,0.5,0.5,0.5,0.5,synthetic,synthetic,synthetic,synthetic,synthetic,0.0,0.0,0.0,0.0,0.0,-110.0,-110.0,-110.0,-110.0,-110.0,-110.0,-110.0,-110.0,-110.0,-110.0,0.0,0.0,0.0,0.0,0.0,2026-08-07T03:26:40.888653+00:00,0.15351047953626074,1.2785458079073517,-0.15981310146219535,-0.23276708064735097,-0.3243394459546022,0.6,0.8,0.0,0.0,0.0,1.0,1.0,0.0,0.0,0.0,batter_pitcher_profile_network_v2,0.26666666666666666,0.1,0.7764064018253338,0.0,0.158822354910973,-0.4152951388888887,-0.6715000000000001,0.0,0.0,0.0,0.0,-0.016627653348102546,-0.0016627653348102547,-0.5066319444444443,-0.3768846153846154,0.0,0.0,0.0,0.0,-0.011384896231225516,-0.0018215833969960826,-0.09973958333333321,-0.4622435897435897,0.0,0.0,0.0,0.0,-0.00274894812213127,-0.0001374474061065635,-0.535607638888889,-0.042269230769230684,0.0,0.0,0.0,0.0,-0.00134989256070477,-3.3747314017619254e-05,-0.15331597222222218,-0.4901923076923076,0.0,0.0,0.0,0.0,-0.004481072704691714,-0.0002688643622815028
2026-03-19,CJ_Abrams,682928,hitter,WSH,STL,2026,831452,9,120,138,0,687273.0,Quinn_Mathews,1.0,2.0,0.0,0.0,0.0,4.0,4.0,0.0,1.0,7.0,0.10810810810810811,0.3175,0.3175,0.25,21.25,49.35,3.375,23.625,1.725824175824176,1.05,0.0,74.0,0,3.0,1.0,6.123233995736766e-17,0.43388373911755823,-0.900968867902419,0.5,1.5,0.5,0.5,0.5,0.5,1.5,0.5,0.5,0.5,synthetic,synthetic,synthetic,synthetic,synthetic,0.0,0.0,0.0,0.0,0.0,-110.0,-110.0,-110.0,-110.0,-110.0,-110.0,-110.0,-110.0,-110.0,-110.0,0.0,0.0,0.0,0.0,0.0,2026-08-07T03:26:40.888653+00:00,-0.18729811404811386,0.49517905405405416,0.07988242500742515,-0.368375,-0.484323656073656,1.0,1.6,0.4,0.0,0.0,2.0,4.0,2.0,0.0,0.0,batter_pitcher_profile_network_v2,0.3,0.0,1.0,0.0,0.15,0.011520061728395176,0.0,0.0,0.0,0.0,0.0,0.0,0.0,-0.02587962962962949,0.0,0.0,0.0,0.0,0.0,0.0,0.0,0.292939814814815,0.0,0.0,0.0,0.0,0.0,0.0,0.0,-0.11567901234567898,0.0,0.0,0.0,0.0,0.0,0.0,0.0,0.28999228395061744,0.0,0.0,0.0,0.0,0.0,0.0,0.0
2026-03-20,CJ_Abrams,682928,hitter,WSH,MIA,2026,831450,10,120,146,0,663978.0,Chris_Paddack,1.0,1.0,0.0,0.0,1.0,2.0,2.0,0.0,0.0,6.0,0.0625,0.445,0.445,0.0,0.0,53.4,0.0,9.5,2.8753246753246757,1.05,0.0,70.0,0,1.0,1.0,6.123233995736766e-17,-0.433883739117558,-0.9009688679024191,0.5,1.5,0.5,0.5,0.5,0.5,1.5,0.5,0.5,0.5,synthetic,synthetic,synthetic,synthetic,synthetic,0.0,0.0,0.0,0.0,0.0,-110.0,-110.0,-110.0,-110.0,-110.0,-110.0,-110.0,-110.0,-110.0,-110.0,0.0,0.0,0.0,0.0,0.0,2026-08-07T03:26:40.888653+00:00,0.3326341864256347,-0.08807225736871538,-0.12369102918763375,-0.48401956217241826,-0.44386703752909124,1.0,1.6,0.4,0.0,0.0,1.0,2.0,0.0,0.0,0.0,batter_pitcher_profile_network_v2,0.3333333333333333,0.15,0.6486133180863094,1.0,0.22599839694683072,0.019738239247311974,-0.7606666666666667,-0.07777777777777777,0.0,0.0,0.0,-0.06587133920685823,-0.006587133920685823,0.005047715053763571,-0.8006666666666666,-0.08148148148148149,0.0,0.0,0.0,-0.06763910855447097,-0.010822257368715355,0.24966229838709686,-0.6562835249042145,-0.06666666666666667,0.0,0.0,0.0,-0.07414525907735152,-0.0037072629538675763,0.008343750000000066,-0.8006666666666666,0.0,0.0,0.0,0.0,-0.0007824868967306826,-1.956217241826707e-05,0.2921979166666668,-0.7953639846743294,0.0,0.0,0.0,0.0,-0.027221188255417025,-0.0016332712953250213
2026-03-22,CJ_Abrams,682928,hitter,WSH,BAL,2026,831503,11,120,110,0,680694.0,Kyle_Bradish,1.0,1.0,0.0,0.0,0.0,4.0,4.0,0.0,1.0,6.0,0.10810810810810811,0.2225,0.2225,0.0,0.0,26.7,0.0,3.6,7.072908293752284,1.08,-5.0,62.0,0,2.0,1.0,6.123233995736766e-17,-0.7818314824680299,0.6234898018587334,0.5,1.5,0.5,0.5,0.5,0.5,1.5,0.5,0.5,0.5,synthetic,synthetic,synthetic,synthetic,synthetic,0.0,0.0,0.0,0.0,0.0,-110.0,-110.0,-110.0,-110.0,-110.0,-110.0,-110.0,-110.0,-110.0,-110.0,0.0,0.0,0.0,0.0,0.0,2026-08-07T03:26:40.888653+00:00,0.8461221816041957,-0.253277659045946,0.02474256401504371,-0.47441518612934025,0.050233368983697124,1.0,1.6,0.4,0.0,0.2,1.0,1.0,0.0,0.0,1.0,batter_pitcher_profile_network_v2,0.36666666666666664,0.05,0.9425,0.0,0.1950605208333333,0.12891729797979792,-0.41600000000000004,0.0,0.0,0.0,0.0,-0.0011306906481481475,-0.00011306906481481475,0.06130681818181814,-0.5159999999999999,0.0,0.0,0.0,0.0,-0.0006669568749999992,-0.00010671309999999988,0.3169034090909091,-0.7305882352941175,0.0,0.0,0.0,0.0,-0.004881337775735292,-0.00024406688878676462,-0.055836489898989955,-0.5159999999999999,0.0,0.0,0.0,0.0,-0.0006074451736111115,-1.5186129340277786e-05,0.29539457070707065,-0.7952941176470587,0.0,0.0,0.0,0.0,-0.004953013984204791,-0.0002971808390522874
2026-03-23,CJ_Abrams,682928,hitter,WSH,BAL,2026,831546,12,120,110,1,669358.0,Shane_Baz,0.0,0.0,0.0,0.0,0.0,3.0,3.0,0.0,1.0,3.0,0.1,0.0,0.0,0.0,0.0,10.0,9.0,15.0,6.780700501544492,1.08,-15.0,56.0,0,1.0,1.0,6.123233995736766e-17,0.0,1.0,1.5,1.5,0.5,0.5,0.5,1.5,1.5,0.5,0.5,0.5,synthetic,synthetic,synthetic,synthetic,synthetic,0.0,0.0,0.0,0.0,0.0,-110.0,-110.0,-110.0,-110.0,-110.0,-110.0,-110.0,-110.0,-110.0,-110.0,0.0,0.0,0.0,0.0,0.0,2026-08-07T03:26:40.888653+00:00,-0.6394637020359432,-0.23817617275675662,-0.09220767237960725,-0.47445271881510415,-0.2004109530940717,1.2,1.8,0.4,0.0,0.2,1.0,1.0,0.0,0.0,0.0,batter_pitcher_profile_network_v2,0.4,0.05,0.9425,0.0,0.21172718750000002,0.06828625500500493,-0.584,0.0,0.0,0.0,0.0,-0.0009172209772272261,-9.172209772272261e-05,-0.010397897897897912,-0.6839999999999999,0.0,0.0,0.0,0.0,-0.00016357972972972992,-2.6172756756756786e-05,0.23812640765765772,0.026666666666666727,0.0,0.0,0.0,0.0,0.00014605086336336374,7.3025431681681876e-06,-0.13404224537037038,-0.6839999999999999,0.0,0.0,0.0,0.0,-0.0021087526041666665,-5.2718815104166664e-05,0.19221643518518527,-0.17333333333333326,0.0,0.0,0.0,0.0,-0.0007663028549382716,-4.597817129629629e-05
2026-03-26,CJ_Abrams,682928,hitter,WSH,CHC,2026,824704,13,120,112,0,571510.0,Matthew_Boyd,1.0,1.0,0.0,0.0,2.0,4.0,4.0,0.0,1.0,6.0,0.1,0.2225,0.2225,0.0,0.0,26.7,7.7142857142857135,11.571428571428571,5.961475667189953,1.0522222222222224,-22.0,49.0,0,3.0,1.0,6.123233995736766e-17,0.43388373911755823,-0.900968867902419,0.5,1.5,0.5,0.5,0.5,0.5,1.5,0.5,0.5,0.5,synthetic,synthetic,synthetic,synthetic,synthetic,0.0,0.0,0.0,0.0,0.0,-110.0,-110.0,-110.0,-110.0,-110.0,-110.0,-110.0,-110.0,-110.0,-110.0,0.0,0.0,0.0,0.0,0.0,2026-08-07T03:26:40.888653+00:00,0.17728759811616968,-0.4153583333333333,-0.040728862473835614,-0.4832888888888888,-0.17454336976550228,1.0,1.6,0.4,0.0,0.2,0.0,0.0,0.0,0.0,0.0,batter_pitcher_profile_network_v2,0.43333333333333335,0.05,0.9425,0.0,0.2283938541666667,-0.09770299145299151,0.6598214285714287,0.0,0.0,0.0,0.0,0.0,0.0,-0.1629807692307692,0.7278571428571429,0.0,0.0,0.0,0.0,0.0,0.0,0.0725961538461539,0.8,0.0,0.0,0.0,0.0,0.0014470833333333343,7.235416666666672e-05,-0.21448985042735033,0.7278571428571429,0.0,0.0,0.0,0.0,0.0,0.0,0.02441239316239334,0.9,0.0,0.0,0.0,0.0,0.0005474479166666706,3.2846875000000234e-05
2026-03-29,CJ_Abrams,682928,hitter,WSH,CHC,2026,824700,14,120,112,0,684007.0,Shota_Imanaga,0.0,0.0,0.0,0.0,0.0,4.0,3.0,0.0,2.0,6.0,0.1,0.18,0.18,0.0,0.0,21.599999999999998,4.297402597402598,10.597402597402597,2.90295918367347,1.0522222222222224,4.0,59.0,0,3.0,1.0,6.123233995736766e-17,-0.7818314824680299,0.6234898018587334,0.5,0.5,0.5,0.5,0.5,0.5,0.5,0.5,0.5,0.5,synthetic,synthetic,synthetic,synthetic,synthetic,0.0,0.0,0.0,0.0,0.0,-110.0,-110.0,-110.0,-110.0,-110.0,-110.0,-110.0,-110.0,-110.0,-110.0,0.0,0.0,0.0,0.0,0.0,2026-08-07T03:26:40.888653+00:00,0.1543149041434757,0.3335166666666668,-0.47306121137007867,-0.4832888888888888,0.25174795918367343,0.8,1.0,0.0,0.0,0.6,1.0,1.0,0.0,0.0,2.0,batter_pitcher_profile_network_v2,0.4666666666666667,0.2,0.8367927061281571,0.0,0.28283191203319347,-0.13346884018758995,0.3221879058441558,0.0,0.0,0.0,0.0,0.0,0.0,-0.2084104437229435,0.5092581168831168,0.0,0.0,0.0,0.0,0.0,0.0,0.02253449675324698,0.4757833906289789,0.0,0.0,0.0,0.0,0.000816588924957037,4.0829446247851854e-05,-0.27019097222222216,0.6811331168831168,0.0,0.0,0.0,0.0,0.0,0.0,-0.044670138888888634,0.6012123121976063,0.0,0.0,0.0,0.0,0.0,0.0
2026-03-30,CJ_Abrams,682928,hitter,WSH,PHI,2026,823484,15,120,143,0,592836.0,Taijuan_Walker,2.0,2.0,1.0,0.0,1.0,6.0,6.0,0.0,0.0,5.0,0.12,0.2966666666666667,0.2966666666666667,0.0,0.0,35.6,0.0,6.557142857142857,7.1539015606242495,1.08,16.0,67.0,0,1.0,1.0,6.123233995736766e-17,0.0,1.0,0.5,0.5,0.5,0.5,0.5,0.5,0.5,0.5,0.5,0.5,synthetic,synthetic,synthetic,synthetic,synthetic,0.0,0.0,0.0,0.0,0.0,-110.0,-110.0,-110.0,-110.0,-110.0,-110.0,-110.0,-110.0,-110.0,-110.0,0.0,0.0,0.0,0.0,0.0,2026-08-07T03:26:40.888653+00:00,0.32862185748678396,0.028792198045432982,-0.16148852012185705,-0.4751748801830494,0.20211890563254686,0.6,0.6,0.0,0.0,0.6,0.0,0.0,0.0,0.0,0.0,batter_pitcher_profile_network_v2,0.5,0.1,0.6655011226136063,0.0,0.2768476112479833,-0.2590486111111115,-0.4178568286552158,0.0,1.0,0.0,0.0,-0.018103954143765345,-0.0018103954143765346,-0.31351388888888915,-0.52419663803938,0.0,1.0,0.0,0.0,-0.027486262216043483,-0.004397801954566957,-0.08906250000000024,-0.40315764208909366,0.0,1.0,0.0,0.0,-0.00600529639472439,-0.0003002648197362195,-0.32224305555555555,-0.5751038961038961,0.0,1.0,0.0,0.0,-0.03099520732197689,-0.0007748801830494223,-0.12071527777777777,-0.5746966205837174,0.0,1.0,0.0,0.0,-0.011602873311094247,-0.0006961723986656549
2026-03-31,CJ_Abrams,682928,hitter,WSH,PHI,2026,823485,16,120,143,0,691725.0,Andrew_Painter,1.0,1.0,1.0,0.0,0.0,4.0,4.0,0.0,0.0,3.0,0.10810810810810811,0.2225,0.2225,0.0,0.0,26.7,3.375,6.75,8.56677440206852,1.08,16.0,78.0,0,1.0,1.0,6.123233995736766e-17,0.7818314824680298,0.6234898018587336,0.5,0.5,0.5,0.5,0.5,0.5,0.5,0.5,0.5,0.5,synthetic,synthetic,synthetic,synthetic,synthetic,0.0,0.0,0.0,0.0,0.0,-110.0,-110.0,-110.0,-110.0,-110.0,-110.0,-110.0,-110.0,-110.0,-110.0,0.0,0.0,0.0,0.0,0.0,2026-08-07T03:26:40.888653+00:00,0.8266898681060073,0.38974328695524096,0.14160827580102808,-0.4745381006837783,0.39680115289324003,0.8,0.8,0.2,0.0,0.6,2.0,2.0,1.0,0.0,1.0,batter_pitcher_profile_network_v2,0.5333333333333333,0.2,0.8243750000000001,0.0,0.3164694791666667,-0.14363498263888902,-0.3468857973421927,0.0,1.0,0.0,0.0,-0.004666935623192455,-0.0004666935623192455,-0.24839554398148156,-0.29166735880398664,0.0,1.0,0.0,0.0,-0.0067860443675813505,-0.0010857670988130162,-0.030277054398148234,-0.5053720930232557,0.0,1.0,0.0,0.0,-0.001433210372282563,-7.166051861412815e-05,-0.3580664062499999,-0.1647051495016611,0.0,1.0,0.0,0.0,-0.0055240273511309905,-0.00013810068377827477,-0.14985026041666652,-0.5019273255813953,0.0,1.0,0.0,0.0,-0.007045039088686752,-0.0004227023453212051
2026-04-01,CJ_Abrams,682928,hitter,WSH,PHI,2026,823483,17,120,143,0,650911.0,Cristopher_Sánchez,1.0,4.0,1.0,1.0,3.0,5.0,4.0,1.0,1.0,6.0,0.11904761904761904,0.558,0.558,0.75,30.0,65.0,0.0,15.0,7.102297702297703,1.08,0.0,79.0,0,1.0,0.8660254037844387,-0.4999999999999998,0.9749279121818236,-0.22252093395631434,0.5,0.5,0.5,0.5,0.5,0.5,0.5,0.5,0.5,0.5,synthetic,synthetic,synthetic,synthetic,synthetic,0.0,0.0,0.0,0.0,0.0,-110.0,-110.0,-110.0,-110.0,-110.0,-110.0,-110.0,-110.0,-110.0,-110.0,0.0,0.0,0.0,0.0,0.0,2026-08-07T03:26:40.888653+00:00,0.2364769776760396,1.3125068896551724,0.3647404001112933,-0.21222216138599537,0.27714023268432963,0.8,0.8,0.4,0.0,0.6,1.0,1.0,1.0,0.0,0.0,batter_pitcher_profile_network_v2,0.5666666666666667,0.05,0.9425,0.0,0.29506052083333334,-0.10688401510029316,-1.0,0.0,2.0,0.0,0.0,-0.0034826374920178854,-0.0003482637492017886,-0.23844827586206904,-1.0,0.0,2.0,0.0,0.0,-0.007769439655172416,-0.0012431103448275866,-0.015029158215010302,-1.0,0.0,2.0,0.0,0.0,-0.0004897000718390857,-2.4485003591954286e-05,-0.3954922385620914,-1.0,0.0,2.0,0.0,0.0,-0.012886455439814811,-0.0003221613859953703,-0.19163807189542473,-1.0,0.0,2.0,0.0,0.0,-0.006244207175925922,-0.0003746524305555553
2026-04-03,CJ_Abrams,682928,hitter,WSH,LAD,2026,822758,18,120,119,1,686218.0,Emmet_Sheehan,2.0,5.0,1.0,1.0,4.0,5.0,5.0,0.0,1.0,5.0,0.11904761904761904,0.5980000000000001,0.5980000000000001,0.6,30.0,65.0,6.522077922077922,11.244155844155843,2.0571428571428574,1.08,4.0,62.0,0,2.0,0.8660254037844387,-0.4999999999999998,-0.433883739117558,-0.9009688679024191,0.5,1.5,0.5,0.5,1.5,0.5,1.5,0.5,0.5,1.5,synthetic,synthetic,synthetic,synthetic,synthetic,0.0,0.0,0.0,0.0,0.0,-110.0,-110.0,-110.0,-110.0,-110.0,-110.0,-110.0,-110.0,-110.0,-110.0,0.0,0.0,0.0,0.0,0.0,2026-08-07T03:26:40.888653+00:00,0.2794779220779222,1.0677500000000002,0.2726737108920605,-0.009399999999999964,-0.07474285714285722,1.0,1.6,0.6,0.2,1.2,1.0,4.0,1.0,1.0,3.0,batter_pitcher_profile_network_v2,0.6,0.15,0.8440312374899901,0.0,0.3369909260111214,-0.016313932980599917,0.0436565656565657,0.0,2.0,0.0,0.0,0.0,0.0,-0.08669642857142876,0.1870106421356422,0.0,2.0,0.0,0.0,0.0,0.0,0.05517857142857118,0.6451524170274172,0.0,2.0,0.0,0.0,0.0033313606983492072,0.00016656803491746038,-0.1759510030864197,0.3401356421356423,0.0,2.0,0.0,0.0,0.0,0.0,-0.029429012345679025,0.5834163059163061,0.0,2.0,0.0,0.0,0.0,0.0
2026-04-04,CJ_Abrams,682928,hitter,WSH,LAD,2026,822757,19,120,119,1,607192.0,Tyler_Glasnow,1.0,4.0,2.0,1.0,2.0,4.0,2.0,2.0,1.0,5.0,0.10810810810810811,0.87,0.87,1.5,30.0,65.0,3.6769230769230767,13.753846153846155,2.8285714285714287,1.08,5.0,87.0,0,1.0,0.8660254037844387,-0.4999999999999998,-0.9749279121818236,-0.2225209339563146,1.5,2.5,0.5,0.5,1.5,1.5,2.5,0.5,0.5,1.5,synthetic,synthetic,synthetic,synthetic,synthetic,0.0,0.0,0.0,0.0,0.0,-110.0,-110.0,-110.0,-110.0,-110.0,-110.0,-110.0,-110.0,-110.0,-110.0,0.0,0.0,0.0,0.0,0.0,2026-08-07T03:26:40.888653+00:00,-0.4390193841989225,1.8938401140527672,0.5746466311240399,0.35558872051360346,0.46432270886781035,1.2,2.4,0.8,0.4,1.6,2.0,5.0,1.0,1.0,4.0,batter_pitcher_profile_network_v2,0.6333333333333333,0.25,0.8183796844830393,0.0,0.37910378882937357,0.07341825765393867,-0.5393937062937063,0.0,2.0,0.0,0.0,-0.004555192350575296,-0.0004555192350575296,0.04018575851393188,-0.49208583916083914,0.0,2.0,0.0,0.0,-0.002274625008039731,-0.00036394000128635697,0.13607391640866864,-0.31709108391608387,0.0,2.0,0.0,0.0,-0.004963130414959095,-0.00024815652074795477,-0.009124634502923855,-0.4298699300699301,0.0,2.0,0.0,0.0,-0.00045117945586395077,-1.127948639659877e-05,0.10912646198830431,-0.3199888111888112,0.0,2.0,0.0,0.0,-0.004016628264941488,-0.0002409976958964893
2026-04-05,CJ_Abrams,682928,hitter,WSH,LAD,2026,822756,20,120,119,1,808963.0,Roki_Sasaki,1.0,1.0,1.0,0.0,0.0,4.0,3.0,1.0,1.0,6.0,0.10256410256410256,0.395,0.395,0.0,0.0,47.400000000000006,9.450000000000001,10.5,4.114285714285715,1.08,-4.0,60.0,0,1.0,0.8660254037844387,-0.4999999999999998,-0.7818314824680299,0.6234898018587334,1.5,3.5,1.5,0.5,1.5,1.5,3.5,1.5,0.5,1.5,synthetic,synthetic,synthetic,synthetic,synthetic,0.0,0.0,0.0,0.0,0.0,-110.0,-110.0,-110.0,-110.0,-110.0,-110.0,-110.0,-110.0,-110.0,-110.0,0.0,0.0,0.0,0.0,0.0,2026-08-07T03:26:40.888653+00:00,-0.36223465371010244,-0.7680026743182302,-0.24171604619654663,0.046028985338923745,0.3339758535069879,1.4,3.2,1.2,0.6,2.0,1.0,4.0,2.0,1.0,2.0,batter_pitcher_profile_network_v2,0.6666666666666666,0.15,0.8070814470089849,0.0,0.3710032117445432,0.20115972222222211,0.138383358662614,0.0,3.0,0.0,0.0,0.003580202825714562,0.0003580202825714562,0.2907847222222222,0.2669433890577507,0.0,3.0,0.0,0.0,0.009983285511057842,0.0015973256817692547,0.26786805555555554,0.7772739361702128,0.0,3.0,0.0,0.0,0.02677797716796446,0.001338898858398223,0.3097690972222223,0.4307066869300912,0.0,3.0,0.0,0.0,0.017159413556945974,0.00042898533892364935,0.40032638888888905,0.6947340425531915,0.0,3.0,0.0,0.0,0.03576971962195388,0.002146183177317233
2026-04-06,CJ_Abrams,682928,hitter,WSH,STL,2026,822755,21,120,138,1,669467.0,Andre_Pallante,1.0,4.0,1.0,1.0,1.0,5.0,4.0,1.0,0.0,5.0,0.11904761904761904,0.558,0.558,0.75,30.0,65.0,1.5,5.7,3.2785714285714285,1.08,-7.0,61.0,0,1.0,0.8660254037844387,-0.4999999999999998,0.0,1.0,1.5,2.5,1.5,0.5,1.5,1.5,2.5,1.5,0.5,1.5,synthetic,synthetic,synthetic,synthetic,synthetic,0.0,0.0,0.0,0.0,0.0,-110.0,-110.0,-110.0,-110.0,-110.0,-110.0,-110.0,-110.0,-110.0,-110.0,0.0,0.0,0.0,0.0,0.0,2026-08-07T03:26:40.888653+00:00,-0.26448340989608266,0.6735405719249212,-0.30585169029061143,0.20733917186805173,-0.10061398471641181,1.2,3.0,1.2,0.6,1.8,1.0,1.0,1.0,0.0,0.0,batter_pitcher_profile_network_v2,0.7,0.1,0.7185341312025973,0.0,0.37619795689276814,0.2084955444165972,-0.33097159090909095,0.0,3.0,0.0,0.0,-0.013596003722731977,-0.0013596003722731978,0.2769225146198831,-0.4821931818181818,0.0,3.0,0.0,0.0,-0.026308925469243277,-0.004209428075078924,0.2541447368421053,-0.5712689393939393,0.0,3.0,0.0,0.0,-0.028605234383659223,-0.0014302617191829612,0.25862268518518516,-0.59725,0.0,3.0,0.0,0.0,-0.030433125277928918,-0.000760828131948223,0.3734986772486773,-0.666439393939394,0.0,3.0,0.0,0.0,-0.04904260241639189,-0.0029425561449835133
2026-04-07,CJ_Abrams,682928,hitter,WSH,STL,2026,822754,22,120,138,1,669461.0,Matthew_Liberatore,2.0,2.0,0.0,0.0,1.0,5.0,4.0,1.0,2.0,6.0,0.11363636363636363,0.49399999999999994,0.49399999999999994,0.0,0.0,59.279999999999994,1.0999999999999999,5.2,4.992857142857143,1.08,-14.0,51.0,0,1.0,0.8660254037844387,-0.4999999999999998,0.7818314824680298,0.6234898018587336,1.5,3.5,1.5,0.5,1.5,1.5,3.5,1.5,0.5,1.5,synthetic,synthetic,synthetic,synthetic,synthetic,0.0,0.0,0.0,0.0,0.0,-110.0,-110.0,-110.0,-110.0,-110.0,-110.0,-110.0,-110.0,-110.0,-110.0,0.0,0.0,0.0,0.0,0.0,2026-08-07T03:26:40.888653+00:00,-0.22503463692156256,-0.46487934362149375,-0.27162247355244595,0.1858736958018462,0.25732416287678883,1.2,3.6,1.2,0.8,2.0,1.0,4.0,1.0,1.0,1.0,batter_pitcher_profile_network_v2,0.7333333333333333,0.25,0.7489854217863401,0.0,0.43122898812446,0.31378472222222215,-0.1490709786753283,0.0,3.0,0.0,0.0,-0.00861043847969607,-0.0008610438479696071,0.4080050505050504,0.006636361389634299,0.0,3.0,0.0,0.0,0.0004984205474801677,7.974728759682684e-05,0.323828914141414,-0.3010083333333332,0.0,3.0,0.0,0.0,-0.01794297754242455,-0.0008971488771212275,0.40851483585858583,0.14558610365767552,0.0,3.0,0.0,0.0,0.010947832073847743,0.00027369580184619357,0.4770044191919191,-0.21924501718213046,0.0,3.0,0.0,0.0,-0.019250965040533162,-0.0011550579024319897
2026-04-08,CJ_Abrams,682928,hitter,WSH,STL,2026,822753,23,120,138,1,700241.0,Michael_McGreevy,0.0,0.0,0.0,0.0,0.0,3.0,3.0,0.0,0.0,5.0,0.0967741935483871,0.0,0.0,0.0,0.0,10.0,2.5285714285714285,8.071428571428571,3.964285714285715,1.08,6.0,52.0,0,1.0,0.8660254037844387,-0.4999999999999998,0.9749279121818236,-0.22252093395631434,1.5,3.5,0.5,0.5,1.5,1.5,3.5,0.5,0.5,1.5,synthetic,synthetic,synthetic,synthetic,synthetic,0.0,0.0,0.0,0.0,0.0,-110.0,-110.0,-110.0,-110.0,-110.0,-110.0,-110.0,-110.0,-110.0,-110.0,0.0,0.0,0.0,0.0,0.0,2026-08-07T03:26:40.888653+00:00,-0.15570591281827584,-1.237236238095039,0.1247797588029792,-0.05460933162671233,-0.2363936405429763,1.4,3.2,1.0,0.6,1.6,2.0,2.0,0.0,0.0,1.0,batter_pitcher_profile_network_v2,0.7666666666666667,0.25,0.6383075869309397,0.0,0.45128516348357334,0.3061642231209976,-0.3177097551959254,0.0,4.0,0.0,0.0,-0.02697310667738326,-0.002697310667738326,0.3880358105830805,-0.20699420233303203,0.0,4.0,0.0,0.0,-0.022272859061738218,-0.003563657449878115,0.30697421638018196,-0.4981041793313069,0.0,4.0,0.0,0.0,-0.04240021564548566,-0.0021200107822742834,0.3632617753623188,-0.08312452148196822,0.0,4.0,0.0,0.0,-0.00837326506849222,-0.00020933162671230552,0.47168115942028976,-0.4350766970618033,0.0,4.0,0.0,0.0,-0.056906297836086715,-0.0034143778701652026
2026-04-10,CJ_Abrams,682928,hitter,WSH,MIL,2026,823808,24,120,158,0,676879.0,Aaron_Ashby,2.0,3.0,1.0,0.0,1.0,4.0,3.0,0.0,0.0,5.0,0.10256410256410256,0.72,0.72,0.3333333333333333,28.333333333333332,65.0,3.6,11.4,2.691233766233766,1.0733333333333333,0.0,65.0,0,2.0,0.8660254037844387,-0.4999999999999998,-0.433883739117558,-0.9009688679024191,0.5,2.5,0.5,0.5,0.5,0.5,2.5,0.5,0.5,0.5,synthetic,synthetic,synthetic,synthetic,synthetic,0.0,0.0,0.0,0.0,0.0,-110.0,-110.0,-110.0,-110.0,-110.0,-110.0,-110.0,-110.0,-110.0,-110.0,0.0,0.0,0.0,0.0,0.0,2026-08-07T03:26:40.888653+00:00,0.1425036522903852,-0.4092023669303577,0.33921501470105786,-0.042219751317318366,0.22203887201893724,1.0,2.2,0.8,0.4,0.8,0.0,0.0,0.0,0.0,0.0,batter_pitcher_profile_network_v2,0.8,0.1,0.8430291188652539,0.0,0.4246728932939007,0.25123797726799846,-0.3533888888888889,0.0,5.0,0.6590163851097325,-0.0011447258859527808,-0.011149291281961661,-0.001114929128196166,0.31871613607990024,-0.4999305555555556,0.0,5.0,0.5900475339428479,0.002287725581879681,-0.01657729331473701,-0.002652366930357922,0.24229078885767813,-0.02220833333333333,0.0,5.0,0.6106682554171196,0.014126855674116132,0.013451143172006153,0.0006725571586003076,0.29896498842592584,-0.74125,0.0,5.0,0.43579789309522876,0.03370539098729773,0.0058766139739352755,0.0001469153493483819,0.3678929398148149,-0.17394444444444443,0.0,5.0,0.6362497080705508,0.007643564264671725,-0.0023033484689297494,-0.00013820090813578497
2026-04-11,CJ_Abrams,682928,hitter,WSH,MIL,2026,823805,25,120,158,0,690986.0,Kyle_Harrison,1.0,1.0,0.0,0.0,0.0,4.0,4.0,0.0,0.0,6.0,0.10526315789473684,0.2225,0.2225,0.0,0.0,26.7,2.4173076923076926,11.636538461538462,3.6555194805194806,1.0733333333333333,0.0,67.0,0,1.0,0.8660254037844387,-0.4999999999999998,-0.9749279121818236,-0.2225209339563146,1.5,1.5,0.5,0.5,0.5,1.5,1.5,0.5,0.5,0.5,synthetic,synthetic,synthetic,synthetic,synthetic,0.0,0.0,0.0,0.0,0.0,-110.0,-110.0,-110.0,-110.0,-110.0,-110.0,-110.0,-110.0,-110.0,-110.0,0.0,0.0,0.0,0.0,0.0,2026-08-07T03:26:40.888653+00:00,-0.4010801868366418,0.26810763420509454,0.11966097893135552,-0.3360846764953701,0.14986739480003042,1.2,2.0,0.6,0.2,0.6,2.0,3.0,1.0,0.0,1.0,batter_pitcher_profile_network_v2,0.8333333333333334,0.25,0.8162912607362389,0.0,0.4791677468066194,0.3603506093189966,-0.13490454545454542,0.0,5.0,0.6588539451399944,-0.00416923926140161,-0.007442184190945467,-0.0007442184190945468,0.4151867025089607,0.1639409090909091,0.0,5.0,0.6067184296006262,-0.008674911869250826,-0.0025920888497385983,-0.00041473421595817576,0.3554155913978498,0.2990106060606061,0.0,5.0,0.4949934651415093,0.006299115315349806,0.022568519160259478,0.001128425958012974,0.36383972222222233,0.44235,0.0,5.0,0.5481753868203095,-0.006692819309060561,0.017946273518530054,0.0004486568379632514,0.45888555555555594,0.3630257575757576,0.0,5.0,0.48093865964572957,0.0004837814040144898,0.0258657848307624,0.0015519470898457438
2026-04-12,CJ_Abrams,682928,hitter,WSH,MIL,2026,823804,26,120,158,0,605540.0,Brandon_Woodruff,2.0,2.0,1.0,0.0,1.0,5.0,4.0,0.0,1.0,5.0,0.11904761904761904,0.356,0.356,0.0,0.0,42.72,6.847058823529411,9.717647058823529,3.9310296846011137,1.0733333333333333,0.0,68.0,0,1.0,0.8660254037844387,-0.4999999999999998,-0.7818314824680299,0.6234898018587334,1.5,1.5,0.5,0.5,0.5,1.5,1.5,0.5,0.5,0.5,synthetic,synthetic,synthetic,synthetic,synthetic,0.0,0.0,0.0,0.0,0.0,-110.0,-110.0,-110.0,-110.0,-110.0,-110.0,-110.0,-110.0,-110.0,-110.0,0.0,0.0,0.0,0.0,0.0,2026-08-07T03:26:40.888653+00:00,-0.4073682667386571,0.06382995981921757,-0.03430317789888593,-0.33642419690151976,0.059227559477784575,1.2,2.0,0.4,0.2,0.6,1.0,1.0,0.0,0.0,0.0,batter_pitcher_profile_network_v2,0.8666666666666667,0.2,0.8372811586809225,0.0,0.4828199449456507,0.36078729678826393,0.2108713570534595,0.0,6.0,0.6989528157434264,-0.00430696611599986,0.010728988184750252,0.0010728988184750252,0.3933624713631162,0.3994720856427676,0.0,6.0,0.664759867747202,-0.014023485143794139,0.0011247488701115159,0.00017995981921784256,0.34437983247422743,0.3169891456582632,0.0,6.0,0.6350904763765269,-0.003487971220591628,0.01190675742116781,0.0005953378710583905,0.3116033653846154,0.5490256570713391,0.0,6.0,0.6534096630024843,-0.01976050899224634,0.004365457272544896,0.00010913643181362241,0.40613060897435943,0.42517366946778706,0.0,6.0,0.6018162582757545,-0.013000051360020847,0.014601254128813709,0.0008760752477288225
2026-04-13,CJ_Abrams,682928,hitter,WSH,PIT,2026,823400,27,120,134,0,694973.0,Paul_Skenes,1.0,4.0,1.0,1.0,1.0,2.0,2.0,0.0,0.0,3.0,0.05263157894736842,1.05,1.05,1.5,30.0,65.0,23.573684210526313,10.342105263157896,4.408163265306123,1.08,14.0,79.0,0,1.0,0.8660254037844387,-0.4999999999999998,0.0,1.0,1.5,1.5,0.5,0.5,0.5,1.5,1.5,0.5,0.5,0.5,synthetic,synthetic,synthetic,synthetic,synthetic,0.0,0.0,0.0,0.0,0.0,-110.0,-110.0,-110.0,-110.0,-110.0,-110.0,-110.0,-110.0,-110.0,-110.0,0.0,0.0,0.0,0.0,0.0,2026-08-07T03:26:40.888653+00:00,-0.19011667536072485,1.9931581685371489,0.4479459286576295,-0.02438898702764547,0.3723855470723738,1.4,1.6,0.4,0.0,0.6,2.0,2.0,1.0,0.0,1.0,batter_pitcher_profile_network_v2,0.9,0.25,0.7663929307466157,0.0,0.514029216495885,0.35976087811667934,-0.32254736842105264,0.0,7.0,0.8956940947560498,0.0019476560364458419,-0.024396972010395656,-0.002439697201039566,0.3768707637375942,-0.37250013495276646,0.0,7.0,0.8077600343091342,-0.0030961075696888736,-0.03415947295861023,-0.005465515673377636,0.34637050653594814,0.17700269905533073,0.0,7.0,0.8054827055213604,0.006549626213108575,0.019439518372782454,0.0009719759186391227,0.26982896090534986,-0.2942950067476383,0.0,7.0,0.7594557465090545,0.017136038690879953,0.0004405188941804909,1.1012972354512273e-05,0.38800797325102915,0.03366936572199737,0.0,7.0,0.8341943829835186,-0.0018256071353317982,0.001377449416039914,8.264696496239484e-05
2026-04-14,CJ_Abrams,682928,hitter,WSH,PIT,2026,823398,28,120,134,0,656605.0,Mitch_Keller,3.0,7.0,1.0,1.0,2.0,4.0,4.0,0.0,0.0,5.0,0.10526315789473684,1.065,1.065,1.0,30.0,65.0,1.0,5.5,5.6938775510204085,1.08,0.0,68.0,0,1.0,0.8660254037844387,-0.4999999999999998,0.7818314824680298,0.6234898018587336,1.5,1.5,0.5,0.5,0.5,1.5,1.5,0.5,0.5,0.5,synthetic,synthetic,synthetic,synthetic,synthetic,0.0,0.0,0.0,0.0,0.0,-110.0,-110.0,-110.0,-110.0,-110.0,-110.0,-110.0,-110.0,-110.0,-110.0,0.0,0.0,0.0,0.0,0.0,2026-08-07T03:26:40.888653+00:00,-0.1458805159420946,1.989795842901887,0.6946216177459195,0.09175142636363198,0.5025308996447027,1.2,2.0,0.6,0.2,0.6,1.0,4.0,1.0,1.0,1.0,batter_pitcher_profile_network_v2,0.9333333333333333,0.3,0.787636604824206,0.0,0.5427210214393771,0.48987799526862086,-0.1825459054478567,0.0,8.0,1.063639294928023,0.0027033788331311515,-0.01772460088174109,-0.001772460088174109,0.5819358592796098,-0.15158124156424319,0.0,8.0,1.0222034847837076,0.007274542174446509,-0.006572034494787748,-0.0010515255191660398,0.49296388507326055,-0.03190359099469265,0.0,8.0,1.0000857521287356,0.019040471187545833,0.015923224950611214,0.0007961612475305608,0.4876475694444445,-0.07684607207271774,0.0,8.0,0.9850034801225778,0.0534845804365827,0.0460570545452774,0.001151426363631935,0.6200657242063496,-0.10131390172915594,0.0,8.0,0.9918818566576711,0.006547578694281338,-0.007540859842138881,-0.0004524515905283328
2026-04-15,CJ_Abrams,682928,hitter,WSH,PIT,2026,823399,29,120,134,0,682254.0,Mason_Montgomery,1.0,2.0,0.0,0.0,0.0,4.0,1.0,1.0,0.0,5.0,0.11764705882352941,0.85,0.85,1.0,30.0,65.0,0.0,21.0,5.142857142857143,1.08,8.0,82.0,0,1.0,0.8660254037844387,-0.4999999999999998,0.9749279121818236,-0.22252093395631434,1.5,3.5,0.5,0.5,0.5,1.5,3.5,0.5,0.5,0.5,synthetic,synthetic,synthetic,synthetic,synthetic,0.0,0.0,0.0,0.0,0.0,-110.0,-110.0,-110.0,-110.0,-110.0,-110.0,-110.0,-110.0,-110.0,-110.0,0.0,0.0,0.0,0.0,0.0,2026-08-07T03:26:40.888653+00:00,-0.16961120448179257,1.2053338896244918,0.6930836715016768,0.23283252575855085,0.859032554137164,1.8,3.4,0.8,0.4,1.0,3.0,7.0,1.0,1.0,2.0,batter_pitcher_profile_network_v2,0.9666666666666667,0.0,1.0,0.0,0.48333333333333334,0.5312308429118775,0.0,0.0,9.0,1.209153899868146,0.023832733233499118,0.0,0.0,0.665838122605364,0.0,0.0,9.0,1.2005452161131827,0.04047208912165497,0.06070813368248245,0.009713301389197192,0.5222222222222223,0.0,0.0,9.0,1.179332632031604,0.029110404823451348,0.029110404823451348,0.0014555202411725675,0.6257890325670499,0.0,0.0,9.0,1.176692188975301,0.08930103034203213,0.08930103034203213,0.0022325257585508033,0.7015038314176246,0.0,0.0,9.0,1.1717406314258692,0.034150129285252594,0.025612596963939444,0.0015367558178363664
2026-04-16,CJ_Abrams,682928,hitter,WSH,PIT,2026,823396,30,120,134,0,677952.0,Braxton_Ashcraft,1.0,1.0,0.0,0.0,0.0,5.0,2.0,2.0,0.0,5.0,0.10416666666666667,0.598,0.598,0.0,0.0,65.0,2.1,10.9,5.142857142857143,1.08,13.0,75.0,0,1.0,0.8660254037844387,-0.4999999999999998,0.43388373911755823,-0.900968867902419,1.5,3.5,0.5,0.5,0.5,1.5,3.5,0.5,0.5,0.5,synthetic,synthetic,synthetic,synthetic,synthetic,0.0,0.0,0.0,0.0,0.0,-110.0,-110.0,-110.0,-110.0,-110.0,-110.0,-110.0,-110.0,-110.0,-110.0,0.0,0.0,0.0,0.0,0.0,2026-08-07T03:26:40.888653+00:00,-0.14120785723550422,-0.9652758731165476,0.265130006988073,-0.1967706222294306,0.3044100686850536,1.6,3.2,0.6,0.4,0.8,1.0,2.0,0.0,0.0,0.0,batter_pitcher_profile_network_v2,1.0,0.25,0.7743403198731941,0.0,0.5637858277038834,0.5650509259259259,-0.6363312532569048,0.0,9.0,1.0616273381015948,0.019034028785928025,-0.08113809616456805,-0.008113809616456805,0.6995694444444445,-0.7588973293381972,0.0,9.0,0.8567815553277798,0.04330255287017982,-0.054849206978425366,-0.00877587311654806,0.54375,-0.6990380363036304,0.0,9.0,0.8854760961195063,0.027516677349196328,-0.05825700309568527,-0.0029128501547842633,0.6818043981481482,-0.9245842105263159,0.0,9.0,0.5974692364998464,0.04742771943183175,-0.0948248891772222,-0.0023706222294305555,0.7244259259259259,-0.7150755775577557,0.0,9.0,0.8638997259859973,0.03068834541262011,-0.09387980763006223,-0.005632788457803734
2026-04-17,CJ_Abrams,682928,hitter,WSH,SF,2026,822752,31,120,137,1,657277.0,Logan_Webb,1.0,1.0,0.0,0.0,0.0,4.0,4.0,0.0,1.0,4.0,0.10526315789473684,0.2225,0.2225,0.0,0.0,26.7,3.9285714285714284,6.785714285714286,2.914285714285714,1.08,-6.0,80.0,0,1.0,0.8660254037844387,-0.4999999999999998,-0.433883739117558,-0.9009688679024191,1.5,3.5,0.5,0.5,0.5,1.5,3.5,0.5,0.5,0.5,synthetic,synthetic,synthetic,synthetic,synthetic,0.0,0.0,0.0,0.0,0.0,-110.0,-110.0,-110.0,-110.0,-110.0,-110.0,-110.0,-110.0,-110.0,-110.0,0.0,0.0,0.0,0.0,0.0,2026-08-07T03:26:40.888653+00:00,0.012377835606796728,-1.2557896528861971,-0.03644412302302291,-0.1929494626844278,0.08980720598447178,1.6,3.2,0.6,0.4,0.8,1.0,1.0,0.0,0.0,0.0,batter_pitcher_profile_network_v2,1.0,0.3,0.7615395949849123,0.0,0.5770134198843044,0.6241330409356726,0.2657563776881607,0.0,10.0,1.1272209016023913,0.018088948346709825,0.03955279215819028,0.0039552792158190275,0.7401118421052633,0.017905625532256324,0.0,10.0,1.2870003617231784,0.03325983338533975,0.0530498668296857,0.008487978692749712,0.5739035087719297,0.13208703310071945,0.0,10.0,1.2335780682874267,0.023623704807966217,0.041700246306457106,0.0020850123153228553,0.6956562500000001,-0.20853141826336408,0.0,10.0,1.2248022847035334,0.09261403371755514,0.05802149262288797,0.0014505373155721995,0.7382777777777778,0.1274474345605735,0.0,10.0,1.2269976547717176,0.02682709328475971,0.04255744309958999,0.0025534465859753993
2026-04-18,CJ_Abrams,682928,hitter,WSH,SF,2026,822751,32,120,137,1,605288.0,Adrian_Houser,0.0,0.0,0.0,0.0,0.0,6.0,5.0,1.0,1.0,4.0,0.11764705882352941,0.11499999999999999,0.11499999999999999,0.0,0.0,13.799999999999999,5.133928571428571,5.678571428571428,3.3428571428571425,1.08,0.0,76.0,0,1.0,0.8660254037844387,-0.4999999999999998,-0.9749279121818236,-0.2225209339563146,1.5,2.5,0.5,0.5,0.5,1.5,2.5,0.5,0.5,0.5,synthetic,synthetic,synthetic,synthetic,synthetic,0.0,0.0,0.0,0.0,0.0,-110.0,-110.0,-110.0,-110.0,-110.0,-110.0,-110.0,-110.0,-110.0,-110.0,0.0,0.0,0.0,0.0,0.0,2026-08-07T03:26:40.888653+00:00,-0.05225820110748747,-0.41572224948267644,-0.18742219350823142,-0.19261047326648423,-0.04410194881672097,1.4,3.0,0.4,0.4,0.6,1.0,1.0,0.0,0.0,0.0,batter_pitcher_profile_network_v2,1.0,0.3,0.6726448067633845,0.0,0.5802803033514456,0.616335346215781,0.16264697802197808,0.0,11.0,1.3967927971906566,0.017999725221209538,0.0328157480287677,0.0032815748028767705,0.7337868357487922,0.04433653846153853,0.0,11.0,1.4637065133883076,0.023763154490913756,0.04629476426268086,0.007407162282028938,0.5735507246376812,0.03446428571428586,0.0,11.0,1.4537733872099,0.017522269267986283,0.02399310462528817,0.0011996552312644087,0.6821377314814815,-0.06696153846153839,0.0,11.0,1.4308404119079603,0.08653366986448958,0.07158106934063155,0.0017895267335157887,0.7222592592592593,0.03415979853479868,0.0,11.0,1.4446076080874173,0.00928128647457377,0.015037547732521679,0.0009022528639513007
2026-04-19,CJ_Abrams,682928,hitter,WSH,SF,2026,822750,33,120,137,1,592662.0,Robbie_Ray,0.0,0.0,0.0,0.0,0.0,4.0,4.0,0.0,0.0,4.0,0.125,0.0,0.0,0.0,0.0,10.0,2.3249999999999997,10.6875,2.688721804511278,1.08,0.0,51.0,0,1.0,0.8660254037844387,-0.4999999999999998,-0.7818314824680299,0.6234898018587334,1.5,2.5,0.5,0.5,0.5,1.5,2.5,0.5,0.5,0.5,synthetic,synthetic,synthetic,synthetic,synthetic,0.0,0.0,0.0,0.0,0.0,-110.0,-110.0,-110.0,-110.0,-110.0,-110.0,-110.0,-110.0,-110.0,-110.0,0.0,0.0,0.0,0.0,0.0,2026-08-07T03:26:40.888653+00:00,-0.731816627886862,-1.1204434617086343,-0.40660669450443954,-0.33372704685090115,-0.24684486400149636,1.2,2.2,0.2,0.2,0.4,0.0,0.0,0.0,0.0,0.0,batter_pitcher_profile_network_v2,1.0,0.4,0.5982535058762676,0.0,0.6106855782120628,0.6278049278091651,-0.7060216346153846,0.0,12.0,1.3401754250448583,0.00550100489569465,-0.17807166733979882,-0.017807166733979883,0.741007297551789,-0.4528405878936499,0.0,12.0,1.545297139859991,0.016566791209172333,-0.10995913567896515,-0.017593461708634423,0.5929378531073446,-0.29984402964205803,0.0,12.0,1.6074835331299642,0.005570362706945546,-0.06585569460006827,-0.0032927847300034136,0.6770266203703703,-0.1672701180949922,0.0,12.0,1.6177269318396763,0.07241443909828031,0.026918125963953578,0.0006729531490988395,0.722148148148148,-0.3995532019015659,0.0,12.0,1.5371494575632476,-0.0072408902625149705,-0.12134923711767234,-0.00728095422706034
2026-04-20,CJ_Abrams,682928,hitter,WSH,ATL,2026,822749,34,120,144,1,693821.0,Bryce_Elder,0.0,0.0,2.0,0.0,0.0,4.0,2.0,1.0,1.0,4.0,0.11764705882352941,0.3525,0.3525,0.0,0.0,42.3,1.2857142857142856,9.063025210084033,3.278571428571429,1.08,-13.0,53.0,0,1.0,0.8660254037844387,-0.4999999999999998,0.0,1.0,0.5,0.5,0.5,0.5,0.5,0.5,0.5,0.5,0.5,0.5,synthetic,synthetic,synthetic,synthetic,synthetic,0.0,0.0,0.0,0.0,0.0,-110.0,-110.0,-110.0,-110.0,-110.0,-110.0,-110.0,-110.0,-110.0,-110.0,0.0,0.0,0.0,0.0,0.0,2026-08-07T03:26:40.888653+00:00,-0.02400520233025616,0.16296907552334572,-0.3209731427774215,-0.47562012521448915,-0.39164140097698485,0.6,0.8,0.0,0.0,0.0,0.0,0.0,0.0,0.0,0.0,batter_pitcher_profile_network_v2,1.0,0.35,0.7416310885955879,0.0,0.5907025670764642,0.6581401338313102,-0.31391924462092524,0.0,13.0,1.9155014291618662,-0.013258170226234555,-0.05337975439499806,-0.005337975439499806,0.7606875583566759,-0.46214601994644,0.0,13.0,1.8181142127545131,-0.009349294943615043,-0.10485320444967704,-0.016776512711948327,0.6216736694677871,-0.3859852941176469,0.0,13.0,1.833852980629051,-0.013242764946060883,-0.07524016647279978,-0.0037620083236399892,0.6705081018518517,-0.6058960199464399,0.0,13.0,1.5634127132093418,0.056159477785454215,-0.04880500857956707,-0.001220125214489177,0.7181296296296295,-0.461549019607843,0.0,13.0,1.7689343155221438,-0.034104436127654264,-0.1112152263671145,-0.00667291358202687
2026-04-21,CJ_Abrams,682928,hitter,WSH,ATL,2026,822747,35,120,144,1,625643.0,Reynaldo_López,0.0,0.0,0.0,0.0,0.0,5.0,4.0,1.0,2.0,4.0,0.10869565217391304,0.13799999999999998,0.13799999999999998,0.0,0.0,16.56,2.4,9.9,3.278571428571429,1.08,9.0,62.0,0,1.0,0.8660254037844387,-0.4999999999999998,0.7818314824680298,0.6234898018587336,0.5,0.5,0.5,0.5,0.5,0.5,0.5,0.5,0.5,0.5,synthetic,synthetic,synthetic,synthetic,synthetic,0.0,0.0,0.0,0.0,0.0,-110.0,-110.0,-110.0,-110.0,-110.0,-110.0,-110.0,-110.0,-110.0,-110.0,0.0,0.0,0.0,0.0,0.0,2026-08-07T03:26:40.888653+00:00,-0.1711975470842385,-0.18596161688077756,0.08908453325582388,-0.47432377908869217,-0.4642496309609779,0.4,0.4,0.4,0.0,0.0,0.0,0.0,2.0,0.0,0.0,batter_pitcher_profile_network_v2,1.0,0.4,0.719577380612206,0.0,0.6047407083500019,0.6547222222222222,-0.1918863636363636,0.0,14.0,2.145353972709317,-0.023178553246292578,-0.0352301292274787,-0.00352301292274787,0.7577083333333332,-0.1639145021645021,0.0,14.0,2.1500922469258725,-0.02431140995713257,-0.07129543159181637,-0.01140726905469062,0.6291666666666667,-0.11456547619047604,0.0,14.0,2.1431772564140634,0.011201882552591141,-0.009011198237559812,-0.0004505599118779906,0.62078125,-0.11912283549783542,0.0,14.0,2.084594384602935,0.02378587119023661,0.003048836452311819,7.622091130779549e-05,0.7122222222222221,-0.17019047619047606,0.0,14.0,2.118330310458353,-0.052551776429476435,-0.07340482243451768,-0.00440428934607106
2026-04-22,CJ_Abrams,682928,hitter,WSH,ATL,2026,822748,36,120,144,1,800311.0,Didier_Fuentes,1.0,1.0,0.0,0.0,0.0,5.0,5.0,0.0,2.0,4.0,0.11904761904761904,0.178,0.178,0.0,0.0,21.36,1.392857142857143,9.642857142857144,2.7642857142857147,1.08,7.0,72.0,0,1.0,0.8660254037844387,-0.4999999999999998,0.9749279121818236,-0.22252093395631434,0.5,0.5,0.5,0.5,0.5,0.5,0.5,0.5,0.5,0.5,synthetic,synthetic,synthetic,synthetic,synthetic,0.0,0.0,0.0,0.0,0.0,-110.0,-110.0,-110.0,-110.0,-110.0,-110.0,-110.0,-110.0,-110.0,-110.0,0.0,0.0,0.0,0.0,0.0,2026-08-07T03:26:40.888653+00:00,-0.2583562722637527,-0.2951847765373895,-0.18694563688325694,-0.4763074109094821,-0.47231421045693067,0.2,0.2,0.4,0.0,0.0,0.0,0.0,0.0,0.0,0.0,batter_pitcher_profile_network_v2,1.0,0.1,0.800613616844968,0.0,0.5251924831936492,0.6574039769277471,-0.6752888198757763,0.0,15.0,2.0593935320555943,-0.03681929410851306,-0.0885151035899071,-0.00885151035899071,0.7589085154826957,-0.7397453416149067,0.0,15.0,1.9104973330139743,-0.033438019638497636,-0.16209235335868422,-0.025934776537389476,0.6439890710382512,-0.9292857142857143,0.0,15.0,1.4994193226662609,0.003124297918473277,-0.11619845195085338,-0.005809922597542669,0.6137293981481481,-0.7397453416149067,0.0,15.0,1.7925248637319169,0.014225672106409092,-0.07629643637928357,-0.0019074109094820895,0.7101703703703702,-0.9626190476190476,0.0,15.0,1.477594868965389,-0.06111517419983623,-0.18214160285360748,-0.010928496171216448
2026-04-23,CJ_Abrams,682928,hitter,WSH,ATL,2026,822745,37,120,144,1,702275.0,JR_Ritchie,1.0,4.0,1.0,1.0,1.0,4.0,3.0,1.0,1.0,4.0,0.125,0.6975,0.6975,1.0,30.0,65.0,2.25,9.0,2.8714285714285714,1.08,-4.0,78.0,0,1.0,0.8660254037844387,-0.4999999999999998,0.43388373911755823,-0.900968867902419,0.5,0.5,0.5,0.5,0.5,0.5,0.5,0.5,0.5,0.5,synthetic,synthetic,synthetic,synthetic,synthetic,0.0,0.0,0.0,0.0,0.0,-110.0,-110.0,-110.0,-110.0,-110.0,-110.0,-110.0,-110.0,-110.0,-110.0,0.0,0.0,0.0,0.0,0.0,2026-08-07T03:26:40.888653+00:00,-0.036586871478957006,1.298605826046613,0.11702810418594789,-0.14949806317133663,-0.2967439762029598,0.2,0.2,0.4,0.0,0.0,1.0,1.0,0.0,0.0,0.0,batter_pitcher_profile_network_v2,1.0,0.05,0.9425,0.0,0.5117271875,0.6407890681003583,-0.07075000000000001,0.0,15.0,2.3614117849932006,-0.03934230400811546,-0.00260681002766577,-0.000260681002766577,0.7481825268817203,-0.225,0.0,15.0,2.405090198040202,-0.045293483844758245,-0.07761983720866963,-0.012419173953387142,0.6342741935483872,0.1080000000000001,0.0,15.0,2.2918273245856238,-0.012305330451550056,-0.008366487709614567,-0.00041832438548072837,0.6179368055555554,-0.225,0.0,15.0,2.3271368618642794,0.00407203056840893,-0.003922526853466068,-9.80631713366517e-05,0.7168777777777776,-0.09199999999999992,0.0,15.0,2.36453037211152,-0.07417483928270381,-0.0594234129064723,-0.003565404774388338
2026-04-24,CJ_Abrams,682928,hitter,WSH,CWS,2026,824611,38,120,145,0,663542.0,Bryan_Hudson,0.0,0.0,0.0,0.0,0.0,4.0,4.0,0.0,1.0,4.0,0.10810810810810811,0.0,0.0,0.0,0.0,10.0,0.0,15.0,5.264333492594362,1.08,9.0,72.0,0,1.0,0.8660254037844387,-0.4999999999999998,-0.433883739117558,-0.9009688679024191,0.5,0.5,0.5,0.5,0.5,0.5,0.5,0.5,0.5,0.5,synthetic,synthetic,synthetic,synthetic,synthetic,0.0,0.0,0.0,0.0,0.0,-110.0,-110.0,-110.0,-110.0,-110.0,-110.0,-110.0,-110.0,-110.0,-110.0,0.0,0.0,0.0,0.0,0.0,2026-08-07T03:26:40.888653+00:00,-0.15744107471063995,0.6811533304309965,0.09912025003534208,-0.2354497977247943,-0.11038759445677288,0.4,1.0,0.6,0.2,0.2,1.0,4.0,1.0,1.0,1.0,batter_pitcher_profile_network_v2,1.0,0.0,1.0,0.0,0.5,0.6162944444444441,0.0,0.0,15.0,2.3145760018788604,-0.038052624420781,0.0,0.0,0.7319083333333332,0.0,0.0,15.0,2.3426510699079,-0.056461348429406456,-0.08469202264410969,-0.01355072362305755,0.6258333333333331,0.0,0.0,15.0,2.365196086691221,-0.021252816211846583,-0.021252816211846583,-0.0010626408105923293,0.6623534722222221,0.0,0.0,15.0,2.3106267663923474,-0.04199190899177135,-0.04199190899177135,-0.0010497977247942837,0.7225444444444443,0.0,0.0,15.0,2.32605370807489,-0.08309787159169467,-0.062323403693771,-0.00373940422162626
2026-04-25,CJ_Abrams,682928,hitter,WSH,CWS,2026,824613,39,120,145,0,702273.0,Noah_Schultz,0.0,0.0,0.0,0.0,0.0,1.0,1.0,0.0,1.0,9.0,0.022222222222222223,0.0,0.0,0.0,0.0,10.0,2.6769230769230767,8.94065934065934,4.747252747252747,1.08,13.0,49.0,0,1.0,0.8660254037844387,-0.4999999999999998,-0.9749279121818236,-0.2225209339563146,0.5,0.5,0.5,0.5,0.5,0.5,0.5,0.5,0.5,0.5,synthetic,synthetic,synthetic,synthetic,synthetic,0.0,0.0,0.0,0.0,0.0,-110.0,-110.0,-110.0,-110.0,-110.0,-110.0,-110.0,-110.0,-110.0,-110.0,0.0,0.0,0.0,0.0,0.0,2026-08-07T03:26:40.888653+00:00,-0.25527554511401895,0.021847122966734522,-0.22389284745038945,-0.33580486330931986,-0.3988333523917786,0.4,1.0,0.6,0.2,0.2,0.0,0.0,0.0,0.0,0.0,batter_pitcher_profile_network_v2,1.0,0.1,0.7709081563020909,0.0,0.5255563750852994,0.571162169312169,-0.4992554945054946,0.0,15.0,2.269027539114888,-0.03224884810407698,-0.0653268797116184,-0.00653268797116184,0.7001226190476189,-0.36636957779063045,0.0,15.0,2.350809040871885,-0.04028117266164645,-0.11918464812457527,-0.019069543699932044,0.6134920634920633,-0.0068070175438596225,0.0,15.0,2.3685099549634168,0.0008470030172316418,-0.00010969626053571274,-5.4848130267856375e-06,0.5982331018518517,-0.15321168305378838,0.0,15.0,2.3404692192391483,-0.03519682152918364,-0.05619453237279365,-0.0014048633093198413,0.7046740740740739,-0.15014035087719296,0.0,15.0,2.373913653836248,-0.08611217530885396,-0.08882205146248817,-0.00532932308774929
2026-04-26,CJ_Abrams,682928,hitter,WSH,CWS,2026,824612,40,120,145,0,663542.0,Bryan_Hudson,0.0,0.0,0.0,0.0,1.0,4.0,3.0,0.0,0.0,5.0,0.11764705882352941,0.0,0.0,0.0,0.0,10.0,0.0,12.0,5.068681318681319,1.08,0.0,55.0,0,1.0,0.8660254037844387,-0.4999999999999998,-0.7818314824680299,0.6234898018587334,0.5,0.5,0.5,0.5,0.5,0.5,0.5,0.5,0.5,0.5,synthetic,synthetic,synthetic,synthetic,synthetic,0.0,0.0,0.0,0.0,0.0,-110.0,-110.0,-110.0,-110.0,-110.0,-110.0,-110.0,-110.0,-110.0,-110.0,0.0,0.0,0.0,0.0,0.0,2026-08-07T03:26:40.888653+00:00,-0.23099814198868418,0.1177776698424412,-0.3090139695426293,-0.33803900238552986,-0.2762341402264028,0.4,1.0,0.2,0.2,0.2,0.0,0.0,0.0,0.0,0.0,batter_pitcher_profile_network_v2,1.0,0.05,0.9425,1.0,0.5304771875000001,0.5081217649051489,-0.11900000000000002,-0.1037037037037037,15.0,2.383577029033706,-0.02355298977178802,-0.1041990453985857,-0.01041990453985857,0.6506913617886178,-0.35587500000000005,-0.1111111111111111,15.0,2.35726362174982,-0.03310773197134238,-0.1708932399553304,-0.027342918392852866,0.5443976117886178,-0.14312499999999992,-0.1111111111111111,15.0,2.400450789662121,0.0037302970005870036,-0.10866659188684628,-0.005433329594342315,0.5526694444444444,-0.684,-0.1111111111111111,15.0,1.878639880981034,-0.01590693950452922,-0.14556009542119586,-0.0036390023855298968,0.647603472222222,-0.27749999999999997,-0.1111111111111111,15.0,2.3532010303255624,-0.08724773250490167,-0.18368578894898874,-0.011021147336939324
2026-04-28,CJ_Abrams,682928,hitter,WSH,NYM,2026,823636,41,120,121,0,605280.0,Clay_Holmes,1.0,1.0,0.0,0.0,0.0,4.0,4.0,0.0,1.0,4.0,0.125,0.2225,0.2225,0.0,0.0,26.7,2.6196428571428574,5.373214285714286,3.7228268025302684,1.08,7.0,57.0,0,2.0,0.8660254037844387,-0.4999999999999998,0.7818314824680298,0.6234898018587336,0.5,1.5,0.5,0.5,0.5,0.5,0.5,0.5,0.5,0.5,synthetic,real,real,real,synthetic,0.0,8.0,7.0,8.0,0.0,-110.0,52.857142857142854,141.14285714285714,718.75,-110.0,-110.0,-35.0,-191.4,0.0,-110.0,0.0,0.4629100498862757,0.0,0.0,0.0,2026-04-28T17:23:11.163256+00:00,0.07234083180408601,-0.7633382638687093,-0.2322583663549787,-0.33619678867226277,0.02940349290525157,0.4,1.0,0.2,0.2,0.4,0.0,0.0,0.0,0.0,1.0,batter_pitcher_profile_network_v2,1.0,0.3,0.6056207343181627,0.0,0.5827434380138076,0.4378835648148149,-0.2737930672268907,0.0,15.0,2.3986416375509028,-0.019812455606487495,-0.04728192678077165,-0.004728192678077166,0.5901652777777778,-0.2508939075630251,0.0,15.0,2.4005161782101156,-0.03029173727567483,-0.10383289917943243,-0.01661326386870919,0.47228125000000015,-0.36655812324929954,0.0,15.0,2.309811157379285,0.007780228573422016,-0.06049412962984184,-0.003024706481492092,0.5365953703703704,-0.17865126050420158,0.0,15.0,2.3377393894921563,-0.034064994094672375,-0.07187154689051069,-0.0017967886722627673,0.5691335648148148,-0.41424194677871135,0.0,15.0,2.269442490808113,-0.08686976980468446,-0.15813078702103248,-0.009487847221261949
2026-04-29,CJ_Abrams,682928,hitter,WSH,NYM,2026,823633,42,120,121,0,656849.0,David_Peterson,3.0,4.0,0.0,0.0,2.0,5.0,4.0,1.0,1.0,4.0,0.10204081632653061,0.748,0.748,0.25,21.25,65.0,3.3000000000000003,6.8181818181818175,3.171806394367003,1.08,8.0,53.0,0,1.0,0.8660254037844387,-0.4999999999999998,0.9749279121818236,-0.22252093395631434,0.5,4.0,0.5,0.5,0.5,0.5,0.5,0.5,0.5,0.5,synthetic,real,real,synthetic,synthetic,0.0,8.0,7.0,0.0,0.0,-110.0,0.0,0.0,-110.0,-110.0,-110.0,0.0,0.0,-110.0,-110.0,0.0,1.035098339013531,0.37796447300922725,0.0,0.0,2026-04-30T03:22:26.750124+00:00,0.08073364992370102,-2.5936624809622093,0.007521998510342742,-0.22388689652480492,-0.02839052163173461,0.4,1.0,0.2,0.2,0.4,1.0,1.0,0.0,0.0,0.0,batter_pitcher_profile_network_v2,1.0,0.4,0.6783603031450463,1.0,0.6255103451458928,0.4378835648148148,0.07428682735575248,0.1111111111111111,16.0,2.435915645965032,-0.013995294171408677,0.10370485058111792,0.010370485058111792,0.5901652777777777,-0.14411381921701238,0.1111111111111111,16.0,2.6106516684593033,-0.03701203173767002,0.01036842255761996,0.0016589476092191936,0.4764479166666665,0.021644349477682873,0.1111111111111111,16.0,2.536536867924756,-0.012354113539934262,0.08420500441127862,0.004210250220563931,0.5365953703703704,-0.36984684390837036,-0.1111111111111111,16.0,2.450974509928961,-0.04740161745936294,-0.2044758609921965,-0.0051118965248049125,0.5716335648148145,-0.024813983855650465,-0.1111111111111111,16.0,2.522002819049156,-0.10027931094969311,-0.17301402250141265,-0.010380841350084758
2026-04-30,CJ_Abrams,682928,hitter,WSH,NYM,2026,823634,43,120,121,0,642547.0,Freddy_Peralta,2.0,5.0,1.0,1.0,3.0,4.0,3.0,1.0,1.0,4.0,0.1111111111111111,0.92,0.92,1.0,30.0,65.0,3.1470588235294117,8.823529411764705,4.691604531012966,1.08,4.0,54.0,0,1.0,0.8660254037844387,-0.4999999999999998,0.43388373911755823,-0.900968867902419,0.5,0.5,0.5,0.5,0.5,0.5,0.5,0.5,0.5,0.5,synthetic,synthetic,synthetic,synthetic,synthetic,0.0,0.0,0.0,0.0,0.0,-110.0,-110.0,-110.0,-110.0,-110.0,-110.0,-110.0,-110.0,-110.0,-110.0,0.0,0.0,0.0,0.0,0.0,2026-08-07T03:26:40.888653+00:00,0.5922218926718141,2.290903042041789,0.05411572967077838,-0.1528961132793536,0.5690296270163475,0.8,1.0,0.0,0.0,0.6,3.0,4.0,0.0,0.0,2.0,batter_pitcher_profile_network_v2,1.0,0.4,0.6223074763749621,0.0,0.6095069336576269,0.5660399970836978,-0.4053442853258407,0.0,17.0,2.7653513286687184,-0.007112341673204455,-0.08665817980469429,-0.008665817980469429,0.6958513560804899,-0.35465748358280136,0.0,17.0,2.8192677023295127,-0.025694334378218123,-0.1317518205721543,-0.021080291291544685,0.6044291338582676,-0.16423499172396222,0.0,17.0,2.8574550413201076,-0.02679699987417973,-0.06428993759739834,-0.0032144968798699172,0.5879553240740741,-0.27729005934037715,0.0,17.0,2.7762364561092605,-0.07826774531536472,-0.13984453117414472,-0.0034961132793536183,0.6868962962962963,-0.2209205977845683,0.0,17.0,2.827159681022474,-0.08396413752780846,-0.12028777001612415,-0.007217266200967448
2026-05-01,CJ_Abrams,682928,hitter,WSH,MIL,2026,822744,44,120,158,1,694819.0,Jacob_Misiorowski,0.0,0.0,1.0,0.0,0.0,4.0,3.0,1.0,1.0,4.0,0.12121212121212122,0.1725,0.1725,0.0,0.0,20.7,3.225,12.7125,2.218722271517303,1.08,9.0,66.0,0,1.0,0.49999999999999994,-0.8660254037844387,-0.433883739117558,-0.9009688679024191,1.5,0.5,0.5,0.5,1.5,1.5,1.5,0.5,0.5,1.5,synthetic,real,real,real,synthetic,0.0,8.0,7.0,8.0,0.0,-110.0,745.4285714285714,317.5,1150.0,-110.0,-110.0,-368.75,-508.3333333333333,0.0,-110.0,0.0,1.407885953173359,0.0,0.0,0.0,2026-05-02T00:15:33.012287+00:00,-0.5013420511750992,1.525052356964478,-0.20013430822416511,-0.2375439981615799,-0.19694506085953978,1.2,2.0,0.2,0.2,1.2,2.0,5.0,1.0,1.0,3.0,batter_pitcher_profile_network_v2,1.0,0.45,0.6484464446479459,0.0,0.621754389738782,0.5802251822688829,-0.5742922796693287,0.0,18.0,2.8332758879028943,0.00047391153571370184,-0.11714426884276112,-0.011714426884276112,0.7064902449693787,-0.5218310039232169,0.0,18.0,2.9107065747909426,-0.0035383463159885742,-0.13491424624473752,-0.021586279399158005,0.6085958005249342,-0.22326454275839502,0.0,18.0,3.1187643604977726,-0.02068554466946086,-0.068453890546058,-0.0034226945273028997,0.6458905092592592,-0.4636513591144738,0.0,18.0,2.8874195549528237,-0.02048088196965624,-0.12575992646319642,-0.0031439981615799108,0.7035814814814814,-0.29806987062724744,0.0,18.0,3.072679176400519,-0.01673411890012336,-0.08627714968099108,-0.005176628980859465
2026-05-02,CJ_Abrams,682928,hitter,WSH,MIL,2026,822746,45,120,158,1,690986.0,Kyle_Harrison,1.0,1.0,0.0,0.0,1.0,4.0,3.0,1.0,0.0,4.0,0.1111111111111111,0.395,0.395,0.0,0.0,47.400000000000006,2.3846153846153846,9.692307692307692,1.7122287650237962,1.08,-7.0,58.0,0,1.0,0.49999999999999994,-0.8660254037844387,-0.9749279121818236,-0.2225209339563146,1.5,1.0,0.5,0.5,1.5,1.5,1.5,0.5,0.5,1.5,synthetic,real,real,real,synthetic,0.0,8.0,7.0,8.0,0.0,-110.0,-3.75,149.0,708.125,-110.0,-110.0,55.6,-203.6,0.0,-110.0,0.0,0.5345224838248488,0.0,0.0,0.0,2026-05-02T16:59:46.553036+00:00,-0.6969477898180182,0.4158030095213572,0.010339130443312694,-0.3380199427994166,-0.6487494032720462,1.2,2.0,0.4,0.2,1.2,0.0,0.0,1.0,0.0,0.0,batter_pitcher_profile_network_v2,1.0,0.4,0.7362094035984679,1.0,0.6226757392236751,0.6094194079906676,-0.34627600524475544,-0.003703703703703715,18.0,3.232923898665542,-0.01341201530380929,-0.05888222470252247,-0.005888222470252247,0.7259252843394575,-0.1341999562937064,-0.07160493827160493,18.0,3.2659695997042344,-0.024470457880171426,-0.12456452382485084,-0.019930323811976135,0.6324475065616796,0.016294070512820606,-0.1111111111111111,18.0,3.2233755650692975,-0.01170847833219832,-0.10544615615754391,-0.005272307807877196,0.6455571759259259,0.0547642045454545,-0.1111111111111111,18.0,3.065451394471805,-0.05766753512475205,-0.14479771197666258,-0.0036199427994165648,0.7057481481481481,0.03146161130536138,-0.1111111111111111,18.0,3.147664725441988,-0.024257232945700296,-0.10879180316504615,-0.006527508189902768
2026-05-03,CJ_Abrams,682928,hitter,WSH,MIL,2026,822742,46,120,158,1,701656.0,Logan_Henderson,2.0,2.0,2.0,0.0,0.0,4.0,4.0,0.0,1.0,4.0,0.12903225806451613,0.445,0.445,0.0,0.0,53.4,4.0,10.0,1.3908001935952246,1.08,0.0,55.0,0,1.0,0.49999999999999994,-0.8660254037844387,-0.7818314824680299,0.6234898018587334,1.5,2.5,0.5,0.5,1.5,1.5,2.5,0.5,0.5,1.5,synthetic,synthetic,synthetic,synthetic,synthetic,0.0,0.0,0.0,0.0,0.0,-110.0,-110.0,-110.0,-110.0,-110.0,-110.0,-110.0,-110.0,-110.0,-110.0,0.0,0.0,0.0,0.0,0.0,2026-08-07T03:26:40.888653+00:00,-0.43024195730783377,-0.7678220243314688,-0.0914000244455832,-0.33669951205803633,-0.46305247661281945,1.4,2.2,0.4,0.2,1.2,1.0,1.0,0.0,0.0,1.0,batter_pitcher_profile_network_v2,1.0,0.05,0.9425,0.0,0.5117271875,0.6038685185185183,0.20600000000000007,0.0,20.0,3.0899726228954125,0.009194279151785537,0.007152822601851851,0.0007152822601851852,0.7225888888888888,-0.19399999999999998,0.0,20.0,3.677284284342632,-0.03473155620429825,-0.06015781336200293,-0.009625250137920469,0.6299999999999998,0.2137037037037037,0.0,20.0,3.3392432980549853,-0.028155002399362437,-0.020413585732695774,-0.0010206792866347886,0.6499275462962962,-0.694,0.0,20.0,2.949222808913262,-0.06604512358649996,-0.09198048232145366,-0.0022995120580363414,0.7126185185185184,0.1618518518518519,0.0,20.0,3.347963088095983,-0.027385334204644233,-0.013907029607529812,-0.0008344217764517887
2026-05-05,CJ_Abrams,682928,hitter,WSH,MIN,2026,822743,47,120,142,1,671737.0,Taj_Bradley,0.0,0.0,0.0,0.0,1.0,4.0,4.0,0.0,2.0,4.0,0.1111111111111111,0.0,0.0,0.0,0.0,10.0,4.699248120300752,6.921052631578948,8.027472527472527,1.08,16.0,82.0,0,2.0,0.49999999999999994,-0.8660254037844387,0.7818314824680298,0.6234898018587336,1.5,2.5,0.5,0.5,1.5,1.5,2.5,0.5,0.5,1.5,synthetic,synthetic,synthetic,synthetic,synthetic,0.0,0.0,0.0,0.0,0.0,-110.0,-110.0,-110.0,-110.0,-110.0,-110.0,-110.0,-110.0,-110.0,-110.0,0.0,0.0,0.0,0.0,0.0,2026-08-07T03:26:40.888653+00:00,0.3561011770135132,-0.7373252356646687,0.5058139381021858,-0.33828473938312964,-0.45141109059813433,1.6,2.4,0.8,0.2,1.2,2.0,2.0,2.0,0.0,0.0,batter_pitcher_profile_network_v2,1.0,0.45,0.6775421888588976,0.0,0.6201504868391533,0.5837574074074077,-0.4256205417586996,0.0,20.0,3.571751853874501,-0.01636930647884885,-0.08011759173106944,-0.008011759173106944,0.7100055555555558,-0.3775420694960168,0.0,20.0,3.615282041596832,-0.039494328975113215,-0.14567855623751272,-0.023308568998002037,0.6100000000000001,-0.27394506638585575,0.0,20.0,3.6311549329799715,-0.032308972276203926,-0.08619376542881302,-0.004309688271440651,0.6598164351851852,-0.3332687441371652,0.0,20.0,3.5388424564306136,-0.0844823296990552,-0.15538957532518524,-0.0038847393831296312,0.7225074074074074,-0.32528776973513807,0.0,20.0,3.585100578188355,-0.042317487349325944,-0.10752306064045673,-0.006451383638427404
2026-05-06,CJ_Abrams,682928,hitter,WSH,MIN,2026,822740,48,120,142,1,641927.0,Bailey_Ober,3.0,8.0,2.0,1.0,5.0,5.0,5.0,0.0,0.0,4.0,0.11627906976744186,0.9280000000000002,0.9280000000000002,1.0,30.0,65.0,1.5,7.2368421052631575,7.813186813186813,1.08,10.0,72.0,0,1.0,0.49999999999999994,-0.8660254037844387,0.9749279121818236,-0.22252093395631434,0.5,1.5,0.5,0.5,0.5,0.5,1.5,0.5,0.5,0.5,synthetic,synthetic,synthetic,synthetic,synthetic,0.0,0.0,0.0,0.0,0.0,-110.0,-110.0,-110.0,-110.0,-110.0,-110.0,-110.0,-110.0,-110.0,-110.0,0.0,0.0,0.0,0.0,0.0,2026-08-07T03:26:40.888653+00:00,0.6142320342389782,1.1261012144982216,0.7341526041564979,-0.01099010350528945,0.8526966125151254,1.0,1.6,0.8,0.2,1.0,0.0,0.0,0.0,0.0,1.0,batter_pitcher_profile_network_v2,1.0,0.55,0.6363540246397458,0.0,0.6496256475898972,0.5278225209080045,0.08074207703774264,0.0,21.0,3.5757762022792754,-0.008746322336980642,0.015497677498572593,0.0015497677498572593,0.6710181003584228,0.05437069351930032,0.0,21.0,3.7097942087592743,-0.038534478869440274,-0.04453456054890738,-0.007125529687825181,0.586290322580645,-0.005882979860791934,0.0,21.0,3.911381745612654,-0.04211302444051488,-0.0433672881963925,-0.002168364409819625,0.595696064814815,0.05529661944522628,0.0,21.0,3.7071969071616975,-0.07558263085831665,-0.06360414021157967,-0.001590103505289492,0.702137037037037,-0.02822865887313762,0.0,21.0,3.8671091974742455,0.0072342676636601745,-0.0017819031787826593,-0.00010691419072695955
2026-05-07,CJ_Abrams,682928,hitter,WSH,MIN,2026,822741,49,120,142,1,680573.0,Simeon_Woods_Richardson,0.0,0.0,0.0,0.0,0.0,4.0,4.0,0.0,1.0,4.0,0.11428571428571428,0.0,0.0,0.0,0.0,10.0,7.14065934065934,3.870329670329671,9.956043956043956,1.08,-6.0,59.0,0,1.0,0.49999999999999994,-0.8660254037844387,0.43388373911755823,-0.900968867902419,1.5,2.5,0.5,0.5,1.5,1.5,2.5,0.5,0.5,1.5,synthetic,synthetic,synthetic,synthetic,synthetic,0.0,0.0,0.0,0.0,0.0,-110.0,-110.0,-110.0,-110.0,-110.0,-110.0,-110.0,-110.0,-110.0,-110.0,0.0,0.0,0.0,0.0,0.0,2026-08-07T03:26:40.888653+00:00,0.37807275731375345,0.0468467091710143,0.7464208608850287,-0.23016943192841188,0.6094412658143629,1.2,2.2,1.0,0.2,1.4,3.0,8.0,2.0,1.0,5.0,batter_pitcher_profile_network_v2,1.0,0.55,0.5613484911577639,0.0,0.6546791454082457,0.5580644563918754,0.774011701320458,0.0,22.0,1.937841893629129,0.035756372955946164,0.18947482588478706,0.01894748258847871,0.6911793906810033,0.6564425089429626,0.0,22.0,2.385145013051076,0.03980311628293835,0.2587294323188372,0.04139670917101396,0.6064516129032256,0.5871153128480714,0.0,22.0,2.860130314624376,0.0011883088988880852,0.15737326165661494,0.007868663082830747,0.5956960648148147,0.5450200951498593,0.0,22.0,2.8677136900548033,0.02680734912592275,0.1692227228635257,0.004230568071588142,0.7021370370370369,0.6414112898595657,0.0,22.0,2.5759814821507305,0.14191197007039477,0.3039844668694225,0.01823906801216535
2026-05-08,CJ_Abrams,682928,hitter,WSH,MIA,2026,823871,50,120,146,0,702281.0,Robby_Snelling,1.0,1.0,1.0,0.0,1.0,4.0,3.0,1.0,1.0,4.0,0.10810810810810811,0.395,0.395,0.0,0.0,47.400000000000006,4.5,16.5,2.8010204081632653,1.0766666666666667,0.0,72.0,0,1.0,0.49999999999999994,-0.8660254037844387,-0.433883739117558,-0.9009688679024191,1.5,2.5,0.5,0.5,1.5,1.5,2.5,0.5,0.5,1.5,synthetic,synthetic,synthetic,synthetic,synthetic,0.0,0.0,0.0,0.0,0.0,-110.0,-110.0,-110.0,-110.0,-110.0,-110.0,-110.0,-110.0,-110.0,-110.0,0.0,0.0,0.0,0.0,0.0,2026-08-07T03:26:40.888653+00:00,-0.9285735980878838,-0.9351058549341813,0.18354306368064888,-0.33355120512817693,-0.4465312145827558,1.2,2.2,0.8,0.2,1.4,0.0,0.0,0.0,0.0,0.0,batter_pitcher_profile_network_v2,1.0,0.0,1.0,0.0,0.5,0.5366732526881717,0.0,0.0,23.0,4.323828907218617,0.020208269123182587,0.0,0.0,0.6565080943847071,0.0,0.0,23.0,4.439674669259877,0.041833712549018784,0.06275056882352817,0.010040091011764507,0.6051391129032254,0.0,0.0,23.0,4.572214011804726,0.025516541125385945,0.025516541125385945,0.0012758270562692974,0.4982423611111113,0.0,0.0,23.0,4.456009435499488,0.0766184615395891,0.0766184615395891,0.0019154615384897274,0.6585236111111111,0.0,0.0,23.0,4.487221569873284,0.19516955275434875,0.14637716456576155,0.008782629873945692
2026-05-09,CJ_Abrams,682928,hitter,WSH,MIA,2026,823869,51,120,146,0,676083.0,Janson_Junk,2.0,4.0,1.0,0.0,2.0,5.0,5.0,0.0,0.0,4.0,0.125,0.502,0.502,0.4,30.0,65.0,0.5625,6.575,1.5153061224489797,1.0766666666666667,0.0,72.0,0,1.0,0.49999999999999994,-0.8660254037844387,-0.9749279121818236,-0.2225209339563146,1.5,2.5,0.5,0.5,1.5,1.5,2.5,0.5,0.5,1.5,synthetic,synthetic,synthetic,synthetic,synthetic,0.0,0.0,0.0,0.0,0.0,-110.0,-110.0,-110.0,-110.0,-110.0,-110.0,-110.0,-110.0,-110.0,-110.0,0.0,0.0,0.0,0.0,0.0,2026-08-07T03:26:40.888653+00:00,-0.317260110002747,-0.2503286041723882,0.46572331256407307,-0.15912976859958938,-0.30211490215020853,1.2,2.2,1.0,0.2,1.4,1.0,1.0,1.0,0.0,1.0,batter_pitcher_profile_network_v2,1.0,0.4,0.6940371875162337,0.0,0.6059921778117046,0.5366732526881716,0.10115454429201232,0.0,23.0,4.174310854821939,0.022282378245371964,0.01660978432627184,0.0016609784326271839,0.656508094384707,-0.05484973976575216,0.0,23.0,4.489914091539836,0.04160082003622371,0.051383723922574405,0.008221395827611905,0.6051391129032254,-0.21097328165255794,0.0,23.0,4.550930747717621,0.031221845628481768,-0.007839871167520846,-0.00039199355837604233,0.4982423611111112,-0.18900544152013804,0.0,23.0,4.492456551834419,0.08228859905387227,0.05347592268309098,0.0013368980670772747,0.658523611111111,-0.18835266761747022,0.0,23.0,4.523648679864729,0.17326203729735962,0.09199652878904127,0.005519791727342476
2026-05-10,CJ_Abrams,682928,hitter,WSH,MIA,2026,823868,52,120,146,0,645261.0,Sandy_Alcantara,0.0,0.0,0.0,0.0,0.0,4.0,4.0,0.0,3.0,4.0,0.11764705882352941,0.0,0.0,0.0,0.0,10.0,7.346153846153847,7.461538461538461,2.8010204081632653,1.0766666666666667,0.0,72.0,0,1.0,0.49999999999999994,-0.8660254037844387,-0.7818314824680299,0.6234898018587334,1.5,2.5,0.5,0.5,1.5,1.5,2.5,0.5,0.5,1.5,synthetic,synthetic,synthetic,synthetic,synthetic,0.0,0.0,0.0,0.0,0.0,-110.0,-110.0,-110.0,-110.0,-110.0,-110.0,-110.0,-110.0,-110.0,-110.0,0.0,0.0,0.0,0.0,0.0,2026-08-07T03:26:40.888653+00:00,-0.18319165351867706,-0.29583666587250246,0.11761633689447137,-0.3335392639429661,0.035592243260400336,1.2,2.6,0.8,0.2,1.8,2.0,4.0,1.0,0.0,2.0,batter_pitcher_profile_network_v2,1.0,0.55,0.6387719576737794,0.0,0.6494627393517292,0.5285065860215051,-0.02951054296580614,0.0,24.0,4.614010571162763,0.02534789607134176,-0.005633899055395488,-0.0005633899055395488,0.6252025388291516,-0.17209042404963457,0.0,24.0,4.789503587724707,0.06192145452749435,0.054017161826269915,0.008642745892203187,0.5946391129032257,-0.15562604895104887,0.0,24.0,4.846969587261893,0.04502897289981343,0.011600447373218734,0.0005800223686609367,0.45449236111111113,-0.28032906041327094,0.0,24.0,4.685495866418902,0.12311924060813008,0.07709610894802252,0.001927402723700563,0.6211902777777778,-0.17998842268842263,0.0,24.0,4.788254799466671,0.19136783028341112,0.10313802792943425,0.0061882816757660546
2026-05-12,CJ_Abrams,682928,hitter,WSH,CIN,2026,824521,53,120,113,0,663903.0,Brady_Singer,2.0,2.0,0.0,0.0,0.0,5.0,4.0,1.0,2.0,4.0,0.1111111111111111,0.49399999999999994,0.49399999999999994,0.0,0.0,59.279999999999994,6.724999999999999,5.5874999999999995,5.71948051948052,1.08,0.0,76.0,0,2.0,0.49999999999999994,-0.8660254037844387,0.7818314824680298,0.6234898018587336,1.5,2.5,0.5,0.5,1.5,1.5,2.5,0.5,0.5,1.5,synthetic,synthetic,synthetic,synthetic,synthetic,0.0,0.0,0.0,0.0,0.0,-110.0,-110.0,-110.0,-110.0,-110.0,-110.0,-110.0,-110.0,-110.0,-110.0,0.0,0.0,0.0,0.0,0.0,2026-08-07T03:26:40.888653+00:00,-0.2293573339428958,-0.6190023130575686,0.3915571551085987,-0.33082521670998377,-0.12679342184746156,1.2,2.6,0.8,0.2,1.6,0.0,0.0,0.0,0.0,0.0,batter_pitcher_profile_network_v2,1.0,0.65,0.5744377502295812,0.0,0.6817603941379695,0.40231613595302607,0.7109245256735297,0.0,25.0,2.9435184067258007,0.017306051509296344,0.12171778611216852,0.012171778611216853,0.525832362240289,0.5712738103529936,0.0,25.0,3.470082539056163,0.03441883610103893,0.1794647100568635,0.028714353609098162,0.4780828252032519,0.5157098819175513,0.0,25.0,3.9013529719006077,-0.00226065700119354,0.10266258269145367,0.005133129134572684,0.43624050925925917,0.42410000557211724,0.0,25.0,4.054196303369566,0.06425822897092562,0.14299133160064947,0.003574783290016237,0.5308967592592593,0.5823823586771795,0.0,25.0,3.539499132837469,0.12158311195663682,0.22276475853076128,0.013365885511845676
2026-05-13,CJ_Abrams,682928,hitter,WSH,CIN,2026,824519,54,120,113,0,666157.0,Nick_Lodolo,2.0,4.0,2.0,0.0,0.0,5.0,5.0,0.0,1.0,4.0,0.11363636363636363,0.508,0.508,0.4,30.0,65.0,3.535714285714286,5.625,6.549837662337663,1.08,12.0,61.0,0,1.0,0.49999999999999994,-0.8660254037844387,0.9749279121818236,-0.22252093395631434,0.5,1.5,0.5,0.5,0.5,0.5,1.5,0.5,0.5,0.5,synthetic,synthetic,synthetic,synthetic,synthetic,0.0,0.0,0.0,0.0,0.0,-110.0,-110.0,-110.0,-110.0,-110.0,-110.0,-110.0,-110.0,-110.0,-110.0,0.0,0.0,0.0,0.0,0.0,2026-08-07T03:26:40.888653+00:00,0.8699623279678061,0.3910353905260946,0.18307660812315374,-0.2981224917646541,0.23504337912447004,1.0,1.4,0.4,0.0,0.6,2.0,2.0,0.0,0.0,0.0,batter_pitcher_profile_network_v2,1.0,0.25,0.8625,0.0,0.5610859375,0.44382916666666683,0.39983174178762404,0.0,26.0,4.452831343191575,0.03313294786859347,0.02440033595511642,0.002440033595511642,0.5687509259259261,0.5372968869365927,0.0,26.0,4.058902668041224,0.029048096635227408,0.085590508969908,0.01369448143518528,0.5381875000000002,0.41849837662337663,0.0,26.0,4.705309074729725,-0.025911070332940628,0.005058136489045979,0.0002529068244522989,0.45449236111111113,0.6381491596638655,0.0,26.0,3.7309672208956903,0.011220665645287587,0.05110032941383405,0.0012775082353458514,0.6211902777777779,0.5234361471861473,0.0,26.0,4.217943229959942,0.08516925432110824,0.10858553952038641,0.006515132371223184
2026-05-14,CJ_Abrams,682928,hitter,WSH,CIN,2026,824517,55,120,113,0,695505.0,Chase_Burns,0.0,0.0,0.0,0.0,0.0,3.0,2.0,1.0,1.0,4.0,0.08823529411764706,0.22999999999999998,0.22999999999999998,0.0,0.0,27.599999999999998,1.5,8.5,6.20698051948052,1.08,9.0,58.0,0,1.0,0.49999999999999994,-0.8660254037844387,0.43388373911755823,-0.900968867902419,1.5,2.5,0.5,0.5,0.5,1.5,2.5,0.5,0.5,0.5,synthetic,synthetic,synthetic,synthetic,synthetic,0.0,0.0,0.0,0.0,0.0,-110.0,-110.0,-110.0,-110.0,-110.0,-110.0,-110.0,-110.0,-110.0,-110.0,0.0,0.0,0.0,0.0,0.0,2026-08-07T03:26:40.888653+00:00,-0.07416738002952372,-0.4775060274635563,0.5150442982524577,-0.47309569826833264,0.10255940681945275,1.4,2.2,0.8,0.0,0.6,2.0,4.0,2.0,0.0,0.0,batter_pitcher_profile_network_v2,1.0,0.6,0.6323957608947263,0.0,0.6635189115742376,0.38910297619047607,-0.34157972757885396,0.0,27.0,5.199734307514288,0.004792081095566147,-0.0488581649501922,-0.00488581649501922,0.5310075396825397,-0.20667820098165207,0.0,27.0,5.513497239014359,0.035191773004014486,0.012443945999828385,0.0019910313599725417,0.5033978174603174,-0.19857843622811214,0.0,27.0,5.591344854052417,0.0021232060933060602,-0.03462396619607523,-0.0017311983098037616,0.4652562500000001,-0.06043879420199101,0.0,27.0,5.577216812335934,0.06250892649976686,0.05217206926669277,0.0013043017316673193,0.6083291666666665,-0.20601840797952461,0.0,27.0,5.505333220526636,0.16022042874819936,0.0740945827178959,0.004445674963073754
2026-05-15,CJ_Abrams,682928,hitter,WSH,BAL,2026,822739,56,120,110,1,669358.0,Shane_Baz,1.0,1.0,1.0,0.0,0.0,4.0,4.0,0.0,1.0,4.0,0.12121212121212122,0.2225,0.2225,0.0,0.0,26.7,6.390756302521008,8.508403361344536,1.1002747252747251,1.08,-4.0,71.0,0,1.0,0.49999999999999994,-0.8660254037844387,-0.433883739117558,-0.9009688679024191,1.5,1.5,0.5,0.5,0.5,1.5,1.5,0.5,0.5,0.5,synthetic,synthetic,synthetic,synthetic,synthetic,0.0,0.0,0.0,0.0,0.0,-110.0,-110.0,-110.0,-110.0,-110.0,-110.0,-110.0,-110.0,-110.0,-110.0,0.0,0.0,0.0,0.0,0.0,2026-08-07T03:26:40.888653+00:00,-0.587765764347934,-0.13981240563170405,-0.11379369594131905,-0.4761924556516118,-0.2552247609828509,1.2,2.0,0.6,0.0,0.4,0.0,0.0,0.0,0.0,0.0,batter_pitcher_profile_network_v2,1.0,0.5,0.6111721387982405,1.0,0.6563157064986078,0.35433958333333326,0.14607310062097104,-0.1111111111111111,28.0,5.53126564842479,0.023710408612864154,-0.06938403473514634,-0.006938403473514635,0.5080680555555557,0.012465123671209093,-0.1111111111111111,28.0,5.904394488152813,0.020735368638349377,-0.055944012470877894,-0.008951041995340463,0.48484375,0.14574678271766378,-0.1111111111111111,28.0,5.900900127101958,-0.03116082938201671,-0.09319409864656086,-0.0046597049323280435,0.46558958333333356,-0.114301180676617,-0.1111111111111111,28.0,5.98449257318677,0.03850376022043867,-0.07169822606447118,-0.0017924556516117796,0.61225625,0.11921598561621453,-0.1111111111111111,28.0,5.810741040541007,0.11408382632088823,0.024434136799304756,0.0014660482079582853
2026-05-16,CJ_Abrams,682928,hitter,WSH,BAL,2026,822737,57,120,110,1,605135.0,Chris_Bassitt,3.0,5.0,2.0,0.0,1.0,5.0,5.0,0.0,0.0,4.0,0.11627906976744186,0.686,0.686,0.4,30.0,65.0,3.9499999999999997,8.4,1.1002747252747251,1.08,7.0,83.0,0,1.0,0.49999999999999994,-0.8660254037844387,-0.9749279121818236,-0.2225209339563146,0.5,1.5,0.5,0.5,0.5,0.5,1.5,0.5,0.5,0.5,synthetic,synthetic,synthetic,synthetic,synthetic,0.0,0.0,0.0,0.0,0.0,-110.0,-110.0,-110.0,-110.0,-110.0,-110.0,-110.0,-110.0,-110.0,-110.0,0.0,0.0,0.0,0.0,0.0,2026-08-07T03:26:40.888653+00:00,0.48382435330987916,0.33406901464840755,0.2823442366456792,-0.2989203427934274,-0.38718331444549625,1.0,1.4,0.6,0.0,0.0,1.0,1.0,1.0,0.0,0.0,batter_pitcher_profile_network_v2,1.0,0.45,0.6919651471733317,0.0,0.6193554212620701,0.3224052419354839,0.6528041319397251,0.0,29.0,4.194993300912359,0.046441610024814686,0.06483131740750321,0.006483131740750322,0.4825757168458783,0.3606811933231424,0.0,29.0,5.418940635984763,0.021515920358052117,0.08588919038975726,0.013742270462361162,0.4554576612903227,0.5539174263432739,0.0,29.0,4.9091363449141765,-0.022335411528140215,0.055377449499323106,0.0027688724749661553,0.45965625000000027,0.10349545885986568,0.0,29.0,6.17659146301463,0.004532351203015353,0.019186288262903282,0.00047965720657258204,0.586854166666667,0.4981605996012777,0.0,29.0,5.019242195923822,0.06345706250395555,0.13764605407093086,0.008258763244255852
2026-05-17,CJ_Abrams,682928,hitter,WSH,BAL,2026,822738,58,120,110,1,687064.0,Brandon_Young,1.0,1.0,0.0,0.0,1.0,5.0,5.0,0.0,1.0,4.0,0.125,0.178,0.178,0.0,0.0,21.36,5.625,6.8125,4.31456043956044,1.08,0.0,81.0,0,1.0,0.49999999999999994,-0.8660254037844387,-0.7818314824680299,0.6234898018587334,1.5,2.5,0.5,0.5,0.5,1.5,2.5,0.5,0.5,0.5,synthetic,synthetic,synthetic,synthetic,synthetic,0.0,0.0,0.0,0.0,0.0,-110.0,-110.0,-110.0,-110.0,-110.0,-110.0,-110.0,-110.0,-110.0,-110.0,0.0,0.0,0.0,0.0,0.0,2026-08-07T03:26:40.888653+00:00,0.3780112418572177,-0.18432168221278245,0.5692673963826389,-0.4725351530825481,-0.0745512793476818,1.6,2.4,1.0,0.0,0.2,3.0,5.0,2.0,0.0,1.0,batter_pitcher_profile_network_v2,1.0,0.25,0.7219018014993379,0.0,0.5653917573290828,0.2886100721784775,0.15414000590202634,0.0,30.0,6.09827122634782,0.03821712200233971,0.01237157608133299,0.001237157608133299,0.37354560367454065,0.1913851121385009,0.0,30.0,6.221622093630949,0.0468636327730164,0.09017698617010977,0.014428317787217565,0.4000664370078741,0.20523412190963353,0.0,30.0,6.389746524453755,0.004953600354619994,0.027787488092334722,0.0013893744046167362,0.32215625000000014,0.26298837300806616,0.0,30.0,6.0935499540184015,0.05103246623668395,0.07459387669807534,0.0018648469174518834,0.4421041666666669,0.18395694799659007,0.0,30.0,6.302061751484593,0.11030369410072935,0.10534497790493663,0.0063206986742961975
2026-05-18,CJ_Abrams,682928,hitter,WSH,NYM,2026,822734,59,120,121,1,681035.0,Christian_Scott,2.0,3.0,1.0,0.0,1.0,7.0,6.0,0.0,3.0,4.0,0.11864406779661017,0.3085714285714286,0.3085714285714286,0.16666666666666666,14.166666666666666,44.52857142857143,3.1285714285714286,11.871428571428572,1.7680567879325644,1.08,8.0,94.0,0,1.0,0.49999999999999994,-0.8660254037844387,0.0,1.0,1.5,2.5,0.5,0.5,0.5,1.5,2.5,0.5,0.5,0.5,synthetic,synthetic,synthetic,synthetic,synthetic,0.0,0.0,0.0,0.0,0.0,-110.0,-110.0,-110.0,-110.0,-110.0,-110.0,-110.0,-110.0,-110.0,-110.0,0.0,0.0,0.0,0.0,0.0,2026-08-07T03:26:40.888653+00:00,-0.343631437489039,-0.6188591483799655,0.225495552136056,-0.3937450294730608,-0.033734500002763845,1.4,2.2,1.0,0.0,0.4,1.0,1.0,0.0,0.0,1.0,batter_pitcher_profile_network_v2,1.0,0.2,0.7842445890977979,0.0,0.5507860075671039,0.12002453703703703,-0.3561922492401214,0.0,31.0,6.107349629776873,0.014903787096381417,-0.009223934292633962,-0.0009223934292633962,0.1657250000000001,-0.3972359422492401,0.0,31.0,6.2052534055836315,0.05977900761000739,0.07546491705620802,0.012074386728993284,0.21837500000000012,0.10263690476190485,0.0,31.0,6.7214221568155,0.017902233924711537,0.0227380320282652,0.0011369016014132602,0.13724328703703714,-0.43161094224924,0.0,31.0,6.123366735789518,0.15564591149478293,0.1428654877442335,0.0035716371936058374,0.2132537037037039,-0.03429761904761895,0.0,31.0,6.694302827160143,0.15245536945560684,0.1127634716727621,0.006765808300365726
2026-05-19,CJ_Abrams,682928,hitter,WSH,NYM,2026,822736,60,120,121,1,690997.0,Nolan_McLean,0.0,0.0,1.0,0.0,0.0,4.0,2.0,1.0,1.0,4.0,0.10526315789473684,0.3525,0.3525,0.0,0.0,42.3,4.035714285714286,10.5,2.0894853593611358,1.08,9.0,81.0,0,1.0,0.49999999999999994,-0.8660254037844387,0.7818314824680298,0.6234898018587336,1.5,1.5,0.5,0.5,0.5,1.5,1.5,0.5,0.5,0.5,synthetic,synthetic,synthetic,synthetic,synthetic,0.0,0.0,0.0,0.0,0.0,-110.0,-110.0,-110.0,-110.0,-110.0,-110.0,-110.0,-110.0,-110.0,-110.0,0.0,0.0,0.0,0.0,0.0,2026-08-07T03:26:40.888653+00:00,-0.202512002507933,0.34090879017064957,0.25868450551456856,-0.47071667048160826,0.11373195960186455,1.4,2.0,0.8,0.0,0.6,2.0,3.0,1.0,0.0,1.0,batter_pitcher_profile_network_v2,1.0,0.45,0.5678405252416565,0.0,0.6261977910460537,-0.03360788703097872,-0.6161716466288351,0.0,32.0,5.372806916892107,-0.010150766844452612,-0.008949256543079775,-0.0008949256543079776,-0.010238503170564205,-0.5642762501236251,0.0,32.0,5.730556793033466,0.04619124663970865,0.06679013593497986,0.010686421749596777,0.07212908942202839,-0.4424319863355705,0.0,32.0,6.031678719697342,-0.00713566138014574,-0.02092682801713293,-0.0010463414008566464,0.0024043320105821345,-0.5029000185965316,0.0,32.0,5.987993293810779,0.14785572144350223,0.14733318073566987,0.003683329518391747,0.05726891534391563,-0.4857088746771141,0.0,32.0,5.8904148883911684,0.12087723013819268,0.07863696582661867,0.00471821794959712
2026-05-20,CJ_Abrams,682928,hitter,WSH,NYM,2026,822735,61,120,121,1,804267.0,Zach_Thornton,2.0,5.0,2.0,1.0,3.0,4.0,4.0,0.0,0.0,4.0,0.11428571428571428,0.7475,0.7475,0.75,30.0,65.0,0.0,9.0,2.0894853593611358,1.08,3.0,79.0,0,1.0,0.49999999999999994,-0.8660254037844387,0.9749279121818236,-0.22252093395631434,1.5,1.5,0.5,0.5,0.5,1.5,1.5,0.5,0.5,0.5,synthetic,synthetic,synthetic,synthetic,synthetic,0.0,0.0,0.0,0.0,0.0,-110.0,-110.0,-110.0,-110.0,-110.0,-110.0,-110.0,-110.0,-110.0,-110.0,0.0,0.0,0.0,0.0,0.0,2026-08-07T03:26:40.888653+00:00,-0.40311511799672206,1.0022415705916536,0.6156453322396753,-0.20908846896009714,0.08105098258068899,1.4,2.0,1.0,0.0,0.6,0.0,0.0,1.0,0.0,0.0,batter_pitcher_profile_network_v2,1.0,0.05,0.9425,0.0,0.5117271875,-0.11348972069597074,-0.6556666666666667,0.0,33.0,5.531269748202566,-0.020371212165619695,-0.004278657045005343,-0.00042786570450053434,-0.07101312067562063,-0.7362916666666668,0.0,33.0,5.266997363814735,0.020406688276024678,0.02760356619783342,0.004416570591653347,0.002316277472527377,-0.6882638888888889,0.0,33.0,5.226332434094535,-0.013987047484529558,-0.014078714567636335,-0.0007039357283818168,-0.006003075396825208,-0.804,0.0,33.0,4.904646412987069,0.11273876377170977,0.11246124159611454,0.0028115310399028635,0.013059424603174767,-0.7802777777777777,0.0,33.0,4.844446275143768,0.06581933421158617,0.04877857687720538,0.002926714612632323
2026-05-21,CJ_Abrams,682928,hitter,WSH,NYM,2026,822733,62,120,121,1,656849.0,David_Peterson,0.0,0.0,0.0,0.0,0.0,4.0,2.0,2.0,0.0,4.0,0.1111111111111111,0.345,0.345,0.0,0.0,41.4,3.0,12.299999999999999,3.4920827619585384,1.08,-10.0,61.0,0,1.0,0.49999999999999994,-0.8660254037844387,0.43388373911755823,-0.900968867902419,1.5,2.5,1.5,0.5,1.5,1.5,2.5,1.5,0.5,1.5,synthetic,synthetic,synthetic,synthetic,synthetic,0.0,0.0,0.0,0.0,0.0,-110.0,-110.0,-110.0,-110.0,-110.0,-110.0,-110.0,-110.0,-110.0,-110.0,0.0,0.0,0.0,0.0,0.0,2026-08-07T03:26:40.888653+00:00,-0.167695127709248,0.1387711933891418,-0.267193518090715,-0.23673052610942008,-0.08319980851869557,1.6,2.8,1.2,0.2,1.2,2.0,5.0,2.0,1.0,3.0,batter_pitcher_profile_network_v2,1.0,0.45,0.651858680960691,2.0,0.6590662902120419,0.006104118335368232,0.17085505503070336,0.2,32.0,6.245176632271325,0.016533338911108898,0.1655489514574352,0.01655489514574352,0.07656487077737079,-0.08778594346186128,0.2,32.0,6.814973763806986,0.014510484173553929,0.1846116253488021,0.029537860055808336,0.11998454670329664,0.20280837289884251,0.13333333333333336,32.0,6.641020262749466,-0.044548661676201015,0.07404687622715911,0.0037023438113579555,0.14568210978835994,-0.33383221418009323,-0.1777777777777778,32.0,6.583959852455438,0.07054212788240058,-0.09322104437680359,-0.00233052610942009,0.16630710978835997,0.1438039990498554,0.09333333333333332,32.0,6.624082943796589,-0.0021195261180362987,0.0838231119451822,0.005029386716710932
2026-05-22,CJ_Abrams,682928,hitter,WSH,ATL,2026,824922,63,120,144,0,693821.0,Bryce_Elder,2.0,7.0,1.0,1.0,3.0,5.0,5.0,0.0,0.0,4.0,0.1111111111111111,0.744,0.744,1.0,30.0,65.0,2.125,9.860294117647058,2.6326530612244903,1.08,-7.0,73.0,0,1.0,0.49999999999999994,-0.8660254037844387,-0.433883739117558,-0.9009688679024191,0.5,1.5,0.5,0.5,0.5,0.5,1.5,0.5,0.5,0.5,synthetic,synthetic,synthetic,synthetic,synthetic,0.0,0.0,0.0,0.0,0.0,-110.0,-110.0,-110.0,-110.0,-110.0,-110.0,-110.0,-110.0,-110.0,-110.0,0.0,0.0,0.0,0.0,0.0,2026-08-07T03:26:40.888653+00:00,0.2617585470663629,1.1532471869876049,0.3665576658628714,-0.010802995949302563,0.36581318363910964,1.0,1.8,0.8,0.2,1.0,0.0,0.0,0.0,0.0,0.0,batter_pitcher_profile_network_v2,1.0,0.65,0.5001748603618337,1.0,0.706423576743689,0.06519252645502639,-0.3882880717775675,-0.1111111111111111,33.0,6.4661049031622255,-0.009820503165911973,-0.09599536166930424,-0.009599536166930425,0.12319788359788361,-0.43742648275526425,-0.1111111111111111,33.0,6.571141035306583,0.008785145574520275,-0.09710091466080131,-0.01553614634572821,0.17332589285714284,-0.39696565677553064,0.1111111111111111,33.0,6.52205776593059,-0.10945260948480597,-0.06049974396706432,-0.003024987198353216,0.1559043320105821,-0.45096814942193086,-0.09876543209876543,33.0,6.5843218202650755,0.05310452116565246,-0.05611983797210377,-0.0014029959493025944,0.21007099867724877,-0.46822557741045123,-0.1111111111111111,33.0,6.276482151771048,0.028094072362586157,-0.11143560147969413,-0.0066861360887816475
2026-05-23,CJ_Abrams,682928,hitter,WSH,ATL,2026,824920,64,120,144,0,656550.0,Grant_Holmes,0.0,0.0,0.0,0.0,0.0,4.0,4.0,0.0,2.0,4.0,0.11428571428571428,0.0,0.0,0.0,0.0,10.0,4.5,8.15,2.8714285714285714,1.08,3.0,78.0,0,1.0,0.49999999999999994,-0.8660254037844387,-0.9749279121818236,-0.2225209339563146,1.5,2.5,0.5,0.5,1.5,1.5,2.5,0.5,0.5,1.5,synthetic,synthetic,synthetic,synthetic,synthetic,0.0,0.0,0.0,0.0,0.0,-110.0,-110.0,-110.0,-110.0,-110.0,-110.0,-110.0,-110.0,-110.0,-110.0,0.0,0.0,0.0,0.0,0.0,2026-08-07T03:26:40.888653+00:00,-0.19193013593964392,0.365352655795657,0.23947336795103247,-0.09281776685583593,-0.08277595928633241,1.2,3.0,1.0,0.4,1.4,2.0,7.0,1.0,1.0,3.0,batter_pitcher_profile_network_v2,1.0,0.55,0.5261154881363029,0.0,0.6570529689868165,0.20087612356958315,-0.24728374150500979,0.0,35.0,7.467438140414201,-0.010093522466343745,-0.023539454634534256,-0.002353945463453426,0.3054622569828967,-0.1560558511108069,0.0,35.0,7.819778228382123,0.03132085417461712,0.024391598722857375,0.00390265579565718,0.31736804401993385,-0.022560319582378377,0.0,35.0,7.9089853728130395,-0.09356823508205495,-0.09696121240792416,-0.004848060620396208,0.3450247023809523,-0.01028379228727748,0.0,35.0,7.802075842704829,0.06497074496083138,0.06328932576656335,0.0015822331441640838,0.42227470238095255,-0.1028071683218742,0.0,35.0,7.798849418511572,0.03304384983459125,0.004210202370651693,0.00025261214223910156
2026-05-24,CJ_Abrams,682928,hitter,WSH,ATL,2026,824921,65,120,144,0,527048.0,Martín_Pérez,0.0,0.0,0.0,0.0,0.0,4.0,3.0,1.0,0.0,4.0,0.1111111111111111,0.1725,0.1725,0.0,0.0,20.7,2.4,18.0,2.8714285714285714,1.08,0.0,79.0,0,1.0,0.49999999999999994,-0.8660254037844387,-0.7818314824680299,0.6234898018587334,0.5,2.5,0.5,0.5,1.5,0.5,2.5,0.5,0.5,1.5,synthetic,synthetic,synthetic,synthetic,synthetic,0.0,0.0,0.0,0.0,0.0,-110.0,-110.0,-110.0,-110.0,-110.0,-110.0,-110.0,-110.0,-110.0,-110.0,0.0,0.0,0.0,0.0,0.0,2026-08-07T03:26:40.888653+00:00,-0.23467509221192784,-0.9179766169669596,0.06345263719986083,-0.19327755492262555,-0.6522368890974367,0.8,2.4,0.8,0.4,1.2,0.0,0.0,0.0,0.0,0.0,batter_pitcher_profile_network_v2,1.0,0.35,0.7361199247845338,0.0,0.5909388582248631,0.10843714316475948,-0.2093008081448704,0.0,36.0,7.918348606795653,-0.028723269825222598,-0.005989017357373732,-0.0005989017357373733,0.233047689799434,-0.23663620928645904,0.0,36.0,8.155547338695335,0.003097595232882142,-0.009905939376831329,-0.0015849503002930126,0.2318944490586933,-0.23335938163144038,0.0,36.0,8.10419382669885,-0.06059602438818871,-0.07487582743135662,-0.0037437913715678314,0.33306173941798933,-0.23767787595312564,0.0,36.0,8.195177316595526,0.06578692107186168,0.04489780309497792,0.0011224450773744481,0.35890548941798944,-0.29537327052032936,0.0,36.0,7.9318269111318145,0.010077077786931652,-0.020416405592200655,-0.0012249843355320394
2026-05-25,CJ_Abrams,682928,hitter,WSH,CLE,2026,824437,66,120,114,0,676440.0,Tanner_Bibee,1.0,4.0,1.0,1.0,1.0,4.0,4.0,0.0,2.0,4.0,0.09523809523809523,0.525,0.525,0.75,30.0,65.0,2.225,7.2749999999999995,0.771428571428572,1.08,-5.0,64.0,0,1.0,0.49999999999999994,-0.8660254037844387,0.0,1.0,0.5,2.5,0.5,0.5,1.5,0.5,2.5,0.5,0.5,1.5,synthetic,synthetic,synthetic,synthetic,synthetic,0.0,0.0,0.0,0.0,0.0,-110.0,-110.0,-110.0,-110.0,-110.0,-110.0,-110.0,-110.0,-110.0,-110.0,0.0,0.0,0.0,0.0,0.0,2026-08-07T03:26:40.888653+00:00,0.1261876282896126,0.1275870317563208,0.004739969253022669,0.0689986694173409,-0.6692167037573398,0.8,2.4,0.6,0.4,1.2,0.0,0.0,0.0,0.0,0.0,batter_pitcher_profile_network_v2,1.0,0.75,0.513276730474893,0.0,0.7153427003876192,0.16655514219576734,0.16617912843206953,0.0,37.0,7.7354945666123935,-0.008732536569496113,0.013471520991363778,0.0013471520991363778,0.27287913359788374,0.17324414747502975,0.0,37.0,7.90720204572311,-0.004143836222646893,0.01679394847700289,0.0026870317563204627,0.2727321428571431,0.0866702698687992,0.0,37.0,8.410630293930176,-0.07813423829939903,-0.06662918636812121,-0.0033314593184060604,0.3345950727513228,0.1672099883158706,0.0,37.0,7.983653455621669,0.008715759304145412,0.03594677669363514,0.0008986694173408786,0.365470072751323,0.14024947407300342,0.0,37.0,8.114337981338274,-0.03966689739270378,-0.004802205479473506,-0.00028813232876841036
2026-05-26,CJ_Abrams,682928,hitter,WSH,CLE,2026,824434,67,120,114,0,676282.0,Joey_Cantillo,1.0,1.0,0.0,0.0,0.0,4.0,3.0,1.0,1.0,4.0,0.10256410256410256,0.395,0.395,0.0,0.0,47.400000000000006,2.4,7.576470588235293,0.9857142857142863,1.08,-4.0,70.0,0,1.0,0.49999999999999994,-0.8660254037844387,0.7818314824680298,0.6234898018587336,0.5,2.5,0.5,0.5,0.5,0.5,2.5,0.5,0.5,0.5,synthetic,synthetic,synthetic,synthetic,synthetic,0.0,0.0,0.0,0.0,0.0,-110.0,-110.0,-110.0,-110.0,-110.0,-110.0,-110.0,-110.0,-110.0,-110.0,0.0,0.0,0.0,0.0,0.0,2026-08-07T03:26:40.888653+00:00,0.15977997239648034,-0.39204919610498523,-0.03503754893256006,-0.09239365248050951,0.1974089314370019,0.6,2.2,0.4,0.4,0.8,1.0,4.0,1.0,1.0,1.0,batter_pitcher_profile_network_v2,1.0,0.65,0.5510145085081397,0.0,0.6836254697600394,0.22663243422697138,-0.13047397818278633,0.0,38.0,8.698453136079586,-0.03465831649279573,-0.013276337228905758,-0.001327633722890576,0.37599979742115563,-0.07045024530699766,0.0,38.0,8.95793835440544,-0.002276116113574319,-0.015307475656158653,-0.0024491961049853844,0.3333347511248592,0.09331025592055017,0.0,38.0,8.95630791047408,-0.08504569208442078,-0.07108064898087428,-0.003554032449043714,0.4882580357142859,0.020174754693002422,0.0,38.0,8.916830026954802,0.07583117543773346,0.08025390077961864,0.002006347519490466,0.4947372023809524,0.02033677107206533,0.0,38.0,8.901840168678389,-0.050293592649762964,-0.033202791068286115,-0.001992167464097167
2026-05-27,CJ_Abrams,682928,hitter,WSH,CLE,2026,824432,68,120,114,0,668909.0,Gavin_Williams,2.0,3.0,0.0,0.0,1.0,4.0,3.0,0.0,0.0,4.0,0.11764705882352941,0.72,0.72,0.3333333333333333,28.333333333333332,65.0,3.5,10.625,1.3530612244897964,1.08,-5.0,70.0,0,1.0,0.49999999999999994,-0.8660254037844387,0.9749279121818236,-0.22252093395631434,0.5,2.5,0.5,0.5,0.5,0.5,2.5,0.5,0.5,0.5,synthetic,synthetic,synthetic,synthetic,synthetic,0.0,0.0,0.0,0.0,0.0,-110.0,-110.0,-110.0,-110.0,-110.0,-110.0,-110.0,-110.0,-110.0,-110.0,0.0,0.0,0.0,0.0,0.0,2026-08-07T03:26:40.888653+00:00,0.179073653618681,-0.1243871343583578,0.039621521875229604,-0.03686411301386694,0.16950227135412166,0.8,2.4,0.4,0.4,0.8,1.0,1.0,0.0,0.0,0.0,batter_pitcher_profile_network_v2,1.0,0.75,0.4726842958853154,0.0,0.7190721303155366,0.17599933237511964,-0.266499242339159,0.0,39.0,8.999616628317792,-0.045440458797222756,-0.024733051648324112,-0.0024733051648324115,0.26385396408782225,-0.1598844549866824,0.0,39.0,9.416318401278337,0.008548101151776066,-0.00942326621032711,-0.0015077225936523375,0.2766160011248592,-0.1344495131254081,0.0,39.0,9.47304324501383,-0.08072533074503056,-0.10033666933814586,-0.005016833466907293,0.31298951719576723,-0.07922322310262438,0.0,39.0,9.481774701031735,0.14784415320022296,0.1347688127786579,0.0033692203194664477,0.36077076719576723,-0.10922910249738879,0.0,39.0,9.408037216339709,-0.050154350712530174,-0.05839551744731206,-0.003503731046838724
2026-05-29,CJ_Abrams,682928,hitter,WSH,SD,2026,822732,69,120,135,1,608337.0,Lucas_Giolito,0.0,0.0,1.0,0.0,0.0,5.0,2.0,2.0,2.0,4.0,0.11904761904761904,0.41999999999999993,0.41999999999999993,0.0,0.0,50.39999999999999,2.7,4.5,0.867230983302412,1.08,11.0,78.0,0,2.0,0.49999999999999994,-0.8660254037844387,-0.433883739117558,-0.9009688679024191,0.5,1.5,0.5,0.5,0.5,0.5,1.5,0.5,0.5,0.5,synthetic,synthetic,synthetic,synthetic,synthetic,0.0,0.0,0.0,0.0,0.0,-110.0,-110.0,-110.0,-110.0,-110.0,-110.0,-110.0,-110.0,-110.0,-110.0,0.0,0.0,0.0,0.0,0.0,2026-08-07T03:26:40.888653+00:00,0.6454751266510612,0.11848590688493199,-0.2774295491311113,-0.33238892373044615,-0.05726472026383911,0.8,1.6,0.2,0.2,0.4,2.0,3.0,0.0,0.0,1.0,batter_pitcher_profile_network_v2,1.0,0.1,0.7251161931165966,0.0,0.5261173266343216,0.33089726180060786,-0.25075000000000003,0.0,40.0,9.603885689551607,-0.04805235991498011,-0.022807793477019604,-0.0022807793477019607,0.41196492938382673,-0.369,0.0,40.0,9.50918299061096,-0.010326069242278996,-0.05727558196917415,-0.009164093115067865,0.4313010404949377,-0.16799999999999987,0.0,40.0,9.989058951816979,-0.11090427704140256,-0.13082196592463813,-0.006541098296231907,0.41634599867724875,-0.369,0.0,40.0,9.497974746738176,0.12267391005497527,0.08044305078215475,0.002011076269553869,0.5139189153439152,-0.3679999999999999,0.0,40.0,9.335864508169058,-0.05571271681308352,-0.0937711571493306,-0.005626269428959835
2026-05-30,CJ_Abrams,682928,hitter,WSH,SD,2026,822731,70,120,135,1,650633.0,Michael_King,1.0,1.0,1.0,0.0,0.0,4.0,4.0,0.0,1.0,4.0,0.10810810810810811,0.2225,0.2225,0.0,0.0,26.7,3.802139037433155,9.77692895339954,0.7947282980177717,1.08,-10.0,71.0,0,1.0,0.49999999999999994,-0.8660254037844387,-0.9749279121818236,-0.2225209339563146,0.5,1.5,0.5,0.5,0.5,0.5,1.5,0.5,0.5,0.5,synthetic,synthetic,synthetic,synthetic,synthetic,0.0,0.0,0.0,0.0,0.0,-110.0,-110.0,-110.0,-110.0,-110.0,-110.0,-110.0,-110.0,-110.0,-110.0,0.0,0.0,0.0,0.0,0.0,2026-08-07T03:26:40.888653+00:00,0.05320782010565217,-0.38515047260949564,-0.13040689690124985,-0.3303040662964635,-0.2854845895408372,0.8,1.6,0.4,0.2,0.4,0.0,0.0,1.0,0.0,0.0,batter_pitcher_profile_network_v2,1.0,0.75,0.44421417158554416,0.0,0.7216878229855781,0.40372920655115313,0.042168978421408154,0.0,40.0,9.569789260946337,-0.027852779495352094,0.009462169359993724,0.0009462169359993724,0.4734331394644372,0.1617011412074712,0.0,40.0,9.47532946286784,0.005053301800602273,0.05012795835281516,0.008020473336450425,0.5077970283533262,0.3715802935271606,0.0,40.0,8.882078977392574,-0.1345603259734853,-0.02969056036709522,-0.001484528018354761,0.43130896164021176,0.318319930027347,0.0,40.0,8.837854006888659,0.08753115606605143,0.1638373481414589,0.0040959337035364725,0.5901318783068784,0.3339211320364774,0.0,40.0,8.869131015224916,-0.10394323759399654,0.03156434038564976,0.0018938604231389855
2026-05-31,CJ_Abrams,682928,hitter,WSH,SD,2026,822729,71,120,135,1,656288.0,Griffin_Canning,2.0,3.0,0.0,0.0,0.0,4.0,4.0,0.0,0.0,4.0,0.11764705882352941,0.54,0.54,0.25,21.25,65.0,13.950000000000003,8.85,2.0804425837320575,1.08,0.0,71.0,0,1.0,0.49999999999999994,-0.8660254037844387,-0.7818314824680299,0.6234898018587334,0.5,1.5,0.5,0.5,0.5,0.5,1.5,0.5,0.5,0.5,synthetic,synthetic,synthetic,synthetic,synthetic,0.0,0.0,0.0,0.0,0.0,-110.0,-110.0,-110.0,-110.0,-110.0,-110.0,-110.0,-110.0,-110.0,-110.0,0.0,0.0,0.0,0.0,0.0,2026-08-07T03:26:40.888653+00:00,0.4415550885338918,0.3229226757708503,0.24731883270008403,-0.21664002068606725,-0.118315996640673,1.0,1.8,0.6,0.2,0.4,1.0,1.0,1.0,0.0,0.0,batter_pitcher_profile_network_v2,1.0,0.25,0.7808223305682174,0.0,0.5635873161263484,0.39199677087119844,0.17414595274007022,0.0,41.0,9.758762775993388,-0.036277390914430954,0.014962087140210582,0.0014962087140210582,0.4681666303162487,0.2500123371726312,0.0,41.0,9.670610293689906,-0.022094091050190768,-0.007486952902776223,-0.0011979124644441958,0.5024809160305345,0.625990060865061,0.0,41.0,7.762158048042826,-0.12271372262514363,-0.05377181208331813,-0.002688590604165907,0.43749414682539683,0.3627332967685909,0.0,41.0,9.166395704228814,0.050617058510143385,0.08539917255730994,0.0021349793139327487,0.6070253968253968,0.5595401450401452,0.0,41.0,8.03388417440842,-0.13683901146249763,-0.028184450062440553,-0.0016910670037464332
2026-06-01,CJ_Abrams,682928,hitter,WSH,MIA,2026,822730,72,120,146,1,645261.0,Sandy_Alcantara,1.0,1.0,1.0,0.0,0.0,4.0,4.0,0.0,0.0,4.0,0.12121212121212122,0.2225,0.2225,0.0,0.0,26.7,7.235294117647058,6.617647058823529,4.645488721804512,1.08,-8.0,77.0,0,1.0,1.2246467991473532e-16,-1.0,0.0,1.0,1.5,1.5,0.5,0.5,0.5,1.5,1.5,0.5,0.5,0.5,synthetic,synthetic,synthetic,synthetic,synthetic,0.0,0.0,0.0,0.0,0.0,-110.0,-110.0,-110.0,-110.0,-110.0,-110.0,-110.0,-110.0,-110.0,-110.0,0.0,0.0,0.0,0.0,0.0,2026-08-07T03:26:40.888653+00:00,-0.040604464468333656,0.026138303473130176,-0.07120442809586708,-0.4742089035127404,-0.22324747119979593,1.2,1.6,0.4,0.0,0.2,2.0,3.0,0.0,0.0,0.0,batter_pitcher_profile_network_v2,1.0,0.75,0.468023613943159,1.0,0.7382503304689723,0.43480791025485677,0.17432238267336883,-0.1111111111111111,41.0,9.549717796078328,-0.02596221681192093,-0.041234785811559656,-0.004123478581155966,0.5152505997818974,0.06644450443104519,-0.1111111111111111,41.0,10.151447448034382,-0.020271818888025466,-0.09375208056566345,-0.015000332890506151,0.5215648854961831,-0.012068502638495307,-0.1111111111111111,41.0,10.356875923122168,-0.14171734163548033,-0.2266227382673066,-0.011331136913365332,0.5139189153439154,-0.023316674430743416,-0.1111111111111111,41.0,10.323554826960613,0.09557533614611131,0.007643859490383251,0.0001910964872595813,0.6420439153439154,0.017410381733681757,-0.1111111111111111,41.0,10.230234949052669,-0.0729054009309157,-0.1302893639246009,-0.007817361835476053
2026-06-02,CJ_Abrams,682928,hitter,WSH,MIA,2026,822728,73,120,146,1,669199.0,Lake_Bachar,1.0,1.0,1.0,0.0,0.0,4.0,4.0,0.0,1.0,4.0,0.11428571428571428,0.2225,0.2225,0.0,0.0,26.7,9.0,14.25,4.645488721804512,1.08,-6.0,75.0,0,1.0,1.2246467991473532e-16,-1.0,0.7818314824680298,0.6234898018587336,1.5,1.5,0.5,0.5,0.5,1.5,1.5,0.5,0.5,0.5,synthetic,synthetic,synthetic,synthetic,synthetic,0.0,0.0,0.0,0.0,0.0,-110.0,-110.0,-110.0,-110.0,-110.0,-110.0,-110.0,-110.0,-110.0,-110.0,0.0,0.0,0.0,0.0,0.0,2026-08-07T03:26:40.888653+00:00,-0.5776137844611529,-0.2537258342833497,0.19062135490823195,-0.4732575655508138,-0.2268999371408747,1.2,1.6,0.6,0.0,0.2,1.0,1.0,1.0,0.0,0.0,batter_pitcher_profile_network_v2,1.0,0.0,1.0,0.0,0.5,0.43448933913308896,0.0,0.0,43.0,10.93676906127729,-0.03019521274991119,0.0,0.0,0.4948581043956043,0.0,0.0,43.0,11.206397616053941,-0.03042014284729054,-0.04563021427093581,-0.00730083428334973,0.5254893543956042,0.0,0.0,43.0,11.297893183072457,-0.1755616236398749,-0.1755616236398749,-0.008778081181993745,0.43749414682539695,0.0,0.0,43.0,11.230548386812748,0.04569737796744743,0.04569737796744743,0.0011424344491861858,0.5984316468253967,0.0,0.0,43.0,11.178461122029956,-0.07387496069111821,-0.055406220518338656,-0.0033243732311003193
2026-06-03,CJ_Abrams,682928,hitter,WSH,MIA,2026,822727,74,120,146,1,676974.0,Max_Meyer,0.0,0.0,0.0,0.0,0.0,4.0,4.0,0.0,2.0,4.0,0.12121212121212122,0.0,0.0,0.0,0.0,10.0,2.4999999999999996,9.428571428571429,4.933082706766917,1.08,-8.0,79.0,0,1.0,1.2246467991473532e-16,-1.0,0.9749279121818236,-0.22252093395631434,0.5,1.5,0.5,0.5,0.5,0.5,1.5,0.5,0.5,0.5,synthetic,synthetic,synthetic,synthetic,synthetic,0.0,0.0,0.0,0.0,0.0,-110.0,-110.0,-110.0,-110.0,-110.0,-110.0,-110.0,-110.0,-110.0,-110.0,0.0,0.0,0.0,0.0,0.0,2026-08-07T03:26:40.888653+00:00,0.557622642371735,-0.6028561165950144,0.21537476171397507,-0.47193628917671293,-0.4075128879057579,1.0,1.2,0.8,0.0,0.0,1.0,1.0,1.0,0.0,0.0,batter_pitcher_profile_network_v2,1.0,0.7,0.4701815913274848,0.0,0.7046819285436682,0.318585403947904,-0.6035369647335569,0.0,43.0,9.0064951564084,-0.04963837396913373,-0.10187245985521887,-0.010187245985521887,0.32758727106227115,-0.5784845257818663,0.0,43.0,9.302851422243826,0.0008112268573679316,-0.09918595599156675,-0.01586975295865068,0.3947081043956045,-0.4380740158479498,0.0,43.0,9.82963041698976,-0.16352130311549806,-0.2551329270328696,-0.012756646351643482,0.25455896164021174,-0.5423897271241481,0.0,43.0,9.460060870960788,0.17170054842955118,0.09854843293148245,0.0024637108232870614,0.3991943783068785,-0.5102594185325136,0.0,43.0,9.430791904337235,0.06139401035553845,-0.06187462982597133,-0.00371247778955828
2026-06-05,CJ_Abrams,682928,hitter,WSH,AZ,2026,825073,75,120,109,0,518876.0,Merrill_Kelly,2.0,5.0,2.0,1.0,1.0,6.0,4.0,2.0,1.0,4.0,0.11538461538461539,0.7283333333333334,0.7283333333333334,0.75,30.0,65.0,3.482142857142857,4.839285714285714,1.7967032967032968,1.08,0.0,75.0,0,2.0,1.2246467991473532e-16,-1.0,-0.433883739117558,-0.9009688679024191,0.5,1.5,0.5,0.5,0.5,0.5,1.5,0.5,0.5,0.5,synthetic,synthetic,synthetic,synthetic,synthetic,0.0,0.0,0.0,0.0,0.0,-110.0,-110.0,-110.0,-110.0,-110.0,-110.0,-110.0,-110.0,-110.0,-110.0,0.0,0.0,0.0,0.0,0.0,2026-08-07T03:26:40.888653+00:00,0.5116657759774428,0.5101916905256663,0.1953200612063114,-0.208469846215607,-0.34555029054163694,1.0,1.2,0.6,0.0,0.0,0.0,0.0,0.0,0.0,0.0,batter_pitcher_profile_network_v2,1.0,0.6,0.6224891169293796,0.0,0.6642470499056906,0.26062003713878745,0.7195956489325902,0.0,43.0,6.985100401446898,0.02438068723208608,0.07079878541545412,0.007079878541545412,0.28382177960927985,0.706351157933211,0.0,43.0,7.1111927507484385,0.01534366557438648,0.09869806578541335,0.015791690525666136,0.3431335851648355,0.7039861874236876,0.0,43.0,7.736131108531592,-0.11585306827472602,-0.024661046936042916,-0.001233052346802146,0.2505959986772487,0.7321613431183962,0.0,43.0,7.005539244376493,0.06794169921401279,0.13720615137571884,0.003430153784392971,0.37007516534391566,0.7417871133496134,0.0,43.0,7.202164618408233,-0.06212782481518517,0.05703728218150846,0.003422236930890508
2026-06-06,CJ_Abrams,682928,hitter,WSH,AZ,2026,825075,76,120,109,0,593958.0,Eduardo_Rodriguez,0.0,0.0,0.0,0.0,0.0,4.0,4.0,0.0,2.0,4.0,0.10526315789473684,0.0,0.0,0.0,0.0,10.0,1.5,6.214285714285713,3.75,1.08,0.0,75.0,0,1.0,1.2246467991473532e-16,-1.0,-0.9749279121818236,-0.2225209339563146,1.5,1.5,0.5,0.5,0.5,1.5,1.5,0.5,0.5,0.5,synthetic,synthetic,synthetic,synthetic,synthetic,0.0,0.0,0.0,0.0,0.0,-110.0,-110.0,-110.0,-110.0,-110.0,-110.0,-110.0,-110.0,-110.0,-110.0,0.0,0.0,0.0,0.0,0.0,2026-08-07T03:26:40.888653+00:00,-0.0875120319869469,0.42702468537912575,0.2788909113458804,-0.23567851186470046,-0.19312890999208593,1.2,2.0,0.8,0.2,0.2,2.0,5.0,2.0,1.0,1.0,batter_pitcher_profile_network_v2,1.0,0.65,0.5056471584487903,1.0,0.7059878450085151,0.3000154010341513,-0.10019055539055532,-0.01481481481481481,44.0,11.542080485464302,-0.04356729807289913,-0.026012550445911543,-0.0026012550445911544,0.3719711580086582,-0.19117060050051846,-0.07901234567901236,44.0,11.745092548148001,-0.039295670976861895,-0.1535792690120433,-0.02457268304192693,0.395144074675325,-0.16731335344982873,0.051851851851851836,44.0,11.722060865161186,-0.20616555852557192,-0.1998133520297635,-0.009990667601488175,0.3946145171957672,-0.24911117427101023,-0.1111111111111111,44.0,11.590973045642976,0.08110290067988371,-0.05114047458801793,-0.0012785118647004484,0.4877047949735453,-0.235288080225785,-0.1111111111111111,44.0,11.46636208609548,0.022313174797964224,-0.12363972793827537,-0.007418383676296522
2026-06-07,CJ_Abrams,682928,hitter,WSH,AZ,2026,825074,77,120,109,0,647336.0,Michael_Soroka,1.0,4.0,1.0,1.0,1.0,4.0,4.0,0.0,0.0,4.0,0.125,0.525,0.525,0.75,30.0,65.0,3.5000000000000013,5.5,4.714285714285714,1.08,0.0,74.0,0,1.0,1.2246467991473532e-16,-1.0,-0.7818314824680299,0.6234898018587334,0.5,1.5,0.5,0.5,0.5,0.5,1.5,0.5,0.5,0.5,synthetic,synthetic,synthetic,synthetic,synthetic,0.0,0.0,0.0,0.0,0.0,-110.0,-110.0,-110.0,-110.0,-110.0,-110.0,-110.0,-110.0,-110.0,-110.0,0.0,0.0,0.0,0.0,0.0,2026-08-07T03:26:40.888653+00:00,0.4628782953314815,0.5320571782352017,0.3642404820280315,-0.0705572906070675,-0.1160356997843956,0.8,1.4,0.8,0.2,0.2,0.0,0.0,0.0,0.0,0.0,batter_pitcher_profile_network_v2,1.0,0.75,0.5316474034550932,0.0,0.7136548948075633,0.1906364027176528,0.12957003501925363,0.0,44.0,11.533165046282244,-0.008936075158392669,0.011568667600529296,0.0011568667600529295,0.2853512085137086,0.02495558778477676,0.0,44.0,12.092989419816963,-0.024485216697509096,-0.03339263602998824,-0.005342821764798118,0.29276718073593094,0.1332522547065752,0.0,44.0,12.09350735177861,-0.1477473922682172,-0.12947607372508657,-0.006473803686254329,0.37854044312169305,-0.08396760498630752,0.0,44.0,12.221822564816637,0.06859502594477865,0.05370837571729825,0.0013427093929324564,0.4067348875661377,0.1593340820158122,0.0,44.0,11.794115258170217,-0.0238028780661353,0.01250024168864462,0.0007500145013186771
2026-06-08,CJ_Abrams,682928,hitter,WSH,SF,2026,823218,78,120,137,0,657277.0,Logan_Webb,2.0,2.0,1.0,0.0,2.0,4.0,4.0,0.0,1.0,4.0,0.11764705882352941,0.445,0.445,0.0,0.0,53.4,5.1923076923076925,8.175824175824177,7.717346938775511,1.08,13.0,59.0,0,1.0,1.2246467991473532e-16,-1.0,0.0,1.0,0.5,1.5,0.5,0.5,0.5,0.5,1.5,0.5,0.5,0.5,synthetic,synthetic,synthetic,synthetic,synthetic,0.0,0.0,0.0,0.0,0.0,-110.0,-110.0,-110.0,-110.0,-110.0,-110.0,-110.0,-110.0,-110.0,-110.0,0.0,0.0,0.0,0.0,0.0,2026-08-07T03:26:40.888653+00:00,0.5081809552397967,0.5036290880106695,0.5948752298301649,-0.09566048709336233,0.291924935468841,0.8,2.0,0.8,0.4,0.4,1.0,4.0,1.0,1.0,1.0,batter_pitcher_profile_network_v2,1.0,0.6,0.5641267875290468,1.0,0.6872866811166151,0.34438745490620504,0.12031697844264093,-0.01111111111111112,44.0,11.933021802466024,-0.027366785309593796,0.009371100093968535,0.0009371100093968535,0.45621610750360764,-0.0481662832161949,-0.0839506172839506,44.0,12.556880800340503,-0.04043446111441809,-0.1358843764039066,-0.02174150022462506,0.42908346861471885,-0.001188679743891627,-0.1111111111111111,44.0,12.659683181784956,-0.1674299778788999,-0.254548224525158,-0.012727411226257902,0.5364108134920635,-0.19716142455895103,-0.1111111111111111,44.0,12.453011313768656,0.08257419069747382,-0.05041948373449501,-0.0012604870933623754,0.5661677579365082,-0.005170570203255585,-0.1111111111111111,44.0,12.499258454635507,0.010999157593807584,-0.07992254410675335,-0.004795352646405201
2026-06-09,CJ_Abrams,682928,hitter,WSH,SF,2026,823214,79,120,137,0,605288.0,Adrian_Houser,1.0,1.0,1.0,0.0,0.0,5.0,5.0,0.0,1.0,4.0,0.11904761904761904,0.178,0.178,0.0,0.0,21.36,6.585914085914086,9.948551448551449,9.003061224489796,1.08,14.0,64.0,0,1.0,1.2246467991473532e-16,-1.0,0.7818314824680298,0.6234898018587336,0.5,2.5,0.5,0.5,0.5,0.5,2.5,0.5,0.5,0.5,synthetic,synthetic,synthetic,synthetic,synthetic,0.0,0.0,0.0,0.0,0.0,-110.0,-110.0,-110.0,-110.0,-110.0,-110.0,-110.0,-110.0,-110.0,-110.0,0.0,0.0,0.0,0.0,0.0,2026-08-07T03:26:40.888653+00:00,0.7681330566277302,-0.7379946358821272,0.5214916482815675,-0.19014359751228171,0.7201462623864023,1.0,2.2,0.8,0.4,0.8,2.0,2.0,1.0,0.0,2.0,batter_pitcher_profile_network_v2,1.0,0.75,0.478865834169561,1.0,0.7372542014856716,0.23473866901934698,0.40225246038817936,-0.1111111111111111,45.0,10.822673191354967,0.04060474092590048,-0.03295153257622646,-0.003295153257622646,0.2998977811098998,0.3662278521877324,-0.1111111111111111,45.0,11.17760468808343,0.06351239582556135,0.07034602573670473,0.011255364117872757,0.3152443088876777,0.3688780305806284,-0.1111111111111111,45.0,11.729966203678996,-0.08467001815389409,-0.10622825885844665,-0.005311412942922333,0.3633645171957672,0.35206243302605583,-0.1111111111111111,45.0,11.293088556954528,0.18574818417087458,0.17025609950873316,0.0042564024877183295,0.40810062830687854,0.38404644375428115,-0.1111111111111111,45.0,11.36526670994426,0.1249361141678548,0.09322001936520818,0.005593201161912491
2026-06-12,CJ_Abrams,682928,hitter,WSH,SEA,2026,822726,80,120,136,1,682243.0,Bryce_Miller,0.0,0.0,0.0,0.0,0.0,3.0,3.0,0.0,2.0,4.0,0.10344827586206896,0.0,0.0,0.0,0.0,10.0,1.2,10.5,7.114285714285714,1.08,6.0,81.0,0,3.0,1.2246467991473532e-16,-1.0,-0.433883739117558,-0.9009688679024191,1.5,2.5,0.5,0.5,0.5,1.5,2.5,0.5,0.5,0.5,synthetic,synthetic,synthetic,synthetic,synthetic,0.0,0.0,0.0,0.0,0.0,-110.0,-110.0,-110.0,-110.0,-110.0,-110.0,-110.0,-110.0,-110.0,-110.0,0.0,0.0,0.0,0.0,0.0,2026-08-07T03:26:40.888653+00:00,-0.2859752952810726,-0.886394300445611,0.42994743038089733,-0.1943278077256847,0.2267437463437224,1.2,2.4,1.0,0.4,0.8,1.0,1.0,1.0,0.0,0.0,batter_pitcher_profile_network_v2,1.0,0.2,0.7064391859562565,0.0,0.5526922399440717,0.27141030844155856,-0.838697192513369,0.0,46.0,8.380752196008403,-0.08497633288569789,-0.06682356036409329,-0.006682356036409329,0.32964060245310256,-0.7898994932990031,0.0,46.0,9.055416443890683,-0.04908208752724084,-0.15006136054368935,-0.024009817686990297,0.352956574675325,-0.7681770455095618,0.0,46.0,8.620406666911348,-0.17763959347289512,-0.2572336583919066,-0.01286168291959533,0.36757192460317445,-0.7164427031755463,0.0,46.0,9.809219024664007,0.08019523553068636,0.0028876909726135574,7.219227431533893e-05,0.43826636904761923,-0.8230330125877511,0.0,46.0,8.266850572522,0.10505926228270802,-0.02709519640594088,-0.0016257117843564528
2026-06-13,CJ_Abrams,682928,hitter,WSH,SEA,2026,822725,81,120,136,1,622491.0,Luis_Castillo,3.0,3.0,2.0,0.0,2.0,4.0,4.0,0.0,0.0,4.0,0.10526315789473684,0.6675,0.6675,0.0,0.0,65.0,1.1294117647058823,8.947058823529412,5.571428571428571,1.08,7.0,88.0,0,1.0,1.2246467991473532e-16,-1.0,-0.9749279121818236,-0.2225209339563146,0.5,1.5,0.5,0.5,0.5,0.5,1.5,0.5,0.5,0.5,synthetic,synthetic,synthetic,synthetic,synthetic,0.0,0.0,0.0,0.0,0.0,-110.0,-110.0,-110.0,-110.0,-110.0,-110.0,-110.0,-110.0,-110.0,-110.0,0.0,0.0,0.0,0.0,0.0,2026-08-07T03:26:40.888653+00:00,0.3629942339572334,-0.30551338720208254,0.33829879713566724,-0.3295802148664908,0.22742115649254158,0.8,1.4,0.6,0.2,0.6,0.0,0.0,0.0,0.0,0.0,batter_pitcher_profile_network_v2,1.0,0.75,0.4858923285465635,0.0,0.7178586423147845,0.16482243704309543,0.35638214644993904,0.0,47.0,11.866316914448609,0.023976817773684458,0.03019856837964551,0.0030198568379645515,0.24645547831091724,0.360345473703717,0.0,47.0,11.93614488654292,0.03003771965618934,0.09071402735540596,0.014514244376864953,0.2554728394220286,0.4734453396191013,0.0,47.0,11.643533915167342,-0.07776677735095781,-0.015584207662597431,-0.0007792103831298716,0.35372007275132267,0.37695731580898023,0.0,47.0,11.807517676448725,0.1242416409575733,0.1927914053403667,0.004819785133509168,0.3668103505291007,0.515254550145417,0.0,47.0,11.032264124462923,0.08845003519469508,0.16350423728170738,0.009810254236902443
2026-06-14,CJ_Abrams,682928,hitter,WSH,SEA,2026,822722,82,120,136,1,676106.0,Emerson_Hancock,1.0,1.0,1.0,0.0,0.0,5.0,5.0,0.0,1.0,4.0,0.125,0.178,0.178,0.0,0.0,21.36,1.5999999999999999,6.8,7.224489795918367,1.08,0.0,90.0,0,1.0,1.2246467991473532e-16,-1.0,-0.7818314824680299,0.6234898018587334,1.5,1.5,0.5,0.5,0.5,1.5,1.5,0.5,0.5,0.5,synthetic,synthetic,synthetic,synthetic,synthetic,0.0,0.0,0.0,0.0,0.0,-110.0,-110.0,-110.0,-110.0,-110.0,-110.0,-110.0,-110.0,-110.0,-110.0,0.0,0.0,0.0,0.0,0.0,2026-08-07T03:26:40.888653+00:00,0.39730783455928753,0.2728396430665092,0.7033437313794599,-0.33257329254400053,0.7738816871515848,1.4,2.0,1.0,0.2,1.0,3.0,3.0,2.0,0.0,2.0,batter_pitcher_profile_network_v2,1.0,0.75,0.45939793586804856,0.0,0.720292814642123,0.1821316646316647,-0.2527325707931212,0.0,48.0,13.30898456182229,-0.021757763811601938,-0.02488423944113847,-0.002488423944113847,0.23481440781440793,-0.18395395269867743,0.0,48.0,13.910274749406684,0.013857730747848622,-0.0025647308343191046,-0.00041035693349105676,0.281953296703297,-0.3027012864556441,0.0,48.0,13.1158909153571,-0.15447606574347905,-0.20061516832916848,-0.010030758416458424,0.2599700727513227,-0.11530907502283642,0.0,48.0,14.074031316008227,0.08927387691763786,0.07306829823997918,0.0018267074559994796,0.35761243386243413,-0.267419048942902,0.0,48.0,13.272049060443669,0.18575868840901547,0.08761995592777433,0.00525719735566646
2026-06-15,CJ_Abrams,682928,hitter,WSH,KC,2026,822724,83,120,118,1,687765.0,Mitch_Spence,0.0,0.0,0.0,0.0,0.0,4.0,4.0,0.0,1.0,4.0,0.11428571428571428,0.0,0.0,0.0,0.0,10.0,15.0,2.25,4.217755102040817,1.08,-11.0,76.0,0,1.0,1.2246467991473532e-16,-1.0,0.0,1.0,1.5,1.5,0.5,0.5,0.5,1.5,1.5,0.5,0.5,0.5,synthetic,synthetic,synthetic,synthetic,synthetic,0.0,0.0,0.0,0.0,0.0,-110.0,-110.0,-110.0,-110.0,-110.0,-110.0,-110.0,-110.0,-110.0,-110.0,0.0,0.0,0.0,0.0,0.0,2026-08-07T03:26:40.888653+00:00,0.1538264644262859,-0.4425932144348328,0.3129952945331562,-0.47056483380120145,0.10653293603695135,1.4,1.4,1.0,0.0,0.8,1.0,1.0,1.0,0.0,0.0,batter_pitcher_profile_network_v2,1.0,0.1,0.7147747564417434,0.0,0.5262440092335886,0.27637550284744955,1.0,0.0,48.0,6.715012389968979,0.06819151443928786,0.07882927011319944,0.007882927011319945,0.30293869501999293,1.0,0.0,48.0,6.468163813017046,0.05888276447466453,0.1747299097822947,0.02795678556516715,0.3580470283533264,0.6615384615384615,0.0,48.0,10.68122710869679,-0.040408198874581344,0.0271507886223058,0.00135753943111529,0.26417748015873016,1.0,0.0,48.0,6.452092523887889,0.07805656183106069,0.153406647951941,0.0038351661987985255,0.38777817460317493,0.8307692307692308,0.0,48.0,8.717234159177972,0.10515534975877078,0.17075301558183814,0.010245180934910288
2026-06-16,CJ_Abrams,682928,hitter,WSH,KC,2026,822723,84,120,118,1,608379.0,Michael_Wacha,1.0,1.0,0.0,0.0,0.0,4.0,4.0,0.0,1.0,4.0,0.10526315789473684,0.2225,0.2225,0.0,0.0,26.7,7.431932773109243,4.915966386554622,2.824897959183674,1.08,7.0,78.0,0,1.0,1.2246467991473532e-16,-1.0,0.7818314824680298,0.6234898018587336,0.5,0.5,0.5,0.5,0.5,0.5,0.5,0.5,0.5,0.5,synthetic,synthetic,synthetic,synthetic,synthetic,0.0,0.0,0.0,0.0,0.0,-110.0,-110.0,-110.0,-110.0,-110.0,-110.0,-110.0,-110.0,-110.0,-110.0,0.0,0.0,0.0,0.0,0.0,2026-08-07T03:26:40.888653+00:00,0.5408087034579399,0.24095550997592485,0.07828362323212257,-0.4721564797976709,-0.1820764675634891,1.0,1.0,0.8,0.0,0.4,0.0,0.0,0.0,0.0,0.0,batter_pitcher_profile_network_v2,1.0,0.85,0.42771822103804,0.0,0.7529638402344141,0.20854234839234861,-0.016121695586050134,0.0,47.0,14.023767670737982,0.025005712377613603,-0.001924043536058905,-0.00019240435360589052,0.24247338217338238,0.012367771077324029,0.0,47.0,14.311202048088678,0.037327296321139736,0.057707134717951455,0.009233141554872233,0.28039560439560474,-0.015741059303980377,0.0,47.0,14.428142430715566,-0.1318311797590955,-0.1343570734885905,-0.0067178536744295254,0.24592562830687834,0.05596607204819788,0.0,47.0,14.251570197335813,0.08186421273154687,0.08974080809316327,0.002243520202329082,0.2974846560846564,-0.022454247006245764,0.0,47.0,14.238206733560123,0.1637449834432517,0.11898601321861034,0.00713916079311662
2026-06-17,CJ_Abrams,682928,hitter,WSH,KC,2026,822721,85,120,118,1,679883.0,Luinder_Avila,1.0,2.0,1.0,0.0,1.0,4.0,4.0,0.0,1.0,4.0,0.12121212121212122,0.3175,0.3175,0.25,21.25,49.35,37.199999999999996,4.8,4.4320408163265315,1.08,6.0,84.0,0,1.0,1.2246467991473532e-16,-1.0,0.9749279121818236,-0.22252093395631434,0.5,0.5,0.5,0.5,0.5,0.5,0.5,0.5,0.5,0.5,synthetic,synthetic,synthetic,synthetic,synthetic,0.0,0.0,0.0,0.0,0.0,-110.0,-110.0,-110.0,-110.0,-110.0,-110.0,-110.0,-110.0,-110.0,-110.0,0.0,0.0,0.0,0.0,0.0,2026-08-07T03:26:40.888653+00:00,0.8033553930661941,0.7565013329188475,0.11211563609223296,-0.3568977173752024,-0.05665017824650043,1.0,1.0,0.6,0.0,0.4,1.0,1.0,0.0,0.0,0.0,batter_pitcher_profile_network_v2,1.0,0.2,0.8900000000000001,0.0,0.548195,0.14646056586071177,0.5122542773935203,0.0,48.0,11.914442514750109,0.09364306167730924,0.008252755646478739,0.0008252755646478739,0.1641950950535258,0.6546634965416818,0.0,48.0,10.439601826413647,0.09467011641024631,0.1538293534700703,0.02461269655521125,0.22269023394241497,0.9038712686567164,0.0,48.0,8.400663990474179,0.02608528750286296,0.04822645097267201,0.002411322548633601,0.13799044312169312,0.8148780487804879,0.0,48.0,8.68383241552401,0.0627223128573561,0.07509130499190571,0.0018772826247976427,0.2083307208994714,0.8718283582089553,0.0,48.0,8.581197945339923,0.0834128318066911,0.08253877319530846,0.004952326391718507
2026-06-19,CJ_Abrams,682928,hitter,WSH,TB,2026,822966,86,120,139,0,643377.0,Griffin_Jax,1.0,4.0,1.0,1.0,1.0,4.0,4.0,0.0,0.0,4.0,0.125,0.525,0.525,0.75,30.0,65.0,4.5,9.15,7.937187812187811,1.08,0.0,72.0,0,2.0,1.2246467991473532e-16,-1.0,-0.433883739117558,-0.9009688679024191,1.5,1.5,0.5,0.5,0.5,1.5,1.5,0.5,0.5,0.5,synthetic,real,real,real,synthetic,0.0,8.0,7.0,8.0,0.0,-110.0,107.746493,130.559243,517.465605,-110.0,-110.0,-132.404775,-173.62537,0.0,-110.0,0.0,0.46291004988627577,0.0,0.0,0.0,2026-06-19T20:50:58.917955+00:00,-0.18978638867169884,0.8230743463039367,0.6639304351136912,-0.21083664993910545,0.47984363893155435,1.2,1.4,0.8,0.0,0.6,1.0,2.0,1.0,0.0,1.0,batter_pitcher_profile_network_v2,1.0,0.45,0.6855212521366815,0.0,0.6197106409759654,0.1735377187627189,-0.10821428571428578,0.0,48.0,14.56679929862921,0.011789453936602374,-0.005905678258777731,-0.0005905678258777731,0.20270949328449345,-0.10405357142857145,0.0,48.0,14.911139446245942,0.028065235690081482,0.03546466439960387,0.005674346303936619,0.24327060439560477,-0.21904166666666663,0.0,48.0,14.41103480087364,-0.14182166999221982,-0.15857910991398727,-0.007928955495699363,0.20828558201058195,-0.1295,0.0,48.0,14.901207291898775,0.05101643231499491,0.0425340024357821,0.0010633500608945524,0.24998002645502673,-0.21728571428571425,0.0,48.0,14.342711070863826,0.10020316717548823,0.05807080536939578,0.0034842483221637468
2026-06-20,CJ_Abrams,682928,hitter,WSH,TB,2026,822967,87,120,139,0,693855.0,Ian_Seymour,1.0,4.0,1.0,1.0,1.0,4.0,4.0,0.0,2.0,4.0,0.10810810810810811,0.525,0.525,0.75,30.0,65.0,7.05,7.95,4.7229020979020975,1.08,0.0,72.0,0,1.0,1.2246467991473532e-16,-1.0,-0.9749279121818236,-0.2225209339563146,0.5,1.5,0.5,0.5,0.5,0.5,1.5,0.5,0.5,0.5,synthetic,real,real,real,synthetic,0.0,7.0,4.0,7.0,0.0,-110.0,101.615828,130.865835,562.058432,-110.0,-110.0,-130.154826,-190.0,0.0,-110.0,0.0,0.4879500364742666,0.0,0.0,0.0,2026-06-20T11:58:55.263102+00:00,0.44208604003788765,1.205366805161482,0.35568849801804725,0.02928822316764179,0.16301573522320523,0.8,1.6,0.6,0.2,0.4,1.0,4.0,1.0,1.0,1.0,batter_pitcher_profile_network_v2,1.0,0.1,0.7326541697394162,0.0,0.5260249864206922,0.26068364112739145,-0.47575,0.0,48.0,12.874344515003724,-0.034055974350256486,-0.033156294637817815,-0.0033156294637817817,0.3224749847374851,-0.0325,0.0,48.0,15.1426389840617,0.011921063702496591,0.015079694421425247,0.0024127511074280394,0.3192201236263742,-0.04215151515151508,0.0,48.0,15.169903588230131,-0.11985916013637071,-0.1234564618654801,-0.006172823093274005,0.35997076719576726,0.4675,0.0,48.0,12.410258951974251,0.0025382771107518663,0.047528926705669244,0.0011882231676417312,0.3707797949735456,0.015424242424242493,0.0,48.0,15.014282293507609,0.06986129301721421,0.053924919882750215,0.0032354951929650126
2026-06-21,CJ_Abrams,682928,hitter,WSH,TB,2026,822968,88,120,139,0,607259.0,Nick_Martinez,2.0,6.0,2.0,1.0,1.0,4.0,4.0,0.0,0.0,4.0,0.11764705882352941,0.8425,0.8425,1.0,30.0,65.0,7.473214285714286,4.982142857142857,5.044330669330669,1.08,0.0,72.0,0,1.0,1.2246467991473532e-16,-1.0,-0.7818314824680299,0.6234898018587334,0.5,2.5,1.5,0.5,0.5,0.5,2.5,0.5,0.5,0.5,synthetic,real,real,real,synthetic,0.0,8.0,7.0,8.0,0.0,-110.0,152.851811,254.449041,885.207408,-110.0,-110.0,-181.577743,-378.991865,0.0,-110.0,0.0,0.7071067811865476,0.48795003647426666,0.0,0.0,2026-06-21T19:20:37.517202+00:00,0.6248893374817721,1.0472035149965766,-0.4385526199013965,0.22798926275611142,0.4230988988432034,0.8,2.2,0.6,0.4,0.6,1.0,4.0,1.0,1.0,1.0,batter_pitcher_profile_network_v2,1.0,0.85,0.4322265452899895,0.0,0.7524944109716798,0.17302737249292513,0.4290915565385003,0.0,47.0,12.661089145809834,0.09995198610096805,0.042154104284332125,0.004215410428433213,0.28387080564784084,0.3151283388136879,0.0,47.0,13.617711535087862,0.04513096687608042,0.1184870422580145,0.018957926761282322,0.24624788898117425,0.07368964540361608,0.0,47.0,15.000612651081221,-0.0728917211833125,-0.06258894971154115,-0.0031294474855770578,0.4037207671957672,0.19794083881368793,0.0,47.0,14.361493373889815,-0.14980187179028454,-0.10442948975554636,-0.0026107372438886594,0.37646729497354525,0.1471271454036161,0.0,47.0,14.600572075588138,0.06427855576307293,0.07965707000332353,0.004779424200199412
2026-06-22,CJ_Abrams,682928,hitter,WSH,PHI,2026,822720,89,120,143,1,641835.0,Tim_Mayza,1.0,1.0,0.0,0.0,0.0,4.0,4.0,0.0,0.0,4.0,0.10256410256410256,0.2225,0.2225,0.0,0.0,26.7,0.0,7.5,2.372448979591837,1.08,2.0,73.0,0,1.0,1.2246467991473532e-16,-1.0,0.0,1.0,1.5,3.5,0.5,0.5,0.5,1.5,3.5,0.5,0.5,0.5,synthetic,synthetic,synthetic,synthetic,synthetic,0.0,0.0,0.0,0.0,0.0,-110.0,-110.0,-110.0,-110.0,-110.0,-110.0,-110.0,-110.0,-110.0,-110.0,0.0,0.0,0.0,0.0,0.0,2026-08-07T03:26:40.888653+00:00,-0.22826614549223456,-0.4895519965055706,0.4555984232331237,0.03559121609364757,0.20903754385641693,1.2,3.4,1.0,0.6,0.8,2.0,6.0,2.0,1.0,1.0,batter_pitcher_profile_network_v2,1.0,0.1,0.6525000000000001,0.0,0.527006875,0.30880734126984144,-0.994,0.0,47.0,7.526904196360562,-0.06064618428643923,-0.10666668778472226,-0.010666668778472227,0.4636404761904764,-0.994,0.0,47.0,7.697612937047825,-0.08626356871765845,-0.28954372815982105,-0.046326996505571365,0.38598214285714316,-0.6399999999999999,0.0,47.0,11.266931813063927,-0.1417534709733174,-0.22759589954474602,-0.011379794977237302,0.5886337301587301,-0.994,0.0,47.0,7.789361641382309,-0.19702843635132422,-0.4003513562541019,-0.010008783906352549,0.5728698412698414,-0.815,0.0,47.0,9.402715058232562,0.039652094592852585,-0.13250482897599547,-0.007950289738559728
2026-06-24,CJ_Abrams,682928,hitter,WSH,PHI,2026,822719,90,120,143,1,605400.0,Aaron_Nola,1.0,1.0,0.0,0.0,0.0,4.0,2.0,1.0,0.0,4.0,0.10526315789473684,0.575,0.575,0.0,0.0,65.0,6.590109890109889,8.297802197802199,5.127551020408164,1.08,-4.0,83.0,0,2.0,1.2246467991473532e-16,-1.0,0.9749279121818236,-0.22252093395631434,1.5,3.5,0.5,0.5,0.5,1.5,3.5,0.5,0.5,0.5,synthetic,synthetic,synthetic,synthetic,synthetic,0.0,0.0,0.0,0.0,0.0,-110.0,-110.0,-110.0,-110.0,-110.0,-110.0,-110.0,-110.0,-110.0,-110.0,0.0,0.0,0.0,0.0,0.0,2026-08-07T03:26:40.888653+00:00,-0.22976204407570244,-0.9491459275621255,0.5275545276879381,-0.05490438496254513,0.3173424918711806,1.2,3.4,1.0,0.6,0.8,1.0,1.0,0.0,0.0,0.0,batter_pitcher_profile_network_v2,1.0,0.85,0.4135096863318758,0.0,0.7544433039106935,0.3599645833333338,0.3263225587777197,0.0,47.0,13.943101045495025,0.10400024853411385,0.06889182892817762,0.006889182892817762,0.483230092592593,0.374926570755221,0.0,47.0,13.676490082113586,0.06460603163564169,0.20316690010513277,0.03250670401682124,0.4167187500000005,0.4533565412391968,0.0,47.0,13.424638527621447,0.00010693097515092543,0.11090795440322679,0.00554539772016134,0.5405375,0.409594270479739,0.0,47.0,13.33953757367263,-0.15002497737507478,-0.020175398501805775,-0.0005043849625451444,0.5398256944444447,0.5075065641960379,0.0,47.0,12.709623324465841,0.0896621133973478,0.2279244527760291,0.013675467166561745
2026-06-25,CJ_Abrams,682928,hitter,WSH,PHI,2026,822717,91,120,143,1,650911.0,Cristopher_Sánchez,0.0,0.0,0.0,0.0,0.0,1.0,1.0,0.0,1.0,6.0,0.02631578947368421,0.0,0.0,0.0,0.0,10.0,3.474789915966386,8.373949579831933,5.770408163265307,1.08,6.0,86.0,0,1.0,1.2246467991473532e-16,-1.0,0.43388373911755823,-0.900968867902419,1.5,3.5,0.5,0.5,0.5,1.5,3.5,0.5,0.5,0.5,synthetic,synthetic,synthetic,synthetic,synthetic,0.0,0.0,0.0,0.0,0.0,-110.0,-110.0,-110.0,-110.0,-110.0,-110.0,-110.0,-110.0,-110.0,-110.0,0.0,0.0,0.0,0.0,0.0,2026-08-07T03:26:40.888653+00:00,-0.3272586019570054,-1.4740661723350432,-0.019071555016951458,-0.06303736081352979,-0.06809777059753291,1.2,3.2,0.8,0.6,0.6,1.0,1.0,0.0,0.0,0.0,batter_pitcher_profile_network_v2,1.0,0.8,0.393894641518464,1.0,0.7601483251311906,0.4308199074074075,-0.39075686626852,-0.003703703703703715,47.0,13.837660024720998,-0.007187301031557526,-0.10461660022337092,-0.010461660022337093,0.5373481481481482,-0.4540920771453235,0.1111111111111111,47.0,13.708844600125461,-0.05075124541894721,-0.1465813402519163,-0.02345301444030661,0.4784375,-0.5416514720563277,0.06666666666666668,47.0,12.45666464879454,-0.07939030583562978,-0.18999715834117692,-0.009499857917058846,0.5489449074074074,-0.578679341296267,0.1111111111111111,47.0,12.586206719776282,-0.23039573031674995,-0.34549443254119144,-0.008637360813529787,0.5806810185185184,-0.5159793022450069,0.1111111111111111,47.0,12.740324258098267,0.0818709399046379,-0.042759119697515,-0.0025655471818509
2026-06-26,CJ_Abrams,682928,hitter,WSH,BAL,2026,824824,92,120,110,0,669432.0,Trevor_Rogers,0.0,0.0,0.0,0.0,0.0,4.0,4.0,0.0,3.0,4.0,0.125,0.0,0.0,0.0,0.0,10.0,2.588235294117647,6.159663865546219,3.310542398777693,1.08,-5.0,83.0,0,1.0,1.2246467991473532e-16,-1.0,-0.433883739117558,-0.9009688679024191,0.5,1.5,0.5,0.5,0.5,0.5,2.5,0.5,0.5,0.5,synthetic,real,real,real,synthetic,0.0,8.0,7.0,6.0,0.0,-110.0,693.700787,491.428571,1360.381143,-110.0,-110.0,-1400.0,-950.0,0.0,-110.0,0.0,0.0,0.0,0.0,0.0,2026-06-27T01:11:02.474098+00:00,0.5558687279690488,0.04790441686969982,-0.11094325715990078,-0.19537924838804988,-0.1963052891836184,1.0,2.4,0.6,0.4,0.4,0.0,0.0,0.0,0.0,0.0,batter_pitcher_profile_network_v2,1.0,0.85,0.4354163782497618,0.0,0.7521622696147435,0.2529964974195507,0.3696661370789453,0.0,47.0,14.458993583812008,0.1087513718715864,0.05280225295252233,0.005280225295252234,0.34425445506982394,0.29183492610952894,0.0,47.0,15.126970737502724,0.0736626297131685,0.16721510543562346,0.026754416869699753,0.2976528346994535,0.3121094381663473,0.0,47.0,15.272612503978321,0.05314249333277346,0.10559245802429273,0.005279622901214637,0.39107453703703715,0.24347744632516244,0.0,47.0,15.408561239965099,-0.09292836261308181,-0.039169935521993285,-0.0009792483880498321,0.38380023148148157,0.3476928838087552,0.0,47.0,14.793948667742818,0.16993672063396342,0.20279318129161536,0.012167590877496921
2026-06-27,CJ_Abrams,682928,hitter,WSH,BAL,2026,824825,93,120,110,0,687064.0,Brandon_Young,0.0,0.0,0.0,0.0,0.0,5.0,4.0,1.0,3.0,4.0,0.10869565217391304,0.13799999999999998,0.13799999999999998,0.0,0.0,16.56,2.1,6.142857142857143,3.310542398777693,1.08,-5.0,75.0,0,1.0,1.2246467991473532e-16,-1.0,-0.9749279121818236,-0.2225209339563146,0.5,1.5,0.5,0.5,0.5,0.5,1.5,0.5,0.5,0.5,synthetic,real,real,real,synthetic,0.0,8.0,6.0,8.0,0.0,-110.0,114.262804,107.479517,460.14106,-110.0,-110.0,-150.980392,-140.0,0.0,-110.0,0.0,0.0,0.0,0.0,0.0,2026-06-27T13:01:31.487963+00:00,0.3542946521421272,-0.4368978759986608,-0.19382908937670718,-0.3404827637298804,-0.31130715989495006,0.8,1.6,0.4,0.2,0.2,0.0,0.0,0.0,0.0,0.0,batter_pitcher_profile_network_v2,1.0,0.6,0.5241172245125589,1.0,0.690227383998327,0.09884125303582224,-0.024599002554865426,0.0037037037037037025,46.0,16.17477879808066,0.0436521729629505,0.001665379715577241,0.0001665379715577241,0.23093182301153575,-0.09063527775227109,-0.06419753086419754,46.0,16.458494056702154,0.012823818605573148,-0.03964705107858651,-0.006343528172573842,0.1714899248633875,-0.11222588664555165,-0.1111111111111111,46.0,16.343718997599485,-0.005422788190534728,-0.09925462109444341,-0.004962731054722171,0.37944490740740744,-0.13176114883241044,-0.1111111111111111,46.0,16.423136523746365,-0.1348450886904629,-0.2433105491952156,-0.00608276372988039,0.3218581018518516,-0.15222370894520323,0.1111111111111111,46.0,16.02148960805569,0.16129286435338497,0.1823272201607261,0.010939633209643567
2026-06-28,CJ_Abrams,682928,hitter,WSH,BAL,2026,824821,94,120,110,0,680694.0,Kyle_Bradish,0.0,0.0,0.0,0.0,0.0,4.0,4.0,0.0,1.0,4.0,0.10526315789473684,0.0,0.0,0.0,0.0,10.0,4.141304347826087,11.820652173913041,2.6092436974789917,1.08,-5.0,76.0,0,1.0,1.2246467991473532e-16,-1.0,-0.7818314824680299,0.6234898018587334,0.5,0.5,0.5,0.5,0.5,0.5,0.5,0.5,0.5,0.5,synthetic,synthetic,synthetic,synthetic,synthetic,0.0,0.0,0.0,0.0,0.0,-110.0,-110.0,-110.0,-110.0,-110.0,-110.0,-110.0,-110.0,-110.0,-110.0,0.0,0.0,0.0,0.0,0.0,2026-08-07T03:26:40.888653+00:00,-0.22953922407239635,-0.2227054101064041,-0.5,-0.47700687155869537,-0.49126284820099564,0.4,0.4,0.0,0.0,0.0,0.0,0.0,0.0,0.0,0.0,batter_pitcher_profile_network_v2,1.0,0.9,0.4449296547144637,1.0,0.7846965055677304,-0.09968760245901649,-0.02697769988897324,0.011111111111111108,47.0,16.58478898469424,0.07289394222123852,0.006534612854995618,0.0006534612854995619,0.010806413175470417,-0.05039434820878411,-0.046913580246913576,47.0,16.865075315470694,0.09653555150557959,0.11060763420339538,0.01769722147254326,-0.003610484972677845,0.15478048605066325,-0.1111111111111111,47.0,16.705223756794467,0.04541336936979449,-0.034860500336564605,-0.0017430250168282303,0.19275416666666664,-0.06888455010902161,-0.1111111111111111,47.0,16.850190566711994,-0.01663088846282332,-0.10427486234781522,-0.0026068715586953805,0.13220902777777752,0.09421882730165297,-0.08888888888888889,47.0,16.630485574988725,0.2705653526666429,0.14561919665007272,0.008737151799004363
2026-06-29,CJ_Abrams,682928,hitter,WSH,BOS,2026,824741,95,120,111,0,624133.0,Ranger_Suarez,1.0,2.0,0.0,0.0,2.0,4.0,4.0,0.0,2.0,4.0,0.11428571428571428,0.3175,0.3175,0.25,21.25,49.35,1.7,10.950000000000001,5.410714285714286,1.08,0.0,79.0,0,1.0,1.2246467991473532e-16,-1.0,0.0,1.0,0.5,0.5,0.5,0.5,0.5,0.5,0.5,0.5,0.5,0.5,synthetic,synthetic,synthetic,synthetic,synthetic,0.0,0.0,0.0,0.0,0.0,-110.0,-110.0,-110.0,-110.0,-110.0,-110.0,-110.0,-110.0,-110.0,-110.0,0.0,0.0,0.0,0.0,0.0,2026-08-07T03:26:40.888653+00:00,-0.18415440534377037,0.09876018262708985,-0.23654954802461514,-0.3612859637578876,-0.2828170939209262,0.2,0.2,0.0,0.0,0.0,0.0,0.0,0.0,0.0,0.0,batter_pitcher_profile_network_v2,1.0,0.85,0.4853131952335976,0.0,0.7469667635463016,-0.068949897540984,-0.23002684014099106,0.0,47.0,16.348533203730916,0.03204229744276468,-0.008163101056751483,-0.0008163101056751483,0.03129821645415875,-0.32516604619313155,0.0,47.0,16.102553355586405,0.04697194626852648,0.06521989141931175,0.010435182627089881,0.016881318306010425,-0.31754375952581004,0.0,47.0,15.828157430235644,-0.04644623810804846,-0.04920524620658959,-0.0024602623103294795,0.19275416666666673,-0.4341704262470399,0.0,47.0,15.277385361637382,-0.05736535931609925,-0.10043855031550328,-0.0025109637578875823,0.1322090277777776,-0.33452096078367166,0.0,47.0,15.62485060264666,0.2525103433293824,0.16661986322265857,0.009997191793359514
2026-06-30,CJ_Abrams,682928,hitter,WSH,BOS,2026,824742,96,120,111,0,813349.0,Connelly_Early,1.0,4.0,1.0,1.0,1.0,5.0,5.0,0.0,2.0,4.0,0.12195121951219512,0.42000000000000004,0.42000000000000004,0.6,30.0,65.0,5.357142857142857,9.928571428571429,3.482142857142857,1.08,6.0,78.0,0,1.0,1.2246467991473532e-16,-1.0,0.7818314824680298,0.6234898018587336,0.5,0.5,0.5,0.5,0.5,0.5,0.5,0.5,0.5,0.5,synthetic,synthetic,synthetic,synthetic,synthetic,0.0,0.0,0.0,0.0,0.0,-110.0,-110.0,-110.0,-110.0,-110.0,-110.0,-110.0,-110.0,-110.0,-110.0,0.0,0.0,0.0,0.0,0.0,2026-08-07T03:26:40.888653+00:00,-0.06355824144763805,0.9826954085557389,-0.265582690491592,-0.24997544639106767,0.25364844169074885,0.2,0.4,0.0,0.0,0.4,1.0,2.0,0.0,0.0,2.0,batter_pitcher_profile_network_v2,1.0,0.95,0.35934458048380186,0.0,0.7906812744461975,-0.0986683629326053,-0.11870193186586372,0.0,47.0,17.251061387878078,0.03513996328329462,-0.007503436543745094,-0.0007503436543745094,0.0337590543412261,-0.013472389968132957,0.0,47.0,17.743160137242594,0.06633874006012308,0.09921673030263645,0.01587467684842183,0.003085211748633458,0.06850520031224376,0.0,47.0,17.711393031844214,-0.022102803158190198,-0.02196739868201585,-0.0010983699341007925,0.2656048611111111,0.11024084532598469,0.0,47.0,17.461738978436195,-0.04177656948015334,-0.02301785564270689,-0.0005754463910676724,0.18479930555555535,0.05709588658675357,0.0,47.0,17.522522713473045,0.23824623548934684,0.1854444114544073,0.011126664687264438
2026-07-03,CJ_Abrams,682928,hitter,WSH,PIT,2026,822714,97,120,134,1,656605.0,Mitch_Keller,1.0,1.0,1.0,0.0,0.0,4.0,4.0,0.0,1.0,4.0,0.10256410256410256,0.2225,0.2225,0.0,0.0,26.7,5.25,7.9375,5.940659340659342,1.08,-5.0,100.0,0,3.0,-0.4999999999999997,-0.8660254037844388,-0.433883739117558,-0.9009688679024191,0.5,1.5,0.5,0.5,0.5,0.5,1.5,0.5,0.5,0.5,synthetic,synthetic,synthetic,synthetic,synthetic,0.0,0.0,0.0,0.0,0.0,-110.0,-110.0,-110.0,-110.0,-110.0,-110.0,-110.0,-110.0,-110.0,-110.0,0.0,0.0,0.0,0.0,0.0,2026-08-07T03:26:40.888653+00:00,0.3526023812001575,-0.046990705911815756,-0.0024347426189162413,-0.22966091507820063,0.27633038724249037,0.4,1.2,0.2,0.2,0.6,1.0,4.0,1.0,1.0,1.0,batter_pitcher_profile_network_v2,1.0,1.0,0.3227198248195337,1.0,0.8292168214596072,-0.10598406165311693,0.23066459688088098,0.1111111111111111,48.0,17.591600993839016,0.07349364318663291,0.07348443471219632,0.007348443471219632,0.015548588527551642,0.14448114973262038,0.1111111111111111,48.0,18.183530477747425,0.11763893890756605,0.2514643380511506,0.040234294088184096,-0.011271087398374152,0.2992995989304815,0.08888888888888889,48.0,17.535848533472418,0.024742874577190547,0.0835304223469476,0.00417652111734738,0.24685486111111096,0.1138478348767446,0.1111111111111111,48.0,18.227852204271557,0.09704475362422982,0.18956339687197427,0.004739084921799357,0.1569868055555555,0.27737009043085104,0.1111111111111111,48.0,17.45958296880213,0.23896672911478775,0.2822005932356433,0.016932035594138597
2026-07-04,CJ_Abrams,682928,hitter,WSH,PIT,2026,822716,98,120,134,1,677952.0,Braxton_Ashcraft,0.0,0.0,0.0,0.0,0.0,4.0,4.0,0.0,1.0,4.0,0.11428571428571428,0.0,0.0,0.0,0.0,10.0,3.5000000000000004,12.5,7.86923076923077,1.08,-5.0,93.0,0,1.0,-0.4999999999999997,-0.8660254037844388,-0.9749279121818236,-0.2225209339563146,0.5,1.5,0.5,0.5,0.5,0.5,1.5,0.5,0.5,0.5,synthetic,synthetic,synthetic,synthetic,synthetic,0.0,0.0,0.0,0.0,0.0,-110.0,-110.0,-110.0,-110.0,-110.0,-110.0,-110.0,-110.0,-110.0,-110.0,0.0,0.0,0.0,0.0,0.0,2026-08-07T03:26:40.888653+00:00,0.3129126692123517,-0.4613512654590375,0.10291416963231304,-0.3367457233786513,0.14847789079296858,0.6,1.4,0.4,0.2,0.6,1.0,1.0,1.0,0.0,0.0,batter_pitcher_profile_network_v2,1.0,0.9,0.4187497176083074,1.0,0.7875828436336841,-0.1388069783197834,-0.30350057797055807,0.007407407407407405,49.0,17.651629501615695,0.01669904950809619,-0.0192322822354578,-0.00192322822354578,-0.011763911472448195,-0.2812028670645814,-0.05185185185185184,49.0,18.258815596583602,0.06413152895070223,0.057492090881016124,0.00919873454096258,-0.04361483739837403,-0.27219388081010265,-0.1111111111111111,49.0,17.913175740989512,-0.060227523586837556,-0.14594737658450896,-0.007297368829225448,0.2391881944444444,-0.27647834099823076,-0.1111111111111111,49.0,18.346969472055747,0.023428781236702258,-0.09382893514605078,-0.0023457233786512697,0.12416388888888905,-0.24242788554943914,-0.1037037037037037,49.0,18.07204322210004,0.24622235266048215,0.09360587219050134,0.00561635233143008
2026-07-05,CJ_Abrams,682928,hitter,WSH,PIT,2026,822715,99,120,134,1,696149.0,Bubba_Chandler,1.0,1.0,0.0,0.0,1.0,5.0,4.0,0.0,0.0,4.0,0.125,0.178,0.178,0.0,0.0,21.36,3.930921052631579,5.592105263157895,6.385714285714286,1.08,2.0,92.0,0,1.0,-0.4999999999999997,-0.8660254037844388,-0.7818314824680299,0.6234898018587334,0.5,1.5,0.5,0.5,0.5,0.5,1.5,0.5,0.5,0.5,synthetic,synthetic,synthetic,synthetic,synthetic,0.0,0.0,0.0,0.0,0.0,-110.0,-110.0,-110.0,-110.0,-110.0,-110.0,-110.0,-110.0,-110.0,-110.0,0.0,0.0,0.0,0.0,0.0,2026-08-07T03:26:40.888653+00:00,0.46948231989259037,-0.49705753183465307,0.006315070639706155,-0.33377762278403256,0.14551013747540942,0.6,1.4,0.4,0.2,0.6,0.0,0.0,0.0,0.0,0.0,batter_pitcher_profile_network_v2,1.0,0.85,0.47015600661934726,0.0,0.7485450058107604,-0.2946651535682023,-0.15954930098599254,0.0,50.0,19.30522088259073,0.051817929611355264,-0.02490988378086387,-0.0024909883780863873,-0.16051504065040648,-0.10238549216980342,0.0,50.0,19.8967306782719,0.09619040014560198,0.13557792603341895,0.02169246816534703,-0.1989400406504065,0.2516234987546866,0.0,50.0,19.239256069954887,-0.02241287292016189,-0.02241287292016189,-0.0011206436460080946,0.135831712962963,0.026766905090470576,0.0,50.0,19.937762172760415,0.02296868472506389,0.02489508863869702,0.0006223772159674256,-0.028984259259259106,0.12953731154007475,0.0,50.0,19.613394233792654,0.24054273754877678,0.1804070531615826,0.010824423189694956
2026-07-06,CJ_Abrams,682928,hitter,WSH,HOU,2026,822712,100,120,117,1,681347.0,Mike_Burrows,3.0,6.0,2.0,1.0,3.0,5.0,5.0,0.0,1.0,4.0,0.125,0.776,0.776,0.6,30.0,65.0,2.9,6.3,2.3245341614906834,1.08,2.0,80.0,0,1.0,-0.4999999999999997,-0.8660254037844388,0.0,1.0,0.5,1.5,0.5,0.5,0.5,0.5,1.5,0.5,0.5,0.5,synthetic,synthetic,synthetic,synthetic,synthetic,0.0,0.0,0.0,0.0,0.0,-110.0,-110.0,-110.0,-110.0,-110.0,-110.0,-110.0,-110.0,-110.0,-110.0,0.0,0.0,0.0,0.0,0.0,2026-08-07T03:26:40.888653+00:00,0.48883936956395935,0.7466509146455604,0.12744802566514246,-0.1108686317414262,0.40781405397339954,0.8,1.6,0.4,0.2,0.8,1.0,1.0,0.0,0.0,1.0,batter_pitcher_profile_network_v2,1.0,0.95,0.32299922391701474,2.0,0.8324109653166574,-0.2797367660343267,0.41131237612761773,-0.08000000000000002,51.0,17.96025108238565,0.09358459697340925,-0.0529199689566806,-0.005291996895668061,-0.1581813008130079,0.44009905560433377,-0.1511111111111111,51.0,17.616935234530672,0.11789377193157838,0.07688071653474869,0.012300914645559791,-0.20366463414634123,0.43854012144469173,-0.2,51.0,18.25305280650351,0.01572627420386542,-0.11657364818783607,-0.005828682409391803,0.1250761574074074,0.4774729345281006,-0.2,51.0,17.061414853324713,0.033123841482922,-0.05874526965704845,-0.0014686317414262114,-0.0750314814814814,0.47653619767787553,-0.18666666666666668,51.0,17.588712541745288,0.1821364789511236,0.013122431647754632,0.0007873458988652778
2026-07-07,CJ_Abrams,682928,hitter,WSH,HOU,2026,822713,101,120,117,1,837227.0,Tatsuya_Imai,1.0,1.0,0.0,0.0,1.0,5.0,2.0,2.0,0.0,4.0,0.12195121951219512,0.454,0.454,0.0,0.0,54.480000000000004,12.75,15.0,2.7044042913608135,1.08,-4.0,82.0,0,1.0,-0.4999999999999997,-0.8660254037844388,0.7818314824680298,0.6234898018587336,1.5,2.5,0.5,0.5,0.5,1.5,2.5,0.5,0.5,0.5,synthetic,synthetic,synthetic,synthetic,synthetic,0.0,0.0,0.0,0.0,0.0,-110.0,-110.0,-110.0,-110.0,-110.0,-110.0,-110.0,-110.0,-110.0,-110.0,0.0,0.0,0.0,0.0,0.0,2026-08-07T03:26:40.888653+00:00,-0.3693060675725066,0.0795157630569232,0.5109415657149239,-0.09403752736841142,0.7911718594261969,1.2,2.4,0.8,0.4,1.0,3.0,6.0,2.0,1.0,3.0,batter_pitcher_profile_network_v2,1.0,0.75,0.5875,0.0,0.7085234375,-0.17721087962962975,-0.06619269949066217,0.0,52.0,20.916052422793467,0.04165780854256249,-0.004838652431992495,-0.0004838652431992496,-0.03160694444444456,0.03125955008488962,0.0,52.0,21.303936837386797,0.07247929729002284,0.10871894593503426,0.017395031349605482,-0.09480208333333345,0.6332594086021506,0.0,52.0,16.557859553479616,0.07225629123034594,0.07225629123034594,0.003612814561517297,0.25801134259259256,0.2025297113752122,0.0,52.0,20.58808928621078,-0.00705626686951603,0.014498905263542583,0.0003624726315885646,0.0698724537037036,0.5263172043010753,0.0,52.0,17.78138349398718,0.1872628359591689,0.15561684519690988,0.009337010711814593
2026-07-08,CJ_Abrams,682928,hitter,WSH,HOU,2026,822710,102,120,117,1,681293.0,Spencer_Arrighetti,1.0,4.0,1.0,1.0,2.0,5.0,3.0,1.0,0.0,4.0,0.11627906976744186,0.558,0.558,1.0,30.0,65.0,11.5,13.0,2.559761434217956,1.08,0.0,84.0,0,1.0,-0.4999999999999997,-0.8660254037844388,0.9749279121818236,-0.22252093395631434,1.5,1.5,0.5,0.5,0.5,1.5,1.5,0.5,0.5,0.5,synthetic,synthetic,synthetic,synthetic,synthetic,0.0,0.0,0.0,0.0,0.0,-110.0,-110.0,-110.0,-110.0,-110.0,-110.0,-110.0,-110.0,-110.0,-110.0,0.0,0.0,0.0,0.0,0.0,2026-08-07T03:26:40.888653+00:00,-0.5553664566544811,1.247956351231772,0.14181199693109037,-0.01064078168196797,0.4867200965250045,1.2,1.8,0.6,0.2,1.0,1.0,1.0,0.0,0.0,1.0,batter_pitcher_profile_network_v2,1.0,0.7,0.571107807500313,0.0,0.6960275055068481,-0.18614884259259226,-0.21967208170108082,0.0,52.0,20.4934906551077,0.041170610939453525,-0.017538132480057162,-0.0017538132480057163,-0.0576402777777775,-0.12403831872575358,0.0,52.0,21.395719613605575,0.07383430200317517,0.10768504403578305,0.01722960704572529,-0.10592708333333295,0.16004473246315842,0.0,52.0,21.365382528838694,-0.006754053735685861,-0.006754053735685861,-0.00033770268678429306,0.19187546296296293,0.033618403328627096,0.0,52.0,21.560461197695417,-0.05239785639688789,-0.04963126727872127,-0.0012407816819680318,0.03260115740740778,0.07135326720636087,0.0,52.0,21.35246641216779,0.16728838777274618,0.12646397945991694,0.007587838767595017
2026-07-10,CJ_Abrams,682928,hitter,WSH,NYY,2026,822709,103,120,147,1,677960.0,Ryan_Weathers,1.0,2.0,0.0,0.0,0.0,4.0,4.0,0.0,1.0,4.0,0.10810810810810811,0.3175,0.3175,0.25,21.25,49.35,7.1000000000000005,12.9,1.5474489795918367,1.08,5.0,79.0,0,2.0,-0.4999999999999997,-0.8660254037844388,-0.433883739117558,-0.9009688679024191,1.5,2.5,0.5,0.5,1.5,1.5,2.5,0.5,0.5,1.5,synthetic,synthetic,synthetic,synthetic,synthetic,0.0,0.0,0.0,0.0,0.0,-110.0,-110.0,-110.0,-110.0,-110.0,-110.0,-110.0,-110.0,-110.0,-110.0,0.0,0.0,0.0,0.0,0.0,2026-08-07T03:26:40.888653+00:00,-0.6244497885640743,0.026086861340318013,0.08994036097248392,0.020559195465570945,-0.2150335395565588,1.2,2.4,0.6,0.4,1.4,1.0,4.0,1.0,1.0,2.0,batter_pitcher_profile_network_v2,1.0,1.0,0.42869433233485515,0.0,0.7974849442889802,-0.11565562169312148,0.08552938904755528,0.0,52.0,21.47350642422048,0.06819274056183793,0.0,0.0,0.06930119047619064,0.1777467693676379,0.0,52.0,21.372717174022167,0.08075761099485931,0.12817379553915062,0.0205078072862641,-0.038100198412698114,0.2013235536203797,0.0,52.0,21.465086302992994,0.01953391553351503,0.01953391553351503,0.0009766957766757516,0.3748106481481481,0.230643978934836,0.0,52.0,21.036559365113682,-0.0760203104640013,-0.026632181377163312,-0.0006658045344290829,0.17904675925925953,0.2633029575687472,0.0,52.0,20.95701568431616,0.1020638664424577,0.10348127214523738,0.006208876328714243
2026-07-11,CJ_Abrams,682928,hitter,WSH,NYY,2026,822711,104,120,147,1,693645.0,Cam_Schlittler,1.0,1.0,0.0,0.0,0.0,4.0,4.0,0.0,2.0,4.0,0.10526315789473684,0.2225,0.2225,0.0,0.0,26.7,4.875,12.15,2.248747680890538,1.08,-3.0,86.0,0,1.0,-0.4999999999999997,-0.8660254037844388,-0.9749279121818236,-0.2225209339563146,1.5,2.5,0.5,0.5,1.5,1.5,2.5,0.5,0.5,1.5,synthetic,synthetic,synthetic,synthetic,synthetic,0.0,0.0,0.0,0.0,0.0,-110.0,-110.0,-110.0,-110.0,-110.0,-110.0,-110.0,-110.0,-110.0,-110.0,0.0,0.0,0.0,0.0,0.0,2026-08-07T03:26:40.888653+00:00,-0.3972557781253965,-0.38439698764572894,-0.07502656116737122,-0.2033275267486363,-0.5410009612121758,1.4,2.8,0.6,0.4,1.4,1.0,2.0,0.0,0.0,0.0,batter_pitcher_profile_network_v2,1.0,1.0,0.40550735254367726,0.0,0.8003253493133995,-0.0934125661375663,-0.5118619882768589,0.0,52.0,17.950427761978933,-0.018708845092429267,-0.028425274662811535,-0.0028425274662811535,0.1048289682539681,-0.45813565737207396,0.0,52.0,18.934787868336294,-0.03146329196385537,-0.07574597541738792,-0.012119356066782067,-0.020287698412698507,-0.5021292386320251,0.0,52.0,17.22377703061251,-0.05835435890756471,-0.06441048318533202,-0.003220524159266601,0.44543912037037026,-0.4182233766703196,0.0,52.0,19.33005587423751,-0.24635121965147103,-0.3571010699454509,-0.008927526748636273,0.22212314814814804,-0.4894684199185747,0.0,52.0,17.488986245797708,0.020005696371761354,-0.04963031568188229,-0.002977818940912937
2026-07-12,CJ_Abrams,682928,hitter,WSH,NYY,2026,822708,105,120,147,1,701542.0,Will_Warren,1.0,1.0,0.0,0.0,0.0,4.0,4.0,0.0,1.0,4.0,0.11428571428571428,0.2225,0.2225,0.0,0.0,26.7,8.272058823529411,6.1875,1.766604823747681,1.08,-7.0,83.0,0,1.0,-0.4999999999999997,-0.8660254037844388,-0.7818314824680299,0.6234898018587334,1.5,2.5,0.5,0.5,1.5,1.5,2.5,0.5,0.5,1.5,synthetic,synthetic,synthetic,synthetic,synthetic,0.0,0.0,0.0,0.0,0.0,-110.0,-110.0,-110.0,-110.0,-110.0,-110.0,-110.0,-110.0,-110.0,-110.0,0.0,0.0,0.0,0.0,0.0,2026-08-07T03:26:40.888653+00:00,-0.12373220024552256,-0.511774606232869,-0.08923091440311803,-0.2017189497570092,-0.6904506327961607,1.4,2.8,0.6,0.4,1.2,1.0,1.0,0.0,0.0,0.0,batter_pitcher_profile_network_v2,1.0,1.0,0.3819145950110997,1.0,0.8219654621111403,-0.05477946428571406,0.013159608396665778,-0.1074074074074074,52.0,22.510997552999005,0.03644629133628317,-0.07421393195429979,-0.00742139319542998,0.13728035714285733,0.00014445266036792852,-0.1111111111111111,52.0,22.82715287050441,0.012217158100135806,-0.05843503895542994,-0.00934960623286879,0.021431051587301887,0.06193455169701298,-0.1111111111111111,52.0,22.548448802049226,-0.017770477463616412,-0.0937231118100418,-0.00468615559050209,0.4516243055555555,-0.016696610688048313,-0.1111111111111111,52.0,22.75500265820123,-0.21132422538174428,-0.2927579902803674,-0.007318949757009186,0.2607562500000003,0.07561950644814419,-0.1111111111111111,52.0,22.427044093942108,0.020983420366759327,-0.04884789972574761,-0.0029308739835448563
2026-07-14,CJ_Abrams,682928,hitter,NL,AL,2026,823443,106,160,159,1,656302.0,Dylan_Cease,0.0,0.0,0.0,0.0,0.0,2.0,2.0,0.0,2.0,4.0,0.0625,0.0,0.0,0.0,0.0,10.0,2.571428571428571,14.410714285714285,4.0,1.08,4.0,88.0,0,2.0,-0.4999999999999997,-0.8660254037844388,0.7818314824680298,0.6234898018587336,0.5,1.5,0.5,0.5,0.5,0.5,1.5,0.5,0.5,0.5,synthetic,synthetic,synthetic,synthetic,synthetic,0.0,0.0,0.0,0.0,0.0,-110.0,-110.0,-110.0,-110.0,-110.0,-110.0,-110.0,-110.0,-110.0,-110.0,0.0,0.0,0.0,0.0,0.0,2026-08-07T03:26:40.888653+00:00,0.22973906099064623,-0.2863862765448797,-0.4186057372425145,-0.3425174890609559,-0.11348220654945873,1.0,1.8,0.2,0.2,0.6,1.0,1.0,0.0,0.0,0.0,batter_pitcher_profile_network_v2,1.0,0.95,0.3761742645167766,0.0,0.78872271996686,-0.15761296296296287,-0.7458637730380837,0.0,52.0,15.054091823814328,-0.028769769895003905,-0.07333558056972969,-0.007333558056972969,0.0014083333333333812,-0.7444852195612655,0.0,52.0,15.24628901487376,-0.029923438338662196,-0.04553922840549927,-0.007286276544879883,-0.08333333333333326,-0.4163707592890888,0.0,52.0,19.406270776163012,-0.020469511921354214,-0.04211474485028953,-0.0021057372425144767,0.29993912037037035,-0.7455172634411731,0.0,52.0,15.163840723198426,-0.18520601934692094,-0.3246995624382356,-0.00811748906095589,0.11030370370370382,-0.5337009171027918,0.0,52.0,17.731355771443884,0.004916451425138944,-0.03303677582431301,-0.001982206549458781
2026-07-17,CJ_Abrams,682928,hitter,WSH,ATH,2026,824981,107,120,133,0,695611.0,Gage_Jump,2.0,3.0,1.0,0.0,1.0,5.0,5.0,0.0,0.0,4.0,0.09259259259259259,0.43200000000000005,0.43200000000000005,0.2,17.0,60.84,8.743697478991598,7.92016806722689,5.339097744360902,1.08,11.0,85.0,0,3.0,-0.4999999999999997,-0.8660254037844388,-0.433883739117558,-0.9009688679024191,0.5,1.5,0.5,0.5,0.5,0.5,1.5,0.5,0.5,0.5,synthetic,synthetic,synthetic,synthetic,synthetic,0.0,0.0,0.0,0.0,0.0,-110.0,-110.0,-110.0,-110.0,-110.0,-110.0,-110.0,-110.0,-110.0,-110.0,0.0,0.0,0.0,0.0,0.0,2026-08-07T03:26:40.888653+00:00,0.36918510998154985,-0.07134457968362051,-0.07429620876413495,-0.24681314284328987,-0.01611874834721866,0.8,1.6,0.2,0.2,0.4,0.0,0.0,0.0,0.0,0.0,batter_pitcher_profile_network_v2,1.0,0.55,0.653789682830039,0.0,0.6484509201193261,-0.17298181542197913,-0.03587372362702085,0.0,53.0,23.548574015882608,0.03830321719653145,-0.002148408759861106,-0.0002148408759861106,-0.008837568306010813,-0.16433046447786198,0.0,53.0,23.458759660016035,0.019061484961660467,0.028089432532927377,0.004494309205268381,-0.08524590163934403,-0.13569135735785312,0.0,53.0,23.1172122884225,-0.0013505925029345315,-0.005355252976935197,-0.00026776264884675985,0.29993912037037024,-0.30740111665177494,0.0,53.0,22.2742057514579,-0.16460456144452867,-0.19652571373159766,-0.004913142843289942,0.11530370370370377,-0.14736708199553428,0.0,53.0,22.937865110721894,-0.00465681616292593,-0.009375407569212228,-0.0005625244541527337
2026-07-18,CJ_Abrams,682928,hitter,WSH,ATH,2026,824979,108,120,133,0,669372.0,JT_Ginn,0.0,0.0,0.0,0.0,0.0,4.0,4.0,0.0,1.0,4.0,0.1111111111111111,0.0,0.0,0.0,0.0,10.0,7.538461538461544,9.846153846153847,9.2765977443609,1.08,9.0,88.0,0,1.0,-0.4999999999999997,-0.8660254037844388,-0.9749279121818236,-0.2225209339563146,0.5,1.5,0.5,0.5,0.5,0.5,1.5,0.5,0.5,0.5,synthetic,synthetic,synthetic,synthetic,synthetic,0.0,0.0,0.0,0.0,0.0,-110.0,-110.0,-110.0,-110.0,-110.0,-110.0,-110.0,-110.0,-110.0,-110.0,0.0,0.0,0.0,0.0,0.0,2026-08-07T03:26:40.888653+00:00,0.8862292562898813,-0.17843373297011378,0.051295344289650435,-0.4730007735409224,0.09790255813976856,1.0,1.4,0.2,0.0,0.2,2.0,3.0,1.0,0.0,1.0,batter_pitcher_profile_network_v2,1.0,1.0,0.39515696271416195,0.0,0.8015932720675152,-0.18033815492321564,-0.14610214815417474,0.0,53.0,23.320023353172573,0.018560477653003858,-0.015936278435289945,-0.0015936278435289945,-0.054647967479674556,-0.06752006478492134,0.0,53.0,23.903330764566427,0.0664167374608842,0.09739333560345545,0.015582933696552873,-0.09751880081300782,0.09713375136379353,0.0,53.0,23.792730108618084,0.05430914143210751,0.05430914143210751,0.0027154570716053754,0.21069004629629628,0.050740989636847374,0.0,53.0,23.80173211362255,0.049502910411359076,0.0559690583631022,0.0013992264590775552,0.054367129629629765,0.02861381561171491,0.0,53.0,23.644645616028715,0.0077677505264478214,0.0067667375842781355,0.00040600425505668813
2026-07-19,CJ_Abrams,682928,hitter,WSH,ATH,2026,824978,109,120,133,0,682052.0,Jacob_Lopez,2.0,6.0,1.0,1.0,2.0,5.0,4.0,1.0,2.0,4.0,0.12195121951219512,0.812,0.812,1.0,30.0,65.0,14.5,10.3,8.473026315789474,1.08,3.0,86.0,0,1.0,-0.4999999999999997,-0.8660254037844388,-0.7818314824680299,0.6234898018587334,0.5,0.5,0.5,0.5,0.5,0.5,0.5,0.5,0.5,0.5,synthetic,synthetic,synthetic,synthetic,synthetic,0.0,0.0,0.0,0.0,0.0,-110.0,-110.0,-110.0,-110.0,-110.0,-110.0,-110.0,-110.0,-110.0,-110.0,0.0,0.0,0.0,0.0,0.0,2026-08-07T03:26:40.888653+00:00,0.42358934531450565,1.7407043029397546,0.3351028207880784,-0.1460767966573442,0.15492594323848363,0.8,1.0,0.2,0.0,0.2,0.0,0.0,0.0,0.0,0.0,batter_pitcher_profile_network_v2,1.0,0.65,0.5982496305048068,0.0,0.6798643731710547,-0.26130806233062304,0.39659880188370383,0.0,53.0,21.365010811871855,0.09356988929165896,0.0,0.0,-0.12232852303523009,0.5193004775425543,0.0,53.0,19.686753262691898,0.10618154680182224,0.15927232020273335,0.025483571232437337,-0.180956300813008,0.7570228959250084,0.0,53.0,16.880037107069214,0.12885936826477545,0.12885936826477545,0.006442968413238773,0.19461597222222238,0.6970156414769805,0.0,53.0,16.75269006051747,0.07843054473675305,0.13292813370623086,0.0033232033426557716,-0.026602777777777593,0.7129552729741886,0.0,53.0,17.41389793982784,0.027999851170409415,0.02099988837780706,0.0012599933026684236
2026-07-20,CJ_Abrams,682928,hitter,WSH,COL,2026,824328,110,120,115,0,607536.0,Kyle_Freeland,1.0,4.0,1.0,1.0,2.0,5.0,5.0,0.0,2.0,4.0,0.125,0.42000000000000004,0.42000000000000004,0.6,30.0,65.0,6.8,9.9,4.498051948051949,1.0477777777777777,0.0,90.0,0,1.0,-0.4999999999999997,-0.8660254037844388,0.0,1.0,0.5,1.5,0.5,0.5,0.5,0.5,1.5,0.5,0.5,0.5,synthetic,synthetic,synthetic,synthetic,synthetic,0.0,0.0,0.0,0.0,0.0,-110.0,-110.0,-110.0,-110.0,-110.0,-110.0,-110.0,-110.0,-110.0,-110.0,0.0,0.0,0.0,0.0,0.0,2026-08-07T03:26:40.888653+00:00,0.7082720779220779,1.531498976015163,0.1924480422734982,-0.016888202221549964,0.4364959080270675,1.0,2.0,0.4,0.2,0.6,2.0,6.0,1.0,1.0,2.0,batter_pitcher_profile_network_v2,1.0,1.0,0.36525170655276024,0.0,0.8052566659472868,-0.1831745709123764,0.6080552973666504,0.0,53.0,18.29386902052579,0.12310494858529107,0.0,0.0,0.018162940379403407,0.5644371428214094,0.0,53.0,19.019669266183715,0.09906028665095754,0.15509776676143647,0.024815642681829835,-0.08240650406504121,0.4903338128973253,0.0,53.0,21.151321594609072,0.12590889741801162,0.12590889741801162,0.0062954448709005816,0.3795289351851853,0.48920223393758266,0.0,53.0,20.24065584372134,-0.004935076832013517,0.11291635558244578,0.0028229088895611446,0.16535185185185172,0.6083116982428075,0.0,53.0,19.18462202016601,-0.005277256478841991,0.05988851040783387,0.003593310624470032
2026-07-21,CJ_Abrams,682928,hitter,WSH,COL,2026,824329,111,120,115,0,547179.0,Michael_Lorenzen,2.0,8.0,2.0,2.0,4.0,4.0,3.0,1.0,0.0,4.0,0.10526315789473684,1.2225000000000001,1.2225000000000001,2.0,30.0,65.0,2.984615384615385,3.7923076923076917,4.381168831168831,1.0477777777777777,11.0,94.0,0,1.0,-0.4999999999999997,-0.8660254037844388,0.7818314824680298,0.6234898018587336,0.5,2.5,0.5,0.5,0.5,0.5,2.5,0.5,0.5,0.5,synthetic,synthetic,synthetic,synthetic,synthetic,0.0,0.0,0.0,0.0,0.0,-110.0,-110.0,-110.0,-110.0,-110.0,-110.0,-110.0,-110.0,-110.0,-110.0,0.0,0.0,0.0,0.0,0.0,2026-08-07T03:26:40.888653+00:00,0.8586348774032986,2.638590975987439,0.730058159508711,0.4697283102126515,0.9207578863598365,1.0,2.6,0.6,0.4,1.0,1.0,4.0,1.0,1.0,2.0,batter_pitcher_profile_network_v2,1.0,1.0,0.3844790511824153,0.0,0.8029013162301541,-0.0859444444444445,0.6463890768205104,0.0,54.0,18.460924824711892,0.10542928043257681,0.0,0.0,0.13801388888888882,0.46260142953451766,0.0,54.0,21.434688055497666,0.05853151269834687,0.1270954639565785,0.02033527423305256,0.006750000000000034,0.484134789738221,0.0,54.0,22.051277320663264,0.10285131309835191,0.104862780058015,0.00524313900290075,0.5186493055555554,0.25842795458898393,0.0,54.0,23.834294118381617,-0.10492356132998067,-0.022423147049495884,-0.0005605786762373971,0.2969722222222222,0.5223260569858608,0.0,54.0,21.27856760885926,-0.034859331445560464,0.06933285195307451,0.004159971117184471
2026-07-22,CJ_Abrams,682928,hitter,WSH,COL,2026,824327,112,120,115,0,687312.0,Gabriel_Hughes,4.0,5.0,1.0,0.0,0.0,5.0,5.0,0.0,1.0,4.0,0.11627906976744186,0.788,0.788,0.2,17.0,65.0,2.625,7.875,3.9793831168831173,1.0477777777777777,-10.0,89.0,0,1.0,-0.4999999999999997,-0.8660254037844388,0.9749279121818236,-0.22252093395631434,1.5,4.5,0.5,0.5,1.5,1.5,4.5,0.5,0.5,1.5,synthetic,synthetic,synthetic,synthetic,synthetic,0.0,0.0,0.0,0.0,0.0,-110.0,-110.0,-110.0,-110.0,-110.0,-110.0,-110.0,-110.0,-110.0,-110.0,0.0,0.0,0.0,0.0,0.0,2026-08-07T03:26:40.888653+00:00,0.04320503309249735,-0.22432878180685822,0.874148126825687,0.3508591660280207,0.6290514215534606,1.4,4.2,1.0,0.8,1.8,2.0,8.0,2.0,2.0,4.0,batter_pitcher_profile_network_v2,1.0,0.1,0.5796870855905452,0.0,0.5278988332015158,-0.0050069444444443695,-0.39847058823529413,0.0,54.0,22.126985453558227,-0.018766357117622392,-0.0008385747430037274,-8.385747430037275e-05,0.26641666666666675,-0.5718014705882353,0.0,54.0,19.736482280327447,-0.1701839844379249,-0.3193053707889933,-0.051088859326238925,0.11081250000000012,-0.3496620370370369,0.0,54.0,22.041160682352594,-0.013367305756672904,-0.029653138508914507,-0.0014826569254457254,0.6686493055555556,-0.7436764705882352,0.0,54.0,16.594113613345897,-0.4681846376458033,-0.6771889144347321,-0.0169297228608683,0.4487430555555557,-0.4301018518518517,0.0,54.0,20.837025214942862,-0.20432367036697466,-0.2343653389534619,-0.014061920337207713
2026-07-24,CJ_Abrams,682928,hitter,WSH,AZ,2026,822707,113,120,109,1,593958.0,Eduardo_Rodriguez,2.0,2.0,1.0,0.0,0.0,4.0,4.0,0.0,1.0,4.0,0.1111111111111111,0.445,0.445,0.0,0.0,53.4,6.625,5.874999999999999,5.362837162837162,1.08,-7.0,79.0,0,2.0,-0.4999999999999997,-0.8660254037844388,-0.433883739117558,-0.9009688679024191,1.5,4.5,0.5,0.5,1.5,1.5,4.5,0.5,0.5,1.5,synthetic,synthetic,synthetic,synthetic,synthetic,0.0,0.0,0.0,0.0,0.0,-110.0,-110.0,-110.0,-110.0,-110.0,-110.0,-110.0,-110.0,-110.0,-110.0,0.0,0.0,0.0,0.0,0.0,2026-08-07T03:26:40.888653+00:00,0.704393990705511,-0.7747648584474547,0.6114910992817013,0.0759969217589398,-0.1893533721355014,1.8,4.6,1.0,0.8,1.6,4.0,5.0,1.0,0.0,0.0,batter_pitcher_profile_network_v2,1.0,1.0,0.3794855734303106,2.0,0.8410130172547868,0.10011435185185201,-0.012701712020637392,-0.10666666666666669,52.0,24.273655758004438,-0.0010427626680625406,-0.07436162474642397,-0.007436162474642397,0.35478888888888904,-0.04273164265265672,-0.2,52.0,24.586816185719798,-0.08925513384213038,-0.28123869862992623,-0.0449981917807882,0.22518750000000032,-0.11713784497855508,-0.01333333333333333,52.0,23.742843809887788,0.06254930946836293,0.03698482279686265,0.0018492411398431327,0.7096039351851852,-0.04886396482838891,-0.2,52.0,24.54311088856848,-0.22465881676754115,-0.38412312964241035,-0.00960307824106026,0.5538643518518521,-0.14511640146391075,-0.2,52.0,23.372658545396764,-0.11983466814290895,-0.27769828240043676,-0.016661896944026203
2026-07-25,CJ_Abrams,682928,hitter,WSH,AZ,2026,822704,114,120,109,1,683352.0,Mitch_Bratt,3.0,7.0,1.0,1.0,3.0,4.0,4.0,0.0,0.0,4.0,0.10256410256410256,1.065,1.065,1.0,30.0,65.0,5.285714285714286,5.571428571428572,5.041408591408591,1.08,-2.0,82.0,0,1.0,-0.4999999999999997,-0.8660254037844388,-0.9749279121818236,-0.2225209339563146,2.5,4.5,1.5,0.5,1.5,2.5,4.5,1.5,0.5,1.5,synthetic,synthetic,synthetic,synthetic,synthetic,0.0,0.0,0.0,0.0,0.0,-110.0,-110.0,-110.0,-110.0,-110.0,-110.0,-110.0,-110.0,-110.0,-110.0,0.0,0.0,0.0,0.0,0.0,2026-08-07T03:26:40.888653+00:00,-0.29133523654568494,0.5732294705426764,0.06249786123176149,0.41380687245003844,-0.007535131420828067,2.2,5.0,1.2,0.8,1.6,2.0,2.0,1.0,0.0,0.0,batter_pitcher_profile_network_v2,1.0,0.2,0.8172699605418492,0.0,0.5499768859667247,0.18108425925925903,0.3255664682539682,0.0,53.0,23.564856150809856,0.007238162526835009,0.010772842668359477,0.0010772842668359476,0.4224694444444443,0.46624206349206343,0.0,53.0,21.907904628971952,-0.0017891318916116504,0.033309190891720616,0.005329470542675299,0.30862499999999987,0.6002321428571429,0.0,53.0,20.84250067653519,0.1800831218445998,0.213933248611255,0.010696662430562751,0.7256780092592593,0.6511130952380952,0.0,53.0,18.89181352916031,0.041935236720238224,0.1282748980015375,0.0032068724500384374,0.6348342592592592,0.533734126984127,0.0,53.0,21.598534279245587,0.034759100769938815,0.08798423988929709,0.005279054393357825
2026-07-26,CJ_Abrams,682928,hitter,WSH,AZ,2026,822706,115,120,109,1,684442.0,Kohl_Drake,3.0,9.0,2.0,2.0,3.0,5.0,5.0,0.0,1.0,4.0,0.12195121951219512,1.018,1.018,1.2,30.0,65.0,9.857142857142858,7.371428571428571,4.690759240759241,1.08,5.0,83.0,0,1.0,-0.4999999999999997,-0.8660254037844388,-0.7818314824680299,0.6234898018587334,2.5,5.5,1.5,0.5,1.5,2.5,5.5,1.5,0.5,1.5,synthetic,synthetic,synthetic,synthetic,synthetic,0.0,0.0,0.0,0.0,0.0,-110.0,-110.0,-110.0,-110.0,-110.0,-110.0,-110.0,-110.0,-110.0,-110.0,0.0,0.0,0.0,0.0,0.0,2026-08-07T03:26:40.888653+00:00,-0.08558530017295496,0.573086759362214,0.03325142766473799,0.5447278186946278,0.5838781684563998,2.4,5.2,1.2,0.8,1.8,3.0,7.0,1.0,1.0,3.0,batter_pitcher_profile_network_v2,1.0,0.1,0.8168632979755512,0.0,0.5249934245997995,0.3235611111111111,0.28477597402597393,0.0,53.0,23.95281598697452,-0.04082869761549503,0.016874660851764565,0.0016874660851764565,0.5373583333333333,-0.09982629870129875,0.0,53.0,25.356162350203746,-0.23859227854014975,-0.3677123271568943,-0.05883397234510308,0.45499999999999996,0.009127886002885971,0.0,53.0,25.297002255062196,0.0073379796509456426,0.00809858082820141,0.0004049290414100705,0.7836131944444444,-0.4989740259740259,0.0,53.0,20.974740967580814,-0.5632803199935253,-0.6348872522148821,-0.015872181305372053,0.747311111111111,0.02128066378066374,0.0,53.0,25.140264969506703,-0.2366483587650184,-0.17457379546506646,-0.010474427727903987
2026-07-27,CJ_Abrams,682928,hitter,WSH,TOR,2026,822705,116,120,141,1,453286.0,Max_Scherzer,0.0,0.0,0.0,0.0,0.0,4.0,2.0,2.0,2.0,4.0,0.10526315789473684,0.345,0.345,0.0,0.0,41.4,14.5,4.1,5.338235294117647,1.08,2.0,91.0,0,1.0,-0.4999999999999997,-0.8660254037844388,0.0,1.0,2.5,6.5,1.5,0.5,1.5,2.5,6.5,1.5,0.5,1.5,synthetic,synthetic,synthetic,synthetic,synthetic,0.0,0.0,0.0,0.0,0.0,-110.0,-110.0,-110.0,-110.0,-110.0,-110.0,-110.0,-110.0,-110.0,-110.0,0.0,0.0,0.0,0.0,0.0,2026-08-07T03:26:40.888653+00:00,0.3906793045311212,-1.2445131481516922,-0.04793290780658088,0.4263922696412963,0.5457842189386599,2.8,6.2,1.4,1.0,2.0,3.0,9.0,2.0,2.0,3.0,batter_pitcher_profile_network_v2,1.0,0.45,0.7276672508694098,0.0,0.6173873427958237,0.33673835978835964,0.40125642136535244,0.0,52.0,22.40034844611388,-0.056988296389052784,0.036797173278189536,0.0036797173278189537,0.5466261904761904,0.608244375502878,0.0,52.0,19.334395033712898,-0.12436603264780473,-0.09600322857965515,-0.015360516572744825,0.45992063492063484,0.6995929911699779,0.0,52.0,18.960013838244933,0.11284993362697765,0.2004749708033685,0.010023748540168426,0.8021699074074075,0.9198130841121496,0.0,52.0,13.67260613986571,-0.16924894650034752,0.03169078565185404,0.000792269641296351,0.7531074074074073,0.6940121412803533,0.0,52.0,18.82524516320157,-0.087941298098615,0.07638300914278538,0.004582980548567123
2026-07-28,CJ_Abrams,682928,hitter,WSH,TOR,2026,822703,117,120,141,1,669456.0,Shane_Bieber,1.0,1.0,1.0,0.0,0.0,5.0,5.0,0.0,1.0,4.0,0.12195121951219512,0.178,0.178,0.0,0.0,21.36,1.7142857142857142,6.857142857142857,5.54124281291464,1.08,5.0,69.0,0,1.0,-0.4999999999999997,-0.8660254037844388,0.7818314824680298,0.6234898018587336,2.5,4.5,0.5,0.5,1.5,2.5,4.5,0.5,0.5,1.5,synthetic,synthetic,synthetic,synthetic,synthetic,0.0,0.0,0.0,0.0,0.0,-110.0,-110.0,-110.0,-110.0,-110.0,-110.0,-110.0,-110.0,-110.0,-110.0,0.0,0.0,0.0,0.0,0.0,2026-08-07T03:26:40.888653+00:00,-0.5091830271435787,-1.5415526014721834,0.3550936536665018,-0.05309005875422412,-0.49779187176071615,2.4,4.6,1.0,0.6,1.2,0.0,0.0,0.0,0.0,0.0,batter_pitcher_profile_network_v2,1.0,0.3,0.7092005119502773,0.0,0.5789368811858273,0.26847380952380967,0.47256912290607944,0.0,52.0,21.419380301356377,-0.03249781091818583,0.0368944384738518,0.00368944384738518,0.5003880952380954,0.6167880905326557,0.0,52.0,19.222124824328123,-0.074305848172951,-0.021708332371879108,-0.0034733331795006573,0.4202380952380953,0.6008760822510824,0.0,52.0,20.574978314200607,0.1210294532839379,0.19445952870807842,0.009722976435403922,0.7496791666666668,0.7926403632599286,0.0,52.0,16.149499234926502,-0.12040295715698213,0.05239764983103487,0.0013099412457758719,0.7443666666666666,0.6396450216450217,0.0,52.0,19.732694219967247,-0.06613679368210389,0.08885589078683599,0.005331353447210159
2026-07-29,CJ_Abrams,682928,hitter,WSH,TOR,2026,822702,118,120,141,1,702056.0,Trey_Yesavage,0.0,0.0,1.0,0.0,0.0,4.0,3.0,1.0,1.0,4.0,0.10810810810810811,0.1725,0.1725,0.0,0.0,20.7,10.950000000000001,13.049999999999999,5.210073981745809,1.08,-4.0,81.0,0,1.0,-0.4999999999999997,-0.8660254037844388,0.9749279121818236,-0.22252093395631434,1.5,1.5,1.5,0.5,1.5,1.5,3.5,0.5,0.5,1.5,synthetic,real,real,synthetic,synthetic,0.0,8.0,7.0,0.0,0.0,-110.0,0.0,0.0,-110.0,-110.0,-110.0,0.0,0.0,-110.0,-110.0,0.0,1.0606601717798212,0.5773502691896257,0.0,0.0,2026-07-30T00:28:52.112372+00:00,-0.07151212787906358,1.0220757919635752,-0.5483608966708663,-0.062743080460757,-0.5453108085459419,1.8,3.8,1.0,0.6,1.2,1.0,1.0,1.0,0.0,0.0,batter_pitcher_profile_network_v2,1.0,0.8,0.53608699819951,0.0,0.7274634741764481,0.2895718139399241,-0.2531465472926228,0.0,52.0,23.468911425313298,-0.14748695997261918,-0.034006727344816946,-0.0034006727344816946,0.5131065179352581,-0.16114464420071395,0.0,52.0,24.338105485325368,-0.2504830233622743,-0.41408288806549276,-0.06625326209047884,0.4450787401574803,0.18689025797888908,0.0,52.0,24.605503906091485,0.02729506851538684,0.06588376051253668,0.003294188025626834,0.6897662037037038,0.011810384127897908,0.0,52.0,24.70979144598428,-0.33750244108223565,-0.3337232184302801,-0.008343080460757003,0.7282037037037036,0.08064674995244907,0.0,52.0,24.552983869488713,-0.20742895983733772,-0.12832737947279355,-0.007699642768367612
2026-07-30,CJ_Abrams,682928,hitter,WSH,ATL,2026,824894,119,120,144,0,656550.0,Grant_Holmes,0.0,0.0,0.0,0.0,0.0,4.0,4.0,0.0,1.0,4.0,0.10526315789473684,0.0,0.0,0.0,0.0,10.0,3.600000000000001,7.2,8.413149350649352,1.08,8.0,87.0,0,1.0,-0.4999999999999997,-0.8660254037844388,0.43388373911755823,-0.900968867902419,1.5,3.5,0.5,0.5,1.5,1.5,3.5,0.5,0.5,1.5,synthetic,synthetic,synthetic,synthetic,synthetic,0.0,0.0,0.0,0.0,0.0,-110.0,-110.0,-110.0,-110.0,-110.0,-110.0,-110.0,-110.0,-110.0,-110.0,0.0,0.0,0.0,0.0,0.0,2026-08-07T03:26:40.888653+00:00,-0.04225442982295635,-1.4083449490659512,0.5151363473410542,-0.0563503732023119,-0.4374715283345072,1.4,3.4,1.0,0.6,1.2,0.0,0.0,1.0,0.0,0.0,batter_pitcher_profile_network_v2,1.0,1.0,0.39796693311223913,1.0,0.8199990506937507,0.19580351414406544,0.1003196838752072,-0.1111111111111111,51.0,24.653173652444035,-0.06162468763114988,-0.06583912620860119,-0.006583912620860119,0.44011592300962393,0.15115917355742944,-0.1111111111111111,51.0,24.61137038053703,-0.09135096344607058,-0.1746394842937765,-0.027942317487004237,0.36389370078740185,0.27524125893486373,-0.1111111111111111,51.0,24.208300322482355,0.1193120815952724,0.10194601722435934,0.0050973008612179675,0.6296087962962963,0.23451673169696435,-0.1111111111111111,51.0,23.97728662340237,-0.08924256681401768,-0.07801492809247583,-0.0019503732023118958,0.6639629629629631,0.23314339071780954,-0.1111111111111111,51.0,24.19398979538852,-0.13000469954706065,-0.08197449251975793,-0.004918469551185476
2026-07-31,CJ_Abrams,682928,hitter,WSH,ATL,2026,824892,120,120,144,0,693821.0,Bryce_Elder,1.0,4.0,1.0,1.0,1.0,5.0,2.0,3.0,0.0,4.0,0.125,0.834,0.834,1.5,30.0,65.0,3.85,9.049999999999999,7.166995504495504,1.08,0.0,89.0,0,1.0,-0.4999999999999997,-0.8660254037844388,-0.433883739117558,-0.9009688679024191,0.5,1.5,0.5,0.5,0.5,0.5,1.5,0.5,0.5,0.5,synthetic,synthetic,synthetic,synthetic,synthetic,0.0,0.0,0.0,0.0,0.0,-110.0,-110.0,-110.0,-110.0,-110.0,-110.0,-110.0,-110.0,-110.0,-110.0,0.0,0.0,0.0,0.0,0.0,2026-08-07T03:26:40.888653+00:00,0.45245508358182707,1.9443641102857137,0.6768587686180318,0.2586643260078195,0.37787923526789857,0.8,2.0,0.8,0.4,0.6,0.0,0.0,0.0,0.0,0.0,batter_pitcher_profile_network_v2,1.0,1.0,0.3714962659624529,2.0,0.8419917074195994,0.12764285323709554,0.18657253235752086,-0.020000000000000018,51.0,24.94348587507213,-0.07168314741039766,0.001252634020069525,0.0001252634020069525,0.38797949475065635,0.2402691650180787,0.16000000000000003,51.0,24.775357003837915,-0.12923021442581606,-0.025536810714289954,-0.004085889714286393,0.30248991141732307,0.305319309846416,0.2,51.0,24.73733382084757,0.07598414350120876,0.2711798678651302,0.01355899339325651,0.6234236111111112,0.3341561691934441,0.2,51.0,23.902237956012687,-0.14550701566720406,0.1225730403127788,0.00306432600781947,0.6253298611111112,0.3214479632910924,0.2,51.0,24.360556813702118,-0.18843750630519468,0.12215766738538908,0.007329460043123345
2026-08-01,CJ_Abrams,682928,hitter,WSH,ATL,2026,824890,121,120,144,0,527048.0,Martín_Pérez,1.0,1.0,0.0,0.0,2.0,4.0,4.0,0.0,1.0,4.0,0.1111111111111111,0.2225,0.2225,0.0,0.0,26.7,4.56923076923077,5.342307692307692,6.738424075924075,1.08,0.0,88.0,0,1.0,-0.8660254037844385,-0.5000000000000004,-0.9749279121818236,-0.2225209339563146,0.5,0.5,0.5,0.5,0.5,0.5,0.5,0.5,0.5,0.5,synthetic,synthetic,synthetic,synthetic,synthetic,0.0,0.0,0.0,0.0,0.0,-110.0,-110.0,-110.0,-110.0,-110.0,-110.0,-110.0,-110.0,-110.0,-110.0,0.0,0.0,0.0,0.0,0.0,2026-08-07T03:26:40.888653+00:00,0.4560932505121088,0.747017291470436,0.29690299678771237,-0.2434279691601533,0.02031171541676624,0.4,1.0,0.6,0.2,0.2,1.0,4.0,1.0,1.0,1.0,batter_pitcher_profile_network_v2,1.0,0.85,0.4001255857010648,1.0,0.7745869233888767,0.17325694444444475,0.03689714373938559,-0.1111111111111111,51.0,26.210825129031555,-0.07226227844828806,-0.07394994576136331,-0.007394994576136332,0.4255833333333336,0.00456294877733051,-0.1111111111111111,51.0,26.343150659076283,-0.1617994413169857,-0.31931901164310794,-0.05109104186289727,0.35628125000000044,0.04046331489860915,-0.1111111111111111,51.0,26.092069309178985,0.006272632828313606,-0.0628641401698302,-0.0031432070084915103,0.6671736111111113,0.006646282110663863,-0.1111111111111111,51.0,26.07816226877299,-0.2859939891915676,-0.3611187664061313,-0.009027969160153282,0.6631006944444449,-0.022545944360650105,-0.1111111111111111,51.0,25.690423220373404,-0.26268831296673256,-0.2837692507684047,-0.01702615504610428
2026-08-02,CJ_Abrams,682928,hitter,WSH,ATL,2026,824891,122,120,144,0,702275.0,JR_Ritchie,0.0,0.0,0.0,0.0,0.0,4.0,4.0,0.0,3.0,4.0,0.1111111111111111,0.0,0.0,0.0,0.0,10.0,3.146853146853147,7.6573426573426575,8.152709790209789,1.08,0.0,86.0,0,1.0,-0.8660254037844385,-0.5000000000000004,-0.7818314824680299,0.6234898018587334,0.5,1.5,0.5,0.5,0.5,0.5,1.5,0.5,0.5,0.5,synthetic,synthetic,synthetic,synthetic,synthetic,0.0,0.0,0.0,0.0,0.0,-110.0,-110.0,-110.0,-110.0,-110.0,-110.0,-110.0,-110.0,-110.0,-110.0,0.0,0.0,0.0,0.0,0.0,2026-08-07T03:26:40.888653+00:00,0.5299548325013925,-0.6171779225235543,0.11866771153963196,-0.333739283535332,0.4698335027391083,0.6,1.2,0.6,0.2,0.6,1.0,1.0,0.0,0.0,2.0,batter_pitcher_profile_network_v2,1.0,0.4,0.6756573168942583,1.0,0.6256427914721814,0.23470135354820465,0.02909319511702979,-0.01481481481481481,53.0,27.101579279506005,-0.10234978013770177,-0.010197595731995681,-0.0010197595731995682,0.47324226039016115,0.16996056256596512,0.1111111111111111,53.0,26.865754582869616,-0.15929174791565615,-0.11975784910554785,-0.019161255856887657,0.4132075381679388,0.5006466384956851,0.08888888888888889,53.0,24.156400506290193,0.06407369821435449,0.20564444058285036,0.010282222029142519,0.6733587962962965,0.40359403714223635,0.1111111111111111,53.0,24.622081958695777,-0.15480794816060556,0.026428658586719972,0.0006607164646679994,0.7017337962962963,0.3921120339759112,0.01481481481481481,53.0,25.202282570201685,-0.21262498318082274,-0.05781089063413203,-0.0034686534380479216
2026-08-03,CJ_Abrams,682928,hitter,WSH,PHI,2026,823431,123,120,143,0,605400.0,Aaron_Nola,0.0,0.0,0.0,0.0,0.0,4.0,4.0,0.0,3.0,4.0,0.1111111111111111,0.0,0.0,0.0,0.0,10.0,4.841911764705882,7.367647058823529,5.817091836734694,1.08,0.0,89.0,0,1.0,-0.8660254037844385,-0.5000000000000004,0.0,1.0,0.5,0.5,0.5,0.5,0.5,0.5,0.5,0.5,0.5,0.5,synthetic,synthetic,synthetic,synthetic,synthetic,0.0,0.0,0.0,0.0,0.0,-110.0,-110.0,-110.0,-110.0,-110.0,-110.0,-110.0,-110.0,-110.0,-110.0,0.0,0.0,0.0,0.0,0.0,2026-08-07T03:26:40.888653+00:00,0.19545796052408626,0.14267385693416623,-0.1267137717592235,-0.3285703948297469,0.04621436354520547,0.4,1.0,0.4,0.2,0.6,0.0,0.0,0.0,0.0,0.0,batter_pitcher_profile_network_v2,1.0,1.0,0.3252293784298763,1.0,0.8289094011423401,0.23470135354820465,0.4044310862021766,-0.01481481481481481,52.0,23.676755382217504,-0.04904137412917635,0.05423306662541538,0.005423306662541538,0.47324226039016115,0.5396669350377026,-0.10617283950617282,52.0,21.811915228316995,-0.048442915255170346,0.02931577250520645,0.004690523600833032,0.4132075381679388,0.5882342910198363,-0.1111111111111111,52.0,22.156960151153704,0.10324491661206688,0.19363272808083554,0.009681636404041778,0.6733587962962965,0.6711733097605408,-0.1111111111111111,52.0,19.777946146588647,0.0018519214811807214,0.23318420681012306,0.005829605170253077,0.7017337962962963,0.6550889658165842,-0.1111111111111111,52.0,20.737942845452917,-0.10002019370519008,0.16155175069673391,0.009693105041804035
2026-08-04,CJ_Abrams,682928,hitter,WSH,PHI,2026,823432,124,120,143,0,666200.0,Jesús_Luzardo,2.0,3.0,0.0,0.0,0.0,4.0,4.0,0.0,2.0,4.0,0.12121212121212122,0.54,0.54,0.25,21.25,65.0,3.8706766917293236,10.425563909774434,5.266071428571429,1.08,4.0,84.0,0,1.0,-0.8660254037844385,-0.5000000000000004,0.7818314824680298,0.6234898018587336,0.5,0.5,0.5,0.5,0.5,0.5,0.5,0.5,0.5,0.5,synthetic,synthetic,synthetic,synthetic,synthetic,0.0,0.0,0.0,0.0,0.0,-110.0,-110.0,-110.0,-110.0,-110.0,-110.0,-110.0,-110.0,-110.0,-110.0,0.0,0.0,0.0,0.0,0.0,2026-08-07T03:26:40.888653+00:00,0.0017096231102489146,0.5955957176848323,0.00978725362412669,-0.2373713229649732,0.1558140849324644,0.4,1.0,0.2,0.2,0.6,0.0,0.0,0.0,0.0,0.0,batter_pitcher_profile_network_v2,1.0,1.0,0.37018055864048577,0.0,0.8046528815665405,0.20465993589743595,-0.38041650855308057,0.0,53.0,23.918828647070786,-0.17454004045426222,-0.049035233923714186,-0.004903523392371419,0.4491788461538462,-0.38926767801315887,0.0,53.0,23.6588982981368,-0.3283250363332114,-0.6026119917425264,-0.09641791867880423,0.3823413461538462,-0.2557425486530533,0.0,53.0,24.413561581616637,-0.09828746712768777,-0.1598718106343515,-0.007993590531717575,0.6709291666666668,-0.42159349768529,0.0,53.0,22.5495595790205,-0.5657025856362909,-0.7438529185989279,-0.018596322964973197,0.6791791666666666,-0.2905888601284631,0.0,53.0,23.903205089315996,-0.4350399855657051,-0.45058235069269514,-0.02703494104156171
2026-08-05,CJ_Abrams,682928,hitter,WSH,PHI,2026,823429,125,120,143,0,691725.0,Andrew_Painter,3.0,5.0,2.0,0.0,3.0,6.0,5.0,0.0,1.0,1.0,0.11320754716981132,0.6866666666666666,0.6866666666666666,0.4,30.0,65.0,13.0,9.299999999999999,4.8375,1.08,7.0,81.0,0,1.0,-0.8660254037844385,-0.5000000000000004,0.9749279121818236,-0.22252093395631434,0.5,1.5,0.5,0.5,0.5,0.5,1.5,0.5,0.5,0.5,synthetic,synthetic,synthetic,synthetic,synthetic,0.0,0.0,0.0,0.0,0.0,-110.0,-110.0,-110.0,-110.0,-110.0,-110.0,-110.0,-110.0,-110.0,-110.0,0.0,0.0,0.0,0.0,0.0,2026-08-07T03:26:40.888653+00:00,0.5772073921025636,0.701220345105297,0.10921448182234572,-0.15856875858715258,0.19837816128199814,0.8,1.6,0.2,0.2,0.6,2.0,3.0,0.0,0.0,0.0,batter_pitcher_profile_network_v2,1.0,0.85,0.48769918667803697,1.0,0.7654683221871494,0.22637165242165264,0.5931368074154273,-0.022222222222222216,53.0,22.062350101624023,-0.0838860183552131,0.05225631096273925,0.005225631096273925,0.47110085470085483,0.6216423134271658,-0.1111111111111111,53.0,21.74872170142978,-0.12847158670221667,-0.1253268525258571,-0.020052296404137134,0.40192307692307705,0.6431931504485854,0.08888888888888889,53.0,22.67322796483072,0.04706913099262002,0.24562611443433605,0.012281305721716804,0.7222891203703704,0.6656834624954887,-0.1111111111111111,53.0,21.205832292902,-0.13042277686191536,0.03324965651389561,0.0008312414128473903,0.729737037037037,0.7046540717736371,-0.1111111111111111,53.0,21.32097519989154,-0.18835101806449508,0.03951809683833399,0.002371085810300039
